date_gregorian,date_jalali,year_jalali,month_jalali,series_id,value,unit,source,month_end
2012-08-22,1391-06-01,1391,6,aed_free_market,6385.4,IRR per AED,tgju.org API (Jalali-month mean),6640.0
2012-09-22,1391-07-01,1391,7,aed_free_market,8453.88,IRR per AED,tgju.org API (Jalali-month mean),8987.0
2012-10-22,1391-08-01,1391,8,aed_free_market,8701.72,IRR per AED,tgju.org API (Jalali-month mean),8650.0
2012-11-21,1391-09-01,1391,9,aed_free_market,8689.454545454546,IRR per AED,tgju.org API (Jalali-month mean),8748.0
2012-12-21,1391-10-01,1391,10,aed_free_market,8978.263157894737,IRR per AED,tgju.org API (Jalali-month mean),9280.0
2013-01-20,1391-11-01,1391,11,aed_free_market,10017.684210526317,IRR per AED,tgju.org API (Jalali-month mean),10220.0
2013-02-19,1391-12-01,1391,12,aed_free_market,9757.736842105263,IRR per AED,tgju.org API (Jalali-month mean),9580.0
2013-03-21,1392-01-01,1392,1,aed_free_market,9631.411764705885,IRR per AED,tgju.org API (Jalali-month mean),9710.0
2013-04-21,1392-02-01,1392,2,aed_free_market,9694.578947368422,IRR per AED,tgju.org API (Jalali-month mean),9650.0
2013-05-22,1392-03-01,1392,3,aed_free_market,9781.722222222224,IRR per AED,tgju.org API (Jalali-month mean),9010.0
2013-06-22,1392-04-01,1392,4,aed_free_market,8971.25,IRR per AED,tgju.org API (Jalali-month mean),8550.0
2013-07-23,1392-05-01,1392,5,aed_free_market,8668.263157894737,IRR per AED,tgju.org API (Jalali-month mean),8500.0
2013-08-23,1392-06-01,1392,6,aed_free_market,8659.631578947368,IRR per AED,tgju.org API (Jalali-month mean),8050.0
2013-09-23,1392-07-01,1392,7,aed_free_market,8286.952380952382,IRR per AED,tgju.org API (Jalali-month mean),8209.0
2013-10-23,1392-08-01,1392,8,aed_free_market,8217.25,IRR per AED,tgju.org API (Jalali-month mean),8150.0
2013-11-22,1392-09-01,1392,9,aed_free_market,8066.857142857143,IRR per AED,tgju.org API (Jalali-month mean),8049.0
2013-12-22,1392-10-01,1392,10,aed_free_market,8123.823529411765,IRR per AED,tgju.org API (Jalali-month mean),7980.0
2014-01-21,1392-11-01,1392,11,aed_free_market,8065.111111111111,IRR per AED,tgju.org API (Jalali-month mean),8089.0
2014-02-20,1392-12-01,1392,12,aed_free_market,8260.2,IRR per AED,tgju.org API (Jalali-month mean),8174.0
2014-03-21,1393-01-01,1393,1,aed_free_market,8232.42857142857,IRR per AED,tgju.org API (Jalali-month mean),9005.0
2014-04-21,1393-02-01,1393,2,aed_free_market,8799.47619047619,IRR per AED,tgju.org API (Jalali-month mean),8997.0
2014-05-22,1393-03-01,1393,3,aed_free_market,8857.470588235294,IRR per AED,tgju.org API (Jalali-month mean),8690.0
2014-06-22,1393-04-01,1393,4,aed_free_market,8533.041666666666,IRR per AED,tgju.org API (Jalali-month mean),8520.0
2014-07-23,1393-05-01,1393,5,aed_free_market,8523.894736842105,IRR per AED,tgju.org API (Jalali-month mean),8470.0
2014-08-23,1393-06-01,1393,6,aed_free_market,8666.958333333334,IRR per AED,tgju.org API (Jalali-month mean),8710.0
2014-09-23,1393-07-01,1393,7,aed_free_market,8859.3,IRR per AED,tgju.org API (Jalali-month mean),8839.0
2014-10-23,1393-08-01,1393,8,aed_free_market,8892.57142857143,IRR per AED,tgju.org API (Jalali-month mean),8884.0
2014-11-22,1393-09-01,1393,9,aed_free_market,9320.954545454546,IRR per AED,tgju.org API (Jalali-month mean),9760.0
2014-12-22,1393-10-01,1393,10,aed_free_market,9594.47619047619,IRR per AED,tgju.org API (Jalali-month mean),9480.0
2015-01-21,1393-11-01,1393,11,aed_free_market,9420.3,IRR per AED,tgju.org API (Jalali-month mean),9352.0
2015-02-20,1393-12-01,1393,12,aed_free_market,9263.45,IRR per AED,tgju.org API (Jalali-month mean),9128.0
2015-03-21,1394-01-01,1394,1,aed_free_market,9101.611111111111,IRR per AED,tgju.org API (Jalali-month mean),9140.0
2015-04-21,1394-02-01,1394,2,aed_free_market,9082.222222222224,IRR per AED,tgju.org API (Jalali-month mean),9034.0
2015-05-22,1394-03-01,1394,3,aed_free_market,9014.222222222224,IRR per AED,tgju.org API (Jalali-month mean),8900.0
2015-06-22,1394-04-01,1394,4,aed_free_market,8894.6,IRR per AED,tgju.org API (Jalali-month mean),8936.0
2015-07-23,1394-05-01,1394,5,aed_free_market,9094.5,IRR per AED,tgju.org API (Jalali-month mean),9200.0
2015-08-23,1394-06-01,1394,6,aed_free_market,9403.636363636364,IRR per AED,tgju.org API (Jalali-month mean),9373.0
2015-09-23,1394-07-01,1394,7,aed_free_market,9487.95,IRR per AED,tgju.org API (Jalali-month mean),9470.0
2015-10-23,1394-08-01,1394,8,aed_free_market,9678.65,IRR per AED,tgju.org API (Jalali-month mean),9840.0
2015-11-22,1394-09-01,1394,9,aed_free_market,9889.111111111111,IRR per AED,tgju.org API (Jalali-month mean),9990.0
2015-12-22,1394-10-01,1394,10,aed_free_market,9999.25,IRR per AED,tgju.org API (Jalali-month mean),9986.0
2016-01-21,1394-11-01,1394,11,aed_free_market,9816.722222222224,IRR per AED,tgju.org API (Jalali-month mean),9580.0
2016-02-20,1394-12-01,1394,12,aed_free_market,9479.35,IRR per AED,tgju.org API (Jalali-month mean),9550.0
2016-03-20,1395-01-01,1395,1,aed_free_market,9525.05,IRR per AED,tgju.org API (Jalali-month mean),9518.0
2016-04-20,1395-02-01,1395,2,aed_free_market,9447.55,IRR per AED,tgju.org API (Jalali-month mean),9430.0
2016-05-21,1395-03-01,1395,3,aed_free_market,9482.25,IRR per AED,tgju.org API (Jalali-month mean),9450.0
2016-06-21,1395-04-01,1395,4,aed_free_market,9565.105263157897,IRR per AED,tgju.org API (Jalali-month mean),9600.0
2016-07-22,1395-05-01,1395,5,aed_free_market,9671.90476190476,IRR per AED,tgju.org API (Jalali-month mean),9680.0
2016-08-22,1395-06-01,1395,6,aed_free_market,9732.388888888889,IRR per AED,tgju.org API (Jalali-month mean),9748.0
2016-09-22,1395-07-01,1395,7,aed_free_market,9823.823529411764,IRR per AED,tgju.org API (Jalali-month mean),9850.0
2016-10-22,1395-08-01,1395,8,aed_free_market,9967.285714285714,IRR per AED,tgju.org API (Jalali-month mean),10120.0
2016-11-21,1395-09-01,1395,9,aed_free_market,10836.75,IRR per AED,tgju.org API (Jalali-month mean),11230.0
2016-12-21,1395-10-01,1395,10,aed_free_market,11115.3,IRR per AED,tgju.org API (Jalali-month mean),10813.0
2017-01-20,1395-11-01,1395,11,aed_free_market,10716.047619047618,IRR per AED,tgju.org API (Jalali-month mean),10554.0
2017-02-19,1395-12-01,1395,12,aed_free_market,10486.5,IRR per AED,tgju.org API (Jalali-month mean),10580.0
2017-03-21,1396-01-01,1396,1,aed_free_market,10412.9375,IRR per AED,tgju.org API (Jalali-month mean),10300.0
2017-04-21,1396-02-01,1396,2,aed_free_market,10354.55,IRR per AED,tgju.org API (Jalali-month mean),10340.0
2017-05-22,1396-03-01,1396,3,aed_free_market,10279.52380952381,IRR per AED,tgju.org API (Jalali-month mean),10264.0
2017-06-22,1396-04-01,1396,4,aed_free_market,10318.882352941177,IRR per AED,tgju.org API (Jalali-month mean),10300.0
2017-07-23,1396-05-01,1396,5,aed_free_market,10437.727272727272,IRR per AED,tgju.org API (Jalali-month mean),10460.0
2017-08-23,1396-06-01,1396,6,aed_free_market,10675.9,IRR per AED,tgju.org API (Jalali-month mean),10702.0
2017-09-23,1396-07-01,1396,7,aed_free_market,11028.25,IRR per AED,tgju.org API (Jalali-month mean),11140.0
2017-10-23,1396-08-01,1396,8,aed_free_market,11229.5,IRR per AED,tgju.org API (Jalali-month mean),11310.0
2017-11-22,1396-09-01,1396,9,aed_free_market,11558.684210526317,IRR per AED,tgju.org API (Jalali-month mean),11625.0
2017-12-22,1396-10-01,1396,10,aed_free_market,11946.47619047619,IRR per AED,tgju.org API (Jalali-month mean),12560.0
2018-01-21,1396-11-01,1396,11,aed_free_market,13130.25,IRR per AED,tgju.org API (Jalali-month mean),13045.0
2018-02-20,1396-12-01,1396,12,aed_free_market,13424.722222222224,IRR per AED,tgju.org API (Jalali-month mean),13520.0
2018-03-21,1397-01-01,1397,1,aed_free_market,14710.555555555557,IRR per AED,tgju.org API (Jalali-month mean),15220.0
2018-04-21,1397-02-01,1397,2,aed_free_market,16634.125,IRR per AED,tgju.org API (Jalali-month mean),17310.0
2018-05-22,1397-03-01,1397,3,aed_free_market,18170.0,IRR per AED,tgju.org API (Jalali-month mean),20450.0
2018-06-22,1397-04-01,1397,4,aed_free_market,22305.636363636364,IRR per AED,tgju.org API (Jalali-month mean),25570.0
2018-07-23,1397-05-01,1397,5,aed_free_market,27977.478260869564,IRR per AED,tgju.org API (Jalali-month mean),28514.0
2018-08-23,1397-06-01,1397,6,aed_free_market,35310.65,IRR per AED,tgju.org API (Jalali-month mean),40620.0
2018-09-23,1397-07-01,1397,7,aed_free_market,38395.66666666666,IRR per AED,tgju.org API (Jalali-month mean),35750.0
2018-10-23,1397-08-01,1397,8,aed_free_market,36094.5652173913,IRR per AED,tgju.org API (Jalali-month mean),32380.0
2018-11-22,1397-09-01,1397,9,aed_free_market,30268.4,IRR per AED,tgju.org API (Jalali-month mean),27410.0
2018-12-22,1397-10-01,1397,10,aed_free_market,29709.33333333333,IRR per AED,tgju.org API (Jalali-month mean),31670.0
2019-01-21,1397-11-01,1397,11,aed_free_market,32455.75,IRR per AED,tgju.org API (Jalali-month mean),35320.0
2019-02-20,1397-12-01,1397,12,aed_free_market,35500.84210526316,IRR per AED,tgju.org API (Jalali-month mean),35122.0
2019-03-21,1398-01-01,1398,1,aed_free_market,36652.0,IRR per AED,tgju.org API (Jalali-month mean),37187.0
2019-04-21,1398-02-01,1398,2,aed_free_market,39777.5,IRR per AED,tgju.org API (Jalali-month mean),39210.0
2019-05-22,1398-03-01,1398,3,aed_free_market,36516.5625,IRR per AED,tgju.org API (Jalali-month mean),36366.0
2019-06-22,1398-04-01,1398,4,aed_free_market,34751.09090909091,IRR per AED,tgju.org API (Jalali-month mean),34110.0
2019-07-23,1398-05-01,1398,5,aed_free_market,32384.166666666668,IRR per AED,tgju.org API (Jalali-month mean),31735.0
2019-08-23,1398-06-01,1398,6,aed_free_market,31424.947368421053,IRR per AED,tgju.org API (Jalali-month mean),31420.0
2019-09-23,1398-07-01,1398,7,aed_free_market,31563.904761904763,IRR per AED,tgju.org API (Jalali-month mean),30990.0
2019-10-23,1398-08-01,1398,8,aed_free_market,32073.444444444445,IRR per AED,tgju.org API (Jalali-month mean),32817.0
2019-11-22,1398-09-01,1398,9,aed_free_market,35497.76190476191,IRR per AED,tgju.org API (Jalali-month mean),36240.0
2019-12-22,1398-10-01,1398,10,aed_free_market,36999.454545454544,IRR per AED,tgju.org API (Jalali-month mean),36950.0
2020-01-21,1398-11-01,1398,11,aed_free_market,38079.30434782609,IRR per AED,tgju.org API (Jalali-month mean),39550.0
2020-02-20,1398-12-01,1398,12,aed_free_market,42621.30434782609,IRR per AED,tgju.org API (Jalali-month mean),43910.0
2020-03-20,1399-01-01,1399,1,aed_free_market,43921.35,IRR per AED,tgju.org API (Jalali-month mean),42410.0
2020-04-20,1399-02-01,1399,2,aed_free_market,45540.37037037037,IRR per AED,tgju.org API (Jalali-month mean),48560.0
2020-05-21,1399-03-01,1399,3,aed_free_market,49333.5,IRR per AED,tgju.org API (Jalali-month mean),53410.0
2020-06-21,1399-04-01,1399,4,aed_free_market,59654.92,IRR per AED,tgju.org API (Jalali-month mean),59730.0
2020-07-22,1399-05-01,1399,5,aed_free_market,62557.6,IRR per AED,tgju.org API (Jalali-month mean),62960.0
2020-08-22,1399-06-01,1399,6,aed_free_market,68770.8,IRR per AED,tgju.org API (Jalali-month mean),74950.0
2020-09-22,1399-07-01,1399,7,aed_free_market,81573.47826086957,IRR per AED,tgju.org API (Jalali-month mean),83430.0
2020-10-22,1399-08-01,1399,8,aed_free_market,76488.04761904762,IRR per AED,tgju.org API (Jalali-month mean),71360.0
2020-11-21,1399-09-01,1399,9,aed_free_market,70757.2,IRR per AED,tgju.org API (Jalali-month mean),70630.0
2020-12-21,1399-10-01,1399,10,aed_free_market,69060.91666666667,IRR per AED,tgju.org API (Jalali-month mean),62570.0
2021-01-20,1399-11-01,1399,11,aed_free_market,67624.8,IRR per AED,tgju.org API (Jalali-month mean),71520.0
2021-02-19,1399-12-01,1399,12,aed_free_market,68863.63636363637,IRR per AED,tgju.org API (Jalali-month mean),69340.0
2021-03-21,1400-01-01,1400,1,aed_free_market,68908.42857142857,IRR per AED,tgju.org API (Jalali-month mean),66740.0
2021-04-21,1400-02-01,1400,2,aed_free_market,62690.260869565216,IRR per AED,tgju.org API (Jalali-month mean),62630.0
2021-05-22,1400-03-01,1400,3,aed_free_market,64979.6,IRR per AED,tgju.org API (Jalali-month mean),66060.0
2021-06-22,1400-04-01,1400,4,aed_free_market,67449.28,IRR per AED,tgju.org API (Jalali-month mean),67040.0
2021-07-23,1400-05-01,1400,5,aed_free_market,71026.52173913043,IRR per AED,tgju.org API (Jalali-month mean),75320.0
2021-08-23,1400-06-01,1400,6,aed_free_market,74795.92592592593,IRR per AED,tgju.org API (Jalali-month mean),74990.0
2021-09-23,1400-07-01,1400,7,aed_free_market,75219.04761904762,IRR per AED,tgju.org API (Jalali-month mean),74670.0
2021-10-23,1400-08-01,1400,8,aed_free_market,76181.2,IRR per AED,tgju.org API (Jalali-month mean),77310.0
2021-11-22,1400-09-01,1400,9,aed_free_market,76910.76923076923,IRR per AED,tgju.org API (Jalali-month mean),82430.0
2021-12-22,1400-10-01,1400,10,aed_free_market,78323.20833333333,IRR per AED,tgju.org API (Jalali-month mean),75520.0
2022-01-21,1400-11-01,1400,11,aed_free_market,74110.86363636363,IRR per AED,tgju.org API (Jalali-month mean),69160.0
2022-02-20,1400-12-01,1400,12,aed_free_market,70738.26086956522,IRR per AED,tgju.org API (Jalali-month mean),71400.0
2022-03-21,1401-01-01,1401,1,aed_free_market,74830.47619047618,IRR per AED,tgju.org API (Jalali-month mean),75860.0
2022-04-21,1401-02-01,1401,2,aed_free_market,79148.13636363637,IRR per AED,tgju.org API (Jalali-month mean),81881.0
2022-05-22,1401-03-01,1401,3,aed_free_market,82128.68,IRR per AED,tgju.org API (Jalali-month mean),82177.0
2022-06-22,1401-04-01,1401,4,aed_free_market,82402.08333333333,IRR per AED,tgju.org API (Jalali-month mean),82647.0
2022-07-23,1401-05-01,1401,5,aed_free_market,82384.2,IRR per AED,tgju.org API (Jalali-month mean),81953.0
2022-08-23,1401-06-01,1401,6,aed_free_market,83620.44,IRR per AED,tgju.org API (Jalali-month mean),86200.0
2022-09-23,1401-07-01,1401,7,aed_free_market,88890.45454545454,IRR per AED,tgju.org API (Jalali-month mean),89380.0
2022-10-23,1401-08-01,1401,8,aed_free_market,94665.76923076923,IRR per AED,tgju.org API (Jalali-month mean),96580.0
2022-11-22,1401-09-01,1401,9,aed_free_market,100478.56,IRR per AED,tgju.org API (Jalali-month mean),106790.0
2022-12-22,1401-10-01,1401,10,aed_free_market,111855.09523809524,IRR per AED,tgju.org API (Jalali-month mean),118594.0
2023-01-21,1401-11-01,1401,11,aed_free_market,123133.73684210528,IRR per AED,tgju.org API (Jalali-month mean),132620.0
2023-02-20,1401-12-01,1401,12,aed_free_market,133840.73684210525,IRR per AED,tgju.org API (Jalali-month mean),149320.0
2023-03-21,1402-01-01,1402,1,aed_free_market,141018.05263157896,IRR per AED,tgju.org API (Jalali-month mean),139999.0
2023-04-21,1402-02-01,1402,2,aed_free_market,144235.86363636365,IRR per AED,tgju.org API (Jalali-month mean),142510.0
2023-05-22,1402-03-01,1402,3,aed_free_market,136290.0,IRR per AED,tgju.org API (Jalali-month mean),135420.0
2023-06-22,1402-04-01,1402,4,aed_free_market,134680.4,IRR per AED,tgju.org API (Jalali-month mean),131670.0
2023-07-23,1402-05-01,1402,5,aed_free_market,134341.4,IRR per AED,tgju.org API (Jalali-month mean),135570.0
2023-08-23,1402-06-01,1402,6,aed_free_market,136707.8260869565,IRR per AED,tgju.org API (Jalali-month mean),137010.0
2023-09-23,1402-07-01,1402,7,aed_free_market,139408.73913043478,IRR per AED,tgju.org API (Jalali-month mean),138060.0
2023-10-23,1402-08-01,1402,8,aed_free_market,140465.0,IRR per AED,tgju.org API (Jalali-month mean),138180.0
2023-11-22,1402-09-01,1402,9,aed_free_market,138050.04166666666,IRR per AED,tgju.org API (Jalali-month mean),137160.0
2023-12-22,1402-10-01,1402,10,aed_free_market,141000.38461538462,IRR per AED,tgju.org API (Jalali-month mean),147980.0
2024-01-21,1402-11-01,1402,11,aed_free_market,153601.81818181818,IRR per AED,tgju.org API (Jalali-month mean),154740.0
2024-02-20,1402-12-01,1402,12,aed_free_market,162381.04545454544,IRR per AED,tgju.org API (Jalali-month mean),165030.0
2024-03-20,1403-01-01,1403,1,aed_free_market,175779.0,IRR per AED,tgju.org API (Jalali-month mean),178280.0
2024-04-20,1403-02-01,1403,2,aed_free_market,167116.15384615384,IRR per AED,tgju.org API (Jalali-month mean),158490.0
2024-05-21,1403-03-01,1403,3,aed_free_market,160857.69565217392,IRR per AED,tgju.org API (Jalali-month mean),161450.0
2024-06-21,1403-04-01,1403,4,aed_free_market,162802.5,IRR per AED,tgju.org API (Jalali-month mean),157720.0
2024-07-22,1403-05-01,1403,5,aed_free_market,162808.84615384616,IRR per AED,tgju.org API (Jalali-month mean),161380.0
2024-08-22,1403-06-01,1403,6,aed_free_market,162337.14285714287,IRR per AED,tgju.org API (Jalali-month mean),163170.0
2024-09-22,1403-07-01,1403,7,aed_free_market,171374.61538461538,IRR per AED,tgju.org API (Jalali-month mean),181000.0
2024-10-22,1403-08-01,1403,8,aed_free_market,187263.46153846156,IRR per AED,tgju.org API (Jalali-month mean),189180.0
2024-11-21,1403-09-01,1403,9,aed_free_market,198598.4583333333,IRR per AED,tgju.org API (Jalali-month mean),209070.0
2024-12-21,1403-10-01,1403,10,aed_free_market,220583.6,IRR per AED,tgju.org API (Jalali-month mean),222710.0
2025-01-20,1403-11-01,1403,11,aed_free_market,237861.66666666663,IRR per AED,tgju.org API (Jalali-month mean),253580.0
2025-02-19,1403-12-01,1403,12,aed_free_market,253754.78260869565,IRR per AED,tgju.org API (Jalali-month mean),268950.0
2025-03-21,1404-01-01,1404,1,aed_free_market,260797.0,IRR per AED,tgju.org API (Jalali-month mean),224280.0
2025-04-21,1404-02-01,1404,2,aed_free_market,226435.38461538465,IRR per AED,tgju.org API (Jalali-month mean),226340.0
2025-05-22,1404-03-01,1404,3,aed_free_market,225655.625,IRR per AED,tgju.org API (Jalali-month mean),228470.0
2025-06-22,1404-04-01,1404,4,aed_free_market,242130.5,IRR per AED,tgju.org API (Jalali-month mean),240570.0
2025-07-23,1404-05-01,1404,5,aed_free_market,251251.66666666663,IRR per AED,tgju.org API (Jalali-month mean),259830.0
2025-08-23,1404-06-01,1404,6,aed_free_market,275144.5833333333,IRR per AED,tgju.org API (Jalali-month mean),284210.0
2025-09-23,1404-07-01,1404,7,aed_free_market,302785.76923076925,IRR per AED,tgju.org API (Jalali-month mean),292790.0
2025-10-23,1404-08-01,1404,8,aed_free_market,298125.6,IRR per AED,tgju.org API (Jalali-month mean),309190.0
2025-11-22,1404-09-01,1404,9,aed_free_market,334742.4,IRR per AED,tgju.org API (Jalali-month mean),357380.0
2025-12-22,1404-10-01,1404,10,aed_free_market,386376.4,IRR per AED,tgju.org API (Jalali-month mean),396540.0
2026-01-21,1404-11-01,1404,11,aed_free_market,426020.8333333333,IRR per AED,tgju.org API (Jalali-month mean),445850.0
2026-02-20,1404-12-01,1404,12,aed_free_market,439935.0,IRR per AED,tgju.org API (Jalali-month mean),428110.0
2026-03-21,1405-01-01,1405,1,aed_free_market,424470.4,IRR per AED,tgju.org API (Jalali-month mean),411690.0
2026-04-21,1405-02-01,1405,2,aed_free_market,473931.8518518519,IRR per AED,tgju.org API (Jalali-month mean),488100.0
2026-05-22,1405-03-01,1405,3,aed_free_market,464858.0,IRR per AED,tgju.org API (Jalali-month mean),434520.0
2026-06-22,1405-04-01,1405,4,aed_free_market,492017.9166666667,IRR per AED,tgju.org API (Jalali-month mean),530940.0
2026-07-23,1405-05-01,1405,5,aed_free_market,520127.5,IRR per AED,tgju.org API (Jalali-month mean),515100.0
2013-06-22,1392-04-01,1392,4,coin_bahar,10000000.0,IRR per coin,tgju.org API (Jalali-month mean),10000000.0
2013-07-23,1392-05-01,1392,5,coin_bahar,10321315.789473685,IRR per coin,tgju.org API (Jalali-month mean),10330000.0
2013-08-23,1392-06-01,1392,6,coin_bahar,10384782.608695652,IRR per coin,tgju.org API (Jalali-month mean),9350000.0
2013-09-23,1392-07-01,1392,7,coin_bahar,9564304.347826088,IRR per coin,tgju.org API (Jalali-month mean),9530000.0
2013-10-23,1392-08-01,1392,8,coin_bahar,9395454.545454543,IRR per coin,tgju.org API (Jalali-month mean),9050000.0
2013-11-22,1392-09-01,1392,9,coin_bahar,8652833.333333334,IRR per coin,tgju.org API (Jalali-month mean),8550000.0
2013-12-22,1392-10-01,1392,10,coin_bahar,8709545.454545455,IRR per coin,tgju.org API (Jalali-month mean),8560000.0
2014-01-21,1392-11-01,1392,11,coin_bahar,8897333.333333334,IRR per coin,tgju.org API (Jalali-month mean),9340000.0
2014-02-20,1392-12-01,1392,12,coin_bahar,9652916.666666666,IRR per coin,tgju.org API (Jalali-month mean),9530000.0
2014-03-21,1393-01-01,1393,1,coin_bahar,9628050.0,IRR per coin,tgju.org API (Jalali-month mean),9820000.0
2014-04-21,1393-02-01,1393,2,coin_bahar,9977696.0,IRR per coin,tgju.org API (Jalali-month mean),9872000.0
2014-05-22,1393-03-01,1393,3,coin_bahar,9553823.529411765,IRR per coin,tgju.org API (Jalali-month mean),9710000.0
2014-06-22,1393-04-01,1393,4,coin_bahar,9559639.130434783,IRR per coin,tgju.org API (Jalali-month mean),9500000.0
2014-07-23,1393-05-01,1393,5,coin_bahar,9492070.0,IRR per coin,tgju.org API (Jalali-month mean),9363400.0
2014-08-23,1393-06-01,1393,6,coin_bahar,9375783.333333334,IRR per coin,tgju.org API (Jalali-month mean),9265000.0
2014-09-23,1393-07-01,1393,7,coin_bahar,9368826.08695652,IRR per coin,tgju.org API (Jalali-month mean),9343000.0
2014-10-23,1393-08-01,1393,8,coin_bahar,9136485.0,IRR per coin,tgju.org API (Jalali-month mean),9143000.0
2014-11-22,1393-09-01,1393,9,coin_bahar,9619304.76190476,IRR per coin,tgju.org API (Jalali-month mean),9915000.0
2014-12-22,1393-10-01,1393,10,coin_bahar,9969136.363636363,IRR per coin,tgju.org API (Jalali-month mean),10430000.0
2015-01-21,1393-11-01,1393,11,coin_bahar,10073425.0,IRR per coin,tgju.org API (Jalali-month mean),9744000.0
2015-02-20,1393-12-01,1393,12,coin_bahar,9577900.0,IRR per coin,tgju.org API (Jalali-month mean),9470000.0
2015-03-21,1394-01-01,1394,1,coin_bahar,9574444.444444444,IRR per coin,tgju.org API (Jalali-month mean),9630000.0
2015-04-21,1394-02-01,1394,2,coin_bahar,9455970.0,IRR per coin,tgju.org API (Jalali-month mean),9359100.0
2015-05-22,1394-03-01,1394,3,coin_bahar,9177635.0,IRR per coin,tgju.org API (Jalali-month mean),9050000.0
2015-06-22,1394-04-01,1394,4,coin_bahar,8860000.0,IRR per coin,tgju.org API (Jalali-month mean),8683000.0
2015-07-23,1394-05-01,1394,5,coin_bahar,8852015.789473685,IRR per coin,tgju.org API (Jalali-month mean),9410000.0
2015-08-23,1394-06-01,1394,6,coin_bahar,9165130.43478261,IRR per coin,tgju.org API (Jalali-month mean),9110000.0
2015-09-23,1394-07-01,1394,7,coin_bahar,9331495.23809524,IRR per coin,tgju.org API (Jalali-month mean),9419000.0
2015-10-23,1394-08-01,1394,8,coin_bahar,9207238.095238095,IRR per coin,tgju.org API (Jalali-month mean),9050000.0
2015-11-22,1394-09-01,1394,9,coin_bahar,9134333.333333334,IRR per coin,tgju.org API (Jalali-month mean),9240000.0
2015-12-22,1394-10-01,1394,10,coin_bahar,9354750.0,IRR per coin,tgju.org API (Jalali-month mean),9380000.0
2016-01-21,1394-11-01,1394,11,coin_bahar,9646400.0,IRR per coin,tgju.org API (Jalali-month mean),9848000.0
2016-02-20,1394-12-01,1394,12,coin_bahar,10027631.578947367,IRR per coin,tgju.org API (Jalali-month mean),10116000.0
2016-03-20,1395-01-01,1395,1,coin_bahar,10230100.0,IRR per coin,tgju.org API (Jalali-month mean),10258000.0
2016-04-20,1395-02-01,1395,2,coin_bahar,10292095.23809524,IRR per coin,tgju.org API (Jalali-month mean),10083000.0
2016-05-21,1395-03-01,1395,3,coin_bahar,10157050.0,IRR per coin,tgju.org API (Jalali-month mean),10280000.0
2016-06-21,1395-04-01,1395,4,coin_bahar,10878666.666666666,IRR per coin,tgju.org API (Jalali-month mean),10843000.0
2016-07-22,1395-05-01,1395,5,coin_bahar,11089404.76190476,IRR per coin,tgju.org API (Jalali-month mean),11110000.0
2016-08-22,1395-06-01,1395,6,coin_bahar,11142526.315789474,IRR per coin,tgju.org API (Jalali-month mean),11188000.0
2016-09-22,1395-07-01,1395,7,coin_bahar,10984500.0,IRR per coin,tgju.org API (Jalali-month mean),10920000.0
2016-10-22,1395-08-01,1395,8,coin_bahar,11015857.142857144,IRR per coin,tgju.org API (Jalali-month mean),10850000.0
2016-11-21,1395-09-01,1395,9,coin_bahar,11154777.777777778,IRR per coin,tgju.org API (Jalali-month mean),11294000.0
2016-12-21,1395-10-01,1395,10,coin_bahar,11497473.684210526,IRR per coin,tgju.org API (Jalali-month mean),11548000.0
2017-01-20,1395-11-01,1395,11,coin_bahar,11624850.0,IRR per coin,tgju.org API (Jalali-month mean),11680000.0
2017-02-19,1395-12-01,1395,12,coin_bahar,11770111.111111112,IRR per coin,tgju.org API (Jalali-month mean),11766000.0
2017-03-21,1396-01-01,1396,1,coin_bahar,11850000.0,IRR per coin,tgju.org API (Jalali-month mean),11874000.0
2017-04-21,1396-02-01,1396,2,coin_bahar,11783736.842105264,IRR per coin,tgju.org API (Jalali-month mean),11830000.0
2017-05-22,1396-03-01,1396,3,coin_bahar,11763800.0,IRR per coin,tgju.org API (Jalali-month mean),11767000.0
2017-06-22,1396-04-01,1396,4,coin_bahar,11765764.705882354,IRR per coin,tgju.org API (Jalali-month mean),11680000.0
2017-07-23,1396-05-01,1396,5,coin_bahar,11807809.523809524,IRR per coin,tgju.org API (Jalali-month mean),11780000.0
2017-08-23,1396-06-01,1396,6,coin_bahar,12205850.0,IRR per coin,tgju.org API (Jalali-month mean),12026000.0
2017-09-23,1396-07-01,1396,7,coin_bahar,12440550.0,IRR per coin,tgju.org API (Jalali-month mean),12620000.0
2017-10-23,1396-08-01,1396,8,coin_bahar,12997350.0,IRR per coin,tgju.org API (Jalali-month mean),13455000.0
2017-11-22,1396-09-01,1396,9,coin_bahar,13555294.11764706,IRR per coin,tgju.org API (Jalali-month mean),13692000.0
2017-12-22,1396-10-01,1396,10,coin_bahar,14322666.666666666,IRR per coin,tgju.org API (Jalali-month mean),14710000.0
2018-01-21,1396-11-01,1396,11,coin_bahar,14807050.0,IRR per coin,tgju.org API (Jalali-month mean),14410000.0
2018-02-20,1396-12-01,1396,12,coin_bahar,15468555.555555556,IRR per coin,tgju.org API (Jalali-month mean),15830000.0
2018-03-21,1397-01-01,1397,1,coin_bahar,17321176.470588237,IRR per coin,tgju.org API (Jalali-month mean),17710000.0
2018-04-21,1397-02-01,1397,2,coin_bahar,18452692.307692308,IRR per coin,tgju.org API (Jalali-month mean),19350000.0
2018-05-22,1397-03-01,1397,3,coin_bahar,22043913.04347826,IRR per coin,tgju.org API (Jalali-month mean),24160000.0
2018-06-22,1397-04-01,1397,4,coin_bahar,27254600.0,IRR per coin,tgju.org API (Jalali-month mean),32005000.0
2018-07-23,1397-05-01,1397,5,coin_bahar,34297384.615384616,IRR per coin,tgju.org API (Jalali-month mean),34510000.0
2018-08-23,1397-06-01,1397,6,coin_bahar,39804545.45454545,IRR per coin,tgju.org API (Jalali-month mean),43010000.0
2018-09-23,1397-07-01,1397,7,coin_bahar,42882291.66666666,IRR per coin,tgju.org API (Jalali-month mean),42240000.0
2018-10-23,1397-08-01,1397,8,coin_bahar,38515869.56521739,IRR per coin,tgju.org API (Jalali-month mean),36620000.0
2018-11-22,1397-09-01,1397,9,coin_bahar,35947894.7368421,IRR per coin,tgju.org API (Jalali-month mean),33383000.0
2018-12-22,1397-10-01,1397,10,coin_bahar,36086238.0952381,IRR per coin,tgju.org API (Jalali-month mean),39300000.0
2019-01-21,1397-11-01,1397,11,coin_bahar,40810800.0,IRR per coin,tgju.org API (Jalali-month mean),44600000.0
2019-02-20,1397-12-01,1397,12,coin_bahar,44469473.68421053,IRR per coin,tgju.org API (Jalali-month mean),43838000.0
2019-03-21,1398-01-01,1398,1,coin_bahar,46134375.0,IRR per coin,tgju.org API (Jalali-month mean),46462000.0
2019-04-21,1398-02-01,1398,2,coin_bahar,48011181.81818182,IRR per coin,tgju.org API (Jalali-month mean),47100000.0
2019-05-22,1398-03-01,1398,3,coin_bahar,44856062.5,IRR per coin,tgju.org API (Jalali-month mean),44935000.0
2019-06-22,1398-04-01,1398,4,coin_bahar,42826954.54545455,IRR per coin,tgju.org API (Jalali-month mean),42940000.0
2019-07-23,1398-05-01,1398,5,coin_bahar,40801500.0,IRR per coin,tgju.org API (Jalali-month mean),40640000.0
2019-08-23,1398-06-01,1398,6,coin_bahar,40195947.368421055,IRR per coin,tgju.org API (Jalali-month mean),39840000.0
2019-09-23,1398-07-01,1398,7,coin_bahar,39727333.333333336,IRR per coin,tgju.org API (Jalali-month mean),38690000.0
2019-10-23,1398-08-01,1398,8,coin_bahar,40099388.88888889,IRR per coin,tgju.org API (Jalali-month mean),41281000.0
2019-11-22,1398-09-01,1398,9,coin_bahar,43872000.0,IRR per coin,tgju.org API (Jalali-month mean),44990000.0
2019-12-22,1398-10-01,1398,10,coin_bahar,47498863.63636363,IRR per coin,tgju.org API (Jalali-month mean),48200000.0
2020-01-21,1398-11-01,1398,11,coin_bahar,50396260.86956522,IRR per coin,tgju.org API (Jalali-month mean),53050000.0
2020-02-20,1398-12-01,1398,12,coin_bahar,58611818.18181818,IRR per coin,tgju.org API (Jalali-month mean),59700000.0
2020-03-20,1399-01-01,1399,1,coin_bahar,61976000.0,IRR per coin,tgju.org API (Jalali-month mean),60000000.0
2020-04-20,1399-02-01,1399,2,coin_bahar,66202692.307692304,IRR per coin,tgju.org API (Jalali-month mean),73000000.0
2020-05-21,1399-03-01,1399,3,coin_bahar,72795000.0,IRR per coin,tgju.org API (Jalali-month mean),79500000.0
2020-06-21,1399-04-01,1399,4,coin_bahar,92656400.0,IRR per coin,tgju.org API (Jalali-month mean),95000000.0
2020-07-22,1399-05-01,1399,5,coin_bahar,104651200.0,IRR per coin,tgju.org API (Jalali-month mean),105000000.0
2020-08-22,1399-06-01,1399,6,coin_bahar,113202400.0,IRR per coin,tgju.org API (Jalali-month mean),125700000.0
2020-09-22,1399-07-01,1399,7,coin_bahar,137687727.27272728,IRR per coin,tgju.org API (Jalali-month mean),140000000.0
2020-10-22,1399-08-01,1399,8,coin_bahar,125453181.8181818,IRR per coin,tgju.org API (Jalali-month mean),113000000.0
2020-11-21,1399-09-01,1399,9,coin_bahar,113115160.0,IRR per coin,tgju.org API (Jalali-month mean),113009000.0
2020-12-21,1399-10-01,1399,10,coin_bahar,111127104.16666669,IRR per coin,tgju.org API (Jalali-month mean),99009000.0
2021-01-20,1399-11-01,1399,11,coin_bahar,108530200.0,IRR per coin,tgju.org API (Jalali-month mean),112989000.0
2021-02-19,1399-12-01,1399,12,coin_bahar,106092727.27272728,IRR per coin,tgju.org API (Jalali-month mean),109250000.0
2021-03-21,1400-01-01,1400,1,coin_bahar,104667047.6190476,IRR per coin,tgju.org API (Jalali-month mean),101009000.0
2021-04-21,1400-02-01,1400,2,coin_bahar,97842913.04347828,IRR per coin,tgju.org API (Jalali-month mean),99979000.0
2021-05-22,1400-03-01,1400,3,coin_bahar,104281320.0,IRR per coin,tgju.org API (Jalali-month mean),102980000.0
2021-06-22,1400-04-01,1400,4,coin_bahar,104294800.0,IRR per coin,tgju.org API (Jalali-month mean),103990000.0
2021-07-23,1400-05-01,1400,5,coin_bahar,109295000.0,IRR per coin,tgju.org API (Jalali-month mean),115520000.0
2021-08-23,1400-06-01,1400,6,coin_bahar,114949259.25925924,IRR per coin,tgju.org API (Jalali-month mean),113520000.0
2021-09-23,1400-07-01,1400,7,coin_bahar,113700428.57142857,IRR per coin,tgju.org API (Jalali-month mean),113520000.0
2021-10-23,1400-08-01,1400,8,coin_bahar,119734375.0,IRR per coin,tgju.org API (Jalali-month mean),122980000.0
2021-11-22,1400-09-01,1400,9,coin_bahar,126596538.46153846,IRR per coin,tgju.org API (Jalali-month mean),128010000.0
2021-12-22,1400-10-01,1400,10,coin_bahar,123007600.0,IRR per coin,tgju.org API (Jalali-month mean),119470000.0
2022-01-21,1400-11-01,1400,11,coin_bahar,118461681.8181818,IRR per coin,tgju.org API (Jalali-month mean),115530000.0
2022-02-20,1400-12-01,1400,12,coin_bahar,119357304.3478261,IRR per coin,tgju.org API (Jalali-month mean),119978000.0
2022-03-21,1401-01-01,1401,1,coin_bahar,126047727.27272728,IRR per coin,tgju.org API (Jalali-month mean),128930000.0
2022-04-21,1401-02-01,1401,2,coin_bahar,131613181.8181818,IRR per coin,tgju.org API (Jalali-month mean),139980000.0
2022-05-22,1401-03-01,1401,3,coin_bahar,144935666.66666666,IRR per coin,tgju.org API (Jalali-month mean),147550000.0
2022-06-22,1401-04-01,1401,4,coin_bahar,142679583.33333334,IRR per coin,tgju.org API (Jalali-month mean),139990000.0
2022-07-23,1401-05-01,1401,5,coin_bahar,136554400.0,IRR per coin,tgju.org API (Jalali-month mean),129950000.0
2022-08-23,1401-06-01,1401,6,coin_bahar,132961153.84615384,IRR per coin,tgju.org API (Jalali-month mean),134520000.0
2022-09-23,1401-07-01,1401,7,coin_bahar,139846045.45454547,IRR per coin,tgju.org API (Jalali-month mean),141510000.0
2022-10-23,1401-08-01,1401,8,coin_bahar,149995769.23076922,IRR per coin,tgju.org API (Jalali-month mean),156450000.0
2022-11-22,1401-09-01,1401,9,coin_bahar,171833400.0,IRR per coin,tgju.org API (Jalali-month mean),185490000.0
2022-12-22,1401-10-01,1401,10,coin_bahar,199753809.52380952,IRR per coin,tgju.org API (Jalali-month mean),224071000.0
2023-01-21,1401-11-01,1401,11,coin_bahar,234823105.2631579,IRR per coin,tgju.org API (Jalali-month mean),278980000.0
2023-02-20,1401-12-01,1401,12,coin_bahar,262151631.57894737,IRR per coin,tgju.org API (Jalali-month mean),284000000.0
2023-03-21,1402-01-01,1402,1,coin_bahar,284952210.5263158,IRR per coin,tgju.org API (Jalali-month mean),284855000.0
2023-04-21,1402-02-01,1402,2,coin_bahar,288020681.8181818,IRR per coin,tgju.org API (Jalali-month mean),282010000.0
2023-05-22,1402-03-01,1402,3,coin_bahar,261628000.0,IRR per coin,tgju.org API (Jalali-month mean),254930000.0
2023-06-22,1402-04-01,1402,4,coin_bahar,252521333.3333333,IRR per coin,tgju.org API (Jalali-month mean),242010000.0
2023-07-23,1402-05-01,1402,5,coin_bahar,253680160.0,IRR per coin,tgju.org API (Jalali-month mean),250050000.0
2023-08-23,1402-06-01,1402,6,coin_bahar,252123913.04347825,IRR per coin,tgju.org API (Jalali-month mean),247950000.0
2023-09-23,1402-07-01,1402,7,coin_bahar,252481869.5652174,IRR per coin,tgju.org API (Jalali-month mean),254910000.0
2023-10-23,1402-08-01,1402,8,coin_bahar,256673461.53846157,IRR per coin,tgju.org API (Jalali-month mean),253950000.0
2023-11-22,1402-09-01,1402,9,coin_bahar,257603541.66666663,IRR per coin,tgju.org API (Jalali-month mean),255960000.0
2023-12-22,1402-10-01,1402,10,coin_bahar,272999230.7692308,IRR per coin,tgju.org API (Jalali-month mean),287950000.0
2024-01-21,1402-11-01,1402,11,coin_bahar,302278545.45454544,IRR per coin,tgju.org API (Jalali-month mean),308050000.0
2024-02-20,1402-12-01,1402,12,coin_bahar,336348045.45454544,IRR per coin,tgju.org API (Jalali-month mean),360250000.0
2024-03-20,1403-01-01,1403,1,coin_bahar,393192500.0,IRR per coin,tgju.org API (Jalali-month mean),399900000.0
2024-04-20,1403-02-01,1403,2,coin_bahar,382321153.84615386,IRR per coin,tgju.org API (Jalali-month mean),369950000.0
2024-05-21,1403-03-01,1403,3,coin_bahar,371488260.8695652,IRR per coin,tgju.org API (Jalali-month mean),366900000.0
2024-06-21,1403-04-01,1403,4,coin_bahar,376775000.0,IRR per coin,tgju.org API (Jalali-month mean),369950000.0
2024-07-22,1403-05-01,1403,5,coin_bahar,379053846.1538461,IRR per coin,tgju.org API (Jalali-month mean),376700000.0
2024-08-22,1403-06-01,1403,6,coin_bahar,383945238.0952381,IRR per coin,tgju.org API (Jalali-month mean),394100000.0
2024-09-22,1403-07-01,1403,7,coin_bahar,435963461.5384616,IRR per coin,tgju.org API (Jalali-month mean),480050000.0
2024-10-22,1403-08-01,1403,8,coin_bahar,485998076.9230769,IRR per coin,tgju.org API (Jalali-month mean),495300000.0
2024-11-21,1403-09-01,1403,9,coin_bahar,506577083.3333333,IRR per coin,tgju.org API (Jalali-month mean),518200000.0
2024-12-21,1403-10-01,1403,10,coin_bahar,540194000.0,IRR per coin,tgju.org API (Jalali-month mean),543050000.0
2025-01-20,1403-11-01,1403,11,coin_bahar,638100000.0,IRR per coin,tgju.org API (Jalali-month mean),720050000.0
2025-02-19,1403-12-01,1403,12,coin_bahar,738645652.173913,IRR per coin,tgju.org API (Jalali-month mean),899100000.0
2025-03-21,1404-01-01,1404,1,coin_bahar,814650000.0,IRR per coin,tgju.org API (Jalali-month mean),701900000.0
2025-04-21,1404-02-01,1404,2,coin_bahar,693100000.0,IRR per coin,tgju.org API (Jalali-month mean),688800000.0
2025-05-22,1404-03-01,1404,3,coin_bahar,697154761.9047619,IRR per coin,tgju.org API (Jalali-month mean),751800000.0
2025-06-22,1404-04-01,1404,4,coin_bahar,716039583.3333334,IRR per coin,tgju.org API (Jalali-month mean),721900000.0
2025-07-23,1404-05-01,1404,5,coin_bahar,746277083.3333334,IRR per coin,tgju.org API (Jalali-month mean),783800000.0
2025-08-23,1404-06-01,1404,6,coin_bahar,866595833.3333334,IRR per coin,tgju.org API (Jalali-month mean),939900000.0
2025-09-23,1404-07-01,1404,7,coin_bahar,1066319230.7692308,IRR per coin,tgju.org API (Jalali-month mean),1069100000.0
2025-10-23,1404-08-01,1404,8,coin_bahar,1070646000.0,IRR per coin,tgju.org API (Jalali-month mean),1125000000.0
2025-11-22,1404-09-01,1404,9,coin_bahar,1248566000.0,IRR per coin,tgju.org API (Jalali-month mean),1359800000.0
2025-12-22,1404-10-01,1404,10,coin_bahar,1525086000.0,IRR per coin,tgju.org API (Jalali-month mean),1579700000.0
2026-01-21,1404-11-01,1404,11,coin_bahar,1836768750.0,IRR per coin,tgju.org API (Jalali-month mean),1944500000.0
2026-02-20,1404-12-01,1404,12,coin_bahar,1952920833.3333333,IRR per coin,tgju.org API (Jalali-month mean),1778900000.0
2026-03-21,1405-01-01,1405,1,coin_bahar,1765874000.0,IRR per coin,tgju.org API (Jalali-month mean),1679850000.0
2026-04-21,1405-02-01,1405,2,coin_bahar,1862020370.3703704,IRR per coin,tgju.org API (Jalali-month mean),1869900000.0
2026-05-22,1405-03-01,1405,3,coin_bahar,1727066666.6666667,IRR per coin,tgju.org API (Jalali-month mean),1580800000.0
2026-06-22,1405-04-01,1405,4,coin_bahar,1734968750.0,IRR per coin,tgju.org API (Jalali-month mean),1850000000.0
2026-07-23,1405-05-01,1405,5,coin_bahar,1813558333.3333333,IRR per coin,tgju.org API (Jalali-month mean),1816750000.0
2010-03-21,1389-01-01,1389,1,coin_emami,2718592.3076923075,IRR per coin,tgju.org API (Jalali-month mean),2710000.0
2010-04-21,1389-02-01,1389,2,coin_emami,2854894.736842105,IRR per coin,tgju.org API (Jalali-month mean),2909000.0
2010-05-22,1389-03-01,1389,3,coin_emami,3010904.761904762,IRR per coin,tgju.org API (Jalali-month mean),3120000.0
2010-06-22,1389-04-01,1389,4,coin_emami,3025722.222222222,IRR per coin,tgju.org API (Jalali-month mean),2950000.0
2010-07-23,1389-05-01,1389,5,coin_emami,2993378.947368421,IRR per coin,tgju.org API (Jalali-month mean),3040000.0
2010-08-23,1389-06-01,1389,6,coin_emami,3129045.4545454546,IRR per coin,tgju.org API (Jalali-month mean),3260000.0
2010-09-23,1389-07-01,1389,7,coin_emami,3431500.0,IRR per coin,tgju.org API (Jalali-month mean),3424000.0
2010-10-23,1389-08-01,1389,8,coin_emami,3408809.523809524,IRR per coin,tgju.org API (Jalali-month mean),3400000.0
2010-11-22,1389-09-01,1389,9,coin_emami,3459250.0,IRR per coin,tgju.org API (Jalali-month mean),3480000.0
2010-12-22,1389-10-01,1389,10,coin_emami,3594047.619047619,IRR per coin,tgju.org API (Jalali-month mean),3603000.0
2011-01-21,1389-11-01,1389,11,coin_emami,3575123.529411765,IRR per coin,tgju.org API (Jalali-month mean),3628000.0
2011-02-20,1389-12-01,1389,12,coin_emami,3848823.529411765,IRR per coin,tgju.org API (Jalali-month mean),3862000.0
2011-03-21,1390-01-01,1390,1,coin_emami,4073600.0,IRR per coin,tgju.org API (Jalali-month mean),4290000.0
2011-04-21,1390-02-01,1390,2,coin_emami,4231250.0,IRR per coin,tgju.org API (Jalali-month mean),4230000.0
2011-05-22,1390-03-01,1390,3,coin_emami,4471950.0,IRR per coin,tgju.org API (Jalali-month mean),4420000.0
2011-06-22,1390-04-01,1390,4,coin_emami,4310789.47368421,IRR per coin,tgju.org API (Jalali-month mean),4358000.0
2011-07-23,1390-05-01,1390,5,coin_emami,4582863.636363637,IRR per coin,tgju.org API (Jalali-month mean),5330000.0
2011-08-23,1390-06-01,1390,6,coin_emami,5871047.619047619,IRR per coin,tgju.org API (Jalali-month mean),6104000.0
2011-09-23,1390-07-01,1390,7,coin_emami,5693350.0,IRR per coin,tgju.org API (Jalali-month mean),5640000.0
2011-10-23,1390-08-01,1390,8,coin_emami,5954166.666666667,IRR per coin,tgju.org API (Jalali-month mean),6000000.0
2011-11-22,1390-09-01,1390,9,coin_emami,6047894.736842105,IRR per coin,tgju.org API (Jalali-month mean),6031000.0
2011-12-22,1390-10-01,1390,10,coin_emami,6711350.0,IRR per coin,tgju.org API (Jalali-month mean),9691000.0
2012-01-21,1390-11-01,1390,11,coin_emami,8112388.888888889,IRR per coin,tgju.org API (Jalali-month mean),8160000.0
2012-02-20,1390-12-01,1390,12,coin_emami,7877105.263157895,IRR per coin,tgju.org API (Jalali-month mean),7659000.0
2012-03-20,1391-01-01,1391,1,coin_emami,7357055.555555556,IRR per coin,tgju.org API (Jalali-month mean),7004000.0
2012-04-20,1391-02-01,1391,2,coin_emami,6530166.666666667,IRR per coin,tgju.org API (Jalali-month mean),6480000.0
2012-05-21,1391-03-01,1391,3,coin_emami,6697715.7894736845,IRR per coin,tgju.org API (Jalali-month mean),6893900.0
2012-06-21,1391-04-01,1391,4,coin_emami,7221809.523809524,IRR per coin,tgju.org API (Jalali-month mean),6960000.0
2012-07-22,1391-05-01,1391,5,coin_emami,7579095.238095238,IRR per coin,tgju.org API (Jalali-month mean),8050000.0
2012-08-22,1391-06-01,1391,6,coin_emami,8870840.0,IRR per coin,tgju.org API (Jalali-month mean),9570000.0
2012-09-22,1391-07-01,1391,7,coin_emami,12609681.818181818,IRR per coin,tgju.org API (Jalali-month mean),13200000.0
2012-10-22,1391-08-01,1391,8,coin_emami,12084142.857142856,IRR per coin,tgju.org API (Jalali-month mean),11280000.0
2012-11-21,1391-09-01,1391,9,coin_emami,11923684.210526315,IRR per coin,tgju.org API (Jalali-month mean),12347000.0
2012-12-21,1391-10-01,1391,10,coin_emami,12958473.684210526,IRR per coin,tgju.org API (Jalali-month mean),13860000.0
2013-01-20,1391-11-01,1391,11,coin_emami,14582666.666666666,IRR per coin,tgju.org API (Jalali-month mean),14290000.0
2013-02-19,1391-12-01,1391,12,coin_emami,13927947.368421054,IRR per coin,tgju.org API (Jalali-month mean),13578000.0
2013-03-21,1392-01-01,1392,1,coin_emami,13629333.333333334,IRR per coin,tgju.org API (Jalali-month mean),13130000.0
2013-04-21,1392-02-01,1392,2,coin_emami,13147869.56521739,IRR per coin,tgju.org API (Jalali-month mean),13250000.0
2013-05-22,1392-03-01,1392,3,coin_emami,12838050.0,IRR per coin,tgju.org API (Jalali-month mean),11297000.0
2013-06-22,1392-04-01,1392,4,coin_emami,10899227.272727272,IRR per coin,tgju.org API (Jalali-month mean),10270000.0
2013-07-23,1392-05-01,1392,5,coin_emami,10574894.736842103,IRR per coin,tgju.org API (Jalali-month mean),10333000.0
2013-08-23,1392-06-01,1392,6,coin_emami,10358750.0,IRR per coin,tgju.org API (Jalali-month mean),9310000.0
2013-09-23,1392-07-01,1392,7,coin_emami,9599380.952380951,IRR per coin,tgju.org API (Jalali-month mean),9560000.0
2013-10-23,1392-08-01,1392,8,coin_emami,9399315.789473685,IRR per coin,tgju.org API (Jalali-month mean),8955000.0
2013-11-22,1392-09-01,1392,9,coin_emami,8652809.523809524,IRR per coin,tgju.org API (Jalali-month mean),8575000.0
2013-12-22,1392-10-01,1392,10,coin_emami,8702526.315789474,IRR per coin,tgju.org API (Jalali-month mean),8590000.0
2014-01-21,1392-11-01,1392,11,coin_emami,8933083.333333334,IRR per coin,tgju.org API (Jalali-month mean),9385000.0
2014-02-20,1392-12-01,1392,12,coin_emami,9704375.0,IRR per coin,tgju.org API (Jalali-month mean),9530000.0
2014-03-21,1393-01-01,1393,1,coin_emami,9640300.0,IRR per coin,tgju.org API (Jalali-month mean),9855000.0
2014-04-21,1393-02-01,1393,2,coin_emami,9989615.384615384,IRR per coin,tgju.org API (Jalali-month mean),9890000.0
2014-05-22,1393-03-01,1393,3,coin_emami,9595055.555555556,IRR per coin,tgju.org API (Jalali-month mean),9730000.0
2014-06-22,1393-04-01,1393,4,coin_emami,9585752.173913045,IRR per coin,tgju.org API (Jalali-month mean),9525000.0
2014-07-23,1393-05-01,1393,5,coin_emami,9500585.0,IRR per coin,tgju.org API (Jalali-month mean),9369500.0
2014-08-23,1393-06-01,1393,6,coin_emami,9377525.0,IRR per coin,tgju.org API (Jalali-month mean),9270000.0
2014-09-23,1393-07-01,1393,7,coin_emami,9363625.0,IRR per coin,tgju.org API (Jalali-month mean),9327000.0
2014-10-23,1393-08-01,1393,8,coin_emami,9146666.666666666,IRR per coin,tgju.org API (Jalali-month mean),9148000.0
2014-11-22,1393-09-01,1393,9,coin_emami,9628228.57142857,IRR per coin,tgju.org API (Jalali-month mean),9935000.0
2014-12-22,1393-10-01,1393,10,coin_emami,9984295.454545457,IRR per coin,tgju.org API (Jalali-month mean),10445000.0
2015-01-21,1393-11-01,1393,11,coin_emami,10101450.0,IRR per coin,tgju.org API (Jalali-month mean),9832000.0
2015-02-20,1393-12-01,1393,12,coin_emami,9621150.0,IRR per coin,tgju.org API (Jalali-month mean),9470000.0
2015-03-21,1394-01-01,1394,1,coin_emami,9583166.666666666,IRR per coin,tgju.org API (Jalali-month mean),9630000.0
2015-04-21,1394-02-01,1394,2,coin_emami,9465510.0,IRR per coin,tgju.org API (Jalali-month mean),9341200.0
2015-05-22,1394-03-01,1394,3,coin_emami,9193460.0,IRR per coin,tgju.org API (Jalali-month mean),9070000.0
2015-06-22,1394-04-01,1394,4,coin_emami,8863980.952380951,IRR per coin,tgju.org API (Jalali-month mean),8728600.0
2015-07-23,1394-05-01,1394,5,coin_emami,8873642.105263159,IRR per coin,tgju.org API (Jalali-month mean),9380000.0
2015-08-23,1394-06-01,1394,6,coin_emami,9165821.739130436,IRR per coin,tgju.org API (Jalali-month mean),9100000.0
2015-09-23,1394-07-01,1394,7,coin_emami,9333252.38095238,IRR per coin,tgju.org API (Jalali-month mean),9415000.0
2015-10-23,1394-08-01,1394,8,coin_emami,9221719.047619049,IRR per coin,tgju.org API (Jalali-month mean),9080000.0
2015-11-22,1394-09-01,1394,9,coin_emami,9146663.157894736,IRR per coin,tgju.org API (Jalali-month mean),9255000.0
2015-12-22,1394-10-01,1394,10,coin_emami,9366628.57142857,IRR per coin,tgju.org API (Jalali-month mean),9392600.0
2016-01-21,1394-11-01,1394,11,coin_emami,9668555.0,IRR per coin,tgju.org API (Jalali-month mean),9873000.0
2016-02-20,1394-12-01,1394,12,coin_emami,10046510.52631579,IRR per coin,tgju.org API (Jalali-month mean),10137000.0
2016-03-20,1395-01-01,1395,1,coin_emami,10236730.0,IRR per coin,tgju.org API (Jalali-month mean),10300000.0
2016-04-20,1395-02-01,1395,2,coin_emami,10305952.38095238,IRR per coin,tgju.org API (Jalali-month mean),10108100.0
2016-05-21,1395-03-01,1395,3,coin_emami,10167271.42857143,IRR per coin,tgju.org API (Jalali-month mean),10287000.0
2016-06-21,1395-04-01,1395,4,coin_emami,10868715.789473685,IRR per coin,tgju.org API (Jalali-month mean),10884800.0
2016-07-22,1395-05-01,1395,5,coin_emami,11100828.57142857,IRR per coin,tgju.org API (Jalali-month mean),11134000.0
2016-08-22,1395-06-01,1395,6,coin_emami,11154238.095238095,IRR per coin,tgju.org API (Jalali-month mean),11192900.0
2016-09-22,1395-07-01,1395,7,coin_emami,10984173.684210526,IRR per coin,tgju.org API (Jalali-month mean),10959600.0
2016-10-22,1395-08-01,1395,8,coin_emami,11135852.38095238,IRR per coin,tgju.org API (Jalali-month mean),11005200.0
2016-11-21,1395-09-01,1395,9,coin_emami,11312625.0,IRR per coin,tgju.org API (Jalali-month mean),11461000.0
2016-12-21,1395-10-01,1395,10,coin_emami,11781114.285714284,IRR per coin,tgju.org API (Jalali-month mean),11736100.0
2017-01-20,1395-11-01,1395,11,coin_emami,11892723.80952381,IRR per coin,tgju.org API (Jalali-month mean),11890000.0
2017-02-19,1395-12-01,1395,12,coin_emami,11981895.0,IRR per coin,tgju.org API (Jalali-month mean),11980400.0
2017-03-21,1396-01-01,1396,1,coin_emami,12099998.823529411,IRR per coin,tgju.org API (Jalali-month mean),12186000.0
2017-04-21,1396-02-01,1396,2,coin_emami,12129170.0,IRR per coin,tgju.org API (Jalali-month mean),12115500.0
2017-05-22,1396-03-01,1396,3,coin_emami,12049818.095238095,IRR per coin,tgju.org API (Jalali-month mean),12116600.0
2017-06-22,1396-04-01,1396,4,coin_emami,12098554.736842103,IRR per coin,tgju.org API (Jalali-month mean),12007500.0
2017-07-23,1396-05-01,1396,5,coin_emami,12147165.652173912,IRR per coin,tgju.org API (Jalali-month mean),12106000.0
2017-08-23,1396-06-01,1396,6,coin_emami,12459280.0,IRR per coin,tgju.org API (Jalali-month mean),12363700.0
2017-09-23,1396-07-01,1396,7,coin_emami,12847040.0,IRR per coin,tgju.org API (Jalali-month mean),13056000.0
2017-10-23,1396-08-01,1396,8,coin_emami,13549452.38095238,IRR per coin,tgju.org API (Jalali-month mean),14175000.0
2017-11-22,1396-09-01,1396,9,coin_emami,13956165.0,IRR per coin,tgju.org API (Jalali-month mean),13943900.0
2017-12-22,1396-10-01,1396,10,coin_emami,14702680.952380951,IRR per coin,tgju.org API (Jalali-month mean),15282000.0
2018-01-21,1396-11-01,1396,11,coin_emami,15182863.5,IRR per coin,tgju.org API (Jalali-month mean),14763170.0
2018-02-20,1396-12-01,1396,12,coin_emami,15744545.454545457,IRR per coin,tgju.org API (Jalali-month mean),16143000.0
2018-03-21,1397-01-01,1397,1,coin_emami,17914444.444444444,IRR per coin,tgju.org API (Jalali-month mean),18290000.0
2018-04-21,1397-02-01,1397,2,coin_emami,19196923.07692308,IRR per coin,tgju.org API (Jalali-month mean),20130000.0
2018-05-22,1397-03-01,1397,3,coin_emami,22982173.91304348,IRR per coin,tgju.org API (Jalali-month mean),25945000.0
2018-06-22,1397-04-01,1397,4,coin_emami,28998600.0,IRR per coin,tgju.org API (Jalali-month mean),34035000.0
2018-07-23,1397-05-01,1397,5,coin_emami,36982880.76923077,IRR per coin,tgju.org API (Jalali-month mean),38650000.0
2018-08-23,1397-06-01,1397,6,coin_emami,43391739.13043478,IRR per coin,tgju.org API (Jalali-month mean),46050000.0
2018-09-23,1397-07-01,1397,7,coin_emami,45302333.333333336,IRR per coin,tgju.org API (Jalali-month mean),44632000.0
2018-10-23,1397-08-01,1397,8,coin_emami,42082090.90909091,IRR per coin,tgju.org API (Jalali-month mean),39600000.0
2018-11-22,1397-09-01,1397,9,coin_emami,36735857.14285714,IRR per coin,tgju.org API (Jalali-month mean),33613000.0
2018-12-22,1397-10-01,1397,10,coin_emami,37429181.81818182,IRR per coin,tgju.org API (Jalali-month mean),40675000.0
2019-01-21,1397-11-01,1397,11,coin_emami,42301526.31578948,IRR per coin,tgju.org API (Jalali-month mean),45970000.0
2019-02-20,1397-12-01,1397,12,coin_emami,45719631.578947365,IRR per coin,tgju.org API (Jalali-month mean),46607000.0
2019-03-21,1398-01-01,1398,1,coin_emami,47772062.5,IRR per coin,tgju.org API (Jalali-month mean),47782000.0
2019-04-21,1398-02-01,1398,2,coin_emami,49644318.18181818,IRR per coin,tgju.org API (Jalali-month mean),48280000.0
2019-05-22,1398-03-01,1398,3,coin_emami,46068437.5,IRR per coin,tgju.org API (Jalali-month mean),46643000.0
2019-06-22,1398-04-01,1398,4,coin_emami,44368318.18181818,IRR per coin,tgju.org API (Jalali-month mean),43470000.0
2019-07-23,1398-05-01,1398,5,coin_emami,41670222.222222224,IRR per coin,tgju.org API (Jalali-month mean),41376000.0
2019-08-23,1398-06-01,1398,6,coin_emami,40588157.89473684,IRR per coin,tgju.org API (Jalali-month mean),40150000.0
2019-09-23,1398-07-01,1398,7,coin_emami,39855285.71428572,IRR per coin,tgju.org API (Jalali-month mean),38880000.0
2019-10-23,1398-08-01,1398,8,coin_emami,40330388.88888889,IRR per coin,tgju.org API (Jalali-month mean),41582000.0
2019-11-22,1398-09-01,1398,9,coin_emami,44541190.47619048,IRR per coin,tgju.org API (Jalali-month mean),45110000.0
2019-12-22,1398-10-01,1398,10,coin_emami,47784818.18181818,IRR per coin,tgju.org API (Jalali-month mean),48450000.0
2020-01-21,1398-11-01,1398,11,coin_emami,50641500.0,IRR per coin,tgju.org API (Jalali-month mean),53300000.0
2020-02-20,1398-12-01,1398,12,coin_emami,59553043.47826087,IRR per coin,tgju.org API (Jalali-month mean),60280000.0
2020-03-20,1399-01-01,1399,1,coin_emami,63773000.0,IRR per coin,tgju.org API (Jalali-month mean),62250000.0
2020-04-20,1399-02-01,1399,2,coin_emami,67658518.51851852,IRR per coin,tgju.org API (Jalali-month mean),74260000.0
2020-05-21,1399-03-01,1399,3,coin_emami,75080900.0,IRR per coin,tgju.org API (Jalali-month mean),80400000.0
2020-06-21,1399-04-01,1399,4,coin_emami,97992115.3846154,IRR per coin,tgju.org API (Jalali-month mean),100600000.0
2020-07-22,1399-05-01,1399,5,coin_emami,109076400.0,IRR per coin,tgju.org API (Jalali-month mean),107890000.0
2020-08-22,1399-06-01,1399,6,coin_emami,118886875.0,IRR per coin,tgju.org API (Jalali-month mean),132090000.0
2020-09-22,1399-07-01,1399,7,coin_emami,144984565.2173913,IRR per coin,tgju.org API (Jalali-month mean),150020000.0
2020-10-22,1399-08-01,1399,8,coin_emami,131223136.36363636,IRR per coin,tgju.org API (Jalali-month mean),117510000.0
2020-11-21,1399-09-01,1399,9,coin_emami,118715560.0,IRR per coin,tgju.org API (Jalali-month mean),118230000.0
2020-12-21,1399-10-01,1399,10,coin_emami,114550291.66666669,IRR per coin,tgju.org API (Jalali-month mean),102880000.0
2021-01-20,1399-11-01,1399,11,coin_emami,111238400.0,IRR per coin,tgju.org API (Jalali-month mean),118680000.0
2021-02-19,1399-12-01,1399,12,coin_emami,108726666.66666669,IRR per coin,tgju.org API (Jalali-month mean),107800000.0
2021-03-21,1400-01-01,1400,1,coin_emami,106732857.14285716,IRR per coin,tgju.org API (Jalali-month mean),101880000.0
2021-04-21,1400-02-01,1400,2,coin_emami,99201913.04347828,IRR per coin,tgju.org API (Jalali-month mean),101040000.0
2021-05-22,1400-03-01,1400,3,coin_emami,105524400.0,IRR per coin,tgju.org API (Jalali-month mean),104190000.0
2021-06-22,1400-04-01,1400,4,coin_emami,106105560.0,IRR per coin,tgju.org API (Jalali-month mean),105980000.0
2021-07-23,1400-05-01,1400,5,coin_emami,114163478.26086956,IRR per coin,tgju.org API (Jalali-month mean),121310000.0
2021-08-23,1400-06-01,1400,6,coin_emami,119788518.51851852,IRR per coin,tgju.org API (Jalali-month mean),118200000.0
2021-09-23,1400-07-01,1400,7,coin_emami,117769800.0,IRR per coin,tgju.org API (Jalali-month mean),117690000.0
2021-10-23,1400-08-01,1400,8,coin_emami,121695600.0,IRR per coin,tgju.org API (Jalali-month mean),125280000.0
2021-11-22,1400-09-01,1400,9,coin_emami,129362307.6923077,IRR per coin,tgju.org API (Jalali-month mean),132110000.0
2021-12-22,1400-10-01,1400,10,coin_emami,126629200.0,IRR per coin,tgju.org API (Jalali-month mean),123030000.0
2022-01-21,1400-11-01,1400,11,coin_emami,120312409.0909091,IRR per coin,tgju.org API (Jalali-month mean),116690000.0
2022-02-20,1400-12-01,1400,12,coin_emami,121571782.60869566,IRR per coin,tgju.org API (Jalali-month mean),124051000.0
2022-03-21,1401-01-01,1401,1,coin_emami,128699545.45454544,IRR per coin,tgju.org API (Jalali-month mean),131690000.0
2022-04-21,1401-02-01,1401,2,coin_emami,136422409.0909091,IRR per coin,tgju.org API (Jalali-month mean),144280000.0
2022-05-22,1401-03-01,1401,3,coin_emami,151930733.33333334,IRR per coin,tgju.org API (Jalali-month mean),155870000.0
2022-06-22,1401-04-01,1401,4,coin_emami,150405416.66666666,IRR per coin,tgju.org API (Jalali-month mean),148100000.0
2022-07-23,1401-05-01,1401,5,coin_emami,144600000.0,IRR per coin,tgju.org API (Jalali-month mean),137360000.0
2022-08-23,1401-06-01,1401,6,coin_emami,140671538.46153846,IRR per coin,tgju.org API (Jalali-month mean),143400000.0
2022-09-23,1401-07-01,1401,7,coin_emami,149252954.54545453,IRR per coin,tgju.org API (Jalali-month mean),149430000.0
2022-10-23,1401-08-01,1401,8,coin_emami,158382692.30769232,IRR per coin,tgju.org API (Jalali-month mean),164020000.0
2022-11-22,1401-09-01,1401,9,coin_emami,177687160.0,IRR per coin,tgju.org API (Jalali-month mean),189970000.0
2022-12-22,1401-10-01,1401,10,coin_emami,210781428.57142857,IRR per coin,tgju.org API (Jalali-month mean),240126000.0
2023-01-21,1401-11-01,1401,11,coin_emami,249105473.6842105,IRR per coin,tgju.org API (Jalali-month mean),297940000.0
2023-02-20,1401-12-01,1401,12,coin_emami,291396105.2631579,IRR per coin,tgju.org API (Jalali-month mean),321500000.0
2023-03-21,1402-01-01,1402,1,coin_emami,318478157.8947368,IRR per coin,tgju.org API (Jalali-month mean),315792000.0
2023-04-21,1402-02-01,1402,2,coin_emami,323922227.27272725,IRR per coin,tgju.org API (Jalali-month mean),321830000.0
2023-05-22,1402-03-01,1402,3,coin_emami,295176000.0,IRR per coin,tgju.org API (Jalali-month mean),285810000.0
2023-06-22,1402-04-01,1402,4,coin_emami,282198800.0,IRR per coin,tgju.org API (Jalali-month mean),268510000.0
2023-07-23,1402-05-01,1402,5,coin_emami,282846240.0,IRR per coin,tgju.org API (Jalali-month mean),278480000.0
2023-08-23,1402-06-01,1402,6,coin_emami,279816521.73913044,IRR per coin,tgju.org API (Jalali-month mean),278070000.0
2023-09-23,1402-07-01,1402,7,coin_emami,283542173.9130435,IRR per coin,tgju.org API (Jalali-month mean),287870000.0
2023-10-23,1402-08-01,1402,8,coin_emami,291476538.46153843,IRR per coin,tgju.org API (Jalali-month mean),287010000.0
2023-11-22,1402-09-01,1402,9,coin_emami,291991875.0,IRR per coin,tgju.org API (Jalali-month mean),292490000.0
2023-12-22,1402-10-01,1402,10,coin_emami,305908076.9230769,IRR per coin,tgju.org API (Jalali-month mean),318490000.0
2024-01-21,1402-11-01,1402,11,coin_emami,326835590.90909094,IRR per coin,tgju.org API (Jalali-month mean),328510000.0
2024-02-20,1402-12-01,1402,12,coin_emami,357312000.0,IRR per coin,tgju.org API (Jalali-month mean),388060000.0
2024-03-20,1403-01-01,1403,1,coin_emami,423586500.0,IRR per coin,tgju.org API (Jalali-month mean),431080000.0
2024-04-20,1403-02-01,1403,2,coin_emami,413981153.84615386,IRR per coin,tgju.org API (Jalali-month mean),403020000.0
2024-05-21,1403-03-01,1403,3,coin_emami,402951521.7391304,IRR per coin,tgju.org API (Jalali-month mean),400020000.0
2024-06-21,1403-04-01,1403,4,coin_emami,411628750.0,IRR per coin,tgju.org API (Jalali-month mean),404460000.0
2024-07-22,1403-05-01,1403,5,coin_emami,420735000.0,IRR per coin,tgju.org API (Jalali-month mean),425900000.0
2024-08-22,1403-06-01,1403,6,coin_emami,434588095.2380952,IRR per coin,tgju.org API (Jalali-month mean),445700000.0
2024-09-22,1403-07-01,1403,7,coin_emami,493067307.6923077,IRR per coin,tgju.org API (Jalali-month mean),544750000.0
2024-10-22,1403-08-01,1403,8,coin_emami,518903846.1538461,IRR per coin,tgju.org API (Jalali-month mean),526200000.0
2024-11-21,1403-09-01,1403,9,coin_emami,527729166.6666667,IRR per coin,tgju.org API (Jalali-month mean),536500000.0
2024-12-21,1403-10-01,1403,10,coin_emami,560426000.0,IRR per coin,tgju.org API (Jalali-month mean),563850000.0
2025-01-20,1403-11-01,1403,11,coin_emami,672197916.6666666,IRR per coin,tgju.org API (Jalali-month mean),767100000.0
2025-02-19,1403-12-01,1403,12,coin_emami,785186956.5217391,IRR per coin,tgju.org API (Jalali-month mean),970050000.0
2025-03-21,1404-01-01,1404,1,coin_emami,891266666.6666666,IRR per coin,tgju.org API (Jalali-month mean),756100000.0
2025-04-21,1404-02-01,1404,2,coin_emami,737511538.4615384,IRR per coin,tgju.org API (Jalali-month mean),740050000.0
2025-05-22,1404-03-01,1404,3,coin_emami,737766666.6666666,IRR per coin,tgju.org API (Jalali-month mean),759050000.0
2025-06-22,1404-04-01,1404,4,coin_emami,792645833.3333334,IRR per coin,tgju.org API (Jalali-month mean),796850000.0
2025-07-23,1404-05-01,1404,5,coin_emami,827110416.6666666,IRR per coin,tgju.org API (Jalali-month mean),865050000.0
2025-08-23,1404-06-01,1404,6,coin_emami,934700000.0,IRR per coin,tgju.org API (Jalali-month mean),1009950000.0
2025-09-23,1404-07-01,1404,7,coin_emami,1128396153.8461535,IRR per coin,tgju.org API (Jalali-month mean),1125100000.0
2025-10-23,1404-08-01,1404,8,coin_emami,1134042000.0,IRR per coin,tgju.org API (Jalali-month mean),1175050000.0
2025-11-22,1404-09-01,1404,9,coin_emami,1309404000.0,IRR per coin,tgju.org API (Jalali-month mean),1419900000.0
2025-12-22,1404-10-01,1404,10,coin_emami,1593354000.0,IRR per coin,tgju.org API (Jalali-month mean),1650050000.0
2026-01-21,1404-11-01,1404,11,coin_emami,1891418750.0,IRR per coin,tgju.org API (Jalali-month mean),2010100000.0
2026-02-20,1404-12-01,1404,12,coin_emami,2009472916.6666667,IRR per coin,tgju.org API (Jalali-month mean),1899600000.0
2026-03-21,1405-01-01,1405,1,coin_emami,1858568000.0,IRR per coin,tgju.org API (Jalali-month mean),1739950000.0
2026-04-21,1405-02-01,1405,2,coin_emami,1918511111.1111112,IRR per coin,tgju.org API (Jalali-month mean),1925100000.0
2026-05-22,1405-03-01,1405,3,coin_emami,1771383333.3333333,IRR per coin,tgju.org API (Jalali-month mean),1634800000.0
2026-06-22,1405-04-01,1405,4,coin_emami,1781518750.0,IRR per coin,tgju.org API (Jalali-month mean),1890100000.0
2026-07-23,1405-05-01,1405,5,coin_emami,1854995833.3333333,IRR per coin,tgju.org API (Jalali-month mean),1850200000.0
2013-06-22,1392-04-01,1392,4,coin_half,5500000.0,IRR per coin,tgju.org API (Jalali-month mean),5500000.0
2013-07-23,1392-05-01,1392,5,coin_half,5635631.578947368,IRR per coin,tgju.org API (Jalali-month mean),5300000.0
2013-08-23,1392-06-01,1392,6,coin_half,5346478.260869565,IRR per coin,tgju.org API (Jalali-month mean),4900000.0
2013-09-23,1392-07-01,1392,7,coin_half,5021217.391304348,IRR per coin,tgju.org API (Jalali-month mean),5023000.0
2013-10-23,1392-08-01,1392,8,coin_half,4815909.090909091,IRR per coin,tgju.org API (Jalali-month mean),4600000.0
2013-11-22,1392-09-01,1392,9,coin_half,4392083.333333333,IRR per coin,tgju.org API (Jalali-month mean),4350000.0
2013-12-22,1392-10-01,1392,10,coin_half,4414545.454545454,IRR per coin,tgju.org API (Jalali-month mean),4320000.0
2014-01-21,1392-11-01,1392,11,coin_half,4488500.0,IRR per coin,tgju.org API (Jalali-month mean),4800000.0
2014-02-20,1392-12-01,1392,12,coin_half,5003750.0,IRR per coin,tgju.org API (Jalali-month mean),5040000.0
2014-03-21,1393-01-01,1393,1,coin_half,5137500.0,IRR per coin,tgju.org API (Jalali-month mean),5290000.0
2014-04-21,1393-02-01,1393,2,coin_half,5170960.0,IRR per coin,tgju.org API (Jalali-month mean),4960000.0
2014-05-22,1393-03-01,1393,3,coin_half,4821117.647058823,IRR per coin,tgju.org API (Jalali-month mean),4870000.0
2014-06-22,1393-04-01,1393,4,coin_half,4801000.0,IRR per coin,tgju.org API (Jalali-month mean),4780000.0
2014-07-23,1393-05-01,1393,5,coin_half,4765300.0,IRR per coin,tgju.org API (Jalali-month mean),4689700.0
2014-08-23,1393-06-01,1393,6,coin_half,4713365.217391305,IRR per coin,tgju.org API (Jalali-month mean),4660000.0
2014-09-23,1393-07-01,1393,7,coin_half,4721450.0,IRR per coin,tgju.org API (Jalali-month mean),4690100.0
2014-10-23,1393-08-01,1393,8,coin_half,4609000.0,IRR per coin,tgju.org API (Jalali-month mean),4606000.0
2014-11-22,1393-09-01,1393,9,coin_half,4837990.909090909,IRR per coin,tgju.org API (Jalali-month mean),4979700.0
2014-12-22,1393-10-01,1393,10,coin_half,5004415.0,IRR per coin,tgju.org API (Jalali-month mean),5215000.0
2015-01-21,1393-11-01,1393,11,coin_half,5068040.0,IRR per coin,tgju.org API (Jalali-month mean),4942800.0
2015-02-20,1393-12-01,1393,12,coin_half,5120650.0,IRR per coin,tgju.org API (Jalali-month mean),5230000.0
2015-03-21,1394-01-01,1394,1,coin_half,5147333.333333333,IRR per coin,tgju.org API (Jalali-month mean),4985000.0
2015-04-21,1394-02-01,1394,2,coin_half,4882200.0,IRR per coin,tgju.org API (Jalali-month mean),4740000.0
2015-05-22,1394-03-01,1394,3,coin_half,4672950.0,IRR per coin,tgju.org API (Jalali-month mean),4575000.0
2015-06-22,1394-04-01,1394,4,coin_half,4587578.947368421,IRR per coin,tgju.org API (Jalali-month mean),4758000.0
2015-07-23,1394-05-01,1394,5,coin_half,4755055.555555556,IRR per coin,tgju.org API (Jalali-month mean),4810000.0
2015-08-23,1394-06-01,1394,6,coin_half,4691347.826086956,IRR per coin,tgju.org API (Jalali-month mean),4660000.0
2015-09-23,1394-07-01,1394,7,coin_half,4700380.952380952,IRR per coin,tgju.org API (Jalali-month mean),4700000.0
2015-10-23,1394-08-01,1394,8,coin_half,4640950.0,IRR per coin,tgju.org API (Jalali-month mean),4550000.0
2015-11-22,1394-09-01,1394,9,coin_half,4620222.222222222,IRR per coin,tgju.org API (Jalali-month mean),4670000.0
2015-12-22,1394-10-01,1394,10,coin_half,4736285.714285715,IRR per coin,tgju.org API (Jalali-month mean),4682000.0
2016-01-21,1394-11-01,1394,11,coin_half,4862263.157894737,IRR per coin,tgju.org API (Jalali-month mean),4979000.0
2016-02-20,1394-12-01,1394,12,coin_half,5184210.52631579,IRR per coin,tgju.org API (Jalali-month mean),5365000.0
2016-03-20,1395-01-01,1395,1,coin_half,5407550.0,IRR per coin,tgju.org API (Jalali-month mean),5443000.0
2016-04-20,1395-02-01,1395,2,coin_half,5349952.380952381,IRR per coin,tgju.org API (Jalali-month mean),5210000.0
2016-05-21,1395-03-01,1395,3,coin_half,5135300.0,IRR per coin,tgju.org API (Jalali-month mean),5170000.0
2016-06-21,1395-04-01,1395,4,coin_half,5461222.222222222,IRR per coin,tgju.org API (Jalali-month mean),5435000.0
2016-07-22,1395-05-01,1395,5,coin_half,5577550.0,IRR per coin,tgju.org API (Jalali-month mean),5590000.0
2016-08-22,1395-06-01,1395,6,coin_half,5688052.631578947,IRR per coin,tgju.org API (Jalali-month mean),5671000.0
2016-09-22,1395-07-01,1395,7,coin_half,5572294.117647059,IRR per coin,tgju.org API (Jalali-month mean),5538000.0
2016-10-22,1395-08-01,1395,8,coin_half,5608809.523809524,IRR per coin,tgju.org API (Jalali-month mean),5565000.0
2016-11-21,1395-09-01,1395,9,coin_half,5869666.666666667,IRR per coin,tgju.org API (Jalali-month mean),6030000.0
2016-12-21,1395-10-01,1395,10,coin_half,6086095.238095238,IRR per coin,tgju.org API (Jalali-month mean),5980000.0
2017-01-20,1395-11-01,1395,11,coin_half,6262523.80952381,IRR per coin,tgju.org API (Jalali-month mean),6410000.0
2017-02-19,1395-12-01,1395,12,coin_half,6835631.578947368,IRR per coin,tgju.org API (Jalali-month mean),6919000.0
2017-03-21,1396-01-01,1396,1,coin_half,6913170.588235294,IRR per coin,tgju.org API (Jalali-month mean),6931000.0
2017-04-21,1396-02-01,1396,2,coin_half,6659740.0,IRR per coin,tgju.org API (Jalali-month mean),6530000.0
2017-05-22,1396-03-01,1396,3,coin_half,6405576.19047619,IRR per coin,tgju.org API (Jalali-month mean),6429800.0
2017-06-22,1396-04-01,1396,4,coin_half,6383362.5,IRR per coin,tgju.org API (Jalali-month mean),6195000.0
2017-07-23,1396-05-01,1396,5,coin_half,6301431.818181818,IRR per coin,tgju.org API (Jalali-month mean),6260000.0
2017-08-23,1396-06-01,1396,6,coin_half,6518400.0,IRR per coin,tgju.org API (Jalali-month mean),6337000.0
2017-09-23,1396-07-01,1396,7,coin_half,6542631.578947368,IRR per coin,tgju.org API (Jalali-month mean),6557000.0
2017-10-23,1396-08-01,1396,8,coin_half,6853000.0,IRR per coin,tgju.org API (Jalali-month mean),7160000.0
2017-11-22,1396-09-01,1396,9,coin_half,6967944.444444444,IRR per coin,tgju.org API (Jalali-month mean),6839000.0
2017-12-22,1396-10-01,1396,10,coin_half,7186476.19047619,IRR per coin,tgju.org API (Jalali-month mean),7390000.0
2018-01-21,1396-11-01,1396,11,coin_half,7492300.0,IRR per coin,tgju.org API (Jalali-month mean),7368000.0
2018-02-20,1396-12-01,1396,12,coin_half,7718555.555555556,IRR per coin,tgju.org API (Jalali-month mean),7989000.0
2018-03-21,1397-01-01,1397,1,coin_half,8650062.5,IRR per coin,tgju.org API (Jalali-month mean),8910000.0
2018-04-21,1397-02-01,1397,2,coin_half,9445769.23076923,IRR per coin,tgju.org API (Jalali-month mean),10010000.0
2018-05-22,1397-03-01,1397,3,coin_half,11370000.0,IRR per coin,tgju.org API (Jalali-month mean),12480000.0
2018-06-22,1397-04-01,1397,4,coin_half,14196833.333333334,IRR per coin,tgju.org API (Jalali-month mean),16580000.0
2018-07-23,1397-05-01,1397,5,coin_half,18082166.666666668,IRR per coin,tgju.org API (Jalali-month mean),17760000.0
2018-08-23,1397-06-01,1397,6,coin_half,20473318.181818184,IRR per coin,tgju.org API (Jalali-month mean),22500000.0
2018-09-23,1397-07-01,1397,7,coin_half,22102560.0,IRR per coin,tgju.org API (Jalali-month mean),21015000.0
2018-10-23,1397-08-01,1397,8,coin_half,20159913.04347826,IRR per coin,tgju.org API (Jalali-month mean),19819000.0
2018-11-22,1397-09-01,1397,9,coin_half,18847277.777777776,IRR per coin,tgju.org API (Jalali-month mean),17500000.0
2018-12-22,1397-10-01,1397,10,coin_half,19406380.95238095,IRR per coin,tgju.org API (Jalali-month mean),20900000.0
2019-01-21,1397-11-01,1397,11,coin_half,22709200.0,IRR per coin,tgju.org API (Jalali-month mean),25400000.0
2019-02-20,1397-12-01,1397,12,coin_half,25372052.63157895,IRR per coin,tgju.org API (Jalali-month mean),25479000.0
2019-03-21,1398-01-01,1398,1,coin_half,26265529.411764707,IRR per coin,tgju.org API (Jalali-month mean),26727000.0
2019-04-21,1398-02-01,1398,2,coin_half,27554136.363636363,IRR per coin,tgju.org API (Jalali-month mean),26980000.0
2019-05-22,1398-03-01,1398,3,coin_half,25086875.0,IRR per coin,tgju.org API (Jalali-month mean),24270000.0
2019-06-22,1398-04-01,1398,4,coin_half,23091590.90909091,IRR per coin,tgju.org API (Jalali-month mean),23180000.0
2019-07-23,1398-05-01,1398,5,coin_half,22371764.70588235,IRR per coin,tgju.org API (Jalali-month mean),21457000.0
2019-08-23,1398-06-01,1398,6,coin_half,20823263.157894734,IRR per coin,tgju.org API (Jalali-month mean),20380000.0
2019-09-23,1398-07-01,1398,7,coin_half,20370857.14285714,IRR per coin,tgju.org API (Jalali-month mean),19980000.0
2019-10-23,1398-08-01,1398,8,coin_half,20973555.55555556,IRR per coin,tgju.org API (Jalali-month mean),21823000.0
2019-11-22,1398-09-01,1398,9,coin_half,23579428.57142857,IRR per coin,tgju.org API (Jalali-month mean),23490000.0
2019-12-22,1398-10-01,1398,10,coin_half,24396181.818181816,IRR per coin,tgju.org API (Jalali-month mean),24600000.0
2020-01-21,1398-11-01,1398,11,coin_half,25947652.173913043,IRR per coin,tgju.org API (Jalali-month mean),27900000.0
2020-02-20,1398-12-01,1398,12,coin_half,30187272.727272727,IRR per coin,tgju.org API (Jalali-month mean),30590000.0
2020-03-20,1399-01-01,1399,1,coin_half,31254444.444444444,IRR per coin,tgju.org API (Jalali-month mean),31600000.0
2020-04-20,1399-02-01,1399,2,coin_half,34763600.0,IRR per coin,tgju.org API (Jalali-month mean),38500000.0
2020-05-21,1399-03-01,1399,3,coin_half,37844736.84210526,IRR per coin,tgju.org API (Jalali-month mean),40500000.0
2020-06-21,1399-04-01,1399,4,coin_half,49795600.0,IRR per coin,tgju.org API (Jalali-month mean),51200000.0
2020-07-22,1399-05-01,1399,5,coin_half,54495833.333333336,IRR per coin,tgju.org API (Jalali-month mean),53900000.0
2020-08-22,1399-06-01,1399,6,coin_half,60012000.0,IRR per coin,tgju.org API (Jalali-month mean),69500000.0
2020-09-22,1399-07-01,1399,7,coin_half,80192272.72727273,IRR per coin,tgju.org API (Jalali-month mean),77000000.0
2020-10-22,1399-08-01,1399,8,coin_half,71333333.33333333,IRR per coin,tgju.org API (Jalali-month mean),62000000.0
2020-11-21,1399-09-01,1399,9,coin_half,61992000.0,IRR per coin,tgju.org API (Jalali-month mean),62000000.0
2020-12-21,1399-10-01,1399,10,coin_half,61046666.66666666,IRR per coin,tgju.org API (Jalali-month mean),56000000.0
2021-01-20,1399-11-01,1399,11,coin_half,62402000.0,IRR per coin,tgju.org API (Jalali-month mean),66000000.0
2021-02-19,1399-12-01,1399,12,coin_half,63945454.54545455,IRR per coin,tgju.org API (Jalali-month mean),67500000.0
2021-03-21,1400-01-01,1400,1,coin_half,63523809.52380952,IRR per coin,tgju.org API (Jalali-month mean),59000000.0
2021-04-21,1400-02-01,1400,2,coin_half,55632608.69565217,IRR per coin,tgju.org API (Jalali-month mean),58500000.0
2021-05-22,1400-03-01,1400,3,coin_half,58616000.0,IRR per coin,tgju.org API (Jalali-month mean),56800000.0
2021-06-22,1400-04-01,1400,4,coin_half,56185200.0,IRR per coin,tgju.org API (Jalali-month mean),54900000.0
2021-07-23,1400-05-01,1400,5,coin_half,58749565.217391305,IRR per coin,tgju.org API (Jalali-month mean),62000000.0
2021-08-23,1400-06-01,1400,6,coin_half,61074814.81481481,IRR per coin,tgju.org API (Jalali-month mean),59200000.0
2021-09-23,1400-07-01,1400,7,coin_half,59987619.047619045,IRR per coin,tgju.org API (Jalali-month mean),59500000.0
2021-10-23,1400-08-01,1400,8,coin_half,62541600.0,IRR per coin,tgju.org API (Jalali-month mean),64500000.0
2021-11-22,1400-09-01,1400,9,coin_half,67301153.84615384,IRR per coin,tgju.org API (Jalali-month mean),68000000.0
2021-12-22,1400-10-01,1400,10,coin_half,67114000.0,IRR per coin,tgju.org API (Jalali-month mean),67500000.0
2022-01-21,1400-11-01,1400,11,coin_half,67286363.63636364,IRR per coin,tgju.org API (Jalali-month mean),66000000.0
2022-02-20,1400-12-01,1400,12,coin_half,69945217.39130434,IRR per coin,tgju.org API (Jalali-month mean),73240000.0
2022-03-21,1401-01-01,1401,1,coin_half,73186363.63636364,IRR per coin,tgju.org API (Jalali-month mean),72000000.0
2022-04-21,1401-02-01,1401,2,coin_half,75092714.28571428,IRR per coin,tgju.org API (Jalali-month mean),79950000.0
2022-05-22,1401-03-01,1401,3,coin_half,84993583.33333333,IRR per coin,tgju.org API (Jalali-month mean),85500000.0
2022-06-22,1401-04-01,1401,4,coin_half,82445416.66666667,IRR per coin,tgju.org API (Jalali-month mean),81000000.0
2022-07-23,1401-05-01,1401,5,coin_half,80513600.0,IRR per coin,tgju.org API (Jalali-month mean),78000000.0
2022-08-23,1401-06-01,1401,6,coin_half,80153076.92307693,IRR per coin,tgju.org API (Jalali-month mean),80000000.0
2022-09-23,1401-07-01,1401,7,coin_half,81971904.76190476,IRR per coin,tgju.org API (Jalali-month mean),81200000.0
2022-10-23,1401-08-01,1401,8,coin_half,86308333.33333333,IRR per coin,tgju.org API (Jalali-month mean),88500000.0
2022-11-22,1401-09-01,1401,9,coin_half,105544800.0,IRR per coin,tgju.org API (Jalali-month mean),120500000.0
2022-12-22,1401-10-01,1401,10,coin_half,124585714.28571428,IRR per coin,tgju.org API (Jalali-month mean),144600000.0
2023-01-21,1401-11-01,1401,11,coin_half,144778947.36842105,IRR per coin,tgju.org API (Jalali-month mean),159000000.0
2023-02-20,1401-12-01,1401,12,coin_half,166403888.8888889,IRR per coin,tgju.org API (Jalali-month mean),187900000.0
2023-03-21,1402-01-01,1402,1,coin_half,189152631.57894737,IRR per coin,tgju.org API (Jalali-month mean),187100000.0
2023-04-21,1402-02-01,1402,2,coin_half,186213636.3636364,IRR per coin,tgju.org API (Jalali-month mean),173000000.0
2023-05-22,1402-03-01,1402,3,coin_half,160720000.0,IRR per coin,tgju.org API (Jalali-month mean),156000000.0
2023-06-22,1402-04-01,1402,4,coin_half,153324000.0,IRR per coin,tgju.org API (Jalali-month mean),145000000.0
2023-07-23,1402-05-01,1402,5,coin_half,152135416.66666666,IRR per coin,tgju.org API (Jalali-month mean),149000000.0
2023-08-23,1402-06-01,1402,6,coin_half,150415500.0,IRR per coin,tgju.org API (Jalali-month mean),149010000.0
2023-09-23,1402-07-01,1402,7,coin_half,153206086.95652175,IRR per coin,tgju.org API (Jalali-month mean),152000000.0
2023-10-23,1402-08-01,1402,8,coin_half,153426923.07692307,IRR per coin,tgju.org API (Jalali-month mean),151000000.0
2023-11-22,1402-09-01,1402,9,coin_half,153777625.0,IRR per coin,tgju.org API (Jalali-month mean),153000000.0
2023-12-22,1402-10-01,1402,10,coin_half,167153846.15384614,IRR per coin,tgju.org API (Jalali-month mean),179000000.0
2024-01-21,1402-11-01,1402,11,coin_half,183167727.27272728,IRR per coin,tgju.org API (Jalali-month mean),185000000.0
2024-02-20,1402-12-01,1402,12,coin_half,203750000.0,IRR per coin,tgju.org API (Jalali-month mean),232000000.0
2024-03-20,1403-01-01,1403,1,coin_half,254630000.0,IRR per coin,tgju.org API (Jalali-month mean),255000000.0
2024-04-20,1403-02-01,1403,2,coin_half,239807692.30769232,IRR per coin,tgju.org API (Jalali-month mean),230000000.0
2024-05-21,1403-03-01,1403,3,coin_half,229304347.82608697,IRR per coin,tgju.org API (Jalali-month mean),225000000.0
2024-06-21,1403-04-01,1403,4,coin_half,230645833.3333333,IRR per coin,tgju.org API (Jalali-month mean),224000000.0
2024-07-22,1403-05-01,1403,5,coin_half,230826923.07692307,IRR per coin,tgju.org API (Jalali-month mean),229500000.0
2024-08-22,1403-06-01,1403,6,coin_half,234919047.6190476,IRR per coin,tgju.org API (Jalali-month mean),244500000.0
2024-09-22,1403-07-01,1403,7,coin_half,268019230.7692308,IRR per coin,tgju.org API (Jalali-month mean),290000000.0
2024-10-22,1403-08-01,1403,8,coin_half,271046153.84615386,IRR per coin,tgju.org API (Jalali-month mean),268000000.0
2024-11-21,1403-09-01,1403,9,coin_half,276754166.6666667,IRR per coin,tgju.org API (Jalali-month mean),290000000.0
2024-12-21,1403-10-01,1403,10,coin_half,310128000.0,IRR per coin,tgju.org API (Jalali-month mean),313000000.0
2025-01-20,1403-11-01,1403,11,coin_half,368062500.0,IRR per coin,tgju.org API (Jalali-month mean),422000000.0
2025-02-19,1403-12-01,1403,12,coin_half,466652173.9130435,IRR per coin,tgju.org API (Jalali-month mean),600000000.0
2025-03-21,1404-01-01,1404,1,coin_half,561111111.1111112,IRR per coin,tgju.org API (Jalali-month mean),460000000.0
2025-04-21,1404-02-01,1404,2,coin_half,440730769.2307692,IRR per coin,tgju.org API (Jalali-month mean),427000000.0
2025-05-22,1404-03-01,1404,3,coin_half,419888888.8888889,IRR per coin,tgju.org API (Jalali-month mean),445000000.0
2025-06-22,1404-04-01,1404,4,coin_half,429826086.95652175,IRR per coin,tgju.org API (Jalali-month mean),426000000.0
2025-07-23,1404-05-01,1404,5,coin_half,437125000.0,IRR per coin,tgju.org API (Jalali-month mean),449000000.0
2025-08-23,1404-06-01,1404,6,coin_half,491004166.6666667,IRR per coin,tgju.org API (Jalali-month mean),529000000.0
2025-09-23,1404-07-01,1404,7,coin_half,592269230.7692307,IRR per coin,tgju.org API (Jalali-month mean),581000000.0
2025-10-23,1404-08-01,1404,8,coin_half,589548000.0,IRR per coin,tgju.org API (Jalali-month mean),607900000.0
2025-11-22,1404-09-01,1404,9,coin_half,694960000.0,IRR per coin,tgju.org API (Jalali-month mean),778000000.0
2025-12-22,1404-10-01,1404,10,coin_half,835006250.0,IRR per coin,tgju.org API (Jalali-month mean),836000000.0
2026-01-21,1404-11-01,1404,11,coin_half,989100000.0,IRR per coin,tgju.org API (Jalali-month mean),1024200000.0
2026-02-20,1404-12-01,1404,12,coin_half,995950000.0,IRR per coin,tgju.org API (Jalali-month mean),968600000.0
2026-03-21,1405-01-01,1405,1,coin_half,972653333.3333334,IRR per coin,tgju.org API (Jalali-month mean),925000000.0
2026-04-21,1405-02-01,1405,2,coin_half,991309259.2592592,IRR per coin,tgju.org API (Jalali-month mean),980000000.0
2026-05-22,1405-03-01,1405,3,coin_half,911770833.3333334,IRR per coin,tgju.org API (Jalali-month mean),844700000.0
2026-06-22,1405-04-01,1405,4,coin_half,923333333.3333334,IRR per coin,tgju.org API (Jalali-month mean),965000000.0
2026-07-23,1405-05-01,1405,5,coin_half,948750000.0,IRR per coin,tgju.org API (Jalali-month mean),950000000.0
2013-06-22,1392-04-01,1392,4,coin_quarter,3550000.0,IRR per coin,tgju.org API (Jalali-month mean),3550000.0
2013-07-23,1392-05-01,1392,5,coin_quarter,3643052.6315789474,IRR per coin,tgju.org API (Jalali-month mean),3320000.0
2013-08-23,1392-06-01,1392,6,coin_quarter,3342086.9565217397,IRR per coin,tgju.org API (Jalali-month mean),3000000.0
2013-09-23,1392-07-01,1392,7,coin_quarter,3043086.9565217397,IRR per coin,tgju.org API (Jalali-month mean),3012000.0
2013-10-23,1392-08-01,1392,8,coin_quarter,2840909.090909091,IRR per coin,tgju.org API (Jalali-month mean),2700000.0
2013-11-22,1392-09-01,1392,9,coin_quarter,2615000.0,IRR per coin,tgju.org API (Jalali-month mean),2600000.0
2013-12-22,1392-10-01,1392,10,coin_quarter,2778714.285714286,IRR per coin,tgju.org API (Jalali-month mean),2620000.0
2014-01-21,1392-11-01,1392,11,coin_quarter,2655958.333333333,IRR per coin,tgju.org API (Jalali-month mean),2780000.0
2014-02-20,1392-12-01,1392,12,coin_quarter,2927500.0,IRR per coin,tgju.org API (Jalali-month mean),2840000.0
2014-03-21,1393-01-01,1393,1,coin_quarter,2986500.0,IRR per coin,tgju.org API (Jalali-month mean),3120000.0
2014-04-21,1393-02-01,1393,2,coin_quarter,3098960.0,IRR per coin,tgju.org API (Jalali-month mean),2880000.0
2014-05-22,1393-03-01,1393,3,coin_quarter,2806058.823529412,IRR per coin,tgju.org API (Jalali-month mean),2780000.0
2014-06-22,1393-04-01,1393,4,coin_quarter,2694391.304347826,IRR per coin,tgju.org API (Jalali-month mean),2770000.0
2014-07-23,1393-05-01,1393,5,coin_quarter,2707773.6842105263,IRR per coin,tgju.org API (Jalali-month mean),2568700.0
2014-08-23,1393-06-01,1393,6,coin_quarter,2650084.0,IRR per coin,tgju.org API (Jalali-month mean),2650000.0
2014-09-23,1393-07-01,1393,7,coin_quarter,2678217.391304348,IRR per coin,tgju.org API (Jalali-month mean),2569000.0
2014-10-23,1393-08-01,1393,8,coin_quarter,2578333.333333333,IRR per coin,tgju.org API (Jalali-month mean),2629000.0
2014-11-22,1393-09-01,1393,9,coin_quarter,2693485.714285714,IRR per coin,tgju.org API (Jalali-month mean),2700000.0
2014-12-22,1393-10-01,1393,10,coin_quarter,2693290.909090909,IRR per coin,tgju.org API (Jalali-month mean),2710000.0
2015-01-21,1393-11-01,1393,11,coin_quarter,2683736.8421052634,IRR per coin,tgju.org API (Jalali-month mean),2720000.0
2015-02-20,1393-12-01,1393,12,coin_quarter,2773420.0,IRR per coin,tgju.org API (Jalali-month mean),2790000.0
2015-03-21,1394-01-01,1394,1,coin_quarter,2800555.5555555555,IRR per coin,tgju.org API (Jalali-month mean),2785000.0
2015-04-21,1394-02-01,1394,2,coin_quarter,2724410.0,IRR per coin,tgju.org API (Jalali-month mean),2634000.0
2015-05-22,1394-03-01,1394,3,coin_quarter,2584750.0,IRR per coin,tgju.org API (Jalali-month mean),2539000.0
2015-06-22,1394-04-01,1394,4,coin_quarter,2578263.1578947366,IRR per coin,tgju.org API (Jalali-month mean),2613000.0
2015-07-23,1394-05-01,1394,5,coin_quarter,2662055.5555555555,IRR per coin,tgju.org API (Jalali-month mean),2680000.0
2015-08-23,1394-06-01,1394,6,coin_quarter,2594434.782608696,IRR per coin,tgju.org API (Jalali-month mean),2580000.0
2015-09-23,1394-07-01,1394,7,coin_quarter,2545700.0,IRR per coin,tgju.org API (Jalali-month mean),2466000.0
2015-10-23,1394-08-01,1394,8,coin_quarter,2478684.210526316,IRR per coin,tgju.org API (Jalali-month mean),2450000.0
2015-11-22,1394-09-01,1394,9,coin_quarter,2546941.1764705884,IRR per coin,tgju.org API (Jalali-month mean),2626000.0
2015-12-22,1394-10-01,1394,10,coin_quarter,2596300.0,IRR per coin,tgju.org API (Jalali-month mean),2571000.0
2016-01-21,1394-11-01,1394,11,coin_quarter,2611611.111111111,IRR per coin,tgju.org API (Jalali-month mean),2687000.0
2016-02-20,1394-12-01,1394,12,coin_quarter,2763666.6666666665,IRR per coin,tgju.org API (Jalali-month mean),2790000.0
2016-03-20,1395-01-01,1395,1,coin_quarter,2869535.0,IRR per coin,tgju.org API (Jalali-month mean),2890000.0
2016-04-20,1395-02-01,1395,2,coin_quarter,2885600.0,IRR per coin,tgju.org API (Jalali-month mean),2790000.0
2016-05-21,1395-03-01,1395,3,coin_quarter,2735965.0,IRR per coin,tgju.org API (Jalali-month mean),2700000.0
2016-06-21,1395-04-01,1395,4,coin_quarter,2854577.777777778,IRR per coin,tgju.org API (Jalali-month mean),2790000.0
2016-07-22,1395-05-01,1395,5,coin_quarter,2876714.285714286,IRR per coin,tgju.org API (Jalali-month mean),2890000.0
2016-08-22,1395-06-01,1395,6,coin_quarter,2970181.8181818184,IRR per coin,tgju.org API (Jalali-month mean),2971000.0
2016-09-22,1395-07-01,1395,7,coin_quarter,2914941.1764705884,IRR per coin,tgju.org API (Jalali-month mean),2910000.0
2016-10-22,1395-08-01,1395,8,coin_quarter,2958428.571428572,IRR per coin,tgju.org API (Jalali-month mean),2954000.0
2016-11-21,1395-09-01,1395,9,coin_quarter,3100444.4444444445,IRR per coin,tgju.org API (Jalali-month mean),3210000.0
2016-12-21,1395-10-01,1395,10,coin_quarter,3232000.0,IRR per coin,tgju.org API (Jalali-month mean),3170000.0
2017-01-20,1395-11-01,1395,11,coin_quarter,3344428.571428572,IRR per coin,tgju.org API (Jalali-month mean),3450000.0
2017-02-19,1395-12-01,1395,12,coin_quarter,3742631.578947369,IRR per coin,tgju.org API (Jalali-month mean),3683000.0
2017-03-21,1396-01-01,1396,1,coin_quarter,3797973.3333333335,IRR per coin,tgju.org API (Jalali-month mean),3820000.0
2017-04-21,1396-02-01,1396,2,coin_quarter,3767590.476190476,IRR per coin,tgju.org API (Jalali-month mean),3700000.0
2017-05-22,1396-03-01,1396,3,coin_quarter,3675490.476190476,IRR per coin,tgju.org API (Jalali-month mean),3764300.0
2017-06-22,1396-04-01,1396,4,coin_quarter,3724162.5,IRR per coin,tgju.org API (Jalali-month mean),3615000.0
2017-07-23,1396-05-01,1396,5,coin_quarter,3712338.095238095,IRR per coin,tgju.org API (Jalali-month mean),3640000.0
2017-08-23,1396-06-01,1396,6,coin_quarter,3695200.0,IRR per coin,tgju.org API (Jalali-month mean),3527000.0
2017-09-23,1396-07-01,1396,7,coin_quarter,3742550.0,IRR per coin,tgju.org API (Jalali-month mean),3667000.0
2017-10-23,1396-08-01,1396,8,coin_quarter,3867238.095238095,IRR per coin,tgju.org API (Jalali-month mean),4007000.0
2017-11-22,1396-09-01,1396,9,coin_quarter,3996561.111111111,IRR per coin,tgju.org API (Jalali-month mean),4004100.0
2017-12-22,1396-10-01,1396,10,coin_quarter,4197195.238095238,IRR per coin,tgju.org API (Jalali-month mean),4370000.0
2018-01-21,1396-11-01,1396,11,coin_quarter,4467000.0,IRR per coin,tgju.org API (Jalali-month mean),4413000.0
2018-02-20,1396-12-01,1396,12,coin_quarter,4877000.0,IRR per coin,tgju.org API (Jalali-month mean),5000000.0
2018-03-21,1397-01-01,1397,1,coin_quarter,5526117.647058823,IRR per coin,tgju.org API (Jalali-month mean),5590000.0
2018-04-21,1397-02-01,1397,2,coin_quarter,5631346.153846154,IRR per coin,tgju.org API (Jalali-month mean),5800000.0
2018-05-22,1397-03-01,1397,3,coin_quarter,6462608.695652174,IRR per coin,tgju.org API (Jalali-month mean),6960000.0
2018-06-22,1397-04-01,1397,4,coin_quarter,7406541.666666667,IRR per coin,tgju.org API (Jalali-month mean),8405000.0
2018-07-23,1397-05-01,1397,5,coin_quarter,9190291.666666666,IRR per coin,tgju.org API (Jalali-month mean),8960000.0
2018-08-23,1397-06-01,1397,6,coin_quarter,10719000.0,IRR per coin,tgju.org API (Jalali-month mean),12000000.0
2018-09-23,1397-07-01,1397,7,coin_quarter,12042166.666666666,IRR per coin,tgju.org API (Jalali-month mean),11680000.0
2018-10-23,1397-08-01,1397,8,coin_quarter,11652086.956521738,IRR per coin,tgju.org API (Jalali-month mean),11613000.0
2018-11-22,1397-09-01,1397,9,coin_quarter,11086588.23529412,IRR per coin,tgju.org API (Jalali-month mean),10500000.0
2018-12-22,1397-10-01,1397,10,coin_quarter,11811042.857142856,IRR per coin,tgju.org API (Jalali-month mean),12600000.0
2019-01-21,1397-11-01,1397,11,coin_quarter,13792100.0,IRR per coin,tgju.org API (Jalali-month mean),16010000.0
2019-02-20,1397-12-01,1397,12,coin_quarter,16267947.368421054,IRR per coin,tgju.org API (Jalali-month mean),16457000.0
2019-03-21,1398-01-01,1398,1,coin_quarter,16907470.588235293,IRR per coin,tgju.org API (Jalali-month mean),17130000.0
2019-04-21,1398-02-01,1398,2,coin_quarter,17757727.272727273,IRR per coin,tgju.org API (Jalali-month mean),17180000.0
2019-05-22,1398-03-01,1398,3,coin_quarter,16599266.666666666,IRR per coin,tgju.org API (Jalali-month mean),16281000.0
2019-06-22,1398-04-01,1398,4,coin_quarter,14859636.363636363,IRR per coin,tgju.org API (Jalali-month mean),15090000.0
2019-07-23,1398-05-01,1398,5,coin_quarter,14383388.888888888,IRR per coin,tgju.org API (Jalali-month mean),13406000.0
2019-08-23,1398-06-01,1398,6,coin_quarter,12839105.263157897,IRR per coin,tgju.org API (Jalali-month mean),12390000.0
2019-09-23,1398-07-01,1398,7,coin_quarter,12382952.38095238,IRR per coin,tgju.org API (Jalali-month mean),11990000.0
2019-10-23,1398-08-01,1398,8,coin_quarter,12964277.777777778,IRR per coin,tgju.org API (Jalali-month mean),13808000.0
2019-11-22,1398-09-01,1398,9,coin_quarter,14980142.857142856,IRR per coin,tgju.org API (Jalali-month mean),14500000.0
2019-12-22,1398-10-01,1398,10,coin_quarter,14865000.0,IRR per coin,tgju.org API (Jalali-month mean),14600000.0
2020-01-21,1398-11-01,1398,11,coin_quarter,15671818.181818182,IRR per coin,tgju.org API (Jalali-month mean),16900000.0
2020-02-20,1398-12-01,1398,12,coin_quarter,17810909.09090909,IRR per coin,tgju.org API (Jalali-month mean),17580000.0
2020-03-20,1399-01-01,1399,1,coin_quarter,18249444.444444444,IRR per coin,tgju.org API (Jalali-month mean),18720000.0
2020-04-20,1399-02-01,1399,2,coin_quarter,19588750.0,IRR per coin,tgju.org API (Jalali-month mean),21500000.0
2020-05-21,1399-03-01,1399,3,coin_quarter,20727777.777777776,IRR per coin,tgju.org API (Jalali-month mean),22500000.0
2020-06-21,1399-04-01,1399,4,coin_quarter,28811600.0,IRR per coin,tgju.org API (Jalali-month mean),31200000.0
2020-07-22,1399-05-01,1399,5,coin_quarter,31680000.0,IRR per coin,tgju.org API (Jalali-month mean),30500000.0
2020-08-22,1399-06-01,1399,6,coin_quarter,33840833.333333336,IRR per coin,tgju.org API (Jalali-month mean),39500000.0
2020-09-22,1399-07-01,1399,7,coin_quarter,51366818.18181818,IRR per coin,tgju.org API (Jalali-month mean),52000000.0
2020-10-22,1399-08-01,1399,8,coin_quarter,48479545.45454545,IRR per coin,tgju.org API (Jalali-month mean),43000000.0
2020-11-21,1399-09-01,1399,9,coin_quarter,42191200.0,IRR per coin,tgju.org API (Jalali-month mean),42000000.0
2020-12-21,1399-10-01,1399,10,coin_quarter,40994333.333333336,IRR per coin,tgju.org API (Jalali-month mean),36000000.0
2021-01-20,1399-11-01,1399,11,coin_quarter,41400000.0,IRR per coin,tgju.org API (Jalali-month mean),43100000.0
2021-02-19,1399-12-01,1399,12,coin_quarter,40434090.90909091,IRR per coin,tgju.org API (Jalali-month mean),42700000.0
2021-03-21,1400-01-01,1400,1,coin_quarter,40333333.333333336,IRR per coin,tgju.org API (Jalali-month mean),38000000.0
2021-04-21,1400-02-01,1400,2,coin_quarter,35965217.39130435,IRR per coin,tgju.org API (Jalali-month mean),38500000.0
2021-05-22,1400-03-01,1400,3,coin_quarter,38228000.0,IRR per coin,tgju.org API (Jalali-month mean),36600000.0
2021-06-22,1400-04-01,1400,4,coin_quarter,35938000.0,IRR per coin,tgju.org API (Jalali-month mean),34950000.0
2021-07-23,1400-05-01,1400,5,coin_quarter,37060434.782608695,IRR per coin,tgju.org API (Jalali-month mean),39000000.0
2021-08-23,1400-06-01,1400,6,coin_quarter,37137592.59259259,IRR per coin,tgju.org API (Jalali-month mean),34800000.0
2021-09-23,1400-07-01,1400,7,coin_quarter,35292380.952380955,IRR per coin,tgju.org API (Jalali-month mean),35000000.0
2021-10-23,1400-08-01,1400,8,coin_quarter,36709600.0,IRR per coin,tgju.org API (Jalali-month mean),37070000.0
2021-11-22,1400-09-01,1400,9,coin_quarter,38309615.38461538,IRR per coin,tgju.org API (Jalali-month mean),38000000.0
2021-12-22,1400-10-01,1400,10,coin_quarter,37541200.0,IRR per coin,tgju.org API (Jalali-month mean),38150000.0
2022-01-21,1400-11-01,1400,11,coin_quarter,37568181.81818182,IRR per coin,tgju.org API (Jalali-month mean),36650000.0
2022-02-20,1400-12-01,1400,12,coin_quarter,39597826.08695652,IRR per coin,tgju.org API (Jalali-month mean),41370000.0
2022-03-21,1401-01-01,1401,1,coin_quarter,42175909.09090909,IRR per coin,tgju.org API (Jalali-month mean),42520000.0
2022-04-21,1401-02-01,1401,2,coin_quarter,45099238.0952381,IRR per coin,tgju.org API (Jalali-month mean),49520000.0
2022-05-22,1401-03-01,1401,3,coin_quarter,54981291.66666666,IRR per coin,tgju.org API (Jalali-month mean),55000000.0
2022-06-22,1401-04-01,1401,4,coin_quarter,52294583.333333336,IRR per coin,tgju.org API (Jalali-month mean),51000000.0
2022-07-23,1401-05-01,1401,5,coin_quarter,50490400.0,IRR per coin,tgju.org API (Jalali-month mean),48000000.0
2022-08-23,1401-06-01,1401,6,coin_quarter,50175769.23076923,IRR per coin,tgju.org API (Jalali-month mean),50000000.0
2022-09-23,1401-07-01,1401,7,coin_quarter,51855454.54545455,IRR per coin,tgju.org API (Jalali-month mean),51200000.0
2022-10-23,1401-08-01,1401,8,coin_quarter,56248333.333333336,IRR per coin,tgju.org API (Jalali-month mean),58500000.0
2022-11-22,1401-09-01,1401,9,coin_quarter,75737500.0,IRR per coin,tgju.org API (Jalali-month mean),90500000.0
2022-12-22,1401-10-01,1401,10,coin_quarter,88199047.61904761,IRR per coin,tgju.org API (Jalali-month mean),97900000.0
2023-01-21,1401-11-01,1401,11,coin_quarter,94107894.73684213,IRR per coin,tgju.org API (Jalali-month mean),107000000.0
2023-02-20,1401-12-01,1401,12,coin_quarter,105298888.8888889,IRR per coin,tgju.org API (Jalali-month mean),118200000.0
2023-03-21,1402-01-01,1402,1,coin_quarter,117183888.8888889,IRR per coin,tgju.org API (Jalali-month mean),116380000.0
2023-04-21,1402-02-01,1402,2,coin_quarter,118447727.27272728,IRR per coin,tgju.org API (Jalali-month mean),115000000.0
2023-05-22,1402-03-01,1402,3,coin_quarter,108182000.0,IRR per coin,tgju.org API (Jalali-month mean),106000000.0
2023-06-22,1402-04-01,1402,4,coin_quarter,103678260.86956522,IRR per coin,tgju.org API (Jalali-month mean),95500000.0
2023-07-23,1402-05-01,1402,5,coin_quarter,102178333.33333331,IRR per coin,tgju.org API (Jalali-month mean),99500000.0
2023-08-23,1402-06-01,1402,6,coin_quarter,100943333.33333331,IRR per coin,tgju.org API (Jalali-month mean),99400000.0
2023-09-23,1402-07-01,1402,7,coin_quarter,103508695.6521739,IRR per coin,tgju.org API (Jalali-month mean),103500000.0
2023-10-23,1402-08-01,1402,8,coin_quarter,103704615.3846154,IRR per coin,tgju.org API (Jalali-month mean),101000000.0
2023-11-22,1402-09-01,1402,9,coin_quarter,103870000.0,IRR per coin,tgju.org API (Jalali-month mean),103000000.0
2023-12-22,1402-10-01,1402,10,coin_quarter,108367307.6923077,IRR per coin,tgju.org API (Jalali-month mean),109000000.0
2024-01-21,1402-11-01,1402,11,coin_quarter,113163636.36363636,IRR per coin,tgju.org API (Jalali-month mean),115000000.0
2024-02-20,1402-12-01,1402,12,coin_quarter,129336363.63636364,IRR per coin,tgju.org API (Jalali-month mean),144000000.0
2024-03-20,1403-01-01,1403,1,coin_quarter,157145000.0,IRR per coin,tgju.org API (Jalali-month mean),155000000.0
2024-04-20,1403-02-01,1403,2,coin_quarter,150346153.84615386,IRR per coin,tgju.org API (Jalali-month mean),149000000.0
2024-05-21,1403-03-01,1403,3,coin_quarter,149008695.6521739,IRR per coin,tgju.org API (Jalali-month mean),145000000.0
2024-06-21,1403-04-01,1403,4,coin_quarter,150562500.0,IRR per coin,tgju.org API (Jalali-month mean),145000000.0
2024-07-22,1403-05-01,1403,5,coin_quarter,150692307.69230768,IRR per coin,tgju.org API (Jalali-month mean),150000000.0
2024-08-22,1403-06-01,1403,6,coin_quarter,154877142.85714287,IRR per coin,tgju.org API (Jalali-month mean),162500000.0
2024-09-22,1403-07-01,1403,7,coin_quarter,176903846.15384614,IRR per coin,tgju.org API (Jalali-month mean),187000000.0
2024-10-22,1403-08-01,1403,8,coin_quarter,169769230.76923078,IRR per coin,tgju.org API (Jalali-month mean),167500000.0
2024-11-21,1403-09-01,1403,9,coin_quarter,171375000.0,IRR per coin,tgju.org API (Jalali-month mean),174000000.0
2024-12-21,1403-10-01,1403,10,coin_quarter,176584000.0,IRR per coin,tgju.org API (Jalali-month mean),173000000.0
2025-01-20,1403-11-01,1403,11,coin_quarter,195708333.3333333,IRR per coin,tgju.org API (Jalali-month mean),217000000.0
2025-02-19,1403-12-01,1403,12,coin_quarter,239347826.08695653,IRR per coin,tgju.org API (Jalali-month mean),348000000.0
2025-03-21,1404-01-01,1404,1,coin_quarter,297527777.7777778,IRR per coin,tgju.org API (Jalali-month mean),256000000.0
2025-04-21,1404-02-01,1404,2,coin_quarter,252538461.53846157,IRR per coin,tgju.org API (Jalali-month mean),249000000.0
2025-05-22,1404-03-01,1404,3,coin_quarter,241000000.0,IRR per coin,tgju.org API (Jalali-month mean),269000000.0
2025-06-22,1404-04-01,1404,4,coin_quarter,251413043.47826087,IRR per coin,tgju.org API (Jalali-month mean),247000000.0
2025-07-23,1404-05-01,1404,5,coin_quarter,255958333.3333333,IRR per coin,tgju.org API (Jalali-month mean),267000000.0
2025-08-23,1404-06-01,1404,6,coin_quarter,287125000.0,IRR per coin,tgju.org API (Jalali-month mean),314000000.0
2025-09-23,1404-07-01,1404,7,coin_quarter,337500000.0,IRR per coin,tgju.org API (Jalali-month mean),334000000.0
2025-10-23,1404-08-01,1404,8,coin_quarter,339272000.0,IRR per coin,tgju.org API (Jalali-month mean),348200000.0
2025-11-22,1404-09-01,1404,9,coin_quarter,395864000.0,IRR per coin,tgju.org API (Jalali-month mean),437700000.0
2025-12-22,1404-10-01,1404,10,coin_quarter,498306250.0,IRR per coin,tgju.org API (Jalali-month mean),508300000.0
2026-01-21,1404-11-01,1404,11,coin_quarter,551714285.7142857,IRR per coin,tgju.org API (Jalali-month mean),564900000.0
2026-02-20,1404-12-01,1404,12,coin_quarter,553050000.0,IRR per coin,tgju.org API (Jalali-month mean),559400000.0
2026-03-21,1405-01-01,1405,1,coin_quarter,554926666.6666666,IRR per coin,tgju.org API (Jalali-month mean),525000000.0
2026-04-21,1405-02-01,1405,2,coin_quarter,550500000.0,IRR per coin,tgju.org API (Jalali-month mean),540000000.0
2026-05-22,1405-03-01,1405,3,coin_quarter,511408333.3333333,IRR per coin,tgju.org API (Jalali-month mean),483500000.0
2026-06-22,1405-04-01,1405,4,coin_quarter,526837500.0,IRR per coin,tgju.org API (Jalali-month mean),540000000.0
2026-07-23,1405-05-01,1405,5,coin_quarter,532083333.3333333,IRR per coin,tgju.org API (Jalali-month mean),530000000.0
2012-06-21,1391-04-01,1391,4,eur_free_market,24099.117647058825,IRR per EUR,tgju.org API (Jalali-month mean),23350.0
2012-07-22,1391-05-01,1391,5,eur_free_market,25371.42857142857,IRR per EUR,tgju.org API (Jalali-month mean),26710.0
2012-08-22,1391-06-01,1391,6,eur_free_market,29770.52380952381,IRR per EUR,tgju.org API (Jalali-month mean),31900.0
2012-09-22,1391-07-01,1391,7,eur_free_market,43395.41666666666,IRR per EUR,tgju.org API (Jalali-month mean),46840.0
2012-10-22,1391-08-01,1391,8,eur_free_market,43752.8,IRR per EUR,tgju.org API (Jalali-month mean),45780.0
2012-11-21,1391-09-01,1391,9,eur_free_market,43135.0,IRR per EUR,tgju.org API (Jalali-month mean),41600.0
2012-12-21,1391-10-01,1391,10,eur_free_market,43290.05263157895,IRR per EUR,tgju.org API (Jalali-month mean),45200.0
2013-01-20,1391-11-01,1391,11,eur_free_market,49745.26315789474,IRR per EUR,tgju.org API (Jalali-month mean),49700.0
2013-02-19,1391-12-01,1391,12,eur_free_market,47142.63157894737,IRR per EUR,tgju.org API (Jalali-month mean),46070.0
2013-03-21,1392-01-01,1392,1,eur_free_market,46288.88888888889,IRR per EUR,tgju.org API (Jalali-month mean),46300.0
2013-04-21,1392-02-01,1392,2,eur_free_market,46426.30434782609,IRR per EUR,tgju.org API (Jalali-month mean),46000.0
2013-05-22,1392-03-01,1392,3,eur_free_market,47057.57894736842,IRR per EUR,tgju.org API (Jalali-month mean),43200.0
2013-06-22,1392-04-01,1392,4,eur_free_market,42786.90476190476,IRR per EUR,tgju.org API (Jalali-month mean),41600.0
2013-07-23,1392-05-01,1392,5,eur_free_market,42289.78947368421,IRR per EUR,tgju.org API (Jalali-month mean),41295.0
2013-08-23,1392-06-01,1392,6,eur_free_market,42178.0,IRR per EUR,tgju.org API (Jalali-month mean),39650.0
2013-09-23,1392-07-01,1392,7,eur_free_market,41079.04761904762,IRR per EUR,tgju.org API (Jalali-month mean),41340.0
2013-10-23,1392-08-01,1392,8,eur_free_market,40887.22222222222,IRR per EUR,tgju.org API (Jalali-month mean),40390.0
2013-11-22,1392-09-01,1392,9,eur_free_market,40263.57142857143,IRR per EUR,tgju.org API (Jalali-month mean),40571.0
2013-12-22,1392-10-01,1392,10,eur_free_market,40578.117647058825,IRR per EUR,tgju.org API (Jalali-month mean),39650.0
2014-01-21,1392-11-01,1392,11,eur_free_market,40251.89473684211,IRR per EUR,tgju.org API (Jalali-month mean),40646.0
2014-02-20,1392-12-01,1392,12,eur_free_market,42006.45,IRR per EUR,tgju.org API (Jalali-month mean),42220.0
2014-03-21,1393-01-01,1393,1,eur_free_market,42887.16666666666,IRR per EUR,tgju.org API (Jalali-month mean),44500.0
2014-04-21,1393-02-01,1393,2,eur_free_market,45437.28571428572,IRR per EUR,tgju.org API (Jalali-month mean),45080.0
2014-05-22,1393-03-01,1393,3,eur_free_market,44280.23529411765,IRR per EUR,tgju.org API (Jalali-month mean),43600.0
2014-06-22,1393-04-01,1393,4,eur_free_market,42751.13043478261,IRR per EUR,tgju.org API (Jalali-month mean),42450.0
2014-07-23,1393-05-01,1393,5,eur_free_market,42009.0,IRR per EUR,tgju.org API (Jalali-month mean),41460.0
2014-08-23,1393-06-01,1393,6,eur_free_market,41539.083333333336,IRR per EUR,tgju.org API (Jalali-month mean),41370.0
2014-09-23,1393-07-01,1393,7,eur_free_market,41361.65217391304,IRR per EUR,tgju.org API (Jalali-month mean),41084.0
2014-10-23,1393-08-01,1393,8,eur_free_market,40981.26315789474,IRR per EUR,tgju.org API (Jalali-month mean),40715.0
2014-11-22,1393-09-01,1393,9,eur_free_market,42390.72727272727,IRR per EUR,tgju.org API (Jalali-month mean),43718.0
2014-12-22,1393-10-01,1393,10,eur_free_market,42007.95,IRR per EUR,tgju.org API (Jalali-month mean),40620.0
2015-01-21,1393-11-01,1393,11,eur_free_market,39464.65,IRR per EUR,tgju.org API (Jalali-month mean),39235.0
2015-02-20,1393-12-01,1393,12,eur_free_market,37606.0,IRR per EUR,tgju.org API (Jalali-month mean),36508.0
2015-03-21,1394-01-01,1394,1,eur_free_market,36165.27777777778,IRR per EUR,tgju.org API (Jalali-month mean),36080.0
2015-04-21,1394-02-01,1394,2,eur_free_market,37085.15,IRR per EUR,tgju.org API (Jalali-month mean),36995.0
2015-05-22,1394-03-01,1394,3,eur_free_market,36944.9,IRR per EUR,tgju.org API (Jalali-month mean),37100.0
2015-06-22,1394-04-01,1394,4,eur_free_market,36414.05,IRR per EUR,tgju.org API (Jalali-month mean),36200.0
2015-07-23,1394-05-01,1394,5,eur_free_market,36949.47368421053,IRR per EUR,tgju.org API (Jalali-month mean),38450.0
2015-08-23,1394-06-01,1394,6,eur_free_market,38924.47826086957,IRR per EUR,tgju.org API (Jalali-month mean),38587.0
2015-09-23,1394-07-01,1394,7,eur_free_market,39362.3,IRR per EUR,tgju.org API (Jalali-month mean),38994.0
2015-10-23,1394-08-01,1394,8,eur_free_market,38590.57142857143,IRR per EUR,tgju.org API (Jalali-month mean),38350.0
2015-11-22,1394-09-01,1394,9,eur_free_market,39254.944444444445,IRR per EUR,tgju.org API (Jalali-month mean),39950.0
2015-12-22,1394-10-01,1394,10,eur_free_market,40014.15,IRR per EUR,tgju.org API (Jalali-month mean),39000.0
2016-01-21,1394-11-01,1394,11,eur_free_market,39543.78947368421,IRR per EUR,tgju.org API (Jalali-month mean),39021.0
2016-02-20,1394-12-01,1394,12,eur_free_market,38370.1,IRR per EUR,tgju.org API (Jalali-month mean),39400.0
2016-03-20,1395-01-01,1395,1,eur_free_market,39534.1,IRR per EUR,tgju.org API (Jalali-month mean),39560.0
2016-04-20,1395-02-01,1395,2,eur_free_market,39366.142857142855,IRR per EUR,tgju.org API (Jalali-month mean),38937.0
2016-05-21,1395-03-01,1395,3,eur_free_market,39149.55,IRR per EUR,tgju.org API (Jalali-month mean),39360.0
2016-06-21,1395-04-01,1395,4,eur_free_market,39219.25,IRR per EUR,tgju.org API (Jalali-month mean),38944.0
2016-07-22,1395-05-01,1395,5,eur_free_market,39547.80952380953,IRR per EUR,tgju.org API (Jalali-month mean),40090.0
2016-08-22,1395-06-01,1395,6,eur_free_market,40038.8,IRR per EUR,tgju.org API (Jalali-month mean),40078.0
2016-09-22,1395-07-01,1395,7,eur_free_market,40169.333333333336,IRR per EUR,tgju.org API (Jalali-month mean),39674.0
2016-10-22,1395-08-01,1395,8,eur_free_market,39986.142857142855,IRR per EUR,tgju.org API (Jalali-month mean),40065.0
2016-11-21,1395-09-01,1395,9,eur_free_market,42066.26315789474,IRR per EUR,tgju.org API (Jalali-month mean),42680.0
2016-12-21,1395-10-01,1395,10,eur_free_market,42861.75,IRR per EUR,tgju.org API (Jalali-month mean),42416.0
2017-01-20,1395-11-01,1395,11,eur_free_market,41896.47619047619,IRR per EUR,tgju.org API (Jalali-month mean),41140.0
2017-02-19,1395-12-01,1395,12,eur_free_market,40878.55,IRR per EUR,tgju.org API (Jalali-month mean),41330.0
2017-03-21,1396-01-01,1396,1,eur_free_market,40862.625,IRR per EUR,tgju.org API (Jalali-month mean),40851.0
2017-04-21,1396-02-01,1396,2,eur_free_market,41815.0,IRR per EUR,tgju.org API (Jalali-month mean),42180.0
2017-05-22,1396-03-01,1396,3,eur_free_market,42474.04761904762,IRR per EUR,tgju.org API (Jalali-month mean),42851.0
2017-06-22,1396-04-01,1396,4,eur_free_market,43788.84210526316,IRR per EUR,tgju.org API (Jalali-month mean),44280.0
2017-07-23,1396-05-01,1396,5,eur_free_market,45525.34782608696,IRR per EUR,tgju.org API (Jalali-month mean),45610.0
2017-08-23,1396-06-01,1396,6,eur_free_market,47345.3,IRR per EUR,tgju.org API (Jalali-month mean),47044.0
2017-09-23,1396-07-01,1396,7,eur_free_market,47587.7,IRR per EUR,tgju.org API (Jalali-month mean),47940.0
2017-10-23,1396-08-01,1396,8,eur_free_market,48293.35,IRR per EUR,tgju.org API (Jalali-month mean),48850.0
2017-11-22,1396-09-01,1396,9,eur_free_market,50226.10526315789,IRR per EUR,tgju.org API (Jalali-month mean),50177.0
2017-12-22,1396-10-01,1396,10,eur_free_market,53688.42857142857,IRR per EUR,tgju.org API (Jalali-month mean),58500.0
2018-01-21,1396-11-01,1396,11,eur_free_market,59063.5,IRR per EUR,tgju.org API (Jalali-month mean),56907.0
2018-02-20,1396-12-01,1396,12,eur_free_market,56627.0,IRR per EUR,tgju.org API (Jalali-month mean),61171.0
2018-03-21,1397-01-01,1397,1,eur_free_market,63647.333333333336,IRR per EUR,tgju.org API (Jalali-month mean),67840.0
2018-04-21,1397-02-01,1397,2,eur_free_market,73135.24,IRR per EUR,tgju.org API (Jalali-month mean),75320.0
2018-05-22,1397-03-01,1397,3,eur_free_market,78204.34782608696,IRR per EUR,tgju.org API (Jalali-month mean),87390.0
2018-06-22,1397-04-01,1397,4,eur_free_market,95997.0,IRR per EUR,tgju.org API (Jalali-month mean),109560.0
2018-07-23,1397-05-01,1397,5,eur_free_market,117536.8695652174,IRR per EUR,tgju.org API (Jalali-month mean),122426.0
2018-08-23,1397-06-01,1397,6,eur_free_market,151340.4,IRR per EUR,tgju.org API (Jalali-month mean),175280.0
2018-09-23,1397-07-01,1397,7,eur_free_market,171206.79166666666,IRR per EUR,tgju.org API (Jalali-month mean),160527.0
2018-10-23,1397-08-01,1397,8,eur_free_market,158671.13636363635,IRR per EUR,tgju.org API (Jalali-month mean),148683.0
2018-11-22,1397-09-01,1397,9,eur_free_market,128059.25,IRR per EUR,tgju.org API (Jalali-month mean),113986.0
2018-12-22,1397-10-01,1397,10,eur_free_market,127272.72727272728,IRR per EUR,tgju.org API (Jalali-month mean),132890.0
2019-01-21,1397-11-01,1397,11,eur_free_market,138800.0,IRR per EUR,tgju.org API (Jalali-month mean),149300.0
2019-02-20,1397-12-01,1397,12,eur_free_market,150538.52631578947,IRR per EUR,tgju.org API (Jalali-month mean),149051.0
2019-03-21,1398-01-01,1398,1,eur_free_market,153762.6875,IRR per EUR,tgju.org API (Jalali-month mean),156695.0
2019-04-21,1398-02-01,1398,2,eur_free_market,162958.45454545456,IRR per EUR,tgju.org API (Jalali-month mean),158470.0
2019-05-22,1398-03-01,1398,3,eur_free_market,151505.5,IRR per EUR,tgju.org API (Jalali-month mean),150000.0
2019-06-22,1398-04-01,1398,4,eur_free_market,144074.36363636365,IRR per EUR,tgju.org API (Jalali-month mean),140920.0
2019-07-23,1398-05-01,1398,5,eur_free_market,134204.73684210525,IRR per EUR,tgju.org API (Jalali-month mean),129500.0
2019-08-23,1398-06-01,1398,6,eur_free_market,126212.7894736842,IRR per EUR,tgju.org API (Jalali-month mean),126500.0
2019-09-23,1398-07-01,1398,7,eur_free_market,126099.04761904762,IRR per EUR,tgju.org API (Jalali-month mean),125430.0
2019-10-23,1398-08-01,1398,8,eur_free_market,127526.94444444444,IRR per EUR,tgju.org API (Jalali-month mean),130452.0
2019-11-22,1398-09-01,1398,9,eur_free_market,139776.95238095237,IRR per EUR,tgju.org API (Jalali-month mean),142500.0
2019-12-22,1398-10-01,1398,10,eur_free_market,145108.63636363635,IRR per EUR,tgju.org API (Jalali-month mean),144560.0
2020-01-21,1398-11-01,1398,11,eur_free_market,150224.78260869565,IRR per EUR,tgju.org API (Jalali-month mean),154020.0
2020-02-20,1398-12-01,1398,12,eur_free_market,166138.68181818182,IRR per EUR,tgju.org API (Jalali-month mean),169030.0
2020-03-20,1399-01-01,1399,1,eur_free_market,170051.25,IRR per EUR,tgju.org API (Jalali-month mean),166500.0
2020-04-20,1399-02-01,1399,2,eur_free_market,175341.85185185185,IRR per EUR,tgju.org API (Jalali-month mean),188040.0
2020-05-21,1399-03-01,1399,3,eur_free_market,192347.5,IRR per EUR,tgju.org API (Jalali-month mean),209020.0
2020-06-21,1399-04-01,1399,4,eur_free_market,233034.92307692303,IRR per EUR,tgju.org API (Jalali-month mean),233520.0
2020-07-22,1399-05-01,1399,5,eur_free_market,252892.4,IRR per EUR,tgju.org API (Jalali-month mean),267020.0
2020-08-22,1399-06-01,1399,6,eur_free_market,282068.5416666667,IRR per EUR,tgju.org API (Jalali-month mean),319520.0
2020-09-22,1399-07-01,1399,7,eur_free_market,342119.17391304346,IRR per EUR,tgju.org API (Jalali-month mean),347420.0
2020-10-22,1399-08-01,1399,8,eur_free_market,315445.7272727273,IRR per EUR,tgju.org API (Jalali-month mean),303020.0
2020-11-21,1399-09-01,1399,9,eur_free_market,307371.56,IRR per EUR,tgju.org API (Jalali-month mean),306440.0
2020-12-21,1399-10-01,1399,10,eur_free_market,305285.8333333333,IRR per EUR,tgju.org API (Jalali-month mean),274510.0
2021-01-20,1399-11-01,1399,11,eur_free_market,288849.6,IRR per EUR,tgju.org API (Jalali-month mean),302980.0
2021-02-19,1399-12-01,1399,12,eur_free_market,291442.2727272727,IRR per EUR,tgju.org API (Jalali-month mean),282820.0
2021-03-21,1400-01-01,1400,1,eur_free_market,286535.5714285714,IRR per EUR,tgju.org API (Jalali-month mean),279940.0
2021-04-21,1400-02-01,1400,2,eur_free_market,268537.6956521739,IRR per EUR,tgju.org API (Jalali-month mean),271660.0
2021-05-22,1400-03-01,1400,3,eur_free_market,282484.0,IRR per EUR,tgju.org API (Jalali-month mean),283560.0
2021-06-22,1400-04-01,1400,4,eur_free_market,292202.625,IRR per EUR,tgju.org API (Jalali-month mean),287850.0
2021-07-23,1400-05-01,1400,5,eur_free_market,297867.8181818182,IRR per EUR,tgju.org API (Jalali-month mean),316820.0
2021-08-23,1400-06-01,1400,6,eur_free_market,317503.7037037037,IRR per EUR,tgju.org API (Jalali-month mean),323250.0
2021-09-23,1400-07-01,1400,7,eur_free_market,321157.14285714284,IRR per EUR,tgju.org API (Jalali-month mean),319400.0
2021-10-23,1400-08-01,1400,8,eur_free_market,321704.8,IRR per EUR,tgju.org API (Jalali-month mean),319820.0
2021-11-22,1400-09-01,1400,9,eur_free_market,314066.53846153844,IRR per EUR,tgju.org API (Jalali-month mean),310530.0
2021-12-22,1400-10-01,1400,10,eur_free_market,321360.8,IRR per EUR,tgju.org API (Jalali-month mean),312240.0
2022-01-21,1400-11-01,1400,11,eur_free_market,306944.7272727273,IRR per EUR,tgju.org API (Jalali-month mean),287760.0
2022-02-20,1400-12-01,1400,12,eur_free_market,289420.3043478261,IRR per EUR,tgju.org API (Jalali-month mean),289027.0
2022-03-21,1401-01-01,1401,1,eur_free_market,300798.1818181818,IRR per EUR,tgju.org API (Jalali-month mean),303200.0
2022-04-21,1401-02-01,1401,2,eur_free_market,308403.1818181818,IRR per EUR,tgju.org API (Jalali-month mean),322767.0
2022-05-22,1401-03-01,1401,3,eur_free_market,324101.44,IRR per EUR,tgju.org API (Jalali-month mean),324960.0
2022-06-22,1401-04-01,1401,4,eur_free_market,324685.6666666667,IRR per EUR,tgju.org API (Jalali-month mean),326440.0
2022-07-23,1401-05-01,1401,5,eur_free_market,315783.5,IRR per EUR,tgju.org API (Jalali-month mean),303600.0
2022-08-23,1401-06-01,1401,6,eur_free_market,307711.2,IRR per EUR,tgju.org API (Jalali-month mean),312390.0
2022-09-23,1401-07-01,1401,7,eur_free_market,318869.8181818182,IRR per EUR,tgju.org API (Jalali-month mean),323770.0
2022-10-23,1401-08-01,1401,8,eur_free_market,349508.8461538461,IRR per EUR,tgju.org API (Jalali-month mean),365530.0
2022-11-22,1401-09-01,1401,9,eur_free_market,389148.36,IRR per EUR,tgju.org API (Jalali-month mean),419750.0
2022-12-22,1401-10-01,1401,10,eur_free_market,441096.7142857143,IRR per EUR,tgju.org API (Jalali-month mean),486886.0
2023-01-21,1401-11-01,1401,11,eur_free_market,489230.94736842107,IRR per EUR,tgju.org API (Jalali-month mean),528210.0
2023-02-20,1401-12-01,1401,12,eur_free_market,529220.7368421053,IRR per EUR,tgju.org API (Jalali-month mean),577800.0
2023-03-21,1402-01-01,1402,1,eur_free_market,561580.5263157894,IRR per EUR,tgju.org API (Jalali-month mean),563984.0
2023-04-21,1402-02-01,1402,2,eur_free_market,579817.7272727273,IRR per EUR,tgju.org API (Jalali-month mean),565840.0
2023-05-22,1402-03-01,1402,3,eur_free_market,540060.0,IRR per EUR,tgju.org API (Jalali-month mean),545680.0
2023-06-22,1402-04-01,1402,4,eur_free_market,544585.2,IRR per EUR,tgju.org API (Jalali-month mean),537970.0
2023-07-23,1402-05-01,1402,5,eur_free_market,540746.48,IRR per EUR,tgju.org API (Jalali-month mean),532950.0
2023-08-23,1402-06-01,1402,6,eur_free_market,531878.2608695652,IRR per EUR,tgju.org API (Jalali-month mean),524970.0
2023-09-23,1402-07-01,1402,7,eur_free_market,537988.1304347826,IRR per EUR,tgju.org API (Jalali-month mean),539250.0
2023-10-23,1402-08-01,1402,8,eur_free_market,548231.5384615385,IRR per EUR,tgju.org API (Jalali-month mean),544490.0
2023-11-22,1402-09-01,1402,9,eur_free_market,548599.7083333334,IRR per EUR,tgju.org API (Jalali-month mean),549920.0
2023-12-22,1402-10-01,1402,10,eur_free_market,565110.3846153846,IRR per EUR,tgju.org API (Jalali-month mean),587780.0
2024-01-21,1402-11-01,1402,11,eur_free_market,603749.7272727273,IRR per EUR,tgju.org API (Jalali-month mean),611670.0
2024-02-20,1402-12-01,1402,12,eur_free_market,645454.8181818182,IRR per EUR,tgju.org API (Jalali-month mean),657280.0
2024-03-20,1403-01-01,1403,1,eur_free_market,691180.5,IRR per EUR,tgju.org API (Jalali-month mean),694600.0
2024-04-20,1403-02-01,1403,2,eur_free_market,657725.3846153846,IRR per EUR,tgju.org API (Jalali-month mean),627300.0
2024-05-21,1403-03-01,1403,3,eur_free_market,635726.5217391305,IRR per EUR,tgju.org API (Jalali-month mean),636300.0
2024-06-21,1403-04-01,1403,4,eur_free_market,645958.3333333334,IRR per EUR,tgju.org API (Jalali-month mean),627000.0
2024-07-22,1403-05-01,1403,5,eur_free_market,653811.5384615385,IRR per EUR,tgju.org API (Jalali-month mean),658100.0
2024-08-22,1403-06-01,1403,6,eur_free_market,661752.380952381,IRR per EUR,tgju.org API (Jalali-month mean),664900.0
2024-09-22,1403-07-01,1403,7,eur_free_market,688792.3076923077,IRR per EUR,tgju.org API (Jalali-month mean),715600.0
2024-10-22,1403-08-01,1403,8,eur_free_market,734811.5384615385,IRR per EUR,tgju.org API (Jalali-month mean),729300.0
2024-11-21,1403-09-01,1403,9,eur_free_market,763258.3333333334,IRR per EUR,tgju.org API (Jalali-month mean),796800.0
2024-12-21,1403-10-01,1403,10,eur_free_market,833136.0,IRR per EUR,tgju.org API (Jalali-month mean),846600.0
2025-01-20,1403-11-01,1403,11,eur_free_market,905983.3333333334,IRR per EUR,tgju.org API (Jalali-month mean),966700.0
2025-02-19,1403-12-01,1403,12,eur_free_market,990860.8695652174,IRR per EUR,tgju.org API (Jalali-month mean),1075800.0
2025-03-21,1404-01-01,1404,1,eur_free_market,1058955.0,IRR per EUR,tgju.org API (Jalali-month mean),944100.0
2025-04-21,1404-02-01,1404,2,eur_free_market,934838.4615384616,IRR per EUR,tgju.org API (Jalali-month mean),935200.0
2025-05-22,1404-03-01,1404,3,eur_free_market,940131.25,IRR per EUR,tgju.org API (Jalali-month mean),970200.0
2025-06-22,1404-04-01,1404,4,eur_free_market,1036890.0,IRR per EUR,tgju.org API (Jalali-month mean),1034800.0
2025-07-23,1404-05-01,1404,5,eur_free_market,1069379.1666666667,IRR per EUR,tgju.org API (Jalali-month mean),1106900.0
2025-08-23,1404-06-01,1404,6,eur_free_market,1180095.8333333333,IRR per EUR,tgju.org API (Jalali-month mean),1226400.0
2025-09-23,1404-07-01,1404,7,eur_free_market,1297150.0,IRR per EUR,tgju.org API (Jalali-month mean),1249200.0
2025-10-23,1404-08-01,1404,8,eur_free_market,1267480.0,IRR per EUR,tgju.org API (Jalali-month mean),1307100.0
2025-11-22,1404-09-01,1404,9,eur_free_market,1433208.0,IRR per EUR,tgju.org API (Jalali-month mean),1537100.0
2025-12-22,1404-10-01,1404,10,eur_free_market,1660224.0,IRR per EUR,tgju.org API (Jalali-month mean),1708500.0
2026-01-21,1404-11-01,1404,11,eur_free_market,1852141.6666666667,IRR per EUR,tgju.org API (Jalali-month mean),1924900.0
2026-02-20,1404-12-01,1404,12,eur_free_market,1889287.5,IRR per EUR,tgju.org API (Jalali-month mean),1804400.0
2026-03-21,1405-01-01,1405,1,eur_free_market,1810924.0,IRR per EUR,tgju.org API (Jalali-month mean),1782100.0
2026-04-21,1405-02-01,1405,2,eur_free_market,2037192.5925925928,IRR per EUR,tgju.org API (Jalali-month mean),2077000.0
2026-05-22,1405-03-01,1405,3,eur_free_market,1976976.0,IRR per EUR,tgju.org API (Jalali-month mean),1830600.0
2026-06-22,1405-04-01,1405,4,eur_free_market,2046000.0,IRR per EUR,tgju.org API (Jalali-month mean),2198800.0
2026-07-23,1405-05-01,1405,5,eur_free_market,2184483.333333333,IRR per EUR,tgju.org API (Jalali-month mean),2169700.0
2012-08-22,1391-06-01,1391,6,gbp_free_market,38000.71428571428,IRR per GBP,tgju.org API (Jalali-month mean),40250.0
2012-09-22,1391-07-01,1391,7,gbp_free_market,45596.53846153846,IRR per GBP,tgju.org API (Jalali-month mean),47070.0
2012-10-22,1391-08-01,1391,8,gbp_free_market,46646.0,IRR per GBP,tgju.org API (Jalali-month mean),48950.0
2012-11-21,1391-09-01,1391,9,gbp_free_market,46276.52173913043,IRR per GBP,tgju.org API (Jalali-month mean),47680.0
2012-12-21,1391-10-01,1391,10,gbp_free_market,46241.739130434784,IRR per GBP,tgju.org API (Jalali-month mean),46510.0
2013-01-20,1391-11-01,1391,11,gbp_free_market,46273.333333333336,IRR per GBP,tgju.org API (Jalali-month mean),48330.0
2013-02-19,1391-12-01,1391,12,gbp_free_market,46326.086956521736,IRR per GBP,tgju.org API (Jalali-month mean),47070.0
2013-03-21,1392-01-01,1392,1,gbp_free_market,46400.95238095238,IRR per GBP,tgju.org API (Jalali-month mean),43800.0
2013-04-21,1392-02-01,1392,2,gbp_free_market,46187.40740740741,IRR per GBP,tgju.org API (Jalali-month mean),45080.0
2013-05-22,1392-03-01,1392,3,gbp_free_market,46326.25,IRR per GBP,tgju.org API (Jalali-month mean),45700.0
2013-06-22,1392-04-01,1392,4,gbp_free_market,46112.69230769231,IRR per GBP,tgju.org API (Jalali-month mean),47170.0
2013-07-23,1392-05-01,1392,5,gbp_free_market,47140.90909090909,IRR per GBP,tgju.org API (Jalali-month mean),48350.0
2013-08-23,1392-06-01,1392,6,gbp_free_market,49660.15,IRR per GBP,tgju.org API (Jalali-month mean),47400.0
2013-09-23,1392-07-01,1392,7,gbp_free_market,48654.28571428572,IRR per GBP,tgju.org API (Jalali-month mean),48640.0
2013-10-23,1392-08-01,1392,8,gbp_free_market,48429.38888888889,IRR per GBP,tgju.org API (Jalali-month mean),48400.0
2013-11-22,1392-09-01,1392,9,gbp_free_market,48197.80952380953,IRR per GBP,tgju.org API (Jalali-month mean),48306.0
2013-12-22,1392-10-01,1392,10,gbp_free_market,48827.705882352944,IRR per GBP,tgju.org API (Jalali-month mean),48000.0
2014-01-21,1392-11-01,1392,11,gbp_free_market,48855.5,IRR per GBP,tgju.org API (Jalali-month mean),49290.0
2014-02-20,1392-12-01,1392,12,gbp_free_market,50499.9,IRR per GBP,tgju.org API (Jalali-month mean),50407.0
2014-03-21,1393-01-01,1393,1,gbp_free_market,51541.17647058824,IRR per GBP,tgju.org API (Jalali-month mean),53700.0
2014-04-21,1393-02-01,1393,2,gbp_free_market,55127.95238095238,IRR per GBP,tgju.org API (Jalali-month mean),55142.0
2014-05-22,1393-03-01,1393,3,gbp_free_market,54526.35294117647,IRR per GBP,tgju.org API (Jalali-month mean),54200.0
2014-06-22,1393-04-01,1393,4,gbp_free_market,53505.0,IRR per GBP,tgju.org API (Jalali-month mean),53180.0
2014-07-23,1393-05-01,1393,5,gbp_free_market,52499.72727272727,IRR per GBP,tgju.org API (Jalali-month mean),51680.0
2014-08-23,1393-06-01,1393,6,gbp_free_market,51993.68,IRR per GBP,tgju.org API (Jalali-month mean),52120.0
2014-09-23,1393-07-01,1393,7,gbp_free_market,52256.31818181818,IRR per GBP,tgju.org API (Jalali-month mean),51826.0
2014-10-23,1393-08-01,1393,8,gbp_free_market,51738.45,IRR per GBP,tgju.org API (Jalali-month mean),51003.0
2014-11-22,1393-09-01,1393,9,gbp_free_market,53252.72727272727,IRR per GBP,tgju.org API (Jalali-month mean),55540.0
2014-12-22,1393-10-01,1393,10,gbp_free_market,53722.35,IRR per GBP,tgju.org API (Jalali-month mean),52870.0
2015-01-21,1393-11-01,1393,11,gbp_free_market,52632.35,IRR per GBP,tgju.org API (Jalali-month mean),52801.0
2015-02-20,1393-12-01,1393,12,gbp_free_market,51866.25,IRR per GBP,tgju.org API (Jalali-month mean),50705.0
2015-03-21,1394-01-01,1394,1,gbp_free_market,49689.05555555556,IRR per GBP,tgju.org API (Jalali-month mean),49870.0
2015-04-21,1394-02-01,1394,2,gbp_free_market,51083.05,IRR per GBP,tgju.org API (Jalali-month mean),51358.0
2015-05-22,1394-03-01,1394,3,gbp_free_market,51001.55,IRR per GBP,tgju.org API (Jalali-month mean),51800.0
2015-06-22,1394-04-01,1394,4,gbp_free_market,51037.0,IRR per GBP,tgju.org API (Jalali-month mean),50830.0
2015-07-23,1394-05-01,1394,5,gbp_free_market,51865.444444444445,IRR per GBP,tgju.org API (Jalali-month mean),52700.0
2015-08-23,1394-06-01,1394,6,gbp_free_market,52847.391304347824,IRR per GBP,tgju.org API (Jalali-month mean),52320.0
2015-09-23,1394-07-01,1394,7,gbp_free_market,53062.55,IRR per GBP,tgju.org API (Jalali-month mean),53426.0
2015-10-23,1394-08-01,1394,8,gbp_free_market,53971.76190476191,IRR per GBP,tgju.org API (Jalali-month mean),54550.0
2015-11-22,1394-09-01,1394,9,gbp_free_market,54749.16666666666,IRR per GBP,tgju.org API (Jalali-month mean),54400.0
2015-12-22,1394-10-01,1394,10,gbp_free_market,53581.5,IRR per GBP,tgju.org API (Jalali-month mean),51950.0
2016-01-21,1394-11-01,1394,11,gbp_free_market,51630.47368421053,IRR per GBP,tgju.org API (Jalali-month mean),50443.0
2016-02-20,1394-12-01,1394,12,gbp_free_market,49402.95,IRR per GBP,tgju.org API (Jalali-month mean),50000.0
2016-03-20,1395-01-01,1395,1,gbp_free_market,49628.5,IRR per GBP,tgju.org API (Jalali-month mean),49930.0
2016-04-20,1395-02-01,1395,2,gbp_free_market,50141.52380952381,IRR per GBP,tgju.org API (Jalali-month mean),50091.0
2016-05-21,1395-03-01,1395,3,gbp_free_market,50317.0,IRR per GBP,tgju.org API (Jalali-month mean),50900.0
2016-06-21,1395-04-01,1395,4,gbp_free_market,47626.1,IRR per GBP,tgju.org API (Jalali-month mean),46946.0
2016-07-22,1395-05-01,1395,5,gbp_free_market,46559.23809523809,IRR per GBP,tgju.org API (Jalali-month mean),46280.0
2016-08-22,1395-06-01,1395,6,gbp_free_market,47052.15,IRR per GBP,tgju.org API (Jalali-month mean),46838.0
2016-09-22,1395-07-01,1395,7,gbp_free_market,45750.444444444445,IRR per GBP,tgju.org API (Jalali-month mean),44430.0
2016-10-22,1395-08-01,1395,8,gbp_free_market,45207.0,IRR per GBP,tgju.org API (Jalali-month mean),45984.0
2016-11-21,1395-09-01,1395,9,gbp_free_market,48773.85,IRR per GBP,tgju.org API (Jalali-month mean),49480.0
2016-12-21,1395-10-01,1395,10,gbp_free_market,48944.0,IRR per GBP,tgju.org API (Jalali-month mean),48390.0
2017-01-20,1395-11-01,1395,11,gbp_free_market,48514.52380952381,IRR per GBP,tgju.org API (Jalali-month mean),48100.0
2017-02-19,1395-12-01,1395,12,gbp_free_market,47734.75,IRR per GBP,tgju.org API (Jalali-month mean),47760.0
2017-03-21,1396-01-01,1396,1,gbp_free_market,47363.5,IRR per GBP,tgju.org API (Jalali-month mean),47886.0
2017-04-21,1396-02-01,1396,2,gbp_free_market,48674.1,IRR per GBP,tgju.org API (Jalali-month mean),48790.0
2017-05-22,1396-03-01,1396,3,gbp_free_market,48523.09523809524,IRR per GBP,tgju.org API (Jalali-month mean),48531.0
2017-06-22,1396-04-01,1396,4,gbp_free_market,49035.36842105263,IRR per GBP,tgju.org API (Jalali-month mean),49030.0
2017-07-23,1396-05-01,1396,5,gbp_free_market,49550.47826086957,IRR per GBP,tgju.org API (Jalali-month mean),49170.0
2017-08-23,1396-06-01,1396,6,gbp_free_market,51144.95,IRR per GBP,tgju.org API (Jalali-month mean),52618.0
2017-09-23,1396-07-01,1396,7,gbp_free_market,53125.15,IRR per GBP,tgju.org API (Jalali-month mean),53600.0
2017-10-23,1396-08-01,1396,8,gbp_free_market,54482.8,IRR per GBP,tgju.org API (Jalali-month mean),55200.0
2017-11-22,1396-09-01,1396,9,gbp_free_market,57249.94736842105,IRR per GBP,tgju.org API (Jalali-month mean),57155.0
2017-12-22,1396-10-01,1396,10,gbp_free_market,59561.23809523809,IRR per GBP,tgju.org API (Jalali-month mean),63390.0
2018-01-21,1396-11-01,1396,11,gbp_free_market,67447.15,IRR per GBP,tgju.org API (Jalali-month mean),67530.0
2018-02-20,1396-12-01,1396,12,gbp_free_market,68525.78947368421,IRR per GBP,tgju.org API (Jalali-month mean),68524.0
2018-03-21,1397-01-01,1397,1,gbp_free_market,76706.22222222222,IRR per GBP,tgju.org API (Jalali-month mean),79350.0
2018-04-21,1397-02-01,1397,2,gbp_free_market,83613.70833333333,IRR per GBP,tgju.org API (Jalali-month mean),85900.0
2018-05-22,1397-03-01,1397,3,gbp_free_market,89266.52173913043,IRR per GBP,tgju.org API (Jalali-month mean),99710.0
2018-06-22,1397-04-01,1397,4,gbp_free_market,108114.63636363635,IRR per GBP,tgju.org API (Jalali-month mean),122740.0
2018-07-23,1397-05-01,1397,5,gbp_free_market,132002.65217391303,IRR per GBP,tgju.org API (Jalali-month mean),134140.0
2018-08-23,1397-06-01,1397,6,gbp_free_market,167998.2105263158,IRR per GBP,tgju.org API (Jalali-month mean),194970.0
2018-09-23,1397-07-01,1397,7,gbp_free_market,180525.3333333333,IRR per GBP,tgju.org API (Jalali-month mean),170255.0
2018-10-23,1397-08-01,1397,8,gbp_free_market,170191.21739130435,IRR per GBP,tgju.org API (Jalali-month mean),157957.0
2018-11-22,1397-09-01,1397,9,gbp_free_market,149793.7619047619,IRR per GBP,tgju.org API (Jalali-month mean),126941.0
2018-12-22,1397-10-01,1397,10,gbp_free_market,139064.2380952381,IRR per GBP,tgju.org API (Jalali-month mean),149630.0
2019-01-21,1397-11-01,1397,11,gbp_free_market,155339.55,IRR per GBP,tgju.org API (Jalali-month mean),169400.0
2019-02-20,1397-12-01,1397,12,gbp_free_market,171725.05263157896,IRR per GBP,tgju.org API (Jalali-month mean),171190.0
2019-03-21,1398-01-01,1398,1,gbp_free_market,176168.625,IRR per GBP,tgju.org API (Jalali-month mean),179403.0
2019-04-21,1398-02-01,1398,2,gbp_free_market,189223.45454545456,IRR per GBP,tgju.org API (Jalali-month mean),183140.0
2019-05-22,1398-03-01,1398,3,gbp_free_market,170091.75,IRR per GBP,tgju.org API (Jalali-month mean),168360.0
2019-06-22,1398-04-01,1398,4,gbp_free_market,160233.86363636365,IRR per GBP,tgju.org API (Jalali-month mean),155970.0
2019-07-23,1398-05-01,1398,5,gbp_free_market,145092.22222222222,IRR per GBP,tgju.org API (Jalali-month mean),142100.0
2019-08-23,1398-06-01,1398,6,gbp_free_market,141026.73684210525,IRR per GBP,tgju.org API (Jalali-month mean),142260.0
2019-09-23,1398-07-01,1398,7,gbp_free_market,144073.2857142857,IRR per GBP,tgju.org API (Jalali-month mean),145580.0
2019-10-23,1398-08-01,1398,8,gbp_free_market,150687.55555555556,IRR per GBP,tgju.org API (Jalali-month mean),154402.0
2019-11-22,1398-09-01,1398,9,gbp_free_market,169150.52380952382,IRR per GBP,tgju.org API (Jalali-month mean),172080.0
2019-12-22,1398-10-01,1398,10,gbp_free_market,176421.0,IRR per GBP,tgju.org API (Jalali-month mean),176150.0
2020-01-21,1398-11-01,1398,11,gbp_free_market,180905.4782608696,IRR per GBP,tgju.org API (Jalali-month mean),185890.0
2020-02-20,1398-12-01,1398,12,gbp_free_market,198750.4347826087,IRR per GBP,tgju.org API (Jalali-month mean),188630.0
2020-03-20,1399-01-01,1399,1,gbp_free_market,198092.75,IRR per GBP,tgju.org API (Jalali-month mean),192720.0
2020-04-20,1399-02-01,1399,2,gbp_free_market,205179.25925925927,IRR per GBP,tgju.org API (Jalali-month mean),216880.0
2020-05-21,1399-03-01,1399,3,gbp_free_market,225001.95,IRR per GBP,tgju.org API (Jalali-month mean),241140.0
2020-06-21,1399-04-01,1399,4,gbp_free_market,273583.26923076925,IRR per GBP,tgju.org API (Jalali-month mean),275950.0
2020-07-22,1399-05-01,1399,5,gbp_free_market,299694.4,IRR per GBP,tgju.org API (Jalali-month mean),304020.0
2020-08-22,1399-06-01,1399,6,gbp_free_market,329509.2,IRR per GBP,tgju.org API (Jalali-month mean),350720.0
2020-09-22,1399-07-01,1399,7,gbp_free_market,387252.60869565216,IRR per GBP,tgju.org API (Jalali-month mean),400390.0
2020-10-22,1399-08-01,1399,8,gbp_free_market,366467.2727272727,IRR per GBP,tgju.org API (Jalali-month mean),347270.0
2020-11-21,1399-09-01,1399,9,gbp_free_market,345289.92,IRR per GBP,tgju.org API (Jalali-month mean),341810.0
2020-12-21,1399-10-01,1399,10,gbp_free_market,341819.1666666667,IRR per GBP,tgju.org API (Jalali-month mean),312000.0
2021-01-20,1399-11-01,1399,11,gbp_free_market,340228.4,IRR per GBP,tgju.org API (Jalali-month mean),365420.0
2021-02-19,1399-12-01,1399,12,gbp_free_market,351243.1818181818,IRR per GBP,tgju.org API (Jalali-month mean),352990.0
2021-03-21,1400-01-01,1400,1,gbp_free_market,348163.61904761905,IRR per GBP,tgju.org API (Jalali-month mean),339380.0
2021-04-21,1400-02-01,1400,2,gbp_free_market,323014.39130434784,IRR per GBP,tgju.org API (Jalali-month mean),327870.0
2021-05-22,1400-03-01,1400,3,gbp_free_market,339866.0,IRR per GBP,tgju.org API (Jalali-month mean),342230.0
2021-06-22,1400-04-01,1400,4,gbp_free_market,346224.8,IRR per GBP,tgju.org API (Jalali-month mean),341450.0
2021-07-23,1400-05-01,1400,5,gbp_free_market,363470.4347826087,IRR per GBP,tgju.org API (Jalali-month mean),381840.0
2021-08-23,1400-06-01,1400,6,gbp_free_market,380795.9259259259,IRR per GBP,tgju.org API (Jalali-month mean),378710.0
2021-09-23,1400-07-01,1400,7,gbp_free_market,378485.4761904762,IRR per GBP,tgju.org API (Jalali-month mean),378630.0
2021-10-23,1400-08-01,1400,8,gbp_free_market,380318.4,IRR per GBP,tgju.org API (Jalali-month mean),382220.0
2021-11-22,1400-09-01,1400,9,gbp_free_market,397755.7692307693,IRR per GBP,tgju.org API (Jalali-month mean),403010.0
2021-12-22,1400-10-01,1400,10,gbp_free_market,390122.0,IRR per GBP,tgju.org API (Jalali-month mean),378200.0
2022-01-21,1400-11-01,1400,11,gbp_free_market,368148.2727272727,IRR per GBP,tgju.org API (Jalali-month mean),348160.0
2022-02-20,1400-12-01,1400,12,gbp_free_market,347217.2173913043,IRR per GBP,tgju.org API (Jalali-month mean),345556.0
2022-03-21,1401-01-01,1401,1,gbp_free_market,360748.6363636364,IRR per GBP,tgju.org API (Jalali-month mean),363090.0
2022-04-21,1401-02-01,1401,2,gbp_free_market,361935.1818181818,IRR per GBP,tgju.org API (Jalali-month mean),378710.0
2022-05-22,1401-03-01,1401,3,gbp_free_market,390290.5416666667,IRR per GBP,tgju.org API (Jalali-month mean),393470.0
2022-06-22,1401-04-01,1401,4,gbp_free_market,380657.5,IRR per GBP,tgju.org API (Jalali-month mean),380770.0
2022-07-23,1401-05-01,1401,5,gbp_free_market,374373.6,IRR per GBP,tgju.org API (Jalali-month mean),348240.0
2022-08-23,1401-06-01,1401,6,gbp_free_market,353475.3846153846,IRR per GBP,tgju.org API (Jalali-month mean),357760.0
2022-09-23,1401-07-01,1401,7,gbp_free_market,364843.1818181818,IRR per GBP,tgju.org API (Jalali-month mean),371480.0
2022-10-23,1401-08-01,1401,8,gbp_free_market,401847.3076923077,IRR per GBP,tgju.org API (Jalali-month mean),423300.0
2022-11-22,1401-09-01,1401,9,gbp_free_market,452753.64,IRR per GBP,tgju.org API (Jalali-month mean),479320.0
2022-12-22,1401-10-01,1401,10,gbp_free_market,500776.1904761905,IRR per GBP,tgju.org API (Jalali-month mean),542239.0
2023-01-21,1401-11-01,1401,11,gbp_free_market,553548.5789473684,IRR per GBP,tgju.org API (Jalali-month mean),600350.0
2023-02-20,1401-12-01,1401,12,gbp_free_market,597892.947368421,IRR per GBP,tgju.org API (Jalali-month mean),661000.0
2023-03-21,1402-01-01,1402,1,gbp_free_market,640668.4210526316,IRR per GBP,tgju.org API (Jalali-month mean),643483.0
2023-04-21,1402-02-01,1402,2,gbp_free_market,662350.7727272727,IRR per GBP,tgju.org API (Jalali-month mean),650130.0
2023-05-22,1402-03-01,1402,3,gbp_free_market,627953.6,IRR per GBP,tgju.org API (Jalali-month mean),633680.0
2023-06-22,1402-04-01,1402,4,gbp_free_market,634912.0,IRR per GBP,tgju.org API (Jalali-month mean),621370.0
2023-07-23,1402-05-01,1402,5,gbp_free_market,629273.48,IRR per GBP,tgju.org API (Jalali-month mean),623790.0
2023-08-23,1402-06-01,1402,6,gbp_free_market,619190.4347826086,IRR per GBP,tgju.org API (Jalali-month mean),605690.0
2023-09-23,1402-07-01,1402,7,gbp_free_market,619855.6521739131,IRR per GBP,tgju.org API (Jalali-month mean),619100.0
2023-10-23,1402-08-01,1402,8,gbp_free_market,628518.0769230769,IRR per GBP,tgju.org API (Jalali-month mean),625240.0
2023-11-22,1402-09-01,1402,9,gbp_free_market,636879.0833333334,IRR per GBP,tgju.org API (Jalali-month mean),633700.0
2023-12-22,1402-10-01,1402,10,gbp_free_market,654773.8461538461,IRR per GBP,tgju.org API (Jalali-month mean),684910.0
2024-01-21,1402-11-01,1402,11,gbp_free_market,708685.5,IRR per GBP,tgju.org API (Jalali-month mean),715080.0
2024-02-20,1402-12-01,1402,12,gbp_free_market,755414.8181818182,IRR per GBP,tgju.org API (Jalali-month mean),767760.0
2024-03-20,1403-01-01,1403,1,gbp_free_market,806840.0,IRR per GBP,tgju.org API (Jalali-month mean),806190.0
2024-04-20,1403-02-01,1403,2,gbp_free_market,766175.0,IRR per GBP,tgju.org API (Jalali-month mean),733100.0
2024-05-21,1403-03-01,1403,3,gbp_free_market,747956.9565217391,IRR per GBP,tgju.org API (Jalali-month mean),751100.0
2024-06-21,1403-04-01,1403,4,gbp_free_market,764329.1666666666,IRR per GBP,tgju.org API (Jalali-month mean),743700.0
2024-07-22,1403-05-01,1403,5,gbp_free_market,768561.5384615385,IRR per GBP,tgju.org API (Jalali-month mean),775500.0
2024-08-22,1403-06-01,1403,6,gbp_free_market,784323.8095238095,IRR per GBP,tgju.org API (Jalali-month mean),793000.0
2024-09-22,1403-07-01,1403,7,gbp_free_market,826042.3076923077,IRR per GBP,tgju.org API (Jalali-month mean),858800.0
2024-10-22,1403-08-01,1403,8,gbp_free_market,880865.3846153846,IRR per GBP,tgju.org API (Jalali-month mean),875500.0
2024-11-21,1403-09-01,1403,9,gbp_free_market,918941.6666666666,IRR per GBP,tgju.org API (Jalali-month mean),959800.0
2024-12-21,1403-10-01,1403,10,gbp_free_market,998696.0,IRR per GBP,tgju.org API (Jalali-month mean),1001100.0
2025-01-20,1403-11-01,1403,11,gbp_free_market,1083950.0,IRR per GBP,tgju.org API (Jalali-month mean),1167900.0
2025-02-19,1403-12-01,1403,12,gbp_free_market,1187552.1739130437,IRR per GBP,tgju.org API (Jalali-month mean),1278100.0
2025-03-21,1404-01-01,1404,1,gbp_free_market,1241930.0,IRR per GBP,tgju.org API (Jalali-month mean),1097200.0
2025-04-21,1404-02-01,1404,2,gbp_free_market,1102973.076923077,IRR per GBP,tgju.org API (Jalali-month mean),1110700.0
2025-05-22,1404-03-01,1404,3,gbp_free_market,1115475.0,IRR per GBP,tgju.org API (Jalali-month mean),1136200.0
2025-06-22,1404-04-01,1404,4,gbp_free_market,1200570.0,IRR per GBP,tgju.org API (Jalali-month mean),1194100.0
2025-07-23,1404-05-01,1404,5,gbp_free_market,1232941.6666666667,IRR per GBP,tgju.org API (Jalali-month mean),1278000.0
2025-08-23,1404-06-01,1404,6,gbp_free_market,1360712.5,IRR per GBP,tgju.org API (Jalali-month mean),1405800.0
2025-09-23,1404-07-01,1404,7,gbp_free_market,1490188.4615384615,IRR per GBP,tgju.org API (Jalali-month mean),1437300.0
2025-10-23,1404-08-01,1404,8,gbp_free_market,1441916.0,IRR per GBP,tgju.org API (Jalali-month mean),1482900.0
2025-11-22,1404-09-01,1404,9,gbp_free_market,1635472.0,IRR per GBP,tgju.org API (Jalali-month mean),1755400.0
2025-12-22,1404-10-01,1404,10,gbp_free_market,1908836.0,IRR per GBP,tgju.org API (Jalali-month mean),1960100.0
2026-01-21,1404-11-01,1404,11,gbp_free_market,2130637.5,IRR per GBP,tgju.org API (Jalali-month mean),2202700.0
2026-02-20,1404-12-01,1404,12,gbp_free_market,2176837.5,IRR per GBP,tgju.org API (Jalali-month mean),2092300.0
2026-03-21,1405-01-01,1405,1,gbp_free_market,2084732.0,IRR per GBP,tgju.org API (Jalali-month mean),2048600.0
2026-04-21,1405-02-01,1405,2,gbp_free_market,2352107.407407407,IRR per GBP,tgju.org API (Jalali-month mean),2402600.0
2026-05-22,1405-03-01,1405,3,gbp_free_market,2286860.0,IRR per GBP,tgju.org API (Jalali-month mean),2112300.0
2026-06-22,1405-04-01,1405,4,gbp_free_market,2393991.6666666665,IRR per GBP,tgju.org API (Jalali-month mean),2581500.0
2026-07-23,1405-05-01,1405,5,gbp_free_market,2545883.333333333,IRR per GBP,tgju.org API (Jalali-month mean),2532500.0
2013-06-22,1392-04-01,1392,4,gold_18k,1000000.0,IRR per gram,tgju.org API (Jalali-month mean),1000000.0
2013-07-23,1392-05-01,1392,5,gold_18k,1038368.4210526316,IRR per gram,tgju.org API (Jalali-month mean),1042000.0
2013-08-23,1392-06-01,1392,6,gold_18k,1061391.3043478262,IRR per gram,tgju.org API (Jalali-month mean),960000.0
2013-09-23,1392-07-01,1392,7,gold_18k,976086.9565217393,IRR per gram,tgju.org API (Jalali-month mean),977000.0
2013-10-23,1392-08-01,1392,8,gold_18k,961363.6363636364,IRR per gram,tgju.org API (Jalali-month mean),920000.0
2013-11-22,1392-09-01,1392,9,gold_18k,885416.6666666666,IRR per gram,tgju.org API (Jalali-month mean),870000.0
2013-12-22,1392-10-01,1392,10,gold_18k,892666.6666666666,IRR per gram,tgju.org API (Jalali-month mean),878000.0
2014-01-21,1392-11-01,1392,11,gold_18k,909727.5,IRR per gram,tgju.org API (Jalali-month mean),951110.0
2014-02-20,1392-12-01,1392,12,gold_18k,984875.0,IRR per gram,tgju.org API (Jalali-month mean),976500.0
2014-03-21,1393-01-01,1393,1,gold_18k,985998.0,IRR per gram,tgju.org API (Jalali-month mean),1007700.0
2014-04-21,1393-02-01,1393,2,gold_18k,1021893.6,IRR per gram,tgju.org API (Jalali-month mean),1009740.0
2014-05-22,1393-03-01,1393,3,gold_18k,978603.7647058824,IRR per gram,tgju.org API (Jalali-month mean),993810.0
2014-06-22,1393-04-01,1393,4,gold_18k,977634.8695652174,IRR per gram,tgju.org API (Jalali-month mean),971420.0
2014-07-23,1393-05-01,1393,5,gold_18k,971780.894736842,IRR per gram,tgju.org API (Jalali-month mean),958797.0
2014-08-23,1393-06-01,1393,6,gold_18k,959957.5454545454,IRR per gram,tgju.org API (Jalali-month mean),946750.0
2014-09-23,1393-07-01,1393,7,gold_18k,958329.2105263158,IRR per gram,tgju.org API (Jalali-month mean),956716.0
2014-10-23,1393-08-01,1393,8,gold_18k,934629.5,IRR per gram,tgju.org API (Jalali-month mean),936370.0
2014-11-22,1393-09-01,1393,9,gold_18k,983942.3333333334,IRR per gram,tgju.org API (Jalali-month mean),1010170.0
2014-12-22,1393-10-01,1393,10,gold_18k,1020267.1,IRR per gram,tgju.org API (Jalali-month mean),1066680.0
2015-01-21,1393-11-01,1393,11,gold_18k,1027029.55,IRR per gram,tgju.org API (Jalali-month mean),990564.0
2015-02-20,1393-12-01,1393,12,gold_18k,976595.55,IRR per gram,tgju.org API (Jalali-month mean),972280.0
2015-03-21,1394-01-01,1394,1,gold_18k,980175.7058823528,IRR per gram,tgju.org API (Jalali-month mean),983650.0
2015-04-21,1394-02-01,1394,2,gold_18k,966263.85,IRR per gram,tgju.org API (Jalali-month mean),955524.0
2015-05-22,1394-03-01,1394,3,gold_18k,938053.3,IRR per gram,tgju.org API (Jalali-month mean),920690.0
2015-06-22,1394-04-01,1394,4,gold_18k,905454.0476190476,IRR per gram,tgju.org API (Jalali-month mean),889643.0
2015-07-23,1394-05-01,1394,5,gold_18k,905657.4210526316,IRR per gram,tgju.org API (Jalali-month mean),958050.0
2015-08-23,1394-06-01,1394,6,gold_18k,937700.5652173914,IRR per gram,tgju.org API (Jalali-month mean),932450.0
2015-09-23,1394-07-01,1394,7,gold_18k,953289.2857142856,IRR per gram,tgju.org API (Jalali-month mean),958597.0
2015-10-23,1394-08-01,1394,8,gold_18k,939234.761904762,IRR per gram,tgju.org API (Jalali-month mean),922300.0
2015-11-22,1394-09-01,1394,9,gold_18k,932662.6315789474,IRR per gram,tgju.org API (Jalali-month mean),943300.0
2015-12-22,1394-10-01,1394,10,gold_18k,955135.7142857144,IRR per gram,tgju.org API (Jalali-month mean),949010.0
2016-01-21,1394-11-01,1394,11,gold_18k,981712.5,IRR per gram,tgju.org API (Jalali-month mean),1001900.0
2016-02-20,1394-12-01,1394,12,gold_18k,1023704.2105263158,IRR per gram,tgju.org API (Jalali-month mean),1034820.0
2016-03-20,1395-01-01,1395,1,gold_18k,1046023.95,IRR per gram,tgju.org API (Jalali-month mean),1048700.0
2016-04-20,1395-02-01,1395,2,gold_18k,1052069.0909090908,IRR per gram,tgju.org API (Jalali-month mean),1030260.0
2016-05-21,1395-03-01,1395,3,gold_18k,1032617.8095238096,IRR per gram,tgju.org API (Jalali-month mean),1046150.0
2016-06-21,1395-04-01,1395,4,gold_18k,1108734.25,IRR per gram,tgju.org API (Jalali-month mean),1106876.0
2016-07-22,1395-05-01,1395,5,gold_18k,1131583.142857143,IRR per gram,tgju.org API (Jalali-month mean),1131490.0
2016-08-22,1395-06-01,1395,6,gold_18k,1134908.857142857,IRR per gram,tgju.org API (Jalali-month mean),1139923.0
2016-09-22,1395-07-01,1395,7,gold_18k,1114307.105263158,IRR per gram,tgju.org API (Jalali-month mean),1100745.0
2016-10-22,1395-08-01,1395,8,gold_18k,1116928.0,IRR per gram,tgju.org API (Jalali-month mean),1099910.0
2016-11-21,1395-09-01,1395,9,gold_18k,1122928.75,IRR per gram,tgju.org API (Jalali-month mean),1127570.0
2016-12-21,1395-10-01,1395,10,gold_18k,1144613.3333333333,IRR per gram,tgju.org API (Jalali-month mean),1145176.0
2017-01-20,1395-11-01,1395,11,gold_18k,1146632.0,IRR per gram,tgju.org API (Jalali-month mean),1148330.0
2017-02-19,1395-12-01,1395,12,gold_18k,1144452.3,IRR per gram,tgju.org API (Jalali-month mean),1153640.0
2017-03-21,1396-01-01,1396,1,gold_18k,1172803.705882353,IRR per gram,tgju.org API (Jalali-month mean),1179830.0
2017-04-21,1396-02-01,1396,2,gold_18k,1153952.3333333333,IRR per gram,tgju.org API (Jalali-month mean),1151790.0
2017-05-22,1396-03-01,1396,3,gold_18k,1143672.4761904762,IRR per gram,tgju.org API (Jalali-month mean),1146778.0
2017-06-22,1396-04-01,1396,4,gold_18k,1143422.3157894737,IRR per gram,tgju.org API (Jalali-month mean),1146480.0
2017-07-23,1396-05-01,1396,5,gold_18k,1176617.652173913,IRR per gram,tgju.org API (Jalali-month mean),1191500.0
2017-08-23,1396-06-01,1396,6,gold_18k,1234967.9,IRR per gram,tgju.org API (Jalali-month mean),1200472.0
2017-09-23,1396-07-01,1396,7,gold_18k,1228626.5,IRR per gram,tgju.org API (Jalali-month mean),1226350.0
2017-10-23,1396-08-01,1396,8,gold_18k,1248655.761904762,IRR per gram,tgju.org API (Jalali-month mean),1269060.0
2017-11-22,1396-09-01,1396,9,gold_18k,1288842.7,IRR per gram,tgju.org API (Jalali-month mean),1291153.0
2017-12-22,1396-10-01,1396,10,gold_18k,1369597.3333333333,IRR per gram,tgju.org API (Jalali-month mean),1441750.0
2018-01-21,1396-11-01,1396,11,gold_18k,1465246.35,IRR per gram,tgju.org API (Jalali-month mean),1432348.0
2018-02-20,1396-12-01,1396,12,gold_18k,1497020.4347826086,IRR per gram,tgju.org API (Jalali-month mean),1533410.0
2018-03-21,1397-01-01,1397,1,gold_18k,1642654.2105263155,IRR per gram,tgju.org API (Jalali-month mean),1698710.0
2018-04-21,1397-02-01,1397,2,gold_18k,1839726.923076923,IRR per gram,tgju.org API (Jalali-month mean),1872300.0
2018-05-22,1397-03-01,1397,3,gold_18k,2032021.7391304348,IRR per gram,tgju.org API (Jalali-month mean),2240300.0
2018-06-22,1397-04-01,1397,4,gold_18k,2403148.0,IRR per gram,tgju.org API (Jalali-month mean),2754500.0
2018-07-23,1397-05-01,1397,5,gold_18k,2916175.0,IRR per gram,tgju.org API (Jalali-month mean),2956200.0
2018-08-23,1397-06-01,1397,6,gold_18k,3547656.086956522,IRR per gram,tgju.org API (Jalali-month mean),4196000.0
2018-09-23,1397-07-01,1397,7,gold_18k,4270247.5,IRR per gram,tgju.org API (Jalali-month mean),4051080.0
2018-10-23,1397-08-01,1397,8,gold_18k,3947346.909090909,IRR per gram,tgju.org API (Jalali-month mean),3684690.0
2018-11-22,1397-09-01,1397,9,gold_18k,3276547.777777778,IRR per gram,tgju.org API (Jalali-month mean),3030820.0
2018-12-22,1397-10-01,1397,10,gold_18k,3421997.3181818184,IRR per gram,tgju.org API (Jalali-month mean),3696200.0
2019-01-21,1397-11-01,1397,11,gold_18k,3812404.5,IRR per gram,tgju.org API (Jalali-month mean),4389900.0
2019-02-20,1397-12-01,1397,12,gold_18k,4194564.736842105,IRR per gram,tgju.org API (Jalali-month mean),4288300.0
2019-03-21,1398-01-01,1398,1,gold_18k,4359956.25,IRR per gram,tgju.org API (Jalali-month mean),4376100.0
2019-04-21,1398-02-01,1398,2,gold_18k,4493527.2727272725,IRR per gram,tgju.org API (Jalali-month mean),4403000.0
2019-05-22,1398-03-01,1398,3,gold_18k,4217087.5,IRR per gram,tgju.org API (Jalali-month mean),4348500.0
2019-06-22,1398-04-01,1398,4,gold_18k,4229195.454545454,IRR per gram,tgju.org API (Jalali-month mean),4172000.0
2019-07-23,1398-05-01,1398,5,gold_18k,4116788.888888889,IRR per gram,tgju.org API (Jalali-month mean),4168600.0
2019-08-23,1398-06-01,1398,6,gold_18k,4095184.210526316,IRR per gram,tgju.org API (Jalali-month mean),4077000.0
2019-09-23,1398-07-01,1398,7,gold_18k,4062057.142857143,IRR per gram,tgju.org API (Jalali-month mean),3959000.0
2019-10-23,1398-08-01,1398,8,gold_18k,4105766.6666666665,IRR per gram,tgju.org API (Jalali-month mean),4230100.0
2019-11-22,1398-09-01,1398,9,gold_18k,4485923.80952381,IRR per gram,tgju.org API (Jalali-month mean),4613000.0
2019-12-22,1398-10-01,1398,10,gold_18k,4856418.181818182,IRR per gram,tgju.org API (Jalali-month mean),4934000.0
2020-01-21,1398-11-01,1398,11,gold_18k,5172160.869565218,IRR per gram,tgju.org API (Jalali-month mean),5485000.0
2020-02-20,1398-12-01,1398,12,gold_18k,6020086.956521739,IRR per gram,tgju.org API (Jalali-month mean),6026000.0
2020-03-20,1399-01-01,1399,1,gold_18k,6333950.0,IRR per gram,tgju.org API (Jalali-month mean),6116000.0
2020-04-20,1399-02-01,1399,2,gold_18k,6678740.740740741,IRR per gram,tgju.org API (Jalali-month mean),7367000.0
2020-05-21,1399-03-01,1399,3,gold_18k,7350220.0,IRR per gram,tgju.org API (Jalali-month mean),8027000.0
2020-06-21,1399-04-01,1399,4,gold_18k,9294761.538461538,IRR per gram,tgju.org API (Jalali-month mean),9664000.0
2020-07-22,1399-05-01,1399,5,gold_18k,10533240.0,IRR per gram,tgju.org API (Jalali-month mean),10521000.0
2020-08-22,1399-06-01,1399,6,gold_18k,11399240.0,IRR per gram,tgju.org API (Jalali-month mean),12356000.0
2020-09-22,1399-07-01,1399,7,gold_18k,13470221.739130436,IRR per gram,tgju.org API (Jalali-month mean),13568000.0
2020-10-22,1399-08-01,1399,8,gold_18k,12211427.272727272,IRR per gram,tgju.org API (Jalali-month mean),11130000.0
2020-11-21,1399-09-01,1399,9,gold_18k,11130396.0,IRR per gram,tgju.org API (Jalali-month mean),11412000.0
2020-12-21,1399-10-01,1399,10,gold_18k,11166275.0,IRR per gram,tgju.org API (Jalali-month mean),9923000.0
2021-01-20,1399-11-01,1399,11,gold_18k,10997360.0,IRR per gram,tgju.org API (Jalali-month mean),11409000.0
2021-02-19,1399-12-01,1399,12,gold_18k,10622318.181818182,IRR per gram,tgju.org API (Jalali-month mean),10855000.0
2021-03-21,1400-01-01,1400,1,gold_18k,10546195.23809524,IRR per gram,tgju.org API (Jalali-month mean),10216000.0
2021-04-21,1400-02-01,1400,2,gold_18k,9871930.43478261,IRR per gram,tgju.org API (Jalali-month mean),10193000.0
2021-05-22,1400-03-01,1400,3,gold_18k,10643840.0,IRR per gram,tgju.org API (Jalali-month mean),10440000.0
2021-06-22,1400-04-01,1400,4,gold_18k,10568748.0,IRR per gram,tgju.org API (Jalali-month mean),10537000.0
2021-07-23,1400-05-01,1400,5,gold_18k,11081608.695652174,IRR per gram,tgju.org API (Jalali-month mean),11733000.0
2021-08-23,1400-06-01,1400,6,gold_18k,11615444.444444444,IRR per gram,tgju.org API (Jalali-month mean),11523000.0
2021-09-23,1400-07-01,1400,7,gold_18k,11494090.476190476,IRR per gram,tgju.org API (Jalali-month mean),11490000.0
2021-10-23,1400-08-01,1400,8,gold_18k,12105840.0,IRR per gram,tgju.org API (Jalali-month mean),12520000.0
2021-11-22,1400-09-01,1400,9,gold_18k,12824461.538461538,IRR per gram,tgju.org API (Jalali-month mean),13005000.0
2021-12-22,1400-10-01,1400,10,gold_18k,12488720.0,IRR per gram,tgju.org API (Jalali-month mean),12180000.0
2022-01-21,1400-11-01,1400,11,gold_18k,12051004.545454543,IRR per gram,tgju.org API (Jalali-month mean),11730000.0
2022-02-20,1400-12-01,1400,12,gold_18k,12145578.260869564,IRR per gram,tgju.org API (Jalali-month mean),12331300.0
2022-03-21,1401-01-01,1401,1,gold_18k,12891154.545454543,IRR per gram,tgju.org API (Jalali-month mean),12938400.0
2022-04-21,1401-02-01,1401,2,gold_18k,13283652.38095238,IRR per gram,tgju.org API (Jalali-month mean),13797000.0
2022-05-22,1401-03-01,1401,3,gold_18k,14302562.5,IRR per gram,tgju.org API (Jalali-month mean),14434000.0
2022-06-22,1401-04-01,1401,4,gold_18k,13881000.0,IRR per gram,tgju.org API (Jalali-month mean),13536000.0
2022-07-23,1401-05-01,1401,5,gold_18k,13313400.0,IRR per gram,tgju.org API (Jalali-month mean),12511000.0
2022-08-23,1401-06-01,1401,6,gold_18k,12919730.76923077,IRR per gram,tgju.org API (Jalali-month mean),13323000.0
2022-09-23,1401-07-01,1401,7,gold_18k,13539000.0,IRR per gram,tgju.org API (Jalali-month mean),13420000.0
2022-10-23,1401-08-01,1401,8,gold_18k,14403592.0,IRR per gram,tgju.org API (Jalali-month mean),14997000.0
2022-11-22,1401-09-01,1401,9,gold_18k,16247660.0,IRR per gram,tgju.org API (Jalali-month mean),18001000.0
2022-12-22,1401-10-01,1401,10,gold_18k,18935304.76190476,IRR per gram,tgju.org API (Jalali-month mean),20591900.0
2023-01-21,1401-11-01,1401,11,gold_18k,21227636.842105266,IRR per gram,tgju.org API (Jalali-month mean),23438000.0
2023-02-20,1401-12-01,1401,12,gold_18k,24026073.684210528,IRR per gram,tgju.org API (Jalali-month mean),26323700.0
2023-03-21,1402-01-01,1402,1,gold_18k,25777700.0,IRR per gram,tgju.org API (Jalali-month mean),26021000.0
2023-04-21,1402-02-01,1402,2,gold_18k,26336518.181818184,IRR per gram,tgju.org API (Jalali-month mean),25774000.0
2023-05-22,1402-03-01,1402,3,gold_18k,24068960.0,IRR per gram,tgju.org API (Jalali-month mean),23352000.0
2023-06-22,1402-04-01,1402,4,gold_18k,23468320.0,IRR per gram,tgju.org API (Jalali-month mean),22722000.0
2023-07-23,1402-05-01,1402,5,gold_18k,23330824.0,IRR per gram,tgju.org API (Jalali-month mean),23163000.0
2023-08-23,1402-06-01,1402,6,gold_18k,23371521.739130437,IRR per gram,tgju.org API (Jalali-month mean),23234000.0
2023-09-23,1402-07-01,1402,7,gold_18k,23508743.47826087,IRR per gram,tgju.org API (Jalali-month mean),24061000.0
2023-10-23,1402-08-01,1402,8,gold_18k,24503846.153846152,IRR per gram,tgju.org API (Jalali-month mean),24144000.0
2023-11-22,1402-09-01,1402,9,gold_18k,24643091.666666668,IRR per gram,tgju.org API (Jalali-month mean),24638000.0
2023-12-22,1402-10-01,1402,10,gold_18k,25834615.384615384,IRR per gram,tgju.org API (Jalali-month mean),27221000.0
2024-01-21,1402-11-01,1402,11,gold_18k,27890927.272727277,IRR per gram,tgju.org API (Jalali-month mean),27990000.0
2024-02-20,1402-12-01,1402,12,gold_18k,30453263.63636364,IRR per gram,tgju.org API (Jalali-month mean),32536000.0
2024-03-20,1403-01-01,1403,1,gold_18k,35491950.0,IRR per gram,tgju.org API (Jalali-month mean),36620000.0
2024-04-20,1403-02-01,1403,2,gold_18k,34436692.307692304,IRR per gram,tgju.org API (Jalali-month mean),33552000.0
2024-05-21,1403-03-01,1403,3,gold_18k,33429273.91304348,IRR per gram,tgju.org API (Jalali-month mean),33669000.0
2024-06-21,1403-04-01,1403,4,gold_18k,34228958.333333336,IRR per gram,tgju.org API (Jalali-month mean),33436000.0
2024-07-22,1403-05-01,1403,5,gold_18k,35083923.07692308,IRR per gram,tgju.org API (Jalali-month mean),35828000.0
2024-08-22,1403-06-01,1403,6,gold_18k,36617285.71428572,IRR per gram,tgju.org API (Jalali-month mean),38054000.0
2024-09-22,1403-07-01,1403,7,gold_18k,40849846.15384615,IRR per gram,tgju.org API (Jalali-month mean),44368000.0
2024-10-22,1403-08-01,1403,8,gold_18k,44931423.07692308,IRR per gram,tgju.org API (Jalali-month mean),45197000.0
2024-11-21,1403-09-01,1403,9,gold_18k,47084458.333333336,IRR per gram,tgju.org API (Jalali-month mean),48918000.0
2024-12-21,1403-10-01,1403,10,gold_18k,51953960.0,IRR per gram,tgju.org API (Jalali-month mean),52797000.0
2025-01-20,1403-11-01,1403,11,gold_18k,60049208.333333336,IRR per gram,tgju.org API (Jalali-month mean),67565000.0
2025-02-19,1403-12-01,1403,12,gold_18k,67787043.47826087,IRR per gram,tgju.org API (Jalali-month mean),81094000.0
2025-03-21,1404-01-01,1404,1,gold_18k,74251190.47619048,IRR per gram,tgju.org API (Jalali-month mean),66330000.0
2025-04-21,1404-02-01,1404,2,gold_18k,65595115.38461538,IRR per gram,tgju.org API (Jalali-month mean),65317000.0
2025-05-22,1404-03-01,1404,3,gold_18k,65195687.5,IRR per gram,tgju.org API (Jalali-month mean),67741000.0
2025-06-22,1404-04-01,1404,4,gold_18k,71035095.23809524,IRR per gram,tgju.org API (Jalali-month mean),71344000.0
2025-07-23,1404-05-01,1404,5,gold_18k,74326916.66666667,IRR per gram,tgju.org API (Jalali-month mean),78453000.0
2025-08-23,1404-06-01,1404,6,gold_18k,86694416.66666667,IRR per gram,tgju.org API (Jalali-month mean),93605000.0
2025-09-23,1404-07-01,1404,7,gold_18k,107467653.84615384,IRR per gram,tgju.org API (Jalali-month mean),108639000.0
2025-10-23,1404-08-01,1404,8,gold_18k,107935440.0,IRR per gram,tgju.org API (Jalali-month mean),113494000.0
2025-11-22,1404-09-01,1404,9,gold_18k,125865720.0,IRR per gram,tgju.org API (Jalali-month mean),136470000.0
2025-12-22,1404-10-01,1404,10,gold_18k,153069320.0,IRR per gram,tgju.org API (Jalali-month mean),158569000.0
2026-01-21,1404-11-01,1404,11,gold_18k,185779208.3333333,IRR per gram,tgju.org API (Jalali-month mean),198846000.0
2026-02-20,1404-12-01,1404,12,gold_18k,194782458.4583333,IRR per gram,tgju.org API (Jalali-month mean),176392642.0
2026-03-21,1405-01-01,1405,1,gold_18k,176117040.0,IRR per gram,tgju.org API (Jalali-month mean),170571000.0
2026-04-21,1405-02-01,1405,2,gold_18k,189698148.14814812,IRR per gram,tgju.org API (Jalali-month mean),191502000.0
2026-05-22,1405-03-01,1405,3,gold_18k,175320243.45833334,IRR per gram,tgju.org API (Jalali-month mean),161602000.0
2026-06-22,1405-04-01,1405,4,gold_18k,176641041.66666666,IRR per gram,tgju.org API (Jalali-month mean),190034000.0
2026-07-23,1405-05-01,1405,5,gold_18k,184638500.0,IRR per gram,tgju.org API (Jalali-month mean),185782000.0
2014-04-21,1393-02-01,1393,2,gold_24k,1351009.9090909092,IRR per gram,tgju.org API (Jalali-month mean),1344630.0
2014-05-22,1393-03-01,1393,3,gold_24k,1313535.6842105263,IRR per gram,tgju.org API (Jalali-month mean),1316049.0
2014-06-22,1393-04-01,1393,4,gold_24k,1306854.7692307692,IRR per gram,tgju.org API (Jalali-month mean),1303265.0
2014-07-23,1393-05-01,1393,5,gold_24k,1295460.0869565215,IRR per gram,tgju.org API (Jalali-month mean),1286270.0
2014-08-23,1393-06-01,1393,6,gold_24k,1277284.8076923075,IRR per gram,tgju.org API (Jalali-month mean),1256756.0
2014-09-23,1393-07-01,1393,7,gold_24k,1273303.375,IRR per gram,tgju.org API (Jalali-month mean),1271599.0
2014-10-23,1393-08-01,1393,8,gold_24k,1248965.4347826086,IRR per gram,tgju.org API (Jalali-month mean),1257518.0
2014-11-22,1393-09-01,1393,9,gold_24k,1302914.625,IRR per gram,tgju.org API (Jalali-month mean),1352461.0
2014-12-22,1393-10-01,1393,10,gold_24k,1360783.1666666667,IRR per gram,tgju.org API (Jalali-month mean),1389505.0
2015-01-21,1393-11-01,1393,11,gold_24k,1363900.3333333333,IRR per gram,tgju.org API (Jalali-month mean),1344128.0
2015-02-20,1393-12-01,1393,12,gold_24k,1298210.5833333333,IRR per gram,tgju.org API (Jalali-month mean),1271603.0
2015-03-21,1394-01-01,1394,1,gold_24k,1302676.4090909092,IRR per gram,tgju.org API (Jalali-month mean),1296212.0
2015-04-21,1394-02-01,1394,2,gold_24k,1284346.9583333333,IRR per gram,tgju.org API (Jalali-month mean),1273312.0
2015-05-22,1394-03-01,1394,3,gold_24k,1251241.24,IRR per gram,tgju.org API (Jalali-month mean),1237684.0
2015-06-22,1394-04-01,1394,4,gold_24k,1211901.2083333333,IRR per gram,tgju.org API (Jalali-month mean),1198515.0
2015-07-23,1394-05-01,1394,5,gold_24k,1212007.92,IRR per gram,tgju.org API (Jalali-month mean),1247830.0
2015-08-23,1394-06-01,1394,6,gold_24k,1250106.5925925926,IRR per gram,tgju.org API (Jalali-month mean),1253122.0
2015-09-23,1394-07-01,1394,7,gold_24k,1271244.4166666667,IRR per gram,tgju.org API (Jalali-month mean),1277271.0
2015-10-23,1394-08-01,1394,8,gold_24k,1252483.4090909092,IRR per gram,tgju.org API (Jalali-month mean),1230360.0
2015-11-22,1394-09-01,1394,9,gold_24k,1244160.6666666667,IRR per gram,tgju.org API (Jalali-month mean),1260790.0
2015-12-22,1394-10-01,1394,10,gold_24k,1274752.45,IRR per gram,tgju.org API (Jalali-month mean),1263816.0
2016-01-21,1394-11-01,1394,11,gold_24k,1310058.65,IRR per gram,tgju.org API (Jalali-month mean),1331554.0
2016-02-20,1394-12-01,1394,12,gold_24k,1365091.1578947369,IRR per gram,tgju.org API (Jalali-month mean),1379649.0
2016-03-20,1395-01-01,1395,1,gold_24k,1395302.4,IRR per gram,tgju.org API (Jalali-month mean),1396689.0
2016-04-20,1395-02-01,1395,2,gold_24k,1401885.1,IRR per gram,tgju.org API (Jalali-month mean),1372400.0
2016-05-21,1395-03-01,1395,3,gold_24k,1378082.6315789474,IRR per gram,tgju.org API (Jalali-month mean),1394220.0
2016-06-21,1395-04-01,1395,4,gold_24k,1479918.391304348,IRR per gram,tgju.org API (Jalali-month mean),1476922.0
2016-07-22,1395-05-01,1395,5,gold_24k,1504843.9615384615,IRR per gram,tgju.org API (Jalali-month mean),1509539.0
2016-08-22,1395-06-01,1395,6,gold_24k,1512628.6,IRR per gram,tgju.org API (Jalali-month mean),1514260.0
2016-09-22,1395-07-01,1395,7,gold_24k,1485374.7826086956,IRR per gram,tgju.org API (Jalali-month mean),1469991.0
2016-10-22,1395-08-01,1395,8,gold_24k,1493194.9,IRR per gram,tgju.org API (Jalali-month mean),1467895.0
2016-11-21,1395-09-01,1395,9,gold_24k,1496860.7368421052,IRR per gram,tgju.org API (Jalali-month mean),1508590.0
2016-12-21,1395-10-01,1395,10,gold_24k,1526587.857142857,IRR per gram,tgju.org API (Jalali-month mean),1528986.0
2017-01-20,1395-11-01,1395,11,gold_24k,1529567.0952380951,IRR per gram,tgju.org API (Jalali-month mean),1531950.0
2017-02-19,1395-12-01,1395,12,gold_24k,1526046.55,IRR per gram,tgju.org API (Jalali-month mean),1537180.0
2017-03-21,1396-01-01,1396,1,gold_24k,1564233.294117647,IRR per gram,tgju.org API (Jalali-month mean),1574250.0
2017-04-21,1396-02-01,1396,2,gold_24k,1538079.7,IRR per gram,tgju.org API (Jalali-month mean),1535030.0
2017-05-22,1396-03-01,1396,3,gold_24k,1526057.1904761903,IRR per gram,tgju.org API (Jalali-month mean),1528641.0
2017-06-22,1396-04-01,1396,4,gold_24k,1526382.9411764706,IRR per gram,tgju.org API (Jalali-month mean),1531650.0
2017-07-23,1396-05-01,1396,5,gold_24k,1569821.3043478262,IRR per gram,tgju.org API (Jalali-month mean),1587290.0
2017-08-23,1396-06-01,1396,6,gold_24k,1648412.45,IRR per gram,tgju.org API (Jalali-month mean),1603470.0
2017-09-23,1396-07-01,1396,7,gold_24k,1638317.5,IRR per gram,tgju.org API (Jalali-month mean),1635120.0
2017-10-23,1396-08-01,1396,8,gold_24k,1665398.9523809524,IRR per gram,tgju.org API (Jalali-month mean),1692070.0
2017-11-22,1396-09-01,1396,9,gold_24k,1718699.0,IRR per gram,tgju.org API (Jalali-month mean),1718538.0
2017-12-22,1396-10-01,1396,10,gold_24k,1827072.857142857,IRR per gram,tgju.org API (Jalali-month mean),1922320.0
2018-01-21,1396-11-01,1396,11,gold_24k,1954176.15,IRR per gram,tgju.org API (Jalali-month mean),1906011.0
2018-02-20,1396-12-01,1396,12,gold_24k,1996007.391304348,IRR per gram,tgju.org API (Jalali-month mean),2044520.0
2018-03-21,1397-01-01,1397,1,gold_24k,2190157.8947368423,IRR per gram,tgju.org API (Jalali-month mean),2264920.0
2018-04-21,1397-02-01,1397,2,gold_24k,2452936.5384615385,IRR per gram,tgju.org API (Jalali-month mean),2496400.0
2018-05-22,1397-03-01,1397,3,gold_24k,2709334.782608696,IRR per gram,tgju.org API (Jalali-month mean),2987100.0
2018-06-22,1397-04-01,1397,4,gold_24k,3204152.0,IRR per gram,tgju.org API (Jalali-month mean),3672600.0
2018-07-23,1397-05-01,1397,5,gold_24k,3888607.692307693,IRR per gram,tgju.org API (Jalali-month mean),3941600.0
2018-08-23,1397-06-01,1397,6,gold_24k,4730111.739130435,IRR per gram,tgju.org API (Jalali-month mean),5594600.0
2018-09-23,1397-07-01,1397,7,gold_24k,5692210.208333333,IRR per gram,tgju.org API (Jalali-month mean),5400110.0
2018-10-23,1397-08-01,1397,8,gold_24k,5258866.045454546,IRR per gram,tgju.org API (Jalali-month mean),4896710.0
2018-11-22,1397-09-01,1397,9,gold_24k,4378079.444444444,IRR per gram,tgju.org API (Jalali-month mean),4043940.0
2018-12-22,1397-10-01,1397,10,gold_24k,4560599.045454546,IRR per gram,tgju.org API (Jalali-month mean),4928200.0
2019-01-21,1397-11-01,1397,11,gold_24k,5073194.5,IRR per gram,tgju.org API (Jalali-month mean),5853200.0
2019-02-20,1397-12-01,1397,12,gold_24k,5593874.736842105,IRR per gram,tgju.org API (Jalali-month mean),5720190.0
2019-03-21,1398-01-01,1398,1,gold_24k,5811443.75,IRR per gram,tgju.org API (Jalali-month mean),5760400.0
2019-04-21,1398-02-01,1398,2,gold_24k,5992654.545454546,IRR per gram,tgju.org API (Jalali-month mean),5870000.0
2019-05-22,1398-03-01,1398,3,gold_24k,5615150.0,IRR per gram,tgju.org API (Jalali-month mean),5799100.0
2019-06-22,1398-04-01,1398,4,gold_24k,5637377.2727272725,IRR per gram,tgju.org API (Jalali-month mean),5562000.0
2019-07-23,1398-05-01,1398,5,gold_24k,5481438.888888889,IRR per gram,tgju.org API (Jalali-month mean),5552700.0
2019-08-23,1398-06-01,1398,6,gold_24k,5460868.421052632,IRR per gram,tgju.org API (Jalali-month mean),5436000.0
2019-09-23,1398-07-01,1398,7,gold_24k,5418061.904761905,IRR per gram,tgju.org API (Jalali-month mean),5279000.0
2019-10-23,1398-08-01,1398,8,gold_24k,5479677.777777778,IRR per gram,tgju.org API (Jalali-month mean),5629800.0
2019-11-22,1398-09-01,1398,9,gold_24k,5977038.095238095,IRR per gram,tgju.org API (Jalali-month mean),6150000.0
2019-12-22,1398-10-01,1398,10,gold_24k,6478077.2727272725,IRR per gram,tgju.org API (Jalali-month mean),6578000.0
2020-01-21,1398-11-01,1398,11,gold_24k,6897343.478260869,IRR per gram,tgju.org API (Jalali-month mean),7314000.0
2020-02-20,1398-12-01,1398,12,gold_24k,8026565.217391305,IRR per gram,tgju.org API (Jalali-month mean),8034000.0
2020-03-20,1399-01-01,1399,1,gold_24k,8444950.0,IRR per gram,tgju.org API (Jalali-month mean),8154000.0
2020-04-20,1399-02-01,1399,2,gold_24k,8904925.925925925,IRR per gram,tgju.org API (Jalali-month mean),9822000.0
2020-05-21,1399-03-01,1399,3,gold_24k,9796550.0,IRR per gram,tgju.org API (Jalali-month mean),10703000.0
2020-06-21,1399-04-01,1399,4,gold_24k,12388842.307692308,IRR per gram,tgju.org API (Jalali-month mean),12885000.0
2020-07-22,1399-05-01,1399,5,gold_24k,14044160.0,IRR per gram,tgju.org API (Jalali-month mean),14027000.0
2020-08-22,1399-06-01,1399,6,gold_24k,15199160.0,IRR per gram,tgju.org API (Jalali-month mean),16474000.0
2020-09-22,1399-07-01,1399,7,gold_24k,17912117.391304348,IRR per gram,tgju.org API (Jalali-month mean),18090000.0
2020-10-22,1399-08-01,1399,8,gold_24k,16247831.818181818,IRR per gram,tgju.org API (Jalali-month mean),14840000.0
2020-11-21,1399-09-01,1399,9,gold_24k,14829228.0,IRR per gram,tgju.org API (Jalali-month mean),15215000.0
2020-12-21,1399-10-01,1399,10,gold_24k,14890137.5,IRR per gram,tgju.org API (Jalali-month mean),13230000.0
2021-01-20,1399-11-01,1399,11,gold_24k,14663040.0,IRR per gram,tgju.org API (Jalali-month mean),15212000.0
2021-02-19,1399-12-01,1399,12,gold_24k,14163181.818181818,IRR per gram,tgju.org API (Jalali-month mean),14474000.0
2021-03-21,1400-01-01,1400,1,gold_24k,14074190.476190476,IRR per gram,tgju.org API (Jalali-month mean),13621000.0
2021-04-21,1400-02-01,1400,2,gold_24k,13164500.0,IRR per gram,tgju.org API (Jalali-month mean),13590000.0
2021-05-22,1400-03-01,1400,3,gold_24k,14191840.0,IRR per gram,tgju.org API (Jalali-month mean),13920000.0
2021-06-22,1400-04-01,1400,4,gold_24k,14091560.0,IRR per gram,tgju.org API (Jalali-month mean),14049000.0
2021-07-23,1400-05-01,1400,5,gold_24k,14775260.869565217,IRR per gram,tgju.org API (Jalali-month mean),15643000.0
2021-08-23,1400-06-01,1400,6,gold_24k,15487037.037037035,IRR per gram,tgju.org API (Jalali-month mean),15363000.0
2021-09-23,1400-07-01,1400,7,gold_24k,15322980.952380951,IRR per gram,tgju.org API (Jalali-month mean),15320000.0
2021-10-23,1400-08-01,1400,8,gold_24k,16141240.0,IRR per gram,tgju.org API (Jalali-month mean),16693000.0
2021-11-22,1400-09-01,1400,9,gold_24k,17099115.384615384,IRR per gram,tgju.org API (Jalali-month mean),17339000.0
2021-12-22,1400-10-01,1400,10,gold_24k,16651520.0,IRR per gram,tgju.org API (Jalali-month mean),16240000.0
2022-01-21,1400-11-01,1400,11,gold_24k,16074250.0,IRR per gram,tgju.org API (Jalali-month mean),15640000.0
2022-02-20,1400-12-01,1400,12,gold_24k,16192939.130434783,IRR per gram,tgju.org API (Jalali-month mean),16420600.0
2022-03-21,1401-01-01,1401,1,gold_24k,17186618.181818184,IRR per gram,tgju.org API (Jalali-month mean),17218600.0
2022-04-21,1401-02-01,1401,2,gold_24k,17705857.14285714,IRR per gram,tgju.org API (Jalali-month mean),18395000.0
2022-05-22,1401-03-01,1401,3,gold_24k,19046262.5,IRR per gram,tgju.org API (Jalali-month mean),19245000.0
2022-06-22,1401-04-01,1401,4,gold_24k,18507958.33333333,IRR per gram,tgju.org API (Jalali-month mean),18047000.0
2022-07-23,1401-05-01,1401,5,gold_24k,17747760.0,IRR per gram,tgju.org API (Jalali-month mean),16681000.0
2022-08-23,1401-06-01,1401,6,gold_24k,17212576.923076924,IRR per gram,tgju.org API (Jalali-month mean),17764000.0
2022-09-23,1401-07-01,1401,7,gold_24k,18054800.0,IRR per gram,tgju.org API (Jalali-month mean),17893000.0
2022-10-23,1401-08-01,1401,8,gold_24k,19203492.0,IRR per gram,tgju.org API (Jalali-month mean),19996000.0
2022-11-22,1401-09-01,1401,9,gold_24k,21663028.0,IRR per gram,tgju.org API (Jalali-month mean),24001000.0
2022-12-22,1401-10-01,1401,10,gold_24k,25226090.47619048,IRR per gram,tgju.org API (Jalali-month mean),27216200.0
2023-01-21,1401-11-01,1401,11,gold_24k,28282952.63157895,IRR per gram,tgju.org API (Jalali-month mean),31250000.0
2023-02-20,1401-12-01,1401,12,gold_24k,31800136.842105266,IRR per gram,tgju.org API (Jalali-month mean),34823800.0
2023-03-21,1402-01-01,1402,1,gold_24k,34276547.368421055,IRR per gram,tgju.org API (Jalali-month mean),34377000.0
2023-04-21,1402-02-01,1402,2,gold_24k,35117631.81818182,IRR per gram,tgju.org API (Jalali-month mean),34365000.0
2023-05-22,1402-03-01,1402,3,gold_24k,32091640.0,IRR per gram,tgju.org API (Jalali-month mean),31136000.0
2023-06-22,1402-04-01,1402,4,gold_24k,31290680.0,IRR per gram,tgju.org API (Jalali-month mean),30295000.0
2023-07-23,1402-05-01,1402,5,gold_24k,31115120.0,IRR per gram,tgju.org API (Jalali-month mean),30883000.0
2023-08-23,1402-06-01,1402,6,gold_24k,31161782.60869565,IRR per gram,tgju.org API (Jalali-month mean),30979000.0
2023-09-23,1402-07-01,1402,7,gold_24k,31340608.695652176,IRR per gram,tgju.org API (Jalali-month mean),32081000.0
2023-10-23,1402-08-01,1402,8,gold_24k,32671423.07692308,IRR per gram,tgju.org API (Jalali-month mean),32192000.0
2023-11-22,1402-09-01,1402,9,gold_24k,32864325.0,IRR per gram,tgju.org API (Jalali-month mean),32850000.0
2023-12-22,1402-10-01,1402,10,gold_24k,34445846.15384615,IRR per gram,tgju.org API (Jalali-month mean),36295000.0
2024-01-21,1402-11-01,1402,11,gold_24k,37210827.27272727,IRR per gram,tgju.org API (Jalali-month mean),37320000.0
2024-02-20,1402-12-01,1402,12,gold_24k,40596818.18181818,IRR per gram,tgju.org API (Jalali-month mean),43381000.0
2024-03-20,1403-01-01,1403,1,gold_24k,47322250.0,IRR per gram,tgju.org API (Jalali-month mean),48826000.0
2024-04-20,1403-02-01,1403,2,gold_24k,45915076.92307692,IRR per gram,tgju.org API (Jalali-month mean),44735000.0
2024-05-21,1403-03-01,1403,3,gold_24k,44580104.347826086,IRR per gram,tgju.org API (Jalali-month mean),44892000.0
2024-06-21,1403-04-01,1403,4,gold_24k,45638000.0,IRR per gram,tgju.org API (Jalali-month mean),44581000.0
2024-07-22,1403-05-01,1403,5,gold_24k,46778153.84615385,IRR per gram,tgju.org API (Jalali-month mean),47770000.0
2024-08-22,1403-06-01,1403,6,gold_24k,48822380.95238096,IRR per gram,tgju.org API (Jalali-month mean),50738000.0
2024-09-22,1403-07-01,1403,7,gold_24k,54465769.23076923,IRR per gram,tgju.org API (Jalali-month mean),59156000.0
2024-10-22,1403-08-01,1403,8,gold_24k,59907846.15384615,IRR per gram,tgju.org API (Jalali-month mean),60262000.0
2024-11-21,1403-09-01,1403,9,gold_24k,62778666.66666666,IRR per gram,tgju.org API (Jalali-month mean),65224000.0
2024-12-21,1403-10-01,1403,10,gold_24k,69271240.0,IRR per gram,tgju.org API (Jalali-month mean),70395000.0
2025-01-20,1403-11-01,1403,11,gold_24k,80064791.66666667,IRR per gram,tgju.org API (Jalali-month mean),90086000.0
2025-02-19,1403-12-01,1403,12,gold_24k,90381695.6521739,IRR per gram,tgju.org API (Jalali-month mean),108124000.0
2025-03-21,1404-01-01,1404,1,gold_24k,99000523.8095238,IRR per gram,tgju.org API (Jalali-month mean),88439000.0
2025-04-21,1404-02-01,1404,2,gold_24k,87459307.6923077,IRR per gram,tgju.org API (Jalali-month mean),87088000.0
2025-05-22,1404-03-01,1404,3,gold_24k,86926750.0,IRR per gram,tgju.org API (Jalali-month mean),90320000.0
2025-06-22,1404-04-01,1404,4,gold_24k,94712476.1904762,IRR per gram,tgju.org API (Jalali-month mean),95125000.0
2025-07-23,1404-05-01,1404,5,gold_24k,99101458.33333331,IRR per gram,tgju.org API (Jalali-month mean),104603000.0
2025-08-23,1404-06-01,1404,6,gold_24k,115591333.33333331,IRR per gram,tgju.org API (Jalali-month mean),124805000.0
2025-09-23,1404-07-01,1404,7,gold_24k,143288769.23076922,IRR per gram,tgju.org API (Jalali-month mean),144850000.0
2025-10-23,1404-08-01,1404,8,gold_24k,143912280.0,IRR per gram,tgju.org API (Jalali-month mean),151323000.0
2025-11-22,1404-09-01,1404,9,gold_24k,167819240.0,IRR per gram,tgju.org API (Jalali-month mean),181958000.0
2025-12-22,1404-10-01,1404,10,gold_24k,204090400.0,IRR per gram,tgju.org API (Jalali-month mean),211423000.0
2026-01-21,1404-11-01,1404,11,gold_24k,247703125.0,IRR per gram,tgju.org API (Jalali-month mean),265125000.0
2026-02-20,1404-12-01,1404,12,gold_24k,260437763.66666663,IRR per gram,tgju.org API (Jalali-month mean),235187837.0
2026-03-21,1405-01-01,1405,1,gold_24k,234820240.0,IRR per gram,tgju.org API (Jalali-month mean),227426000.0
2026-04-21,1405-02-01,1405,2,gold_24k,252928370.3703704,IRR per gram,tgju.org API (Jalali-month mean),255334000.0
2026-05-22,1405-03-01,1405,3,gold_24k,233758104.4583333,IRR per gram,tgju.org API (Jalali-month mean),215468000.0
2026-06-22,1405-04-01,1405,4,gold_24k,235519125.0,IRR per gram,tgju.org API (Jalali-month mean),253376000.0
2026-07-23,1405-05-01,1405,5,gold_24k,246182166.66666663,IRR per gram,tgju.org API (Jalali-month mean),247707000.0
2013-06-22,1392-04-01,1392,4,gold_mesghal,4370000.0,IRR per mesghal,tgju.org API (Jalali-month mean),4370000.0
2013-07-23,1392-05-01,1392,5,gold_mesghal,4499842.105263158,IRR per mesghal,tgju.org API (Jalali-month mean),4510000.0
2013-08-23,1392-06-01,1392,6,gold_mesghal,4588739.130434782,IRR per mesghal,tgju.org API (Jalali-month mean),4140000.0
2013-09-23,1392-07-01,1392,7,gold_mesghal,4232043.478260869,IRR per mesghal,tgju.org API (Jalali-month mean),4297000.0
2013-10-23,1392-08-01,1392,8,gold_mesghal,4166363.636363636,IRR per mesghal,tgju.org API (Jalali-month mean),4000000.0
2013-11-22,1392-09-01,1392,9,gold_mesghal,3840708.3333333335,IRR per mesghal,tgju.org API (Jalali-month mean),3780000.0
2013-12-22,1392-10-01,1392,10,gold_mesghal,3862545.454545455,IRR per mesghal,tgju.org API (Jalali-month mean),3800000.0
2014-01-21,1392-11-01,1392,11,gold_mesghal,3941000.0,IRR per mesghal,tgju.org API (Jalali-month mean),4120000.0
2014-02-20,1392-12-01,1392,12,gold_mesghal,4266291.666666667,IRR per mesghal,tgju.org API (Jalali-month mean),4230000.0
2014-03-21,1393-01-01,1393,1,gold_mesghal,4271150.0,IRR per mesghal,tgju.org API (Jalali-month mean),4365000.0
2014-04-21,1393-02-01,1393,2,gold_mesghal,4427524.0,IRR per mesghal,tgju.org API (Jalali-month mean),4362000.0
2014-05-22,1393-03-01,1393,3,gold_mesghal,4234211.764705882,IRR per mesghal,tgju.org API (Jalali-month mean),4305000.0
2014-06-22,1393-04-01,1393,4,gold_mesghal,4231513.043478261,IRR per mesghal,tgju.org API (Jalali-month mean),4210000.0
2014-07-23,1393-05-01,1393,5,gold_mesghal,4213757.894736842,IRR per mesghal,tgju.org API (Jalali-month mean),4158000.0
2014-08-23,1393-06-01,1393,6,gold_mesghal,4159300.0,IRR per mesghal,tgju.org API (Jalali-month mean),4105000.0
2014-09-23,1393-07-01,1393,7,gold_mesghal,4152368.421052632,IRR per mesghal,tgju.org API (Jalali-month mean),4129000.0
2014-10-23,1393-08-01,1393,8,gold_mesghal,4053966.6666666665,IRR per mesghal,tgju.org API (Jalali-month mean),4060000.0
2014-11-22,1393-09-01,1393,9,gold_mesghal,4268128.571428572,IRR per mesghal,tgju.org API (Jalali-month mean),4380000.0
2014-12-22,1393-10-01,1393,10,gold_mesghal,4422200.0,IRR per mesghal,tgju.org API (Jalali-month mean),4625000.0
2015-01-21,1393-11-01,1393,11,gold_mesghal,4454075.0,IRR per mesghal,tgju.org API (Jalali-month mean),4326300.0
2015-02-20,1393-12-01,1393,12,gold_mesghal,4234490.0,IRR per mesghal,tgju.org API (Jalali-month mean),4180000.0
2015-03-21,1394-01-01,1394,1,gold_mesghal,4251864.705882353,IRR per mesghal,tgju.org API (Jalali-month mean),4265000.0
2015-04-21,1394-02-01,1394,2,gold_mesghal,4189670.0,IRR per mesghal,tgju.org API (Jalali-month mean),4141600.0
2015-05-22,1394-03-01,1394,3,gold_mesghal,4068640.0,IRR per mesghal,tgju.org API (Jalali-month mean),3992000.0
2015-06-22,1394-04-01,1394,4,gold_mesghal,3920414.285714286,IRR per mesghal,tgju.org API (Jalali-month mean),3859600.0
2015-07-23,1394-05-01,1394,5,gold_mesghal,3927736.842105264,IRR per mesghal,tgju.org API (Jalali-month mean),4154000.0
2015-08-23,1394-06-01,1394,6,gold_mesghal,4066286.9565217393,IRR per mesghal,tgju.org API (Jalali-month mean),4043000.0
2015-09-23,1394-07-01,1394,7,gold_mesghal,4133947.619047619,IRR per mesghal,tgju.org API (Jalali-month mean),4155600.0
2015-10-23,1394-08-01,1394,8,gold_mesghal,4073214.285714286,IRR per mesghal,tgju.org API (Jalali-month mean),3999000.0
2015-11-22,1394-09-01,1394,9,gold_mesghal,4043289.4736842094,IRR per mesghal,tgju.org API (Jalali-month mean),4091000.0
2015-12-22,1394-10-01,1394,10,gold_mesghal,4142000.0,IRR per mesghal,tgju.org API (Jalali-month mean),4121200.0
2016-01-21,1394-11-01,1394,11,gold_mesghal,4257635.0,IRR per mesghal,tgju.org API (Jalali-month mean),4344000.0
2016-02-20,1394-12-01,1394,12,gold_mesghal,4437694.736842105,IRR per mesghal,tgju.org API (Jalali-month mean),4486600.0
2016-03-20,1395-01-01,1395,1,gold_mesghal,4533485.0,IRR per mesghal,tgju.org API (Jalali-month mean),4546000.0
2016-04-20,1395-02-01,1395,2,gold_mesghal,4562072.727272728,IRR per mesghal,tgju.org API (Jalali-month mean),4467500.0
2016-05-21,1395-03-01,1395,3,gold_mesghal,4477352.380952381,IRR per mesghal,tgju.org API (Jalali-month mean),4536000.0
2016-06-21,1395-04-01,1395,4,gold_mesghal,4804045.0,IRR per mesghal,tgju.org API (Jalali-month mean),4802000.0
2016-07-22,1395-05-01,1395,5,gold_mesghal,4905447.619047619,IRR per mesghal,tgju.org API (Jalali-month mean),4906000.0
2016-08-22,1395-06-01,1395,6,gold_mesghal,4920904.761904762,IRR per mesghal,tgju.org API (Jalali-month mean),4941800.0
2016-09-22,1395-07-01,1395,7,gold_mesghal,4830557.894736842,IRR per mesghal,tgju.org API (Jalali-month mean),4769400.0
2016-10-22,1395-08-01,1395,8,gold_mesghal,4845285.714285715,IRR per mesghal,tgju.org API (Jalali-month mean),4757800.0
2016-11-21,1395-09-01,1395,9,gold_mesghal,4863160.0,IRR per mesghal,tgju.org API (Jalali-month mean),4889000.0
2016-12-21,1395-10-01,1395,10,gold_mesghal,4961066.666666667,IRR per mesghal,tgju.org API (Jalali-month mean),4960000.0
2017-01-20,1395-11-01,1395,11,gold_mesghal,4967500.0,IRR per mesghal,tgju.org API (Jalali-month mean),4974000.0
2017-02-19,1395-12-01,1395,12,gold_mesghal,4957465.0,IRR per mesghal,tgju.org API (Jalali-month mean),4997000.0
2017-03-21,1396-01-01,1396,1,gold_mesghal,5079228.235294118,IRR per mesghal,tgju.org API (Jalali-month mean),5108250.0
2017-04-21,1396-02-01,1396,2,gold_mesghal,4999163.80952381,IRR per mesghal,tgju.org API (Jalali-month mean),4989000.0
2017-05-22,1396-03-01,1396,3,gold_mesghal,4954096.19047619,IRR per mesghal,tgju.org API (Jalali-month mean),4979700.0
2017-06-22,1396-04-01,1396,4,gold_mesghal,4953375.7894736845,IRR per mesghal,tgju.org API (Jalali-month mean),4966000.0
2017-07-23,1396-05-01,1396,5,gold_mesghal,5098273.913043479,IRR per mesghal,tgju.org API (Jalali-month mean),5161000.0
2017-08-23,1396-06-01,1396,6,gold_mesghal,5352170.0,IRR per mesghal,tgju.org API (Jalali-month mean),5214800.0
2017-09-23,1396-07-01,1396,7,gold_mesghal,5322735.0,IRR per mesghal,tgju.org API (Jalali-month mean),5313000.0
2017-10-23,1396-08-01,1396,8,gold_mesghal,5409285.714285715,IRR per mesghal,tgju.org API (Jalali-month mean),5497000.0
2017-11-22,1396-09-01,1396,9,gold_mesghal,5581925.0,IRR per mesghal,tgju.org API (Jalali-month mean),5596900.0
2017-12-22,1396-10-01,1396,10,gold_mesghal,5931185.714285715,IRR per mesghal,tgju.org API (Jalali-month mean),6245000.0
2018-01-21,1396-11-01,1396,11,gold_mesghal,6341150.0,IRR per mesghal,tgju.org API (Jalali-month mean),6191800.0
2018-02-20,1396-12-01,1396,12,gold_mesghal,6484782.608695652,IRR per mesghal,tgju.org API (Jalali-month mean),6646000.0
2018-03-21,1397-01-01,1397,1,gold_mesghal,7116710.52631579,IRR per mesghal,tgju.org API (Jalali-month mean),7358000.0
2018-04-21,1397-02-01,1397,2,gold_mesghal,7968019.230769231,IRR per mesghal,tgju.org API (Jalali-month mean),8090000.0
2018-05-22,1397-03-01,1397,3,gold_mesghal,8798565.217391305,IRR per mesghal,tgju.org API (Jalali-month mean),9704000.0
2018-06-22,1397-04-01,1397,4,gold_mesghal,10409520.0,IRR per mesghal,tgju.org API (Jalali-month mean),11938000.0
2018-07-23,1397-05-01,1397,5,gold_mesghal,12650307.692307692,IRR per mesghal,tgju.org API (Jalali-month mean),12810000.0
2018-08-23,1397-06-01,1397,6,gold_mesghal,15366304.347826088,IRR per mesghal,tgju.org API (Jalali-month mean),18180000.0
2018-09-23,1397-07-01,1397,7,gold_mesghal,18504866.666666668,IRR per mesghal,tgju.org API (Jalali-month mean),17565000.0
2018-10-23,1397-08-01,1397,8,gold_mesghal,17034986.363636363,IRR per mesghal,tgju.org API (Jalali-month mean),15907000.0
2018-11-22,1397-09-01,1397,9,gold_mesghal,14185333.333333334,IRR per mesghal,tgju.org API (Jalali-month mean),13112000.0
2018-12-22,1397-10-01,1397,10,gold_mesghal,14831931.818181818,IRR per mesghal,tgju.org API (Jalali-month mean),16010000.0
2019-01-21,1397-11-01,1397,11,gold_mesghal,16479400.0,IRR per mesghal,tgju.org API (Jalali-month mean),19015000.0
2019-02-20,1397-12-01,1397,12,gold_mesghal,18163263.157894734,IRR per mesghal,tgju.org API (Jalali-month mean),18491000.0
2019-03-21,1398-01-01,1398,1,gold_mesghal,18860187.5,IRR per mesghal,tgju.org API (Jalali-month mean),18699000.0
2019-04-21,1398-02-01,1398,2,gold_mesghal,19443409.09090909,IRR per mesghal,tgju.org API (Jalali-month mean),19070000.0
2019-05-22,1398-03-01,1398,3,gold_mesghal,18265466.666666668,IRR per mesghal,tgju.org API (Jalali-month mean),18772000.0
2019-06-22,1398-04-01,1398,4,gold_mesghal,18301500.0,IRR per mesghal,tgju.org API (Jalali-month mean),18060000.0
2019-07-23,1398-05-01,1398,5,gold_mesghal,17807444.444444444,IRR per mesghal,tgju.org API (Jalali-month mean),17893000.0
2019-08-23,1398-06-01,1398,6,gold_mesghal,17735631.57894737,IRR per mesghal,tgju.org API (Jalali-month mean),17640000.0
2019-09-23,1398-07-01,1398,7,gold_mesghal,17594285.714285713,IRR per mesghal,tgju.org API (Jalali-month mean),17150000.0
2019-10-23,1398-08-01,1398,8,gold_mesghal,17791722.222222224,IRR per mesghal,tgju.org API (Jalali-month mean),18320000.0
2019-11-22,1398-09-01,1398,9,gold_mesghal,19419761.904761903,IRR per mesghal,tgju.org API (Jalali-month mean),19970000.0
2019-12-22,1398-10-01,1398,10,gold_mesghal,21053454.545454547,IRR per mesghal,tgju.org API (Jalali-month mean),21360000.0
2020-01-21,1398-11-01,1398,11,gold_mesghal,22408695.652173918,IRR per mesghal,tgju.org API (Jalali-month mean),23780000.0
2020-02-20,1398-12-01,1398,12,gold_mesghal,26074782.60869565,IRR per mesghal,tgju.org API (Jalali-month mean),26130000.0
2020-03-20,1399-01-01,1399,1,gold_mesghal,27433500.0,IRR per mesghal,tgju.org API (Jalali-month mean),26500000.0
2020-04-20,1399-02-01,1399,2,gold_mesghal,28930000.0,IRR per mesghal,tgju.org API (Jalali-month mean),31910000.0
2020-05-21,1399-03-01,1399,3,gold_mesghal,31850900.0,IRR per mesghal,tgju.org API (Jalali-month mean),34770000.0
2020-06-21,1399-04-01,1399,4,gold_mesghal,40174269.23076923,IRR per mesghal,tgju.org API (Jalali-month mean),40100000.0
2020-07-22,1399-05-01,1399,5,gold_mesghal,45625600.0,IRR per mesghal,tgju.org API (Jalali-month mean),45590000.0
2020-08-22,1399-06-01,1399,6,gold_mesghal,49431791.66666666,IRR per mesghal,tgju.org API (Jalali-month mean),53540000.0
2020-09-22,1399-07-01,1399,7,gold_mesghal,58582772.72727273,IRR per mesghal,tgju.org API (Jalali-month mean),58790000.0
2020-10-22,1399-08-01,1399,8,gold_mesghal,52762909.09090909,IRR per mesghal,tgju.org API (Jalali-month mean),48170000.0
2020-11-21,1399-09-01,1399,9,gold_mesghal,48236080.0,IRR per mesghal,tgju.org API (Jalali-month mean),49470000.0
2020-12-21,1399-10-01,1399,10,gold_mesghal,48366041.66666666,IRR per mesghal,tgju.org API (Jalali-month mean),42980000.0
2021-01-20,1399-11-01,1399,11,gold_mesghal,47642800.0,IRR per mesghal,tgju.org API (Jalali-month mean),49420000.0
2021-02-19,1399-12-01,1399,12,gold_mesghal,46010000.0,IRR per mesghal,tgju.org API (Jalali-month mean),47020000.0
2021-03-21,1400-01-01,1400,1,gold_mesghal,45667476.190476194,IRR per mesghal,tgju.org API (Jalali-month mean),44280000.0
2021-04-21,1400-02-01,1400,2,gold_mesghal,42786173.91304348,IRR per mesghal,tgju.org API (Jalali-month mean),44150000.0
2021-05-22,1400-03-01,1400,3,gold_mesghal,46109200.0,IRR per mesghal,tgju.org API (Jalali-month mean),45150000.0
2021-06-22,1400-04-01,1400,4,gold_mesghal,45793880.0,IRR per mesghal,tgju.org API (Jalali-month mean),45640000.0
2021-07-23,1400-05-01,1400,5,gold_mesghal,47983913.04347826,IRR per mesghal,tgju.org API (Jalali-month mean),50810000.0
2021-08-23,1400-06-01,1400,6,gold_mesghal,50316666.66666666,IRR per mesghal,tgju.org API (Jalali-month mean),49900000.0
2021-09-23,1400-07-01,1400,7,gold_mesghal,49791904.76190476,IRR per mesghal,tgju.org API (Jalali-month mean),49810000.0
2021-10-23,1400-08-01,1400,8,gold_mesghal,52454800.0,IRR per mesghal,tgju.org API (Jalali-month mean),54230000.0
2021-11-22,1400-09-01,1400,9,gold_mesghal,55545000.0,IRR per mesghal,tgju.org API (Jalali-month mean),56380000.0
2021-12-22,1400-10-01,1400,10,gold_mesghal,54096800.0,IRR per mesghal,tgju.org API (Jalali-month mean),52750000.0
2022-01-21,1400-11-01,1400,11,gold_mesghal,52209454.54545455,IRR per mesghal,tgju.org API (Jalali-month mean),50830000.0
2022-02-20,1400-12-01,1400,12,gold_mesghal,52632608.69565217,IRR per mesghal,tgju.org API (Jalali-month mean),53410000.0
2022-03-21,1401-01-01,1401,1,gold_mesghal,55846500.0,IRR per mesghal,tgju.org API (Jalali-month mean),55953000.0
2022-04-21,1401-02-01,1401,2,gold_mesghal,57531523.809523806,IRR per mesghal,tgju.org API (Jalali-month mean),59730000.0
2022-05-22,1401-03-01,1401,3,gold_mesghal,61966625.0,IRR per mesghal,tgju.org API (Jalali-month mean),62570000.0
2022-06-22,1401-04-01,1401,4,gold_mesghal,60119166.66666666,IRR per mesghal,tgju.org API (Jalali-month mean),58530000.0
2022-07-23,1401-05-01,1401,5,gold_mesghal,57666400.0,IRR per mesghal,tgju.org API (Jalali-month mean),54190000.0
2022-08-23,1401-06-01,1401,6,gold_mesghal,56003846.15384615,IRR per mesghal,tgju.org API (Jalali-month mean),57750000.0
2022-09-23,1401-07-01,1401,7,gold_mesghal,58663545.45454545,IRR per mesghal,tgju.org API (Jalali-month mean),58110000.0
2022-10-23,1401-08-01,1401,8,gold_mesghal,62278846.15384615,IRR per mesghal,tgju.org API (Jalali-month mean),64960000.0
2022-11-22,1401-09-01,1401,9,gold_mesghal,70423640.0,IRR per mesghal,tgju.org API (Jalali-month mean),78010000.0
2022-12-22,1401-10-01,1401,10,gold_mesghal,81854952.38095239,IRR per mesghal,tgju.org API (Jalali-month mean),89304000.0
2023-01-21,1401-11-01,1401,11,gold_mesghal,91912421.05263156,IRR per mesghal,tgju.org API (Jalali-month mean),101540000.0
2023-02-20,1401-12-01,1401,12,gold_mesghal,104951000.0,IRR per mesghal,tgju.org API (Jalali-month mean),112626000.0
2023-03-21,1402-01-01,1402,1,gold_mesghal,111301947.36842103,IRR per mesghal,tgju.org API (Jalali-month mean),112038000.0
2023-04-21,1402-02-01,1402,2,gold_mesghal,114187090.9090909,IRR per mesghal,tgju.org API (Jalali-month mean),111660000.0
2023-05-22,1402-03-01,1402,3,gold_mesghal,104254800.0,IRR per mesghal,tgju.org API (Jalali-month mean),101210000.0
2023-06-22,1402-04-01,1402,4,gold_mesghal,101653200.0,IRR per mesghal,tgju.org API (Jalali-month mean),98470000.0
2023-07-23,1402-05-01,1402,5,gold_mesghal,101051680.0,IRR per mesghal,tgju.org API (Jalali-month mean),100240000.0
2023-08-23,1402-06-01,1402,6,gold_mesghal,101236956.52173913,IRR per mesghal,tgju.org API (Jalali-month mean),100650000.0
2023-09-23,1402-07-01,1402,7,gold_mesghal,101802173.91304348,IRR per mesghal,tgju.org API (Jalali-month mean),104140000.0
2023-10-23,1402-08-01,1402,8,gold_mesghal,106120769.23076925,IRR per mesghal,tgju.org API (Jalali-month mean),104630000.0
2023-11-22,1402-09-01,1402,9,gold_mesghal,106754750.0,IRR per mesghal,tgju.org API (Jalali-month mean),106720000.0
2023-12-22,1402-10-01,1402,10,gold_mesghal,111901153.84615384,IRR per mesghal,tgju.org API (Jalali-month mean),117910000.0
2024-01-21,1402-11-01,1402,11,gold_mesghal,121132954.54545456,IRR per mesghal,tgju.org API (Jalali-month mean),121260000.0
2024-02-20,1402-12-01,1402,12,gold_mesghal,131818227.27272728,IRR per mesghal,tgju.org API (Jalali-month mean),140970000.0
2024-03-20,1403-01-01,1403,1,gold_mesghal,153711500.0,IRR per mesghal,tgju.org API (Jalali-month mean),158680000.0
2024-04-20,1403-02-01,1403,2,gold_mesghal,149150769.23076922,IRR per mesghal,tgju.org API (Jalali-month mean),145330000.0
2024-05-21,1403-03-01,1403,3,gold_mesghal,144778956.52173913,IRR per mesghal,tgju.org API (Jalali-month mean),145830000.0
2024-06-21,1403-04-01,1403,4,gold_mesghal,148253333.33333334,IRR per mesghal,tgju.org API (Jalali-month mean),144690000.0
2024-07-22,1403-05-01,1403,5,gold_mesghal,151983076.92307693,IRR per mesghal,tgju.org API (Jalali-month mean),155250000.0
2024-08-22,1403-06-01,1403,6,gold_mesghal,158638095.23809522,IRR per mesghal,tgju.org API (Jalali-month mean),164850000.0
2024-09-22,1403-07-01,1403,7,gold_mesghal,176938076.92307693,IRR per mesghal,tgju.org API (Jalali-month mean),192170000.0
2024-10-22,1403-08-01,1403,8,gold_mesghal,194627692.30769232,IRR per mesghal,tgju.org API (Jalali-month mean),195780000.0
2024-11-21,1403-09-01,1403,9,gold_mesghal,203915833.3333333,IRR per mesghal,tgju.org API (Jalali-month mean),211820000.0
2024-12-21,1403-10-01,1403,10,gold_mesghal,225062800.0,IRR per mesghal,tgju.org API (Jalali-month mean),228710000.0
2025-01-20,1403-11-01,1403,11,gold_mesghal,260132916.66666663,IRR per mesghal,tgju.org API (Jalali-month mean),292730000.0
2025-02-19,1403-12-01,1403,12,gold_mesghal,293580000.0,IRR per mesghal,tgju.org API (Jalali-month mean),351340000.0
2025-03-21,1404-01-01,1404,1,gold_mesghal,321647619.04761904,IRR per mesghal,tgju.org API (Jalali-month mean),287330000.0
2025-04-21,1404-02-01,1404,2,gold_mesghal,284142307.6923077,IRR per mesghal,tgju.org API (Jalali-month mean),282830000.0
2025-05-22,1404-03-01,1404,3,gold_mesghal,282991764.7058824,IRR per mesghal,tgju.org API (Jalali-month mean),291710000.0
2025-06-22,1404-04-01,1404,4,gold_mesghal,306886363.6363636,IRR per mesghal,tgju.org API (Jalali-month mean),309040000.0
2025-07-23,1404-05-01,1404,5,gold_mesghal,321968333.3333333,IRR per mesghal,tgju.org API (Jalali-month mean),339830000.0
2025-08-23,1404-06-01,1404,6,gold_mesghal,375552500.0,IRR per mesghal,tgju.org API (Jalali-month mean),405380000.0
2025-09-23,1404-07-01,1404,7,gold_mesghal,465500384.61538464,IRR per mesghal,tgju.org API (Jalali-month mean),470460000.0
2025-10-23,1404-08-01,1404,8,gold_mesghal,467572000.0,IRR per mesghal,tgju.org API (Jalali-month mean),491580000.0
2025-11-22,1404-09-01,1404,9,gold_mesghal,545231200.0,IRR per mesghal,tgju.org API (Jalali-month mean),591240000.0
2025-12-22,1404-10-01,1404,10,gold_mesghal,663067600.0,IRR per mesghal,tgju.org API (Jalali-month mean),686860000.0
2026-01-21,1404-11-01,1404,11,gold_mesghal,804797500.0,IRR per mesghal,tgju.org API (Jalali-month mean),861420000.0
2026-02-20,1404-12-01,1404,12,gold_mesghal,846130431.6666666,IRR per mesghal,tgju.org API (Jalali-month mean),764098000.0
2026-03-21,1405-01-01,1405,1,gold_mesghal,762900872.0,IRR per mesghal,tgju.org API (Jalali-month mean),738861800.0
2026-04-21,1405-02-01,1405,2,gold_mesghal,821738744.4444444,IRR per mesghal,tgju.org API (Jalali-month mean),829530000.0
2026-05-22,1405-03-01,1405,3,gold_mesghal,759421250.0,IRR per mesghal,tgju.org API (Jalali-month mean),700020000.0
2026-06-22,1405-04-01,1405,4,gold_mesghal,765166666.6666666,IRR per mesghal,tgju.org API (Jalali-month mean),823180000.0
2026-07-23,1405-05-01,1405,5,gold_mesghal,799815833.3333334,IRR per mesghal,tgju.org API (Jalali-month mean),804830000.0
1979-12-22,1358-10-01,1358,10,gold_ounce_usd,625.4882352941177,USD per troy ounce,tgju.org API (Jalali-month mean),835.0
1980-01-21,1358-11-01,1358,11,gold_ounce_usd,690.0454545454545,USD per troy ounce,tgju.org API (Jalali-month mean),652.25
1980-02-20,1358-12-01,1358,12,gold_ounce_usd,599.5431818181819,USD per troy ounce,tgju.org API (Jalali-month mean),561.0
1980-03-21,1359-01-01,1359,1,gold_ounce_usd,515.5404761904762,USD per troy ounce,tgju.org API (Jalali-month mean),515.6
1980-04-21,1359-02-01,1359,2,gold_ounce_usd,514.2369565217392,USD per troy ounce,tgju.org API (Jalali-month mean),513.5
1980-05-22,1359-03-01,1359,3,gold_ounce_usd,567.6954545454545,USD per troy ounce,tgju.org API (Jalali-month mean),602.5
1980-06-22,1359-04-01,1359,4,gold_ounce_usd,640.8727272727273,USD per troy ounce,tgju.org API (Jalali-month mean),613.0
1980-07-23,1359-05-01,1359,5,gold_ounce_usd,629.2804347826087,USD per troy ounce,tgju.org API (Jalali-month mean),639.2
1980-08-23,1359-06-01,1359,6,gold_ounce_usd,658.2142857142857,USD per troy ounce,tgju.org API (Jalali-month mean),710.0
1980-09-23,1359-07-01,1359,7,gold_ounce_usd,678.3636363636364,USD per troy ounce,tgju.org API (Jalali-month mean),660.0
1980-10-23,1359-08-01,1359,8,gold_ounce_usd,627.4704545454546,USD per troy ounce,tgju.org API (Jalali-month mean),634.75
1980-11-22,1359-09-01,1359,9,gold_ounce_usd,602.01,USD per troy ounce,tgju.org API (Jalali-month mean),575.0
1980-12-22,1359-10-01,1359,10,gold_ounce_usd,582.625,USD per troy ounce,tgju.org API (Jalali-month mean),562.0
1981-01-21,1359-11-01,1359,11,gold_ounce_usd,512.2840909090909,USD per troy ounce,tgju.org API (Jalali-month mean),503.25
1981-02-20,1359-12-01,1359,12,gold_ounce_usd,488.6904761904762,USD per troy ounce,tgju.org API (Jalali-month mean),516.75
1981-03-21,1360-01-01,1360,1,gold_ounce_usd,509.2142857142857,USD per troy ounce,tgju.org API (Jalali-month mean),477.0
1981-04-21,1360-02-01,1360,2,gold_ounce_usd,483.57608695652175,USD per troy ounce,tgju.org API (Jalali-month mean),475.0
1981-05-22,1360-03-01,1360,3,gold_ounce_usd,468.57142857142856,USD per troy ounce,tgju.org API (Jalali-month mean),458.25
1981-06-22,1360-04-01,1360,4,gold_ounce_usd,421.94565217391306,USD per troy ounce,tgju.org API (Jalali-month mean),411.5
1981-07-23,1360-05-01,1360,5,gold_ounce_usd,408.57272727272726,USD per troy ounce,tgju.org API (Jalali-month mean),429.5
1981-08-23,1360-06-01,1360,6,gold_ounce_usd,438.17045454545456,USD per troy ounce,tgju.org API (Jalali-month mean),462.0
1981-09-23,1360-07-01,1360,7,gold_ounce_usd,440.98409090909087,USD per troy ounce,tgju.org API (Jalali-month mean),433.75
1981-10-23,1360-08-01,1360,8,gold_ounce_usd,419.4261904761905,USD per troy ounce,tgju.org API (Jalali-month mean),401.5
1981-11-22,1360-09-01,1360,9,gold_ounce_usd,411.3452380952381,USD per troy ounce,tgju.org API (Jalali-month mean),410.5
1981-12-22,1360-10-01,1360,10,gold_ounce_usd,391.80909090909086,USD per troy ounce,tgju.org API (Jalali-month mean),371.5
1982-01-21,1360-11-01,1360,11,gold_ounce_usd,378.2636363636364,USD per troy ounce,tgju.org API (Jalali-month mean),369.25
1982-02-20,1360-12-01,1360,12,gold_ounce_usd,340.91,USD per troy ounce,tgju.org API (Jalali-month mean),315.75
1982-03-21,1361-01-01,1361,1,gold_ounce_usd,340.9533333333334,USD per troy ounce,tgju.org API (Jalali-month mean),343.0
1982-04-21,1361-02-01,1361,2,gold_ounce_usd,342.1152173913043,USD per troy ounce,tgju.org API (Jalali-month mean),338.5
1982-05-22,1361-03-01,1361,3,gold_ounce_usd,320.8333333333333,USD per troy ounce,tgju.org API (Jalali-month mean),296.75
1982-06-22,1361-04-01,1361,4,gold_ounce_usd,327.1227272727273,USD per troy ounce,tgju.org API (Jalali-month mean),353.0
1982-07-23,1361-05-01,1361,5,gold_ounce_usd,347.5,USD per troy ounce,tgju.org API (Jalali-month mean),386.5
1982-08-23,1361-06-01,1361,6,gold_ounce_usd,431.8454545454546,USD per troy ounce,tgju.org API (Jalali-month mean),443.7
1982-09-23,1361-07-01,1361,7,gold_ounce_usd,420.7380952380952,USD per troy ounce,tgju.org API (Jalali-month mean),428.0
1982-10-23,1361-08-01,1361,8,gold_ounce_usd,412.9,USD per troy ounce,tgju.org API (Jalali-month mean),417.6
1982-11-22,1361-09-01,1361,9,gold_ounce_usd,434.87619047619046,USD per troy ounce,tgju.org API (Jalali-month mean),442.2
1982-12-22,1361-10-01,1361,10,gold_ounce_usd,468.72,USD per troy ounce,tgju.org API (Jalali-month mean),487.2
1983-01-21,1361-11-01,1361,11,gold_ounce_usd,497.1142857142857,USD per troy ounce,tgju.org API (Jalali-month mean),503.5
1983-02-20,1361-12-01,1361,12,gold_ounce_usd,433.1315789473685,USD per troy ounce,tgju.org API (Jalali-month mean),421.7
1983-03-21,1362-01-01,1362,1,gold_ounce_usd,423.7681818181818,USD per troy ounce,tgju.org API (Jalali-month mean),433.7
1983-04-21,1362-02-01,1362,2,gold_ounce_usd,436.70454545454544,USD per troy ounce,tgju.org API (Jalali-month mean),438.7
1983-05-22,1362-03-01,1362,3,gold_ounce_usd,417.9619047619048,USD per troy ounce,tgju.org API (Jalali-month mean),414.7
1983-06-22,1362-04-01,1362,4,gold_ounce_usd,421.3681818181818,USD per troy ounce,tgju.org API (Jalali-month mean),423.5
1983-07-23,1362-05-01,1362,5,gold_ounce_usd,416.9047619047619,USD per troy ounce,tgju.org API (Jalali-month mean),421.7
1983-08-23,1362-06-01,1362,6,gold_ounce_usd,414.58571428571423,USD per troy ounce,tgju.org API (Jalali-month mean),407.7
1983-09-23,1362-07-01,1362,7,gold_ounce_usd,399.4952380952381,USD per troy ounce,tgju.org API (Jalali-month mean),394.2
1983-10-23,1362-08-01,1362,8,gold_ounce_usd,382.8952380952381,USD per troy ounce,tgju.org API (Jalali-month mean),374.2
1983-11-22,1362-09-01,1362,9,gold_ounce_usd,389.004761904762,USD per troy ounce,tgju.org API (Jalali-month mean),378.6
1983-12-22,1362-10-01,1362,10,gold_ounce_usd,374.18,USD per troy ounce,tgju.org API (Jalali-month mean),371.2
1984-01-21,1362-11-01,1362,11,gold_ounce_usd,376.8475,USD per troy ounce,tgju.org API (Jalali-month mean),382.1
1984-02-20,1362-12-01,1362,12,gold_ounce_usd,396.57142857142856,USD per troy ounce,tgju.org API (Jalali-month mean),393.8
1984-03-21,1363-01-01,1363,1,gold_ounce_usd,384.33181818181816,USD per troy ounce,tgju.org API (Jalali-month mean),384.9
1984-04-21,1363-02-01,1363,2,gold_ounce_usd,376.81428571428575,USD per troy ounce,tgju.org API (Jalali-month mean),380.7
1984-05-22,1363-03-01,1363,3,gold_ounce_usd,380.75,USD per troy ounce,tgju.org API (Jalali-month mean),370.7
1984-06-22,1363-04-01,1363,4,gold_ounce_usd,356.37,USD per troy ounce,tgju.org API (Jalali-month mean),342.0
1984-07-23,1363-05-01,1363,5,gold_ounce_usd,344.6565217391304,USD per troy ounce,tgju.org API (Jalali-month mean),345.0
1984-08-23,1363-06-01,1363,6,gold_ounce_usd,342.56666666666666,USD per troy ounce,tgju.org API (Jalali-month mean),343.5
1984-09-23,1363-07-01,1363,7,gold_ounce_usd,342.4904761904762,USD per troy ounce,tgju.org API (Jalali-month mean),338.4
1984-10-23,1363-08-01,1363,8,gold_ounce_usd,341.8818181818182,USD per troy ounce,tgju.org API (Jalali-month mean),340.3
1984-11-22,1363-09-01,1363,9,gold_ounce_usd,324.93809523809523,USD per troy ounce,tgju.org API (Jalali-month mean),311.0
1984-12-22,1363-10-01,1363,10,gold_ounce_usd,304.4117647058824,USD per troy ounce,tgju.org API (Jalali-month mean),308.0
1985-01-21,1363-11-01,1363,11,gold_ounce_usd,302.4666666666667,USD per troy ounce,tgju.org API (Jalali-month mean),302.6
1985-02-20,1363-12-01,1363,12,gold_ounce_usd,293.98571428571427,USD per troy ounce,tgju.org API (Jalali-month mean),324.0
1985-03-21,1364-01-01,1364,1,gold_ounce_usd,324.49523809523805,USD per troy ounce,tgju.org API (Jalali-month mean),327.0
1985-04-21,1364-02-01,1364,2,gold_ounce_usd,319.15000000000003,USD per troy ounce,tgju.org API (Jalali-month mean),314.9
1985-05-22,1364-03-01,1364,3,gold_ounce_usd,315.83181818181816,USD per troy ounce,tgju.org API (Jalali-month mean),313.4
1985-06-22,1364-04-01,1364,4,gold_ounce_usd,315.57894736842104,USD per troy ounce,tgju.org API (Jalali-month mean),317.2
1985-07-23,1364-05-01,1364,5,gold_ounce_usd,326.0217391304348,USD per troy ounce,tgju.org API (Jalali-month mean),335.5
1985-08-23,1364-06-01,1364,6,gold_ounce_usd,325.495,USD per troy ounce,tgju.org API (Jalali-month mean),319.1
1985-09-23,1364-07-01,1364,7,gold_ounce_usd,326.5318181818181,USD per troy ounce,tgju.org API (Jalali-month mean),328.0
1985-10-23,1364-08-01,1364,8,gold_ounce_usd,324.95,USD per troy ounce,tgju.org API (Jalali-month mean),325.8
1985-11-22,1364-09-01,1364,9,gold_ounce_usd,322.835,USD per troy ounce,tgju.org API (Jalali-month mean),325.5
1985-12-22,1364-10-01,1364,10,gold_ounce_usd,335.6105263157895,USD per troy ounce,tgju.org API (Jalali-month mean),351.0
1986-01-21,1364-11-01,1364,11,gold_ounce_usd,344.947619047619,USD per troy ounce,tgju.org API (Jalali-month mean),341.6
1986-02-20,1364-12-01,1364,12,gold_ounce_usd,343.66190476190474,USD per troy ounce,tgju.org API (Jalali-month mean),350.6
1986-03-21,1365-01-01,1365,1,gold_ounce_usd,341.04,USD per troy ounce,tgju.org API (Jalali-month mean),343.0
1986-04-21,1365-02-01,1365,2,gold_ounce_usd,341.99347826086955,USD per troy ounce,tgju.org API (Jalali-month mean),335.93
1986-05-22,1365-03-01,1365,3,gold_ounce_usd,339.1433333333333,USD per troy ounce,tgju.org API (Jalali-month mean),336.65
1986-06-22,1365-04-01,1365,4,gold_ounce_usd,343.0631818181818,USD per troy ounce,tgju.org API (Jalali-month mean),350.49
1986-07-23,1365-05-01,1365,5,gold_ounce_usd,365.09478260869565,USD per troy ounce,tgju.org API (Jalali-month mean),379.39
1986-08-23,1365-06-01,1365,6,gold_ounce_usd,405.126,USD per troy ounce,tgju.org API (Jalali-month mean),435.1
1986-09-23,1365-07-01,1365,7,gold_ounce_usd,429.3454545454546,USD per troy ounce,tgju.org API (Jalali-month mean),423.63
1986-10-23,1365-08-01,1365,8,gold_ounce_usd,403.5436363636363,USD per troy ounce,tgju.org API (Jalali-month mean),382.82
1986-11-22,1365-09-01,1365,9,gold_ounce_usd,388.255,USD per troy ounce,tgju.org API (Jalali-month mean),391.15
1986-12-22,1365-10-01,1365,10,gold_ounce_usd,402.3863157894737,USD per troy ounce,tgju.org API (Jalali-month mean),414.18
1987-01-21,1365-11-01,1365,11,gold_ounce_usd,402.2240909090909,USD per troy ounce,tgju.org API (Jalali-month mean),393.55
1987-02-20,1365-12-01,1365,12,gold_ounce_usd,404.6947619047619,USD per troy ounce,tgju.org API (Jalali-month mean),403.97
1987-03-21,1366-01-01,1366,1,gold_ounce_usd,425.284,USD per troy ounce,tgju.org API (Jalali-month mean),452.52
1987-04-21,1366-02-01,1366,2,gold_ounce_usd,458.93391304347824,USD per troy ounce,tgju.org API (Jalali-month mean),469.47
1987-05-22,1366-03-01,1366,3,gold_ounce_usd,453.3566666666667,USD per troy ounce,tgju.org API (Jalali-month mean),449.5
1987-06-22,1366-04-01,1366,4,gold_ounce_usd,446.3143478260869,USD per troy ounce,tgju.org API (Jalali-month mean),454.57
1987-07-23,1366-05-01,1366,5,gold_ounce_usd,460.27272727272725,USD per troy ounce,tgju.org API (Jalali-month mean),454.97
1987-08-23,1366-06-01,1366,6,gold_ounce_usd,458.7231818181818,USD per troy ounce,tgju.org API (Jalali-month mean),461.68
1987-09-23,1366-07-01,1366,7,gold_ounce_usd,461.5013636363637,USD per troy ounce,tgju.org API (Jalali-month mean),470.21
1987-10-23,1366-08-01,1366,8,gold_ounce_usd,466.5471428571428,USD per troy ounce,tgju.org API (Jalali-month mean),469.17
1987-11-22,1366-09-01,1366,9,gold_ounce_usd,484.55047619047616,USD per troy ounce,tgju.org API (Jalali-month mean),479.47
1987-12-22,1366-10-01,1366,10,gold_ounce_usd,481.8375,USD per troy ounce,tgju.org API (Jalali-month mean),476.3
1988-01-21,1366-11-01,1366,11,gold_ounce_usd,452.1495454545455,USD per troy ounce,tgju.org API (Jalali-month mean),445.04
1988-02-20,1366-12-01,1366,12,gold_ounce_usd,437.4595000000001,USD per troy ounce,tgju.org API (Jalali-month mean),444.26
1988-03-21,1367-01-01,1367,1,gold_ounce_usd,452.4836363636363,USD per troy ounce,tgju.org API (Jalali-month mean),455.41
1988-04-21,1367-02-01,1367,2,gold_ounce_usd,449.6595454545455,USD per troy ounce,tgju.org API (Jalali-month mean),456.09
1988-05-22,1367-03-01,1367,3,gold_ounce_usd,455.0518181818181,USD per troy ounce,tgju.org API (Jalali-month mean),451.43
1988-06-22,1367-04-01,1367,4,gold_ounce_usd,439.9113043478261,USD per troy ounce,tgju.org API (Jalali-month mean),442.04
1988-07-23,1367-05-01,1367,5,gold_ounce_usd,431.2890476190476,USD per troy ounce,tgju.org API (Jalali-month mean),433.17
1988-08-23,1367-06-01,1367,6,gold_ounce_usd,422.17,USD per troy ounce,tgju.org API (Jalali-month mean),398.62
1988-09-23,1367-07-01,1367,7,gold_ounce_usd,403.0395238095238,USD per troy ounce,tgju.org API (Jalali-month mean),408.01
1988-10-23,1367-08-01,1367,8,gold_ounce_usd,416.7033333333334,USD per troy ounce,tgju.org API (Jalali-month mean),415.31
1988-11-22,1367-09-01,1367,9,gold_ounce_usd,420.5272727272728,USD per troy ounce,tgju.org API (Jalali-month mean),414.81
1988-12-22,1367-10-01,1367,10,gold_ounce_usd,407.2825,USD per troy ounce,tgju.org API (Jalali-month mean),407.66
1989-01-21,1367-11-01,1367,11,gold_ounce_usd,392.083,USD per troy ounce,tgju.org API (Jalali-month mean),379.9
1989-02-20,1367-12-01,1367,12,gold_ounce_usd,389.1942857142857,USD per troy ounce,tgju.org API (Jalali-month mean),394.9
1989-03-21,1368-01-01,1368,1,gold_ounce_usd,385.6013636363636,USD per troy ounce,tgju.org API (Jalali-month mean),385.13
1989-04-21,1368-02-01,1368,2,gold_ounce_usd,377.2085714285714,USD per troy ounce,tgju.org API (Jalali-month mean),364.37
1989-05-22,1368-03-01,1368,3,gold_ounce_usd,364.9904347826087,USD per troy ounce,tgju.org API (Jalali-month mean),370.94
1989-06-22,1368-04-01,1368,4,gold_ounce_usd,375.2536363636364,USD per troy ounce,tgju.org API (Jalali-month mean),371.7
1989-07-23,1368-05-01,1368,5,gold_ounce_usd,368.135,USD per troy ounce,tgju.org API (Jalali-month mean),366.38
1989-08-23,1368-06-01,1368,6,gold_ounce_usd,360.2565217391304,USD per troy ounce,tgju.org API (Jalali-month mean),364.16
1989-09-23,1368-07-01,1368,7,gold_ounce_usd,365.098,USD per troy ounce,tgju.org API (Jalali-month mean),366.69
1989-10-23,1368-08-01,1368,8,gold_ounce_usd,382.8263636363636,USD per troy ounce,tgju.org API (Jalali-month mean),403.5
1989-11-22,1368-09-01,1368,9,gold_ounce_usd,411.1818181818182,USD per troy ounce,tgju.org API (Jalali-month mean),412.0
1989-12-22,1368-10-01,1368,10,gold_ounce_usd,407.2565,USD per troy ounce,tgju.org API (Jalali-month mean),410.15
1990-01-21,1368-11-01,1368,11,gold_ounce_usd,417.2795238095238,USD per troy ounce,tgju.org API (Jalali-month mean),416.6
1990-02-20,1368-12-01,1368,12,gold_ounce_usd,404.8928571428572,USD per troy ounce,tgju.org API (Jalali-month mean),393.25
1990-03-21,1369-01-01,1369,1,gold_ounce_usd,376.5334782608696,USD per troy ounce,tgju.org API (Jalali-month mean),376.25
1990-04-21,1369-02-01,1369,2,gold_ounce_usd,371.29523809523806,USD per troy ounce,tgju.org API (Jalali-month mean),372.8
1990-05-22,1369-03-01,1369,3,gold_ounce_usd,358.01956521739135,USD per troy ounce,tgju.org API (Jalali-month mean),350.05
1990-06-22,1369-04-01,1369,4,gold_ounce_usd,357.6452380952381,USD per troy ounce,tgju.org API (Jalali-month mean),361.15
1990-07-23,1369-05-01,1369,5,gold_ounce_usd,387.3721739130434,USD per troy ounce,tgju.org API (Jalali-month mean),413.62
1990-08-23,1369-06-01,1369,6,gold_ounce_usd,388.7931818181818,USD per troy ounce,tgju.org API (Jalali-month mean),389.25
1990-09-23,1369-07-01,1369,7,gold_ounce_usd,388.1919047619048,USD per troy ounce,tgju.org API (Jalali-month mean),369.75
1990-10-23,1369-08-01,1369,8,gold_ounce_usd,379.44772727272726,USD per troy ounce,tgju.org API (Jalali-month mean),379.35
1990-11-22,1369-09-01,1369,9,gold_ounce_usd,378.4113636363636,USD per troy ounce,tgju.org API (Jalali-month mean),381.45
1990-12-22,1369-10-01,1369,10,gold_ounce_usd,389.22526315789474,USD per troy ounce,tgju.org API (Jalali-month mean),374.1
1991-01-21,1369-11-01,1369,11,gold_ounce_usd,369.675,USD per troy ounce,tgju.org API (Jalali-month mean),363.65
1991-02-20,1369-12-01,1369,12,gold_ounce_usd,363.90238095238095,USD per troy ounce,tgju.org API (Jalali-month mean),362.45
1991-03-21,1370-01-01,1370,1,gold_ounce_usd,359.4227272727273,USD per troy ounce,tgju.org API (Jalali-month mean),356.65
1991-04-21,1370-02-01,1370,2,gold_ounce_usd,356.2318181818182,USD per troy ounce,tgju.org API (Jalali-month mean),356.75
1991-05-22,1370-03-01,1370,3,gold_ounce_usd,364.2630434782608,USD per troy ounce,tgju.org API (Jalali-month mean),366.95
1991-06-22,1370-04-01,1370,4,gold_ounce_usd,368.3095238095238,USD per troy ounce,tgju.org API (Jalali-month mean),367.4
1991-07-23,1370-05-01,1370,5,gold_ounce_usd,359.7217391304348,USD per troy ounce,tgju.org API (Jalali-month mean),354.55
1991-08-23,1370-06-01,1370,6,gold_ounce_usd,349.0809523809524,USD per troy ounce,tgju.org API (Jalali-month mean),348.55
1991-09-23,1370-07-01,1370,7,gold_ounce_usd,356.9136363636364,USD per troy ounce,tgju.org API (Jalali-month mean),363.25
1991-10-23,1370-08-01,1370,8,gold_ounce_usd,358.34772727272724,USD per troy ounce,tgju.org API (Jalali-month mean),367.65
1991-11-22,1370-09-01,1370,9,gold_ounce_usd,364.1452380952381,USD per troy ounce,tgju.org API (Jalali-month mean),358.7
1991-12-22,1370-10-01,1370,10,gold_ounce_usd,354.6166666666667,USD per troy ounce,tgju.org API (Jalali-month mean),357.85
1992-01-21,1370-11-01,1370,11,gold_ounce_usd,355.47272727272724,USD per troy ounce,tgju.org API (Jalali-month mean),352.95
1992-02-20,1370-12-01,1370,12,gold_ounce_usd,348.07045454545454,USD per troy ounce,tgju.org API (Jalali-month mean),338.45
1992-03-21,1371-01-01,1371,1,gold_ounce_usd,339.79761904761904,USD per troy ounce,tgju.org API (Jalali-month mean),337.0
1992-04-21,1371-02-01,1371,2,gold_ounce_usd,337.15434782608696,USD per troy ounce,tgju.org API (Jalali-month mean),337.15
1992-05-22,1371-03-01,1371,3,gold_ounce_usd,339.3261904761905,USD per troy ounce,tgju.org API (Jalali-month mean),340.95
1992-06-22,1371-04-01,1371,4,gold_ounce_usd,348.5326086956522,USD per troy ounce,tgju.org API (Jalali-month mean),359.25
1992-07-23,1371-05-01,1371,5,gold_ounce_usd,348.0863636363636,USD per troy ounce,tgju.org API (Jalali-month mean),337.65
1992-08-23,1371-06-01,1371,6,gold_ounce_usd,343.35,USD per troy ounce,tgju.org API (Jalali-month mean),349.5
1992-09-23,1371-07-01,1371,7,gold_ounce_usd,346.85909090909087,USD per troy ounce,tgju.org API (Jalali-month mean),342.55
1992-10-23,1371-08-01,1371,8,gold_ounce_usd,336.6047619047619,USD per troy ounce,tgju.org API (Jalali-month mean),335.45
1992-11-22,1371-09-01,1371,9,gold_ounce_usd,335.3195238095238,USD per troy ounce,tgju.org API (Jalali-month mean),334.2
1992-12-22,1371-10-01,1371,10,gold_ounce_usd,330.4833333333333,USD per troy ounce,tgju.org API (Jalali-month mean),329.9
1993-01-21,1371-11-01,1371,11,gold_ounce_usd,329.71818181818185,USD per troy ounce,tgju.org API (Jalali-month mean),330.05
1993-02-20,1371-12-01,1371,12,gold_ounce_usd,328.875,USD per troy ounce,tgju.org API (Jalali-month mean),331.8
1993-03-21,1372-01-01,1372,1,gold_ounce_usd,336.53409090909093,USD per troy ounce,tgju.org API (Jalali-month mean),339.6
1993-04-21,1372-02-01,1372,2,gold_ounce_usd,358.5795652173913,USD per troy ounce,tgju.org API (Jalali-month mean),377.6
1993-05-22,1372-03-01,1372,3,gold_ounce_usd,372.6790476190477,USD per troy ounce,tgju.org API (Jalali-month mean),369.85
1993-06-22,1372-04-01,1372,4,gold_ounce_usd,386.6804347826087,USD per troy ounce,tgju.org API (Jalali-month mean),391.9
1993-07-23,1372-05-01,1372,5,gold_ounce_usd,384.8452380952381,USD per troy ounce,tgju.org API (Jalali-month mean),373.75
1993-08-23,1372-06-01,1372,6,gold_ounce_usd,359.98,USD per troy ounce,tgju.org API (Jalali-month mean),354.25
1993-09-23,1372-07-01,1372,7,gold_ounce_usd,360.9295454545455,USD per troy ounce,tgju.org API (Jalali-month mean),370.45
1993-10-23,1372-08-01,1372,8,gold_ounce_usd,372.32,USD per troy ounce,tgju.org API (Jalali-month mean),378.35
1993-11-22,1372-09-01,1372,9,gold_ounce_usd,380.29545454545456,USD per troy ounce,tgju.org API (Jalali-month mean),387.45
1993-12-22,1372-10-01,1372,10,gold_ounce_usd,389.2363636363637,USD per troy ounce,tgju.org API (Jalali-month mean),387.55
1994-01-21,1372-11-01,1372,11,gold_ounce_usd,382.3185714285714,USD per troy ounce,tgju.org API (Jalali-month mean),380.0
1994-02-20,1372-12-01,1372,12,gold_ounce_usd,380.7575,USD per troy ounce,tgju.org API (Jalali-month mean),387.05
1994-03-21,1373-01-01,1373,1,gold_ounce_usd,383.79782608695655,USD per troy ounce,tgju.org API (Jalali-month mean),372.75
1994-04-21,1373-02-01,1373,2,gold_ounce_usd,378.2386363636364,USD per troy ounce,tgju.org API (Jalali-month mean),385.7
1994-05-22,1373-03-01,1373,3,gold_ounce_usd,385.3818181818182,USD per troy ounce,tgju.org API (Jalali-month mean),393.65
1994-06-22,1373-04-01,1373,4,gold_ounce_usd,386.1239130434783,USD per troy ounce,tgju.org API (Jalali-month mean),385.05
1994-07-23,1373-05-01,1373,5,gold_ounce_usd,380.5785714285714,USD per troy ounce,tgju.org API (Jalali-month mean),381.75
1994-08-23,1373-06-01,1373,6,gold_ounce_usd,388.55,USD per troy ounce,tgju.org API (Jalali-month mean),396.45
1994-09-23,1373-07-01,1373,7,gold_ounce_usd,391.8,USD per troy ounce,tgju.org API (Jalali-month mean),390.85
1994-10-23,1373-08-01,1373,8,gold_ounce_usd,385.4904761904762,USD per troy ounce,tgju.org API (Jalali-month mean),383.4
1994-11-22,1373-09-01,1373,9,gold_ounce_usd,380.2022727272728,USD per troy ounce,tgju.org API (Jalali-month mean),381.85
1994-12-22,1373-10-01,1373,10,gold_ounce_usd,379.54545454545456,USD per troy ounce,tgju.org API (Jalali-month mean),384.95
1995-01-21,1373-11-01,1373,11,gold_ounce_usd,377.1625,USD per troy ounce,tgju.org API (Jalali-month mean),378.45
1995-02-20,1373-12-01,1373,12,gold_ounce_usd,380.3880952380952,USD per troy ounce,tgju.org API (Jalali-month mean),382.75
1995-03-21,1374-01-01,1374,1,gold_ounce_usd,388.9347826086956,USD per troy ounce,tgju.org API (Jalali-month mean),391.9
1995-04-21,1374-02-01,1374,2,gold_ounce_usd,386.82380952380953,USD per troy ounce,tgju.org API (Jalali-month mean),382.25
1995-05-22,1374-03-01,1374,3,gold_ounce_usd,386.4065217391304,USD per troy ounce,tgju.org API (Jalali-month mean),390.35
1995-06-22,1374-04-01,1374,4,gold_ounce_usd,387.1772727272728,USD per troy ounce,tgju.org API (Jalali-month mean),386.35
1995-07-23,1374-05-01,1374,5,gold_ounce_usd,384.2613636363636,USD per troy ounce,tgju.org API (Jalali-month mean),383.25
1995-08-23,1374-06-01,1374,6,gold_ounce_usd,382.9673913043478,USD per troy ounce,tgju.org API (Jalali-month mean),382.75
1995-09-23,1374-07-01,1374,7,gold_ounce_usd,383.46,USD per troy ounce,tgju.org API (Jalali-month mean),382.35
1995-10-23,1374-08-01,1374,8,gold_ounce_usd,384.28363636363633,USD per troy ounce,tgju.org API (Jalali-month mean),385.1
1995-11-22,1374-09-01,1374,9,gold_ounce_usd,386.96590909090907,USD per troy ounce,tgju.org API (Jalali-month mean),387.8
1995-12-22,1374-10-01,1374,10,gold_ounce_usd,393.7675,USD per troy ounce,tgju.org API (Jalali-month mean),399.4
1996-01-21,1374-11-01,1374,11,gold_ounce_usd,406.7214285714285,USD per troy ounce,tgju.org API (Jalali-month mean),405.65
1996-02-20,1374-12-01,1374,12,gold_ounce_usd,397.1857142857143,USD per troy ounce,tgju.org API (Jalali-month mean),395.35
1996-03-20,1375-01-01,1375,1,gold_ounce_usd,395.2434782608696,USD per troy ounce,tgju.org API (Jalali-month mean),390.6
1996-04-20,1375-02-01,1375,2,gold_ounce_usd,392.1880952380953,USD per troy ounce,tgju.org API (Jalali-month mean),390.85
1996-05-21,1375-03-01,1375,3,gold_ounce_usd,387.9369565217391,USD per troy ounce,tgju.org API (Jalali-month mean),384.5
1996-06-21,1375-04-01,1375,4,gold_ounce_usd,382.95714285714286,USD per troy ounce,tgju.org API (Jalali-month mean),384.5
1996-07-22,1375-05-01,1375,5,gold_ounce_usd,386.7,USD per troy ounce,tgju.org API (Jalali-month mean),386.85
1996-08-22,1375-06-01,1375,6,gold_ounce_usd,385.2613636363636,USD per troy ounce,tgju.org API (Jalali-month mean),381.25
1996-09-22,1375-07-01,1375,7,gold_ounce_usd,380.9690476190476,USD per troy ounce,tgju.org API (Jalali-month mean),381.9
1996-10-22,1375-08-01,1375,8,gold_ounce_usd,380.5931818181818,USD per troy ounce,tgju.org API (Jalali-month mean),378.35
1996-11-21,1375-09-01,1375,9,gold_ounce_usd,370.6931818181818,USD per troy ounce,tgju.org API (Jalali-month mean),368.75
1996-12-21,1375-10-01,1375,10,gold_ounce_usd,361.7763157894737,USD per troy ounce,tgju.org API (Jalali-month mean),355.55
1997-01-20,1375-11-01,1375,11,gold_ounce_usd,346.92954545454546,USD per troy ounce,tgju.org API (Jalali-month mean),345.85
1997-02-19,1375-12-01,1375,12,gold_ounce_usd,353.2204545454546,USD per troy ounce,tgju.org API (Jalali-month mean),351.5
1997-03-21,1376-01-01,1376,1,gold_ounce_usd,347.81428571428575,USD per troy ounce,tgju.org API (Jalali-month mean),341.45
1997-04-21,1376-02-01,1376,2,gold_ounce_usd,342.9869565217391,USD per troy ounce,tgju.org API (Jalali-month mean),342.95
1997-05-22,1376-03-01,1376,3,gold_ounce_usd,342.6545454545454,USD per troy ounce,tgju.org API (Jalali-month mean),337.65
1997-06-22,1376-04-01,1376,4,gold_ounce_usd,327.0022727272727,USD per troy ounce,tgju.org API (Jalali-month mean),325.25
1997-07-23,1376-05-01,1376,5,gold_ounce_usd,324.51,USD per troy ounce,tgju.org API (Jalali-month mean),326.45
1997-08-23,1376-06-01,1376,6,gold_ounce_usd,322.747619047619,USD per troy ounce,tgju.org API (Jalali-month mean),321.25
1997-09-23,1376-07-01,1376,7,gold_ounce_usd,328.1636363636364,USD per troy ounce,tgju.org API (Jalali-month mean),322.45
1997-10-23,1376-08-01,1376,8,gold_ounce_usd,310.2977272727273,USD per troy ounce,tgju.org API (Jalali-month mean),304.95
1997-11-22,1376-09-01,1376,9,gold_ounce_usd,290.26,USD per troy ounce,tgju.org API (Jalali-month mean),289.05
1997-12-22,1376-10-01,1376,10,gold_ounce_usd,287.39761904761906,USD per troy ounce,tgju.org API (Jalali-month mean),290.45
1998-01-21,1376-11-01,1376,11,gold_ounce_usd,298.9440909090909,USD per troy ounce,tgju.org API (Jalali-month mean),298.95
1998-02-20,1376-12-01,1376,12,gold_ounce_usd,294.54285714285714,USD per troy ounce,tgju.org API (Jalali-month mean),291.75
1998-03-21,1377-01-01,1377,1,gold_ounce_usd,305.3595238095238,USD per troy ounce,tgju.org API (Jalali-month mean),307.95
1998-04-21,1377-02-01,1377,2,gold_ounce_usd,303.9304347826087,USD per troy ounce,tgju.org API (Jalali-month mean),301.15
1998-05-22,1377-03-01,1377,3,gold_ounce_usd,292.77857142857147,USD per troy ounce,tgju.org API (Jalali-month mean),298.75
1998-06-22,1377-04-01,1377,4,gold_ounce_usd,294.0217391304348,USD per troy ounce,tgju.org API (Jalali-month mean),294.15
1998-07-23,1377-05-01,1377,5,gold_ounce_usd,287.0263636363636,USD per troy ounce,tgju.org API (Jalali-month mean),284.8
1998-08-23,1377-06-01,1377,6,gold_ounce_usd,285.4136363636364,USD per troy ounce,tgju.org API (Jalali-month mean),287.85
1998-09-23,1377-07-01,1377,7,gold_ounce_usd,296.6068181818182,USD per troy ounce,tgju.org API (Jalali-month mean),292.55
1998-10-23,1377-08-01,1377,8,gold_ounce_usd,293.6,USD per troy ounce,tgju.org API (Jalali-month mean),296.05
1998-11-22,1377-09-01,1377,9,gold_ounce_usd,293.47857142857146,USD per troy ounce,tgju.org API (Jalali-month mean),288.95
1998-12-22,1377-10-01,1377,10,gold_ounce_usd,287.82142857142856,USD per troy ounce,tgju.org API (Jalali-month mean),287.25
1999-01-21,1377-11-01,1377,11,gold_ounce_usd,287.3,USD per troy ounce,tgju.org API (Jalali-month mean),288.25
1999-02-20,1377-12-01,1377,12,gold_ounce_usd,287.90250000000003,USD per troy ounce,tgju.org API (Jalali-month mean),284.25
1999-03-21,1378-01-01,1378,1,gold_ounce_usd,281.8636363636364,USD per troy ounce,tgju.org API (Jalali-month mean),284.35
1999-04-21,1378-02-01,1378,2,gold_ounce_usd,280.745652173913,USD per troy ounce,tgju.org API (Jalali-month mean),273.0
1999-05-22,1378-03-01,1378,3,gold_ounce_usd,264.22857142857146,USD per troy ounce,tgju.org API (Jalali-month mean),259.0
1999-06-22,1378-04-01,1378,4,gold_ounce_usd,257.8760869565217,USD per troy ounce,tgju.org API (Jalali-month mean),255.95
1999-07-23,1378-05-01,1378,5,gold_ounce_usd,257.1928571428572,USD per troy ounce,tgju.org API (Jalali-month mean),257.4
1999-08-23,1378-06-01,1378,6,gold_ounce_usd,255.73695652173916,USD per troy ounce,tgju.org API (Jalali-month mean),264.25
1999-09-23,1378-07-01,1378,7,gold_ounce_usd,307.7122727272727,USD per troy ounce,tgju.org API (Jalali-month mean),302.9
1999-10-23,1378-08-01,1378,8,gold_ounce_usd,293.5665,USD per troy ounce,tgju.org API (Jalali-month mean),295.0
1999-11-22,1378-09-01,1378,9,gold_ounce_usd,286.54,USD per troy ounce,tgju.org API (Jalali-month mean),287.25
1999-12-22,1378-10-01,1378,10,gold_ounce_usd,285.91636363636366,USD per troy ounce,tgju.org API (Jalali-month mean),288.62
2000-01-21,1378-11-01,1378,11,gold_ounce_usd,296.4442857142857,USD per troy ounce,tgju.org API (Jalali-month mean),304.8
2000-02-20,1378-12-01,1378,12,gold_ounce_usd,292.133,USD per troy ounce,tgju.org API (Jalali-month mean),284.5
2000-03-20,1379-01-01,1379,1,gold_ounce_usd,281.92391304347825,USD per troy ounce,tgju.org API (Jalali-month mean),280.77
2000-04-20,1379-02-01,1379,2,gold_ounce_usd,276.66772727272723,USD per troy ounce,tgju.org API (Jalali-month mean),274.25
2000-05-21,1379-03-01,1379,3,gold_ounce_usd,281.0686363636364,USD per troy ounce,tgju.org API (Jalali-month mean),286.2
2000-06-21,1379-04-01,1379,4,gold_ounce_usd,284.254347826087,USD per troy ounce,tgju.org API (Jalali-month mean),280.35
2000-07-22,1379-05-01,1379,5,gold_ounce_usd,276.1095238095238,USD per troy ounce,tgju.org API (Jalali-month mean),275.25
2000-08-22,1379-06-01,1379,6,gold_ounce_usd,273.5217391304348,USD per troy ounce,tgju.org API (Jalali-month mean),270.75
2000-09-22,1379-07-01,1379,7,gold_ounce_usd,272.65714285714284,USD per troy ounce,tgju.org API (Jalali-month mean),271.5
2000-10-22,1379-08-01,1379,8,gold_ounce_usd,265.65,USD per troy ounce,tgju.org API (Jalali-month mean),266.35
2000-11-21,1379-09-01,1379,9,gold_ounce_usd,269.9795454545455,USD per troy ounce,tgju.org API (Jalali-month mean),273.65
2000-12-21,1379-10-01,1379,10,gold_ounce_usd,268.60238095238094,USD per troy ounce,tgju.org API (Jalali-month mean),264.85
2001-01-20,1379-11-01,1379,11,gold_ounce_usd,263.4375,USD per troy ounce,tgju.org API (Jalali-month mean),258.95
2001-02-19,1379-12-01,1379,12,gold_ounce_usd,263.4490909090909,USD per troy ounce,tgju.org API (Jalali-month mean),261.65
2001-03-21,1380-01-01,1380,1,gold_ounce_usd,260.4,USD per troy ounce,tgju.org API (Jalali-month mean),264.65
2001-04-21,1380-02-01,1380,2,gold_ounce_usd,268.4309523809524,USD per troy ounce,tgju.org API (Jalali-month mean),285.65
2001-05-22,1380-03-01,1380,3,gold_ounce_usd,272.46521739130435,USD per troy ounce,tgju.org API (Jalali-month mean),272.85
2001-06-22,1380-04-01,1380,4,gold_ounce_usd,269.2404761904762,USD per troy ounce,tgju.org API (Jalali-month mean),270.15
2001-07-23,1380-05-01,1380,5,gold_ounce_usd,271.1891304347826,USD per troy ounce,tgju.org API (Jalali-month mean),274.55
2001-08-23,1380-06-01,1380,6,gold_ounce_usd,278.98409090909087,USD per troy ounce,tgju.org API (Jalali-month mean),291.7
2001-09-23,1380-07-01,1380,7,gold_ounce_usd,286.75666666666666,USD per troy ounce,tgju.org API (Jalali-month mean),275.6
2001-10-23,1380-08-01,1380,8,gold_ounce_usd,277.3727272727273,USD per troy ounce,tgju.org API (Jalali-month mean),273.35
2001-11-22,1380-09-01,1380,9,gold_ounce_usd,275.1272727272727,USD per troy ounce,tgju.org API (Jalali-month mean),278.15
2001-12-22,1380-10-01,1380,10,gold_ounce_usd,281.39473684210526,USD per troy ounce,tgju.org API (Jalali-month mean),283.55
2002-01-21,1380-11-01,1380,11,gold_ounce_usd,290.50454545454545,USD per troy ounce,tgju.org API (Jalali-month mean),293.25
2002-02-20,1380-12-01,1380,12,gold_ounce_usd,293.4009523809524,USD per troy ounce,tgju.org API (Jalali-month mean),292.45
2002-03-21,1381-01-01,1381,1,gold_ounce_usd,300.81136363636364,USD per troy ounce,tgju.org API (Jalali-month mean),302.35
2002-04-21,1381-02-01,1381,2,gold_ounce_usd,309.58409090909095,USD per troy ounce,tgju.org API (Jalali-month mean),316.15
2002-05-22,1381-03-01,1381,3,gold_ounce_usd,322.12260869565216,USD per troy ounce,tgju.org API (Jalali-month mean),324.65
2002-06-22,1381-04-01,1381,4,gold_ounce_usd,316.90190476190475,USD per troy ounce,tgju.org API (Jalali-month mean),323.1
2002-07-23,1381-05-01,1381,5,gold_ounce_usd,309.3826086956522,USD per troy ounce,tgju.org API (Jalali-month mean),307.05
2002-08-23,1381-06-01,1381,6,gold_ounce_usd,316.252380952381,USD per troy ounce,tgju.org API (Jalali-month mean),322.15
2002-09-23,1381-07-01,1381,7,gold_ounce_usd,318.6545454545454,USD per troy ounce,tgju.org API (Jalali-month mean),313.0
2002-10-23,1381-08-01,1381,8,gold_ounce_usd,318.1340909090909,USD per troy ounce,tgju.org API (Jalali-month mean),317.65
2002-11-22,1381-09-01,1381,9,gold_ounce_usd,326.9371428571429,USD per troy ounce,tgju.org API (Jalali-month mean),340.7
2002-12-22,1381-10-01,1381,10,gold_ounce_usd,350.6345,USD per troy ounce,tgju.org API (Jalali-month mean),356.25
2003-01-21,1381-11-01,1381,11,gold_ounce_usd,363.1895454545455,USD per troy ounce,tgju.org API (Jalali-month mean),349.95
2003-02-20,1381-12-01,1381,12,gold_ounce_usd,347.3176190476191,USD per troy ounce,tgju.org API (Jalali-month mean),332.38
2003-03-21,1382-01-01,1382,1,gold_ounce_usd,328.0357142857143,USD per troy ounce,tgju.org API (Jalali-month mean),327.25
2003-04-21,1382-02-01,1382,2,gold_ounce_usd,345.60521739130434,USD per troy ounce,tgju.org API (Jalali-month mean),371.62
2003-05-22,1382-03-01,1382,3,gold_ounce_usd,362.4936363636364,USD per troy ounce,tgju.org API (Jalali-month mean),357.38
2003-06-22,1382-04-01,1382,4,gold_ounce_usd,347.4127272727273,USD per troy ounce,tgju.org API (Jalali-month mean),350.75
2003-07-23,1382-05-01,1382,5,gold_ounce_usd,358.9765217391304,USD per troy ounce,tgju.org API (Jalali-month mean),363.15
2003-08-23,1382-06-01,1382,6,gold_ounce_usd,375.1980952380952,USD per troy ounce,tgju.org API (Jalali-month mean),387.1
2003-09-23,1382-07-01,1382,7,gold_ounce_usd,378.1886363636364,USD per troy ounce,tgju.org API (Jalali-month mean),385.85
2003-10-23,1382-08-01,1382,8,gold_ounce_usd,387.9390909090909,USD per troy ounce,tgju.org API (Jalali-month mean),396.2
2003-11-22,1382-09-01,1382,9,gold_ounce_usd,403.8865,USD per troy ounce,tgju.org API (Jalali-month mean),409.35
2003-12-22,1382-10-01,1382,10,gold_ounce_usd,416.1561904761905,USD per troy ounce,tgju.org API (Jalali-month mean),412.88
2004-01-21,1382-11-01,1382,11,gold_ounce_usd,406.8495454545455,USD per troy ounce,tgju.org API (Jalali-month mean),409.88
2004-02-20,1382-12-01,1382,12,gold_ounce_usd,400.2095238095238,USD per troy ounce,tgju.org API (Jalali-month mean),412.12
2004-03-20,1383-01-01,1383,1,gold_ounce_usd,415.7619047619048,USD per troy ounce,tgju.org API (Jalali-month mean),400.3
2004-04-20,1383-02-01,1383,2,gold_ounce_usd,385.9495652173913,USD per troy ounce,tgju.org API (Jalali-month mean),380.0
2004-05-21,1383-03-01,1383,3,gold_ounce_usd,389.4695238095238,USD per troy ounce,tgju.org API (Jalali-month mean),395.27
2004-06-21,1383-04-01,1383,4,gold_ounce_usd,400.2913043478261,USD per troy ounce,tgju.org API (Jalali-month mean),398.0
2004-07-22,1383-05-01,1383,5,gold_ounce_usd,396.5277272727273,USD per troy ounce,tgju.org API (Jalali-month mean),413.32
2004-08-22,1383-06-01,1383,6,gold_ounce_usd,404.545,USD per troy ounce,tgju.org API (Jalali-month mean),409.12
2004-09-22,1383-07-01,1383,7,gold_ounce_usd,416.4881818181818,USD per troy ounce,tgju.org API (Jalali-month mean),423.82
2004-10-22,1383-08-01,1383,8,gold_ounce_usd,432.45714285714286,USD per troy ounce,tgju.org API (Jalali-month mean),447.02
2004-11-21,1383-09-01,1383,9,gold_ounce_usd,445.9228571428571,USD per troy ounce,tgju.org API (Jalali-month mean),443.02
2004-12-21,1383-10-01,1383,10,gold_ounce_usd,430.6472727272727,USD per troy ounce,tgju.org API (Jalali-month mean),422.85
2005-01-20,1383-11-01,1383,11,gold_ounce_usd,422.1036363636364,USD per troy ounce,tgju.org API (Jalali-month mean),427.43
2005-02-19,1383-12-01,1383,12,gold_ounce_usd,436.916,USD per troy ounce,tgju.org API (Jalali-month mean),439.35
2005-03-21,1384-01-01,1384,1,gold_ounce_usd,427.19000000000005,USD per troy ounce,tgju.org API (Jalali-month mean),434.77
2005-04-21,1384-02-01,1384,2,gold_ounce_usd,427.31590909090914,USD per troy ounce,tgju.org API (Jalali-month mean),417.77
2005-05-22,1384-03-01,1384,3,gold_ounce_usd,424.9668181818182,USD per troy ounce,tgju.org API (Jalali-month mean),438.88
2005-06-22,1384-04-01,1384,4,gold_ounce_usd,428.3039130434783,USD per troy ounce,tgju.org API (Jalali-month mean),424.9
2005-07-23,1384-05-01,1384,5,gold_ounce_usd,435.81666666666666,USD per troy ounce,tgju.org API (Jalali-month mean),438.15
2005-08-23,1384-06-01,1384,6,gold_ounce_usd,447.9239130434783,USD per troy ounce,tgju.org API (Jalali-month mean),465.75
2005-09-23,1384-07-01,1384,7,gold_ounce_usd,469.0004761904762,USD per troy ounce,tgju.org API (Jalali-month mean),466.88
2005-10-23,1384-08-01,1384,8,gold_ounce_usd,469.58238095238096,USD per troy ounce,tgju.org API (Jalali-month mean),491.15
2005-11-22,1384-09-01,1384,9,gold_ounce_usd,504.96454545454543,USD per troy ounce,tgju.org API (Jalali-month mean),495.0
2005-12-22,1384-10-01,1384,10,gold_ounce_usd,534.302380952381,USD per troy ounce,tgju.org API (Jalali-month mean),553.8
2006-01-21,1384-11-01,1384,11,gold_ounce_usd,557.8935,USD per troy ounce,tgju.org API (Jalali-month mean),552.15
2006-02-20,1384-12-01,1384,12,gold_ounce_usd,554.3561904761905,USD per troy ounce,tgju.org API (Jalali-month mean),554.45
2006-03-21,1385-01-01,1385,1,gold_ounce_usd,587.6926086956522,USD per troy ounce,tgju.org API (Jalali-month mean),615.3
2006-04-21,1385-02-01,1385,2,gold_ounce_usd,670.8619047619047,USD per troy ounce,tgju.org API (Jalali-month mean),657.6
2006-05-22,1385-03-01,1385,3,gold_ounce_usd,617.9586956521739,USD per troy ounce,tgju.org API (Jalali-month mean),586.85
2006-06-22,1385-04-01,1385,4,gold_ounce_usd,621.375,USD per troy ounce,tgju.org API (Jalali-month mean),620.75
2006-07-23,1385-05-01,1385,5,gold_ounce_usd,632.8504545454545,USD per troy ounce,tgju.org API (Jalali-month mean),624.05
2006-08-23,1385-06-01,1385,6,gold_ounce_usd,605.75,USD per troy ounce,tgju.org API (Jalali-month mean),588.3
2006-09-23,1385-07-01,1385,7,gold_ounce_usd,586.17,USD per troy ounce,tgju.org API (Jalali-month mean),591.9
2006-10-23,1385-08-01,1385,8,gold_ounce_usd,614.6190909090909,USD per troy ounce,tgju.org API (Jalali-month mean),627.0
2006-11-22,1385-09-01,1385,9,gold_ounce_usd,631.7977272727272,USD per troy ounce,tgju.org API (Jalali-month mean),618.5
2006-12-22,1385-10-01,1385,10,gold_ounce_usd,624.2375,USD per troy ounce,tgju.org API (Jalali-month mean),635.5
2007-01-21,1385-11-01,1385,11,gold_ounce_usd,655.104761904762,USD per troy ounce,tgju.org API (Jalali-month mean),671.55
2007-02-20,1385-12-01,1385,12,gold_ounce_usd,658.3152380952381,USD per troy ounce,tgju.org API (Jalali-month mean),658.3
2007-03-21,1386-01-01,1386,1,gold_ounce_usd,673.2065217391304,USD per troy ounce,tgju.org API (Jalali-month mean),691.35
2007-04-21,1386-02-01,1386,2,gold_ounce_usd,675.6404761904762,USD per troy ounce,tgju.org API (Jalali-month mean),663.35
2007-05-22,1386-03-01,1386,3,gold_ounce_usd,658.0195652173913,USD per troy ounce,tgju.org API (Jalali-month mean),651.95
2007-06-22,1386-04-01,1386,4,gold_ounce_usd,659.1785714285714,USD per troy ounce,tgju.org API (Jalali-month mean),683.7
2007-07-23,1386-05-01,1386,5,gold_ounce_usd,667.0652173913044,USD per troy ounce,tgju.org API (Jalali-month mean),661.1
2007-08-23,1386-06-01,1386,6,gold_ounce_usd,693.9840909090909,USD per troy ounce,tgju.org API (Jalali-month mean),731.2
2007-09-23,1386-07-01,1386,7,gold_ounce_usd,744.0761904761905,USD per troy ounce,tgju.org API (Jalali-month mean),754.4
2007-10-23,1386-08-01,1386,8,gold_ounce_usd,797.6509090909091,USD per troy ounce,tgju.org API (Jalali-month mean),802.2
2007-11-22,1386-09-01,1386,9,gold_ounce_usd,802.2,USD per troy ounce,tgju.org API (Jalali-month mean),810.8
2007-12-22,1386-10-01,1386,10,gold_ounce_usd,859.9625,USD per troy ounce,tgju.org API (Jalali-month mean),884.55
2008-01-21,1386-11-01,1386,11,gold_ounce_usd,908.4113636363636,USD per troy ounce,tgju.org API (Jalali-month mean),927.6
2008-02-20,1386-12-01,1386,12,gold_ounce_usd,969.4442857142856,USD per troy ounce,tgju.org API (Jalali-month mean),943.9
2008-03-20,1387-01-01,1387,1,gold_ounce_usd,923.3227272727272,USD per troy ounce,tgju.org API (Jalali-month mean),916.4
2008-04-20,1387-02-01,1387,2,gold_ounce_usd,884.6590909090909,USD per troy ounce,tgju.org API (Jalali-month mean),919.35
2008-05-21,1387-03-01,1387,3,gold_ounce_usd,893.5521739130435,USD per troy ounce,tgju.org API (Jalali-month mean),901.85
2008-06-21,1387-04-01,1387,4,gold_ounce_usd,936.1357142857142,USD per troy ounce,tgju.org API (Jalali-month mean),966.3
2008-07-22,1387-05-01,1387,5,gold_ounce_usd,869.5478260869564,USD per troy ounce,tgju.org API (Jalali-month mean),836.45
2008-08-22,1387-06-01,1387,6,gold_ounce_usd,808.8238095238095,USD per troy ounce,tgju.org API (Jalali-month mean),873.15
2008-09-22,1387-07-01,1387,7,gold_ounce_usd,856.9659090909091,USD per troy ounce,tgju.org API (Jalali-month mean),771.6
2008-10-22,1387-08-01,1387,8,gold_ounce_usd,736.8068181818181,USD per troy ounce,tgju.org API (Jalali-month mean),746.6
2008-11-21,1387-09-01,1387,9,gold_ounce_usd,809.5999999999999,USD per troy ounce,tgju.org API (Jalali-month mean),838.35
2008-12-21,1387-10-01,1387,10,gold_ounce_usd,850.8333333333334,USD per troy ounce,tgju.org API (Jalali-month mean),836.9
2009-01-20,1387-11-01,1387,11,gold_ounce_usd,912.3454545454543,USD per troy ounce,tgju.org API (Jalali-month mean),985.0
2009-02-19,1387-12-01,1387,12,gold_ounce_usd,939.1613636363636,USD per troy ounce,tgju.org API (Jalali-month mean),952.85
2009-03-21,1388-01-01,1388,1,gold_ounce_usd,900.6333333333333,USD per troy ounce,tgju.org API (Jalali-month mean),885.15
2009-04-21,1388-02-01,1388,2,gold_ounce_usd,911.1173913043478,USD per troy ounce,tgju.org API (Jalali-month mean),954.4
2009-05-22,1388-03-01,1388,3,gold_ounce_usd,954.2166666666666,USD per troy ounce,tgju.org API (Jalali-month mean),934.3
2009-06-22,1388-04-01,1388,4,gold_ounce_usd,931.4130434782608,USD per troy ounce,tgju.org API (Jalali-month mean),951.4
2009-07-23,1388-05-01,1388,5,gold_ounce_usd,948.525,USD per troy ounce,tgju.org API (Jalali-month mean),954.15
2009-08-23,1388-06-01,1388,6,gold_ounce_usd,984.5409090909092,USD per troy ounce,tgju.org API (Jalali-month mean),1014.8
2009-09-23,1388-07-01,1388,7,gold_ounce_usd,1032.831818181818,USD per troy ounce,tgju.org API (Jalali-month mean),1060.4
2009-10-23,1388-08-01,1388,8,gold_ounce_usd,1092.5785714285714,USD per troy ounce,tgju.org API (Jalali-month mean),1149.95
2009-11-22,1388-09-01,1388,9,gold_ounce_usd,1153.040476190476,USD per troy ounce,tgju.org API (Jalali-month mean),1092.1
2009-12-22,1388-10-01,1388,10,gold_ounce_usd,1117.9454545454546,USD per troy ounce,tgju.org API (Jalali-month mean),1111.7
2010-01-21,1388-11-01,1388,11,gold_ounce_usd,1094.6272727272726,USD per troy ounce,tgju.org API (Jalali-month mean),1118.85
2010-02-20,1388-12-01,1388,12,gold_ounce_usd,1117.3125,USD per troy ounce,tgju.org API (Jalali-month mean),1107.55
2010-03-21,1389-01-01,1389,1,gold_ounce_usd,1128.159090909091,USD per troy ounce,tgju.org API (Jalali-month mean),1140.5
2010-04-21,1389-02-01,1389,2,gold_ounce_usd,1189.834352173913,USD per troy ounce,tgju.org API (Jalali-month mean),1177.15
2010-05-22,1389-03-01,1389,3,gold_ounce_usd,1223.8404809523809,USD per troy ounce,tgju.org API (Jalali-month mean),1232.15
2010-06-22,1389-04-01,1389,4,gold_ounce_usd,1213.108695652174,USD per troy ounce,tgju.org API (Jalali-month mean),1194.95
2010-07-23,1389-05-01,1389,5,gold_ounce_usd,1199.0561952380951,USD per troy ounce,tgju.org API (Jalali-month mean),1228.05
2010-08-23,1389-06-01,1389,6,gold_ounce_usd,1253.795652173913,USD per troy ounce,tgju.org API (Jalali-month mean),1291.35
2010-09-23,1389-07-01,1389,7,gold_ounce_usd,1334.0954545454545,USD per troy ounce,tgju.org API (Jalali-month mean),1328.2
2010-10-23,1389-08-01,1389,8,gold_ounce_usd,1364.0745000000002,USD per troy ounce,tgju.org API (Jalali-month mean),1353.5
2010-11-22,1389-09-01,1389,9,gold_ounce_usd,1384.7295454545454,USD per troy ounce,tgju.org API (Jalali-month mean),1385.74
2010-12-22,1389-10-01,1389,10,gold_ounce_usd,1382.6190909090908,USD per troy ounce,tgju.org API (Jalali-month mean),1345.85
2011-01-21,1389-11-01,1389,11,gold_ounce_usd,1351.984761904762,USD per troy ounce,tgju.org API (Jalali-month mean),1387.3
2011-02-20,1389-12-01,1389,12,gold_ounce_usd,1416.148,USD per troy ounce,tgju.org API (Jalali-month mean),1419.55
2011-03-21,1390-01-01,1390,1,gold_ounce_usd,1451.5873869565216,USD per troy ounce,tgju.org API (Jalali-month mean),1502.35
2011-04-21,1390-02-01,1390,2,gold_ounce_usd,1510.3877272727273,USD per troy ounce,tgju.org API (Jalali-month mean),1513.55
2011-05-22,1390-03-01,1390,3,gold_ounce_usd,1533.783181818182,USD per troy ounce,tgju.org API (Jalali-month mean),1546.2
2011-06-22,1390-04-01,1390,4,gold_ounce_usd,1545.908695652174,USD per troy ounce,tgju.org API (Jalali-month mean),1599.25
2011-07-23,1390-05-01,1390,5,gold_ounce_usd,1715.780476190476,USD per troy ounce,tgju.org API (Jalali-month mean),1898.1
2011-08-23,1390-06-01,1390,6,gold_ounce_usd,1818.4500043478265,USD per troy ounce,tgju.org API (Jalali-month mean),1735.83
2011-09-23,1390-07-01,1390,7,gold_ounce_usd,1647.0157095238094,USD per troy ounce,tgju.org API (Jalali-month mean),1641.02
2011-10-23,1390-08-01,1390,8,gold_ounce_usd,1743.3366714285712,USD per troy ounce,tgju.org API (Jalali-month mean),1680.85
2011-11-22,1390-09-01,1390,9,gold_ounce_usd,1677.7963636363636,USD per troy ounce,tgju.org API (Jalali-month mean),1615.15
2011-12-22,1390-10-01,1390,10,gold_ounce_usd,1615.9945454545452,USD per troy ounce,tgju.org API (Jalali-month mean),1666.9
2012-01-21,1390-11-01,1390,11,gold_ounce_usd,1724.271005,USD per troy ounce,tgju.org API (Jalali-month mean),1722.45
2012-02-20,1390-12-01,1390,12,gold_ounce_usd,1713.4733333333334,USD per troy ounce,tgju.org API (Jalali-month mean),1664.55
2012-03-20,1391-01-01,1391,1,gold_ounce_usd,1655.0534782608695,USD per troy ounce,tgju.org API (Jalali-month mean),1643.6
2012-04-20,1391-02-01,1391,2,gold_ounce_usd,1617.1542857142856,USD per troy ounce,tgju.org API (Jalali-month mean),1593.09
2012-05-21,1391-03-01,1391,3,gold_ounce_usd,1595.7034695652171,USD per troy ounce,tgju.org API (Jalali-month mean),1605.9
2012-06-21,1391-04-01,1391,4,gold_ounce_usd,1583.5845454545454,USD per troy ounce,tgju.org API (Jalali-month mean),1583.63
2012-07-22,1391-05-01,1391,5,gold_ounce_usd,1609.31455,USD per troy ounce,tgju.org API (Jalali-month mean),1638.5
2012-08-22,1391-06-01,1391,6,gold_ounce_usd,1713.9547826086955,USD per troy ounce,tgju.org API (Jalali-month mean),1773.05
2012-09-22,1391-07-01,1391,7,gold_ounce_usd,1762.5325,USD per troy ounce,tgju.org API (Jalali-month mean),1720.9
2012-10-22,1391-08-01,1391,8,gold_ounce_usd,1715.7286318181818,USD per troy ounce,tgju.org API (Jalali-month mean),1728.65
2012-11-21,1391-09-01,1391,9,gold_ounce_usd,1708.1781772727272,USD per troy ounce,tgju.org API (Jalali-month mean),1647.75
2012-12-21,1391-10-01,1391,10,gold_ounce_usd,1667.1190476190477,USD per troy ounce,tgju.org API (Jalali-month mean),1683.95
2013-01-20,1391-11-01,1391,11,gold_ounce_usd,1661.061419047619,USD per troy ounce,tgju.org API (Jalali-month mean),1610.05
2013-02-19,1391-12-01,1391,12,gold_ounce_usd,1588.3972636363635,USD per troy ounce,tgju.org API (Jalali-month mean),1606.5
2013-03-21,1392-01-01,1392,1,gold_ounce_usd,1530.9719,USD per troy ounce,tgju.org API (Jalali-month mean),1404.35
2013-04-21,1392-02-01,1392,2,gold_ounce_usd,1437.1636363636362,USD per troy ounce,tgju.org API (Jalali-month mean),1376.3
2013-05-22,1392-03-01,1392,3,gold_ounce_usd,1380.0108695652175,USD per troy ounce,tgju.org API (Jalali-month mean),1297.25
2013-06-22,1392-04-01,1392,4,gold_ounce_usd,1263.4642857142858,USD per troy ounce,tgju.org API (Jalali-month mean),1335.9
2013-07-23,1392-05-01,1392,5,gold_ounce_usd,1332.6391304347826,USD per troy ounce,tgju.org API (Jalali-month mean),1375.85
2013-08-23,1392-06-01,1392,6,gold_ounce_usd,1373.5814285714284,USD per troy ounce,tgju.org API (Jalali-month mean),1325.38
2013-09-23,1392-07-01,1392,7,gold_ounce_usd,1310.5536363636363,USD per troy ounce,tgju.org API (Jalali-month mean),1340.65
2013-10-23,1392-08-01,1392,8,gold_ounce_usd,1304.2827272727272,USD per troy ounce,tgju.org API (Jalali-month mean),1242.75
2013-11-22,1392-09-01,1392,9,gold_ounce_usd,1233.9747476190478,USD per troy ounce,tgju.org API (Jalali-month mean),1203.25
2013-12-22,1392-10-01,1392,10,gold_ounce_usd,1226.8295095238095,USD per troy ounce,tgju.org API (Jalali-month mean),1254.35
2014-01-21,1392-11-01,1392,11,gold_ounce_usd,1273.5718227272728,USD per troy ounce,tgju.org API (Jalali-month mean),1311.8
2014-02-20,1392-12-01,1392,12,gold_ounce_usd,1343.789519047619,USD per troy ounce,tgju.org API (Jalali-month mean),1328.5
2014-03-21,1393-01-01,1393,1,gold_ounce_usd,1302.990476190476,USD per troy ounce,tgju.org API (Jalali-month mean),1293.78
2014-04-21,1393-02-01,1393,2,gold_ounce_usd,1294.459995652174,USD per troy ounce,tgju.org API (Jalali-month mean),1291.85
2014-05-22,1393-03-01,1393,3,gold_ounce_usd,1269.4927227272726,USD per troy ounce,tgju.org API (Jalali-month mean),1314.8199
2014-06-22,1393-04-01,1393,4,gold_ounce_usd,1318.144090909091,USD per troy ounce,tgju.org API (Jalali-month mean),1307.35
2014-07-23,1393-05-01,1393,5,gold_ounce_usd,1298.9908695652175,USD per troy ounce,tgju.org API (Jalali-month mean),1281.23
2014-08-23,1393-06-01,1393,6,gold_ounce_usd,1254.6985619047618,USD per troy ounce,tgju.org API (Jalali-month mean),1215.05
2014-09-23,1393-07-01,1393,7,gold_ounce_usd,1224.379081818182,USD per troy ounce,tgju.org API (Jalali-month mean),1241.03
2014-10-23,1393-08-01,1393,8,gold_ounce_usd,1185.6595454545457,USD per troy ounce,tgju.org API (Jalali-month mean),1201.4
2014-11-22,1393-09-01,1393,9,gold_ounce_usd,1202.828495,USD per troy ounce,tgju.org API (Jalali-month mean),1195.95
2014-12-22,1393-10-01,1393,10,gold_ounce_usd,1215.839528571429,USD per troy ounce,tgju.org API (Jalali-month mean),1293.9399
2015-01-21,1393-11-01,1393,11,gold_ounce_usd,1254.53045,USD per troy ounce,tgju.org API (Jalali-month mean),1207.45
2015-02-20,1393-12-01,1393,12,gold_ounce_usd,1182.3852476190475,USD per troy ounce,tgju.org API (Jalali-month mean),1182.6801
2015-03-21,1394-01-01,1394,1,gold_ounce_usd,1199.585238095238,USD per troy ounce,tgju.org API (Jalali-month mean),1196.5
2015-04-21,1394-02-01,1394,2,gold_ounce_usd,1199.097395652174,USD per troy ounce,tgju.org API (Jalali-month mean),1206.45
2015-05-22,1394-03-01,1394,3,gold_ounce_usd,1187.6242857142856,USD per troy ounce,tgju.org API (Jalali-month mean),1200.51
2015-06-22,1394-04-01,1394,4,gold_ounce_usd,1155.8769434782607,USD per troy ounce,tgju.org API (Jalali-month mean),1093.45
2015-07-23,1394-05-01,1394,5,gold_ounce_usd,1107.0877227272726,USD per troy ounce,tgju.org API (Jalali-month mean),1161.05
2015-08-23,1394-06-01,1394,6,gold_ounce_usd,1125.7863636363636,USD per troy ounce,tgju.org API (Jalali-month mean),1124.8
2015-09-23,1394-07-01,1394,7,gold_ounce_usd,1151.80045,USD per troy ounce,tgju.org API (Jalali-month mean),1166.05
2015-10-23,1394-08-01,1394,8,gold_ounce_usd,1110.089519047619,USD per troy ounce,tgju.org API (Jalali-month mean),1078.1
2015-11-22,1394-09-01,1394,9,gold_ounce_usd,1068.6718809523811,USD per troy ounce,tgju.org API (Jalali-month mean),1078.4399
2015-12-22,1394-10-01,1394,10,gold_ounce_usd,1081.6018181818183,USD per troy ounce,tgju.org API (Jalali-month mean),1101.02
2016-01-21,1394-11-01,1394,11,gold_ounce_usd,1166.3645363636365,USD per troy ounce,tgju.org API (Jalali-month mean),1228.1899
2016-02-20,1394-12-01,1394,12,gold_ounce_usd,1245.093475,USD per troy ounce,tgju.org API (Jalali-month mean),1255.3
2016-03-20,1395-01-01,1395,1,gold_ounce_usd,1233.6309,USD per troy ounce,tgju.org API (Jalali-month mean),1250.5
2016-04-20,1395-02-01,1395,2,gold_ounce_usd,1265.2734695652173,USD per troy ounce,tgju.org API (Jalali-month mean),1252.3
2016-05-21,1395-03-01,1395,3,gold_ounce_usd,1249.8304809523809,USD per troy ounce,tgju.org API (Jalali-month mean),1290.15
2016-06-21,1395-04-01,1395,4,gold_ounce_usd,1327.6491347826088,USD per troy ounce,tgju.org API (Jalali-month mean),1331.09
2016-07-22,1395-05-01,1395,5,gold_ounce_usd,1342.032857142857,USD per troy ounce,tgju.org API (Jalali-month mean),1341.78
2016-08-22,1395-06-01,1395,6,gold_ounce_usd,1324.9817434782608,USD per troy ounce,tgju.org API (Jalali-month mean),1336.85
2016-09-22,1395-07-01,1395,7,gold_ounce_usd,1284.283181818182,USD per troy ounce,tgju.org API (Jalali-month mean),1266.75
2016-10-22,1395-08-01,1395,8,gold_ounce_usd,1262.025495,USD per troy ounce,tgju.org API (Jalali-month mean),1208.6899
2016-11-21,1395-09-01,1395,9,gold_ounce_usd,1169.36,USD per troy ounce,tgju.org API (Jalali-month mean),1132.2
2016-12-21,1395-10-01,1395,10,gold_ounce_usd,1169.5036272727273,USD per troy ounce,tgju.org API (Jalali-month mean),1205.14
2017-01-20,1395-11-01,1395,11,gold_ounce_usd,1219.3209523809523,USD per troy ounce,tgju.org API (Jalali-month mean),1235.29
2017-02-19,1395-12-01,1395,12,gold_ounce_usd,1228.820461904762,USD per troy ounce,tgju.org API (Jalali-month mean),1233.9
2017-03-21,1396-01-01,1396,1,gold_ounce_usd,1262.195643478261,USD per troy ounce,tgju.org API (Jalali-month mean),1281.85
2017-04-21,1396-02-01,1396,2,gold_ounce_usd,1246.8671428571429,USD per troy ounce,tgju.org API (Jalali-month mean),1255.55
2017-05-22,1396-03-01,1396,3,gold_ounce_usd,1264.2091304347828,USD per troy ounce,tgju.org API (Jalali-month mean),1246.55
2017-06-22,1396-04-01,1396,4,gold_ounce_usd,1234.5909,USD per troy ounce,tgju.org API (Jalali-month mean),1254.9
2017-07-23,1396-05-01,1396,5,gold_ounce_usd,1271.991359090909,USD per troy ounce,tgju.org API (Jalali-month mean),1284.72
2017-08-23,1396-06-01,1396,6,gold_ounce_usd,1316.8986782608697,USD per troy ounce,tgju.org API (Jalali-month mean),1297.38
2017-09-23,1396-07-01,1396,7,gold_ounce_usd,1285.38949,USD per troy ounce,tgju.org API (Jalali-month mean),1280.72
2017-10-23,1396-08-01,1396,8,gold_ounce_usd,1277.82045,USD per troy ounce,tgju.org API (Jalali-month mean),1280.48
2017-11-22,1396-09-01,1396,9,gold_ounce_usd,1268.4277136363637,USD per troy ounce,tgju.org API (Jalali-month mean),1266.76
2017-12-22,1396-10-01,1396,10,gold_ounce_usd,1313.1476095238097,USD per troy ounce,tgju.org API (Jalali-month mean),1331.8
2018-01-21,1396-11-01,1396,11,gold_ounce_usd,1338.4676047619048,USD per troy ounce,tgju.org API (Jalali-month mean),1346.6899
2018-02-20,1396-12-01,1396,12,gold_ounce_usd,1322.9176095238097,USD per troy ounce,tgju.org API (Jalali-month mean),1311.21
2018-03-21,1397-01-01,1397,1,gold_ounce_usd,1338.9790863636365,USD per troy ounce,tgju.org API (Jalali-month mean),1335.12
2018-04-21,1397-02-01,1397,2,gold_ounce_usd,1310.5828619047618,USD per troy ounce,tgju.org API (Jalali-month mean),1292.6801
2018-05-22,1397-03-01,1397,3,gold_ounce_usd,1292.5521695652174,USD per troy ounce,tgju.org API (Jalali-month mean),1267.2
2018-06-22,1397-04-01,1397,4,gold_ounce_usd,1247.9271476190474,USD per troy ounce,tgju.org API (Jalali-month mean),1231.76
2018-07-23,1397-05-01,1397,5,gold_ounce_usd,1207.3339130434783,USD per troy ounce,tgju.org API (Jalali-month mean),1195.51
2018-08-23,1397-06-01,1397,6,gold_ounce_usd,1200.1218181818183,USD per troy ounce,tgju.org API (Jalali-month mean),1199.55
2018-09-23,1397-07-01,1397,7,gold_ounce_usd,1205.9014476190478,USD per troy ounce,tgju.org API (Jalali-month mean),1222.17
2018-10-23,1397-08-01,1397,8,gold_ounce_usd,1222.8059045454545,USD per troy ounce,tgju.org API (Jalali-month mean),1226.02
2018-11-22,1397-09-01,1397,9,gold_ounce_usd,1237.1309,USD per troy ounce,tgju.org API (Jalali-month mean),1256.01
2018-12-22,1397-10-01,1397,10,gold_ounce_usd,1284.7726315789473,USD per troy ounce,tgju.org API (Jalali-month mean),1281.49
2019-01-21,1397-11-01,1397,11,gold_ounce_usd,1308.670440909091,USD per troy ounce,tgju.org API (Jalali-month mean),1341.16
2019-02-20,1397-12-01,1397,12,gold_ounce_usd,1306.8219142857142,USD per troy ounce,tgju.org API (Jalali-month mean),1312.48
2019-03-21,1398-01-01,1398,1,gold_ounce_usd,1295.9128523809525,USD per troy ounce,tgju.org API (Jalali-month mean),1275.39
2019-04-21,1398-02-01,1398,2,gold_ounce_usd,1281.9577272727272,USD per troy ounce,tgju.org API (Jalali-month mean),1274.97
2019-05-22,1398-03-01,1398,3,gold_ounce_usd,1323.6378347826087,USD per troy ounce,tgju.org API (Jalali-month mean),1399.05
2019-06-22,1398-04-01,1398,4,gold_ounce_usd,1413.527619047619,USD per troy ounce,tgju.org API (Jalali-month mean),1425.12
2019-07-23,1398-05-01,1398,5,gold_ounce_usd,1471.3717347826089,USD per troy ounce,tgju.org API (Jalali-month mean),1498.8
2019-08-23,1398-06-01,1398,6,gold_ounce_usd,1515.3395238095238,USD per troy ounce,tgju.org API (Jalali-month mean),1517.15
2019-09-23,1398-07-01,1398,7,gold_ounce_usd,1496.7722681818182,USD per troy ounce,tgju.org API (Jalali-month mean),1488.05
2019-10-23,1398-08-01,1398,8,gold_ounce_usd,1482.187709090909,USD per troy ounce,tgju.org API (Jalali-month mean),1464.4
2019-11-22,1398-09-01,1398,9,gold_ounce_usd,1468.4628571428573,USD per troy ounce,tgju.org API (Jalali-month mean),1478.2
2019-12-22,1398-10-01,1398,10,gold_ounce_usd,1536.647619047619,USD per troy ounce,tgju.org API (Jalali-month mean),1561.58
2020-01-21,1398-11-01,1398,11,gold_ounce_usd,1573.8577272727273,USD per troy ounce,tgju.org API (Jalali-month mean),1611.64
2020-02-20,1398-12-01,1398,12,gold_ounce_usd,1605.236666666667,USD per troy ounce,tgju.org API (Jalali-month mean),1471.0
2020-03-20,1399-01-01,1399,1,gold_ounce_usd,1641.0380904761903,USD per troy ounce,tgju.org API (Jalali-month mean),1684.6899
2020-04-20,1399-02-01,1399,2,gold_ounce_usd,1713.521286956522,USD per troy ounce,tgju.org API (Jalali-month mean),1749.5
2020-05-21,1399-03-01,1399,3,gold_ounce_usd,1721.7308954545456,USD per troy ounce,tgju.org API (Jalali-month mean),1743.62
2020-06-21,1399-04-01,1399,4,gold_ounce_usd,1789.7495318181818,USD per troy ounce,tgju.org API (Jalali-month mean),1842.22
2020-07-22,1399-05-01,1399,5,gold_ounce_usd,1963.555204347826,USD per troy ounce,tgju.org API (Jalali-month mean),1940.16
2020-08-22,1399-06-01,1399,6,gold_ounce_usd,1944.5455,USD per troy ounce,tgju.org API (Jalali-month mean),1912.5699
2020-09-22,1399-07-01,1399,7,gold_ounce_usd,1896.0915181818184,USD per troy ounce,tgju.org API (Jalali-month mean),1924.4941
2020-10-22,1399-08-01,1399,8,gold_ounce_usd,1890.2496954545456,USD per troy ounce,tgju.org API (Jalali-month mean),1870.4858
2020-11-21,1399-09-01,1399,9,gold_ounce_usd,1835.401325,USD per troy ounce,tgju.org API (Jalali-month mean),1880.66
2020-12-21,1399-10-01,1399,10,gold_ounce_usd,1875.520659090909,USD per troy ounce,tgju.org API (Jalali-month mean),1839.3369
2021-01-20,1399-11-01,1399,11,gold_ounce_usd,1831.231059090909,USD per troy ounce,tgju.org API (Jalali-month mean),1775.4897
2021-02-19,1399-12-01,1399,12,gold_ounce_usd,1739.6914428571426,USD per troy ounce,tgju.org API (Jalali-month mean),1744.7402
2021-03-21,1400-01-01,1400,1,gold_ounce_usd,1737.6523409090908,USD per troy ounce,tgju.org API (Jalali-month mean),1777.2533
2021-04-21,1400-02-01,1400,2,gold_ounce_usd,1815.3501869565216,USD per troy ounce,tgju.org API (Jalali-month mean),1880.3
2021-05-22,1400-03-01,1400,3,gold_ounce_usd,1869.6030952380952,USD per troy ounce,tgju.org API (Jalali-month mean),1782.9482
2021-06-22,1400-04-01,1400,4,gold_ounce_usd,1795.6648217391305,USD per troy ounce,tgju.org API (Jalali-month mean),1806.6899
2021-07-23,1400-05-01,1400,5,gold_ounce_usd,1786.2065095238097,USD per troy ounce,tgju.org API (Jalali-month mean),1780.8668
2021-08-23,1400-06-01,1400,6,gold_ounce_usd,1794.446508695652,USD per troy ounce,tgju.org API (Jalali-month mean),1767.9135
2021-09-23,1400-07-01,1400,7,gold_ounce_usd,1762.8543636363638,USD per troy ounce,tgju.org API (Jalali-month mean),1792.4821
2021-10-23,1400-08-01,1400,8,gold_ounce_usd,1822.48848,USD per troy ounce,tgju.org API (Jalali-month mean),1844.6
2021-11-22,1400-09-01,1400,9,gold_ounce_usd,1784.8684636363637,USD per troy ounce,tgju.org API (Jalali-month mean),1788.3604
2021-12-22,1400-10-01,1400,10,gold_ounce_usd,1813.222113636364,USD per troy ounce,tgju.org API (Jalali-month mean),1838.36
2022-01-21,1400-11-01,1400,11,gold_ounce_usd,1833.173619047619,USD per troy ounce,tgju.org API (Jalali-month mean),1897.868
2022-02-20,1400-12-01,1400,12,gold_ounce_usd,1943.33452,USD per troy ounce,tgju.org API (Jalali-month mean),1921.087
2022-03-21,1401-01-01,1401,1,gold_ounce_usd,1945.3859,USD per troy ounce,tgju.org API (Jalali-month mean),1957.405
2022-04-21,1401-02-01,1401,2,gold_ounce_usd,1865.96035,USD per troy ounce,tgju.org API (Jalali-month mean),1845.6801
2022-05-22,1401-03-01,1401,3,gold_ounce_usd,1846.563881818182,USD per troy ounce,tgju.org API (Jalali-month mean),1832.5585
2022-06-22,1401-04-01,1401,4,gold_ounce_usd,1762.0957826086958,USD per troy ounce,tgju.org API (Jalali-month mean),1726.46
2022-07-23,1401-05-01,1401,5,gold_ounce_usd,1765.4604238095235,USD per troy ounce,tgju.org API (Jalali-month mean),1735.705
2022-08-23,1401-06-01,1401,6,gold_ounce_usd,1707.352491304348,USD per troy ounce,tgju.org API (Jalali-month mean),1670.5345
2022-09-23,1401-07-01,1401,7,gold_ounce_usd,1664.1628095238095,USD per troy ounce,tgju.org API (Jalali-month mean),1656.66
2022-10-23,1401-08-01,1401,8,gold_ounce_usd,1699.354423809524,USD per troy ounce,tgju.org API (Jalali-month mean),1737.8081
2022-11-22,1401-09-01,1401,9,gold_ounce_usd,1779.9240090909093,USD per troy ounce,tgju.org API (Jalali-month mean),1814.13
2022-12-22,1401-10-01,1401,10,gold_ounce_usd,1858.7272272727275,USD per troy ounce,tgju.org API (Jalali-month mean),1926.574
2023-01-21,1401-11-01,1401,11,gold_ounce_usd,1890.772365,USD per troy ounce,tgju.org API (Jalali-month mean),1841.59
2023-02-20,1401-12-01,1401,12,gold_ounce_usd,1861.8131857142855,USD per troy ounce,tgju.org API (Jalali-month mean),1978.7122
2023-03-21,1402-01-01,1402,1,gold_ounce_usd,1991.053531818182,USD per troy ounce,tgju.org API (Jalali-month mean),2004.3384
2023-04-21,1402-02-01,1402,2,gold_ounce_usd,2003.758823809524,USD per troy ounce,tgju.org API (Jalali-month mean),1976.5551
2023-05-22,1402-03-01,1402,3,gold_ounce_usd,1954.2077608695647,USD per troy ounce,tgju.org API (Jalali-month mean),1932.2631
2023-06-22,1402-04-01,1402,4,gold_ounce_usd,1935.2224,USD per troy ounce,tgju.org API (Jalali-month mean),1960.2273
2023-07-23,1402-05-01,1402,5,gold_ounce_usd,1926.5209590909087,USD per troy ounce,tgju.org API (Jalali-month mean),1897.4651
2023-08-23,1402-06-01,1402,6,gold_ounce_usd,1924.1108695652176,USD per troy ounce,tgju.org API (Jalali-month mean),1924.9875
2023-09-23,1402-07-01,1402,7,gold_ounce_usd,1883.356745,USD per troy ounce,tgju.org API (Jalali-month mean),1981.0446
2023-10-23,1402-08-01,1402,8,gold_ounce_usd,1974.83485,USD per troy ounce,tgju.org API (Jalali-month mean),1998.3693
2023-11-22,1402-09-01,1402,9,gold_ounce_usd,2021.7136318181815,USD per troy ounce,tgju.org API (Jalali-month mean),2045.4941
2023-12-22,1402-10-01,1402,10,gold_ounce_usd,2044.2162285714287,USD per troy ounce,tgju.org API (Jalali-month mean),2029.09
2024-01-21,1402-11-01,1402,11,gold_ounce_usd,2023.3195428571428,USD per troy ounce,tgju.org API (Jalali-month mean),2017.6252
2024-02-20,1402-12-01,1402,12,gold_ounce_usd,2105.0486285714287,USD per troy ounce,tgju.org API (Jalali-month mean),2157.2258
2024-03-20,1403-01-01,1403,1,gold_ounce_usd,2290.530468181818,USD per troy ounce,tgju.org API (Jalali-month mean),2390.4517
2024-04-20,1403-02-01,1403,2,gold_ounce_usd,2339.2714761904763,USD per troy ounce,tgju.org API (Jalali-month mean),2425.1191
2024-05-21,1403-03-01,1403,3,gold_ounce_usd,2339.2607173913043,USD per troy ounce,tgju.org API (Jalali-month mean),2359.6277
2024-06-21,1403-04-01,1403,4,gold_ounce_usd,2371.5360333333333,USD per troy ounce,tgju.org API (Jalali-month mean),2400.79
2024-07-22,1403-05-01,1403,5,gold_ounce_usd,2434.6713391304347,USD per troy ounce,tgju.org API (Jalali-month mean),2511.9492
2024-08-22,1403-06-01,1403,6,gold_ounce_usd,2529.557313636364,USD per troy ounce,tgju.org API (Jalali-month mean),2621.9568
2024-09-22,1403-07-01,1403,7,gold_ounce_usd,2657.6088,USD per troy ounce,tgju.org API (Jalali-month mean),2719.6453
2024-10-22,1403-08-01,1403,8,gold_ounce_usd,2685.189240909091,USD per troy ounce,tgju.org API (Jalali-month mean),2650.05
2024-11-21,1403-09-01,1403,9,gold_ounce_usd,2648.494781818182,USD per troy ounce,tgju.org API (Jalali-month mean),2620.77
2024-12-21,1403-10-01,1403,10,gold_ounce_usd,2653.5087444444443,USD per troy ounce,tgju.org API (Jalali-month mean),2701.55
2025-01-20,1403-11-01,1403,11,gold_ounce_usd,2826.42965,USD per troy ounce,tgju.org API (Jalali-month mean),2935.5801
2025-02-19,1403-12-01,1403,12,gold_ounce_usd,2941.461277272728,USD per troy ounce,tgju.org API (Jalali-month mean),3044.4087
2025-03-21,1404-01-01,1404,1,gold_ounce_usd,3114.94106,USD per troy ounce,tgju.org API (Jalali-month mean),3327.54
2025-04-21,1404-02-01,1404,2,gold_ounce_usd,3299.7201130434782,USD per troy ounce,tgju.org API (Jalali-month mean),3314.99
2025-05-22,1404-03-01,1404,3,gold_ounce_usd,3348.5763454545454,USD per troy ounce,tgju.org API (Jalali-month mean),3368.23
2025-06-22,1404-04-01,1404,4,gold_ounce_usd,3338.635909090909,USD per troy ounce,tgju.org API (Jalali-month mean),3431.5
2025-07-23,1404-05-01,1404,5,gold_ounce_usd,3348.021752173913,USD per troy ounce,tgju.org API (Jalali-month mean),3372.1101
2025-08-23,1404-06-01,1404,6,gold_ounce_usd,3571.9028476190474,USD per troy ounce,tgju.org API (Jalali-month mean),3746.47
2025-09-23,1404-07-01,1404,7,gold_ounce_usd,3995.6141318181817,USD per troy ounce,tgju.org API (Jalali-month mean),4094.0701
2025-10-23,1404-08-01,1404,8,gold_ounce_usd,4047.881827272728,USD per troy ounce,tgju.org API (Jalali-month mean),4065.8999
2025-11-22,1404-09-01,1404,9,gold_ounce_usd,4235.396455,USD per troy ounce,tgju.org API (Jalali-month mean),4338.5498
2025-12-22,1404-10-01,1404,10,gold_ounce_usd,4497.650031818182,USD per troy ounce,tgju.org API (Jalali-month mean),4763.4902
2026-01-21,1404-11-01,1404,11,gold_ounce_usd,5002.196258333333,USD per troy ounce,tgju.org API (Jalali-month mean),4996.27
2026-02-20,1404-12-01,1404,12,gold_ounce_usd,5083.3324,USD per troy ounce,tgju.org API (Jalali-month mean),4508.71
2026-03-21,1405-01-01,1405,1,gold_ounce_usd,4652.870434782609,USD per troy ounce,tgju.org API (Jalali-month mean),4816.63
2026-04-21,1405-02-01,1405,2,gold_ounce_usd,4641.8632,USD per troy ounce,tgju.org API (Jalali-month mean),4541.07
2026-05-22,1405-03-01,1405,3,gold_ounce_usd,4362.658076923077,USD per troy ounce,tgju.org API (Jalali-month mean),4160.26
2026-06-22,1405-04-01,1405,4,gold_ounce_usd,4080.351730769231,USD per troy ounce,tgju.org API (Jalali-month mean),4137.085
2026-07-23,1405-05-01,1405,5,gold_ounce_usd,4105.727857142857,USD per troy ounce,tgju.org API (Jalali-month mean),4337.39
2011-11-22,1390-09-01,1390,9,usd_free_market,13915.0,IRR per USD,tgju.org API (Jalali-month mean),14304.0
2011-12-22,1390-10-01,1390,10,usd_free_market,16592.05,IRR per USD,tgju.org API (Jalali-month mean),19300.0
2012-01-21,1390-11-01,1390,11,usd_free_market,18814.117647058825,IRR per USD,tgju.org API (Jalali-month mean),19400.0
2012-02-20,1390-12-01,1390,12,usd_free_market,18967.157894736843,IRR per USD,tgju.org API (Jalali-month mean),19123.0
2012-03-20,1391-01-01,1391,1,usd_free_market,18642.176470588234,IRR per USD,tgju.org API (Jalali-month mean),18065.0
2012-04-20,1391-02-01,1391,2,usd_free_market,16849.095238095237,IRR per USD,tgju.org API (Jalali-month mean),16850.0
2012-05-21,1391-03-01,1391,3,usd_free_market,17724.736842105263,IRR per USD,tgju.org API (Jalali-month mean),18760.0
2012-06-21,1391-04-01,1391,4,usd_free_market,19315.52380952381,IRR per USD,tgju.org API (Jalali-month mean),18990.0
2012-07-22,1391-05-01,1391,5,usd_free_market,20532.666666666668,IRR per USD,tgju.org API (Jalali-month mean),21360.0
2012-08-22,1391-06-01,1391,6,usd_free_market,23114.7,IRR per USD,tgju.org API (Jalali-month mean),24473.0
2012-09-22,1391-07-01,1391,7,usd_free_market,31928.545454545456,IRR per USD,tgju.org API (Jalali-month mean),36000.0
2012-10-22,1391-08-01,1391,8,usd_free_market,31264.0,IRR per USD,tgju.org API (Jalali-month mean),28400.0
2012-11-21,1391-09-01,1391,9,usd_free_market,29600.47619047619,IRR per USD,tgju.org API (Jalali-month mean),31100.0
2012-12-21,1391-10-01,1391,10,usd_free_market,32810.05263157895,IRR per USD,tgju.org API (Jalali-month mean),34100.0
2013-01-20,1391-11-01,1391,11,usd_free_market,37170.68421052631,IRR per USD,tgju.org API (Jalali-month mean),37250.0
2013-02-19,1391-12-01,1391,12,usd_free_market,35476.31578947369,IRR per USD,tgju.org API (Jalali-month mean),34505.0
2013-03-21,1392-01-01,1392,1,usd_free_market,34976.333333333336,IRR per USD,tgju.org API (Jalali-month mean),35350.0
2013-04-21,1392-02-01,1392,2,usd_free_market,35447.739130434784,IRR per USD,tgju.org API (Jalali-month mean),35650.0
2013-05-22,1392-03-01,1392,3,usd_free_market,35678.31578947369,IRR per USD,tgju.org API (Jalali-month mean),32200.0
2013-06-22,1392-04-01,1392,4,usd_free_market,32761.52380952381,IRR per USD,tgju.org API (Jalali-month mean),31200.0
2013-07-23,1392-05-01,1392,5,usd_free_market,31763.21052631579,IRR per USD,tgju.org API (Jalali-month mean),31200.0
2013-08-23,1392-06-01,1392,6,usd_free_market,31642.0,IRR per USD,tgju.org API (Jalali-month mean),29350.0
2013-09-23,1392-07-01,1392,7,usd_free_market,30321.33333333333,IRR per USD,tgju.org API (Jalali-month mean),30130.0
2013-10-23,1392-08-01,1392,8,usd_free_market,30132.277777777777,IRR per USD,tgju.org API (Jalali-month mean),30060.0
2013-11-22,1392-09-01,1392,9,usd_free_market,29502.761904761905,IRR per USD,tgju.org API (Jalali-month mean),29581.0
2013-12-22,1392-10-01,1392,10,usd_free_market,29758.222222222223,IRR per USD,tgju.org API (Jalali-month mean),29340.0
2014-01-21,1392-11-01,1392,11,usd_free_market,29490.83333333333,IRR per USD,tgju.org API (Jalali-month mean),29530.0
2014-02-20,1392-12-01,1392,12,usd_free_market,30250.83333333333,IRR per USD,tgju.org API (Jalali-month mean),30170.0
2014-03-21,1393-01-01,1393,1,usd_free_market,31076.0,IRR per USD,tgju.org API (Jalali-month mean),32400.0
2014-04-21,1393-02-01,1393,2,usd_free_market,32838.46153846154,IRR per USD,tgju.org API (Jalali-month mean),32870.0
2014-05-22,1393-03-01,1393,3,usd_free_market,32465.652173913044,IRR per USD,tgju.org API (Jalali-month mean),31920.0
2014-06-22,1393-04-01,1393,4,usd_free_market,31322.30769230769,IRR per USD,tgju.org API (Jalali-month mean),31330.0
2014-07-23,1393-05-01,1393,5,usd_free_market,31224.20833333333,IRR per USD,tgju.org API (Jalali-month mean),30910.0
2014-08-23,1393-06-01,1393,6,usd_free_market,31698.88888888889,IRR per USD,tgju.org API (Jalali-month mean),31880.0
2014-09-23,1393-07-01,1393,7,usd_free_market,32349.166666666668,IRR per USD,tgju.org API (Jalali-month mean),32280.0
2014-10-23,1393-08-01,1393,8,usd_free_market,32475.40909090909,IRR per USD,tgju.org API (Jalali-month mean),32490.0
2014-11-22,1393-09-01,1393,9,usd_free_market,33906.666666666664,IRR per USD,tgju.org API (Jalali-month mean),35070.0
2014-12-22,1393-10-01,1393,10,usd_free_market,35004.166666666664,IRR per USD,tgju.org API (Jalali-month mean),34610.0
2015-01-21,1393-11-01,1393,11,usd_free_market,34388.0,IRR per USD,tgju.org API (Jalali-month mean),34127.0
2015-02-20,1393-12-01,1393,12,usd_free_market,33816.72727272727,IRR per USD,tgju.org API (Jalali-month mean),33436.0
2015-03-21,1394-01-01,1394,1,usd_free_market,33261.84210526316,IRR per USD,tgju.org API (Jalali-month mean),33390.0
2015-04-21,1394-02-01,1394,2,usd_free_market,33226.958333333336,IRR per USD,tgju.org API (Jalali-month mean),32887.0
2015-05-22,1394-03-01,1394,3,usd_free_market,32964.45,IRR per USD,tgju.org API (Jalali-month mean),32620.0
2015-06-22,1394-04-01,1394,4,usd_free_market,32621.65,IRR per USD,tgju.org API (Jalali-month mean),32485.0
2015-07-23,1394-05-01,1394,5,usd_free_market,33271.63157894737,IRR per USD,tgju.org API (Jalali-month mean),33500.0
2015-08-23,1394-06-01,1394,6,usd_free_market,33836.782608695656,IRR per USD,tgju.org API (Jalali-month mean),33846.0
2015-09-23,1394-07-01,1394,7,usd_free_market,33930.1,IRR per USD,tgju.org API (Jalali-month mean),33850.0
2015-10-23,1394-08-01,1394,8,usd_free_market,34015.333333333336,IRR per USD,tgju.org API (Jalali-month mean),33940.0
2015-11-22,1394-09-01,1394,9,usd_free_market,34031.94736842105,IRR per USD,tgju.org API (Jalali-month mean),33860.0
2015-12-22,1394-10-01,1394,10,usd_free_market,33870.7,IRR per USD,tgju.org API (Jalali-month mean),33843.0
2016-01-21,1394-11-01,1394,11,usd_free_market,33935.10526315789,IRR per USD,tgju.org API (Jalali-month mean),34492.0
2016-02-20,1394-12-01,1394,12,usd_free_market,34424.73684210526,IRR per USD,tgju.org API (Jalali-month mean),34263.0
2016-03-20,1395-01-01,1395,1,usd_free_market,34700.142857142855,IRR per USD,tgju.org API (Jalali-month mean),34583.0
2016-04-20,1395-02-01,1395,2,usd_free_market,34486.55,IRR per USD,tgju.org API (Jalali-month mean),34443.0
2016-05-21,1395-03-01,1395,3,usd_free_market,34602.71428571428,IRR per USD,tgju.org API (Jalali-month mean),34600.0
2016-06-21,1395-04-01,1395,4,usd_free_market,34988.666666666664,IRR per USD,tgju.org API (Jalali-month mean),35034.0
2016-07-22,1395-05-01,1395,5,usd_free_market,35325.954545454544,IRR per USD,tgju.org API (Jalali-month mean),35470.0
2016-08-22,1395-06-01,1395,6,usd_free_market,35549.73684210526,IRR per USD,tgju.org API (Jalali-month mean),35625.0
2016-09-22,1395-07-01,1395,7,usd_free_market,35802.166666666664,IRR per USD,tgju.org API (Jalali-month mean),35871.0
2016-10-22,1395-08-01,1395,8,usd_free_market,36329.76190476191,IRR per USD,tgju.org API (Jalali-month mean),36809.0
2016-11-21,1395-09-01,1395,9,usd_free_market,38645.63157894737,IRR per USD,tgju.org API (Jalali-month mean),39780.0
2016-12-21,1395-10-01,1395,10,usd_free_market,39487.05,IRR per USD,tgju.org API (Jalali-month mean),38199.0
2017-01-20,1395-11-01,1395,11,usd_free_market,38316.38095238096,IRR per USD,tgju.org API (Jalali-month mean),37930.0
2017-02-19,1395-12-01,1395,12,usd_free_market,37677.9,IRR per USD,tgju.org API (Jalali-month mean),37480.0
2017-03-21,1396-01-01,1396,1,usd_free_market,37564.4375,IRR per USD,tgju.org API (Jalali-month mean),37485.0
2017-04-21,1396-02-01,1396,2,usd_free_market,37580.25,IRR per USD,tgju.org API (Jalali-month mean),37350.0
2017-05-22,1396-03-01,1396,3,usd_free_market,37393.95238095238,IRR per USD,tgju.org API (Jalali-month mean),37568.0
2017-06-22,1396-04-01,1396,4,usd_free_market,37811.61111111111,IRR per USD,tgju.org API (Jalali-month mean),37750.0
2017-07-23,1396-05-01,1396,5,usd_free_market,38138.65217391304,IRR per USD,tgju.org API (Jalali-month mean),38330.0
2017-08-23,1396-06-01,1396,6,usd_free_market,38869.7,IRR per USD,tgju.org API (Jalali-month mean),38927.0
2017-09-23,1396-07-01,1396,7,usd_free_market,39750.4,IRR per USD,tgju.org API (Jalali-month mean),40180.0
2017-10-23,1396-08-01,1396,8,usd_free_market,40769.6,IRR per USD,tgju.org API (Jalali-month mean),41210.0
2017-11-22,1396-09-01,1396,9,usd_free_market,41794.31578947369,IRR per USD,tgju.org API (Jalali-month mean),41929.0
2017-12-22,1396-10-01,1396,10,usd_free_market,43479.76190476191,IRR per USD,tgju.org API (Jalali-month mean),45970.0
2018-01-21,1396-11-01,1396,11,usd_free_market,46382.181818181816,IRR per USD,tgju.org API (Jalali-month mean),45750.0
2018-02-20,1396-12-01,1396,12,usd_free_market,47085.954545454544,IRR per USD,tgju.org API (Jalali-month mean),48990.0
2018-03-21,1397-01-01,1397,1,usd_free_market,51537.72222222222,IRR per USD,tgju.org API (Jalali-month mean),51929.0
2018-04-21,1397-02-01,1397,2,usd_free_market,61040.56,IRR per USD,tgju.org API (Jalali-month mean),63870.0
2018-05-22,1397-03-01,1397,3,usd_free_market,66817.31818181818,IRR per USD,tgju.org API (Jalali-month mean),74911.0
2018-06-22,1397-04-01,1397,4,usd_free_market,81677.68,IRR per USD,tgju.org API (Jalali-month mean),93700.0
2018-07-23,1397-05-01,1397,5,usd_free_market,103004.92307692308,IRR per USD,tgju.org API (Jalali-month mean),105460.0
2018-08-23,1397-06-01,1397,6,usd_free_market,129219.23809523808,IRR per USD,tgju.org API (Jalali-month mean),149340.0
2018-09-23,1397-07-01,1397,7,usd_free_market,142900.72,IRR per USD,tgju.org API (Jalali-month mean),141940.0
2018-10-23,1397-08-01,1397,8,usd_free_market,122009.09090909093,IRR per USD,tgju.org API (Jalali-month mean),127710.0
2018-11-22,1397-09-01,1397,9,usd_free_market,109450.75,IRR per USD,tgju.org API (Jalali-month mean),100970.0
2018-12-22,1397-10-01,1397,10,usd_free_market,109244.0,IRR per USD,tgju.org API (Jalali-month mean),116300.0
2019-01-21,1397-11-01,1397,11,usd_free_market,118814.58333333331,IRR per USD,tgju.org API (Jalali-month mean),129700.0
2019-02-20,1397-12-01,1397,12,usd_free_market,130269.56521739133,IRR per USD,tgju.org API (Jalali-month mean),128940.0
2019-03-21,1398-01-01,1398,1,usd_free_market,134547.8947368421,IRR per USD,tgju.org API (Jalali-month mean),134700.0
2019-04-21,1398-02-01,1398,2,usd_free_market,145948.07692307694,IRR per USD,tgju.org API (Jalali-month mean),144010.0
2019-05-22,1398-03-01,1398,3,usd_free_market,134615.5,IRR per USD,tgju.org API (Jalali-month mean),132000.0
2019-06-22,1398-04-01,1398,4,usd_free_market,127636.0,IRR per USD,tgju.org API (Jalali-month mean),125240.0
2019-07-23,1398-05-01,1398,5,usd_free_market,118705.47826086955,IRR per USD,tgju.org API (Jalali-month mean),116000.0
2019-08-23,1398-06-01,1398,6,usd_free_market,114116.25,IRR per USD,tgju.org API (Jalali-month mean),113930.0
2019-09-23,1398-07-01,1398,7,usd_free_market,114352.8,IRR per USD,tgju.org API (Jalali-month mean),112320.0
2019-10-23,1398-08-01,1398,8,usd_free_market,115539.1304347826,IRR per USD,tgju.org API (Jalali-month mean),117940.0
2019-11-22,1398-09-01,1398,9,usd_free_market,128555.6,IRR per USD,tgju.org API (Jalali-month mean),131690.0
2019-12-22,1398-10-01,1398,10,usd_free_market,133814.61538461538,IRR per USD,tgju.org API (Jalali-month mean),134390.0
2020-01-21,1398-11-01,1398,11,usd_free_market,137581.25,IRR per USD,tgju.org API (Jalali-month mean),143930.0
2020-02-20,1398-12-01,1398,12,usd_free_market,154107.8260869565,IRR per USD,tgju.org API (Jalali-month mean),149030.0
2020-03-20,1399-01-01,1399,1,usd_free_market,155946.2,IRR per USD,tgju.org API (Jalali-month mean),154420.0
2020-04-20,1399-02-01,1399,2,usd_free_market,165174.44444444444,IRR per USD,tgju.org API (Jalali-month mean),177010.0
2020-05-21,1399-03-01,1399,3,usd_free_market,178892.38095238095,IRR per USD,tgju.org API (Jalali-month mean),194800.0
2020-06-21,1399-04-01,1399,4,usd_free_market,217190.0,IRR per USD,tgju.org API (Jalali-month mean),218000.0
2020-07-22,1399-05-01,1399,5,usd_free_market,226971.2,IRR per USD,tgju.org API (Jalali-month mean),225020.0
2020-08-22,1399-06-01,1399,6,usd_free_market,250366.0,IRR per USD,tgju.org API (Jalali-month mean),274970.0
2020-09-22,1399-07-01,1399,7,usd_free_market,296335.04347826086,IRR per USD,tgju.org API (Jalali-month mean),296440.0
2020-10-22,1399-08-01,1399,8,usd_free_market,273529.5909090909,IRR per USD,tgju.org API (Jalali-month mean),256200.0
2020-11-21,1399-09-01,1399,9,usd_free_market,256970.04,IRR per USD,tgju.org API (Jalali-month mean),256040.0
2020-12-21,1399-10-01,1399,10,usd_free_market,250447.66666666663,IRR per USD,tgju.org API (Jalali-month mean),226450.0
2021-01-20,1399-11-01,1399,11,usd_free_market,243506.0,IRR per USD,tgju.org API (Jalali-month mean),251710.0
2021-02-19,1399-12-01,1399,12,usd_free_market,248514.54545454544,IRR per USD,tgju.org API (Jalali-month mean),239630.0
2021-03-21,1400-01-01,1400,1,usd_free_market,248907.9523809524,IRR per USD,tgju.org API (Jalali-month mean),241840.0
2021-04-21,1400-02-01,1400,2,usd_free_market,227003.7391304348,IRR per USD,tgju.org API (Jalali-month mean),223000.0
2021-05-22,1400-03-01,1400,3,usd_free_market,237314.8,IRR per USD,tgju.org API (Jalali-month mean),242590.0
2021-06-22,1400-04-01,1400,4,usd_free_market,247717.28,IRR per USD,tgju.org API (Jalali-month mean),246280.0
2021-07-23,1400-05-01,1400,5,usd_free_market,261071.36363636365,IRR per USD,tgju.org API (Jalali-month mean),276660.0
2021-08-23,1400-06-01,1400,6,usd_free_market,274651.1111111111,IRR per USD,tgju.org API (Jalali-month mean),275210.0
2021-09-23,1400-07-01,1400,7,usd_free_market,276270.28571428574,IRR per USD,tgju.org API (Jalali-month mean),274150.0
2021-10-23,1400-08-01,1400,8,usd_free_market,279696.0,IRR per USD,tgju.org API (Jalali-month mean),284400.0
2021-11-22,1400-09-01,1400,9,usd_free_market,295543.4615384616,IRR per USD,tgju.org API (Jalali-month mean),300770.0
2021-12-22,1400-10-01,1400,10,usd_free_market,283784.60869565216,IRR per USD,tgju.org API (Jalali-month mean),275250.0
2022-01-21,1400-11-01,1400,11,usd_free_market,270528.3181818182,IRR per USD,tgju.org API (Jalali-month mean),254170.0
2022-02-20,1400-12-01,1400,12,usd_free_market,259928.69565217392,IRR per USD,tgju.org API (Jalali-month mean),262520.0
2022-03-21,1401-01-01,1401,1,usd_free_market,274992.7272727273,IRR per USD,tgju.org API (Jalali-month mean),278620.0
2022-04-21,1401-02-01,1401,2,usd_free_market,284614.38095238095,IRR per USD,tgju.org API (Jalali-month mean),303230.0
2022-05-22,1401-03-01,1401,3,usd_free_market,314238.5238095238,IRR per USD,tgju.org API (Jalali-month mean),319780.0
2022-06-22,1401-04-01,1401,4,usd_free_market,315837.6666666667,IRR per USD,tgju.org API (Jalali-month mean),318830.0
2022-07-23,1401-05-01,1401,5,usd_free_market,308950.3333333333,IRR per USD,tgju.org API (Jalali-month mean),293350.0
2022-08-23,1401-06-01,1401,6,usd_free_market,306236.84,IRR per USD,tgju.org API (Jalali-month mean),316660.0
2022-09-23,1401-07-01,1401,7,usd_free_market,326417.54545454547,IRR per USD,tgju.org API (Jalali-month mean),328120.0
2022-10-23,1401-08-01,1401,8,usd_free_market,346721.56,IRR per USD,tgju.org API (Jalali-month mean),356580.0
2022-11-22,1401-09-01,1401,9,usd_free_market,371325.28,IRR per USD,tgju.org API (Jalali-month mean),397610.0
2022-12-22,1401-10-01,1401,10,usd_free_market,410590.6666666667,IRR per USD,tgju.org API (Jalali-month mean),439761.0
2023-01-21,1401-11-01,1401,11,usd_free_market,450395.7368421053,IRR per USD,tgju.org API (Jalali-month mean),499020.0
2023-02-20,1401-12-01,1401,12,usd_free_market,510005.2631578947,IRR per USD,tgju.org API (Jalali-month mean),481014.0
2023-03-21,1402-01-01,1402,1,usd_free_market,512881.36842105264,IRR per USD,tgju.org API (Jalali-month mean),516069.0
2023-04-21,1402-02-01,1402,2,usd_free_market,529363.8695652174,IRR per USD,tgju.org API (Jalali-month mean),523310.0
2023-05-22,1402-03-01,1402,3,usd_free_market,500240.8,IRR per USD,tgju.org API (Jalali-month mean),497310.0
2023-06-22,1402-04-01,1402,4,usd_free_market,494227.2,IRR per USD,tgju.org API (Jalali-month mean),483360.0
2023-07-23,1402-05-01,1402,5,usd_free_market,492445.2,IRR per USD,tgju.org API (Jalali-month mean),490230.0
2023-08-23,1402-06-01,1402,6,usd_free_market,494222.60869565216,IRR per USD,tgju.org API (Jalali-month mean),493930.0
2023-09-23,1402-07-01,1402,7,usd_free_market,505855.0869565217,IRR per USD,tgju.org API (Jalali-month mean),506160.0
2023-10-23,1402-08-01,1402,8,usd_free_market,511505.3846153846,IRR per USD,tgju.org API (Jalali-month mean),502190.0
2023-11-22,1402-09-01,1402,9,usd_free_market,504429.75,IRR per USD,tgju.org API (Jalali-month mean),500760.0
2023-12-22,1402-10-01,1402,10,usd_free_market,515226.1538461539,IRR per USD,tgju.org API (Jalali-month mean),539080.0
2024-01-21,1402-11-01,1402,11,usd_free_market,561256.8636363636,IRR per USD,tgju.org API (Jalali-month mean),565060.0
2024-02-20,1402-12-01,1402,12,usd_free_market,593417.2727272727,IRR per USD,tgju.org API (Jalali-month mean),603510.0
2024-03-20,1403-01-01,1403,1,usd_free_market,623795.7,IRR per USD,tgju.org API (Jalali-month mean),629000.0
2024-04-20,1403-02-01,1403,2,usd_free_market,614919.2307692308,IRR per USD,tgju.org API (Jalali-month mean),604700.0
2024-05-21,1403-03-01,1403,3,usd_free_market,606078.2608695652,IRR per USD,tgju.org API (Jalali-month mean),614800.0
2024-06-21,1403-04-01,1403,4,usd_free_market,593144.1666666666,IRR per USD,tgju.org API (Jalali-month mean),575960.0
2024-07-22,1403-05-01,1403,5,usd_free_market,594792.3076923077,IRR per USD,tgju.org API (Jalali-month mean),584100.0
2024-08-22,1403-06-01,1403,6,usd_free_market,594083.3333333334,IRR per USD,tgju.org API (Jalali-month mean),595500.0
2024-09-22,1403-07-01,1403,7,usd_free_market,624332.6923076923,IRR per USD,tgju.org API (Jalali-month mean),661500.0
2024-10-22,1403-08-01,1403,8,usd_free_market,683417.3076923077,IRR per USD,tgju.org API (Jalali-month mean),692250.0
2024-11-21,1403-09-01,1403,9,usd_free_market,723904.1666666666,IRR per USD,tgju.org API (Jalali-month mean),762400.0
2024-12-21,1403-10-01,1403,10,usd_free_market,801408.0,IRR per USD,tgju.org API (Jalali-month mean),810200.0
2025-01-20,1403-11-01,1403,11,usd_free_market,864977.0833333334,IRR per USD,tgju.org API (Jalali-month mean),921700.0
2025-02-19,1403-12-01,1403,12,usd_free_market,921897.8260869564,IRR per USD,tgju.org API (Jalali-month mean),977800.0
2025-03-21,1404-01-01,1404,1,usd_free_market,952690.0,IRR per USD,tgju.org API (Jalali-month mean),819750.0
2025-04-21,1404-02-01,1404,2,usd_free_market,827661.5384615385,IRR per USD,tgju.org API (Jalali-month mean),827100.0
2025-05-22,1404-03-01,1404,3,usd_free_market,825046.875,IRR per USD,tgju.org API (Jalali-month mean),835350.0
2025-06-22,1404-04-01,1404,4,usd_free_market,880670.4545454546,IRR per USD,tgju.org API (Jalali-month mean),879900.0
2025-07-23,1404-05-01,1404,5,usd_free_market,919010.4166666666,IRR per USD,tgju.org API (Jalali-month mean),950600.0
2025-08-23,1404-06-01,1404,6,usd_free_market,1005047.9166666666,IRR per USD,tgju.org API (Jalali-month mean),1040000.0
2025-09-23,1404-07-01,1404,7,usd_free_market,1109580.7692307692,IRR per USD,tgju.org API (Jalali-month mean),1075600.0
2025-10-23,1404-08-01,1404,8,usd_free_market,1094718.0,IRR per USD,tgju.org API (Jalali-month mean),1135200.0
2025-11-22,1404-09-01,1404,9,usd_free_market,1229150.0,IRR per USD,tgju.org API (Jalali-month mean),1312250.0
2025-12-22,1404-10-01,1404,10,usd_free_market,1417688.0,IRR per USD,tgju.org API (Jalali-month mean),1455400.0
2026-01-21,1404-11-01,1404,11,usd_free_market,1561676.6666666667,IRR per USD,tgju.org API (Jalali-month mean),1636400.0
2026-02-20,1404-12-01,1404,12,usd_free_market,1624947.9166666667,IRR per USD,tgju.org API (Jalali-month mean),1592800.0
2026-03-21,1405-01-01,1405,1,usd_free_market,1563352.0833333333,IRR per USD,tgju.org API (Jalali-month mean),1511900.0
2026-04-21,1405-02-01,1405,2,usd_free_market,1736209.259259259,IRR per USD,tgju.org API (Jalali-month mean),1790800.0
2026-05-22,1405-03-01,1405,3,usd_free_market,1706145.8333333333,IRR per USD,tgju.org API (Jalali-month mean),1596000.0
2026-06-22,1405-04-01,1405,4,usd_free_market,1791458.3333333333,IRR per USD,tgju.org API (Jalali-month mean),1924050.0
2026-07-23,1405-05-01,1405,5,usd_free_market,1905845.8333333333,IRR per USD,tgju.org API (Jalali-month mean),1880200.0
