date_gregorian,date_jalali,year_jalali,month_jalali,series_id,value,unit,source,year_gregorian,indicator_code,description,country_iso3
1990-01-01,,1369,,electricity_losses_pct_egy,8.54924770465798,percent of output,World Bank WDI API,1990,EG.ELC.LOSS.ZS,Electric power transmission and distribution losses,EGY
1991-01-01,,1370,,electricity_losses_pct_egy,8.64913165009394,percent of output,World Bank WDI API,1991,EG.ELC.LOSS.ZS,Electric power transmission and distribution losses,EGY
1992-01-01,,1371,,electricity_losses_pct_egy,8.92213971274845,percent of output,World Bank WDI API,1992,EG.ELC.LOSS.ZS,Electric power transmission and distribution losses,EGY
1993-01-01,,1372,,electricity_losses_pct_egy,9.16638355698998,percent of output,World Bank WDI API,1993,EG.ELC.LOSS.ZS,Electric power transmission and distribution losses,EGY
1994-01-01,,1373,,electricity_losses_pct_egy,8.6227470990042,percent of output,World Bank WDI API,1994,EG.ELC.LOSS.ZS,Electric power transmission and distribution losses,EGY
1995-01-01,,1374,,electricity_losses_pct_egy,9.43469785575049,percent of output,World Bank WDI API,1995,EG.ELC.LOSS.ZS,Electric power transmission and distribution losses,EGY
1996-01-01,,1375,,electricity_losses_pct_egy,6.14381485903205,percent of output,World Bank WDI API,1996,EG.ELC.LOSS.ZS,Electric power transmission and distribution losses,EGY
1997-01-01,,1376,,electricity_losses_pct_egy,6.46778941603341,percent of output,World Bank WDI API,1997,EG.ELC.LOSS.ZS,Electric power transmission and distribution losses,EGY
1998-01-01,,1377,,electricity_losses_pct_egy,6.92119556586094,percent of output,World Bank WDI API,1998,EG.ELC.LOSS.ZS,Electric power transmission and distribution losses,EGY
1999-01-01,,1378,,electricity_losses_pct_egy,7.16110665012045,percent of output,World Bank WDI API,1999,EG.ELC.LOSS.ZS,Electric power transmission and distribution losses,EGY
2000-01-01,,1379,,electricity_losses_pct_egy,13.7568304262698,percent of output,World Bank WDI API,2000,EG.ELC.LOSS.ZS,Electric power transmission and distribution losses,EGY
2001-01-01,,1380,,electricity_losses_pct_egy,13.0940659446219,percent of output,World Bank WDI API,2001,EG.ELC.LOSS.ZS,Electric power transmission and distribution losses,EGY
2002-01-01,,1381,,electricity_losses_pct_egy,12.6482789550398,percent of output,World Bank WDI API,2002,EG.ELC.LOSS.ZS,Electric power transmission and distribution losses,EGY
2003-01-01,,1382,,electricity_losses_pct_egy,11.3045396762027,percent of output,World Bank WDI API,2003,EG.ELC.LOSS.ZS,Electric power transmission and distribution losses,EGY
2004-01-01,,1383,,electricity_losses_pct_egy,12.1570795368168,percent of output,World Bank WDI API,2004,EG.ELC.LOSS.ZS,Electric power transmission and distribution losses,EGY
2005-01-01,,1384,,electricity_losses_pct_egy,11.5962830067163,percent of output,World Bank WDI API,2005,EG.ELC.LOSS.ZS,Electric power transmission and distribution losses,EGY
2006-01-01,,1385,,electricity_losses_pct_egy,10.8858214839654,percent of output,World Bank WDI API,2006,EG.ELC.LOSS.ZS,Electric power transmission and distribution losses,EGY
2007-01-01,,1386,,electricity_losses_pct_egy,10.4843801197165,percent of output,World Bank WDI API,2007,EG.ELC.LOSS.ZS,Electric power transmission and distribution losses,EGY
2008-01-01,,1387,,electricity_losses_pct_egy,9.96986246882984,percent of output,World Bank WDI API,2008,EG.ELC.LOSS.ZS,Electric power transmission and distribution losses,EGY
2009-01-01,,1388,,electricity_losses_pct_egy,9.61399867393122,percent of output,World Bank WDI API,2009,EG.ELC.LOSS.ZS,Electric power transmission and distribution losses,EGY
2010-01-01,,1389,,electricity_losses_pct_egy,9.31763530183317,percent of output,World Bank WDI API,2010,EG.ELC.LOSS.ZS,Electric power transmission and distribution losses,EGY
2011-01-01,,1390,,electricity_losses_pct_egy,8.4946908182386,percent of output,World Bank WDI API,2011,EG.ELC.LOSS.ZS,Electric power transmission and distribution losses,EGY
2012-01-01,,1391,,electricity_losses_pct_egy,11.144393100887,percent of output,World Bank WDI API,2012,EG.ELC.LOSS.ZS,Electric power transmission and distribution losses,EGY
2013-01-01,,1392,,electricity_losses_pct_egy,14.4117559568076,percent of output,World Bank WDI API,2013,EG.ELC.LOSS.ZS,Electric power transmission and distribution losses,EGY
2014-01-01,,1393,,electricity_losses_pct_egy,11.8318736654601,percent of output,World Bank WDI API,2014,EG.ELC.LOSS.ZS,Electric power transmission and distribution losses,EGY
2015-01-01,,1394,,electricity_losses_pct_egy,15.8001600696142,percent of output,World Bank WDI API,2015,EG.ELC.LOSS.ZS,Electric power transmission and distribution losses,EGY
2016-01-01,,1395,,electricity_losses_pct_egy,20.5002454771495,percent of output,World Bank WDI API,2016,EG.ELC.LOSS.ZS,Electric power transmission and distribution losses,EGY
2017-01-01,,1396,,electricity_losses_pct_egy,17.2998098027848,percent of output,World Bank WDI API,2017,EG.ELC.LOSS.ZS,Electric power transmission and distribution losses,EGY
2018-01-01,,1397,,electricity_losses_pct_egy,17.2805256068064,percent of output,World Bank WDI API,2018,EG.ELC.LOSS.ZS,Electric power transmission and distribution losses,EGY
2019-01-01,,1398,,electricity_losses_pct_egy,17.2605406720883,percent of output,World Bank WDI API,2019,EG.ELC.LOSS.ZS,Electric power transmission and distribution losses,EGY
2020-01-01,,1399,,electricity_losses_pct_egy,21.9490855165596,percent of output,World Bank WDI API,2020,EG.ELC.LOSS.ZS,Electric power transmission and distribution losses,EGY
2021-01-01,,1400,,electricity_losses_pct_egy,21.1956652793117,percent of output,World Bank WDI API,2021,EG.ELC.LOSS.ZS,Electric power transmission and distribution losses,EGY
2022-01-01,,1401,,electricity_losses_pct_egy,19.8717275236631,percent of output,World Bank WDI API,2022,EG.ELC.LOSS.ZS,Electric power transmission and distribution losses,EGY
2023-01-01,,1402,,electricity_losses_pct_egy,19.8703109747594,percent of output,World Bank WDI API,2023,EG.ELC.LOSS.ZS,Electric power transmission and distribution losses,EGY
1990-01-01,,1369,,electricity_losses_pct_irn,10.2669960407431,percent of output,World Bank WDI API,1990,EG.ELC.LOSS.ZS,Electric power transmission and distribution losses,IRN
1991-01-01,,1370,,electricity_losses_pct_irn,10.5417459376852,percent of output,World Bank WDI API,1991,EG.ELC.LOSS.ZS,Electric power transmission and distribution losses,IRN
1992-01-01,,1371,,electricity_losses_pct_irn,8.83132389772264,percent of output,World Bank WDI API,1992,EG.ELC.LOSS.ZS,Electric power transmission and distribution losses,IRN
1993-01-01,,1372,,electricity_losses_pct_irn,12.4796598603748,percent of output,World Bank WDI API,1993,EG.ELC.LOSS.ZS,Electric power transmission and distribution losses,IRN
1994-01-01,,1373,,electricity_losses_pct_irn,14.0990253792227,percent of output,World Bank WDI API,1994,EG.ELC.LOSS.ZS,Electric power transmission and distribution losses,IRN
1995-01-01,,1374,,electricity_losses_pct_irn,14.2043515609372,percent of output,World Bank WDI API,1995,EG.ELC.LOSS.ZS,Electric power transmission and distribution losses,IRN
1996-01-01,,1375,,electricity_losses_pct_irn,11.9229203121045,percent of output,World Bank WDI API,1996,EG.ELC.LOSS.ZS,Electric power transmission and distribution losses,IRN
1997-01-01,,1376,,electricity_losses_pct_irn,13.6418963841866,percent of output,World Bank WDI API,1997,EG.ELC.LOSS.ZS,Electric power transmission and distribution losses,IRN
1998-01-01,,1377,,electricity_losses_pct_irn,14.0647954844197,percent of output,World Bank WDI API,1998,EG.ELC.LOSS.ZS,Electric power transmission and distribution losses,IRN
1999-01-01,,1378,,electricity_losses_pct_irn,14.9071961795539,percent of output,World Bank WDI API,1999,EG.ELC.LOSS.ZS,Electric power transmission and distribution losses,IRN
2000-01-01,,1379,,electricity_losses_pct_irn,15.8218201889886,percent of output,World Bank WDI API,2000,EG.ELC.LOSS.ZS,Electric power transmission and distribution losses,IRN
2001-01-01,,1380,,electricity_losses_pct_irn,15.8480479880798,percent of output,World Bank WDI API,2001,EG.ELC.LOSS.ZS,Electric power transmission and distribution losses,IRN
2002-01-01,,1381,,electricity_losses_pct_irn,16.8654886200126,percent of output,World Bank WDI API,2002,EG.ELC.LOSS.ZS,Electric power transmission and distribution losses,IRN
2003-01-01,,1382,,electricity_losses_pct_irn,16.7567813462613,percent of output,World Bank WDI API,2003,EG.ELC.LOSS.ZS,Electric power transmission and distribution losses,IRN
2004-01-01,,1383,,electricity_losses_pct_irn,17.1892785679196,percent of output,World Bank WDI API,2004,EG.ELC.LOSS.ZS,Electric power transmission and distribution losses,IRN
2005-01-01,,1384,,electricity_losses_pct_irn,18.1584385247743,percent of output,World Bank WDI API,2005,EG.ELC.LOSS.ZS,Electric power transmission and distribution losses,IRN
2006-01-01,,1385,,electricity_losses_pct_irn,18.5450638876491,percent of output,World Bank WDI API,2006,EG.ELC.LOSS.ZS,Electric power transmission and distribution losses,IRN
2007-01-01,,1386,,electricity_losses_pct_irn,18.9787534438638,percent of output,World Bank WDI API,2007,EG.ELC.LOSS.ZS,Electric power transmission and distribution losses,IRN
2008-01-01,,1387,,electricity_losses_pct_irn,17.5364750850697,percent of output,World Bank WDI API,2008,EG.ELC.LOSS.ZS,Electric power transmission and distribution losses,IRN
2009-01-01,,1388,,electricity_losses_pct_irn,15.6059990061887,percent of output,World Bank WDI API,2009,EG.ELC.LOSS.ZS,Electric power transmission and distribution losses,IRN
2010-01-01,,1389,,electricity_losses_pct_irn,14.1921969101859,percent of output,World Bank WDI API,2010,EG.ELC.LOSS.ZS,Electric power transmission and distribution losses,IRN
2011-01-01,,1390,,electricity_losses_pct_irn,14.5410161131755,percent of output,World Bank WDI API,2011,EG.ELC.LOSS.ZS,Electric power transmission and distribution losses,IRN
2012-01-01,,1391,,electricity_losses_pct_irn,14.4701033522629,percent of output,World Bank WDI API,2012,EG.ELC.LOSS.ZS,Electric power transmission and distribution losses,IRN
2013-01-01,,1392,,electricity_losses_pct_irn,14.4985024806237,percent of output,World Bank WDI API,2013,EG.ELC.LOSS.ZS,Electric power transmission and distribution losses,IRN
2014-01-01,,1393,,electricity_losses_pct_irn,12.6033742521185,percent of output,World Bank WDI API,2014,EG.ELC.LOSS.ZS,Electric power transmission and distribution losses,IRN
2015-01-01,,1394,,electricity_losses_pct_irn,14.80937737187,percent of output,World Bank WDI API,2015,EG.ELC.LOSS.ZS,Electric power transmission and distribution losses,IRN
2016-01-01,,1395,,electricity_losses_pct_irn,11.5924232256636,percent of output,World Bank WDI API,2016,EG.ELC.LOSS.ZS,Electric power transmission and distribution losses,IRN
2017-01-01,,1396,,electricity_losses_pct_irn,10.9370540463403,percent of output,World Bank WDI API,2017,EG.ELC.LOSS.ZS,Electric power transmission and distribution losses,IRN
2018-01-01,,1397,,electricity_losses_pct_irn,10.6099947681516,percent of output,World Bank WDI API,2018,EG.ELC.LOSS.ZS,Electric power transmission and distribution losses,IRN
2019-01-01,,1398,,electricity_losses_pct_irn,9.9641535367388,percent of output,World Bank WDI API,2019,EG.ELC.LOSS.ZS,Electric power transmission and distribution losses,IRN
2020-01-01,,1399,,electricity_losses_pct_irn,9.74193039684371,percent of output,World Bank WDI API,2020,EG.ELC.LOSS.ZS,Electric power transmission and distribution losses,IRN
2021-01-01,,1400,,electricity_losses_pct_irn,10.0407124252973,percent of output,World Bank WDI API,2021,EG.ELC.LOSS.ZS,Electric power transmission and distribution losses,IRN
2022-01-01,,1401,,electricity_losses_pct_irn,10.0477210487785,percent of output,World Bank WDI API,2022,EG.ELC.LOSS.ZS,Electric power transmission and distribution losses,IRN
2023-01-01,,1402,,electricity_losses_pct_irn,10.0485672530559,percent of output,World Bank WDI API,2023,EG.ELC.LOSS.ZS,Electric power transmission and distribution losses,IRN
1990-01-01,,1369,,electricity_losses_pct_tur,11.6104478390074,percent of output,World Bank WDI API,1990,EG.ELC.LOSS.ZS,Electric power transmission and distribution losses,TUR
1991-01-01,,1370,,electricity_losses_pct_tur,12.5502108023769,percent of output,World Bank WDI API,1991,EG.ELC.LOSS.ZS,Electric power transmission and distribution losses,TUR
1992-01-01,,1371,,electricity_losses_pct_tur,13.3571916485997,percent of output,World Bank WDI API,1992,EG.ELC.LOSS.ZS,Electric power transmission and distribution losses,TUR
1993-01-01,,1372,,electricity_losses_pct_tur,13.8900932148277,percent of output,World Bank WDI API,1993,EG.ELC.LOSS.ZS,Electric power transmission and distribution losses,TUR
1994-01-01,,1373,,electricity_losses_pct_tur,15.1198273770764,percent of output,World Bank WDI API,1994,EG.ELC.LOSS.ZS,Electric power transmission and distribution losses,TUR
1995-01-01,,1374,,electricity_losses_pct_tur,15.9646132619106,percent of output,World Bank WDI API,1995,EG.ELC.LOSS.ZS,Electric power transmission and distribution losses,TUR
1996-01-01,,1375,,electricity_losses_pct_tur,16.7126984461639,percent of output,World Bank WDI API,1996,EG.ELC.LOSS.ZS,Electric power transmission and distribution losses,TUR
1997-01-01,,1376,,electricity_losses_pct_tur,17.9890799256506,percent of output,World Bank WDI API,1997,EG.ELC.LOSS.ZS,Electric power transmission and distribution losses,TUR
1998-01-01,,1377,,electricity_losses_pct_tur,18.7305218785466,percent of output,World Bank WDI API,1998,EG.ELC.LOSS.ZS,Electric power transmission and distribution losses,TUR
1999-01-01,,1378,,electricity_losses_pct_tur,18.5030917210581,percent of output,World Bank WDI API,1999,EG.ELC.LOSS.ZS,Electric power transmission and distribution losses,TUR
2000-01-01,,1379,,electricity_losses_pct_tur,19.0166663998335,percent of output,World Bank WDI API,2000,EG.ELC.LOSS.ZS,Electric power transmission and distribution losses,TUR
2001-01-01,,1380,,electricity_losses_pct_tur,19.0091668364229,percent of output,World Bank WDI API,2001,EG.ELC.LOSS.ZS,Electric power transmission and distribution losses,TUR
2002-01-01,,1381,,electricity_losses_pct_tur,18.4945904173107,percent of output,World Bank WDI API,2002,EG.ELC.LOSS.ZS,Electric power transmission and distribution losses,TUR
2003-01-01,,1382,,electricity_losses_pct_tur,17.1089976597122,percent of output,World Bank WDI API,2003,EG.ELC.LOSS.ZS,Electric power transmission and distribution losses,TUR
2004-01-01,,1383,,electricity_losses_pct_tur,15.4235623565011,percent of output,World Bank WDI API,2004,EG.ELC.LOSS.ZS,Electric power transmission and distribution losses,TUR
2005-01-01,,1384,,electricity_losses_pct_tur,14.8460075576082,percent of output,World Bank WDI API,2005,EG.ELC.LOSS.ZS,Electric power transmission and distribution losses,TUR
2006-01-01,,1385,,electricity_losses_pct_tur,14.0726833391001,percent of output,World Bank WDI API,2006,EG.ELC.LOSS.ZS,Electric power transmission and distribution losses,TUR
2007-01-01,,1386,,electricity_losses_pct_tur,13.9106693534073,percent of output,World Bank WDI API,2007,EG.ELC.LOSS.ZS,Electric power transmission and distribution losses,TUR
2008-01-01,,1387,,electricity_losses_pct_tur,13.8500539265591,percent of output,World Bank WDI API,2008,EG.ELC.LOSS.ZS,Electric power transmission and distribution losses,TUR
2009-01-01,,1388,,electricity_losses_pct_tur,14.8815268053303,percent of output,World Bank WDI API,2009,EG.ELC.LOSS.ZS,Electric power transmission and distribution losses,TUR
2010-01-01,,1389,,electricity_losses_pct_tur,14.3091170788985,percent of output,World Bank WDI API,2010,EG.ELC.LOSS.ZS,Electric power transmission and distribution losses,TUR
2011-01-01,,1390,,electricity_losses_pct_tur,14.1107182869573,percent of output,World Bank WDI API,2011,EG.ELC.LOSS.ZS,Electric power transmission and distribution losses,TUR
2012-01-01,,1391,,electricity_losses_pct_tur,14.8883488659518,percent of output,World Bank WDI API,2012,EG.ELC.LOSS.ZS,Electric power transmission and distribution losses,TUR
2013-01-01,,1392,,electricity_losses_pct_tur,15.4625781790018,percent of output,World Bank WDI API,2013,EG.ELC.LOSS.ZS,Electric power transmission and distribution losses,TUR
2014-01-01,,1393,,electricity_losses_pct_tur,14.8160642634038,percent of output,World Bank WDI API,2014,EG.ELC.LOSS.ZS,Electric power transmission and distribution losses,TUR
2015-01-01,,1394,,electricity_losses_pct_tur,13.9535416738291,percent of output,World Bank WDI API,2015,EG.ELC.LOSS.ZS,Electric power transmission and distribution losses,TUR
2016-01-01,,1395,,electricity_losses_pct_tur,12.9773913296988,percent of output,World Bank WDI API,2016,EG.ELC.LOSS.ZS,Electric power transmission and distribution losses,TUR
2017-01-01,,1396,,electricity_losses_pct_tur,11.6588232523875,percent of output,World Bank WDI API,2017,EG.ELC.LOSS.ZS,Electric power transmission and distribution losses,TUR
2018-01-01,,1397,,electricity_losses_pct_tur,10.378574873442,percent of output,World Bank WDI API,2018,EG.ELC.LOSS.ZS,Electric power transmission and distribution losses,TUR
2019-01-01,,1398,,electricity_losses_pct_tur,10.2946063962461,percent of output,World Bank WDI API,2019,EG.ELC.LOSS.ZS,Electric power transmission and distribution losses,TUR
2020-01-01,,1399,,electricity_losses_pct_tur,9.57506121557337,percent of output,World Bank WDI API,2020,EG.ELC.LOSS.ZS,Electric power transmission and distribution losses,TUR
2021-01-01,,1400,,electricity_losses_pct_tur,9.26019425017104,percent of output,World Bank WDI API,2021,EG.ELC.LOSS.ZS,Electric power transmission and distribution losses,TUR
2022-01-01,,1401,,electricity_losses_pct_tur,8.8516622561126,percent of output,World Bank WDI API,2022,EG.ELC.LOSS.ZS,Electric power transmission and distribution losses,TUR
2023-01-01,,1402,,electricity_losses_pct_tur,8.93648761278945,percent of output,World Bank WDI API,2023,EG.ELC.LOSS.ZS,Electric power transmission and distribution losses,TUR
2024-01-01,,1403,,electricity_losses_pct_tur,8.27302560869004,percent of output,World Bank WDI API,2024,EG.ELC.LOSS.ZS,Electric power transmission and distribution losses,TUR
1991-01-01,,1370,,employment_to_population_egy,42.338,percent of population 15+,World Bank WDI API,1991,SL.EMP.TOTL.SP.ZS,Employment to population ratio (modeled ILO estimate),EGY
1992-01-01,,1371,,employment_to_population_egy,42.981,percent of population 15+,World Bank WDI API,1992,SL.EMP.TOTL.SP.ZS,Employment to population ratio (modeled ILO estimate),EGY
1993-01-01,,1372,,employment_to_population_egy,42.66,percent of population 15+,World Bank WDI API,1993,SL.EMP.TOTL.SP.ZS,Employment to population ratio (modeled ILO estimate),EGY
1994-01-01,,1373,,employment_to_population_egy,43.537,percent of population 15+,World Bank WDI API,1994,SL.EMP.TOTL.SP.ZS,Employment to population ratio (modeled ILO estimate),EGY
1995-01-01,,1374,,employment_to_population_egy,42.63,percent of population 15+,World Bank WDI API,1995,SL.EMP.TOTL.SP.ZS,Employment to population ratio (modeled ILO estimate),EGY
1996-01-01,,1375,,employment_to_population_egy,43.024,percent of population 15+,World Bank WDI API,1996,SL.EMP.TOTL.SP.ZS,Employment to population ratio (modeled ILO estimate),EGY
1997-01-01,,1376,,employment_to_population_egy,42.735,percent of population 15+,World Bank WDI API,1997,SL.EMP.TOTL.SP.ZS,Employment to population ratio (modeled ILO estimate),EGY
1998-01-01,,1377,,employment_to_population_egy,42.306,percent of population 15+,World Bank WDI API,1998,SL.EMP.TOTL.SP.ZS,Employment to population ratio (modeled ILO estimate),EGY
1999-01-01,,1378,,employment_to_population_egy,43.742,percent of population 15+,World Bank WDI API,1999,SL.EMP.TOTL.SP.ZS,Employment to population ratio (modeled ILO estimate),EGY
2000-01-01,,1379,,employment_to_population_egy,42.072,percent of population 15+,World Bank WDI API,2000,SL.EMP.TOTL.SP.ZS,Employment to population ratio (modeled ILO estimate),EGY
2001-01-01,,1380,,employment_to_population_egy,40.769,percent of population 15+,World Bank WDI API,2001,SL.EMP.TOTL.SP.ZS,Employment to population ratio (modeled ILO estimate),EGY
2002-01-01,,1381,,employment_to_population_egy,38.867,percent of population 15+,World Bank WDI API,2002,SL.EMP.TOTL.SP.ZS,Employment to population ratio (modeled ILO estimate),EGY
2003-01-01,,1382,,employment_to_population_egy,39.315,percent of population 15+,World Bank WDI API,2003,SL.EMP.TOTL.SP.ZS,Employment to population ratio (modeled ILO estimate),EGY
2004-01-01,,1383,,employment_to_population_egy,40.421,percent of population 15+,World Bank WDI API,2004,SL.EMP.TOTL.SP.ZS,Employment to population ratio (modeled ILO estimate),EGY
2005-01-01,,1384,,employment_to_population_egy,40.935,percent of population 15+,World Bank WDI API,2005,SL.EMP.TOTL.SP.ZS,Employment to population ratio (modeled ILO estimate),EGY
2006-01-01,,1385,,employment_to_population_egy,42.043,percent of population 15+,World Bank WDI API,2006,SL.EMP.TOTL.SP.ZS,Employment to population ratio (modeled ILO estimate),EGY
2007-01-01,,1386,,employment_to_population_egy,43.712,percent of population 15+,World Bank WDI API,2007,SL.EMP.TOTL.SP.ZS,Employment to population ratio (modeled ILO estimate),EGY
2008-01-01,,1387,,employment_to_population_egy,43.501,percent of population 15+,World Bank WDI API,2008,SL.EMP.TOTL.SP.ZS,Employment to population ratio (modeled ILO estimate),EGY
2009-01-01,,1388,,employment_to_population_egy,43.549,percent of population 15+,World Bank WDI API,2009,SL.EMP.TOTL.SP.ZS,Employment to population ratio (modeled ILO estimate),EGY
2010-01-01,,1389,,employment_to_population_egy,45.045,percent of population 15+,World Bank WDI API,2010,SL.EMP.TOTL.SP.ZS,Employment to population ratio (modeled ILO estimate),EGY
2011-01-01,,1390,,employment_to_population_egy,43.005,percent of population 15+,World Bank WDI API,2011,SL.EMP.TOTL.SP.ZS,Employment to population ratio (modeled ILO estimate),EGY
2012-01-01,,1391,,employment_to_population_egy,42.385,percent of population 15+,World Bank WDI API,2012,SL.EMP.TOTL.SP.ZS,Employment to population ratio (modeled ILO estimate),EGY
2013-01-01,,1392,,employment_to_population_egy,42.065,percent of population 15+,World Bank WDI API,2013,SL.EMP.TOTL.SP.ZS,Employment to population ratio (modeled ILO estimate),EGY
2014-01-01,,1393,,employment_to_population_egy,41.811,percent of population 15+,World Bank WDI API,2014,SL.EMP.TOTL.SP.ZS,Employment to population ratio (modeled ILO estimate),EGY
2015-01-01,,1394,,employment_to_population_egy,40.846,percent of population 15+,World Bank WDI API,2015,SL.EMP.TOTL.SP.ZS,Employment to population ratio (modeled ILO estimate),EGY
2016-01-01,,1395,,employment_to_population_egy,40.825,percent of population 15+,World Bank WDI API,2016,SL.EMP.TOTL.SP.ZS,Employment to population ratio (modeled ILO estimate),EGY
2017-01-01,,1396,,employment_to_population_egy,39.661,percent of population 15+,World Bank WDI API,2017,SL.EMP.TOTL.SP.ZS,Employment to population ratio (modeled ILO estimate),EGY
2018-01-01,,1397,,employment_to_population_egy,39.032,percent of population 15+,World Bank WDI API,2018,SL.EMP.TOTL.SP.ZS,Employment to population ratio (modeled ILO estimate),EGY
2019-01-01,,1398,,employment_to_population_egy,38.885,percent of population 15+,World Bank WDI API,2019,SL.EMP.TOTL.SP.ZS,Employment to population ratio (modeled ILO estimate),EGY
2020-01-01,,1399,,employment_to_population_egy,38.297,percent of population 15+,World Bank WDI API,2020,SL.EMP.TOTL.SP.ZS,Employment to population ratio (modeled ILO estimate),EGY
2021-01-01,,1400,,employment_to_population_egy,39.788,percent of population 15+,World Bank WDI API,2021,SL.EMP.TOTL.SP.ZS,Employment to population ratio (modeled ILO estimate),EGY
2022-01-01,,1401,,employment_to_population_egy,40.033,percent of population 15+,World Bank WDI API,2022,SL.EMP.TOTL.SP.ZS,Employment to population ratio (modeled ILO estimate),EGY
2023-01-01,,1402,,employment_to_population_egy,41.653,percent of population 15+,World Bank WDI API,2023,SL.EMP.TOTL.SP.ZS,Employment to population ratio (modeled ILO estimate),EGY
2024-01-01,,1403,,employment_to_population_egy,41.556,percent of population 15+,World Bank WDI API,2024,SL.EMP.TOTL.SP.ZS,Employment to population ratio (modeled ILO estimate),EGY
2025-01-01,,1404,,employment_to_population_egy,41.546,percent of population 15+,World Bank WDI API,2025,SL.EMP.TOTL.SP.ZS,Employment to population ratio (modeled ILO estimate),EGY
1991-01-01,,1370,,employment_to_population_irn,41.588,percent of population 15+,World Bank WDI API,1991,SL.EMP.TOTL.SP.ZS,Employment to population ratio (modeled ILO estimate),IRN
1992-01-01,,1371,,employment_to_population_irn,41.373,percent of population 15+,World Bank WDI API,1992,SL.EMP.TOTL.SP.ZS,Employment to population ratio (modeled ILO estimate),IRN
1993-01-01,,1372,,employment_to_population_irn,40.954,percent of population 15+,World Bank WDI API,1993,SL.EMP.TOTL.SP.ZS,Employment to population ratio (modeled ILO estimate),IRN
1994-01-01,,1373,,employment_to_population_irn,40.496,percent of population 15+,World Bank WDI API,1994,SL.EMP.TOTL.SP.ZS,Employment to population ratio (modeled ILO estimate),IRN
1995-01-01,,1374,,employment_to_population_irn,40.182,percent of population 15+,World Bank WDI API,1995,SL.EMP.TOTL.SP.ZS,Employment to population ratio (modeled ILO estimate),IRN
1996-01-01,,1375,,employment_to_population_irn,39.933,percent of population 15+,World Bank WDI API,1996,SL.EMP.TOTL.SP.ZS,Employment to population ratio (modeled ILO estimate),IRN
1997-01-01,,1376,,employment_to_population_irn,39.68,percent of population 15+,World Bank WDI API,1997,SL.EMP.TOTL.SP.ZS,Employment to population ratio (modeled ILO estimate),IRN
1998-01-01,,1377,,employment_to_population_irn,39.398,percent of population 15+,World Bank WDI API,1998,SL.EMP.TOTL.SP.ZS,Employment to population ratio (modeled ILO estimate),IRN
1999-01-01,,1378,,employment_to_population_irn,39.093,percent of population 15+,World Bank WDI API,1999,SL.EMP.TOTL.SP.ZS,Employment to population ratio (modeled ILO estimate),IRN
2000-01-01,,1379,,employment_to_population_irn,38.971,percent of population 15+,World Bank WDI API,2000,SL.EMP.TOTL.SP.ZS,Employment to population ratio (modeled ILO estimate),IRN
2001-01-01,,1380,,employment_to_population_irn,38.847,percent of population 15+,World Bank WDI API,2001,SL.EMP.TOTL.SP.ZS,Employment to population ratio (modeled ILO estimate),IRN
2002-01-01,,1381,,employment_to_population_irn,38.867,percent of population 15+,World Bank WDI API,2002,SL.EMP.TOTL.SP.ZS,Employment to population ratio (modeled ILO estimate),IRN
2003-01-01,,1382,,employment_to_population_irn,39.776,percent of population 15+,World Bank WDI API,2003,SL.EMP.TOTL.SP.ZS,Employment to population ratio (modeled ILO estimate),IRN
2004-01-01,,1383,,employment_to_population_irn,40.819,percent of population 15+,World Bank WDI API,2004,SL.EMP.TOTL.SP.ZS,Employment to population ratio (modeled ILO estimate),IRN
2005-01-01,,1384,,employment_to_population_irn,40.671,percent of population 15+,World Bank WDI API,2005,SL.EMP.TOTL.SP.ZS,Employment to population ratio (modeled ILO estimate),IRN
2006-01-01,,1385,,employment_to_population_irn,40.076,percent of population 15+,World Bank WDI API,2006,SL.EMP.TOTL.SP.ZS,Employment to population ratio (modeled ILO estimate),IRN
2007-01-01,,1386,,employment_to_population_irn,39.647,percent of population 15+,World Bank WDI API,2007,SL.EMP.TOTL.SP.ZS,Employment to population ratio (modeled ILO estimate),IRN
2008-01-01,,1387,,employment_to_population_irn,37.778,percent of population 15+,World Bank WDI API,2008,SL.EMP.TOTL.SP.ZS,Employment to population ratio (modeled ILO estimate),IRN
2009-01-01,,1388,,employment_to_population_irn,37.819,percent of population 15+,World Bank WDI API,2009,SL.EMP.TOTL.SP.ZS,Employment to population ratio (modeled ILO estimate),IRN
2010-01-01,,1389,,employment_to_population_irn,36.51,percent of population 15+,World Bank WDI API,2010,SL.EMP.TOTL.SP.ZS,Employment to population ratio (modeled ILO estimate),IRN
2011-01-01,,1390,,employment_to_population_irn,35.543,percent of population 15+,World Bank WDI API,2011,SL.EMP.TOTL.SP.ZS,Employment to population ratio (modeled ILO estimate),IRN
2012-01-01,,1391,,employment_to_population_irn,36.641,percent of population 15+,World Bank WDI API,2012,SL.EMP.TOTL.SP.ZS,Employment to population ratio (modeled ILO estimate),IRN
2013-01-01,,1392,,employment_to_population_irn,36.79,percent of population 15+,World Bank WDI API,2013,SL.EMP.TOTL.SP.ZS,Employment to population ratio (modeled ILO estimate),IRN
2014-01-01,,1393,,employment_to_population_irn,36.522,percent of population 15+,World Bank WDI API,2014,SL.EMP.TOTL.SP.ZS,Employment to population ratio (modeled ILO estimate),IRN
2015-01-01,,1394,,employment_to_population_irn,37.258,percent of population 15+,World Bank WDI API,2015,SL.EMP.TOTL.SP.ZS,Employment to population ratio (modeled ILO estimate),IRN
2016-01-01,,1395,,employment_to_population_irn,37.718,percent of population 15+,World Bank WDI API,2016,SL.EMP.TOTL.SP.ZS,Employment to population ratio (modeled ILO estimate),IRN
2017-01-01,,1396,,employment_to_population_irn,38.824,percent of population 15+,World Bank WDI API,2017,SL.EMP.TOTL.SP.ZS,Employment to population ratio (modeled ILO estimate),IRN
2018-01-01,,1397,,employment_to_population_irn,38.977,percent of population 15+,World Bank WDI API,2018,SL.EMP.TOTL.SP.ZS,Employment to population ratio (modeled ILO estimate),IRN
2019-01-01,,1398,,employment_to_population_irn,39.299,percent of population 15+,World Bank WDI API,2019,SL.EMP.TOTL.SP.ZS,Employment to population ratio (modeled ILO estimate),IRN
2020-01-01,,1399,,employment_to_population_irn,37.352,percent of population 15+,World Bank WDI API,2020,SL.EMP.TOTL.SP.ZS,Employment to population ratio (modeled ILO estimate),IRN
2021-01-01,,1400,,employment_to_population_irn,37.233,percent of population 15+,World Bank WDI API,2021,SL.EMP.TOTL.SP.ZS,Employment to population ratio (modeled ILO estimate),IRN
2022-01-01,,1401,,employment_to_population_irn,36.877,percent of population 15+,World Bank WDI API,2022,SL.EMP.TOTL.SP.ZS,Employment to population ratio (modeled ILO estimate),IRN
2023-01-01,,1402,,employment_to_population_irn,38.142,percent of population 15+,World Bank WDI API,2023,SL.EMP.TOTL.SP.ZS,Employment to population ratio (modeled ILO estimate),IRN
2024-01-01,,1403,,employment_to_population_irn,37.905,percent of population 15+,World Bank WDI API,2024,SL.EMP.TOTL.SP.ZS,Employment to population ratio (modeled ILO estimate),IRN
2025-01-01,,1404,,employment_to_population_irn,37.565,percent of population 15+,World Bank WDI API,2025,SL.EMP.TOTL.SP.ZS,Employment to population ratio (modeled ILO estimate),IRN
1991-01-01,,1370,,employment_to_population_tur,52.318,percent of population 15+,World Bank WDI API,1991,SL.EMP.TOTL.SP.ZS,Employment to population ratio (modeled ILO estimate),TUR
1992-01-01,,1371,,employment_to_population_tur,51.226,percent of population 15+,World Bank WDI API,1992,SL.EMP.TOTL.SP.ZS,Employment to population ratio (modeled ILO estimate),TUR
1993-01-01,,1372,,employment_to_population_tur,47.479,percent of population 15+,World Bank WDI API,1993,SL.EMP.TOTL.SP.ZS,Employment to population ratio (modeled ILO estimate),TUR
1994-01-01,,1373,,employment_to_population_tur,49.962,percent of population 15+,World Bank WDI API,1994,SL.EMP.TOTL.SP.ZS,Employment to population ratio (modeled ILO estimate),TUR
1995-01-01,,1374,,employment_to_population_tur,49.988,percent of population 15+,World Bank WDI API,1995,SL.EMP.TOTL.SP.ZS,Employment to population ratio (modeled ILO estimate),TUR
1996-01-01,,1375,,employment_to_population_tur,50.172,percent of population 15+,World Bank WDI API,1996,SL.EMP.TOTL.SP.ZS,Employment to population ratio (modeled ILO estimate),TUR
1997-01-01,,1376,,employment_to_population_tur,48.958,percent of population 15+,World Bank WDI API,1997,SL.EMP.TOTL.SP.ZS,Employment to population ratio (modeled ILO estimate),TUR
1998-01-01,,1377,,employment_to_population_tur,49.159,percent of population 15+,World Bank WDI API,1998,SL.EMP.TOTL.SP.ZS,Employment to population ratio (modeled ILO estimate),TUR
1999-01-01,,1378,,employment_to_population_tur,48.649,percent of population 15+,World Bank WDI API,1999,SL.EMP.TOTL.SP.ZS,Employment to population ratio (modeled ILO estimate),TUR
2000-01-01,,1379,,employment_to_population_tur,46.704,percent of population 15+,World Bank WDI API,2000,SL.EMP.TOTL.SP.ZS,Employment to population ratio (modeled ILO estimate),TUR
2001-01-01,,1380,,employment_to_population_tur,45.646,percent of population 15+,World Bank WDI API,2001,SL.EMP.TOTL.SP.ZS,Employment to population ratio (modeled ILO estimate),TUR
2002-01-01,,1381,,employment_to_population_tur,44.442,percent of population 15+,World Bank WDI API,2002,SL.EMP.TOTL.SP.ZS,Employment to population ratio (modeled ILO estimate),TUR
2003-01-01,,1382,,employment_to_population_tur,43.236,percent of population 15+,World Bank WDI API,2003,SL.EMP.TOTL.SP.ZS,Employment to population ratio (modeled ILO estimate),TUR
2004-01-01,,1383,,employment_to_population_tur,41.287,percent of population 15+,World Bank WDI API,2004,SL.EMP.TOTL.SP.ZS,Employment to population ratio (modeled ILO estimate),TUR
2005-01-01,,1384,,employment_to_population_tur,41.493,percent of population 15+,World Bank WDI API,2005,SL.EMP.TOTL.SP.ZS,Employment to population ratio (modeled ILO estimate),TUR
2006-01-01,,1385,,employment_to_population_tur,41.54,percent of population 15+,World Bank WDI API,2006,SL.EMP.TOTL.SP.ZS,Employment to population ratio (modeled ILO estimate),TUR
2007-01-01,,1386,,employment_to_population_tur,41.475,percent of population 15+,World Bank WDI API,2007,SL.EMP.TOTL.SP.ZS,Employment to population ratio (modeled ILO estimate),TUR
2008-01-01,,1387,,employment_to_population_tur,41.745,percent of population 15+,World Bank WDI API,2008,SL.EMP.TOTL.SP.ZS,Employment to population ratio (modeled ILO estimate),TUR
2009-01-01,,1388,,employment_to_population_tur,41.164,percent of population 15+,World Bank WDI API,2009,SL.EMP.TOTL.SP.ZS,Employment to population ratio (modeled ILO estimate),TUR
2010-01-01,,1389,,employment_to_population_tur,43.007,percent of population 15+,World Bank WDI API,2010,SL.EMP.TOTL.SP.ZS,Employment to population ratio (modeled ILO estimate),TUR
2011-01-01,,1390,,employment_to_population_tur,44.983,percent of population 15+,World Bank WDI API,2011,SL.EMP.TOTL.SP.ZS,Employment to population ratio (modeled ILO estimate),TUR
2012-01-01,,1391,,employment_to_population_tur,45.357,percent of population 15+,World Bank WDI API,2012,SL.EMP.TOTL.SP.ZS,Employment to population ratio (modeled ILO estimate),TUR
2013-01-01,,1392,,employment_to_population_tur,45.902,percent of population 15+,World Bank WDI API,2013,SL.EMP.TOTL.SP.ZS,Employment to population ratio (modeled ILO estimate),TUR
2014-01-01,,1393,,employment_to_population_tur,45.511,percent of population 15+,World Bank WDI API,2014,SL.EMP.TOTL.SP.ZS,Employment to population ratio (modeled ILO estimate),TUR
2015-01-01,,1394,,employment_to_population_tur,46.014,percent of population 15+,World Bank WDI API,2015,SL.EMP.TOTL.SP.ZS,Employment to population ratio (modeled ILO estimate),TUR
2016-01-01,,1395,,employment_to_population_tur,46.333,percent of population 15+,World Bank WDI API,2016,SL.EMP.TOTL.SP.ZS,Employment to population ratio (modeled ILO estimate),TUR
2017-01-01,,1396,,employment_to_population_tur,47.063,percent of population 15+,World Bank WDI API,2017,SL.EMP.TOTL.SP.ZS,Employment to population ratio (modeled ILO estimate),TUR
2018-01-01,,1397,,employment_to_population_tur,47.382,percent of population 15+,World Bank WDI API,2018,SL.EMP.TOTL.SP.ZS,Employment to population ratio (modeled ILO estimate),TUR
2019-01-01,,1398,,employment_to_population_tur,45.681,percent of population 15+,World Bank WDI API,2019,SL.EMP.TOTL.SP.ZS,Employment to population ratio (modeled ILO estimate),TUR
2020-01-01,,1399,,employment_to_population_tur,42.848,percent of population 15+,World Bank WDI API,2020,SL.EMP.TOTL.SP.ZS,Employment to population ratio (modeled ILO estimate),TUR
2021-01-01,,1400,,employment_to_population_tur,45.212,percent of population 15+,World Bank WDI API,2021,SL.EMP.TOTL.SP.ZS,Employment to population ratio (modeled ILO estimate),TUR
2022-01-01,,1401,,employment_to_population_tur,47.503,percent of population 15+,World Bank WDI API,2022,SL.EMP.TOTL.SP.ZS,Employment to population ratio (modeled ILO estimate),TUR
2023-01-01,,1402,,employment_to_population_tur,48.308,percent of population 15+,World Bank WDI API,2023,SL.EMP.TOTL.SP.ZS,Employment to population ratio (modeled ILO estimate),TUR
2024-01-01,,1403,,employment_to_population_tur,49.43,percent of population 15+,World Bank WDI API,2024,SL.EMP.TOTL.SP.ZS,Employment to population ratio (modeled ILO estimate),TUR
2025-01-01,,1404,,employment_to_population_tur,49.746,percent of population 15+,World Bank WDI API,2025,SL.EMP.TOTL.SP.ZS,Employment to population ratio (modeled ILO estimate),TUR
2000-01-01,,1379,,energy_intensity_egy,3.16,MJ per 2017 PPP USD of GDP,World Bank WDI API,2000,EG.EGY.PRIM.PP.KD,Energy intensity of primary energy,EGY
2001-01-01,,1380,,energy_intensity_egy,3.47,MJ per 2017 PPP USD of GDP,World Bank WDI API,2001,EG.EGY.PRIM.PP.KD,Energy intensity of primary energy,EGY
2002-01-01,,1381,,energy_intensity_egy,3.45,MJ per 2017 PPP USD of GDP,World Bank WDI API,2002,EG.EGY.PRIM.PP.KD,Energy intensity of primary energy,EGY
2003-01-01,,1382,,energy_intensity_egy,3.47,MJ per 2017 PPP USD of GDP,World Bank WDI API,2003,EG.EGY.PRIM.PP.KD,Energy intensity of primary energy,EGY
2004-01-01,,1383,,energy_intensity_egy,3.64,MJ per 2017 PPP USD of GDP,World Bank WDI API,2004,EG.EGY.PRIM.PP.KD,Energy intensity of primary energy,EGY
2005-01-01,,1384,,energy_intensity_egy,4.0,MJ per 2017 PPP USD of GDP,World Bank WDI API,2005,EG.EGY.PRIM.PP.KD,Energy intensity of primary energy,EGY
2006-01-01,,1385,,energy_intensity_egy,3.95,MJ per 2017 PPP USD of GDP,World Bank WDI API,2006,EG.EGY.PRIM.PP.KD,Energy intensity of primary energy,EGY
2007-01-01,,1386,,energy_intensity_egy,3.94,MJ per 2017 PPP USD of GDP,World Bank WDI API,2007,EG.EGY.PRIM.PP.KD,Energy intensity of primary energy,EGY
2008-01-01,,1387,,energy_intensity_egy,3.81,MJ per 2017 PPP USD of GDP,World Bank WDI API,2008,EG.EGY.PRIM.PP.KD,Energy intensity of primary energy,EGY
2009-01-01,,1388,,energy_intensity_egy,3.72,MJ per 2017 PPP USD of GDP,World Bank WDI API,2009,EG.EGY.PRIM.PP.KD,Energy intensity of primary energy,EGY
2010-01-01,,1389,,energy_intensity_egy,3.51,MJ per 2017 PPP USD of GDP,World Bank WDI API,2010,EG.EGY.PRIM.PP.KD,Energy intensity of primary energy,EGY
2011-01-01,,1390,,energy_intensity_egy,3.61,MJ per 2017 PPP USD of GDP,World Bank WDI API,2011,EG.EGY.PRIM.PP.KD,Energy intensity of primary energy,EGY
2012-01-01,,1391,,energy_intensity_egy,3.64,MJ per 2017 PPP USD of GDP,World Bank WDI API,2012,EG.EGY.PRIM.PP.KD,Energy intensity of primary energy,EGY
2013-01-01,,1392,,energy_intensity_egy,3.43,MJ per 2017 PPP USD of GDP,World Bank WDI API,2013,EG.EGY.PRIM.PP.KD,Energy intensity of primary energy,EGY
2014-01-01,,1393,,energy_intensity_egy,3.45,MJ per 2017 PPP USD of GDP,World Bank WDI API,2014,EG.EGY.PRIM.PP.KD,Energy intensity of primary energy,EGY
2015-01-01,,1394,,energy_intensity_egy,3.28,MJ per 2017 PPP USD of GDP,World Bank WDI API,2015,EG.EGY.PRIM.PP.KD,Energy intensity of primary energy,EGY
2016-01-01,,1395,,energy_intensity_egy,3.46,MJ per 2017 PPP USD of GDP,World Bank WDI API,2016,EG.EGY.PRIM.PP.KD,Energy intensity of primary energy,EGY
2017-01-01,,1396,,energy_intensity_egy,3.48,MJ per 2017 PPP USD of GDP,World Bank WDI API,2017,EG.EGY.PRIM.PP.KD,Energy intensity of primary energy,EGY
2018-01-01,,1397,,energy_intensity_egy,3.27,MJ per 2017 PPP USD of GDP,World Bank WDI API,2018,EG.EGY.PRIM.PP.KD,Energy intensity of primary energy,EGY
2019-01-01,,1398,,energy_intensity_egy,3.1,MJ per 2017 PPP USD of GDP,World Bank WDI API,2019,EG.EGY.PRIM.PP.KD,Energy intensity of primary energy,EGY
2020-01-01,,1399,,energy_intensity_egy,2.96,MJ per 2017 PPP USD of GDP,World Bank WDI API,2020,EG.EGY.PRIM.PP.KD,Energy intensity of primary energy,EGY
2021-01-01,,1400,,energy_intensity_egy,3.06,MJ per 2017 PPP USD of GDP,World Bank WDI API,2021,EG.EGY.PRIM.PP.KD,Energy intensity of primary energy,EGY
2000-01-01,,1379,,energy_intensity_irn,7.13,MJ per 2017 PPP USD of GDP,World Bank WDI API,2000,EG.EGY.PRIM.PP.KD,Energy intensity of primary energy,IRN
2001-01-01,,1380,,energy_intensity_irn,7.55,MJ per 2017 PPP USD of GDP,World Bank WDI API,2001,EG.EGY.PRIM.PP.KD,Energy intensity of primary energy,IRN
2002-01-01,,1381,,energy_intensity_irn,7.23,MJ per 2017 PPP USD of GDP,World Bank WDI API,2002,EG.EGY.PRIM.PP.KD,Energy intensity of primary energy,IRN
2003-01-01,,1382,,energy_intensity_irn,6.87,MJ per 2017 PPP USD of GDP,World Bank WDI API,2003,EG.EGY.PRIM.PP.KD,Energy intensity of primary energy,IRN
2004-01-01,,1383,,energy_intensity_irn,7.19,MJ per 2017 PPP USD of GDP,World Bank WDI API,2004,EG.EGY.PRIM.PP.KD,Energy intensity of primary energy,IRN
2005-01-01,,1384,,energy_intensity_irn,7.73,MJ per 2017 PPP USD of GDP,World Bank WDI API,2005,EG.EGY.PRIM.PP.KD,Energy intensity of primary energy,IRN
2006-01-01,,1385,,energy_intensity_irn,7.69,MJ per 2017 PPP USD of GDP,World Bank WDI API,2006,EG.EGY.PRIM.PP.KD,Energy intensity of primary energy,IRN
2007-01-01,,1386,,energy_intensity_irn,7.53,MJ per 2017 PPP USD of GDP,World Bank WDI API,2007,EG.EGY.PRIM.PP.KD,Energy intensity of primary energy,IRN
2008-01-01,,1387,,energy_intensity_irn,8.05,MJ per 2017 PPP USD of GDP,World Bank WDI API,2008,EG.EGY.PRIM.PP.KD,Energy intensity of primary energy,IRN
2009-01-01,,1388,,energy_intensity_irn,7.95,MJ per 2017 PPP USD of GDP,World Bank WDI API,2009,EG.EGY.PRIM.PP.KD,Energy intensity of primary energy,IRN
2010-01-01,,1389,,energy_intensity_irn,7.52,MJ per 2017 PPP USD of GDP,World Bank WDI API,2010,EG.EGY.PRIM.PP.KD,Energy intensity of primary energy,IRN
2011-01-01,,1390,,energy_intensity_irn,7.47,MJ per 2017 PPP USD of GDP,World Bank WDI API,2011,EG.EGY.PRIM.PP.KD,Energy intensity of primary energy,IRN
2012-01-01,,1391,,energy_intensity_irn,8.1,MJ per 2017 PPP USD of GDP,World Bank WDI API,2012,EG.EGY.PRIM.PP.KD,Energy intensity of primary energy,IRN
2013-01-01,,1392,,energy_intensity_irn,8.39,MJ per 2017 PPP USD of GDP,World Bank WDI API,2013,EG.EGY.PRIM.PP.KD,Energy intensity of primary energy,IRN
2014-01-01,,1393,,energy_intensity_irn,8.57,MJ per 2017 PPP USD of GDP,World Bank WDI API,2014,EG.EGY.PRIM.PP.KD,Energy intensity of primary energy,IRN
2015-01-01,,1394,,energy_intensity_irn,8.68,MJ per 2017 PPP USD of GDP,World Bank WDI API,2015,EG.EGY.PRIM.PP.KD,Energy intensity of primary energy,IRN
2016-01-01,,1395,,energy_intensity_irn,8.24,MJ per 2017 PPP USD of GDP,World Bank WDI API,2016,EG.EGY.PRIM.PP.KD,Energy intensity of primary energy,IRN
2017-01-01,,1396,,energy_intensity_irn,8.73,MJ per 2017 PPP USD of GDP,World Bank WDI API,2017,EG.EGY.PRIM.PP.KD,Energy intensity of primary energy,IRN
2018-01-01,,1397,,energy_intensity_irn,8.65,MJ per 2017 PPP USD of GDP,World Bank WDI API,2018,EG.EGY.PRIM.PP.KD,Energy intensity of primary energy,IRN
2019-01-01,,1398,,energy_intensity_irn,9.53,MJ per 2017 PPP USD of GDP,World Bank WDI API,2019,EG.EGY.PRIM.PP.KD,Energy intensity of primary energy,IRN
2020-01-01,,1399,,energy_intensity_irn,9.54,MJ per 2017 PPP USD of GDP,World Bank WDI API,2020,EG.EGY.PRIM.PP.KD,Energy intensity of primary energy,IRN
2021-01-01,,1400,,energy_intensity_irn,9.32,MJ per 2017 PPP USD of GDP,World Bank WDI API,2021,EG.EGY.PRIM.PP.KD,Energy intensity of primary energy,IRN
2000-01-01,,1379,,energy_intensity_tur,3.25,MJ per 2017 PPP USD of GDP,World Bank WDI API,2000,EG.EGY.PRIM.PP.KD,Energy intensity of primary energy,TUR
2001-01-01,,1380,,energy_intensity_tur,3.17,MJ per 2017 PPP USD of GDP,World Bank WDI API,2001,EG.EGY.PRIM.PP.KD,Energy intensity of primary energy,TUR
2002-01-01,,1381,,energy_intensity_tur,3.15,MJ per 2017 PPP USD of GDP,World Bank WDI API,2002,EG.EGY.PRIM.PP.KD,Energy intensity of primary energy,TUR
2003-01-01,,1382,,energy_intensity_tur,3.16,MJ per 2017 PPP USD of GDP,World Bank WDI API,2003,EG.EGY.PRIM.PP.KD,Energy intensity of primary energy,TUR
2004-01-01,,1383,,energy_intensity_tur,2.95,MJ per 2017 PPP USD of GDP,World Bank WDI API,2004,EG.EGY.PRIM.PP.KD,Energy intensity of primary energy,TUR
2005-01-01,,1384,,energy_intensity_tur,2.82,MJ per 2017 PPP USD of GDP,World Bank WDI API,2005,EG.EGY.PRIM.PP.KD,Energy intensity of primary energy,TUR
2006-01-01,,1385,,energy_intensity_tur,2.92,MJ per 2017 PPP USD of GDP,World Bank WDI API,2006,EG.EGY.PRIM.PP.KD,Energy intensity of primary energy,TUR
2007-01-01,,1386,,energy_intensity_tur,2.99,MJ per 2017 PPP USD of GDP,World Bank WDI API,2007,EG.EGY.PRIM.PP.KD,Energy intensity of primary energy,TUR
2008-01-01,,1387,,energy_intensity_tur,2.91,MJ per 2017 PPP USD of GDP,World Bank WDI API,2008,EG.EGY.PRIM.PP.KD,Energy intensity of primary energy,TUR
2009-01-01,,1388,,energy_intensity_tur,3.06,MJ per 2017 PPP USD of GDP,World Bank WDI API,2009,EG.EGY.PRIM.PP.KD,Energy intensity of primary energy,TUR
2010-01-01,,1389,,energy_intensity_tur,3.03,MJ per 2017 PPP USD of GDP,World Bank WDI API,2010,EG.EGY.PRIM.PP.KD,Energy intensity of primary energy,TUR
2011-01-01,,1390,,energy_intensity_tur,2.9,MJ per 2017 PPP USD of GDP,World Bank WDI API,2011,EG.EGY.PRIM.PP.KD,Energy intensity of primary energy,TUR
2012-01-01,,1391,,energy_intensity_tur,2.9,MJ per 2017 PPP USD of GDP,World Bank WDI API,2012,EG.EGY.PRIM.PP.KD,Energy intensity of primary energy,TUR
2013-01-01,,1392,,energy_intensity_tur,2.61,MJ per 2017 PPP USD of GDP,World Bank WDI API,2013,EG.EGY.PRIM.PP.KD,Energy intensity of primary energy,TUR
2014-01-01,,1393,,energy_intensity_tur,2.57,MJ per 2017 PPP USD of GDP,World Bank WDI API,2014,EG.EGY.PRIM.PP.KD,Energy intensity of primary energy,TUR
2015-01-01,,1394,,energy_intensity_tur,2.62,MJ per 2017 PPP USD of GDP,World Bank WDI API,2015,EG.EGY.PRIM.PP.KD,Energy intensity of primary energy,TUR
2016-01-01,,1395,,energy_intensity_tur,2.7,MJ per 2017 PPP USD of GDP,World Bank WDI API,2016,EG.EGY.PRIM.PP.KD,Energy intensity of primary energy,TUR
2017-01-01,,1396,,energy_intensity_tur,2.69,MJ per 2017 PPP USD of GDP,World Bank WDI API,2017,EG.EGY.PRIM.PP.KD,Energy intensity of primary energy,TUR
2018-01-01,,1397,,energy_intensity_tur,2.57,MJ per 2017 PPP USD of GDP,World Bank WDI API,2018,EG.EGY.PRIM.PP.KD,Energy intensity of primary energy,TUR
2019-01-01,,1398,,energy_intensity_tur,2.59,MJ per 2017 PPP USD of GDP,World Bank WDI API,2019,EG.EGY.PRIM.PP.KD,Energy intensity of primary energy,TUR
2020-01-01,,1399,,energy_intensity_tur,2.55,MJ per 2017 PPP USD of GDP,World Bank WDI API,2020,EG.EGY.PRIM.PP.KD,Energy intensity of primary energy,TUR
2021-01-01,,1400,,energy_intensity_tur,2.48,MJ per 2017 PPP USD of GDP,World Bank WDI API,2021,EG.EGY.PRIM.PP.KD,Energy intensity of primary energy,TUR
2022-01-01,,1401,,energy_intensity_tur,2.27,MJ per 2017 PPP USD of GDP,World Bank WDI API,2022,EG.EGY.PRIM.PP.KD,Energy intensity of primary energy,TUR
1990-01-01,,1369,,energy_use_per_capita_egy,575.627816051793,kg of oil equivalent,World Bank WDI API,1990,EG.USE.PCAP.KG.OE,Energy use per capita,EGY
1991-01-01,,1370,,energy_use_per_capita_egy,560.09244203582,kg of oil equivalent,World Bank WDI API,1991,EG.USE.PCAP.KG.OE,Energy use per capita,EGY
1992-01-01,,1371,,energy_use_per_capita_egy,560.197168973292,kg of oil equivalent,World Bank WDI API,1992,EG.USE.PCAP.KG.OE,Energy use per capita,EGY
1993-01-01,,1372,,energy_use_per_capita_egy,567.643027729985,kg of oil equivalent,World Bank WDI API,1993,EG.USE.PCAP.KG.OE,Energy use per capita,EGY
1994-01-01,,1373,,energy_use_per_capita_egy,535.527088500906,kg of oil equivalent,World Bank WDI API,1994,EG.USE.PCAP.KG.OE,Energy use per capita,EGY
1995-01-01,,1374,,energy_use_per_capita_egy,557.752927274638,kg of oil equivalent,World Bank WDI API,1995,EG.USE.PCAP.KG.OE,Energy use per capita,EGY
1996-01-01,,1375,,energy_use_per_capita_egy,578.994921620111,kg of oil equivalent,World Bank WDI API,1996,EG.USE.PCAP.KG.OE,Energy use per capita,EGY
1997-01-01,,1376,,energy_use_per_capita_egy,589.73786141318,kg of oil equivalent,World Bank WDI API,1997,EG.USE.PCAP.KG.OE,Energy use per capita,EGY
1998-01-01,,1377,,energy_use_per_capita_egy,615.903471310701,kg of oil equivalent,World Bank WDI API,1998,EG.USE.PCAP.KG.OE,Energy use per capita,EGY
1999-01-01,,1378,,energy_use_per_capita_egy,615.24506398418,kg of oil equivalent,World Bank WDI API,1999,EG.USE.PCAP.KG.OE,Energy use per capita,EGY
2000-01-01,,1379,,energy_use_per_capita_egy,569.881356092312,kg of oil equivalent,World Bank WDI API,2000,EG.USE.PCAP.KG.OE,Energy use per capita,EGY
2001-01-01,,1380,,energy_use_per_capita_egy,634.095104088458,kg of oil equivalent,World Bank WDI API,2001,EG.USE.PCAP.KG.OE,Energy use per capita,EGY
2002-01-01,,1381,,energy_use_per_capita_egy,636.526193894253,kg of oil equivalent,World Bank WDI API,2002,EG.USE.PCAP.KG.OE,Energy use per capita,EGY
2003-01-01,,1382,,energy_use_per_capita_egy,647.53985335306,kg of oil equivalent,World Bank WDI API,2003,EG.USE.PCAP.KG.OE,Energy use per capita,EGY
2004-01-01,,1383,,energy_use_per_capita_egy,692.141360028845,kg of oil equivalent,World Bank WDI API,2004,EG.USE.PCAP.KG.OE,Energy use per capita,EGY
2005-01-01,,1384,,energy_use_per_capita_egy,778.769640304157,kg of oil equivalent,World Bank WDI API,2005,EG.USE.PCAP.KG.OE,Energy use per capita,EGY
2006-01-01,,1385,,energy_use_per_capita_egy,806.402489163819,kg of oil equivalent,World Bank WDI API,2006,EG.USE.PCAP.KG.OE,Energy use per capita,EGY
2007-01-01,,1386,,energy_use_per_capita_egy,844.384421346476,kg of oil equivalent,World Bank WDI API,2007,EG.USE.PCAP.KG.OE,Energy use per capita,EGY
2008-01-01,,1387,,energy_use_per_capita_egy,859.150259001023,kg of oil equivalent,World Bank WDI API,2008,EG.USE.PCAP.KG.OE,Energy use per capita,EGY
2009-01-01,,1388,,energy_use_per_capita_egy,862.435116243687,kg of oil equivalent,World Bank WDI API,2009,EG.USE.PCAP.KG.OE,Energy use per capita,EGY
2010-01-01,,1389,,energy_use_per_capita_egy,838.166707475228,kg of oil equivalent,World Bank WDI API,2010,EG.USE.PCAP.KG.OE,Energy use per capita,EGY
2011-01-01,,1390,,energy_use_per_capita_egy,860.053119855617,kg of oil equivalent,World Bank WDI API,2011,EG.USE.PCAP.KG.OE,Energy use per capita,EGY
2012-01-01,,1391,,energy_use_per_capita_egy,866.240866672303,kg of oil equivalent,World Bank WDI API,2012,EG.USE.PCAP.KG.OE,Energy use per capita,EGY
2013-01-01,,1392,,energy_use_per_capita_egy,825.189960336054,kg of oil equivalent,World Bank WDI API,2013,EG.USE.PCAP.KG.OE,Energy use per capita,EGY
2014-01-01,,1393,,energy_use_per_capita_egy,832.772090858109,kg of oil equivalent,World Bank WDI API,2014,EG.USE.PCAP.KG.OE,Energy use per capita,EGY
2015-01-01,,1394,,energy_use_per_capita_egy,810.817127279737,kg of oil equivalent,World Bank WDI API,2015,EG.USE.PCAP.KG.OE,Energy use per capita,EGY
2016-01-01,,1395,,energy_use_per_capita_egy,872.581407763809,kg of oil equivalent,World Bank WDI API,2016,EG.USE.PCAP.KG.OE,Energy use per capita,EGY
2017-01-01,,1396,,energy_use_per_capita_egy,897.218073562482,kg of oil equivalent,World Bank WDI API,2017,EG.USE.PCAP.KG.OE,Energy use per capita,EGY
2018-01-01,,1397,,energy_use_per_capita_egy,870.813573488394,kg of oil equivalent,World Bank WDI API,2018,EG.USE.PCAP.KG.OE,Energy use per capita,EGY
2019-01-01,,1398,,energy_use_per_capita_egy,844.783013447093,kg of oil equivalent,World Bank WDI API,2019,EG.USE.PCAP.KG.OE,Energy use per capita,EGY
2020-01-01,,1399,,energy_use_per_capita_egy,805.259456646637,kg of oil equivalent,World Bank WDI API,2020,EG.USE.PCAP.KG.OE,Energy use per capita,EGY
2021-01-01,,1400,,energy_use_per_capita_egy,857.821938469275,kg of oil equivalent,World Bank WDI API,2021,EG.USE.PCAP.KG.OE,Energy use per capita,EGY
2022-01-01,,1401,,energy_use_per_capita_egy,902.48842991302,kg of oil equivalent,World Bank WDI API,2022,EG.USE.PCAP.KG.OE,Energy use per capita,EGY
2023-01-01,,1402,,energy_use_per_capita_egy,928.39494742708,kg of oil equivalent,World Bank WDI API,2023,EG.USE.PCAP.KG.OE,Energy use per capita,EGY
1990-01-01,,1369,,energy_use_per_capita_irn,1187.74506046275,kg of oil equivalent,World Bank WDI API,1990,EG.USE.PCAP.KG.OE,Energy use per capita,IRN
1991-01-01,,1370,,energy_use_per_capita_irn,1281.45328831159,kg of oil equivalent,World Bank WDI API,1991,EG.USE.PCAP.KG.OE,Energy use per capita,IRN
1992-01-01,,1371,,energy_use_per_capita_irn,1322.50943975278,kg of oil equivalent,World Bank WDI API,1992,EG.USE.PCAP.KG.OE,Energy use per capita,IRN
1993-01-01,,1372,,energy_use_per_capita_irn,1418.82846840925,kg of oil equivalent,World Bank WDI API,1993,EG.USE.PCAP.KG.OE,Energy use per capita,IRN
1994-01-01,,1373,,energy_use_per_capita_irn,1572.39282151467,kg of oil equivalent,World Bank WDI API,1994,EG.USE.PCAP.KG.OE,Energy use per capita,IRN
1995-01-01,,1374,,energy_use_per_capita_irn,1627.53420707184,kg of oil equivalent,World Bank WDI API,1995,EG.USE.PCAP.KG.OE,Energy use per capita,IRN
1996-01-01,,1375,,energy_use_per_capita_irn,1553.03446677673,kg of oil equivalent,World Bank WDI API,1996,EG.USE.PCAP.KG.OE,Energy use per capita,IRN
1997-01-01,,1376,,energy_use_per_capita_irn,1716.87603038661,kg of oil equivalent,World Bank WDI API,1997,EG.USE.PCAP.KG.OE,Energy use per capita,IRN
1998-01-01,,1377,,energy_use_per_capita_irn,1724.62254985873,kg of oil equivalent,World Bank WDI API,1998,EG.USE.PCAP.KG.OE,Energy use per capita,IRN
1999-01-01,,1378,,energy_use_per_capita_irn,1928.76954619246,kg of oil equivalent,World Bank WDI API,1999,EG.USE.PCAP.KG.OE,Energy use per capita,IRN
2000-01-01,,1379,,energy_use_per_capita_irn,1852.32868023683,kg of oil equivalent,World Bank WDI API,2000,EG.USE.PCAP.KG.OE,Energy use per capita,IRN
2001-01-01,,1380,,energy_use_per_capita_irn,1978.89752444269,kg of oil equivalent,World Bank WDI API,2001,EG.USE.PCAP.KG.OE,Energy use per capita,IRN
2002-01-01,,1381,,energy_use_per_capita_irn,2030.52201096447,kg of oil equivalent,World Bank WDI API,2002,EG.USE.PCAP.KG.OE,Energy use per capita,IRN
2003-01-01,,1382,,energy_use_per_capita_irn,2075.2052424627,kg of oil equivalent,World Bank WDI API,2003,EG.USE.PCAP.KG.OE,Energy use per capita,IRN
2004-01-01,,1383,,energy_use_per_capita_irn,2215.26566937508,kg of oil equivalent,World Bank WDI API,2004,EG.USE.PCAP.KG.OE,Energy use per capita,IRN
2005-01-01,,1384,,energy_use_per_capita_irn,2404.72248381983,kg of oil equivalent,World Bank WDI API,2005,EG.USE.PCAP.KG.OE,Energy use per capita,IRN
2006-01-01,,1385,,energy_use_per_capita_irn,2459.98518383154,kg of oil equivalent,World Bank WDI API,2006,EG.USE.PCAP.KG.OE,Energy use per capita,IRN
2007-01-01,,1386,,energy_use_per_capita_irn,2560.85802626139,kg of oil equivalent,World Bank WDI API,2007,EG.USE.PCAP.KG.OE,Energy use per capita,IRN
2008-01-01,,1387,,energy_use_per_capita_irn,2711.04099566854,kg of oil equivalent,World Bank WDI API,2008,EG.USE.PCAP.KG.OE,Energy use per capita,IRN
2009-01-01,,1388,,energy_use_per_capita_irn,2672.02281312134,kg of oil equivalent,World Bank WDI API,2009,EG.USE.PCAP.KG.OE,Energy use per capita,IRN
2010-01-01,,1389,,energy_use_per_capita_irn,2639.53621273079,kg of oil equivalent,World Bank WDI API,2010,EG.USE.PCAP.KG.OE,Energy use per capita,IRN
2011-01-01,,1390,,energy_use_per_capita_irn,2658.74959959687,kg of oil equivalent,World Bank WDI API,2011,EG.USE.PCAP.KG.OE,Energy use per capita,IRN
2012-01-01,,1391,,energy_use_per_capita_irn,2740.80449432044,kg of oil equivalent,World Bank WDI API,2012,EG.USE.PCAP.KG.OE,Energy use per capita,IRN
2013-01-01,,1392,,energy_use_per_capita_irn,2758.63469172941,kg of oil equivalent,World Bank WDI API,2013,EG.USE.PCAP.KG.OE,Energy use per capita,IRN
2014-01-01,,1393,,energy_use_per_capita_irn,2883.56133864636,kg of oil equivalent,World Bank WDI API,2014,EG.USE.PCAP.KG.OE,Energy use per capita,IRN
2015-01-01,,1394,,energy_use_per_capita_irn,2737.21795051014,kg of oil equivalent,World Bank WDI API,2015,EG.USE.PCAP.KG.OE,Energy use per capita,IRN
2016-01-01,,1395,,energy_use_per_capita_irn,2861.01308462065,kg of oil equivalent,World Bank WDI API,2016,EG.USE.PCAP.KG.OE,Energy use per capita,IRN
2017-01-01,,1396,,energy_use_per_capita_irn,3026.76271438293,kg of oil equivalent,World Bank WDI API,2017,EG.USE.PCAP.KG.OE,Energy use per capita,IRN
2018-01-01,,1397,,energy_use_per_capita_irn,2921.43583957478,kg of oil equivalent,World Bank WDI API,2018,EG.USE.PCAP.KG.OE,Energy use per capita,IRN
2019-01-01,,1398,,energy_use_per_capita_irn,3177.85679111808,kg of oil equivalent,World Bank WDI API,2019,EG.USE.PCAP.KG.OE,Energy use per capita,IRN
2020-01-01,,1399,,energy_use_per_capita_irn,3256.87632117151,kg of oil equivalent,World Bank WDI API,2020,EG.USE.PCAP.KG.OE,Energy use per capita,IRN
2021-01-01,,1400,,energy_use_per_capita_irn,3356.96967009824,kg of oil equivalent,World Bank WDI API,2021,EG.USE.PCAP.KG.OE,Energy use per capita,IRN
2022-01-01,,1401,,energy_use_per_capita_irn,3288.17306422824,kg of oil equivalent,World Bank WDI API,2022,EG.USE.PCAP.KG.OE,Energy use per capita,IRN
2023-01-01,,1402,,energy_use_per_capita_irn,3399.10476404644,kg of oil equivalent,World Bank WDI API,2023,EG.USE.PCAP.KG.OE,Energy use per capita,IRN
1990-01-01,,1369,,energy_use_per_capita_tur,918.261888219127,kg of oil equivalent,World Bank WDI API,1990,EG.USE.PCAP.KG.OE,Energy use per capita,TUR
1991-01-01,,1370,,energy_use_per_capita_tur,887.162812412747,kg of oil equivalent,World Bank WDI API,1991,EG.USE.PCAP.KG.OE,Energy use per capita,TUR
1992-01-01,,1371,,energy_use_per_capita_tur,911.309124510702,kg of oil equivalent,World Bank WDI API,1992,EG.USE.PCAP.KG.OE,Energy use per capita,TUR
1993-01-01,,1372,,energy_use_per_capita_tur,955.118552884009,kg of oil equivalent,World Bank WDI API,1993,EG.USE.PCAP.KG.OE,Energy use per capita,TUR
1994-01-01,,1373,,energy_use_per_capita_tur,927.181663056975,kg of oil equivalent,World Bank WDI API,1994,EG.USE.PCAP.KG.OE,Energy use per capita,TUR
1995-01-01,,1374,,energy_use_per_capita_tur,997.967536333338,kg of oil equivalent,World Bank WDI API,1995,EG.USE.PCAP.KG.OE,Energy use per capita,TUR
1996-01-01,,1375,,energy_use_per_capita_tur,1073.12750011037,kg of oil equivalent,World Bank WDI API,1996,EG.USE.PCAP.KG.OE,Energy use per capita,TUR
1997-01-01,,1376,,energy_use_per_capita_tur,1109.80579406891,kg of oil equivalent,World Bank WDI API,1997,EG.USE.PCAP.KG.OE,Energy use per capita,TUR
1998-01-01,,1377,,energy_use_per_capita_tur,1111.04759170567,kg of oil equivalent,World Bank WDI API,1998,EG.USE.PCAP.KG.OE,Energy use per capita,TUR
1999-01-01,,1378,,energy_use_per_capita_tur,1079.90999533335,kg of oil equivalent,World Bank WDI API,1999,EG.USE.PCAP.KG.OE,Energy use per capita,TUR
2000-01-01,,1379,,energy_use_per_capita_tur,1166.01412005443,kg of oil equivalent,World Bank WDI API,2000,EG.USE.PCAP.KG.OE,Energy use per capita,TUR
2001-01-01,,1380,,energy_use_per_capita_tur,1060.57071953568,kg of oil equivalent,World Bank WDI API,2001,EG.USE.PCAP.KG.OE,Energy use per capita,TUR
2002-01-01,,1381,,energy_use_per_capita_tur,1107.27991011855,kg of oil equivalent,World Bank WDI API,2002,EG.USE.PCAP.KG.OE,Energy use per capita,TUR
2003-01-01,,1382,,energy_use_per_capita_tur,1159.99665803769,kg of oil equivalent,World Bank WDI API,2003,EG.USE.PCAP.KG.OE,Energy use per capita,TUR
2004-01-01,,1383,,energy_use_per_capita_tur,1176.75430160118,kg of oil equivalent,World Bank WDI API,2004,EG.USE.PCAP.KG.OE,Energy use per capita,TUR
2005-01-01,,1384,,energy_use_per_capita_tur,1211.46561646669,kg of oil equivalent,World Bank WDI API,2005,EG.USE.PCAP.KG.OE,Energy use per capita,TUR
2006-01-01,,1385,,energy_use_per_capita_tur,1328.69230138979,kg of oil equivalent,World Bank WDI API,2006,EG.USE.PCAP.KG.OE,Energy use per capita,TUR
2007-01-01,,1386,,energy_use_per_capita_tur,1429.92300570179,kg of oil equivalent,World Bank WDI API,2007,EG.USE.PCAP.KG.OE,Energy use per capita,TUR
2008-01-01,,1387,,energy_use_per_capita_tur,1385.17801532797,kg of oil equivalent,World Bank WDI API,2008,EG.USE.PCAP.KG.OE,Energy use per capita,TUR
2009-01-01,,1388,,energy_use_per_capita_tur,1364.09730379872,kg of oil equivalent,World Bank WDI API,2009,EG.USE.PCAP.KG.OE,Energy use per capita,TUR
2010-01-01,,1389,,energy_use_per_capita_tur,1445.41016354332,kg of oil equivalent,World Bank WDI API,2010,EG.USE.PCAP.KG.OE,Energy use per capita,TUR
2011-01-01,,1390,,energy_use_per_capita_tur,1515.88033612695,kg of oil equivalent,World Bank WDI API,2011,EG.USE.PCAP.KG.OE,Energy use per capita,TUR
2012-01-01,,1391,,energy_use_per_capita_tur,1567.31606123672,kg of oil equivalent,World Bank WDI API,2012,EG.USE.PCAP.KG.OE,Energy use per capita,TUR
2013-01-01,,1392,,energy_use_per_capita_tur,1510.79118967025,kg of oil equivalent,World Bank WDI API,2013,EG.USE.PCAP.KG.OE,Energy use per capita,TUR
2014-01-01,,1393,,energy_use_per_capita_tur,1543.09095693879,kg of oil equivalent,World Bank WDI API,2014,EG.USE.PCAP.KG.OE,Energy use per capita,TUR
2015-01-01,,1394,,energy_use_per_capita_tur,1646.83631130339,kg of oil equivalent,World Bank WDI API,2015,EG.USE.PCAP.KG.OE,Energy use per capita,TUR
2016-01-01,,1395,,energy_use_per_capita_tur,1724.54363987712,kg of oil equivalent,World Bank WDI API,2016,EG.USE.PCAP.KG.OE,Energy use per capita,TUR
2017-01-01,,1396,,energy_use_per_capita_tur,1828.02986770908,kg of oil equivalent,World Bank WDI API,2017,EG.USE.PCAP.KG.OE,Energy use per capita,TUR
2018-01-01,,1397,,energy_use_per_capita_tur,1771.33742856964,kg of oil equivalent,World Bank WDI API,2018,EG.USE.PCAP.KG.OE,Energy use per capita,TUR
2019-01-01,,1398,,energy_use_per_capita_tur,1774.19625722275,kg of oil equivalent,World Bank WDI API,2019,EG.USE.PCAP.KG.OE,Energy use per capita,TUR
2020-01-01,,1399,,energy_use_per_capita_tur,1762.01062220058,kg of oil equivalent,World Bank WDI API,2020,EG.USE.PCAP.KG.OE,Energy use per capita,TUR
2021-01-01,,1400,,energy_use_per_capita_tur,1894.62719281739,kg of oil equivalent,World Bank WDI API,2021,EG.USE.PCAP.KG.OE,Energy use per capita,TUR
2022-01-01,,1401,,energy_use_per_capita_tur,1841.55630679263,kg of oil equivalent,World Bank WDI API,2022,EG.USE.PCAP.KG.OE,Energy use per capita,TUR
2023-01-01,,1402,,energy_use_per_capita_tur,1849.53592344542,kg of oil equivalent,World Bank WDI API,2023,EG.USE.PCAP.KG.OE,Energy use per capita,TUR
2024-01-01,,1403,,energy_use_per_capita_tur,1924.93815098993,kg of oil equivalent,World Bank WDI API,2024,EG.USE.PCAP.KG.OE,Energy use per capita,TUR
1960-01-01,,1339,,fixed_investment_pct_gdp_egy,11.5237575095576,percent of GDP,World Bank WDI API,1960,NE.GDI.FTOT.ZS,Gross fixed capital formation,EGY
1961-01-01,,1340,,fixed_investment_pct_gdp_egy,14.183490927677,percent of GDP,World Bank WDI API,1961,NE.GDI.FTOT.ZS,Gross fixed capital formation,EGY
1962-01-01,,1341,,fixed_investment_pct_gdp_egy,15.1320222998223,percent of GDP,World Bank WDI API,1962,NE.GDI.FTOT.ZS,Gross fixed capital formation,EGY
1963-01-01,,1342,,fixed_investment_pct_gdp_egy,16.2043394671793,percent of GDP,World Bank WDI API,1963,NE.GDI.FTOT.ZS,Gross fixed capital formation,EGY
1964-01-01,,1343,,fixed_investment_pct_gdp_egy,17.8754578754579,percent of GDP,World Bank WDI API,1964,NE.GDI.FTOT.ZS,Gross fixed capital formation,EGY
1965-01-01,,1344,,fixed_investment_pct_gdp_egy,15.8199073052306,percent of GDP,World Bank WDI API,1965,NE.GDI.FTOT.ZS,Gross fixed capital formation,EGY
1966-01-01,,1345,,fixed_investment_pct_gdp_egy,15.4336891178996,percent of GDP,World Bank WDI API,1966,NE.GDI.FTOT.ZS,Gross fixed capital formation,EGY
1967-01-01,,1346,,fixed_investment_pct_gdp_egy,14.1549629162064,percent of GDP,World Bank WDI API,1967,NE.GDI.FTOT.ZS,Gross fixed capital formation,EGY
1968-01-01,,1347,,fixed_investment_pct_gdp_egy,11.5084679007483,percent of GDP,World Bank WDI API,1968,NE.GDI.FTOT.ZS,Gross fixed capital formation,EGY
1969-01-01,,1348,,fixed_investment_pct_gdp_egy,12.365471684109,percent of GDP,World Bank WDI API,1969,NE.GDI.FTOT.ZS,Gross fixed capital formation,EGY
1970-01-01,,1349,,fixed_investment_pct_gdp_egy,10.9570214892554,percent of GDP,World Bank WDI API,1970,NE.GDI.FTOT.ZS,Gross fixed capital formation,EGY
1971-01-01,,1350,,fixed_investment_pct_gdp_egy,10.5311490950025,percent of GDP,World Bank WDI API,1971,NE.GDI.FTOT.ZS,Gross fixed capital formation,EGY
1972-01-01,,1351,,fixed_investment_pct_gdp_egy,10.1470629117901,percent of GDP,World Bank WDI API,1972,NE.GDI.FTOT.ZS,Gross fixed capital formation,EGY
1973-01-01,,1352,,fixed_investment_pct_gdp_egy,11.5961971478609,percent of GDP,World Bank WDI API,1973,NE.GDI.FTOT.ZS,Gross fixed capital formation,EGY
1974-01-01,,1353,,fixed_investment_pct_gdp_egy,15.311015556406,percent of GDP,World Bank WDI API,1974,NE.GDI.FTOT.ZS,Gross fixed capital formation,EGY
1975-01-01,,1354,,fixed_investment_pct_gdp_egy,23.8438925112125,percent of GDP,World Bank WDI API,1975,NE.GDI.FTOT.ZS,Gross fixed capital formation,EGY
1976-01-01,,1355,,fixed_investment_pct_gdp_egy,21.6284342093488,percent of GDP,World Bank WDI API,1976,NE.GDI.FTOT.ZS,Gross fixed capital formation,EGY
1977-01-01,,1356,,fixed_investment_pct_gdp_egy,22.391259333244,percent of GDP,World Bank WDI API,1977,NE.GDI.FTOT.ZS,Gross fixed capital formation,EGY
1978-01-01,,1357,,fixed_investment_pct_gdp_egy,26.999529161293,percent of GDP,World Bank WDI API,1978,NE.GDI.FTOT.ZS,Gross fixed capital formation,EGY
1979-01-01,,1358,,fixed_investment_pct_gdp_egy,29.3870497209538,percent of GDP,World Bank WDI API,1979,NE.GDI.FTOT.ZS,Gross fixed capital formation,EGY
1980-01-01,,1359,,fixed_investment_pct_gdp_egy,24.6226586728858,percent of GDP,World Bank WDI API,1980,NE.GDI.FTOT.ZS,Gross fixed capital formation,EGY
1981-01-01,,1360,,fixed_investment_pct_gdp_egy,32.0987503586538,percent of GDP,World Bank WDI API,1981,NE.GDI.FTOT.ZS,Gross fixed capital formation,EGY
1982-01-01,,1361,,fixed_investment_pct_gdp_egy,27.3868903633773,percent of GDP,World Bank WDI API,1982,NE.GDI.FTOT.ZS,Gross fixed capital formation,EGY
1983-01-01,,1362,,fixed_investment_pct_gdp_egy,31.4883458646617,percent of GDP,World Bank WDI API,1983,NE.GDI.FTOT.ZS,Gross fixed capital formation,EGY
1984-01-01,,1363,,fixed_investment_pct_gdp_egy,29.2886075949367,percent of GDP,World Bank WDI API,1984,NE.GDI.FTOT.ZS,Gross fixed capital formation,EGY
1985-01-01,,1364,,fixed_investment_pct_gdp_egy,28.788471849866,percent of GDP,World Bank WDI API,1985,NE.GDI.FTOT.ZS,Gross fixed capital formation,EGY
1986-01-01,,1365,,fixed_investment_pct_gdp_egy,29.7528344671202,percent of GDP,World Bank WDI API,1986,NE.GDI.FTOT.ZS,Gross fixed capital formation,EGY
1987-01-01,,1366,,fixed_investment_pct_gdp_egy,28.5887378640777,percent of GDP,World Bank WDI API,1987,NE.GDI.FTOT.ZS,Gross fixed capital formation,EGY
1988-01-01,,1367,,fixed_investment_pct_gdp_egy,34.1271103896104,percent of GDP,World Bank WDI API,1988,NE.GDI.FTOT.ZS,Gross fixed capital formation,EGY
1989-01-01,,1368,,fixed_investment_pct_gdp_egy,31.165974025974,percent of GDP,World Bank WDI API,1989,NE.GDI.FTOT.ZS,Gross fixed capital formation,EGY
1990-01-01,,1369,,fixed_investment_pct_gdp_egy,27.2987473903967,percent of GDP,World Bank WDI API,1990,NE.GDI.FTOT.ZS,Gross fixed capital formation,EGY
1991-01-01,,1370,,fixed_investment_pct_gdp_egy,27.0660444444444,percent of GDP,World Bank WDI API,1991,NE.GDI.FTOT.ZS,Gross fixed capital formation,EGY
1992-01-01,,1371,,fixed_investment_pct_gdp_egy,23.2949676491733,percent of GDP,World Bank WDI API,1992,NE.GDI.FTOT.ZS,Gross fixed capital formation,EGY
1993-01-01,,1372,,fixed_investment_pct_gdp_egy,21.0903350515464,percent of GDP,World Bank WDI API,1993,NE.GDI.FTOT.ZS,Gross fixed capital formation,EGY
1994-01-01,,1373,,fixed_investment_pct_gdp_egy,22.8656,percent of GDP,World Bank WDI API,1994,NE.GDI.FTOT.ZS,Gross fixed capital formation,EGY
1995-01-01,,1374,,fixed_investment_pct_gdp_egy,22.5594117647059,percent of GDP,World Bank WDI API,1995,NE.GDI.FTOT.ZS,Gross fixed capital formation,EGY
1996-01-01,,1375,,fixed_investment_pct_gdp_egy,23.9268962510898,percent of GDP,World Bank WDI API,1996,NE.GDI.FTOT.ZS,Gross fixed capital formation,EGY
1997-01-01,,1376,,fixed_investment_pct_gdp_egy,25.7543437382475,percent of GDP,World Bank WDI API,1997,NE.GDI.FTOT.ZS,Gross fixed capital formation,EGY
1998-01-01,,1377,,fixed_investment_pct_gdp_egy,21.346068197634,percent of GDP,World Bank WDI API,1998,NE.GDI.FTOT.ZS,Gross fixed capital formation,EGY
1999-01-01,,1378,,fixed_investment_pct_gdp_egy,20.8140117035111,percent of GDP,World Bank WDI API,1999,NE.GDI.FTOT.ZS,Gross fixed capital formation,EGY
2000-01-01,,1379,,fixed_investment_pct_gdp_egy,18.9499558953249,percent of GDP,World Bank WDI API,2000,NE.GDI.FTOT.ZS,Gross fixed capital formation,EGY
2001-01-01,,1380,,fixed_investment_pct_gdp_egy,17.7256202955116,percent of GDP,World Bank WDI API,2001,NE.GDI.FTOT.ZS,Gross fixed capital formation,EGY
2002-01-01,,1381,,fixed_investment_pct_gdp_egy,17.8147268408551,percent of GDP,World Bank WDI API,2002,NE.GDI.FTOT.ZS,Gross fixed capital formation,EGY
2003-01-01,,1382,,fixed_investment_pct_gdp_egy,16.311377245509,percent of GDP,World Bank WDI API,2003,NE.GDI.FTOT.ZS,Gross fixed capital formation,EGY
2004-01-01,,1383,,fixed_investment_pct_gdp_egy,16.4022254275706,percent of GDP,World Bank WDI API,2004,NE.GDI.FTOT.ZS,Gross fixed capital formation,EGY
2005-01-01,,1384,,fixed_investment_pct_gdp_egy,17.9201485608171,percent of GDP,World Bank WDI API,2005,NE.GDI.FTOT.ZS,Gross fixed capital formation,EGY
2006-01-01,,1385,,fixed_investment_pct_gdp_egy,18.7307754573418,percent of GDP,World Bank WDI API,2006,NE.GDI.FTOT.ZS,Gross fixed capital formation,EGY
2007-01-01,,1386,,fixed_investment_pct_gdp_egy,20.8512352309345,percent of GDP,World Bank WDI API,2007,NE.GDI.FTOT.ZS,Gross fixed capital formation,EGY
2008-01-01,,1387,,fixed_investment_pct_gdp_egy,22.2780569514238,percent of GDP,World Bank WDI API,2008,NE.GDI.FTOT.ZS,Gross fixed capital formation,EGY
2009-01-01,,1388,,fixed_investment_pct_gdp_egy,18.9119170984456,percent of GDP,World Bank WDI API,2009,NE.GDI.FTOT.ZS,Gross fixed capital formation,EGY
2010-01-01,,1389,,fixed_investment_pct_gdp_egy,19.2110061329355,percent of GDP,World Bank WDI API,2010,NE.GDI.FTOT.ZS,Gross fixed capital formation,EGY
2011-01-01,,1390,,fixed_investment_pct_gdp_egy,16.7092115819415,percent of GDP,World Bank WDI API,2011,NE.GDI.FTOT.ZS,Gross fixed capital formation,EGY
2012-01-01,,1391,,fixed_investment_pct_gdp_egy,14.6951692840509,percent of GDP,World Bank WDI API,2012,NE.GDI.FTOT.ZS,Gross fixed capital formation,EGY
2013-01-01,,1392,,fixed_investment_pct_gdp_egy,12.9864545259084,percent of GDP,World Bank WDI API,2013,NE.GDI.FTOT.ZS,Gross fixed capital formation,EGY
2014-01-01,,1393,,fixed_investment_pct_gdp_egy,12.4460093896714,percent of GDP,World Bank WDI API,2014,NE.GDI.FTOT.ZS,Gross fixed capital formation,EGY
2015-01-01,,1394,,fixed_investment_pct_gdp_egy,13.6544048447154,percent of GDP,World Bank WDI API,2015,NE.GDI.FTOT.ZS,Gross fixed capital formation,EGY
2016-01-01,,1395,,fixed_investment_pct_gdp_egy,14.4681479294309,percent of GDP,World Bank WDI API,2016,NE.GDI.FTOT.ZS,Gross fixed capital formation,EGY
2017-01-01,,1396,,fixed_investment_pct_gdp_egy,16.3133564922454,percent of GDP,World Bank WDI API,2017,NE.GDI.FTOT.ZS,Gross fixed capital formation,EGY
2018-01-01,,1397,,fixed_investment_pct_gdp_egy,18.4089837555184,percent of GDP,World Bank WDI API,2018,NE.GDI.FTOT.ZS,Gross fixed capital formation,EGY
2019-01-01,,1398,,fixed_investment_pct_gdp_egy,18.7723373838456,percent of GDP,World Bank WDI API,2019,NE.GDI.FTOT.ZS,Gross fixed capital formation,EGY
2020-01-01,,1399,,fixed_investment_pct_gdp_egy,16.958684133537,percent of GDP,World Bank WDI API,2020,NE.GDI.FTOT.ZS,Gross fixed capital formation,EGY
2021-01-01,,1400,,fixed_investment_pct_gdp_egy,16.285212588735,percent of GDP,World Bank WDI API,2021,NE.GDI.FTOT.ZS,Gross fixed capital formation,EGY
2022-01-01,,1401,,fixed_investment_pct_gdp_egy,18.0439910742748,percent of GDP,World Bank WDI API,2022,NE.GDI.FTOT.ZS,Gross fixed capital formation,EGY
2023-01-01,,1402,,fixed_investment_pct_gdp_egy,15.1318510349174,percent of GDP,World Bank WDI API,2023,NE.GDI.FTOT.ZS,Gross fixed capital formation,EGY
2024-01-01,,1403,,fixed_investment_pct_gdp_egy,11.6981379076204,percent of GDP,World Bank WDI API,2024,NE.GDI.FTOT.ZS,Gross fixed capital formation,EGY
2025-01-01,,1404,,fixed_investment_pct_gdp_egy,11.705318644479,percent of GDP,World Bank WDI API,2025,NE.GDI.FTOT.ZS,Gross fixed capital formation,EGY
1960-01-01,,1339,,fixed_investment_pct_gdp_irn,30.1169760664225,percent of GDP,World Bank WDI API,1960,NE.GDI.FTOT.ZS,Gross fixed capital formation,IRN
1961-01-01,,1340,,fixed_investment_pct_gdp_irn,27.4147764415618,percent of GDP,World Bank WDI API,1961,NE.GDI.FTOT.ZS,Gross fixed capital formation,IRN
1962-01-01,,1341,,fixed_investment_pct_gdp_irn,24.0351738024092,percent of GDP,World Bank WDI API,1962,NE.GDI.FTOT.ZS,Gross fixed capital formation,IRN
1963-01-01,,1342,,fixed_investment_pct_gdp_irn,23.9493457431366,percent of GDP,World Bank WDI API,1963,NE.GDI.FTOT.ZS,Gross fixed capital formation,IRN
1964-01-01,,1343,,fixed_investment_pct_gdp_irn,27.1794977008528,percent of GDP,World Bank WDI API,1964,NE.GDI.FTOT.ZS,Gross fixed capital formation,IRN
1965-01-01,,1344,,fixed_investment_pct_gdp_irn,31.2834830504134,percent of GDP,World Bank WDI API,1965,NE.GDI.FTOT.ZS,Gross fixed capital formation,IRN
1966-01-01,,1345,,fixed_investment_pct_gdp_irn,29.2889414430151,percent of GDP,World Bank WDI API,1966,NE.GDI.FTOT.ZS,Gross fixed capital formation,IRN
1967-01-01,,1346,,fixed_investment_pct_gdp_irn,34.4350683528958,percent of GDP,World Bank WDI API,1967,NE.GDI.FTOT.ZS,Gross fixed capital formation,IRN
1968-01-01,,1347,,fixed_investment_pct_gdp_irn,34.2013655735219,percent of GDP,World Bank WDI API,1968,NE.GDI.FTOT.ZS,Gross fixed capital formation,IRN
1969-01-01,,1348,,fixed_investment_pct_gdp_irn,36.2899611131163,percent of GDP,World Bank WDI API,1969,NE.GDI.FTOT.ZS,Gross fixed capital formation,IRN
1970-01-01,,1349,,fixed_investment_pct_gdp_irn,36.8198394087526,percent of GDP,World Bank WDI API,1970,NE.GDI.FTOT.ZS,Gross fixed capital formation,IRN
1971-01-01,,1350,,fixed_investment_pct_gdp_irn,34.7570505130386,percent of GDP,World Bank WDI API,1971,NE.GDI.FTOT.ZS,Gross fixed capital formation,IRN
1972-01-01,,1351,,fixed_investment_pct_gdp_irn,36.9131624895797,percent of GDP,World Bank WDI API,1972,NE.GDI.FTOT.ZS,Gross fixed capital formation,IRN
1973-01-01,,1352,,fixed_investment_pct_gdp_irn,34.2111952156566,percent of GDP,World Bank WDI API,1973,NE.GDI.FTOT.ZS,Gross fixed capital formation,IRN
1974-01-01,,1353,,fixed_investment_pct_gdp_irn,27.9651699654888,percent of GDP,World Bank WDI API,1974,NE.GDI.FTOT.ZS,Gross fixed capital formation,IRN
1975-01-01,,1354,,fixed_investment_pct_gdp_irn,42.2051303881271,percent of GDP,World Bank WDI API,1975,NE.GDI.FTOT.ZS,Gross fixed capital formation,IRN
1976-01-01,,1355,,fixed_investment_pct_gdp_irn,49.3162009732759,percent of GDP,World Bank WDI API,1976,NE.GDI.FTOT.ZS,Gross fixed capital formation,IRN
1977-01-01,,1356,,fixed_investment_pct_gdp_irn,49.1335246114317,percent of GDP,World Bank WDI API,1977,NE.GDI.FTOT.ZS,Gross fixed capital formation,IRN
1978-01-01,,1357,,fixed_investment_pct_gdp_irn,47.2579048778177,percent of GDP,World Bank WDI API,1978,NE.GDI.FTOT.ZS,Gross fixed capital formation,IRN
1979-01-01,,1358,,fixed_investment_pct_gdp_irn,31.1039847027811,percent of GDP,World Bank WDI API,1979,NE.GDI.FTOT.ZS,Gross fixed capital formation,IRN
1980-01-01,,1359,,fixed_investment_pct_gdp_irn,36.9223237970375,percent of GDP,World Bank WDI API,1980,NE.GDI.FTOT.ZS,Gross fixed capital formation,IRN
1981-01-01,,1360,,fixed_investment_pct_gdp_irn,33.6044686088314,percent of GDP,World Bank WDI API,1981,NE.GDI.FTOT.ZS,Gross fixed capital formation,IRN
1982-01-01,,1361,,fixed_investment_pct_gdp_irn,30.9485447694302,percent of GDP,World Bank WDI API,1982,NE.GDI.FTOT.ZS,Gross fixed capital formation,IRN
1983-01-01,,1362,,fixed_investment_pct_gdp_irn,39.1849087558189,percent of GDP,World Bank WDI API,1983,NE.GDI.FTOT.ZS,Gross fixed capital formation,IRN
1984-01-01,,1363,,fixed_investment_pct_gdp_irn,39.4353245684939,percent of GDP,World Bank WDI API,1984,NE.GDI.FTOT.ZS,Gross fixed capital formation,IRN
1985-01-01,,1364,,fixed_investment_pct_gdp_irn,32.8785264839619,percent of GDP,World Bank WDI API,1985,NE.GDI.FTOT.ZS,Gross fixed capital formation,IRN
1986-01-01,,1365,,fixed_investment_pct_gdp_irn,29.9697871367004,percent of GDP,World Bank WDI API,1986,NE.GDI.FTOT.ZS,Gross fixed capital formation,IRN
1987-01-01,,1366,,fixed_investment_pct_gdp_irn,26.2602367917309,percent of GDP,World Bank WDI API,1987,NE.GDI.FTOT.ZS,Gross fixed capital formation,IRN
1988-01-01,,1367,,fixed_investment_pct_gdp_irn,24.5986998581529,percent of GDP,World Bank WDI API,1988,NE.GDI.FTOT.ZS,Gross fixed capital formation,IRN
1989-01-01,,1368,,fixed_investment_pct_gdp_irn,24.6612488640508,percent of GDP,World Bank WDI API,1989,NE.GDI.FTOT.ZS,Gross fixed capital formation,IRN
1990-01-01,,1369,,fixed_investment_pct_gdp_irn,26.9831832081605,percent of GDP,World Bank WDI API,1990,NE.GDI.FTOT.ZS,Gross fixed capital formation,IRN
1991-01-01,,1370,,fixed_investment_pct_gdp_irn,34.6748709059884,percent of GDP,World Bank WDI API,1991,NE.GDI.FTOT.ZS,Gross fixed capital formation,IRN
1992-01-01,,1371,,fixed_investment_pct_gdp_irn,33.0168964143532,percent of GDP,World Bank WDI API,1992,NE.GDI.FTOT.ZS,Gross fixed capital formation,IRN
1993-01-01,,1372,,fixed_investment_pct_gdp_irn,27.8279603919614,percent of GDP,World Bank WDI API,1993,NE.GDI.FTOT.ZS,Gross fixed capital formation,IRN
1994-01-01,,1373,,fixed_investment_pct_gdp_irn,25.9643575271313,percent of GDP,World Bank WDI API,1994,NE.GDI.FTOT.ZS,Gross fixed capital formation,IRN
1995-01-01,,1374,,fixed_investment_pct_gdp_irn,24.6888942731375,percent of GDP,World Bank WDI API,1995,NE.GDI.FTOT.ZS,Gross fixed capital formation,IRN
1996-01-01,,1375,,fixed_investment_pct_gdp_irn,31.4645189109948,percent of GDP,World Bank WDI API,1996,NE.GDI.FTOT.ZS,Gross fixed capital formation,IRN
1997-01-01,,1376,,fixed_investment_pct_gdp_irn,32.6502333239265,percent of GDP,World Bank WDI API,1997,NE.GDI.FTOT.ZS,Gross fixed capital formation,IRN
1998-01-01,,1377,,fixed_investment_pct_gdp_irn,32.6383533414546,percent of GDP,World Bank WDI API,1998,NE.GDI.FTOT.ZS,Gross fixed capital formation,IRN
1999-01-01,,1378,,fixed_investment_pct_gdp_irn,31.8442734942724,percent of GDP,World Bank WDI API,1999,NE.GDI.FTOT.ZS,Gross fixed capital formation,IRN
2000-01-01,,1379,,fixed_investment_pct_gdp_irn,31.305453924537,percent of GDP,World Bank WDI API,2000,NE.GDI.FTOT.ZS,Gross fixed capital formation,IRN
2001-01-01,,1380,,fixed_investment_pct_gdp_irn,35.7993975403846,percent of GDP,World Bank WDI API,2001,NE.GDI.FTOT.ZS,Gross fixed capital formation,IRN
2002-01-01,,1381,,fixed_investment_pct_gdp_irn,33.2457832607485,percent of GDP,World Bank WDI API,2002,NE.GDI.FTOT.ZS,Gross fixed capital formation,IRN
2003-01-01,,1382,,fixed_investment_pct_gdp_irn,32.6580827002697,percent of GDP,World Bank WDI API,2003,NE.GDI.FTOT.ZS,Gross fixed capital formation,IRN
2004-01-01,,1383,,fixed_investment_pct_gdp_irn,31.2381754864806,percent of GDP,World Bank WDI API,2004,NE.GDI.FTOT.ZS,Gross fixed capital formation,IRN
2005-01-01,,1384,,fixed_investment_pct_gdp_irn,28.5571687717077,percent of GDP,World Bank WDI API,2005,NE.GDI.FTOT.ZS,Gross fixed capital formation,IRN
2006-01-01,,1385,,fixed_investment_pct_gdp_irn,27.2470961461286,percent of GDP,World Bank WDI API,2006,NE.GDI.FTOT.ZS,Gross fixed capital formation,IRN
2007-01-01,,1386,,fixed_investment_pct_gdp_irn,28.3421240021292,percent of GDP,World Bank WDI API,2007,NE.GDI.FTOT.ZS,Gross fixed capital formation,IRN
2008-01-01,,1387,,fixed_investment_pct_gdp_irn,31.9226930495385,percent of GDP,World Bank WDI API,2008,NE.GDI.FTOT.ZS,Gross fixed capital formation,IRN
2009-01-01,,1388,,fixed_investment_pct_gdp_irn,30.8548963891343,percent of GDP,World Bank WDI API,2009,NE.GDI.FTOT.ZS,Gross fixed capital formation,IRN
2010-01-01,,1389,,fixed_investment_pct_gdp_irn,27.3528333188133,percent of GDP,World Bank WDI API,2010,NE.GDI.FTOT.ZS,Gross fixed capital formation,IRN
2011-01-01,,1390,,fixed_investment_pct_gdp_irn,29.0537287312461,percent of GDP,World Bank WDI API,2011,NE.GDI.FTOT.ZS,Gross fixed capital formation,IRN
2012-01-01,,1391,,fixed_investment_pct_gdp_irn,30.0539654282953,percent of GDP,World Bank WDI API,2012,NE.GDI.FTOT.ZS,Gross fixed capital formation,IRN
2013-01-01,,1392,,fixed_investment_pct_gdp_irn,27.4456063692711,percent of GDP,World Bank WDI API,2013,NE.GDI.FTOT.ZS,Gross fixed capital formation,IRN
2014-01-01,,1393,,fixed_investment_pct_gdp_irn,28.5708133962533,percent of GDP,World Bank WDI API,2014,NE.GDI.FTOT.ZS,Gross fixed capital formation,IRN
2015-01-01,,1394,,fixed_investment_pct_gdp_irn,25.3650139045346,percent of GDP,World Bank WDI API,2015,NE.GDI.FTOT.ZS,Gross fixed capital formation,IRN
2016-01-01,,1395,,fixed_investment_pct_gdp_irn,23.8160452139627,percent of GDP,World Bank WDI API,2016,NE.GDI.FTOT.ZS,Gross fixed capital formation,IRN
2017-01-01,,1396,,fixed_investment_pct_gdp_irn,23.9743818926917,percent of GDP,World Bank WDI API,2017,NE.GDI.FTOT.ZS,Gross fixed capital formation,IRN
2018-01-01,,1397,,fixed_investment_pct_gdp_irn,24.532164274228,percent of GDP,World Bank WDI API,2018,NE.GDI.FTOT.ZS,Gross fixed capital formation,IRN
2019-01-01,,1398,,fixed_investment_pct_gdp_irn,25.2446130741474,percent of GDP,World Bank WDI API,2019,NE.GDI.FTOT.ZS,Gross fixed capital formation,IRN
2020-01-01,,1399,,fixed_investment_pct_gdp_irn,30.2595538130002,percent of GDP,World Bank WDI API,2020,NE.GDI.FTOT.ZS,Gross fixed capital formation,IRN
2021-01-01,,1400,,fixed_investment_pct_gdp_irn,28.6230276385093,percent of GDP,World Bank WDI API,2021,NE.GDI.FTOT.ZS,Gross fixed capital formation,IRN
2022-01-01,,1401,,fixed_investment_pct_gdp_irn,26.6441870058752,percent of GDP,World Bank WDI API,2022,NE.GDI.FTOT.ZS,Gross fixed capital formation,IRN
2023-01-01,,1402,,fixed_investment_pct_gdp_irn,27.4163221884552,percent of GDP,World Bank WDI API,2023,NE.GDI.FTOT.ZS,Gross fixed capital formation,IRN
2024-01-01,,1403,,fixed_investment_pct_gdp_irn,28.1071602327718,percent of GDP,World Bank WDI API,2024,NE.GDI.FTOT.ZS,Gross fixed capital formation,IRN
2025-01-01,,1404,,fixed_investment_pct_gdp_irn,28.7981019157814,percent of GDP,World Bank WDI API,2025,NE.GDI.FTOT.ZS,Gross fixed capital formation,IRN
1968-01-01,,1347,,fixed_investment_pct_gdp_tur,11.8730158730159,percent of GDP,World Bank WDI API,1968,NE.GDI.FTOT.ZS,Gross fixed capital formation,TUR
1969-01-01,,1348,,fixed_investment_pct_gdp_tur,11.9292237442922,percent of GDP,World Bank WDI API,1969,NE.GDI.FTOT.ZS,Gross fixed capital formation,TUR
1970-01-01,,1349,,fixed_investment_pct_gdp_tur,13.2315521628499,percent of GDP,World Bank WDI API,1970,NE.GDI.FTOT.ZS,Gross fixed capital formation,TUR
1971-01-01,,1350,,fixed_investment_pct_gdp_tur,12.5773195876289,percent of GDP,World Bank WDI API,1971,NE.GDI.FTOT.ZS,Gross fixed capital formation,TUR
1972-01-01,,1351,,fixed_investment_pct_gdp_tur,15.6347284676582,percent of GDP,World Bank WDI API,1972,NE.GDI.FTOT.ZS,Gross fixed capital formation,TUR
1973-01-01,,1352,,fixed_investment_pct_gdp_tur,15.6868131868132,percent of GDP,World Bank WDI API,1973,NE.GDI.FTOT.ZS,Gross fixed capital formation,TUR
1974-01-01,,1353,,fixed_investment_pct_gdp_tur,14.7841871722469,percent of GDP,World Bank WDI API,1974,NE.GDI.FTOT.ZS,Gross fixed capital formation,TUR
1975-01-01,,1354,,fixed_investment_pct_gdp_tur,16.1185231151101,percent of GDP,World Bank WDI API,1975,NE.GDI.FTOT.ZS,Gross fixed capital formation,TUR
1976-01-01,,1355,,fixed_investment_pct_gdp_tur,17.9786200194363,percent of GDP,World Bank WDI API,1976,NE.GDI.FTOT.ZS,Gross fixed capital formation,TUR
1977-01-01,,1356,,fixed_investment_pct_gdp_tur,19.2180251822399,percent of GDP,World Bank WDI API,1977,NE.GDI.FTOT.ZS,Gross fixed capital formation,TUR
1978-01-01,,1357,,fixed_investment_pct_gdp_tur,17.0238321006385,percent of GDP,World Bank WDI API,1978,NE.GDI.FTOT.ZS,Gross fixed capital formation,TUR
1979-01-01,,1358,,fixed_investment_pct_gdp_tur,15.5753932543825,percent of GDP,World Bank WDI API,1979,NE.GDI.FTOT.ZS,Gross fixed capital formation,TUR
1980-01-01,,1359,,fixed_investment_pct_gdp_tur,15.9006614919894,percent of GDP,World Bank WDI API,1980,NE.GDI.FTOT.ZS,Gross fixed capital formation,TUR
1981-01-01,,1360,,fixed_investment_pct_gdp_tur,15.130996076446,percent of GDP,World Bank WDI API,1981,NE.GDI.FTOT.ZS,Gross fixed capital formation,TUR
1982-01-01,,1361,,fixed_investment_pct_gdp_tur,15.1169440155544,percent of GDP,World Bank WDI API,1982,NE.GDI.FTOT.ZS,Gross fixed capital formation,TUR
1983-01-01,,1362,,fixed_investment_pct_gdp_tur,14.7542751945231,percent of GDP,World Bank WDI API,1983,NE.GDI.FTOT.ZS,Gross fixed capital formation,TUR
1984-01-01,,1363,,fixed_investment_pct_gdp_tur,14.3955339567488,percent of GDP,World Bank WDI API,1984,NE.GDI.FTOT.ZS,Gross fixed capital formation,TUR
1985-01-01,,1364,,fixed_investment_pct_gdp_tur,15.2629254462823,percent of GDP,World Bank WDI API,1985,NE.GDI.FTOT.ZS,Gross fixed capital formation,TUR
1986-01-01,,1365,,fixed_investment_pct_gdp_tur,17.1366874643936,percent of GDP,World Bank WDI API,1986,NE.GDI.FTOT.ZS,Gross fixed capital formation,TUR
1987-01-01,,1366,,fixed_investment_pct_gdp_tur,24.7465602453899,percent of GDP,World Bank WDI API,1987,NE.GDI.FTOT.ZS,Gross fixed capital formation,TUR
1988-01-01,,1367,,fixed_investment_pct_gdp_tur,26.1078201115114,percent of GDP,World Bank WDI API,1988,NE.GDI.FTOT.ZS,Gross fixed capital formation,TUR
1989-01-01,,1368,,fixed_investment_pct_gdp_tur,22.8030576635365,percent of GDP,World Bank WDI API,1989,NE.GDI.FTOT.ZS,Gross fixed capital formation,TUR
1990-01-01,,1369,,fixed_investment_pct_gdp_tur,22.8698046762303,percent of GDP,World Bank WDI API,1990,NE.GDI.FTOT.ZS,Gross fixed capital formation,TUR
1991-01-01,,1370,,fixed_investment_pct_gdp_tur,23.689572522178,percent of GDP,World Bank WDI API,1991,NE.GDI.FTOT.ZS,Gross fixed capital formation,TUR
1992-01-01,,1371,,fixed_investment_pct_gdp_tur,22.9964110894045,percent of GDP,World Bank WDI API,1992,NE.GDI.FTOT.ZS,Gross fixed capital formation,TUR
1993-01-01,,1372,,fixed_investment_pct_gdp_tur,25.5247438135483,percent of GDP,World Bank WDI API,1993,NE.GDI.FTOT.ZS,Gross fixed capital formation,TUR
1994-01-01,,1373,,fixed_investment_pct_gdp_tur,24.4591764651962,percent of GDP,World Bank WDI API,1994,NE.GDI.FTOT.ZS,Gross fixed capital formation,TUR
1995-01-01,,1374,,fixed_investment_pct_gdp_tur,24.0389369903416,percent of GDP,World Bank WDI API,1995,NE.GDI.FTOT.ZS,Gross fixed capital formation,TUR
1996-01-01,,1375,,fixed_investment_pct_gdp_tur,24.642885719721,percent of GDP,World Bank WDI API,1996,NE.GDI.FTOT.ZS,Gross fixed capital formation,TUR
1997-01-01,,1376,,fixed_investment_pct_gdp_tur,24.8723867638259,percent of GDP,World Bank WDI API,1997,NE.GDI.FTOT.ZS,Gross fixed capital formation,TUR
1998-01-01,,1377,,fixed_investment_pct_gdp_tur,22.205994628538,percent of GDP,World Bank WDI API,1998,NE.GDI.FTOT.ZS,Gross fixed capital formation,TUR
1999-01-01,,1378,,fixed_investment_pct_gdp_tur,19.9197261956537,percent of GDP,World Bank WDI API,1999,NE.GDI.FTOT.ZS,Gross fixed capital formation,TUR
2000-01-01,,1379,,fixed_investment_pct_gdp_tur,22.3110247868039,percent of GDP,World Bank WDI API,2000,NE.GDI.FTOT.ZS,Gross fixed capital formation,TUR
2001-01-01,,1380,,fixed_investment_pct_gdp_tur,18.0765435272869,percent of GDP,World Bank WDI API,2001,NE.GDI.FTOT.ZS,Gross fixed capital formation,TUR
2002-01-01,,1381,,fixed_investment_pct_gdp_tur,19.6716408524051,percent of GDP,World Bank WDI API,2002,NE.GDI.FTOT.ZS,Gross fixed capital formation,TUR
2003-01-01,,1382,,fixed_investment_pct_gdp_tur,20.9444240457006,percent of GDP,World Bank WDI API,2003,NE.GDI.FTOT.ZS,Gross fixed capital formation,TUR
2004-01-01,,1383,,fixed_investment_pct_gdp_tur,25.6417207426795,percent of GDP,World Bank WDI API,2004,NE.GDI.FTOT.ZS,Gross fixed capital formation,TUR
2005-01-01,,1384,,fixed_investment_pct_gdp_tur,26.8770342277655,percent of GDP,World Bank WDI API,2005,NE.GDI.FTOT.ZS,Gross fixed capital formation,TUR
2006-01-01,,1385,,fixed_investment_pct_gdp_tur,29.0425348290191,percent of GDP,World Bank WDI API,2006,NE.GDI.FTOT.ZS,Gross fixed capital formation,TUR
2007-01-01,,1386,,fixed_investment_pct_gdp_tur,28.5042444802335,percent of GDP,World Bank WDI API,2007,NE.GDI.FTOT.ZS,Gross fixed capital formation,TUR
2008-01-01,,1387,,fixed_investment_pct_gdp_tur,27.3051055897033,percent of GDP,World Bank WDI API,2008,NE.GDI.FTOT.ZS,Gross fixed capital formation,TUR
2009-01-01,,1388,,fixed_investment_pct_gdp_tur,22.9623515725507,percent of GDP,World Bank WDI API,2009,NE.GDI.FTOT.ZS,Gross fixed capital formation,TUR
2010-01-01,,1389,,fixed_investment_pct_gdp_tur,24.87828284324,percent of GDP,World Bank WDI API,2010,NE.GDI.FTOT.ZS,Gross fixed capital formation,TUR
2011-01-01,,1390,,fixed_investment_pct_gdp_tur,27.9887488412804,percent of GDP,World Bank WDI API,2011,NE.GDI.FTOT.ZS,Gross fixed capital formation,TUR
2012-01-01,,1391,,fixed_investment_pct_gdp_tur,27.3995231020684,percent of GDP,World Bank WDI API,2012,NE.GDI.FTOT.ZS,Gross fixed capital formation,TUR
2013-01-01,,1392,,fixed_investment_pct_gdp_tur,28.7953288884594,percent of GDP,World Bank WDI API,2013,NE.GDI.FTOT.ZS,Gross fixed capital formation,TUR
2014-01-01,,1393,,fixed_investment_pct_gdp_tur,29.0843333155967,percent of GDP,World Bank WDI API,2014,NE.GDI.FTOT.ZS,Gross fixed capital formation,TUR
2015-01-01,,1394,,fixed_investment_pct_gdp_tur,30.0119130355216,percent of GDP,World Bank WDI API,2015,NE.GDI.FTOT.ZS,Gross fixed capital formation,TUR
2016-01-01,,1395,,fixed_investment_pct_gdp_tur,30.0433084585307,percent of GDP,World Bank WDI API,2016,NE.GDI.FTOT.ZS,Gross fixed capital formation,TUR
2017-01-01,,1396,,fixed_investment_pct_gdp_tur,30.2598822010726,percent of GDP,World Bank WDI API,2017,NE.GDI.FTOT.ZS,Gross fixed capital formation,TUR
2018-01-01,,1397,,fixed_investment_pct_gdp_tur,30.2954032645887,percent of GDP,World Bank WDI API,2018,NE.GDI.FTOT.ZS,Gross fixed capital formation,TUR
2019-01-01,,1398,,fixed_investment_pct_gdp_tur,26.4629293789655,percent of GDP,World Bank WDI API,2019,NE.GDI.FTOT.ZS,Gross fixed capital formation,TUR
2020-01-01,,1399,,fixed_investment_pct_gdp_tur,27.9506064917081,percent of GDP,World Bank WDI API,2020,NE.GDI.FTOT.ZS,Gross fixed capital formation,TUR
2021-01-01,,1400,,fixed_investment_pct_gdp_tur,28.3920963280631,percent of GDP,World Bank WDI API,2021,NE.GDI.FTOT.ZS,Gross fixed capital formation,TUR
2022-01-01,,1401,,fixed_investment_pct_gdp_tur,30.5449887042516,percent of GDP,World Bank WDI API,2022,NE.GDI.FTOT.ZS,Gross fixed capital formation,TUR
2023-01-01,,1402,,fixed_investment_pct_gdp_tur,32.8740322550634,percent of GDP,World Bank WDI API,2023,NE.GDI.FTOT.ZS,Gross fixed capital formation,TUR
2024-01-01,,1403,,fixed_investment_pct_gdp_tur,31.3157272627937,percent of GDP,World Bank WDI API,2024,NE.GDI.FTOT.ZS,Gross fixed capital formation,TUR
2025-01-01,,1404,,fixed_investment_pct_gdp_tur,30.5913560700498,percent of GDP,World Bank WDI API,2025,NE.GDI.FTOT.ZS,Gross fixed capital formation,TUR
1963-01-01,,1342,,food_imports_pct_irn,12.8036397410696,percent of merchandise imports,World Bank WDI API,1963,TM.VAL.FOOD.ZS.UN,Food imports,IRN
1964-01-01,,1343,,food_imports_pct_irn,16.1909995441839,percent of merchandise imports,World Bank WDI API,1964,TM.VAL.FOOD.ZS.UN,Food imports,IRN
1965-01-01,,1344,,food_imports_pct_irn,16.1087272584052,percent of merchandise imports,World Bank WDI API,1965,TM.VAL.FOOD.ZS.UN,Food imports,IRN
1966-01-01,,1345,,food_imports_pct_irn,9.91276552881555,percent of merchandise imports,World Bank WDI API,1966,TM.VAL.FOOD.ZS.UN,Food imports,IRN
1967-01-01,,1346,,food_imports_pct_irn,7.45760862118625,percent of merchandise imports,World Bank WDI API,1967,TM.VAL.FOOD.ZS.UN,Food imports,IRN
1968-01-01,,1347,,food_imports_pct_irn,8.04103151898436,percent of merchandise imports,World Bank WDI API,1968,TM.VAL.FOOD.ZS.UN,Food imports,IRN
1969-01-01,,1348,,food_imports_pct_irn,4.91898907178078,percent of merchandise imports,World Bank WDI API,1969,TM.VAL.FOOD.ZS.UN,Food imports,IRN
1970-01-01,,1349,,food_imports_pct_irn,6.54963986607168,percent of merchandise imports,World Bank WDI API,1970,TM.VAL.FOOD.ZS.UN,Food imports,IRN
1971-01-01,,1350,,food_imports_pct_irn,10.648019101746,percent of merchandise imports,World Bank WDI API,1971,TM.VAL.FOOD.ZS.UN,Food imports,IRN
1972-01-01,,1351,,food_imports_pct_irn,10.5489158271942,percent of merchandise imports,World Bank WDI API,1972,TM.VAL.FOOD.ZS.UN,Food imports,IRN
1973-01-01,,1352,,food_imports_pct_irn,10.4850384711897,percent of merchandise imports,World Bank WDI API,1973,TM.VAL.FOOD.ZS.UN,Food imports,IRN
1974-01-01,,1353,,food_imports_pct_irn,18.3792983592265,percent of merchandise imports,World Bank WDI API,1974,TM.VAL.FOOD.ZS.UN,Food imports,IRN
1975-01-01,,1354,,food_imports_pct_irn,16.26112572448,percent of merchandise imports,World Bank WDI API,1975,TM.VAL.FOOD.ZS.UN,Food imports,IRN
1976-01-01,,1355,,food_imports_pct_irn,11.0969833278105,percent of merchandise imports,World Bank WDI API,1976,TM.VAL.FOOD.ZS.UN,Food imports,IRN
1977-01-01,,1356,,food_imports_pct_irn,12.696421914475,percent of merchandise imports,World Bank WDI API,1977,TM.VAL.FOOD.ZS.UN,Food imports,IRN
1997-01-01,,1376,,food_imports_pct_irn,20.8806309077834,percent of merchandise imports,World Bank WDI API,1997,TM.VAL.FOOD.ZS.UN,Food imports,IRN
1998-01-01,,1377,,food_imports_pct_irn,16.2154150588036,percent of merchandise imports,World Bank WDI API,1998,TM.VAL.FOOD.ZS.UN,Food imports,IRN
1999-01-01,,1378,,food_imports_pct_irn,20.4402831797297,percent of merchandise imports,World Bank WDI API,1999,TM.VAL.FOOD.ZS.UN,Food imports,IRN
2000-01-01,,1379,,food_imports_pct_irn,18.9717839921169,percent of merchandise imports,World Bank WDI API,2000,TM.VAL.FOOD.ZS.UN,Food imports,IRN
2001-01-01,,1380,,food_imports_pct_irn,16.0683248244843,percent of merchandise imports,World Bank WDI API,2001,TM.VAL.FOOD.ZS.UN,Food imports,IRN
2002-01-01,,1381,,food_imports_pct_irn,9.91487136895174,percent of merchandise imports,World Bank WDI API,2002,TM.VAL.FOOD.ZS.UN,Food imports,IRN
2003-01-01,,1382,,food_imports_pct_irn,10.4900589194062,percent of merchandise imports,World Bank WDI API,2003,TM.VAL.FOOD.ZS.UN,Food imports,IRN
2004-01-01,,1383,,food_imports_pct_irn,8.92910246805601,percent of merchandise imports,World Bank WDI API,2004,TM.VAL.FOOD.ZS.UN,Food imports,IRN
2005-01-01,,1384,,food_imports_pct_irn,7.89014706949647,percent of merchandise imports,World Bank WDI API,2005,TM.VAL.FOOD.ZS.UN,Food imports,IRN
2006-01-01,,1385,,food_imports_pct_irn,1.86182920657552,percent of merchandise imports,World Bank WDI API,2006,TM.VAL.FOOD.ZS.UN,Food imports,IRN
2010-01-01,,1389,,food_imports_pct_irn,15.2279504772143,percent of merchandise imports,World Bank WDI API,2010,TM.VAL.FOOD.ZS.UN,Food imports,IRN
2011-01-01,,1390,,food_imports_pct_irn,14.1303676502876,percent of merchandise imports,World Bank WDI API,2011,TM.VAL.FOOD.ZS.UN,Food imports,IRN
2013-01-01,,1392,,food_imports_pct_irn,27.1072781979137,percent of merchandise imports,World Bank WDI API,2013,TM.VAL.FOOD.ZS.UN,Food imports,IRN
2014-01-01,,1393,,food_imports_pct_irn,23.3835141856178,percent of merchandise imports,World Bank WDI API,2014,TM.VAL.FOOD.ZS.UN,Food imports,IRN
2015-01-01,,1394,,food_imports_pct_irn,22.4023283543476,percent of merchandise imports,World Bank WDI API,2015,TM.VAL.FOOD.ZS.UN,Food imports,IRN
2016-01-01,,1395,,food_imports_pct_irn,20.4927483499843,percent of merchandise imports,World Bank WDI API,2016,TM.VAL.FOOD.ZS.UN,Food imports,IRN
2017-01-01,,1396,,food_imports_pct_irn,20.191545455076,percent of merchandise imports,World Bank WDI API,2017,TM.VAL.FOOD.ZS.UN,Food imports,IRN
2018-01-01,,1397,,food_imports_pct_irn,25.5591386885995,percent of merchandise imports,World Bank WDI API,2018,TM.VAL.FOOD.ZS.UN,Food imports,IRN
2019-01-01,,1398,,food_imports_pct_irn,28.0531454667852,percent of merchandise imports,World Bank WDI API,2019,TM.VAL.FOOD.ZS.UN,Food imports,IRN
2020-01-01,,1399,,food_imports_pct_irn,26.7610078346309,percent of merchandise imports,World Bank WDI API,2020,TM.VAL.FOOD.ZS.UN,Food imports,IRN
2021-01-01,,1400,,food_imports_pct_irn,30.9322239984819,percent of merchandise imports,World Bank WDI API,2021,TM.VAL.FOOD.ZS.UN,Food imports,IRN
2022-01-01,,1401,,food_imports_pct_irn,29.4601700206271,percent of merchandise imports,World Bank WDI API,2022,TM.VAL.FOOD.ZS.UN,Food imports,IRN
1990-01-01,,1369,,fossil_fuel_share_pct_egy,90.2566884097467,percent of total energy use,World Bank WDI API,1990,EG.USE.COMM.FO.ZS,Fossil fuel energy consumption,EGY
1991-01-01,,1370,,fossil_fuel_share_pct_egy,90.1102684666994,percent of total energy use,World Bank WDI API,1991,EG.USE.COMM.FO.ZS,Fossil fuel energy consumption,EGY
1992-01-01,,1371,,fossil_fuel_share_pct_egy,90.4176570687121,percent of total energy use,World Bank WDI API,1992,EG.USE.COMM.FO.ZS,Fossil fuel energy consumption,EGY
1993-01-01,,1372,,fossil_fuel_share_pct_egy,90.3362583180557,percent of total energy use,World Bank WDI API,1993,EG.USE.COMM.FO.ZS,Fossil fuel energy consumption,EGY
1994-01-01,,1373,,fossil_fuel_share_pct_egy,89.6022244915955,percent of total energy use,World Bank WDI API,1994,EG.USE.COMM.FO.ZS,Fossil fuel energy consumption,EGY
1995-01-01,,1374,,fossil_fuel_share_pct_egy,89.9992165223842,percent of total energy use,World Bank WDI API,1995,EG.USE.COMM.FO.ZS,Fossil fuel energy consumption,EGY
1996-01-01,,1375,,fossil_fuel_share_pct_egy,90.3819137981252,percent of total energy use,World Bank WDI API,1996,EG.USE.COMM.FO.ZS,Fossil fuel energy consumption,EGY
1997-01-01,,1376,,fossil_fuel_share_pct_egy,90.5988801677011,percent of total energy use,World Bank WDI API,1997,EG.USE.COMM.FO.ZS,Fossil fuel energy consumption,EGY
1998-01-01,,1377,,fossil_fuel_share_pct_egy,91.2240013473016,percent of total energy use,World Bank WDI API,1998,EG.USE.COMM.FO.ZS,Fossil fuel energy consumption,EGY
1999-01-01,,1378,,fossil_fuel_share_pct_egy,90.886208292396,percent of total energy use,World Bank WDI API,1999,EG.USE.COMM.FO.ZS,Fossil fuel energy consumption,EGY
2000-01-01,,1379,,fossil_fuel_share_pct_egy,91.489819853051,percent of total energy use,World Bank WDI API,2000,EG.USE.COMM.FO.ZS,Fossil fuel energy consumption,EGY
2001-01-01,,1380,,fossil_fuel_share_pct_egy,90.7295038968966,percent of total energy use,World Bank WDI API,2001,EG.USE.COMM.FO.ZS,Fossil fuel energy consumption,EGY
2002-01-01,,1381,,fossil_fuel_share_pct_egy,91.9207572540109,percent of total energy use,World Bank WDI API,2002,EG.USE.COMM.FO.ZS,Fossil fuel energy consumption,EGY
2003-01-01,,1382,,fossil_fuel_share_pct_egy,91.9563705184466,percent of total energy use,World Bank WDI API,2003,EG.USE.COMM.FO.ZS,Fossil fuel energy consumption,EGY
2004-01-01,,1383,,fossil_fuel_share_pct_egy,92.861632024063,percent of total energy use,World Bank WDI API,2004,EG.USE.COMM.FO.ZS,Fossil fuel energy consumption,EGY
2005-01-01,,1384,,fossil_fuel_share_pct_egy,93.6670787511882,percent of total energy use,World Bank WDI API,2005,EG.USE.COMM.FO.ZS,Fossil fuel energy consumption,EGY
2006-01-01,,1385,,fossil_fuel_share_pct_egy,93.7797321927131,percent of total energy use,World Bank WDI API,2006,EG.USE.COMM.FO.ZS,Fossil fuel energy consumption,EGY
2007-01-01,,1386,,fossil_fuel_share_pct_egy,93.9044419229283,percent of total energy use,World Bank WDI API,2007,EG.USE.COMM.FO.ZS,Fossil fuel energy consumption,EGY
2008-01-01,,1387,,fossil_fuel_share_pct_egy,94.2153883779026,percent of total energy use,World Bank WDI API,2008,EG.USE.COMM.FO.ZS,Fossil fuel energy consumption,EGY
2009-01-01,,1388,,fossil_fuel_share_pct_egy,94.4713931437623,percent of total energy use,World Bank WDI API,2009,EG.USE.COMM.FO.ZS,Fossil fuel energy consumption,EGY
2010-01-01,,1389,,fossil_fuel_share_pct_egy,94.3283973018108,percent of total energy use,World Bank WDI API,2010,EG.USE.COMM.FO.ZS,Fossil fuel energy consumption,EGY
2011-01-01,,1390,,fossil_fuel_share_pct_egy,94.0586478546803,percent of total energy use,World Bank WDI API,2011,EG.USE.COMM.FO.ZS,Fossil fuel energy consumption,EGY
2012-01-01,,1391,,fossil_fuel_share_pct_egy,93.893044095937,percent of total energy use,World Bank WDI API,2012,EG.USE.COMM.FO.ZS,Fossil fuel energy consumption,EGY
2013-01-01,,1392,,fossil_fuel_share_pct_egy,93.8973902079236,percent of total energy use,World Bank WDI API,2013,EG.USE.COMM.FO.ZS,Fossil fuel energy consumption,EGY
2014-01-01,,1393,,fossil_fuel_share_pct_egy,90.2206573455579,percent of total energy use,World Bank WDI API,2014,EG.USE.COMM.FO.ZS,Fossil fuel energy consumption,EGY
2015-01-01,,1394,,fossil_fuel_share_pct_egy,62.7106573100733,percent of total energy use,World Bank WDI API,2015,EG.USE.COMM.FO.ZS,Fossil fuel energy consumption,EGY
2016-01-01,,1395,,fossil_fuel_share_pct_egy,0.0,percent of total energy use,World Bank WDI API,2016,EG.USE.COMM.FO.ZS,Fossil fuel energy consumption,EGY
2017-01-01,,1396,,fossil_fuel_share_pct_egy,0.0,percent of total energy use,World Bank WDI API,2017,EG.USE.COMM.FO.ZS,Fossil fuel energy consumption,EGY
2018-01-01,,1397,,fossil_fuel_share_pct_egy,0.0,percent of total energy use,World Bank WDI API,2018,EG.USE.COMM.FO.ZS,Fossil fuel energy consumption,EGY
2019-01-01,,1398,,fossil_fuel_share_pct_egy,0.0,percent of total energy use,World Bank WDI API,2019,EG.USE.COMM.FO.ZS,Fossil fuel energy consumption,EGY
2020-01-01,,1399,,fossil_fuel_share_pct_egy,0.0,percent of total energy use,World Bank WDI API,2020,EG.USE.COMM.FO.ZS,Fossil fuel energy consumption,EGY
2021-01-01,,1400,,fossil_fuel_share_pct_egy,0.0,percent of total energy use,World Bank WDI API,2021,EG.USE.COMM.FO.ZS,Fossil fuel energy consumption,EGY
2022-01-01,,1401,,fossil_fuel_share_pct_egy,0.0,percent of total energy use,World Bank WDI API,2022,EG.USE.COMM.FO.ZS,Fossil fuel energy consumption,EGY
2023-01-01,,1402,,fossil_fuel_share_pct_egy,0.0,percent of total energy use,World Bank WDI API,2023,EG.USE.COMM.FO.ZS,Fossil fuel energy consumption,EGY
1990-01-01,,1369,,fossil_fuel_share_pct_irn,98.9146745382851,percent of total energy use,World Bank WDI API,1990,EG.USE.COMM.FO.ZS,Fossil fuel energy consumption,IRN
1991-01-01,,1370,,fossil_fuel_share_pct_irn,98.8995225267599,percent of total energy use,World Bank WDI API,1991,EG.USE.COMM.FO.ZS,Fossil fuel energy consumption,IRN
1992-01-01,,1371,,fossil_fuel_share_pct_irn,98.6606906115136,percent of total energy use,World Bank WDI API,1992,EG.USE.COMM.FO.ZS,Fossil fuel energy consumption,IRN
1993-01-01,,1372,,fossil_fuel_share_pct_irn,98.7228984309058,percent of total energy use,World Bank WDI API,1993,EG.USE.COMM.FO.ZS,Fossil fuel energy consumption,IRN
1994-01-01,,1373,,fossil_fuel_share_pct_irn,99.0276062659456,percent of total energy use,World Bank WDI API,1994,EG.USE.COMM.FO.ZS,Fossil fuel energy consumption,IRN
1995-01-01,,1374,,fossil_fuel_share_pct_irn,99.1008010837047,percent of total energy use,World Bank WDI API,1995,EG.USE.COMM.FO.ZS,Fossil fuel energy consumption,IRN
1996-01-01,,1375,,fossil_fuel_share_pct_irn,99.0731541759018,percent of total energy use,World Bank WDI API,1996,EG.USE.COMM.FO.ZS,Fossil fuel energy consumption,IRN
1997-01-01,,1376,,fossil_fuel_share_pct_irn,99.2676935393265,percent of total energy use,World Bank WDI API,1997,EG.USE.COMM.FO.ZS,Fossil fuel energy consumption,IRN
1998-01-01,,1377,,fossil_fuel_share_pct_irn,99.3219686825187,percent of total energy use,World Bank WDI API,1998,EG.USE.COMM.FO.ZS,Fossil fuel energy consumption,IRN
1999-01-01,,1378,,fossil_fuel_share_pct_irn,99.5704364541691,percent of total energy use,World Bank WDI API,1999,EG.USE.COMM.FO.ZS,Fossil fuel energy consumption,IRN
2000-01-01,,1379,,fossil_fuel_share_pct_irn,99.6596368887027,percent of total energy use,World Bank WDI API,2000,EG.USE.COMM.FO.ZS,Fossil fuel energy consumption,IRN
2001-01-01,,1380,,fossil_fuel_share_pct_irn,99.579613300226,percent of total energy use,World Bank WDI API,2001,EG.USE.COMM.FO.ZS,Fossil fuel energy consumption,IRN
2002-01-01,,1381,,fossil_fuel_share_pct_irn,99.3754079066283,percent of total energy use,World Bank WDI API,2002,EG.USE.COMM.FO.ZS,Fossil fuel energy consumption,IRN
2003-01-01,,1382,,fossil_fuel_share_pct_irn,99.196525182262,percent of total energy use,World Bank WDI API,2003,EG.USE.COMM.FO.ZS,Fossil fuel energy consumption,IRN
2004-01-01,,1383,,fossil_fuel_share_pct_irn,99.3001496710709,percent of total energy use,World Bank WDI API,2004,EG.USE.COMM.FO.ZS,Fossil fuel energy consumption,IRN
2005-01-01,,1384,,fossil_fuel_share_pct_irn,98.8559472531338,percent of total energy use,World Bank WDI API,2005,EG.USE.COMM.FO.ZS,Fossil fuel energy consumption,IRN
2006-01-01,,1385,,fossil_fuel_share_pct_irn,98.7658930714788,percent of total energy use,World Bank WDI API,2006,EG.USE.COMM.FO.ZS,Fossil fuel energy consumption,IRN
2007-01-01,,1386,,fossil_fuel_share_pct_irn,98.8405175966667,percent of total energy use,World Bank WDI API,2007,EG.USE.COMM.FO.ZS,Fossil fuel energy consumption,IRN
2008-01-01,,1387,,fossil_fuel_share_pct_irn,99.5231185172838,percent of total energy use,World Bank WDI API,2008,EG.USE.COMM.FO.ZS,Fossil fuel energy consumption,IRN
2009-01-01,,1388,,fossil_fuel_share_pct_irn,99.5215062434828,percent of total energy use,World Bank WDI API,2009,EG.USE.COMM.FO.ZS,Fossil fuel energy consumption,IRN
2010-01-01,,1389,,fossil_fuel_share_pct_irn,99.4096159165196,percent of total energy use,World Bank WDI API,2010,EG.USE.COMM.FO.ZS,Fossil fuel energy consumption,IRN
2011-01-01,,1390,,fossil_fuel_share_pct_irn,99.3750757914988,percent of total energy use,World Bank WDI API,2011,EG.USE.COMM.FO.ZS,Fossil fuel energy consumption,IRN
2012-01-01,,1391,,fossil_fuel_share_pct_irn,98.9638911323989,percent of total energy use,World Bank WDI API,2012,EG.USE.COMM.FO.ZS,Fossil fuel energy consumption,IRN
2013-01-01,,1392,,fossil_fuel_share_pct_irn,98.5707876556882,percent of total energy use,World Bank WDI API,2013,EG.USE.COMM.FO.ZS,Fossil fuel energy consumption,IRN
2014-01-01,,1393,,fossil_fuel_share_pct_irn,99.8901445764347,percent of total energy use,World Bank WDI API,2014,EG.USE.COMM.FO.ZS,Fossil fuel energy consumption,IRN
2015-01-01,,1394,,fossil_fuel_share_pct_irn,59.0908945903128,percent of total energy use,World Bank WDI API,2015,EG.USE.COMM.FO.ZS,Fossil fuel energy consumption,IRN
2016-01-01,,1395,,fossil_fuel_share_pct_irn,0.0,percent of total energy use,World Bank WDI API,2016,EG.USE.COMM.FO.ZS,Fossil fuel energy consumption,IRN
2017-01-01,,1396,,fossil_fuel_share_pct_irn,0.0,percent of total energy use,World Bank WDI API,2017,EG.USE.COMM.FO.ZS,Fossil fuel energy consumption,IRN
2018-01-01,,1397,,fossil_fuel_share_pct_irn,0.0,percent of total energy use,World Bank WDI API,2018,EG.USE.COMM.FO.ZS,Fossil fuel energy consumption,IRN
2019-01-01,,1398,,fossil_fuel_share_pct_irn,0.0,percent of total energy use,World Bank WDI API,2019,EG.USE.COMM.FO.ZS,Fossil fuel energy consumption,IRN
2020-01-01,,1399,,fossil_fuel_share_pct_irn,0.0,percent of total energy use,World Bank WDI API,2020,EG.USE.COMM.FO.ZS,Fossil fuel energy consumption,IRN
2021-01-01,,1400,,fossil_fuel_share_pct_irn,0.0,percent of total energy use,World Bank WDI API,2021,EG.USE.COMM.FO.ZS,Fossil fuel energy consumption,IRN
2022-01-01,,1401,,fossil_fuel_share_pct_irn,0.0,percent of total energy use,World Bank WDI API,2022,EG.USE.COMM.FO.ZS,Fossil fuel energy consumption,IRN
2023-01-01,,1402,,fossil_fuel_share_pct_irn,0.0,percent of total energy use,World Bank WDI API,2023,EG.USE.COMM.FO.ZS,Fossil fuel energy consumption,IRN
1990-01-01,,1369,,fossil_fuel_share_pct_tur,83.8011904064177,percent of total energy use,World Bank WDI API,1990,EG.USE.COMM.FO.ZS,Fossil fuel energy consumption,TUR
1991-01-01,,1370,,fossil_fuel_share_pct_tur,83.6700254149101,percent of total energy use,World Bank WDI API,1991,EG.USE.COMM.FO.ZS,Fossil fuel energy consumption,TUR
1992-01-01,,1371,,fossil_fuel_share_pct_tur,82.5748160417957,percent of total energy use,World Bank WDI API,1992,EG.USE.COMM.FO.ZS,Fossil fuel energy consumption,TUR
1993-01-01,,1372,,fossil_fuel_share_pct_tur,82.163944718798,percent of total energy use,World Bank WDI API,1993,EG.USE.COMM.FO.ZS,Fossil fuel energy consumption,TUR
1994-01-01,,1373,,fossil_fuel_share_pct_tur,82.4209943867054,percent of total energy use,World Bank WDI API,1994,EG.USE.COMM.FO.ZS,Fossil fuel energy consumption,TUR
1995-01-01,,1374,,fossil_fuel_share_pct_tur,83.498993630275,percent of total energy use,World Bank WDI API,1995,EG.USE.COMM.FO.ZS,Fossil fuel energy consumption,TUR
1996-01-01,,1375,,fossil_fuel_share_pct_tur,83.7863192878167,percent of total energy use,World Bank WDI API,1996,EG.USE.COMM.FO.ZS,Fossil fuel energy consumption,TUR
1997-01-01,,1376,,fossil_fuel_share_pct_tur,84.568032751682,percent of total energy use,World Bank WDI API,1997,EG.USE.COMM.FO.ZS,Fossil fuel energy consumption,TUR
1998-01-01,,1377,,fossil_fuel_share_pct_tur,84.7384821700538,percent of total energy use,World Bank WDI API,1998,EG.USE.COMM.FO.ZS,Fossil fuel energy consumption,TUR
1999-01-01,,1378,,fossil_fuel_share_pct_tur,85.3773937694263,percent of total energy use,World Bank WDI API,1999,EG.USE.COMM.FO.ZS,Fossil fuel energy consumption,TUR
2000-01-01,,1379,,fossil_fuel_share_pct_tur,85.874120901599,percent of total energy use,World Bank WDI API,2000,EG.USE.COMM.FO.ZS,Fossil fuel energy consumption,TUR
2001-01-01,,1380,,fossil_fuel_share_pct_tur,86.0490764554826,percent of total energy use,World Bank WDI API,2001,EG.USE.COMM.FO.ZS,Fossil fuel energy consumption,TUR
2002-01-01,,1381,,fossil_fuel_share_pct_tur,86.0488956692512,percent of total energy use,World Bank WDI API,2002,EG.USE.COMM.FO.ZS,Fossil fuel energy consumption,TUR
2003-01-01,,1382,,fossil_fuel_share_pct_tur,86.1488742853693,percent of total energy use,World Bank WDI API,2003,EG.USE.COMM.FO.ZS,Fossil fuel energy consumption,TUR
2004-01-01,,1383,,fossil_fuel_share_pct_tur,86.7112173664004,percent of total energy use,World Bank WDI API,2004,EG.USE.COMM.FO.ZS,Fossil fuel energy consumption,TUR
2005-01-01,,1384,,fossil_fuel_share_pct_tur,88.2915017730354,percent of total energy use,World Bank WDI API,2005,EG.USE.COMM.FO.ZS,Fossil fuel energy consumption,TUR
2006-01-01,,1385,,fossil_fuel_share_pct_tur,89.0838163402396,percent of total energy use,World Bank WDI API,2006,EG.USE.COMM.FO.ZS,Fossil fuel energy consumption,TUR
2007-01-01,,1386,,fossil_fuel_share_pct_tur,90.2078977284788,percent of total energy use,World Bank WDI API,2007,EG.USE.COMM.FO.ZS,Fossil fuel energy consumption,TUR
2008-01-01,,1387,,fossil_fuel_share_pct_tur,90.8312552108698,percent of total energy use,World Bank WDI API,2008,EG.USE.COMM.FO.ZS,Fossil fuel energy consumption,TUR
2009-01-01,,1388,,fossil_fuel_share_pct_tur,89.4606368500133,percent of total energy use,World Bank WDI API,2009,EG.USE.COMM.FO.ZS,Fossil fuel energy consumption,TUR
2010-01-01,,1389,,fossil_fuel_share_pct_tur,89.9149991031773,percent of total energy use,World Bank WDI API,2010,EG.USE.COMM.FO.ZS,Fossil fuel energy consumption,TUR
2011-01-01,,1390,,fossil_fuel_share_pct_tur,90.7624706486566,percent of total energy use,World Bank WDI API,2011,EG.USE.COMM.FO.ZS,Fossil fuel energy consumption,TUR
2012-01-01,,1391,,fossil_fuel_share_pct_tur,89.7131431964725,percent of total energy use,World Bank WDI API,2012,EG.USE.COMM.FO.ZS,Fossil fuel energy consumption,TUR
2013-01-01,,1392,,fossil_fuel_share_pct_tur,89.6089106816017,percent of total energy use,World Bank WDI API,2013,EG.USE.COMM.FO.ZS,Fossil fuel energy consumption,TUR
2014-01-01,,1393,,fossil_fuel_share_pct_tur,91.3802710997426,percent of total energy use,World Bank WDI API,2014,EG.USE.COMM.FO.ZS,Fossil fuel energy consumption,TUR
2015-01-01,,1394,,fossil_fuel_share_pct_tur,87.4279766169034,percent of total energy use,World Bank WDI API,2015,EG.USE.COMM.FO.ZS,Fossil fuel energy consumption,TUR
2016-01-01,,1395,,fossil_fuel_share_pct_tur,0.0,percent of total energy use,World Bank WDI API,2016,EG.USE.COMM.FO.ZS,Fossil fuel energy consumption,TUR
2017-01-01,,1396,,fossil_fuel_share_pct_tur,0.0,percent of total energy use,World Bank WDI API,2017,EG.USE.COMM.FO.ZS,Fossil fuel energy consumption,TUR
2018-01-01,,1397,,fossil_fuel_share_pct_tur,0.0,percent of total energy use,World Bank WDI API,2018,EG.USE.COMM.FO.ZS,Fossil fuel energy consumption,TUR
2019-01-01,,1398,,fossil_fuel_share_pct_tur,0.0,percent of total energy use,World Bank WDI API,2019,EG.USE.COMM.FO.ZS,Fossil fuel energy consumption,TUR
2020-01-01,,1399,,fossil_fuel_share_pct_tur,0.0,percent of total energy use,World Bank WDI API,2020,EG.USE.COMM.FO.ZS,Fossil fuel energy consumption,TUR
2021-01-01,,1400,,fossil_fuel_share_pct_tur,0.0,percent of total energy use,World Bank WDI API,2021,EG.USE.COMM.FO.ZS,Fossil fuel energy consumption,TUR
2022-01-01,,1401,,fossil_fuel_share_pct_tur,0.0,percent of total energy use,World Bank WDI API,2022,EG.USE.COMM.FO.ZS,Fossil fuel energy consumption,TUR
2023-01-01,,1402,,fossil_fuel_share_pct_tur,0.0,percent of total energy use,World Bank WDI API,2023,EG.USE.COMM.FO.ZS,Fossil fuel energy consumption,TUR
2024-01-01,,1403,,fossil_fuel_share_pct_tur,0.0,percent of total energy use,World Bank WDI API,2024,EG.USE.COMM.FO.ZS,Fossil fuel energy consumption,TUR
1970-01-01,,1349,,gas_rents_pct_gdp_egy,0.00632851665798329,percent of GDP,World Bank WDI API,1970,NY.GDP.NGAS.RT.ZS,Natural gas rents,EGY
1971-01-01,,1350,,gas_rents_pct_gdp_egy,0.0057247563299254,percent of GDP,World Bank WDI API,1971,NY.GDP.NGAS.RT.ZS,Natural gas rents,EGY
1972-01-01,,1351,,gas_rents_pct_gdp_egy,0.00526041256876961,percent of GDP,World Bank WDI API,1972,NY.GDP.NGAS.RT.ZS,Natural gas rents,EGY
1973-01-01,,1352,,gas_rents_pct_gdp_egy,0.00393012385602782,percent of GDP,World Bank WDI API,1973,NY.GDP.NGAS.RT.ZS,Natural gas rents,EGY
1974-01-01,,1353,,gas_rents_pct_gdp_egy,0.00483455665488964,percent of GDP,World Bank WDI API,1974,NY.GDP.NGAS.RT.ZS,Natural gas rents,EGY
1975-01-01,,1354,,gas_rents_pct_gdp_egy,0.0061511087335946,percent of GDP,World Bank WDI API,1975,NY.GDP.NGAS.RT.ZS,Natural gas rents,EGY
1976-01-01,,1355,,gas_rents_pct_gdp_egy,0.0412931729767677,percent of GDP,World Bank WDI API,1976,NY.GDP.NGAS.RT.ZS,Natural gas rents,EGY
1977-01-01,,1356,,gas_rents_pct_gdp_egy,0.0565792426337968,percent of GDP,World Bank WDI API,1977,NY.GDP.NGAS.RT.ZS,Natural gas rents,EGY
1978-01-01,,1357,,gas_rents_pct_gdp_egy,0.102349233590231,percent of GDP,World Bank WDI API,1978,NY.GDP.NGAS.RT.ZS,Natural gas rents,EGY
1979-01-01,,1358,,gas_rents_pct_gdp_egy,0.201212659543661,percent of GDP,World Bank WDI API,1979,NY.GDP.NGAS.RT.ZS,Natural gas rents,EGY
1980-01-01,,1359,,gas_rents_pct_gdp_egy,0.303096363786415,percent of GDP,World Bank WDI API,1980,NY.GDP.NGAS.RT.ZS,Natural gas rents,EGY
1981-01-01,,1360,,gas_rents_pct_gdp_egy,0.285272208880706,percent of GDP,World Bank WDI API,1981,NY.GDP.NGAS.RT.ZS,Natural gas rents,EGY
1982-01-01,,1361,,gas_rents_pct_gdp_egy,0.0961436277277545,percent of GDP,World Bank WDI API,1982,NY.GDP.NGAS.RT.ZS,Natural gas rents,EGY
1983-01-01,,1362,,gas_rents_pct_gdp_egy,0.305148314734969,percent of GDP,World Bank WDI API,1983,NY.GDP.NGAS.RT.ZS,Natural gas rents,EGY
1984-01-01,,1363,,gas_rents_pct_gdp_egy,0.319034425647114,percent of GDP,World Bank WDI API,1984,NY.GDP.NGAS.RT.ZS,Natural gas rents,EGY
1985-01-01,,1364,,gas_rents_pct_gdp_egy,0.328040564883275,percent of GDP,World Bank WDI API,1985,NY.GDP.NGAS.RT.ZS,Natural gas rents,EGY
1986-01-01,,1365,,gas_rents_pct_gdp_egy,0.382659569867373,percent of GDP,World Bank WDI API,1986,NY.GDP.NGAS.RT.ZS,Natural gas rents,EGY
1987-01-01,,1366,,gas_rents_pct_gdp_egy,0.379344035914055,percent of GDP,World Bank WDI API,1987,NY.GDP.NGAS.RT.ZS,Natural gas rents,EGY
1988-01-01,,1367,,gas_rents_pct_gdp_egy,0.493447741679613,percent of GDP,World Bank WDI API,1988,NY.GDP.NGAS.RT.ZS,Natural gas rents,EGY
1989-01-01,,1368,,gas_rents_pct_gdp_egy,0.474817424842265,percent of GDP,World Bank WDI API,1989,NY.GDP.NGAS.RT.ZS,Natural gas rents,EGY
1990-01-01,,1369,,gas_rents_pct_gdp_egy,0.510020435747016,percent of GDP,World Bank WDI API,1990,NY.GDP.NGAS.RT.ZS,Natural gas rents,EGY
1991-01-01,,1370,,gas_rents_pct_gdp_egy,0.631507674585289,percent of GDP,World Bank WDI API,1991,NY.GDP.NGAS.RT.ZS,Natural gas rents,EGY
1992-01-01,,1371,,gas_rents_pct_gdp_egy,0.583818838684651,percent of GDP,World Bank WDI API,1992,NY.GDP.NGAS.RT.ZS,Natural gas rents,EGY
1993-01-01,,1372,,gas_rents_pct_gdp_egy,0.630896722018105,percent of GDP,World Bank WDI API,1993,NY.GDP.NGAS.RT.ZS,Natural gas rents,EGY
1994-01-01,,1373,,gas_rents_pct_gdp_egy,0.63844470152896,percent of GDP,World Bank WDI API,1994,NY.GDP.NGAS.RT.ZS,Natural gas rents,EGY
1995-01-01,,1374,,gas_rents_pct_gdp_egy,0.612728283364487,percent of GDP,World Bank WDI API,1995,NY.GDP.NGAS.RT.ZS,Natural gas rents,EGY
1996-01-01,,1375,,gas_rents_pct_gdp_egy,0.632966198090484,percent of GDP,World Bank WDI API,1996,NY.GDP.NGAS.RT.ZS,Natural gas rents,EGY
1997-01-01,,1376,,gas_rents_pct_gdp_egy,0.593986674942503,percent of GDP,World Bank WDI API,1997,NY.GDP.NGAS.RT.ZS,Natural gas rents,EGY
1998-01-01,,1377,,gas_rents_pct_gdp_egy,0.525188376468722,percent of GDP,World Bank WDI API,1998,NY.GDP.NGAS.RT.ZS,Natural gas rents,EGY
1999-01-01,,1378,,gas_rents_pct_gdp_egy,0.559601222853832,percent of GDP,World Bank WDI API,1999,NY.GDP.NGAS.RT.ZS,Natural gas rents,EGY
2000-01-01,,1379,,gas_rents_pct_gdp_egy,0.80988360858388,percent of GDP,World Bank WDI API,2000,NY.GDP.NGAS.RT.ZS,Natural gas rents,EGY
2001-01-01,,1380,,gas_rents_pct_gdp_egy,1.12609010255356,percent of GDP,World Bank WDI API,2001,NY.GDP.NGAS.RT.ZS,Natural gas rents,EGY
2002-01-01,,1381,,gas_rents_pct_gdp_egy,1.1880642465276,percent of GDP,World Bank WDI API,2002,NY.GDP.NGAS.RT.ZS,Natural gas rents,EGY
2003-01-01,,1382,,gas_rents_pct_gdp_egy,1.34012258500625,percent of GDP,World Bank WDI API,2003,NY.GDP.NGAS.RT.ZS,Natural gas rents,EGY
2004-01-01,,1383,,gas_rents_pct_gdp_egy,1.60233568193565,percent of GDP,World Bank WDI API,2004,NY.GDP.NGAS.RT.ZS,Natural gas rents,EGY
2005-01-01,,1384,,gas_rents_pct_gdp_egy,2.33458675802498,percent of GDP,World Bank WDI API,2005,NY.GDP.NGAS.RT.ZS,Natural gas rents,EGY
2006-01-01,,1385,,gas_rents_pct_gdp_egy,2.8202302183493,percent of GDP,World Bank WDI API,2006,NY.GDP.NGAS.RT.ZS,Natural gas rents,EGY
2007-01-01,,1386,,gas_rents_pct_gdp_egy,2.45152200895889,percent of GDP,World Bank WDI API,2007,NY.GDP.NGAS.RT.ZS,Natural gas rents,EGY
2008-01-01,,1387,,gas_rents_pct_gdp_egy,2.18068996423443,percent of GDP,World Bank WDI API,2008,NY.GDP.NGAS.RT.ZS,Natural gas rents,EGY
2009-01-01,,1388,,gas_rents_pct_gdp_egy,2.05000012334665,percent of GDP,World Bank WDI API,2009,NY.GDP.NGAS.RT.ZS,Natural gas rents,EGY
2010-01-01,,1389,,gas_rents_pct_gdp_egy,1.5962103417445,percent of GDP,World Bank WDI API,2010,NY.GDP.NGAS.RT.ZS,Natural gas rents,EGY
2011-01-01,,1390,,gas_rents_pct_gdp_egy,1.89361087079368,percent of GDP,World Bank WDI API,2011,NY.GDP.NGAS.RT.ZS,Natural gas rents,EGY
2012-01-01,,1391,,gas_rents_pct_gdp_egy,1.63298671232615,percent of GDP,World Bank WDI API,2012,NY.GDP.NGAS.RT.ZS,Natural gas rents,EGY
2013-01-01,,1392,,gas_rents_pct_gdp_egy,1.48462315590397,percent of GDP,World Bank WDI API,2013,NY.GDP.NGAS.RT.ZS,Natural gas rents,EGY
2014-01-01,,1393,,gas_rents_pct_gdp_egy,1.15200734272802,percent of GDP,World Bank WDI API,2014,NY.GDP.NGAS.RT.ZS,Natural gas rents,EGY
2015-01-01,,1394,,gas_rents_pct_gdp_egy,0.717587471392014,percent of GDP,World Bank WDI API,2015,NY.GDP.NGAS.RT.ZS,Natural gas rents,EGY
2016-01-01,,1395,,gas_rents_pct_gdp_egy,0.506687001503198,percent of GDP,World Bank WDI API,2016,NY.GDP.NGAS.RT.ZS,Natural gas rents,EGY
2017-01-01,,1396,,gas_rents_pct_gdp_egy,1.04828310066825,percent of GDP,World Bank WDI API,2017,NY.GDP.NGAS.RT.ZS,Natural gas rents,EGY
2018-01-01,,1397,,gas_rents_pct_gdp_egy,1.89151906248592,percent of GDP,World Bank WDI API,2018,NY.GDP.NGAS.RT.ZS,Natural gas rents,EGY
2019-01-01,,1398,,gas_rents_pct_gdp_egy,1.67276468331077,percent of GDP,World Bank WDI API,2019,NY.GDP.NGAS.RT.ZS,Natural gas rents,EGY
2020-01-01,,1399,,gas_rents_pct_gdp_egy,1.27251663281876,percent of GDP,World Bank WDI API,2020,NY.GDP.NGAS.RT.ZS,Natural gas rents,EGY
2021-01-01,,1400,,gas_rents_pct_gdp_egy,2.04572586744071,percent of GDP,World Bank WDI API,2021,NY.GDP.NGAS.RT.ZS,Natural gas rents,EGY
1970-01-01,,1349,,gas_rents_pct_gdp_irn,0.593952766268505,percent of GDP,World Bank WDI API,1970,NY.GDP.NGAS.RT.ZS,Natural gas rents,IRN
1971-01-01,,1350,,gas_rents_pct_gdp_irn,0.639270070093413,percent of GDP,World Bank WDI API,1971,NY.GDP.NGAS.RT.ZS,Natural gas rents,IRN
1972-01-01,,1351,,gas_rents_pct_gdp_irn,0.495709239772993,percent of GDP,World Bank WDI API,1972,NY.GDP.NGAS.RT.ZS,Natural gas rents,IRN
1973-01-01,,1352,,gas_rents_pct_gdp_irn,0.451799824779658,percent of GDP,World Bank WDI API,1973,NY.GDP.NGAS.RT.ZS,Natural gas rents,IRN
1974-01-01,,1353,,gas_rents_pct_gdp_irn,0.219838236393895,percent of GDP,World Bank WDI API,1974,NY.GDP.NGAS.RT.ZS,Natural gas rents,IRN
1975-01-01,,1354,,gas_rents_pct_gdp_irn,0.585498844401855,percent of GDP,World Bank WDI API,1975,NY.GDP.NGAS.RT.ZS,Natural gas rents,IRN
1976-01-01,,1355,,gas_rents_pct_gdp_irn,0.464939481792818,percent of GDP,World Bank WDI API,1976,NY.GDP.NGAS.RT.ZS,Natural gas rents,IRN
1977-01-01,,1356,,gas_rents_pct_gdp_irn,0.480033789990037,percent of GDP,World Bank WDI API,1977,NY.GDP.NGAS.RT.ZS,Natural gas rents,IRN
1978-01-01,,1357,,gas_rents_pct_gdp_irn,0.496080537716456,percent of GDP,World Bank WDI API,1978,NY.GDP.NGAS.RT.ZS,Natural gas rents,IRN
1979-01-01,,1358,,gas_rents_pct_gdp_irn,0.492009633243413,percent of GDP,World Bank WDI API,1979,NY.GDP.NGAS.RT.ZS,Natural gas rents,IRN
1980-01-01,,1359,,gas_rents_pct_gdp_irn,0.245804219222402,percent of GDP,World Bank WDI API,1980,NY.GDP.NGAS.RT.ZS,Natural gas rents,IRN
1981-01-01,,1360,,gas_rents_pct_gdp_irn,0.166530200351988,percent of GDP,World Bank WDI API,1981,NY.GDP.NGAS.RT.ZS,Natural gas rents,IRN
1982-01-01,,1361,,gas_rents_pct_gdp_irn,0.0608692800830312,percent of GDP,World Bank WDI API,1982,NY.GDP.NGAS.RT.ZS,Natural gas rents,IRN
1983-01-01,,1362,,gas_rents_pct_gdp_irn,0.184307601304682,percent of GDP,World Bank WDI API,1983,NY.GDP.NGAS.RT.ZS,Natural gas rents,IRN
1984-01-01,,1363,,gas_rents_pct_gdp_irn,0.243522659378682,percent of GDP,World Bank WDI API,1984,NY.GDP.NGAS.RT.ZS,Natural gas rents,IRN
1985-01-01,,1364,,gas_rents_pct_gdp_irn,0.266466712686652,percent of GDP,World Bank WDI API,1985,NY.GDP.NGAS.RT.ZS,Natural gas rents,IRN
1986-01-01,,1365,,gas_rents_pct_gdp_irn,0.219388372194074,percent of GDP,World Bank WDI API,1986,NY.GDP.NGAS.RT.ZS,Natural gas rents,IRN
1987-01-01,,1366,,gas_rents_pct_gdp_irn,0.317270813576148,percent of GDP,World Bank WDI API,1987,NY.GDP.NGAS.RT.ZS,Natural gas rents,IRN
1988-01-01,,1367,,gas_rents_pct_gdp_irn,0.440674775374641,percent of GDP,World Bank WDI API,1988,NY.GDP.NGAS.RT.ZS,Natural gas rents,IRN
1989-01-01,,1368,,gas_rents_pct_gdp_irn,0.488652569892774,percent of GDP,World Bank WDI API,1989,NY.GDP.NGAS.RT.ZS,Natural gas rents,IRN
1990-01-01,,1369,,gas_rents_pct_gdp_irn,0.547879742496481,percent of GDP,World Bank WDI API,1990,NY.GDP.NGAS.RT.ZS,Natural gas rents,IRN
1993-01-01,,1372,,gas_rents_pct_gdp_irn,1.20206625307342,percent of GDP,World Bank WDI API,1993,NY.GDP.NGAS.RT.ZS,Natural gas rents,IRN
1994-01-01,,1373,,gas_rents_pct_gdp_irn,1.31815705988469,percent of GDP,World Bank WDI API,1994,NY.GDP.NGAS.RT.ZS,Natural gas rents,IRN
1995-01-01,,1374,,gas_rents_pct_gdp_irn,1.17406917330279,percent of GDP,World Bank WDI API,1995,NY.GDP.NGAS.RT.ZS,Natural gas rents,IRN
1996-01-01,,1375,,gas_rents_pct_gdp_irn,1.16892188051012,percent of GDP,World Bank WDI API,1996,NY.GDP.NGAS.RT.ZS,Natural gas rents,IRN
1997-01-01,,1376,,gas_rents_pct_gdp_irn,1.53703282056056,percent of GDP,World Bank WDI API,1997,NY.GDP.NGAS.RT.ZS,Natural gas rents,IRN
1998-01-01,,1377,,gas_rents_pct_gdp_irn,1.56906693817168,percent of GDP,World Bank WDI API,1998,NY.GDP.NGAS.RT.ZS,Natural gas rents,IRN
1999-01-01,,1378,,gas_rents_pct_gdp_irn,1.66822362541216,percent of GDP,World Bank WDI API,1999,NY.GDP.NGAS.RT.ZS,Natural gas rents,IRN
2000-01-01,,1379,,gas_rents_pct_gdp_irn,2.30162442963997,percent of GDP,World Bank WDI API,2000,NY.GDP.NGAS.RT.ZS,Natural gas rents,IRN
2001-01-01,,1380,,gas_rents_pct_gdp_irn,2.44405372220749,percent of GDP,World Bank WDI API,2001,NY.GDP.NGAS.RT.ZS,Natural gas rents,IRN
2002-01-01,,1381,,gas_rents_pct_gdp_irn,2.3496161139381,percent of GDP,World Bank WDI API,2002,NY.GDP.NGAS.RT.ZS,Natural gas rents,IRN
2003-01-01,,1382,,gas_rents_pct_gdp_irn,2.05072226747438,percent of GDP,World Bank WDI API,2003,NY.GDP.NGAS.RT.ZS,Natural gas rents,IRN
2004-01-01,,1383,,gas_rents_pct_gdp_irn,1.83655471628029,percent of GDP,World Bank WDI API,2004,NY.GDP.NGAS.RT.ZS,Natural gas rents,IRN
2005-01-01,,1384,,gas_rents_pct_gdp_irn,2.44636854647738,percent of GDP,World Bank WDI API,2005,NY.GDP.NGAS.RT.ZS,Natural gas rents,IRN
2006-01-01,,1385,,gas_rents_pct_gdp_irn,2.45659210122043,percent of GDP,World Bank WDI API,2006,NY.GDP.NGAS.RT.ZS,Natural gas rents,IRN
2007-01-01,,1386,,gas_rents_pct_gdp_irn,1.99708594942742,percent of GDP,World Bank WDI API,2007,NY.GDP.NGAS.RT.ZS,Natural gas rents,IRN
2008-01-01,,1387,,gas_rents_pct_gdp_irn,1.8467989298903,percent of GDP,World Bank WDI API,2008,NY.GDP.NGAS.RT.ZS,Natural gas rents,IRN
2009-01-01,,1388,,gas_rents_pct_gdp_irn,2.28085971648197,percent of GDP,World Bank WDI API,2009,NY.GDP.NGAS.RT.ZS,Natural gas rents,IRN
2010-01-01,,1389,,gas_rents_pct_gdp_irn,1.8610874879457,percent of GDP,World Bank WDI API,2010,NY.GDP.NGAS.RT.ZS,Natural gas rents,IRN
2011-01-01,,1390,,gas_rents_pct_gdp_irn,1.91739971657899,percent of GDP,World Bank WDI API,2011,NY.GDP.NGAS.RT.ZS,Natural gas rents,IRN
2012-01-01,,1391,,gas_rents_pct_gdp_irn,2.01887057952724,percent of GDP,World Bank WDI API,2012,NY.GDP.NGAS.RT.ZS,Natural gas rents,IRN
2013-01-01,,1392,,gas_rents_pct_gdp_irn,2.7187141958893,percent of GDP,World Bank WDI API,2013,NY.GDP.NGAS.RT.ZS,Natural gas rents,IRN
2014-01-01,,1393,,gas_rents_pct_gdp_irn,2.97411018568107,percent of GDP,World Bank WDI API,2014,NY.GDP.NGAS.RT.ZS,Natural gas rents,IRN
2015-01-01,,1394,,gas_rents_pct_gdp_irn,2.62955318037995,percent of GDP,World Bank WDI API,2015,NY.GDP.NGAS.RT.ZS,Natural gas rents,IRN
2016-01-01,,1395,,gas_rents_pct_gdp_irn,1.91831819745209,percent of GDP,World Bank WDI API,2016,NY.GDP.NGAS.RT.ZS,Natural gas rents,IRN
2017-01-01,,1396,,gas_rents_pct_gdp_irn,2.33627116072101,percent of GDP,World Bank WDI API,2017,NY.GDP.NGAS.RT.ZS,Natural gas rents,IRN
2018-01-01,,1397,,gas_rents_pct_gdp_irn,5.80900087982186,percent of GDP,World Bank WDI API,2018,NY.GDP.NGAS.RT.ZS,Natural gas rents,IRN
2019-01-01,,1398,,gas_rents_pct_gdp_irn,6.82201707137804,percent of GDP,World Bank WDI API,2019,NY.GDP.NGAS.RT.ZS,Natural gas rents,IRN
2020-01-01,,1399,,gas_rents_pct_gdp_irn,8.49623367431377,percent of GDP,World Bank WDI API,2020,NY.GDP.NGAS.RT.ZS,Natural gas rents,IRN
2021-01-01,,1400,,gas_rents_pct_gdp_irn,8.80888556489953,percent of GDP,World Bank WDI API,2021,NY.GDP.NGAS.RT.ZS,Natural gas rents,IRN
1970-01-01,,1349,,gas_rents_pct_gdp_tur,0.0,percent of GDP,World Bank WDI API,1970,NY.GDP.NGAS.RT.ZS,Natural gas rents,TUR
1971-01-01,,1350,,gas_rents_pct_gdp_tur,1.18826983142512e-05,percent of GDP,World Bank WDI API,1971,NY.GDP.NGAS.RT.ZS,Natural gas rents,TUR
1972-01-01,,1351,,gas_rents_pct_gdp_tur,4.43133705096737e-05,percent of GDP,World Bank WDI API,1972,NY.GDP.NGAS.RT.ZS,Natural gas rents,TUR
1973-01-01,,1352,,gas_rents_pct_gdp_tur,4.5894152307382e-05,percent of GDP,World Bank WDI API,1973,NY.GDP.NGAS.RT.ZS,Natural gas rents,TUR
1974-01-01,,1353,,gas_rents_pct_gdp_tur,0.000141344338174577,percent of GDP,World Bank WDI API,1974,NY.GDP.NGAS.RT.ZS,Natural gas rents,TUR
1975-01-01,,1354,,gas_rents_pct_gdp_tur,0.000254344099309778,percent of GDP,World Bank WDI API,1975,NY.GDP.NGAS.RT.ZS,Natural gas rents,TUR
1976-01-01,,1355,,gas_rents_pct_gdp_tur,0.000666239881244398,percent of GDP,World Bank WDI API,1976,NY.GDP.NGAS.RT.ZS,Natural gas rents,TUR
1977-01-01,,1356,,gas_rents_pct_gdp_tur,0.00071834606140658,percent of GDP,World Bank WDI API,1977,NY.GDP.NGAS.RT.ZS,Natural gas rents,TUR
1978-01-01,,1357,,gas_rents_pct_gdp_tur,0.000842952383778082,percent of GDP,World Bank WDI API,1978,NY.GDP.NGAS.RT.ZS,Natural gas rents,TUR
1979-01-01,,1358,,gas_rents_pct_gdp_tur,0.00143303389997144,percent of GDP,World Bank WDI API,1979,NY.GDP.NGAS.RT.ZS,Natural gas rents,TUR
1980-01-01,,1359,,gas_rents_pct_gdp_tur,0.00203664977586871,percent of GDP,World Bank WDI API,1980,NY.GDP.NGAS.RT.ZS,Natural gas rents,TUR
1981-01-01,,1360,,gas_rents_pct_gdp_tur,0.00107371949419083,percent of GDP,World Bank WDI API,1981,NY.GDP.NGAS.RT.ZS,Natural gas rents,TUR
1982-01-01,,1361,,gas_rents_pct_gdp_tur,0.00082279795465204,percent of GDP,World Bank WDI API,1982,NY.GDP.NGAS.RT.ZS,Natural gas rents,TUR
1983-01-01,,1362,,gas_rents_pct_gdp_tur,0.00249881406713819,percent of GDP,World Bank WDI API,1983,NY.GDP.NGAS.RT.ZS,Natural gas rents,TUR
1984-01-01,,1363,,gas_rents_pct_gdp_tur,0.00135502509826089,percent of GDP,World Bank WDI API,1984,NY.GDP.NGAS.RT.ZS,Natural gas rents,TUR
1985-01-01,,1364,,gas_rents_pct_gdp_tur,0.00187904670549223,percent of GDP,World Bank WDI API,1985,NY.GDP.NGAS.RT.ZS,Natural gas rents,TUR
1986-01-01,,1365,,gas_rents_pct_gdp_tur,0.0113624861905771,percent of GDP,World Bank WDI API,1986,NY.GDP.NGAS.RT.ZS,Natural gas rents,TUR
1987-01-01,,1366,,gas_rents_pct_gdp_tur,0.00335716697863026,percent of GDP,World Bank WDI API,1987,NY.GDP.NGAS.RT.ZS,Natural gas rents,TUR
1988-01-01,,1367,,gas_rents_pct_gdp_tur,0.000954093705038254,percent of GDP,World Bank WDI API,1988,NY.GDP.NGAS.RT.ZS,Natural gas rents,TUR
1989-01-01,,1368,,gas_rents_pct_gdp_tur,0.0015090965987559,percent of GDP,World Bank WDI API,1989,NY.GDP.NGAS.RT.ZS,Natural gas rents,TUR
1990-01-01,,1369,,gas_rents_pct_gdp_tur,0.00206223586853295,percent of GDP,World Bank WDI API,1990,NY.GDP.NGAS.RT.ZS,Natural gas rents,TUR
1991-01-01,,1370,,gas_rents_pct_gdp_tur,0.00140895763440889,percent of GDP,World Bank WDI API,1991,NY.GDP.NGAS.RT.ZS,Natural gas rents,TUR
1992-01-01,,1371,,gas_rents_pct_gdp_tur,0.000693697155140426,percent of GDP,World Bank WDI API,1992,NY.GDP.NGAS.RT.ZS,Natural gas rents,TUR
1993-01-01,,1372,,gas_rents_pct_gdp_tur,0.00137627418611021,percent of GDP,World Bank WDI API,1993,NY.GDP.NGAS.RT.ZS,Natural gas rents,TUR
1994-01-01,,1373,,gas_rents_pct_gdp_tur,0.00183034200527921,percent of GDP,World Bank WDI API,1994,NY.GDP.NGAS.RT.ZS,Natural gas rents,TUR
1995-01-01,,1374,,gas_rents_pct_gdp_tur,0.00238638560193092,percent of GDP,World Bank WDI API,1995,NY.GDP.NGAS.RT.ZS,Natural gas rents,TUR
1996-01-01,,1375,,gas_rents_pct_gdp_tur,0.00243005197422621,percent of GDP,World Bank WDI API,1996,NY.GDP.NGAS.RT.ZS,Natural gas rents,TUR
1997-01-01,,1376,,gas_rents_pct_gdp_tur,0.0030869842900994,percent of GDP,World Bank WDI API,1997,NY.GDP.NGAS.RT.ZS,Natural gas rents,TUR
1998-01-01,,1377,,gas_rents_pct_gdp_tur,0.000498822883301683,percent of GDP,World Bank WDI API,1998,NY.GDP.NGAS.RT.ZS,Natural gas rents,TUR
1999-01-01,,1378,,gas_rents_pct_gdp_tur,0.000828969896496573,percent of GDP,World Bank WDI API,1999,NY.GDP.NGAS.RT.ZS,Natural gas rents,TUR
2000-01-01,,1379,,gas_rents_pct_gdp_tur,0.00457174516912643,percent of GDP,World Bank WDI API,2000,NY.GDP.NGAS.RT.ZS,Natural gas rents,TUR
2001-01-01,,1380,,gas_rents_pct_gdp_tur,0.00622398720429633,percent of GDP,World Bank WDI API,2001,NY.GDP.NGAS.RT.ZS,Natural gas rents,TUR
2002-01-01,,1381,,gas_rents_pct_gdp_tur,0.00498223321338877,percent of GDP,World Bank WDI API,2002,NY.GDP.NGAS.RT.ZS,Natural gas rents,TUR
2003-01-01,,1382,,gas_rents_pct_gdp_tur,0.00615261685241545,percent of GDP,World Bank WDI API,2003,NY.GDP.NGAS.RT.ZS,Natural gas rents,TUR
2004-01-01,,1383,,gas_rents_pct_gdp_tur,0.00523895731523814,percent of GDP,World Bank WDI API,2004,NY.GDP.NGAS.RT.ZS,Natural gas rents,TUR
2005-01-01,,1384,,gas_rents_pct_gdp_tur,0.00453462995252325,percent of GDP,World Bank WDI API,2005,NY.GDP.NGAS.RT.ZS,Natural gas rents,TUR
2006-01-01,,1385,,gas_rents_pct_gdp_tur,0.00955265456367318,percent of GDP,World Bank WDI API,2006,NY.GDP.NGAS.RT.ZS,Natural gas rents,TUR
2007-01-01,,1386,,gas_rents_pct_gdp_tur,0.00898256462761152,percent of GDP,World Bank WDI API,2007,NY.GDP.NGAS.RT.ZS,Natural gas rents,TUR
2008-01-01,,1387,,gas_rents_pct_gdp_tur,0.0143865495451754,percent of GDP,World Bank WDI API,2008,NY.GDP.NGAS.RT.ZS,Natural gas rents,TUR
2009-01-01,,1388,,gas_rents_pct_gdp_tur,0.00860049948655527,percent of GDP,World Bank WDI API,2009,NY.GDP.NGAS.RT.ZS,Natural gas rents,TUR
2010-01-01,,1389,,gas_rents_pct_gdp_tur,0.00645924834469729,percent of GDP,World Bank WDI API,2010,NY.GDP.NGAS.RT.ZS,Natural gas rents,TUR
2011-01-01,,1390,,gas_rents_pct_gdp_tur,0.0100431107294415,percent of GDP,World Bank WDI API,2011,NY.GDP.NGAS.RT.ZS,Natural gas rents,TUR
2012-01-01,,1391,,gas_rents_pct_gdp_tur,0.00842871898329215,percent of GDP,World Bank WDI API,2012,NY.GDP.NGAS.RT.ZS,Natural gas rents,TUR
2013-01-01,,1392,,gas_rents_pct_gdp_tur,0.00639026156802496,percent of GDP,World Bank WDI API,2013,NY.GDP.NGAS.RT.ZS,Natural gas rents,TUR
2014-01-01,,1393,,gas_rents_pct_gdp_tur,0.00416164956058869,percent of GDP,World Bank WDI API,2014,NY.GDP.NGAS.RT.ZS,Natural gas rents,TUR
2015-01-01,,1394,,gas_rents_pct_gdp_tur,0.00265766995514825,percent of GDP,World Bank WDI API,2015,NY.GDP.NGAS.RT.ZS,Natural gas rents,TUR
2016-01-01,,1395,,gas_rents_pct_gdp_tur,0.00150977307815817,percent of GDP,World Bank WDI API,2016,NY.GDP.NGAS.RT.ZS,Natural gas rents,TUR
2017-01-01,,1396,,gas_rents_pct_gdp_tur,0.00201762233420955,percent of GDP,World Bank WDI API,2017,NY.GDP.NGAS.RT.ZS,Natural gas rents,TUR
2018-01-01,,1397,,gas_rents_pct_gdp_tur,0.00428488563235785,percent of GDP,World Bank WDI API,2018,NY.GDP.NGAS.RT.ZS,Natural gas rents,TUR
2019-01-01,,1398,,gas_rents_pct_gdp_tur,0.0033684737362644,percent of GDP,World Bank WDI API,2019,NY.GDP.NGAS.RT.ZS,Natural gas rents,TUR
2020-01-01,,1399,,gas_rents_pct_gdp_tur,0.00167305173317492,percent of GDP,World Bank WDI API,2020,NY.GDP.NGAS.RT.ZS,Natural gas rents,TUR
2021-01-01,,1400,,gas_rents_pct_gdp_tur,0.00748181207735284,percent of GDP,World Bank WDI API,2021,NY.GDP.NGAS.RT.ZS,Natural gas rents,TUR
1960-01-01,,1339,,gdp_const_usd_egy,20297834751.3745,constant 2015 USD,World Bank WDI API,1960,NY.GDP.MKTP.KD,GDP,EGY
1961-01-01,,1340,,gdp_const_usd_egy,21345429171.5366,constant 2015 USD,World Bank WDI API,1961,NY.GDP.MKTP.KD,GDP,EGY
1962-01-01,,1341,,gdp_const_usd_egy,22172696194.2534,constant 2015 USD,World Bank WDI API,1962,NY.GDP.MKTP.KD,GDP,EGY
1963-01-01,,1342,,gdp_const_usd_egy,24504840915.7323,constant 2015 USD,World Bank WDI API,1963,NY.GDP.MKTP.KD,GDP,EGY
1964-01-01,,1343,,gdp_const_usd_egy,27324754468.9986,constant 2015 USD,World Bank WDI API,1964,NY.GDP.MKTP.KD,GDP,EGY
1965-01-01,,1344,,gdp_const_usd_egy,28667504459.855,constant 2015 USD,World Bank WDI API,1965,NY.GDP.MKTP.KD,GDP,EGY
1966-01-01,,1345,,gdp_const_usd_egy,30114182469.1932,constant 2015 USD,World Bank WDI API,1966,NY.GDP.MKTP.KD,GDP,EGY
1967-01-01,,1346,,gdp_const_usd_egy,30356681177.7687,constant 2015 USD,World Bank WDI API,1967,NY.GDP.MKTP.KD,GDP,EGY
1968-01-01,,1347,,gdp_const_usd_egy,29868912347.0229,constant 2015 USD,World Bank WDI API,1968,NY.GDP.MKTP.KD,GDP,EGY
1969-01-01,,1348,,gdp_const_usd_egy,31445846805.4971,constant 2015 USD,World Bank WDI API,1969,NY.GDP.MKTP.KD,GDP,EGY
1970-01-01,,1349,,gdp_const_usd_egy,33206347267.8918,constant 2015 USD,World Bank WDI API,1970,NY.GDP.MKTP.KD,GDP,EGY
1971-01-01,,1350,,gdp_const_usd_egy,34553643778.9408,constant 2015 USD,World Bank WDI API,1971,NY.GDP.MKTP.KD,GDP,EGY
1972-01-01,,1351,,gdp_const_usd_egy,35609492777.1748,constant 2015 USD,World Bank WDI API,1972,NY.GDP.MKTP.KD,GDP,EGY
1973-01-01,,1352,,gdp_const_usd_egy,36858257210.5883,constant 2015 USD,World Bank WDI API,1973,NY.GDP.MKTP.KD,GDP,EGY
1974-01-01,,1353,,gdp_const_usd_egy,37432854799.1024,constant 2015 USD,World Bank WDI API,1974,NY.GDP.MKTP.KD,GDP,EGY
1975-01-01,,1354,,gdp_const_usd_egy,40779032775.3748,constant 2015 USD,World Bank WDI API,1975,NY.GDP.MKTP.KD,GDP,EGY
1976-01-01,,1355,,gdp_const_usd_egy,46194361685.834,constant 2015 USD,World Bank WDI API,1976,NY.GDP.MKTP.KD,GDP,EGY
1977-01-01,,1356,,gdp_const_usd_egy,50353260517.1524,constant 2015 USD,World Bank WDI API,1977,NY.GDP.MKTP.KD,GDP,EGY
1978-01-01,,1357,,gdp_const_usd_egy,54698126368.8247,constant 2015 USD,World Bank WDI API,1978,NY.GDP.MKTP.KD,GDP,EGY
1979-01-01,,1358,,gdp_const_usd_egy,57185627388.6273,constant 2015 USD,World Bank WDI API,1979,NY.GDP.MKTP.KD,GDP,EGY
1980-01-01,,1359,,gdp_const_usd_egy,62910668708.9421,constant 2015 USD,World Bank WDI API,1980,NY.GDP.MKTP.KD,GDP,EGY
1981-01-01,,1360,,gdp_const_usd_egy,67533693105.5594,constant 2015 USD,World Bank WDI API,1981,NY.GDP.MKTP.KD,GDP,EGY
1982-01-01,,1361,,gdp_const_usd_egy,74224371654.6229,constant 2015 USD,World Bank WDI API,1982,NY.GDP.MKTP.KD,GDP,EGY
1983-01-01,,1362,,gdp_const_usd_egy,78005663121.4996,constant 2015 USD,World Bank WDI API,1983,NY.GDP.MKTP.KD,GDP,EGY
1984-01-01,,1363,,gdp_const_usd_egy,85607909951.0189,constant 2015 USD,World Bank WDI API,1984,NY.GDP.MKTP.KD,GDP,EGY
1985-01-01,,1364,,gdp_const_usd_egy,90565897013.7488,constant 2015 USD,World Bank WDI API,1985,NY.GDP.MKTP.KD,GDP,EGY
1986-01-01,,1365,,gdp_const_usd_egy,94862819134.7814,constant 2015 USD,World Bank WDI API,1986,NY.GDP.MKTP.KD,GDP,EGY
1987-01-01,,1366,,gdp_const_usd_egy,98498676314.1167,constant 2015 USD,World Bank WDI API,1987,NY.GDP.MKTP.KD,GDP,EGY
1988-01-01,,1367,,gdp_const_usd_egy,103878004711.469,constant 2015 USD,World Bank WDI API,1988,NY.GDP.MKTP.KD,GDP,EGY
1989-01-01,,1368,,gdp_const_usd_egy,108989704831.676,constant 2015 USD,World Bank WDI API,1989,NY.GDP.MKTP.KD,GDP,EGY
1990-01-01,,1369,,gdp_const_usd_egy,115166183182.787,constant 2015 USD,World Bank WDI API,1990,NY.GDP.MKTP.KD,GDP,EGY
1991-01-01,,1370,,gdp_const_usd_egy,116462268700.452,constant 2015 USD,World Bank WDI API,1991,NY.GDP.MKTP.KD,GDP,EGY
1992-01-01,,1371,,gdp_const_usd_egy,121671461982.01,constant 2015 USD,World Bank WDI API,1992,NY.GDP.MKTP.KD,GDP,EGY
1993-01-01,,1372,,gdp_const_usd_egy,125200896556.916,constant 2015 USD,World Bank WDI API,1993,NY.GDP.MKTP.KD,GDP,EGY
1994-01-01,,1373,,gdp_const_usd_egy,130175343748.458,constant 2015 USD,World Bank WDI API,1994,NY.GDP.MKTP.KD,GDP,EGY
1995-01-01,,1374,,gdp_const_usd_egy,136218680413.819,constant 2015 USD,World Bank WDI API,1995,NY.GDP.MKTP.KD,GDP,EGY
1996-01-01,,1375,,gdp_const_usd_egy,143014263359.029,constant 2015 USD,World Bank WDI API,1996,NY.GDP.MKTP.KD,GDP,EGY
1997-01-01,,1376,,gdp_const_usd_egy,150869114035.837,constant 2015 USD,World Bank WDI API,1997,NY.GDP.MKTP.KD,GDP,EGY
1998-01-01,,1377,,gdp_const_usd_egy,159280817658.317,constant 2015 USD,World Bank WDI API,1998,NY.GDP.MKTP.KD,GDP,EGY
1999-01-01,,1378,,gdp_const_usd_egy,168922784450.994,constant 2015 USD,World Bank WDI API,1999,NY.GDP.MKTP.KD,GDP,EGY
2000-01-01,,1379,,gdp_const_usd_egy,179683172290.126,constant 2015 USD,World Bank WDI API,2000,NY.GDP.MKTP.KD,GDP,EGY
2001-01-01,,1380,,gdp_const_usd_egy,186035425185.306,constant 2015 USD,World Bank WDI API,2001,NY.GDP.MKTP.KD,GDP,EGY
2002-01-01,,1381,,gdp_const_usd_egy,190482051409.279,constant 2015 USD,World Bank WDI API,2002,NY.GDP.MKTP.KD,GDP,EGY
2003-01-01,,1382,,gdp_const_usd_egy,196565009504.224,constant 2015 USD,World Bank WDI API,2003,NY.GDP.MKTP.KD,GDP,EGY
2004-01-01,,1383,,gdp_const_usd_egy,204608590453.732,constant 2015 USD,World Bank WDI API,2004,NY.GDP.MKTP.KD,GDP,EGY
2005-01-01,,1384,,gdp_const_usd_egy,213758163784.665,constant 2015 USD,World Bank WDI API,2005,NY.GDP.MKTP.KD,GDP,EGY
2006-01-01,,1385,,gdp_const_usd_egy,228387426639.909,constant 2015 USD,World Bank WDI API,2006,NY.GDP.MKTP.KD,GDP,EGY
2007-01-01,,1386,,gdp_const_usd_egy,244575133304.554,constant 2015 USD,World Bank WDI API,2007,NY.GDP.MKTP.KD,GDP,EGY
2008-01-01,,1387,,gdp_const_usd_egy,262077623378.478,constant 2015 USD,World Bank WDI API,2008,NY.GDP.MKTP.KD,GDP,EGY
2009-01-01,,1388,,gdp_const_usd_egy,274326082660.557,constant 2015 USD,World Bank WDI API,2009,NY.GDP.MKTP.KD,GDP,EGY
2010-01-01,,1389,,gdp_const_usd_egy,288446290410.386,constant 2015 USD,World Bank WDI API,2010,NY.GDP.MKTP.KD,GDP,EGY
2011-01-01,,1390,,gdp_const_usd_egy,293536132736.188,constant 2015 USD,World Bank WDI API,2011,NY.GDP.MKTP.KD,GDP,EGY
2012-01-01,,1391,,gdp_const_usd_egy,300070833530.761,constant 2015 USD,World Bank WDI API,2012,NY.GDP.MKTP.KD,GDP,EGY
2013-01-01,,1392,,gdp_const_usd_egy,306628779734.432,constant 2015 USD,World Bank WDI API,2013,NY.GDP.MKTP.KD,GDP,EGY
2014-01-01,,1393,,gdp_const_usd_egy,315569804751.828,constant 2015 USD,World Bank WDI API,2014,NY.GDP.MKTP.KD,GDP,EGY
2015-01-01,,1394,,gdp_const_usd_egy,329366576819.407,constant 2015 USD,World Bank WDI API,2015,NY.GDP.MKTP.KD,GDP,EGY
2016-01-01,,1395,,gdp_const_usd_egy,343682967577.042,constant 2015 USD,World Bank WDI API,2016,NY.GDP.MKTP.KD,GDP,EGY
2017-01-01,,1396,,gdp_const_usd_egy,358053111989.475,constant 2015 USD,World Bank WDI API,2017,NY.GDP.MKTP.KD,GDP,EGY
2018-01-01,,1397,,gdp_const_usd_egy,377141312302.884,constant 2015 USD,World Bank WDI API,2018,NY.GDP.MKTP.KD,GDP,EGY
2019-01-01,,1398,,gdp_const_usd_egy,398080548970.536,constant 2015 USD,World Bank WDI API,2019,NY.GDP.MKTP.KD,GDP,EGY
2020-01-01,,1399,,gdp_const_usd_egy,412213064650.314,constant 2015 USD,World Bank WDI API,2020,NY.GDP.MKTP.KD,GDP,EGY
2021-01-01,,1400,,gdp_const_usd_egy,425777537422.894,constant 2015 USD,World Bank WDI API,2021,NY.GDP.MKTP.KD,GDP,EGY
2022-01-01,,1401,,gdp_const_usd_egy,453827104224.859,constant 2015 USD,World Bank WDI API,2022,NY.GDP.MKTP.KD,GDP,EGY
2023-01-01,,1402,,gdp_const_usd_egy,470892276432.179,constant 2015 USD,World Bank WDI API,2023,NY.GDP.MKTP.KD,GDP,EGY
2024-01-01,,1403,,gdp_const_usd_egy,482189779212.902,constant 2015 USD,World Bank WDI API,2024,NY.GDP.MKTP.KD,GDP,EGY
2025-01-01,,1404,,gdp_const_usd_egy,503367605841.295,constant 2015 USD,World Bank WDI API,2025,NY.GDP.MKTP.KD,GDP,EGY
1960-01-01,,1339,,gdp_const_usd_irn,50350548202.7421,constant 2015 USD,World Bank WDI API,1960,NY.GDP.MKTP.KD,GDP,IRN
1961-01-01,,1340,,gdp_const_usd_irn,55582432557.7808,constant 2015 USD,World Bank WDI API,1961,NY.GDP.MKTP.KD,GDP,IRN
1962-01-01,,1341,,gdp_const_usd_irn,59978596070.5945,constant 2015 USD,World Bank WDI API,1962,NY.GDP.MKTP.KD,GDP,IRN
1963-01-01,,1342,,gdp_const_usd_irn,64202333927.261,constant 2015 USD,World Bank WDI API,1963,NY.GDP.MKTP.KD,GDP,IRN
1964-01-01,,1343,,gdp_const_usd_irn,69643628268.6439,constant 2015 USD,World Bank WDI API,1964,NY.GDP.MKTP.KD,GDP,IRN
1965-01-01,,1344,,gdp_const_usd_irn,81507915872.7607,constant 2015 USD,World Bank WDI API,1965,NY.GDP.MKTP.KD,GDP,IRN
1966-01-01,,1345,,gdp_const_usd_irn,90883288325.821,constant 2015 USD,World Bank WDI API,1966,NY.GDP.MKTP.KD,GDP,IRN
1967-01-01,,1346,,gdp_const_usd_irn,101110205808.448,constant 2015 USD,World Bank WDI API,1967,NY.GDP.MKTP.KD,GDP,IRN
1968-01-01,,1347,,gdp_const_usd_irn,115674304556.643,constant 2015 USD,World Bank WDI API,1968,NY.GDP.MKTP.KD,GDP,IRN
1969-01-01,,1348,,gdp_const_usd_irn,133623091839.002,constant 2015 USD,World Bank WDI API,1969,NY.GDP.MKTP.KD,GDP,IRN
1970-01-01,,1349,,gdp_const_usd_irn,148224891000.395,constant 2015 USD,World Bank WDI API,1970,NY.GDP.MKTP.KD,GDP,IRN
1971-01-01,,1350,,gdp_const_usd_irn,168534047458.466,constant 2015 USD,World Bank WDI API,1971,NY.GDP.MKTP.KD,GDP,IRN
1972-01-01,,1351,,gdp_const_usd_irn,192969825709.818,constant 2015 USD,World Bank WDI API,1972,NY.GDP.MKTP.KD,GDP,IRN
1973-01-01,,1352,,gdp_const_usd_irn,207330025746.583,constant 2015 USD,World Bank WDI API,1973,NY.GDP.MKTP.KD,GDP,IRN
1974-01-01,,1353,,gdp_const_usd_irn,219357345962.942,constant 2015 USD,World Bank WDI API,1974,NY.GDP.MKTP.KD,GDP,IRN
1975-01-01,,1354,,gdp_const_usd_irn,218641766675.082,constant 2015 USD,World Bank WDI API,1975,NY.GDP.MKTP.KD,GDP,IRN
1976-01-01,,1355,,gdp_const_usd_irn,258566705735.058,constant 2015 USD,World Bank WDI API,1976,NY.GDP.MKTP.KD,GDP,IRN
1977-01-01,,1356,,gdp_const_usd_irn,251395157266.795,constant 2015 USD,World Bank WDI API,1977,NY.GDP.MKTP.KD,GDP,IRN
1978-01-01,,1357,,gdp_const_usd_irn,219113865436.214,constant 2015 USD,World Bank WDI API,1978,NY.GDP.MKTP.KD,GDP,IRN
1979-01-01,,1358,,gdp_const_usd_irn,192774712987.119,constant 2015 USD,World Bank WDI API,1979,NY.GDP.MKTP.KD,GDP,IRN
1980-01-01,,1359,,gdp_const_usd_irn,151136050943.17,constant 2015 USD,World Bank WDI API,1980,NY.GDP.MKTP.KD,GDP,IRN
1981-01-01,,1360,,gdp_const_usd_irn,142526151688.067,constant 2015 USD,World Bank WDI API,1981,NY.GDP.MKTP.KD,GDP,IRN
1982-01-01,,1361,,gdp_const_usd_irn,175551236248.121,constant 2015 USD,World Bank WDI API,1982,NY.GDP.MKTP.KD,GDP,IRN
1983-01-01,,1362,,gdp_const_usd_irn,195014104732.137,constant 2015 USD,World Bank WDI API,1983,NY.GDP.MKTP.KD,GDP,IRN
1984-01-01,,1363,,gdp_const_usd_irn,181090389202.494,constant 2015 USD,World Bank WDI API,1984,NY.GDP.MKTP.KD,GDP,IRN
1985-01-01,,1364,,gdp_const_usd_irn,184472523734.211,constant 2015 USD,World Bank WDI API,1985,NY.GDP.MKTP.KD,GDP,IRN
1986-01-01,,1365,,gdp_const_usd_irn,166422061469.432,constant 2015 USD,World Bank WDI API,1986,NY.GDP.MKTP.KD,GDP,IRN
1987-01-01,,1366,,gdp_const_usd_irn,166135636307.771,constant 2015 USD,World Bank WDI API,1987,NY.GDP.MKTP.KD,GDP,IRN
1988-01-01,,1367,,gdp_const_usd_irn,156031272523.14,constant 2015 USD,World Bank WDI API,1988,NY.GDP.MKTP.KD,GDP,IRN
1989-01-01,,1368,,gdp_const_usd_irn,165599290646.835,constant 2015 USD,World Bank WDI API,1989,NY.GDP.MKTP.KD,GDP,IRN
1990-01-01,,1369,,gdp_const_usd_irn,188112392401.369,constant 2015 USD,World Bank WDI API,1990,NY.GDP.MKTP.KD,GDP,IRN
1991-01-01,,1370,,gdp_const_usd_irn,212033043457.695,constant 2015 USD,World Bank WDI API,1991,NY.GDP.MKTP.KD,GDP,IRN
1992-01-01,,1371,,gdp_const_usd_irn,219025854894.467,constant 2015 USD,World Bank WDI API,1992,NY.GDP.MKTP.KD,GDP,IRN
1993-01-01,,1372,,gdp_const_usd_irn,215803959420.018,constant 2015 USD,World Bank WDI API,1993,NY.GDP.MKTP.KD,GDP,IRN
1994-01-01,,1373,,gdp_const_usd_irn,212138990732.738,constant 2015 USD,World Bank WDI API,1994,NY.GDP.MKTP.KD,GDP,IRN
1995-01-01,,1374,,gdp_const_usd_irn,217232542412.818,constant 2015 USD,World Bank WDI API,1995,NY.GDP.MKTP.KD,GDP,IRN
1996-01-01,,1375,,gdp_const_usd_irn,231027951539.907,constant 2015 USD,World Bank WDI API,1996,NY.GDP.MKTP.KD,GDP,IRN
1997-01-01,,1376,,gdp_const_usd_irn,234147751320.933,constant 2015 USD,World Bank WDI API,1997,NY.GDP.MKTP.KD,GDP,IRN
1998-01-01,,1377,,gdp_const_usd_irn,239018052131.649,constant 2015 USD,World Bank WDI API,1998,NY.GDP.MKTP.KD,GDP,IRN
1999-01-01,,1378,,gdp_const_usd_irn,243804857656.766,constant 2015 USD,World Bank WDI API,1999,NY.GDP.MKTP.KD,GDP,IRN
2000-01-01,,1379,,gdp_const_usd_irn,258056537598.384,constant 2015 USD,World Bank WDI API,2000,NY.GDP.MKTP.KD,GDP,IRN
2001-01-01,,1380,,gdp_const_usd_irn,264229695672.548,constant 2015 USD,World Bank WDI API,2001,NY.GDP.MKTP.KD,GDP,IRN
2002-01-01,,1381,,gdp_const_usd_irn,285576361692.342,constant 2015 USD,World Bank WDI API,2002,NY.GDP.MKTP.KD,GDP,IRN
2003-01-01,,1382,,gdp_const_usd_irn,310248155730.812,constant 2015 USD,World Bank WDI API,2003,NY.GDP.MKTP.KD,GDP,IRN
2004-01-01,,1383,,gdp_const_usd_irn,323702581949.347,constant 2015 USD,World Bank WDI API,2004,NY.GDP.MKTP.KD,GDP,IRN
2005-01-01,,1384,,gdp_const_usd_irn,334028060139.024,constant 2015 USD,World Bank WDI API,2005,NY.GDP.MKTP.KD,GDP,IRN
2006-01-01,,1385,,gdp_const_usd_irn,350728779262.979,constant 2015 USD,World Bank WDI API,2006,NY.GDP.MKTP.KD,GDP,IRN
2007-01-01,,1386,,gdp_const_usd_irn,379333424181.702,constant 2015 USD,World Bank WDI API,2007,NY.GDP.MKTP.KD,GDP,IRN
2008-01-01,,1387,,gdp_const_usd_irn,380285006935.854,constant 2015 USD,World Bank WDI API,2008,NY.GDP.MKTP.KD,GDP,IRN
2009-01-01,,1388,,gdp_const_usd_irn,384115942794.318,constant 2015 USD,World Bank WDI API,2009,NY.GDP.MKTP.KD,GDP,IRN
2010-01-01,,1389,,gdp_const_usd_irn,406386748164.51,constant 2015 USD,World Bank WDI API,2010,NY.GDP.MKTP.KD,GDP,IRN
2011-01-01,,1390,,gdp_const_usd_irn,417138595177.331,constant 2015 USD,World Bank WDI API,2011,NY.GDP.MKTP.KD,GDP,IRN
2012-01-01,,1391,,gdp_const_usd_irn,401507697046.153,constant 2015 USD,World Bank WDI API,2012,NY.GDP.MKTP.KD,GDP,IRN
2013-01-01,,1392,,gdp_const_usd_irn,395396833390.87,constant 2015 USD,World Bank WDI API,2013,NY.GDP.MKTP.KD,GDP,IRN
2014-01-01,,1393,,gdp_const_usd_irn,415106476157.82,constant 2015 USD,World Bank WDI API,2014,NY.GDP.MKTP.KD,GDP,IRN
2015-01-01,,1394,,gdp_const_usd_irn,409191686496.677,constant 2015 USD,World Bank WDI API,2015,NY.GDP.MKTP.KD,GDP,IRN
2016-01-01,,1395,,gdp_const_usd_irn,445262288195.34,constant 2015 USD,World Bank WDI API,2016,NY.GDP.MKTP.KD,GDP,IRN
2017-01-01,,1396,,gdp_const_usd_irn,458739730634.758,constant 2015 USD,World Bank WDI API,2017,NY.GDP.MKTP.KD,GDP,IRN
2018-01-01,,1397,,gdp_const_usd_irn,441546348305.719,constant 2015 USD,World Bank WDI API,2018,NY.GDP.MKTP.KD,GDP,IRN
2019-01-01,,1398,,gdp_const_usd_irn,431119516583.705,constant 2015 USD,World Bank WDI API,2019,NY.GDP.MKTP.KD,GDP,IRN
2020-01-01,,1399,,gdp_const_usd_irn,450269020578.621,constant 2015 USD,World Bank WDI API,2020,NY.GDP.MKTP.KD,GDP,IRN
2021-01-01,,1400,,gdp_const_usd_irn,468869169367.781,constant 2015 USD,World Bank WDI API,2021,NY.GDP.MKTP.KD,GDP,IRN
2022-01-01,,1401,,gdp_const_usd_irn,489278157562.545,constant 2015 USD,World Bank WDI API,2022,NY.GDP.MKTP.KD,GDP,IRN
2023-01-01,,1402,,gdp_const_usd_irn,515368187076.863,constant 2015 USD,World Bank WDI API,2023,NY.GDP.MKTP.KD,GDP,IRN
2024-01-01,,1403,,gdp_const_usd_irn,534246745197.836,constant 2015 USD,World Bank WDI API,2024,NY.GDP.MKTP.KD,GDP,IRN
2025-01-01,,1404,,gdp_const_usd_irn,519149083728.835,constant 2015 USD,World Bank WDI API,2025,NY.GDP.MKTP.KD,GDP,IRN
1960-01-01,,1339,,gdp_const_usd_tur,69393850611.6073,constant 2015 USD,World Bank WDI API,1960,NY.GDP.MKTP.KD,GDP,TUR
1961-01-01,,1340,,gdp_const_usd_tur,70196091673.8763,constant 2015 USD,World Bank WDI API,1961,NY.GDP.MKTP.KD,GDP,TUR
1962-01-01,,1341,,gdp_const_usd_tur,74107016788.7045,constant 2015 USD,World Bank WDI API,1962,NY.GDP.MKTP.KD,GDP,TUR
1963-01-01,,1342,,gdp_const_usd_tur,80825785366.5437,constant 2015 USD,World Bank WDI API,1963,NY.GDP.MKTP.KD,GDP,TUR
1964-01-01,,1343,,gdp_const_usd_tur,85238110897.4404,constant 2015 USD,World Bank WDI API,1964,NY.GDP.MKTP.KD,GDP,TUR
1965-01-01,,1344,,gdp_const_usd_tur,87644834140.8987,constant 2015 USD,World Bank WDI API,1965,NY.GDP.MKTP.KD,GDP,TUR
1966-01-01,,1345,,gdp_const_usd_tur,97472287281.1582,constant 2015 USD,World Bank WDI API,1966,NY.GDP.MKTP.KD,GDP,TUR
1967-01-01,,1346,,gdp_const_usd_tur,102085173261.739,constant 2015 USD,World Bank WDI API,1967,NY.GDP.MKTP.KD,GDP,TUR
1968-01-01,,1347,,gdp_const_usd_tur,109004502232.61,constant 2015 USD,World Bank WDI API,1968,NY.GDP.MKTP.KD,GDP,TUR
1969-01-01,,1348,,gdp_const_usd_tur,113453134702.055,constant 2015 USD,World Bank WDI API,1969,NY.GDP.MKTP.KD,GDP,TUR
1970-01-01,,1349,,gdp_const_usd_tur,117121651992.719,constant 2015 USD,World Bank WDI API,1970,NY.GDP.MKTP.KD,GDP,TUR
1971-01-01,,1350,,gdp_const_usd_tur,123641456553.195,constant 2015 USD,World Bank WDI API,1971,NY.GDP.MKTP.KD,GDP,TUR
1972-01-01,,1351,,gdp_const_usd_tur,132822809399.576,constant 2015 USD,World Bank WDI API,1972,NY.GDP.MKTP.KD,GDP,TUR
1973-01-01,,1352,,gdp_const_usd_tur,137155933758.934,constant 2015 USD,World Bank WDI API,1973,NY.GDP.MKTP.KD,GDP,TUR
1974-01-01,,1353,,gdp_const_usd_tur,144829087364.853,constant 2015 USD,World Bank WDI API,1974,NY.GDP.MKTP.KD,GDP,TUR
1975-01-01,,1354,,gdp_const_usd_tur,155219289299.975,constant 2015 USD,World Bank WDI API,1975,NY.GDP.MKTP.KD,GDP,TUR
1976-01-01,,1355,,gdp_const_usd_tur,171457057859.695,constant 2015 USD,World Bank WDI API,1976,NY.GDP.MKTP.KD,GDP,TUR
1977-01-01,,1356,,gdp_const_usd_tur,177298033677.47,constant 2015 USD,World Bank WDI API,1977,NY.GDP.MKTP.KD,GDP,TUR
1978-01-01,,1357,,gdp_const_usd_tur,179962704353.859,constant 2015 USD,World Bank WDI API,1978,NY.GDP.MKTP.KD,GDP,TUR
1979-01-01,,1358,,gdp_const_usd_tur,178839532694.647,constant 2015 USD,World Bank WDI API,1979,NY.GDP.MKTP.KD,GDP,TUR
1980-01-01,,1359,,gdp_const_usd_tur,174462702629.743,constant 2015 USD,World Bank WDI API,1980,NY.GDP.MKTP.KD,GDP,TUR
1981-01-01,,1360,,gdp_const_usd_tur,182935743325.048,constant 2015 USD,World Bank WDI API,1981,NY.GDP.MKTP.KD,GDP,TUR
1982-01-01,,1361,,gdp_const_usd_tur,189454160609.63,constant 2015 USD,World Bank WDI API,1982,NY.GDP.MKTP.KD,GDP,TUR
1983-01-01,,1362,,gdp_const_usd_tur,198872079969.436,constant 2015 USD,World Bank WDI API,1983,NY.GDP.MKTP.KD,GDP,TUR
1984-01-01,,1363,,gdp_const_usd_tur,212220405223.885,constant 2015 USD,World Bank WDI API,1984,NY.GDP.MKTP.KD,GDP,TUR
1985-01-01,,1364,,gdp_const_usd_tur,221221385068.134,constant 2015 USD,World Bank WDI API,1985,NY.GDP.MKTP.KD,GDP,TUR
1986-01-01,,1365,,gdp_const_usd_tur,236733497412.287,constant 2015 USD,World Bank WDI API,1986,NY.GDP.MKTP.KD,GDP,TUR
1987-01-01,,1366,,gdp_const_usd_tur,259188945262.461,constant 2015 USD,World Bank WDI API,1987,NY.GDP.MKTP.KD,GDP,TUR
1988-01-01,,1367,,gdp_const_usd_tur,265204038481.014,constant 2015 USD,World Bank WDI API,1988,NY.GDP.MKTP.KD,GDP,TUR
1989-01-01,,1368,,gdp_const_usd_tur,265973777472.869,constant 2015 USD,World Bank WDI API,1989,NY.GDP.MKTP.KD,GDP,TUR
1990-01-01,,1369,,gdp_const_usd_tur,290619297801.216,constant 2015 USD,World Bank WDI API,1990,NY.GDP.MKTP.KD,GDP,TUR
1991-01-01,,1370,,gdp_const_usd_tur,292712567686.886,constant 2015 USD,World Bank WDI API,1991,NY.GDP.MKTP.KD,GDP,TUR
1992-01-01,,1371,,gdp_const_usd_tur,307452503997.471,constant 2015 USD,World Bank WDI API,1992,NY.GDP.MKTP.KD,GDP,TUR
1993-01-01,,1372,,gdp_const_usd_tur,330976510465.766,constant 2015 USD,World Bank WDI API,1993,NY.GDP.MKTP.KD,GDP,TUR
1994-01-01,,1373,,gdp_const_usd_tur,315526039205.892,constant 2015 USD,World Bank WDI API,1994,NY.GDP.MKTP.KD,GDP,TUR
1995-01-01,,1374,,gdp_const_usd_tur,340384022644.803,constant 2015 USD,World Bank WDI API,1995,NY.GDP.MKTP.KD,GDP,TUR
1996-01-01,,1375,,gdp_const_usd_tur,364748025041.481,constant 2015 USD,World Bank WDI API,1996,NY.GDP.MKTP.KD,GDP,TUR
1997-01-01,,1376,,gdp_const_usd_tur,391585682738.779,constant 2015 USD,World Bank WDI API,1997,NY.GDP.MKTP.KD,GDP,TUR
1998-01-01,,1377,,gdp_const_usd_tur,399059372123.491,constant 2015 USD,World Bank WDI API,1998,NY.GDP.MKTP.KD,GDP,TUR
1999-01-01,,1378,,gdp_const_usd_tur,386877005103.984,constant 2015 USD,World Bank WDI API,1999,NY.GDP.MKTP.KD,GDP,TUR
2000-01-01,,1379,,gdp_const_usd_tur,413901474163.049,constant 2015 USD,World Bank WDI API,2000,NY.GDP.MKTP.KD,GDP,TUR
2001-01-01,,1380,,gdp_const_usd_tur,391304902374.343,constant 2015 USD,World Bank WDI API,2001,NY.GDP.MKTP.KD,GDP,TUR
2002-01-01,,1381,,gdp_const_usd_tur,416487363949.901,constant 2015 USD,World Bank WDI API,2002,NY.GDP.MKTP.KD,GDP,TUR
2003-01-01,,1382,,gdp_const_usd_tur,440639854394.832,constant 2015 USD,World Bank WDI API,2003,NY.GDP.MKTP.KD,GDP,TUR
2004-01-01,,1383,,gdp_const_usd_tur,484375146822.671,constant 2015 USD,World Bank WDI API,2004,NY.GDP.MKTP.KD,GDP,TUR
2005-01-01,,1384,,gdp_const_usd_tur,528509363515.706,constant 2015 USD,World Bank WDI API,2005,NY.GDP.MKTP.KD,GDP,TUR
2006-01-01,,1385,,gdp_const_usd_tur,565862429106.909,constant 2015 USD,World Bank WDI API,2006,NY.GDP.MKTP.KD,GDP,TUR
2007-01-01,,1386,,gdp_const_usd_tur,594767729617.936,constant 2015 USD,World Bank WDI API,2007,NY.GDP.MKTP.KD,GDP,TUR
2008-01-01,,1387,,gdp_const_usd_tur,600240295872.955,constant 2015 USD,World Bank WDI API,2008,NY.GDP.MKTP.KD,GDP,TUR
2009-01-01,,1388,,gdp_const_usd_tur,570932398858.345,constant 2015 USD,World Bank WDI API,2009,NY.GDP.MKTP.KD,GDP,TUR
2010-01-01,,1389,,gdp_const_usd_tur,619702577582.152,constant 2015 USD,World Bank WDI API,2010,NY.GDP.MKTP.KD,GDP,TUR
2011-01-01,,1390,,gdp_const_usd_tur,687745688381.755,constant 2015 USD,World Bank WDI API,2011,NY.GDP.MKTP.KD,GDP,TUR
2012-01-01,,1391,,gdp_const_usd_tur,720809935556.199,constant 2015 USD,World Bank WDI API,2012,NY.GDP.MKTP.KD,GDP,TUR
2013-01-01,,1392,,gdp_const_usd_tur,781994134596.37,constant 2015 USD,World Bank WDI API,2013,NY.GDP.MKTP.KD,GDP,TUR
2014-01-01,,1393,,gdp_const_usd_tur,817972077517.761,constant 2015 USD,World Bank WDI API,2014,NY.GDP.MKTP.KD,GDP,TUR
2015-01-01,,1394,,gdp_const_usd_tur,865460050683.656,constant 2015 USD,World Bank WDI API,2015,NY.GDP.MKTP.KD,GDP,TUR
2016-01-01,,1395,,gdp_const_usd_tur,894225044186.927,constant 2015 USD,World Bank WDI API,2016,NY.GDP.MKTP.KD,GDP,TUR
2017-01-01,,1396,,gdp_const_usd_tur,964205820086.089,constant 2015 USD,World Bank WDI API,2017,NY.GDP.MKTP.KD,GDP,TUR
2018-01-01,,1397,,gdp_const_usd_tur,997645953748.995,constant 2015 USD,World Bank WDI API,2018,NY.GDP.MKTP.KD,GDP,TUR
2019-01-01,,1398,,gdp_const_usd_tur,1010631549472.6,constant 2015 USD,World Bank WDI API,2019,NY.GDP.MKTP.KD,GDP,TUR
2020-01-01,,1399,,gdp_const_usd_tur,1028853867659.94,constant 2015 USD,World Bank WDI API,2020,NY.GDP.MKTP.KD,GDP,TUR
2021-01-01,,1400,,gdp_const_usd_tur,1150372769727.98,constant 2015 USD,World Bank WDI API,2021,NY.GDP.MKTP.KD,GDP,TUR
2022-01-01,,1401,,gdp_const_usd_tur,1212967141770.11,constant 2015 USD,World Bank WDI API,2022,NY.GDP.MKTP.KD,GDP,TUR
2023-01-01,,1402,,gdp_const_usd_tur,1274162834489.99,constant 2015 USD,World Bank WDI API,2023,NY.GDP.MKTP.KD,GDP,TUR
2024-01-01,,1403,,gdp_const_usd_tur,1316562171166.78,constant 2015 USD,World Bank WDI API,2024,NY.GDP.MKTP.KD,GDP,TUR
2025-01-01,,1404,,gdp_const_usd_tur,1364019302183.26,constant 2015 USD,World Bank WDI API,2025,NY.GDP.MKTP.KD,GDP,TUR
1960-01-01,,1339,,gdp_current_usd_egy,4206270352.22633,current USD,World Bank WDI API,1960,NY.GDP.MKTP.CD,GDP,EGY
1961-01-01,,1340,,gdp_current_usd_egy,4494575611.21289,current USD,World Bank WDI API,1961,NY.GDP.MKTP.CD,GDP,EGY
1962-01-01,,1341,,gdp_current_usd_egy,4035462027.39753,current USD,World Bank WDI API,1962,NY.GDP.MKTP.CD,GDP,EGY
1963-01-01,,1342,,gdp_current_usd_egy,4187146231.56839,current USD,World Bank WDI API,1963,NY.GDP.MKTP.CD,GDP,EGY
1964-01-01,,1343,,gdp_current_usd_egy,4709245761.67881,current USD,World Bank WDI API,1964,NY.GDP.MKTP.CD,GDP,EGY
1965-01-01,,1344,,gdp_current_usd_egy,4948667540.41066,current USD,World Bank WDI API,1965,NY.GDP.MKTP.CD,GDP,EGY
1966-01-01,,1345,,gdp_current_usd_egy,5278005611.91453,current USD,World Bank WDI API,1966,NY.GDP.MKTP.CD,GDP,EGY
1967-01-01,,1346,,gdp_current_usd_egy,5605484298.98275,current USD,World Bank WDI API,1967,NY.GDP.MKTP.CD,GDP,EGY
1968-01-01,,1347,,gdp_current_usd_egy,5932242990.65421,current USD,World Bank WDI API,1968,NY.GDP.MKTP.CD,GDP,EGY
1969-01-01,,1348,,gdp_current_usd_egy,6524455205.81114,current USD,World Bank WDI API,1969,NY.GDP.MKTP.CD,GDP,EGY
1970-01-01,,1349,,gdp_current_usd_egy,8042200452.1477,current USD,World Bank WDI API,1970,NY.GDP.MKTP.CD,GDP,EGY
1971-01-01,,1350,,gdp_current_usd_egy,8609283346.08518,current USD,World Bank WDI API,1971,NY.GDP.MKTP.CD,GDP,EGY
1972-01-01,,1351,,gdp_current_usd_egy,9299638055.84281,current USD,World Bank WDI API,1972,NY.GDP.MKTP.CD,GDP,EGY
1973-01-01,,1352,,gdp_current_usd_egy,10098534613.4411,current USD,World Bank WDI API,1973,NY.GDP.MKTP.CD,GDP,EGY
1974-01-01,,1353,,gdp_current_usd_egy,9228963224.60004,current USD,World Bank WDI API,1974,NY.GDP.MKTP.CD,GDP,EGY
1975-01-01,,1354,,gdp_current_usd_egy,11632178868.9171,current USD,World Bank WDI API,1975,NY.GDP.MKTP.CD,GDP,EGY
1976-01-01,,1355,,gdp_current_usd_egy,13315988083.4161,current USD,World Bank WDI API,1976,NY.GDP.MKTP.CD,GDP,EGY
1977-01-01,,1356,,gdp_current_usd_egy,14400806875.9867,current USD,World Bank WDI API,1977,NY.GDP.MKTP.CD,GDP,EGY
1978-01-01,,1357,,gdp_current_usd_egy,14811704063.0685,current USD,World Bank WDI API,1978,NY.GDP.MKTP.CD,GDP,EGY
1979-01-01,,1358,,gdp_current_usd_egy,18020571428.5714,current USD,World Bank WDI API,1979,NY.GDP.MKTP.CD,GDP,EGY
1980-01-01,,1359,,gdp_current_usd_egy,21669908176.3889,current USD,World Bank WDI API,1980,NY.GDP.MKTP.CD,GDP,EGY
1981-01-01,,1360,,gdp_current_usd_egy,22136081081.0811,current USD,World Bank WDI API,1981,NY.GDP.MKTP.CD,GDP,EGY
1982-01-01,,1361,,gdp_current_usd_egy,27655172413.7931,current USD,World Bank WDI API,1982,NY.GDP.MKTP.CD,GDP,EGY
1983-01-01,,1362,,gdp_current_usd_egy,30966239813.7369,current USD,World Bank WDI API,1983,NY.GDP.MKTP.CD,GDP,EGY
1984-01-01,,1363,,gdp_current_usd_egy,33971188991.6147,current USD,World Bank WDI API,1984,NY.GDP.MKTP.CD,GDP,EGY
1985-01-01,,1364,,gdp_current_usd_egy,39053502251.0732,current USD,World Bank WDI API,1985,NY.GDP.MKTP.CD,GDP,EGY
1986-01-01,,1365,,gdp_current_usd_egy,41253507951.3564,current USD,World Bank WDI API,1986,NY.GDP.MKTP.CD,GDP,EGY
1987-01-01,,1366,,gdp_current_usd_egy,40455616653.5742,current USD,World Bank WDI API,1987,NY.GDP.MKTP.CD,GDP,EGY
1988-01-01,,1367,,gdp_current_usd_egy,34980124929.0176,current USD,World Bank WDI API,1988,NY.GDP.MKTP.CD,GDP,EGY
1989-01-01,,1368,,gdp_current_usd_egy,39756299049.9793,current USD,World Bank WDI API,1989,NY.GDP.MKTP.CD,GDP,EGY
1990-01-01,,1369,,gdp_current_usd_egy,42978914311.3504,current USD,World Bank WDI API,1990,NY.GDP.MKTP.CD,GDP,EGY
1991-01-01,,1370,,gdp_current_usd_egy,37387836490.5284,current USD,World Bank WDI API,1991,NY.GDP.MKTP.CD,GDP,EGY
1992-01-01,,1371,,gdp_current_usd_egy,41855986519.4235,current USD,World Bank WDI API,1992,NY.GDP.MKTP.CD,GDP,EGY
1993-01-01,,1372,,gdp_current_usd_egy,46578631452.581,current USD,World Bank WDI API,1993,NY.GDP.MKTP.CD,GDP,EGY
1994-01-01,,1373,,gdp_current_usd_egy,51897983392.6453,current USD,World Bank WDI API,1994,NY.GDP.MKTP.CD,GDP,EGY
1995-01-01,,1374,,gdp_current_usd_egy,60159245060.4541,current USD,World Bank WDI API,1995,NY.GDP.MKTP.CD,GDP,EGY
1996-01-01,,1375,,gdp_current_usd_egy,67629716981.1321,current USD,World Bank WDI API,1996,NY.GDP.MKTP.CD,GDP,EGY
1997-01-01,,1376,,gdp_current_usd_egy,78436578171.0914,current USD,World Bank WDI API,1997,NY.GDP.MKTP.CD,GDP,EGY
1998-01-01,,1377,,gdp_current_usd_egy,84828807556.0803,current USD,World Bank WDI API,1998,NY.GDP.MKTP.CD,GDP,EGY
1999-01-01,,1378,,gdp_current_usd_egy,90710704806.8416,current USD,World Bank WDI API,1999,NY.GDP.MKTP.CD,GDP,EGY
2000-01-01,,1379,,gdp_current_usd_egy,99838543960.0763,current USD,World Bank WDI API,2000,NY.GDP.MKTP.CD,GDP,EGY
2001-01-01,,1380,,gdp_current_usd_egy,96684636118.5984,current USD,World Bank WDI API,2001,NY.GDP.MKTP.CD,GDP,EGY
2002-01-01,,1381,,gdp_current_usd_egy,85146067415.7303,current USD,World Bank WDI API,2002,NY.GDP.MKTP.CD,GDP,EGY
2003-01-01,,1382,,gdp_current_usd_egy,80288461538.4615,current USD,World Bank WDI API,2003,NY.GDP.MKTP.CD,GDP,EGY
2004-01-01,,1383,,gdp_current_usd_egy,78782467532.4675,current USD,World Bank WDI API,2004,NY.GDP.MKTP.CD,GDP,EGY
2005-01-01,,1384,,gdp_current_usd_egy,89660339660.3397,current USD,World Bank WDI API,2005,NY.GDP.MKTP.CD,GDP,EGY
2006-01-01,,1385,,gdp_current_usd_egy,107426086956.522,current USD,World Bank WDI API,2006,NY.GDP.MKTP.CD,GDP,EGY
2007-01-01,,1386,,gdp_current_usd_egy,130437828371.278,current USD,World Bank WDI API,2007,NY.GDP.MKTP.CD,GDP,EGY
2008-01-01,,1387,,gdp_current_usd_egy,162818181818.182,current USD,World Bank WDI API,2008,NY.GDP.MKTP.CD,GDP,EGY
2009-01-01,,1388,,gdp_current_usd_egy,189147005444.646,current USD,World Bank WDI API,2009,NY.GDP.MKTP.CD,GDP,EGY
2010-01-01,,1389,,gdp_current_usd_egy,218983666061.706,current USD,World Bank WDI API,2010,NY.GDP.MKTP.CD,GDP,EGY
2011-01-01,,1390,,gdp_current_usd_egy,235989672977.625,current USD,World Bank WDI API,2011,NY.GDP.MKTP.CD,GDP,EGY
2012-01-01,,1391,,gdp_current_usd_egy,279116666666.667,current USD,World Bank WDI API,2012,NY.GDP.MKTP.CD,GDP,EGY
2013-01-01,,1392,,gdp_current_usd_egy,288434108527.132,current USD,World Bank WDI API,2013,NY.GDP.MKTP.CD,GDP,EGY
2014-01-01,,1393,,gdp_current_usd_egy,305595408895.265,current USD,World Bank WDI API,2014,NY.GDP.MKTP.CD,GDP,EGY
2015-01-01,,1394,,gdp_current_usd_egy,329366576819.407,current USD,World Bank WDI API,2015,NY.GDP.MKTP.CD,GDP,EGY
2016-01-01,,1395,,gdp_current_usd_egy,332441717791.411,current USD,World Bank WDI API,2016,NY.GDP.MKTP.CD,GDP,EGY
2017-01-01,,1396,,gdp_current_usd_egy,248362771739.13,current USD,World Bank WDI API,2017,NY.GDP.MKTP.CD,GDP,EGY
2018-01-01,,1397,,gdp_current_usd_egy,262588632526.73,current USD,World Bank WDI API,2018,NY.GDP.MKTP.CD,GDP,EGY
2019-01-01,,1398,,gdp_current_usd_egy,318678815489.749,current USD,World Bank WDI API,2019,NY.GDP.MKTP.CD,GDP,EGY
2020-01-01,,1399,,gdp_current_usd_egy,383817841547.099,current USD,World Bank WDI API,2020,NY.GDP.MKTP.CD,GDP,EGY
2021-01-01,,1400,,gdp_current_usd_egy,424671765455.704,current USD,World Bank WDI API,2021,NY.GDP.MKTP.CD,GDP,EGY
2022-01-01,,1401,,gdp_current_usd_egy,476747720364.742,current USD,World Bank WDI API,2022,NY.GDP.MKTP.CD,GDP,EGY
2023-01-01,,1402,,gdp_current_usd_egy,395926071447.591,current USD,World Bank WDI API,2023,NY.GDP.MKTP.CD,GDP,EGY
2024-01-01,,1403,,gdp_current_usd_egy,389059910593.1,current USD,World Bank WDI API,2024,NY.GDP.MKTP.CD,GDP,EGY
2025-01-01,,1404,,gdp_current_usd_egy,365254630179.737,current USD,World Bank WDI API,2025,NY.GDP.MKTP.CD,GDP,EGY
1960-01-01,,1339,,gdp_current_usd_irn,4199134389.9037,current USD,World Bank WDI API,1960,NY.GDP.MKTP.CD,GDP,IRN
1961-01-01,,1340,,gdp_current_usd_irn,4426949094.8403,current USD,World Bank WDI API,1961,NY.GDP.MKTP.CD,GDP,IRN
1962-01-01,,1341,,gdp_current_usd_irn,4693566416.48346,current USD,World Bank WDI API,1962,NY.GDP.MKTP.CD,GDP,IRN
1963-01-01,,1342,,gdp_current_usd_irn,4928628018.38759,current USD,World Bank WDI API,1963,NY.GDP.MKTP.CD,GDP,IRN
1964-01-01,,1343,,gdp_current_usd_irn,5379845647.70139,current USD,World Bank WDI API,1964,NY.GDP.MKTP.CD,GDP,IRN
1965-01-01,,1344,,gdp_current_usd_irn,6197319929.04038,current USD,World Bank WDI API,1965,NY.GDP.MKTP.CD,GDP,IRN
1966-01-01,,1345,,gdp_current_usd_irn,6789938671.75094,current USD,World Bank WDI API,1966,NY.GDP.MKTP.CD,GDP,IRN
1967-01-01,,1346,,gdp_current_usd_irn,7555383690.16,current USD,World Bank WDI API,1967,NY.GDP.MKTP.CD,GDP,IRN
1968-01-01,,1347,,gdp_current_usd_irn,8623172959.89803,current USD,World Bank WDI API,1968,NY.GDP.MKTP.CD,GDP,IRN
1969-01-01,,1348,,gdp_current_usd_irn,9743089607.49587,current USD,World Bank WDI API,1969,NY.GDP.MKTP.CD,GDP,IRN
1970-01-01,,1349,,gdp_current_usd_irn,10976245153.5894,current USD,World Bank WDI API,1970,NY.GDP.MKTP.CD,GDP,IRN
1971-01-01,,1350,,gdp_current_usd_irn,13731802833.0363,current USD,World Bank WDI API,1971,NY.GDP.MKTP.CD,GDP,IRN
1972-01-01,,1351,,gdp_current_usd_irn,17153463263.1086,current USD,World Bank WDI API,1972,NY.GDP.MKTP.CD,GDP,IRN
1973-01-01,,1352,,gdp_current_usd_irn,27081698249.5083,current USD,World Bank WDI API,1973,NY.GDP.MKTP.CD,GDP,IRN
1974-01-01,,1353,,gdp_current_usd_irn,46209092072.1383,current USD,World Bank WDI API,1974,NY.GDP.MKTP.CD,GDP,IRN
1975-01-01,,1354,,gdp_current_usd_irn,51776222349.8869,current USD,World Bank WDI API,1975,NY.GDP.MKTP.CD,GDP,IRN
1976-01-01,,1355,,gdp_current_usd_irn,68055295080.7538,current USD,World Bank WDI API,1976,NY.GDP.MKTP.CD,GDP,IRN
1977-01-01,,1356,,gdp_current_usd_irn,80600122701.9632,current USD,World Bank WDI API,1977,NY.GDP.MKTP.CD,GDP,IRN
1978-01-01,,1357,,gdp_current_usd_irn,77994316621.4814,current USD,World Bank WDI API,1978,NY.GDP.MKTP.CD,GDP,IRN
1979-01-01,,1358,,gdp_current_usd_irn,90391877325.9285,current USD,World Bank WDI API,1979,NY.GDP.MKTP.CD,GDP,IRN
1980-01-01,,1359,,gdp_current_usd_irn,94362275580.0229,current USD,World Bank WDI API,1980,NY.GDP.MKTP.CD,GDP,IRN
1981-01-01,,1360,,gdp_current_usd_irn,100499312749.923,current USD,World Bank WDI API,1981,NY.GDP.MKTP.CD,GDP,IRN
1982-01-01,,1361,,gdp_current_usd_irn,125948756439.485,current USD,World Bank WDI API,1982,NY.GDP.MKTP.CD,GDP,IRN
1983-01-01,,1362,,gdp_current_usd_irn,156365156618.241,current USD,World Bank WDI API,1983,NY.GDP.MKTP.CD,GDP,IRN
1984-01-01,,1363,,gdp_current_usd_irn,162276728619.519,current USD,World Bank WDI API,1984,NY.GDP.MKTP.CD,GDP,IRN
1985-01-01,,1364,,gdp_current_usd_irn,180183629599.684,current USD,World Bank WDI API,1985,NY.GDP.MKTP.CD,GDP,IRN
1986-01-01,,1365,,gdp_current_usd_irn,209094561833.48,current USD,World Bank WDI API,1986,NY.GDP.MKTP.CD,GDP,IRN
1987-01-01,,1366,,gdp_current_usd_irn,134009995923.169,current USD,World Bank WDI API,1987,NY.GDP.MKTP.CD,GDP,IRN
1988-01-01,,1367,,gdp_current_usd_irn,123057861333.908,current USD,World Bank WDI API,1988,NY.GDP.MKTP.CD,GDP,IRN
1989-01-01,,1368,,gdp_current_usd_irn,120496362916.271,current USD,World Bank WDI API,1989,NY.GDP.MKTP.CD,GDP,IRN
1990-01-01,,1369,,gdp_current_usd_irn,124813263926.225,current USD,World Bank WDI API,1990,NY.GDP.MKTP.CD,GDP,IRN
1991-01-01,,1370,,gdp_current_usd_irn,131637664958.014,current USD,World Bank WDI API,1991,NY.GDP.MKTP.CD,GDP,IRN
1992-01-01,,1371,,gdp_current_usd_irn,119768691216.667,current USD,World Bank WDI API,1992,NY.GDP.MKTP.CD,GDP,IRN
1993-01-01,,1372,,gdp_current_usd_irn,63743623232.012,current USD,World Bank WDI API,1993,NY.GDP.MKTP.CD,GDP,IRN
1994-01-01,,1373,,gdp_current_usd_irn,71841461172.5964,current USD,World Bank WDI API,1994,NY.GDP.MKTP.CD,GDP,IRN
1995-01-01,,1374,,gdp_current_usd_irn,96419225743.6737,current USD,World Bank WDI API,1995,NY.GDP.MKTP.CD,GDP,IRN
1996-01-01,,1375,,gdp_current_usd_irn,120403931885.441,current USD,World Bank WDI API,1996,NY.GDP.MKTP.CD,GDP,IRN
1997-01-01,,1376,,gdp_current_usd_irn,113919163421.155,current USD,World Bank WDI API,1997,NY.GDP.MKTP.CD,GDP,IRN
1998-01-01,,1377,,gdp_current_usd_irn,110276913362.508,current USD,World Bank WDI API,1998,NY.GDP.MKTP.CD,GDP,IRN
1999-01-01,,1378,,gdp_current_usd_irn,113848450088.351,current USD,World Bank WDI API,1999,NY.GDP.MKTP.CD,GDP,IRN
2000-01-01,,1379,,gdp_current_usd_irn,109591707802.216,current USD,World Bank WDI API,2000,NY.GDP.MKTP.CD,GDP,IRN
2001-01-01,,1380,,gdp_current_usd_irn,126878750295.944,current USD,World Bank WDI API,2001,NY.GDP.MKTP.CD,GDP,IRN
2002-01-01,,1381,,gdp_current_usd_irn,128626917503.72,current USD,World Bank WDI API,2002,NY.GDP.MKTP.CD,GDP,IRN
2003-01-01,,1382,,gdp_current_usd_irn,151911222119.488,current USD,World Bank WDI API,2003,NY.GDP.MKTP.CD,GDP,IRN
2004-01-01,,1383,,gdp_current_usd_irn,187754571247.666,current USD,World Bank WDI API,2004,NY.GDP.MKTP.CD,GDP,IRN
2005-01-01,,1384,,gdp_current_usd_irn,224970371324.67,current USD,World Bank WDI API,2005,NY.GDP.MKTP.CD,GDP,IRN
2006-01-01,,1385,,gdp_current_usd_irn,265602187403.643,current USD,World Bank WDI API,2006,NY.GDP.MKTP.CD,GDP,IRN
2007-01-01,,1386,,gdp_current_usd_irn,349736591832.418,current USD,World Bank WDI API,2007,NY.GDP.MKTP.CD,GDP,IRN
2008-01-01,,1387,,gdp_current_usd_irn,406070949553.875,current USD,World Bank WDI API,2008,NY.GDP.MKTP.CD,GDP,IRN
2009-01-01,,1388,,gdp_current_usd_irn,414059094949.063,current USD,World Bank WDI API,2009,NY.GDP.MKTP.CD,GDP,IRN
2010-01-01,,1389,,gdp_current_usd_irn,487069570463.768,current USD,World Bank WDI API,2010,NY.GDP.MKTP.CD,GDP,IRN
2011-01-01,,1390,,gdp_current_usd_irn,629082257472.368,current USD,World Bank WDI API,2011,NY.GDP.MKTP.CD,GDP,IRN
2012-01-01,,1391,,gdp_current_usd_irn,644019315003.54,current USD,World Bank WDI API,2012,NY.GDP.MKTP.CD,GDP,IRN
2013-01-01,,1392,,gdp_current_usd_irn,500399839839.877,current USD,World Bank WDI API,2013,NY.GDP.MKTP.CD,GDP,IRN
2014-01-01,,1393,,gdp_current_usd_irn,462284793280.825,current USD,World Bank WDI API,2014,NY.GDP.MKTP.CD,GDP,IRN
2015-01-01,,1394,,gdp_current_usd_irn,409191686496.677,current USD,World Bank WDI API,2015,NY.GDP.MKTP.CD,GDP,IRN
2016-01-01,,1395,,gdp_current_usd_irn,478618064870.999,current USD,World Bank WDI API,2016,NY.GDP.MKTP.CD,GDP,IRN
2017-01-01,,1396,,gdp_current_usd_irn,510239893417.645,current USD,World Bank WDI API,2017,NY.GDP.MKTP.CD,GDP,IRN
2018-01-01,,1397,,gdp_current_usd_irn,411903303606.044,current USD,World Bank WDI API,2018,NY.GDP.MKTP.CD,GDP,IRN
2019-01-01,,1398,,gdp_current_usd_irn,347988400957.999,current USD,World Bank WDI API,2019,NY.GDP.MKTP.CD,GDP,IRN
2020-01-01,,1399,,gdp_current_usd_irn,280934329279.723,current USD,World Bank WDI API,2020,NY.GDP.MKTP.CD,GDP,IRN
2021-01-01,,1400,,gdp_current_usd_irn,407350685583.335,current USD,World Bank WDI API,2021,NY.GDP.MKTP.CD,GDP,IRN
2022-01-01,,1401,,gdp_current_usd_irn,422662261525.665,current USD,World Bank WDI API,2022,NY.GDP.MKTP.CD,GDP,IRN
2023-01-01,,1402,,gdp_current_usd_irn,457510482317.483,current USD,World Bank WDI API,2023,NY.GDP.MKTP.CD,GDP,IRN
2024-01-01,,1403,,gdp_current_usd_irn,475252089215.416,current USD,World Bank WDI API,2024,NY.GDP.MKTP.CD,GDP,IRN
2025-01-01,,1404,,gdp_current_usd_irn,362682115433.364,current USD,World Bank WDI API,2025,NY.GDP.MKTP.CD,GDP,IRN
1960-01-01,,1339,,gdp_current_usd_tur,7566666666.66667,current USD,World Bank WDI API,1960,NY.GDP.MKTP.CD,GDP,TUR
1961-01-01,,1340,,gdp_current_usd_tur,7988888888.88889,current USD,World Bank WDI API,1961,NY.GDP.MKTP.CD,GDP,TUR
1962-01-01,,1341,,gdp_current_usd_tur,8922222222.22222,current USD,World Bank WDI API,1962,NY.GDP.MKTP.CD,GDP,TUR
1963-01-01,,1342,,gdp_current_usd_tur,10355555555.5556,current USD,World Bank WDI API,1963,NY.GDP.MKTP.CD,GDP,TUR
1964-01-01,,1343,,gdp_current_usd_tur,11177777777.7778,current USD,World Bank WDI API,1964,NY.GDP.MKTP.CD,GDP,TUR
1965-01-01,,1344,,gdp_current_usd_tur,11966666666.6667,current USD,World Bank WDI API,1965,NY.GDP.MKTP.CD,GDP,TUR
1966-01-01,,1345,,gdp_current_usd_tur,14100000000.0,current USD,World Bank WDI API,1966,NY.GDP.MKTP.CD,GDP,TUR
1967-01-01,,1346,,gdp_current_usd_tur,15644444444.4444,current USD,World Bank WDI API,1967,NY.GDP.MKTP.CD,GDP,TUR
1968-01-01,,1347,,gdp_current_usd_tur,17500000000.0,current USD,World Bank WDI API,1968,NY.GDP.MKTP.CD,GDP,TUR
1969-01-01,,1348,,gdp_current_usd_tur,19466666666.6667,current USD,World Bank WDI API,1969,NY.GDP.MKTP.CD,GDP,TUR
1970-01-01,,1349,,gdp_current_usd_tur,17863636363.6364,current USD,World Bank WDI API,1970,NY.GDP.MKTP.CD,GDP,TUR
1971-01-01,,1350,,gdp_current_usd_tur,16166666666.6667,current USD,World Bank WDI API,1971,NY.GDP.MKTP.CD,GDP,TUR
1972-01-01,,1351,,gdp_current_usd_tur,20650000000.0,current USD,World Bank WDI API,1972,NY.GDP.MKTP.CD,GDP,TUR
1973-01-01,,1352,,gdp_current_usd_tur,26000000000.0,current USD,World Bank WDI API,1973,NY.GDP.MKTP.CD,GDP,TUR
1974-01-01,,1353,,gdp_current_usd_tur,35414285714.2857,current USD,World Bank WDI API,1974,NY.GDP.MKTP.CD,GDP,TUR
1975-01-01,,1354,,gdp_current_usd_tur,46042857142.8571,current USD,World Bank WDI API,1975,NY.GDP.MKTP.CD,GDP,TUR
1976-01-01,,1355,,gdp_current_usd_tur,51450000000.0,current USD,World Bank WDI API,1976,NY.GDP.MKTP.CD,GDP,TUR
1977-01-01,,1356,,gdp_current_usd_tur,58683333333.3333,current USD,World Bank WDI API,1977,NY.GDP.MKTP.CD,GDP,TUR
1978-01-01,,1357,,gdp_current_usd_tur,65912500000.0,current USD,World Bank WDI API,1978,NY.GDP.MKTP.CD,GDP,TUR
1979-01-01,,1358,,gdp_current_usd_tur,89616129032.2581,current USD,World Bank WDI API,1979,NY.GDP.MKTP.CD,GDP,TUR
1980-01-01,,1359,,gdp_current_usd_tur,68823684210.5263,current USD,World Bank WDI API,1980,NY.GDP.MKTP.CD,GDP,TUR
1981-01-01,,1360,,gdp_current_usd_tur,71180180180.1802,current USD,World Bank WDI API,1981,NY.GDP.MKTP.CD,GDP,TUR
1982-01-01,,1361,,gdp_current_usd_tur,64369325153.3742,current USD,World Bank WDI API,1982,NY.GDP.MKTP.CD,GDP,TUR
1983-01-01,,1362,,gdp_current_usd_tur,61803555555.5556,current USD,World Bank WDI API,1983,NY.GDP.MKTP.CD,GDP,TUR
1984-01-01,,1363,,gdp_current_usd_tur,59937602179.8365,current USD,World Bank WDI API,1984,NY.GDP.MKTP.CD,GDP,TUR
1985-01-01,,1364,,gdp_current_usd_tur,67232758620.6897,current USD,World Bank WDI API,1985,NY.GDP.MKTP.CD,GDP,TUR
1986-01-01,,1365,,gdp_current_usd_tur,75673037037.037,current USD,World Bank WDI API,1986,NY.GDP.MKTP.CD,GDP,TUR
1987-01-01,,1366,,gdp_current_usd_tur,87190081680.28,current USD,World Bank WDI API,1987,NY.GDP.MKTP.CD,GDP,TUR
1988-01-01,,1367,,gdp_current_usd_tur,90875175808.7201,current USD,World Bank WDI API,1988,NY.GDP.MKTP.CD,GDP,TUR
1989-01-01,,1368,,gdp_current_usd_tur,107127191328.935,current USD,World Bank WDI API,1989,NY.GDP.MKTP.CD,GDP,TUR
1990-01-01,,1369,,gdp_current_usd_tur,150655500191.644,current USD,World Bank WDI API,1990,NY.GDP.MKTP.CD,GDP,TUR
1991-01-01,,1370,,gdp_current_usd_tur,151034731543.624,current USD,World Bank WDI API,1991,NY.GDP.MKTP.CD,GDP,TUR
1992-01-01,,1371,,gdp_current_usd_tur,159104772991.851,current USD,World Bank WDI API,1992,NY.GDP.MKTP.CD,GDP,TUR
1993-01-01,,1372,,gdp_current_usd_tur,180415757851.616,current USD,World Bank WDI API,1993,NY.GDP.MKTP.CD,GDP,TUR
1994-01-01,,1373,,gdp_current_usd_tur,130650447499.071,current USD,World Bank WDI API,1994,NY.GDP.MKTP.CD,GDP,TUR
1995-01-01,,1374,,gdp_current_usd_tur,234699627004.035,current USD,World Bank WDI API,1995,NY.GDP.MKTP.CD,GDP,TUR
1996-01-01,,1375,,gdp_current_usd_tur,250366965174.129,current USD,World Bank WDI API,1996,NY.GDP.MKTP.CD,GDP,TUR
1997-01-01,,1376,,gdp_current_usd_tur,263817553748.395,current USD,World Bank WDI API,1997,NY.GDP.MKTP.CD,GDP,TUR
1998-01-01,,1377,,gdp_current_usd_tur,276035372654.608,current USD,World Bank WDI API,1998,NY.GDP.MKTP.CD,GDP,TUR
1999-01-01,,1378,,gdp_current_usd_tur,256673939247.773,current USD,World Bank WDI API,1999,NY.GDP.MKTP.CD,GDP,TUR
2000-01-01,,1379,,gdp_current_usd_tur,274748463178.502,current USD,World Bank WDI API,2000,NY.GDP.MKTP.CD,GDP,TUR
2001-01-01,,1380,,gdp_current_usd_tur,202195080239.036,current USD,World Bank WDI API,2001,NY.GDP.MKTP.CD,GDP,TUR
2002-01-01,,1381,,gdp_current_usd_tur,240778008473.845,current USD,World Bank WDI API,2002,NY.GDP.MKTP.CD,GDP,TUR
2003-01-01,,1382,,gdp_current_usd_tur,315392899922.379,current USD,World Bank WDI API,2003,NY.GDP.MKTP.CD,GDP,TUR
2004-01-01,,1383,,gdp_current_usd_tur,410156784495.948,current USD,World Bank WDI API,2004,NY.GDP.MKTP.CD,GDP,TUR
2005-01-01,,1384,,gdp_current_usd_tur,508314210212.544,current USD,World Bank WDI API,2005,NY.GDP.MKTP.CD,GDP,TUR
2006-01-01,,1385,,gdp_current_usd_tur,559668118237.002,current USD,World Bank WDI API,2006,NY.GDP.MKTP.CD,GDP,TUR
2007-01-01,,1386,,gdp_current_usd_tur,685228481017.03,current USD,World Bank WDI API,2007,NY.GDP.MKTP.CD,GDP,TUR
2008-01-01,,1387,,gdp_current_usd_tur,775415944332.866,current USD,World Bank WDI API,2008,NY.GDP.MKTP.CD,GDP,TUR
2009-01-01,,1388,,gdp_current_usd_tur,653894449921.288,current USD,World Bank WDI API,2009,NY.GDP.MKTP.CD,GDP,TUR
2010-01-01,,1389,,gdp_current_usd_tur,782545664268.333,current USD,World Bank WDI API,2010,NY.GDP.MKTP.CD,GDP,TUR
2011-01-01,,1390,,gdp_current_usd_tur,844192507380.795,current USD,World Bank WDI API,2011,NY.GDP.MKTP.CD,GDP,TUR
2012-01-01,,1391,,gdp_current_usd_tur,885327622479.052,current USD,World Bank WDI API,2012,NY.GDP.MKTP.CD,GDP,TUR
2013-01-01,,1392,,gdp_current_usd_tur,962167643588.925,current USD,World Bank WDI API,2013,NY.GDP.MKTP.CD,GDP,TUR
2014-01-01,,1393,,gdp_current_usd_tur,942343431928.654,current USD,World Bank WDI API,2014,NY.GDP.MKTP.CD,GDP,TUR
2015-01-01,,1394,,gdp_current_usd_tur,865460050683.656,current USD,World Bank WDI API,2015,NY.GDP.MKTP.CD,GDP,TUR
2016-01-01,,1395,,gdp_current_usd_tur,870818016909.84,current USD,World Bank WDI API,2016,NY.GDP.MKTP.CD,GDP,TUR
2017-01-01,,1396,,gdp_current_usd_tur,863874522365.276,current USD,World Bank WDI API,2017,NY.GDP.MKTP.CD,GDP,TUR
2018-01-01,,1397,,gdp_current_usd_tur,788356985773.667,current USD,World Bank WDI API,2018,NY.GDP.MKTP.CD,GDP,TUR
2019-01-01,,1398,,gdp_current_usd_tur,775853144222.613,current USD,World Bank WDI API,2019,NY.GDP.MKTP.CD,GDP,TUR
2020-01-01,,1399,,gdp_current_usd_tur,733628247119.077,current USD,World Bank WDI API,2020,NY.GDP.MKTP.CD,GDP,TUR
2021-01-01,,1400,,gdp_current_usd_tur,839938668172.134,current USD,World Bank WDI API,2021,NY.GDP.MKTP.CD,GDP,TUR
2022-01-01,,1401,,gdp_current_usd_tur,926097476913.818,current USD,World Bank WDI API,2022,NY.GDP.MKTP.CD,GDP,TUR
2023-01-01,,1402,,gdp_current_usd_tur,1141242864657.45,current USD,World Bank WDI API,2023,NY.GDP.MKTP.CD,GDP,TUR
2024-01-01,,1403,,gdp_current_usd_tur,1359123768774.12,current USD,World Bank WDI API,2024,NY.GDP.MKTP.CD,GDP,TUR
2025-01-01,,1404,,gdp_current_usd_tur,1597293229287.0,current USD,World Bank WDI API,2025,NY.GDP.MKTP.CD,GDP,TUR
1961-01-01,,1340,,gdp_growth_pct_egy,5.16111414342448,percent,World Bank WDI API,1961,NY.GDP.MKTP.KD.ZG,GDP growth (annual %),EGY
1962-01-01,,1341,,gdp_growth_pct_egy,3.87561672369634,percent,World Bank WDI API,1962,NY.GDP.MKTP.KD.ZG,GDP growth (annual %),EGY
1963-01-01,,1342,,gdp_growth_pct_egy,10.5180926173666,percent,World Bank WDI API,1963,NY.GDP.MKTP.KD.ZG,GDP growth (annual %),EGY
1964-01-01,,1343,,gdp_growth_pct_egy,11.5075774740325,percent,World Bank WDI API,1964,NY.GDP.MKTP.KD.ZG,GDP growth (annual %),EGY
1965-01-01,,1344,,gdp_growth_pct_egy,4.91404229223662,percent,World Bank WDI API,1965,NY.GDP.MKTP.KD.ZG,GDP growth (annual %),EGY
1966-01-01,,1345,,gdp_growth_pct_egy,5.04640371248233,percent,World Bank WDI API,1966,NY.GDP.MKTP.KD.ZG,GDP growth (annual %),EGY
1967-01-01,,1346,,gdp_growth_pct_egy,0.805264127039209,percent,World Bank WDI API,1967,NY.GDP.MKTP.KD.ZG,GDP growth (annual %),EGY
1968-01-01,,1347,,gdp_growth_pct_egy,-1.60679234956356,percent,World Bank WDI API,1968,NY.GDP.MKTP.KD.ZG,GDP growth (annual %),EGY
1969-01-01,,1348,,gdp_growth_pct_egy,5.27951751357089,percent,World Bank WDI API,1969,NY.GDP.MKTP.KD.ZG,GDP growth (annual %),EGY
1970-01-01,,1349,,gdp_growth_pct_egy,5.59851503851672,percent,World Bank WDI API,1970,NY.GDP.MKTP.KD.ZG,GDP growth (annual %),EGY
1971-01-01,,1350,,gdp_growth_pct_egy,4.05734632653112,percent,World Bank WDI API,1971,NY.GDP.MKTP.KD.ZG,GDP growth (annual %),EGY
1972-01-01,,1351,,gdp_growth_pct_egy,3.05568062514286,percent,World Bank WDI API,1972,NY.GDP.MKTP.KD.ZG,GDP growth (annual %),EGY
1973-01-01,,1352,,gdp_growth_pct_egy,3.50683016247268,percent,World Bank WDI API,1973,NY.GDP.MKTP.KD.ZG,GDP growth (annual %),EGY
1974-01-01,,1353,,gdp_growth_pct_egy,1.55893857170508,percent,World Bank WDI API,1974,NY.GDP.MKTP.KD.ZG,GDP growth (annual %),EGY
1975-01-01,,1354,,gdp_growth_pct_egy,8.93914715890884,percent,World Bank WDI API,1975,NY.GDP.MKTP.KD.ZG,GDP growth (annual %),EGY
1976-01-01,,1355,,gdp_growth_pct_egy,13.2796894430741,percent,World Bank WDI API,1976,NY.GDP.MKTP.KD.ZG,GDP growth (annual %),EGY
1977-01-01,,1356,,gdp_growth_pct_egy,9.00304426675032,percent,World Bank WDI API,1977,NY.GDP.MKTP.KD.ZG,GDP growth (annual %),EGY
1978-01-01,,1357,,gdp_growth_pct_egy,8.62876764493188,percent,World Bank WDI API,1978,NY.GDP.MKTP.KD.ZG,GDP growth (annual %),EGY
1979-01-01,,1358,,gdp_growth_pct_egy,4.54768962839718,percent,World Bank WDI API,1979,NY.GDP.MKTP.KD.ZG,GDP growth (annual %),EGY
1980-01-01,,1359,,gdp_growth_pct_egy,10.0113290379907,percent,World Bank WDI API,1980,NY.GDP.MKTP.KD.ZG,GDP growth (annual %),EGY
1981-01-01,,1360,,gdp_growth_pct_egy,7.3485538963286,percent,World Bank WDI API,1981,NY.GDP.MKTP.KD.ZG,GDP growth (annual %),EGY
1982-01-01,,1361,,gdp_growth_pct_egy,9.90717113397825,percent,World Bank WDI API,1982,NY.GDP.MKTP.KD.ZG,GDP growth (annual %),EGY
1983-01-01,,1362,,gdp_growth_pct_egy,5.09440684048046,percent,World Bank WDI API,1983,NY.GDP.MKTP.KD.ZG,GDP growth (annual %),EGY
1984-01-01,,1363,,gdp_growth_pct_egy,9.74576271171259,percent,World Bank WDI API,1984,NY.GDP.MKTP.KD.ZG,GDP growth (annual %),EGY
1985-01-01,,1364,,gdp_growth_pct_egy,5.79150579142357,percent,World Bank WDI API,1985,NY.GDP.MKTP.KD.ZG,GDP growth (annual %),EGY
1986-01-01,,1365,,gdp_growth_pct_egy,4.74452554738158,percent,World Bank WDI API,1986,NY.GDP.MKTP.KD.ZG,GDP growth (annual %),EGY
1987-01-01,,1366,,gdp_growth_pct_egy,3.83275261319132,percent,World Bank WDI API,1987,NY.GDP.MKTP.KD.ZG,GDP growth (annual %),EGY
1988-01-01,,1367,,gdp_growth_pct_egy,5.46132049551341,percent,World Bank WDI API,1988,NY.GDP.MKTP.KD.ZG,GDP growth (annual %),EGY
1989-01-01,,1368,,gdp_growth_pct_egy,4.92086860390228,percent,World Bank WDI API,1989,NY.GDP.MKTP.KD.ZG,GDP growth (annual %),EGY
1990-01-01,,1369,,gdp_growth_pct_egy,5.66702915715818,percent,World Bank WDI API,1990,NY.GDP.MKTP.KD.ZG,GDP growth (annual %),EGY
1991-01-01,,1370,,gdp_growth_pct_egy,1.12540459520747,percent,World Bank WDI API,1991,NY.GDP.MKTP.KD.ZG,GDP growth (annual %),EGY
1992-01-01,,1371,,gdp_growth_pct_egy,4.47285918408184,percent,World Bank WDI API,1992,NY.GDP.MKTP.KD.ZG,GDP growth (annual %),EGY
1993-01-01,,1372,,gdp_growth_pct_egy,2.90079079959442,percent,World Bank WDI API,1993,NY.GDP.MKTP.KD.ZG,GDP growth (annual %),EGY
1994-01-01,,1373,,gdp_growth_pct_egy,3.97317218034541,percent,World Bank WDI API,1994,NY.GDP.MKTP.KD.ZG,GDP growth (annual %),EGY
1995-01-01,,1374,,gdp_growth_pct_egy,4.64245877240639,percent,World Bank WDI API,1995,NY.GDP.MKTP.KD.ZG,GDP growth (annual %),EGY
1996-01-01,,1375,,gdp_growth_pct_egy,4.98873056512208,percent,World Bank WDI API,1996,NY.GDP.MKTP.KD.ZG,GDP growth (annual %),EGY
1997-01-01,,1376,,gdp_growth_pct_egy,5.49235474302942,percent,World Bank WDI API,1997,NY.GDP.MKTP.KD.ZG,GDP growth (annual %),EGY
1998-01-01,,1377,,gdp_growth_pct_egy,5.575497460986,percent,World Bank WDI API,1998,NY.GDP.MKTP.KD.ZG,GDP growth (annual %),EGY
1999-01-01,,1378,,gdp_growth_pct_egy,6.05343878467555,percent,World Bank WDI API,1999,NY.GDP.MKTP.KD.ZG,GDP growth (annual %),EGY
2000-01-01,,1379,,gdp_growth_pct_egy,6.37000382991766,percent,World Bank WDI API,2000,NY.GDP.MKTP.KD.ZG,GDP growth (annual %),EGY
2001-01-01,,1380,,gdp_growth_pct_egy,3.53525197391507,percent,World Bank WDI API,2001,NY.GDP.MKTP.KD.ZG,GDP growth (annual %),EGY
2002-01-01,,1381,,gdp_growth_pct_egy,2.39020402675627,percent,World Bank WDI API,2002,NY.GDP.MKTP.KD.ZG,GDP growth (annual %),EGY
2003-01-01,,1382,,gdp_growth_pct_egy,3.19345473756772,percent,World Bank WDI API,2003,NY.GDP.MKTP.KD.ZG,GDP growth (annual %),EGY
2004-01-01,,1383,,gdp_growth_pct_egy,4.09207161019908,percent,World Bank WDI API,2004,NY.GDP.MKTP.KD.ZG,GDP growth (annual %),EGY
2005-01-01,,1384,,gdp_growth_pct_egy,4.4717444710621,percent,World Bank WDI API,2005,NY.GDP.MKTP.KD.ZG,GDP growth (annual %),EGY
2006-01-01,,1385,,gdp_growth_pct_egy,6.84383819369884,percent,World Bank WDI API,2006,NY.GDP.MKTP.KD.ZG,GDP growth (annual %),EGY
2007-01-01,,1386,,gdp_growth_pct_egy,7.08782742675582,percent,World Bank WDI API,2007,NY.GDP.MKTP.KD.ZG,GDP growth (annual %),EGY
2008-01-01,,1387,,gdp_growth_pct_egy,7.15628356711522,percent,World Bank WDI API,2008,NY.GDP.MKTP.KD.ZG,GDP growth (annual %),EGY
2009-01-01,,1388,,gdp_growth_pct_egy,4.67359980000663,percent,World Bank WDI API,2009,NY.GDP.MKTP.KD.ZG,GDP growth (annual %),EGY
2010-01-01,,1389,,gdp_growth_pct_egy,5.14723485746742,percent,World Bank WDI API,2010,NY.GDP.MKTP.KD.ZG,GDP growth (annual %),EGY
2011-01-01,,1390,,gdp_growth_pct_egy,1.76457194806041,percent,World Bank WDI API,2011,NY.GDP.MKTP.KD.ZG,GDP growth (annual %),EGY
2012-01-01,,1391,,gdp_growth_pct_egy,2.22619979818487,percent,World Bank WDI API,2012,NY.GDP.MKTP.KD.ZG,GDP growth (annual %),EGY
2013-01-01,,1392,,gdp_growth_pct_egy,2.18546605363386,percent,World Bank WDI API,2013,NY.GDP.MKTP.KD.ZG,GDP growth (annual %),EGY
2014-01-01,,1393,,gdp_growth_pct_egy,2.91591188052836,percent,World Bank WDI API,2014,NY.GDP.MKTP.KD.ZG,GDP growth (annual %),EGY
2015-01-01,,1394,,gdp_growth_pct_egy,4.37201907781687,percent,World Bank WDI API,2015,NY.GDP.MKTP.KD.ZG,GDP growth (annual %),EGY
2016-01-01,,1395,,gdp_growth_pct_egy,4.34664345601914,percent,World Bank WDI API,2016,NY.GDP.MKTP.KD.ZG,GDP growth (annual %),EGY
2017-01-01,,1396,,gdp_growth_pct_egy,4.18122099961562,percent,World Bank WDI API,2017,NY.GDP.MKTP.KD.ZG,GDP growth (annual %),EGY
2018-01-01,,1397,,gdp_growth_pct_egy,5.33110861887155,percent,World Bank WDI API,2018,NY.GDP.MKTP.KD.ZG,GDP growth (annual %),EGY
2019-01-01,,1398,,gdp_growth_pct_egy,5.55209307084222,percent,World Bank WDI API,2019,NY.GDP.MKTP.KD.ZG,GDP growth (annual %),EGY
2020-01-01,,1399,,gdp_growth_pct_egy,3.55016483883115,percent,World Bank WDI API,2020,NY.GDP.MKTP.KD.ZG,GDP growth (annual %),EGY
2021-01-01,,1400,,gdp_growth_pct_egy,3.29064601193245,percent,World Bank WDI API,2021,NY.GDP.MKTP.KD.ZG,GDP growth (annual %),EGY
2022-01-01,,1401,,gdp_growth_pct_egy,6.58784560870467,percent,World Bank WDI API,2022,NY.GDP.MKTP.KD.ZG,GDP growth (annual %),EGY
2023-01-01,,1402,,gdp_growth_pct_egy,3.76028052279247,percent,World Bank WDI API,2023,NY.GDP.MKTP.KD.ZG,GDP growth (annual %),EGY
2024-01-01,,1403,,gdp_growth_pct_egy,2.3991692678251,percent,World Bank WDI API,2024,NY.GDP.MKTP.KD.ZG,GDP growth (annual %),EGY
2025-01-01,,1404,,gdp_growth_pct_egy,4.39201068570188,percent,World Bank WDI API,2025,NY.GDP.MKTP.KD.ZG,GDP growth (annual %),EGY
1961-01-01,,1340,,gdp_growth_pct_irn,10.3909183549937,percent,World Bank WDI API,1961,NY.GDP.MKTP.KD.ZG,GDP growth (annual %),IRN
1962-01-01,,1341,,gdp_growth_pct_irn,7.90926792965325,percent,World Bank WDI API,1962,NY.GDP.MKTP.KD.ZG,GDP growth (annual %),IRN
1963-01-01,,1342,,gdp_growth_pct_irn,7.04207522912871,percent,World Bank WDI API,1963,NY.GDP.MKTP.KD.ZG,GDP growth (annual %),IRN
1964-01-01,,1343,,gdp_growth_pct_irn,8.4752282487856,percent,World Bank WDI API,1964,NY.GDP.MKTP.KD.ZG,GDP growth (annual %),IRN
1965-01-01,,1344,,gdp_growth_pct_irn,17.0357115203008,percent,World Bank WDI API,1965,NY.GDP.MKTP.KD.ZG,GDP growth (annual %),IRN
1966-01-01,,1345,,gdp_growth_pct_irn,11.5024072848285,percent,World Bank WDI API,1966,NY.GDP.MKTP.KD.ZG,GDP growth (annual %),IRN
1967-01-01,,1346,,gdp_growth_pct_irn,11.2528030961675,percent,World Bank WDI API,1967,NY.GDP.MKTP.KD.ZG,GDP growth (annual %),IRN
1968-01-01,,1347,,gdp_growth_pct_irn,14.4041826754728,percent,World Bank WDI API,1968,NY.GDP.MKTP.KD.ZG,GDP growth (annual %),IRN
1969-01-01,,1348,,gdp_growth_pct_irn,15.5166589080891,percent,World Bank WDI API,1969,NY.GDP.MKTP.KD.ZG,GDP growth (annual %),IRN
1970-01-01,,1349,,gdp_growth_pct_irn,10.9276016296547,percent,World Bank WDI API,1970,NY.GDP.MKTP.KD.ZG,GDP growth (annual %),IRN
1971-01-01,,1350,,gdp_growth_pct_irn,13.7015829939225,percent,World Bank WDI API,1971,NY.GDP.MKTP.KD.ZG,GDP growth (annual %),IRN
1972-01-01,,1351,,gdp_growth_pct_irn,14.4990158486367,percent,World Bank WDI API,1972,NY.GDP.MKTP.KD.ZG,GDP growth (annual %),IRN
1973-01-01,,1352,,gdp_growth_pct_irn,7.44168161210852,percent,World Bank WDI API,1973,NY.GDP.MKTP.KD.ZG,GDP growth (annual %),IRN
1974-01-01,,1353,,gdp_growth_pct_irn,5.80105084782068,percent,World Bank WDI API,1974,NY.GDP.MKTP.KD.ZG,GDP growth (annual %),IRN
1975-01-01,,1354,,gdp_growth_pct_irn,-0.326216240773292,percent,World Bank WDI API,1975,NY.GDP.MKTP.KD.ZG,GDP growth (annual %),IRN
1976-01-01,,1355,,gdp_growth_pct_irn,18.2604356281607,percent,World Bank WDI API,1976,NY.GDP.MKTP.KD.ZG,GDP growth (annual %),IRN
1977-01-01,,1356,,gdp_growth_pct_irn,-2.77357769163513,percent,World Bank WDI API,1977,NY.GDP.MKTP.KD.ZG,GDP growth (annual %),IRN
1978-01-01,,1357,,gdp_growth_pct_irn,-12.8408566742286,percent,World Bank WDI API,1978,NY.GDP.MKTP.KD.ZG,GDP growth (annual %),IRN
1979-01-01,,1358,,gdp_growth_pct_irn,-12.0207602547921,percent,World Bank WDI API,1979,NY.GDP.MKTP.KD.ZG,GDP growth (annual %),IRN
1980-01-01,,1359,,gdp_growth_pct_irn,-21.5996493516924,percent,World Bank WDI API,1980,NY.GDP.MKTP.KD.ZG,GDP growth (annual %),IRN
1981-01-01,,1360,,gdp_growth_pct_irn,-5.69678723333881,percent,World Bank WDI API,1981,NY.GDP.MKTP.KD.ZG,GDP growth (annual %),IRN
1982-01-01,,1361,,gdp_growth_pct_irn,23.1712455355796,percent,World Bank WDI API,1982,NY.GDP.MKTP.KD.ZG,GDP growth (annual %),IRN
1983-01-01,,1362,,gdp_growth_pct_irn,11.0867168468735,percent,World Bank WDI API,1983,NY.GDP.MKTP.KD.ZG,GDP growth (annual %),IRN
1984-01-01,,1363,,gdp_growth_pct_irn,-7.13985049890006,percent,World Bank WDI API,1984,NY.GDP.MKTP.KD.ZG,GDP growth (annual %),IRN
1985-01-01,,1364,,gdp_growth_pct_irn,1.86764993250704,percent,World Bank WDI API,1985,NY.GDP.MKTP.KD.ZG,GDP growth (annual %),IRN
1986-01-01,,1365,,gdp_growth_pct_irn,-9.78490557801793,percent,World Bank WDI API,1986,NY.GDP.MKTP.KD.ZG,GDP growth (annual %),IRN
1987-01-01,,1366,,gdp_growth_pct_irn,-0.172107687605632,percent,World Bank WDI API,1987,NY.GDP.MKTP.KD.ZG,GDP growth (annual %),IRN
1988-01-01,,1367,,gdp_growth_pct_irn,-6.08199661986552,percent,World Bank WDI API,1988,NY.GDP.MKTP.KD.ZG,GDP growth (annual %),IRN
1989-01-01,,1368,,gdp_growth_pct_irn,6.13211567717991,percent,World Bank WDI API,1989,NY.GDP.MKTP.KD.ZG,GDP growth (annual %),IRN
1990-01-01,,1369,,gdp_growth_pct_irn,13.594926443584,percent,World Bank WDI API,1990,NY.GDP.MKTP.KD.ZG,GDP growth (annual %),IRN
1991-01-01,,1370,,gdp_growth_pct_irn,12.7161484424098,percent,World Bank WDI API,1991,NY.GDP.MKTP.KD.ZG,GDP growth (annual %),IRN
1992-01-01,,1371,,gdp_growth_pct_irn,3.29798191958058,percent,World Bank WDI API,1992,NY.GDP.MKTP.KD.ZG,GDP growth (annual %),IRN
1993-01-01,,1372,,gdp_growth_pct_irn,-1.47101148218381,percent,World Bank WDI API,1993,NY.GDP.MKTP.KD.ZG,GDP growth (annual %),IRN
1994-01-01,,1373,,gdp_growth_pct_irn,-1.69828611909162,percent,World Bank WDI API,1994,NY.GDP.MKTP.KD.ZG,GDP growth (annual %),IRN
1995-01-01,,1374,,gdp_growth_pct_irn,2.40104455220023,percent,World Bank WDI API,1995,NY.GDP.MKTP.KD.ZG,GDP growth (annual %),IRN
1996-01-01,,1375,,gdp_growth_pct_irn,6.35052601873645,percent,World Bank WDI API,1996,NY.GDP.MKTP.KD.ZG,GDP growth (annual %),IRN
1997-01-01,,1376,,gdp_growth_pct_irn,1.3503992743003,percent,World Bank WDI API,1997,NY.GDP.MKTP.KD.ZG,GDP growth (annual %),IRN
1998-01-01,,1377,,gdp_growth_pct_irn,2.08001178027133,percent,World Bank WDI API,1998,NY.GDP.MKTP.KD.ZG,GDP growth (annual %),IRN
1999-01-01,,1378,,gdp_growth_pct_irn,2.00269623253435,percent,World Bank WDI API,1999,NY.GDP.MKTP.KD.ZG,GDP growth (annual %),IRN
2000-01-01,,1379,,gdp_growth_pct_irn,5.84552747578209,percent,World Bank WDI API,2000,NY.GDP.MKTP.KD.ZG,GDP growth (annual %),IRN
2001-01-01,,1380,,gdp_growth_pct_irn,2.39217271207868,percent,World Bank WDI API,2001,NY.GDP.MKTP.KD.ZG,GDP growth (annual %),IRN
2002-01-01,,1381,,gdp_growth_pct_irn,8.07882927975243,percent,World Bank WDI API,2002,NY.GDP.MKTP.KD.ZG,GDP growth (annual %),IRN
2003-01-01,,1382,,gdp_growth_pct_irn,8.6392983972006,percent,World Bank WDI API,2003,NY.GDP.MKTP.KD.ZG,GDP growth (annual %),IRN
2004-01-01,,1383,,gdp_growth_pct_irn,4.33666597851041,percent,World Bank WDI API,2004,NY.GDP.MKTP.KD.ZG,GDP growth (annual %),IRN
2005-01-01,,1384,,gdp_growth_pct_irn,3.18980408728824,percent,World Bank WDI API,2005,NY.GDP.MKTP.KD.ZG,GDP growth (annual %),IRN
2006-01-01,,1385,,gdp_growth_pct_irn,4.99979526181222,percent,World Bank WDI API,2006,NY.GDP.MKTP.KD.ZG,GDP growth (annual %),IRN
2007-01-01,,1386,,gdp_growth_pct_irn,8.15577352358517,percent,World Bank WDI API,2007,NY.GDP.MKTP.KD.ZG,GDP growth (annual %),IRN
2008-01-01,,1387,,gdp_growth_pct_irn,0.250856553493634,percent,World Bank WDI API,2008,NY.GDP.MKTP.KD.ZG,GDP growth (annual %),IRN
2009-01-01,,1388,,gdp_growth_pct_irn,1.00738545790475,percent,World Bank WDI API,2009,NY.GDP.MKTP.KD.ZG,GDP growth (annual %),IRN
2010-01-01,,1389,,gdp_growth_pct_irn,5.79793830169604,percent,World Bank WDI API,2010,NY.GDP.MKTP.KD.ZG,GDP growth (annual %),IRN
2011-01-01,,1390,,gdp_growth_pct_irn,2.6457179180628,percent,World Bank WDI API,2011,NY.GDP.MKTP.KD.ZG,GDP growth (annual %),IRN
2012-01-01,,1391,,gdp_growth_pct_irn,-3.74717139864109,percent,World Bank WDI API,2012,NY.GDP.MKTP.KD.ZG,GDP growth (annual %),IRN
2013-01-01,,1392,,gdp_growth_pct_irn,-1.52197920494184,percent,World Bank WDI API,2013,NY.GDP.MKTP.KD.ZG,GDP growth (annual %),IRN
2014-01-01,,1393,,gdp_growth_pct_irn,4.98477506709476,percent,World Bank WDI API,2014,NY.GDP.MKTP.KD.ZG,GDP growth (annual %),IRN
2015-01-01,,1394,,gdp_growth_pct_irn,-1.42488493937503,percent,World Bank WDI API,2015,NY.GDP.MKTP.KD.ZG,GDP growth (annual %),IRN
2016-01-01,,1395,,gdp_growth_pct_irn,8.8150866425182,percent,World Bank WDI API,2016,NY.GDP.MKTP.KD.ZG,GDP growth (annual %),IRN
2017-01-01,,1396,,gdp_growth_pct_irn,3.02685468694025,percent,World Bank WDI API,2017,NY.GDP.MKTP.KD.ZG,GDP growth (annual %),IRN
2018-01-01,,1397,,gdp_growth_pct_irn,-3.74796015711334,percent,World Bank WDI API,2018,NY.GDP.MKTP.KD.ZG,GDP growth (annual %),IRN
2019-01-01,,1398,,gdp_growth_pct_irn,-2.36143538770575,percent,World Bank WDI API,2019,NY.GDP.MKTP.KD.ZG,GDP growth (annual %),IRN
2020-01-01,,1399,,gdp_growth_pct_irn,4.44180865358672,percent,World Bank WDI API,2020,NY.GDP.MKTP.KD.ZG,GDP growth (annual %),IRN
2021-01-01,,1400,,gdp_growth_pct_irn,4.13089685034471,percent,World Bank WDI API,2021,NY.GDP.MKTP.KD.ZG,GDP growth (annual %),IRN
2022-01-01,,1401,,gdp_growth_pct_irn,4.35281087521344,percent,World Bank WDI API,2022,NY.GDP.MKTP.KD.ZG,GDP growth (annual %),IRN
2023-01-01,,1402,,gdp_growth_pct_irn,5.33235116079808,percent,World Bank WDI API,2023,NY.GDP.MKTP.KD.ZG,GDP growth (annual %),IRN
2024-01-01,,1403,,gdp_growth_pct_irn,3.66312057949303,percent,World Bank WDI API,2024,NY.GDP.MKTP.KD.ZG,GDP growth (annual %),IRN
2025-01-01,,1404,,gdp_growth_pct_irn,-2.82597163290347,percent,World Bank WDI API,2025,NY.GDP.MKTP.KD.ZG,GDP growth (annual %),IRN
1961-01-01,,1340,,gdp_growth_pct_tur,1.15606938539699,percent,World Bank WDI API,1961,NY.GDP.MKTP.KD.ZG,GDP growth (annual %),TUR
1962-01-01,,1341,,gdp_growth_pct_tur,5.57142858180481,percent,World Bank WDI API,1962,NY.GDP.MKTP.KD.ZG,GDP growth (annual %),TUR
1963-01-01,,1342,,gdp_growth_pct_tur,9.06630555240935,percent,World Bank WDI API,1963,NY.GDP.MKTP.KD.ZG,GDP growth (annual %),TUR
1964-01-01,,1343,,gdp_growth_pct_tur,5.45905679838043,percent,World Bank WDI API,1964,NY.GDP.MKTP.KD.ZG,GDP growth (annual %),TUR
1965-01-01,,1344,,gdp_growth_pct_tur,2.82352954343872,percent,World Bank WDI API,1965,NY.GDP.MKTP.KD.ZG,GDP growth (annual %),TUR
1966-01-01,,1345,,gdp_growth_pct_tur,11.2128150353513,percent,World Bank WDI API,1966,NY.GDP.MKTP.KD.ZG,GDP growth (annual %),TUR
1967-01-01,,1346,,gdp_growth_pct_tur,4.73251024393737,percent,World Bank WDI API,1967,NY.GDP.MKTP.KD.ZG,GDP growth (annual %),TUR
1968-01-01,,1347,,gdp_growth_pct_tur,6.77799601038105,percent,World Bank WDI API,1968,NY.GDP.MKTP.KD.ZG,GDP growth (annual %),TUR
1969-01-01,,1348,,gdp_growth_pct_tur,4.08114562089492,percent,World Bank WDI API,1969,NY.GDP.MKTP.KD.ZG,GDP growth (annual %),TUR
1970-01-01,,1349,,gdp_growth_pct_tur,3.23350897293227,percent,World Bank WDI API,1970,NY.GDP.MKTP.KD.ZG,GDP growth (annual %),TUR
1971-01-01,,1350,,gdp_growth_pct_tur,5.56669450058796,percent,World Bank WDI API,1971,NY.GDP.MKTP.KD.ZG,GDP growth (annual %),TUR
1972-01-01,,1351,,gdp_growth_pct_tur,7.42578832564243,percent,World Bank WDI API,1972,NY.GDP.MKTP.KD.ZG,GDP growth (annual %),TUR
1973-01-01,,1352,,gdp_growth_pct_tur,3.26233451840494,percent,World Bank WDI API,1973,NY.GDP.MKTP.KD.ZG,GDP growth (annual %),TUR
1974-01-01,,1353,,gdp_growth_pct_tur,5.59447440269354,percent,World Bank WDI API,1974,NY.GDP.MKTP.KD.ZG,GDP growth (annual %),TUR
1975-01-01,,1354,,gdp_growth_pct_tur,7.17411268977115,percent,World Bank WDI API,1975,NY.GDP.MKTP.KD.ZG,GDP growth (annual %),TUR
1976-01-01,,1355,,gdp_growth_pct_tur,10.4611795563238,percent,World Bank WDI API,1976,NY.GDP.MKTP.KD.ZG,GDP growth (annual %),TUR
1977-01-01,,1356,,gdp_growth_pct_tur,3.40666980449136,percent,World Bank WDI API,1977,NY.GDP.MKTP.KD.ZG,GDP growth (annual %),TUR
1978-01-01,,1357,,gdp_growth_pct_tur,1.50293301122338,percent,World Bank WDI API,1978,NY.GDP.MKTP.KD.ZG,GDP growth (annual %),TUR
1979-01-01,,1358,,gdp_growth_pct_tur,-0.62411357022269,percent,World Bank WDI API,1979,NY.GDP.MKTP.KD.ZG,GDP growth (annual %),TUR
1980-01-01,,1359,,gdp_growth_pct_tur,-2.44735042580159,percent,World Bank WDI API,1980,NY.GDP.MKTP.KD.ZG,GDP growth (annual %),TUR
1981-01-01,,1360,,gdp_growth_pct_tur,4.85664876652028,percent,World Bank WDI API,1981,NY.GDP.MKTP.KD.ZG,GDP growth (annual %),TUR
1982-01-01,,1361,,gdp_growth_pct_tur,3.56322781218334,percent,World Bank WDI API,1982,NY.GDP.MKTP.KD.ZG,GDP growth (annual %),TUR
1983-01-01,,1362,,gdp_growth_pct_tur,4.97108077727097,percent,World Bank WDI API,1983,NY.GDP.MKTP.KD.ZG,GDP growth (annual %),TUR
1984-01-01,,1363,,gdp_growth_pct_tur,6.71201571206028,percent,World Bank WDI API,1984,NY.GDP.MKTP.KD.ZG,GDP growth (annual %),TUR
1985-01-01,,1364,,gdp_growth_pct_tur,4.24133571639942,percent,World Bank WDI API,1985,NY.GDP.MKTP.KD.ZG,GDP growth (annual %),TUR
1986-01-01,,1365,,gdp_growth_pct_tur,7.01203111054394,percent,World Bank WDI API,1986,NY.GDP.MKTP.KD.ZG,GDP growth (annual %),TUR
1987-01-01,,1366,,gdp_growth_pct_tur,9.48553884246728,percent,World Bank WDI API,1987,NY.GDP.MKTP.KD.ZG,GDP growth (annual %),TUR
1988-01-01,,1367,,gdp_growth_pct_tur,2.32073679394847,percent,World Bank WDI API,1988,NY.GDP.MKTP.KD.ZG,GDP growth (annual %),TUR
1989-01-01,,1368,,gdp_growth_pct_tur,0.2902440687796,percent,World Bank WDI API,1989,NY.GDP.MKTP.KD.ZG,GDP growth (annual %),TUR
1990-01-01,,1369,,gdp_growth_pct_tur,9.26614667149315,percent,World Bank WDI API,1990,NY.GDP.MKTP.KD.ZG,GDP growth (annual %),TUR
1991-01-01,,1370,,gdp_growth_pct_tur,0.720279039109613,percent,World Bank WDI API,1991,NY.GDP.MKTP.KD.ZG,GDP growth (annual %),TUR
1992-01-01,,1371,,gdp_growth_pct_tur,5.03563493261181,percent,World Bank WDI API,1992,NY.GDP.MKTP.KD.ZG,GDP growth (annual %),TUR
1993-01-01,,1372,,gdp_growth_pct_tur,7.65126520761324,percent,World Bank WDI API,1993,NY.GDP.MKTP.KD.ZG,GDP growth (annual %),TUR
1994-01-01,,1373,,gdp_growth_pct_tur,-4.66814736735584,percent,World Bank WDI API,1994,NY.GDP.MKTP.KD.ZG,GDP growth (annual %),TUR
1995-01-01,,1374,,gdp_growth_pct_tur,7.878266878218,percent,World Bank WDI API,1995,NY.GDP.MKTP.KD.ZG,GDP growth (annual %),TUR
1996-01-01,,1375,,gdp_growth_pct_tur,7.15779847930847,percent,World Bank WDI API,1996,NY.GDP.MKTP.KD.ZG,GDP growth (annual %),TUR
1997-01-01,,1376,,gdp_growth_pct_tur,7.3578623747848,percent,World Bank WDI API,1997,NY.GDP.MKTP.KD.ZG,GDP growth (annual %),TUR
1998-01-01,,1377,,gdp_growth_pct_tur,1.90857064345151,percent,World Bank WDI API,1998,NY.GDP.MKTP.KD.ZG,GDP growth (annual %),TUR
1999-01-01,,1378,,gdp_growth_pct_tur,-3.05277055759434,percent,World Bank WDI API,1999,NY.GDP.MKTP.KD.ZG,GDP growth (annual %),TUR
2000-01-01,,1379,,gdp_growth_pct_tur,6.98528697817062,percent,World Bank WDI API,2000,NY.GDP.MKTP.KD.ZG,GDP growth (annual %),TUR
2001-01-01,,1380,,gdp_growth_pct_tur,-5.45940838563062,percent,World Bank WDI API,2001,NY.GDP.MKTP.KD.ZG,GDP growth (annual %),TUR
2002-01-01,,1381,,gdp_growth_pct_tur,6.43550883793114,percent,World Bank WDI API,2002,NY.GDP.MKTP.KD.ZG,GDP growth (annual %),TUR
2003-01-01,,1382,,gdp_growth_pct_tur,5.79909321038525,percent,World Bank WDI API,2003,NY.GDP.MKTP.KD.ZG,GDP growth (annual %),TUR
2004-01-01,,1383,,gdp_growth_pct_tur,9.92540551918624,percent,World Bank WDI API,2004,NY.GDP.MKTP.KD.ZG,GDP growth (annual %),TUR
2005-01-01,,1384,,gdp_growth_pct_tur,9.11157745861635,percent,World Bank WDI API,2005,NY.GDP.MKTP.KD.ZG,GDP growth (annual %),TUR
2006-01-01,,1385,,gdp_growth_pct_tur,7.06762607623939,percent,World Bank WDI API,2006,NY.GDP.MKTP.KD.ZG,GDP growth (annual %),TUR
2007-01-01,,1386,,gdp_growth_pct_tur,5.10818513903604,percent,World Bank WDI API,2007,NY.GDP.MKTP.KD.ZG,GDP growth (annual %),TUR
2008-01-01,,1387,,gdp_growth_pct_tur,0.920118221365883,percent,World Bank WDI API,2008,NY.GDP.MKTP.KD.ZG,GDP growth (annual %),TUR
2009-01-01,,1388,,gdp_growth_pct_tur,-4.88269401706633,percent,World Bank WDI API,2009,NY.GDP.MKTP.KD.ZG,GDP growth (annual %),TUR
2010-01-01,,1389,,gdp_growth_pct_tur,8.54219848467686,percent,World Bank WDI API,2010,NY.GDP.MKTP.KD.ZG,GDP growth (annual %),TUR
2011-01-01,,1390,,gdp_growth_pct_tur,10.9799625273598,percent,World Bank WDI API,2011,NY.GDP.MKTP.KD.ZG,GDP growth (annual %),TUR
2012-01-01,,1391,,gdp_growth_pct_tur,4.80762696633448,percent,World Bank WDI API,2012,NY.GDP.MKTP.KD.ZG,GDP growth (annual %),TUR
2013-01-01,,1392,,gdp_growth_pct_tur,8.48825689298511,percent,World Bank WDI API,2013,NY.GDP.MKTP.KD.ZG,GDP growth (annual %),TUR
2014-01-01,,1393,,gdp_growth_pct_tur,4.60079447270559,percent,World Bank WDI API,2014,NY.GDP.MKTP.KD.ZG,GDP growth (annual %),TUR
2015-01-01,,1394,,gdp_growth_pct_tur,5.80557386628684,percent,World Bank WDI API,2015,NY.GDP.MKTP.KD.ZG,GDP growth (annual %),TUR
2016-01-01,,1395,,gdp_growth_pct_tur,3.32366508200445,percent,World Bank WDI API,2016,NY.GDP.MKTP.KD.ZG,GDP growth (annual %),TUR
2017-01-01,,1396,,gdp_growth_pct_tur,7.82585730002594,percent,World Bank WDI API,2017,NY.GDP.MKTP.KD.ZG,GDP growth (annual %),TUR
2018-01-01,,1397,,gdp_growth_pct_tur,3.46815306092219,percent,World Bank WDI API,2018,NY.GDP.MKTP.KD.ZG,GDP growth (annual %),TUR
2019-01-01,,1398,,gdp_growth_pct_tur,1.30162365464503,percent,World Bank WDI API,2019,NY.GDP.MKTP.KD.ZG,GDP growth (annual %),TUR
2020-01-01,,1399,,gdp_growth_pct_tur,1.80306247087255,percent,World Bank WDI API,2020,NY.GDP.MKTP.KD.ZG,GDP growth (annual %),TUR
2021-01-01,,1400,,gdp_growth_pct_tur,11.811094450607,percent,World Bank WDI API,2021,NY.GDP.MKTP.KD.ZG,GDP growth (annual %),TUR
2022-01-01,,1401,,gdp_growth_pct_tur,5.44122511322401,percent,World Bank WDI API,2022,NY.GDP.MKTP.KD.ZG,GDP growth (annual %),TUR
2023-01-01,,1402,,gdp_growth_pct_tur,5.04512369812289,percent,World Bank WDI API,2023,NY.GDP.MKTP.KD.ZG,GDP growth (annual %),TUR
2024-01-01,,1403,,gdp_growth_pct_tur,3.3276230893799,percent,World Bank WDI API,2024,NY.GDP.MKTP.KD.ZG,GDP growth (annual %),TUR
2025-01-01,,1404,,gdp_growth_pct_tur,3.60462514082589,percent,World Bank WDI API,2025,NY.GDP.MKTP.KD.ZG,GDP growth (annual %),TUR
1960-01-01,,1339,,gdp_per_capita_const_egy,754.665127408478,constant 2015 USD,World Bank WDI API,1960,NY.GDP.PCAP.KD,GDP per capita,EGY
1961-01-01,,1340,,gdp_per_capita_const_egy,773.359952691995,constant 2015 USD,World Bank WDI API,1961,NY.GDP.PCAP.KD,GDP per capita,EGY
1962-01-01,,1341,,gdp_per_capita_const_egy,782.464128955772,constant 2015 USD,World Bank WDI API,1962,NY.GDP.PCAP.KD,GDP per capita,EGY
1963-01-01,,1342,,gdp_per_capita_const_egy,842.326112348859,constant 2015 USD,World Bank WDI API,1963,NY.GDP.PCAP.KD,GDP per capita,EGY
1964-01-01,,1343,,gdp_per_capita_const_egy,915.12863287558,constant 2015 USD,World Bank WDI API,1964,NY.GDP.PCAP.KD,GDP per capita,EGY
1965-01-01,,1344,,gdp_per_capita_const_egy,935.954213452018,constant 2015 USD,World Bank WDI API,1965,NY.GDP.PCAP.KD,GDP per capita,EGY
1966-01-01,,1345,,gdp_per_capita_const_egy,958.850656912302,constant 2015 USD,World Bank WDI API,1966,NY.GDP.PCAP.KD,GDP per capita,EGY
1967-01-01,,1346,,gdp_per_capita_const_egy,942.860658092055,constant 2015 USD,World Bank WDI API,1967,NY.GDP.PCAP.KD,GDP per capita,EGY
1968-01-01,,1347,,gdp_per_capita_const_egy,905.164664509817,constant 2015 USD,World Bank WDI API,1968,NY.GDP.PCAP.KD,GDP per capita,EGY
1969-01-01,,1348,,gdp_per_capita_const_egy,930.030902265305,constant 2015 USD,World Bank WDI API,1969,NY.GDP.PCAP.KD,GDP per capita,EGY
1970-01-01,,1349,,gdp_per_capita_const_egy,959.05605529264,constant 2015 USD,World Bank WDI API,1970,NY.GDP.PCAP.KD,GDP per capita,EGY
1971-01-01,,1350,,gdp_per_capita_const_egy,975.172435737432,constant 2015 USD,World Bank WDI API,1971,NY.GDP.PCAP.KD,GDP per capita,EGY
1972-01-01,,1351,,gdp_per_capita_const_egy,982.105208413768,constant 2015 USD,World Bank WDI API,1972,NY.GDP.PCAP.KD,GDP per capita,EGY
1973-01-01,,1352,,gdp_per_capita_const_egy,993.429316293668,constant 2015 USD,World Bank WDI API,1973,NY.GDP.PCAP.KD,GDP per capita,EGY
1974-01-01,,1353,,gdp_per_capita_const_egy,985.862077723842,constant 2015 USD,World Bank WDI API,1974,NY.GDP.PCAP.KD,GDP per capita,EGY
1975-01-01,,1354,,gdp_per_capita_const_egy,1048.96951157156,constant 2015 USD,World Bank WDI API,1975,NY.GDP.PCAP.KD,GDP per capita,EGY
1976-01-01,,1355,,gdp_per_capita_const_egy,1160.7919367942,constant 2015 USD,World Bank WDI API,1976,NY.GDP.PCAP.KD,GDP per capita,EGY
1977-01-01,,1356,,gdp_per_capita_const_egy,1235.69710073316,constant 2015 USD,World Bank WDI API,1977,NY.GDP.PCAP.KD,GDP per capita,EGY
1978-01-01,,1357,,gdp_per_capita_const_egy,1309.77615132069,constant 2015 USD,World Bank WDI API,1978,NY.GDP.PCAP.KD,GDP per capita,EGY
1979-01-01,,1358,,gdp_per_capita_const_egy,1335.53152120211,constant 2015 USD,World Bank WDI API,1979,NY.GDP.PCAP.KD,GDP per capita,EGY
1980-01-01,,1359,,gdp_per_capita_const_egy,1431.40108169045,constant 2015 USD,World Bank WDI API,1980,NY.GDP.PCAP.KD,GDP per capita,EGY
1981-01-01,,1360,,gdp_per_capita_const_egy,1495.85483053309,constant 2015 USD,World Bank WDI API,1981,NY.GDP.PCAP.KD,GDP per capita,EGY
1982-01-01,,1361,,gdp_per_capita_const_egy,1599.40083221743,constant 2015 USD,World Bank WDI API,1982,NY.GDP.PCAP.KD,GDP per capita,EGY
1983-01-01,,1362,,gdp_per_capita_const_egy,1632.3820136427,constant 2015 USD,World Bank WDI API,1983,NY.GDP.PCAP.KD,GDP per capita,EGY
1984-01-01,,1363,,gdp_per_capita_const_egy,1738.32577314782,constant 2015 USD,World Bank WDI API,1984,NY.GDP.PCAP.KD,GDP per capita,EGY
1985-01-01,,1364,,gdp_per_capita_const_egy,1785.07842980701,constant 2015 USD,World Bank WDI API,1985,NY.GDP.PCAP.KD,GDP per capita,EGY
1986-01-01,,1365,,gdp_per_capita_const_egy,1817.0762574663,constant 2015 USD,World Bank WDI API,1986,NY.GDP.PCAP.KD,GDP per capita,EGY
1987-01-01,,1366,,gdp_per_capita_const_egy,1835.11342623572,constant 2015 USD,World Bank WDI API,1987,NY.GDP.PCAP.KD,GDP per capita,EGY
1988-01-01,,1367,,gdp_per_capita_const_egy,1882.26797772983,constant 2015 USD,World Bank WDI API,1988,NY.GDP.PCAP.KD,GDP per capita,EGY
1989-01-01,,1368,,gdp_per_capita_const_egy,1921.85630400156,constant 2015 USD,World Bank WDI API,1989,NY.GDP.PCAP.KD,GDP per capita,EGY
1990-01-01,,1369,,gdp_per_capita_const_egy,1972.13789303325,constant 2015 USD,World Bank WDI API,1990,NY.GDP.PCAP.KD,GDP per capita,EGY
1991-01-01,,1370,,gdp_per_capita_const_egy,1940.10019358564,constant 2015 USD,World Bank WDI API,1991,NY.GDP.PCAP.KD,GDP per capita,EGY
1992-01-01,,1371,,gdp_per_capita_const_egy,1979.02010131332,constant 2015 USD,World Bank WDI API,1992,NY.GDP.PCAP.KD,GDP per capita,EGY
1993-01-01,,1372,,gdp_per_capita_const_egy,1989.97920020791,constant 2015 USD,World Bank WDI API,1993,NY.GDP.PCAP.KD,GDP per capita,EGY
1994-01-01,,1373,,gdp_per_capita_const_egy,2024.95373805253,constant 2015 USD,World Bank WDI API,1994,NY.GDP.PCAP.KD,GDP per capita,EGY
1995-01-01,,1374,,gdp_per_capita_const_egy,2074.83991140246,constant 2015 USD,World Bank WDI API,1995,NY.GDP.PCAP.KD,GDP per capita,EGY
1996-01-01,,1375,,gdp_per_capita_const_egy,2133.64804177244,constant 2015 USD,World Bank WDI API,1996,NY.GDP.PCAP.KD,GDP per capita,EGY
1997-01-01,,1376,,gdp_per_capita_const_egy,2204.66575942446,constant 2015 USD,World Bank WDI API,1997,NY.GDP.PCAP.KD,GDP per capita,EGY
1998-01-01,,1377,,gdp_per_capita_const_egy,2277.2850483467,constant 2015 USD,World Bank WDI API,1998,NY.GDP.PCAP.KD,GDP per capita,EGY
1999-01-01,,1378,,gdp_per_capita_const_egy,2361.86425101369,constant 2015 USD,World Bank WDI API,1999,NY.GDP.PCAP.KD,GDP per capita,EGY
2000-01-01,,1379,,gdp_per_capita_const_egy,2458.60835003154,constant 2015 USD,World Bank WDI API,2000,NY.GDP.PCAP.KD,GDP per capita,EGY
2001-01-01,,1380,,gdp_per_capita_const_egy,2492.03441188861,constant 2015 USD,World Bank WDI API,2001,NY.GDP.PCAP.KD,GDP per capita,EGY
2002-01-01,,1381,,gdp_per_capita_const_egy,2498.4812119434,constant 2015 USD,World Bank WDI API,2002,NY.GDP.PCAP.KD,GDP per capita,EGY
2003-01-01,,1382,,gdp_per_capita_const_egy,2524.80477195753,constant 2015 USD,World Bank WDI API,2003,NY.GDP.PCAP.KD,GDP per capita,EGY
2004-01-01,,1383,,gdp_per_capita_const_egy,2574.42341789647,constant 2015 USD,World Bank WDI API,2004,NY.GDP.PCAP.KD,GDP per capita,EGY
2005-01-01,,1384,,gdp_per_capita_const_egy,2635.70305226634,constant 2015 USD,World Bank WDI API,2005,NY.GDP.PCAP.KD,GDP per capita,EGY
2006-01-01,,1385,,gdp_per_capita_const_egy,2761.62410768311,constant 2015 USD,World Bank WDI API,2006,NY.GDP.PCAP.KD,GDP per capita,EGY
2007-01-01,,1386,,gdp_per_capita_const_egy,2902.06559803259,constant 2015 USD,World Bank WDI API,2007,NY.GDP.PCAP.KD,GDP per capita,EGY
2008-01-01,,1387,,gdp_per_capita_const_egy,3052.2129784594,constant 2015 USD,World Bank WDI API,2008,NY.GDP.PCAP.KD,GDP per capita,EGY
2009-01-01,,1388,,gdp_per_capita_const_egy,3135.09661305712,constant 2015 USD,World Bank WDI API,2009,NY.GDP.PCAP.KD,GDP per capita,EGY
2010-01-01,,1389,,gdp_per_capita_const_egy,3233.84521249306,constant 2015 USD,World Bank WDI API,2010,NY.GDP.PCAP.KD,GDP per capita,EGY
2011-01-01,,1390,,gdp_per_capita_const_egy,3222.37650111397,constant 2015 USD,World Bank WDI API,2011,NY.GDP.PCAP.KD,GDP per capita,EGY
2012-01-01,,1391,,gdp_per_capita_const_egy,3220.99194201188,constant 2015 USD,World Bank WDI API,2012,NY.GDP.PCAP.KD,GDP per capita,EGY
2013-01-01,,1392,,gdp_per_capita_const_egy,3216.37839024454,constant 2015 USD,World Bank WDI API,2013,NY.GDP.PCAP.KD,GDP per capita,EGY
2014-01-01,,1393,,gdp_per_capita_const_egy,3235.66246235519,constant 2015 USD,World Bank WDI API,2014,NY.GDP.PCAP.KD,GDP per capita,EGY
2015-01-01,,1394,,gdp_per_capita_const_egy,3306.98159414141,constant 2015 USD,World Bank WDI API,2015,NY.GDP.PCAP.KD,GDP per capita,EGY
2016-01-01,,1395,,gdp_per_capita_const_egy,3381.22246307712,constant 2015 USD,World Bank WDI API,2016,NY.GDP.PCAP.KD,GDP per capita,EGY
2017-01-01,,1396,,gdp_per_capita_const_egy,3452.90961245976,constant 2015 USD,World Bank WDI API,2017,NY.GDP.PCAP.KD,GDP per capita,EGY
2018-01-01,,1397,,gdp_per_capita_const_egy,3568.63966286365,constant 2015 USD,World Bank WDI API,2018,NY.GDP.PCAP.KD,GDP per capita,EGY
2019-01-01,,1398,,gdp_per_capita_const_egy,3701.2446344954,constant 2015 USD,World Bank WDI API,2019,NY.GDP.PCAP.KD,GDP per capita,EGY
2020-01-01,,1399,,gdp_per_capita_const_egy,3770.86947868544,constant 2015 USD,World Bank WDI API,2020,NY.GDP.PCAP.KD,GDP per capita,EGY
2021-01-01,,1400,,gdp_per_capita_const_egy,3837.31992325256,constant 2015 USD,World Bank WDI API,2021,NY.GDP.PCAP.KD,GDP per capita,EGY
2022-01-01,,1401,,gdp_per_capita_const_egy,4029.78295458204,constant 2015 USD,World Bank WDI API,2022,NY.GDP.PCAP.KD,GDP per capita,EGY
2023-01-01,,1402,,gdp_per_capita_const_egy,4111.3118479018,constant 2015 USD,World Bank WDI API,2023,NY.GDP.PCAP.KD,GDP per capita,EGY
2024-01-01,,1403,,gdp_per_capita_const_egy,4137.6092923313,constant 2015 USD,World Bank WDI API,2024,NY.GDP.PCAP.KD,GDP per capita,EGY
2025-01-01,,1404,,gdp_per_capita_const_egy,4252.63696588953,constant 2015 USD,World Bank WDI API,2025,NY.GDP.PCAP.KD,GDP per capita,EGY
1960-01-01,,1339,,gdp_per_capita_const_irn,2345.11087212965,constant 2015 USD,World Bank WDI API,1960,NY.GDP.PCAP.KD,GDP per capita,IRN
1961-01-01,,1340,,gdp_per_capita_const_irn,2512.11791006455,constant 2015 USD,World Bank WDI API,1961,NY.GDP.PCAP.KD,GDP per capita,IRN
1962-01-01,,1341,,gdp_per_capita_const_irn,2629.72819341093,constant 2015 USD,World Bank WDI API,1962,NY.GDP.PCAP.KD,GDP per capita,IRN
1963-01-01,,1342,,gdp_per_capita_const_irn,2729.80655122362,constant 2015 USD,World Bank WDI API,1963,NY.GDP.PCAP.KD,GDP per capita,IRN
1964-01-01,,1343,,gdp_per_capita_const_irn,2870.3801257982,constant 2015 USD,World Bank WDI API,1964,NY.GDP.PCAP.KD,GDP per capita,IRN
1965-01-01,,1344,,gdp_per_capita_const_irn,3255.50135774216,constant 2015 USD,World Bank WDI API,1965,NY.GDP.PCAP.KD,GDP per capita,IRN
1966-01-01,,1345,,gdp_per_capita_const_irn,3518.61621818274,constant 2015 USD,World Bank WDI API,1966,NY.GDP.PCAP.KD,GDP per capita,IRN
1967-01-01,,1346,,gdp_per_capita_const_irn,3797.07696677175,constant 2015 USD,World Bank WDI API,1967,NY.GDP.PCAP.KD,GDP per capita,IRN
1968-01-01,,1347,,gdp_per_capita_const_irn,4215.93673234613,constant 2015 USD,World Bank WDI API,1968,NY.GDP.PCAP.KD,GDP per capita,IRN
1969-01-01,,1348,,gdp_per_capita_const_irn,4726.09252157204,constant 2015 USD,World Bank WDI API,1969,NY.GDP.PCAP.KD,GDP per capita,IRN
1970-01-01,,1349,,gdp_per_capita_const_irn,5085.75681676835,constant 2015 USD,World Bank WDI API,1970,NY.GDP.PCAP.KD,GDP per capita,IRN
1971-01-01,,1350,,gdp_per_capita_const_irn,5612.36301510845,constant 2015 USD,World Bank WDI API,1971,NY.GDP.PCAP.KD,GDP per capita,IRN
1972-01-01,,1351,,gdp_per_capita_const_irn,6240.70077372592,constant 2015 USD,World Bank WDI API,1972,NY.GDP.PCAP.KD,GDP per capita,IRN
1973-01-01,,1352,,gdp_per_capita_const_irn,6511.65454254456,constant 2015 USD,World Bank WDI API,1973,NY.GDP.PCAP.KD,GDP per capita,IRN
1974-01-01,,1353,,gdp_per_capita_const_irn,6688.44521322137,constant 2015 USD,World Bank WDI API,1974,NY.GDP.PCAP.KD,GDP per capita,IRN
1975-01-01,,1354,,gdp_per_capita_const_irn,6468.12239488762,constant 2015 USD,World Bank WDI API,1975,NY.GDP.PCAP.KD,GDP per capita,IRN
1976-01-01,,1355,,gdp_per_capita_const_irn,7422.12860861168,constant 2015 USD,World Bank WDI API,1976,NY.GDP.PCAP.KD,GDP per capita,IRN
1977-01-01,,1356,,gdp_per_capita_const_irn,6996.18431406879,constant 2015 USD,World Bank WDI API,1977,NY.GDP.PCAP.KD,GDP per capita,IRN
1978-01-01,,1357,,gdp_per_capita_const_irn,5901.81296035878,constant 2015 USD,World Bank WDI API,1978,NY.GDP.PCAP.KD,GDP per capita,IRN
1979-01-01,,1358,,gdp_per_capita_const_irn,5016.91486789935,constant 2015 USD,World Bank WDI API,1979,NY.GDP.PCAP.KD,GDP per capita,IRN
1980-01-01,,1359,,gdp_per_capita_const_irn,3793.35429688212,constant 2015 USD,World Bank WDI API,1980,NY.GDP.PCAP.KD,GDP per capita,IRN
1981-01-01,,1360,,gdp_per_capita_const_irn,3394.34358172067,constant 2015 USD,World Bank WDI API,1981,NY.GDP.PCAP.KD,GDP per capita,IRN
1982-01-01,,1361,,gdp_per_capita_const_irn,3965.27550470445,constant 2015 USD,World Bank WDI API,1982,NY.GDP.PCAP.KD,GDP per capita,IRN
1983-01-01,,1362,,gdp_per_capita_const_irn,4236.71681089406,constant 2015 USD,World Bank WDI API,1983,NY.GDP.PCAP.KD,GDP per capita,IRN
1984-01-01,,1363,,gdp_per_capita_const_irn,3788.97762858202,constant 2015 USD,World Bank WDI API,1984,NY.GDP.PCAP.KD,GDP per capita,IRN
1985-01-01,,1364,,gdp_per_capita_const_irn,3720.53262273169,constant 2015 USD,World Bank WDI API,1985,NY.GDP.PCAP.KD,GDP per capita,IRN
1986-01-01,,1365,,gdp_per_capita_const_irn,3234.88543131803,constant 2015 USD,World Bank WDI API,1986,NY.GDP.PCAP.KD,GDP per capita,IRN
1987-01-01,,1366,,gdp_per_capita_const_irn,3115.61803177018,constant 2015 USD,World Bank WDI API,1987,NY.GDP.PCAP.KD,GDP per capita,IRN
1988-01-01,,1367,,gdp_per_capita_const_irn,2833.18757791548,constant 2015 USD,World Bank WDI API,1988,NY.GDP.PCAP.KD,GDP per capita,IRN
1989-01-01,,1368,,gdp_per_capita_const_irn,2920.36931132344,constant 2015 USD,World Bank WDI API,1989,NY.GDP.PCAP.KD,GDP per capita,IRN
1990-01-01,,1369,,gdp_per_capita_const_irn,3222.20102704479,constant 2015 USD,World Bank WDI API,1990,NY.GDP.PCAP.KD,GDP per capita,IRN
1991-01-01,,1370,,gdp_per_capita_const_irn,3534.65396417255,constant 2015 USD,World Bank WDI API,1991,NY.GDP.PCAP.KD,GDP per capita,IRN
1992-01-01,,1371,,gdp_per_capita_const_irn,3579.73221786246,constant 2015 USD,World Bank WDI API,1992,NY.GDP.PCAP.KD,GDP per capita,IRN
1993-01-01,,1372,,gdp_per_capita_const_irn,3514.51966574661,constant 2015 USD,World Bank WDI API,1993,NY.GDP.PCAP.KD,GDP per capita,IRN
1994-01-01,,1373,,gdp_per_capita_const_irn,3448.25956881527,constant 2015 USD,World Bank WDI API,1994,NY.GDP.PCAP.KD,GDP per capita,IRN
1995-01-01,,1374,,gdp_per_capita_const_irn,3492.17204969482,constant 2015 USD,World Bank WDI API,1995,NY.GDP.PCAP.KD,GDP per capita,IRN
1996-01-01,,1375,,gdp_per_capita_const_irn,3674.0326860276,constant 2015 USD,World Bank WDI API,1996,NY.GDP.PCAP.KD,GDP per capita,IRN
1997-01-01,,1376,,gdp_per_capita_const_irn,3679.27534912962,constant 2015 USD,World Bank WDI API,1997,NY.GDP.PCAP.KD,GDP per capita,IRN
1998-01-01,,1377,,gdp_per_capita_const_irn,3704.56563043092,constant 2015 USD,World Bank WDI API,1998,NY.GDP.PCAP.KD,GDP per capita,IRN
1999-01-01,,1378,,gdp_per_capita_const_irn,3725.31745828772,constant 2015 USD,World Bank WDI API,1999,NY.GDP.PCAP.KD,GDP per capita,IRN
2000-01-01,,1379,,gdp_per_capita_const_irn,3885.30183360649,constant 2015 USD,World Bank WDI API,2000,NY.GDP.PCAP.KD,GDP per capita,IRN
2001-01-01,,1380,,gdp_per_capita_const_irn,3917.29935489016,constant 2015 USD,World Bank WDI API,2001,NY.GDP.PCAP.KD,GDP per capita,IRN
2002-01-01,,1381,,gdp_per_capita_const_irn,4198.95356080727,constant 2015 USD,World Bank WDI API,2002,NY.GDP.PCAP.KD,GDP per capita,IRN
2003-01-01,,1382,,gdp_per_capita_const_irn,4511.43134034458,constant 2015 USD,World Bank WDI API,2003,NY.GDP.PCAP.KD,GDP per capita,IRN
2004-01-01,,1383,,gdp_per_capita_const_irn,4607.45169088209,constant 2015 USD,World Bank WDI API,2004,NY.GDP.PCAP.KD,GDP per capita,IRN
2005-01-01,,1384,,gdp_per_capita_const_irn,4650.35841490708,constant 2015 USD,World Bank WDI API,2005,NY.GDP.PCAP.KD,GDP per capita,IRN
2006-01-01,,1385,,gdp_per_capita_const_irn,4778.7934584732,constant 2015 USD,World Bank WDI API,2006,NY.GDP.PCAP.KD,GDP per capita,IRN
2007-01-01,,1386,,gdp_per_capita_const_irn,5084.71796043623,constant 2015 USD,World Bank WDI API,2007,NY.GDP.PCAP.KD,GDP per capita,IRN
2008-01-01,,1387,,gdp_per_capita_const_irn,5035.94008533618,constant 2015 USD,World Bank WDI API,2008,NY.GDP.PCAP.KD,GDP per capita,IRN
2009-01-01,,1388,,gdp_per_capita_const_irn,5023.89314362941,constant 2015 USD,World Bank WDI API,2009,NY.GDP.PCAP.KD,GDP per capita,IRN
2010-01-01,,1389,,gdp_per_capita_const_irn,5249.06133369759,constant 2015 USD,World Bank WDI API,2010,NY.GDP.PCAP.KD,GDP per capita,IRN
2011-01-01,,1390,,gdp_per_capita_const_irn,5321.75870744453,constant 2015 USD,World Bank WDI API,2011,NY.GDP.PCAP.KD,GDP per capita,IRN
2012-01-01,,1391,,gdp_per_capita_const_irn,5058.64637811835,constant 2015 USD,World Bank WDI API,2012,NY.GDP.PCAP.KD,GDP per capita,IRN
2013-01-01,,1392,,gdp_per_capita_const_irn,4916.97291948475,constant 2015 USD,World Bank WDI API,2013,NY.GDP.PCAP.KD,GDP per capita,IRN
2014-01-01,,1393,,gdp_per_capita_const_irn,5093.20319702187,constant 2015 USD,World Bank WDI API,2014,NY.GDP.PCAP.KD,GDP per capita,IRN
2015-01-01,,1394,,gdp_per_capita_const_irn,4952.73355532178,constant 2015 USD,World Bank WDI API,2015,NY.GDP.PCAP.KD,GDP per capita,IRN
2016-01-01,,1395,,gdp_per_capita_const_irn,5312.61724954192,constant 2015 USD,World Bank WDI API,2016,NY.GDP.PCAP.KD,GDP per capita,IRN
2017-01-01,,1396,,gdp_per_capita_const_irn,5395.2398398598,constant 2015 USD,World Bank WDI API,2017,NY.GDP.PCAP.KD,GDP per capita,IRN
2018-01-01,,1397,,gdp_per_capita_const_irn,5127.22495367018,constant 2015 USD,World Bank WDI API,2018,NY.GDP.PCAP.KD,GDP per capita,IRN
2019-01-01,,1398,,gdp_per_capita_const_irn,4952.45669081078,constant 2015 USD,World Bank WDI API,2019,NY.GDP.PCAP.KD,GDP per capita,IRN
2020-01-01,,1399,,gdp_per_capita_const_irn,5132.82430762118,constant 2015 USD,World Bank WDI API,2020,NY.GDP.PCAP.KD,GDP per capita,IRN
2021-01-01,,1400,,gdp_per_capita_const_irn,5300.62271961895,constant 2015 USD,World Bank WDI API,2021,NY.GDP.PCAP.KD,GDP per capita,IRN
2022-01-01,,1401,,gdp_per_capita_const_irn,5465.31447539413,constant 2015 USD,World Bank WDI API,2022,NY.GDP.PCAP.KD,GDP per capita,IRN
2023-01-01,,1402,,gdp_per_capita_const_irn,5687.84396268742,constant 2015 USD,World Bank WDI API,2023,NY.GDP.PCAP.KD,GDP per capita,IRN
2024-01-01,,1403,,gdp_per_capita_const_irn,5834.44296939863,constant 2015 USD,World Bank WDI API,2024,NY.GDP.PCAP.KD,GDP per capita,IRN
2025-01-01,,1404,,gdp_per_capita_const_irn,5617.42166770918,constant 2015 USD,World Bank WDI API,2025,NY.GDP.PCAP.KD,GDP per capita,IRN
1960-01-01,,1339,,gdp_per_capita_const_tur,2449.49172113529,constant 2015 USD,World Bank WDI API,1960,NY.GDP.PCAP.KD,GDP per capita,TUR
1961-01-01,,1340,,gdp_per_capita_const_tur,2410.64315192164,constant 2015 USD,World Bank WDI API,1961,NY.GDP.PCAP.KD,GDP per capita,TUR
1962-01-01,,1341,,gdp_per_capita_const_tur,2477.15779671441,constant 2015 USD,World Bank WDI API,1962,NY.GDP.PCAP.KD,GDP per capita,TUR
1963-01-01,,1342,,gdp_per_capita_const_tur,2630.46192631855,constant 2015 USD,World Bank WDI API,1963,NY.GDP.PCAP.KD,GDP per capita,TUR
1964-01-01,,1343,,gdp_per_capita_const_tur,2702.27677562415,constant 2015 USD,World Bank WDI API,1964,NY.GDP.PCAP.KD,GDP per capita,TUR
1965-01-01,,1344,,gdp_per_capita_const_tur,2709.66882095403,constant 2015 USD,World Bank WDI API,1965,NY.GDP.PCAP.KD,GDP per capita,TUR
1966-01-01,,1345,,gdp_per_capita_const_tur,2937.88808573302,constant 2015 USD,World Bank WDI API,1966,NY.GDP.PCAP.KD,GDP per capita,TUR
1967-01-01,,1346,,gdp_per_capita_const_tur,2998.05906252199,constant 2015 USD,World Bank WDI API,1967,NY.GDP.PCAP.KD,GDP per capita,TUR
1968-01-01,,1347,,gdp_per_capita_const_tur,3121.39879143887,constant 2015 USD,World Bank WDI API,1968,NY.GDP.PCAP.KD,GDP per capita,TUR
1969-01-01,,1348,,gdp_per_capita_const_tur,3170.16461269859,constant 2015 USD,World Bank WDI API,1969,NY.GDP.PCAP.KD,GDP per capita,TUR
1970-01-01,,1349,,gdp_per_capita_const_tur,3196.68555963572,constant 2015 USD,World Bank WDI API,1970,NY.GDP.PCAP.KD,GDP per capita,TUR
1971-01-01,,1350,,gdp_per_capita_const_tur,3295.46998829981,constant 2015 USD,World Bank WDI API,1971,NY.GDP.PCAP.KD,GDP per capita,TUR
1972-01-01,,1351,,gdp_per_capita_const_tur,3456.20727498748,constant 2015 USD,World Bank WDI API,1972,NY.GDP.PCAP.KD,GDP per capita,TUR
1973-01-01,,1352,,gdp_per_capita_const_tur,3487.3522082994,constant 2015 USD,World Bank WDI API,1973,NY.GDP.PCAP.KD,GDP per capita,TUR
1974-01-01,,1353,,gdp_per_capita_const_tur,3601.7966810353,constant 2015 USD,World Bank WDI API,1974,NY.GDP.PCAP.KD,GDP per capita,TUR
1975-01-01,,1354,,gdp_per_capita_const_tur,3780.9371520204,constant 2015 USD,World Bank WDI API,1975,NY.GDP.PCAP.KD,GDP per capita,TUR
1976-01-01,,1355,,gdp_per_capita_const_tur,4092.05544946496,constant 2015 USD,World Bank WDI API,1976,NY.GDP.PCAP.KD,GDP per capita,TUR
1977-01-01,,1356,,gdp_per_capita_const_tur,4145.06343835049,constant 2015 USD,World Bank WDI API,1977,NY.GDP.PCAP.KD,GDP per capita,TUR
1978-01-01,,1357,,gdp_per_capita_const_tur,4123.30032361003,constant 2015 USD,World Bank WDI API,1978,NY.GDP.PCAP.KD,GDP per capita,TUR
1979-01-01,,1358,,gdp_per_capita_const_tur,4017.92426432571,constant 2015 USD,World Bank WDI API,1979,NY.GDP.PCAP.KD,GDP per capita,TUR
1980-01-01,,1359,,gdp_per_capita_const_tur,3842.04482389031,constant 2015 USD,World Bank WDI API,1980,NY.GDP.PCAP.KD,GDP per capita,TUR
1981-01-01,,1360,,gdp_per_capita_const_tur,3949.28850759335,constant 2015 USD,World Bank WDI API,1981,NY.GDP.PCAP.KD,GDP per capita,TUR
1982-01-01,,1361,,gdp_per_capita_const_tur,4003.50315441713,constant 2015 USD,World Bank WDI API,1982,NY.GDP.PCAP.KD,GDP per capita,TUR
1983-01-01,,1362,,gdp_per_capita_const_tur,4104.90632975913,constant 2015 USD,World Bank WDI API,1983,NY.GDP.PCAP.KD,GDP per capita,TUR
1984-01-01,,1363,,gdp_per_capita_const_tur,4280.87525403423,constant 2015 USD,World Bank WDI API,1984,NY.GDP.PCAP.KD,GDP per capita,TUR
1985-01-01,,1364,,gdp_per_capita_const_tur,4364.45011849922,constant 2015 USD,World Bank WDI API,1985,NY.GDP.PCAP.KD,GDP per capita,TUR
1986-01-01,,1365,,gdp_per_capita_const_tur,4572.10668339085,constant 2015 USD,World Bank WDI API,1986,NY.GDP.PCAP.KD,GDP per capita,TUR
1987-01-01,,1366,,gdp_per_capita_const_tur,4904.82484018353,constant 2015 USD,World Bank WDI API,1987,NY.GDP.PCAP.KD,GDP per capita,TUR
1988-01-01,,1367,,gdp_per_capita_const_tur,4919.41900099648,constant 2015 USD,World Bank WDI API,1988,NY.GDP.PCAP.KD,GDP per capita,TUR
1989-01-01,,1368,,gdp_per_capita_const_tur,4837.93436492876,constant 2015 USD,World Bank WDI API,1989,NY.GDP.PCAP.KD,GDP per capita,TUR
1990-01-01,,1369,,gdp_per_capita_const_tur,5188.18244439241,constant 2015 USD,World Bank WDI API,1990,NY.GDP.PCAP.KD,GDP per capita,TUR
1991-01-01,,1370,,gdp_per_capita_const_tur,5134.41760877172,constant 2015 USD,World Bank WDI API,1991,NY.GDP.PCAP.KD,GDP per capita,TUR
1992-01-01,,1371,,gdp_per_capita_const_tur,5301.80855982172,constant 2015 USD,World Bank WDI API,1992,NY.GDP.PCAP.KD,GDP per capita,TUR
1993-01-01,,1372,,gdp_per_capita_const_tur,5609.85056730997,constant 2015 USD,World Bank WDI API,1993,NY.GDP.PCAP.KD,GDP per capita,TUR
1994-01-01,,1373,,gdp_per_capita_const_tur,5255.80339736897,constant 2015 USD,World Bank WDI API,1994,NY.GDP.PCAP.KD,GDP per capita,TUR
1995-01-01,,1374,,gdp_per_capita_const_tur,5577.82539654281,constant 2015 USD,World Bank WDI API,1995,NY.GDP.PCAP.KD,GDP per capita,TUR
1996-01-01,,1375,,gdp_per_capita_const_tur,5887.67309798528,constant 2015 USD,World Bank WDI API,1996,NY.GDP.PCAP.KD,GDP per capita,TUR
1997-01-01,,1376,,gdp_per_capita_const_tur,6230.18622126407,constant 2015 USD,World Bank WDI API,1997,NY.GDP.PCAP.KD,GDP per capita,TUR
1998-01-01,,1377,,gdp_per_capita_const_tur,6261.28870069222,constant 2015 USD,World Bank WDI API,1998,NY.GDP.PCAP.KD,GDP per capita,TUR
1999-01-01,,1378,,gdp_per_capita_const_tur,5989.55700860592,constant 2015 USD,World Bank WDI API,1999,NY.GDP.PCAP.KD,GDP per capita,TUR
2000-01-01,,1379,,gdp_per_capita_const_tur,6326.25746472488,constant 2015 USD,World Bank WDI API,2000,NY.GDP.PCAP.KD,GDP per capita,TUR
2001-01-01,,1380,,gdp_per_capita_const_tur,5906.92348536699,constant 2015 USD,World Bank WDI API,2001,NY.GDP.PCAP.KD,GDP per capita,TUR
2002-01-01,,1381,,gdp_per_capita_const_tur,6211.70542960394,constant 2015 USD,World Bank WDI API,2002,NY.GDP.PCAP.KD,GDP per capita,TUR
2003-01-01,,1382,,gdp_per_capita_const_tur,6496.07277294612,constant 2015 USD,World Bank WDI API,2003,NY.GDP.PCAP.KD,GDP per capita,TUR
2004-01-01,,1383,,gdp_per_capita_const_tur,7061.62219794984,constant 2015 USD,World Bank WDI API,2004,NY.GDP.PCAP.KD,GDP per capita,TUR
2005-01-01,,1384,,gdp_per_capita_const_tur,7623.14640948457,constant 2015 USD,World Bank WDI API,2005,NY.GDP.PCAP.KD,GDP per capita,TUR
2006-01-01,,1385,,gdp_per_capita_const_tur,8078.5153787571,constant 2015 USD,World Bank WDI API,2006,NY.GDP.PCAP.KD,GDP per capita,TUR
2007-01-01,,1386,,gdp_per_capita_const_tur,8477.53328393352,constant 2015 USD,World Bank WDI API,2007,NY.GDP.PCAP.KD,GDP per capita,TUR
2008-01-01,,1387,,gdp_per_capita_const_tur,8447.93976396947,constant 2015 USD,World Bank WDI API,2008,NY.GDP.PCAP.KD,GDP per capita,TUR
2009-01-01,,1388,,gdp_per_capita_const_tur,7925.30110421185,constant 2015 USD,World Bank WDI API,2009,NY.GDP.PCAP.KD,GDP per capita,TUR
2010-01-01,,1389,,gdp_per_capita_const_tur,8472.57809050119,constant 2015 USD,World Bank WDI API,2010,NY.GDP.PCAP.KD,GDP per capita,TUR
2011-01-01,,1390,,gdp_per_capita_const_tur,9265.85910238578,constant 2015 USD,World Bank WDI API,2011,NY.GDP.PCAP.KD,GDP per capita,TUR
2012-01-01,,1391,,gdp_per_capita_const_tur,9588.32066531438,constant 2015 USD,World Bank WDI API,2012,NY.GDP.PCAP.KD,GDP per capita,TUR
2013-01-01,,1392,,gdp_per_capita_const_tur,10269.4489140773,constant 2015 USD,World Bank WDI API,2013,NY.GDP.PCAP.KD,GDP per capita,TUR
2014-01-01,,1393,,gdp_per_capita_const_tur,10597.9801881716,constant 2015 USD,World Bank WDI API,2014,NY.GDP.PCAP.KD,GDP per capita,TUR
2015-01-01,,1394,,gdp_per_capita_const_tur,11064.6494504662,constant 2015 USD,World Bank WDI API,2015,NY.GDP.PCAP.KD,GDP per capita,TUR
2016-01-01,,1395,,gdp_per_capita_const_tur,11279.6169531569,constant 2015 USD,World Bank WDI API,2016,NY.GDP.PCAP.KD,GDP per capita,TUR
2017-01-01,,1396,,gdp_per_capita_const_tur,12005.6459824832,constant 2015 USD,World Bank WDI API,2017,NY.GDP.PCAP.KD,GDP per capita,TUR
2018-01-01,,1397,,gdp_per_capita_const_tur,12255.0082146169,constant 2015 USD,World Bank WDI API,2018,NY.GDP.PCAP.KD,GDP per capita,TUR
2019-01-01,,1398,,gdp_per_capita_const_tur,12238.2950220128,constant 2015 USD,World Bank WDI API,2019,NY.GDP.PCAP.KD,GDP per capita,TUR
2020-01-01,,1399,,gdp_per_capita_const_tur,12338.643833135,constant 2015 USD,World Bank WDI API,2020,NY.GDP.PCAP.KD,GDP per capita,TUR
2021-01-01,,1400,,gdp_per_capita_const_tur,13670.938029516,constant 2015 USD,World Bank WDI API,2021,NY.GDP.PCAP.KD,GDP per capita,TUR
2022-01-01,,1401,,gdp_per_capita_const_tur,14273.5747654873,constant 2015 USD,World Bank WDI API,2022,NY.GDP.PCAP.KD,GDP per capita,TUR
2023-01-01,,1402,,gdp_per_capita_const_tur,14932.8851363122,constant 2015 USD,World Bank WDI API,2023,NY.GDP.PCAP.KD,GDP per capita,TUR
2024-01-01,,1403,,gdp_per_capita_const_tur,15395.0278894893,constant 2015 USD,World Bank WDI API,2024,NY.GDP.PCAP.KD,GDP per capita,TUR
2025-01-01,,1404,,gdp_per_capita_const_tur,15883.1187401807,constant 2015 USD,World Bank WDI API,2025,NY.GDP.PCAP.KD,GDP per capita,TUR
1990-01-01,,1369,,gdp_per_capita_ppp_egy,8006.62143740129,constant 2021 international USD,World Bank WDI API,1990,NY.GDP.PCAP.PP.KD,"GDP per capita, PPP",EGY
1991-01-01,,1370,,gdp_per_capita_ppp_egy,7876.55257552889,constant 2021 international USD,World Bank WDI API,1991,NY.GDP.PCAP.PP.KD,"GDP per capita, PPP",EGY
1992-01-01,,1371,,gdp_per_capita_ppp_egy,8034.56230124583,constant 2021 international USD,World Bank WDI API,1992,NY.GDP.PCAP.PP.KD,"GDP per capita, PPP",EGY
1993-01-01,,1372,,gdp_per_capita_ppp_egy,8079.05480679221,constant 2021 international USD,World Bank WDI API,1993,NY.GDP.PCAP.PP.KD,"GDP per capita, PPP",EGY
1994-01-01,,1373,,gdp_per_capita_ppp_egy,8221.04684774388,constant 2021 international USD,World Bank WDI API,1994,NY.GDP.PCAP.PP.KD,"GDP per capita, PPP",EGY
1995-01-01,,1374,,gdp_per_capita_ppp_egy,8423.57817498243,constant 2021 international USD,World Bank WDI API,1995,NY.GDP.PCAP.PP.KD,"GDP per capita, PPP",EGY
1996-01-01,,1375,,gdp_per_capita_ppp_egy,8662.33147868251,constant 2021 international USD,World Bank WDI API,1996,NY.GDP.PCAP.PP.KD,"GDP per capita, PPP",EGY
1997-01-01,,1376,,gdp_per_capita_ppp_egy,8950.6541069311,constant 2021 international USD,World Bank WDI API,1997,NY.GDP.PCAP.PP.KD,"GDP per capita, PPP",EGY
1998-01-01,,1377,,gdp_per_capita_ppp_egy,9245.47890468363,constant 2021 international USD,World Bank WDI API,1998,NY.GDP.PCAP.PP.KD,"GDP per capita, PPP",EGY
1999-01-01,,1378,,gdp_per_capita_ppp_egy,9588.8593851379,constant 2021 international USD,World Bank WDI API,1999,NY.GDP.PCAP.PP.KD,"GDP per capita, PPP",EGY
2000-01-01,,1379,,gdp_per_capita_ppp_egy,9981.62775081593,constant 2021 international USD,World Bank WDI API,2000,NY.GDP.PCAP.PP.KD,"GDP per capita, PPP",EGY
2001-01-01,,1380,,gdp_per_capita_ppp_egy,10117.3331821542,constant 2021 international USD,World Bank WDI API,2001,NY.GDP.PCAP.PP.KD,"GDP per capita, PPP",EGY
2002-01-01,,1381,,gdp_per_capita_ppp_egy,10143.5063456555,constant 2021 international USD,World Bank WDI API,2002,NY.GDP.PCAP.PP.KD,"GDP per capita, PPP",EGY
2003-01-01,,1382,,gdp_per_capita_ppp_egy,10250.376550149,constant 2021 international USD,World Bank WDI API,2003,NY.GDP.PCAP.PP.KD,"GDP per capita, PPP",EGY
2004-01-01,,1383,,gdp_per_capita_ppp_egy,10451.8217511529,constant 2021 international USD,World Bank WDI API,2004,NY.GDP.PCAP.PP.KD,"GDP per capita, PPP",EGY
2005-01-01,,1384,,gdp_per_capita_ppp_egy,10700.6090372525,constant 2021 international USD,World Bank WDI API,2005,NY.GDP.PCAP.PP.KD,"GDP per capita, PPP",EGY
2006-01-01,,1385,,gdp_per_capita_ppp_egy,11211.8320228671,constant 2021 international USD,World Bank WDI API,2006,NY.GDP.PCAP.PP.KD,"GDP per capita, PPP",EGY
2007-01-01,,1386,,gdp_per_capita_ppp_egy,11782.0060717026,constant 2021 international USD,World Bank WDI API,2007,NY.GDP.PCAP.PP.KD,"GDP per capita, PPP",EGY
2008-01-01,,1387,,gdp_per_capita_ppp_egy,12391.5847624938,constant 2021 international USD,World Bank WDI API,2008,NY.GDP.PCAP.PP.KD,"GDP per capita, PPP",EGY
2009-01-01,,1388,,gdp_per_capita_ppp_egy,12728.0814587564,constant 2021 international USD,World Bank WDI API,2009,NY.GDP.PCAP.PP.KD,"GDP per capita, PPP",EGY
2010-01-01,,1389,,gdp_per_capita_ppp_egy,13128.9878334831,constant 2021 international USD,World Bank WDI API,2010,NY.GDP.PCAP.PP.KD,"GDP per capita, PPP",EGY
2011-01-01,,1390,,gdp_per_capita_ppp_egy,13082.4263680239,constant 2021 international USD,World Bank WDI API,2011,NY.GDP.PCAP.PP.KD,"GDP per capita, PPP",EGY
2012-01-01,,1391,,gdp_per_capita_ppp_egy,13076.8052394876,constant 2021 international USD,World Bank WDI API,2012,NY.GDP.PCAP.PP.KD,"GDP per capita, PPP",EGY
2013-01-01,,1392,,gdp_per_capita_ppp_egy,13058.0748238237,constant 2021 international USD,World Bank WDI API,2013,NY.GDP.PCAP.PP.KD,"GDP per capita, PPP",EGY
2014-01-01,,1393,,gdp_per_capita_ppp_egy,13136.3656298099,constant 2021 international USD,World Bank WDI API,2014,NY.GDP.PCAP.PP.KD,"GDP per capita, PPP",EGY
2015-01-01,,1394,,gdp_per_capita_ppp_egy,13425.9119599492,constant 2021 international USD,World Bank WDI API,2015,NY.GDP.PCAP.PP.KD,"GDP per capita, PPP",EGY
2016-01-01,,1395,,gdp_per_capita_ppp_egy,13727.3201600816,constant 2021 international USD,World Bank WDI API,2016,NY.GDP.PCAP.PP.KD,"GDP per capita, PPP",EGY
2017-01-01,,1396,,gdp_per_capita_ppp_egy,14018.3605934411,constant 2021 international USD,World Bank WDI API,2017,NY.GDP.PCAP.PP.KD,"GDP per capita, PPP",EGY
2018-01-01,,1397,,gdp_per_capita_ppp_egy,14488.2094340261,constant 2021 international USD,World Bank WDI API,2018,NY.GDP.PCAP.PP.KD,"GDP per capita, PPP",EGY
2019-01-01,,1398,,gdp_per_capita_ppp_egy,15026.568243683,constant 2021 international USD,World Bank WDI API,2019,NY.GDP.PCAP.PP.KD,"GDP per capita, PPP",EGY
2020-01-01,,1399,,gdp_per_capita_ppp_egy,15309.2359881835,constant 2021 international USD,World Bank WDI API,2020,NY.GDP.PCAP.PP.KD,"GDP per capita, PPP",EGY
2021-01-01,,1400,,gdp_per_capita_ppp_egy,15579.0160861551,constant 2021 international USD,World Bank WDI API,2021,NY.GDP.PCAP.PP.KD,"GDP per capita, PPP",EGY
2022-01-01,,1401,,gdp_per_capita_ppp_egy,16360.390775011,constant 2021 international USD,World Bank WDI API,2022,NY.GDP.PCAP.PP.KD,"GDP per capita, PPP",EGY
2023-01-01,,1402,,gdp_per_capita_ppp_egy,16691.3873991962,constant 2021 international USD,World Bank WDI API,2023,NY.GDP.PCAP.PP.KD,"GDP per capita, PPP",EGY
2024-01-01,,1403,,gdp_per_capita_ppp_egy,16798.151577838,constant 2021 international USD,World Bank WDI API,2024,NY.GDP.PCAP.PP.KD,"GDP per capita, PPP",EGY
2025-01-01,,1404,,gdp_per_capita_ppp_egy,17265.1488604617,constant 2021 international USD,World Bank WDI API,2025,NY.GDP.PCAP.PP.KD,"GDP per capita, PPP",EGY
1990-01-01,,1369,,gdp_per_capita_ppp_irn,9656.00116894359,constant 2021 international USD,World Bank WDI API,1990,NY.GDP.PCAP.PP.KD,"GDP per capita, PPP",IRN
1991-01-01,,1370,,gdp_per_capita_ppp_irn,10592.3319257222,constant 2021 international USD,World Bank WDI API,1991,NY.GDP.PCAP.PP.KD,"GDP per capita, PPP",IRN
1992-01-01,,1371,,gdp_per_capita_ppp_irn,10727.4183671547,constant 2021 international USD,World Bank WDI API,1992,NY.GDP.PCAP.PP.KD,"GDP per capita, PPP",IRN
1993-01-01,,1372,,gdp_per_capita_ppp_irn,10531.9952777275,constant 2021 international USD,World Bank WDI API,1993,NY.GDP.PCAP.PP.KD,"GDP per capita, PPP",IRN
1994-01-01,,1373,,gdp_per_capita_ppp_irn,10333.4330005595,constant 2021 international USD,World Bank WDI API,1994,NY.GDP.PCAP.PP.KD,"GDP per capita, PPP",IRN
1995-01-01,,1374,,gdp_per_capita_ppp_irn,10465.0259592685,constant 2021 international USD,World Bank WDI API,1995,NY.GDP.PCAP.PP.KD,"GDP per capita, PPP",IRN
1996-01-01,,1375,,gdp_per_capita_ppp_irn,11010.0094976248,constant 2021 international USD,World Bank WDI API,1996,NY.GDP.PCAP.PP.KD,"GDP per capita, PPP",IRN
1997-01-01,,1376,,gdp_per_capita_ppp_irn,11025.7202371524,constant 2021 international USD,World Bank WDI API,1997,NY.GDP.PCAP.PP.KD,"GDP per capita, PPP",IRN
1998-01-01,,1377,,gdp_per_capita_ppp_irn,11101.507869196,constant 2021 international USD,World Bank WDI API,1998,NY.GDP.PCAP.PP.KD,"GDP per capita, PPP",IRN
1999-01-01,,1378,,gdp_per_capita_ppp_irn,11163.6950736445,constant 2021 international USD,World Bank WDI API,1999,NY.GDP.PCAP.PP.KD,"GDP per capita, PPP",IRN
2000-01-01,,1379,,gdp_per_capita_ppp_irn,11643.1218077696,constant 2021 international USD,World Bank WDI API,2000,NY.GDP.PCAP.PP.KD,"GDP per capita, PPP",IRN
2001-01-01,,1380,,gdp_per_capita_ppp_irn,11739.0090911282,constant 2021 international USD,World Bank WDI API,2001,NY.GDP.PCAP.PP.KD,"GDP per capita, PPP",IRN
2002-01-01,,1381,,gdp_per_capita_ppp_irn,12583.044990424,constant 2021 international USD,World Bank WDI API,2002,NY.GDP.PCAP.PP.KD,"GDP per capita, PPP",IRN
2003-01-01,,1382,,gdp_per_capita_ppp_irn,13519.4501926929,constant 2021 international USD,World Bank WDI API,2003,NY.GDP.PCAP.PP.KD,"GDP per capita, PPP",IRN
2004-01-01,,1383,,gdp_per_capita_ppp_irn,13807.1953114023,constant 2021 international USD,World Bank WDI API,2004,NY.GDP.PCAP.PP.KD,"GDP per capita, PPP",IRN
2005-01-01,,1384,,gdp_per_capita_ppp_irn,13935.7743087596,constant 2021 international USD,World Bank WDI API,2005,NY.GDP.PCAP.PP.KD,"GDP per capita, PPP",IRN
2006-01-01,,1385,,gdp_per_capita_ppp_irn,14320.6568534545,constant 2021 international USD,World Bank WDI API,2006,NY.GDP.PCAP.PP.KD,"GDP per capita, PPP",IRN
2007-01-01,,1386,,gdp_per_capita_ppp_irn,15237.4237850549,constant 2021 international USD,World Bank WDI API,2007,NY.GDP.PCAP.PP.KD,"GDP per capita, PPP",IRN
2008-01-01,,1387,,gdp_per_capita_ppp_irn,15091.2506521463,constant 2021 international USD,World Bank WDI API,2008,NY.GDP.PCAP.PP.KD,"GDP per capita, PPP",IRN
2009-01-01,,1388,,gdp_per_capita_ppp_irn,15055.1494647199,constant 2021 international USD,World Bank WDI API,2009,NY.GDP.PCAP.PP.KD,"GDP per capita, PPP",IRN
2010-01-01,,1389,,gdp_per_capita_ppp_irn,15729.9131707266,constant 2021 international USD,World Bank WDI API,2010,NY.GDP.PCAP.PP.KD,"GDP per capita, PPP",IRN
2011-01-01,,1390,,gdp_per_capita_ppp_irn,15947.766097961,constant 2021 international USD,World Bank WDI API,2011,NY.GDP.PCAP.PP.KD,"GDP per capita, PPP",IRN
2012-01-01,,1391,,gdp_per_capita_ppp_irn,15159.2948206531,constant 2021 international USD,World Bank WDI API,2012,NY.GDP.PCAP.PP.KD,"GDP per capita, PPP",IRN
2013-01-01,,1392,,gdp_per_capita_ppp_irn,14734.740588719,constant 2021 international USD,World Bank WDI API,2013,NY.GDP.PCAP.PP.KD,"GDP per capita, PPP",IRN
2014-01-01,,1393,,gdp_per_capita_ppp_irn,15262.8515760903,constant 2021 international USD,World Bank WDI API,2014,NY.GDP.PCAP.PP.KD,"GDP per capita, PPP",IRN
2015-01-01,,1394,,gdp_per_capita_ppp_irn,14841.9048340737,constant 2021 international USD,World Bank WDI API,2015,NY.GDP.PCAP.PP.KD,"GDP per capita, PPP",IRN
2016-01-01,,1395,,gdp_per_capita_ppp_irn,15920.3718021202,constant 2021 international USD,World Bank WDI API,2016,NY.GDP.PCAP.PP.KD,"GDP per capita, PPP",IRN
2017-01-01,,1396,,gdp_per_capita_ppp_irn,16167.9677224227,constant 2021 international USD,World Bank WDI API,2017,NY.GDP.PCAP.PP.KD,"GDP per capita, PPP",IRN
2018-01-01,,1397,,gdp_per_capita_ppp_irn,15364.8049052614,constant 2021 international USD,World Bank WDI API,2018,NY.GDP.PCAP.PP.KD,"GDP per capita, PPP",IRN
2019-01-01,,1398,,gdp_per_capita_ppp_irn,14841.0751514998,constant 2021 international USD,World Bank WDI API,2019,NY.GDP.PCAP.PP.KD,"GDP per capita, PPP",IRN
2020-01-01,,1399,,gdp_per_capita_ppp_irn,15381.5845437266,constant 2021 international USD,World Bank WDI API,2020,NY.GDP.PCAP.PP.KD,"GDP per capita, PPP",IRN
2021-01-01,,1400,,gdp_per_capita_ppp_irn,15884.4276775963,constant 2021 international USD,World Bank WDI API,2021,NY.GDP.PCAP.PP.KD,"GDP per capita, PPP",IRN
2022-01-01,,1401,,gdp_per_capita_ppp_irn,16377.9610645368,constant 2021 international USD,World Bank WDI API,2022,NY.GDP.PCAP.PP.KD,"GDP per capita, PPP",IRN
2023-01-01,,1402,,gdp_per_capita_ppp_irn,17044.8173442641,constant 2021 international USD,World Bank WDI API,2023,NY.GDP.PCAP.PP.KD,"GDP per capita, PPP",IRN
2024-01-01,,1403,,gdp_per_capita_ppp_irn,17484.1320140467,constant 2021 international USD,World Bank WDI API,2024,NY.GDP.PCAP.PP.KD,"GDP per capita, PPP",IRN
2025-01-01,,1404,,gdp_per_capita_ppp_irn,16833.7821677117,constant 2021 international USD,World Bank WDI API,2025,NY.GDP.PCAP.PP.KD,"GDP per capita, PPP",IRN
1990-01-01,,1369,,gdp_per_capita_ppp_tur,12184.1995945303,constant 2021 international USD,World Bank WDI API,1990,NY.GDP.PCAP.PP.KD,"GDP per capita, PPP",TUR
1991-01-01,,1370,,gdp_per_capita_ppp_tur,12057.9354364382,constant 2021 international USD,World Bank WDI API,1991,NY.GDP.PCAP.PP.KD,"GDP per capita, PPP",TUR
1992-01-01,,1371,,gdp_per_capita_ppp_tur,12451.0451197948,constant 2021 international USD,World Bank WDI API,1992,NY.GDP.PCAP.PP.KD,"GDP per capita, PPP",TUR
1993-01-01,,1372,,gdp_per_capita_ppp_tur,13174.467116412,constant 2021 international USD,World Bank WDI API,1993,NY.GDP.PCAP.PP.KD,"GDP per capita, PPP",TUR
1994-01-01,,1373,,gdp_per_capita_ppp_tur,12343.0041848988,constant 2021 international USD,World Bank WDI API,1994,NY.GDP.PCAP.PP.KD,"GDP per capita, PPP",TUR
1995-01-01,,1374,,gdp_per_capita_ppp_tur,13099.2575267612,constant 2021 international USD,World Bank WDI API,1995,NY.GDP.PCAP.PP.KD,"GDP per capita, PPP",TUR
1996-01-01,,1375,,gdp_per_capita_ppp_tur,13826.9201097072,constant 2021 international USD,World Bank WDI API,1996,NY.GDP.PCAP.PP.KD,"GDP per capita, PPP",TUR
1997-01-01,,1376,,gdp_per_capita_ppp_tur,14631.2958814739,constant 2021 international USD,World Bank WDI API,1997,NY.GDP.PCAP.PP.KD,"GDP per capita, PPP",TUR
1998-01-01,,1377,,gdp_per_capita_ppp_tur,14704.3385744207,constant 2021 international USD,World Bank WDI API,1998,NY.GDP.PCAP.PP.KD,"GDP per capita, PPP",TUR
1999-01-01,,1378,,gdp_per_capita_ppp_tur,14066.1896257233,constant 2021 international USD,World Bank WDI API,1999,NY.GDP.PCAP.PP.KD,"GDP per capita, PPP",TUR
2000-01-01,,1379,,gdp_per_capita_ppp_tur,14856.914625257,constant 2021 international USD,World Bank WDI API,2000,NY.GDP.PCAP.PP.KD,"GDP per capita, PPP",TUR
2001-01-01,,1380,,gdp_per_capita_ppp_tur,13872.1287284566,constant 2021 international USD,World Bank WDI API,2001,NY.GDP.PCAP.PP.KD,"GDP per capita, PPP",TUR
2002-01-01,,1381,,gdp_per_capita_ppp_tur,14587.894621656,constant 2021 international USD,World Bank WDI API,2002,NY.GDP.PCAP.PP.KD,"GDP per capita, PPP",TUR
2003-01-01,,1382,,gdp_per_capita_ppp_tur,15255.7177960689,constant 2021 international USD,World Bank WDI API,2003,NY.GDP.PCAP.PP.KD,"GDP per capita, PPP",TUR
2004-01-01,,1383,,gdp_per_capita_ppp_tur,16583.8837094062,constant 2021 international USD,World Bank WDI API,2004,NY.GDP.PCAP.PP.KD,"GDP per capita, PPP",TUR
2005-01-01,,1384,,gdp_per_capita_ppp_tur,17902.5966004487,constant 2021 international USD,World Bank WDI API,2005,NY.GDP.PCAP.PP.KD,"GDP per capita, PPP",TUR
2006-01-01,,1385,,gdp_per_capita_ppp_tur,18972.0089563632,constant 2021 international USD,World Bank WDI API,2006,NY.GDP.PCAP.PP.KD,"GDP per capita, PPP",TUR
2007-01-01,,1386,,gdp_per_capita_ppp_tur,19909.083519675,constant 2021 international USD,World Bank WDI API,2007,NY.GDP.PCAP.PP.KD,"GDP per capita, PPP",TUR
2008-01-01,,1387,,gdp_per_capita_ppp_tur,19839.5845462269,constant 2021 international USD,World Bank WDI API,2008,NY.GDP.PCAP.PP.KD,"GDP per capita, PPP",TUR
2009-01-01,,1388,,gdp_per_capita_ppp_tur,18612.1925231905,constant 2021 international USD,World Bank WDI API,2009,NY.GDP.PCAP.PP.KD,"GDP per capita, PPP",TUR
2010-01-01,,1389,,gdp_per_capita_ppp_tur,19897.4464836887,constant 2021 international USD,World Bank WDI API,2010,NY.GDP.PCAP.PP.KD,"GDP per capita, PPP",TUR
2011-01-01,,1390,,gdp_per_capita_ppp_tur,21760.4291923634,constant 2021 international USD,World Bank WDI API,2011,NY.GDP.PCAP.PP.KD,"GDP per capita, PPP",TUR
2012-01-01,,1391,,gdp_per_capita_ppp_tur,22517.7148287875,constant 2021 international USD,World Bank WDI API,2012,NY.GDP.PCAP.PP.KD,"GDP per capita, PPP",TUR
2013-01-01,,1392,,gdp_per_capita_ppp_tur,24117.3121099839,constant 2021 international USD,World Bank WDI API,2013,NY.GDP.PCAP.PP.KD,"GDP per capita, PPP",TUR
2014-01-01,,1393,,gdp_per_capita_ppp_tur,24888.8521742576,constant 2021 international USD,World Bank WDI API,2014,NY.GDP.PCAP.PP.KD,"GDP per capita, PPP",TUR
2015-01-01,,1394,,gdp_per_capita_ppp_tur,25984.8027306177,constant 2021 international USD,World Bank WDI API,2015,NY.GDP.PCAP.PP.KD,"GDP per capita, PPP",TUR
2016-01-01,,1395,,gdp_per_capita_ppp_tur,26489.6436816046,constant 2021 international USD,World Bank WDI API,2016,NY.GDP.PCAP.PP.KD,"GDP per capita, PPP",TUR
2017-01-01,,1396,,gdp_per_capita_ppp_tur,28194.688309381,constant 2021 international USD,World Bank WDI API,2017,NY.GDP.PCAP.PP.KD,"GDP per capita, PPP",TUR
2018-01-01,,1397,,gdp_per_capita_ppp_tur,28780.3036458151,constant 2021 international USD,World Bank WDI API,2018,NY.GDP.PCAP.PP.KD,"GDP per capita, PPP",TUR
2019-01-01,,1398,,gdp_per_capita_ppp_tur,28741.0535082701,constant 2021 international USD,World Bank WDI API,2019,NY.GDP.PCAP.PP.KD,"GDP per capita, PPP",TUR
2020-01-01,,1399,,gdp_per_capita_ppp_tur,28976.7179161611,constant 2021 international USD,World Bank WDI API,2020,NY.GDP.PCAP.PP.KD,"GDP per capita, PPP",TUR
2021-01-01,,1400,,gdp_per_capita_ppp_tur,32105.5474400506,constant 2021 international USD,World Bank WDI API,2021,NY.GDP.PCAP.PP.KD,"GDP per capita, PPP",TUR
2022-01-01,,1401,,gdp_per_capita_ppp_tur,33520.8111384208,constant 2021 international USD,World Bank WDI API,2022,NY.GDP.PCAP.PP.KD,"GDP per capita, PPP",TUR
2023-01-01,,1402,,gdp_per_capita_ppp_tur,35069.1701714685,constant 2021 international USD,World Bank WDI API,2023,NY.GDP.PCAP.PP.KD,"GDP per capita, PPP",TUR
2024-01-01,,1403,,gdp_per_capita_ppp_tur,36154.490436557,constant 2021 international USD,World Bank WDI API,2024,NY.GDP.PCAP.PP.KD,"GDP per capita, PPP",TUR
2025-01-01,,1404,,gdp_per_capita_ppp_tur,37300.7485739354,constant 2021 international USD,World Bank WDI API,2025,NY.GDP.PCAP.PP.KD,"GDP per capita, PPP",TUR
1991-01-01,,1370,,gdp_per_person_employed_egy,31355.8215501873,constant 2021 PPP USD,World Bank WDI API,1991,SL.GDP.PCAP.EM.KD,GDP per person employed,EGY
1992-01-01,,1371,,gdp_per_person_employed_egy,31371.4470147608,constant 2021 PPP USD,World Bank WDI API,1992,SL.GDP.PCAP.EM.KD,GDP per person employed,EGY
1993-01-01,,1372,,gdp_per_person_employed_egy,31611.5611175382,constant 2021 PPP USD,World Bank WDI API,1993,SL.GDP.PCAP.EM.KD,GDP per person employed,EGY
1994-01-01,,1373,,gdp_per_person_employed_egy,31333.085441078,constant 2021 PPP USD,World Bank WDI API,1994,SL.GDP.PCAP.EM.KD,GDP per person employed,EGY
1995-01-01,,1374,,gdp_per_person_employed_egy,32569.984200561,constant 2021 PPP USD,World Bank WDI API,1995,SL.GDP.PCAP.EM.KD,GDP per person employed,EGY
1996-01-01,,1375,,gdp_per_person_employed_egy,32954.8814066446,constant 2021 PPP USD,World Bank WDI API,1996,SL.GDP.PCAP.EM.KD,GDP per person employed,EGY
1997-01-01,,1376,,gdp_per_person_employed_egy,34037.4189858841,constant 2021 PPP USD,World Bank WDI API,1997,SL.GDP.PCAP.EM.KD,GDP per person employed,EGY
1998-01-01,,1377,,gdp_per_person_employed_egy,35236.242053151,constant 2021 PPP USD,World Bank WDI API,1998,SL.GDP.PCAP.EM.KD,GDP per person employed,EGY
1999-01-01,,1378,,gdp_per_person_employed_egy,35052.9837446742,constant 2021 PPP USD,World Bank WDI API,1999,SL.GDP.PCAP.EM.KD,GDP per person employed,EGY
2000-01-01,,1379,,gdp_per_person_employed_egy,37623.067553333,constant 2021 PPP USD,World Bank WDI API,2000,SL.GDP.PCAP.EM.KD,GDP per person employed,EGY
2001-01-01,,1380,,gdp_per_person_employed_egy,39033.7562088174,constant 2021 PPP USD,World Bank WDI API,2001,SL.GDP.PCAP.EM.KD,GDP per person employed,EGY
2002-01-01,,1381,,gdp_per_person_employed_egy,40732.7851331359,constant 2021 PPP USD,World Bank WDI API,2002,SL.GDP.PCAP.EM.KD,GDP per person employed,EGY
2003-01-01,,1382,,gdp_per_person_employed_egy,40387.0758413701,constant 2021 PPP USD,World Bank WDI API,2003,SL.GDP.PCAP.EM.KD,GDP per person employed,EGY
2004-01-01,,1383,,gdp_per_person_employed_egy,39772.2642277945,constant 2021 PPP USD,World Bank WDI API,2004,SL.GDP.PCAP.EM.KD,GDP per person employed,EGY
2005-01-01,,1384,,gdp_per_person_employed_egy,39964.9021210574,constant 2021 PPP USD,World Bank WDI API,2005,SL.GDP.PCAP.EM.KD,GDP per person employed,EGY
2006-01-01,,1385,,gdp_per_person_employed_egy,40578.2123281624,constant 2021 PPP USD,World Bank WDI API,2006,SL.GDP.PCAP.EM.KD,GDP per person employed,EGY
2007-01-01,,1386,,gdp_per_person_employed_egy,40881.437709794,constant 2021 PPP USD,World Bank WDI API,2007,SL.GDP.PCAP.EM.KD,GDP per person employed,EGY
2008-01-01,,1387,,gdp_per_person_employed_egy,43124.100854353,constant 2021 PPP USD,World Bank WDI API,2008,SL.GDP.PCAP.EM.KD,GDP per person employed,EGY
2009-01-01,,1388,,gdp_per_person_employed_egy,44207.4527751834,constant 2021 PPP USD,World Bank WDI API,2009,SL.GDP.PCAP.EM.KD,GDP per person employed,EGY
2010-01-01,,1389,,gdp_per_person_employed_egy,44085.9841017133,constant 2021 PPP USD,World Bank WDI API,2010,SL.GDP.PCAP.EM.KD,GDP per person employed,EGY
2011-01-01,,1390,,gdp_per_person_employed_egy,46010.9370151902,constant 2021 PPP USD,World Bank WDI API,2011,SL.GDP.PCAP.EM.KD,GDP per person employed,EGY
2012-01-01,,1391,,gdp_per_person_employed_egy,46662.0675208339,constant 2021 PPP USD,World Bank WDI API,2012,SL.GDP.PCAP.EM.KD,GDP per person employed,EGY
2013-01-01,,1392,,gdp_per_person_employed_egy,46967.4794957479,constant 2021 PPP USD,World Bank WDI API,2013,SL.GDP.PCAP.EM.KD,GDP per person employed,EGY
2014-01-01,,1393,,gdp_per_person_employed_egy,47573.4472261953,constant 2021 PPP USD,World Bank WDI API,2014,SL.GDP.PCAP.EM.KD,GDP per person employed,EGY
2015-01-01,,1394,,gdp_per_person_employed_egy,49849.1403737471,constant 2021 PPP USD,World Bank WDI API,2015,SL.GDP.PCAP.EM.KD,GDP per person employed,EGY
2016-01-01,,1395,,gdp_per_person_employed_egy,51041.0895751255,constant 2021 PPP USD,World Bank WDI API,2016,SL.GDP.PCAP.EM.KD,GDP per person employed,EGY
2017-01-01,,1396,,gdp_per_person_employed_egy,53638.5056045683,constant 2021 PPP USD,World Bank WDI API,2017,SL.GDP.PCAP.EM.KD,GDP per person employed,EGY
2018-01-01,,1397,,gdp_per_person_employed_egy,56226.1822781065,constant 2021 PPP USD,World Bank WDI API,2018,SL.GDP.PCAP.EM.KD,GDP per person employed,EGY
2019-01-01,,1398,,gdp_per_person_employed_egy,58323.0268031645,constant 2021 PPP USD,World Bank WDI API,2019,SL.GDP.PCAP.EM.KD,GDP per person employed,EGY
2020-01-01,,1399,,gdp_per_person_employed_egy,60089.4567810438,constant 2021 PPP USD,World Bank WDI API,2020,SL.GDP.PCAP.EM.KD,GDP per person employed,EGY
2021-01-01,,1400,,gdp_per_person_employed_egy,58608.2012342448,constant 2021 PPP USD,World Bank WDI API,2021,SL.GDP.PCAP.EM.KD,GDP per person employed,EGY
2022-01-01,,1401,,gdp_per_person_employed_egy,60860.8730493124,constant 2021 PPP USD,World Bank WDI API,2022,SL.GDP.PCAP.EM.KD,GDP per person employed,EGY
2023-01-01,,1402,,gdp_per_person_employed_egy,59309.6192444445,constant 2021 PPP USD,World Bank WDI API,2023,SL.GDP.PCAP.EM.KD,GDP per person employed,EGY
2024-01-01,,1403,,gdp_per_person_employed_egy,59440.8082143157,constant 2021 PPP USD,World Bank WDI API,2024,SL.GDP.PCAP.EM.KD,GDP per person employed,EGY
2025-01-01,,1404,,gdp_per_person_employed_egy,60716.5920598621,constant 2021 PPP USD,World Bank WDI API,2025,SL.GDP.PCAP.EM.KD,GDP per person employed,EGY
1991-01-01,,1370,,gdp_per_person_employed_irn,45392.1200890519,constant 2021 PPP USD,World Bank WDI API,1991,SL.GDP.PCAP.EM.KD,GDP per person employed,IRN
1992-01-01,,1371,,gdp_per_person_employed_irn,46006.3663440809,constant 2021 PPP USD,World Bank WDI API,1992,SL.GDP.PCAP.EM.KD,GDP per person employed,IRN
1993-01-01,,1372,,gdp_per_person_employed_irn,45582.8416230674,constant 2021 PPP USD,World Bank WDI API,1993,SL.GDP.PCAP.EM.KD,GDP per person employed,IRN
1994-01-01,,1373,,gdp_per_person_employed_irn,44897.4848474525,constant 2021 PPP USD,World Bank WDI API,1994,SL.GDP.PCAP.EM.KD,GDP per person employed,IRN
1995-01-01,,1374,,gdp_per_person_employed_irn,44955.8967228855,constant 2021 PPP USD,World Bank WDI API,1995,SL.GDP.PCAP.EM.KD,GDP per person employed,IRN
1996-01-01,,1375,,gdp_per_person_employed_irn,46506.7905934013,constant 2021 PPP USD,World Bank WDI API,1996,SL.GDP.PCAP.EM.KD,GDP per person employed,IRN
1997-01-01,,1376,,gdp_per_person_employed_irn,45626.4473127866,constant 2021 PPP USD,World Bank WDI API,1997,SL.GDP.PCAP.EM.KD,GDP per person employed,IRN
1998-01-01,,1377,,gdp_per_person_employed_irn,44929.4192695813,constant 2021 PPP USD,World Bank WDI API,1998,SL.GDP.PCAP.EM.KD,GDP per person employed,IRN
1999-01-01,,1378,,gdp_per_person_employed_irn,44217.2674215978,constant 2021 PPP USD,World Bank WDI API,1999,SL.GDP.PCAP.EM.KD,GDP per person employed,IRN
2000-01-01,,1379,,gdp_per_person_employed_irn,44963.7300685936,constant 2021 PPP USD,World Bank WDI API,2000,SL.GDP.PCAP.EM.KD,GDP per person employed,IRN
2001-01-01,,1380,,gdp_per_person_employed_irn,44268.4515635255,constant 2021 PPP USD,World Bank WDI API,2001,SL.GDP.PCAP.EM.KD,GDP per person employed,IRN
2002-01-01,,1381,,gdp_per_person_employed_irn,46338.5420164925,constant 2021 PPP USD,World Bank WDI API,2002,SL.GDP.PCAP.EM.KD,GDP per person employed,IRN
2003-01-01,,1382,,gdp_per_person_employed_irn,47669.6931176584,constant 2021 PPP USD,World Bank WDI API,2003,SL.GDP.PCAP.EM.KD,GDP per person employed,IRN
2004-01-01,,1383,,gdp_per_person_employed_irn,46579.0837649841,constant 2021 PPP USD,World Bank WDI API,2004,SL.GDP.PCAP.EM.KD,GDP per person employed,IRN
2005-01-01,,1384,,gdp_per_person_employed_irn,46459.2528585346,constant 2021 PPP USD,World Bank WDI API,2005,SL.GDP.PCAP.EM.KD,GDP per person employed,IRN
2006-01-01,,1385,,gdp_per_person_employed_irn,47841.9460594064,constant 2021 PPP USD,World Bank WDI API,2006,SL.GDP.PCAP.EM.KD,GDP per person employed,IRN
2007-01-01,,1386,,gdp_per_person_employed_irn,50950.4995632981,constant 2021 PPP USD,World Bank WDI API,2007,SL.GDP.PCAP.EM.KD,GDP per person employed,IRN
2008-01-01,,1387,,gdp_per_person_employed_irn,52577.9939477055,constant 2021 PPP USD,World Bank WDI API,2008,SL.GDP.PCAP.EM.KD,GDP per person employed,IRN
2009-01-01,,1388,,gdp_per_person_employed_irn,52146.7576833343,constant 2021 PPP USD,World Bank WDI API,2009,SL.GDP.PCAP.EM.KD,GDP per person employed,IRN
2010-01-01,,1389,,gdp_per_person_employed_irn,56277.6260694263,constant 2021 PPP USD,World Bank WDI API,2010,SL.GDP.PCAP.EM.KD,GDP per person employed,IRN
2011-01-01,,1390,,gdp_per_person_employed_irn,58520.943584328,constant 2021 PPP USD,World Bank WDI API,2011,SL.GDP.PCAP.EM.KD,GDP per person employed,IRN
2012-01-01,,1391,,gdp_per_person_employed_irn,53925.4218006163,constant 2021 PPP USD,World Bank WDI API,2012,SL.GDP.PCAP.EM.KD,GDP per person employed,IRN
2013-01-01,,1392,,gdp_per_person_employed_irn,52219.1224215965,constant 2021 PPP USD,World Bank WDI API,2013,SL.GDP.PCAP.EM.KD,GDP per person employed,IRN
2014-01-01,,1393,,gdp_per_person_employed_irn,54566.0534636034,constant 2021 PPP USD,World Bank WDI API,2014,SL.GDP.PCAP.EM.KD,GDP per person employed,IRN
2015-01-01,,1394,,gdp_per_person_employed_irn,52134.5790743996,constant 2021 PPP USD,World Bank WDI API,2015,SL.GDP.PCAP.EM.KD,GDP per person employed,IRN
2016-01-01,,1395,,gdp_per_person_employed_irn,55368.1302689612,constant 2021 PPP USD,World Bank WDI API,2016,SL.GDP.PCAP.EM.KD,GDP per person employed,IRN
2017-01-01,,1396,,gdp_per_person_employed_irn,54719.853791695,constant 2021 PPP USD,World Bank WDI API,2017,SL.GDP.PCAP.EM.KD,GDP per person employed,IRN
2018-01-01,,1397,,gdp_per_person_employed_irn,51842.6869217936,constant 2021 PPP USD,World Bank WDI API,2018,SL.GDP.PCAP.EM.KD,GDP per person employed,IRN
2019-01-01,,1398,,gdp_per_person_employed_irn,49633.3778759749,constant 2021 PPP USD,World Bank WDI API,2019,SL.GDP.PCAP.EM.KD,GDP per person employed,IRN
2020-01-01,,1399,,gdp_per_person_employed_irn,54023.7829453068,constant 2021 PPP USD,World Bank WDI API,2020,SL.GDP.PCAP.EM.KD,GDP per person employed,IRN
2021-01-01,,1400,,gdp_per_person_employed_irn,55804.3809392183,constant 2021 PPP USD,World Bank WDI API,2021,SL.GDP.PCAP.EM.KD,GDP per person employed,IRN
2022-01-01,,1401,,gdp_per_person_employed_irn,57844.6432790764,constant 2021 PPP USD,World Bank WDI API,2022,SL.GDP.PCAP.EM.KD,GDP per person employed,IRN
2023-01-01,,1402,,gdp_per_person_employed_irn,57914.8342054861,constant 2021 PPP USD,World Bank WDI API,2023,SL.GDP.PCAP.EM.KD,GDP per person employed,IRN
2024-01-01,,1403,,gdp_per_person_employed_irn,59472.0591150453,constant 2021 PPP USD,World Bank WDI API,2024,SL.GDP.PCAP.EM.KD,GDP per person employed,IRN
2025-01-01,,1404,,gdp_per_person_employed_irn,57467.82205714,constant 2021 PPP USD,World Bank WDI API,2025,SL.GDP.PCAP.EM.KD,GDP per person employed,IRN
1991-01-01,,1370,,gdp_per_person_employed_tur,35635.4178977004,constant 2021 PPP USD,World Bank WDI API,1991,SL.GDP.PCAP.EM.KD,GDP per person employed,TUR
1992-01-01,,1371,,gdp_per_person_employed_tur,37294.8188322951,constant 2021 PPP USD,World Bank WDI API,1992,SL.GDP.PCAP.EM.KD,GDP per person employed,TUR
1993-01-01,,1372,,gdp_per_person_employed_tur,42244.3626473205,constant 2021 PPP USD,World Bank WDI API,1993,SL.GDP.PCAP.EM.KD,GDP per person employed,TUR
1994-01-01,,1373,,gdp_per_person_employed_tur,37315.8444727336,constant 2021 PPP USD,World Bank WDI API,1994,SL.GDP.PCAP.EM.KD,GDP per person employed,TUR
1995-01-01,,1374,,gdp_per_person_employed_tur,39245.9096770481,constant 2021 PPP USD,World Bank WDI API,1995,SL.GDP.PCAP.EM.KD,GDP per person employed,TUR
1996-01-01,,1375,,gdp_per_person_employed_tur,40893.139639396,constant 2021 PPP USD,World Bank WDI API,1996,SL.GDP.PCAP.EM.KD,GDP per person employed,TUR
1997-01-01,,1376,,gdp_per_person_employed_tur,43936.4246246947,constant 2021 PPP USD,World Bank WDI API,1997,SL.GDP.PCAP.EM.KD,GDP per person employed,TUR
1998-01-01,,1377,,gdp_per_person_employed_tur,43582.9871732248,constant 2021 PPP USD,World Bank WDI API,1998,SL.GDP.PCAP.EM.KD,GDP per person employed,TUR
1999-01-01,,1378,,gdp_per_person_employed_tur,41768.9435598457,constant 2021 PPP USD,World Bank WDI API,1999,SL.GDP.PCAP.EM.KD,GDP per person employed,TUR
2000-01-01,,1379,,gdp_per_person_employed_tur,45584.2068227559,constant 2021 PPP USD,World Bank WDI API,2000,SL.GDP.PCAP.EM.KD,GDP per person employed,TUR
2001-01-01,,1380,,gdp_per_person_employed_tur,43221.0069252536,constant 2021 PPP USD,World Bank WDI API,2001,SL.GDP.PCAP.EM.KD,GDP per person employed,TUR
2002-01-01,,1381,,gdp_per_person_employed_tur,46355.9188665891,constant 2021 PPP USD,World Bank WDI API,2002,SL.GDP.PCAP.EM.KD,GDP per person employed,TUR
2003-01-01,,1382,,gdp_per_person_employed_tur,49507.1506142164,constant 2021 PPP USD,World Bank WDI API,2003,SL.GDP.PCAP.EM.KD,GDP per person employed,TUR
2004-01-01,,1383,,gdp_per_person_employed_tur,56017.2773429677,constant 2021 PPP USD,World Bank WDI API,2004,SL.GDP.PCAP.EM.KD,GDP per person employed,TUR
2005-01-01,,1384,,gdp_per_person_employed_tur,59833.3975027674,constant 2021 PPP USD,World Bank WDI API,2005,SL.GDP.PCAP.EM.KD,GDP per person employed,TUR
2006-01-01,,1385,,gdp_per_person_employed_tur,62998.2184530261,constant 2021 PPP USD,World Bank WDI API,2006,SL.GDP.PCAP.EM.KD,GDP per person employed,TUR
2007-01-01,,1386,,gdp_per_person_employed_tur,65872.9551764736,constant 2021 PPP USD,World Bank WDI API,2007,SL.GDP.PCAP.EM.KD,GDP per person employed,TUR
2008-01-01,,1387,,gdp_per_person_employed_tur,64872.1629656488,constant 2021 PPP USD,World Bank WDI API,2008,SL.GDP.PCAP.EM.KD,GDP per person employed,TUR
2009-01-01,,1388,,gdp_per_person_employed_tur,61367.1483248039,constant 2021 PPP USD,World Bank WDI API,2009,SL.GDP.PCAP.EM.KD,GDP per person employed,TUR
2010-01-01,,1389,,gdp_per_person_employed_tur,62432.6091262629,constant 2021 PPP USD,World Bank WDI API,2010,SL.GDP.PCAP.EM.KD,GDP per person employed,TUR
2011-01-01,,1390,,gdp_per_person_employed_tur,64927.27453186,constant 2021 PPP USD,World Bank WDI API,2011,SL.GDP.PCAP.EM.KD,GDP per person employed,TUR
2012-01-01,,1391,,gdp_per_person_employed_tur,66289.9570660681,constant 2021 PPP USD,World Bank WDI API,2012,SL.GDP.PCAP.EM.KD,GDP per person employed,TUR
2013-01-01,,1392,,gdp_per_person_employed_tur,69779.0365397938,constant 2021 PPP USD,World Bank WDI API,2013,SL.GDP.PCAP.EM.KD,GDP per person employed,TUR
2014-01-01,,1393,,gdp_per_person_employed_tur,72219.3913488509,constant 2021 PPP USD,World Bank WDI API,2014,SL.GDP.PCAP.EM.KD,GDP per person employed,TUR
2015-01-01,,1394,,gdp_per_person_employed_tur,74170.6563600224,constant 2021 PPP USD,World Bank WDI API,2015,SL.GDP.PCAP.EM.KD,GDP per person employed,TUR
2016-01-01,,1395,,gdp_per_person_employed_tur,74788.5839730779,constant 2021 PPP USD,World Bank WDI API,2016,SL.GDP.PCAP.EM.KD,GDP per person employed,TUR
2017-01-01,,1396,,gdp_per_person_employed_tur,78129.1890317527,constant 2021 PPP USD,World Bank WDI API,2017,SL.GDP.PCAP.EM.KD,GDP per person employed,TUR
2018-01-01,,1397,,gdp_per_person_employed_tur,79009.088365638,constant 2021 PPP USD,World Bank WDI API,2018,SL.GDP.PCAP.EM.KD,GDP per person employed,TUR
2019-01-01,,1398,,gdp_per_person_employed_tur,81669.732509391,constant 2021 PPP USD,World Bank WDI API,2019,SL.GDP.PCAP.EM.KD,GDP per person employed,TUR
2020-01-01,,1399,,gdp_per_person_employed_tur,87565.2962580847,constant 2021 PPP USD,World Bank WDI API,2020,SL.GDP.PCAP.EM.KD,GDP per person employed,TUR
2021-01-01,,1400,,gdp_per_person_employed_tur,91634.5087235411,constant 2021 PPP USD,World Bank WDI API,2021,SL.GDP.PCAP.EM.KD,GDP per person employed,TUR
2022-01-01,,1401,,gdp_per_person_employed_tur,90689.4498626247,constant 2021 PPP USD,World Bank WDI API,2022,SL.GDP.PCAP.EM.KD,GDP per person employed,TUR
2023-01-01,,1402,,gdp_per_person_employed_tur,92879.6081132764,constant 2021 PPP USD,World Bank WDI API,2023,SL.GDP.PCAP.EM.KD,GDP per person employed,TUR
2024-01-01,,1403,,gdp_per_person_employed_tur,93114.9478117046,constant 2021 PPP USD,World Bank WDI API,2024,SL.GDP.PCAP.EM.KD,GDP per person employed,TUR
2025-01-01,,1404,,gdp_per_person_employed_tur,94941.9657873127,constant 2021 PPP USD,World Bank WDI API,2025,SL.GDP.PCAP.EM.KD,GDP per person employed,TUR
1960-01-01,,1339,,imports_gnfs_usd_irn,730164938.544145,current USD,World Bank WDI API,1960,NE.IMP.GNFS.CD,Imports of goods and services,IRN
1961-01-01,,1340,,imports_gnfs_usd_irn,702251188.378474,current USD,World Bank WDI API,1961,NE.IMP.GNFS.CD,Imports of goods and services,IRN
1962-01-01,,1341,,imports_gnfs_usd_irn,642016253.810446,current USD,World Bank WDI API,1962,NE.IMP.GNFS.CD,Imports of goods and services,IRN
1963-01-01,,1342,,imports_gnfs_usd_irn,614102503.644774,current USD,World Bank WDI API,1963,NE.IMP.GNFS.CD,Imports of goods and services,IRN
1964-01-01,,1343,,imports_gnfs_usd_irn,878548557.845873,current USD,World Bank WDI API,1964,NE.IMP.GNFS.CD,Imports of goods and services,IRN
1965-01-01,,1344,,imports_gnfs_usd_irn,1021055598.16535,current USD,World Bank WDI API,1965,NE.IMP.GNFS.CD,Imports of goods and services,IRN
1966-01-01,,1345,,imports_gnfs_usd_irn,1195883822.88719,current USD,World Bank WDI API,1966,NE.IMP.GNFS.CD,Imports of goods and services,IRN
1967-01-01,,1346,,imports_gnfs_usd_irn,1485305337.76284,current USD,World Bank WDI API,1967,NE.IMP.GNFS.CD,Imports of goods and services,IRN
1968-01-01,,1347,,imports_gnfs_usd_irn,1768850273.65624,current USD,World Bank WDI API,1968,NE.IMP.GNFS.CD,Imports of goods and services,IRN
1969-01-01,,1348,,imports_gnfs_usd_irn,2050926064.80408,current USD,World Bank WDI API,1969,NE.IMP.GNFS.CD,Imports of goods and services,IRN
1970-01-01,,1349,,imports_gnfs_usd_irn,2327125276.96966,current USD,World Bank WDI API,1970,NE.IMP.GNFS.CD,Imports of goods and services,IRN
1971-01-01,,1350,,imports_gnfs_usd_irn,2928005748.47917,current USD,World Bank WDI API,1971,NE.IMP.GNFS.CD,Imports of goods and services,IRN
1972-01-01,,1351,,imports_gnfs_usd_irn,3689022456.10533,current USD,World Bank WDI API,1972,NE.IMP.GNFS.CD,Imports of goods and services,IRN
1973-01-01,,1352,,imports_gnfs_usd_irn,5594486011.58364,current USD,World Bank WDI API,1973,NE.IMP.GNFS.CD,Imports of goods and services,IRN
1974-01-01,,1353,,imports_gnfs_usd_irn,11105780993.8801,current USD,World Bank WDI API,1974,NE.IMP.GNFS.CD,Imports of goods and services,IRN
1975-01-01,,1354,,imports_gnfs_usd_irn,18318369217.6393,current USD,World Bank WDI API,1975,NE.IMP.GNFS.CD,Imports of goods and services,IRN
1976-01-01,,1355,,imports_gnfs_usd_irn,19212061650.3177,current USD,World Bank WDI API,1976,NE.IMP.GNFS.CD,Imports of goods and services,IRN
1977-01-01,,1356,,imports_gnfs_usd_irn,23448812229.3988,current USD,World Bank WDI API,1977,NE.IMP.GNFS.CD,Imports of goods and services,IRN
1978-01-01,,1357,,imports_gnfs_usd_irn,17330359279.2199,current USD,World Bank WDI API,1978,NE.IMP.GNFS.CD,Imports of goods and services,IRN
1979-01-01,,1358,,imports_gnfs_usd_irn,14516475276.5984,current USD,World Bank WDI API,1979,NE.IMP.GNFS.CD,Imports of goods and services,IRN
1980-01-01,,1359,,imports_gnfs_usd_irn,27125991304.742,current USD,World Bank WDI API,1980,NE.IMP.GNFS.CD,Imports of goods and services,IRN
1981-01-01,,1360,,imports_gnfs_usd_irn,28082907605.863,current USD,World Bank WDI API,1981,NE.IMP.GNFS.CD,Imports of goods and services,IRN
1982-01-01,,1361,,imports_gnfs_usd_irn,26415543502.6735,current USD,World Bank WDI API,1982,NE.IMP.GNFS.CD,Imports of goods and services,IRN
1983-01-01,,1362,,imports_gnfs_usd_irn,37834565739.2118,current USD,World Bank WDI API,1983,NE.IMP.GNFS.CD,Imports of goods and services,IRN
1984-01-01,,1363,,imports_gnfs_usd_irn,26971526131.8362,current USD,World Bank WDI API,1984,NE.IMP.GNFS.CD,Imports of goods and services,IRN
1985-01-01,,1364,,imports_gnfs_usd_irn,25746070824.8196,current USD,World Bank WDI API,1985,NE.IMP.GNFS.CD,Imports of goods and services,IRN
1986-01-01,,1365,,imports_gnfs_usd_irn,21773514753.7416,current USD,World Bank WDI API,1986,NE.IMP.GNFS.CD,Imports of goods and services,IRN
1987-01-01,,1366,,imports_gnfs_usd_irn,11695655290.9005,current USD,World Bank WDI API,1987,NE.IMP.GNFS.CD,Imports of goods and services,IRN
1988-01-01,,1367,,imports_gnfs_usd_irn,17595820159.0408,current USD,World Bank WDI API,1988,NE.IMP.GNFS.CD,Imports of goods and services,IRN
1989-01-01,,1368,,imports_gnfs_usd_irn,21819187475.77,current USD,World Bank WDI API,1989,NE.IMP.GNFS.CD,Imports of goods and services,IRN
1990-01-01,,1369,,imports_gnfs_usd_irn,29707835777.732,current USD,World Bank WDI API,1990,NE.IMP.GNFS.CD,Imports of goods and services,IRN
1991-01-01,,1370,,imports_gnfs_usd_irn,39978163183.8507,current USD,World Bank WDI API,1991,NE.IMP.GNFS.CD,Imports of goods and services,IRN
1992-01-01,,1371,,imports_gnfs_usd_irn,32617010800.1667,current USD,World Bank WDI API,1992,NE.IMP.GNFS.CD,Imports of goods and services,IRN
1993-01-01,,1372,,imports_gnfs_usd_irn,13150789256.8168,current USD,World Bank WDI API,1993,NE.IMP.GNFS.CD,Imports of goods and services,IRN
1994-01-01,,1373,,imports_gnfs_usd_irn,9571397629.15167,current USD,World Bank WDI API,1994,NE.IMP.GNFS.CD,Imports of goods and services,IRN
1995-01-01,,1374,,imports_gnfs_usd_irn,12985745383.9766,current USD,World Bank WDI API,1995,NE.IMP.GNFS.CD,Imports of goods and services,IRN
1996-01-01,,1375,,imports_gnfs_usd_irn,18092098185.0846,current USD,World Bank WDI API,1996,NE.IMP.GNFS.CD,Imports of goods and services,IRN
1997-01-01,,1376,,imports_gnfs_usd_irn,17511229163.5186,current USD,World Bank WDI API,1997,NE.IMP.GNFS.CD,Imports of goods and services,IRN
1998-01-01,,1377,,imports_gnfs_usd_irn,18245137476.6064,current USD,World Bank WDI API,1998,NE.IMP.GNFS.CD,Imports of goods and services,IRN
1999-01-01,,1378,,imports_gnfs_usd_irn,17752833899.8082,current USD,World Bank WDI API,1999,NE.IMP.GNFS.CD,Imports of goods and services,IRN
2000-01-01,,1379,,imports_gnfs_usd_irn,21688407084.2785,current USD,World Bank WDI API,2000,NE.IMP.GNFS.CD,Imports of goods and services,IRN
2001-01-01,,1380,,imports_gnfs_usd_irn,26939208540.9864,current USD,World Bank WDI API,2001,NE.IMP.GNFS.CD,Imports of goods and services,IRN
2002-01-01,,1381,,imports_gnfs_usd_irn,30560192008.0422,current USD,World Bank WDI API,2002,NE.IMP.GNFS.CD,Imports of goods and services,IRN
2003-01-01,,1382,,imports_gnfs_usd_irn,39575353987.9256,current USD,World Bank WDI API,2003,NE.IMP.GNFS.CD,Imports of goods and services,IRN
2004-01-01,,1383,,imports_gnfs_usd_irn,48904300000.0,current USD,World Bank WDI API,2004,NE.IMP.GNFS.CD,Imports of goods and services,IRN
2005-01-01,,1384,,imports_gnfs_usd_irn,54239627795.6334,current USD,World Bank WDI API,2005,NE.IMP.GNFS.CD,Imports of goods and services,IRN
2006-01-01,,1385,,imports_gnfs_usd_irn,61880856748.2327,current USD,World Bank WDI API,2006,NE.IMP.GNFS.CD,Imports of goods and services,IRN
2007-01-01,,1386,,imports_gnfs_usd_irn,73597500000.0,current USD,World Bank WDI API,2007,NE.IMP.GNFS.CD,Imports of goods and services,IRN
2008-01-01,,1387,,imports_gnfs_usd_irn,87923600000.0,current USD,World Bank WDI API,2008,NE.IMP.GNFS.CD,Imports of goods and services,IRN
2009-01-01,,1388,,imports_gnfs_usd_irn,86903100000.0,current USD,World Bank WDI API,2009,NE.IMP.GNFS.CD,Imports of goods and services,IRN
2010-01-01,,1389,,imports_gnfs_usd_irn,94350200000.0,current USD,World Bank WDI API,2010,NE.IMP.GNFS.CD,Imports of goods and services,IRN
2011-01-01,,1390,,imports_gnfs_usd_irn,102452976010.883,current USD,World Bank WDI API,2011,NE.IMP.GNFS.CD,Imports of goods and services,IRN
2012-01-01,,1391,,imports_gnfs_usd_irn,139198634094.617,current USD,World Bank WDI API,2012,NE.IMP.GNFS.CD,Imports of goods and services,IRN
2013-01-01,,1392,,imports_gnfs_usd_irn,109606636051.381,current USD,World Bank WDI API,2013,NE.IMP.GNFS.CD,Imports of goods and services,IRN
2014-01-01,,1393,,imports_gnfs_usd_irn,104109992191.331,current USD,World Bank WDI API,2014,NE.IMP.GNFS.CD,Imports of goods and services,IRN
2015-01-01,,1394,,imports_gnfs_usd_irn,84709856958.4348,current USD,World Bank WDI API,2015,NE.IMP.GNFS.CD,Imports of goods and services,IRN
2016-01-01,,1395,,imports_gnfs_usd_irn,93653399159.5081,current USD,World Bank WDI API,2016,NE.IMP.GNFS.CD,Imports of goods and services,IRN
2017-01-01,,1396,,imports_gnfs_usd_irn,108797238836.12,current USD,World Bank WDI API,2017,NE.IMP.GNFS.CD,Imports of goods and services,IRN
2018-01-01,,1397,,imports_gnfs_usd_irn,111113616111.569,current USD,World Bank WDI API,2018,NE.IMP.GNFS.CD,Imports of goods and services,IRN
2019-01-01,,1398,,imports_gnfs_usd_irn,91441131366.5632,current USD,World Bank WDI API,2019,NE.IMP.GNFS.CD,Imports of goods and services,IRN
2020-01-01,,1399,,imports_gnfs_usd_irn,71621658126.4568,current USD,World Bank WDI API,2020,NE.IMP.GNFS.CD,Imports of goods and services,IRN
2021-01-01,,1400,,imports_gnfs_usd_irn,84130836515.5474,current USD,World Bank WDI API,2021,NE.IMP.GNFS.CD,Imports of goods and services,IRN
2022-01-01,,1401,,imports_gnfs_usd_irn,98698959864.911,current USD,World Bank WDI API,2022,NE.IMP.GNFS.CD,Imports of goods and services,IRN
2023-01-01,,1402,,imports_gnfs_usd_irn,116536624174.358,current USD,World Bank WDI API,2023,NE.IMP.GNFS.CD,Imports of goods and services,IRN
2024-01-01,,1403,,imports_gnfs_usd_irn,135497500555.676,current USD,World Bank WDI API,2024,NE.IMP.GNFS.CD,Imports of goods and services,IRN
2025-01-01,,1404,,imports_gnfs_usd_irn,125082704285.68,current USD,World Bank WDI API,2025,NE.IMP.GNFS.CD,Imports of goods and services,IRN
1960-01-01,,1339,,inflation_cpi_annual_pct_egy,0.332829047091752,percent,World Bank WDI API,1960,FP.CPI.TOTL.ZG,"Inflation, consumer prices (annual %)",EGY
1961-01-01,,1340,,inflation_cpi_annual_pct_egy,0.693606754935329,percent,World Bank WDI API,1961,FP.CPI.TOTL.ZG,"Inflation, consumer prices (annual %)",EGY
1962-01-01,,1341,,inflation_cpi_annual_pct_egy,-3.00307658790784,percent,World Bank WDI API,1962,FP.CPI.TOTL.ZG,"Inflation, consumer prices (annual %)",EGY
1963-01-01,,1342,,inflation_cpi_annual_pct_egy,0.74664570813543,percent,World Bank WDI API,1963,FP.CPI.TOTL.ZG,"Inflation, consumer prices (annual %)",EGY
1964-01-01,,1343,,inflation_cpi_annual_pct_egy,3.66098294885468,percent,World Bank WDI API,1964,FP.CPI.TOTL.ZG,"Inflation, consumer prices (annual %)",EGY
1965-01-01,,1344,,inflation_cpi_annual_pct_egy,14.8390044616241,percent,World Bank WDI API,1965,FP.CPI.TOTL.ZG,"Inflation, consumer prices (annual %)",EGY
1966-01-01,,1345,,inflation_cpi_annual_pct_egy,9.0364406581763,percent,World Bank WDI API,1966,FP.CPI.TOTL.ZG,"Inflation, consumer prices (annual %)",EGY
1967-01-01,,1346,,inflation_cpi_annual_pct_egy,0.70189748435374,percent,World Bank WDI API,1967,FP.CPI.TOTL.ZG,"Inflation, consumer prices (annual %)",EGY
1968-01-01,,1347,,inflation_cpi_annual_pct_egy,-1.6757594245691,percent,World Bank WDI API,1968,FP.CPI.TOTL.ZG,"Inflation, consumer prices (annual %)",EGY
1969-01-01,,1348,,inflation_cpi_annual_pct_egy,3.40982028243742,percent,World Bank WDI API,1969,FP.CPI.TOTL.ZG,"Inflation, consumer prices (annual %)",EGY
1970-01-01,,1349,,inflation_cpi_annual_pct_egy,3.76289859580536,percent,World Bank WDI API,1970,FP.CPI.TOTL.ZG,"Inflation, consumer prices (annual %)",EGY
1971-01-01,,1350,,inflation_cpi_annual_pct_egy,3.14042171394198,percent,World Bank WDI API,1971,FP.CPI.TOTL.ZG,"Inflation, consumer prices (annual %)",EGY
1972-01-01,,1351,,inflation_cpi_annual_pct_egy,2.10236334610113,percent,World Bank WDI API,1972,FP.CPI.TOTL.ZG,"Inflation, consumer prices (annual %)",EGY
1973-01-01,,1352,,inflation_cpi_annual_pct_egy,5.11218403908757,percent,World Bank WDI API,1973,FP.CPI.TOTL.ZG,"Inflation, consumer prices (annual %)",EGY
1974-01-01,,1353,,inflation_cpi_annual_pct_egy,10.0243177516484,percent,World Bank WDI API,1974,FP.CPI.TOTL.ZG,"Inflation, consumer prices (annual %)",EGY
1975-01-01,,1354,,inflation_cpi_annual_pct_egy,9.66969548151245,percent,World Bank WDI API,1975,FP.CPI.TOTL.ZG,"Inflation, consumer prices (annual %)",EGY
1976-01-01,,1355,,inflation_cpi_annual_pct_egy,10.3174158877413,percent,World Bank WDI API,1976,FP.CPI.TOTL.ZG,"Inflation, consumer prices (annual %)",EGY
1977-01-01,,1356,,inflation_cpi_annual_pct_egy,12.7321627929891,percent,World Bank WDI API,1977,FP.CPI.TOTL.ZG,"Inflation, consumer prices (annual %)",EGY
1978-01-01,,1357,,inflation_cpi_annual_pct_egy,11.078100382614,percent,World Bank WDI API,1978,FP.CPI.TOTL.ZG,"Inflation, consumer prices (annual %)",EGY
1979-01-01,,1358,,inflation_cpi_annual_pct_egy,9.90436051231129,percent,World Bank WDI API,1979,FP.CPI.TOTL.ZG,"Inflation, consumer prices (annual %)",EGY
1980-01-01,,1359,,inflation_cpi_annual_pct_egy,20.8192249324218,percent,World Bank WDI API,1980,FP.CPI.TOTL.ZG,"Inflation, consumer prices (annual %)",EGY
1981-01-01,,1360,,inflation_cpi_annual_pct_egy,10.3172842245396,percent,World Bank WDI API,1981,FP.CPI.TOTL.ZG,"Inflation, consumer prices (annual %)",EGY
1982-01-01,,1361,,inflation_cpi_annual_pct_egy,14.8230088495577,percent,World Bank WDI API,1982,FP.CPI.TOTL.ZG,"Inflation, consumer prices (annual %)",EGY
1983-01-01,,1362,,inflation_cpi_annual_pct_egy,16.079873883342,percent,World Bank WDI API,1983,FP.CPI.TOTL.ZG,"Inflation, consumer prices (annual %)",EGY
1984-01-01,,1363,,inflation_cpi_annual_pct_egy,17.0363663799608,percent,World Bank WDI API,1984,FP.CPI.TOTL.ZG,"Inflation, consumer prices (annual %)",EGY
1985-01-01,,1364,,inflation_cpi_annual_pct_egy,12.1067560598247,percent,World Bank WDI API,1985,FP.CPI.TOTL.ZG,"Inflation, consumer prices (annual %)",EGY
1986-01-01,,1365,,inflation_cpi_annual_pct_egy,23.8642898217366,percent,World Bank WDI API,1986,FP.CPI.TOTL.ZG,"Inflation, consumer prices (annual %)",EGY
1987-01-01,,1366,,inflation_cpi_annual_pct_egy,19.693593314763,percent,World Bank WDI API,1987,FP.CPI.TOTL.ZG,"Inflation, consumer prices (annual %)",EGY
1988-01-01,,1367,,inflation_cpi_annual_pct_egy,17.66348615313,percent,World Bank WDI API,1988,FP.CPI.TOTL.ZG,"Inflation, consumer prices (annual %)",EGY
1989-01-01,,1368,,inflation_cpi_annual_pct_egy,21.2618670886078,percent,World Bank WDI API,1989,FP.CPI.TOTL.ZG,"Inflation, consumer prices (annual %)",EGY
1990-01-01,,1369,,inflation_cpi_annual_pct_egy,16.7563747077691,percent,World Bank WDI API,1990,FP.CPI.TOTL.ZG,"Inflation, consumer prices (annual %)",EGY
1991-01-01,,1370,,inflation_cpi_annual_pct_egy,19.7485448195578,percent,World Bank WDI API,1991,FP.CPI.TOTL.ZG,"Inflation, consumer prices (annual %)",EGY
1992-01-01,,1371,,inflation_cpi_annual_pct_egy,13.6374241717218,percent,World Bank WDI API,1992,FP.CPI.TOTL.ZG,"Inflation, consumer prices (annual %)",EGY
1993-01-01,,1372,,inflation_cpi_annual_pct_egy,12.0897922868977,percent,World Bank WDI API,1993,FP.CPI.TOTL.ZG,"Inflation, consumer prices (annual %)",EGY
1994-01-01,,1373,,inflation_cpi_annual_pct_egy,8.15423128587096,percent,World Bank WDI API,1994,FP.CPI.TOTL.ZG,"Inflation, consumer prices (annual %)",EGY
1995-01-01,,1374,,inflation_cpi_annual_pct_egy,15.7422305021596,percent,World Bank WDI API,1995,FP.CPI.TOTL.ZG,"Inflation, consumer prices (annual %)",EGY
1996-01-01,,1375,,inflation_cpi_annual_pct_egy,7.18710369719992,percent,World Bank WDI API,1996,FP.CPI.TOTL.ZG,"Inflation, consumer prices (annual %)",EGY
1997-01-01,,1376,,inflation_cpi_annual_pct_egy,4.62560578826438,percent,World Bank WDI API,1997,FP.CPI.TOTL.ZG,"Inflation, consumer prices (annual %)",EGY
1998-01-01,,1377,,inflation_cpi_annual_pct_egy,3.8725754642749,percent,World Bank WDI API,1998,FP.CPI.TOTL.ZG,"Inflation, consumer prices (annual %)",EGY
1999-01-01,,1378,,inflation_cpi_annual_pct_egy,3.07949912638332,percent,World Bank WDI API,1999,FP.CPI.TOTL.ZG,"Inflation, consumer prices (annual %)",EGY
2000-01-01,,1379,,inflation_cpi_annual_pct_egy,2.68380535348546,percent,World Bank WDI API,2000,FP.CPI.TOTL.ZG,"Inflation, consumer prices (annual %)",EGY
2001-01-01,,1380,,inflation_cpi_annual_pct_egy,2.26975720475956,percent,World Bank WDI API,2001,FP.CPI.TOTL.ZG,"Inflation, consumer prices (annual %)",EGY
2002-01-01,,1381,,inflation_cpi_annual_pct_egy,2.73723855000334,percent,World Bank WDI API,2002,FP.CPI.TOTL.ZG,"Inflation, consumer prices (annual %)",EGY
2003-01-01,,1382,,inflation_cpi_annual_pct_egy,4.50777636319304,percent,World Bank WDI API,2003,FP.CPI.TOTL.ZG,"Inflation, consumer prices (annual %)",EGY
2004-01-01,,1383,,inflation_cpi_annual_pct_egy,11.270619332052,percent,World Bank WDI API,2004,FP.CPI.TOTL.ZG,"Inflation, consumer prices (annual %)",EGY
2005-01-01,,1384,,inflation_cpi_annual_pct_egy,4.86939696871988,percent,World Bank WDI API,2005,FP.CPI.TOTL.ZG,"Inflation, consumer prices (annual %)",EGY
2006-01-01,,1385,,inflation_cpi_annual_pct_egy,7.64452644526434,percent,World Bank WDI API,2006,FP.CPI.TOTL.ZG,"Inflation, consumer prices (annual %)",EGY
2007-01-01,,1386,,inflation_cpi_annual_pct_egy,9.3189690579923,percent,World Bank WDI API,2007,FP.CPI.TOTL.ZG,"Inflation, consumer prices (annual %)",EGY
2008-01-01,,1387,,inflation_cpi_annual_pct_egy,18.3168316831684,percent,World Bank WDI API,2008,FP.CPI.TOTL.ZG,"Inflation, consumer prices (annual %)",EGY
2009-01-01,,1388,,inflation_cpi_annual_pct_egy,11.7634954386443,percent,World Bank WDI API,2009,FP.CPI.TOTL.ZG,"Inflation, consumer prices (annual %)",EGY
2010-01-01,,1389,,inflation_cpi_annual_pct_egy,11.2651882653185,percent,World Bank WDI API,2010,FP.CPI.TOTL.ZG,"Inflation, consumer prices (annual %)",EGY
2011-01-01,,1390,,inflation_cpi_annual_pct_egy,10.0649259874818,percent,World Bank WDI API,2011,FP.CPI.TOTL.ZG,"Inflation, consumer prices (annual %)",EGY
2012-01-01,,1391,,inflation_cpi_annual_pct_egy,7.11172943343083,percent,World Bank WDI API,2012,FP.CPI.TOTL.ZG,"Inflation, consumer prices (annual %)",EGY
2013-01-01,,1392,,inflation_cpi_annual_pct_egy,9.46971981064921,percent,World Bank WDI API,2013,FP.CPI.TOTL.ZG,"Inflation, consumer prices (annual %)",EGY
2014-01-01,,1393,,inflation_cpi_annual_pct_egy,10.0702154687481,percent,World Bank WDI API,2014,FP.CPI.TOTL.ZG,"Inflation, consumer prices (annual %)",EGY
2015-01-01,,1394,,inflation_cpi_annual_pct_egy,10.370490343517,percent,World Bank WDI API,2015,FP.CPI.TOTL.ZG,"Inflation, consumer prices (annual %)",EGY
2016-01-01,,1395,,inflation_cpi_annual_pct_egy,13.813606214829,percent,World Bank WDI API,2016,FP.CPI.TOTL.ZG,"Inflation, consumer prices (annual %)",EGY
2017-01-01,,1396,,inflation_cpi_annual_pct_egy,29.5066083940039,percent,World Bank WDI API,2017,FP.CPI.TOTL.ZG,"Inflation, consumer prices (annual %)",EGY
2018-01-01,,1397,,inflation_cpi_annual_pct_egy,14.4014657807422,percent,World Bank WDI API,2018,FP.CPI.TOTL.ZG,"Inflation, consumer prices (annual %)",EGY
2019-01-01,,1398,,inflation_cpi_annual_pct_egy,9.15279959324804,percent,World Bank WDI API,2019,FP.CPI.TOTL.ZG,"Inflation, consumer prices (annual %)",EGY
2020-01-01,,1399,,inflation_cpi_annual_pct_egy,5.04493288977539,percent,World Bank WDI API,2020,FP.CPI.TOTL.ZG,"Inflation, consumer prices (annual %)",EGY
2021-01-01,,1400,,inflation_cpi_annual_pct_egy,5.21404940513043,percent,World Bank WDI API,2021,FP.CPI.TOTL.ZG,"Inflation, consumer prices (annual %)",EGY
2022-01-01,,1401,,inflation_cpi_annual_pct_egy,13.8956609775178,percent,World Bank WDI API,2022,FP.CPI.TOTL.ZG,"Inflation, consumer prices (annual %)",EGY
2023-01-01,,1402,,inflation_cpi_annual_pct_egy,33.8847763115546,percent,World Bank WDI API,2023,FP.CPI.TOTL.ZG,"Inflation, consumer prices (annual %)",EGY
2024-01-01,,1403,,inflation_cpi_annual_pct_egy,28.2705899322083,percent,World Bank WDI API,2024,FP.CPI.TOTL.ZG,"Inflation, consumer prices (annual %)",EGY
2025-01-01,,1404,,inflation_cpi_annual_pct_egy,14.0735136645934,percent,World Bank WDI API,2025,FP.CPI.TOTL.ZG,"Inflation, consumer prices (annual %)",EGY
1960-01-01,,1339,,inflation_cpi_annual_pct_irn,9.82241081297867,percent,World Bank WDI API,1960,FP.CPI.TOTL.ZG,"Inflation, consumer prices (annual %)",IRN
1961-01-01,,1340,,inflation_cpi_annual_pct_irn,3.16256439585745,percent,World Bank WDI API,1961,FP.CPI.TOTL.ZG,"Inflation, consumer prices (annual %)",IRN
1962-01-01,,1341,,inflation_cpi_annual_pct_irn,0.721320571656337,percent,World Bank WDI API,1962,FP.CPI.TOTL.ZG,"Inflation, consumer prices (annual %)",IRN
1963-01-01,,1342,,inflation_cpi_annual_pct_irn,0.371849607221666,percent,World Bank WDI API,1963,FP.CPI.TOTL.ZG,"Inflation, consumer prices (annual %)",IRN
1964-01-01,,1343,,inflation_cpi_annual_pct_irn,3.81448957223043,percent,World Bank WDI API,1964,FP.CPI.TOTL.ZG,"Inflation, consumer prices (annual %)",IRN
1965-01-01,,1344,,inflation_cpi_annual_pct_irn,2.15437483520967,percent,World Bank WDI API,1965,FP.CPI.TOTL.ZG,"Inflation, consumer prices (annual %)",IRN
1966-01-01,,1345,,inflation_cpi_annual_pct_irn,-0.388148532154432,percent,World Bank WDI API,1966,FP.CPI.TOTL.ZG,"Inflation, consumer prices (annual %)",IRN
1967-01-01,,1346,,inflation_cpi_annual_pct_irn,1.59761007964354,percent,World Bank WDI API,1967,FP.CPI.TOTL.ZG,"Inflation, consumer prices (annual %)",IRN
1968-01-01,,1347,,inflation_cpi_annual_pct_irn,0.690360521996233,percent,World Bank WDI API,1968,FP.CPI.TOTL.ZG,"Inflation, consumer prices (annual %)",IRN
1969-01-01,,1348,,inflation_cpi_annual_pct_irn,3.59319451551281,percent,World Bank WDI API,1969,FP.CPI.TOTL.ZG,"Inflation, consumer prices (annual %)",IRN
1970-01-01,,1349,,inflation_cpi_annual_pct_irn,1.66687093970068,percent,World Bank WDI API,1970,FP.CPI.TOTL.ZG,"Inflation, consumer prices (annual %)",IRN
1971-01-01,,1350,,inflation_cpi_annual_pct_irn,4.19529837265423,percent,World Bank WDI API,1971,FP.CPI.TOTL.ZG,"Inflation, consumer prices (annual %)",IRN
1972-01-01,,1351,,inflation_cpi_annual_pct_irn,6.39824135128871,percent,World Bank WDI API,1972,FP.CPI.TOTL.ZG,"Inflation, consumer prices (annual %)",IRN
1973-01-01,,1352,,inflation_cpi_annual_pct_irn,9.81948673318762,percent,World Bank WDI API,1973,FP.CPI.TOTL.ZG,"Inflation, consumer prices (annual %)",IRN
1974-01-01,,1353,,inflation_cpi_annual_pct_irn,14.2489355382567,percent,World Bank WDI API,1974,FP.CPI.TOTL.ZG,"Inflation, consumer prices (annual %)",IRN
1975-01-01,,1354,,inflation_cpi_annual_pct_irn,12.8791818338341,percent,World Bank WDI API,1975,FP.CPI.TOTL.ZG,"Inflation, consumer prices (annual %)",IRN
1976-01-01,,1355,,inflation_cpi_annual_pct_irn,11.2561425062111,percent,World Bank WDI API,1976,FP.CPI.TOTL.ZG,"Inflation, consumer prices (annual %)",IRN
1977-01-01,,1356,,inflation_cpi_annual_pct_irn,27.2877846793093,percent,World Bank WDI API,1977,FP.CPI.TOTL.ZG,"Inflation, consumer prices (annual %)",IRN
1978-01-01,,1357,,inflation_cpi_annual_pct_irn,11.7219692041212,percent,World Bank WDI API,1978,FP.CPI.TOTL.ZG,"Inflation, consumer prices (annual %)",IRN
1979-01-01,,1358,,inflation_cpi_annual_pct_irn,10.4872367273486,percent,World Bank WDI API,1979,FP.CPI.TOTL.ZG,"Inflation, consumer prices (annual %)",IRN
1980-01-01,,1359,,inflation_cpi_annual_pct_irn,20.6439144373798,percent,World Bank WDI API,1980,FP.CPI.TOTL.ZG,"Inflation, consumer prices (annual %)",IRN
1981-01-01,,1360,,inflation_cpi_annual_pct_irn,24.2035897624486,percent,World Bank WDI API,1981,FP.CPI.TOTL.ZG,"Inflation, consumer prices (annual %)",IRN
1982-01-01,,1361,,inflation_cpi_annual_pct_irn,18.6897259269564,percent,World Bank WDI API,1982,FP.CPI.TOTL.ZG,"Inflation, consumer prices (annual %)",IRN
1983-01-01,,1362,,inflation_cpi_annual_pct_irn,19.7401891778611,percent,World Bank WDI API,1983,FP.CPI.TOTL.ZG,"Inflation, consumer prices (annual %)",IRN
1984-01-01,,1363,,inflation_cpi_annual_pct_irn,12.5402194538868,percent,World Bank WDI API,1984,FP.CPI.TOTL.ZG,"Inflation, consumer prices (annual %)",IRN
1985-01-01,,1364,,inflation_cpi_annual_pct_irn,4.38934095741541,percent,World Bank WDI API,1985,FP.CPI.TOTL.ZG,"Inflation, consumer prices (annual %)",IRN
1986-01-01,,1365,,inflation_cpi_annual_pct_irn,18.4290030211474,percent,World Bank WDI API,1986,FP.CPI.TOTL.ZG,"Inflation, consumer prices (annual %)",IRN
1987-01-01,,1366,,inflation_cpi_annual_pct_irn,28.5714285714292,percent,World Bank WDI API,1987,FP.CPI.TOTL.ZG,"Inflation, consumer prices (annual %)",IRN
1988-01-01,,1367,,inflation_cpi_annual_pct_irn,28.6706349206345,percent,World Bank WDI API,1988,FP.CPI.TOTL.ZG,"Inflation, consumer prices (annual %)",IRN
1989-01-01,,1368,,inflation_cpi_annual_pct_irn,22.3496530454896,percent,World Bank WDI API,1989,FP.CPI.TOTL.ZG,"Inflation, consumer prices (annual %)",IRN
1990-01-01,,1369,,inflation_cpi_annual_pct_irn,7.62767493763934,percent,World Bank WDI API,1990,FP.CPI.TOTL.ZG,"Inflation, consumer prices (annual %)",IRN
1991-01-01,,1370,,inflation_cpi_annual_pct_irn,17.1285679434012,percent,World Bank WDI API,1991,FP.CPI.TOTL.ZG,"Inflation, consumer prices (annual %)",IRN
1992-01-01,,1371,,inflation_cpi_annual_pct_irn,25.8077226162332,percent,World Bank WDI API,1992,FP.CPI.TOTL.ZG,"Inflation, consumer prices (annual %)",IRN
1993-01-01,,1372,,inflation_cpi_annual_pct_irn,21.2026307547761,percent,World Bank WDI API,1993,FP.CPI.TOTL.ZG,"Inflation, consumer prices (annual %)",IRN
1994-01-01,,1373,,inflation_cpi_annual_pct_irn,31.4470284237728,percent,World Bank WDI API,1994,FP.CPI.TOTL.ZG,"Inflation, consumer prices (annual %)",IRN
1995-01-01,,1374,,inflation_cpi_annual_pct_irn,49.6559858462746,percent,World Bank WDI API,1995,FP.CPI.TOTL.ZG,"Inflation, consumer prices (annual %)",IRN
1996-01-01,,1375,,inflation_cpi_annual_pct_irn,28.9373440168137,percent,World Bank WDI API,1996,FP.CPI.TOTL.ZG,"Inflation, consumer prices (annual %)",IRN
1997-01-01,,1376,,inflation_cpi_annual_pct_irn,17.3492257538708,percent,World Bank WDI API,1997,FP.CPI.TOTL.ZG,"Inflation, consumer prices (annual %)",IRN
1998-01-01,,1377,,inflation_cpi_annual_pct_irn,17.8661342130398,percent,World Bank WDI API,1998,FP.CPI.TOTL.ZG,"Inflation, consumer prices (annual %)",IRN
1999-01-01,,1378,,inflation_cpi_annual_pct_irn,20.0707078146866,percent,World Bank WDI API,1999,FP.CPI.TOTL.ZG,"Inflation, consumer prices (annual %)",IRN
2000-01-01,,1379,,inflation_cpi_annual_pct_irn,14.4767513188567,percent,World Bank WDI API,2000,FP.CPI.TOTL.ZG,"Inflation, consumer prices (annual %)",IRN
2001-01-01,,1380,,inflation_cpi_annual_pct_irn,11.2742471332117,percent,World Bank WDI API,2001,FP.CPI.TOTL.ZG,"Inflation, consumer prices (annual %)",IRN
2002-01-01,,1381,,inflation_cpi_annual_pct_irn,14.3359337378404,percent,World Bank WDI API,2002,FP.CPI.TOTL.ZG,"Inflation, consumer prices (annual %)",IRN
2003-01-01,,1382,,inflation_cpi_annual_pct_irn,16.4680116244792,percent,World Bank WDI API,2003,FP.CPI.TOTL.ZG,"Inflation, consumer prices (annual %)",IRN
2004-01-01,,1383,,inflation_cpi_annual_pct_irn,14.7615086970672,percent,World Bank WDI API,2004,FP.CPI.TOTL.ZG,"Inflation, consumer prices (annual %)",IRN
2005-01-01,,1384,,inflation_cpi_annual_pct_irn,13.433118008508,percent,World Bank WDI API,2005,FP.CPI.TOTL.ZG,"Inflation, consumer prices (annual %)",IRN
2006-01-01,,1385,,inflation_cpi_annual_pct_irn,10.0158982511924,percent,World Bank WDI API,2006,FP.CPI.TOTL.ZG,"Inflation, consumer prices (annual %)",IRN
2007-01-01,,1386,,inflation_cpi_annual_pct_irn,17.3410404624277,percent,World Bank WDI API,2007,FP.CPI.TOTL.ZG,"Inflation, consumer prices (annual %)",IRN
2008-01-01,,1387,,inflation_cpi_annual_pct_irn,25.4105090311987,percent,World Bank WDI API,2008,FP.CPI.TOTL.ZG,"Inflation, consumer prices (annual %)",IRN
2009-01-01,,1388,,inflation_cpi_annual_pct_irn,13.5515548281506,percent,World Bank WDI API,2009,FP.CPI.TOTL.ZG,"Inflation, consumer prices (annual %)",IRN
2010-01-01,,1389,,inflation_cpi_annual_pct_irn,10.0893629287979,percent,World Bank WDI API,2010,FP.CPI.TOTL.ZG,"Inflation, consumer prices (annual %)",IRN
2011-01-01,,1390,,inflation_cpi_annual_pct_irn,26.2933856738608,percent,World Bank WDI API,2011,FP.CPI.TOTL.ZG,"Inflation, consumer prices (annual %)",IRN
2012-01-01,,1391,,inflation_cpi_annual_pct_irn,27.2568127242908,percent,World Bank WDI API,2012,FP.CPI.TOTL.ZG,"Inflation, consumer prices (annual %)",IRN
2013-01-01,,1392,,inflation_cpi_annual_pct_irn,36.6030355191029,percent,World Bank WDI API,2013,FP.CPI.TOTL.ZG,"Inflation, consumer prices (annual %)",IRN
2014-01-01,,1393,,inflation_cpi_annual_pct_irn,16.6065532357449,percent,World Bank WDI API,2014,FP.CPI.TOTL.ZG,"Inflation, consumer prices (annual %)",IRN
2015-01-01,,1394,,inflation_cpi_annual_pct_irn,12.4846815611533,percent,World Bank WDI API,2015,FP.CPI.TOTL.ZG,"Inflation, consumer prices (annual %)",IRN
2016-01-01,,1395,,inflation_cpi_annual_pct_irn,7.24542548952979,percent,World Bank WDI API,2016,FP.CPI.TOTL.ZG,"Inflation, consumer prices (annual %)",IRN
2017-01-01,,1396,,inflation_cpi_annual_pct_irn,8.04492437660278,percent,World Bank WDI API,2017,FP.CPI.TOTL.ZG,"Inflation, consumer prices (annual %)",IRN
2018-01-01,,1397,,inflation_cpi_annual_pct_irn,18.0141183371874,percent,World Bank WDI API,2018,FP.CPI.TOTL.ZG,"Inflation, consumer prices (annual %)",IRN
2019-01-01,,1398,,inflation_cpi_annual_pct_irn,39.9073455697784,percent,World Bank WDI API,2019,FP.CPI.TOTL.ZG,"Inflation, consumer prices (annual %)",IRN
2020-01-01,,1399,,inflation_cpi_annual_pct_irn,30.5941390387295,percent,World Bank WDI API,2020,FP.CPI.TOTL.ZG,"Inflation, consumer prices (annual %)",IRN
2021-01-01,,1400,,inflation_cpi_annual_pct_irn,43.3890162681514,percent,World Bank WDI API,2021,FP.CPI.TOTL.ZG,"Inflation, consumer prices (annual %)",IRN
2022-01-01,,1401,,inflation_cpi_annual_pct_irn,43.4884641742179,percent,World Bank WDI API,2022,FP.CPI.TOTL.ZG,"Inflation, consumer prices (annual %)",IRN
2023-01-01,,1402,,inflation_cpi_annual_pct_irn,44.5791857572797,percent,World Bank WDI API,2023,FP.CPI.TOTL.ZG,"Inflation, consumer prices (annual %)",IRN
2024-01-01,,1403,,inflation_cpi_annual_pct_irn,32.455871402917,percent,World Bank WDI API,2024,FP.CPI.TOTL.ZG,"Inflation, consumer prices (annual %)",IRN
2025-01-01,,1404,,inflation_cpi_annual_pct_irn,42.1712244965444,percent,World Bank WDI API,2025,FP.CPI.TOTL.ZG,"Inflation, consumer prices (annual %)",IRN
1960-01-01,,1339,,inflation_cpi_annual_pct_tur,5.66473988439309,percent,World Bank WDI API,1960,FP.CPI.TOTL.ZG,"Inflation, consumer prices (annual %)",TUR
1961-01-01,,1340,,inflation_cpi_annual_pct_tur,3.17285699708268,percent,World Bank WDI API,1961,FP.CPI.TOTL.ZG,"Inflation, consumer prices (annual %)",TUR
1962-01-01,,1341,,inflation_cpi_annual_pct_tur,3.88832025146503,percent,World Bank WDI API,1962,FP.CPI.TOTL.ZG,"Inflation, consumer prices (annual %)",TUR
1963-01-01,,1342,,inflation_cpi_annual_pct_tur,6.36270692832311,percent,World Bank WDI API,1963,FP.CPI.TOTL.ZG,"Inflation, consumer prices (annual %)",TUR
1964-01-01,,1343,,inflation_cpi_annual_pct_tur,1.11963781543112,percent,World Bank WDI API,1964,FP.CPI.TOTL.ZG,"Inflation, consumer prices (annual %)",TUR
1965-01-01,,1344,,inflation_cpi_annual_pct_tur,4.55553368394828,percent,World Bank WDI API,1965,FP.CPI.TOTL.ZG,"Inflation, consumer prices (annual %)",TUR
1966-01-01,,1345,,inflation_cpi_annual_pct_tur,8.47199621539225,percent,World Bank WDI API,1966,FP.CPI.TOTL.ZG,"Inflation, consumer prices (annual %)",TUR
1967-01-01,,1346,,inflation_cpi_annual_pct_tur,13.9748929481675,percent,World Bank WDI API,1967,FP.CPI.TOTL.ZG,"Inflation, consumer prices (annual %)",TUR
1968-01-01,,1347,,inflation_cpi_annual_pct_tur,6.04623966197407,percent,World Bank WDI API,1968,FP.CPI.TOTL.ZG,"Inflation, consumer prices (annual %)",TUR
1969-01-01,,1348,,inflation_cpi_annual_pct_tur,4.92419394498296,percent,World Bank WDI API,1969,FP.CPI.TOTL.ZG,"Inflation, consumer prices (annual %)",TUR
1970-01-01,,1349,,inflation_cpi_annual_pct_tur,7.92395208301997,percent,World Bank WDI API,1970,FP.CPI.TOTL.ZG,"Inflation, consumer prices (annual %)",TUR
1971-01-01,,1350,,inflation_cpi_annual_pct_tur,19.0114086837675,percent,World Bank WDI API,1971,FP.CPI.TOTL.ZG,"Inflation, consumer prices (annual %)",TUR
1972-01-01,,1351,,inflation_cpi_annual_pct_tur,15.4164557223962,percent,World Bank WDI API,1972,FP.CPI.TOTL.ZG,"Inflation, consumer prices (annual %)",TUR
1973-01-01,,1352,,inflation_cpi_annual_pct_tur,13.9381652448957,percent,World Bank WDI API,1973,FP.CPI.TOTL.ZG,"Inflation, consumer prices (annual %)",TUR
1974-01-01,,1353,,inflation_cpi_annual_pct_tur,23.8981615766705,percent,World Bank WDI API,1974,FP.CPI.TOTL.ZG,"Inflation, consumer prices (annual %)",TUR
1975-01-01,,1354,,inflation_cpi_annual_pct_tur,21.2273552385835,percent,World Bank WDI API,1975,FP.CPI.TOTL.ZG,"Inflation, consumer prices (annual %)",TUR
1976-01-01,,1355,,inflation_cpi_annual_pct_tur,17.4556893891337,percent,World Bank WDI API,1976,FP.CPI.TOTL.ZG,"Inflation, consumer prices (annual %)",TUR
1977-01-01,,1356,,inflation_cpi_annual_pct_tur,25.9853378650602,percent,World Bank WDI API,1977,FP.CPI.TOTL.ZG,"Inflation, consumer prices (annual %)",TUR
1978-01-01,,1357,,inflation_cpi_annual_pct_tur,61.8970444383435,percent,World Bank WDI API,1978,FP.CPI.TOTL.ZG,"Inflation, consumer prices (annual %)",TUR
1979-01-01,,1358,,inflation_cpi_annual_pct_tur,63.5431082506343,percent,World Bank WDI API,1979,FP.CPI.TOTL.ZG,"Inflation, consumer prices (annual %)",TUR
1980-01-01,,1359,,inflation_cpi_annual_pct_tur,94.2608598807592,percent,World Bank WDI API,1980,FP.CPI.TOTL.ZG,"Inflation, consumer prices (annual %)",TUR
1981-01-01,,1360,,inflation_cpi_annual_pct_tur,37.6147825797716,percent,World Bank WDI API,1981,FP.CPI.TOTL.ZG,"Inflation, consumer prices (annual %)",TUR
1982-01-01,,1361,,inflation_cpi_annual_pct_tur,29.1375145022676,percent,World Bank WDI API,1982,FP.CPI.TOTL.ZG,"Inflation, consumer prices (annual %)",TUR
1983-01-01,,1362,,inflation_cpi_annual_pct_tur,31.3902710198445,percent,World Bank WDI API,1983,FP.CPI.TOTL.ZG,"Inflation, consumer prices (annual %)",TUR
1984-01-01,,1363,,inflation_cpi_annual_pct_tur,48.3923231346863,percent,World Bank WDI API,1984,FP.CPI.TOTL.ZG,"Inflation, consumer prices (annual %)",TUR
1985-01-01,,1364,,inflation_cpi_annual_pct_tur,44.9617301528779,percent,World Bank WDI API,1985,FP.CPI.TOTL.ZG,"Inflation, consumer prices (annual %)",TUR
1986-01-01,,1365,,inflation_cpi_annual_pct_tur,34.6100759738745,percent,World Bank WDI API,1986,FP.CPI.TOTL.ZG,"Inflation, consumer prices (annual %)",TUR
1987-01-01,,1366,,inflation_cpi_annual_pct_tur,38.8558434758409,percent,World Bank WDI API,1987,FP.CPI.TOTL.ZG,"Inflation, consumer prices (annual %)",TUR
1988-01-01,,1367,,inflation_cpi_annual_pct_tur,68.8096433837048,percent,World Bank WDI API,1988,FP.CPI.TOTL.ZG,"Inflation, consumer prices (annual %)",TUR
1989-01-01,,1368,,inflation_cpi_annual_pct_tur,63.2725524930958,percent,World Bank WDI API,1989,FP.CPI.TOTL.ZG,"Inflation, consumer prices (annual %)",TUR
1990-01-01,,1369,,inflation_cpi_annual_pct_tur,60.3038691346447,percent,World Bank WDI API,1990,FP.CPI.TOTL.ZG,"Inflation, consumer prices (annual %)",TUR
1991-01-01,,1370,,inflation_cpi_annual_pct_tur,65.978567991895,percent,World Bank WDI API,1991,FP.CPI.TOTL.ZG,"Inflation, consumer prices (annual %)",TUR
1992-01-01,,1371,,inflation_cpi_annual_pct_tur,70.0761038690374,percent,World Bank WDI API,1992,FP.CPI.TOTL.ZG,"Inflation, consumer prices (annual %)",TUR
1993-01-01,,1372,,inflation_cpi_annual_pct_tur,66.0938429820004,percent,World Bank WDI API,1993,FP.CPI.TOTL.ZG,"Inflation, consumer prices (annual %)",TUR
1994-01-01,,1373,,inflation_cpi_annual_pct_tur,105.214986469202,percent,World Bank WDI API,1994,FP.CPI.TOTL.ZG,"Inflation, consumer prices (annual %)",TUR
1995-01-01,,1374,,inflation_cpi_annual_pct_tur,89.1133172248499,percent,World Bank WDI API,1995,FP.CPI.TOTL.ZG,"Inflation, consumer prices (annual %)",TUR
1996-01-01,,1375,,inflation_cpi_annual_pct_tur,80.4121511388042,percent,World Bank WDI API,1996,FP.CPI.TOTL.ZG,"Inflation, consumer prices (annual %)",TUR
1997-01-01,,1376,,inflation_cpi_annual_pct_tur,85.6693616499779,percent,World Bank WDI API,1997,FP.CPI.TOTL.ZG,"Inflation, consumer prices (annual %)",TUR
1998-01-01,,1377,,inflation_cpi_annual_pct_tur,84.6413434846314,percent,World Bank WDI API,1998,FP.CPI.TOTL.ZG,"Inflation, consumer prices (annual %)",TUR
1999-01-01,,1378,,inflation_cpi_annual_pct_tur,64.8674876350757,percent,World Bank WDI API,1999,FP.CPI.TOTL.ZG,"Inflation, consumer prices (annual %)",TUR
2000-01-01,,1379,,inflation_cpi_annual_pct_tur,54.9153705812683,percent,World Bank WDI API,2000,FP.CPI.TOTL.ZG,"Inflation, consumer prices (annual %)",TUR
2001-01-01,,1380,,inflation_cpi_annual_pct_tur,54.4001887619074,percent,World Bank WDI API,2001,FP.CPI.TOTL.ZG,"Inflation, consumer prices (annual %)",TUR
2002-01-01,,1381,,inflation_cpi_annual_pct_tur,44.964120947985,percent,World Bank WDI API,2002,FP.CPI.TOTL.ZG,"Inflation, consumer prices (annual %)",TUR
2003-01-01,,1382,,inflation_cpi_annual_pct_tur,21.6024384490573,percent,World Bank WDI API,2003,FP.CPI.TOTL.ZG,"Inflation, consumer prices (annual %)",TUR
2004-01-01,,1383,,inflation_cpi_annual_pct_tur,8.59826168115262,percent,World Bank WDI API,2004,FP.CPI.TOTL.ZG,"Inflation, consumer prices (annual %)",TUR
2005-01-01,,1384,,inflation_cpi_annual_pct_tur,8.17916036802008,percent,World Bank WDI API,2005,FP.CPI.TOTL.ZG,"Inflation, consumer prices (annual %)",TUR
2006-01-01,,1385,,inflation_cpi_annual_pct_tur,9.59724212288446,percent,World Bank WDI API,2006,FP.CPI.TOTL.ZG,"Inflation, consumer prices (annual %)",TUR
2007-01-01,,1386,,inflation_cpi_annual_pct_tur,8.75618090972632,percent,World Bank WDI API,2007,FP.CPI.TOTL.ZG,"Inflation, consumer prices (annual %)",TUR
2008-01-01,,1387,,inflation_cpi_annual_pct_tur,10.4441283764885,percent,World Bank WDI API,2008,FP.CPI.TOTL.ZG,"Inflation, consumer prices (annual %)",TUR
2009-01-01,,1388,,inflation_cpi_annual_pct_tur,6.25097663090626,percent,World Bank WDI API,2009,FP.CPI.TOTL.ZG,"Inflation, consumer prices (annual %)",TUR
2010-01-01,,1389,,inflation_cpi_annual_pct_tur,8.56644420552976,percent,World Bank WDI API,2010,FP.CPI.TOTL.ZG,"Inflation, consumer prices (annual %)",TUR
2011-01-01,,1390,,inflation_cpi_annual_pct_tur,6.471879671151,percent,World Bank WDI API,2011,FP.CPI.TOTL.ZG,"Inflation, consumer prices (annual %)",TUR
2012-01-01,,1391,,inflation_cpi_annual_pct_tur,8.89156996512163,percent,World Bank WDI API,2012,FP.CPI.TOTL.ZG,"Inflation, consumer prices (annual %)",TUR
2013-01-01,,1392,,inflation_cpi_annual_pct_tur,7.49309030547693,percent,World Bank WDI API,2013,FP.CPI.TOTL.ZG,"Inflation, consumer prices (annual %)",TUR
2014-01-01,,1393,,inflation_cpi_annual_pct_tur,8.85457271364316,percent,World Bank WDI API,2014,FP.CPI.TOTL.ZG,"Inflation, consumer prices (annual %)",TUR
2015-01-01,,1394,,inflation_cpi_annual_pct_tur,7.67085364845885,percent,World Bank WDI API,2015,FP.CPI.TOTL.ZG,"Inflation, consumer prices (annual %)",TUR
2016-01-01,,1395,,inflation_cpi_annual_pct_tur,7.7751341532833,percent,World Bank WDI API,2016,FP.CPI.TOTL.ZG,"Inflation, consumer prices (annual %)",TUR
2017-01-01,,1396,,inflation_cpi_annual_pct_tur,11.1443110840764,percent,World Bank WDI API,2017,FP.CPI.TOTL.ZG,"Inflation, consumer prices (annual %)",TUR
2018-01-01,,1397,,inflation_cpi_annual_pct_tur,16.3324638988929,percent,World Bank WDI API,2018,FP.CPI.TOTL.ZG,"Inflation, consumer prices (annual %)",TUR
2019-01-01,,1398,,inflation_cpi_annual_pct_tur,15.1768215720022,percent,World Bank WDI API,2019,FP.CPI.TOTL.ZG,"Inflation, consumer prices (annual %)",TUR
2020-01-01,,1399,,inflation_cpi_annual_pct_tur,12.2789574462574,percent,World Bank WDI API,2020,FP.CPI.TOTL.ZG,"Inflation, consumer prices (annual %)",TUR
2021-01-01,,1400,,inflation_cpi_annual_pct_tur,19.5964926913324,percent,World Bank WDI API,2021,FP.CPI.TOTL.ZG,"Inflation, consumer prices (annual %)",TUR
2022-01-01,,1401,,inflation_cpi_annual_pct_tur,72.3088359891207,percent,World Bank WDI API,2022,FP.CPI.TOTL.ZG,"Inflation, consumer prices (annual %)",TUR
2023-01-01,,1402,,inflation_cpi_annual_pct_tur,53.8594087593315,percent,World Bank WDI API,2023,FP.CPI.TOTL.ZG,"Inflation, consumer prices (annual %)",TUR
2024-01-01,,1403,,inflation_cpi_annual_pct_tur,58.5064507300342,percent,World Bank WDI API,2024,FP.CPI.TOTL.ZG,"Inflation, consumer prices (annual %)",TUR
2025-01-01,,1404,,inflation_cpi_annual_pct_tur,34.8811629820306,percent,World Bank WDI API,2025,FP.CPI.TOTL.ZG,"Inflation, consumer prices (annual %)",TUR
1960-01-01,,1339,,investment_pct_gdp_egy,15.4355543418897,percent of GDP,World Bank WDI API,1960,NE.GDI.TOTL.ZS,Gross capital formation,EGY
1961-01-01,,1340,,investment_pct_gdp_egy,16.0682340914899,percent of GDP,World Bank WDI API,1961,NE.GDI.TOTL.ZS,Gross capital formation,EGY
1962-01-01,,1341,,investment_pct_gdp_egy,17.8643631685352,percent of GDP,World Bank WDI API,1962,NE.GDI.TOTL.ZS,Gross capital formation,EGY
1963-01-01,,1342,,investment_pct_gdp_egy,18.4674539961549,percent of GDP,World Bank WDI API,1963,NE.GDI.TOTL.ZS,Gross capital formation,EGY
1964-01-01,,1343,,investment_pct_gdp_egy,19.4041514041514,percent of GDP,World Bank WDI API,1964,NE.GDI.TOTL.ZS,Gross capital formation,EGY
1965-01-01,,1344,,investment_pct_gdp_egy,16.8836901346281,percent of GDP,World Bank WDI API,1965,NE.GDI.TOTL.ZS,Gross capital formation,EGY
1966-01-01,,1345,,investment_pct_gdp_egy,16.3947163947164,percent of GDP,World Bank WDI API,1966,NE.GDI.TOTL.ZS,Gross capital formation,EGY
1967-01-01,,1346,,investment_pct_gdp_egy,14.0681710588607,percent of GDP,World Bank WDI API,1967,NE.GDI.TOTL.ZS,Gross capital formation,EGY
1968-01-01,,1347,,investment_pct_gdp_egy,13.0129972430091,percent of GDP,World Bank WDI API,1968,NE.GDI.TOTL.ZS,Gross capital formation,EGY
1969-01-01,,1348,,investment_pct_gdp_egy,10.7474207674608,percent of GDP,World Bank WDI API,1969,NE.GDI.TOTL.ZS,Gross capital formation,EGY
1970-01-01,,1349,,investment_pct_gdp_egy,14.6020739630185,percent of GDP,World Bank WDI API,1970,NE.GDI.TOTL.ZS,Gross capital formation,EGY
1971-01-01,,1350,,investment_pct_gdp_egy,12.8654797523477,percent of GDP,World Bank WDI API,1971,NE.GDI.TOTL.ZS,Gross capital formation,EGY
1972-01-01,,1351,,investment_pct_gdp_egy,11.2535097717606,percent of GDP,World Bank WDI API,1972,NE.GDI.TOTL.ZS,Gross capital formation,EGY
1973-01-01,,1352,,investment_pct_gdp_egy,13.1973980485364,percent of GDP,World Bank WDI API,1973,NE.GDI.TOTL.ZS,Gross capital formation,EGY
1974-01-01,,1353,,investment_pct_gdp_egy,18.8883135595128,percent of GDP,World Bank WDI API,1974,NE.GDI.TOTL.ZS,Gross capital formation,EGY
1975-01-01,,1354,,investment_pct_gdp_egy,25.9450495609241,percent of GDP,World Bank WDI API,1975,NE.GDI.TOTL.ZS,Gross capital formation,EGY
1976-01-01,,1355,,investment_pct_gdp_egy,21.6284342093488,percent of GDP,World Bank WDI API,1976,NE.GDI.TOTL.ZS,Gross capital formation,EGY
1977-01-01,,1356,,investment_pct_gdp_egy,23.9917660385632,percent of GDP,World Bank WDI API,1977,NE.GDI.TOTL.ZS,Gross capital formation,EGY
1978-01-01,,1357,,investment_pct_gdp_egy,28.6003807652153,percent of GDP,World Bank WDI API,1978,NE.GDI.TOTL.ZS,Gross capital formation,EGY
1979-01-01,,1358,,investment_pct_gdp_egy,32.1870243531202,percent of GDP,World Bank WDI API,1979,NE.GDI.TOTL.ZS,Gross capital formation,EGY
1980-01-01,,1359,,investment_pct_gdp_egy,27.5000000004807,percent of GDP,World Bank WDI API,1980,NE.GDI.TOTL.ZS,Gross capital formation,EGY
1981-01-01,,1360,,investment_pct_gdp_egy,32.0987503586538,percent of GDP,World Bank WDI API,1981,NE.GDI.TOTL.ZS,Gross capital formation,EGY
1982-01-01,,1361,,investment_pct_gdp_egy,28.949946562166,percent of GDP,World Bank WDI API,1982,NE.GDI.TOTL.ZS,Gross capital formation,EGY
1983-01-01,,1362,,investment_pct_gdp_egy,30.8270676691729,percent of GDP,World Bank WDI API,1983,NE.GDI.TOTL.ZS,Gross capital formation,EGY
1984-01-01,,1363,,investment_pct_gdp_egy,30.379746835443,percent of GDP,World Bank WDI API,1984,NE.GDI.TOTL.ZS,Gross capital formation,EGY
1985-01-01,,1364,,investment_pct_gdp_egy,29.7587131367292,percent of GDP,World Bank WDI API,1985,NE.GDI.TOTL.ZS,Gross capital formation,EGY
1986-01-01,,1365,,investment_pct_gdp_egy,29.4784580498866,percent of GDP,World Bank WDI API,1986,NE.GDI.TOTL.ZS,Gross capital formation,EGY
1987-01-01,,1366,,investment_pct_gdp_egy,26.0194174757282,percent of GDP,World Bank WDI API,1987,NE.GDI.TOTL.ZS,Gross capital formation,EGY
1988-01-01,,1367,,investment_pct_gdp_egy,33.1168831168831,percent of GDP,World Bank WDI API,1988,NE.GDI.TOTL.ZS,Gross capital formation,EGY
1989-01-01,,1368,,investment_pct_gdp_egy,31.6883103896104,percent of GDP,World Bank WDI API,1989,NE.GDI.TOTL.ZS,Gross capital formation,EGY
1990-01-01,,1369,,investment_pct_gdp_egy,28.9144058455115,percent of GDP,World Bank WDI API,1990,NE.GDI.TOTL.ZS,Gross capital formation,EGY
1991-01-01,,1370,,investment_pct_gdp_egy,23.7333333333333,percent of GDP,World Bank WDI API,1991,NE.GDI.TOTL.ZS,Gross capital formation,EGY
1992-01-01,,1371,,investment_pct_gdp_egy,19.4823867721064,percent of GDP,World Bank WDI API,1992,NE.GDI.TOTL.ZS,Gross capital formation,EGY
1993-01-01,,1372,,investment_pct_gdp_egy,19.8453608247423,percent of GDP,World Bank WDI API,1993,NE.GDI.TOTL.ZS,Gross capital formation,EGY
1994-01-01,,1373,,investment_pct_gdp_egy,20.6285714285714,percent of GDP,World Bank WDI API,1994,NE.GDI.TOTL.ZS,Gross capital formation,EGY
1995-01-01,,1374,,investment_pct_gdp_egy,20.1470588235294,percent of GDP,World Bank WDI API,1995,NE.GDI.TOTL.ZS,Gross capital formation,EGY
1996-01-01,,1375,,investment_pct_gdp_egy,18.1342632955536,percent of GDP,World Bank WDI API,1996,NE.GDI.TOTL.ZS,Gross capital formation,EGY
1997-01-01,,1376,,investment_pct_gdp_egy,17.562993606619,percent of GDP,World Bank WDI API,1997,NE.GDI.TOTL.ZS,Gross capital formation,EGY
1998-01-01,,1377,,investment_pct_gdp_egy,21.5031315240083,percent of GDP,World Bank WDI API,1998,NE.GDI.TOTL.ZS,Gross capital formation,EGY
1999-01-01,,1378,,investment_pct_gdp_egy,21.6189856957087,percent of GDP,World Bank WDI API,1999,NE.GDI.TOTL.ZS,Gross capital formation,EGY
2000-01-01,,1379,,investment_pct_gdp_egy,19.5530726256983,percent of GDP,World Bank WDI API,2000,NE.GDI.TOTL.ZS,Gross capital formation,EGY
2001-01-01,,1380,,investment_pct_gdp_egy,18.2603847226094,percent of GDP,World Bank WDI API,2001,NE.GDI.TOTL.ZS,Gross capital formation,EGY
2002-01-01,,1381,,investment_pct_gdp_egy,17.9994721562418,percent of GDP,World Bank WDI API,2002,NE.GDI.TOTL.ZS,Gross capital formation,EGY
2003-01-01,,1382,,investment_pct_gdp_egy,16.8862275449102,percent of GDP,World Bank WDI API,2003,NE.GDI.TOTL.ZS,Gross capital formation,EGY
2004-01-01,,1383,,investment_pct_gdp_egy,16.9379765093756,percent of GDP,World Bank WDI API,2004,NE.GDI.TOTL.ZS,Gross capital formation,EGY
2005-01-01,,1384,,investment_pct_gdp_egy,17.9758588672238,percent of GDP,World Bank WDI API,2005,NE.GDI.TOTL.ZS,Gross capital formation,EGY
2006-01-01,,1385,,investment_pct_gdp_egy,18.7307754573418,percent of GDP,World Bank WDI API,2006,NE.GDI.TOTL.ZS,Gross capital formation,EGY
2007-01-01,,1386,,investment_pct_gdp_egy,20.8512352309345,percent of GDP,World Bank WDI API,2007,NE.GDI.TOTL.ZS,Gross capital formation,EGY
2008-01-01,,1387,,investment_pct_gdp_egy,22.3897264098269,percent of GDP,World Bank WDI API,2008,NE.GDI.TOTL.ZS,Gross capital formation,EGY
2009-01-01,,1388,,investment_pct_gdp_egy,19.1901746305891,percent of GDP,World Bank WDI API,2009,NE.GDI.TOTL.ZS,Gross capital formation,EGY
2010-01-01,,1389,,investment_pct_gdp_egy,19.5010774075916,percent of GDP,World Bank WDI API,2010,NE.GDI.TOTL.ZS,Gross capital formation,EGY
2011-01-01,,1390,,investment_pct_gdp_egy,17.1030559404857,percent of GDP,World Bank WDI API,2011,NE.GDI.TOTL.ZS,Gross capital formation,EGY
2012-01-01,,1391,,investment_pct_gdp_egy,16.0267510598913,percent of GDP,World Bank WDI API,2012,NE.GDI.TOTL.ZS,Gross capital formation,EGY
2013-01-01,,1392,,investment_pct_gdp_egy,14.2119974199097,percent of GDP,World Bank WDI API,2013,NE.GDI.TOTL.ZS,Gross capital formation,EGY
2014-01-01,,1393,,investment_pct_gdp_egy,13.6431924882629,percent of GDP,World Bank WDI API,2014,NE.GDI.TOTL.ZS,Gross capital formation,EGY
2015-01-01,,1394,,investment_pct_gdp_egy,14.2886370146078,percent of GDP,World Bank WDI API,2015,NE.GDI.TOTL.ZS,Gross capital formation,EGY
2016-01-01,,1395,,investment_pct_gdp_egy,15.0402303092936,percent of GDP,World Bank WDI API,2016,NE.GDI.TOTL.ZS,Gross capital formation,EGY
2017-01-01,,1396,,investment_pct_gdp_egy,18.734101042151,percent of GDP,World Bank WDI API,2017,NE.GDI.TOTL.ZS,Gross capital formation,EGY
2018-01-01,,1397,,investment_pct_gdp_egy,20.6249196348206,percent of GDP,World Bank WDI API,2018,NE.GDI.TOTL.ZS,Gross capital formation,EGY
2019-01-01,,1398,,investment_pct_gdp_egy,20.6540385989993,percent of GDP,World Bank WDI API,2019,NE.GDI.TOTL.ZS,Gross capital formation,EGY
2020-01-01,,1399,,investment_pct_gdp_egy,18.8180606572831,percent of GDP,World Bank WDI API,2020,NE.GDI.TOTL.ZS,Gross capital formation,EGY
2021-01-01,,1400,,investment_pct_gdp_egy,18.2122435502994,percent of GDP,World Bank WDI API,2021,NE.GDI.TOTL.ZS,Gross capital formation,EGY
2022-01-01,,1401,,investment_pct_gdp_egy,19.8559132929551,percent of GDP,World Bank WDI API,2022,NE.GDI.TOTL.ZS,Gross capital formation,EGY
2023-01-01,,1402,,investment_pct_gdp_egy,16.4907339937373,percent of GDP,World Bank WDI API,2023,NE.GDI.TOTL.ZS,Gross capital formation,EGY
2024-01-01,,1403,,investment_pct_gdp_egy,12.9967401874752,percent of GDP,World Bank WDI API,2024,NE.GDI.TOTL.ZS,Gross capital formation,EGY
2025-01-01,,1404,,investment_pct_gdp_egy,12.8907929996361,percent of GDP,World Bank WDI API,2025,NE.GDI.TOTL.ZS,Gross capital formation,EGY
1960-01-01,,1339,,investment_pct_gdp_irn,25.1499234966602,percent of GDP,World Bank WDI API,1960,NE.GDI.TOTL.ZS,Gross capital formation,IRN
1961-01-01,,1340,,investment_pct_gdp_irn,25.1817750988148,percent of GDP,World Bank WDI API,1961,NE.GDI.TOTL.ZS,Gross capital formation,IRN
1962-01-01,,1341,,investment_pct_gdp_irn,24.4290086267326,percent of GDP,World Bank WDI API,1962,NE.GDI.TOTL.ZS,Gross capital formation,IRN
1963-01-01,,1342,,investment_pct_gdp_irn,19.2420422553221,percent of GDP,World Bank WDI API,1963,NE.GDI.TOTL.ZS,Gross capital formation,IRN
1964-01-01,,1343,,investment_pct_gdp_irn,26.6117703841855,percent of GDP,World Bank WDI API,1964,NE.GDI.TOTL.ZS,Gross capital formation,IRN
1965-01-01,,1344,,investment_pct_gdp_irn,31.8564969889528,percent of GDP,World Bank WDI API,1965,NE.GDI.TOTL.ZS,Gross capital formation,IRN
1966-01-01,,1345,,investment_pct_gdp_irn,34.218593221345,percent of GDP,World Bank WDI API,1966,NE.GDI.TOTL.ZS,Gross capital formation,IRN
1967-01-01,,1346,,investment_pct_gdp_irn,34.1466439969401,percent of GDP,World Bank WDI API,1967,NE.GDI.TOTL.ZS,Gross capital formation,IRN
1968-01-01,,1347,,investment_pct_gdp_irn,41.4016624663623,percent of GDP,World Bank WDI API,1968,NE.GDI.TOTL.ZS,Gross capital formation,IRN
1969-01-01,,1348,,investment_pct_gdp_irn,40.1545779177138,percent of GDP,World Bank WDI API,1969,NE.GDI.TOTL.ZS,Gross capital formation,IRN
1970-01-01,,1349,,investment_pct_gdp_irn,40.6364036051821,percent of GDP,World Bank WDI API,1970,NE.GDI.TOTL.ZS,Gross capital formation,IRN
1971-01-01,,1350,,investment_pct_gdp_irn,34.8055958616121,percent of GDP,World Bank WDI API,1971,NE.GDI.TOTL.ZS,Gross capital formation,IRN
1972-01-01,,1351,,investment_pct_gdp_irn,40.1056276746431,percent of GDP,World Bank WDI API,1972,NE.GDI.TOTL.ZS,Gross capital formation,IRN
1973-01-01,,1352,,investment_pct_gdp_irn,35.0730599466076,percent of GDP,World Bank WDI API,1973,NE.GDI.TOTL.ZS,Gross capital formation,IRN
1974-01-01,,1353,,investment_pct_gdp_irn,31.0292858756385,percent of GDP,World Bank WDI API,1974,NE.GDI.TOTL.ZS,Gross capital formation,IRN
1975-01-01,,1354,,investment_pct_gdp_irn,41.3951512121503,percent of GDP,World Bank WDI API,1975,NE.GDI.TOTL.ZS,Gross capital formation,IRN
1976-01-01,,1355,,investment_pct_gdp_irn,48.0903358586154,percent of GDP,World Bank WDI API,1976,NE.GDI.TOTL.ZS,Gross capital formation,IRN
1977-01-01,,1356,,investment_pct_gdp_irn,48.4288843146384,percent of GDP,World Bank WDI API,1977,NE.GDI.TOTL.ZS,Gross capital formation,IRN
1978-01-01,,1357,,investment_pct_gdp_irn,39.1251191179392,percent of GDP,World Bank WDI API,1978,NE.GDI.TOTL.ZS,Gross capital formation,IRN
1979-01-01,,1358,,investment_pct_gdp_irn,25.0081710654864,percent of GDP,World Bank WDI API,1979,NE.GDI.TOTL.ZS,Gross capital formation,IRN
1980-01-01,,1359,,investment_pct_gdp_irn,47.8648931187431,percent of GDP,World Bank WDI API,1980,NE.GDI.TOTL.ZS,Gross capital formation,IRN
1981-01-01,,1360,,investment_pct_gdp_irn,40.075821434645,percent of GDP,World Bank WDI API,1981,NE.GDI.TOTL.ZS,Gross capital formation,IRN
1982-01-01,,1361,,investment_pct_gdp_irn,26.7731877059339,percent of GDP,World Bank WDI API,1982,NE.GDI.TOTL.ZS,Gross capital formation,IRN
1983-01-01,,1362,,investment_pct_gdp_irn,36.2682504282605,percent of GDP,World Bank WDI API,1983,NE.GDI.TOTL.ZS,Gross capital formation,IRN
1984-01-01,,1363,,investment_pct_gdp_irn,33.0452680891612,percent of GDP,World Bank WDI API,1984,NE.GDI.TOTL.ZS,Gross capital formation,IRN
1985-01-01,,1364,,investment_pct_gdp_irn,24.2749880460203,percent of GDP,World Bank WDI API,1985,NE.GDI.TOTL.ZS,Gross capital formation,IRN
1986-01-01,,1365,,investment_pct_gdp_irn,22.2131182484742,percent of GDP,World Bank WDI API,1986,NE.GDI.TOTL.ZS,Gross capital formation,IRN
1987-01-01,,1366,,investment_pct_gdp_irn,20.0929777858558,percent of GDP,World Bank WDI API,1987,NE.GDI.TOTL.ZS,Gross capital formation,IRN
1988-01-01,,1367,,investment_pct_gdp_irn,17.1339399943284,percent of GDP,World Bank WDI API,1988,NE.GDI.TOTL.ZS,Gross capital formation,IRN
1989-01-01,,1368,,investment_pct_gdp_irn,23.0479384291514,percent of GDP,World Bank WDI API,1989,NE.GDI.TOTL.ZS,Gross capital formation,IRN
1990-01-01,,1369,,investment_pct_gdp_irn,33.0218426264171,percent of GDP,World Bank WDI API,1990,NE.GDI.TOTL.ZS,Gross capital formation,IRN
1991-01-01,,1370,,investment_pct_gdp_irn,42.1745793936032,percent of GDP,World Bank WDI API,1991,NE.GDI.TOTL.ZS,Gross capital formation,IRN
1992-01-01,,1371,,investment_pct_gdp_irn,42.1998932885281,percent of GDP,World Bank WDI API,1992,NE.GDI.TOTL.ZS,Gross capital formation,IRN
1993-01-01,,1372,,investment_pct_gdp_irn,30.3952910243117,percent of GDP,World Bank WDI API,1993,NE.GDI.TOTL.ZS,Gross capital formation,IRN
1994-01-01,,1373,,investment_pct_gdp_irn,23.2945876948872,percent of GDP,World Bank WDI API,1994,NE.GDI.TOTL.ZS,Gross capital formation,IRN
1995-01-01,,1374,,investment_pct_gdp_irn,30.1801718644517,percent of GDP,World Bank WDI API,1995,NE.GDI.TOTL.ZS,Gross capital formation,IRN
1996-01-01,,1375,,investment_pct_gdp_irn,37.7860855954427,percent of GDP,World Bank WDI API,1996,NE.GDI.TOTL.ZS,Gross capital formation,IRN
1997-01-01,,1376,,investment_pct_gdp_irn,35.5428395113477,percent of GDP,World Bank WDI API,1997,NE.GDI.TOTL.ZS,Gross capital formation,IRN
1998-01-01,,1377,,investment_pct_gdp_irn,33.8589348069767,percent of GDP,World Bank WDI API,1998,NE.GDI.TOTL.ZS,Gross capital formation,IRN
1999-01-01,,1378,,investment_pct_gdp_irn,32.5416653826154,percent of GDP,World Bank WDI API,1999,NE.GDI.TOTL.ZS,Gross capital formation,IRN
2000-01-01,,1379,,investment_pct_gdp_irn,35.1005334892763,percent of GDP,World Bank WDI API,2000,NE.GDI.TOTL.ZS,Gross capital formation,IRN
2001-01-01,,1380,,investment_pct_gdp_irn,35.2518166911727,percent of GDP,World Bank WDI API,2001,NE.GDI.TOTL.ZS,Gross capital formation,IRN
2002-01-01,,1381,,investment_pct_gdp_irn,39.0541109969948,percent of GDP,World Bank WDI API,2002,NE.GDI.TOTL.ZS,Gross capital formation,IRN
2003-01-01,,1382,,investment_pct_gdp_irn,42.1052670447947,percent of GDP,World Bank WDI API,2003,NE.GDI.TOTL.ZS,Gross capital formation,IRN
2004-01-01,,1383,,investment_pct_gdp_irn,45.9987878391338,percent of GDP,World Bank WDI API,2004,NE.GDI.TOTL.ZS,Gross capital formation,IRN
2005-01-01,,1384,,investment_pct_gdp_irn,38.7176635773832,percent of GDP,World Bank WDI API,2005,NE.GDI.TOTL.ZS,Gross capital formation,IRN
2006-01-01,,1385,,investment_pct_gdp_irn,38.6491173626565,percent of GDP,World Bank WDI API,2006,NE.GDI.TOTL.ZS,Gross capital formation,IRN
2007-01-01,,1386,,investment_pct_gdp_irn,39.7289451366129,percent of GDP,World Bank WDI API,2007,NE.GDI.TOTL.ZS,Gross capital formation,IRN
2008-01-01,,1387,,investment_pct_gdp_irn,41.7574530941627,percent of GDP,World Bank WDI API,2008,NE.GDI.TOTL.ZS,Gross capital formation,IRN
2009-01-01,,1388,,investment_pct_gdp_irn,40.8981709173692,percent of GDP,World Bank WDI API,2009,NE.GDI.TOTL.ZS,Gross capital formation,IRN
2010-01-01,,1389,,investment_pct_gdp_irn,40.262449246465,percent of GDP,World Bank WDI API,2010,NE.GDI.TOTL.ZS,Gross capital formation,IRN
2011-01-01,,1390,,investment_pct_gdp_irn,36.0168035751403,percent of GDP,World Bank WDI API,2011,NE.GDI.TOTL.ZS,Gross capital formation,IRN
2012-01-01,,1391,,investment_pct_gdp_irn,36.3509581769324,percent of GDP,World Bank WDI API,2012,NE.GDI.TOTL.ZS,Gross capital formation,IRN
2013-01-01,,1392,,investment_pct_gdp_irn,34.9452115156879,percent of GDP,World Bank WDI API,2013,NE.GDI.TOTL.ZS,Gross capital formation,IRN
2014-01-01,,1393,,investment_pct_gdp_irn,36.9396571448965,percent of GDP,World Bank WDI API,2014,NE.GDI.TOTL.ZS,Gross capital formation,IRN
2015-01-01,,1394,,investment_pct_gdp_irn,31.9824085202657,percent of GDP,World Bank WDI API,2015,NE.GDI.TOTL.ZS,Gross capital formation,IRN
2016-01-01,,1395,,investment_pct_gdp_irn,33.8794450615252,percent of GDP,World Bank WDI API,2016,NE.GDI.TOTL.ZS,Gross capital formation,IRN
2017-01-01,,1396,,investment_pct_gdp_irn,35.340529085025,percent of GDP,World Bank WDI API,2017,NE.GDI.TOTL.ZS,Gross capital formation,IRN
2018-01-01,,1397,,investment_pct_gdp_irn,36.2050901154488,percent of GDP,World Bank WDI API,2018,NE.GDI.TOTL.ZS,Gross capital formation,IRN
2019-01-01,,1398,,investment_pct_gdp_irn,40.2029489850244,percent of GDP,World Bank WDI API,2019,NE.GDI.TOTL.ZS,Gross capital formation,IRN
2020-01-01,,1399,,investment_pct_gdp_irn,47.9209340647566,percent of GDP,World Bank WDI API,2020,NE.GDI.TOTL.ZS,Gross capital formation,IRN
2021-01-01,,1400,,investment_pct_gdp_irn,41.493032546299,percent of GDP,World Bank WDI API,2021,NE.GDI.TOTL.ZS,Gross capital formation,IRN
2022-01-01,,1401,,investment_pct_gdp_irn,40.7255733512162,percent of GDP,World Bank WDI API,2022,NE.GDI.TOTL.ZS,Gross capital formation,IRN
2023-01-01,,1402,,investment_pct_gdp_irn,43.772806898094,percent of GDP,World Bank WDI API,2023,NE.GDI.TOTL.ZS,Gross capital formation,IRN
2024-01-01,,1403,,investment_pct_gdp_irn,44.3461376412017,percent of GDP,World Bank WDI API,2024,NE.GDI.TOTL.ZS,Gross capital formation,IRN
2025-01-01,,1404,,investment_pct_gdp_irn,41.7726821761424,percent of GDP,World Bank WDI API,2025,NE.GDI.TOTL.ZS,Gross capital formation,IRN
1960-01-01,,1339,,investment_pct_gdp_tur,9.98531571218796,percent of GDP,World Bank WDI API,1960,NE.GDI.TOTL.ZS,Gross capital formation,TUR
1961-01-01,,1340,,investment_pct_gdp_tur,10.0139082058414,percent of GDP,World Bank WDI API,1961,NE.GDI.TOTL.ZS,Gross capital formation,TUR
1962-01-01,,1341,,investment_pct_gdp_tur,10.7098381070984,percent of GDP,World Bank WDI API,1962,NE.GDI.TOTL.ZS,Gross capital formation,TUR
1963-01-01,,1342,,investment_pct_gdp_tur,11.6952789699571,percent of GDP,World Bank WDI API,1963,NE.GDI.TOTL.ZS,Gross capital formation,TUR
1964-01-01,,1343,,investment_pct_gdp_tur,10.934393638171,percent of GDP,World Bank WDI API,1964,NE.GDI.TOTL.ZS,Gross capital formation,TUR
1965-01-01,,1344,,investment_pct_gdp_tur,11.3277623026927,percent of GDP,World Bank WDI API,1965,NE.GDI.TOTL.ZS,Gross capital formation,TUR
1966-01-01,,1345,,investment_pct_gdp_tur,12.8447596532703,percent of GDP,World Bank WDI API,1966,NE.GDI.TOTL.ZS,Gross capital formation,TUR
1967-01-01,,1346,,investment_pct_gdp_tur,12.6420454545455,percent of GDP,World Bank WDI API,1967,NE.GDI.TOTL.ZS,Gross capital formation,TUR
1968-01-01,,1347,,investment_pct_gdp_tur,13.3968253968254,percent of GDP,World Bank WDI API,1968,NE.GDI.TOTL.ZS,Gross capital formation,TUR
1969-01-01,,1348,,investment_pct_gdp_tur,13.3561643835616,percent of GDP,World Bank WDI API,1969,NE.GDI.TOTL.ZS,Gross capital formation,TUR
1970-01-01,,1349,,investment_pct_gdp_tur,14.7073791348601,percent of GDP,World Bank WDI API,1970,NE.GDI.TOTL.ZS,Gross capital formation,TUR
1971-01-01,,1350,,investment_pct_gdp_tur,13.7319587628866,percent of GDP,World Bank WDI API,1971,NE.GDI.TOTL.ZS,Gross capital formation,TUR
1972-01-01,,1351,,investment_pct_gdp_tur,16.8107921134556,percent of GDP,World Bank WDI API,1972,NE.GDI.TOTL.ZS,Gross capital formation,TUR
1973-01-01,,1352,,investment_pct_gdp_tur,15.467032967033,percent of GDP,World Bank WDI API,1973,NE.GDI.TOTL.ZS,Gross capital formation,TUR
1974-01-01,,1353,,investment_pct_gdp_tur,17.8902783380395,percent of GDP,World Bank WDI API,1974,NE.GDI.TOTL.ZS,Gross capital formation,TUR
1975-01-01,,1354,,investment_pct_gdp_tur,18.7092770710518,percent of GDP,World Bank WDI API,1975,NE.GDI.TOTL.ZS,Gross capital formation,TUR
1976-01-01,,1355,,investment_pct_gdp_tur,20.3231292517007,percent of GDP,World Bank WDI API,1976,NE.GDI.TOTL.ZS,Gross capital formation,TUR
1977-01-01,,1356,,investment_pct_gdp_tur,20.6664773265171,percent of GDP,World Bank WDI API,1977,NE.GDI.TOTL.ZS,Gross capital formation,TUR
1978-01-01,,1357,,investment_pct_gdp_tur,15.1463430052469,percent of GDP,World Bank WDI API,1978,NE.GDI.TOTL.ZS,Gross capital formation,TUR
1979-01-01,,1358,,investment_pct_gdp_tur,14.5027176847486,percent of GDP,World Bank WDI API,1979,NE.GDI.TOTL.ZS,Gross capital formation,TUR
1980-01-01,,1359,,investment_pct_gdp_tur,18.1642641379574,percent of GDP,World Bank WDI API,1980,NE.GDI.TOTL.ZS,Gross capital formation,TUR
1981-01-01,,1360,,investment_pct_gdp_tur,17.869889887356,percent of GDP,World Bank WDI API,1981,NE.GDI.TOTL.ZS,Gross capital formation,TUR
1982-01-01,,1361,,investment_pct_gdp_tur,16.9525933550638,percent of GDP,World Bank WDI API,1982,NE.GDI.TOTL.ZS,Gross capital formation,TUR
1983-01-01,,1362,,investment_pct_gdp_tur,16.2852910296423,percent of GDP,World Bank WDI API,1983,NE.GDI.TOTL.ZS,Gross capital formation,TUR
1984-01-01,,1363,,investment_pct_gdp_tur,16.1803146778439,percent of GDP,World Bank WDI API,1984,NE.GDI.TOTL.ZS,Gross capital formation,TUR
1985-01-01,,1364,,investment_pct_gdp_tur,16.5132281916485,percent of GDP,World Bank WDI API,1985,NE.GDI.TOTL.ZS,Gross capital formation,TUR
1986-01-01,,1365,,investment_pct_gdp_tur,18.8475566423189,percent of GDP,World Bank WDI API,1986,NE.GDI.TOTL.ZS,Gross capital formation,TUR
1987-01-01,,1366,,investment_pct_gdp_tur,25.6665047328829,percent of GDP,World Bank WDI API,1987,NE.GDI.TOTL.ZS,Gross capital formation,TUR
1988-01-01,,1367,,investment_pct_gdp_tur,25.14260066783,percent of GDP,World Bank WDI API,1988,NE.GDI.TOTL.ZS,Gross capital formation,TUR
1989-01-01,,1368,,investment_pct_gdp_tur,23.4725869123308,percent of GDP,World Bank WDI API,1989,NE.GDI.TOTL.ZS,Gross capital formation,TUR
1990-01-01,,1369,,investment_pct_gdp_tur,24.5492675167824,percent of GDP,World Bank WDI API,1990,NE.GDI.TOTL.ZS,Gross capital formation,TUR
1991-01-01,,1370,,investment_pct_gdp_tur,22.7120396231239,percent of GDP,World Bank WDI API,1991,NE.GDI.TOTL.ZS,Gross capital formation,TUR
1992-01-01,,1371,,investment_pct_gdp_tur,23.3622714401738,percent of GDP,World Bank WDI API,1992,NE.GDI.TOTL.ZS,Gross capital formation,TUR
1993-01-01,,1372,,investment_pct_gdp_tur,26.6156090890252,percent of GDP,World Bank WDI API,1993,NE.GDI.TOTL.ZS,Gross capital formation,TUR
1994-01-01,,1373,,investment_pct_gdp_tur,21.3205329264016,percent of GDP,World Bank WDI API,1994,NE.GDI.TOTL.ZS,Gross capital formation,TUR
1995-01-01,,1374,,investment_pct_gdp_tur,27.4023252690356,percent of GDP,World Bank WDI API,1995,NE.GDI.TOTL.ZS,Gross capital formation,TUR
1996-01-01,,1375,,investment_pct_gdp_tur,29.0861159032907,percent of GDP,World Bank WDI API,1996,NE.GDI.TOTL.ZS,Gross capital formation,TUR
1997-01-01,,1376,,investment_pct_gdp_tur,27.0279861254657,percent of GDP,World Bank WDI API,1997,NE.GDI.TOTL.ZS,Gross capital formation,TUR
1998-01-01,,1377,,investment_pct_gdp_tur,25.2997631419224,percent of GDP,World Bank WDI API,1998,NE.GDI.TOTL.ZS,Gross capital formation,TUR
1999-01-01,,1378,,investment_pct_gdp_tur,21.5049637841958,percent of GDP,World Bank WDI API,1999,NE.GDI.TOTL.ZS,Gross capital formation,TUR
2000-01-01,,1379,,investment_pct_gdp_tur,24.011318241332,percent of GDP,World Bank WDI API,2000,NE.GDI.TOTL.ZS,Gross capital formation,TUR
2001-01-01,,1380,,investment_pct_gdp_tur,19.6143621979648,percent of GDP,World Bank WDI API,2001,NE.GDI.TOTL.ZS,Gross capital formation,TUR
2002-01-01,,1381,,investment_pct_gdp_tur,21.525989356389,percent of GDP,World Bank WDI API,2002,NE.GDI.TOTL.ZS,Gross capital formation,TUR
2003-01-01,,1382,,investment_pct_gdp_tur,22.8567811256469,percent of GDP,World Bank WDI API,2003,NE.GDI.TOTL.ZS,Gross capital formation,TUR
2004-01-01,,1383,,investment_pct_gdp_tur,25.167773403717,percent of GDP,World Bank WDI API,2004,NE.GDI.TOTL.ZS,Gross capital formation,TUR
2005-01-01,,1384,,investment_pct_gdp_tur,27.5674708715615,percent of GDP,World Bank WDI API,2005,NE.GDI.TOTL.ZS,Gross capital formation,TUR
2006-01-01,,1385,,investment_pct_gdp_tur,30.1577149171837,percent of GDP,World Bank WDI API,2006,NE.GDI.TOTL.ZS,Gross capital formation,TUR
2007-01-01,,1386,,investment_pct_gdp_tur,29.5493413273707,percent of GDP,World Bank WDI API,2007,NE.GDI.TOTL.ZS,Gross capital formation,TUR
2008-01-01,,1387,,investment_pct_gdp_tur,29.7262007474574,percent of GDP,World Bank WDI API,2008,NE.GDI.TOTL.ZS,Gross capital formation,TUR
2009-01-01,,1388,,investment_pct_gdp_tur,23.6948756749495,percent of GDP,World Bank WDI API,2009,NE.GDI.TOTL.ZS,Gross capital formation,TUR
2010-01-01,,1389,,investment_pct_gdp_tur,28.4520777825517,percent of GDP,World Bank WDI API,2010,NE.GDI.TOTL.ZS,Gross capital formation,TUR
2011-01-01,,1390,,investment_pct_gdp_tur,31.958286232969,percent of GDP,World Bank WDI API,2011,NE.GDI.TOTL.ZS,Gross capital formation,TUR
2012-01-01,,1391,,investment_pct_gdp_tur,29.421538205313,percent of GDP,World Bank WDI API,2012,NE.GDI.TOTL.ZS,Gross capital formation,TUR
2013-01-01,,1392,,investment_pct_gdp_tur,31.3649431990856,percent of GDP,World Bank WDI API,2013,NE.GDI.TOTL.ZS,Gross capital formation,TUR
2014-01-01,,1393,,investment_pct_gdp_tur,30.2115390664919,percent of GDP,World Bank WDI API,2014,NE.GDI.TOTL.ZS,Gross capital formation,TUR
2015-01-01,,1394,,investment_pct_gdp_tur,30.062899150791,percent of GDP,World Bank WDI API,2015,NE.GDI.TOTL.ZS,Gross capital formation,TUR
2016-01-01,,1395,,investment_pct_gdp_tur,29.8288300175216,percent of GDP,World Bank WDI API,2016,NE.GDI.TOTL.ZS,Gross capital formation,TUR
2017-01-01,,1396,,investment_pct_gdp_tur,32.7946921972451,percent of GDP,World Bank WDI API,2017,NE.GDI.TOTL.ZS,Gross capital formation,TUR
2018-01-01,,1397,,investment_pct_gdp_tur,31.3408009091416,percent of GDP,World Bank WDI API,2018,NE.GDI.TOTL.ZS,Gross capital formation,TUR
2019-01-01,,1398,,investment_pct_gdp_tur,27.5058303832163,percent of GDP,World Bank WDI API,2019,NE.GDI.TOTL.ZS,Gross capital formation,TUR
2020-01-01,,1399,,investment_pct_gdp_tur,34.1540560799477,percent of GDP,World Bank WDI API,2020,NE.GDI.TOTL.ZS,Gross capital formation,TUR
2021-01-01,,1400,,investment_pct_gdp_tur,34.3761444701623,percent of GDP,World Bank WDI API,2021,NE.GDI.TOTL.ZS,Gross capital formation,TUR
2022-01-01,,1401,,investment_pct_gdp_tur,38.602139717568,percent of GDP,World Bank WDI API,2022,NE.GDI.TOTL.ZS,Gross capital formation,TUR
2023-01-01,,1402,,investment_pct_gdp_tur,34.5882765114043,percent of GDP,World Bank WDI API,2023,NE.GDI.TOTL.ZS,Gross capital formation,TUR
2024-01-01,,1403,,investment_pct_gdp_tur,30.7311559549208,percent of GDP,World Bank WDI API,2024,NE.GDI.TOTL.ZS,Gross capital formation,TUR
2025-01-01,,1404,,investment_pct_gdp_tur,31.6666169240923,percent of GDP,World Bank WDI API,2025,NE.GDI.TOTL.ZS,Gross capital formation,TUR
1960-01-01,,1339,,merch_imports_usd_irn,560000000.0,current USD,World Bank WDI API,1960,TM.VAL.MRCH.CD.WT,Merchandise imports,IRN
1961-01-01,,1340,,merch_imports_usd_irn,605000000.0,current USD,World Bank WDI API,1961,TM.VAL.MRCH.CD.WT,Merchandise imports,IRN
1962-01-01,,1341,,merch_imports_usd_irn,531000000.0,current USD,World Bank WDI API,1962,TM.VAL.MRCH.CD.WT,Merchandise imports,IRN
1963-01-01,,1342,,merch_imports_usd_irn,524000000.0,current USD,World Bank WDI API,1963,TM.VAL.MRCH.CD.WT,Merchandise imports,IRN
1964-01-01,,1343,,merch_imports_usd_irn,673000000.0,current USD,World Bank WDI API,1964,TM.VAL.MRCH.CD.WT,Merchandise imports,IRN
1965-01-01,,1344,,merch_imports_usd_irn,859000000.0,current USD,World Bank WDI API,1965,TM.VAL.MRCH.CD.WT,Merchandise imports,IRN
1966-01-01,,1345,,merch_imports_usd_irn,931000000.0,current USD,World Bank WDI API,1966,TM.VAL.MRCH.CD.WT,Merchandise imports,IRN
1967-01-01,,1346,,merch_imports_usd_irn,1119000000.0,current USD,World Bank WDI API,1967,TM.VAL.MRCH.CD.WT,Merchandise imports,IRN
1968-01-01,,1347,,merch_imports_usd_irn,1384000000.0,current USD,World Bank WDI API,1968,TM.VAL.MRCH.CD.WT,Merchandise imports,IRN
1969-01-01,,1348,,merch_imports_usd_irn,1527000000.0,current USD,World Bank WDI API,1969,TM.VAL.MRCH.CD.WT,Merchandise imports,IRN
1970-01-01,,1349,,merch_imports_usd_irn,1662000000.0,current USD,World Bank WDI API,1970,TM.VAL.MRCH.CD.WT,Merchandise imports,IRN
1971-01-01,,1350,,merch_imports_usd_irn,1873000000.0,current USD,World Bank WDI API,1971,TM.VAL.MRCH.CD.WT,Merchandise imports,IRN
1972-01-01,,1351,,merch_imports_usd_irn,2409000000.0,current USD,World Bank WDI API,1972,TM.VAL.MRCH.CD.WT,Merchandise imports,IRN
1973-01-01,,1352,,merch_imports_usd_irn,3393000000.0,current USD,World Bank WDI API,1973,TM.VAL.MRCH.CD.WT,Merchandise imports,IRN
1974-01-01,,1353,,merch_imports_usd_irn,5433000000.0,current USD,World Bank WDI API,1974,TM.VAL.MRCH.CD.WT,Merchandise imports,IRN
1975-01-01,,1354,,merch_imports_usd_irn,10343000000.0,current USD,World Bank WDI API,1975,TM.VAL.MRCH.CD.WT,Merchandise imports,IRN
1976-01-01,,1355,,merch_imports_usd_irn,12894000000.0,current USD,World Bank WDI API,1976,TM.VAL.MRCH.CD.WT,Merchandise imports,IRN
1977-01-01,,1356,,merch_imports_usd_irn,14070000000.0,current USD,World Bank WDI API,1977,TM.VAL.MRCH.CD.WT,Merchandise imports,IRN
1978-01-01,,1357,,merch_imports_usd_irn,13550000000.0,current USD,World Bank WDI API,1978,TM.VAL.MRCH.CD.WT,Merchandise imports,IRN
1979-01-01,,1358,,merch_imports_usd_irn,9738000000.0,current USD,World Bank WDI API,1979,TM.VAL.MRCH.CD.WT,Merchandise imports,IRN
1980-01-01,,1359,,merch_imports_usd_irn,12246000000.0,current USD,World Bank WDI API,1980,TM.VAL.MRCH.CD.WT,Merchandise imports,IRN
1981-01-01,,1360,,merch_imports_usd_irn,14693000000.0,current USD,World Bank WDI API,1981,TM.VAL.MRCH.CD.WT,Merchandise imports,IRN
1982-01-01,,1361,,merch_imports_usd_irn,11955000000.0,current USD,World Bank WDI API,1982,TM.VAL.MRCH.CD.WT,Merchandise imports,IRN
1983-01-01,,1362,,merch_imports_usd_irn,18320000000.0,current USD,World Bank WDI API,1983,TM.VAL.MRCH.CD.WT,Merchandise imports,IRN
1984-01-01,,1363,,merch_imports_usd_irn,15370000000.0,current USD,World Bank WDI API,1984,TM.VAL.MRCH.CD.WT,Merchandise imports,IRN
1985-01-01,,1364,,merch_imports_usd_irn,11635000000.0,current USD,World Bank WDI API,1985,TM.VAL.MRCH.CD.WT,Merchandise imports,IRN
1986-01-01,,1365,,merch_imports_usd_irn,10521000000.0,current USD,World Bank WDI API,1986,TM.VAL.MRCH.CD.WT,Merchandise imports,IRN
1987-01-01,,1366,,merch_imports_usd_irn,9570000000.0,current USD,World Bank WDI API,1987,TM.VAL.MRCH.CD.WT,Merchandise imports,IRN
1988-01-01,,1367,,merch_imports_usd_irn,9454000000.0,current USD,World Bank WDI API,1988,TM.VAL.MRCH.CD.WT,Merchandise imports,IRN
1989-01-01,,1368,,merch_imports_usd_irn,14794000000.0,current USD,World Bank WDI API,1989,TM.VAL.MRCH.CD.WT,Merchandise imports,IRN
1990-01-01,,1369,,merch_imports_usd_irn,20322000000.0,current USD,World Bank WDI API,1990,TM.VAL.MRCH.CD.WT,Merchandise imports,IRN
1991-01-01,,1370,,merch_imports_usd_irn,27927000000.0,current USD,World Bank WDI API,1991,TM.VAL.MRCH.CD.WT,Merchandise imports,IRN
1992-01-01,,1371,,merch_imports_usd_irn,25860000000.0,current USD,World Bank WDI API,1992,TM.VAL.MRCH.CD.WT,Merchandise imports,IRN
1993-01-01,,1372,,merch_imports_usd_irn,21427000000.0,current USD,World Bank WDI API,1993,TM.VAL.MRCH.CD.WT,Merchandise imports,IRN
1994-01-01,,1373,,merch_imports_usd_irn,13774000000.0,current USD,World Bank WDI API,1994,TM.VAL.MRCH.CD.WT,Merchandise imports,IRN
1995-01-01,,1374,,merch_imports_usd_irn,13882000000.0,current USD,World Bank WDI API,1995,TM.VAL.MRCH.CD.WT,Merchandise imports,IRN
1996-01-01,,1375,,merch_imports_usd_irn,16274000000.0,current USD,World Bank WDI API,1996,TM.VAL.MRCH.CD.WT,Merchandise imports,IRN
1997-01-01,,1376,,merch_imports_usd_irn,14196000000.0,current USD,World Bank WDI API,1997,TM.VAL.MRCH.CD.WT,Merchandise imports,IRN
1998-01-01,,1377,,merch_imports_usd_irn,14323000000.0,current USD,World Bank WDI API,1998,TM.VAL.MRCH.CD.WT,Merchandise imports,IRN
1999-01-01,,1378,,merch_imports_usd_irn,13324000000.0,current USD,World Bank WDI API,1999,TM.VAL.MRCH.CD.WT,Merchandise imports,IRN
2000-01-01,,1379,,merch_imports_usd_irn,13898000000.0,current USD,World Bank WDI API,2000,TM.VAL.MRCH.CD.WT,Merchandise imports,IRN
2001-01-01,,1380,,merch_imports_usd_irn,16709000000.0,current USD,World Bank WDI API,2001,TM.VAL.MRCH.CD.WT,Merchandise imports,IRN
2002-01-01,,1381,,merch_imports_usd_irn,20617000000.0,current USD,World Bank WDI API,2002,TM.VAL.MRCH.CD.WT,Merchandise imports,IRN
2003-01-01,,1382,,merch_imports_usd_irn,24798000000.0,current USD,World Bank WDI API,2003,TM.VAL.MRCH.CD.WT,Merchandise imports,IRN
2004-01-01,,1383,,merch_imports_usd_irn,31976000000.0,current USD,World Bank WDI API,2004,TM.VAL.MRCH.CD.WT,Merchandise imports,IRN
2005-01-01,,1384,,merch_imports_usd_irn,40041000000.0,current USD,World Bank WDI API,2005,TM.VAL.MRCH.CD.WT,Merchandise imports,IRN
2006-01-01,,1385,,merch_imports_usd_irn,40772000000.0,current USD,World Bank WDI API,2006,TM.VAL.MRCH.CD.WT,Merchandise imports,IRN
2007-01-01,,1386,,merch_imports_usd_irn,44942000000.0,current USD,World Bank WDI API,2007,TM.VAL.MRCH.CD.WT,Merchandise imports,IRN
2008-01-01,,1387,,merch_imports_usd_irn,57401000000.0,current USD,World Bank WDI API,2008,TM.VAL.MRCH.CD.WT,Merchandise imports,IRN
2009-01-01,,1388,,merch_imports_usd_irn,50768000000.0,current USD,World Bank WDI API,2009,TM.VAL.MRCH.CD.WT,Merchandise imports,IRN
2010-01-01,,1389,,merch_imports_usd_irn,65404000000.0,current USD,World Bank WDI API,2010,TM.VAL.MRCH.CD.WT,Merchandise imports,IRN
2011-01-01,,1390,,merch_imports_usd_irn,61760000000.0,current USD,World Bank WDI API,2011,TM.VAL.MRCH.CD.WT,Merchandise imports,IRN
2012-01-01,,1391,,merch_imports_usd_irn,57292000000.0,current USD,World Bank WDI API,2012,TM.VAL.MRCH.CD.WT,Merchandise imports,IRN
2013-01-01,,1392,,merch_imports_usd_irn,46571000000.0,current USD,World Bank WDI API,2013,TM.VAL.MRCH.CD.WT,Merchandise imports,IRN
2014-01-01,,1393,,merch_imports_usd_irn,55106000000.0,current USD,World Bank WDI API,2014,TM.VAL.MRCH.CD.WT,Merchandise imports,IRN
2015-01-01,,1394,,merch_imports_usd_irn,44937000000.0,current USD,World Bank WDI API,2015,TM.VAL.MRCH.CD.WT,Merchandise imports,IRN
2016-01-01,,1395,,merch_imports_usd_irn,43080000000.0,current USD,World Bank WDI API,2016,TM.VAL.MRCH.CD.WT,Merchandise imports,IRN
2017-01-01,,1396,,merch_imports_usd_irn,49499000000.0,current USD,World Bank WDI API,2017,TM.VAL.MRCH.CD.WT,Merchandise imports,IRN
2018-01-01,,1397,,merch_imports_usd_irn,49353000000.0,current USD,World Bank WDI API,2018,TM.VAL.MRCH.CD.WT,Merchandise imports,IRN
2019-01-01,,1398,,merch_imports_usd_irn,41828000000.0,current USD,World Bank WDI API,2019,TM.VAL.MRCH.CD.WT,Merchandise imports,IRN
2020-01-01,,1399,,merch_imports_usd_irn,38757000000.0,current USD,World Bank WDI API,2020,TM.VAL.MRCH.CD.WT,Merchandise imports,IRN
2021-01-01,,1400,,merch_imports_usd_irn,49086000000.0,current USD,World Bank WDI API,2021,TM.VAL.MRCH.CD.WT,Merchandise imports,IRN
2022-01-01,,1401,,merch_imports_usd_irn,58784000000.0,current USD,World Bank WDI API,2022,TM.VAL.MRCH.CD.WT,Merchandise imports,IRN
2023-01-01,,1402,,merch_imports_usd_irn,65826000000.0,current USD,World Bank WDI API,2023,TM.VAL.MRCH.CD.WT,Merchandise imports,IRN
2024-01-01,,1403,,merch_imports_usd_irn,69414000000.0,current USD,World Bank WDI API,2024,TM.VAL.MRCH.CD.WT,Merchandise imports,IRN
2025-01-01,,1404,,merch_imports_usd_irn,65632000000.0,current USD,World Bank WDI API,2025,TM.VAL.MRCH.CD.WT,Merchandise imports,IRN
1960-01-01,,1339,,official_exchange_rate_egy,0.348241999348242,"LCU per USD, period average",World Bank WDI API,1960,PA.NUS.FCRF,Official exchange rate,EGY
1961-01-01,,1340,,official_exchange_rate_egy,0.348241999348242,"LCU per USD, period average",World Bank WDI API,1961,PA.NUS.FCRF,Official exchange rate,EGY
1962-01-01,,1341,,official_exchange_rate_egy,0.40448912538026,"LCU per USD, period average",World Bank WDI API,1962,PA.NUS.FCRF,Official exchange rate,EGY
1963-01-01,,1342,,official_exchange_rate_egy,0.434782608884688,"LCU per USD, period average",World Bank WDI API,1963,PA.NUS.FCRF,Official exchange rate,EGY
1964-01-01,,1343,,official_exchange_rate_egy,0.434782608884688,"LCU per USD, period average",World Bank WDI API,1964,PA.NUS.FCRF,Official exchange rate,EGY
1965-01-01,,1344,,official_exchange_rate_egy,0.434782608884688,"LCU per USD, period average",World Bank WDI API,1965,PA.NUS.FCRF,Official exchange rate,EGY
1966-01-01,,1345,,official_exchange_rate_egy,0.434782608884688,"LCU per USD, period average",World Bank WDI API,1966,PA.NUS.FCRF,Official exchange rate,EGY
1967-01-01,,1346,,official_exchange_rate_egy,0.434782608884688,"LCU per USD, period average",World Bank WDI API,1967,PA.NUS.FCRF,Official exchange rate,EGY
1968-01-01,,1347,,official_exchange_rate_egy,0.434782608884688,"LCU per USD, period average",World Bank WDI API,1968,PA.NUS.FCRF,Official exchange rate,EGY
1969-01-01,,1348,,official_exchange_rate_egy,0.434782608884688,"LCU per USD, period average",World Bank WDI API,1969,PA.NUS.FCRF,Official exchange rate,EGY
1970-01-01,,1349,,official_exchange_rate_egy,0.434782608884688,"LCU per USD, period average",World Bank WDI API,1970,PA.NUS.FCRF,Official exchange rate,EGY
1971-01-01,,1350,,official_exchange_rate_egy,0.434782641394297,"LCU per USD, period average",World Bank WDI API,1971,PA.NUS.FCRF,Official exchange rate,EGY
1972-01-01,,1351,,official_exchange_rate_egy,0.434782608884688,"LCU per USD, period average",World Bank WDI API,1972,PA.NUS.FCRF,Official exchange rate,EGY
1973-01-01,,1352,,official_exchange_rate_egy,0.397956243179606,"LCU per USD, period average",World Bank WDI API,1973,PA.NUS.FCRF,Official exchange rate,EGY
1974-01-01,,1353,,official_exchange_rate_egy,0.391303667451088,"LCU per USD, period average",World Bank WDI API,1974,PA.NUS.FCRF,Official exchange rate,EGY
1975-01-01,,1354,,official_exchange_rate_egy,0.391303667451088,"LCU per USD, period average",World Bank WDI API,1975,PA.NUS.FCRF,Official exchange rate,EGY
1976-01-01,,1355,,official_exchange_rate_egy,0.391303667451088,"LCU per USD, period average",World Bank WDI API,1976,PA.NUS.FCRF,Official exchange rate,EGY
1977-01-01,,1356,,official_exchange_rate_egy,0.391303667451088,"LCU per USD, period average",World Bank WDI API,1977,PA.NUS.FCRF,Official exchange rate,EGY
1978-01-01,,1357,,official_exchange_rate_egy,0.391303667451088,"LCU per USD, period average",World Bank WDI API,1978,PA.NUS.FCRF,Official exchange rate,EGY
1979-01-01,,1358,,official_exchange_rate_egy,0.700000700490701,"LCU per USD, period average",World Bank WDI API,1979,PA.NUS.FCRF,Official exchange rate,EGY
1980-01-01,,1359,,official_exchange_rate_egy,0.700000700490701,"LCU per USD, period average",World Bank WDI API,1980,PA.NUS.FCRF,Official exchange rate,EGY
1981-01-01,,1360,,official_exchange_rate_egy,0.700000700490701,"LCU per USD, period average",World Bank WDI API,1981,PA.NUS.FCRF,Official exchange rate,EGY
1982-01-01,,1361,,official_exchange_rate_egy,0.700000700490701,"LCU per USD, period average",World Bank WDI API,1982,PA.NUS.FCRF,Official exchange rate,EGY
1983-01-01,,1362,,official_exchange_rate_egy,0.700000700490701,"LCU per USD, period average",World Bank WDI API,1983,PA.NUS.FCRF,Official exchange rate,EGY
1984-01-01,,1363,,official_exchange_rate_egy,0.700000700204867,"LCU per USD, period average",World Bank WDI API,1984,PA.NUS.FCRF,Official exchange rate,EGY
1985-01-01,,1364,,official_exchange_rate_egy,0.7000007000007,"LCU per USD, period average",World Bank WDI API,1985,PA.NUS.FCRF,Official exchange rate,EGY
1986-01-01,,1365,,official_exchange_rate_egy,0.7000007000007,"LCU per USD, period average",World Bank WDI API,1986,PA.NUS.FCRF,Official exchange rate,EGY
1987-01-01,,1366,,official_exchange_rate_egy,0.7000007000007,"LCU per USD, period average",World Bank WDI API,1987,PA.NUS.FCRF,Official exchange rate,EGY
1988-01-01,,1367,,official_exchange_rate_egy,0.7000007000007,"LCU per USD, period average",World Bank WDI API,1988,PA.NUS.FCRF,Official exchange rate,EGY
1989-01-01,,1368,,official_exchange_rate_egy,0.866666666666667,"LCU per USD, period average",World Bank WDI API,1989,PA.NUS.FCRF,Official exchange rate,EGY
1990-01-01,,1369,,official_exchange_rate_egy,1.55,"LCU per USD, period average",World Bank WDI API,1990,PA.NUS.FCRF,Official exchange rate,EGY
1991-01-01,,1370,,official_exchange_rate_egy,3.13800833333333,"LCU per USD, period average",World Bank WDI API,1991,PA.NUS.FCRF,Official exchange rate,EGY
1992-01-01,,1371,,official_exchange_rate_egy,3.32174833333333,"LCU per USD, period average",World Bank WDI API,1992,PA.NUS.FCRF,Official exchange rate,EGY
1993-01-01,,1372,,official_exchange_rate_egy,3.3525175,"LCU per USD, period average",World Bank WDI API,1993,PA.NUS.FCRF,Official exchange rate,EGY
1994-01-01,,1373,,official_exchange_rate_egy,3.38513333333333,"LCU per USD, period average",World Bank WDI API,1994,PA.NUS.FCRF,Official exchange rate,EGY
1995-01-01,,1374,,official_exchange_rate_egy,3.39220833333333,"LCU per USD, period average",World Bank WDI API,1995,PA.NUS.FCRF,Official exchange rate,EGY
1996-01-01,,1375,,official_exchange_rate_egy,3.39148333333334,"LCU per USD, period average",World Bank WDI API,1996,PA.NUS.FCRF,Official exchange rate,EGY
1997-01-01,,1376,,official_exchange_rate_egy,3.38875,"LCU per USD, period average",World Bank WDI API,1997,PA.NUS.FCRF,Official exchange rate,EGY
1998-01-01,,1377,,official_exchange_rate_egy,3.388,"LCU per USD, period average",World Bank WDI API,1998,PA.NUS.FCRF,Official exchange rate,EGY
1999-01-01,,1378,,official_exchange_rate_egy,3.39525,"LCU per USD, period average",World Bank WDI API,1999,PA.NUS.FCRF,Official exchange rate,EGY
2000-01-01,,1379,,official_exchange_rate_egy,3.47205,"LCU per USD, period average",World Bank WDI API,2000,PA.NUS.FCRF,Official exchange rate,EGY
2001-01-01,,1380,,official_exchange_rate_egy,3.973,"LCU per USD, period average",World Bank WDI API,2001,PA.NUS.FCRF,Official exchange rate,EGY
2002-01-01,,1381,,official_exchange_rate_egy,4.49966666666667,"LCU per USD, period average",World Bank WDI API,2002,PA.NUS.FCRF,Official exchange rate,EGY
2003-01-01,,1382,,official_exchange_rate_egy,5.850875,"LCU per USD, period average",World Bank WDI API,2003,PA.NUS.FCRF,Official exchange rate,EGY
2004-01-01,,1383,,official_exchange_rate_egy,6.19624166666666,"LCU per USD, period average",World Bank WDI API,2004,PA.NUS.FCRF,Official exchange rate,EGY
2005-01-01,,1384,,official_exchange_rate_egy,5.77883333333333,"LCU per USD, period average",World Bank WDI API,2005,PA.NUS.FCRF,Official exchange rate,EGY
2006-01-01,,1385,,official_exchange_rate_egy,5.73316666666666,"LCU per USD, period average",World Bank WDI API,2006,PA.NUS.FCRF,Official exchange rate,EGY
2007-01-01,,1386,,official_exchange_rate_egy,5.63543333333334,"LCU per USD, period average",World Bank WDI API,2007,PA.NUS.FCRF,Official exchange rate,EGY
2008-01-01,,1387,,official_exchange_rate_egy,5.4325,"LCU per USD, period average",World Bank WDI API,2008,PA.NUS.FCRF,Official exchange rate,EGY
2009-01-01,,1388,,official_exchange_rate_egy,5.54455330862977,"LCU per USD, period average",World Bank WDI API,2009,PA.NUS.FCRF,Official exchange rate,EGY
2010-01-01,,1389,,official_exchange_rate_egy,5.6219429176105,"LCU per USD, period average",World Bank WDI API,2010,PA.NUS.FCRF,Official exchange rate,EGY
2011-01-01,,1390,,official_exchange_rate_egy,5.93282765151515,"LCU per USD, period average",World Bank WDI API,2011,PA.NUS.FCRF,Official exchange rate,EGY
2012-01-01,,1391,,official_exchange_rate_egy,6.05605833333333,"LCU per USD, period average",World Bank WDI API,2012,PA.NUS.FCRF,Official exchange rate,EGY
2013-01-01,,1392,,official_exchange_rate_egy,6.870325,"LCU per USD, period average",World Bank WDI API,2013,PA.NUS.FCRF,Official exchange rate,EGY
2014-01-01,,1393,,official_exchange_rate_egy,7.07760856060606,"LCU per USD, period average",World Bank WDI API,2014,PA.NUS.FCRF,Official exchange rate,EGY
2015-01-01,,1394,,official_exchange_rate_egy,7.69125833333333,"LCU per USD, period average",World Bank WDI API,2015,PA.NUS.FCRF,Official exchange rate,EGY
2016-01-01,,1395,,official_exchange_rate_egy,10.0254007885465,"LCU per USD, period average",World Bank WDI API,2016,PA.NUS.FCRF,Official exchange rate,EGY
2017-01-01,,1396,,official_exchange_rate_egy,17.7825335150636,"LCU per USD, period average",World Bank WDI API,2017,PA.NUS.FCRF,Official exchange rate,EGY
2018-01-01,,1397,,official_exchange_rate_egy,17.7672904218107,"LCU per USD, period average",World Bank WDI API,2018,PA.NUS.FCRF,Official exchange rate,EGY
2019-01-01,,1398,,official_exchange_rate_egy,16.7705818428763,"LCU per USD, period average",World Bank WDI API,2019,PA.NUS.FCRF,Official exchange rate,EGY
2020-01-01,,1399,,official_exchange_rate_egy,15.7591729166667,"LCU per USD, period average",World Bank WDI API,2020,PA.NUS.FCRF,Official exchange rate,EGY
2021-01-01,,1400,,official_exchange_rate_egy,15.6445272777113,"LCU per USD, period average",World Bank WDI API,2021,PA.NUS.FCRF,Official exchange rate,EGY
2022-01-01,,1401,,official_exchange_rate_egy,19.1604397412204,"LCU per USD, period average",World Bank WDI API,2022,PA.NUS.FCRF,Official exchange rate,EGY
2023-01-01,,1402,,official_exchange_rate_egy,30.6264136980311,"LCU per USD, period average",World Bank WDI API,2023,PA.NUS.FCRF,Official exchange rate,EGY
2024-01-01,,1403,,official_exchange_rate_egy,45.29926,"LCU per USD, period average",World Bank WDI API,2024,PA.NUS.FCRF,Official exchange rate,EGY
2025-01-01,,1404,,official_exchange_rate_egy,49.2277558333333,"LCU per USD, period average",World Bank WDI API,2025,PA.NUS.FCRF,Official exchange rate,EGY
1960-01-01,,1339,,official_exchange_rate_irn,75.75000007575,"LCU per USD, period average",World Bank WDI API,1960,PA.NUS.FCRF,Official exchange rate,IRN
1961-01-01,,1340,,official_exchange_rate_irn,75.75000007575,"LCU per USD, period average",World Bank WDI API,1961,PA.NUS.FCRF,Official exchange rate,IRN
1962-01-01,,1341,,official_exchange_rate_irn,75.75000007575,"LCU per USD, period average",World Bank WDI API,1962,PA.NUS.FCRF,Official exchange rate,IRN
1963-01-01,,1342,,official_exchange_rate_irn,75.75000007575,"LCU per USD, period average",World Bank WDI API,1963,PA.NUS.FCRF,Official exchange rate,IRN
1964-01-01,,1343,,official_exchange_rate_irn,75.75000007575,"LCU per USD, period average",World Bank WDI API,1964,PA.NUS.FCRF,Official exchange rate,IRN
1965-01-01,,1344,,official_exchange_rate_irn,75.75000007575,"LCU per USD, period average",World Bank WDI API,1965,PA.NUS.FCRF,Official exchange rate,IRN
1966-01-01,,1345,,official_exchange_rate_irn,75.75000007575,"LCU per USD, period average",World Bank WDI API,1966,PA.NUS.FCRF,Official exchange rate,IRN
1967-01-01,,1346,,official_exchange_rate_irn,75.75000007575,"LCU per USD, period average",World Bank WDI API,1967,PA.NUS.FCRF,Official exchange rate,IRN
1968-01-01,,1347,,official_exchange_rate_irn,75.75000007575,"LCU per USD, period average",World Bank WDI API,1968,PA.NUS.FCRF,Official exchange rate,IRN
1969-01-01,,1348,,official_exchange_rate_irn,75.75000007575,"LCU per USD, period average",World Bank WDI API,1969,PA.NUS.FCRF,Official exchange rate,IRN
1970-01-01,,1349,,official_exchange_rate_irn,75.75000007575,"LCU per USD, period average",World Bank WDI API,1970,PA.NUS.FCRF,Official exchange rate,IRN
1971-01-01,,1350,,official_exchange_rate_irn,75.7500000694375,"LCU per USD, period average",World Bank WDI API,1971,PA.NUS.FCRF,Official exchange rate,IRN
1972-01-01,,1351,,official_exchange_rate_irn,75.7499701345202,"LCU per USD, period average",World Bank WDI API,1972,PA.NUS.FCRF,Official exchange rate,IRN
1973-01-01,,1352,,official_exchange_rate_irn,68.8860419482585,"LCU per USD, period average",World Bank WDI API,1973,PA.NUS.FCRF,Official exchange rate,IRN
1974-01-01,,1353,,official_exchange_rate_irn,67.641342246617,"LCU per USD, period average",World Bank WDI API,1974,PA.NUS.FCRF,Official exchange rate,IRN
1975-01-01,,1354,,official_exchange_rate_irn,67.6549455324406,"LCU per USD, period average",World Bank WDI API,1975,PA.NUS.FCRF,Official exchange rate,IRN
1976-01-01,,1355,,official_exchange_rate_irn,70.2390698610516,"LCU per USD, period average",World Bank WDI API,1976,PA.NUS.FCRF,Official exchange rate,IRN
1977-01-01,,1356,,official_exchange_rate_irn,70.6337318788855,"LCU per USD, period average",World Bank WDI API,1977,PA.NUS.FCRF,Official exchange rate,IRN
1978-01-01,,1357,,official_exchange_rate_irn,70.4920309761581,"LCU per USD, period average",World Bank WDI API,1978,PA.NUS.FCRF,Official exchange rate,IRN
1979-01-01,,1358,,official_exchange_rate_irn,70.4920309761581,"LCU per USD, period average",World Bank WDI API,1979,PA.NUS.FCRF,Official exchange rate,IRN
1980-01-01,,1359,,official_exchange_rate_irn,70.631848089676,"LCU per USD, period average",World Bank WDI API,1980,PA.NUS.FCRF,Official exchange rate,IRN
1981-01-01,,1360,,official_exchange_rate_irn,78.3468453777361,"LCU per USD, period average",World Bank WDI API,1981,PA.NUS.FCRF,Official exchange rate,IRN
1982-01-01,,1361,,official_exchange_rate_irn,83.6226700245569,"LCU per USD, period average",World Bank WDI API,1982,PA.NUS.FCRF,Official exchange rate,IRN
1983-01-01,,1362,,official_exchange_rate_irn,86.3787358940775,"LCU per USD, period average",World Bank WDI API,1983,PA.NUS.FCRF,Official exchange rate,IRN
1984-01-01,,1363,,official_exchange_rate_irn,90.0514398915356,"LCU per USD, period average",World Bank WDI API,1984,PA.NUS.FCRF,Official exchange rate,IRN
1985-01-01,,1364,,official_exchange_rate_irn,91.0735868439752,"LCU per USD, period average",World Bank WDI API,1985,PA.NUS.FCRF,Official exchange rate,IRN
1986-01-01,,1365,,official_exchange_rate_irn,78.7787830685101,"LCU per USD, period average",World Bank WDI API,1986,PA.NUS.FCRF,Official exchange rate,IRN
1987-01-01,,1366,,official_exchange_rate_irn,71.4774357190432,"LCU per USD, period average",World Bank WDI API,1987,PA.NUS.FCRF,Official exchange rate,IRN
1988-01-01,,1367,,official_exchange_rate_irn,68.6997646296701,"LCU per USD, period average",World Bank WDI API,1988,PA.NUS.FCRF,Official exchange rate,IRN
1989-01-01,,1368,,official_exchange_rate_irn,72.0322364263672,"LCU per USD, period average",World Bank WDI API,1989,PA.NUS.FCRF,Official exchange rate,IRN
1990-01-01,,1369,,official_exchange_rate_irn,68.1123727149296,"LCU per USD, period average",World Bank WDI API,1990,PA.NUS.FCRF,Official exchange rate,IRN
1991-01-01,,1370,,official_exchange_rate_irn,67.5217300147946,"LCU per USD, period average",World Bank WDI API,1991,PA.NUS.FCRF,Official exchange rate,IRN
1992-01-01,,1371,,official_exchange_rate_irn,65.5678412857706,"LCU per USD, period average",World Bank WDI API,1992,PA.NUS.FCRF,Official exchange rate,IRN
1993-01-01,,1372,,official_exchange_rate_irn,1268.07876133881,"LCU per USD, period average",World Bank WDI API,1993,PA.NUS.FCRF,Official exchange rate,IRN
1994-01-01,,1373,,official_exchange_rate_irn,1749.17373625079,"LCU per USD, period average",World Bank WDI API,1994,PA.NUS.FCRF,Official exchange rate,IRN
1995-01-01,,1374,,official_exchange_rate_irn,1748.35024562759,"LCU per USD, period average",World Bank WDI API,1995,PA.NUS.FCRF,Official exchange rate,IRN
1996-01-01,,1375,,official_exchange_rate_irn,1751.18635583594,"LCU per USD, period average",World Bank WDI API,1996,PA.NUS.FCRF,Official exchange rate,IRN
1997-01-01,,1376,,official_exchange_rate_irn,1753.34547748286,"LCU per USD, period average",World Bank WDI API,1997,PA.NUS.FCRF,Official exchange rate,IRN
1998-01-01,,1377,,official_exchange_rate_irn,1752.28599459359,"LCU per USD, period average",World Bank WDI API,1998,PA.NUS.FCRF,Official exchange rate,IRN
1999-01-01,,1378,,official_exchange_rate_irn,1753.35494977139,"LCU per USD, period average",World Bank WDI API,1999,PA.NUS.FCRF,Official exchange rate,IRN
2000-01-01,,1379,,official_exchange_rate_irn,1764.85606929191,"LCU per USD, period average",World Bank WDI API,2000,PA.NUS.FCRF,Official exchange rate,IRN
2001-01-01,,1380,,official_exchange_rate_irn,1753.98568465785,"LCU per USD, period average",World Bank WDI API,2001,PA.NUS.FCRF,Official exchange rate,IRN
2002-01-01,,1381,,official_exchange_rate_irn,6907.03445561653,"LCU per USD, period average",World Bank WDI API,2002,PA.NUS.FCRF,Official exchange rate,IRN
2003-01-01,,1382,,official_exchange_rate_irn,8193.88751916667,"LCU per USD, period average",World Bank WDI API,2003,PA.NUS.FCRF,Official exchange rate,IRN
2004-01-01,,1383,,official_exchange_rate_irn,8613.98942075,"LCU per USD, period average",World Bank WDI API,2004,PA.NUS.FCRF,Official exchange rate,IRN
2005-01-01,,1384,,official_exchange_rate_irn,8963.95890666667,"LCU per USD, period average",World Bank WDI API,2005,PA.NUS.FCRF,Official exchange rate,IRN
2006-01-01,,1385,,official_exchange_rate_irn,9170.9428775,"LCU per USD, period average",World Bank WDI API,2006,PA.NUS.FCRF,Official exchange rate,IRN
2007-01-01,,1386,,official_exchange_rate_irn,9281.15182833334,"LCU per USD, period average",World Bank WDI API,2007,PA.NUS.FCRF,Official exchange rate,IRN
2008-01-01,,1387,,official_exchange_rate_irn,9428.52826083333,"LCU per USD, period average",World Bank WDI API,2008,PA.NUS.FCRF,Official exchange rate,IRN
2009-01-01,,1388,,official_exchange_rate_irn,9864.30245626821,"LCU per USD, period average",World Bank WDI API,2009,PA.NUS.FCRF,Official exchange rate,IRN
2010-01-01,,1389,,official_exchange_rate_irn,10254.176470289,"LCU per USD, period average",World Bank WDI API,2010,PA.NUS.FCRF,Official exchange rate,IRN
2011-01-01,,1390,,official_exchange_rate_irn,10616.3066439076,"LCU per USD, period average",World Bank WDI API,2011,PA.NUS.FCRF,Official exchange rate,IRN
2012-01-01,,1391,,official_exchange_rate_irn,12175.5472222222,"LCU per USD, period average",World Bank WDI API,2012,PA.NUS.FCRF,Official exchange rate,IRN
2013-01-01,,1392,,official_exchange_rate_irn,18414.4480100374,"LCU per USD, period average",World Bank WDI API,2013,PA.NUS.FCRF,Official exchange rate,IRN
2014-01-01,,1393,,official_exchange_rate_irn,25941.6641445972,"LCU per USD, period average",World Bank WDI API,2014,PA.NUS.FCRF,Official exchange rate,IRN
2015-01-01,,1394,,official_exchange_rate_irn,29011.4913770529,"LCU per USD, period average",World Bank WDI API,2015,PA.NUS.FCRF,Official exchange rate,IRN
2016-01-01,,1395,,official_exchange_rate_irn,30914.8524362967,"LCU per USD, period average",World Bank WDI API,2016,PA.NUS.FCRF,Official exchange rate,IRN
2017-01-01,,1396,,official_exchange_rate_irn,33226.2981524127,"LCU per USD, period average",World Bank WDI API,2017,PA.NUS.FCRF,Official exchange rate,IRN
2018-01-01,,1397,,official_exchange_rate_irn,40864.329009777,"LCU per USD, period average",World Bank WDI API,2018,PA.NUS.FCRF,Official exchange rate,IRN
2019-01-01,,1398,,official_exchange_rate_irn,42000.0,"LCU per USD, period average",World Bank WDI API,2019,PA.NUS.FCRF,Official exchange rate,IRN
2020-01-01,,1399,,official_exchange_rate_irn,42000.0,"LCU per USD, period average",World Bank WDI API,2020,PA.NUS.FCRF,Official exchange rate,IRN
2021-01-01,,1400,,official_exchange_rate_irn,42000.0,"LCU per USD, period average",World Bank WDI API,2021,PA.NUS.FCRF,Official exchange rate,IRN
2022-01-01,,1401,,official_exchange_rate_irn,42000.0,"LCU per USD, period average",World Bank WDI API,2022,PA.NUS.FCRF,Official exchange rate,IRN
2023-01-01,,1402,,official_exchange_rate_irn,42000.0,"LCU per USD, period average",World Bank WDI API,2023,PA.NUS.FCRF,Official exchange rate,IRN
1960-01-01,,1339,,official_exchange_rate_tur,9.01691666658333e-06,"LCU per USD, period average",World Bank WDI API,1960,PA.NUS.FCRF,Official exchange rate,TUR
1961-01-01,,1340,,official_exchange_rate_tur,9.02e-06,"LCU per USD, period average",World Bank WDI API,1961,PA.NUS.FCRF,Official exchange rate,TUR
1962-01-01,,1341,,official_exchange_rate_tur,9.02e-06,"LCU per USD, period average",World Bank WDI API,1962,PA.NUS.FCRF,Official exchange rate,TUR
1963-01-01,,1342,,official_exchange_rate_tur,9.02e-06,"LCU per USD, period average",World Bank WDI API,1963,PA.NUS.FCRF,Official exchange rate,TUR
1964-01-01,,1343,,official_exchange_rate_tur,9.03916666575e-06,"LCU per USD, period average",World Bank WDI API,1964,PA.NUS.FCRF,Official exchange rate,TUR
1965-01-01,,1344,,official_exchange_rate_tur,9.039999999e-06,"LCU per USD, period average",World Bank WDI API,1965,PA.NUS.FCRF,Official exchange rate,TUR
1966-01-01,,1345,,official_exchange_rate_tur,9.039999999e-06,"LCU per USD, period average",World Bank WDI API,1966,PA.NUS.FCRF,Official exchange rate,TUR
1967-01-01,,1346,,official_exchange_rate_tur,9.039999999e-06,"LCU per USD, period average",World Bank WDI API,1967,PA.NUS.FCRF,Official exchange rate,TUR
1968-01-01,,1347,,official_exchange_rate_tur,9.039999999e-06,"LCU per USD, period average",World Bank WDI API,1968,PA.NUS.FCRF,Official exchange rate,TUR
1969-01-01,,1348,,official_exchange_rate_tur,9.039999999e-06,"LCU per USD, period average",World Bank WDI API,1969,PA.NUS.FCRF,Official exchange rate,TUR
1970-01-01,,1349,,official_exchange_rate_tur,1.1328499999e-05,"LCU per USD, period average",World Bank WDI API,1970,PA.NUS.FCRF,Official exchange rate,TUR
1971-01-01,,1350,,official_exchange_rate_tur,1.48666666670833e-05,"LCU per USD, period average",World Bank WDI API,1971,PA.NUS.FCRF,Official exchange rate,TUR
1972-01-01,,1351,,official_exchange_rate_tur,1.415e-05,"LCU per USD, period average",World Bank WDI API,1972,PA.NUS.FCRF,Official exchange rate,TUR
1973-01-01,,1352,,official_exchange_rate_tur,1.415e-05,"LCU per USD, period average",World Bank WDI API,1973,PA.NUS.FCRF,Official exchange rate,TUR
1974-01-01,,1353,,official_exchange_rate_tur,1.39270833330833e-05,"LCU per USD, period average",World Bank WDI API,1974,PA.NUS.FCRF,Official exchange rate,TUR
1975-01-01,,1354,,official_exchange_rate_tur,1.44420833326667e-05,"LCU per USD, period average",World Bank WDI API,1975,PA.NUS.FCRF,Official exchange rate,TUR
1976-01-01,,1355,,official_exchange_rate_tur,1.60530833323333e-05,"LCU per USD, period average",World Bank WDI API,1976,PA.NUS.FCRF,Official exchange rate,TUR
1977-01-01,,1356,,official_exchange_rate_tur,1.8002249999e-05,"LCU per USD, period average",World Bank WDI API,1977,PA.NUS.FCRF,Official exchange rate,TUR
1978-01-01,,1357,,official_exchange_rate_tur,2.42821666656667e-05,"LCU per USD, period average",World Bank WDI API,1978,PA.NUS.FCRF,Official exchange rate,TUR
1979-01-01,,1358,,official_exchange_rate_tur,3.1077499999e-05,"LCU per USD, period average",World Bank WDI API,1979,PA.NUS.FCRF,Official exchange rate,TUR
1980-01-01,,1359,,official_exchange_rate_tur,7.60380833328333e-05,"LCU per USD, period average",World Bank WDI API,1980,PA.NUS.FCRF,Official exchange rate,TUR
1981-01-01,,1360,,official_exchange_rate_tur,0.000111218583332667,"LCU per USD, period average",World Bank WDI API,1981,PA.NUS.FCRF,Official exchange rate,TUR
1982-01-01,,1361,,official_exchange_rate_tur,0.000162553416665667,"LCU per USD, period average",World Bank WDI API,1982,PA.NUS.FCRF,Official exchange rate,TUR
1983-01-01,,1362,,official_exchange_rate_tur,0.00022545708333225,"LCU per USD, period average",World Bank WDI API,1983,PA.NUS.FCRF,Official exchange rate,TUR
1984-01-01,,1363,,official_exchange_rate_tur,0.000366677833333167,"LCU per USD, period average",World Bank WDI API,1984,PA.NUS.FCRF,Official exchange rate,TUR
1985-01-01,,1364,,official_exchange_rate_tur,0.000521983083333166,"LCU per USD, period average",World Bank WDI API,1985,PA.NUS.FCRF,Official exchange rate,TUR
1986-01-01,,1365,,official_exchange_rate_tur,0.00067451175000025,"LCU per USD, period average",World Bank WDI API,1986,PA.NUS.FCRF,Official exchange rate,TUR
1987-01-01,,1366,,official_exchange_rate_tur,0.000857214166666667,"LCU per USD, period average",World Bank WDI API,1987,PA.NUS.FCRF,Official exchange rate,TUR
1988-01-01,,1367,,official_exchange_rate_tur,0.00142234583333333,"LCU per USD, period average",World Bank WDI API,1988,PA.NUS.FCRF,Official exchange rate,TUR
1989-01-01,,1368,,official_exchange_rate_tur,0.00212167916666667,"LCU per USD, period average",World Bank WDI API,1989,PA.NUS.FCRF,Official exchange rate,TUR
1990-01-01,,1369,,official_exchange_rate_tur,0.00260864166666667,"LCU per USD, period average",World Bank WDI API,1990,PA.NUS.FCRF,Official exchange rate,TUR
1991-01-01,,1370,,official_exchange_rate_tur,0.00417181583333333,"LCU per USD, period average",World Bank WDI API,1991,PA.NUS.FCRF,Official exchange rate,TUR
1992-01-01,,1371,,official_exchange_rate_tur,0.00687242333333333,"LCU per USD, period average",World Bank WDI API,1992,PA.NUS.FCRF,Official exchange rate,TUR
1993-01-01,,1372,,official_exchange_rate_tur,0.0109846283333333,"LCU per USD, period average",World Bank WDI API,1993,PA.NUS.FCRF,Official exchange rate,TUR
1994-01-01,,1373,,official_exchange_rate_tur,0.0296086758333333,"LCU per USD, period average",World Bank WDI API,1994,PA.NUS.FCRF,Official exchange rate,TUR
1995-01-01,,1374,,official_exchange_rate_tur,0.0458450608333333,"LCU per USD, period average",World Bank WDI API,1995,PA.NUS.FCRF,Official exchange rate,TUR
1996-01-01,,1375,,official_exchange_rate_tur,0.0814048916666666,"LCU per USD, period average",World Bank WDI API,1996,PA.NUS.FCRF,Official exchange rate,TUR
1997-01-01,,1376,,official_exchange_rate_tur,0.151865,"LCU per USD, period average",World Bank WDI API,1997,PA.NUS.FCRF,Official exchange rate,TUR
1998-01-01,,1377,,official_exchange_rate_tur,0.26072425,"LCU per USD, period average",World Bank WDI API,1998,PA.NUS.FCRF,Official exchange rate,TUR
1999-01-01,,1378,,official_exchange_rate_tur,0.418782916666667,"LCU per USD, period average",World Bank WDI API,1999,PA.NUS.FCRF,Official exchange rate,TUR
2000-01-01,,1379,,official_exchange_rate_tur,0.6252185,"LCU per USD, period average",World Bank WDI API,2000,PA.NUS.FCRF,Official exchange rate,TUR
2001-01-01,,1380,,official_exchange_rate_tur,1.22558808333333,"LCU per USD, period average",World Bank WDI API,2001,PA.NUS.FCRF,Official exchange rate,TUR
2002-01-01,,1381,,official_exchange_rate_tur,1.50722641666667,"LCU per USD, period average",World Bank WDI API,2002,PA.NUS.FCRF,Official exchange rate,TUR
2003-01-01,,1382,,official_exchange_rate_tur,1.50088520858333,"LCU per USD, period average",World Bank WDI API,2003,PA.NUS.FCRF,Official exchange rate,TUR
2004-01-01,,1383,,official_exchange_rate_tur,1.42553725,"LCU per USD, period average",World Bank WDI API,2004,PA.NUS.FCRF,Official exchange rate,TUR
2005-01-01,,1384,,official_exchange_rate_tur,1.34358310833333,"LCU per USD, period average",World Bank WDI API,2005,PA.NUS.FCRF,Official exchange rate,TUR
2006-01-01,,1385,,official_exchange_rate_tur,1.42845341333845,"LCU per USD, period average",World Bank WDI API,2006,PA.NUS.FCRF,Official exchange rate,TUR
2007-01-01,,1386,,official_exchange_rate_tur,1.30293090533794,"LCU per USD, period average",World Bank WDI API,2007,PA.NUS.FCRF,Official exchange rate,TUR
2008-01-01,,1387,,official_exchange_rate_tur,1.30152170281795,"LCU per USD, period average",World Bank WDI API,2008,PA.NUS.FCRF,Official exchange rate,TUR
2009-01-01,,1388,,official_exchange_rate_tur,1.54995977566564,"LCU per USD, period average",World Bank WDI API,2009,PA.NUS.FCRF,Official exchange rate,TUR
2010-01-01,,1389,,official_exchange_rate_tur,1.5028486296723,"LCU per USD, period average",World Bank WDI API,2010,PA.NUS.FCRF,Official exchange rate,TUR
2011-01-01,,1390,,official_exchange_rate_tur,1.67495455197133,"LCU per USD, period average",World Bank WDI API,2011,PA.NUS.FCRF,Official exchange rate,TUR
2012-01-01,,1391,,official_exchange_rate_tur,1.79600094441355,"LCU per USD, period average",World Bank WDI API,2012,PA.NUS.FCRF,Official exchange rate,TUR
2013-01-01,,1392,,official_exchange_rate_tur,1.90376824244752,"LCU per USD, period average",World Bank WDI API,2013,PA.NUS.FCRF,Official exchange rate,TUR
2014-01-01,,1393,,official_exchange_rate_tur,2.18854241775473,"LCU per USD, period average",World Bank WDI API,2014,PA.NUS.FCRF,Official exchange rate,TUR
2015-01-01,,1394,,official_exchange_rate_tur,2.72000852790578,"LCU per USD, period average",World Bank WDI API,2015,PA.NUS.FCRF,Official exchange rate,TUR
2016-01-01,,1395,,official_exchange_rate_tur,3.02013474808043,"LCU per USD, period average",World Bank WDI API,2016,PA.NUS.FCRF,Official exchange rate,TUR
2017-01-01,,1396,,official_exchange_rate_tur,3.64813263536867,"LCU per USD, period average",World Bank WDI API,2017,PA.NUS.FCRF,Official exchange rate,TUR
2018-01-01,,1397,,official_exchange_rate_tur,4.82837014720942,"LCU per USD, period average",World Bank WDI API,2018,PA.NUS.FCRF,Official exchange rate,TUR
2019-01-01,,1398,,official_exchange_rate_tur,5.67381930843574,"LCU per USD, period average",World Bank WDI API,2019,PA.NUS.FCRF,Official exchange rate,TUR
2020-01-01,,1399,,official_exchange_rate_tur,7.00860541558522,"LCU per USD, period average",World Bank WDI API,2020,PA.NUS.FCRF,Official exchange rate,TUR
2021-01-01,,1400,,official_exchange_rate_tur,8.85040754928315,"LCU per USD, period average",World Bank WDI API,2021,PA.NUS.FCRF,Official exchange rate,TUR
2022-01-01,,1401,,official_exchange_rate_tur,16.5488604173067,"LCU per USD, period average",World Bank WDI API,2022,PA.NUS.FCRF,Official exchange rate,TUR
2023-01-01,,1402,,official_exchange_rate_tur,23.7385661219918,"LCU per USD, period average",World Bank WDI API,2023,PA.NUS.FCRF,Official exchange rate,TUR
2024-01-01,,1403,,official_exchange_rate_tur,32.8058614432703,"LCU per USD, period average",World Bank WDI API,2024,PA.NUS.FCRF,Official exchange rate,TUR
2025-01-01,,1404,,official_exchange_rate_tur,39.4548130977983,"LCU per USD, period average",World Bank WDI API,2025,PA.NUS.FCRF,Official exchange rate,TUR
1970-01-01,,1349,,oil_rents_pct_gdp_egy,1.35975091695316,percent of GDP,World Bank WDI API,1970,NY.GDP.PETR.RT.ZS,Oil rents,EGY
1971-01-01,,1350,,oil_rents_pct_gdp_egy,1.51778650321548,percent of GDP,World Bank WDI API,1971,NY.GDP.PETR.RT.ZS,Oil rents,EGY
1972-01-01,,1351,,oil_rents_pct_gdp_egy,1.41414965534595,percent of GDP,World Bank WDI API,1972,NY.GDP.PETR.RT.ZS,Oil rents,EGY
1973-01-01,,1352,,oil_rents_pct_gdp_egy,1.39607975350548,percent of GDP,World Bank WDI API,1973,NY.GDP.PETR.RT.ZS,Oil rents,EGY
1974-01-01,,1353,,oil_rents_pct_gdp_egy,5.88631020930284,percent of GDP,World Bank WDI API,1974,NY.GDP.PETR.RT.ZS,Oil rents,EGY
1975-01-01,,1354,,oil_rents_pct_gdp_egy,7.24294064094708,percent of GDP,World Bank WDI API,1975,NY.GDP.PETR.RT.ZS,Oil rents,EGY
1976-01-01,,1355,,oil_rents_pct_gdp_egy,9.70584745111108,percent of GDP,World Bank WDI API,1976,NY.GDP.PETR.RT.ZS,Oil rents,EGY
1977-01-01,,1356,,oil_rents_pct_gdp_egy,12.1647429097968,percent of GDP,World Bank WDI API,1977,NY.GDP.PETR.RT.ZS,Oil rents,EGY
1978-01-01,,1357,,oil_rents_pct_gdp_egy,14.1098795600338,percent of GDP,World Bank WDI API,1978,NY.GDP.PETR.RT.ZS,Oil rents,EGY
1979-01-01,,1358,,oil_rents_pct_gdp_egy,29.2321387639113,percent of GDP,World Bank WDI API,1979,NY.GDP.PETR.RT.ZS,Oil rents,EGY
1980-01-01,,1359,,oil_rents_pct_gdp_egy,31.6900821803862,percent of GDP,World Bank WDI API,1980,NY.GDP.PETR.RT.ZS,Oil rents,EGY
1981-01-01,,1360,,oil_rents_pct_gdp_egy,27.7019088190168,percent of GDP,World Bank WDI API,1981,NY.GDP.PETR.RT.ZS,Oil rents,EGY
1982-01-01,,1361,,oil_rents_pct_gdp_egy,20.3145855308392,percent of GDP,World Bank WDI API,1982,NY.GDP.PETR.RT.ZS,Oil rents,EGY
1983-01-01,,1362,,oil_rents_pct_gdp_egy,19.5698422151813,percent of GDP,World Bank WDI API,1983,NY.GDP.PETR.RT.ZS,Oil rents,EGY
1984-01-01,,1363,,oil_rents_pct_gdp_egy,19.7968763673517,percent of GDP,World Bank WDI API,1984,NY.GDP.PETR.RT.ZS,Oil rents,EGY
1985-01-01,,1364,,oil_rents_pct_gdp_egy,18.1234335527381,percent of GDP,World Bank WDI API,1985,NY.GDP.PETR.RT.ZS,Oil rents,EGY
1986-01-01,,1365,,oil_rents_pct_gdp_egy,7.79500738712299,percent of GDP,World Bank WDI API,1986,NY.GDP.PETR.RT.ZS,Oil rents,EGY
1987-01-01,,1366,,oil_rents_pct_gdp_egy,12.0356801339419,percent of GDP,World Bank WDI API,1987,NY.GDP.PETR.RT.ZS,Oil rents,EGY
1988-01-01,,1367,,oil_rents_pct_gdp_egy,11.0202881461945,percent of GDP,World Bank WDI API,1988,NY.GDP.PETR.RT.ZS,Oil rents,EGY
1989-01-01,,1368,,oil_rents_pct_gdp_egy,13.8923262424621,percent of GDP,World Bank WDI API,1989,NY.GDP.PETR.RT.ZS,Oil rents,EGY
1990-01-01,,1369,,oil_rents_pct_gdp_egy,16.9450404713831,percent of GDP,World Bank WDI API,1990,NY.GDP.PETR.RT.ZS,Oil rents,EGY
1991-01-01,,1370,,oil_rents_pct_gdp_egy,11.7662441097498,percent of GDP,World Bank WDI API,1991,NY.GDP.PETR.RT.ZS,Oil rents,EGY
1992-01-01,,1371,,oil_rents_pct_gdp_egy,11.1221302701088,percent of GDP,World Bank WDI API,1992,NY.GDP.PETR.RT.ZS,Oil rents,EGY
1993-01-01,,1372,,oil_rents_pct_gdp_egy,9.87234453989827,percent of GDP,World Bank WDI API,1993,NY.GDP.PETR.RT.ZS,Oil rents,EGY
1994-01-01,,1373,,oil_rents_pct_gdp_egy,7.89742762113067,percent of GDP,World Bank WDI API,1994,NY.GDP.PETR.RT.ZS,Oil rents,EGY
1995-01-01,,1374,,oil_rents_pct_gdp_egy,7.50906073379094,percent of GDP,World Bank WDI API,1995,NY.GDP.PETR.RT.ZS,Oil rents,EGY
1996-01-01,,1375,,oil_rents_pct_gdp_egy,8.40318332983217,percent of GDP,World Bank WDI API,1996,NY.GDP.PETR.RT.ZS,Oil rents,EGY
1997-01-01,,1376,,oil_rents_pct_gdp_egy,6.09921817559871,percent of GDP,World Bank WDI API,1997,NY.GDP.PETR.RT.ZS,Oil rents,EGY
1998-01-01,,1377,,oil_rents_pct_gdp_egy,3.42870521918816,percent of GDP,World Bank WDI API,1998,NY.GDP.PETR.RT.ZS,Oil rents,EGY
1999-01-01,,1378,,oil_rents_pct_gdp_egy,5.19186775765069,percent of GDP,World Bank WDI API,1999,NY.GDP.PETR.RT.ZS,Oil rents,EGY
2000-01-01,,1379,,oil_rents_pct_gdp_egy,6.47222160611776,percent of GDP,World Bank WDI API,2000,NY.GDP.PETR.RT.ZS,Oil rents,EGY
2001-01-01,,1380,,oil_rents_pct_gdp_egy,5.17066273278314,percent of GDP,World Bank WDI API,2001,NY.GDP.PETR.RT.ZS,Oil rents,EGY
2002-01-01,,1381,,oil_rents_pct_gdp_egy,5.90580704386046,percent of GDP,World Bank WDI API,2002,NY.GDP.PETR.RT.ZS,Oil rents,EGY
2003-01-01,,1382,,oil_rents_pct_gdp_egy,7.50637371077042,percent of GDP,World Bank WDI API,2003,NY.GDP.PETR.RT.ZS,Oil rents,EGY
2004-01-01,,1383,,oil_rents_pct_gdp_egy,9.49448631419397,percent of GDP,World Bank WDI API,2004,NY.GDP.PETR.RT.ZS,Oil rents,EGY
2005-01-01,,1384,,oil_rents_pct_gdp_egy,11.8509312061057,percent of GDP,World Bank WDI API,2005,NY.GDP.PETR.RT.ZS,Oil rents,EGY
2006-01-01,,1385,,oil_rents_pct_gdp_egy,11.7296934107586,percent of GDP,World Bank WDI API,2006,NY.GDP.PETR.RT.ZS,Oil rents,EGY
2007-01-01,,1386,,oil_rents_pct_gdp_egy,10.7818588338143,percent of GDP,World Bank WDI API,2007,NY.GDP.PETR.RT.ZS,Oil rents,EGY
2008-01-01,,1387,,oil_rents_pct_gdp_egy,12.4545677729971,percent of GDP,World Bank WDI API,2008,NY.GDP.PETR.RT.ZS,Oil rents,EGY
2009-01-01,,1388,,oil_rents_pct_gdp_egy,6.24755741424533,percent of GDP,World Bank WDI API,2009,NY.GDP.PETR.RT.ZS,Oil rents,EGY
2010-01-01,,1389,,oil_rents_pct_gdp_egy,7.41778712942652,percent of GDP,World Bank WDI API,2010,NY.GDP.PETR.RT.ZS,Oil rents,EGY
2011-01-01,,1390,,oil_rents_pct_gdp_egy,9.74186285549743,percent of GDP,World Bank WDI API,2011,NY.GDP.PETR.RT.ZS,Oil rents,EGY
2012-01-01,,1391,,oil_rents_pct_gdp_egy,8.38345897037217,percent of GDP,World Bank WDI API,2012,NY.GDP.PETR.RT.ZS,Oil rents,EGY
2013-01-01,,1392,,oil_rents_pct_gdp_egy,7.82863019779494,percent of GDP,World Bank WDI API,2013,NY.GDP.PETR.RT.ZS,Oil rents,EGY
2014-01-01,,1393,,oil_rents_pct_gdp_egy,6.82340013626772,percent of GDP,World Bank WDI API,2014,NY.GDP.PETR.RT.ZS,Oil rents,EGY
2015-01-01,,1394,,oil_rents_pct_gdp_egy,3.05526433674059,percent of GDP,World Bank WDI API,2015,NY.GDP.PETR.RT.ZS,Oil rents,EGY
2016-01-01,,1395,,oil_rents_pct_gdp_egy,2.35006516963224,percent of GDP,World Bank WDI API,2016,NY.GDP.PETR.RT.ZS,Oil rents,EGY
2017-01-01,,1396,,oil_rents_pct_gdp_egy,4.12683269397819,percent of GDP,World Bank WDI API,2017,NY.GDP.PETR.RT.ZS,Oil rents,EGY
2018-01-01,,1397,,oil_rents_pct_gdp_egy,5.47658822874947,percent of GDP,World Bank WDI API,2018,NY.GDP.PETR.RT.ZS,Oil rents,EGY
2019-01-01,,1398,,oil_rents_pct_gdp_egy,3.8819618632175,percent of GDP,World Bank WDI API,2019,NY.GDP.PETR.RT.ZS,Oil rents,EGY
2020-01-01,,1399,,oil_rents_pct_gdp_egy,1.85770095140202,percent of GDP,World Bank WDI API,2020,NY.GDP.PETR.RT.ZS,Oil rents,EGY
2021-01-01,,1400,,oil_rents_pct_gdp_egy,2.98581458250197,percent of GDP,World Bank WDI API,2021,NY.GDP.PETR.RT.ZS,Oil rents,EGY
1970-01-01,,1349,,oil_rents_pct_gdp_irn,11.7339839421763,percent of GDP,World Bank WDI API,1970,NY.GDP.PETR.RT.ZS,Oil rents,IRN
1971-01-01,,1350,,oil_rents_pct_gdp_irn,14.8261594078895,percent of GDP,World Bank WDI API,1971,NY.GDP.PETR.RT.ZS,Oil rents,IRN
1972-01-01,,1351,,oil_rents_pct_gdp_irn,16.7252736694196,percent of GDP,World Bank WDI API,1972,NY.GDP.PETR.RT.ZS,Oil rents,IRN
1973-01-01,,1352,,oil_rents_pct_gdp_irn,18.568940368485,percent of GDP,World Bank WDI API,1973,NY.GDP.PETR.RT.ZS,Oil rents,IRN
1974-01-01,,1353,,oil_rents_pct_gdp_irn,47.360140628302,percent of GDP,World Bank WDI API,1974,NY.GDP.PETR.RT.ZS,Oil rents,IRN
1975-01-01,,1354,,oil_rents_pct_gdp_irn,37.2662498162087,percent of GDP,World Bank WDI API,1975,NY.GDP.PETR.RT.ZS,Oil rents,IRN
1976-01-01,,1355,,oil_rents_pct_gdp_irn,33.2729575358116,percent of GDP,World Bank WDI API,1976,NY.GDP.PETR.RT.ZS,Oil rents,IRN
1977-01-01,,1356,,oil_rents_pct_gdp_irn,29.6619105232745,percent of GDP,World Bank WDI API,1977,NY.GDP.PETR.RT.ZS,Oil rents,IRN
1978-01-01,,1357,,oil_rents_pct_gdp_irn,31.7653421755558,percent of GDP,World Bank WDI API,1978,NY.GDP.PETR.RT.ZS,Oil rents,IRN
1979-01-01,,1358,,oil_rents_pct_gdp_irn,36.2712245910874,percent of GDP,World Bank WDI API,1979,NY.GDP.PETR.RT.ZS,Oil rents,IRN
1980-01-01,,1359,,oil_rents_pct_gdp_irn,34.0602967673368,percent of GDP,World Bank WDI API,1980,NY.GDP.PETR.RT.ZS,Oil rents,IRN
1981-01-01,,1360,,oil_rents_pct_gdp_irn,26.9572602616531,percent of GDP,World Bank WDI API,1981,NY.GDP.PETR.RT.ZS,Oil rents,IRN
1982-01-01,,1361,,oil_rents_pct_gdp_irn,19.7882685941967,percent of GDP,World Bank WDI API,1982,NY.GDP.PETR.RT.ZS,Oil rents,IRN
1983-01-01,,1362,,oil_rents_pct_gdp_irn,15.9331788351053,percent of GDP,World Bank WDI API,1983,NY.GDP.PETR.RT.ZS,Oil rents,IRN
1984-01-01,,1363,,oil_rents_pct_gdp_irn,14.834775869565,percent of GDP,World Bank WDI API,1984,NY.GDP.PETR.RT.ZS,Oil rents,IRN
1985-01-01,,1364,,oil_rents_pct_gdp_irn,13.0111600545153,percent of GDP,World Bank WDI API,1985,NY.GDP.PETR.RT.ZS,Oil rents,IRN
1986-01-01,,1365,,oil_rents_pct_gdp_irn,5.3261828496059,percent of GDP,World Bank WDI API,1986,NY.GDP.PETR.RT.ZS,Oil rents,IRN
1987-01-01,,1366,,oil_rents_pct_gdp_irn,11.7165752598757,percent of GDP,World Bank WDI API,1987,NY.GDP.PETR.RT.ZS,Oil rents,IRN
1988-01-01,,1367,,oil_rents_pct_gdp_irn,11.0534011695511,percent of GDP,World Bank WDI API,1988,NY.GDP.PETR.RT.ZS,Oil rents,IRN
1989-01-01,,1368,,oil_rents_pct_gdp_irn,17.7018963845968,percent of GDP,World Bank WDI API,1989,NY.GDP.PETR.RT.ZS,Oil rents,IRN
1990-01-01,,1369,,oil_rents_pct_gdp_irn,23.2912360336472,percent of GDP,World Bank WDI API,1990,NY.GDP.PETR.RT.ZS,Oil rents,IRN
1993-01-01,,1372,,oil_rents_pct_gdp_irn,29.3853282211644,percent of GDP,World Bank WDI API,1993,NY.GDP.PETR.RT.ZS,Oil rents,IRN
1994-01-01,,1373,,oil_rents_pct_gdp_irn,24.2190216392295,percent of GDP,World Bank WDI API,1994,NY.GDP.PETR.RT.ZS,Oil rents,IRN
1995-01-01,,1374,,oil_rents_pct_gdp_irn,19.3040585759505,percent of GDP,World Bank WDI API,1995,NY.GDP.PETR.RT.ZS,Oil rents,IRN
1996-01-01,,1375,,oil_rents_pct_gdp_irn,19.6685614584308,percent of GDP,World Bank WDI API,1996,NY.GDP.PETR.RT.ZS,Oil rents,IRN
1997-01-01,,1376,,oil_rents_pct_gdp_irn,18.0436980240134,percent of GDP,World Bank WDI API,1997,NY.GDP.PETR.RT.ZS,Oil rents,IRN
1998-01-01,,1377,,oil_rents_pct_gdp_irn,11.6492107603037,percent of GDP,World Bank WDI API,1998,NY.GDP.PETR.RT.ZS,Oil rents,IRN
1999-01-01,,1378,,oil_rents_pct_gdp_irn,16.7896155043784,percent of GDP,World Bank WDI API,1999,NY.GDP.PETR.RT.ZS,Oil rents,IRN
2000-01-01,,1379,,oil_rents_pct_gdp_irn,30.6637746707723,percent of GDP,World Bank WDI API,2000,NY.GDP.PETR.RT.ZS,Oil rents,IRN
2001-01-01,,1380,,oil_rents_pct_gdp_irn,21.4882168458321,percent of GDP,World Bank WDI API,2001,NY.GDP.PETR.RT.ZS,Oil rents,IRN
2002-01-01,,1381,,oil_rents_pct_gdp_irn,20.4437414632993,percent of GDP,World Bank WDI API,2002,NY.GDP.PETR.RT.ZS,Oil rents,IRN
2003-01-01,,1382,,oil_rents_pct_gdp_irn,22.0449174416527,percent of GDP,World Bank WDI API,2003,NY.GDP.PETR.RT.ZS,Oil rents,IRN
2004-01-01,,1383,,oil_rents_pct_gdp_irn,25.1990020398231,percent of GDP,World Bank WDI API,2004,NY.GDP.PETR.RT.ZS,Oil rents,IRN
2005-01-01,,1384,,oil_rents_pct_gdp_irn,31.6076762648214,percent of GDP,World Bank WDI API,2005,NY.GDP.PETR.RT.ZS,Oil rents,IRN
2006-01-01,,1385,,oil_rents_pct_gdp_irn,31.5582038058527,percent of GDP,World Bank WDI API,2006,NY.GDP.PETR.RT.ZS,Oil rents,IRN
2007-01-01,,1386,,oil_rents_pct_gdp_irn,26.1252401169156,percent of GDP,World Bank WDI API,2007,NY.GDP.PETR.RT.ZS,Oil rents,IRN
2008-01-01,,1387,,oil_rents_pct_gdp_irn,30.5659738980313,percent of GDP,World Bank WDI API,2008,NY.GDP.PETR.RT.ZS,Oil rents,IRN
2009-01-01,,1388,,oil_rents_pct_gdp_irn,17.5512587993854,percent of GDP,World Bank WDI API,2009,NY.GDP.PETR.RT.ZS,Oil rents,IRN
2010-01-01,,1389,,oil_rents_pct_gdp_irn,20.2248363529261,percent of GDP,World Bank WDI API,2010,NY.GDP.PETR.RT.ZS,Oil rents,IRN
2011-01-01,,1390,,oil_rents_pct_gdp_irn,22.3514589221281,percent of GDP,World Bank WDI API,2011,NY.GDP.PETR.RT.ZS,Oil rents,IRN
2012-01-01,,1391,,oil_rents_pct_gdp_irn,18.4120723402826,percent of GDP,World Bank WDI API,2012,NY.GDP.PETR.RT.ZS,Oil rents,IRN
2013-01-01,,1392,,oil_rents_pct_gdp_irn,21.2565665523955,percent of GDP,World Bank WDI API,2013,NY.GDP.PETR.RT.ZS,Oil rents,IRN
2014-01-01,,1393,,oil_rents_pct_gdp_irn,21.2353758265799,percent of GDP,World Bank WDI API,2014,NY.GDP.PETR.RT.ZS,Oil rents,IRN
2015-01-01,,1394,,oil_rents_pct_gdp_irn,12.2663527393474,percent of GDP,World Bank WDI API,2015,NY.GDP.PETR.RT.ZS,Oil rents,IRN
2016-01-01,,1395,,oil_rents_pct_gdp_irn,10.8895031509112,percent of GDP,World Bank WDI API,2016,NY.GDP.PETR.RT.ZS,Oil rents,IRN
2017-01-01,,1396,,oil_rents_pct_gdp_irn,14.6204399688795,percent of GDP,World Bank WDI API,2017,NY.GDP.PETR.RT.ZS,Oil rents,IRN
2018-01-01,,1397,,oil_rents_pct_gdp_irn,27.6646471563106,percent of GDP,World Bank WDI API,2018,NY.GDP.PETR.RT.ZS,Oil rents,IRN
2019-01-01,,1398,,oil_rents_pct_gdp_irn,20.0780490508657,percent of GDP,World Bank WDI API,2019,NY.GDP.PETR.RT.ZS,Oil rents,IRN
2020-01-01,,1399,,oil_rents_pct_gdp_irn,13.2733495355914,percent of GDP,World Bank WDI API,2020,NY.GDP.PETR.RT.ZS,Oil rents,IRN
2021-01-01,,1400,,oil_rents_pct_gdp_irn,18.2658980929233,percent of GDP,World Bank WDI API,2021,NY.GDP.PETR.RT.ZS,Oil rents,IRN
1970-01-01,,1349,,oil_rents_pct_gdp_tur,0.0156688439786595,percent of GDP,World Bank WDI API,1970,NY.GDP.PETR.RT.ZS,Oil rents,TUR
1971-01-01,,1350,,oil_rents_pct_gdp_tur,0.0551276822693913,percent of GDP,World Bank WDI API,1971,NY.GDP.PETR.RT.ZS,Oil rents,TUR
1972-01-01,,1351,,oil_rents_pct_gdp_tur,0.0644778111666937,percent of GDP,World Bank WDI API,1972,NY.GDP.PETR.RT.ZS,Oil rents,TUR
1973-01-01,,1352,,oil_rents_pct_gdp_tur,0.0966253001839665,percent of GDP,World Bank WDI API,1973,NY.GDP.PETR.RT.ZS,Oil rents,TUR
1974-01-01,,1353,,oil_rents_pct_gdp_tur,0.401813017550154,percent of GDP,World Bank WDI API,1974,NY.GDP.PETR.RT.ZS,Oil rents,TUR
1975-01-01,,1354,,oil_rents_pct_gdp_tur,0.280814902169639,percent of GDP,World Bank WDI API,1975,NY.GDP.PETR.RT.ZS,Oil rents,TUR
1976-01-01,,1355,,oil_rents_pct_gdp_tur,0.220074807046092,percent of GDP,World Bank WDI API,1976,NY.GDP.PETR.RT.ZS,Oil rents,TUR
1977-01-01,,1356,,oil_rents_pct_gdp_tur,0.21249292669636,percent of GDP,World Bank WDI API,1977,NY.GDP.PETR.RT.ZS,Oil rents,TUR
1978-01-01,,1357,,oil_rents_pct_gdp_tur,0.196069037564345,percent of GDP,World Bank WDI API,1978,NY.GDP.PETR.RT.ZS,Oil rents,TUR
1979-01-01,,1358,,oil_rents_pct_gdp_tur,0.362416289836324,percent of GDP,World Bank WDI API,1979,NY.GDP.PETR.RT.ZS,Oil rents,TUR
1980-01-01,,1359,,oil_rents_pct_gdp_tur,0.488531548581327,percent of GDP,World Bank WDI API,1980,NY.GDP.PETR.RT.ZS,Oil rents,TUR
1981-01-01,,1360,,oil_rents_pct_gdp_tur,0.386417918520162,percent of GDP,World Bank WDI API,1981,NY.GDP.PETR.RT.ZS,Oil rents,TUR
1982-01-01,,1361,,oil_rents_pct_gdp_tur,0.262706910889372,percent of GDP,World Bank WDI API,1982,NY.GDP.PETR.RT.ZS,Oil rents,TUR
1983-01-01,,1362,,oil_rents_pct_gdp_tur,0.337848850557612,percent of GDP,World Bank WDI API,1983,NY.GDP.PETR.RT.ZS,Oil rents,TUR
1984-01-01,,1363,,oil_rents_pct_gdp_tur,0.33716866485434,percent of GDP,World Bank WDI API,1984,NY.GDP.PETR.RT.ZS,Oil rents,TUR
1985-01-01,,1364,,oil_rents_pct_gdp_tur,0.303386611523123,percent of GDP,World Bank WDI API,1985,NY.GDP.PETR.RT.ZS,Oil rents,TUR
1986-01-01,,1365,,oil_rents_pct_gdp_tur,0.123816679878197,percent of GDP,World Bank WDI API,1986,NY.GDP.PETR.RT.ZS,Oil rents,TUR
1987-01-01,,1366,,oil_rents_pct_gdp_tur,0.193029481223882,percent of GDP,World Bank WDI API,1987,NY.GDP.PETR.RT.ZS,Oil rents,TUR
1988-01-01,,1367,,oil_rents_pct_gdp_tur,0.135591248345399,percent of GDP,World Bank WDI API,1988,NY.GDP.PETR.RT.ZS,Oil rents,TUR
1989-01-01,,1368,,oil_rents_pct_gdp_tur,0.206769216248657,percent of GDP,World Bank WDI API,1989,NY.GDP.PETR.RT.ZS,Oil rents,TUR
1990-01-01,,1369,,oil_rents_pct_gdp_tur,0.260691501215256,percent of GDP,World Bank WDI API,1990,NY.GDP.PETR.RT.ZS,Oil rents,TUR
1991-01-01,,1370,,oil_rents_pct_gdp_tur,0.152278875171076,percent of GDP,World Bank WDI API,1991,NY.GDP.PETR.RT.ZS,Oil rents,TUR
1992-01-01,,1371,,oil_rents_pct_gdp_tur,0.149168775062412,percent of GDP,World Bank WDI API,1992,NY.GDP.PETR.RT.ZS,Oil rents,TUR
1993-01-01,,1372,,oil_rents_pct_gdp_tur,0.114718240997917,percent of GDP,World Bank WDI API,1993,NY.GDP.PETR.RT.ZS,Oil rents,TUR
1994-01-01,,1373,,oil_rents_pct_gdp_tur,0.134353609455556,percent of GDP,World Bank WDI API,1994,NY.GDP.PETR.RT.ZS,Oil rents,TUR
1995-01-01,,1374,,oil_rents_pct_gdp_tur,0.110564586772373,percent of GDP,World Bank WDI API,1995,NY.GDP.PETR.RT.ZS,Oil rents,TUR
1996-01-01,,1375,,oil_rents_pct_gdp_tur,0.144998969825136,percent of GDP,World Bank WDI API,1996,NY.GDP.PETR.RT.ZS,Oil rents,TUR
1997-01-01,,1376,,oil_rents_pct_gdp_tur,0.10681949958296,percent of GDP,World Bank WDI API,1997,NY.GDP.PETR.RT.ZS,Oil rents,TUR
1998-01-01,,1377,,oil_rents_pct_gdp_tur,0.0214722137279463,percent of GDP,World Bank WDI API,1998,NY.GDP.PETR.RT.ZS,Oil rents,TUR
1999-01-01,,1378,,oil_rents_pct_gdp_tur,0.0629983205522373,percent of GDP,World Bank WDI API,1999,NY.GDP.PETR.RT.ZS,Oil rents,TUR
2000-01-01,,1379,,oil_rents_pct_gdp_tur,0.119531436272842,percent of GDP,World Bank WDI API,2000,NY.GDP.PETR.RT.ZS,Oil rents,TUR
2001-01-01,,1380,,oil_rents_pct_gdp_tur,0.109672292151506,percent of GDP,World Bank WDI API,2001,NY.GDP.PETR.RT.ZS,Oil rents,TUR
2002-01-01,,1381,,oil_rents_pct_gdp_tur,0.0924058667871047,percent of GDP,World Bank WDI API,2002,NY.GDP.PETR.RT.ZS,Oil rents,TUR
2003-01-01,,1382,,oil_rents_pct_gdp_tur,0.0807835887459959,percent of GDP,World Bank WDI API,2003,NY.GDP.PETR.RT.ZS,Oil rents,TUR
2004-01-01,,1383,,oil_rents_pct_gdp_tur,0.0808804569350874,percent of GDP,World Bank WDI API,2004,NY.GDP.PETR.RT.ZS,Oil rents,TUR
2005-01-01,,1384,,oil_rents_pct_gdp_tur,0.098246344839956,percent of GDP,World Bank WDI API,2005,NY.GDP.PETR.RT.ZS,Oil rents,TUR
2006-01-01,,1385,,oil_rents_pct_gdp_tur,0.0976756856490614,percent of GDP,World Bank WDI API,2006,NY.GDP.PETR.RT.ZS,Oil rents,TUR
2007-01-01,,1386,,oil_rents_pct_gdp_tur,0.0869115725998382,percent of GDP,World Bank WDI API,2007,NY.GDP.PETR.RT.ZS,Oil rents,TUR
2008-01-01,,1387,,oil_rents_pct_gdp_tur,0.122000589848402,percent of GDP,World Bank WDI API,2008,NY.GDP.PETR.RT.ZS,Oil rents,TUR
2009-01-01,,1388,,oil_rents_pct_gdp_tur,0.0864578771745911,percent of GDP,World Bank WDI API,2009,NY.GDP.PETR.RT.ZS,Oil rents,TUR
2010-01-01,,1389,,oil_rents_pct_gdp_tur,0.0855344494299421,percent of GDP,World Bank WDI API,2010,NY.GDP.PETR.RT.ZS,Oil rents,TUR
2011-01-01,,1390,,oil_rents_pct_gdp_tur,0.123984127335917,percent of GDP,World Bank WDI API,2011,NY.GDP.PETR.RT.ZS,Oil rents,TUR
2012-01-01,,1391,,oil_rents_pct_gdp_tur,0.111617756938834,percent of GDP,World Bank WDI API,2012,NY.GDP.PETR.RT.ZS,Oil rents,TUR
2013-01-01,,1392,,oil_rents_pct_gdp_tur,0.0974218835401561,percent of GDP,World Bank WDI API,2013,NY.GDP.PETR.RT.ZS,Oil rents,TUR
2014-01-01,,1393,,oil_rents_pct_gdp_tur,0.0944984501615984,percent of GDP,World Bank WDI API,2014,NY.GDP.PETR.RT.ZS,Oil rents,TUR
2015-01-01,,1394,,oil_rents_pct_gdp_tur,0.0446861002184748,percent of GDP,World Bank WDI API,2015,NY.GDP.PETR.RT.ZS,Oil rents,TUR
2016-01-01,,1395,,oil_rents_pct_gdp_tur,0.0349237617230731,percent of GDP,World Bank WDI API,2016,NY.GDP.PETR.RT.ZS,Oil rents,TUR
2017-01-01,,1396,,oil_rents_pct_gdp_tur,0.0537573237557546,percent of GDP,World Bank WDI API,2017,NY.GDP.PETR.RT.ZS,Oil rents,TUR
2018-01-01,,1397,,oil_rents_pct_gdp_tur,0.108111878645291,percent of GDP,World Bank WDI API,2018,NY.GDP.PETR.RT.ZS,Oil rents,TUR
2019-01-01,,1398,,oil_rents_pct_gdp_tur,0.102518297949539,percent of GDP,World Bank WDI API,2019,NY.GDP.PETR.RT.ZS,Oil rents,TUR
2020-01-01,,1399,,oil_rents_pct_gdp_tur,0.0612400945022421,percent of GDP,World Bank WDI API,2020,NY.GDP.PETR.RT.ZS,Oil rents,TUR
2021-01-01,,1400,,oil_rents_pct_gdp_tur,0.13797082409881,percent of GDP,World Bank WDI API,2021,NY.GDP.PETR.RT.ZS,Oil rents,TUR
1990-01-01,,1369,,participation_rate_egy,46.68,percent of population 15+,World Bank WDI API,1990,SL.TLF.CACT.ZS,Labor force participation rate (modeled ILO estimate),EGY
1991-01-01,,1370,,participation_rate_egy,46.72,percent of population 15+,World Bank WDI API,1991,SL.TLF.CACT.ZS,Labor force participation rate (modeled ILO estimate),EGY
1992-01-01,,1371,,participation_rate_egy,47.19,percent of population 15+,World Bank WDI API,1992,SL.TLF.CACT.ZS,Labor force participation rate (modeled ILO estimate),EGY
1993-01-01,,1372,,participation_rate_egy,47.89,percent of population 15+,World Bank WDI API,1993,SL.TLF.CACT.ZS,Labor force participation rate (modeled ILO estimate),EGY
1994-01-01,,1373,,participation_rate_egy,48.88,percent of population 15+,World Bank WDI API,1994,SL.TLF.CACT.ZS,Labor force participation rate (modeled ILO estimate),EGY
1995-01-01,,1374,,participation_rate_egy,47.92,percent of population 15+,World Bank WDI API,1995,SL.TLF.CACT.ZS,Labor force participation rate (modeled ILO estimate),EGY
1996-01-01,,1375,,participation_rate_egy,47.279,percent of population 15+,World Bank WDI API,1996,SL.TLF.CACT.ZS,Labor force participation rate (modeled ILO estimate),EGY
1997-01-01,,1376,,participation_rate_egy,46.639,percent of population 15+,World Bank WDI API,1997,SL.TLF.CACT.ZS,Labor force participation rate (modeled ILO estimate),EGY
1998-01-01,,1377,,participation_rate_egy,46.0,percent of population 15+,World Bank WDI API,1998,SL.TLF.CACT.ZS,Labor force participation rate (modeled ILO estimate),EGY
1999-01-01,,1378,,participation_rate_egy,47.52,percent of population 15+,World Bank WDI API,1999,SL.TLF.CACT.ZS,Labor force participation rate (modeled ILO estimate),EGY
2000-01-01,,1379,,participation_rate_egy,46.222,percent of population 15+,World Bank WDI API,2000,SL.TLF.CACT.ZS,Labor force participation rate (modeled ILO estimate),EGY
2001-01-01,,1380,,participation_rate_egy,44.93,percent of population 15+,World Bank WDI API,2001,SL.TLF.CACT.ZS,Labor force participation rate (modeled ILO estimate),EGY
2002-01-01,,1381,,participation_rate_egy,43.19,percent of population 15+,World Bank WDI API,2002,SL.TLF.CACT.ZS,Labor force participation rate (modeled ILO estimate),EGY
2003-01-01,,1382,,participation_rate_egy,44.129,percent of population 15+,World Bank WDI API,2003,SL.TLF.CACT.ZS,Labor force participation rate (modeled ILO estimate),EGY
2004-01-01,,1383,,participation_rate_egy,45.073,percent of population 15+,World Bank WDI API,2004,SL.TLF.CACT.ZS,Labor force participation rate (modeled ILO estimate),EGY
2005-01-01,,1384,,participation_rate_egy,46.02,percent of population 15+,World Bank WDI API,2005,SL.TLF.CACT.ZS,Labor force participation rate (modeled ILO estimate),EGY
2006-01-01,,1385,,participation_rate_egy,46.97,percent of population 15+,World Bank WDI API,2006,SL.TLF.CACT.ZS,Labor force participation rate (modeled ILO estimate),EGY
2007-01-01,,1386,,participation_rate_egy,47.93,percent of population 15+,World Bank WDI API,2007,SL.TLF.CACT.ZS,Labor force participation rate (modeled ILO estimate),EGY
2008-01-01,,1387,,participation_rate_egy,47.551,percent of population 15+,World Bank WDI API,2008,SL.TLF.CACT.ZS,Labor force participation rate (modeled ILO estimate),EGY
2009-01-01,,1388,,participation_rate_egy,47.902,percent of population 15+,World Bank WDI API,2009,SL.TLF.CACT.ZS,Labor force participation rate (modeled ILO estimate),EGY
2010-01-01,,1389,,participation_rate_egy,49.368,percent of population 15+,World Bank WDI API,2010,SL.TLF.CACT.ZS,Labor force participation rate (modeled ILO estimate),EGY
2011-01-01,,1390,,participation_rate_egy,48.785,percent of population 15+,World Bank WDI API,2011,SL.TLF.CACT.ZS,Labor force participation rate (modeled ILO estimate),EGY
2012-01-01,,1391,,participation_rate_egy,48.494,percent of population 15+,World Bank WDI API,2012,SL.TLF.CACT.ZS,Labor force participation rate (modeled ILO estimate),EGY
2013-01-01,,1392,,participation_rate_egy,48.436,percent of population 15+,World Bank WDI API,2013,SL.TLF.CACT.ZS,Labor force participation rate (modeled ILO estimate),EGY
2014-01-01,,1393,,participation_rate_egy,48.117,percent of population 15+,World Bank WDI API,2014,SL.TLF.CACT.ZS,Labor force participation rate (modeled ILO estimate),EGY
2015-01-01,,1394,,participation_rate_egy,46.978,percent of population 15+,World Bank WDI API,2015,SL.TLF.CACT.ZS,Labor force participation rate (modeled ILO estimate),EGY
2016-01-01,,1395,,participation_rate_egy,46.63,percent of population 15+,World Bank WDI API,2016,SL.TLF.CACT.ZS,Labor force participation rate (modeled ILO estimate),EGY
2017-01-01,,1396,,participation_rate_egy,44.95,percent of population 15+,World Bank WDI API,2017,SL.TLF.CACT.ZS,Labor force participation rate (modeled ILO estimate),EGY
2018-01-01,,1397,,participation_rate_egy,43.299,percent of population 15+,World Bank WDI API,2018,SL.TLF.CACT.ZS,Labor force participation rate (modeled ILO estimate),EGY
2019-01-01,,1398,,participation_rate_egy,42.199,percent of population 15+,World Bank WDI API,2019,SL.TLF.CACT.ZS,Labor force participation rate (modeled ILO estimate),EGY
2020-01-01,,1399,,participation_rate_egy,41.616,percent of population 15+,World Bank WDI API,2020,SL.TLF.CACT.ZS,Labor force participation rate (modeled ILO estimate),EGY
2021-01-01,,1400,,participation_rate_egy,42.987,percent of population 15+,World Bank WDI API,2021,SL.TLF.CACT.ZS,Labor force participation rate (modeled ILO estimate),EGY
2022-01-01,,1401,,participation_rate_egy,42.837,percent of population 15+,World Bank WDI API,2022,SL.TLF.CACT.ZS,Labor force participation rate (modeled ILO estimate),EGY
2023-01-01,,1402,,participation_rate_egy,44.669,percent of population 15+,World Bank WDI API,2023,SL.TLF.CACT.ZS,Labor force participation rate (modeled ILO estimate),EGY
2024-01-01,,1403,,participation_rate_egy,44.596,percent of population 15+,World Bank WDI API,2024,SL.TLF.CACT.ZS,Labor force participation rate (modeled ILO estimate),EGY
2025-01-01,,1404,,participation_rate_egy,44.568,percent of population 15+,World Bank WDI API,2025,SL.TLF.CACT.ZS,Labor force participation rate (modeled ILO estimate),EGY
1990-01-01,,1369,,participation_rate_irn,47.142,percent of population 15+,World Bank WDI API,1990,SL.TLF.CACT.ZS,Labor force participation rate (modeled ILO estimate),IRN
1991-01-01,,1370,,participation_rate_irn,46.781,percent of population 15+,World Bank WDI API,1991,SL.TLF.CACT.ZS,Labor force participation rate (modeled ILO estimate),IRN
1992-01-01,,1371,,participation_rate_irn,46.307,percent of population 15+,World Bank WDI API,1992,SL.TLF.CACT.ZS,Labor force participation rate (modeled ILO estimate),IRN
1993-01-01,,1372,,participation_rate_irn,45.796,percent of population 15+,World Bank WDI API,1993,SL.TLF.CACT.ZS,Labor force participation rate (modeled ILO estimate),IRN
1994-01-01,,1373,,participation_rate_irn,45.226,percent of population 15+,World Bank WDI API,1994,SL.TLF.CACT.ZS,Labor force participation rate (modeled ILO estimate),IRN
1995-01-01,,1374,,participation_rate_irn,44.599,percent of population 15+,World Bank WDI API,1995,SL.TLF.CACT.ZS,Labor force participation rate (modeled ILO estimate),IRN
1996-01-01,,1375,,participation_rate_irn,43.931,percent of population 15+,World Bank WDI API,1996,SL.TLF.CACT.ZS,Labor force participation rate (modeled ILO estimate),IRN
1997-01-01,,1376,,participation_rate_irn,43.932,percent of population 15+,World Bank WDI API,1997,SL.TLF.CACT.ZS,Labor force participation rate (modeled ILO estimate),IRN
1998-01-01,,1377,,participation_rate_irn,43.95,percent of population 15+,World Bank WDI API,1998,SL.TLF.CACT.ZS,Labor force participation rate (modeled ILO estimate),IRN
1999-01-01,,1378,,participation_rate_irn,44.012,percent of population 15+,World Bank WDI API,1999,SL.TLF.CACT.ZS,Labor force participation rate (modeled ILO estimate),IRN
2000-01-01,,1379,,participation_rate_irn,44.133,percent of population 15+,World Bank WDI API,2000,SL.TLF.CACT.ZS,Labor force participation rate (modeled ILO estimate),IRN
2001-01-01,,1380,,participation_rate_irn,44.327,percent of population 15+,World Bank WDI API,2001,SL.TLF.CACT.ZS,Labor force participation rate (modeled ILO estimate),IRN
2002-01-01,,1381,,participation_rate_irn,44.572,percent of population 15+,World Bank WDI API,2002,SL.TLF.CACT.ZS,Labor force participation rate (modeled ILO estimate),IRN
2003-01-01,,1382,,participation_rate_irn,44.959,percent of population 15+,World Bank WDI API,2003,SL.TLF.CACT.ZS,Labor force participation rate (modeled ILO estimate),IRN
2004-01-01,,1383,,participation_rate_irn,45.506,percent of population 15+,World Bank WDI API,2004,SL.TLF.CACT.ZS,Labor force participation rate (modeled ILO estimate),IRN
2005-01-01,,1384,,participation_rate_irn,46.119,percent of population 15+,World Bank WDI API,2005,SL.TLF.CACT.ZS,Labor force participation rate (modeled ILO estimate),IRN
2006-01-01,,1385,,participation_rate_irn,45.293,percent of population 15+,World Bank WDI API,2006,SL.TLF.CACT.ZS,Labor force participation rate (modeled ILO estimate),IRN
2007-01-01,,1386,,participation_rate_irn,44.434,percent of population 15+,World Bank WDI API,2007,SL.TLF.CACT.ZS,Labor force participation rate (modeled ILO estimate),IRN
2008-01-01,,1387,,participation_rate_irn,42.271,percent of population 15+,World Bank WDI API,2008,SL.TLF.CACT.ZS,Labor force participation rate (modeled ILO estimate),IRN
2009-01-01,,1388,,participation_rate_irn,43.032,percent of population 15+,World Bank WDI API,2009,SL.TLF.CACT.ZS,Labor force participation rate (modeled ILO estimate),IRN
2010-01-01,,1389,,participation_rate_irn,42.296,percent of population 15+,World Bank WDI API,2010,SL.TLF.CACT.ZS,Labor force participation rate (modeled ILO estimate),IRN
2011-01-01,,1390,,participation_rate_irn,40.616,percent of population 15+,World Bank WDI API,2011,SL.TLF.CACT.ZS,Labor force participation rate (modeled ILO estimate),IRN
2012-01-01,,1391,,participation_rate_irn,41.768,percent of population 15+,World Bank WDI API,2012,SL.TLF.CACT.ZS,Labor force participation rate (modeled ILO estimate),IRN
2013-01-01,,1392,,participation_rate_irn,41.15,percent of population 15+,World Bank WDI API,2013,SL.TLF.CACT.ZS,Labor force participation rate (modeled ILO estimate),IRN
2014-01-01,,1393,,participation_rate_irn,40.889,percent of population 15+,World Bank WDI API,2014,SL.TLF.CACT.ZS,Labor force participation rate (modeled ILO estimate),IRN
2015-01-01,,1394,,participation_rate_irn,41.941,percent of population 15+,World Bank WDI API,2015,SL.TLF.CACT.ZS,Labor force participation rate (modeled ILO estimate),IRN
2016-01-01,,1395,,participation_rate_irn,43.165,percent of population 15+,World Bank WDI API,2016,SL.TLF.CACT.ZS,Labor force participation rate (modeled ILO estimate),IRN
2017-01-01,,1396,,participation_rate_irn,44.235,percent of population 15+,World Bank WDI API,2017,SL.TLF.CACT.ZS,Labor force participation rate (modeled ILO estimate),IRN
2018-01-01,,1397,,participation_rate_irn,44.39,percent of population 15+,World Bank WDI API,2018,SL.TLF.CACT.ZS,Labor force participation rate (modeled ILO estimate),IRN
2019-01-01,,1398,,participation_rate_irn,44.027,percent of population 15+,World Bank WDI API,2019,SL.TLF.CACT.ZS,Labor force participation rate (modeled ILO estimate),IRN
2020-01-01,,1399,,participation_rate_irn,41.359,percent of population 15+,World Bank WDI API,2020,SL.TLF.CACT.ZS,Labor force participation rate (modeled ILO estimate),IRN
2021-01-01,,1400,,participation_rate_irn,41.043,percent of population 15+,World Bank WDI API,2021,SL.TLF.CACT.ZS,Labor force participation rate (modeled ILO estimate),IRN
2022-01-01,,1401,,participation_rate_irn,40.562,percent of population 15+,World Bank WDI API,2022,SL.TLF.CACT.ZS,Labor force participation rate (modeled ILO estimate),IRN
2023-01-01,,1402,,participation_rate_irn,41.517,percent of population 15+,World Bank WDI API,2023,SL.TLF.CACT.ZS,Labor force participation rate (modeled ILO estimate),IRN
2024-01-01,,1403,,participation_rate_irn,41.266,percent of population 15+,World Bank WDI API,2024,SL.TLF.CACT.ZS,Labor force participation rate (modeled ILO estimate),IRN
2025-01-01,,1404,,participation_rate_irn,40.965,percent of population 15+,World Bank WDI API,2025,SL.TLF.CACT.ZS,Labor force participation rate (modeled ILO estimate),IRN
1990-01-01,,1369,,participation_rate_tur,56.614,percent of population 15+,World Bank WDI API,1990,SL.TLF.CACT.ZS,Labor force participation rate (modeled ILO estimate),TUR
1991-01-01,,1370,,participation_rate_tur,56.998,percent of population 15+,World Bank WDI API,1991,SL.TLF.CACT.ZS,Labor force participation rate (modeled ILO estimate),TUR
1992-01-01,,1371,,participation_rate_tur,55.99,percent of population 15+,World Bank WDI API,1992,SL.TLF.CACT.ZS,Labor force participation rate (modeled ILO estimate),TUR
1993-01-01,,1372,,participation_rate_tur,52.153,percent of population 15+,World Bank WDI API,1993,SL.TLF.CACT.ZS,Labor force participation rate (modeled ILO estimate),TUR
1994-01-01,,1373,,participation_rate_tur,54.649,percent of population 15+,World Bank WDI API,1994,SL.TLF.CACT.ZS,Labor force participation rate (modeled ILO estimate),TUR
1995-01-01,,1374,,participation_rate_tur,54.125,percent of population 15+,World Bank WDI API,1995,SL.TLF.CACT.ZS,Labor force participation rate (modeled ILO estimate),TUR
1996-01-01,,1375,,participation_rate_tur,53.734,percent of population 15+,World Bank WDI API,1996,SL.TLF.CACT.ZS,Labor force participation rate (modeled ILO estimate),TUR
1997-01-01,,1376,,participation_rate_tur,52.553,percent of population 15+,World Bank WDI API,1997,SL.TLF.CACT.ZS,Labor force participation rate (modeled ILO estimate),TUR
1998-01-01,,1377,,participation_rate_tur,52.796,percent of population 15+,World Bank WDI API,1998,SL.TLF.CACT.ZS,Labor force participation rate (modeled ILO estimate),TUR
1999-01-01,,1378,,participation_rate_tur,52.7,percent of population 15+,World Bank WDI API,1999,SL.TLF.CACT.ZS,Labor force participation rate (modeled ILO estimate),TUR
2000-01-01,,1379,,participation_rate_tur,49.948,percent of population 15+,World Bank WDI API,2000,SL.TLF.CACT.ZS,Labor force participation rate (modeled ILO estimate),TUR
2001-01-01,,1380,,participation_rate_tur,49.822,percent of population 15+,World Bank WDI API,2001,SL.TLF.CACT.ZS,Labor force participation rate (modeled ILO estimate),TUR
2002-01-01,,1381,,participation_rate_tur,49.577,percent of population 15+,World Bank WDI API,2002,SL.TLF.CACT.ZS,Labor force participation rate (modeled ILO estimate),TUR
2003-01-01,,1382,,participation_rate_tur,48.331,percent of population 15+,World Bank WDI API,2003,SL.TLF.CACT.ZS,Labor force participation rate (modeled ILO estimate),TUR
2004-01-01,,1383,,participation_rate_tur,46.306,percent of population 15+,World Bank WDI API,2004,SL.TLF.CACT.ZS,Labor force participation rate (modeled ILO estimate),TUR
2005-01-01,,1384,,participation_rate_tur,46.431,percent of population 15+,World Bank WDI API,2005,SL.TLF.CACT.ZS,Labor force participation rate (modeled ILO estimate),TUR
2006-01-01,,1385,,participation_rate_tur,46.272,percent of population 15+,World Bank WDI API,2006,SL.TLF.CACT.ZS,Labor force participation rate (modeled ILO estimate),TUR
2007-01-01,,1386,,participation_rate_tur,46.23,percent of population 15+,World Bank WDI API,2007,SL.TLF.CACT.ZS,Labor force participation rate (modeled ILO estimate),TUR
2008-01-01,,1387,,participation_rate_tur,46.886,percent of population 15+,World Bank WDI API,2008,SL.TLF.CACT.ZS,Labor force participation rate (modeled ILO estimate),TUR
2009-01-01,,1388,,participation_rate_tur,47.88,percent of population 15+,World Bank WDI API,2009,SL.TLF.CACT.ZS,Labor force participation rate (modeled ILO estimate),TUR
2010-01-01,,1389,,participation_rate_tur,48.804,percent of population 15+,World Bank WDI API,2010,SL.TLF.CACT.ZS,Labor force participation rate (modeled ILO estimate),TUR
2011-01-01,,1390,,participation_rate_tur,49.864,percent of population 15+,World Bank WDI API,2011,SL.TLF.CACT.ZS,Labor force participation rate (modeled ILO estimate),TUR
2012-01-01,,1391,,participation_rate_tur,49.958,percent of population 15+,World Bank WDI API,2012,SL.TLF.CACT.ZS,Labor force participation rate (modeled ILO estimate),TUR
2013-01-01,,1392,,participation_rate_tur,50.84,percent of population 15+,World Bank WDI API,2013,SL.TLF.CACT.ZS,Labor force participation rate (modeled ILO estimate),TUR
2014-01-01,,1393,,participation_rate_tur,50.512,percent of population 15+,World Bank WDI API,2014,SL.TLF.CACT.ZS,Labor force participation rate (modeled ILO estimate),TUR
2015-01-01,,1394,,participation_rate_tur,51.3,percent of population 15+,World Bank WDI API,2015,SL.TLF.CACT.ZS,Labor force participation rate (modeled ILO estimate),TUR
2016-01-01,,1395,,participation_rate_tur,52.0,percent of population 15+,World Bank WDI API,2016,SL.TLF.CACT.ZS,Labor force participation rate (modeled ILO estimate),TUR
2017-01-01,,1396,,participation_rate_tur,52.832,percent of population 15+,World Bank WDI API,2017,SL.TLF.CACT.ZS,Labor force participation rate (modeled ILO estimate),TUR
2018-01-01,,1397,,participation_rate_tur,53.212,percent of population 15+,World Bank WDI API,2018,SL.TLF.CACT.ZS,Labor force participation rate (modeled ILO estimate),TUR
2019-01-01,,1398,,participation_rate_tur,52.951,percent of population 15+,World Bank WDI API,2019,SL.TLF.CACT.ZS,Labor force participation rate (modeled ILO estimate),TUR
2020-01-01,,1399,,participation_rate_tur,49.334,percent of population 15+,World Bank WDI API,2020,SL.TLF.CACT.ZS,Labor force participation rate (modeled ILO estimate),TUR
2021-01-01,,1400,,participation_rate_tur,51.359,percent of population 15+,World Bank WDI API,2021,SL.TLF.CACT.ZS,Labor force participation rate (modeled ILO estimate),TUR
2022-01-01,,1401,,participation_rate_tur,53.055,percent of population 15+,World Bank WDI API,2022,SL.TLF.CACT.ZS,Labor force participation rate (modeled ILO estimate),TUR
2023-01-01,,1402,,participation_rate_tur,53.313,percent of population 15+,World Bank WDI API,2023,SL.TLF.CACT.ZS,Labor force participation rate (modeled ILO estimate),TUR
2024-01-01,,1403,,participation_rate_tur,54.2,percent of population 15+,World Bank WDI API,2024,SL.TLF.CACT.ZS,Labor force participation rate (modeled ILO estimate),TUR
2025-01-01,,1404,,participation_rate_tur,54.379,percent of population 15+,World Bank WDI API,2025,SL.TLF.CACT.ZS,Labor force participation rate (modeled ILO estimate),TUR
1960-01-01,,1339,,population_egy,26896479.0,persons,World Bank WDI API,1960,SP.POP.TOTL,"Population, total",EGY
1961-01-01,,1340,,population_egy,27600898.0,persons,World Bank WDI API,1961,SP.POP.TOTL,"Population, total",EGY
1962-01-01,,1341,,population_egy,28337013.0,persons,World Bank WDI API,1962,SP.POP.TOTL,"Population, total",EGY
1963-01-01,,1342,,population_egy,29091869.0,persons,World Bank WDI API,1963,SP.POP.TOTL,"Population, total",EGY
1964-01-01,,1343,,population_egy,29858922.0,persons,World Bank WDI API,1964,SP.POP.TOTL,"Population, total",EGY
1965-01-01,,1344,,population_egy,30629174.0,persons,World Bank WDI API,1965,SP.POP.TOTL,"Population, total",EGY
1966-01-01,,1345,,population_egy,31406541.0,persons,World Bank WDI API,1966,SP.POP.TOTL,"Population, total",EGY
1967-01-01,,1346,,population_egy,32196360.0,persons,World Bank WDI API,1967,SP.POP.TOTL,"Population, total",EGY
1968-01-01,,1347,,population_egy,32998319.0,persons,World Bank WDI API,1968,SP.POP.TOTL,"Population, total",EGY
1969-01-01,,1348,,population_egy,33811615.0,persons,World Bank WDI API,1969,SP.POP.TOTL,"Population, total",EGY
1970-01-01,,1349,,population_egy,34623990.0,persons,World Bank WDI API,1970,SP.POP.TOTL,"Population, total",EGY
1971-01-01,,1350,,population_egy,35433368.0,persons,World Bank WDI API,1971,SP.POP.TOTL,"Population, total",EGY
1972-01-01,,1351,,population_egy,36258328.0,persons,World Bank WDI API,1972,SP.POP.TOTL,"Population, total",EGY
1973-01-01,,1352,,population_egy,37102043.0,persons,World Bank WDI API,1973,SP.POP.TOTL,"Population, total",EGY
1974-01-01,,1353,,population_egy,37969667.0,persons,World Bank WDI API,1974,SP.POP.TOTL,"Population, total",EGY
1975-01-01,,1354,,population_egy,38875327.0,persons,World Bank WDI API,1975,SP.POP.TOTL,"Population, total",EGY
1976-01-01,,1355,,population_egy,39795557.0,persons,World Bank WDI API,1976,SP.POP.TOTL,"Population, total",EGY
1977-01-01,,1356,,population_egy,40748870.0,persons,World Bank WDI API,1977,SP.POP.TOTL,"Population, total",EGY
1978-01-01,,1357,,population_egy,41761431.0,persons,World Bank WDI API,1978,SP.POP.TOTL,"Population, total",EGY
1979-01-01,,1358,,population_egy,42818628.0,persons,World Bank WDI API,1979,SP.POP.TOTL,"Population, total",EGY
1980-01-01,,1359,,population_egy,43950413.0,persons,World Bank WDI API,1980,SP.POP.TOTL,"Population, total",EGY
1981-01-01,,1360,,population_egy,45147224.0,persons,World Bank WDI API,1981,SP.POP.TOTL,"Population, total",EGY
1982-01-01,,1361,,population_egy,46407611.0,persons,World Bank WDI API,1982,SP.POP.TOTL,"Population, total",EGY
1983-01-01,,1362,,population_egy,47786402.0,persons,World Bank WDI API,1983,SP.POP.TOTL,"Population, total",EGY
1984-01-01,,1363,,population_egy,49247334.0,persons,World Bank WDI API,1984,SP.POP.TOTL,"Population, total",EGY
1985-01-01,,1364,,population_egy,50734968.0,persons,World Bank WDI API,1985,SP.POP.TOTL,"Population, total",EGY
1986-01-01,,1365,,population_egy,52206295.0,persons,World Bank WDI API,1986,SP.POP.TOTL,"Population, total",EGY
1987-01-01,,1366,,population_egy,53674435.0,persons,World Bank WDI API,1987,SP.POP.TOTL,"Population, total",EGY
1988-01-01,,1367,,population_egy,55187681.0,persons,World Bank WDI API,1988,SP.POP.TOTL,"Population, total",EGY
1989-01-01,,1368,,population_egy,56710642.0,persons,World Bank WDI API,1989,SP.POP.TOTL,"Population, total",EGY
1990-01-01,,1369,,population_egy,58396618.0,persons,World Bank WDI API,1990,SP.POP.TOTL,"Population, total",EGY
1991-01-01,,1370,,population_egy,60028997.0,persons,World Bank WDI API,1991,SP.POP.TOTL,"Population, total",EGY
1992-01-01,,1371,,population_egy,61480660.0,persons,World Bank WDI API,1992,SP.POP.TOTL,"Population, total",EGY
1993-01-01,,1372,,population_egy,62915681.0,persons,World Bank WDI API,1993,SP.POP.TOTL,"Population, total",EGY
1994-01-01,,1373,,population_egy,64285589.0,persons,World Bank WDI API,1994,SP.POP.TOTL,"Population, total",EGY
1995-01-01,,1374,,population_egy,65652622.0,persons,World Bank WDI API,1995,SP.POP.TOTL,"Population, total",EGY
1996-01-01,,1375,,population_egy,67028048.0,persons,World Bank WDI API,1996,SP.POP.TOTL,"Population, total",EGY
1997-01-01,,1376,,population_egy,68431740.0,persons,World Bank WDI API,1997,SP.POP.TOTL,"Population, total",EGY
1998-01-01,,1377,,population_egy,69943294.0,persons,World Bank WDI API,1998,SP.POP.TOTL,"Population, total",EGY
1999-01-01,,1378,,population_egy,71520954.0,persons,World Bank WDI API,1999,SP.POP.TOTL,"Population, total",EGY
2000-01-01,,1379,,population_egy,73083284.0,persons,World Bank WDI API,2000,SP.POP.TOTL,"Population, total",EGY
2001-01-01,,1380,,population_egy,74652029.0,persons,World Bank WDI API,2001,SP.POP.TOTL,"Population, total",EGY
2002-01-01,,1381,,population_egy,76239137.0,persons,World Bank WDI API,2002,SP.POP.TOTL,"Population, total",EGY
2003-01-01,,1382,,population_egy,77853548.0,persons,World Bank WDI API,2003,SP.POP.TOTL,"Population, total",EGY
2004-01-01,,1383,,population_egy,79477443.0,persons,World Bank WDI API,2004,SP.POP.TOTL,"Population, total",EGY
2005-01-01,,1384,,population_egy,81101004.0,persons,World Bank WDI API,2005,SP.POP.TOTL,"Population, total",EGY
2006-01-01,,1385,,population_egy,82700403.0,persons,World Bank WDI API,2006,SP.POP.TOTL,"Population, total",EGY
2007-01-01,,1386,,population_egy,84276225.0,persons,World Bank WDI API,2007,SP.POP.TOTL,"Population, total",EGY
2008-01-01,,1387,,population_egy,85864789.0,persons,World Bank WDI API,2008,SP.POP.TOTL,"Population, total",EGY
2009-01-01,,1388,,population_egy,87501636.0,persons,World Bank WDI API,2009,SP.POP.TOTL,"Population, total",EGY
2010-01-01,,1389,,population_egy,89196072.0,persons,World Bank WDI API,2010,SP.POP.TOTL,"Population, total",EGY
2011-01-01,,1390,,population_egy,91093059.0,persons,World Bank WDI API,2011,SP.POP.TOTL,"Population, total",EGY
2012-01-01,,1391,,population_egy,93161001.0,persons,World Bank WDI API,2012,SP.POP.TOTL,"Population, total",EGY
2013-01-01,,1392,,population_egy,95333553.0,persons,World Bank WDI API,2013,SP.POP.TOTL,"Population, total",EGY
2014-01-01,,1393,,population_egy,97528654.0,persons,World Bank WDI API,2014,SP.POP.TOTL,"Population, total",EGY
2015-01-01,,1394,,population_egy,99597342.0,persons,World Bank WDI API,2015,SP.POP.TOTL,"Population, total",EGY
2016-01-01,,1395,,population_egy,101644589.0,persons,World Bank WDI API,2016,SP.POP.TOTL,"Population, total",EGY
2017-01-01,,1396,,population_egy,103696057.0,persons,World Bank WDI API,2017,SP.POP.TOTL,"Population, total",EGY
2018-01-01,,1397,,population_egy,105682094.0,persons,World Bank WDI API,2018,SP.POP.TOTL,"Population, total",EGY
2019-01-01,,1398,,population_egy,107553158.0,persons,World Bank WDI API,2019,SP.POP.TOTL,"Population, total",EGY
2020-01-01,,1399,,population_egy,109315124.0,persons,World Bank WDI API,2020,SP.POP.TOTL,"Population, total",EGY
2021-01-01,,1400,,population_egy,110957008.0,persons,World Bank WDI API,2021,SP.POP.TOTL,"Population, total",EGY
2022-01-01,,1401,,population_egy,112618250.0,persons,World Bank WDI API,2022,SP.POP.TOTL,"Population, total",EGY
2023-01-01,,1402,,population_egy,114535772.0,persons,World Bank WDI API,2023,SP.POP.TOTL,"Population, total",EGY
2024-01-01,,1403,,population_egy,116538258.0,persons,World Bank WDI API,2024,SP.POP.TOTL,"Population, total",EGY
2025-01-01,,1404,,population_egy,118365995.0,persons,World Bank WDI API,2025,SP.POP.TOTL,"Population, total",EGY
1960-01-01,,1339,,population_irn,21470434.0,persons,World Bank WDI API,1960,SP.POP.TOTL,"Population, total",IRN
1961-01-01,,1340,,population_irn,22125726.0,persons,World Bank WDI API,1961,SP.POP.TOTL,"Population, total",IRN
1962-01-01,,1341,,population_irn,22807907.0,persons,World Bank WDI API,1962,SP.POP.TOTL,"Population, total",IRN
1963-01-01,,1342,,population_irn,23519005.0,persons,World Bank WDI API,1963,SP.POP.TOTL,"Population, total",IRN
1964-01-01,,1343,,population_irn,24262859.0,persons,World Bank WDI API,1964,SP.POP.TOTL,"Population, total",IRN
1965-01-01,,1344,,population_irn,25036978.0,persons,World Bank WDI API,1965,SP.POP.TOTL,"Population, total",IRN
1966-01-01,,1345,,population_irn,25829270.0,persons,World Bank WDI API,1966,SP.POP.TOTL,"Population, total",IRN
1967-01-01,,1346,,population_irn,26628432.0,persons,World Bank WDI API,1967,SP.POP.TOTL,"Population, total",IRN
1968-01-01,,1347,,population_irn,27437391.0,persons,World Bank WDI API,1968,SP.POP.TOTL,"Population, total",IRN
1969-01-01,,1348,,population_irn,28273482.0,persons,World Bank WDI API,1969,SP.POP.TOTL,"Population, total",IRN
1970-01-01,,1349,,population_irn,29145100.0,persons,World Bank WDI API,1970,SP.POP.TOTL,"Population, total",IRN
1971-01-01,,1350,,population_irn,30029071.0,persons,World Bank WDI API,1971,SP.POP.TOTL,"Population, total",IRN
1972-01-01,,1351,,population_irn,30921179.0,persons,World Bank WDI API,1972,SP.POP.TOTL,"Population, total",IRN
1973-01-01,,1352,,population_irn,31839838.0,persons,World Bank WDI API,1973,SP.POP.TOTL,"Population, total",IRN
1974-01-01,,1353,,population_irn,32796463.0,persons,World Bank WDI API,1974,SP.POP.TOTL,"Population, total",IRN
1975-01-01,,1354,,population_irn,33802973.0,persons,World Bank WDI API,1975,SP.POP.TOTL,"Population, total",IRN
1976-01-01,,1355,,population_irn,34837271.0,persons,World Bank WDI API,1976,SP.POP.TOTL,"Population, total",IRN
1977-01-01,,1356,,population_irn,35933181.0,persons,World Bank WDI API,1977,SP.POP.TOTL,"Population, total",IRN
1978-01-01,,1357,,population_irn,37126535.0,persons,World Bank WDI API,1978,SP.POP.TOTL,"Population, total",IRN
1979-01-01,,1358,,population_irn,38424952.0,persons,World Bank WDI API,1979,SP.POP.TOTL,"Population, total",IRN
1980-01-01,,1359,,population_irn,39842324.0,persons,World Bank WDI API,1980,SP.POP.TOTL,"Population, total",IRN
1981-01-01,,1360,,population_irn,41989312.0,persons,World Bank WDI API,1981,SP.POP.TOTL,"Population, total",IRN
1982-01-01,,1361,,population_irn,44272141.0,persons,World Bank WDI API,1982,SP.POP.TOTL,"Population, total",IRN
1983-01-01,,1362,,population_irn,46029535.0,persons,World Bank WDI API,1983,SP.POP.TOTL,"Population, total",IRN
1984-01-01,,1363,,population_irn,47793998.0,persons,World Bank WDI API,1984,SP.POP.TOTL,"Population, total",IRN
1985-01-01,,1364,,population_irn,49582289.0,persons,World Bank WDI API,1985,SP.POP.TOTL,"Population, total",IRN
1986-01-01,,1365,,population_irn,51446045.0,persons,World Bank WDI API,1986,SP.POP.TOTL,"Population, total",IRN
1987-01-01,,1366,,population_irn,53323493.0,persons,World Bank WDI API,1987,SP.POP.TOTL,"Population, total",IRN
1988-01-01,,1367,,population_irn,55072694.0,persons,World Bank WDI API,1988,SP.POP.TOTL,"Population, total",IRN
1989-01-01,,1368,,population_irn,56704914.0,persons,World Bank WDI API,1989,SP.POP.TOTL,"Population, total",IRN
1990-01-01,,1369,,population_irn,58380092.0,persons,World Bank WDI API,1990,SP.POP.TOTL,"Population, total",IRN
1991-01-01,,1370,,population_irn,59986931.0,persons,World Bank WDI API,1991,SP.POP.TOTL,"Population, total",IRN
1992-01-01,,1371,,population_irn,61184983.0,persons,World Bank WDI API,1992,SP.POP.TOTL,"Population, total",IRN
1993-01-01,,1372,,population_irn,61403543.0,persons,World Bank WDI API,1993,SP.POP.TOTL,"Population, total",IRN
1994-01-01,,1373,,population_irn,61520598.0,persons,World Bank WDI API,1994,SP.POP.TOTL,"Population, total",IRN
1995-01-01,,1374,,population_irn,62205567.0,persons,World Bank WDI API,1995,SP.POP.TOTL,"Population, total",IRN
1996-01-01,,1375,,population_irn,62881300.0,persons,World Bank WDI API,1996,SP.POP.TOTL,"Population, total",IRN
1997-01-01,,1376,,population_irn,63639638.0,persons,World Bank WDI API,1997,SP.POP.TOTL,"Population, total",IRN
1998-01-01,,1377,,population_irn,64519859.0,persons,World Bank WDI API,1998,SP.POP.TOTL,"Population, total",IRN
1999-01-01,,1378,,population_irn,65445391.0,persons,World Bank WDI API,1999,SP.POP.TOTL,"Population, total",IRN
2000-01-01,,1379,,population_irn,66418659.0,persons,World Bank WDI API,2000,SP.POP.TOTL,"Population, total",IRN
2001-01-01,,1380,,population_irn,67452005.0,persons,World Bank WDI API,2001,SP.POP.TOTL,"Population, total",IRN
2002-01-01,,1381,,population_irn,68011317.0,persons,World Bank WDI API,2002,SP.POP.TOTL,"Population, total",IRN
2003-01-01,,1382,,population_irn,68769340.0,persons,World Bank WDI API,2003,SP.POP.TOTL,"Population, total",IRN
2004-01-01,,1383,,population_irn,70256316.0,persons,World Bank WDI API,2004,SP.POP.TOTL,"Population, total",IRN
2005-01-01,,1384,,population_irn,71828455.0,persons,World Bank WDI API,2005,SP.POP.TOTL,"Population, total",IRN
2006-01-01,,1385,,population_irn,73392747.0,persons,World Bank WDI API,2006,SP.POP.TOTL,"Population, total",IRN
2007-01-01,,1386,,population_irn,74602648.0,persons,World Bank WDI API,2007,SP.POP.TOTL,"Population, total",IRN
2008-01-01,,1387,,population_irn,75514204.0,persons,World Bank WDI API,2008,SP.POP.TOTL,"Population, total",IRN
2009-01-01,,1388,,population_irn,76457825.0,persons,World Bank WDI API,2009,SP.POP.TOTL,"Population, total",IRN
2010-01-01,,1389,,population_irn,77420842.0,persons,World Bank WDI API,2010,SP.POP.TOTL,"Population, total",IRN
2011-01-01,,1390,,population_irn,78383598.0,persons,World Bank WDI API,2011,SP.POP.TOTL,"Population, total",IRN
2012-01-01,,1391,,population_irn,79370580.0,persons,World Bank WDI API,2012,SP.POP.TOTL,"Population, total",IRN
2013-01-01,,1392,,population_irn,80414686.0,persons,World Bank WDI API,2013,SP.POP.TOTL,"Population, total",IRN
2014-01-01,,1393,,population_irn,81502045.0,persons,World Bank WDI API,2014,SP.POP.TOTL,"Population, total",IRN
2015-01-01,,1394,,population_irn,82619362.0,persons,World Bank WDI API,2015,SP.POP.TOTL,"Population, total",IRN
2016-01-01,,1395,,population_irn,83812228.0,persons,World Bank WDI API,2016,SP.POP.TOTL,"Population, total",IRN
2017-01-01,,1396,,population_irn,85026754.0,persons,World Bank WDI API,2017,SP.POP.TOTL,"Population, total",IRN
2018-01-01,,1397,,population_irn,86117998.0,persons,World Bank WDI API,2018,SP.POP.TOTL,"Population, total",IRN
2019-01-01,,1398,,population_irn,87051648.0,persons,World Bank WDI API,2019,SP.POP.TOTL,"Population, total",IRN
2020-01-01,,1399,,population_irn,87723443.0,persons,World Bank WDI API,2020,SP.POP.TOTL,"Population, total",IRN
2021-01-01,,1400,,population_irn,88455488.0,persons,World Bank WDI API,2021,SP.POP.TOTL,"Population, total",IRN
2022-01-01,,1401,,population_irn,89524246.0,persons,World Bank WDI API,2022,SP.POP.TOTL,"Population, total",IRN
2023-01-01,,1402,,population_irn,90608707.0,persons,World Bank WDI API,2023,SP.POP.TOTL,"Population, total",IRN
2024-01-01,,1403,,population_irn,91567738.0,persons,World Bank WDI API,2024,SP.POP.TOTL,"Population, total",IRN
2025-01-01,,1404,,population_irn,92417681.0,persons,World Bank WDI API,2025,SP.POP.TOTL,"Population, total",IRN
1960-01-01,,1339,,population_tur,28329898.0,persons,World Bank WDI API,1960,SP.POP.TOTL,"Population, total",TUR
1961-01-01,,1340,,population_tur,29119238.0,persons,World Bank WDI API,1961,SP.POP.TOTL,"Population, total",TUR
1962-01-01,,1341,,population_tur,29916147.0,persons,World Bank WDI API,1962,SP.POP.TOTL,"Population, total",TUR
1963-01-01,,1342,,population_tur,30726841.0,persons,World Bank WDI API,1963,SP.POP.TOTL,"Population, total",TUR
1964-01-01,,1343,,population_tur,31543072.0,persons,World Bank WDI API,1964,SP.POP.TOTL,"Population, total",TUR
1965-01-01,,1344,,population_tur,32345220.0,persons,World Bank WDI API,1965,SP.POP.TOTL,"Population, total",TUR
1966-01-01,,1345,,population_tur,33177672.0,persons,World Bank WDI API,1966,SP.POP.TOTL,"Population, total",TUR
1967-01-01,,1346,,population_tur,34050421.0,persons,World Bank WDI API,1967,SP.POP.TOTL,"Population, total",TUR
1968-01-01,,1347,,population_tur,34921684.0,persons,World Bank WDI API,1968,SP.POP.TOTL,"Population, total",TUR
1969-01-01,,1348,,population_tur,35787774.0,persons,World Bank WDI API,1969,SP.POP.TOTL,"Population, total",TUR
1970-01-01,,1349,,population_tur,36638465.0,persons,World Bank WDI API,1970,SP.POP.TOTL,"Population, total",TUR
1971-01-01,,1350,,population_tur,37518611.0,persons,World Bank WDI API,1971,SP.POP.TOTL,"Population, total",TUR
1972-01-01,,1351,,population_tur,38430221.0,persons,World Bank WDI API,1972,SP.POP.TOTL,"Population, total",TUR
1973-01-01,,1352,,population_tur,39329533.0,persons,World Bank WDI API,1973,SP.POP.TOTL,"Population, total",TUR
1974-01-01,,1353,,population_tur,40210234.0,persons,World Bank WDI API,1974,SP.POP.TOTL,"Population, total",TUR
1975-01-01,,1354,,population_tur,41053126.0,persons,World Bank WDI API,1975,SP.POP.TOTL,"Population, total",TUR
1976-01-01,,1355,,population_tur,41899984.0,persons,World Bank WDI API,1976,SP.POP.TOTL,"Population, total",TUR
1977-01-01,,1356,,population_tur,42773298.0,persons,World Bank WDI API,1977,SP.POP.TOTL,"Population, total",TUR
1978-01-01,,1357,,population_tur,43645306.0,persons,World Bank WDI API,1978,SP.POP.TOTL,"Population, total",TUR
1979-01-01,,1358,,population_tur,44510429.0,persons,World Bank WDI API,1979,SP.POP.TOTL,"Population, total",TUR
1980-01-01,,1359,,population_tur,45408815.0,persons,World Bank WDI API,1980,SP.POP.TOTL,"Population, total",TUR
1981-01-01,,1360,,population_tur,46321190.0,persons,World Bank WDI API,1981,SP.POP.TOTL,"Population, total",TUR
1982-01-01,,1361,,population_tur,47322096.0,persons,World Bank WDI API,1982,SP.POP.TOTL,"Population, total",TUR
1983-01-01,,1362,,population_tur,48447410.0,persons,World Bank WDI API,1983,SP.POP.TOTL,"Population, total",TUR
1984-01-01,,1363,,population_tur,49574069.0,persons,World Bank WDI API,1984,SP.POP.TOTL,"Population, total",TUR
1985-01-01,,1364,,population_tur,50687115.0,persons,World Bank WDI API,1985,SP.POP.TOTL,"Population, total",TUR
1986-01-01,,1365,,population_tur,51777772.0,persons,World Bank WDI API,1986,SP.POP.TOTL,"Population, total",TUR
1987-01-01,,1366,,population_tur,52843670.0,persons,World Bank WDI API,1987,SP.POP.TOTL,"Population, total",TUR
1988-01-01,,1367,,population_tur,53909626.0,persons,World Bank WDI API,1988,SP.POP.TOTL,"Population, total",TUR
1989-01-01,,1368,,population_tur,54976723.0,persons,World Bank WDI API,1989,SP.POP.TOTL,"Population, total",TUR
1990-01-01,,1369,,population_tur,56015628.0,persons,World Bank WDI API,1990,SP.POP.TOTL,"Population, total",TUR
1991-01-01,,1370,,population_tur,57009887.0,persons,World Bank WDI API,1991,SP.POP.TOTL,"Population, total",TUR
1992-01-01,,1371,,population_tur,57990118.0,persons,World Bank WDI API,1992,SP.POP.TOTL,"Population, total",TUR
1993-01-01,,1372,,population_tur,58999167.0,persons,World Bank WDI API,1993,SP.POP.TOTL,"Population, total",TUR
1994-01-01,,1373,,population_tur,60033836.0,persons,World Bank WDI API,1994,SP.POP.TOTL,"Population, total",TUR
1995-01-01,,1374,,population_tur,61024503.0,persons,World Bank WDI API,1995,SP.POP.TOTL,"Population, total",TUR
1996-01-01,,1375,,population_tur,61951134.0,persons,World Bank WDI API,1996,SP.POP.TOTL,"Population, total",TUR
1997-01-01,,1376,,population_tur,62852966.0,persons,World Bank WDI API,1997,SP.POP.TOTL,"Population, total",TUR
1998-01-01,,1377,,population_tur,63734383.0,persons,World Bank WDI API,1998,SP.POP.TOTL,"Population, total",TUR
1999-01-01,,1378,,population_tur,64591923.0,persons,World Bank WDI API,1999,SP.POP.TOTL,"Population, total",TUR
2000-01-01,,1379,,population_tur,65425961.0,persons,World Bank WDI API,2000,SP.POP.TOTL,"Population, total",TUR
2001-01-01,,1380,,population_tur,66245128.0,persons,World Bank WDI API,2001,SP.POP.TOTL,"Population, total",TUR
2002-01-01,,1381,,population_tur,67048795.0,persons,World Bank WDI API,2002,SP.POP.TOTL,"Population, total",TUR
2003-01-01,,1382,,population_tur,67831730.0,persons,World Bank WDI API,2003,SP.POP.TOTL,"Population, total",TUR
2004-01-01,,1383,,population_tur,68592617.0,persons,World Bank WDI API,2004,SP.POP.TOTL,"Population, total",TUR
2005-01-01,,1384,,population_tur,69329557.0,persons,World Bank WDI API,2005,SP.POP.TOTL,"Population, total",TUR
2006-01-01,,1385,,population_tur,70045349.0,persons,World Bank WDI API,2006,SP.POP.TOTL,"Population, total",TUR
2007-01-01,,1386,,population_tur,70158112.0,persons,World Bank WDI API,2007,SP.POP.TOTL,"Population, total",TUR
2008-01-01,,1387,,population_tur,71051678.0,persons,World Bank WDI API,2008,SP.POP.TOTL,"Population, total",TUR
2009-01-01,,1388,,population_tur,72039206.0,persons,World Bank WDI API,2009,SP.POP.TOTL,"Population, total",TUR
2010-01-01,,1389,,population_tur,73142150.0,persons,World Bank WDI API,2010,SP.POP.TOTL,"Population, total",TUR
2011-01-01,,1390,,population_tur,74223629.0,persons,World Bank WDI API,2011,SP.POP.TOTL,"Population, total",TUR
2012-01-01,,1391,,population_tur,75175827.0,persons,World Bank WDI API,2012,SP.POP.TOTL,"Population, total",TUR
2013-01-01,,1392,,population_tur,76147624.0,persons,World Bank WDI API,2013,SP.POP.TOTL,"Population, total",TUR
2014-01-01,,1393,,population_tur,77181884.0,persons,World Bank WDI API,2014,SP.POP.TOTL,"Population, total",TUR
2015-01-01,,1394,,population_tur,78218479.0,persons,World Bank WDI API,2015,SP.POP.TOTL,"Population, total",TUR
2016-01-01,,1395,,population_tur,79277962.0,persons,World Bank WDI API,2016,SP.POP.TOTL,"Population, total",TUR
2017-01-01,,1396,,population_tur,80312698.0,persons,World Bank WDI API,2017,SP.POP.TOTL,"Population, total",TUR
2018-01-01,,1397,,population_tur,81407204.0,persons,World Bank WDI API,2018,SP.POP.TOTL,"Population, total",TUR
2019-01-01,,1398,,population_tur,82579440.0,persons,World Bank WDI API,2019,SP.POP.TOTL,"Population, total",TUR
2020-01-01,,1399,,population_tur,83384680.0,persons,World Bank WDI API,2020,SP.POP.TOTL,"Population, total",TUR
2021-01-01,,1400,,population_tur,84147318.0,persons,World Bank WDI API,2021,SP.POP.TOTL,"Population, total",TUR
2022-01-01,,1401,,population_tur,84979913.0,persons,World Bank WDI API,2022,SP.POP.TOTL,"Population, total",TUR
2023-01-01,,1402,,population_tur,85325965.0,persons,World Bank WDI API,2023,SP.POP.TOTL,"Population, total",TUR
2024-01-01,,1403,,population_tur,85518661.0,persons,World Bank WDI API,2024,SP.POP.TOTL,"Population, total",TUR
2025-01-01,,1404,,population_tur,85878556.0,persons,World Bank WDI API,2025,SP.POP.TOTL,"Population, total",TUR
1990-01-01,,1369,,ppp_conversion_factor_egy,0.460036472457643,LCU per international USD,World Bank WDI API,1990,PA.NUS.PPP,"PPP conversion factor, GDP",EGY
1991-01-01,,1370,,ppp_conversion_factor_egy,0.516743317149525,LCU per international USD,World Bank WDI API,1991,PA.NUS.PPP,"PPP conversion factor, GDP",EGY
1992-01-01,,1371,,ppp_conversion_factor_egy,0.597943488717907,LCU per international USD,World Bank WDI API,1992,PA.NUS.PPP,"PPP conversion factor, GDP",EGY
1993-01-01,,1372,,ppp_conversion_factor_egy,0.633332732497365,LCU per international USD,World Bank WDI API,1993,PA.NUS.PPP,"PPP conversion factor, GDP",EGY
1994-01-01,,1373,,ppp_conversion_factor_egy,0.672483347815794,LCU per international USD,World Bank WDI API,1994,PA.NUS.PPP,"PPP conversion factor, GDP",EGY
1995-01-01,,1374,,ppp_conversion_factor_egy,0.7337600486674,LCU per international USD,World Bank WDI API,1995,PA.NUS.PPP,"PPP conversion factor, GDP",EGY
1996-01-01,,1375,,ppp_conversion_factor_egy,0.771783729831489,LCU per international USD,World Bank WDI API,1996,PA.NUS.PPP,"PPP conversion factor, GDP",EGY
1997-01-01,,1376,,ppp_conversion_factor_egy,0.833631687497435,LCU per international USD,World Bank WDI API,1997,PA.NUS.PPP,"PPP conversion factor, GDP",EGY
1998-01-01,,1377,,ppp_conversion_factor_egy,0.843967730683599,LCU per international USD,World Bank WDI API,1998,PA.NUS.PPP,"PPP conversion factor, GDP",EGY
1999-01-01,,1378,,ppp_conversion_factor_egy,0.839842868263719,LCU per international USD,World Bank WDI API,1999,PA.NUS.PPP,"PPP conversion factor, GDP",EGY
2000-01-01,,1379,,ppp_conversion_factor_egy,0.853633230356826,LCU per international USD,World Bank WDI API,2000,PA.NUS.PPP,"PPP conversion factor, GDP",EGY
2001-01-01,,1380,,ppp_conversion_factor_egy,0.850427545494167,LCU per international USD,World Bank WDI API,2001,PA.NUS.PPP,"PPP conversion factor, GDP",EGY
2002-01-01,,1381,,ppp_conversion_factor_egy,0.863923181803219,LCU per international USD,World Bank WDI API,2002,PA.NUS.PPP,"PPP conversion factor, GDP",EGY
2003-01-01,,1382,,ppp_conversion_factor_egy,0.904615562126923,LCU per international USD,World Bank WDI API,2003,PA.NUS.PPP,"PPP conversion factor, GDP",EGY
2004-01-01,,1383,,ppp_conversion_factor_egy,0.983730007399745,LCU per international USD,World Bank WDI API,2004,PA.NUS.PPP,"PPP conversion factor, GDP",EGY
2005-01-01,,1384,,ppp_conversion_factor_egy,1.0130817732074,LCU per international USD,World Bank WDI API,2005,PA.NUS.PPP,"PPP conversion factor, GDP",EGY
2006-01-01,,1385,,ppp_conversion_factor_egy,1.05510660113741,LCU per international USD,World Bank WDI API,2006,PA.NUS.PPP,"PPP conversion factor, GDP",EGY
2007-01-01,,1386,,ppp_conversion_factor_egy,1.156667958715,LCU per international USD,World Bank WDI API,2007,PA.NUS.PPP,"PPP conversion factor, GDP",EGY
2008-01-01,,1387,,ppp_conversion_factor_egy,1.27329484145645,LCU per international USD,World Bank WDI API,2008,PA.NUS.PPP,"PPP conversion factor, GDP",EGY
2009-01-01,,1388,,ppp_conversion_factor_egy,1.40704141399742,LCU per international USD,World Bank WDI API,2009,PA.NUS.PPP,"PPP conversion factor, GDP",EGY
2010-01-01,,1389,,ppp_conversion_factor_egy,1.53064743066604,LCU per international USD,World Bank WDI API,2010,PA.NUS.PPP,"PPP conversion factor, GDP",EGY
2011-01-01,,1390,,ppp_conversion_factor_egy,1.67461729049683,LCU per international USD,World Bank WDI API,2011,PA.NUS.PPP,"PPP conversion factor, GDP",EGY
2012-01-01,,1391,,ppp_conversion_factor_egy,1.73812182135184,LCU per international USD,World Bank WDI API,2012,PA.NUS.PPP,"PPP conversion factor, GDP",EGY
2013-01-01,,1392,,ppp_conversion_factor_egy,1.85652273086132,LCU per international USD,World Bank WDI API,2013,PA.NUS.PPP,"PPP conversion factor, GDP",EGY
2014-01-01,,1393,,ppp_conversion_factor_egy,2.12936870268238,LCU per international USD,World Bank WDI API,2014,PA.NUS.PPP,"PPP conversion factor, GDP",EGY
2015-01-01,,1394,,ppp_conversion_factor_egy,2.25048568402486,LCU per international USD,World Bank WDI API,2015,PA.NUS.PPP,"PPP conversion factor, GDP",EGY
2016-01-01,,1395,,ppp_conversion_factor_egy,2.49919886929529,LCU per international USD,World Bank WDI API,2016,PA.NUS.PPP,"PPP conversion factor, GDP",EGY
2017-01-01,,1396,,ppp_conversion_factor_egy,3.16914701461792,LCU per international USD,World Bank WDI API,2017,PA.NUS.PPP,"PPP conversion factor, GDP",EGY
2018-01-01,,1397,,ppp_conversion_factor_egy,3.58117437362671,LCU per international USD,World Bank WDI API,2018,PA.NUS.PPP,"PPP conversion factor, GDP",EGY
2019-01-01,,1398,,ppp_conversion_factor_egy,3.89337968826294,LCU per international USD,World Bank WDI API,2019,PA.NUS.PPP,"PPP conversion factor, GDP",EGY
2020-01-01,,1399,,ppp_conversion_factor_egy,3.69509267807007,LCU per international USD,World Bank WDI API,2020,PA.NUS.PPP,"PPP conversion factor, GDP",EGY
2021-01-01,,1400,,ppp_conversion_factor_egy,3.8546199798584,LCU per international USD,World Bank WDI API,2021,PA.NUS.PPP,"PPP conversion factor, GDP",EGY
2022-01-01,,1401,,ppp_conversion_factor_egy,3.97385404919073,LCU per international USD,World Bank WDI API,2022,PA.NUS.PPP,"PPP conversion factor, GDP",EGY
2023-01-01,,1402,,ppp_conversion_factor_egy,4.78237501847469,LCU per international USD,World Bank WDI API,2023,PA.NUS.PPP,"PPP conversion factor, GDP",EGY
2024-01-01,,1403,,ppp_conversion_factor_egy,6.23876003840203,LCU per international USD,World Bank WDI API,2024,PA.NUS.PPP,"PPP conversion factor, GDP",EGY
2025-01-01,,1404,,ppp_conversion_factor_egy,7.58370974796763,LCU per international USD,World Bank WDI API,2025,PA.NUS.PPP,"PPP conversion factor, GDP",EGY
1990-01-01,,1369,,ppp_conversion_factor_irn,96.6739217701494,LCU per international USD,World Bank WDI API,1990,PA.NUS.PPP,"PPP conversion factor, GDP",IRN
1991-01-01,,1370,,ppp_conversion_factor_irn,117.466494541528,LCU per international USD,World Bank WDI API,1991,PA.NUS.PPP,"PPP conversion factor, GDP",IRN
1992-01-01,,1371,,ppp_conversion_factor_irn,148.547776803131,LCU per international USD,World Bank WDI API,1992,PA.NUS.PPP,"PPP conversion factor, GDP",IRN
1993-01-01,,1372,,ppp_conversion_factor_irn,217.512630092714,LCU per international USD,World Bank WDI API,1993,PA.NUS.PPP,"PPP conversion factor, GDP",IRN
1994-01-01,,1373,,ppp_conversion_factor_irn,285.227721222995,LCU per international USD,World Bank WDI API,1994,PA.NUS.PPP,"PPP conversion factor, GDP",IRN
1995-01-01,,1374,,ppp_conversion_factor_irn,385.35625213578,LCU per international USD,World Bank WDI API,1995,PA.NUS.PPP,"PPP conversion factor, GDP",IRN
1996-01-01,,1375,,ppp_conversion_factor_irn,487.542748835653,LCU per international USD,World Bank WDI API,1996,PA.NUS.PPP,"PPP conversion factor, GDP",IRN
1997-01-01,,1376,,ppp_conversion_factor_irn,553.700531047219,LCU per international USD,World Bank WDI API,1997,PA.NUS.PPP,"PPP conversion factor, GDP",IRN
1998-01-01,,1377,,ppp_conversion_factor_irn,598.915041155609,LCU per international USD,World Bank WDI API,1998,PA.NUS.PPP,"PPP conversion factor, GDP",IRN
1999-01-01,,1378,,ppp_conversion_factor_irn,777.811313643886,LCU per international USD,World Bank WDI API,1999,PA.NUS.PPP,"PPP conversion factor, GDP",IRN
2000-01-01,,1379,,ppp_conversion_factor_irn,950.190258479443,LCU per international USD,World Bank WDI API,2000,PA.NUS.PPP,"PPP conversion factor, GDP",IRN
2001-01-01,,1380,,ppp_conversion_factor_irn,1066.84780260202,LCU per international USD,World Bank WDI API,2001,PA.NUS.PPP,"PPP conversion factor, GDP",IRN
2002-01-01,,1381,,ppp_conversion_factor_irn,1347.60735138273,LCU per international USD,World Bank WDI API,2002,PA.NUS.PPP,"PPP conversion factor, GDP",IRN
2003-01-01,,1382,,ppp_conversion_factor_irn,1495.11607436932,LCU per international USD,World Bank WDI API,2003,PA.NUS.PPP,"PPP conversion factor, GDP",IRN
2004-01-01,,1383,,ppp_conversion_factor_irn,1815.70702561496,LCU per international USD,World Bank WDI API,2004,PA.NUS.PPP,"PPP conversion factor, GDP",IRN
2005-01-01,,1384,,ppp_conversion_factor_irn,2115.53436461834,LCU per international USD,World Bank WDI API,2005,PA.NUS.PPP,"PPP conversion factor, GDP",IRN
2006-01-01,,1385,,ppp_conversion_factor_irn,2351.51718081877,LCU per international USD,World Bank WDI API,2006,PA.NUS.PPP,"PPP conversion factor, GDP",IRN
2007-01-01,,1386,,ppp_conversion_factor_irn,2814.6762934561,LCU per international USD,World Bank WDI API,2007,PA.NUS.PPP,"PPP conversion factor, GDP",IRN
2008-01-01,,1387,,ppp_conversion_factor_irn,3297.8030925461,LCU per international USD,World Bank WDI API,2008,PA.NUS.PPP,"PPP conversion factor, GDP",IRN
2009-01-01,,1388,,ppp_conversion_factor_irn,3428.30798308108,LCU per international USD,World Bank WDI API,2009,PA.NUS.PPP,"PPP conversion factor, GDP",IRN
2010-01-01,,1389,,ppp_conversion_factor_irn,3925.1119545006,LCU per international USD,World Bank WDI API,2010,PA.NUS.PPP,"PPP conversion factor, GDP",IRN
2011-01-01,,1390,,ppp_conversion_factor_irn,4758.86962890625,LCU per international USD,World Bank WDI API,2011,PA.NUS.PPP,"PPP conversion factor, GDP",IRN
2012-01-01,,1391,,ppp_conversion_factor_irn,6093.5625,LCU per international USD,World Bank WDI API,2012,PA.NUS.PPP,"PPP conversion factor, GDP",IRN
2013-01-01,,1392,,ppp_conversion_factor_irn,8503.8466796875,LCU per international USD,World Bank WDI API,2013,PA.NUS.PPP,"PPP conversion factor, GDP",IRN
2014-01-01,,1393,,ppp_conversion_factor_irn,9758.5537109375,LCU per international USD,World Bank WDI API,2014,PA.NUS.PPP,"PPP conversion factor, GDP",IRN
2015-01-01,,1394,,ppp_conversion_factor_irn,10701.5615234375,LCU per international USD,World Bank WDI API,2015,PA.NUS.PPP,"PPP conversion factor, GDP",IRN
2016-01-01,,1395,,ppp_conversion_factor_irn,11796.810546875,LCU per international USD,World Bank WDI API,2016,PA.NUS.PPP,"PPP conversion factor, GDP",IRN
2017-01-01,,1396,,ppp_conversion_factor_irn,13061.294921875,LCU per international USD,World Bank WDI API,2017,PA.NUS.PPP,"PPP conversion factor, GDP",IRN
2018-01-01,,1397,,ppp_conversion_factor_irn,16923.19921875,LCU per international USD,World Bank WDI API,2018,PA.NUS.PPP,"PPP conversion factor, GDP",IRN
2019-01-01,,1398,,ppp_conversion_factor_irn,23549.041015625,LCU per international USD,World Bank WDI API,2019,PA.NUS.PPP,"PPP conversion factor, GDP",IRN
2020-01-01,,1399,,ppp_conversion_factor_irn,32954.5859375,LCU per international USD,World Bank WDI API,2020,PA.NUS.PPP,"PPP conversion factor, GDP",IRN
2021-01-01,,1400,,ppp_conversion_factor_irn,50488.171875,LCU per international USD,World Bank WDI API,2021,PA.NUS.PPP,"PPP conversion factor, GDP",IRN
2022-01-01,,1401,,ppp_conversion_factor_irn,71211.4312451727,LCU per international USD,World Bank WDI API,2022,PA.NUS.PPP,"PPP conversion factor, GDP",IRN
2023-01-01,,1402,,ppp_conversion_factor_irn,94280.2670719049,LCU per international USD,World Bank WDI API,2023,PA.NUS.PPP,"PPP conversion factor, GDP",IRN
2024-01-01,,1403,,ppp_conversion_factor_irn,118096.561683588,LCU per international USD,World Bank WDI API,2024,PA.NUS.PPP,"PPP conversion factor, GDP",IRN
2025-01-01,,1404,,ppp_conversion_factor_irn,147937.809998602,LCU per international USD,World Bank WDI API,2025,PA.NUS.PPP,"PPP conversion factor, GDP",IRN
1990-01-01,,1369,,ppp_conversion_factor_tur,0.001186,LCU per international USD,World Bank WDI API,1990,PA.NUS.PPP,"PPP conversion factor, GDP",TUR
1991-01-01,,1370,,ppp_conversion_factor_tur,0.001822,LCU per international USD,World Bank WDI API,1991,PA.NUS.PPP,"PPP conversion factor, GDP",TUR
1992-01-01,,1371,,ppp_conversion_factor_tur,0.002916,LCU per international USD,World Bank WDI API,1992,PA.NUS.PPP,"PPP conversion factor, GDP",TUR
1993-01-01,,1372,,ppp_conversion_factor_tur,0.004779,LCU per international USD,World Bank WDI API,1993,PA.NUS.PPP,"PPP conversion factor, GDP",TUR
1994-01-01,,1373,,ppp_conversion_factor_tur,0.009659,LCU per international USD,World Bank WDI API,1994,PA.NUS.PPP,"PPP conversion factor, GDP",TUR
1995-01-01,,1374,,ppp_conversion_factor_tur,0.017711,LCU per international USD,World Bank WDI API,1995,PA.NUS.PPP,"PPP conversion factor, GDP",TUR
1996-01-01,,1375,,ppp_conversion_factor_tur,0.030976,LCU per international USD,World Bank WDI API,1996,PA.NUS.PPP,"PPP conversion factor, GDP",TUR
1997-01-01,,1376,,ppp_conversion_factor_tur,0.055376,LCU per international USD,World Bank WDI API,1997,PA.NUS.PPP,"PPP conversion factor, GDP",TUR
1998-01-01,,1377,,ppp_conversion_factor_tur,0.128873,LCU per international USD,World Bank WDI API,1998,PA.NUS.PPP,"PPP conversion factor, GDP",TUR
1999-01-01,,1378,,ppp_conversion_factor_tur,0.196465,LCU per international USD,World Bank WDI API,1999,PA.NUS.PPP,"PPP conversion factor, GDP",TUR
2000-01-01,,1379,,ppp_conversion_factor_tur,0.281594,LCU per international USD,World Bank WDI API,2000,PA.NUS.PPP,"PPP conversion factor, GDP",TUR
2001-01-01,,1380,,ppp_conversion_factor_tur,0.414949,LCU per international USD,World Bank WDI API,2001,PA.NUS.PPP,"PPP conversion factor, GDP",TUR
2002-01-01,,1381,,ppp_conversion_factor_tur,0.591251,LCU per international USD,World Bank WDI API,2002,PA.NUS.PPP,"PPP conversion factor, GDP",TUR
2003-01-01,,1382,,ppp_conversion_factor_tur,0.736506,LCU per international USD,World Bank WDI API,2003,PA.NUS.PPP,"PPP conversion factor, GDP",TUR
2004-01-01,,1383,,ppp_conversion_factor_tur,0.79215,LCU per international USD,World Bank WDI API,2004,PA.NUS.PPP,"PPP conversion factor, GDP",TUR
2005-01-01,,1384,,ppp_conversion_factor_tur,0.834589,LCU per international USD,World Bank WDI API,2005,PA.NUS.PPP,"PPP conversion factor, GDP",TUR
2006-01-01,,1385,,ppp_conversion_factor_tur,0.841811,LCU per international USD,World Bank WDI API,2006,PA.NUS.PPP,"PPP conversion factor, GDP",TUR
2007-01-01,,1386,,ppp_conversion_factor_tur,0.851116,LCU per international USD,World Bank WDI API,2007,PA.NUS.PPP,"PPP conversion factor, GDP",TUR
2008-01-01,,1387,,ppp_conversion_factor_tur,0.87996,LCU per international USD,World Bank WDI API,2008,PA.NUS.PPP,"PPP conversion factor, GDP",TUR
2009-01-01,,1388,,ppp_conversion_factor_tur,0.904655,LCU per international USD,World Bank WDI API,2009,PA.NUS.PPP,"PPP conversion factor, GDP",TUR
2010-01-01,,1389,,ppp_conversion_factor_tur,0.920469,LCU per international USD,World Bank WDI API,2010,PA.NUS.PPP,"PPP conversion factor, GDP",TUR
2011-01-01,,1390,,ppp_conversion_factor_tur,0.966176,LCU per international USD,World Bank WDI API,2011,PA.NUS.PPP,"PPP conversion factor, GDP",TUR
2012-01-01,,1391,,ppp_conversion_factor_tur,1.019856,LCU per international USD,World Bank WDI API,2012,PA.NUS.PPP,"PPP conversion factor, GDP",TUR
2013-01-01,,1392,,ppp_conversion_factor_tur,1.070294,LCU per international USD,World Bank WDI API,2013,PA.NUS.PPP,"PPP conversion factor, GDP",TUR
2014-01-01,,1393,,ppp_conversion_factor_tur,1.104504,LCU per international USD,World Bank WDI API,2014,PA.NUS.PPP,"PPP conversion factor, GDP",TUR
2015-01-01,,1394,,ppp_conversion_factor_tur,1.162141,LCU per international USD,World Bank WDI API,2015,PA.NUS.PPP,"PPP conversion factor, GDP",TUR
2016-01-01,,1395,,ppp_conversion_factor_tur,1.241052,LCU per international USD,World Bank WDI API,2016,PA.NUS.PPP,"PPP conversion factor, GDP",TUR
2017-01-01,,1396,,ppp_conversion_factor_tur,1.38398,LCU per international USD,World Bank WDI API,2017,PA.NUS.PPP,"PPP conversion factor, GDP",TUR
2018-01-01,,1397,,ppp_conversion_factor_tur,1.63261,LCU per international USD,World Bank WDI API,2018,PA.NUS.PPP,"PPP conversion factor, GDP",TUR
2019-01-01,,1398,,ppp_conversion_factor_tur,1.837125,LCU per international USD,World Bank WDI API,2019,PA.NUS.PPP,"PPP conversion factor, GDP",TUR
2020-01-01,,1399,,ppp_conversion_factor_tur,2.111056,LCU per international USD,World Bank WDI API,2020,PA.NUS.PPP,"PPP conversion factor, GDP",TUR
2021-01-01,,1400,,ppp_conversion_factor_tur,2.751633,LCU per international USD,World Bank WDI API,2021,PA.NUS.PPP,"PPP conversion factor, GDP",TUR
2022-01-01,,1401,,ppp_conversion_factor_tur,4.517801,LCU per international USD,World Bank WDI API,2022,PA.NUS.PPP,"PPP conversion factor, GDP",TUR
2023-01-01,,1402,,ppp_conversion_factor_tur,7.350289,LCU per international USD,World Bank WDI API,2023,PA.NUS.PPP,"PPP conversion factor, GDP",TUR
2024-01-01,,1403,,ppp_conversion_factor_tur,11.554529,LCU per international USD,World Bank WDI API,2024,PA.NUS.PPP,"PPP conversion factor, GDP",TUR
2025-01-01,,1404,,ppp_conversion_factor_tur,16.203626,LCU per international USD,World Bank WDI API,2025,PA.NUS.PPP,"PPP conversion factor, GDP",TUR
1990-01-01,,1369,,renewables_share_pct_egy,9.0,percent of total final energy,World Bank WDI API,1990,EG.FEC.RNEW.ZS,Renewable energy consumption,EGY
1991-01-01,,1370,,renewables_share_pct_egy,9.3,percent of total final energy,World Bank WDI API,1991,EG.FEC.RNEW.ZS,Renewable energy consumption,EGY
1992-01-01,,1371,,renewables_share_pct_egy,9.1,percent of total final energy,World Bank WDI API,1992,EG.FEC.RNEW.ZS,Renewable energy consumption,EGY
1993-01-01,,1372,,renewables_share_pct_egy,9.2,percent of total final energy,World Bank WDI API,1993,EG.FEC.RNEW.ZS,Renewable energy consumption,EGY
1994-01-01,,1373,,renewables_share_pct_egy,10.0,percent of total final energy,World Bank WDI API,1994,EG.FEC.RNEW.ZS,Renewable energy consumption,EGY
1995-01-01,,1374,,renewables_share_pct_egy,9.4,percent of total final energy,World Bank WDI API,1995,EG.FEC.RNEW.ZS,Renewable energy consumption,EGY
1996-01-01,,1375,,renewables_share_pct_egy,9.0,percent of total final energy,World Bank WDI API,1996,EG.FEC.RNEW.ZS,Renewable energy consumption,EGY
1997-01-01,,1376,,renewables_share_pct_egy,8.6,percent of total final energy,World Bank WDI API,1997,EG.FEC.RNEW.ZS,Renewable energy consumption,EGY
1998-01-01,,1377,,renewables_share_pct_egy,8.5,percent of total final energy,World Bank WDI API,1998,EG.FEC.RNEW.ZS,Renewable energy consumption,EGY
1999-01-01,,1378,,renewables_share_pct_egy,8.8,percent of total final energy,World Bank WDI API,1999,EG.FEC.RNEW.ZS,Renewable energy consumption,EGY
2000-01-01,,1379,,renewables_share_pct_egy,8.3,percent of total final energy,World Bank WDI API,2000,EG.FEC.RNEW.ZS,Renewable energy consumption,EGY
2001-01-01,,1380,,renewables_share_pct_egy,7.8,percent of total final energy,World Bank WDI API,2001,EG.FEC.RNEW.ZS,Renewable energy consumption,EGY
2002-01-01,,1381,,renewables_share_pct_egy,7.3,percent of total final energy,World Bank WDI API,2002,EG.FEC.RNEW.ZS,Renewable energy consumption,EGY
2003-01-01,,1382,,renewables_share_pct_egy,7.4,percent of total final energy,World Bank WDI API,2003,EG.FEC.RNEW.ZS,Renewable energy consumption,EGY
2004-01-01,,1383,,renewables_share_pct_egy,7.6,percent of total final energy,World Bank WDI API,2004,EG.FEC.RNEW.ZS,Renewable energy consumption,EGY
2005-01-01,,1384,,renewables_share_pct_egy,6.5,percent of total final energy,World Bank WDI API,2005,EG.FEC.RNEW.ZS,Renewable energy consumption,EGY
2006-01-01,,1385,,renewables_share_pct_egy,6.2,percent of total final energy,World Bank WDI API,2006,EG.FEC.RNEW.ZS,Renewable energy consumption,EGY
2007-01-01,,1386,,renewables_share_pct_egy,6.0,percent of total final energy,World Bank WDI API,2007,EG.FEC.RNEW.ZS,Renewable energy consumption,EGY
2008-01-01,,1387,,renewables_share_pct_egy,5.9,percent of total final energy,World Bank WDI API,2008,EG.FEC.RNEW.ZS,Renewable energy consumption,EGY
2009-01-01,,1388,,renewables_share_pct_egy,5.7,percent of total final energy,World Bank WDI API,2009,EG.FEC.RNEW.ZS,Renewable energy consumption,EGY
2010-01-01,,1389,,renewables_share_pct_egy,5.4,percent of total final energy,World Bank WDI API,2010,EG.FEC.RNEW.ZS,Renewable energy consumption,EGY
2011-01-01,,1390,,renewables_share_pct_egy,5.4,percent of total final energy,World Bank WDI API,2011,EG.FEC.RNEW.ZS,Renewable energy consumption,EGY
2012-01-01,,1391,,renewables_share_pct_egy,5.3,percent of total final energy,World Bank WDI API,2012,EG.FEC.RNEW.ZS,Renewable energy consumption,EGY
2013-01-01,,1392,,renewables_share_pct_egy,5.3,percent of total final energy,World Bank WDI API,2013,EG.FEC.RNEW.ZS,Renewable energy consumption,EGY
2014-01-01,,1393,,renewables_share_pct_egy,5.4,percent of total final energy,World Bank WDI API,2014,EG.FEC.RNEW.ZS,Renewable energy consumption,EGY
2015-01-01,,1394,,renewables_share_pct_egy,5.3,percent of total final energy,World Bank WDI API,2015,EG.FEC.RNEW.ZS,Renewable energy consumption,EGY
2016-01-01,,1395,,renewables_share_pct_egy,5.1,percent of total final energy,World Bank WDI API,2016,EG.FEC.RNEW.ZS,Renewable energy consumption,EGY
2017-01-01,,1396,,renewables_share_pct_egy,4.9,percent of total final energy,World Bank WDI API,2017,EG.FEC.RNEW.ZS,Renewable energy consumption,EGY
2018-01-01,,1397,,renewables_share_pct_egy,5.0,percent of total final energy,World Bank WDI API,2018,EG.FEC.RNEW.ZS,Renewable energy consumption,EGY
2019-01-01,,1398,,renewables_share_pct_egy,6.2,percent of total final energy,World Bank WDI API,2019,EG.FEC.RNEW.ZS,Renewable energy consumption,EGY
2020-01-01,,1399,,renewables_share_pct_egy,6.7,percent of total final energy,World Bank WDI API,2020,EG.FEC.RNEW.ZS,Renewable energy consumption,EGY
2021-01-01,,1400,,renewables_share_pct_egy,6.1,percent of total final energy,World Bank WDI API,2021,EG.FEC.RNEW.ZS,Renewable energy consumption,EGY
1990-01-01,,1369,,renewables_share_pct_irn,1.2,percent of total final energy,World Bank WDI API,1990,EG.FEC.RNEW.ZS,Renewable energy consumption,IRN
1991-01-01,,1370,,renewables_share_pct_irn,1.2,percent of total final energy,World Bank WDI API,1991,EG.FEC.RNEW.ZS,Renewable energy consumption,IRN
1992-01-01,,1371,,renewables_share_pct_irn,1.4,percent of total final energy,World Bank WDI API,1992,EG.FEC.RNEW.ZS,Renewable energy consumption,IRN
1993-01-01,,1372,,renewables_share_pct_irn,1.5,percent of total final energy,World Bank WDI API,1993,EG.FEC.RNEW.ZS,Renewable energy consumption,IRN
1994-01-01,,1373,,renewables_share_pct_irn,1.1,percent of total final energy,World Bank WDI API,1994,EG.FEC.RNEW.ZS,Renewable energy consumption,IRN
1995-01-01,,1374,,renewables_share_pct_irn,1.0,percent of total final energy,World Bank WDI API,1995,EG.FEC.RNEW.ZS,Renewable energy consumption,IRN
1996-01-01,,1375,,renewables_share_pct_irn,1.0,percent of total final energy,World Bank WDI API,1996,EG.FEC.RNEW.ZS,Renewable energy consumption,IRN
1997-01-01,,1376,,renewables_share_pct_irn,0.9,percent of total final energy,World Bank WDI API,1997,EG.FEC.RNEW.ZS,Renewable energy consumption,IRN
1998-01-01,,1377,,renewables_share_pct_irn,0.8,percent of total final energy,World Bank WDI API,1998,EG.FEC.RNEW.ZS,Renewable energy consumption,IRN
1999-01-01,,1378,,renewables_share_pct_irn,0.6,percent of total final energy,World Bank WDI API,1999,EG.FEC.RNEW.ZS,Renewable energy consumption,IRN
2000-01-01,,1379,,renewables_share_pct_irn,0.4,percent of total final energy,World Bank WDI API,2000,EG.FEC.RNEW.ZS,Renewable energy consumption,IRN
2001-01-01,,1380,,renewables_share_pct_irn,0.5,percent of total final energy,World Bank WDI API,2001,EG.FEC.RNEW.ZS,Renewable energy consumption,IRN
2002-01-01,,1381,,renewables_share_pct_irn,0.7,percent of total final energy,World Bank WDI API,2002,EG.FEC.RNEW.ZS,Renewable energy consumption,IRN
2003-01-01,,1382,,renewables_share_pct_irn,0.8,percent of total final energy,World Bank WDI API,2003,EG.FEC.RNEW.ZS,Renewable energy consumption,IRN
2004-01-01,,1383,,renewables_share_pct_irn,0.7,percent of total final energy,World Bank WDI API,2004,EG.FEC.RNEW.ZS,Renewable energy consumption,IRN
2005-01-01,,1384,,renewables_share_pct_irn,1.4,percent of total final energy,World Bank WDI API,2005,EG.FEC.RNEW.ZS,Renewable energy consumption,IRN
2006-01-01,,1385,,renewables_share_pct_irn,1.4,percent of total final energy,World Bank WDI API,2006,EG.FEC.RNEW.ZS,Renewable energy consumption,IRN
2007-01-01,,1386,,renewables_share_pct_irn,1.3,percent of total final energy,World Bank WDI API,2007,EG.FEC.RNEW.ZS,Renewable energy consumption,IRN
2008-01-01,,1387,,renewables_share_pct_irn,0.7,percent of total final energy,World Bank WDI API,2008,EG.FEC.RNEW.ZS,Renewable energy consumption,IRN
2009-01-01,,1388,,renewables_share_pct_irn,0.8,percent of total final energy,World Bank WDI API,2009,EG.FEC.RNEW.ZS,Renewable energy consumption,IRN
2010-01-01,,1389,,renewables_share_pct_irn,0.9,percent of total final energy,World Bank WDI API,2010,EG.FEC.RNEW.ZS,Renewable energy consumption,IRN
2011-01-01,,1390,,renewables_share_pct_irn,0.9,percent of total final energy,World Bank WDI API,2011,EG.FEC.RNEW.ZS,Renewable energy consumption,IRN
2012-01-01,,1391,,renewables_share_pct_irn,0.9,percent of total final energy,World Bank WDI API,2012,EG.FEC.RNEW.ZS,Renewable energy consumption,IRN
2013-01-01,,1392,,renewables_share_pct_irn,1.0,percent of total final energy,World Bank WDI API,2013,EG.FEC.RNEW.ZS,Renewable energy consumption,IRN
2014-01-01,,1393,,renewables_share_pct_irn,0.9,percent of total final energy,World Bank WDI API,2014,EG.FEC.RNEW.ZS,Renewable energy consumption,IRN
2015-01-01,,1394,,renewables_share_pct_irn,0.9,percent of total final energy,World Bank WDI API,2015,EG.FEC.RNEW.ZS,Renewable energy consumption,IRN
2016-01-01,,1395,,renewables_share_pct_irn,1.0,percent of total final energy,World Bank WDI API,2016,EG.FEC.RNEW.ZS,Renewable energy consumption,IRN
2017-01-01,,1396,,renewables_share_pct_irn,1.0,percent of total final energy,World Bank WDI API,2017,EG.FEC.RNEW.ZS,Renewable energy consumption,IRN
2018-01-01,,1397,,renewables_share_pct_irn,1.0,percent of total final energy,World Bank WDI API,2018,EG.FEC.RNEW.ZS,Renewable energy consumption,IRN
2019-01-01,,1398,,renewables_share_pct_irn,1.0,percent of total final energy,World Bank WDI API,2019,EG.FEC.RNEW.ZS,Renewable energy consumption,IRN
2020-01-01,,1399,,renewables_share_pct_irn,0.9,percent of total final energy,World Bank WDI API,2020,EG.FEC.RNEW.ZS,Renewable energy consumption,IRN
2021-01-01,,1400,,renewables_share_pct_irn,0.9,percent of total final energy,World Bank WDI API,2021,EG.FEC.RNEW.ZS,Renewable energy consumption,IRN
1990-01-01,,1369,,renewables_share_pct_tur,24.4,percent of total final energy,World Bank WDI API,1990,EG.FEC.RNEW.ZS,Renewable energy consumption,TUR
1991-01-01,,1370,,renewables_share_pct_tur,24.0,percent of total final energy,World Bank WDI API,1991,EG.FEC.RNEW.ZS,Renewable energy consumption,TUR
1992-01-01,,1371,,renewables_share_pct_tur,24.0,percent of total final energy,World Bank WDI API,1992,EG.FEC.RNEW.ZS,Renewable energy consumption,TUR
1993-01-01,,1372,,renewables_share_pct_tur,23.6,percent of total final energy,World Bank WDI API,1993,EG.FEC.RNEW.ZS,Renewable energy consumption,TUR
1994-01-01,,1373,,renewables_share_pct_tur,24.0,percent of total final energy,World Bank WDI API,1994,EG.FEC.RNEW.ZS,Renewable energy consumption,TUR
1995-01-01,,1374,,renewables_share_pct_tur,21.9,percent of total final energy,World Bank WDI API,1995,EG.FEC.RNEW.ZS,Renewable energy consumption,TUR
1996-01-01,,1375,,renewables_share_pct_tur,21.0,percent of total final energy,World Bank WDI API,1996,EG.FEC.RNEW.ZS,Renewable energy consumption,TUR
1997-01-01,,1376,,renewables_share_pct_tur,20.7,percent of total final energy,World Bank WDI API,1997,EG.FEC.RNEW.ZS,Renewable energy consumption,TUR
1998-01-01,,1377,,renewables_share_pct_tur,21.5,percent of total final energy,World Bank WDI API,1998,EG.FEC.RNEW.ZS,Renewable energy consumption,TUR
1999-01-01,,1378,,renewables_share_pct_tur,20.5,percent of total final energy,World Bank WDI API,1999,EG.FEC.RNEW.ZS,Renewable energy consumption,TUR
2000-01-01,,1379,,renewables_share_pct_tur,17.3,percent of total final energy,World Bank WDI API,2000,EG.FEC.RNEW.ZS,Renewable energy consumption,TUR
2001-01-01,,1380,,renewables_share_pct_tur,18.1,percent of total final energy,World Bank WDI API,2001,EG.FEC.RNEW.ZS,Renewable energy consumption,TUR
2002-01-01,,1381,,renewables_share_pct_tur,17.5,percent of total final energy,World Bank WDI API,2002,EG.FEC.RNEW.ZS,Renewable energy consumption,TUR
2003-01-01,,1382,,renewables_share_pct_tur,16.3,percent of total final energy,World Bank WDI API,2003,EG.FEC.RNEW.ZS,Renewable energy consumption,TUR
2004-01-01,,1383,,renewables_share_pct_tur,16.8,percent of total final energy,World Bank WDI API,2004,EG.FEC.RNEW.ZS,Renewable energy consumption,TUR
2005-01-01,,1384,,renewables_share_pct_tur,15.3,percent of total final energy,World Bank WDI API,2005,EG.FEC.RNEW.ZS,Renewable energy consumption,TUR
2006-01-01,,1385,,renewables_share_pct_tur,14.2,percent of total final energy,World Bank WDI API,2006,EG.FEC.RNEW.ZS,Renewable energy consumption,TUR
2007-01-01,,1386,,renewables_share_pct_tur,12.5,percent of total final energy,World Bank WDI API,2007,EG.FEC.RNEW.ZS,Renewable energy consumption,TUR
2008-01-01,,1387,,renewables_share_pct_tur,12.5,percent of total final energy,World Bank WDI API,2008,EG.FEC.RNEW.ZS,Renewable energy consumption,TUR
2009-01-01,,1388,,renewables_share_pct_tur,13.1,percent of total final energy,World Bank WDI API,2009,EG.FEC.RNEW.ZS,Renewable energy consumption,TUR
2010-01-01,,1389,,renewables_share_pct_tur,14.2,percent of total final energy,World Bank WDI API,2010,EG.FEC.RNEW.ZS,Renewable energy consumption,TUR
2011-01-01,,1390,,renewables_share_pct_tur,12.7,percent of total final energy,World Bank WDI API,2011,EG.FEC.RNEW.ZS,Renewable energy consumption,TUR
2012-01-01,,1391,,renewables_share_pct_tur,13.0,percent of total final energy,World Bank WDI API,2012,EG.FEC.RNEW.ZS,Renewable energy consumption,TUR
2013-01-01,,1392,,renewables_share_pct_tur,13.8,percent of total final energy,World Bank WDI API,2013,EG.FEC.RNEW.ZS,Renewable energy consumption,TUR
2014-01-01,,1393,,renewables_share_pct_tur,11.5,percent of total final energy,World Bank WDI API,2014,EG.FEC.RNEW.ZS,Renewable energy consumption,TUR
2015-01-01,,1394,,renewables_share_pct_tur,13.3,percent of total final energy,World Bank WDI API,2015,EG.FEC.RNEW.ZS,Renewable energy consumption,TUR
2016-01-01,,1395,,renewables_share_pct_tur,13.2,percent of total final energy,World Bank WDI API,2016,EG.FEC.RNEW.ZS,Renewable energy consumption,TUR
2017-01-01,,1396,,renewables_share_pct_tur,11.4,percent of total final energy,World Bank WDI API,2017,EG.FEC.RNEW.ZS,Renewable energy consumption,TUR
2018-01-01,,1397,,renewables_share_pct_tur,11.8,percent of total final energy,World Bank WDI API,2018,EG.FEC.RNEW.ZS,Renewable energy consumption,TUR
2019-01-01,,1398,,renewables_share_pct_tur,14.1,percent of total final energy,World Bank WDI API,2019,EG.FEC.RNEW.ZS,Renewable energy consumption,TUR
2020-01-01,,1399,,renewables_share_pct_tur,13.7,percent of total final energy,World Bank WDI API,2020,EG.FEC.RNEW.ZS,Renewable energy consumption,TUR
2021-01-01,,1400,,renewables_share_pct_tur,12.0,percent of total final energy,World Bank WDI API,2021,EG.FEC.RNEW.ZS,Renewable energy consumption,TUR
1991-01-01,,1370,,unemployment_pct_egy,9.38,percent of labor force,World Bank WDI API,1991,SL.UEM.TOTL.ZS,"Unemployment, total (modeled ILO estimate)",EGY
1992-01-01,,1371,,unemployment_pct_egy,8.92,percent of labor force,World Bank WDI API,1992,SL.UEM.TOTL.ZS,"Unemployment, total (modeled ILO estimate)",EGY
1993-01-01,,1372,,unemployment_pct_egy,10.92,percent of labor force,World Bank WDI API,1993,SL.UEM.TOTL.ZS,"Unemployment, total (modeled ILO estimate)",EGY
1994-01-01,,1373,,unemployment_pct_egy,10.93,percent of labor force,World Bank WDI API,1994,SL.UEM.TOTL.ZS,"Unemployment, total (modeled ILO estimate)",EGY
1995-01-01,,1374,,unemployment_pct_egy,11.04,percent of labor force,World Bank WDI API,1995,SL.UEM.TOTL.ZS,"Unemployment, total (modeled ILO estimate)",EGY
1996-01-01,,1375,,unemployment_pct_egy,9.0,percent of labor force,World Bank WDI API,1996,SL.UEM.TOTL.ZS,"Unemployment, total (modeled ILO estimate)",EGY
1997-01-01,,1376,,unemployment_pct_egy,8.37,percent of labor force,World Bank WDI API,1997,SL.UEM.TOTL.ZS,"Unemployment, total (modeled ILO estimate)",EGY
1998-01-01,,1377,,unemployment_pct_egy,8.03,percent of labor force,World Bank WDI API,1998,SL.UEM.TOTL.ZS,"Unemployment, total (modeled ILO estimate)",EGY
1999-01-01,,1378,,unemployment_pct_egy,7.95,percent of labor force,World Bank WDI API,1999,SL.UEM.TOTL.ZS,"Unemployment, total (modeled ILO estimate)",EGY
2000-01-01,,1379,,unemployment_pct_egy,8.98,percent of labor force,World Bank WDI API,2000,SL.UEM.TOTL.ZS,"Unemployment, total (modeled ILO estimate)",EGY
2001-01-01,,1380,,unemployment_pct_egy,9.26,percent of labor force,World Bank WDI API,2001,SL.UEM.TOTL.ZS,"Unemployment, total (modeled ILO estimate)",EGY
2002-01-01,,1381,,unemployment_pct_egy,10.01,percent of labor force,World Bank WDI API,2002,SL.UEM.TOTL.ZS,"Unemployment, total (modeled ILO estimate)",EGY
2003-01-01,,1382,,unemployment_pct_egy,10.91,percent of labor force,World Bank WDI API,2003,SL.UEM.TOTL.ZS,"Unemployment, total (modeled ILO estimate)",EGY
2004-01-01,,1383,,unemployment_pct_egy,10.32,percent of labor force,World Bank WDI API,2004,SL.UEM.TOTL.ZS,"Unemployment, total (modeled ILO estimate)",EGY
2005-01-01,,1384,,unemployment_pct_egy,11.049,percent of labor force,World Bank WDI API,2005,SL.UEM.TOTL.ZS,"Unemployment, total (modeled ILO estimate)",EGY
2006-01-01,,1385,,unemployment_pct_egy,10.49,percent of labor force,World Bank WDI API,2006,SL.UEM.TOTL.ZS,"Unemployment, total (modeled ILO estimate)",EGY
2007-01-01,,1386,,unemployment_pct_egy,8.8,percent of labor force,World Bank WDI API,2007,SL.UEM.TOTL.ZS,"Unemployment, total (modeled ILO estimate)",EGY
2008-01-01,,1387,,unemployment_pct_egy,8.517,percent of labor force,World Bank WDI API,2008,SL.UEM.TOTL.ZS,"Unemployment, total (modeled ILO estimate)",EGY
2009-01-01,,1388,,unemployment_pct_egy,9.087,percent of labor force,World Bank WDI API,2009,SL.UEM.TOTL.ZS,"Unemployment, total (modeled ILO estimate)",EGY
2010-01-01,,1389,,unemployment_pct_egy,8.757,percent of labor force,World Bank WDI API,2010,SL.UEM.TOTL.ZS,"Unemployment, total (modeled ILO estimate)",EGY
2011-01-01,,1390,,unemployment_pct_egy,11.849,percent of labor force,World Bank WDI API,2011,SL.UEM.TOTL.ZS,"Unemployment, total (modeled ILO estimate)",EGY
2012-01-01,,1391,,unemployment_pct_egy,12.597,percent of labor force,World Bank WDI API,2012,SL.UEM.TOTL.ZS,"Unemployment, total (modeled ILO estimate)",EGY
2013-01-01,,1392,,unemployment_pct_egy,13.154,percent of labor force,World Bank WDI API,2013,SL.UEM.TOTL.ZS,"Unemployment, total (modeled ILO estimate)",EGY
2014-01-01,,1393,,unemployment_pct_egy,13.105,percent of labor force,World Bank WDI API,2014,SL.UEM.TOTL.ZS,"Unemployment, total (modeled ILO estimate)",EGY
2015-01-01,,1394,,unemployment_pct_egy,13.052,percent of labor force,World Bank WDI API,2015,SL.UEM.TOTL.ZS,"Unemployment, total (modeled ILO estimate)",EGY
2016-01-01,,1395,,unemployment_pct_egy,12.45,percent of labor force,World Bank WDI API,2016,SL.UEM.TOTL.ZS,"Unemployment, total (modeled ILO estimate)",EGY
2017-01-01,,1396,,unemployment_pct_egy,11.767,percent of labor force,World Bank WDI API,2017,SL.UEM.TOTL.ZS,"Unemployment, total (modeled ILO estimate)",EGY
2018-01-01,,1397,,unemployment_pct_egy,9.855,percent of labor force,World Bank WDI API,2018,SL.UEM.TOTL.ZS,"Unemployment, total (modeled ILO estimate)",EGY
2019-01-01,,1398,,unemployment_pct_egy,7.851,percent of labor force,World Bank WDI API,2019,SL.UEM.TOTL.ZS,"Unemployment, total (modeled ILO estimate)",EGY
2020-01-01,,1399,,unemployment_pct_egy,7.974,percent of labor force,World Bank WDI API,2020,SL.UEM.TOTL.ZS,"Unemployment, total (modeled ILO estimate)",EGY
2021-01-01,,1400,,unemployment_pct_egy,7.441,percent of labor force,World Bank WDI API,2021,SL.UEM.TOTL.ZS,"Unemployment, total (modeled ILO estimate)",EGY
2022-01-01,,1401,,unemployment_pct_egy,6.546,percent of labor force,World Bank WDI API,2022,SL.UEM.TOTL.ZS,"Unemployment, total (modeled ILO estimate)",EGY
2023-01-01,,1402,,unemployment_pct_egy,6.753,percent of labor force,World Bank WDI API,2023,SL.UEM.TOTL.ZS,"Unemployment, total (modeled ILO estimate)",EGY
2024-01-01,,1403,,unemployment_pct_egy,6.817,percent of labor force,World Bank WDI API,2024,SL.UEM.TOTL.ZS,"Unemployment, total (modeled ILO estimate)",EGY
2025-01-01,,1404,,unemployment_pct_egy,6.781,percent of labor force,World Bank WDI API,2025,SL.UEM.TOTL.ZS,"Unemployment, total (modeled ILO estimate)",EGY
1991-01-01,,1370,,unemployment_pct_irn,11.1,percent of labor force,World Bank WDI API,1991,SL.UEM.TOTL.ZS,"Unemployment, total (modeled ILO estimate)",IRN
1992-01-01,,1371,,unemployment_pct_irn,10.653,percent of labor force,World Bank WDI API,1992,SL.UEM.TOTL.ZS,"Unemployment, total (modeled ILO estimate)",IRN
1993-01-01,,1372,,unemployment_pct_irn,10.573,percent of labor force,World Bank WDI API,1993,SL.UEM.TOTL.ZS,"Unemployment, total (modeled ILO estimate)",IRN
1994-01-01,,1373,,unemployment_pct_irn,10.458,percent of labor force,World Bank WDI API,1994,SL.UEM.TOTL.ZS,"Unemployment, total (modeled ILO estimate)",IRN
1995-01-01,,1374,,unemployment_pct_irn,9.904,percent of labor force,World Bank WDI API,1995,SL.UEM.TOTL.ZS,"Unemployment, total (modeled ILO estimate)",IRN
1996-01-01,,1375,,unemployment_pct_irn,9.1,percent of labor force,World Bank WDI API,1996,SL.UEM.TOTL.ZS,"Unemployment, total (modeled ILO estimate)",IRN
1997-01-01,,1376,,unemployment_pct_irn,9.68,percent of labor force,World Bank WDI API,1997,SL.UEM.TOTL.ZS,"Unemployment, total (modeled ILO estimate)",IRN
1998-01-01,,1377,,unemployment_pct_irn,10.358,percent of labor force,World Bank WDI API,1998,SL.UEM.TOTL.ZS,"Unemployment, total (modeled ILO estimate)",IRN
1999-01-01,,1378,,unemployment_pct_irn,11.176,percent of labor force,World Bank WDI API,1999,SL.UEM.TOTL.ZS,"Unemployment, total (modeled ILO estimate)",IRN
2000-01-01,,1379,,unemployment_pct_irn,11.698,percent of labor force,World Bank WDI API,2000,SL.UEM.TOTL.ZS,"Unemployment, total (modeled ILO estimate)",IRN
2001-01-01,,1380,,unemployment_pct_irn,12.362,percent of labor force,World Bank WDI API,2001,SL.UEM.TOTL.ZS,"Unemployment, total (modeled ILO estimate)",IRN
2002-01-01,,1381,,unemployment_pct_irn,12.8,percent of labor force,World Bank WDI API,2002,SL.UEM.TOTL.ZS,"Unemployment, total (modeled ILO estimate)",IRN
2003-01-01,,1382,,unemployment_pct_irn,11.529,percent of labor force,World Bank WDI API,2003,SL.UEM.TOTL.ZS,"Unemployment, total (modeled ILO estimate)",IRN
2004-01-01,,1383,,unemployment_pct_irn,10.3,percent of labor force,World Bank WDI API,2004,SL.UEM.TOTL.ZS,"Unemployment, total (modeled ILO estimate)",IRN
2005-01-01,,1384,,unemployment_pct_irn,11.813,percent of labor force,World Bank WDI API,2005,SL.UEM.TOTL.ZS,"Unemployment, total (modeled ILO estimate)",IRN
2006-01-01,,1385,,unemployment_pct_irn,11.519,percent of labor force,World Bank WDI API,2006,SL.UEM.TOTL.ZS,"Unemployment, total (modeled ILO estimate)",IRN
2007-01-01,,1386,,unemployment_pct_irn,10.772,percent of labor force,World Bank WDI API,2007,SL.UEM.TOTL.ZS,"Unemployment, total (modeled ILO estimate)",IRN
2008-01-01,,1387,,unemployment_pct_irn,10.63,percent of labor force,World Bank WDI API,2008,SL.UEM.TOTL.ZS,"Unemployment, total (modeled ILO estimate)",IRN
2009-01-01,,1388,,unemployment_pct_irn,12.113,percent of labor force,World Bank WDI API,2009,SL.UEM.TOTL.ZS,"Unemployment, total (modeled ILO estimate)",IRN
2010-01-01,,1389,,unemployment_pct_irn,13.679,percent of labor force,World Bank WDI API,2010,SL.UEM.TOTL.ZS,"Unemployment, total (modeled ILO estimate)",IRN
2011-01-01,,1390,,unemployment_pct_irn,12.491,percent of labor force,World Bank WDI API,2011,SL.UEM.TOTL.ZS,"Unemployment, total (modeled ILO estimate)",IRN
2012-01-01,,1391,,unemployment_pct_irn,12.275,percent of labor force,World Bank WDI API,2012,SL.UEM.TOTL.ZS,"Unemployment, total (modeled ILO estimate)",IRN
2013-01-01,,1392,,unemployment_pct_irn,10.595,percent of labor force,World Bank WDI API,2013,SL.UEM.TOTL.ZS,"Unemployment, total (modeled ILO estimate)",IRN
2014-01-01,,1393,,unemployment_pct_irn,10.68,percent of labor force,World Bank WDI API,2014,SL.UEM.TOTL.ZS,"Unemployment, total (modeled ILO estimate)",IRN
2015-01-01,,1394,,unemployment_pct_irn,11.166,percent of labor force,World Bank WDI API,2015,SL.UEM.TOTL.ZS,"Unemployment, total (modeled ILO estimate)",IRN
2016-01-01,,1395,,unemployment_pct_irn,12.618,percent of labor force,World Bank WDI API,2016,SL.UEM.TOTL.ZS,"Unemployment, total (modeled ILO estimate)",IRN
2017-01-01,,1396,,unemployment_pct_irn,12.232,percent of labor force,World Bank WDI API,2017,SL.UEM.TOTL.ZS,"Unemployment, total (modeled ILO estimate)",IRN
2018-01-01,,1397,,unemployment_pct_irn,12.195,percent of labor force,World Bank WDI API,2018,SL.UEM.TOTL.ZS,"Unemployment, total (modeled ILO estimate)",IRN
2019-01-01,,1398,,unemployment_pct_irn,10.74,percent of labor force,World Bank WDI API,2019,SL.UEM.TOTL.ZS,"Unemployment, total (modeled ILO estimate)",IRN
2020-01-01,,1399,,unemployment_pct_irn,9.687,percent of labor force,World Bank WDI API,2020,SL.UEM.TOTL.ZS,"Unemployment, total (modeled ILO estimate)",IRN
2021-01-01,,1400,,unemployment_pct_irn,9.282,percent of labor force,World Bank WDI API,2021,SL.UEM.TOTL.ZS,"Unemployment, total (modeled ILO estimate)",IRN
2022-01-01,,1401,,unemployment_pct_irn,9.085,percent of labor force,World Bank WDI API,2022,SL.UEM.TOTL.ZS,"Unemployment, total (modeled ILO estimate)",IRN
2023-01-01,,1402,,unemployment_pct_irn,8.129,percent of labor force,World Bank WDI API,2023,SL.UEM.TOTL.ZS,"Unemployment, total (modeled ILO estimate)",IRN
2024-01-01,,1403,,unemployment_pct_irn,8.146,percent of labor force,World Bank WDI API,2024,SL.UEM.TOTL.ZS,"Unemployment, total (modeled ILO estimate)",IRN
2025-01-01,,1404,,unemployment_pct_irn,8.301,percent of labor force,World Bank WDI API,2025,SL.UEM.TOTL.ZS,"Unemployment, total (modeled ILO estimate)",IRN
1991-01-01,,1370,,unemployment_pct_tur,8.21,percent of labor force,World Bank WDI API,1991,SL.UEM.TOTL.ZS,"Unemployment, total (modeled ILO estimate)",TUR
1992-01-01,,1371,,unemployment_pct_tur,8.509,percent of labor force,World Bank WDI API,1992,SL.UEM.TOTL.ZS,"Unemployment, total (modeled ILO estimate)",TUR
1993-01-01,,1372,,unemployment_pct_tur,8.962,percent of labor force,World Bank WDI API,1993,SL.UEM.TOTL.ZS,"Unemployment, total (modeled ILO estimate)",TUR
1994-01-01,,1373,,unemployment_pct_tur,8.577,percent of labor force,World Bank WDI API,1994,SL.UEM.TOTL.ZS,"Unemployment, total (modeled ILO estimate)",TUR
1995-01-01,,1374,,unemployment_pct_tur,7.644,percent of labor force,World Bank WDI API,1995,SL.UEM.TOTL.ZS,"Unemployment, total (modeled ILO estimate)",TUR
1996-01-01,,1375,,unemployment_pct_tur,6.629,percent of labor force,World Bank WDI API,1996,SL.UEM.TOTL.ZS,"Unemployment, total (modeled ILO estimate)",TUR
1997-01-01,,1376,,unemployment_pct_tur,6.841,percent of labor force,World Bank WDI API,1997,SL.UEM.TOTL.ZS,"Unemployment, total (modeled ILO estimate)",TUR
1998-01-01,,1377,,unemployment_pct_tur,6.888,percent of labor force,World Bank WDI API,1998,SL.UEM.TOTL.ZS,"Unemployment, total (modeled ILO estimate)",TUR
1999-01-01,,1378,,unemployment_pct_tur,7.687,percent of labor force,World Bank WDI API,1999,SL.UEM.TOTL.ZS,"Unemployment, total (modeled ILO estimate)",TUR
2000-01-01,,1379,,unemployment_pct_tur,6.495,percent of labor force,World Bank WDI API,2000,SL.UEM.TOTL.ZS,"Unemployment, total (modeled ILO estimate)",TUR
2001-01-01,,1380,,unemployment_pct_tur,8.381,percent of labor force,World Bank WDI API,2001,SL.UEM.TOTL.ZS,"Unemployment, total (modeled ILO estimate)",TUR
2002-01-01,,1381,,unemployment_pct_tur,10.358,percent of labor force,World Bank WDI API,2002,SL.UEM.TOTL.ZS,"Unemployment, total (modeled ILO estimate)",TUR
2003-01-01,,1382,,unemployment_pct_tur,10.542,percent of labor force,World Bank WDI API,2003,SL.UEM.TOTL.ZS,"Unemployment, total (modeled ILO estimate)",TUR
2004-01-01,,1383,,unemployment_pct_tur,10.838,percent of labor force,World Bank WDI API,2004,SL.UEM.TOTL.ZS,"Unemployment, total (modeled ILO estimate)",TUR
2005-01-01,,1384,,unemployment_pct_tur,10.636,percent of labor force,World Bank WDI API,2005,SL.UEM.TOTL.ZS,"Unemployment, total (modeled ILO estimate)",TUR
2006-01-01,,1385,,unemployment_pct_tur,10.227,percent of labor force,World Bank WDI API,2006,SL.UEM.TOTL.ZS,"Unemployment, total (modeled ILO estimate)",TUR
2007-01-01,,1386,,unemployment_pct_tur,10.285,percent of labor force,World Bank WDI API,2007,SL.UEM.TOTL.ZS,"Unemployment, total (modeled ILO estimate)",TUR
2008-01-01,,1387,,unemployment_pct_tur,10.965,percent of labor force,World Bank WDI API,2008,SL.UEM.TOTL.ZS,"Unemployment, total (modeled ILO estimate)",TUR
2009-01-01,,1388,,unemployment_pct_tur,14.026,percent of labor force,World Bank WDI API,2009,SL.UEM.TOTL.ZS,"Unemployment, total (modeled ILO estimate)",TUR
2010-01-01,,1389,,unemployment_pct_tur,11.879,percent of labor force,World Bank WDI API,2010,SL.UEM.TOTL.ZS,"Unemployment, total (modeled ILO estimate)",TUR
2011-01-01,,1390,,unemployment_pct_tur,9.789,percent of labor force,World Bank WDI API,2011,SL.UEM.TOTL.ZS,"Unemployment, total (modeled ILO estimate)",TUR
2012-01-01,,1391,,unemployment_pct_tur,9.21,percent of labor force,World Bank WDI API,2012,SL.UEM.TOTL.ZS,"Unemployment, total (modeled ILO estimate)",TUR
2013-01-01,,1392,,unemployment_pct_tur,9.713,percent of labor force,World Bank WDI API,2013,SL.UEM.TOTL.ZS,"Unemployment, total (modeled ILO estimate)",TUR
2014-01-01,,1393,,unemployment_pct_tur,9.901,percent of labor force,World Bank WDI API,2014,SL.UEM.TOTL.ZS,"Unemployment, total (modeled ILO estimate)",TUR
2015-01-01,,1394,,unemployment_pct_tur,10.304,percent of labor force,World Bank WDI API,2015,SL.UEM.TOTL.ZS,"Unemployment, total (modeled ILO estimate)",TUR
2016-01-01,,1395,,unemployment_pct_tur,10.899,percent of labor force,World Bank WDI API,2016,SL.UEM.TOTL.ZS,"Unemployment, total (modeled ILO estimate)",TUR
2017-01-01,,1396,,unemployment_pct_tur,10.919,percent of labor force,World Bank WDI API,2017,SL.UEM.TOTL.ZS,"Unemployment, total (modeled ILO estimate)",TUR
2018-01-01,,1397,,unemployment_pct_tur,10.956,percent of labor force,World Bank WDI API,2018,SL.UEM.TOTL.ZS,"Unemployment, total (modeled ILO estimate)",TUR
2019-01-01,,1398,,unemployment_pct_tur,13.73,percent of labor force,World Bank WDI API,2019,SL.UEM.TOTL.ZS,"Unemployment, total (modeled ILO estimate)",TUR
2020-01-01,,1399,,unemployment_pct_tur,13.148,percent of labor force,World Bank WDI API,2020,SL.UEM.TOTL.ZS,"Unemployment, total (modeled ILO estimate)",TUR
2021-01-01,,1400,,unemployment_pct_tur,11.969,percent of labor force,World Bank WDI API,2021,SL.UEM.TOTL.ZS,"Unemployment, total (modeled ILO estimate)",TUR
2022-01-01,,1401,,unemployment_pct_tur,10.465,percent of labor force,World Bank WDI API,2022,SL.UEM.TOTL.ZS,"Unemployment, total (modeled ILO estimate)",TUR
2023-01-01,,1402,,unemployment_pct_tur,9.388,percent of labor force,World Bank WDI API,2023,SL.UEM.TOTL.ZS,"Unemployment, total (modeled ILO estimate)",TUR
2024-01-01,,1403,,unemployment_pct_tur,8.8,percent of labor force,World Bank WDI API,2024,SL.UEM.TOTL.ZS,"Unemployment, total (modeled ILO estimate)",TUR
2025-01-01,,1404,,unemployment_pct_tur,8.52,percent of labor force,World Bank WDI API,2025,SL.UEM.TOTL.ZS,"Unemployment, total (modeled ILO estimate)",TUR
1991-01-01,,1370,,vulnerable_employment_pct_egy,20.4516805635983,percent of total employment,World Bank WDI API,1991,SL.EMP.VULN.ZS,Vulnerable employment (own-account + contributing family workers),EGY
1992-01-01,,1371,,vulnerable_employment_pct_egy,20.2575416338376,percent of total employment,World Bank WDI API,1992,SL.EMP.VULN.ZS,Vulnerable employment (own-account + contributing family workers),EGY
1993-01-01,,1372,,vulnerable_employment_pct_egy,20.5312353658559,percent of total employment,World Bank WDI API,1993,SL.EMP.VULN.ZS,Vulnerable employment (own-account + contributing family workers),EGY
1994-01-01,,1373,,vulnerable_employment_pct_egy,19.1251919188961,percent of total employment,World Bank WDI API,1994,SL.EMP.VULN.ZS,Vulnerable employment (own-account + contributing family workers),EGY
1995-01-01,,1374,,vulnerable_employment_pct_egy,18.2385365212143,percent of total employment,World Bank WDI API,1995,SL.EMP.VULN.ZS,Vulnerable employment (own-account + contributing family workers),EGY
1996-01-01,,1375,,vulnerable_employment_pct_egy,17.9435433406455,percent of total employment,World Bank WDI API,1996,SL.EMP.VULN.ZS,Vulnerable employment (own-account + contributing family workers),EGY
1997-01-01,,1376,,vulnerable_employment_pct_egy,17.4984986341697,percent of total employment,World Bank WDI API,1997,SL.EMP.VULN.ZS,Vulnerable employment (own-account + contributing family workers),EGY
1998-01-01,,1377,,vulnerable_employment_pct_egy,16.4972000893844,percent of total employment,World Bank WDI API,1998,SL.EMP.VULN.ZS,Vulnerable employment (own-account + contributing family workers),EGY
1999-01-01,,1378,,vulnerable_employment_pct_egy,15.1687118720216,percent of total employment,World Bank WDI API,1999,SL.EMP.VULN.ZS,Vulnerable employment (own-account + contributing family workers),EGY
2000-01-01,,1379,,vulnerable_employment_pct_egy,15.2080365199589,percent of total employment,World Bank WDI API,2000,SL.EMP.VULN.ZS,Vulnerable employment (own-account + contributing family workers),EGY
2001-01-01,,1380,,vulnerable_employment_pct_egy,12.8859939944043,percent of total employment,World Bank WDI API,2001,SL.EMP.VULN.ZS,Vulnerable employment (own-account + contributing family workers),EGY
2002-01-01,,1381,,vulnerable_employment_pct_egy,14.6358912049096,percent of total employment,World Bank WDI API,2002,SL.EMP.VULN.ZS,Vulnerable employment (own-account + contributing family workers),EGY
2003-01-01,,1382,,vulnerable_employment_pct_egy,16.545386030329,percent of total employment,World Bank WDI API,2003,SL.EMP.VULN.ZS,Vulnerable employment (own-account + contributing family workers),EGY
2004-01-01,,1383,,vulnerable_employment_pct_egy,18.4951263285982,percent of total employment,World Bank WDI API,2004,SL.EMP.VULN.ZS,Vulnerable employment (own-account + contributing family workers),EGY
2005-01-01,,1384,,vulnerable_employment_pct_egy,17.5712834047634,percent of total employment,World Bank WDI API,2005,SL.EMP.VULN.ZS,Vulnerable employment (own-account + contributing family workers),EGY
2006-01-01,,1385,,vulnerable_employment_pct_egy,17.0859528233162,percent of total employment,World Bank WDI API,2006,SL.EMP.VULN.ZS,Vulnerable employment (own-account + contributing family workers),EGY
2007-01-01,,1386,,vulnerable_employment_pct_egy,19.6229515877632,percent of total employment,World Bank WDI API,2007,SL.EMP.VULN.ZS,Vulnerable employment (own-account + contributing family workers),EGY
2008-01-01,,1387,,vulnerable_employment_pct_egy,19.1442282719396,percent of total employment,World Bank WDI API,2008,SL.EMP.VULN.ZS,Vulnerable employment (own-account + contributing family workers),EGY
2009-01-01,,1388,,vulnerable_employment_pct_egy,18.4772205998858,percent of total employment,World Bank WDI API,2009,SL.EMP.VULN.ZS,Vulnerable employment (own-account + contributing family workers),EGY
2010-01-01,,1389,,vulnerable_employment_pct_egy,17.2401565791713,percent of total employment,World Bank WDI API,2010,SL.EMP.VULN.ZS,Vulnerable employment (own-account + contributing family workers),EGY
2011-01-01,,1390,,vulnerable_employment_pct_egy,17.3056274608023,percent of total employment,World Bank WDI API,2011,SL.EMP.VULN.ZS,Vulnerable employment (own-account + contributing family workers),EGY
2012-01-01,,1391,,vulnerable_employment_pct_egy,16.0151419528394,percent of total employment,World Bank WDI API,2012,SL.EMP.VULN.ZS,Vulnerable employment (own-account + contributing family workers),EGY
2013-01-01,,1392,,vulnerable_employment_pct_egy,20.5027159795519,percent of total employment,World Bank WDI API,2013,SL.EMP.VULN.ZS,Vulnerable employment (own-account + contributing family workers),EGY
2014-01-01,,1393,,vulnerable_employment_pct_egy,19.6475351963884,percent of total employment,World Bank WDI API,2014,SL.EMP.VULN.ZS,Vulnerable employment (own-account + contributing family workers),EGY
2015-01-01,,1394,,vulnerable_employment_pct_egy,19.6545205453918,percent of total employment,World Bank WDI API,2015,SL.EMP.VULN.ZS,Vulnerable employment (own-account + contributing family workers),EGY
2016-01-01,,1395,,vulnerable_employment_pct_egy,19.7477149647995,percent of total employment,World Bank WDI API,2016,SL.EMP.VULN.ZS,Vulnerable employment (own-account + contributing family workers),EGY
2017-01-01,,1396,,vulnerable_employment_pct_egy,21.5645253336233,percent of total employment,World Bank WDI API,2017,SL.EMP.VULN.ZS,Vulnerable employment (own-account + contributing family workers),EGY
2018-01-01,,1397,,vulnerable_employment_pct_egy,18.9003846679113,percent of total employment,World Bank WDI API,2018,SL.EMP.VULN.ZS,Vulnerable employment (own-account + contributing family workers),EGY
2019-01-01,,1398,,vulnerable_employment_pct_egy,19.5069705952861,percent of total employment,World Bank WDI API,2019,SL.EMP.VULN.ZS,Vulnerable employment (own-account + contributing family workers),EGY
2020-01-01,,1399,,vulnerable_employment_pct_egy,18.4583819298746,percent of total employment,World Bank WDI API,2020,SL.EMP.VULN.ZS,Vulnerable employment (own-account + contributing family workers),EGY
2021-01-01,,1400,,vulnerable_employment_pct_egy,23.6650240780468,percent of total employment,World Bank WDI API,2021,SL.EMP.VULN.ZS,Vulnerable employment (own-account + contributing family workers),EGY
2022-01-01,,1401,,vulnerable_employment_pct_egy,23.0648768584727,percent of total employment,World Bank WDI API,2022,SL.EMP.VULN.ZS,Vulnerable employment (own-account + contributing family workers),EGY
2023-01-01,,1402,,vulnerable_employment_pct_egy,24.2996659219683,percent of total employment,World Bank WDI API,2023,SL.EMP.VULN.ZS,Vulnerable employment (own-account + contributing family workers),EGY
2024-01-01,,1403,,vulnerable_employment_pct_egy,24.0777322521347,percent of total employment,World Bank WDI API,2024,SL.EMP.VULN.ZS,Vulnerable employment (own-account + contributing family workers),EGY
2025-01-01,,1404,,vulnerable_employment_pct_egy,23.9436161508244,percent of total employment,World Bank WDI API,2025,SL.EMP.VULN.ZS,Vulnerable employment (own-account + contributing family workers),EGY
1991-01-01,,1370,,vulnerable_employment_pct_irn,44.6210376717031,percent of total employment,World Bank WDI API,1991,SL.EMP.VULN.ZS,Vulnerable employment (own-account + contributing family workers),IRN
1992-01-01,,1371,,vulnerable_employment_pct_irn,44.3774311647778,percent of total employment,World Bank WDI API,1992,SL.EMP.VULN.ZS,Vulnerable employment (own-account + contributing family workers),IRN
1993-01-01,,1372,,vulnerable_employment_pct_irn,44.2284910757237,percent of total employment,World Bank WDI API,1993,SL.EMP.VULN.ZS,Vulnerable employment (own-account + contributing family workers),IRN
1994-01-01,,1373,,vulnerable_employment_pct_irn,44.1358217383824,percent of total employment,World Bank WDI API,1994,SL.EMP.VULN.ZS,Vulnerable employment (own-account + contributing family workers),IRN
1995-01-01,,1374,,vulnerable_employment_pct_irn,44.031043180243,percent of total employment,World Bank WDI API,1995,SL.EMP.VULN.ZS,Vulnerable employment (own-account + contributing family workers),IRN
1996-01-01,,1375,,vulnerable_employment_pct_irn,43.9233674389136,percent of total employment,World Bank WDI API,1996,SL.EMP.VULN.ZS,Vulnerable employment (own-account + contributing family workers),IRN
1997-01-01,,1376,,vulnerable_employment_pct_irn,43.8956976126821,percent of total employment,World Bank WDI API,1997,SL.EMP.VULN.ZS,Vulnerable employment (own-account + contributing family workers),IRN
1998-01-01,,1377,,vulnerable_employment_pct_irn,43.858016120555,percent of total employment,World Bank WDI API,1998,SL.EMP.VULN.ZS,Vulnerable employment (own-account + contributing family workers),IRN
1999-01-01,,1378,,vulnerable_employment_pct_irn,43.8509858001279,percent of total employment,World Bank WDI API,1999,SL.EMP.VULN.ZS,Vulnerable employment (own-account + contributing family workers),IRN
2000-01-01,,1379,,vulnerable_employment_pct_irn,43.7950143352209,percent of total employment,World Bank WDI API,2000,SL.EMP.VULN.ZS,Vulnerable employment (own-account + contributing family workers),IRN
2001-01-01,,1380,,vulnerable_employment_pct_irn,43.7592732059576,percent of total employment,World Bank WDI API,2001,SL.EMP.VULN.ZS,Vulnerable employment (own-account + contributing family workers),IRN
2002-01-01,,1381,,vulnerable_employment_pct_irn,43.6469632374301,percent of total employment,World Bank WDI API,2002,SL.EMP.VULN.ZS,Vulnerable employment (own-account + contributing family workers),IRN
2003-01-01,,1382,,vulnerable_employment_pct_irn,43.4756584034243,percent of total employment,World Bank WDI API,2003,SL.EMP.VULN.ZS,Vulnerable employment (own-account + contributing family workers),IRN
2004-01-01,,1383,,vulnerable_employment_pct_irn,43.3329237427285,percent of total employment,World Bank WDI API,2004,SL.EMP.VULN.ZS,Vulnerable employment (own-account + contributing family workers),IRN
2005-01-01,,1384,,vulnerable_employment_pct_irn,43.2518554325576,percent of total employment,World Bank WDI API,2005,SL.EMP.VULN.ZS,Vulnerable employment (own-account + contributing family workers),IRN
2006-01-01,,1385,,vulnerable_employment_pct_irn,43.291895917996,percent of total employment,World Bank WDI API,2006,SL.EMP.VULN.ZS,Vulnerable employment (own-account + contributing family workers),IRN
2007-01-01,,1386,,vulnerable_employment_pct_irn,42.998431267088,percent of total employment,World Bank WDI API,2007,SL.EMP.VULN.ZS,Vulnerable employment (own-account + contributing family workers),IRN
2008-01-01,,1387,,vulnerable_employment_pct_irn,42.3323262633585,percent of total employment,World Bank WDI API,2008,SL.EMP.VULN.ZS,Vulnerable employment (own-account + contributing family workers),IRN
2009-01-01,,1388,,vulnerable_employment_pct_irn,41.7789627123868,percent of total employment,World Bank WDI API,2009,SL.EMP.VULN.ZS,Vulnerable employment (own-account + contributing family workers),IRN
2010-01-01,,1389,,vulnerable_employment_pct_irn,40.9478582446078,percent of total employment,World Bank WDI API,2010,SL.EMP.VULN.ZS,Vulnerable employment (own-account + contributing family workers),IRN
2011-01-01,,1390,,vulnerable_employment_pct_irn,40.1761751313275,percent of total employment,World Bank WDI API,2011,SL.EMP.VULN.ZS,Vulnerable employment (own-account + contributing family workers),IRN
2012-01-01,,1391,,vulnerable_employment_pct_irn,40.7113240617461,percent of total employment,World Bank WDI API,2012,SL.EMP.VULN.ZS,Vulnerable employment (own-account + contributing family workers),IRN
2013-01-01,,1392,,vulnerable_employment_pct_irn,41.5455355115207,percent of total employment,World Bank WDI API,2013,SL.EMP.VULN.ZS,Vulnerable employment (own-account + contributing family workers),IRN
2014-01-01,,1393,,vulnerable_employment_pct_irn,40.9317834898621,percent of total employment,World Bank WDI API,2014,SL.EMP.VULN.ZS,Vulnerable employment (own-account + contributing family workers),IRN
2015-01-01,,1394,,vulnerable_employment_pct_irn,40.9072700377479,percent of total employment,World Bank WDI API,2015,SL.EMP.VULN.ZS,Vulnerable employment (own-account + contributing family workers),IRN
2016-01-01,,1395,,vulnerable_employment_pct_irn,41.8224177004275,percent of total employment,World Bank WDI API,2016,SL.EMP.VULN.ZS,Vulnerable employment (own-account + contributing family workers),IRN
2017-01-01,,1396,,vulnerable_employment_pct_irn,41.9604376389704,percent of total employment,World Bank WDI API,2017,SL.EMP.VULN.ZS,Vulnerable employment (own-account + contributing family workers),IRN
2018-01-01,,1397,,vulnerable_employment_pct_irn,41.8394195451565,percent of total employment,World Bank WDI API,2018,SL.EMP.VULN.ZS,Vulnerable employment (own-account + contributing family workers),IRN
2019-01-01,,1398,,vulnerable_employment_pct_irn,41.3323820515392,percent of total employment,World Bank WDI API,2019,SL.EMP.VULN.ZS,Vulnerable employment (own-account + contributing family workers),IRN
2020-01-01,,1399,,vulnerable_employment_pct_irn,40.5915411766548,percent of total employment,World Bank WDI API,2020,SL.EMP.VULN.ZS,Vulnerable employment (own-account + contributing family workers),IRN
2021-01-01,,1400,,vulnerable_employment_pct_irn,39.6546340522622,percent of total employment,World Bank WDI API,2021,SL.EMP.VULN.ZS,Vulnerable employment (own-account + contributing family workers),IRN
2022-01-01,,1401,,vulnerable_employment_pct_irn,39.4508281538172,percent of total employment,World Bank WDI API,2022,SL.EMP.VULN.ZS,Vulnerable employment (own-account + contributing family workers),IRN
2023-01-01,,1402,,vulnerable_employment_pct_irn,40.0099577621982,percent of total employment,World Bank WDI API,2023,SL.EMP.VULN.ZS,Vulnerable employment (own-account + contributing family workers),IRN
2024-01-01,,1403,,vulnerable_employment_pct_irn,39.7632072666364,percent of total employment,World Bank WDI API,2024,SL.EMP.VULN.ZS,Vulnerable employment (own-account + contributing family workers),IRN
2025-01-01,,1404,,vulnerable_employment_pct_irn,39.5225758630272,percent of total employment,World Bank WDI API,2025,SL.EMP.VULN.ZS,Vulnerable employment (own-account + contributing family workers),IRN
1991-01-01,,1370,,vulnerable_employment_pct_tur,47.3290582229435,percent of total employment,World Bank WDI API,1991,SL.EMP.VULN.ZS,Vulnerable employment (own-account + contributing family workers),TUR
1992-01-01,,1371,,vulnerable_employment_pct_tur,47.1286599710726,percent of total employment,World Bank WDI API,1992,SL.EMP.VULN.ZS,Vulnerable employment (own-account + contributing family workers),TUR
1993-01-01,,1372,,vulnerable_employment_pct_tur,46.8815405299676,percent of total employment,World Bank WDI API,1993,SL.EMP.VULN.ZS,Vulnerable employment (own-account + contributing family workers),TUR
1994-01-01,,1373,,vulnerable_employment_pct_tur,46.7486241753248,percent of total employment,World Bank WDI API,1994,SL.EMP.VULN.ZS,Vulnerable employment (own-account + contributing family workers),TUR
1995-01-01,,1374,,vulnerable_employment_pct_tur,46.5489259191743,percent of total employment,World Bank WDI API,1995,SL.EMP.VULN.ZS,Vulnerable employment (own-account + contributing family workers),TUR
1996-01-01,,1375,,vulnerable_employment_pct_tur,46.2861478949,percent of total employment,World Bank WDI API,1996,SL.EMP.VULN.ZS,Vulnerable employment (own-account + contributing family workers),TUR
1997-01-01,,1376,,vulnerable_employment_pct_tur,46.1099612816426,percent of total employment,World Bank WDI API,1997,SL.EMP.VULN.ZS,Vulnerable employment (own-account + contributing family workers),TUR
1998-01-01,,1377,,vulnerable_employment_pct_tur,45.7475143048701,percent of total employment,World Bank WDI API,1998,SL.EMP.VULN.ZS,Vulnerable employment (own-account + contributing family workers),TUR
1999-01-01,,1378,,vulnerable_employment_pct_tur,45.4360590284753,percent of total employment,World Bank WDI API,1999,SL.EMP.VULN.ZS,Vulnerable employment (own-account + contributing family workers),TUR
2000-01-01,,1379,,vulnerable_employment_pct_tur,44.9542249430927,percent of total employment,World Bank WDI API,2000,SL.EMP.VULN.ZS,Vulnerable employment (own-account + contributing family workers),TUR
2001-01-01,,1380,,vulnerable_employment_pct_tur,46.2065788421652,percent of total employment,World Bank WDI API,2001,SL.EMP.VULN.ZS,Vulnerable employment (own-account + contributing family workers),TUR
2002-01-01,,1381,,vulnerable_employment_pct_tur,43.3661355141527,percent of total employment,World Bank WDI API,2002,SL.EMP.VULN.ZS,Vulnerable employment (own-account + contributing family workers),TUR
2003-01-01,,1382,,vulnerable_employment_pct_tur,43.0664758628225,percent of total employment,World Bank WDI API,2003,SL.EMP.VULN.ZS,Vulnerable employment (own-account + contributing family workers),TUR
2004-01-01,,1383,,vulnerable_employment_pct_tur,39.1052860097717,percent of total employment,World Bank WDI API,2004,SL.EMP.VULN.ZS,Vulnerable employment (own-account + contributing family workers),TUR
2005-01-01,,1384,,vulnerable_employment_pct_tur,36.5951513610048,percent of total employment,World Bank WDI API,2005,SL.EMP.VULN.ZS,Vulnerable employment (own-account + contributing family workers),TUR
2006-01-01,,1385,,vulnerable_employment_pct_tur,34.0668497411817,percent of total employment,World Bank WDI API,2006,SL.EMP.VULN.ZS,Vulnerable employment (own-account + contributing family workers),TUR
2007-01-01,,1386,,vulnerable_employment_pct_tur,32.4511473807858,percent of total employment,World Bank WDI API,2007,SL.EMP.VULN.ZS,Vulnerable employment (own-account + contributing family workers),TUR
2008-01-01,,1387,,vulnerable_employment_pct_tur,31.7572930531861,percent of total employment,World Bank WDI API,2008,SL.EMP.VULN.ZS,Vulnerable employment (own-account + contributing family workers),TUR
2009-01-01,,1388,,vulnerable_employment_pct_tur,32.9455526193671,percent of total employment,World Bank WDI API,2009,SL.EMP.VULN.ZS,Vulnerable employment (own-account + contributing family workers),TUR
2010-01-01,,1389,,vulnerable_employment_pct_tur,32.4345095590541,percent of total employment,World Bank WDI API,2010,SL.EMP.VULN.ZS,Vulnerable employment (own-account + contributing family workers),TUR
2011-01-01,,1390,,vulnerable_employment_pct_tur,31.7790811091608,percent of total employment,World Bank WDI API,2011,SL.EMP.VULN.ZS,Vulnerable employment (own-account + contributing family workers),TUR
2012-01-01,,1391,,vulnerable_employment_pct_tur,30.727703994997,percent of total employment,World Bank WDI API,2012,SL.EMP.VULN.ZS,Vulnerable employment (own-account + contributing family workers),TUR
2013-01-01,,1392,,vulnerable_employment_pct_tur,29.9417878200711,percent of total employment,World Bank WDI API,2013,SL.EMP.VULN.ZS,Vulnerable employment (own-account + contributing family workers),TUR
2014-01-01,,1393,,vulnerable_employment_pct_tur,29.5939640712044,percent of total employment,World Bank WDI API,2014,SL.EMP.VULN.ZS,Vulnerable employment (own-account + contributing family workers),TUR
2015-01-01,,1394,,vulnerable_employment_pct_tur,28.8142296804772,percent of total employment,World Bank WDI API,2015,SL.EMP.VULN.ZS,Vulnerable employment (own-account + contributing family workers),TUR
2016-01-01,,1395,,vulnerable_employment_pct_tur,28.0716480856355,percent of total employment,World Bank WDI API,2016,SL.EMP.VULN.ZS,Vulnerable employment (own-account + contributing family workers),TUR
2017-01-01,,1396,,vulnerable_employment_pct_tur,28.3715601440239,percent of total employment,World Bank WDI API,2017,SL.EMP.VULN.ZS,Vulnerable employment (own-account + contributing family workers),TUR
2018-01-01,,1397,,vulnerable_employment_pct_tur,27.7291319199479,percent of total employment,World Bank WDI API,2018,SL.EMP.VULN.ZS,Vulnerable employment (own-account + contributing family workers),TUR
2019-01-01,,1398,,vulnerable_employment_pct_tur,27.2453632622777,percent of total employment,World Bank WDI API,2019,SL.EMP.VULN.ZS,Vulnerable employment (own-account + contributing family workers),TUR
2020-01-01,,1399,,vulnerable_employment_pct_tur,25.8718429248838,percent of total employment,World Bank WDI API,2020,SL.EMP.VULN.ZS,Vulnerable employment (own-account + contributing family workers),TUR
2021-01-01,,1400,,vulnerable_employment_pct_tur,25.5227753796423,percent of total employment,World Bank WDI API,2021,SL.EMP.VULN.ZS,Vulnerable employment (own-account + contributing family workers),TUR
2022-01-01,,1401,,vulnerable_employment_pct_tur,24.8219911815549,percent of total employment,World Bank WDI API,2022,SL.EMP.VULN.ZS,Vulnerable employment (own-account + contributing family workers),TUR
2023-01-01,,1402,,vulnerable_employment_pct_tur,23.9397520247123,percent of total employment,World Bank WDI API,2023,SL.EMP.VULN.ZS,Vulnerable employment (own-account + contributing family workers),TUR
2024-01-01,,1403,,vulnerable_employment_pct_tur,24.2129995221766,percent of total employment,World Bank WDI API,2024,SL.EMP.VULN.ZS,Vulnerable employment (own-account + contributing family workers),TUR
2025-01-01,,1404,,vulnerable_employment_pct_tur,23.9069908746299,percent of total employment,World Bank WDI API,2025,SL.EMP.VULN.ZS,Vulnerable employment (own-account + contributing family workers),TUR
