ym,date_jalali,date_gregorian,year_jalali,month_jalali,aed_free_market,beef,brent_crude,brent_pinksheet,coin_bahar,coin_emami,coin_half,coin_quarter,cpi_core_wb,cpi_energy_wb,cpi_headline_wb,crude_oil_avg,dap_fertiliser,eur_free_market,gbp_free_market,gold_18k,gold_24k,gold_mesghal,gold_ounce_usd,gold_pinksheet,maize,natgas_europe,natgas_index,ppi_wb,soybean_oil,sugar,usd_free_market,wb_agriculture_index,wb_beverages_index,wb_energy_index,wb_fertilizers_index,wb_food_index,wb_non_energy_index,wb_raw_materials_index,wb_total_index,wheat,coin_emami_eom,coin_emami_dvol,coin_emami_dmax,coin_emami_h2h1,gold_18k_h2h1,gold_18k_eom,gold_18k_dvol,gold_18k_dmax,usd_free_market_h2h1,usd_free_market_eom,usd_free_market_dvol,usd_free_market_dmax,usd_free_market_logdiff,usd_free_market_yoy,eur_free_market_logdiff,eur_free_market_yoy,gbp_free_market_logdiff,gbp_free_market_yoy,aed_free_market_logdiff,aed_free_market_yoy,coin_emami_logdiff,coin_emami_yoy,coin_bahar_logdiff,coin_bahar_yoy,gold_18k_logdiff,gold_18k_yoy,gold_24k_logdiff,gold_24k_yoy,gold_ounce_usd_logdiff,gold_ounce_usd_yoy,brent_crude_logdiff,brent_crude_yoy,brent_pinksheet_logdiff,brent_pinksheet_yoy,wb_food_index_logdiff,wb_food_index_yoy,wb_energy_index_logdiff,wb_energy_index_yoy,wb_total_index_logdiff,wb_total_index_yoy,wb_non_energy_index_logdiff,wb_non_energy_index_yoy,wb_agriculture_index_logdiff,wb_agriculture_index_yoy,wb_fertilizers_index_logdiff,wb_fertilizers_index_yoy,wheat_logdiff,wheat_yoy,maize_logdiff,maize_yoy,sugar_logdiff,sugar_yoy,soybean_oil_logdiff,soybean_oil_yoy,cpi_headline_wb_logdiff,cpi_headline_wb_yoy,cpi_energy_wb_logdiff,cpi_energy_wb_yoy,cpi_core_wb_logdiff,cpi_core_wb_yoy,ppi_wb_logdiff,ppi_wb_yoy,usd_depreciation_1m,usd_depreciation_3m,usd_depreciation_6m,usd_depreciation_12m,gold_rial_premium,coin_gold_ratio,month_sin,month_cos,is_nowruz_month,is_ramadan_adjacent
1338-01,1338-01-01,1959-03-22,1338,1,,,,,,,,,,,,,,,,,,,,,,,,,,,,,,,,,,,,,,,,,,,,,,,,,,,,,,,,,,,,,,,,,,,,,,,,,,,,,,,,,,,,,,,,,,,,,,,,,,,,,,,,,0.49999999999999994,0.8660254037844387,1,1
1338-02,1338-02-01,1959-04-22,1338,2,,,,,,,,,,,,,,,,,,,,,,,,,,,,,,,,,,,,,,,,,,,,,,,,,,,,,,,,,,,,,,,,,,,,,,,,,,,,,,,,,,,,,,,,,,,,,,,,,,,,,,,,,0.8660254037844386,0.5000000000000001,0,0
1338-03,1338-03-01,1959-05-23,1338,3,,,,,,,,,,,,,,,,,,,,,,,,,,,,,,,,,,,,,,,,,,,,,,,,,,,,,,,,,,,,,,,,,,,,,,,,,,,,,,,,,,,,,,,,,,,,,,,,,,,,,,,,,1.0,6.123233995736766e-17,0,0
1338-04,1338-04-01,1959-06-23,1338,4,,,,,,,,,,,,,,,,,,,,,,,,,,,,,,,,,,,,,,,,,,,,,,,,,,,,,,,,,,,,,,,,,,,,,,,,,,,,,,,,,,,,,,,,,,,,,,,,,,,,,,,,,0.8660254037844387,-0.4999999999999998,0,0
1338-05,1338-05-01,1959-07-24,1338,5,,,,,,,,,,,,,,,,,,,,,,,,,,,,,,,,,,,,,,,,,,,,,,,,,,,,,,,,,,,,,,,,,,,,,,,,,,,,,,,,,,,,,,,,,,,,,,,,,,,,,,,,,0.49999999999999994,-0.8660254037844387,0,0
1338-06,1338-06-01,1959-08-24,1338,6,,,,,,,,,,,,,,,,,,,,,,,,,,,,,,,,,,,,,,,,,,,,,,,,,,,,,,,,,,,,,,,,,,,,,,,,,,,,,,,,,,,,,,,,,,,,,,,,,,,,,,,,,1.2246467991473532e-16,-1.0,0,0
1338-07,1338-07-01,1959-09-24,1338,7,,,,,,,,,,,,,,,,,,,,,,,,,,,,,,,,,,,,,,,,,,,,,,,,,,,,,,,,,,,,,,,,,,,,,,,,,,,,,,,,,,,,,,,,,,,,,,,,,,,,,,,,,-0.4999999999999997,-0.8660254037844388,0,0
1338-08,1338-08-01,1959-10-24,1338,8,,,,,,,,,,,,,,,,,,,,,,,,,,,,,,,,,,,,,,,,,,,,,,,,,,,,,,,,,,,,,,,,,,,,,,,,,,,,,,,,,,,,,,,,,,,,,,,,,,,,,,,,,-0.8660254037844385,-0.5000000000000004,0,0
1338-09,1338-09-01,1959-11-23,1338,9,,,,,,,,,,,,,,,,,,,,,,,,,,,,,,,,,,,,,,,,,,,,,,,,,,,,,,,,,,,,,,,,,,,,,,,,,,,,,,,,,,,,,,,,,,,,,,,,,,,,,,,,,-1.0,-1.8369701987210297e-16,0,0
1338-10,1338-10-01,1959-12-23,1338,10,,0.71,,1.6,,,,,,,,1.6,,,,,,,,35.0,45.0,0.4,,,204.0,0.07,,22.0,25.4,2.1,12.9,21.2,18.8,22.3,7.6,59.9,,,,,,,,,,,,,,,,,,,,,,,,,,,,,,,,,,,,,,,,,,,,,,,,,,,,,,,,,,,,,,,,,,,,,-0.8660254037844386,0.5000000000000001,0,0
1338-11,1338-11-01,1960-01-22,1338,11,,0.71,,1.6,,,,,,,,1.6,,,,,,,,35.0,44.0,0.4,,,201.0,0.07,,21.8,25.1,2.1,12.9,20.9,18.7,22.4,7.6,61.0,,,,,,,,,,,,,,,,,,,,,,,,,,,,,,,,,0.0,,-0.014252022707201828,,0.0,,0.0,,-0.005333345975362835,,-0.009132483563272675,,0.0,,0.018197359051908002,,-0.022472855852058604,,0.0,,-0.014815085785140347,,,,,,,,,,,,,,,,-0.5000000000000004,0.8660254037844384,0,0
1338-12,1338-12-01,1960-02-21,1338,12,,0.77,,1.6,,,,,,,,1.6,,,,,,,,35.0,45.0,0.4,,,201.0,0.07,,21.9,24.6,2.1,12.9,21.1,18.7,22.5,7.6,61.7,,,,,,,,,,,,,,,,,,,,,,,,,,,,,,,,,0.0,,0.009523881511255716,,0.0,,0.0,,0.0,,0.004576667027411663,,0.0,,0.0114100667380308,,0.022472855852058604,,0.0,,0.0,,,,,,,,,,,,,,,,-2.4492935982947064e-16,1.0,0,1
1339-01,1339-01-01,1960-03-21,1339,1,,0.84,,1.6,,,,,,,,1.6,,,,,,,,35.0,45.0,0.4,,,207.0,0.07,,22.0,24.9,2.1,12.9,21.2,18.8,22.6,7.7,61.0,,,,,,,,,,,,,,,,,,,,,,,,,,,,,,,,,0.0,,0.004728141195946112,,0.0,,0.013072081567353067,,0.005333345975362835,,0.0045558165358610125,,0.0,,-0.0114100667380308,,0.0,,0.0,,0.029413885206293067,,,,,,,,,,,,,,,,0.49999999999999994,0.8660254037844387,1,1
1339-02,1339-02-01,1960-04-21,1339,2,,0.76,,1.6,,,,,,,,1.6,,,,,,,,35.0,48.0,0.4,,,209.0,0.07,,22.0,24.8,2.1,12.9,21.1,18.8,23.0,7.6,57.7,,,,,,,,,,,,,,,,,,,,,,,,,,,,,,,,,0.0,,-0.004728141195946112,,0.0,,-0.013072081567353067,,0.0,,0.0,,0.0,,-0.05561669065925745,,0.06453852113757153,,0.0,,0.009615458699442136,,,,,,,,,,,,,,,,0.8660254037844386,0.5000000000000001,0,0
1339-03,1339-03-01,1960-05-22,1339,3,,0.71,,1.6,,,,,,,,1.6,,,,,,,,35.0,47.0,0.4,,,218.0,0.07,,21.7,24.7,2.1,12.9,20.7,18.6,22.8,7.6,55.5,,,,,,,,,,,,,,,,,,,,,,,,,,,,,,,,,0.0,,-0.01913934021069741,,0.0,,0.0,,-0.010695289116747997,,-0.013730192811902242,,0.0,,-0.03887415276166539,,-0.021053409197832718,,0.0,,0.04216081082427792,,,,,,,,,,,,,,,,1.0,6.123233995736766e-17,0,0
1339-04,1339-04-01,1960-06-22,1339,4,,0.75,,1.6,,,,,,,,1.6,,,,,,,,35.0,47.0,0.4,,,224.0,0.07,,21.7,24.9,2.1,12.9,20.8,18.6,22.2,7.6,54.8,,,,,,,,,,,,,,,,,,,,,,,,,,,,,,,,,0.0,,0.004819286435949088,,0.0,,0.0,,0.0,,0.0,,0.0,,-0.012692826798418544,,0.0,,0.0,,0.027150989065950704,,,,,,,,,,,,,,,,0.8660254037844387,-0.4999999999999998,0,0
1339-05,1339-05-01,1960-07-23,1339,5,,0.78,,1.6,,,,,,,,1.6,,,,,,,,35.0,47.0,0.4,,,237.0,0.07,,21.7,24.8,2.1,12.9,21.1,18.5,21.7,7.6,55.1,,,,,,,,,,,,,,,,,,,,,,,,,,,,,,,,,0.0,,0.01432005377474832,,0.0,,0.0,,-0.005390848634876821,,0.0,,0.0,,0.005459522204898981,,0.0,,0.0,,0.05641408928009195,,,,,,,,,,,,,,,,0.49999999999999994,-0.8660254037844387,0,0
1339-06,1339-06-01,1960-08-23,1339,6,,0.81,,1.6,,,,,,,,1.6,,,,,,,,35.0,46.0,0.4,,,231.0,0.07,,21.9,24.7,2.1,12.9,21.3,18.6,21.8,7.6,56.6,,,,,,,,,,,,,,,,,,,,,,,,,,,,,,,,,0.0,,0.009434032233358813,,0.0,,0.0,,0.005390848634876821,,0.00917437627604123,,0.0,,0.026859269050268253,,-0.02150620522096336,,0.0,,-0.025642430613338263,,,,,,,,,,,,,,,,1.2246467991473532e-16,-1.0,0,0
1339-07,1339-07-01,1960-09-23,1339,7,,0.71,,1.6,,,,,,,,1.6,,,,,,,,35.0,42.0,0.4,,,237.0,0.05,,21.2,24.8,2.1,12.9,20.3,18.1,21.6,7.4,57.0,,,,,,,,,,,,,,,,,,,,,,,,,,,,,,,,,0.0,,-0.048086186667637865,,0.0,,-0.026668247082160867,,-0.0272496424473756,,-0.032485455144488196,,0.0,,0.0070422826254130655,,-0.09097177820572666,,-0.33647223662121295,,0.025642430613338263,,,,,,,,,,,,,,,,-0.4999999999999997,-0.8660254037844388,0,0
1339-08,1339-08-01,1960-10-23,1339,8,,0.63,,1.6,,,,,,,,1.6,,,,,,,,35.0,38.0,0.4,,,259.0,0.05,,20.8,24.5,2.1,12.9,19.8,17.9,21.2,7.3,57.7,,,,,,,,,,,,,,,,,,,,,,,,,,,,,,,,,0.0,,-0.024938948347251966,,0.0,,-0.013605652055778794,,-0.011111225425071147,,-0.019048194970694432,,0.0,,0.012205905679503637,,-0.10008345855698275,,0.0,,0.08876792056440586,,,,,,,,,,,,,,,,-0.8660254037844385,-0.5000000000000004,0,0
1339-09,1339-09-01,1960-11-22,1339,9,,0.67,,1.6,,,,,,,,1.6,,,,,,,,35.0,40.0,0.4,,,259.0,0.06,,21.1,23.8,2.1,12.9,20.5,18.1,21.2,7.4,58.1,,,,,,,,,,,,,,,,,,,,,,,,,,,,,,,,,0.0,,0.03474294844387282,,0.0,,0.013605652055778794,,0.011111225425071147,,0.01432005377474832,,0.0,,0.006908490343811913,,0.05129329438755059,,0.18232155679395445,,0.0,,,,,,,,,,,,,,,,-1.0,-1.8369701987210297e-16,0,0
1339-10,1339-10-01,1960-12-22,1339,10,,0.64,,1.6,,,,,,,,1.6,,,,,,,,35.0,43.0,0.4,,,278.0,0.06,,21.2,22.9,2.1,12.9,21.1,18.1,20.7,7.4,58.8,,,,,,,,,,,,,,,,,,,,,,,,,,,,,,,,,0.0,0.0,0.028848154337658194,-0.4716981132075415,0.0,0.0,0.0,-2.631578947368407,0.0,-3.7234042553191404,0.004728141195946112,-3.6363636363636376,0.0,0.0,0.011976191046715101,-1.8363939899833093,0.07232066157962613,-4.444444444444439,0.0,-14.285714285714302,0.07079305199109953,36.274509803921575,,,,,,,,,,,,,,,-0.8660254037844386,0.5000000000000001,0,0
1339-11,1339-11-01,1961-01-21,1339,11,,0.64,,1.6,,,,,,,,1.6,,,,,,,,35.0,44.0,0.4,,,303.0,0.06,,21.7,22.9,2.1,12.9,21.8,18.4,20.6,7.5,59.2,,,,,,,,,,,,,,,,,,,,,,,,,,,,,,,,,0.0,0.0,0.032636929313022645,4.306220095693791,0.0,0.0,0.013423020332140378,-1.3157894736842035,0.016438726343159793,-1.6042780748663166,0.023311078868446966,-0.4587155963302836,0.0,0.0,0.006779686985379563,-2.950819672131144,0.022989518224698635,0.0,0.0,-14.285714285714302,0.0861116918187319,50.74626865671641,,,,,,,,,,,,,,,-0.5000000000000004,0.8660254037844384,0,0
1339-12,1339-12-01,1961-02-20,1339,12,,0.78,,1.6,,,,,,,,1.6,,,,,,,,35.0,44.0,0.4,,,311.0,0.06,,22.2,22.5,2.1,12.9,22.7,18.7,20.8,7.6,58.1,,,,,,,,,,,,,,,,,,,,,,,,,,,,,,,,,0.0,0.0,0.04045495469231364,7.582938388625582,0.0,0.0,0.013245226750020489,0.0,0.016172859245600968,0.0,0.022780028331820024,1.3698630136986356,0.0,0.0,-0.018755878032094664,-5.834683954619124,0.0,-2.2222222222222254,0.0,-14.285714285714302,0.026060106669865135,54.72636815920397,,,,,,,,,,,,,,,-2.4492935982947064e-16,1.0,0,1
1340-01,1340-01-01,1961-03-21,1340,1,,0.71,,1.6,,,,,,,,1.6,,,,,,,,35.0,43.0,0.4,,,322.0,0.07,,22.4,22.1,2.1,12.9,23.1,18.9,21.0,7.6,57.3,,,,,,,,,,,,,,,,,,,,,,,,,,,,,,,,,0.0,0.0,0.017467693040390753,8.962264150943412,0.0,0.0,0.0,-1.2987012987013102,0.010638398205055744,0.5319148936170137,0.008968669982760247,1.8181818181818077,0.0,0.0,-0.013865040137171825,-6.065573770491806,-0.022989518224698635,-4.444444444444439,0.1541506798272585,0.0,0.034758633365174596,55.55555555555556,,,,,,,,,,,,,,,0.49999999999999994,0.8660254037844387,1,1
1340-02,1340-02-01,1961-04-21,1340,2,,0.64,,1.6,,,,,,,,1.6,,,,,,,,35.0,45.0,0.4,,,314.0,0.07,,22.4,22.6,2.1,12.9,22.8,18.9,21.0,7.6,55.9,,,,,,,,,,,,,,,,,,,,,,,,,,,,,,,,,0.0,0.0,-0.013072081567352622,8.056872037914697,0.0,0.0,0.0,0.0,0.0,0.5319148936170137,0.0,1.8181818181818077,0.0,0.0,-0.02473624355964077,-3.119584055459279,0.04546237407675724,-6.25,0.0,0.0,-0.02515855963615543,50.23923444976077,,,,,,,,,,,,,,,0.8660254037844386,0.5000000000000001,0,0
1340-03,1340-03-01,1961-05-22,1340,3,,0.68,,1.6,,,,,,,,1.6,,,,,,,,35.0,44.0,0.4,,,295.0,0.07,,22.0,22.7,2.1,12.9,22.3,18.7,20.8,7.6,54.4,,,,,,,,,,,,,,,,,,,,,,,,,,,,,,,,,0.0,0.0,-0.022173857494322213,7.7294685990338285,0.0,0.0,0.0,0.0,-0.010638398205055744,0.5376344086021501,-0.01801850550267803,1.382488479262678,0.0,0.0,-0.027200226299156416,-1.981981981981984,-0.022472855852058604,-6.382978723404253,0.0,0.0,-0.062417629568432886,35.321100917431195,,,,,,,,,,,,,,,1.0,6.123233995736766e-17,0,0
1340-04,1340-04-01,1961-06-22,1340,4,,0.67,,1.6,,,,,,,,1.6,,,,,,,,35.0,45.0,0.4,,,282.0,0.06,,21.8,22.5,2.1,12.9,22.1,18.5,20.8,7.5,56.6,,,,,,,,,,,,,,,,,,,,,,,,,,,,,,,,,0.0,0.0,-0.009009069942365944,6.25,0.0,0.0,-0.013245226750020489,-1.3157894736842035,-0.010752791776261983,-0.5376344086021612,-0.009132483563272675,0.4608294930875667,0.0,0.0,0.039644831347240395,3.284671532846728,0.022472855852058604,-4.255319148936165,-0.1541506798272585,-14.285714285714302,-0.045068285401706376,25.89285714285714,,,,,,,,,,,,,,,0.8660254037844387,-0.4999999999999998,0,0
1340-05,1340-05-01,1961-07-23,1340,5,,0.69,,1.6,,,,,,,,1.6,,,,,,,,35.0,44.0,0.4,,,276.0,0.05,,21.6,22.6,2.1,12.9,21.7,18.4,20.8,7.5,58.8,,,,,,,,,,,,,,,,,,,,,,,,,,,,,,,,,0.0,0.0,-0.018265347977293178,2.843601895734582,0.0,0.0,0.0,-1.3157894736842035,-0.005420067469338985,-0.5405405405405461,-0.009216655104923976,-0.4608294930875445,0.0,0.0,0.038132869695443716,6.715063520871145,-0.022472855852058604,-6.382978723404253,-0.18232155679395445,-28.57142857142857,-0.021506205220964247,16.455696202531644,,,,,,,,,,,,,,,0.49999999999999994,-0.8660254037844387,0,0
1340-06,1340-06-01,1961-08-23,1340,6,,0.71,,1.6,,,,,,,,1.6,,,,,,,,35.0,43.0,0.4,,,267.0,0.05,,21.4,22.4,2.1,12.9,21.4,18.2,20.8,7.4,59.9,,,,,,,,,,,,,,,,,,,,,,,,,,,,,,,,,0.0,0.0,-0.013921338518608106,0.46948356807510194,0.0,0.0,-0.013423020332140378,-2.631578947368407,-0.010929070532190277,-2.1505376344086113,-0.009302392662313697,-2.2831050228310557,0.0,0.0,0.018534650216822435,5.830388692579502,-0.022989518224698635,-6.521739130434778,0.0,-28.57142857142857,-0.03315220731689994,15.58441558441559,,,,,,,,,,,,,,,1.2246467991473532e-16,-1.0,0,0
1340-07,1340-07-01,1961-09-23,1340,7,,0.67,,1.6,,,,,,,,1.6,,,,,,,,35.0,47.6,0.4,,,270.0,0.05,,21.4,22.3,2.1,12.9,21.4,18.2,20.7,7.4,60.3,,,,,,,,,,,,,,,,,,,,,,,,,,,,,,,,,0.0,0.0,0.0,5.418719211822642,0.0,0.0,0.0,0.0,0.0,0.5524861878452914,0.0,0.943396226415083,0.0,0.0,0.00665559861173648,5.789473684210522,0.10163264554381213,13.33333333333333,0.0,0.0,0.01117330059812538,13.924050632911399,,,,,,,,,,,,,,,-0.4999999999999997,-0.8660254037844388,0,0
1340-08,1340-08-01,1961-10-23,1340,8,,0.64,,1.6,,,,,,,,1.6,,,,,,,,35.0,48.4,0.4,,,265.0,0.05,,21.6,22.5,2.1,12.9,21.9,18.3,20.3,7.5,61.7,,,,,,,,,,,,,,,,,,,,,,,,,,,,,,,,,0.0,0.0,0.023095714794649336,10.606060606060597,0.0,0.0,0.013423020332140378,2.7397260273972712,0.005479465764625768,2.2346368715083997,0.009302392662313697,3.8461538461538547,0.0,0.0,0.022951827178202322,6.932409012131724,0.016667052485211276,27.368421052631575,0.0,0.0,-0.018692133012153,2.316602316602312,,,,,,,,,,,,,,,-0.8660254037844385,-0.5000000000000004,0,0
1340-09,1340-09-01,1961-11-22,1340,9,,0.72,,1.6,,,,,,,,1.6,,,,,,,,35.0,48.4,0.4,,,265.0,0.05,,21.6,23.2,2.1,12.9,21.7,18.4,20.4,7.5,62.5,,,,,,,,,,,,,,,,,,,,,,,,,,,,,,,,,0.0,0.0,-0.00917437627604123,5.853658536585371,0.0,0.0,0.0,1.3513513513513375,0.005449604767564509,1.6574585635358963,0.0,2.369668246445489,0.0,0.0,0.01288262583101396,7.5731497418244365,0.0,20.999999999999996,0.0,-16.666666666666664,0.0,2.316602316602312,,,,,,,,,,,,,,,-1.0,-1.8369701987210297e-16,0,0
1340-10,1340-10-01,1961-12-22,1340,10,,0.76,,1.5,,,,,,,,1.5,,,,,,,,35.0,48.0,0.4,,,265.0,0.05,,21.3,22.4,2.0,12.6,21.4,18.2,20.5,7.4,60.6,,,,,,,,,,,,,,,,,,,,,,,,,,,,,,,,,-0.06453852113757125,-6.25,-0.013921338518608106,1.42180094786728,-0.04879016416943205,-4.761904761904767,-0.013423020332140378,0.0,-0.010929070532190277,0.5524861878452914,-0.013986241974739855,0.4716981132075526,-0.023530497410194418,-2.3255813953488413,-0.030871663667086935,3.061224489795933,-0.008298802814694639,11.627906976744185,0.0,-16.666666666666664,0.0,-4.67625899280576,,,,,,,,,,,,,,,-0.8660254037844386,0.5000000000000001,0,0
1340-11,1340-11-01,1962-01-21,1340,11,,0.76,,1.5,,,,,,,,1.5,,,,,,,,35.0,48.0,0.4,,,259.0,0.05,,21.4,22.8,2.0,12.6,21.4,18.2,20.7,7.4,61.4,,,,,,,,,,,,,,,,,,,,,,,,,,,,,,,,,0.0,-6.25,0.0,-1.8348623853211121,0.0,-4.761904761904767,0.0,-1.3333333333333308,0.0,-1.0869565217391242,0.004683849312426158,-1.382488479262678,0.0,-2.3255813953488413,0.013114942077827152,3.716216216216206,0.0,9.090909090909083,0.0,-16.666666666666664,-0.022901764286684667,-14.52145214521452,,,,,,,,,,,,,,,-0.5000000000000004,0.8660254037844384,0,0
1340-12,1340-12-01,1962-02-20,1340,12,,0.71,,1.5,,,,,,,,1.5,,,,,,,,35.0,48.8,0.4,,,256.0,0.06,,21.4,22.0,2.0,12.6,21.6,18.2,20.6,7.4,61.7,,,,,,,,,,,,,,,,,,,,,,,,,,,,,,,,,0.0,-6.25,0.009302392662313697,-4.8458149779735615,0.0,-4.761904761904767,0.0,-2.631578947368407,0.0,-2.67379679144385,0.0,-3.603603603603611,0.0,-2.3255813953488413,0.004874095758245822,6.196213425129082,0.016529301951210496,10.909090909090914,0.18232155679395445,0.0,-0.011650617219975068,-17.684887459807076,,,,,,,,,,,,,,,-2.4492935982947064e-16,1.0,0,1
1341-01,1341-01-01,1962-03-21,1341,1,,0.65,,1.5,,,,,,,,1.5,,,,,,,,35.0,48.8,0.4,,,254.0,0.06,,21.4,22.2,2.0,12.6,21.7,18.2,20.5,7.4,62.1,,,,,,,,,,,,,,,,,,,,,,,,,,,,,,,,,0.0,-6.25,0.00461894585629441,-6.060606060606066,0.0,-4.761904761904767,0.0,-2.631578947368407,0.0,-3.703703703703698,0.0,-4.46428571428571,0.0,-2.3255813953488413,0.006462058028090745,8.37696335078535,0.0,13.488372093023248,0.0,-14.285714285714302,-0.007843177461025697,-21.118012422360245,,,,,,,,,,,,,,,0.49999999999999994,0.8660254037844387,1,1
1341-02,1341-02-01,1962-04-21,1341,2,,0.73,,1.5,,,,,,,,1.5,,,,,,,,35.0,49.6,0.4,,,234.0,0.06,,21.7,22.0,2.0,12.6,22.1,18.3,20.5,7.4,63.6,,,,,,,,,,,,,,,,,,,,,,,,,,,,,,,,,0.0,-6.25,0.018265347977293178,-3.0701754385964897,0.0,-4.761904761904767,0.0,-2.631578947368407,0.005479465764625768,-3.1746031746031633,0.013921338518608106,-3.125,0.0,-2.3255813953488413,0.02386748140664352,13.77459749552774,0.016260520871780315,10.222222222222221,0.0,-14.285714285714302,-0.0820131516608349,-25.47770700636943,,,,,,,,,,,,,,,0.8660254037844386,0.5000000000000001,0,0
1341-03,1341-03-01,1962-05-22,1341,3,,0.79,,1.5,,,,,,,,1.5,,,,,,,,35.0,49.6,0.4,,,215.0,0.06,,21.6,21.9,2.0,12.6,22.0,18.3,20.3,7.4,64.3,,,,,,,,,,,,,,,,,,,,,,,,,,,,,,,,,0.0,-6.25,-0.004535155165390936,-1.3452914798206317,0.0,-4.761904761904767,0.0,-2.631578947368407,0.0,-2.1390374331550777,-0.00461894585629441,-1.8181818181818077,0.0,-2.3255813953488413,0.01094616089749767,18.198529411764696,0.0,12.72727272727272,0.0,-14.285714285714302,-0.08468308723003926,-27.118644067796616,,,,,,,,,,,,,,,1.0,6.123233995736766e-17,0,0
1341-04,1341-04-01,1962-06-22,1341,4,,0.76,,1.5,,,,,,,,1.5,,,,,,,,35.0,48.8,0.4,,,198.0,0.06,,21.5,21.9,2.0,12.6,21.9,18.2,20.3,7.4,65.4,,,,,,,,,,,,,,,,,,,,,,,,,,,,,,,,,0.0,-6.25,-0.0045558165358610125,-0.9049773755656187,0.0,-4.761904761904767,0.0,-1.3333333333333308,-0.005479465764625768,-1.6216216216216273,-0.0046403795565024275,-1.3761467889908285,0.0,-2.3255813953488413,0.016962627219578863,15.547703180212014,-0.016260520871780315,8.444444444444432,0.0,0.0,-0.08237099743312726,-29.78723404255319,,,,,,,,,,,,,,,0.8660254037844387,-0.4999999999999998,0,0
1341-05,1341-05-01,1962-07-23,1341,5,,0.75,,1.5,,,,,,,,1.5,,,,,,,,35.0,47.2,0.4,,,198.0,0.06,,21.3,22.0,2.0,12.6,21.7,18.1,20.2,7.4,66.5,,,,,,,,,,,,,,,,,,,,,,,,,,,,,,,,,0.0,-6.25,-0.00917437627604123,0.0,0.0,-4.761904761904767,0.0,-1.3333333333333308,-0.005509655810969516,-1.6304347826086807,-0.009345862418237427,-1.388888888888895,0.0,-2.3255813953488413,0.016679689198655367,13.095238095238093,-0.03333642026759209,7.272727272727275,0.0,19.999999999999996,0.0,-28.260869565217394,,,,,,,,,,,,,,,0.49999999999999994,-0.8660254037844387,0,0
1341-06,1341-06-01,1962-08-23,1341,6,,0.8,,1.5,,,,,,,,1.5,,,,,,,,35.0,47.6,0.4,,,198.0,0.06,,21.5,22.0,2.0,12.6,21.9,18.2,20.2,7.4,65.8,,,,,,,,,,,,,,,,,,,,,,,,,,,,,,,,,0.0,-6.25,0.00917437627604123,2.336448598130847,0.0,-4.761904761904767,0.0,0.0,0.005509655810969516,0.0,0.009345862418237427,0.4672897196261738,0.0,-2.3255813953488413,-0.010582109330536937,9.849749582637735,0.008438868645864961,10.697674418604652,0.0,19.999999999999996,0.0,-25.842696629213478,,,,,,,,,,,,,,,1.2246467991473532e-16,-1.0,0,0
1341-07,1341-07-01,1962-09-23,1341,7,,0.68,,1.5,,,,,,,,1.5,,,,,,,,35.0,47.6,0.4,,,212.0,0.07,,21.2,21.7,2.0,12.6,21.5,18.1,20.3,7.3,64.3,,,,,,,,,,,,,,,,,,,,,,,,,,,,,,,,,0.0,-6.25,-0.018433701688838067,0.4672897196261738,0.0,-4.761904761904767,-0.013605652055778794,-1.3513513513513598,-0.005509655810969516,-0.5494505494505364,-0.014051753455650129,-0.9345794392523366,0.0,-2.3255813953488413,-0.023060207087697293,6.633499170812596,0.0,0.0,0.1541506798272585,40.000000000000014,0.06831924397747713,-21.48148148148148,,,,,,,,,,,,,,,-0.4999999999999997,-0.8660254037844388,0,0
1341-08,1341-08-01,1962-10-23,1341,8,,0.59,,1.5,,,,,,,,1.5,,,,,,,,35.0,48.4,0.4,,,220.0,0.08,,21.7,21.7,2.0,12.6,22.3,18.4,20.4,7.4,68.7,,,,,,,,,,,,,,,,,,,,,,,,,,,,,,,,,0.0,-6.25,0.03653374333245596,1.82648401826484,0.0,-4.761904761904767,0.013605652055778794,-1.3333333333333308,0.016438726343159793,0.5464480874316724,0.023311078868446966,0.4629629629629539,0.0,-2.3255813953488413,0.06618956798472997,11.345218800648293,0.016667052485211276,0.0,0.1335313926245223,59.999999999999986,0.03704127168034965,-16.981132075471695,,,,,,,,,,,,,,,-0.8660254037844385,-0.5000000000000004,0,0
1341-09,1341-09-01,1962-11-22,1341,9,,0.6,,1.5,,,,,,,,1.5,,,,,,,,35.0,51.2,0.4,,,215.0,0.09,,21.7,22.1,2.0,12.6,22.1,18.4,20.5,7.4,67.6,,,,,,,,,,,,,,,,,,,,,,,,,,,,,,,,,0.0,-6.25,-0.009009069942365944,1.8433179723502446,0.0,-4.761904761904767,0.0,-1.3333333333333308,0.0,0.0,0.0,0.4629629629629539,0.0,-2.3255813953488413,-0.016141216179385687,8.15999999999999,0.05623971832287644,5.785123966942152,0.11778303565638337,79.99999999999999,-0.022989518224699523,-18.867924528301884,,,,,,,,,,,,,,,-1.0,-1.8369701987210297e-16,0,0
1341-10,1341-10-01,1962-12-22,1341,10,,0.57,,1.5,,,,,,,,1.5,,,,,,,,35.0,52.8,0.39,,,223.0,0.12,,22.1,22.2,2.0,12.7,22.8,18.6,20.4,7.5,67.2,,,,,,,,,,,,,,,,,,,,,,,,,,,,,,,,,0.0,0.0,0.031182927436688157,6.542056074766367,0.0,0.0,0.013423020332140378,1.3513513513513375,0.010810916104215806,2.197802197802212,0.018265347977293178,3.7558685446009488,0.007905179507113669,0.7936507936507908,-0.005934735519814716,10.8910891089109,0.030771658666753687,9.999999999999986,0.28768207245178123,140.0,0.0365337433324564,-15.849056603773581,,,,,,,,,,,,,,,-0.8660254037844386,0.5000000000000001,0,0
1341-11,1341-11-01,1963-01-21,1341,11,,0.56,,1.5,,,,,,,,1.5,,,,,,,,35.0,53.2,0.39,,,231.0,0.13,,22.3,22.3,2.0,12.7,23.2,18.8,20.3,7.6,68.3,,,,,,,,,,,,,,,,,,,,,,,,,,,,,,,,,0.0,0.0,0.017391742711869274,8.41121495327104,0.0,0.0,0.013245226750020489,2.7027027027026973,0.010695289116747997,3.296703296703307,0.009009069942365944,4.20560747663552,0.0,0.7936507936507908,0.016236519047640563,11.23778501628665,0.007547205635382692,10.83333333333334,0.08004270767353638,160.0,0.03524593906167439,-10.81081081081081,,,,,,,,,,,,,,,-0.5000000000000004,0.8660254037844384,0,0
1341-12,1341-12-01,1963-02-20,1341,12,,0.56,,1.5,,,,,,,,1.5,,,,,,,,35.0,52.4,0.39,,,229.0,0.14,,22.4,22.2,2.0,12.7,23.3,18.8,20.2,7.6,69.5,,,,,,,,,,,,,,,,,,,,,,,,,,,,,,,,,0.0,0.0,0.004301081899390269,7.870370370370372,0.0,0.0,0.0,2.7027027027026973,0.0,3.296703296703307,0.0044742803949211485,4.672897196261672,0.0,0.7936507936507908,0.017416985994001877,12.641815235008092,-0.015151805020602094,7.377049180327866,0.07410797215372189,133.33333333333334,-0.008695706967553285,-10.546875,,,,,,,,,,,,,,,-2.4492935982947064e-16,1.0,0,1
1342-01,1342-01-01,1963-03-21,1342,1,,0.65,,1.5,,,,,,,,1.5,,,,,,,,35.0,52.0,0.39,,,229.0,0.16,,22.7,22.6,2.0,12.7,23.8,19.0,20.2,7.6,70.9,,,,,,,,,,,,,,,,,,,,,,,,,,,,,,,,,0.0,0.0,0.021232220105774413,9.677419354838722,0.0,0.0,0.0,2.7027027027026973,0.010582109330536493,4.395604395604402,0.013303965626362935,6.074766355140193,0.0,0.7936507936507908,0.019943680967335453,14.170692431561992,-0.007662872745568983,6.557377049180335,0.13353139262452252,166.66666666666669,0.0,-9.842519685039374,,,,,,,,,,,,,,,0.49999999999999994,0.8660254037844387,1,1
1342-02,1342-02-01,1963-04-21,1342,2,,0.69,,1.5,,,,,,,,1.5,,,,,,,,35.0,52.4,0.39,,,231.0,0.22,,23.5,23.0,2.0,12.7,24.9,19.5,20.2,7.8,67.6,,,,,,,,,,,,,,,,,,,,,,,,,,,,,,,,,0.0,0.0,0.04518222279323281,12.669683257918528,0.0,0.0,0.025975486403261083,5.405405405405395,0.02597548640326064,6.557377049180313,0.03463549666275645,8.294930875576046,0.0,0.7936507936507908,-0.04766245048916318,6.2893081761006275,0.007662872745568983,5.645161290322576,0.3184537311185347,266.6666666666667,0.008695706967553285,-1.2820512820512775,,,,,,,,,,,,,,,0.8660254037844386,0.5000000000000001,0,0
1342-03,1342-03-01,1963-05-22,1342,3,,0.69,,1.5,,,,,,,,1.5,,,,,,,,35.0,55.5,0.39,,,231.0,0.22,,23.4,22.5,2.0,12.7,24.9,19.5,20.1,7.8,58.4,,,,,,,,,,,,,,,,,,,,,,,,,,,,,,,,,0.0,0.0,0.0,13.181818181818183,0.0,0.0,0.0,5.405405405405395,0.0,6.557377049180313,-0.004264398786457679,8.333333333333325,0.0,0.7936507936507908,-0.14629209321473713,-9.175738724727832,0.057476429425391995,11.895161290322577,0.0,266.6666666666667,0.0,7.441860465116279,,,,,,,,,,,,,,,1.0,6.123233995736766e-17,0,0
1342-04,1342-04-01,1963-06-22,1342,4,,0.76,,1.5,,,,,,,,1.5,,,,,,,,35.0,56.7,0.39,,,229.0,0.2,,23.2,22.1,2.0,12.7,24.8,19.4,19.9,7.7,57.7,,,,,,,,,,,,,,,,,,,,,,,,,,,,,,,,,0.0,0.0,-0.00402415029972536,13.242009132420108,0.0,0.0,-0.012903404835908017,4.054054054054057,-0.005141399500418586,6.593406593406592,-0.008583743691391366,7.906976744186034,0.0,0.7936507936507908,-0.012058716320127338,-11.773700305810397,0.02139118998131817,16.188524590163954,-0.09531017980432477,233.33333333333334,-0.008695706967553285,15.656565656565657,,,,,,,,,,,,,,,0.8660254037844387,-0.4999999999999998,0,0
1342-05,1342-05-01,1963-07-23,1342,5,,0.83,,1.5,,,,,,,,1.5,,,,,,,,35.0,55.5,0.39,,,207.0,0.14,,22.6,22.0,2.0,12.7,24.0,19.0,19.5,7.6,58.4,,,,,,,,,,,,,,,,,,,,,,,,,,,,,,,,,0.0,0.0,-0.03278982282299081,10.599078341013835,0.0,0.0,-0.013072081567353067,2.7027027027026973,-0.020834086902842053,4.972375690607733,-0.02620237239402412,6.103286384976525,0.0,0.7936507936507908,0.012058716320127338,-12.180451127819547,-0.02139118998131817,17.58474576271185,-0.35667494393873245,133.33333333333334,-0.10100321028887116,4.545454545454541,,,,,,,,,,,,,,,0.49999999999999994,-0.8660254037844387,0,0
1342-06,1342-06-01,1963-08-23,1342,6,,0.7,,1.5,,,,,,,,1.5,,,,,,,,35.0,55.9,0.39,,,204.0,0.16,,22.7,22.4,2.0,12.7,24.1,19.0,19.3,7.6,60.6,,,,,,,,,,,,,,,,,,,,,,,,,,,,,,,,,0.0,0.0,0.004158010148663571,10.045662100456632,0.0,0.0,0.0,2.7027027027026973,0.0,4.395604395604402,0.004415018209116717,5.581395348837215,0.0,0.7936507936507908,0.03697900324108794,-7.902735562310026,0.0071813594086647115,17.43697478991595,0.13353139262452252,166.66666666666669,-0.01459879942115272,3.0303030303030276,,,,,,,,,,,,,,,1.2246467991473532e-16,-1.0,0,0
1342-07,1342-07-01,1963-09-23,1342,7,,0.67,,1.5,,,,,,,,1.5,,,,,,,,35.0,53.2,0.39,,,234.0,0.23,,23.7,22.8,2.0,12.7,25.8,19.8,19.2,7.9,65.0,,,,,,,,,,,,,,,,,,,,,,,,,,,,,,,,,0.0,0.0,0.06816265143096256,19.999999999999996,0.0,0.0,0.038714512180690885,8.219178082191792,0.04124295853404947,9.392265193370154,0.04311012365372857,11.792452830188683,0.0,0.7936507936507908,0.07009237682036762,1.0886469673405896,-0.04950598381345461,11.764705882352944,0.36290549368936853,228.57142857142856,0.13720112151348562,10.377358490566046,,,,,,,,,,,,,,,-0.4999999999999997,-0.8660254037844388,0,0
1342-08,1342-08-01,1963-10-23,1342,8,,0.63,,1.5,,,,,,,,1.5,,,,,,,,35.0,52.4,0.39,,,223.0,0.25,,23.7,22.8,2.0,12.7,25.8,19.8,19.2,7.9,65.0,,,,,,,,,,,,,,,,,,,,,,,,,,,,,,,,,0.0,0.0,0.0,15.695067264573993,0.0,0.0,0.0,6.756756756756754,0.0,7.608695652173925,0.0,9.216589861751157,0.0,0.7936507936507908,0.0,-5.385735080058229,-0.015151805020602094,8.264462809917351,0.08338160893905111,212.5,-0.04814934389758285,1.3636363636363669,,,,,,,,,,,,,,,-0.8660254037844385,-0.5000000000000004,0,0
1342-09,1342-09-01,1963-11-22,1342,9,,0.69,,1.5,,,,,,,,1.5,,,,,,,,35.0,53.5,0.39,,,212.0,0.23,,23.6,22.8,2.0,12.7,25.6,19.7,19.1,7.9,65.0,,,,,,,,,,,,,,,,,,,,,,,,,,,,,,,,,0.0,0.0,-0.007782140442055052,15.837104072398178,0.0,0.0,0.0,6.756756756756754,-0.005063301956547139,7.065217391304346,-0.004228336109521003,8.755760368663612,0.0,0.7936507936507908,0.0,-3.8461538461538436,0.02077506257496431,4.4921875,-0.08338160893905111,155.55555555555557,-0.05058549678810653,-1.3953488372092981,,,,,,,,,,,,,,,-1.0,-1.8369701987210297e-16,0,0
1342-10,1342-10-01,1963-12-22,1342,10,,0.73,,1.5,,,,,,,,1.5,,,,,,,,35.0,55.1,0.38,,,215.0,0.23,,24.0,23.8,1.9,15.6,25.9,20.1,19.5,7.9,64.0,,,,,,,,,,,,,,,,,,,,,,,,,,,,,,,,,0.0,0.0,0.011650617219975068,13.596491228070162,-0.05129329438755059,-5.000000000000004,0.0,5.3333333333333455,0.02010117932108768,8.064516129032251,0.016807118316381153,8.597285067873294,0.20566892079094545,22.83464566929134,-0.015504186535965303,-4.761904761904767,0.029468062256908123,4.356060606060619,0.0,91.66666666666667,0.014051753455650129,-3.58744394618834,,,,,,,,,,,,,,,-0.8660254037844386,0.5000000000000001,0,0
1342-11,1342-11-01,1964-01-21,1342,11,,0.79,,1.5,,,,,,,,1.5,,,,,,,,35.0,52.8,0.38,,,209.0,0.2,,23.5,23.5,1.9,15.6,25.1,19.8,19.6,7.8,66.1,,,,,,,,,,,,,,,,,,,,,,,,,,,,,,,,,0.0,0.0,-0.03137512256775343,8.189655172413811,0.0,-5.000000000000004,-0.012739025777429802,2.6315789473684292,-0.015037877364540542,5.319148936170204,-0.021053409197832273,5.3811659192825045,0.0,22.83464566929134,0.03228566349796935,-3.221083455344076,-0.04263852544665303,-0.7518796992481258,-0.1397619423751586,53.846153846153854,-0.028303776162851513,-9.523809523809524,,,,,,,,,,,,,,,-0.5000000000000004,0.8660254037844384,0,0
1342-12,1342-12-01,1964-02-20,1342,12,,0.82,,1.5,,,,,,,,1.5,,,,,,,,35.0,54.3,0.38,,,209.0,0.16,,23.3,24.6,1.9,15.6,24.5,19.8,19.6,7.9,66.9,,,,,,,,,,,,,,,,,,,,,,,,,,,,,,,,,0.0,0.0,-0.024194728587056957,5.150214592274671,0.0,-5.000000000000004,0.012739025777429802,3.9473684210526327,0.0,5.319148936170204,-0.008547060578458776,4.017857142857162,0.0,22.83464566929134,0.012030220276542103,-3.7410071942445944,0.028013036227673815,3.625954198473269,-0.22314355131420993,14.28571428571428,0.0,-8.733624454148469,,,,,,,,,,,,,,,-2.4492935982947064e-16,1.0,0,1
1343-01,1343-01-01,1964-03-21,1343,1,,0.83,,1.5,,,,,,,,1.5,,,,,,,,35.0,55.5,0.38,,,204.0,0.17,,23.4,24.2,1.9,15.6,24.8,20.1,19.4,7.9,67.6,,,,,,,,,,,,,,,,,,,,,,,,,,,,,,,,,0.0,0.0,0.012170535620255052,4.201680672268915,0.0,-5.000000000000004,0.0,3.9473684210526327,0.015037877364540542,5.789473684210544,0.004282661792001097,3.083700440528636,0.0,22.83464566929134,0.01040901591473542,-4.6544428772919755,0.021858793812498778,6.730769230769229,0.06062462181643502,6.25,-0.024214258120594856,-10.917030567685593,,,,,,,,,,,,,,,0.49999999999999994,0.8660254037844387,1,1
1343-02,1343-02-01,1964-04-21,1343,2,,0.87,,1.5,,,,,,,,1.5,,,,,,,,35.0,55.9,0.38,,,215.0,0.15,,23.2,24.4,1.9,15.6,24.6,20.0,19.2,7.9,69.5,,,,,,,,,,,,,,,,,,,,,,,,,,,,,,,,,0.0,0.0,-0.008097210232619556,-1.2048192771084265,0.0,-5.000000000000004,0.0,1.2820512820512997,-0.004987541511039417,2.564102564102555,-0.008583743691391366,-1.276595744680853,0.0,22.83464566929134,0.027718769521827724,2.8106508875739733,0.0071813594086647115,6.679389312977091,-0.1251631429540061,-31.818181818181824,0.05251803428344637,-6.926406926406925,,,,,,,,,,,,,,,0.8660254037844386,0.5000000000000001,0,0
1343-03,1343-03-01,1964-05-22,1343,3,,0.86,,1.5,,,,,,,,1.5,,,,,,,,35.0,56.3,0.38,,,212.0,0.12,,22.8,24.6,1.9,15.6,23.9,19.7,19.2,7.8,65.0,,,,,,,,,,,,,,,,,,,,,,,,,,,,,,,,,0.0,0.0,-0.028867984000851887,-4.016064257028118,0.0,-5.000000000000004,-0.012739025777429802,0.0,-0.015113637810048264,1.025641025641022,-0.017391742711869274,-2.564102564102555,0.0,22.83464566929134,-0.0669394826751093,11.301369863013711,0.007130154984591464,1.4414414414414267,-0.2231435513142097,-45.45454545454546,-0.014051753455650129,-8.225108225108224,,,,,,,,,,,,,,,1.0,6.123233995736766e-17,0,0
1343-04,1343-04-01,1964-06-22,1343,4,,0.94,,1.5,,,,,,,,1.5,,,,,,,,35.0,55.9,0.38,,,209.0,0.1,,22.6,24.7,1.9,15.6,23.7,19.7,19.0,7.8,68.7,,,,,,,,,,,,,,,,,,,,,,,,,,,,,,,,,0.0,0.0,-0.008403410796379518,-4.435483870967749,0.0,-5.000000000000004,0.0,1.298701298701288,0.0,1.546391752577314,-0.008810629682154847,-2.5862068965517127,0.0,22.83464566929134,0.05536192933266726,19.064124783362214,-0.007130154984591464,-1.4109347442680886,-0.18232155679395445,-50.0,-0.014252022707201384,-8.733624454148469,,,,,,,,,,,,,,,0.8660254037844387,-0.4999999999999998,0,0
1343-05,1343-05-01,1964-07-23,1343,5,,0.9,,1.5,,,,,,,,1.5,,,,,,,,35.0,54.7,0.38,,,223.0,0.09,,22.5,24.8,1.9,15.6,23.4,19.8,19.0,7.8,68.7,,,,,,,,,,,,,,,,,,,,,,,,,,,,,,,,,0.0,0.0,-0.012739025777429802,-2.500000000000002,0.0,-5.000000000000004,0.0,2.6315789473684292,0.005063301956547139,4.210526315789487,-0.004434597067866086,-0.4424778761062065,0.0,22.83464566929134,0.0,17.636986301369873,-0.021700670733117988,-1.4414414414414378,-0.10536051565782678,-35.71428571428572,0.06483751949530792,7.729468599033806,,,,,,,,,,,,,,,0.49999999999999994,-0.8660254037844387,0,0
1343-06,1343-06-01,1964-08-23,1343,6,,0.82,,1.5,,,,,,,,1.5,,,,,,,,35.0,55.1,0.38,,,243.0,0.08,,22.6,24.7,1.9,15.6,23.7,20.2,19.1,8.0,69.1,,,,,,,,,,,,,,,,,,,,,,,,,,,,,,,,,0.0,0.0,0.012739025777429802,-1.6597510373444035,0.0,-5.000000000000004,0.02531780798428951,5.263157894736836,0.020000666706669445,6.315789473684208,0.004434597067866086,-0.4405286343612258,0.0,22.83464566929134,0.005805531545320264,14.026402640264024,0.007286006730933714,-1.4311270125223596,-0.11778303565638337,-50.0,0.0858896718804294,19.11764705882353,,,,,,,,,,,,,,,1.2246467991473532e-16,-1.0,0,0
1343-07,1343-07-01,1964-09-23,1343,7,,0.84,,1.5,,,,,,,,1.5,,,,,,,,35.0,52.8,0.38,,,270.0,0.08,,22.7,24.6,1.9,15.6,23.8,20.6,19.2,8.1,68.7,,,,,,,,,,,,,,,,,,,,,,,,,,,,,,,,,0.0,0.0,0.004210532536343514,-7.751937984496127,0.0,-5.000000000000004,0.01242251999855748,2.5316455696202445,0.01960847138837618,4.040404040404044,0.004415018209116717,-4.2194092827004255,0.0,22.83464566929134,-0.005805531545320264,5.692307692307708,-0.04263852544665303,-0.7518796992481258,0.0,-65.21739130434783,0.10536051565782678,15.384615384615374,,,,,,,,,,,,,,,-0.4999999999999997,-0.8660254037844388,0,0
1343-08,1343-08-01,1964-10-23,1343,8,,0.84,,1.5,,,,,,,,1.5,,,,,,,,35.0,52.8,0.38,,,270.0,0.07,,22.7,24.8,1.9,15.6,23.7,20.6,19.2,8.1,68.0,,,,,,,,,,,,,,,,,,,,,,,,,,,,,,,,,0.0,0.0,-0.004210532536343514,-8.139534883720934,0.0,-5.000000000000004,0.0,2.5316455696202445,0.0,4.040404040404044,0.0,-4.2194092827004255,0.0,22.83464566929134,-0.010241494052197098,4.615384615384621,0.0,0.7633587786259444,-0.1335313926245223,-72.0,0.0,21.076233183856495,,,,,,,,,,,,,,,-0.8660254037844385,-0.5000000000000004,0,0
1343-09,1343-09-01,1964-11-22,1343,9,,0.86,,1.5,,,,,,,,1.5,,,,,,,,35.0,54.3,0.38,,,317.0,0.06,,22.8,24.2,1.9,15.6,23.9,20.5,19.3,8.1,68.0,,,,,,,,,,,,,,,,,,,,,,,,,,,,,,,,,0.0,0.0,0.008403410796379518,-6.640625000000011,0.0,-5.000000000000004,0.0,2.5316455696202445,-0.004866189651172803,4.0609137055837685,0.00439561147303813,-3.3898305084745783,0.0,22.83464566929134,0.0,4.615384615384621,0.028013036227673815,1.495327102803734,-0.1541506798272585,-73.91304347826086,0.16047981487890528,49.52830188679245,,,,,,,,,,,,,,,-1.0,-1.8369701987210297e-16,0,0
1343-10,1343-10-01,1964-12-22,1343,10,,0.85,,1.4,,,,,,,,1.4,,,,,,,,35.0,55.9,0.41,,,284.0,0.05,,22.4,23.5,1.9,16.5,23.7,19.9,18.7,7.9,66.1,,,,,,,,,,,,,,,,,,,,,,,,,,,,,,,,,-0.06899287148695149,-6.666666666666677,-0.008403410796379518,-8.494208494208488,0.0,0.0,-0.025001302205417186,0.0,-0.029705154413915746,-0.9950248756219082,-0.017699577099401065,-6.666666666666677,0.05608946665104364,5.769230769230771,-0.028338958318466112,3.281249999999991,0.02904015322116349,1.4519056261342866,-0.18232155679395445,-78.26086956521739,-0.10992753571607405,32.09302325581396,,,,,,,,,,,,,,,-0.8660254037844386,0.5000000000000001,0,0
1343-11,1343-11-01,1965-01-21,1343,11,,0.85,,1.4,,,,,,,,1.4,,,,,,,,35.0,56.7,0.41,,,303.0,0.05,,22.9,23.2,1.9,16.5,24.3,20.5,19.3,8.1,61.4,,,,,,,,,,,,,,,,,,,,,,,,,,,,,,,,,0.0,-6.666666666666677,0.025001302205417186,-3.1872509960159334,0.0,0.0,0.025001302205417186,3.8461538461538547,0.029705154413915746,3.535353535353525,0.022075951699199958,-2.553191489361706,0.0,5.769230769230771,-0.07375891170454452,-7.110438729198176,0.014209830572653459,7.3863636363636465,0.0,-75.0,0.06475856734816254,44.976076555023916,,,,,,,,,,,,,,,-0.5000000000000004,0.8660254037844384,0,0
1343-12,1343-12-01,1965-02-20,1343,12,,0.85,,1.4,,,,,,,,1.4,,,,,,,,35.0,57.1,0.41,,,300.0,0.05,,22.7,21.7,1.9,16.5,24.4,20.4,19.3,8.1,61.0,,,,,,,,,,,,,,,,,,,,,,,,,,,,,,,,,0.0,-6.666666666666677,0.00410678195265346,-0.40816326530612734,0.0,0.0,0.0,2.5316455696202445,-0.004889985294191934,3.0303030303030276,-0.008771986072837024,-2.5751072961373467,0.0,5.769230769230771,-0.006535970979784977,-8.819133034379679,0.007029905928257918,5.156537753222845,0.0,-68.75,-0.009950330853167877,43.540669856459324,,,,,,,,,,,,,,,-2.4492935982947064e-16,1.0,0,1
1344-01,1344-01-01,1965-03-21,1344,1,,0.85,,1.4,,,,,,,,1.4,,,,,,,,35.0,57.5,0.41,,,295.0,0.05,,22.8,21.3,1.9,16.5,24.4,20.7,19.7,8.1,59.9,,,,,,,,,,,,,,,,,,,,,,,,,,,,,,,,,0.0,-6.666666666666677,0.0,-1.6129032258064613,0.0,0.0,0.0,2.5316455696202445,0.01459879942115272,2.985074626865658,0.00439561147303813,-2.564102564102555,0.0,5.769230769230771,-0.018197359051908002,-11.390532544378695,0.0069808311413401825,3.603603603603611,0.0,-70.58823529411764,-0.01680711831638071,44.607843137254896,,,,,,,,,,,,,,,0.49999999999999994,0.8660254037844387,1,1
1344-02,1344-02-01,1965-04-21,1344,2,,0.84,,1.4,,,,,,,,1.4,,,,,,,,35.0,58.7,0.41,,,256.0,0.05,,22.6,20.6,1.9,16.5,24.2,20.8,19.7,8.2,59.2,,,,,,,,,,,,,,,,,,,,,,,,,,,,,,,,,0.0,-6.666666666666677,-0.008230499136515412,-1.6260162601626105,0.0,0.0,0.012270092591814219,3.7974683544303556,0.004819286435949088,4.0000000000000036,-0.008810629682154847,-2.5862068965517127,0.0,5.769230769230771,-0.011754963231442872,-14.82014388489208,0.020654779030746084,5.008944543828275,0.0,-66.66666666666666,-0.14179791186025792,19.069767441860463,,,,,,,,,,,,,,,0.8660254037844386,0.5000000000000001,0,0
1344-03,1344-03-01,1965-05-22,1344,3,,0.86,,1.4,,,,,,,,1.4,,,,,,,,35.0,58.3,0.41,,,256.0,0.04,,22.5,21.1,1.9,16.5,24.0,20.4,19.5,8.0,58.1,,,,,,,,,,,,,,,,,,,,,,,,,,,,,,,,,0.0,-6.666666666666677,-0.008298802814695083,0.4184100418409997,0.0,0.0,-0.0246926125903717,2.564102564102577,-0.019418085857101808,3.5532994923857864,-0.004434597067866086,-1.3157894736842146,0.0,5.769230769230771,-0.018755878032094664,-10.615384615384615,-0.006837633477604577,3.5523978685612745,-0.2231435513142097,-66.66666666666666,0.0,20.75471698113207,,,,,,,,,,,,,,,1.0,6.123233995736766e-17,0,0
1344-04,1344-04-01,1965-06-22,1344,4,,0.88,,1.4,,,,,,,,1.4,,,,,,,,35.0,56.7,0.41,,,248.0,0.04,,22.4,21.3,1.9,16.5,23.9,20.0,19.3,7.9,57.3,,,,,,,,,,,,,,,,,,,,,,,,,,,,,,,,,0.0,-6.666666666666677,-0.004175371410480633,0.8438818565400741,0.0,0.0,-0.012578782206859707,1.2820512820512997,-0.019802627296179764,1.522842639593902,-0.004454350349380132,-0.8849557522124019,0.0,5.769230769230771,-0.013865040137171825,-16.5938864628821,-0.027827882622739608,1.4311270125223707,0.0,-60.00000000000001,-0.031748698314579826,18.66028708133971,,,,,,,,,,,,,,,0.8660254037844387,-0.4999999999999998,0,0
1344-05,1344-05-01,1965-07-23,1344,5,,0.89,,1.4,,,,,,,,1.4,,,,,,,,35.0,55.1,0.41,,,234.0,0.04,,22.0,22.7,1.9,16.5,23.0,19.9,19.3,7.9,57.7,,,,,,,,,,,,,,,,,,,,,,,,,,,,,,,,,0.0,-6.666666666666677,-0.038384243008315444,-1.7094017094017033,0.0,0.0,0.0,1.2820512820512997,-0.005012541823544048,0.5050505050504972,-0.01801850550267803,-2.2222222222222254,0.0,5.769230769230771,0.006956549793359912,-16.011644832605533,-0.028624494574837733,0.7312614259597838,0.0,-55.55555555555556,-0.05810763080728076,4.932735426008961,,,,,,,,,,,,,,,0.49999999999999994,-0.8660254037844387,0,0
1344-06,1344-06-01,1965-08-23,1344,6,,0.91,,1.4,,,,,,,,1.4,,,,,,,,35.0,53.9,0.41,,,248.0,0.04,,22.3,23.0,1.9,16.5,23.3,20.3,19.3,8.0,58.4,,,,,,,,,,,,,,,,,,,,,,,,,,,,,,,,,0.0,-6.666666666666677,0.012959144642505027,-1.6877637130801593,0.0,0.0,0.012578782206859707,0.0,0.01990115431729489,0.4950495049504955,0.01354422510775688,-1.3274336283185861,0.0,5.769230769230771,0.012058716320127338,-15.484804630969606,-0.022019238243917716,-2.177858439201452,0.0,-50.0,0.05810763080728076,2.0576131687242816,,,,,,,,,,,,,,,1.2246467991473532e-16,-1.0,0,0
1344-07,1344-07-01,1965-09-23,1344,7,,0.93,,1.4,,,,,,,,1.4,,,,,,,,35.0,51.6,0.41,,,284.0,0.04,,22.3,23.4,1.9,16.5,23.3,20.4,19.2,8.0,58.1,,,,,,,,,,,,,,,,,,,,,,,,,,,,,,,,,0.0,-6.666666666666677,0.0,-2.1008403361344574,0.0,0.0,0.0,-1.2345679012345623,0.004914014802428923,-0.9708737864077777,0.0,-1.7621145374449254,0.0,5.769230769230771,-0.005150225976315426,-15.429403202328974,-0.04360880542743395,-2.2727272727272596,0.0,-50.0,0.1355454919962238,5.185185185185182,,,,,,,,,,,,,,,-0.4999999999999997,-0.8660254037844388,0,0
1344-08,1344-08-01,1965-10-23,1344,8,,0.91,,1.4,,,,,,,,1.4,,,,,,,,35.0,51.6,0.41,,,276.0,0.04,,22.3,23.5,1.9,16.5,23.2,20.5,19.3,8.1,58.1,,,,,,,,,,,,,,,,,,,,,,,,,,,,,,,,,0.0,-6.666666666666677,-0.004301081899390269,-2.1097046413502074,0.0,0.0,0.01242251999855748,0.0,0.004889985294191934,-0.4854368932038944,0.0,-1.7621145374449254,0.0,5.769230769230771,0.0,-14.558823529411757,0.0,-2.2727272727272596,0.0,-42.85714285714286,-0.028573372444056666,2.2222222222222143,,,,,,,,,,,,,,,-0.8660254037844385,-0.5000000000000004,0,0
1344-09,1344-09-01,1965-11-22,1344,9,,0.94,,1.4,,,,,,,,1.4,,,,,,,,35.0,55.1,0.41,,,256.0,0.04,,22.5,24.5,1.9,16.5,23.3,20.7,19.4,8.1,58.4,,,,,,,,,,,,,,,,,,,,,,,,,,,,,,,,,0.0,-6.666666666666677,0.004301081899390269,-2.5104602510460206,0.0,0.0,0.0,0.0,0.009708814126960785,0.9756097560975618,0.00892863074430128,-1.3157894736842146,0.0,5.769230769230771,0.005150225976315426,-14.117647058823534,0.06562804367135167,1.4732965009208288,0.0,-33.33333333333333,-0.0752234212375873,-19.242902208201894,,,,,,,,,,,,,,,-1.0,-1.8369701987210297e-16,0,0
1344-10,1344-10-01,1965-12-22,1344,10,,0.97,,1.4,,,,,,,,1.4,,,,,,,,35.0,57.1,0.42,,,267.0,0.05,,23.1,24.3,1.9,15.1,23.9,21.3,20.4,8.3,58.4,,,,,,,,,,,,,,,,,,,,,,,,,,,,,,,,,0.0,0.0,0.025425098365810417,0.8438818565400741,0.0,0.0,0.024391453124159135,5.063291139240511,0.028573372444056222,7.035175879396993,0.026317308317373556,3.125000000000022,-0.088665637085656,-8.484848484848484,0.0,-11.649016641452336,0.03565440050309565,2.146690518783556,0.2231435513142097,0.0,0.042071213920687356,-5.98591549295775,,,,,,,,,,,,,,,-0.8660254037844386,0.5000000000000001,0,0
1344-11,1344-11-01,1966-01-21,1344,11,,0.96,,1.4,,,,,,,,1.4,,,,,,,,35.0,57.1,0.42,,,273.0,0.05,,23.0,23.7,1.9,15.1,23.9,21.6,20.6,8.4,58.8,,,,,,,,,,,,,,,,,,,,,,,,,,,,,,,,,0.0,0.0,0.0,-1.6460905349794275,0.0,0.0,0.011976191046715545,3.70370370370372,0.013986241974739855,5.36585365853659,-0.004338401598598107,0.4366812227074357,0.0,-8.484848484848484,0.0068259650703996755,-4.234527687296419,0.0,0.7054673721340388,0.0,0.0,0.022223136784710107,-9.9009900990099,,,,,,,,,,,,,,,-0.5000000000000004,0.8660254037844384,0,0
1344-12,1344-12-01,1966-02-20,1344,12,,1.07,,1.4,,,,,,,,1.4,,,,,,,,35.0,55.5,0.42,,,265.0,0.05,,23.1,23.7,1.9,15.1,24.0,21.6,20.6,8.4,58.8,,,,,,,,,,,,,,,,,,,,,,,,,,,,,,,,,0.0,0.0,0.004175371410480633,-1.6393442622950727,0.0,0.0,0.0,3.70370370370372,0.0,5.882352941176494,0.004338401598598107,1.7621145374449476,0.0,-8.484848484848484,0.0,-3.60655737704918,-0.02842109590957609,-2.8021015761821366,0.0,0.0,-0.029741969198737728,-11.66666666666667,,,,,,,,,,,,,,,-2.4492935982947064e-16,1.0,0,1
1345-01,1345-01-01,1966-03-21,1345,1,,1.07,,1.4,,,,,,,,1.4,,,,,,,,35.0,55.9,0.42,,,267.0,0.05,,23.3,24.3,1.9,15.1,24.3,21.8,20.3,8.5,58.8,,,,,,,,,,,,,,,,,,,,,,,,,,,,,,,,,0.0,0.0,0.012422519998557036,-0.4098360655737654,0.0,0.0,0.01183445764700286,4.938271604938271,0.009216655104923976,5.31400966183575,0.00862074304390692,2.1929824561403466,0.0,-8.484848484848484,0.0,-1.8363939899833093,0.0071813594086647115,-2.782608695652178,0.0,0.0,0.007518832414027621,-9.491525423728808,,,,,,,,,,,,,,,0.49999999999999994,0.8660254037844387,1,1
1345-02,1345-02-01,1966-04-21,1345,2,,1.04,,1.4,,,,,,,,1.4,,,,,,,,35.0,55.1,0.42,,,256.0,0.05,,23.2,24.0,1.9,15.1,24.2,21.3,20.5,8.3,58.8,,,,,,,,,,,,,,,,,,,,,,,,,,,,,,,,,0.0,0.0,-0.004123717183861952,0.0,0.0,0.0,-0.023810648693718406,1.2195121951219745,-0.02320289707966383,2.4038461538461453,-0.004301081899390269,2.65486725663715,0.0,-8.484848484848484,0.0,-0.6756756756756799,-0.014414664002184274,-6.132879045996598,0.0,0.0,-0.042071213920687356,0.0,,,,,,,,,,,,,,,0.8660254037844386,0.5000000000000001,0,0
1345-03,1345-03-01,1966-05-22,1345,3,,0.99,,1.4,,,,,,,,1.4,,,,,,,,35.0,57.1,0.42,,,256.0,0.04,,23.4,23.0,1.9,15.1,24.7,21.5,20.3,8.4,62.1,,,,,,,,,,,,,,,,,,,,,,,,,,,,,,,,,0.0,0.0,0.02045061047129071,2.9166666666666563,0.0,0.0,0.011976191046715545,5.000000000000004,0.009345862418237427,5.392156862745101,0.008583743691391366,4.0000000000000036,0.0,-8.484848484848484,0.05460413403485198,6.8846815834767705,0.03565440050309565,-2.0583190394511064,-0.2231435513142097,0.0,0.0,0.0,,,,,,,,,,,,,,,1.0,6.123233995736766e-17,0,0
1345-04,1345-04-01,1966-06-22,1345,4,,0.97,,1.4,,,,,,,,1.4,,,,,,,,35.0,59.1,0.42,,,267.0,0.04,,23.9,23.4,1.9,15.1,25.4,21.6,20.3,8.4,65.4,,,,,,,,,,,,,,,,,,,,,,,,,,,,,,,,,0.0,0.0,0.02794593039055915,6.2761506276150625,0.0,0.0,0.0,6.329113924050622,0.0046403795565024275,8.000000000000007,0.02114243657380932,6.696428571428581,0.0,-8.484848484848484,0.05177626952372005,14.136125654450282,0.034426807750087995,4.232804232804233,0.0,0.0,0.042071213920687356,7.6612903225806495,,,,,,,,,,,,,,,0.8660254037844387,-0.4999999999999998,0,0
1345-05,1345-05-01,1966-07-23,1345,5,,1.0,,1.4,,,,,,,,1.4,,,,,,,,35.0,62.6,0.42,,,276.0,0.04,,24.2,23.3,1.9,15.1,25.9,21.1,20.3,8.2,67.6,,,,,,,,,,,,,,,,,,,,,,,,,,,,,,,,,0.0,0.0,0.01949379468100121,12.608695652173907,0.0,0.0,-0.02409755157906046,3.7974683544303556,-0.023420274208098668,6.030150753768848,0.012474174225175716,9.999999999999986,0.0,-8.484848484848484,0.03308572458576542,17.157712305025985,0.05753435369399984,13.611615245009068,0.0,0.0,0.03315220731689994,17.948717948717952,,,,,,,,,,,,,,,0.49999999999999994,-0.8660254037844387,0,0
1345-06,1345-06-01,1966-08-23,1345,6,,1.05,,1.4,,,,,,,,1.4,,,,,,,,35.0,61.0,0.42,,,267.0,0.03,,23.5,22.3,1.9,15.1,25.2,20.6,20.0,8.1,67.2,,,,,,,,,,,,,,,,,,,,,,,,,,,,,,,,,0.0,0.0,-0.027398974188114433,8.154506437768227,0.0,0.0,-0.012270092591814219,1.2499999999999956,-0.02398196468648539,1.4778325123152802,-0.029352212012527357,5.3811659192825045,0.0,-8.484848484848484,-0.005934735519814716,15.068493150684947,-0.02589141393274108,13.172541743970312,-0.28768207245178123,-25.0,-0.03315220731689994,7.6612903225806495,,,,,,,,,,,,,,,1.2246467991473532e-16,-1.0,0,0
1345-07,1345-07-01,1966-09-23,1345,7,,1.05,,1.4,,,,,,,,1.4,,,,,,,,35.0,58.7,0.42,,,251.0,0.03,,23.2,22.3,1.9,15.1,24.5,20.6,20.3,8.1,66.1,,,,,,,,,,,,,,,,,,,,,,,,,,,,,,,,,0.0,0.0,-0.028170876966695957,5.150214592274671,0.0,0.0,0.0,1.2499999999999956,0.0,0.9803921568627638,-0.012848142477849045,4.035874439461873,0.0,-8.484848484848484,-0.016504500671462807,13.769363166953518,-0.03843413733926049,13.759689922480622,0.0,-25.0,-0.061795719268466165,-11.61971830985915,,,,,,,,,,,,,,,-0.4999999999999997,-0.8660254037844388,0,0
1345-08,1345-08-01,1966-10-23,1345,8,,1.03,,1.4,,,,,,,,1.4,,,,,,,,35.0,59.1,0.42,,,248.0,0.03,,23.0,22.2,1.9,15.1,24.4,20.6,20.3,8.1,65.8,,,,,,,,,,,,,,,,,,,,,,,,,,,,,,,,,0.0,0.0,-0.004089985251525263,5.1724137931034475,0.0,0.0,0.0,0.0,0.0,0.4878048780487809,-0.008658062743114758,3.139013452914785,0.0,-8.484848484848484,-0.004548908526369466,13.253012048192758,0.006791197578001729,14.534883720930235,0.0,-25.0,-0.012024192966801017,-10.144927536231885,,,,,,,,,,,,,,,-0.8660254037844385,-0.5000000000000004,0,0
1345-09,1345-09-01,1966-11-22,1345,9,,1.06,,1.4,,,,,,,,1.4,,,,,,,,35.0,61.4,0.42,,,245.0,0.03,,23.1,22.7,1.9,15.1,24.5,20.5,20.2,8.0,67.6,,,,,,,,,,,,,,,,,,,,,,,,,,,,,,,,,0.0,0.0,0.004089985251525263,5.150214592274671,0.0,0.0,-0.01242251999855748,-1.2345679012345623,-0.004866189651172803,-0.9661835748792202,0.004338401598598107,2.666666666666684,0.0,-8.484848484848484,0.02698814471764699,15.753424657534243,0.03817891074104374,11.433756805807626,0.0,-25.0,-0.012170535620255052,-4.296875,,,,,,,,,,,,,,,-1.0,-1.8369701987210297e-16,0,0
1345-10,1345-10-01,1966-12-22,1345,10,,1.08,,1.3,,,,,,,,1.3,68.5,,,,,,,35.0,60.2,0.46,,,231.0,0.03,,23.1,22.9,1.9,13.2,24.6,20.4,19.3,8.0,67.2,,,,,,,,,,,,,,,,,,,,,,,,,,,,,,,,,-0.07410797215372183,-7.142857142857128,0.004073325387635496,2.9288702928870425,0.0,0.0,0.0,-3.614457831325313,-0.004889985294191934,-4.225352112676061,0.0,0.0,-0.1344779142285537,-12.58278145695364,-0.005934735519814716,15.068493150684947,-0.019737482838320553,5.429071803852903,0.0,-40.0,-0.05884050002293417,-13.48314606741573,,,,,,,,,,,,,,,-0.8660254037844386,0.5000000000000001,0,0
1345-11,1345-11-01,1967-01-21,1345,11,,1.06,,1.3,,,,,,,,1.3,68.5,,,,,,,35.0,59.1,0.46,,,225.0,0.04,,23.0,23.4,1.9,13.2,24.5,20.4,19.4,8.0,68.0,,,,,,,,,,,,,,,,,,,,,,,,,,,,,,,,,0.0,-7.142857142857128,-0.004073325387635496,2.5104602510460206,0.0,0.0,0.0,-4.761904761904767,0.0,-5.55555555555557,-0.004338401598598107,0.0,0.0,-12.58278145695364,0.011834457647003305,15.646258503401356,-0.018441427902723184,3.5026269702276736,0.28768207245178123,-20.000000000000007,-0.02631730831737311,-17.582417582417587,,,,,,,,,,,,,,,-0.5000000000000004,0.8660254037844384,0,0
1345-12,1345-12-01,1967-02-20,1345,12,,1.04,,1.3,,,,,,,,1.3,68.5,,,,,,,35.0,59.1,0.46,,,231.0,0.03,,23.1,23.0,1.9,13.2,24.7,20.3,19.5,7.9,69.8,,,,,,,,,,,,,,,,,,,,,,,,,,,,,,,,,0.0,-7.142857142857128,0.008130126083250033,2.9166666666666563,0.0,0.0,-0.012578782206859707,-5.952380952380953,-0.004914014802428923,-6.018518518518523,0.004338401598598107,0.0,0.0,-12.58278145695364,0.02612630459221954,18.70748299319729,0.0,6.486486486486487,-0.28768207245178123,-40.0,0.02631730831737311,-12.83018867924528,,,,,,,,,,,,,,,-2.4492935982947064e-16,1.0,0,1
1346-01,1346-01-01,1967-03-21,1346,1,,1.06,,1.3,,,,,,,,1.3,68.5,,,,,,,35.0,57.9,0.46,,,227.0,0.05,,23.2,23.1,1.9,13.2,24.7,20.1,19.5,7.9,68.3,,,,,,,,,,,,,,,,,,,,,,,,,,,,,,,,,0.0,-7.142857142857128,0.0,1.6460905349794164,0.0,0.0,0.0,-7.058823529411762,-0.009901070982711424,-7.798165137614676,0.004319661144516651,-0.42918454935623185,0.0,-12.58278145695364,-0.021724243191582282,16.156462585034003,-0.02051353983310289,3.5778175313059046,0.5108256237659909,0.0,-0.01746769304039031,-14.981273408239703,,,,,,,,,,,,,,,0.49999999999999994,0.8660254037844387,1,1
1346-02,1346-02-01,1967-04-21,1346,2,,1.04,,1.3,,,,,,,,1.3,68.5,,,,,,,35.0,57.1,0.46,,,224.0,0.06,,23.3,23.5,1.9,13.2,24.8,20.3,19.6,7.9,68.3,,,,,,,,,,,,,,,,,,,,,,,,,,,,,,,,,0.0,-7.142857142857128,0.004040409537005019,2.4793388429752206,0.0,0.0,0.0,-4.81927710843374,0.009901070982711424,-4.694835680751175,0.004301081899390269,0.4310344827586299,0.0,-12.58278145695364,0.0,16.156462585034003,-0.013913267916985106,3.62976406533575,0.18232155679395445,19.999999999999996,-0.013303965626363379,-12.5,,,,,,,,,,,,,,,0.8660254037844386,0.5000000000000001,0,0
1346-03,1346-03-01,1967-05-22,1346,3,,1.04,,1.3,,,,,,,,1.3,68.5,,,,,,,35.0,57.1,0.46,,,226.0,0.05,,23.6,23.9,1.9,13.2,25.2,20.4,19.6,8.0,66.5,,,,,,,,,,,,,,,,,,,,,,,,,,,,,,,,,0.0,-7.142857142857128,0.016000341346440905,2.0242914979757165,0.0,0.0,0.012578782206859707,-4.761904761904767,0.004914014802428923,-5.116279069767449,0.012793351459909896,0.8547008547008739,0.0,-12.58278145695364,-0.0267078189149359,7.0853462157809854,0.0,0.0,-0.18232155679395445,25.0,0.008888947417246662,-11.71875,,,,,,,,,,,,,,,1.0,6.123233995736766e-17,0,0
1346-04,1346-04-01,1967-06-22,1346,4,,1.04,,1.3,,,,,,,,1.3,68.5,,,,,,,35.0,55.1,0.46,,,212.0,0.04,,23.4,23.5,1.9,13.0,25.0,20.3,19.6,7.9,64.7,,,,,,,,,,,,,,,,,,,,,,,,,,,,,,,,,0.0,-7.142857142857128,-0.007968169649176904,-1.5748031496062964,0.0,0.0,-0.012578782206859707,-5.952380952380953,-0.004914014802428923,-6.018518518518523,-0.0085106896679088,-2.092050209205021,-0.015267472130788384,-13.907284768211914,-0.02744074615495329,-1.0703363914373099,-0.03565440050309565,-6.768189509306255,-0.2231435513142097,0.0,-0.0639487246002739,-20.599250936329582,,,,,,,,,,,,,,,0.8660254037844387,-0.4999999999999998,0,0
1346-05,1346-05-01,1967-07-23,1346,5,,1.03,,1.3,,,,,,,,1.3,68.5,,,,,,,35.0,52.0,0.46,,,210.0,0.04,,23.1,23.3,1.9,13.0,24.6,20.1,19.5,7.9,63.9,,,,,,,,,,,,,,,,,,,,,,,,,,,,,,,,,0.0,-7.142857142857128,-0.016129381929883557,-5.019305019305009,0.0,0.0,0.0,-3.658536585365846,-0.009901070982711424,-4.739336492891,-0.012903404835908017,-4.545454545454541,0.0,-13.907284768211914,-0.012441840123366354,-5.473372781065078,-0.057905997577441415,-16.93290734824281,0.0,0.0,-0.009478743954543845,-23.913043478260864,,,,,,,,,,,,,,,0.49999999999999994,-0.8660254037844387,0,0
1346-06,1346-06-01,1967-08-23,1346,6,,1.04,,1.3,,,,,,,,1.3,68.5,,,,,,,35.0,49.2,0.46,,,206.0,0.04,,23.3,23.7,1.9,13.0,24.8,20.3,19.7,8.0,63.2,,,,,,,,,,,,,,,,,,,,,,,,,,,,,,,,,0.0,-7.142857142857128,0.008097210232619556,-1.5873015873015817,0.0,0.0,0.012578782206859707,-1.2345679012345623,0.009901070982711424,-1.4563106796116498,0.00862074304390692,-0.8510638297872353,0.0,-13.907284768211914,-0.011015060230676887,-5.952380952380953,-0.05535009508316513,-19.34426229508196,0.0,33.33333333333335,-0.019231361927887214,-22.846441947565545,,,,,,,,,,,,,,,1.2246467991473532e-16,-1.0,0,0
1346-07,1346-07-01,1967-09-23,1346,7,,1.04,,1.3,,,,,,,,1.3,68.5,,,,,,,35.0,48.0,0.46,,,203.0,0.04,,23.4,23.4,1.9,13.0,24.8,20.5,19.9,8.0,63.6,,,,,,,,,,,,,,,,,,,,,,,,,,,,,,,,,0.0,-7.142857142857128,0.0,1.2244897959183598,0.0,0.0,0.0,-1.2345679012345623,0.009804000096620857,-0.4854368932038944,0.004282661792001097,0.8620689655172376,0.0,-13.907284768211914,0.00630916919326463,-3.782148260211793,-0.024692612590371255,-18.2282793867121,0.0,33.33333333333335,-0.014670189747794105,-19.123505976095622,,,,,,,,,,,,,,,-0.4999999999999997,-0.8660254037844388,0,0
1346-08,1346-08-01,1967-10-23,1346,8,,1.01,,1.3,,,,,,,,1.3,68.5,,,,,,,35.0,47.6,0.46,,,211.0,0.05,,23.4,24.1,1.9,13.0,24.7,21.0,19.9,8.2,62.8,,,,,,,,,,,,,,,,,,,,,,,,,,,,,,,,,0.0,-7.142857142857128,-0.004040409537005019,1.2295081967213184,0.0,0.0,0.0246926125903717,1.2345679012345734,0.02409755157906046,1.9417475728155331,0.0,1.7391304347825987,0.0,-13.907284768211914,-0.012658396871923827,-4.559270516717328,-0.008368249670516636,-19.4585448392555,0.2231435513142097,66.66666666666667,0.038652154434279495,-14.919354838709676,,,,,,,,,,,,,,,-0.8660254037844385,-0.5000000000000004,0,0
1346-09,1346-09-01,1967-11-22,1346,9,,1.02,,1.3,,,,,,,,1.3,68.5,,,,,,,35.0,46.9,0.46,,,196.0,0.05,,23.0,23.7,1.9,13.0,24.0,20.5,20.0,8.0,62.1,,,,,,,,,,,,,,,,,,,,,,,,,,,,,,,,,0.0,-7.142857142857128,-0.028749413285985792,-2.0408163265306145,0.0,0.0,-0.0246926125903717,0.0,-0.02409755157906046,0.0,-0.017241806434506124,-0.43290043290044045,0.0,-13.907284768211914,-0.011209084534719693,-8.136094674556205,-0.014815085785140791,-23.615635179153095,0.0,66.66666666666667,-0.07374347424554983,-19.999999999999996,,,,,,,,,,,,,,,-1.0,-1.8369701987210297e-16,0,0
1346-10,1346-10-01,1967-12-22,1346,10,,1.03,,1.3,,,,,,,,1.3,60.5,,,,,,,36.0,51.6,0.45,,,196.0,0.05,,22.8,23.7,1.9,10.6,23.8,20.4,19.8,8.0,62.1,,,,,,,,,,,,,,,,,,,,,,,,,,,,,,,,,0.0,0.0,-0.008368249670516636,-3.25203252032521,0.0,0.0,0.0,0.0,-0.004889985294191934,0.0,-0.008733679968754515,-1.2987012987012991,-0.20409535634351528,-19.696969696969692,0.0,-7.589285714285721,0.09550399703528356,-14.28571428571429,0.0,66.66666666666667,0.0,-15.151515151515149,,,,,,,,,,,,,,,-0.8660254037844386,0.5000000000000001,0,0
1346-11,1346-11-01,1968-01-21,1346,11,,1.02,,1.3,,,,,,,,1.3,60.5,,,,,,,36.0,51.2,0.45,,,193.0,0.05,,23.0,23.5,1.9,10.6,24.3,21.1,19.6,8.2,62.8,,,,,,,,,,,,,,,,,,,,,,,,,,,,,,,,,0.0,0.0,0.020790769669073672,-0.8163265306122436,0.0,0.0,0.0246926125903717,2.499999999999991,0.03373813963185013,3.431372549019618,0.008733679968754515,0.0,0.0,-19.696969696969692,0.011209084534719693,-7.647058823529418,-0.007782140442055052,-13.367174280879857,0.0,25.0,-0.015424470325631212,-14.222222222222225,,,,,,,,,,,,,,,-0.5000000000000004,0.8660254037844384,0,0
1346-12,1346-12-01,1968-02-20,1346,12,,1.03,,1.3,,,,,,,,1.3,60.5,,,,,,,37.0,50.0,0.45,,,191.0,0.04,,23.0,23.5,1.9,10.6,24.2,21.0,19.7,8.2,63.6,,,,,,,,,,,,,,,,,,,,,,,,,,,,,,,,,0.0,0.0,-0.004123717183861952,-2.0242914979757054,0.0,0.0,0.0,3.7974683544303556,-0.004750602758597733,3.4482758620689724,0.0,-0.43290043290044045,0.0,-19.696969696969692,0.012658396871923827,-8.88252148997134,-0.02371652661731627,-15.39763113367174,-0.2231435513142097,33.33333333333335,-0.010416760858255714,-17.31601731601732,,,,,,,,,,,,,,,-2.4492935982947064e-16,1.0,0,1
1347-01,1347-01-01,1968-03-21,1347,1,,1.05,,1.3,,,,,,,,1.3,60.5,,,,,,,38.0,48.0,0.45,,,190.0,0.04,,22.7,23.6,1.9,10.6,23.8,20.1,19.7,7.9,61.7,,,,,,,,,,,,,,,,,,,,,,,,,,,,,,,,,0.0,0.0,-0.01666705248521172,-3.6437246963562653,0.0,0.0,-0.037271394797231405,0.0,-0.04380262265839274,0.0,-0.013129291441792645,-2.155172413793105,0.0,-19.696969696969692,-0.030329539434734265,-9.663250366032205,-0.04082199452025481,-17.098445595854916,0.0,-20.000000000000007,-0.005249355886143725,-16.299559471365644,,,,,,,,,,,,,,,0.49999999999999994,0.8660254037844387,1,1
1347-02,1347-02-01,1968-04-21,1347,2,,1.08,,1.3,,,,,,,,1.3,60.5,,,,,,,41.0,48.4,0.45,,,189.0,0.04,,22.7,23.5,1.9,10.6,23.8,19.9,19.7,7.8,60.3,,,,,,,,,,,,,,,,,,,,,,,,,,,,,,,,,0.0,0.0,0.0,-4.0322580645161255,0.0,0.0,-0.012739025777429802,-1.2658227848101333,-0.010000083334583465,-1.9704433497537033,0.0,-2.5751072961373467,0.0,-19.696969696969692,-0.022951827178202322,-11.71303074670571,0.008298802814694639,-15.236427320490375,0.0,-33.33333333333333,-0.005277057100843585,-15.625,,,,,,,,,,,,,,,0.8660254037844386,0.5000000000000001,0,0
1347-03,1347-03-01,1968-05-22,1347,3,,1.11,,1.3,,,,,,,,1.3,60.5,,,,,,,41.0,47.6,0.45,,,178.0,0.04,,22.2,23.4,1.9,10.6,23.1,19.7,19.4,7.8,61.7,,,,,,,,,,,,,,,,,,,,,,,,,,,,,,,,,0.0,0.0,-0.029852963149681333,-8.333333333333325,0.0,0.0,0.0,-2.500000000000002,-0.010101095986504216,-3.4313725490196068,-0.02227263560912318,-5.932203389830515,0.0,-19.696969696969692,0.022951827178202322,-7.218045112781946,-0.016667052485211276,-16.637478108581437,0.0,-20.000000000000007,-0.05996346476755754,-21.238938053097346,,,,,,,,,,,,,,,1.0,6.123233995736766e-17,0,0
1347-04,1347-04-01,1968-06-22,1347,4,,1.1,,1.3,,,,,,,,1.3,60.5,,,,,,,39.0,47.2,0.45,,,162.0,0.04,,22.1,23.5,1.9,10.4,23.0,19.5,19.2,7.7,63.6,,,,,,,,,,,,,,,,,,,,,,,,,,,,,,,,,0.0,0.0,-0.004338401598598107,-7.9999999999999964,0.0,0.0,-0.012903404835908017,-2.5316455696202556,-0.010204170174241689,-3.9408866995073955,-0.0045146803545268455,-5.5555555555555465,-0.019048194970694432,-19.999999999999996,0.030329539434734265,-1.7001545595054068,-0.008438868645864961,-14.337568058076222,0.0,0.0,-0.0941872150597014,-23.584905660377352,,,,,,,,,,,,,,,0.8660254037844387,-0.4999999999999998,0,0
1347-05,1347-05-01,1968-07-23,1347,5,,1.1,,1.3,,,,,,,,1.3,60.5,,,,,,,39.0,44.9,0.45,,,157.0,0.03,,21.6,23.6,1.9,10.4,22.2,19.2,19.3,7.6,63.9,,,,,,,,,,,,,,,,,,,,,,,,,,,,,,,,,0.0,0.0,-0.03540192705091583,-9.756097560975618,0.0,0.0,-0.013072081567353067,-3.797468354430389,-0.015504186535964859,-4.47761194029852,-0.022884293833587588,-6.493506493506496,0.0,-19.999999999999996,0.0047058910374122576,0.0,-0.049956097843300906,-13.65384615384616,-0.28768207245178123,-25.0,-0.03135052988407594,-25.238095238095237,,,,,,,,,,,,,,,0.49999999999999994,-0.8660254037844387,0,0
1347-06,1347-06-01,1968-08-23,1347,6,,1.16,,1.3,,,,,,,,1.3,60.5,,,,,,,40.0,44.1,0.45,,,161.0,0.03,,21.9,25.0,1.9,10.4,22.3,19.4,19.3,7.7,63.6,,,,,,,,,,,,,,,,,,,,,,,,,,,,,,,,,0.0,0.0,0.004494389587839098,-10.080645161290324,0.0,0.0,0.013072081567353067,-3.749999999999998,0.010362787035546273,-4.4334975369458185,0.01379332213233564,-6.008583690987135,0.0,-19.999999999999996,-0.0047058910374122576,0.6329113924050667,-0.01797801229540852,-10.365853658536583,0.0,-25.0,0.02515855963615543,-21.844660194174757,,,,,,,,,,,,,,,1.2246467991473532e-16,-1.0,0,0
1347-07,1347-07-01,1968-09-23,1347,7,,1.17,,1.3,,,,,,,,1.3,60.5,,,,,,,39.0,44.9,0.45,,,166.0,0.04,,21.9,25.6,1.9,10.4,22.2,19.4,19.2,7.7,63.6,,,,,,,,,,,,,,,,,,,,,,,,,,,,,,,,,0.0,0.0,-0.004494389587839098,-10.483870967741938,0.0,0.0,0.0,-3.749999999999998,0.0,-5.36585365853659,0.0,-6.41025641025641,0.0,-19.999999999999996,0.0,0.0,0.01797801229540852,-6.458333333333332,0.28768207245178123,0.0,0.03058342337208053,-18.226600985221676,,,,,,,,,,,,,,,-0.4999999999999997,-0.8660254037844388,0,0
1347-08,1347-08-01,1968-10-23,1347,8,,1.1,,1.3,,,,,,,,1.3,60.5,,,,,,,40.0,49.2,0.45,,,173.0,0.05,,22.2,27.0,1.9,10.4,22.5,19.7,19.1,7.7,63.2,,,,,,,,,,,,,,,,,,,,,,,,,,,,,,,,,0.0,0.0,0.013423020332140378,-8.906882591093112,0.0,0.0,0.0,-6.097560975609751,0.015345569674660275,-6.190476190476191,0.013605652055778794,-5.128205128205121,0.0,-19.999999999999996,-0.00630916919326463,0.6369426751592355,0.09145582875005376,3.3613445378151363,0.2231435513142097,0.0,0.04130380614123563,-18.00947867298578,,,,,,,,,,,,,,,-0.8660254037844385,-0.5000000000000004,0,0
1347-09,1347-09-01,1968-11-22,1347,9,,1.09,,1.3,,,,,,,,1.3,60.5,,,,,,,41.0,48.4,0.45,,,181.0,0.06,,22.5,27.5,1.9,10.4,22.9,20.0,19.0,7.8,63.2,,,,,,,,,,,,,,,,,,,,,,,,,,,,,,,,,0.0,0.0,0.017621601349819827,-4.583333333333339,0.0,0.0,0.012903404835908017,-2.500000000000002,0.015113637810048264,-2.4390243902439046,0.013423020332140378,-2.1739130434782594,0.0,-19.999999999999996,0.0,1.7713365539452575,-0.016393809775676615,3.1982942430703654,0.18232155679395445,19.999999999999996,0.04520543676804678,-7.653061224489798,,,,,,,,,,,,,,,-1.0,-1.8369701987210297e-16,0,0
1347-10,1347-10-01,1968-12-22,1347,10,,1.09,,1.3,,,,,,,,1.3,58.0,,,,,,,42.0,50.4,0.45,,,181.0,0.06,,22.5,26.3,1.8,9.1,23.1,20.2,19.0,7.9,63.2,,,,,,,,,,,,,,,,,,,,,,,,,,,,,,,,,0.0,0.0,0.008695706967553729,-2.941176470588236,-0.054067221270275634,-5.263157894736836,0.012739025777429802,-1.2499999999999956,0.009950330853168321,-0.9803921568627416,0.0,-1.3157894736842146,-0.13353139262452274,-14.150943396226412,0.0,1.7713365539452575,0.04049136135473708,-2.3255813953488413,0.0,19.999999999999996,0.0,-7.653061224489798,,,,,,,,,,,,,,,-0.8660254037844386,0.5000000000000001,0,0
1347-11,1347-11-01,1969-01-21,1347,11,,1.09,,1.3,,,,,,,,1.3,58.0,,,,,,,43.0,50.4,0.45,,,185.0,0.07,,22.6,26.1,1.8,9.1,23.2,20.3,19.2,7.9,62.8,,,,,,,,,,,,,,,,,,,,,,,,,,,,,,,,,0.0,0.0,0.004319661144516651,-4.526748971193417,0.0,-5.263157894736836,0.0,-3.658536585365846,0.00493828164058252,-3.791469194312802,0.004434597067866086,-1.7391304347825987,0.0,-14.150943396226412,-0.006349227678659197,0.0,0.0,-1.562500000000011,0.1541506798272585,40.000000000000014,0.021858793812498334,-4.145077720207258,,,,,,,,,,,,,,,-0.5000000000000004,0.8660254037844384,0,0
1347-12,1347-12-01,1969-02-20,1347,12,,1.13,,1.3,,,,,,,,1.3,58.0,,,,,,,43.0,50.4,0.45,,,178.0,0.08,,23.0,25.7,1.8,9.1,23.9,20.6,19.4,8.0,62.1,,,,,,,,,,,,,,,,,,,,,,,,,,,,,,,,,0.0,0.0,0.029726180265200686,-1.2396694214876103,0.0,-5.263157894736836,0.012578782206859707,-2.4390243902438935,0.01467018974779366,-1.904761904761898,0.017544309650909362,0.0,0.0,-14.150943396226412,-0.011209084534719693,-2.358490566037741,0.0,0.8000000000000007,0.1335313926245223,100.0,-0.03857227478623937,-6.806282722513091,,,,,,,,,,,,,,,-2.4492935982947064e-16,1.0,0,1
1348-01,1348-01-01,1969-03-21,1348,1,,1.16,,1.3,,,,,,,,1.3,58.0,,,,,,,43.0,51.6,0.45,,,167.0,0.08,,23.0,25.2,1.8,9.1,23.9,20.7,19.5,8.1,62.1,,,,,,,,,,,,,,,,,,,,,,,,,,,,,,,,,0.0,0.0,0.0,0.42016806722688926,0.0,-5.263157894736836,0.01242251999855748,2.5316455696202445,0.004842624475787982,2.985074626865658,0.0,1.3215859030837107,0.0,-14.150943396226412,0.0,0.6482982171799101,0.023530497410194418,7.499999999999996,0.0,100.0,-0.0637897378753296,-12.105263157894742,,,,,,,,,,,,,,,0.49999999999999994,0.8660254037844387,1,1
1348-02,1348-02-01,1969-04-21,1348,2,,1.24,,1.3,,,,,,,,1.3,58.0,,,,,,,43.0,54.3,0.45,,,170.0,0.08,,23.2,24.3,1.8,9.1,24.5,20.9,19.4,8.1,62.1,,,,,,,,,,,,,,,,,,,,,,,,,,,,,,,,,0.0,0.0,0.02479465861321639,2.941176470588225,0.0,-5.263157894736836,0.0,3.8461538461538547,0.009615458699441692,5.025125628140703,0.008658062743114758,2.2026431718061623,0.0,-14.150943396226412,0.0,2.9850746268656803,0.05100255445237245,12.190082644628086,0.0,100.0,0.017804624633506627,-10.052910052910057,,,,,,,,,,,,,,,0.8660254037844386,0.5000000000000001,0,0
1348-03,1348-03-01,1969-05-22,1348,3,,1.31,,1.3,,,,,,,,1.3,58.0,,,,,,,41.0,54.3,0.45,,,173.0,0.08,,23.4,25.3,1.8,9.1,24.7,21.2,19.5,8.2,61.7,,,,,,,,,,,,,,,,,,,,,,,,,,,,,,,,,0.0,0.0,0.008130126083250033,6.926406926406914,0.0,-5.263157894736836,0.012270092591814219,5.128205128205132,0.014252022707201828,7.614213197969533,0.008583743691391366,5.405405405405395,0.0,-14.150943396226412,-0.006462058028090745,0.0,0.0,14.075630252100835,0.0,100.0,0.017493157447517227,-2.8089887640449396,,,,,,,,,,,,,,,1.0,6.123233995736766e-17,0,0
1348-04,1348-04-01,1969-06-22,1348,4,,1.3,,1.3,,,,,,,,1.3,58.0,,,,,,,42.0,53.9,0.45,,,180.0,0.08,,23.2,25.7,1.8,9.2,24.2,21.0,19.7,8.2,60.3,,,,,,,,,,,,,,,,,,,,,,,,,,,,,,,,,0.0,0.0,-0.02045061047129071,5.217391304347818,0.0,-5.263157894736836,0.0,6.493506493506485,-0.009478743954543845,7.692307692307687,-0.008583743691391366,4.977375565610842,0.010929070532190277,-11.538461538461553,-0.022951827178202322,-5.188679245283023,-0.007393749024938501,14.194915254237284,0.0,100.0,0.039665256392431125,11.111111111111116,,,,,,,,,,,,,,,0.8660254037844387,-0.4999999999999998,0,0
1348-05,1348-05-01,1969-07-23,1348,5,,1.37,,1.3,,,,,,,,1.3,58.0,,,,,,,41.0,53.5,0.45,,,181.0,0.07,,23.2,26.0,1.8,9.2,24.0,21.3,19.7,8.2,56.2,,,,,,,,,,,,,,,,,,,,,,,,,,,,,,,,,0.0,0.0,-0.008298802814695083,8.108108108108114,0.0,-5.263157894736836,0.0,7.8947368421052655,0.014184634991956546,10.9375,0.0,7.407407407407396,0.0,-11.538461538461553,-0.07041534683349404,-12.050078247261343,-0.007448824012990407,19.153674832962132,-0.1335313926245223,133.33333333333334,0.005540180375615655,15.286624203821653,,,,,,,,,,,,,,,0.49999999999999994,-0.8660254037844387,0,0
1348-06,1348-06-01,1969-08-23,1348,6,,1.32,,1.3,,,,,,,,1.3,58.0,,,,,,,41.0,51.2,0.45,,,200.0,0.06,,23.1,26.8,1.8,9.2,23.7,21.1,19.5,8.2,53.7,,,,,,,,,,,,,,,,,,,,,,,,,,,,,,,,,0.0,0.0,-0.01257878220686015,6.278026905829592,0.0,-5.263157894736836,0.0,6.493506493506485,-0.009434032233358813,8.762886597938158,-0.004319661144516651,5.4794520547945424,0.0,-11.538461538461553,-0.04550375538482676,-15.566037735849058,-0.043942121856498595,16.099773242630388,-0.1541506798272585,100.0,0.09982033528221024,24.22360248447204,,,,,,,,,,,,,,,1.2246467991473532e-16,-1.0,0,0
1348-07,1348-07-01,1969-09-23,1348,7,,1.23,,1.3,,,,,,,,1.3,58.0,,,,,,,40.0,51.9,0.45,,,240.0,0.07,,23.5,28.6,1.8,9.2,24.2,21.5,19.5,8.3,52.2,,,,,,,,,,,,,,,,,,,,,,,,,,,,,,,,,0.0,0.0,0.020877585021555234,9.009009009009006,0.0,-5.263157894736836,0.012121360532344916,7.792207792207795,0.01877989465159624,10.824742268041243,0.017167803622365696,7.30593607305936,0.0,-11.538461538461553,-0.028330506626225826,-17.924528301886788,0.013579258126380722,15.590200445434288,0.1541506798272585,75.00000000000003,0.1823215567939549,44.57831325301205,,,,,,,,,,,,,,,-0.4999999999999997,-0.8660254037844388,0,0
1348-08,1348-08-01,1969-10-23,1348,8,,1.21,,1.3,,,,,,,,1.3,58.0,,,,,,,37.0,53.2,0.45,,,260.0,0.07,,23.6,28.5,1.8,9.2,24.4,21.7,19.1,8.4,52.2,,,,,,,,,,,,,,,,,,,,,,,,,,,,,,,,,0.0,0.0,0.008230499136515412,8.444444444444432,0.0,-5.263157894736836,0.011976191046715545,9.090909090909083,0.009259325412796837,10.152284263959398,0.00424629088145112,6.3063063063063085,0.0,-11.538461538461553,0.0,-17.405063291139243,0.024739606175755657,8.130081300813007,0.0,40.000000000000014,0.08004270767353638,50.289017341040456,,,,,,,,,,,,,,,-0.8660254037844385,-0.5000000000000004,0,0
1348-09,1348-09-01,1969-11-22,1348,9,,1.21,,1.3,,,,,,,,1.3,58.0,,,,,,,35.0,52.4,0.45,,,251.0,0.06,,23.8,27.8,1.8,9.2,24.9,21.9,19.2,8.5,52.2,,,,,,,,,,,,,,,,,,,,,,,,,,,,,,,,,0.0,0.0,0.020284671171505675,8.733624454148469,0.0,-5.263157894736836,0.01183445764700286,8.974358974358987,0.00917437627604123,9.499999999999996,0.008438868645864517,5.777777777777771,0.0,-11.538461538461553,0.0,-17.405063291139243,-0.015151805020602094,8.264462809917351,-0.1541506798272585,0.0,-0.03522869188374411,38.67403314917126,,,,,,,,,,,,,,,-1.0,-1.8369701987210297e-16,0,0
1348-10,1348-10-01,1969-12-22,1348,10,,1.3,,1.2,,,,,,,,1.2,54.0,,,,,,,35.0,58.4,0.45,,,252.0,0.08,,24.3,27.3,2.1,8.8,25.6,22.1,19.4,8.7,52.2,,,,,,,,,,,,,,,,,,,,,,,,,,,,,,,,,-0.08004270767353647,-7.692307692307699,0.02772454801485491,10.822510822510822,0.15415067982725827,16.666666666666675,0.023256862164267034,10.126582278481,0.009090971701251949,9.405940594059414,0.020790769669073672,8.000000000000007,-0.04445176257083361,-3.296703296703285,0.0,-17.405063291139243,0.10840929850718473,15.873015873015884,0.2876820724517808,33.33333333333335,0.003976148379639888,39.226519337016576,,,,,,,,,,,,,,,-0.8660254037844386,0.5000000000000001,0,0
1348-11,1348-11-01,1970-01-21,1348,11,,1.33,,1.2,,,,,,,,1.2,54.0,,,,,,,35.0,58.4,0.45,,,257.0,0.07,,24.3,27.3,2.1,8.8,25.6,22.2,19.6,8.8,52.2,,,,,,,,,,,,,,,,,,,,,,,,,,,,,,,,,0.0,-7.692307692307699,0.0,10.344827586206895,0.0,16.666666666666675,0.011428695823623158,11.392405063291132,0.0045146803545268455,9.35960591133005,0.0,7.52212389380531,0.0,-3.296703296703285,0.0,-16.878980891719742,0.0,15.873015873015884,-0.1335313926245223,0.0,0.019646997383796716,38.91891891891892,,,,,,,,,,,,,,,-0.5000000000000004,0.8660254037844384,0,0
1348-12,1348-12-01,1970-02-20,1348,12,,1.35,,1.2,,,,,,,,1.2,54.0,,,,,,,35.0,58.4,0.45,,,268.0,0.07,,24.4,27.6,2.1,8.8,25.6,22.4,19.6,8.8,52.2,,,,,,,,,,,,,,,,,,,,,,,,,,,,,,,,,0.0,-7.692307692307699,0.0,7.112970711297084,0.0,16.666666666666675,0.0,10.000000000000009,0.008968669982760247,8.737864077669899,0.00410678195265346,6.0869565217391175,0.0,-3.296703296703285,0.0,-15.942028985507239,0.0,15.873015873015884,0.0,-12.49999999999999,0.041910895615636434,50.56179775280898,,,,,,,,,,,,,,,-2.4492935982947064e-16,1.0,0,1
1349-01,1349-01-01,1970-03-21,1349,1,,1.36,,1.2,,,,,,,,1.2,54.0,,,,,,,36.0,58.4,0.45,,,298.0,0.08,,24.5,28.2,2.1,8.8,25.9,22.5,19.5,8.9,52.2,,,,,,,,,,,,,,,,,,,,,,,,,,,,,,,,,0.0,-7.692307692307699,0.011650617219975068,8.368200836820083,0.0,16.666666666666675,0.011299555253933224,9.876543209876543,0.004454350349380132,8.695652173913038,0.004089985251525263,6.521739130434789,0.0,-3.296703296703285,0.0,-15.942028985507239,0.0,13.178294573643413,0.1335313926245223,0.0,0.10610650599454807,78.44311377245509,,,,,,,,,,,,,,,0.49999999999999994,0.8660254037844387,1,1
1349-02,1349-02-01,1970-04-21,1349,2,,1.33,,1.2,,,,,,,,1.2,54.0,,,,,,,36.0,58.4,0.45,,,292.0,0.08,,24.8,28.4,2.1,8.8,26.2,22.5,19.6,8.8,52.2,,,,,,,,,,,,,,,,,,,,,,,,,,,,,,,,,0.0,-7.692307692307699,0.011516442061559218,6.938775510204076,0.0,16.666666666666675,-0.011299555253933224,8.641975308641992,0.0,7.655502392344515,0.012170535620255052,6.896551724137945,0.0,-3.296703296703285,0.0,-15.942028985507239,0.0,7.550644567219167,0.0,0.0,-0.020339684237122846,71.76470588235293,,,,,,,,,,,,,,,0.8660254037844386,0.5000000000000001,0,0
1349-03,1349-03-01,1970-05-22,1349,3,,1.3,,1.2,,,,,,,,1.2,54.0,,,,,,,35.0,58.4,0.45,,,288.0,0.08,,24.8,28.3,2.1,8.8,26.3,22.3,19.7,8.8,52.2,,,,,,,,,,,,,,,,,,,,,,,,,,,,,,,,,0.0,-7.692307692307699,0.003809528416667707,6.477732793522284,0.0,16.666666666666675,0.0,7.317073170731736,-0.00892863074430128,5.188679245283034,0.0,5.982905982905984,0.0,-3.296703296703285,0.0,-15.397082658022686,0.0,7.550644567219167,0.0,0.0,-0.01379332213233564,66.47398843930637,,,,,,,,,,,,,,,1.0,6.123233995736766e-17,0,0
1349-04,1349-04-01,1970-06-22,1349,4,,1.29,,1.2,,,,,,,,1.2,54.0,,,,,,,35.0,58.4,0.45,,,290.0,0.08,,24.8,28.4,2.1,8.6,26.1,22.1,19.6,8.7,52.5,,,,,,,,,,,,,,,,,,,,,,,,,,,,,,,,,0.0,-7.692307692307699,-0.0076336248550710195,7.851239669421495,0.0,16.666666666666675,-0.011428695823623158,6.0975609756097615,-0.009009069942365944,5.238095238095242,0.0,6.896551724137945,-0.02298951822469908,-6.521739130434778,0.0057306747089849175,-12.935323383084574,0.0,8.34879406307978,0.0,0.0,0.006920442844573493,61.111111111111114,,,,,,,,,,,,,,,0.8660254037844387,-0.4999999999999998,0,0
1349-05,1349-05-01,1970-07-23,1349,5,,1.25,,1.2,,,,,,,,1.2,54.0,,,,,,,35.0,58.4,0.45,,,270.0,0.08,,24.5,28.2,2.1,8.6,25.8,21.8,19.6,8.6,54.0,,,,,,,,,,,,,,,,,,,,,,,,,,,,,,,,,0.0,-7.692307692307699,-0.01156082240107592,7.499999999999996,0.0,16.666666666666675,-0.01156082240107592,4.878048780487809,-0.013667638728663611,2.3474178403755763,-0.012170535620255052,5.603448275862077,0.0,-6.521739130434778,0.0281708769666964,-3.9145907473309705,0.0,9.158878504672895,0.0,14.28571428571428,-0.07145896398214457,49.17127071823204,,,,,,,,,,,,,,,0.49999999999999994,-0.8660254037844387,0,0
1349-06,1349-06-01,1970-08-23,1349,6,,1.28,,1.2,,,,,,,,1.2,54.0,,,,,,,36.0,58.4,0.45,,,276.0,0.09,,24.5,27.9,2.1,8.6,25.7,21.7,19.6,8.6,56.2,,,,,,,,,,,,,,,,,,,,,,,,,,,,,,,,,0.0,-7.692307692307699,-0.0038835000263977015,8.438818565400851,0.0,16.666666666666675,0.0,4.878048780487809,-0.004597709248629567,2.843601895734582,0.0,6.060606060606055,0.0,-6.521739130434778,0.03993271033537127,4.655493482309114,0.0,14.0625,0.11778303565638337,50.0,0.02197890671877456,37.999999999999986,,,,,,,,,,,,,,,1.2246467991473532e-16,-1.0,0,0
1349-07,1349-07-01,1970-09-23,1349,7,,1.28,,1.2,,,,,,,,1.2,54.0,,,,,,,38.0,58.4,0.45,,,304.0,0.09,,24.8,27.6,2.1,8.6,26.5,21.8,19.4,8.6,58.8,,,,,,,,,,,,,,,,,,,,,,,,,,,,,,,,,0.0,-7.692307692307699,0.030653741091002384,9.50413223140496,0.0,16.666666666666675,0.0,3.6144578313252795,0.004597709248629567,1.3953488372093092,0.012170535620255052,5.531914893617018,0.0,-6.521739130434778,0.04522509800493513,12.643678160919535,0.0,12.524084778420042,0.0,28.57142857142856,0.09662683568907227,26.66666666666666,,,,,,,,,,,,,,,-0.4999999999999997,-0.8660254037844388,0,0
1349-08,1349-08-01,1970-10-23,1349,8,,1.27,,1.2,,,,,,,,1.2,54.0,,,,,,,37.0,58.4,0.45,,,330.0,0.09,,25.1,26.7,2.1,8.6,26.9,21.8,19.7,8.6,61.0,,,,,,,,,,,,,,,,,,,,,,,,,,,,,,,,,0.0,-7.692307692307699,0.014981553615616594,10.245901639344268,0.0,16.666666666666675,0.0,2.3809523809523725,0.0,0.4608294930875667,0.012024192966801905,6.355932203389836,0.0,-6.521739130434778,0.03673200926873044,16.858237547892706,0.0,9.774436090225546,0.0,28.57142857142856,0.08206495305430384,26.923076923076916,,,,,,,,,,,,,,,-0.8660254037844385,-0.5000000000000004,0,0
1349-09,1349-09-01,1970-11-22,1349,9,,1.31,,1.2,,,,,,,,1.2,54.0,,,,,,,37.0,58.4,0.45,,,311.0,0.09,,25.0,26.3,2.1,8.6,26.8,21.7,19.7,8.6,63.2,,,,,,,,,,,,,,,,,,,,,,,,,,,,,,,,,0.0,-7.692307692307699,-0.0037243990909821,7.63052208835342,0.0,16.666666666666675,0.0,1.17647058823529,-0.004597709248629567,-0.91324200913242,-0.003992021269537904,5.042016806722693,0.0,-6.521739130434778,0.035430436979500435,21.0727969348659,0.0,11.45038167938932,0.0,50.0,-0.059299742281291756,23.904382470119522,,,,,,,,,,,,,,,-1.0,-1.8369701987210297e-16,0,0
1349-10,1349-10-01,1970-12-22,1349,10,,1.34,,1.6,,,,,,,,1.6,57.5,,,,,,,38.0,58.4,0.5,,,309.0,0.1,,24.9,24.6,2.7,8.3,27.1,21.6,19.6,8.9,63.6,,,,,,,,,,,,,,,,,,,,,,,,,,,,,,,,,0.287682072451781,33.33333333333335,0.01113184036884407,5.859375,0.2513144282809061,28.57142857142858,0.034289073478632304,2.298850574712663,-0.00461894585629441,-2.26244343891403,-0.004008021397538641,2.4691358024691246,-0.03550668845690952,-5.681818181818176,0.00630916919326463,21.839080459770123,0.0,0.0,0.10536051565782678,25.0,-0.006451635281488066,22.619047619047628,,,,,,,,,,,,,,,-0.8660254037844386,0.5000000000000001,0,0
1349-11,1349-11-01,1971-01-21,1349,11,,1.37,,1.6,,,,,,,,1.6,57.5,,,,,,,39.0,58.4,0.5,,,297.0,0.11,,24.6,24.5,2.7,8.3,26.8,21.4,19.5,8.9,63.6,,,,,,,,,,,,,,,,,,,,,,,,,,,,,,,,,0.0,33.33333333333335,-0.01113184036884407,4.6875,0.0,28.57142857142858,0.0,1.1363636363636243,-0.009302392662313697,-3.603603603603611,-0.012121360532344916,1.2345679012345734,0.0,-5.681818181818176,0.0,21.839080459770123,0.0,0.0,0.09531017980432477,57.14285714285714,-0.03960913809504607,15.56420233463034,,,,,,,,,,,,,,,-0.5000000000000004,0.8660254037844384,0,0
1349-12,1349-12-01,1971-02-20,1349,12,,1.38,,1.6,,,,,,,,1.6,57.5,,,,,,,39.0,58.4,0.5,,,300.0,0.1,,24.6,24.7,2.7,8.3,26.7,21.6,19.4,8.9,62.8,,,,,,,,,,,,,,,,,,,,,,,,,,,,,,,,,0.0,33.33333333333335,-0.0037383221106073172,4.296875,0.0,28.57142857142858,0.0,1.1363636363636243,0.009302392662313697,-3.5714285714285587,0.0,0.819672131147553,0.0,-5.681818181818176,-0.012658396871923827,20.30651340996168,0.0,0.0,-0.09531017980432477,42.85714285714286,0.010050335853501124,11.940298507462677,,,,,,,,,,,,,,,-2.4492935982947064e-16,1.0,0,1
1350-01,1350-01-01,1971-03-21,1350,1,,1.4,,1.6,,,,,,,,1.6,57.5,,,,,,,39.0,58.4,0.5,,,292.0,0.1,,24.6,26.1,2.7,8.3,26.4,21.8,19.5,9.0,62.5,,,,,,,,,,,,,,,,,,,,,,,,,,,,,,,,,0.0,33.33333333333335,-0.011299555253933224,1.9305019305019266,0.0,28.57142857142858,0.01117330059812538,1.1235955056179803,0.009216655104923976,-3.111111111111109,0.0,0.40816326530612734,0.0,-5.681818181818176,-0.004788516731796477,19.731800766283513,0.0,0.0,0.0,25.0,-0.027028672387919173,-2.0134228187919434,,,,,,,,,,,,,,,0.49999999999999994,0.8660254037844387,1,1
1350-02,1350-02-01,1971-04-21,1350,2,,1.4,,1.6,,,,,,,,1.6,57.5,,,,,,,41.0,58.4,0.5,,,293.0,0.1,,24.5,25.6,2.7,8.3,26.2,21.5,19.8,8.9,63.2,,,,,,,,,,,,,,,,,,,,,,,,,,,,,,,,,0.0,33.33333333333335,-0.007604599385219402,0.0,0.0,28.57142857142858,-0.01117330059812538,1.1363636363636243,-0.013857034661426404,-4.444444444444439,-0.004073325387635496,-1.2096774193548376,0.0,-5.681818181818176,0.011137744410455674,21.0727969348659,0.0,0.0,0.0,25.0,0.0034188067487859186,0.3424657534246478,,,,,,,,,,,,,,,0.8660254037844386,0.5000000000000001,0,0
1350-03,1350-03-01,1971-05-22,1350,3,,1.37,,1.6,,,,,,,,1.6,57.5,,,,,,,40.0,58.4,0.5,,,310.0,0.09,,24.5,25.1,2.7,8.3,26.3,21.4,19.7,8.9,61.4,,,,,,,,,,,,,,,,,,,,,,,,,,,,,,,,,0.0,33.33333333333335,0.003809528416667707,0.0,0.0,28.57142857142858,0.0,1.1363636363636243,-0.004662013105811269,-4.035874439461895,0.0,-1.2096774193548376,0.0,-5.681818181818176,-0.028894465999715457,17.624521072796927,0.0,0.0,-0.10536051565782678,12.5,0.05639968846212451,7.638888888888884,,,,,,,,,,,,,,,1.0,6.123233995736766e-17,0,0
1350-04,1350-04-01,1971-06-22,1350,4,,1.35,,1.7,,,,,,,,1.7,66.0,,,,,,,41.0,58.4,0.5,,,336.0,0.09,,24.8,25.3,2.8,8.7,27.0,21.7,19.4,9.0,61.4,,,,,,,,,,,,,,,,,,,,,,,,,,,,,,,,,0.06062462181643474,41.66666666666667,0.0262679268206103,3.44827586206895,0.03636764417087468,33.33333333333333,0.01117330059812538,3.4482758620689724,0.013921338518608106,-1.8099547511312264,0.012170535620255052,0.0,0.04706751085798544,1.1627906976744207,0.0,16.952380952380942,0.0,0.0,0.0,12.5,0.08053886248401199,15.86206896551725,,,,,,,,,,,,,,,0.8660254037844387,-0.4999999999999998,0,0
1350-05,1350-05-01,1971-07-23,1350,5,,1.32,,1.7,,,,,,,,1.7,66.0,,,,,,,43.0,58.4,0.5,,,335.0,0.09,,25.0,25.2,2.8,8.7,27.3,21.9,19.4,9.1,61.0,,,,,,,,,,,,,,,,,,,,,,,,,,,,,,,,,0.0,41.66666666666667,0.011049836186585171,5.813953488372103,0.0,33.33333333333333,0.011049836186584727,5.813953488372103,0.00917437627604123,0.4587155963302614,0.008032171697264001,2.0408163265306145,0.0,1.1627906976744207,-0.006535970979784977,12.962962962962955,0.0,0.0,0.0,12.5,-0.0029806281381379307,24.07407407407407,,,,,,,,,,,,,,,0.49999999999999994,-0.8660254037844387,0,0
1350-06,1350-06-01,1971-08-23,1350,6,,1.3,,1.7,,,,,,,,1.7,66.0,,,,,,,42.0,58.4,0.5,,,296.0,0.09,,24.6,24.7,2.8,8.7,26.5,21.5,19.7,9.0,61.0,,,,,,,,,,,,,,,,,,,,,,,,,,,,,,,,,0.0,41.66666666666667,-0.029741969198737728,3.112840466926081,0.0,33.33333333333333,-0.011049836186584727,4.651162790697683,-0.018433701688838067,-0.9216589861751112,-0.016129381929883557,0.40816326530612734,0.0,1.1627906976744207,0.0,8.540925266903908,0.0,0.0,0.0,0.0,-0.12377107750100613,7.246376811594213,,,,,,,,,,,,,,,1.2246467991473532e-16,-1.0,0,0
1350-07,1350-07-01,1971-09-23,1350,7,,1.31,,1.7,,,,,,,,1.7,66.0,,,,,,,43.0,58.4,0.5,,,305.0,0.09,,24.5,24.5,2.8,8.7,26.5,21.5,19.8,9.0,60.3,,,,,,,,,,,,,,,,,,,,,,,,,,,,,,,,,0.0,41.66666666666667,0.0,0.0,0.0,33.33333333333333,0.0,4.651162790697683,0.0,-1.3761467889908285,-0.004073325387635496,-1.2096774193548376,0.0,1.1627906976744207,-0.011541760440171522,2.5510204081632626,0.0,0.0,0.0,0.0,0.029952322283351762,0.328947368421062,,,,,,,,,,,,,,,-0.4999999999999997,-0.8660254037844388,0,0
1350-08,1350-08-01,1971-10-23,1350,8,,1.29,,1.7,,,,,,,,1.7,66.0,,,,,,,43.0,58.4,0.5,,,301.0,0.09,,24.4,24.6,2.8,8.7,26.3,21.4,19.6,8.9,60.3,,,,,,,,,,,,,,,,,,,,,,,,,,,,,,,,,0.0,41.66666666666667,-0.0075757938084577425,-2.2304832713754608,0.0,33.33333333333333,-0.01117330059812538,3.488372093023262,-0.004662013105811269,-1.8348623853211121,-0.004089985251525263,-2.788844621513953,0.0,1.1627906976744207,0.0,-1.1475409836065653,0.0,0.0,0.0,0.0,-0.013201511858536463,-8.787878787878789,,,,,,,,,,,,,,,-0.8660254037844385,-0.5000000000000004,0,0
1350-09,1350-09-01,1971-11-22,1350,9,,1.32,,1.7,,,,,,,,1.7,66.0,,,,,,,43.0,58.4,0.5,,,271.0,0.13,,24.6,25.0,2.8,8.7,26.5,21.6,19.6,9.0,59.9,,,,,,,,,,,,,,,,,,,,,,,,,,,,,,,,,0.0,41.66666666666667,0.0075757938084577425,-1.1194029850746245,0.0,33.33333333333333,0.01117330059812538,4.651162790697683,0.009302392662313697,-0.4608294930875445,0.008163310639160759,-1.5999999999999903,0.0,1.1627906976744207,-0.00665559861173648,-5.221518987341778,0.0,0.0,0.3677247801253176,44.444444444444464,-0.10499144386917436,-12.86173633440515,,,,,,,,,,,,,,,-1.0,-1.8369701987210297e-16,0,0
1350-10,1350-10-01,1971-12-22,1350,10,,1.39,,1.8,,,,,,,,1.8,83.0,,,,,,,46.0,51.3,0.54,,,249.0,0.17,,25.0,25.8,2.9,11.5,26.9,22.1,19.8,9.2,59.9,,,,,,,,,,,,,,,,,,,,,,,,,,,,,,,,,0.057158413839948685,12.5,0.014981553615616594,-0.738007380073813,0.035091319811270116,7.407407407407396,0.021978906718775004,3.3707865168539186,0.022884293833587588,2.314814814814814,0.016129381929883557,0.40160642570281624,0.2790240097086665,38.55421686746987,0.0,-5.8176100628930865,-0.1296251376574573,-12.157534246575342,0.2682639865946794,70.0,-0.08466592441499365,-19.417475728155342,,,,,,,,,,,,,,,-0.8660254037844386,0.5000000000000001,0,0
1350-11,1350-11-01,1972-01-21,1350,11,,1.4,,1.8,,,,,,,,1.8,83.0,,,,,,,48.0,51.7,0.54,,,246.0,0.18,,24.9,25.9,2.9,11.5,26.7,22.2,20.1,9.3,59.9,,,,,,,,,,,,,,,,,,,,,,,,,,,,,,,,,0.0,12.5,-0.007462721201589417,-0.3731343283582156,0.0,7.407407407407396,0.010810916104215806,4.494382022471921,0.0045146803545268455,3.738317757009346,-0.004008021397538641,1.21951219512193,0.0,38.55421686746987,0.0,-5.8176100628930865,0.007767029337659714,-11.472602739726023,0.057158413839948574,63.636363636363626,-0.012121360532344916,-17.17171717171717,,,,,,,,,,,,,,,-0.5000000000000004,0.8660254037844384,0,0
1350-12,1350-12-01,1972-02-20,1350,12,,1.45,,1.8,,,,,,,,1.8,83.0,,,,,,,48.0,52.5,0.54,,,258.0,0.19,,25.6,26.2,2.9,11.5,27.6,22.6,20.2,9.4,59.9,,,,,,,,,,,,,,,,,,,,,,,,,,,,,,,,,0.0,12.5,0.03315220731690083,3.370786516853941,0.0,7.407407407407396,0.010695289116747997,5.617977528089879,0.017857617400006465,4.629629629629628,0.02772454801485491,4.065040650406493,0.0,38.55421686746987,0.0,-4.6178343949044525,0.015355388083194477,-10.102739726027398,0.054067221270275745,89.99999999999999,0.04762804898925488,-14.000000000000002,,,,,,,,,,,,,,,-2.4492935982947064e-16,1.0,0,1
1351-01,1351-01-01,1972-03-21,1351,1,,1.5,,1.8,,,,,,,,1.8,83.0,,,,,,,49.0,53.7,0.54,,,272.0,0.16,,25.5,26.4,2.9,11.5,27.7,22.6,20.0,9.4,60.3,,,,,,,,,,,,,,,,,,,,,,,,,,,,,,,,,0.0,12.5,0.0036166404701880595,4.924242424242431,0.0,7.407407407407396,0.0,4.444444444444451,0.0,3.669724770642202,-0.003913899321136505,3.658536585365857,0.0,38.55421686746987,0.00665559861173648,-3.520000000000001,0.02259983191724091,-8.047945205479445,-0.17185025692665934,59.999999999999986,0.05284248137438041,-6.849315068493156,,,,,,,,,,,,,,,0.49999999999999994,0.8660254037844387,1,1
1351-02,1351-02-01,1972-04-21,1351,2,,1.51,,1.8,,,,,,,,1.8,83.0,,,,,,,55.0,54.5,0.54,,,252.0,0.15,,25.5,26.8,2.9,11.5,27.5,22.3,19.9,9.3,60.3,,,,,,,,,,,,,,,,,,,,,,,,,,,,,,,,,0.0,12.5,-0.007246408520766856,4.961832061068705,0.0,7.407407407407396,-0.010695289116747997,4.494382022471921,-0.013363227812167366,3.7209302325581506,0.0,4.081632653061229,0.0,38.55421686746987,0.0,-4.588607594936722,0.014787700154379468,-6.67808219178082,-0.06453852113757108,49.99999999999998,-0.07637297878457439,-13.993174061433445,,,,,,,,,,,,,,,0.8660254037844386,0.5000000000000001,0,0
1351-03,1351-03-01,1972-05-22,1351,3,,1.54,,1.8,,,,,,,,1.8,83.0,,,,,,,62.0,52.9,0.54,,,234.0,0.14,,25.2,27.2,2.9,11.5,27.2,21.9,19.5,9.2,59.9,,,,,,,,,,,,,,,,,,,,,,,,,,,,,,,,,0.0,12.5,-0.010969031370574367,3.4220532319391594,0.0,7.407407407407396,-0.010810916104215806,3.3707865168539186,-0.018100041643617892,2.336448598130847,-0.01183445764700286,2.857142857142847,0.0,38.55421686746987,-0.00665559861173648,-2.442996742671011,-0.02979736280494505,-9.417808219178081,-0.06899287148695143,55.55555555555558,-0.07410797215372167,-24.51612903225806,,,,,,,,,,,,,,,1.0,6.123233995736766e-17,0,0
1351-04,1351-04-01,1972-06-22,1351,4,,1.51,,1.9,,,,,,,,1.9,99.0,,,,,,,66.0,54.1,0.54,,,226.0,0.12,,25.2,28.5,3.0,12.3,27.0,21.7,19.0,9.2,60.3,,,,,,,,,,,,,,,,,,,,,,,,,,,,,,,,,0.054067221270275634,11.764705882352944,-0.007380107297622285,0.0,0.03390155167568154,7.14285714285714,0.0,2.2222222222222143,-0.00917437627604123,0.0,0.0,1.6129032258064502,0.06725222700916778,41.3793103448276,0.00665559861173648,-1.791530944625408,0.022430846988182207,-7.363013698630128,-0.15415067982725827,33.33333333333333,-0.034786116085415486,-32.738095238095234,,,,,,,,,,,,,,,0.8660254037844387,-0.4999999999999998,0,0
1351-05,1351-05-01,1972-07-23,1351,5,,1.49,,1.9,,,,,,,,1.9,99.0,,,,,,,67.0,55.7,0.54,,,223.0,0.14,,25.6,28.1,3.0,12.3,27.8,22.0,18.8,9.3,62.1,,,,,,,,,,,,,,,,,,,,,,,,,,,,,,,,,0.0,11.764705882352944,0.029199154692262308,1.831501831501825,0.0,7.14285714285714,0.010810916104215806,2.197802197802212,0.013730192811902242,0.4566210045662267,0.015748356968139365,2.400000000000002,0.0,41.3793103448276,0.029413885206293067,1.80327868852459,0.029145961080802696,-4.623287671232868,0.15415067982725827,55.55555555555558,-0.013363227812167366,-33.43283582089553,,,,,,,,,,,,,,,0.49999999999999994,-0.8660254037844387,0,0
1351-06,1351-06-01,1972-08-23,1351,6,,1.46,,1.9,,,,,,,,1.9,99.0,,,,,,,65.0,59.2,0.54,,,225.0,0.16,,26.3,27.7,3.0,12.3,29.2,22.5,18.7,9.4,76.1,,,,,,,,,,,,,,,,,,,,,,,,,,,,,,,,,0.0,11.764705882352944,0.04913268857764441,10.188679245283016,0.0,7.14285714285714,0.010695289116747997,4.444444444444451,0.02247285585205816,4.651162790697683,0.026976587698201993,6.910569105691056,0.0,41.3793103448276,0.20330227592820727,24.754098360655718,0.06094139495672213,1.3698630136986356,0.13353139262452252,77.77777777777779,0.00892863074430128,-23.98648648648649,,,,,,,,,,,,,,,1.2246467991473532e-16,-1.0,0,0
1351-07,1351-07-01,1972-09-23,1351,7,,1.47,,1.9,,,,,,,,1.9,99.0,,,,,,,65.0,57.2,0.54,,,228.0,0.16,,26.7,27.7,3.0,12.3,29.6,22.5,19.2,9.4,87.5,,,,,,,,,,,,,,,,,,,,,,,,,,,,,,,,,0.0,11.764705882352944,0.013605652055778794,11.698113207547166,0.0,7.14285714285714,0.0,4.444444444444451,0.0,4.651162790697683,0.01509462622248492,8.979591836734691,0.0,41.3793103448276,0.1395905284959289,45.10779436152572,-0.03436764350420862,-2.0547945205479423,0.0,77.77777777777779,0.013245226750020933,-25.24590163934426,,,,,,,,,,,,,,,-0.4999999999999997,-0.8660254037844388,0,0
1351-08,1351-08-01,1972-10-23,1351,8,,1.48,,1.9,,,,,,,,1.9,99.0,,,,,,,63.0,59.2,0.54,,,240.0,0.16,,27.5,27.6,3.0,12.3,30.7,23.2,19.4,9.6,88.9,,,,,,,,,,,,,,,,,,,,,,,,,,,,,,,,,0.0,11.764705882352944,0.03648829326313674,16.730038022813677,0.0,7.14285714285714,0.021053409197832273,7.86516853932584,0.030636969461890207,8.41121495327104,0.02952243926632203,12.704918032786882,0.0,41.3793103448276,0.015873349156289684,47.429519071310125,0.03436764350420862,1.3698630136986356,0.0,77.77777777777779,0.05129329438755015,-20.26578073089701,,,,,,,,,,,,,,,-0.8660254037844385,-0.5000000000000004,0,0
1351-09,1351-09-01,1972-11-22,1351,9,,1.57,,1.9,,,,,,,,1.9,99.0,,,,,,,64.0,67.1,0.54,,,234.0,0.2,,30.2,27.9,3.0,12.3,34.7,25.0,20.5,10.3,102.9,,,,,,,,,,,,,,,,,,,,,,,,,,,,,,,,,0.0,11.764705882352944,0.12247703235966201,30.94339622641511,0.0,7.14285714285714,0.07038079676179931,14.44444444444446,0.07472354619593613,15.740740740740744,0.09365591970829801,22.764227642276413,0.0,41.3793103448276,0.14624550032014483,71.78631051752924,0.12526250208767564,14.897260273972602,0.22314355131420993,53.846153846153854,-0.02531780798428951,-13.653136531365318,,,,,,,,,,,,,,,-1.0,-1.8369701987210297e-16,0,0
1351-10,1351-10-01,1972-12-22,1351,10,,1.7,,2.1,,,,,,,,2.1,105.0,,,,,,,65.0,79.1,0.69,,,239.0,0.21,,32.8,34.2,3.4,18.8,37.0,27.1,21.6,11.2,108.4,,,,,,,,,,,,,,,,,,,,,,,,,,,,,,,,,0.10008345855698264,16.666666666666675,0.06417822569141096,37.54646840148699,0.12516314295400588,17.24137931034482,0.08376988306545874,21.739130434782616,0.08065790301745457,22.62443438914028,0.08258659100927401,31.19999999999998,0.4242576074575317,63.478260869565226,0.05207044616554235,80.96828046744575,0.16452883079597225,54.191033138401565,0.04879016416943194,23.529411764705866,0.02114243657380932,-4.016064257028118,,,,,,,,,,,,,,,-0.8660254037844386,0.5000000000000001,0,0
1351-11,1351-11-01,1973-01-21,1351,11,,1.87,,2.1,,,,,,,,2.1,105.0,,,,,,,74.0,81.1,0.69,,,291.0,0.2,,35.5,36.0,3.4,18.8,40.3,29.2,23.8,11.9,98.8,,,,,,,,,,,,,,,,,,,,,,,,,,,,,,,,,0.0,16.666666666666675,0.08543355630841276,50.93632958801497,0.0,17.24137931034482,0.06062462181643502,27.956989247311824,0.07463498138858071,31.53153153153154,0.07910418109127226,42.57028112449801,0.0,63.478260869565226,-0.09273048425172359,64.9415692821369,0.02497008634775888,56.86653771760153,-0.04879016416943194,11.111111111111116,0.1968597152399818,18.29268292682926,,,,,,,,,,,,,,,-0.5000000000000004,0.8660254037844384,0,0
1351-12,1351-12-01,1973-02-20,1351,12,,1.98,,2.1,,,,,,,,2.1,105.0,,,,,,,84.0,79.9,0.69,,,311.0,0.19,,36.3,35.8,3.4,18.8,40.7,30.2,25.9,12.3,98.5,,,,,,,,,,,,,,,,,,,,,,,,,,,,,,,,,0.0,16.666666666666675,0.009876623495912451,47.46376811594204,0.0,17.24137931034482,0.033060862260888335,30.85106382978724,0.03367321510658794,33.62831858407078,0.022285044789434938,41.79687499999998,0.0,63.478260869565226,-0.003041056575779244,64.440734557596,-0.014907108349138554,52.19047619047621,-0.05129329438755059,0.0,0.06646964500774111,20.54263565891472,,,,,,,,,,,,,,,-2.4492935982947064e-16,1.0,0,1
1352-01,1352-01-01,1973-03-21,1352,1,,1.85,,2.4,,,,,,,,2.4,105.0,,,,,,,91.0,77.8,0.69,,,333.0,0.2,,36.6,35.0,3.7,18.8,41.3,30.5,26.0,12.6,101.1,,,,,,,,,,,,,,,,,,,,,,,,,,,,,,,,,0.13353139262452252,33.33333333333333,0.014634407518437254,49.09747292418771,0.08455738802806323,27.586206896551737,0.024097551579060017,34.04255319148935,0.009884759232542173,34.95575221238938,0.008230499136515412,43.529411764705884,0.0,63.478260869565226,0.02605357784838258,67.66169154228857,-0.02663442158788243,44.87895716945995,0.05129329438755059,25.0,0.06834957780120998,22.426470588235304,,,,,,,,,,,,,,,0.49999999999999994,0.8660254037844387,1,1
1352-02,1352-02-01,1973-04-21,1352,2,,1.85,,2.4,,,,,,,,2.4,105.0,,,,,,,102.0,89.0,0.69,,,373.0,0.2,,40.8,36.0,3.7,18.8,48.0,33.2,25.5,13.4,102.2,,,,,,,,,,,,,,,,,,,,,,,,,,,,,,,,,0.0,33.33333333333333,0.15033851094090434,74.54545454545453,0.0,27.586206896551737,0.061557892999433594,44.08602150537633,0.0848231923090772,48.87892376681615,0.1086338410027956,59.999999999999986,0.0,63.478260869565226,0.010821551743178226,69.48590381426203,0.13449493854779337,63.30275229357798,0.0,33.33333333333335,0.11343592966337201,48.01587301587303,,,,,,,,,,,,,,,0.8660254037844386,0.5000000000000001,0,0
1352-03,1352-03-01,1973-05-22,1352,3,,1.8,,2.4,,,,,,,,2.4,105.0,,,,,,,120.0,101.2,0.69,,,455.0,0.21,,46.0,36.3,3.7,18.8,56.3,37.1,25.9,14.7,108.4,,,,,,,,,,,,,,,,,,,,,,,,,,,,,,,,,0.0,33.33333333333333,0.15949352423775354,106.98529411764706,0.0,27.586206896551737,0.0925927868278249,59.78260869565217,0.11106709369094636,69.40639269406394,0.11995931507897906,82.53968253968253,0.0,63.478260869565226,0.058896411235942026,80.96828046744575,0.1284623871212256,91.30434782608697,0.04879016416943194,49.99999999999998,0.19871899930713433,94.44444444444444,,,,,,,,,,,,,,,1.0,6.123233995736766e-17,0,0
1352-04,1352-04-01,1973-06-22,1352,4,,1.96,,2.7,,,,,,,,2.7,132.5,,,,,,,120.0,109.4,0.69,,,550.0,0.21,,49.5,35.8,4.1,20.6,61.1,40.1,28.3,16.0,114.6,,,,,,,,,,,,,,,,,,,,,,,,,,,,,,,,,0.1177830356563836,42.105263157894754,0.08181733103190503,126.2962962962963,0.10265415406008316,36.66666666666665,0.08474122845509058,73.91304347826089,0.07775936469913391,84.7926267281106,0.07333127308554976,96.42857142857144,0.09143420595963159,67.47967479674797,0.05561971527509346,90.04975124378109,0.0779121331345154,102.21811460258779,0.0,75.0,0.18962085927556593,143.36283185840708,,,,,,,,,,,,,,,0.8660254037844387,-0.4999999999999998,0,0
1352-05,1352-05-01,1973-07-23,1352,5,,2.46,,2.7,,,,,,,,2.7,132.5,,,,,,,107.0,122.4,0.69,,,548.0,0.2,,49.3,35.4,4.1,20.6,60.0,40.2,30.3,16.0,192.5,,,,,,,,,,,,,,,,,,,,,,,,,,,,,,,,,0.0,42.105263157894754,-0.0181673039554493,115.8273381294964,0.0,36.66666666666665,0.0,72.04301075268815,0.002490661312452236,82.72727272727273,-0.0040485885260004295,92.57812499999997,0.0,67.47967479674797,0.5186483494471998,209.98389694041867,0.11228348009034494,119.74865350089767,-0.04879016416943194,42.85714285714286,-0.0036429912785003182,145.73991031390133,,,,,,,,,,,,,,,0.49999999999999994,-0.8660254037844387,0,0
1352-06,1352-06-01,1973-08-23,1352,6,,2.26,,2.7,,,,,,,,2.7,132.5,,,,,,,103.0,107.1,0.69,,,508.0,0.2,,45.0,35.5,4.1,20.6,52.3,37.0,31.9,14.9,189.6,,,,,,,,,,,,,,,,,,,,,,,,,,,,,,,,,0.0,42.105263157894754,-0.1373481911512231,79.10958904109589,0.0,36.66666666666665,-0.07122750928836785,58.51063829787233,-0.08294908298075132,64.44444444444444,-0.09126159127832478,71.10266159695817,0.0,67.47967479674797,-0.015179563906917437,149.14586070959265,-0.13353139262452274,80.91216216216215,0.0,25.0,-0.07579383936953388,125.77777777777777,,,,,,,,,,,,,,,1.2246467991473532e-16,-1.0,0,0
1352-07,1352-07-01,1973-09-23,1352,7,,2.18,,4.1,,,,,,,,4.1,132.5,,,,,,,100.0,106.4,0.69,,,531.0,0.21,,44.5,36.0,5.6,20.6,51.0,37.1,32.9,16.0,182.3,,,,,,,,,,,,,,,,,,,,,,,,,,,,,,,,,0.4177352006999786,115.78947368421053,-0.02517073834655159,72.29729729729728,0.3117796240308415,86.66666666666664,0.07122750928836785,70.2127659574468,0.00269905696916517,64.88888888888889,-0.011173300598124936,66.66666666666667,0.0,67.47967479674797,-0.03926290813630473,108.34285714285716,-0.006557400546158831,86.01398601398603,0.04879016416943194,31.25,0.044280573663456835,132.89473684210526,,,,,,,,,,,,,,,-0.4999999999999997,-0.8660254037844388,0,0
1352-08,1352-08-01,1973-10-23,1352,8,,2.14,,4.1,,,,,,,,4.1,132.5,,,,,,,95.0,107.9,0.69,,,490.0,0.22,,46.1,36.1,5.6,20.6,53.8,38.9,32.5,16.6,181.9,,,,,,,,,,,,,,,,,,,,,,,,,,,,,,,,,0.0,115.78947368421053,0.053447834443412834,75.2442996742671,0.0,86.66666666666664,0.036813973122716614,72.9166666666667,0.04737728101101091,67.67241379310344,0.035323760830408,67.63636363636365,0.0,67.47967479674797,-0.002196596160540132,104.61192350956128,0.01399929535654465,82.26351351351352,0.04652001563489283,37.5,-0.0803566301372669,104.16666666666666,,,,,,,,,,,,,,,-0.8660254037844385,-0.5000000000000004,0,0
1352-09,1352-09-01,1973-11-22,1352,9,,2.07,,4.1,,,,,,,,4.1,132.5,,,,,,,107.0,112.6,0.69,,,603.0,0.26,,50.1,36.4,5.6,20.6,58.6,41.4,36.5,17.4,199.5,,,,,,,,,,,,,,,,,,,,,,,,,,,,,,,,,0.0,115.78947368421053,0.0854612294152286,68.87608069164264,0.0,86.66666666666664,0.04706751085798544,68.93203883495143,0.06228663020686831,65.6,0.08320805808821641,65.89403973509935,0.0,67.47967479674797,0.09235715080584139,93.87755102040816,0.042636843441501426,67.80923994038747,0.1670540846631663,30.000000000000004,0.2075118056225138,157.6923076923077,,,,,,,,,,,,,,,-1.0,-1.8369701987210297e-16,0,0
1352-10,1352-10-01,1973-12-22,1352,10,,2.04,,13.0,,,,,,,,13.0,215.0,,,,,,,129.0,112.3,1.73,,,665.0,0.33,,53.3,43.1,16.0,61.0,61.8,44.5,37.8,25.4,213.5,,,,,,,,,,,,,,,,,,,,,,,,,,,,,,,,,1.1539623837512747,519.047619047619,0.0531686678806782,67.027027027027,1.0498221244986776,370.5882352941177,0.3782789678040075,126.78571428571428,0.07220830834092595,64.20664206642066,0.06191532308097969,62.5,1.085582788377776,224.468085106383,0.06782259633876109,96.95571955719555,-0.002667853961192179,41.97218710493047,0.2384110234449981,57.14285714285716,0.09786984392866849,178.2426778242678,,,,,,,,,,,,,,,-0.8660254037844386,0.5000000000000001,0,0
1352-11,1352-11-01,1974-01-21,1352,11,,1.98,,13.0,,,,,,,,13.0,232.5,,,,,,,150.0,131.1,1.73,,,780.0,0.47,,56.8,44.9,16.0,63.4,67.6,47.5,36.8,26.4,220.5,,,,,,,,,,,,,,,,,,,,,,,,,,,,,,,,,0.0,519.047619047619,0.08970461858527301,67.74193548387098,0.0,370.5882352941177,0.03861483612777983,121.84873949579828,0.06524052186840068,62.671232876712324,0.06359999455530696,59.999999999999986,0.03858999726986845,237.23404255319144,0.03226086221822122,123.17813765182186,0.15478652902525614,61.652281134401974,0.3536400402435783,134.99999999999997,0.15950687902778338,168.04123711340205,,,,,,,,,,,,,,,-0.5000000000000004,0.8660254037844384,0,0
1352-12,1352-12-01,1974-02-20,1352,12,,1.74,,13.0,,,,,,,,13.0,262.5,,,,,,,168.0,126.4,1.73,,,711.0,0.47,,55.3,45.0,16.0,64.7,65.4,47.7,36.1,26.4,190.7,,,,,,,,,,,,,,,,,,,,,,,,,,,,,,,,,0.0,519.047619047619,-0.03308572458576542,60.6879606879607,0.0,370.5882352941177,0.0,114.63414634146338,0.004201686853700259,57.947019867549685,-0.026763417198816697,52.34159779614325,0.02029734006367523,244.14893617021275,-0.145196182280527,93.60406091370557,-0.036508909056896854,58.19774718397996,0.0,147.36842105263156,-0.09262148988039698,128.61736334405145,,,,,,,,,,,,,,,-2.4492935982947064e-16,1.0,0,1
1353-01,1353-01-01,1974-03-21,1353,1,,1.62,,10.6,,,,,,,,10.6,293.8,,,,,,,172.0,114.2,1.73,,,660.0,0.48,,53.2,46.2,13.4,66.9,62.3,47.2,34.7,24.6,162.0,,,,,,,,,,,,,,,,,,,,,,,,,,,,,,,,,-0.20409535634351528,341.6666666666667,-0.04856083266974576,50.847457627118644,-0.17733401528291548,262.16216216216213,-0.07061756721395351,95.23809523809526,-0.010537505302786077,54.754098360655746,-0.03871451218069044,45.35519125683061,0.03343776562732792,255.85106382978725,-0.16310517737399,60.23738872403561,-0.10150018449084719,46.78663239074552,0.021053409197832385,140.0,-0.07443259478276953,98.1981981981982,,,,,,,,,,,,,,,0.49999999999999994,0.8660254037844387,1,1
1353-02,1353-02-01,1974-04-21,1353,2,,1.54,,10.6,,,,,,,,10.6,301.3,,,,,,,163.0,113.7,1.73,,,775.0,0.52,,52.7,46.0,13.4,67.6,62.1,46.7,33.2,24.4,141.5,,,,,,,,,,,,,,,,,,,,,,,,,,,,,,,,,0.0,341.6666666666667,-0.003215436853974296,29.374999999999996,0.0,262.16216216216213,-0.008163310639160759,82.08955223880596,-0.01064972791665797,40.662650602409634,-0.009442940800282074,29.166666666666675,0.01040901591473542,259.57446808510633,-0.13529661814909133,38.45401174168297,-0.004387896465419594,27.752808988764045,0.0800427076735365,160.0,0.1606231943328762,107.77479892761393,,,,,,,,,,,,,,,0.8660254037844386,0.5000000000000001,0,0
1353-03,1353-03-01,1974-05-22,1353,3,,1.45,,10.6,,,,,,,,10.6,339.5,,,,,,,154.0,116.6,1.73,,,788.0,0.52,,52.1,46.5,13.4,73.5,61.8,45.5,31.5,24.0,155.8,,,,,,,,,,,,,,,,,,,,,,,,,,,,,,,,,0.0,341.6666666666667,-0.004842624475787538,9.769094138543522,0.0,262.16216216216213,-0.016529301951210496,63.26530612244898,-0.026031838717946787,22.64150943396226,-0.011450506787995085,13.260869565217392,0.08367742316987226,290.9574468085106,0.0962734163533554,43.72693726937269,0.025185873159901284,15.217391304347828,0.0,147.61904761904762,0.016635060504532007,73.1868131868132,,,,,,,,,,,,,,,1.0,6.123233995736766e-17,0,0
1353-04,1353-04-01,1974-06-22,1353,4,,1.64,,10.0,,,,,,,,10.0,358.1,,,,,,,143.0,132.3,1.73,,,872.0,0.55,,54.1,46.3,12.8,73.8,65.2,45.9,31.2,23.7,169.0,,,,,,,,,,,,,,,,,,,,,,,,,,,,,,,,,-0.05826890812397556,270.3703703703703,0.05355610446896186,6.710310965630106,-0.04580953603129423,212.19512195121956,-0.01257878220686015,48.12499999999999,0.008752791109594593,14.463840399002482,0.037669237093114205,9.292929292929287,0.00407332538763594,258.252427184466,0.08132558148642577,47.46945898778361,0.12632279720451844,20.93235831809872,0.05608946665104353,161.90476190476195,0.10129133405110036,58.54545454545455,,,,,,,,,,,,,,,0.8660254037844387,-0.4999999999999998,0,0
1353-05,1353-05-01,1974-07-23,1353,5,,1.61,,10.0,,,,,,,,10.0,365.0,,,,,,,155.0,145.8,1.73,,,922.0,0.68,,57.9,44.0,12.8,73.9,71.8,48.4,31.0,24.5,167.6,,,,,,,,,,,,,,,,,,,,,,,,,,,,,,,,,0.0,270.3703703703703,0.09642500712157087,19.666666666666654,0.0,212.19512195121956,0.03319806940959591,53.125,0.0530346966560864,20.398009950248742,0.06788319872651405,17.444219066937116,0.0013540963477298718,258.7378640776699,-0.008318526875091159,-12.935064935064933,0.09716374845364761,19.11764705882353,0.2121745199436358,240.0,0.055755799647614346,68.24817518248176,,,,,,,,,,,,,,,0.49999999999999994,-0.8660254037844387,0,0
1353-06,1353-06-01,1974-08-23,1353,6,,1.4,,10.0,,,,,,,,10.0,405.0,,,,,,,152.0,141.4,1.73,,,933.0,0.75,,57.2,41.9,12.8,75.5,71.8,47.4,29.4,24.2,170.5,,,,,,,,,,,,,,,,,,,,,,,,,,,,,,,,,0.0,270.3703703703703,0.0,37.2848948374761,0.0,212.19512195121956,-0.012320484388040676,62.41610738255032,-0.02087758502155479,28.10810810810811,-0.012163486193197848,27.111111111111107,0.021419828300822452,266.50485436893206,0.017155108675589226,-10.07383966244726,-0.030643066112085116,32.026143790849694,0.09798040836020372,275.0,0.011859977290749946,83.66141732283465,,,,,,,,,,,,,,,1.2246467991473532e-16,-1.0,0,0
1353-07,1353-07-01,1974-09-23,1353,7,,1.39,,10.3,,,,,,,,10.3,405.0,,,,,,,159.0,151.6,1.73,,,1045.0,0.87,,61.2,42.3,13.1,75.4,78.8,49.8,28.3,25.2,192.2,,,,,,,,,,,,,,,,,,,,,,,,,,,,,,,,,0.029558802241544058,151.219512195122,0.09302852080965529,54.50980392156861,0.023167059281534286,133.92857142857144,0.04049136135473663,57.49999999999999,0.04939275532957632,34.231805929919126,0.06759329113252832,37.52808988764045,-0.0013253812410685128,266.0194174757282,0.1198011998126205,5.430608886450883,0.06965271974579856,42.481203007518786,0.14842000511827325,314.28571428571433,0.1133669635515675,96.7984934086629,,,,,,,,,,,,,,,-0.4999999999999997,-0.8660254037844388,0,0
1353-08,1353-08-01,1974-10-23,1353,8,,1.32,,10.3,,,,,,,,10.3,405.0,,,,,,,182.0,144.1,1.73,,,943.0,1.24,,62.2,43.0,13.1,75.7,80.7,50.4,26.8,25.4,187.4,,,,,,,,,,,,,,,,,,,,,,,,,,,,,,,,,0.0,151.219512195122,0.02382557841206978,50.00000000000002,0.0,133.92857142857144,0.007905179507113225,53.012048192771054,0.011976191046715545,29.56298200514138,0.016207810226853248,34.924078091106296,0.003970885429493087,267.4757281553398,-0.025291126731870506,3.0236393622869784,-0.050737970202795246,33.54958294717329,0.35437344695045314,463.6363636363637,-0.10270588176545381,92.44897959183673,,,,,,,,,,,,,,,-0.8660254037844385,-0.5000000000000004,0,0
1353-09,1353-09-01,1974-11-22,1353,9,,1.26,,10.3,,,,,,,,10.3,408.8,,,,,,,184.0,145.3,1.73,,,892.0,0.99,,58.2,43.2,13.1,74.8,73.9,47.7,27.6,24.5,185.9,,,,,,,,,,,,,,,,,,,,,,,,,,,,,,,,,0.0,151.219512195122,-0.08802574732174673,26.109215017064848,0.0,133.92857142857144,-0.03607605647380918,40.80459770114943,-0.055059777183027236,15.217391304347828,-0.06646964500774111,16.167664670658688,-0.011960275462971737,263.1067961165048,-0.008036475076923288,-6.817042606516289,0.008293067570761536,29.040852575488472,-0.22516171547044694,280.7692307692308,-0.05560015005344798,47.92703150912105,,,,,,,,,,,,,,,-1.0,-1.8369701987210297e-16,0,0
1353-10,1353-10-01,1974-12-22,1353,10,,1.15,,10.4,,,,,,,,10.4,396.0,,,,,,,176.0,131.7,1.68,,,775.0,0.84,,52.9,38.6,13.8,58.2,66.3,43.9,27.7,23.8,164.2,,,,,,,,,,,,,,,,,,,,,,,,,,,,,,,,,0.00966191091173707,-19.999999999999996,-0.10852293076233988,7.281553398058249,0.052056361956053454,-13.749999999999996,-0.028987536873252395,-6.299212598425186,-0.08301707781317003,-1.348314606741574,-0.09548201587313887,-0.7504690431519689,-0.2509325302430394,-4.5901639344262275,-0.12412369770907006,-23.091334894613592,-0.09827396182700188,17.27515583259127,-0.16430305129127634,154.54545454545453,-0.14060310322666236,16.541353383458656,,,,,,,,,,,,,,,-0.8660254037844386,0.5000000000000001,0,0
1353-11,1353-11-01,1975-01-21,1353,11,,1.15,,10.4,,,,,,,,10.4,383.0,,,,,,,180.0,120.5,1.68,,,661.0,0.75,,48.9,37.8,13.8,57.3,60.1,41.4,27.2,22.9,153.2,,,,,,,,,,,,,,,,,,,,,,,,,,,,,,,,,0.0,-19.999999999999996,-0.09818005565065491,-11.094674556213013,0.0,-13.749999999999996,-0.03854867011723506,-13.257575757575758,-0.05863343924985687,-12.8421052631579,-0.07862594238342702,-13.90845070422535,-0.015584731016698328,-9.621451104100952,-0.06934093971183763,-30.521541950113384,-0.08887685581852622,-8.08543096872616,-0.1133286853070031,59.5744680851064,-0.15910918950166142,-15.256410256410257,,,,,,,,,,,,,,,-0.5000000000000004,0.8660254037844384,0,0
1353-12,1353-12-01,1975-02-20,1353,12,,1.14,,10.4,,,,,,,,10.4,363.0,,,,,,,178.0,120.2,1.68,,,622.0,0.58,,46.7,36.7,13.8,57.1,56.4,40.1,28.4,22.5,147.3,,,,,,,,,,,,,,,,,,,,,,,,,,,,,,,,,0.0,-19.999999999999996,-0.06354068303714833,-13.761467889908264,0.0,-13.749999999999996,-0.017621601349819827,-14.77272727272727,-0.0319045465187453,-15.932914046121594,-0.04603323180597485,-15.551537070524402,-0.0034965070587293923,-11.746522411128291,-0.03927293383790609,-22.758259045621386,-0.00249273082960233,-4.905063291139244,-0.25704510298989125,23.404255319148938,-0.06081374711250653,-12.517580872011248,,,,,,,,,,,,,,,-2.4492935982947064e-16,1.0,0,1
1354-01,1354-01-01,1975-03-21,1354,1,,1.28,,10.4,,,,,,,,10.4,307.0,,,,,,,170.0,119.7,1.68,,,624.0,0.53,,46.4,37.8,13.8,54.4,55.6,39.7,28.5,22.4,140.4,,,,,,,,,,,,,,,,,,,,,,,,,,,,,,,,,0.0,-1.8867924528301772,-0.014285957247476944,-10.75441412520064,0.0,2.9850746268656803,-0.004454350349380132,-8.943089430894325,-0.010025146619378589,-15.889830508474578,-0.006444705442642196,-12.781954887218049,-0.04843996280006779,-18.68460388639762,-0.047975831876873265,-13.33333333333333,-0.00416840953717923,4.816112084063051,-0.09015109699429735,10.416666666666675,0.0032102756302485602,-5.454545454545457,,,,,,,,,,,,,,,0.49999999999999994,0.8660254037844387,1,1
1354-02,1354-02-01,1975-04-21,1354,2,,1.37,,10.4,,,,,,,,10.4,242.0,,,,,,,167.0,114.5,1.68,,,516.0,0.39,,43.2,37.0,13.8,52.0,50.3,37.4,28.9,21.6,131.5,,,,,,,,,,,,,,,,,,,,,,,,,,,,,,,,,0.0,-1.8867924528301772,-0.10017812415084304,-19.00161030595814,0.0,2.9850746268656803,-0.03636764417087468,-11.475409836065564,-0.05968048327265851,-19.914346895074953,-0.07145896398214457,-18.02656546489564,-0.04512043528046927,-23.076923076923073,-0.06548863997389187,-7.067137809187274,-0.044413789569633266,0.7036059806508232,-0.30673026742247544,-25.0,-0.19004360288786515,-33.41935483870968,,,,,,,,,,,,,,,0.8660254037844386,0.5000000000000001,0,0
1354-03,1354-03-01,1975-05-22,1354,3,,1.33,,10.4,,,,,,,,10.4,194.0,,,,,,,164.0,119.1,1.68,,,525.0,0.3,,41.7,38.5,13.8,50.0,47.6,36.2,28.9,21.2,127.1,,,,,,,,,,,,,,,,,,,,,,,,,,,,,,,,,0.0,-1.8867924528301772,-0.05517231586831883,-22.977346278317146,0.0,2.9850746268656803,-0.018692133012152556,-11.66666666666667,-0.03261158558876076,-20.439560439560434,-0.03533936644530877,-19.961612284069098,-0.03922071315328157,-31.97278911564626,-0.03403267342241101,-18.42105263157896,0.0393886533669594,2.1440823327615766,-0.26236426446749117,-42.307692307692314,0.01729149711006084,-33.37563451776649,,,,,,,,,,,,,,,1.0,6.123233995736766e-17,0,0
1354-04,1354-04-01,1975-06-22,1354,4,,1.35,,10.4,,,,,,,,10.4,181.0,,,,,,,165.0,119.8,1.68,,,578.0,0.37,,43.8,41.4,13.8,49.0,50.4,37.5,29.2,21.6,145.1,,,,,,,,,,,,,,,,,,,,,,,,,,,,,,,,,0.0,4.0000000000000036,0.05715841383994835,-22.699386503067487,0.0,7.8125,0.018692133012152556,-8.860759493670878,0.0352818141446396,-18.300653594771244,0.04913268857764441,-19.038817005545294,-0.020202707317519497,-33.604336043360426,0.13244898169473363,-14.142011834319534,0.005860209320094789,-9.448223733938033,0.20972053098206922,-32.72727272727274,0.09617560608075415,-33.71559633027523,,,,,,,,,,,,,,,0.8660254037844387,-0.4999999999999998,0,0
1354-05,1354-05-01,1975-07-23,1354,5,,1.3,,10.4,,,,,,,,10.4,185.0,,,,,,,163.0,131.6,1.68,,,599.0,0.41,,47.4,46.7,13.8,49.0,54.7,39.8,30.1,22.4,162.8,,,,,,,,,,,,,,,,,,,,,,,,,,,,,,,,,0.0,4.0000000000000036,0.08187253435061237,-23.816155988857936,0.0,7.8125,0.03636764417087468,-8.571428571428575,0.05952597931402659,-17.76859504132232,0.07898841131863055,-18.134715025906733,0.0,-33.69418132611638,0.11509929367829841,-2.863961813842475,0.09394333320986803,-9.739368998628272,0.10265415406008327,-39.70588235294118,0.035687729443071525,-35.03253796095444,,,,,,,,,,,,,,,0.49999999999999994,-0.8660254037844387,0,0
1354-06,1354-06-01,1975-08-23,1354,6,,1.42,,10.4,,,,,,,,10.4,192.0,,,,,,,144.0,122.3,1.68,,,551.0,0.34,,45.6,45.7,13.8,49.0,52.0,38.5,29.8,22.0,165.7,,,,,,,,,,,,,,,,,,,,,,,,,,,,,,,,,0.0,4.0000000000000036,-0.0506199908465077,-27.576601671309188,0.0,7.8125,-0.01801850550267803,-9.090909090909083,-0.033208670996653034,-18.77637130801687,-0.03871451218069044,-20.27972027972028,0.0,-35.099337748344375,0.01765647086407718,-2.8152492668621742,-0.0732899761980903,-13.507779349363513,-0.18721154208814617,-54.666666666666664,-0.0835267889625344,-40.943193997856376,,,,,,,,,,,,,,,1.2246467991473532e-16,-1.0,0,0
1354-07,1354-07-01,1975-09-23,1354,7,,1.53,,10.5,,,,,,,,10.5,162.0,,,,,,,143.0,116.9,1.68,,,495.0,0.31,,44.2,45.0,13.9,47.1,50.1,37.4,29.5,21.7,161.7,,,,,,,,,,,,,,,,,,,,,,,,,,,,,,,,,0.009569451016150587,1.9417475728155331,-0.037222710490608435,-36.42131979695431,0.00722024797348686,6.106870229007644,-0.013730192811902242,-13.888888888888884,-0.028987536873252395,-24.899598393574294,-0.031182927436688157,-27.77777777777778,-0.03954729708825422,-37.53315649867375,-0.02443615784945674,-15.868886576482833,-0.045158174215103486,-22.889182058047485,-0.09237332013101529,-64.36781609195403,-0.10717704658422456,-52.63157894736843,,,,,,,,,,,,,,,-0.4999999999999997,-0.8660254037844388,0,0
1354-08,1354-08-01,1975-10-23,1354,8,,1.47,,10.5,,,,,,,,10.5,150.0,,,,,,,142.0,110.3,1.68,,,423.0,0.3,,41.9,43.8,13.9,46.5,46.4,35.9,29.9,21.1,147.0,,,,,,,,,,,,,,,,,,,,,,,,,,,,,,,,,0.0,1.9417475728155331,-0.07672154885860971,-42.503097893432475,0.0,6.106870229007644,-0.028039220064393078,-16.929133858267708,-0.04093340892625319,-28.76984126984127,-0.05343896215556043,-32.63665594855306,-0.01282068842906181,-38.57331571994717,-0.09531017980432477,-21.558164354322308,-0.05811494221856606,-23.455933379597504,-0.03278982282299103,-75.80645161290323,-0.15718558352241274,-55.143160127253445,,,,,,,,,,,,,,,-0.8660254037844385,-0.5000000000000004,0,0
1354-09,1354-09-01,1975-11-22,1354,9,,1.44,,10.5,,,,,,,,10.5,155.0,,,,,,,139.0,109.2,1.68,,,391.0,0.29,,41.6,45.1,13.9,44.9,45.4,35.7,30.7,21.1,142.6,,,,,,,,,,,,,,,,,,,,,,,,,,,,,,,,,0.0,1.9417475728155331,-0.02178735418490696,-38.56562922868743,0.0,6.106870229007644,0.0,-13.877551020408152,-0.005586606708639863,-25.15723270440251,-0.007185659660874144,-28.52233676975945,-0.03501451784510179,-39.973262032085564,-0.03038907879854058,-23.29209252286176,-0.010022862948652289,-24.84514796971783,-0.03390155167568132,-70.70707070707071,-0.07866461906091171,-56.16591928251121,,,,,,,,,,,,,,,-1.0,-1.8369701987210297e-16,0,0
1354-10,1354-10-01,1975-12-22,1354,10,,1.49,,11.5,,,,,,,,11.5,130.0,,,,,,,131.0,110.3,1.74,,,385.0,0.31,,42.8,50.1,15.2,28.3,45.8,36.2,32.0,22.1,143.7,,,,,,,,,,,,,,,,,,,,,,,,,,,,,,,,,0.09097177820572666,10.576923076923084,0.00877198607283658,-30.920060331825038,0.08940658771558452,10.144927536231862,0.046304568041686256,-7.14285714285714,0.013908430046132292,-17.539863325740313,0.028437935320533292,-19.092627599243862,-0.46157599009901684,-51.37457044673539,0.007684285104783584,-12.48477466504263,0.010022862948652289,-16.24905087319666,0.06669137449867235,-63.095238095238095,-0.015464225697581213,-50.32258064516129,,,,,,,,,,,,,,,-0.8660254037844386,0.5000000000000001,0,0
1354-11,1354-11-01,1976-01-21,1354,11,,1.59,,11.5,,,,,,,,11.5,125.0,,,,,,,131.0,113.2,1.74,,,390.0,0.3,,43.7,51.9,15.2,27.1,46.3,36.8,33.4,22.3,152.9,,,,,,,,,,,,,,,,,,,,,,,,,,,,,,,,,0.0,10.576923076923084,0.010857869972049183,-22.96173044925125,0.0,10.144927536231862,0.009009069942365944,-2.6200873362445365,0.016438726343159793,-11.111111111111116,0.020809999513793365,-10.633946830265838,-0.04332807676353667,-52.70506108202443,0.062056319850037234,-0.1958224543080811,0.025952239509625663,-6.058091286307055,-0.03278982282299103,-60.00000000000001,0.012903404835907573,-40.998487140695914,,,,,,,,,,,,,,,-0.5000000000000004,0.8660254037844384,0,0
1354-12,1354-12-01,1976-02-20,1354,12,,1.71,,11.5,,,,,,,,11.5,126.0,,,,,,,133.0,113.1,1.74,,,399.0,0.33,,44.4,51.7,15.2,26.3,47.0,37.3,34.2,22.5,152.5,,,,,,,,,,,,,,,,,,,,,,,,,,,,,,,,,0.0,10.576923076923084,0.015005640617870242,-16.666666666666664,0.0,10.144927536231862,0.00892863074430128,0.0,0.013495481474884219,-6.982543640897765,0.015891367336634765,-4.925053533190582,-0.029964788701936307,-53.94045534150613,-0.0026195168875498,3.5302104548540214,-0.0008837826470076138,-5.906821963394348,0.09531017980432499,-43.103448275862064,0.02281467776617152,-35.85209003215434,,,,,,,,,,,,,,,-2.4492935982947064e-16,1.0,0,1
1355-01,1355-01-01,1976-03-21,1355,1,,1.81,,11.5,,,,,,,,11.5,113.0,,,,,,,128.0,111.1,1.74,,,384.0,0.31,,45.4,62.9,15.2,25.8,46.2,38.3,34.7,22.8,145.5,,,,,,,,,,,,,,,,,,,,,,,,,,,,,,,,,0.0,10.576923076923084,-0.017167803622365252,-16.90647482014388,0.0,10.144927536231862,0.013245226750020933,1.7857142857143016,0.02645656953683062,-3.5264483627204135,0.02227263560912318,-2.155172413793105,-0.01919444725614694,-52.573529411764696,-0.046988509435919035,3.6324786324786196,-0.017841686476490537,-7.184628237259827,-0.06252035698133396,-41.509433962264154,-0.038318864302136824,-38.46153846153846,,,,,,,,,,,,,,,0.49999999999999994,0.8660254037844387,1,1
1355-02,1355-02-01,1976-04-21,1355,2,,1.78,,11.5,,,,,,,,11.5,104.0,,,,,,,127.0,118.2,1.74,,,370.0,0.32,,47.2,67.7,15.2,25.1,47.7,39.5,35.6,23.2,141.8,,,,,,,,,,,,,,,,,,,,,,,,,,,,,,,,,0.0,10.576923076923084,0.03195159980660245,-5.168986083498995,0.0,10.144927536231862,0.017391742711869274,7.407407407407396,0.030850775720475898,5.614973262032086,0.038881787544207125,9.259259259259256,-0.027506645789833417,-51.730769230769226,-0.02575847251352048,7.832699619771866,0.061947408326413544,3.2314410480349443,0.03174869831458027,-17.948717948717952,-0.03713954694945709,-28.294573643410846,,,,,,,,,,,,,,,0.8660254037844386,0.5000000000000001,0,0
1355-03,1355-03-01,1976-05-22,1355,3,,1.6,,11.5,,,,,,,,11.5,100.0,,,,,,,126.0,121.8,1.74,,,408.0,0.29,,50.0,73.6,15.2,25.1,50.2,41.2,37.3,23.8,146.2,,,,,,,,,,,,,,,,,,,,,,,,,,,,,,,,,0.0,10.576923076923084,0.05108362880338779,5.462184873949583,0.0,10.144927536231862,0.025533302005164682,12.264150943396235,0.04213758444840465,13.812154696132595,0.05762911283663641,19.9040767386091,0.0,-49.8,0.030557933217651545,15.027537372147904,0.03000225030379866,2.267002518891692,-0.09844007281325262,-3.3333333333333326,0.09776416876589167,-22.285714285714285,,,,,,,,,,,,,,,1.0,6.123233995736766e-17,0,0
1355-04,1355-04-01,1976-06-22,1355,4,,1.53,,11.6,,,,,,,,11.6,120.0,,,,,,,118.0,121.3,1.74,,,457.0,0.29,,50.5,71.6,15.3,25.5,50.9,42.2,38.9,24.2,142.2,,,,,,,,,,,,,,,,,,,,,,,,,,,,,,,,,0.008658062743114758,11.538461538461542,0.013847896858793618,0.9920634920634885,0.0065574005461592755,10.869565217391308,0.01666705248521172,12.037037037037024,0.02398196468648539,12.533333333333353,0.009950330853168321,15.296803652968038,0.01581060602664186,-47.95918367346938,-0.027741029946538376,-1.9986216402481105,-0.004113539325792281,1.2520868113522488,0.0,-21.62162162162162,0.11341621649004363,-20.93425605536332,,,,,,,,,,,,,,,0.8660254037844387,-0.4999999999999998,0,0
1355-05,1355-05-01,1976-07-23,1355,5,,1.58,,11.6,,,,,,,,11.6,125.0,,,,,,,110.0,116.1,1.74,,,456.0,0.22,,49.6,77.1,15.4,25.8,48.1,41.5,39.2,24.0,126.4,,,,,,,,,,,,,,,,,,,,,,,,,,,,,,,,,0.0,11.538461538461542,-0.05658074644476141,-12.065813528336378,0.006514681021193791,11.594202898550732,-0.008298802814695083,7.14285714285714,-0.016726793805313722,4.271356783919611,-0.017982502550432322,4.641350210970474,0.011696039763191557,-47.3469387755102,-0.11778303565638293,-22.35872235872236,-0.04381492724615832,-11.778115501519759,-0.2762533766281581,-46.34146341463414,-0.0021905813798186458,-23.873121869782977,,,,,,,,,,,,,,,0.49999999999999994,-0.8660254037844387,0,0
1355-06,1355-06-01,1976-08-23,1355,6,,1.56,,11.6,,,,,,,,11.6,140.0,,,,,,,114.0,115.0,1.74,,,505.0,0.18,,50.5,81.8,15.4,26.2,48.5,42.2,39.6,24.2,119.8,,,,,,,,,,,,,,,,,,,,,,,,,,,,,,,,,0.0,11.538461538461542,0.008281620831721792,-6.730769230769229,0.0,11.594202898550732,0.008298802814695083,9.999999999999986,0.016726793805313722,9.610389610389625,0.017982502550432322,10.745614035087714,0.015384918839479234,-46.53061224489796,-0.05362779603140844,-27.70066385033192,-0.009519760340595873,-5.968928863450529,-0.2006706954621511,-47.058823529411775,0.10206561976097372,-8.34845735027223,,,,,,,,,,,,,,,1.2246467991473532e-16,-1.0,0,0
1355-07,1355-07-01,1976-09-23,1355,7,,1.43,,11.9,,,,,,,,11.9,128.0,,,,,,,116.0,106.2,1.74,,,495.0,0.18,,50.6,88.6,15.7,25.9,46.9,41.8,40.3,24.3,111.3,,,,,,,,,,,,,,,,,,,,,,,,,,,,,,,,,0.025533302005164682,13.33333333333333,-0.0335461224912037,-6.387225548902197,0.01929320293467862,12.949640287769771,0.004123717183861952,11.981566820276512,-0.009523881511255716,11.764705882352944,0.0019782400121055588,14.479638009049767,-0.011516442061559218,-45.010615711252655,-0.07359442739984967,-31.16883116883117,-0.07960801955541186,-9.153122326775021,0.0,-41.93548387096775,-0.02000066670666989,0.0,,,,,,,,,,,,,,,-0.4999999999999997,-0.8660254037844388,0,0
1355-08,1355-08-01,1976-10-23,1355,8,,1.41,,11.9,,,,,,,,11.9,115.0,,,,,,,130.0,98.7,1.74,,,506.0,0.17,,51.4,97.3,15.7,25.5,46.3,42.3,40.3,24.5,106.6,,,,,,,,,,,,,,,,,,,,,,,,,,,,,,,,,0.0,13.33333333333333,-0.012875714360045531,-0.21551724137931494,0.0,12.949640287769771,0.008196767204178723,16.113744075829374,0.011890746521521667,17.827298050139273,0.01568659616769974,22.67303102625298,-0.015564516541111573,-45.16129032258065,-0.04314574654975534,-27.482993197278915,-0.07323916236840233,-10.516772438803256,-0.057158413839948574,-43.33333333333332,0.02197890671877545,19.621749408983447,,,,,,,,,,,,,,,-0.8660254037844385,-0.5000000000000004,0,0
1355-09,1355-09-01,1976-11-22,1355,9,,1.5,,11.9,,,,,,,,11.9,113.0,,,,,,,134.0,103.5,1.74,,,505.0,0.17,,53.0,105.9,15.7,25.3,47.3,43.4,39.8,24.9,106.2,,,,,,,,,,,,,,,,,,,,,,,,,,,,,,,,,0.0,13.33333333333333,0.021368334405698963,4.185022026431717,0.0,12.949640287769771,0.01619468591998041,18.009478672985768,0.025672355054127127,21.568627450980383,0.030653741091002384,27.403846153846146,-0.007874056430905885,-43.652561247216035,-0.0037594029239054194,-25.525946704067316,0.04748666626598741,-5.219780219780223,0.0,-41.37931034482758,-0.0019782400121055588,29.15601023017902,,,,,,,,,,,,,,,-1.0,-1.8369701987210297e-16,0,0
1355-10,1355-10-01,1976-12-22,1355,10,,1.58,,12.5,,,,,,,,12.5,130.0,,,,,,,132.0,111.6,1.79,18.5,,502.0,0.18,,55.5,117.4,16.6,47.6,49.7,46.4,37.9,26.5,108.8,,,,,,,,,,,,,,,,,,,,,,,,,,,,,,,,,0.04919024419077189,8.695652173913038,0.04949463760469586,8.515283842794762,0.05574198300823552,9.21052631578949,0.062276929521514646,19.909502262443436,0.06684001812585016,28.17679558011048,0.046091107200266546,29.672897196261694,0.6320283655039001,68.19787985865725,0.024187225614004326,-24.286708420320103,0.07534943724178689,1.1786038077969074,0.057158413839948574,-41.93548387096775,-0.005958309583631305,30.38961038961039,,,,,,,,,,,,,,,-0.8660254037844386,0.5000000000000001,0,0
1355-11,1355-11-01,1977-01-21,1355,11,,1.64,,12.5,,,,,,,,12.5,133.0,,,,,,,136.0,110.6,1.79,19.0,,553.0,0.19,,58.4,132.1,16.7,45.9,51.1,48.5,38.6,27.2,110.6,,,,,,,,,,,,,,,,,,,,,,,,,,,,,,,,,0.0,8.695652173913038,0.027779564107075938,10.367170626349909,0.006006024060211779,9.868421052631572,0.02607224030977484,21.973094170403584,0.044264338711228035,31.793478260869577,0.05093286908179273,33.638443935926766,-0.036367644170875124,69.37269372693726,0.0164087546663918,-27.665140614780913,-0.009000960858975837,-2.296819787985871,0.054067221270275745,-36.66666666666666,0.09675788183060607,41.7948717948718,,,,,,,,,,,,,,,-0.5000000000000004,0.8660254037844384,0,0
1355-12,1355-12-01,1977-02-20,1355,12,,1.62,,12.5,,,,,,,,12.5,137.0,,,,,,,148.0,108.0,1.79,19.5,,630.0,0.2,,63.5,154.7,16.7,43.1,54.5,51.8,39.0,28.3,106.9,,,,,,,,,,,,,,,,,,,,,,,,,,,,,,,,,0.0,8.695652173913038,0.06441620445953955,15.957446808510634,0.0,9.868421052631572,0.039644831347240395,25.77777777777779,0.06582635132199988,38.87399463806971,0.08372401606446456,43.01801801801801,-0.06294211995679744,63.87832699619771,-0.03402627105723521,-29.901639344262286,-0.02378886196401453,-4.50928381962864,0.05129329438755059,-39.39393939393939,0.13036181786324352,57.89473684210527,,,,,,,,,,,,,,,-2.4492935982947064e-16,1.0,0,1
1356-01,1356-01-01,1977-03-21,1356,1,,1.55,,12.4,,,,,,,,12.4,134.0,,,,,,,149.0,105.8,1.79,19.7,,782.0,0.22,,65.9,156.8,16.7,31.6,58.1,52.8,38.5,28.6,102.2,,,,,,,,,,,,,,,,,,,,,,,,,,,,,,,,,-0.008032171697264445,7.826086956521738,0.06396496218866732,25.757575757575758,0.0,9.868421052631572,0.0105449131766151,25.438596491228083,0.01912104144677862,37.85900783289817,0.037098535609815464,45.15418502202644,-0.31036587651683556,22.480620155038757,-0.044962140261395334,-29.7594501718213,-0.020580707700021073,-4.770477047704769,0.09531017980432477,-29.032258064516125,0.21613492115973276,103.64583333333334,,,,,,,,,,,,,,,0.49999999999999994,0.8660254037844387,1,1
1356-02,1356-02-01,1977-04-21,1356,2,,1.5,,12.4,,,,,,,,12.4,129.0,,,,,,,147.0,100.9,1.79,19.7,,741.0,0.2,,62.9,143.8,16.7,32.2,56.4,50.7,37.5,27.9,94.8,,,,,,,,,,,,,,,,,,,,,,,,,,,,,,,,,0.0,7.826086956521738,-0.029696505353852487,18.23899371069182,0.0,9.868421052631572,-0.02478002899848697,20.25862068965516,-0.04058528011507834,28.35443037974685,-0.046592277802066207,33.26271186440677,0.018809331957496234,28.28685258964143,-0.0751622685086275,-33.14527503526094,-0.047420592064635336,-14.636209813874789,-0.09531017980432477,-37.5,-0.05385411524922468,100.27027027027029,,,,,,,,,,,,,,,0.8660254037844386,0.5000000000000001,0,0
1356-03,1356-03-01,1977-05-22,1356,3,,1.46,,12.4,,,,,,,,12.4,133.0,,,,,,,141.0,94.5,1.79,20.4,,666.0,0.17,,59.3,138.7,16.8,32.5,52.0,48.3,36.4,27.2,93.0,,,,,,,,,,,,,,,,,,,,,,,,,,,,,,,,,0.0,7.826086956521738,-0.0812254399225858,3.585657370517925,0.0059701669865037665,10.526315789473696,-0.025409715525368526,14.28571428571428,-0.04849434993861079,17.233009708737846,-0.05893685770271517,18.599999999999994,0.00927363678532922,29.482071713147405,-0.01916991610772012,-36.388508891928865,-0.06553009285986633,-22.413793103448278,-0.1625189294977749,-41.37931034482758,-0.10671095475569725,63.23529411764706,,,,,,,,,,,,,,,1.0,6.123233995736766e-17,0,0
1356-04,1356-04-01,1977-06-22,1356,4,,1.42,,12.6,,,,,,,,12.6,133.0,,,,,,,143.0,85.0,1.79,20.5,,548.0,0.16,,54.0,128.6,17.0,32.3,45.7,45.1,36.3,26.3,96.6,,,,,,,,,,,,,,,,,,,,,,,,,,,,,,,,,0.016000341346440905,8.62068965517242,-0.12914542068126833,-10.216110019646363,0.01183445764700286,11.111111111111116,-0.033648034118232584,8.677685950413228,-0.06854931414989407,6.872037914691931,-0.09362525943940536,6.930693069306937,-0.006172859107080875,26.66666666666666,0.03797924806521635,-32.0675105485232,-0.10594857800938051,-29.925803792250615,-0.06062462181643502,-44.82758620689654,-0.19501438359237344,19.912472647702415,,,,,,,,,,,,,,,0.8660254037844387,-0.4999999999999998,0,0
1356-05,1356-05-01,1977-07-23,1356,5,,1.39,,12.6,,,,,,,,12.6,143.0,,,,,,,145.0,76.9,1.79,20.4,,498.0,0.17,,51.6,120.3,17.0,32.8,43.6,43.5,36.0,25.7,95.5,,,,,,,,,,,,,,,,,,,,,,,,,,,,,,,,,0.0,8.62068965517242,-0.047041147545170414,-9.355509355509351,0.0,10.389610389610393,-0.023077947282544642,7.08333333333333,-0.03612130841399441,4.819277108433728,-0.04546237407675724,4.0322580645161255,0.015361285161486826,27.131782945736415,-0.011452493731788138,-24.44620253164558,-0.1001453799787182,-33.76399655469422,0.06062462181643502,-22.72727272727272,-0.09567520992336309,9.210526315789469,,,,,,,,,,,,,,,0.49999999999999994,-0.8660254037844387,0,0
1356-06,1356-06-01,1977-08-23,1356,6,,1.41,,12.6,,,,,,,,12.6,148.0,,,,,,,150.0,78.3,1.79,20.5,,512.0,0.16,,50.6,116.2,17.0,34.0,42.9,42.9,36.0,25.5,99.9,,,,,,,,,,,,,,,,,,,,,,,,,,,,,,,,,0.0,8.62068965517242,-0.01618532442101772,-11.546391752577323,0.0,10.389610389610393,-0.007812539736793855,5.371900826446274,-0.013889112160667239,1.6587677725118377,-0.01957009619409744,0.1980198019801982,0.035932009226063766,29.77099236641221,0.045043438167823524,-16.611018363939888,0.018041726485159337,-31.91304347826087,-0.06062462181643502,-11.111111111111105,0.02772454801485491,1.3861386138613874,,,,,,,,,,,,,,,1.2246467991473532e-16,-1.0,0,0
1356-07,1356-07-01,1977-09-23,1356,7,,1.46,,12.7,,,,,,,,12.7,138.0,,,,,,,159.0,83.2,1.79,20.6,,490.0,0.16,,49.9,107.2,17.0,33.8,43.5,42.5,36.1,25.4,104.0,,,,,,,,,,,,,,,,,,,,,,,,,,,,,,,,,0.007905179507113669,6.72268907563025,0.013889112160667239,-7.249466950959482,0.0,8.280254777070063,-0.003929278139889636,4.526748971193406,-0.009367750003599795,1.674641148325362,-0.013930573535946955,-1.3833992094861691,-0.005899722127188589,30.50193050193051,0.04022121348686447,-6.558849955076362,0.06069974483040497,-21.657250470809796,0.0,-11.111111111111105,-0.043919233934835766,-1.0101010101010055,,,,,,,,,,,,,,,-0.4999999999999997,-0.8660254037844388,0,0
1356-08,1356-08-01,1977-10-23,1356,8,,1.46,,12.7,,,,,,,,12.7,123.0,,,,,,,162.0,93.4,1.79,20.5,,500.0,0.16,,51.4,107.3,17.0,33.8,46.0,43.6,36.3,25.8,111.7,,,,,,,,,,,,,,,,,,,,,,,,,,,,,,,,,0.0,6.72268907563025,0.05588045839445677,-0.647948164146861,0.0,8.280254777070063,0.015625317903081193,5.306122448979589,0.025553074424617517,3.073286052009472,0.029617169703646695,0.0,0.0,32.549019607843135,0.07142580693378253,4.784240150093821,0.1156439974076342,-5.369807497467072,0.0,-5.882352941176472,0.020202707317519497,-1.1857707509881465,,,,,,,,,,,,,,,-0.8660254037844385,-0.5000000000000004,0,0
1356-09,1356-09-01,1977-11-22,1356,9,,1.58,,12.7,,,,,,,,12.7,128.0,,,,,,,160.0,96.0,1.79,20.6,,541.0,0.18,,52.7,104.9,17.0,33.4,48.6,44.6,36.0,26.2,114.6,,,,,,,,,,,,,,,,,,,,,,,,,,,,,,,,,0.0,6.72268907563025,0.05498213441735311,2.748414376321362,0.0,8.280254777070063,0.015384918839479234,5.2208835341365445,0.022676708671029555,2.764976958525356,0.024977283086196955,-0.5660377358490565,-0.011904902506318482,32.01581027667984,0.02563109820548437,7.909604519774005,0.027456846233039123,-7.246376811594201,0.1177830356563836,5.88235294117645,0.0788111804242897,7.128712871287135,,,,,,,,,,,,,,,-1.0,-1.8369701987210297e-16,0,0
1356-10,1356-10-01,1977-12-22,1356,10,,1.72,,12.7,,,,,,,,12.7,138.0,,,,,,,173.0,95.8,2.3,23.6,,522.0,0.19,,53.1,103.2,17.3,32.5,49.5,45.0,36.4,26.4,114.3,,,,,,,,,,,,,,,,,,,,,,,,,,,,,,,,,0.0,1.6000000000000014,0.018349138668196652,-0.4024144869215318,0.017493157447517227,4.216867469879504,0.007604599385219402,-0.37735849056603765,0.00892863074430128,-3.0172413793103425,0.007561472700576832,-4.324324324324325,-0.027315810646962646,-31.72268907563025,-0.0026212334798740855,5.055147058823528,-0.0020855064910216825,-14.157706093189958,0.054067221270275745,5.555555555555558,-0.03575169096384201,3.984063745019917,,,,,,,,,,,,,,,-0.8660254037844386,0.5000000000000001,0,0
1356-11,1356-11-01,1978-01-21,1356,11,,1.91,,12.7,,,,,,,,12.7,138.0,,,,,,,178.0,101.0,2.3,23.7,,534.0,0.19,,53.8,99.7,17.3,32.4,51.1,45.4,37.2,26.6,115.7,,,,,,,,,,,,,,,,,,,,,,,,,,,,,,,,,0.0,1.6000000000000014,0.03181182763501411,0.0,0.0,3.592814371257491,0.007547205635383136,-2.2058823529411686,0.008849615276982803,-6.391752577319587,0.013096538919845191,-7.8767123287671215,-0.0030816665374082675,-29.411764705882348,0.01217406339886562,4.611211573236895,0.05285783186444526,-8.679927667269439,0.0,0.0,0.02272825107755594,-3.4358047016274873,,,,,,,,,,,,,,,-0.5000000000000004,0.8660254037844384,0,0
1356-12,1356-12-01,1978-02-20,1356,12,,2.0,,12.7,,,,,,,,12.7,137.0,,,,,,,184.0,106.1,2.3,23.8,,629.0,0.17,,56.5,99.8,17.3,32.6,55.3,47.1,37.4,27.1,124.2,,,,,,,,,,,,,,,,,,,,,,,,,,,,,,,,,0.0,1.6000000000000014,0.0789884113186301,1.4678899082568808,0.0,3.592814371257491,0.018622512098001476,-4.240282685512364,0.03676089597506982,-9.073359073359066,0.04896717098465686,-11.023622047244096,0.006153865574378248,-24.361948955916468,0.07089253529974737,16.18334892422826,0.04926152877867729,-1.7592592592592604,-0.11122563511022432,-15.000000000000002,0.16373541774024591,-0.15873015873015817,,,,,,,,,,,,,,,-2.4492935982947064e-16,1.0,0,1
1357-01,1357-01-01,1978-03-21,1357,1,,2.24,,12.7,,,,,,,,12.7,131.0,,,,,,,175.0,111.5,2.3,23.7,,624.0,0.17,,58.2,102.1,17.3,33.1,57.3,48.1,38.0,27.5,130.8,,,,,,,,,,,,,,,,,,,,,,,,,,,,,,,,,0.0,2.4193548387096753,0.03552771519240494,-1.3769363166953652,0.0,3.592814371257491,0.014652276786870644,-3.8461538461538547,0.021009176089343384,-8.901515151515149,0.0296447165849969,-11.684370257966615,0.015220994010355593,4.746835443037978,0.05177626952372005,27.98434442270059,0.04964254528023648,5.387523629489599,0.0,-22.72727272727272,-0.00798088833101307,-20.20460358056266,,,,,,,,,,,,,,,0.49999999999999994,0.8660254037844387,1,1
1357-02,1357-02-01,1978-04-21,1357,2,,2.25,,12.7,,,,,,,,12.7,128.0,,,,,,,176.0,112.7,2.3,24.1,,657.0,0.16,,57.0,93.2,17.4,32.6,57.4,47.3,37.7,27.3,124.6,,,,,,,,,,,,,,,,,,,,,,,,,,,,,,,,,0.0,2.4193548387096753,0.0017436796048269088,1.773049645390068,0.005763704716749807,4.191616766467066,-0.00729930248161148,-2.150537634408589,-0.016771881613828477,-6.706114398422103,-0.020834086902842053,-9.379968203497613,-0.015220994010355593,1.2422360248447228,-0.04856083266974576,31.434599156118146,0.010704830145557231,11.694747274529238,-0.06062462181643502,-20.000000000000007,0.051533650115182184,-11.336032388663963,,,,,,,,,,,,,,,0.8660254037844386,0.5000000000000001,0,0
1357-03,1357-03-01,1978-05-22,1357,3,,1.99,,12.7,,,,,,,,12.7,130.0,,,,,,,184.0,106.6,2.3,24.1,,631.0,0.16,,55.9,93.1,17.5,32.8,55.6,46.7,37.8,27.2,126.4,,,,,,,,,,,,,,,,,,,,,,,,,,,,,,,,,0.0,2.4193548387096753,-0.031861102068984515,6.923076923076921,0.005730674708985362,4.166666666666652,-0.0036697288889628865,0.0,-0.01276613082303557,-3.312629399585909,-0.019486887673497044,-5.733558178752107,0.006116227017435971,0.9230769230769154,0.014342875359404594,35.913978494623656,-0.05564590931398694,12.804232804232797,0.0,-5.882352941176472,-0.04037815594339733,-5.255255255255253,,,,,,,,,,,,,,,1.0,6.123233995736766e-17,0,0
1357-04,1357-04-01,1978-06-22,1357,4,,1.95,,12.8,,,,,,,,12.8,137.0,,,,,,,189.0,97.3,2.3,23.8,,586.0,0.14,,53.6,86.2,17.5,34.4,53.3,45.5,37.9,26.8,127.1,,,,,,,,,,,,,,,,,,,,,,,,,,,,,,,,,0.007843177461025697,1.5873015873016039,-0.0422468700847376,16.630196936542664,0.0,2.941176470588225,-0.014815085785140347,1.9011406844106515,-0.026031838717946787,0.8869179600886845,-0.04201531208429676,-0.7407407407407418,0.04762804898925488,6.5015479876161075,0.005522696482651135,31.573498964803303,-0.0912845225397847,14.470588235294123,-0.13353139262452252,-12.49999999999999,-0.07398607296420057,6.934306569343063,,,,,,,,,,,,,,,0.8660254037844387,-0.4999999999999998,0,0
1357-05,1357-05-01,1978-07-23,1357,5,,2.03,,12.8,,,,,,,,12.8,143.0,,,,,,,206.0,92.0,2.3,24.1,,587.0,0.16,,53.8,89.4,17.6,34.9,52.4,45.9,39.3,27.0,127.5,,,,,,,,,,,,,,,,,,,,,,,,,,,,,,,,,0.0,1.5873015873016039,-0.017029739844802272,20.1834862385321,0.005698021114637797,3.529411764705892,0.0074349784875180625,5.058365758754868,0.008752791109594593,5.517241379310334,0.0037243990909821,4.263565891472854,0.014430264829028872,6.4024390243902385,0.003142186403072955,33.507853403141354,-0.056010412142918575,19.63589076723016,0.13353139262452252,-5.882352941176472,0.0017050302510845938,17.8714859437751,,,,,,,,,,,,,,,0.49999999999999994,-0.8660254037844387,0,0
1357-06,1357-06-01,1978-08-23,1357,6,,2.24,,12.8,,,,,,,,12.8,151.5,,,,,,,212.0,91.0,2.3,24.2,,630.0,0.18,,56.5,99.2,17.6,34.3,54.5,48.0,39.7,27.6,130.8,,,,,,,,,,,,,,,,,,,,,,,,,,,,,,,,,0.0,1.5873015873016039,0.03929411034220198,27.039627039627035,0.0,3.529411764705892,0.02197890671877545,8.235294117647074,0.04473589384139176,11.888111888111897,0.04896717098465686,11.660079051383399,-0.01734147503648753,0.8823529411764675,0.025553074424617073,30.930930930930934,-0.010929070532190721,16.21966794380587,0.1177830356563836,12.5,0.07069499955748171,23.046875,,,,,,,,,,,,,,,1.2246467991473532e-16,-1.0,0,0
1357-07,1357-07-01,1978-09-23,1357,7,,2.35,,12.9,,,,,,,,12.9,151.5,,,,,,,227.0,95.9,2.3,24.2,,637.0,0.2,,58.0,100.5,17.7,33.9,56.2,49.3,40.6,28.1,137.4,,,,,,,,,,,,,,,,,,,,,,,,,,,,,,,,,0.007782140442055052,1.5748031496063186,0.030716055230447292,29.19540229885058,0.005665737535677007,4.117647058823515,0.017953803616595376,10.629921259842522,0.026723070140753258,15.999999999999993,0.026202372394023676,16.232464929859724,-0.01173033978548954,0.2958579881656931,0.04922694076515022,32.11538461538461,0.05244647537254288,15.264423076923084,0.10536051565782634,25.0,0.011049836186584727,30.000000000000004,,,,,,,,,,,,,,,-0.4999999999999997,-0.8660254037844388,0,0
1357-08,1357-08-01,1978-10-23,1357,8,,2.42,,13.2,,,,,,,,13.2,151.5,,,,,,,206.0,100.5,2.3,24.3,,620.0,0.18,,57.4,100.5,18.1,35.0,55.4,48.8,40.4,28.2,137.8,,,,,,,,,,,,,,,,,,,,,,,,,,,,,,,,,0.022989518224698635,3.937007874015741,-0.014337163146407761,20.434782608695645,0.02234729869199681,6.470588235294117,0.003552401604367983,9.302325581395344,-0.010193768189542762,11.926605504587151,-0.010398707220898196,11.673151750972766,0.03193304710300904,3.550295857988184,0.0029069787913096334,23.366159355416304,0.046851745609737705,7.601713062098492,-0.10536051565782634,12.5,-0.027050177533025632,24.0,,,,,,,,,,,,,,,-0.8660254037844385,-0.5000000000000004,0,0
1357-09,1357-09-01,1978-11-22,1357,9,,2.57,,14.5,,,,,,,,14.5,141.5,,,,,,,208.0,98.5,2.3,24.7,,627.0,0.18,,57.0,95.0,19.5,34.9,55.8,48.6,40.4,29.1,136.3,,,,,,,,,,,,,,,,,,,,,,,,,,,,,,,,,0.09393181983420362,14.173228346456689,0.007194275634026859,14.814814814814813,0.07450252729792073,14.705882352941169,0.03141619623337899,11.068702290076349,-0.00410678195265346,8.968609865470857,-0.006993035490970634,8.15939278937381,-0.002861232281031967,4.491017964071853,-0.010945019877071083,18.935427574171037,-0.020101179321087237,2.604166666666674,0.0,0.0,0.011227062593783366,15.89648798521257,,,,,,,,,,,,,,,-1.0,-1.8369701987210297e-16,0,0
1357-10,1357-10-01,1978-12-22,1357,10,,2.8,,19.0,,,,,,,,17.5,153.0,,,,,,,227.0,105.4,3.26,30.4,,616.0,0.17,,57.6,91.2,24.8,35.8,57.0,48.8,41.9,32.7,137.8,,,,,,,,,,,,,,,,,,,,,,,,,,,,,,,,,0.2702903297399115,49.60629921259843,0.02127739844728538,15.15151515151516,0.24042918760123566,43.35260115606936,0.11663690372576108,23.863636363636374,0.00410678195265346,8.444444444444432,0.010471299867295336,8.47457627118644,0.025461064198272876,10.153846153846136,0.010945019877071083,20.559930008748918,0.06770608792921884,10.020876826722347,-0.057158413839948574,-10.526315789473683,-0.01769957709940151,18.00766283524904,,,,,,,,,,,,,,,-0.8660254037844386,0.5000000000000001,0,0
1357-11,1357-11-01,1979-01-21,1357,11,,2.93,,22.0,,,,,,,,20.8,157.5,,,,,,,246.0,107.0,3.26,30.7,,653.0,0.18,,58.9,88.1,28.1,36.2,59.2,50.9,43.4,35.6,140.4,,,,,,,,,,,,,,,,,,,,,,,,,,,,,,,,,0.1466034741918758,73.22834645669292,0.037870274055410214,15.85127201565557,0.12492592316876339,62.427745664739874,0.08497055995477698,33.83458646616542,0.042132610697375394,12.114537444933916,0.02231852295569503,9.479553903345739,0.011111225425071147,11.728395061728403,0.018692133012153,21.34831460674158,0.015066198354643845,5.940594059405946,0.057158413839948574,-5.263157894736848,0.05833016574291161,22.284644194756552,,,,,,,,,,,,,,,-0.5000000000000004,0.8660254037844384,0,0
1357-12,1357-12-01,1979-02-20,1357,12,,3.01,,23.3,,,,,,,,22.0,162.5,,,,,,,242.0,109.5,3.26,31.4,,669.0,0.19,,59.8,88.4,29.5,35.5,60.3,52.1,44.2,37.0,140.0,,,,,,,,,,,,,,,,,,,,,,,,,,,,,,,,,0.057410907213338636,83.46456692913387,0.01841056184317935,9.041591320072339,0.04862068700607436,70.52023121387283,0.03857227478623937,36.53136531365313,0.023302025202844412,10.615711252653925,0.015164570299045721,5.840707964601766,-0.01952642235035551,8.895705521472387,-0.0028530689824073363,12.721417069243145,0.02309571479464978,3.204524033930256,0.054067221270275745,11.764705882352944,0.024206930851797814,6.359300476947527,,,,,,,,,,,,,,,-2.4492935982947064e-16,1.0,0,1
1358-01,1358-01-01,1979-03-21,1358,1,,3.15,,23.6,,,,,,,,22.4,164.0,,,,,,,239.0,111.5,3.26,31.5,,648.0,0.17,,60.7,93.8,29.9,36.4,60.4,52.9,44.5,37.5,140.0,,,,,,,,,,,,,,,,,,,,,,,,,,,,,,,,,0.012793351459909896,85.82677165354333,0.0016570012076293494,5.410122164048858,0.013468217050866205,72.83236994219651,0.013423020332140823,36.36363636363635,0.015238390104931998,9.97920997920998,0.014938037108866098,4.295532646048117,0.025036078161325026,9.969788519637458,0.0,7.033639143730874,0.018100041643617892,0.0,-0.11122563511022432,0.0,-0.03189336377595442,3.8461538461538547,,,,,,,,,,,,,,,0.49999999999999994,0.8660254037844387,1,1
1358-02,1358-02-01,1979-04-21,1358,2,,3.04,,32.8,,,,,,,,33.5,162.0,,,,,,,258.0,112.6,3.26,32.0,,636.0,0.17,,61.2,94.1,39.6,37.1,60.4,53.2,46.5,44.1,143.3,,,,,,,,,,,,,,,,,,,,,,,,,,,,,,,,,0.3291818033585332,158.26771653543307,0.0,5.226480836236935,0.28097063786379417,127.58620689655173,0.16211884947643496,61.53846153846154,0.0056550574833451606,12.473572938689227,0.008203491452827727,7.36842105263158,0.019048194970694432,13.8036809815951,0.023297912224822248,15.008025682183002,0.009817124805416633,-0.08873114463177068,0.0,6.25,-0.018692133012152112,-3.1963470319634757,,,,,,,,,,,,,,,0.8660254037844386,0.5000000000000001,0,0
1358-03,1358-03-01,1979-05-22,1358,3,,2.78,,36.5,,,,,,,,34.7,175.5,,,,,,,279.0,120.4,3.26,32.2,,673.0,0.18,,65.7,108.0,43.6,38.2,63.2,56.2,50.3,47.8,167.9,,,,,,,,,,,,,,,,,,,,,,,,,,,,,,,,,0.1068837451983482,187.40157480314963,0.04531519621204261,13.669064748201443,0.0962280320945541,149.14285714285717,0.08056585704460995,75.73529411764706,0.05485836055204718,20.342612419700213,0.07095173597228488,17.53130590339893,0.029218545999139867,16.463414634146357,0.1584282292493695,32.832278481012665,0.0669778171691302,12.945590994371493,0.057158413839948574,12.5,0.056546766304605534,6.656101426307459,,,,,,,,,,,,,,,1.0,6.123233995736766e-17,0,0
1358-04,1358-04-01,1979-06-22,1358,4,,2.48,,35.0,,,,,,,,33.5,187.5,,,,,,,295.0,130.5,3.26,32.6,,690.0,0.19,,66.6,108.7,42.1,40.7,63.5,56.5,52.6,46.9,174.5,,,,,,,,,,,,,,,,,,,,,,,,,,,,,,,,,-0.041964199099032484,173.4375,0.00473560474583401,19.13696060037524,-0.03500940966665311,140.57142857142856,-0.01900796404517635,75.0,0.005323881252749629,24.17582417582418,0.01360565205577835,24.25373134328357,0.06339257683602018,18.313953488372103,0.03855617755898599,37.29346970889065,0.08055369388802802,34.1212744090442,0.054067221270275745,35.7142857142857,0.02494626794657684,17.74744027303754,,,,,,,,,,,,,,,0.8660254037844387,-0.4999999999999998,0,0
1358-05,1358-05-01,1979-07-23,1358,5,,2.56,,35.8,,,,,,,,34.0,207.5,,,,,,,301.0,118.9,3.26,33.1,,682.0,0.2,,65.4,105.3,43.0,42.5,61.8,56.1,53.8,47.3,169.0,,,,,,,,,,,,,,,,,,,,,,,,,,,,,,,,,0.02259983191724091,179.68749999999994,-0.02713654143500044,17.938931297709914,0.02115237500522671,144.31818181818178,0.008492620045653432,75.18518518518518,-0.007104825623744482,22.222222222222232,-0.018182319083190457,21.56133828996285,0.04327598348182171,21.776504297994272,-0.03202602671940813,32.549019607843135,-0.09309042306601167,29.239130434782613,0.05129329438755059,25.0,-0.011661939747842354,16.1839863713799,,,,,,,,,,,,,,,0.49999999999999994,-0.8660254037844387,0,0
1358-06,1358-06-01,1979-08-23,1358,6,,2.88,,36.5,,,,,,,,35.5,215.0,,,,,,,355.0,118.0,3.26,33.1,,691.0,0.22,,66.3,109.3,43.8,43.2,62.6,57.2,53.4,48.2,174.2,,,,,,,,,,,,,,,,,,,,,,,,,,,,,,,,,0.019364367181791575,185.15625,0.012861913642407075,14.862385321100913,0.018433701688838067,148.86363636363632,0.018848725558667567,74.63768115942028,0.01941808585710092,19.166666666666664,0.013667638728663611,17.345132743362825,0.01633641931969354,25.94752186588922,0.030305349495328926,33.18042813455655,-0.0075981792310715335,29.670329670329675,0.09531017980432477,22.222222222222232,0.013110165924207884,9.682539682539693,,,,,,,,,,,,,,,1.2246467991473532e-16,-1.0,0,0
1358-07,1358-07-01,1979-09-23,1358,7,,2.86,,38.5,,,,,,,,37.3,247.5,,,,,,,392.0,119.1,3.26,33.5,,671.0,0.26,,65.4,106.9,46.0,45.3,62.8,57.3,50.9,49.8,178.2,,,,,,,,,,,,,,,,,,,,,,,,,,,,,,,,,0.05334598070529273,198.4496124031008,0.0031897953681001567,11.743772241992879,0.04900757910669462,159.8870056497175,0.0326559629740526,77.22419928825622,0.0017467253349421341,16.227180527383368,-0.013667638728663611,12.758620689655187,0.04746653723892358,33.628318584070804,0.02270245061830689,29.694323144104786,0.009278851895588858,24.191866527632943,0.1670540846631663,30.000000000000004,-0.0293706867959882,5.3375196232338995,,,,,,,,,,,,,,,-0.4999999999999997,-0.8660254037844388,0,0
1358-08,1358-08-01,1979-10-23,1358,8,,3.03,,42.0,,,,,,,,40.8,242.0,,,,,,,392.0,118.2,3.26,33.7,,670.0,0.3,,65.8,105.1,49.8,46.2,64.0,57.8,50.0,52.4,178.2,,,,,,,,,,,,,,,,,,,,,,,,,,,,,,,,,0.08701137698962969,218.18181818181822,0.018928009885518904,15.523465703971118,0.07937358754151225,175.13812154696126,0.050891607296389196,85.81560283687944,0.008688151957637835,18.442622950819665,0.00609757986811843,14.634146341463406,0.01967276559870479,32.00000000000001,0.0,29.317851959361384,-0.007585371389255968,17.611940298507456,0.1431008436406731,66.66666666666667,-0.001491424586670398,8.064516129032251,,,,,,,,,,,,,,,-0.8660254037844385,-0.5000000000000004,0,0
1358-09,1358-09-01,1979-11-22,1358,9,,3.1,,40.5,,,,,,,,39.8,246.0,,,,,,,455.0,115.3,3.26,33.9,,647.0,0.33,,66.6,105.3,48.2,48.8,64.9,59.0,50.8,51.8,180.0,,,,,,,,,,,,,,,,,,,,,,,,,,,,,,,,,-0.036367644170875124,179.31034482758622,0.013964540350372978,16.30824372759858,-0.0326559629740526,147.17948717948718,-0.011516442061559218,78.00687285223367,0.02054866822738788,21.399176954732503,0.012084739215072027,16.84210526315788,0.054750514771408465,39.828080229226344,0.010050335853501124,32.06162876008803,-0.024840677696984947,17.05583756345177,0.09531017980432499,83.33333333333334,-0.034931417884110694,3.189792663476876,,,,,,,,,,,,,,,-1.0,-1.8369701987210297e-16,0,0
1358-10,1358-10-01,1979-12-22,1358,10,,3.01,,40.0,,,,,,,,39.0,257.0,,,,,,625.4882352941177,675.0,105.4,4.22,40.6,,609.0,0.38,,66.8,99.4,48.4,50.7,65.2,60.5,54.0,52.4,175.6,,,,,,,,,,,,,,,,,,,,,,,,,,,,,,,,,-0.012422519998557036,110.52631578947367,0.004611845222562749,14.385964912280702,0.004140792666031068,95.16129032258063,0.011516442061559218,60.24464831804279,0.025105921131076236,23.975409836065587,0.0029985029962569243,15.97222222222221,0.038195597738035936,41.62011173184359,-0.02474816968919402,27.4310595065312,-0.08977479116775111,0.0,0.14107859825990554,123.52941176470588,-0.060528026791003775,-1.1363636363636354,,,,,,,,,,,,,,,-0.8660254037844386,0.5000000000000001,0,0
1358-11,1358-11-01,1980-01-21,1358,11,,2.97,,38.5,,,,,,,,37.3,257.5,,,,,,690.0454545454545,665.0,113.9,4.22,41.2,,610.0,0.5,,68.9,99.2,46.8,50.6,67.5,62.8,57.1,52.1,172.7,,,,,,,,,,,,,,,,,,,,,,,,,,,,,0.0982249503269399,,,,-0.038221212820197525,75.0,0.03466812894587701,14.020270270270263,-0.03361661079898459,66.54804270462631,-0.005741642567675065,46.34831460674158,0.03731170843735665,23.379174852652262,0.03095309747701247,16.977928692699496,-0.0019743343037177397,39.779005524861866,-0.01665269604838393,23.005698005697983,0.07755823434587494,6.448598130841132,0.2744368457017603,177.77777777777777,0.0016406894574600983,-6.584992343032159,,,,,,,,,,,,,,,-0.5000000000000004,0.8660254037844384,0,0
1358-12,1358-12-01,1980-02-20,1358,12,,2.6,,38.3,,,,,,,,37.0,260.5,,,,,,599.5431818181819,554.0,110.4,4.22,41.7,,580.0,0.43,,67.0,101.6,46.6,51.4,64.7,59.9,55.1,51.0,163.5,,,,,,,,,,,,,,,,,,,,,,,,,,,,,-0.14058946997910748,,,,-0.005208345107138523,64.37768240343347,-0.0423663963716292,7.296849087893875,-0.004282661792001097,57.96610169491525,-0.021339316034995726,37.83783783783783,-0.04727856835274924,14.971209213051818,-0.02796355862864708,12.040133779264227,0.01568659616769974,44.78873239436621,-0.05474299481532441,16.785714285714292,-0.03121073661014151,0.8219178082191858,-0.1508228897345837,126.3157894736842,-0.05043085362689226,-13.303437967115094,,,,,,,,,,,,,,,-2.4492935982947064e-16,1.0,0,1
1359-01,1359-01-01,1980-03-21,1359,1,,2.52,,38.2,,,,,,,,36.6,202.5,,,,,,515.5404761904762,517.0,108.2,4.22,42.3,,552.0,0.47,,65.8,98.5,46.9,53.5,63.9,58.5,54.0,50.8,156.5,,,,,,,,,,,,,,,,,,,,,,,,,,,,,-0.15095218290743606,,,,-0.002614380574070818,61.86440677966103,-0.012441840123366354,5.794701986754958,0.006417134320633622,56.856187290969906,-0.003929278139889636,35.46666666666667,-0.023649750883592446,10.586011342155022,-0.018072781059694343,8.401976935749577,0.040043481440841244,46.978021978021985,-0.04375698035710052,11.785714285714288,-0.02012876743061387,-2.959641255605383,0.08894748601649616,176.47058823529406,-0.049480057263370014,-14.814814814814813,,,,,,,,,,,,,,,0.49999999999999994,0.8660254037844387,1,1
1359-02,1359-02-01,1980-04-21,1359,2,,2.44,,38.5,,,,,,,,37.0,211.0,,,,,,514.2369565217392,514.0,110.0,4.22,42.9,,562.0,0.68,,68.4,97.7,47.4,54.1,67.9,59.5,54.6,51.4,161.3,,,,,,,,,,,,,,,,,,,,,,,,,,,,,-0.002531654556697127,,,,0.007822725681209342,17.37804878048781,0.060716673181161696,12.41721854304636,0.010604553248797277,19.69696969696968,0.011741817876683491,16.5532879818594,0.016949558313773316,11.842105263157897,0.03875298629723378,11.764705882352944,0.011152531950474831,45.82210242587601,0.030209975150955692,12.561060711793438,0.016498999380035073,-2.3090586145648295,0.3693601034660482,300.0,0.01795380361659582,-11.63522012578616,,,,,,,,,,,,,,,0.8660254037844386,0.5000000000000001,0,0
1359-03,1359-03-01,1980-05-22,1359,3,,2.51,,38.0,,,,,,,,37.0,212.5,,,,,,567.6954545454545,601.0,113.6,4.22,43.0,,570.0,0.68,,67.7,94.5,46.9,52.5,67.4,58.5,54.6,50.7,157.6,,,,,,,,,,,,,,,,,,,,,,,,,,,,,0.0989009392237099,,,,-0.013072081567353067,4.109589041095885,-0.0073910166463893034,6.645569620253178,-0.010604553248797277,7.568807339449535,-0.013712261863982,6.066945606694563,-0.016949558313773316,4.0925266903914626,-0.010286644710276072,3.0441400304414,-0.030021016254857535,37.434554973821974,-0.02320580770738445,-6.134603930911265,0.032203140494634575,-5.6478405315614655,0.0,277.7777777777778,0.014134510934905364,-15.304606240713225,,,,,,,,,,,,,,,1.0,6.123233995736766e-17,0,0
1359-04,1359-04-01,1980-06-22,1359,4,,2.75,,37.4,,,,,,,,35.4,215.0,,,,,,640.8727272727273,643.0,128.9,4.22,43.8,,635.0,0.61,,68.0,87.0,46.4,52.7,70.3,59.4,52.8,50.7,168.7,,,,,,,,,,,,,,,,,,,,,,,,,,,,,0.12124578045478529,,,,-0.01591545530589933,6.8571428571428505,0.042126780898358085,10.70866141732283,-0.010718216220024335,10.213776722090252,0.0,8.102345415778256,0.015267472130788384,5.132743362831849,0.004421525257877867,2.1021021021021102,0.0038022859497384154,29.484029484029485,0.06806181212814355,-3.323782234957029,0.1263534036580909,-1.2260536398467359,-0.1086338410027955,221.05263157894734,0.10798863806409553,-7.971014492753625,,,,,,,,,,,,,,,0.8660254037844387,-0.4999999999999998,0,0
1359-05,1359-05-01,1980-07-23,1359,5,,2.92,,33.6,,,,,,,,32.9,215.0,,,,,,629.2804347826087,627.0,143.5,4.22,43.8,,636.0,0.7,,69.1,79.8,42.5,52.3,73.4,60.1,53.1,48.3,171.2,,,,,,,,,,,,,,,,,,,,,,,,,,,,,-0.018253884205644333,,,,-0.10714463745132763,-6.145251396648033,0.04315213680385099,18.77022653721685,-0.08779538330183811,-1.1627906976744207,-0.04849434993861079,2.114164904862581,0.011715615172562366,7.1301247771836,0.01604702559751736,5.657492354740046,-0.00761908447643922,23.058823529411754,0.014710474155719133,1.3017751479289963,0.10729812525453397,20.68965517241379,0.13762137787604767,249.99999999999994,0.0015735644474306199,-6.7448680351906205,,,,,,,,,,,,,,,0.49999999999999994,-0.8660254037844387,0,0
1359-06,1359-06-01,1980-08-23,1359,6,,2.85,,33.4,,,,,,,,32.8,205.0,,,,,,658.2142857142857,674.0,140.8,4.22,44.4,,615.0,0.76,,71.2,77.5,42.4,52.5,76.1,61.0,56.1,48.5,179.7,,,,,,,,,,,,,,,,,,,,,,,,,,,,,0.04495354088465575,,,,-0.005970166986504211,-8.493150684931505,0.03612432924717002,21.56549520766773,-0.002355713692459016,-3.1963470319634646,0.004132237284910634,0.6224066390041472,0.014864022632149698,6.643356643356646,0.02993808764430561,7.3906485671191735,0.0038167985267008042,21.527777777777768,0.04845633008187189,3.1572904707233063,-0.018994591475733458,19.32203389830509,0.08223809823697215,245.45454545454547,-0.03357629553360475,-10.998552821997109,,,,,,,,,,,,,,,1.2246467991473532e-16,-1.0,0,0
1359-07,1359-07-01,1980-09-23,1359,7,,2.86,,37.9,,,,,,,,37.4,202.5,,,,,,678.3636363636364,661.0,140.4,4.22,44.7,,592.0,0.89,,71.6,76.2,47.2,52.5,79.2,61.0,50.5,51.7,188.1,,,,,,,,,,,,,,,,,,,,,,,,,,,,,0.030152940494067693,,,,0.12639521210572635,-1.558441558441559,0.039928033952739916,26.11464968152868,0.1072455303535973,2.60869565217392,0.06389398357094622,3.81526104417671,0.0,6.457242582897038,0.005602255548669888,9.480122324159002,0.0,15.894039735099351,0.04568494251747168,5.555555555555558,-0.0028449521322313487,17.884130982367765,0.1579030294458088,242.3076923076923,-0.03811563292251208,-11.77347242921013,,,,,,,,,,,,,,,-0.4999999999999997,-0.8660254037844388,0,0
1359-08,1359-08-01,1980-10-23,1359,8,,2.94,,40.8,,,,,,,,40.3,214.0,,,,,,627.4704545454546,625.0,146.6,4.22,45.3,,639.0,0.83,,72.4,71.3,50.4,53.1,81.5,61.0,50.8,53.9,195.1,,,,,,,,,,,,,,,,,,,,,,,,,,,,,-0.07798689547501159,,,,0.07373096932173517,-2.857142857142869,0.028626721426436852,27.34375,0.06559728248581331,1.2048192771084265,0.04167269640056759,2.8625954198473247,0.0,5.536332179930792,0.011111225425071147,10.030395136778125,0.011363758650315248,14.935064935064934,0.03653851132208086,9.483726150392812,0.04321229786083958,24.027072758037214,-0.06979576193554198,176.66666666666666,0.07639781949352908,-4.626865671641789,,,,,,,,,,,,,,,-0.8660254037844385,-0.5000000000000004,0,0
1359-09,1359-09-01,1980-11-22,1359,9,,2.75,,40.2,,,,,,,,39.8,214.0,,,,,,602.01,538.0,141.5,4.22,45.1,,571.0,0.63,,68.3,71.6,49.6,54.6,74.9,57.9,50.9,52.3,182.6,,,,,,,,,,,,,,,,,,,,,,,,,,,,,-0.04142252904118493,,,,-0.014815085785140347,-0.7407407407407307,-0.08444912972364271,15.408320493066263,-0.016000341346440905,2.9045643153526868,-0.030134106844073916,0.9652509652509744,-0.05215647959436165,-1.8644067796610209,-0.05829653281492675,2.552552552552556,0.02785695450296588,11.885245901639351,-0.06621427946819747,1.4444444444444482,-0.03540807236925847,22.723330442324375,-0.2757058814050652,90.90909090909089,-0.11251524472152408,-11.746522411128279,,,,,,,,,,,,,,,-1.0,-1.8369701987210297e-16,0,0
1359-10,1359-10-01,1980-12-22,1359,10,,2.68,,40.3,,,,,,,,39.8,227.5,,,,,,582.625,557.0,148.8,4.6,47.4,,545.0,0.62,,68.7,73.6,50.0,55.1,74.9,58.1,51.1,52.7,189.6,,,,,,,,,,,,,,,,,,,,,,,,,,,,,-0.0327303017736309,-6.852764428728619,,,0.0024844733276614406,0.749999999999984,0.0,14.877300613496946,0.008032171697264001,3.3057851239669533,0.00761908447643922,0.5725190839694694,0.003448279278916111,-3.966942148760333,0.005839432651559839,2.844311377245523,0.0091158334080097,8.678500986193294,0.037618621660053364,7.9726651480637845,0.050303405315699656,41.176470588235304,-0.016000341346441127,63.1578947368421,-0.046603414992766545,-10.509031198686369,,,,,,,,,,,,,,,-0.8660254037844386,0.5000000000000001,0,0
1359-11,1359-11-01,1981-01-21,1359,11,,2.57,,38.7,,,,,,,,37.9,226.0,,,,,,512.2840909090909,500.0,143.3,4.6,47.9,,516.0,0.53,,66.5,71.7,48.4,60.3,72.1,56.7,50.3,51.1,181.5,,,,,,,,,,,,,,,,,,,,,,,,,,,,,-0.1286644184772756,-25.760819445359328,,,-0.04051186891690106,0.5194805194805197,-0.038099846232270806,6.814814814814807,-0.03252319170556017,3.418803418803429,-0.030830958337657588,-1.9193857965451033,-0.024391453124159135,-9.713375796178337,-0.03254725156649574,-3.4833091436865082,0.09018238757427088,19.1699604743083,-0.043660936116016735,5.095541401273884,-0.03766278756486585,25.81211589113257,-0.1568424714929697,6.000000000000005,-0.054679029181681216,-15.409836065573767,,,,,,,,,,,,,,,-0.5000000000000004,0.8660254037844384,0,0
1359-12,1359-12-01,1981-02-20,1359,12,,2.5,,38.3,,,,,,,,37.6,207.5,,,,,,488.6904761904762,499.0,142.1,4.6,48.5,,535.0,0.5,,65.9,72.4,48.1,59.4,71.3,56.3,49.2,50.8,175.3,,,,,,,,,,,,,,,,,,,,,,,,,,,,,-0.04715002017836856,-18.48952819237014,,,-0.010389703849135845,0.0,-0.011157716870653367,10.200927357032441,-0.006217636610870159,3.2188841201716833,-0.005888142625222859,-0.39215686274510775,-0.0070796755880619955,-6.010016694490816,-0.009063506153347056,-1.6417910447761086,-0.015037877364540542,15.564202334630362,-0.03475686177771653,7.217125382263001,-0.008409299731071407,28.713768115942017,-0.05826890812397578,16.279069767441868,0.03615998141444354,-7.758620689655171,,,,,,,,,,,,,,,-2.4492935982947064e-16,1.0,0,1
1360-01,1360-01-01,1981-03-21,1360,1,,2.53,,37.2,,,,,,,,36.4,193.0,,,,,,509.2142857142857,496.0,145.5,4.6,49.4,,531.0,0.39,,64.6,72.2,47.5,41.2,69.8,54.6,47.8,49.8,180.4,,,,,,,,,,,,,,,,,,,,,,,,,,,,,0.04113960546510942,-1.2270986990075117,,,-0.029141134907499033,-2.617801047120416,-0.021262317651923546,9.233176838810643,-0.01255246607112026,1.279317697228155,-0.01988137055382877,-1.9685039370078705,-0.030660652394785437,-6.666666666666665,-0.01992403071990534,-1.823708206686936,-0.36585597001311854,-22.990654205607473,0.028677815701334985,15.271565495207673,0.02364505150849272,34.4731977818854,-0.24846135929849966,-17.021276595744673,-0.007504725654067457,-3.804347826086951,,,,,,,,,,,,,,,0.49999999999999994,0.8660254037844387,1,1
1360-02,1360-02-01,1981-04-21,1360,2,,2.49,,35.2,,,,,,,,34.3,195.5,,,,,,483.57608695652175,480.0,141.3,4.6,49.6,,511.0,0.33,,62.9,68.7,45.4,55.0,67.8,53.6,48.0,48.1,171.6,,,,,,,,,,,,,,,,,,,,,,,,,,,,,-0.051660251965048865,-5.9624010247348425,,,-0.05526267867504986,-8.571428571428562,-0.02907181482197707,-0.14727540500737435,-0.04521760599329294,-4.2194092827004255,-0.03473280691889169,-6.420233463035019,-0.01848481467410279,-9.91596638655462,-0.026668247082160867,-8.040935672514626,0.2888949288769904,1.6635859519408491,-0.05001042057466165,6.385616862988219,-0.02929079692106562,28.454545454545467,-0.16705408466316618,-51.470588235294116,-0.03839243103823442,-9.074733096085408,,,,,,,,,,,,,,,0.8660254037844386,0.5000000000000001,0,0
1360-03,1360-03-01,1981-05-22,1360,3,,2.44,,33.3,,,,,,,,32.7,190.0,,,,,,468.57142857142856,461.0,136.1,4.6,49.6,,512.0,0.36,,61.3,59.8,43.3,54.8,67.3,52.2,47.5,46.3,168.7,,,,,,,,,,,,,,,,,,,,,,,,,,,,,-0.0315201172144457,-17.460774994824135,,,-0.0554886856176533,-12.368421052631584,-0.007401958295667477,-0.14836795252226587,-0.04735947003885821,-7.675906183368875,-0.03814021601952744,-8.678500986193304,-0.026466573188163256,-10.769230769230765,-0.025766320764229356,-9.453471196454954,-0.0036429912785012064,4.380952380952374,-0.01704419750193953,7.043147208121825,-0.03749538003306174,19.806338028169023,0.08701137698962969,-47.058823529411775,0.001955034835803282,-10.175438596491226,,,,,,,,,,,,,,,1.0,6.123233995736766e-17,0,0
1360-04,1360-04-01,1981-06-22,1360,4,,2.41,,35.1,,,,,,,,33.5,177.5,,,,,,421.94565217391306,409.0,137.6,4.6,50.4,,530.0,0.36,,61.2,65.8,45.3,49.3,66.7,51.7,45.5,47.4,167.9,,,,,,,,,,,,,,,,,,,,,,,,,,,,,-0.10481203289827512,-34.16077261244548,,,0.05264373348542195,-6.149732620320847,-0.008955283729103591,-5.120910384068267,0.04515439748054417,-2.37068965517242,0.02348026760884281,-6.5088757396449815,-0.00962471337420956,-12.962962962962955,-0.0016326534238855217,-9.999999999999998,-0.10576611290532556,-6.451612903225811,-0.00475342546842672,-0.47421458209838674,0.010961015841822963,6.749418153607434,0.0,-40.98360655737705,0.034552381506659735,-16.535433070866144,,,,,,,,,,,,,,,0.8660254037844387,-0.4999999999999998,0,0
1360-05,1360-05-01,1981-07-23,1360,5,,2.41,,35.8,,,,,,,,34.0,179.5,,,,,,408.57272727272726,410.0,127.1,4.6,50.5,,506.0,0.33,,59.7,69.2,46.1,45.9,63.7,51.1,45.0,47.8,170.1,,,,,,,,,,,,,,,,,,,,,,,,,,,,,-0.03220658603152504,-35.07302870239835,,,0.01974676293483446,6.547619047619024,-0.04602039034346106,-13.215258855585832,0.0175059175136143,8.47058823529412,0.008403410796379074,-1.0351966873705987,-0.011673284304724696,-14.975041597337768,-0.024815169119723812,-13.60347322720693,-0.07145896398214502,-12.237093690248567,0.013017935318320184,-0.6425233644859807,-0.0793767473038347,-11.428571428571432,-0.08701137698962969,-52.85714285714285,-0.04634033725870168,-20.44025157232704,,,,,,,,,,,,,,,0.49999999999999994,-0.8660254037844387,0,0
1360-06,1360-06-01,1981-08-23,1360,6,,2.49,,35.9,,,,,,,,34.0,130.0,,,,,,438.17045454545456,444.0,115.5,4.6,51.2,,485.0,0.26,,58.4,70.8,46.3,46.0,61.5,49.8,44.5,47.5,171.2,,,,,,,,,,,,,,,,,,,,,,,,,,,,,0.06993806690695958,-33.43042470280668,,,0.0027894020875787184,7.4850299401197695,-0.035147387765644744,-19.18528252299605,0.004329011089585499,9.198113207547177,-0.006295928456814703,-2.0618556701030966,-0.02576951317905163,-18.360655737704924,-0.022016130564375125,-17.977528089887652,0.002176279422595684,-12.380952380952381,0.006445964305825669,-4.730105731775181,-0.09570364823356048,-17.96875000000001,-0.2384110234449981,-65.78947368421053,-0.04238777834998242,-21.138211382113823,,,,,,,,,,,,,,,1.2246467991473532e-16,-1.0,0,0
1360-07,1360-07-01,1981-09-23,1360,7,,2.43,,36.5,,,,,,,,34.6,122.5,,,,,,440.98409090909087,438.0,112.7,4.6,51.6,,486.0,0.27,,57.6,70.7,47.0,45.7,60.2,49.1,44.7,47.7,168.7,,,,,,,,,,,,,,,,,,,,,,,,,,,,,0.006400799460015705,-34.992964352720456,,,0.016574965094212857,-3.693931398416883,-0.021364822497696778,-23.989898989898993,0.015005640617870242,-0.423728813559332,0.004201686853700259,-7.736943907156668,-0.014155949230132414,-19.508196721311478,-0.01379332213233564,-19.55307262569832,-0.0065430985889358695,-12.952380952380949,-0.014710474155719133,-10.313662945241898,-0.02454110891611716,-19.72934472934473,0.03774032798284699,-69.6629213483146,0.002059732963010319,-17.905405405405407,,,,,,,,,,,,,,,-0.4999999999999997,-0.8660254037844388,0,0
1360-08,1360-08-01,1981-10-23,1360,8,,2.37,,37.1,,,,,,,,35.7,145.0,,,,,,419.4261904761905,413.0,111.8,4.6,52.1,,470.0,0.26,,57.4,71.8,47.7,43.1,59.3,48.6,45.5,48.0,178.6,,,,,,,,,,,,,,,,,,,,,,,,,,,,,-0.05012123575465388,-33.15602552473538,,,0.01630470902494352,-9.068627450980383,-0.015063046311095896,-27.23926380368098,0.014783796184237197,-5.357142857142849,0.006269613013595521,-10.946196660482377,-0.01023550389402672,-20.32786885245902,-0.0034782643763247023,-20.718232044198903,-0.05857530079045725,-18.832391713747644,0.057026678890476745,-8.457201435161455,-0.008017860324732062,-23.738062755798083,-0.03774032798284699,-68.67469879518072,-0.03347592919638931,-26.447574334898285,,,,,,,,,,,,,,,-0.8660254037844385,-0.5000000000000004,0,0
1360-09,1360-09-01,1981-11-22,1360,9,,2.36,,36.7,,,,,,,,35.4,137.5,,,,,,411.3452380952381,410.0,107.6,4.6,52.2,,455.0,0.29,,56.4,71.9,47.3,41.5,57.9,48.1,45.1,47.5,176.0,,,,,,,,,,,,,,,,,,,,,,,,,,,,,-0.019454706742286554,-31.67136125724854,,,-0.010840214552864769,-8.70646766169154,-0.023891921424730178,-22.69692923898532,-0.008421102396408475,-4.6370967741935605,-0.01047129986729578,-9.177820267686421,-0.010341353794732555,-16.92573402417962,-0.01757514482150757,-17.42313323572474,-0.03782956987304953,-23.992673992673996,-0.014664673404247708,-3.6144578313253017,-0.03829091299331466,-23.957597173144883,0.10919929196499178,-53.968253968253975,-0.03243527575315408,-20.315236427320492,,,,,,,,,,,,,,,-1.0,-1.8369701987210297e-16,0,0
1360-10,1360-10-01,1981-12-22,1360,10,,2.38,,35.8,,,,,,,,35.0,135.0,,,,,,391.80909090909086,384.0,115.4,4.45,52.3,,455.0,0.29,,57.1,74.5,46.3,38.8,58.2,48.5,45.4,47.0,173.1,,,,,,,,,,,,,,,,,,,,,,,,,,,,,-0.04865814908900301,-32.751067855122784,,,-0.024828861653870327,-11.166253101736977,0.005167970158442614,-22.296395193591458,-0.021368334405698963,-7.400000000000007,-0.010582109330536937,-10.815939278937382,0.008281620831721792,-16.52323580034424,0.01233495815795127,-16.88500727802038,-0.06727318060742471,-29.5825771324864,-0.016614532855987463,-8.702531645569621,0.06998370634631534,-22.446236559139788,0.0,-53.2258064516129,0.0,-16.51376146788991,,,,,,,,,,,,,,,-0.8660254037844386,0.5000000000000001,0,0
1360-11,1360-11-01,1982-01-21,1360,11,,2.38,,31.6,,,,,,,,32.3,190.0,,,,,,378.2636363636364,374.0,112.6,4.45,53.2,,454.0,0.29,,56.6,76.3,41.9,41.4,57.4,48.1,44.5,44.0,170.9,,,,,,,,,,,,,,,,,,,,,,,,,,,,,-0.035183304962776774,-26.16135400723142,,,-0.12479077281378803,-18.346253229974163,-0.013841051411871419,-20.388349514563096,-0.09985613416409622,-13.429752066115707,-0.06595796779179741,-13.894324853228968,-0.008281620831721792,-15.167548500881834,-0.008795131452827398,-14.887218045112782,0.06486063420204102,-31.343283582089555,-0.012790872060618241,-5.840220385674932,-0.024562638368409218,-21.42358688066993,0.0,-45.28301886792453,-0.0022002209096019243,-12.015503875968992,,,,,,,,,,,,,,,-0.5000000000000004,0.8660254037844384,0,0
1360-12,1360-12-01,1982-02-20,1360,12,,2.38,,29.3,,,,,,,,30.2,190.0,,,,,,340.91,330.0,114.2,4.45,53.8,,452.0,0.25,,55.5,72.9,39.5,40.4,56.4,46.9,44.3,42.0,168.7,,,,,,,,,,,,,,,,,,,,,,,,,,,,,-0.10397289038213309,-30.24009744214372,,,-0.07556960456984463,-23.498694516971273,-0.01757514482150757,-20.8976157082749,-0.05898515502101587,-17.87941787941788,-0.04652001563489261,-17.322834645669282,-0.02526450165948191,-16.69626998223801,-0.01962596445674869,-15.7814871016692,-0.024451095864164163,-31.986531986531986,-0.012956600569623333,-3.764974329720494,0.014109581516319913,-19.634060520760023,-0.14842000511827314,-50.0,-0.004415018209116717,-15.514018691588783,,,,,,,,,,,,,,,-2.4492935982947064e-16,1.0,0,1
1361-01,1361-01-01,1982-03-21,1361,1,,2.4,,33.1,,,,,,,,31.6,168.5,,,,,,340.9533333333334,350.0,117.8,4.45,54.4,,482.0,0.21,,55.2,69.0,43.6,39.1,56.7,46.5,44.4,44.6,169.8,,,,,,,,,,,,,,,,,,,,,,,,,,,,,0.00012710269425930676,-33.04325057277785,,,0.12194576635999566,-11.021505376344088,0.005305052229693352,-18.767908309455585,0.09875647844791269,-8.210526315789469,0.06006424074264993,-10.441767068273089,-0.008565362858923287,-14.835164835164838,-0.005420067469338541,-14.55108359133126,-0.03270731797578463,-5.097087378640774,0.006499284325324872,-5.875831485587579,0.031036973995576034,-19.037800687285223,-0.17435338714477777,-46.15384615384615,0.06426193421836857,-9.227871939736342,,,,,,,,,,,,,,,0.49999999999999994,0.8660254037844387,1,1
1361-02,1361-02-01,1982-04-21,1361,2,,2.41,,35.2,,,,,,,,33.0,166.0,,,,,,342.1152173913043,334.0,118.1,4.45,55.0,,509.0,0.18,,55.0,67.7,45.9,38.6,56.3,46.2,45.6,46.0,167.6,,,,,,,,,,,,,,,,,,,,,,,,,,,,,0.003401957760488905,-29.253073793522,,,0.06151280022103389,0.0,-0.0070796755880619955,-16.96165191740413,0.0514079667115106,1.1013215859030812,0.03090753746307673,-4.365904365904372,-0.006472514505617255,-13.805970149253731,-0.0036297680505787966,-12.559618441971377,-0.012870190520534841,-29.81818181818181,-0.013041085829264887,-2.33100233100233,0.0025434519858302806,-16.41896673743809,-0.15415067982725827,-45.45454545454546,0.05450390249992232,-0.3913894324853229,,,,,,,,,,,,,,,0.8660254037844386,0.5000000000000001,0,0
1361-03,1361-03-01,1982-05-22,1361,3,,2.38,,34.6,,,,,,,,32.8,167.0,,,,,,320.8333333333333,315.0,115.0,4.45,55.0,,475.0,0.15,,52.8,65.7,45.3,36.7,53.8,44.0,43.8,44.9,155.8,,,,,,,,,,,,,,,,,,,,,,,,,,,,,-0.064225795790116,-31.52947154471545,,,-0.01719240054037252,3.903903903903916,-0.04542106797790613,-20.0594353640416,-0.013158084577510998,4.618937644341803,-0.024203601740886427,-3.0237580993520474,-0.04879016416943216,-15.708812260536398,-0.040821994520255256,-13.866231647634585,-0.05047552141026035,-33.02919708029196,-0.07300705461133461,-7.646710136336676,-0.026599594840066132,-15.503306392358551,-0.18232155679395468,-58.33333333333333,-0.06913321251588123,-7.2265625,,,,,,,,,,,,,,,1.0,6.123233995736766e-17,0,0
1361-04,1361-04-01,1982-06-22,1361,4,,2.23,,33.7,,,,,,,,32.9,168.0,,,,,,327.1227272727273,339.0,115.0,4.45,55.2,,464.0,0.17,,51.4,64.2,44.4,35.8,51.8,43.5,44.0,44.1,151.8,,,,,,,,,,,,,,,,,,,,,,,,,,,,,0.01941363575184063,-22.472781604134806,,,-0.026355844705362674,-3.9886039886039892,-0.03788331790230126,-22.338830584707658,-0.020067563050809145,-1.9867549668874163,-0.01797801229540852,-6.962025316455689,-0.011428695823622714,-15.86073500967119,-0.026873018251096337,-16.013071895424847,-0.024828861653870327,-27.383367139959436,-0.026009268475117864,-9.589041095890405,0.0,-16.42441860465116,0.1251631429540061,-52.77777777777777,-0.023430251808385982,-12.452830188679243,,,,,,,,,,,,,,,0.8660254037844387,-0.4999999999999998,0,0
1361-05,1361-05-01,1982-07-23,1361,5,,2.24,,32.8,,,,,,,,32.4,165.5,,,,,,347.5,364.0,102.3,4.45,56.0,,432.0,0.15,,50.1,64.8,43.5,35.9,49.7,42.7,43.5,43.3,152.5,,,,,,,,,,,,,,,,,,,,,,,,,,,,,0.06042925175917624,-14.947822797766053,,,-0.02706932196821832,-8.37988826815642,-0.04138521616285429,-21.978021978021978,-0.02047853134354094,-5.639913232104121,-0.01830714744435591,-9.414225941422593,-0.0185620178600594,-16.43835616438356,-0.025617164370300483,-16.080402010050253,0.0027894020875787184,-21.786492374727672,0.004600731085936616,-10.346854791299231,-0.11702245540566913,-19.512195121951216,-0.1251631429540061,-54.54545454545454,-0.07145896398214457,-14.62450592885376,,,,,,,,,,,,,,,0.49999999999999994,-0.8660254037844387,0,0
1361-06,1361-06-01,1982-08-23,1361,6,,2.43,,34.3,,,,,,,,33.5,167.0,,,,,,431.8454545454546,437.0,100.9,4.45,56.3,,426.0,0.13,,49.8,68.3,45.1,35.8,48.6,42.4,43.4,44.2,152.9,,,,,,,,,,,,,,,,,,,,,,,,,,,,,0.2173031151258309,-1.443502165512589,,,0.04471683878179622,-4.456824512534818,-0.022381402196134825,-20.97560975609756,0.03612130841399441,-2.591792656587466,0.020572154075208182,-6.947368421052625,-0.007050557996666651,-14.859437751004013,-0.006006024060211779,-14.726027397260278,-0.0027894020875787184,-22.173913043478265,0.0026195168875498,-10.689252336448584,-0.013779745598017534,-12.640692640692642,-0.14310084364067333,-50.0,-0.013986241974739855,-12.164948453608249,,,,,,,,,,,,,,,1.2246467991473532e-16,-1.0,0,0
1361-07,1361-07-01,1982-09-23,1361,7,,2.48,,35.0,,,,,,,,33.8,163.5,,,,,,420.7380952380952,422.0,91.7,4.45,56.8,,416.0,0.13,,48.4,69.1,45.9,36.2,46.5,41.5,42.5,44.5,146.6,,,,,,,,,,,,,,,,,,,,,,,,,,,,,-0.0260572416059901,-4.591094347475999,,,0.020202707317519497,-4.109589041095896,-0.04417121831313775,-22.757475083056477,0.01758287055786667,-2.3404255319148914,0.006764400088542288,-6.708595387840677,-0.021454935001259834,-15.478615071283098,-0.02851517030802153,-15.972222222222232,0.011111225425071147,-20.787746170678332,-0.04207632348246548,-13.100177830468285,-0.09560754809714389,-18.633540372670808,0.0,-51.85185185185186,-0.023754086008107578,-14.40329218106996,,,,,,,,,,,,,,,-0.4999999999999997,-0.8660254037844388,0,0
1361-08,1361-08-01,1982-10-23,1361,8,,2.48,,33.8,,,,,,,,32.8,160.5,,,,,,412.9,415.0,102.9,4.45,57.1,,403.0,0.14,,49.7,68.1,44.7,35.7,48.8,42.2,42.5,43.9,155.1,,,,,,,,,,,,,,,,,,,,,,,,,,,,,-0.018805105632642594,-1.5559806765479078,,,-0.03488725900044054,-8.89487870619947,0.04827800026579121,-17.706576728499158,-0.02649161544697609,-6.2893081761006275,-0.013574869091069086,-8.54166666666667,0.016726793805313722,-13.168724279835386,0.026505119379997222,-13.414634146341452,-0.013908430046132292,-17.169373549883982,0.05636228072994243,-13.157894736842103,0.11523526357758396,-7.960644007155626,0.07410797215372189,-46.153846153846146,-0.031748698314580714,-14.255319148936174,,,,,,,,,,,,,,,-0.8660254037844385,-0.5000000000000004,0,0
1361-09,1361-09-01,1982-11-22,1361,9,,2.48,,31.8,,,,,,,,31.5,158.5,,,,,,434.87619047619046,445.0,105.5,4.45,57.1,,399.0,0.14,,50.3,69.0,42.0,35.7,49.2,42.7,43.3,42.2,159.8,,,,,,,,,,,,,,,,,,,,,,,,,,,,,0.05185593808983047,5.72048736723294,,,-0.06099451270284195,-13.351498637602187,0.008163310639160759,-15.025906735751294,-0.062303883336154886,-11.205073995771663,-0.03949409903915946,-11.157894736842099,0.011778699192612763,-11.226611226611228,0.012000144003110336,-10.815602836879435,0.0,-13.97590361445783,0.02985296314968089,-9.204545454545443,0.024953310076117674,-1.951672862453524,0.0,-51.72413793103448,-0.009975145056818846,-12.307692307692308,,,,,,,,,,,,,,,-1.0,-1.8369701987210297e-16,0,0
1361-10,1361-10-01,1982-12-22,1361,10,,2.28,,30.9,,,,,,,,30.7,150.5,,,,,,468.72,481.0,107.8,4.05,55.3,,397.0,0.13,,50.4,70.9,40.7,37.8,48.9,43.3,43.6,41.6,165.0,,,,,,,,,,,,,,,,,,,,,,,,,,,,,0.07494420425465798,19.62968978398574,,,-0.028710105882431503,-13.687150837988826,-0.006116227017435971,-15.97938144329898,-0.03144152583481885,-12.0950323974082,-0.01432005377474832,-11.489361702127654,0.013953714773865311,-10.721649484536089,0.001986097971629519,-11.733800350262701,0.057158413839948796,-2.577319587628868,0.032022440568406196,-4.679376083188902,0.021566705558775823,-6.585788561525141,-0.07410797215372189,-55.172413793103445,-0.005025136202672975,-12.747252747252746,,,,,,,,,,,,,,,-0.8660254037844386,0.5000000000000001,0,0
1361-11,1361-11-01,1983-01-21,1361,11,,2.38,,29.1,,,,,,,,29.1,164.0,,,,,,497.1142857142857,491.0,117.3,4.05,55.3,,395.0,0.14,,51.1,72.4,38.9,37.6,50.1,44.6,42.8,40.8,164.2,,,,,,,,,,,,,,,,,,,,,,,,,,,,,0.05881437556076907,31.42005678716484,,,-0.0600180097262526,-7.911392405063289,0.024243611609992666,-12.717770034843202,-0.045233841824149135,-7.159904534606209,-0.019418085857101808,-7.272727272727275,0.029581224017574126,-7.276507276507271,0.013793322132336083,-9.71731448763251,-0.005305052229693352,-9.178743961352653,-0.004860276882252101,-3.9204212990052723,0.08445709718453287,4.174067495559508,0.07410797215372189,-51.72413793103448,-0.005050515786068743,-12.995594713656388,,,,,,,,,,,,,,,-0.5000000000000004,0.8660254037844384,0,0
1361-12,1361-12-01,1983-02-20,1361,12,,2.49,,28.2,,,,,,,,28.3,179.5,,,,,,433.1315789473685,420.0,125.2,4.05,54.3,,394.0,0.14,,52.2,71.4,37.8,37.6,51.5,45.5,43.8,40.4,166.1,,,,,,,,,,,,,,,,,,,,,,,,,,,,,-0.13777839147962023,27.05159102031869,,,-0.03141619623337899,-3.754266211604096,0.027560799578871364,-8.687943262411347,-0.02868514799885835,-4.303797468354443,-0.009852296443011443,-3.809523809523818,0.01997846693088645,-2.985074626865669,0.021297997678934255,-5.94594594594594,0.0,-6.930693069306926,0.011504819600920868,-1.541197391819793,0.06517770300656789,9.632224168126102,0.0,-43.99999999999999,-0.002534855603188113,-12.831858407079643,,,,,,,,,,,,,,,-2.4492935982947064e-16,1.0,0,1
1362-01,1362-01-01,1983-03-21,1362,1,,2.54,,29.8,,,,,,,,29.7,180.5,,,,,,423.7681818181818,433.0,133.4,4.05,53.7,,434.0,0.15,,54.3,72.5,39.4,35.5,54.4,47.2,44.7,42.0,167.2,,,,,,,,,,,,,,,,,,,,,,,,,,,,,-0.021854994597936717,24.289203356719913,,,0.05518641556729076,-9.969788519637468,0.054782346192206344,-4.056437389770728,0.04145671367834591,-9.63302752293579,0.03883983331626384,-5.829596412556059,0.036681566634604756,1.505376344086029,0.03944173205129653,-1.630434782608703,-0.05747135391447866,-9.207161125319697,0.006600684031352166,-1.531213191990588,0.06343967481552593,13.242784380305617,0.06899287148695143,-28.57142857142857,0.09669362480247123,-9.958506224066388,,,,,,,,,,,,,,,0.49999999999999994,0.8660254037844387,1,1
1362-02,1362-02-01,1983-04-21,1362,2,,2.54,,29.6,,,,,,,,29.4,171.5,,,,,,436.70454545454544,438.0,133.9,4.05,53.7,,434.0,0.2,,55.7,76.1,39.2,33.5,55.9,48.6,44.9,42.3,160.2,,,,,,,,,,,,,,,,,,,,,,,,,,,,,0.030070304360937605,27.648383718357607,,,-0.006734032181344052,-15.909090909090917,0.027200226299156416,-0.7104795737122527,-0.005089069507471233,-14.596949891067535,0.007117467768863683,-8.043478260869573,0.029229638314938633,5.1948051948051965,0.02545591999334862,1.2727272727272698,-0.05798725765034929,-13.212435233160624,-0.042767666016342076,-4.415274463007169,0.0037411192156033835,13.378492802709573,0.287682072451781,11.111111111111116,0.0,-14.734774066797641,,,,,,,,,,,,,,,0.8660254037844386,0.5000000000000001,0,0
1362-03,1362-03-01,1983-05-22,1362,3,,2.47,,30.2,,,,,,,,30.0,158.5,,,,,,417.9619047619048,413.0,135.0,4.05,54.5,,425.0,0.24,,55.4,78.7,40.0,35.4,54.7,48.3,45.4,42.7,151.8,,,,,,,,,,,,,,,,,,,,,,,,,,,,,-0.043866577642391213,30.27384044526904,,,0.020067563050809145,-12.71676300578035,-0.021700670733117988,1.6728624535315983,0.020202707317519497,-11.699779249448117,0.009411834182346812,-4.899777282850771,-0.006191970247921397,9.772727272727266,-0.005400553180000323,4.924242424242431,0.05516638130870799,-3.542234332425076,-0.0538591696727293,-2.5673940949935803,0.008181525741302487,17.391304347826097,0.18232155679395445,60.00000000000001,-0.02095536517598795,-10.526315789473683,,,,,,,,,,,,,,,1.0,6.123233995736766e-17,0,0
1362-04,1362-04-01,1983-06-22,1362,4,,2.46,,30.8,,,,,,,,30.5,157.5,,,,,,421.3681818181818,403.0,140.6,4.05,53.6,,477.0,0.23,,56.5,77.8,40.1,33.2,56.3,49.2,46.0,43.1,147.3,,,,,,,,,,,,,,,,,,,,,,,,,,,,,0.00811670119162411,28.81042700126446,,,0.019672765598705233,-8.60534124629081,0.028830825717709452,8.68725868725868,0.0024968801985871814,-9.684684684684674,0.009324076875123044,-2.26757369614512,0.018462062839735616,13.103448275862073,0.01966104439915739,9.922178988326857,-0.0641619442172856,-7.262569832402221,-0.03009254149294538,-2.964426877470361,0.04064420093813492,22.260869565217376,-0.042559614418795855,35.29411764705881,0.11542732196392436,2.8017241379310276,,,,,,,,,,,,,,,0.8660254037844387,-0.4999999999999998,0,0
1362-05,1362-05-01,1983-07-23,1362,5,,2.48,,31.1,,,,,,,,30.7,154.5,,,,,,416.9047619047619,416.0,152.8,4.05,54.3,,651.0,0.23,,61.4,78.7,40.5,32.6,63.7,52.6,46.9,44.5,152.5,,,,,,,,,,,,,,,,,,,,,,,,,,,,,-0.010649185633386793,19.972593353888325,,,0.009693129205659456,-5.1829268292682755,0.12349002743247262,28.169014084507047,0.009925639799969854,-6.896551724137934,0.03196619206249274,2.771362586605086,0.06682249624540182,23.185011709601877,0.08316919700070091,22.554890219560875,-0.01823758754978133,-9.192200557103059,0.034693272578881995,0.0,0.08321089735585563,49.36461388074294,0.0,53.33333333333334,0.3109931513202273,50.69444444444444,,,,,,,,,,,,,,,0.49999999999999994,-0.8660254037844387,0,0
1362-06,1362-06-01,1983-08-23,1362,6,,2.47,,30.4,,,,,,,,30.1,160.0,,,,,,414.58571428571423,412.0,147.8,4.05,55.4,,733.0,0.21,,62.3,77.7,39.8,32.7,65.5,53.1,46.9,44.2,156.5,,,,,,,,,,,,,,,,,,,,,,,,,,,,,-0.005578064207609756,-3.996740055515313,,,-0.022765210773012523,-11.370262390670549,0.027865580063089368,34.773662551440324,-0.017435061822101527,-11.75166297117518,-0.006764400088542288,0.0,0.009460808504229146,25.235849056603787,0.014551590640310863,25.100401606425706,0.0030627895305461728,-8.65921787709496,0.02589141393274108,2.3544800523217724,-0.033269868218318344,46.481665014866216,-0.09097177820572666,61.53846153846152,0.11863605967808244,72.06572769953053,,,,,,,,,,,,,,,1.2246467991473532e-16,-1.0,0,0
1362-07,1362-07-01,1983-09-23,1362,7,,2.45,,29.9,,,,,,,,29.6,174.0,,,,,,399.4952380952381,394.0,148.2,4.05,54.3,,687.0,0.21,,62.4,80.2,39.2,34.4,64.5,52.9,48.4,43.7,152.9,,,,,,,,,,,,,,,,,,,,,,,,,,,,,-0.03707789731511113,-5.048950257483997,,,-0.016584128015535438,-14.57142857142858,-0.015384918839480122,38.70967741935485,-0.015190165493975005,-14.596949891067535,-0.01137668698210792,-1.7977528089887618,-0.0037735893836399192,27.469879518072293,0.0016038495819747922,28.925619834710737,0.05068148647614468,-4.972375690607745,-0.02327189704519128,4.297407912687601,0.0027027043478842216,61.61395856052343,0.0,61.53846153846152,-0.06481140966430221,65.14423076923077,,,,,,,,,,,,,,,-0.4999999999999997,-0.8660254037844388,0,0
1362-08,1362-08-01,1983-10-23,1362,8,,2.41,,29.2,,,,,,,,29.2,188.5,,,,,,382.8952380952381,382.0,147.0,4.05,54.6,,652.0,0.18,,61.7,83.2,38.4,34.3,62.6,52.1,48.6,42.9,151.8,,,,,,,,,,,,,,,,,,,,,,,,,,,,,-0.04244042348670085,-7.26683504595832,,,-0.023689771122404668,-13.609467455621294,-0.029899945695674113,28.278688524590166,-0.02061928720273576,-14.093959731543638,-0.018476276167573413,-2.277904328018221,-0.015238390104931998,23.45971563981042,-0.011281344464039833,24.144869215291752,-0.0029112102074586588,-3.9215686274509998,-0.0072202479734864156,-2.127659574468077,-0.008130126083250033,42.85714285714286,-0.15415067982725827,28.57142857142856,-0.052289730295695946,61.78660049627791,,,,,,,,,,,,,,,-0.8660254037844385,-0.5000000000000004,0,0
1362-09,1362-09-01,1983-11-22,1362,9,,2.31,,29.0,,,,,,,,28.8,190.0,,,,,,389.004761904762,388.0,143.3,4.05,54.7,,644.0,0.17,,61.8,88.0,38.0,34.2,61.5,52.3,49.0,42.7,153.6,,,,,,,,,,,,,,,,,,,,,,,,,,,,,0.015830162956830485,-10.548158205948022,,,-0.006872879287761702,-8.805031446540879,-0.017728103293579878,25.0,-0.010471299867295336,-9.523809523809524,-0.00467290569939216,1.1848341232227444,0.0038314223115558654,22.482435597189678,0.0016194335523032066,22.86282306163021,-0.00291971010333425,-4.201680672268903,0.011787955752041945,-3.8798498122653458,-0.02549225194460991,35.82938388625594,-0.057158413839948574,21.42857142857142,-0.0123458358222992,61.403508771929815,,,,,,,,,,,,,,,-1.0,-1.8369701987210297e-16,0,0
1362-10,1362-10-01,1983-12-22,1362,10,,2.26,,29.6,,,,,,,,29.0,191.5,,,,,,374.18,371.0,141.9,3.76,53.8,,692.0,0.15,,63.2,92.3,38.6,34.8,62.9,53.1,49.1,43.4,152.9,,,,,,,,,,,,,,,,,,,,,,,,,,,,,-0.038854619886665276,-20.169824202082264,,,0.020478531343540496,-4.207119741100318,0.0225089888939225,28.62985685071575,0.01566611674439944,-5.1597051597051635,0.016260520871780315,4.3269230769230616,0.015180557177016052,22.63279445727484,0.02240093668916643,25.396825396825395,0.01739174271186883,-7.936507936507942,-0.00456770777855553,-7.333333333333325,-0.009817750668129399,31.63265306122449,-0.1251631429540061,15.384615384615374,0.07188722951331528,74.3073047858942,,,,,,,,,,,,,,,-0.8660254037844386,0.5000000000000001,0,0
1362-11,1362-11-01,1984-01-21,1362,11,,2.34,,29.9,,,,,,,,29.2,204.0,,,,,,376.8475,386.0,137.0,3.76,54.3,,669.0,0.15,,62.3,89.5,39.0,35.0,62.1,52.4,48.8,43.4,150.7,,,,,,,,,,,,,,,,,,,,,,,,,,,,,0.007103631270968691,-24.192985229036147,,,0.010084119066625874,2.7491408934707806,-0.012800174766962158,23.952095808383223,0.0103093696588612,0.25706940874037354,0.0,6.372549019607843,-0.013270336920896852,17.488789237668144,-0.014342875359404594,21.91780821917808,0.0057306747089849175,-6.914893617021278,-0.014493007302566419,-8.221680876979299,-0.03514165833787164,16.794543904518335,0.0,7.14285714285714,-0.03380189548944035,69.36708860759492,,,,,,,,,,,,,,,-0.5000000000000004,0.8660254037844384,0,0
1362-12,1362-12-01,1984-02-20,1362,12,,2.38,,30.1,,,,,,,,29.5,201.0,,,,,,396.57142857142856,394.0,147.1,3.76,53.8,,720.0,0.14,,63.7,91.1,39.1,37.7,63.6,53.5,49.9,43.9,154.0,,,,,,,,,,,,,,,,,,,,,,,,,,,,,0.05101557624314079,-8.440887747042458,,,0.006666691358189425,6.737588652482285,0.02386748140664352,23.49514563106796,0.0025608208616736405,3.4391534391534417,0.01145487897476638,8.663366336633672,0.02077506257496431,17.582417582417587,0.022223136784710107,22.030651340996176,0.07431203296455147,0.26595744680850686,0.02166149678117968,-7.284768211920523,0.07113170177926698,17.492012779552702,-0.06899287148695143,0.0,0.07346715188187236,82.74111675126903,,,,,,,,,,,,,,,-2.4492935982947064e-16,1.0,0,1
1363-01,1363-01-01,1984-03-21,1363,1,,2.47,,30.1,,,,,,,,29.6,198.5,,,,,,384.33181818181816,381.0,148.0,3.76,53.5,,772.0,0.13,,64.3,92.7,39.1,35.3,63.8,53.5,50.8,43.9,157.3,,,,,,,,,,,,,,,,,,,,,,,,,,,,,-0.03134988326315202,-9.306117195293307,,,0.0,1.0067114093959662,0.0031397200046674456,17.279411764705888,0.0,-0.761421319796951,0.0,4.52380952380953,0.0,13.347457627118642,0.009375068665456787,18.416206261510126,-0.0657771305147139,-0.5633802816901512,0.0212022076506031,-5.921052631578938,0.006099646156722649,10.944527736131926,-0.07410797215372189,-13.33333333333333,0.06973333801467518,77.88018433179724,,,,,,,,,,,,,,,0.49999999999999994,0.8660254037844387,1,1
1363-02,1363-02-01,1984-04-21,1363,2,,2.4,,29.9,,,,,,,,29.5,171.5,,,,,,376.81428571428575,377.0,146.1,3.76,53.8,,914.0,0.12,,65.9,94.4,38.9,37.6,66.1,54.1,50.7,43.9,154.0,,,,,,,,,,,,,,,,,,,,,,,,,,,,,-0.019753834070237453,-13.714137020928586,,,-0.006666691358189425,1.0135135135135087,0.035415556506896984,18.246869409660093,-0.0051282163669195135,-0.7653061224489943,0.0,3.78250591016549,0.011152531950474831,11.316872427983537,0.024578810264887174,18.312387791741468,0.06312108645659764,12.238805970149258,-0.0212022076506031,-3.8701622971285876,-0.012920955007460933,9.111277072442103,-0.08004270767353638,-40.0,0.16884602142937322,110.59907834101384,,,,,,,,,,,,,,,0.8660254037844386,0.5000000000000001,0,0
1363-03,1363-03-01,1984-05-22,1363,3,,2.33,,29.2,,,,,,,,29.1,156.0,,,,,,380.75,378.0,147.0,3.76,54.2,,844.0,0.12,,62.8,90.5,38.3,38.9,62.7,52.0,48.8,42.8,149.9,,,,,,,,,,,,,,,,,,,,,,,,,,,,,0.010390536537278727,-8.903180968873913,,,-0.023689771122404668,-3.31125827814569,-0.05280729921876581,14.625228519195609,-0.015544354437800223,-4.250000000000009,-0.025376217493374487,0.23419203747070405,-0.03959046727100812,7.660455486542439,-0.04818336803430867,13.357400722021652,0.033990200228551704,9.887005649717517,-0.02698419730507773,-1.2516469038208244,0.006141268022082258,8.888888888888879,0.0,-50.0,-0.07967807685819217,98.58823529411764,,,,,,,,,,,,,,,1.0,6.123233995736766e-17,0,0
1363-04,1363-04-01,1984-06-22,1363,4,,2.23,,27.9,,,,,,,,28.0,163.5,,,,,,356.37,348.0,142.6,3.76,54.0,,697.0,0.1,,58.0,86.0,36.9,41.4,56.8,48.4,46.9,40.7,147.0,,,,,,,,,,,,,,,,,,,,,,,,,,,,,-0.066173474805713,-15.425507815449668,,,-0.04554202044691591,-9.415584415584421,-0.09882512191176929,0.8880994671403242,-0.03723834514011859,-7.980049875311723,-0.050310010139201555,-5.56844547563805,-0.07174390485884174,-1.6260162601626105,-0.0795120629277335,2.6548672566371723,0.06228663020686831,24.698795180722865,-0.01953581832981577,-0.20366598778004397,-0.03038907879854058,1.4224751066856278,-0.18232155679395445,-56.52173913043479,-0.19136708383543333,46.121593291404615,,,,,,,,,,,,,,,0.8660254037844387,-0.4999999999999998,0,0
1363-05,1363-05-01,1984-07-23,1363,5,,2.25,,28.1,,,,,,,,28.2,170.5,,,,,,344.6565217391304,348.0,138.8,3.76,54.1,,679.0,0.09,,57.1,86.6,37.2,42.0,55.7,47.7,45.8,40.7,152.5,,,,,,,,,,,,,,,,,,,,,,,,,,,,,-0.03342118502821645,-17.32967496834108,,,0.007142887512380014,-9.646302250803862,-0.019556178793867396,-12.558869701726849,0.008097210232619556,-8.148148148148138,0.0,-8.539325842696622,-0.01456841582829016,-9.315589353612165,-0.015638893884454497,-7.00325732899022,0.014388737452099676,28.834355828220847,0.03673200926873044,0.0,-0.027009459907491262,-9.162303664921467,-0.10536051565782678,-60.86956521739131,-0.026164283201827843,4.3010752688172005,,,,,,,,,,,,,,,0.49999999999999994,-0.8660254037844387,0,0
1363-06,1363-06-01,1984-08-23,1363,6,,2.18,,28.4,,,,,,,,28.4,168.0,,,,,,342.56666666666666,340.0,130.4,3.76,53.2,,694.0,0.09,,56.9,87.0,37.3,42.0,55.3,47.0,45.3,40.5,155.1,,,,,,,,,,,,,,,,,,,,,,,,,,,,,-0.006082045978423878,-17.371328807874754,,,0.010619568827460402,-6.578947368421051,-0.007207238404949301,-15.572519083969471,0.0026845653706684125,-6.281407035175879,-0.004926118336056273,-8.371040723981904,-0.014783796184237197,-11.487758945386062,-0.003508775529679653,-8.6677367576244,0.0,28.44036697247705,0.016905474135026743,-0.8945686900958538,-0.06242739858015156,-11.772665764546685,0.0,-57.14285714285714,0.021850832948108412,-5.320600272851294,,,,,,,,,,,,,,,1.2246467991473532e-16,-1.0,0,0
1363-07,1363-07-01,1984-09-23,1363,7,,2.11,,27.8,,,,,,,,27.9,166.0,,,,,,342.4904761904762,341.0,121.2,3.76,53.4,,679.0,0.1,,55.6,84.6,36.8,43.3,54.2,46.2,44.1,39.9,152.9,,,,,,,,,,,,,,,,,,,,,,,,,,,,,-0.00022243539038768745,-14.269196843636012,,,-0.02135312447056892,-7.0234113712374535,-0.02009200008268852,-15.968992248062008,-0.013495481474884219,-6.122448979591855,-0.014925650216675468,-8.695652173913048,-0.017167803622365252,-12.66540642722116,-0.02311213987574856,-10.897435897435892,0.030483016725075807,25.872093023255815,-0.014285957247476944,0.0,-0.07316457585733893,-18.21862348178137,0.10536051565782678,-52.38095238095237,-0.021850832948108412,-1.1644832605531286,,,,,,,,,,,,,,,-0.4999999999999997,-0.8660254037844388,0,0
1363-08,1363-08-01,1984-10-23,1363,8,,2.1,,27.7,,,,,,,,27.7,160.5,,,,,,341.8818181818182,342.0,117.4,3.76,53.1,,698.0,0.1,,54.5,84.5,36.7,42.0,52.6,46.1,43.7,39.8,152.5,,,,,,,,,,,,,,,,,,,,,,,,,,,,,-0.001778734101717916,-10.711394614737568,,,-0.0036036075032988,-5.136986301369861,-0.029964788701936307,-15.974440894568687,-0.0027210901143606137,-4.427083333333326,-0.0025094116054260596,-7.226107226107226,-0.002166848085090489,-11.516314779270632,-0.019982499587337887,-11.669367909238249,-0.030483016725075807,22.44897959183674,-0.0026195168875498,0.46113306982871194,-0.031855166241217425,-20.1360544217687,0.0,-44.44444444444444,0.02759797520367613,7.055214723926384,,,,,,,,,,,,,,,-0.8660254037844385,-0.5000000000000004,0,0
1363-09,1363-09-01,1984-11-22,1363,9,,2.22,,27.0,,,,,,,,26.8,156.5,,,,,,324.93809523809523,320.0,114.0,3.76,52.6,,630.0,0.08,,52.9,82.3,35.9,41.8,50.9,44.8,42.7,38.8,149.6,,,,,,,,,,,,,,,,,,,,,,,,,,,,,-0.050830428474444744,-16.469378511708776,,,-0.025595547188963508,-6.896551724137934,-0.032853196187187184,-17.235772357723576,-0.022039459566291608,-5.52631578947369,-0.025446665661164047,-9.133489461358323,-0.028604810581663198,-14.340344168260044,-0.02979736280494505,-14.401294498381878,-0.004773278752657983,22.22222222222221,-0.019199530507089335,-2.604166666666663,-0.0293884589995006,-20.446615491974885,-0.22314355131421015,-52.94117647058824,-0.10249928337679393,-2.1739130434782594,,,,,,,,,,,,,,,-1.0,-1.8369701987210297e-16,0,0
1363-10,1363-10-01,1984-12-22,1363,10,,2.27,,27.0,,,,,,,,26.6,158.5,,,,,,304.4117647058824,303.0,119.0,3.65,53.0,,630.0,0.08,,52.6,81.1,35.9,41.8,51.4,44.6,41.2,38.8,149.2,,,,,,,,,,,,,,,,,,,,,,,,,,,,,-0.06525341391901396,-18.645634532609346,,,0.0,-8.783783783783782,0.009775248904642542,-18.28298887122417,0.0,-6.994818652849744,0.0,-10.599078341013824,-0.0044742803949211485,-16.0075329566855,-0.005687219120589226,-16.77215189873418,0.0,20.114942528735625,-0.002677377770716305,-2.419882275997398,0.042925044717033956,-16.138125440451024,0.0,-46.666666666666664,0.0,-8.959537572254339,,,,,,,,,,,,,,,-0.8660254037844386,0.5000000000000001,0,0
1363-11,1363-11-01,1985-01-21,1363,11,,2.31,,28.2,,,,,,,,27.6,156.0,,,,,,302.4666666666667,299.0,119.8,3.65,53.8,,664.0,0.08,,52.4,80.2,37.3,41.6,51.6,44.6,40.2,39.7,147.3,,,,,,,,,,,,,,,,,,,,,,,,,,,,,-0.006410195515599959,-19.737648076034287,,,0.04348511193973881,-5.685618729096986,0.0038835000263977015,-16.90821256038647,0.03825603115553644,-4.358974358974366,0.022930941063917132,-8.525345622119806,0.0,-14.885496183206104,-0.003809528416667707,-15.8908507223114,-0.004796172263492604,18.85714285714286,-0.012816364301076355,-2.2561380225613603,0.00670019256981913,-12.554744525547445,0.0,-46.666666666666664,0.05256233009085509,-0.7473841554558991,,,,,,,,,,,,,,,-0.5000000000000004,0.8660254037844384,0,0
1363-12,1363-12-01,1985-02-20,1363,12,,2.25,,28.1,,,,,,,,27.9,179.5,,,,,,293.98571428571427,314.0,120.2,3.65,52.7,,667.0,0.08,,53.0,79.1,37.1,31.8,52.9,44.7,39.9,39.6,145.1,,,,,,,,,,,,,,,,,,,,,,,,,,,,,-0.028439903268563604,-25.868155619596543,,,-0.003552401604367983,-6.644518272425248,0.024881666376736167,-16.823899371069185,-0.005376357036380064,-5.115089514066495,-0.002522069432710161,-9.79498861047835,0.0022396425935049535,-16.44859813084112,0.01138532222512545,-16.797488226059652,-0.2686338774810868,-15.64986737400531,-0.01504816357844252,-5.779220779220784,0.0033333364197583037,-18.28687967369136,0.0,-42.85714285714286,0.004507896439189807,-7.361111111111107,,,,,,,,,,,,,,,-2.4492935982947064e-16,1.0,0,1
1364-01,1364-01-01,1985-03-21,1364,1,,2.13,,27.9,,,,,,,,27.8,179.5,,,,,,324.49523809523805,327.0,120.1,3.65,53.0,,693.0,0.08,,53.2,78.6,36.9,32.3,53.1,45.1,40.5,39.6,143.7,,,,,,,,,,,,,,,,,,,,,,,,,,,,,0.09873968615233597,-15.56898941379682,,,-0.007142887512380014,-7.308970099667789,0.0037735893836399192,-16.771159874608145,-0.005405418566907905,-5.626598465473154,0.0,-9.79498861047835,0.008908744889109421,-15.700934579439252,0.0037664827954766444,-17.262830482115078,0.01560094044247995,-8.498583569405104,-0.00969536680516292,-8.645899554990477,-0.0008322930151694052,-18.851351351351354,0.0,-38.46153846153846,0.03823995327427987,-10.23316062176166,,,,,,,,,,,,,,,0.49999999999999994,0.8660254037844387,1,1
1364-02,1364-02-01,1985-04-21,1364,2,,2.09,,26.7,,,,,,,,26.7,154.0,,,,,,319.15000000000003,316.0,116.7,3.65,51.6,,652.0,0.06,,51.5,77.0,35.5,35.9,50.8,44.2,40.1,38.3,136.3,,,,,,,,,,,,,,,,,,,,,,,,,,,,,-0.016609649743459798,-15.30310497782158,,,-0.04396312342111619,-10.702341137123739,-0.04428057366345728,-23.14674735249621,-0.03867885456511155,-8.740359897172233,-0.03337922207383448,-12.756264236902048,-0.02015745742498032,-18.29944547134935,-0.03247658867790815,-21.851289833080433,0.10567006526562217,-4.521276595744683,-0.05286945438249191,-11.493506493506489,-0.028718189793427662,-20.123203285420942,-0.2876820724517808,-50.0,-0.06098543726325012,-28.665207877461707,,,,,,,,,,,,,,,0.8660254037844386,0.5000000000000001,0,0
1364-03,1364-03-01,1985-05-22,1364,3,,2.09,,26.5,,,,,,,,26.4,151.5,,,,,,315.83181818181816,317.0,116.0,3.65,52.2,,630.0,0.06,,50.2,76.0,35.3,33.5,49.2,42.8,39.7,37.8,134.1,,,,,,,,,,,,,,,,,,,,,,,,,,,,,-0.010451360738605864,-17.05008058258223,,,-0.007518832414027177,-9.246575342465746,-0.032002731086173686,-21.5311004784689,-0.005649732542118979,-7.832898172323766,-0.013140793561058128,-11.682242990654201,-0.032186686495901284,-17.692307692307697,-0.02556678097200704,-20.06369426751592,-0.06919185666321237,-13.881748071979427,-0.016272548414854704,-10.540360240160119,-0.006016348186145493,-21.08843537414966,0.0,-50.0,-0.03432474254107465,-25.355450236966824,,,,,,,,,,,,,,,1.0,6.123233995736766e-17,0,0
1364-04,1364-04-01,1985-06-22,1364,4,,2.05,,26.6,,,,,,,,26.4,151.0,,,,,,315.57894736842104,317.0,114.9,3.65,51.4,,568.0,0.07,,48.8,75.0,35.4,33.2,47.1,41.8,39.5,37.5,128.6,,,,,,,,,,,,,,,,,,,,,,,,,,,,,-0.0008009709074121574,-11.44626445311866,,,0.0037664827954770885,-4.659498207885293,-0.04362062247589016,-17.07746478873239,0.0028288562004776807,-4.0650406504065035,-0.007968169649176904,-7.862407862407872,-0.023641763057040688,-13.636363636363635,-0.028284713838581776,-15.86206896551725,-0.008995562908577615,-19.806763285024143,-0.041878978484113816,-12.517006802721086,-0.00952800625165473,-19.42496493688639,0.1541506798272585,-29.999999999999993,-0.10359840066442683,-18.507890961262554,,,,,,,,,,,,,,,0.8660254037844387,-0.4999999999999998,0,0
1364-05,1364-05-01,1985-07-23,1364,5,,2.07,,27.2,,,,,,,,27.0,155.5,,,,,,326.0217391304348,330.0,105.5,3.65,50.9,,518.0,0.1,,47.9,75.0,35.9,31.9,46.0,41.0,38.6,37.6,123.1,,,,,,,,,,,,,,,,,,,,,,,,,,,,,0.032555183536536525,-5.40676918419093,,,0.022305757514297753,-3.20284697508898,-0.023631604533277173,-17.414721723518856,0.01402547535450438,-3.4946236559139865,0.0026631174194835516,-7.616707616707618,-0.019324272826402478,-14.046121593291405,-0.018614808442232178,-16.112084063047295,-0.039943866131644246,-24.04761904761905,-0.04370977861311065,-19.27868852459017,-0.08535123193858851,-23.991354466858795,0.35667494393873245,11.111111111111116,-0.0921461764616689,-23.71134020618557,,,,,,,,,,,,,,,0.49999999999999994,-0.8660254037844387,0,0
1364-06,1364-06-01,1985-08-23,1364,6,,2.08,,27.2,,,,,,,,27.0,154.0,,,,,,325.495,323.0,101.9,3.65,50.3,,469.0,0.11,,47.0,75.0,35.8,30.4,45.1,40.1,37.7,37.3,125.3,,,,,,,,,,,,,,,,,,,,,,,,,,,,,-0.0016169630450448835,-4.983458207648139,,,0.0,-4.225352112676051,-0.019759149980462354,-18.44484629294755,-0.0027894020875787184,-4.021447721179627,-0.00801072374607914,-7.901234567901239,-0.022195732391784517,-14.680851063829781,-0.018967902706811035,-17.398945518453424,-0.04816340137862296,-27.61904761904762,0.017713828711614532,-19.213410702772403,-0.03471901268744215,-21.855828220858896,0.09531017980432477,22.222222222222232,-0.09937247381320358,-32.42074927953891,,,,,,,,,,,,,,,1.2246467991473532e-16,-1.0,0,0
1364-07,1364-07-01,1985-09-23,1364,7,,2.14,,27.9,,,,,,,,27.8,151.0,,,,,,326.5318181818181,326.0,98.6,3.65,49.7,,448.0,0.11,,46.9,76.9,36.6,29.7,44.4,39.9,37.9,37.7,127.5,,,,,,,,,,,,,,,,,,,,,,,,,,,,,0.0031802957387503383,-4.659591760380133,,,0.025409715525368526,0.3597122302158251,-0.015642777070453473,-18.081180811808128,0.022100347000665987,-0.5434782608695565,0.010666767804195398,-5.513784461152871,-0.005000010416705614,-13.636363636363647,-0.0021299262578247102,-15.647482014388492,-0.023295562603522058,-31.40877598152425,0.017405502696458797,-16.61216481360367,-0.03292067862008974,-18.646864686468657,0.0,9.999999999999986,-0.04580953603129423,-34.02061855670103,,,,,,,,,,,,,,,-0.4999999999999997,-0.8660254037844388,0,0
1364-08,1364-08-01,1985-10-23,1364,8,,2.14,,29.1,,,,,,,,28.6,149.0,,,,,,324.95,322.0,106.2,3.65,49.6,,455.0,0.12,,48.2,80.8,37.8,30.9,45.4,40.6,38.5,38.7,132.6,,,,,,,,,,,,,,,,,,,,,,,,,,,,,-0.004856071945932072,-4.952535432233363,,,0.04211148535012699,5.054151624548742,0.02227263560912318,-13.688212927756659,0.032260862218221664,2.9972752043596618,0.026179505581771068,-2.763819095477371,0.017391742711869274,-11.93058568329718,0.027341345604321,-11.559633027522931,0.039609138095045626,-26.428571428571434,0.039220713153280684,-13.049180327868859,0.07425284719924896,-9.540034071550263,0.08701137698962969,19.999999999999996,0.015504186535965303,-34.813753581661885,,,,,,,,,,,,,,,-0.8660254037844385,-0.5000000000000004,0,0
1364-09,1364-09-01,1985-11-22,1364,9,,2.23,,25.9,,,,,,,,26.5,146.5,,,,,,322.835,322.0,107.9,3.65,48.6,,470.0,0.12,,50.6,92.9,34.3,31.0,46.3,42.6,39.7,37.0,137.1,,,,,,,,,,,,,,,,,,,,,,,,,,,,,-0.0065299675521313105,-0.6472295089174573,,,-0.11649520547195502,-4.074074074074074,0.019629856044885763,-9.037328094302556,-0.09716374845364806,-4.456824512534818,-0.0449216873915117,-4.639175257731953,0.048086186667637865,-4.910714285714279,0.04859255523686512,-4.347826086956519,0.003231020581446753,-25.83732057416267,0.03337350881650636,-8.355614973262037,0.015880763456250335,-5.35087719298245,0.0,50.0,0.03243527575315408,-25.396825396825395,,,,,,,,,,,,,,,-1.0,-1.8369701987210297e-16,0,0
1364-10,1364-10-01,1985-12-22,1364,10,,2.18,,25.8,,,,,,,,24.7,145.5,,,,,,335.6105263157895,347.0,107.8,3.65,47.8,,457.0,0.11,,52.0,101.4,34.1,30.1,46.1,43.7,41.0,37.3,132.3,,,,,,,,,,,,,,,,,,,,,,,,,,,,,0.03880998297380689,10.248868548182056,,,-0.0038684767779200158,-4.444444444444439,-0.004329011089585499,-10.311284046692604,-0.0058479698824229764,-5.013927576601662,0.008075414005545234,-3.8659793814432963,0.025493848826219523,-2.0179372197309364,0.027292142288007692,-1.1406844106463865,-0.029462032730316334,-27.990430622009566,-0.03563851544735819,-11.327077747989268,-0.0009272137891915833,-9.411764705882353,-0.08701137698962969,37.5,-0.02804930380989923,-27.460317460317462,,,,,,,,,,,,,,,-0.8660254037844386,0.5000000000000001,0,0
1364-11,1364-11-01,1986-01-21,1364,11,,2.16,,17.6,,,,,,,,15.9,143.0,,,,,,344.947619047619,339.0,103.2,3.65,47.6,,394.0,0.12,,50.9,97.5,25.4,29.3,44.8,42.9,42.1,31.1,129.7,,,,,,,,,,,,,,,,,,,,,,,,,,,,,0.02744123689467859,14.044837683806133,,,-0.3824755898834655,-37.5886524822695,-0.028604810581663198,-13.178294573643424,-0.29454821026498035,-31.903485254691688,-0.1817855074645811,-21.662468513853906,-0.018476276167573413,-3.811659192825123,-0.021380795024950494,-2.8625954198473247,-0.026937655731808174,-29.567307692307697,-0.01984797979851205,-11.948404616429077,-0.04360880542743484,-13.856427378964941,0.08701137698962969,50.0,-0.14833248159627122,-40.662650602409634,,,,,,,,,,,,,,,-0.5000000000000004,0.8660254037844384,0,0
1364-12,1364-12-01,1986-02-20,1364,12,,2.19,,13.9,,,,,,,,12.7,148.0,,,,,,343.66190476190474,346.0,100.9,3.65,46.4,,369.0,0.15,,51.2,98.7,21.1,29.5,45.4,43.4,41.1,28.5,134.5,,,,,,,,,,,,,,,,,,,,,,,,,,,,,-0.0037342375767845937,16.897484490661995,,,-0.23601006190746032,-50.5338078291815,0.013303965626362935,-14.177693761814748,-0.18547613354246995,-43.1266846361186,-0.0873037319105836,-28.030303030303028,0.011587615172388155,-2.908277404921711,0.005876608488985191,-3.396226415094339,0.006802747322752545,-7.232704402515722,0.036340107719495585,-7.305306685044788,-0.022538925687898725,-16.05657237936772,0.2231435513142097,87.5,-0.06555426525740682,-44.677661169415295,,,,,,,,,,,,,,,-2.4492935982947064e-16,1.0,0,1
1365-01,1365-01-01,1986-03-21,1365,1,,2.06,,12.5,,,,,,,,11.9,149.0,,,,,,341.04,340.0,101.3,3.65,45.6,,349.0,0.18,,50.3,93.6,19.6,28.6,45.5,42.7,39.8,27.2,132.6,,,,,,,,,,,,,,,,,,,,,,,,,,,,,-0.007658566622972707,5.098614698286008,,,-0.10616019582839042,-55.19713261648745,0.0022002209096023684,-14.312617702448216,-0.07374347424554895,-46.88346883468834,-0.04668711397265346,-31.313131313131315,-0.016260520871780315,-5.3215077605321515,-0.017734454939768884,-5.451127819548884,-0.030983545519967404,-11.455108359133115,-0.014227121290131706,-7.724425887265129,0.003956483895073859,-15.653621981681932,0.18232155679395468,125.0,-0.055724721838100066,-49.63924963924964,,,,,,,,,,,,,,,0.49999999999999994,0.8660254037844387,1,1
1365-02,1365-02-01,1986-04-21,1365,2,,2.07,,14.2,,,,,,,,13.7,148.0,,,,,,341.99347826086955,342.0,105.6,3.65,43.9,,345.0,0.17,,48.9,89.0,21.3,27.9,43.9,41.7,40.4,28.0,119.4,,,,,,,,,,,,,,,,,,,,,,,,,,,,,0.0027918950111640584,7.15759932974136,,,0.12751332029895934,-46.81647940074907,-0.03579800587577919,-13.58267716535433,0.08317750647890776,-40.0,0.028987536873252395,-26.8929503916449,-0.023697791429822868,-5.65610859728507,-0.028227680624866913,-5.048543689320395,-0.02478002899848697,-22.284122562674092,-0.1048578767932602,-12.399119589141606,0.0415719600175235,-9.511568123393321,-0.057158413839948574,183.33333333333334,-0.01152750517106682,-47.08588957055214,,,,,,,,,,,,,,,0.8660254037844386,0.5000000000000001,0,0
1365-03,1365-03-01,1986-05-22,1365,3,,2.02,,11.9,,,,,,,,11.9,140.5,,,,,,339.1433333333333,343.0,103.5,3.65,42.6,,351.0,0.14,,46.6,80.3,18.6,27.4,42.6,40.3,39.0,25.8,105.8,,,,,,,,,,,,,,,,,,,,,,,,,,,,,-0.008368837254832506,7.380990074310745,,,-0.17670356448973124,-55.094339622641506,-0.030060066805800645,-13.414634146341465,-0.1355454919962238,-47.308781869688374,-0.08183001824763192,-31.746031746031743,-0.03414965985211893,-5.841121495327107,-0.04817685534922633,-7.171314741035861,-0.018083675433295365,-18.208955223880597,-0.12092868153430292,-21.103653989560033,-0.020086758566737473,-10.775862068965514,-0.19415601444095754,133.33333333333334,0.017241806434505236,-44.285714285714285,,,,,,,,,,,,,,,1.0,6.123233995736766e-17,0,0
1365-04,1365-04-01,1986-06-22,1365,4,,1.93,,9.5,,,,,,,,9.6,135.5,,,,,,343.0631818181818,348.0,83.0,3.65,42.0,,336.0,0.12,,45.4,81.4,16.0,26.1,40.7,39.2,38.7,23.7,101.8,,,,,,,,,,,,,,,,,,,,,,,,,,,,,0.011491803540812917,8.709147007095641,,,-0.2252466015109884,-64.28571428571428,-0.0456261608267754,-13.588110403397025,-0.15057285847937463,-54.80225988700565,-0.08489944378648628,-36.8,-0.027674722156220355,-6.220095693779893,-0.026088436084297673,-6.9672131147541005,-0.048607699065376764,-21.385542168674696,-0.038540415307776854,-20.839813374805594,-0.22073100490882513,-27.763272410791995,-0.15415067982725827,71.4285714285714,-0.04367506350266126,-40.845070422535215,,,,,,,,,,,,,,,0.8660254037844387,-0.4999999999999998,0,0
1365-05,1365-05-01,1986-07-23,1365,5,,2.0,,13.7,,,,,,,,13.7,135.5,,,,,,365.09478260869565,377.0,72.3,3.65,41.6,,271.0,0.12,,45.1,83.5,20.4,26.4,39.9,39.0,38.4,26.6,102.2,,,,,,,,,,,,,,,,,,,,,,,,,,,,,0.062242364497785196,11.984796959391876,,,0.36610403422758386,-49.63235294117647,-0.01985176855273174,-13.260869565217392,0.24294617861038947,-43.175487465181064,0.11543616764656806,-29.255319148936167,-0.005115100666770456,-4.878048780487809,-0.006629858538669708,-5.845511482254695,0.011428695823622714,-17.24137931034483,0.003921573653181909,-16.978066612510144,-0.13801647863187938,-31.469194312796212,0.0,19.999999999999996,-0.21499233908350313,-47.683397683397686,,,,,,,,,,,,,,,0.49999999999999994,-0.8660254037844387,0,0
1365-06,1365-06-01,1986-08-23,1365,6,,2.09,,14.2,,,,,,,,14.1,129.5,,,,,,405.126,418.0,65.7,3.65,41.7,,276.0,0.1,,46.3,93.3,21.0,25.4,39.7,40.1,38.7,27.3,103.6,,,,,,,,,,,,,,,,,,,,,,,,,,,,,0.1040411315807388,24.464584709442526,,,0.03584613177313578,-47.79411764705882,-0.005025136202672975,-11.97339246119734,0.028987536873252395,-41.340782122905026,0.02597548640326064,-26.809651474530828,0.027814688182877134,0.0,0.02625971458355547,-1.4893617021276673,-0.03861483612777983,-16.447368421052634,0.01360565205577835,-17.31843575418994,-0.09572520367415382,-35.52502453385672,-0.18232155679395445,-9.090909090909083,0.018282044837448552,-41.15138592750534,,,,,,,,,,,,,,,1.2246467991473532e-16,-1.0,0,0
1365-07,1365-07-01,1986-09-23,1365,7,,2.11,,13.8,,,,,,,,14.0,134.5,,,,,,429.3454545454546,424.0,65.3,3.65,41.1,,319.0,0.12,,46.3,86.2,20.5,25.3,40.7,39.9,39.6,26.9,104.7,,,,,,,,,,,,,,,,,,,,,,,,,,,,,0.05806372040196095,31.48655985077331,,,-0.028573372444055778,-50.53763440860215,0.024876904755404716,-8.333333333333325,-0.02409755157906046,-43.98907103825137,-0.014760415583121134,-28.647214854111414,-0.005000010416705614,0.0,0.0,-1.279317697228144,-0.003944778291016249,-14.814814814814813,0.010561788051108856,-17.88235294117647,-0.006106889208179922,-33.77281947261663,0.18232155679395445,9.090909090909083,0.14479023706769478,-28.79464285714286,,,,,,,,,,,,,,,-0.4999999999999997,-0.8660254037844388,0,0
1365-08,1365-08-01,1986-10-23,1365,8,,2.12,,14.6,,,,,,,,14.5,127.0,,,,,,403.5436363636363,398.0,72.4,3.65,41.6,,322.0,0.13,,46.3,81.4,21.4,25.1,41.2,39.7,40.9,27.4,105.1,,,,,,,,,,,,,,,,,,,,,,,,,,,,,-0.0619772237283307,24.18637832393795,,,0.056352936551131716,-49.828178694158076,0.012210163906931193,-9.251101321585898,0.042966035883443165,-43.386243386243386,0.018416726786231408,-29.198966408268745,-0.005025136202672975,-2.216748768472898,0.0,-3.9419087136929543,-0.007936549595735976,-18.770226537216818,0.0038131600064144067,-20.73906485671192,0.10321426310928583,-31.826741996233523,0.08004270767353638,8.333333333333348,0.009360442759564158,-29.230769230769226,,,,,,,,,,,,,,,-0.8660254037844385,-0.5000000000000004,0,0
1365-09,1365-09-01,1986-11-22,1365,9,,2.18,,15.9,,,,,,,,15.7,122.0,,,,,,388.255,391.0,69.6,3.65,41.5,,320.0,0.13,,45.9,74.9,22.7,25.1,40.5,39.5,44.0,28.3,107.3,,,,,,,,,,,,,,,,,,,,,,,,,,,,,-0.03862228626031783,20.264221661220127,,,0.08529758051189518,-38.61003861003861,-0.017136282242987466,-12.526997840172783,0.05897400245955131,-33.819241982507286,0.032318791255167234,-23.513513513513505,-0.005050515786068743,-7.276995305164324,-0.008676844025688801,-9.288537549407117,0.0,-19.032258064516128,0.020716371753747076,-21.73595915390226,-0.039441732051296974,-35.495829471733096,0.0,8.333333333333348,-0.006230549750636527,-31.914893617021278,,,,,,,,,,,,,,,-1.0,-1.8369701987210297e-16,0,0
1365-10,1365-10-01,1986-12-22,1365,10,,2.18,,18.4,,,,,,,,18.1,140.0,,,,,,402.3863157894737,408.0,67.9,2.59,35.7,,315.0,0.14,,47.0,70.0,24.8,25.2,42.5,40.3,46.3,29.9,109.1,,,,,,,,,,,,,,,,,,,,,,,,,,,,,0.03575027147396881,19.896810212338867,,,0.1460315553887539,-28.682170542635667,0.048202101817877985,-7.80911062906725,0.08847872868357953,-27.27272727272727,0.05499667574744871,-19.839142091152816,0.02005079704556101,-7.780320366132731,0.023682484643559043,-9.615384615384615,0.003976148379639,-16.279069767441868,0.016636243202372114,-17.535903250188976,-0.024728532775723622,-37.01298701298701,0.07410797215372189,27.272727272727295,-0.01574835696813892,-31.07221006564551,,,,,,,,,,,,,,,-0.8660254037844386,0.5000000000000001,0,0
1365-11,1365-11-01,1987-01-21,1365,11,,2.28,,17.3,,,,,,,,17.3,161.0,,,,,,402.2240909090909,401.0,66.1,2.59,35.6,,307.0,0.16,,47.2,68.5,23.6,26.4,43.1,41.0,46.2,29.3,112.1,,,,,,,,,,,,,,,,,,,,,,,,,,,,,-0.00040323834052014007,16.60439692832465,,,-0.061644163111206574,-1.7045454545454586,0.014018921179330679,-3.794642857142849,-0.049596941139371964,-7.086614173228334,-0.02027096437361875,-5.787781350482312,0.01722059775167084,-4.428904428904423,0.00424629088145112,-7.269155206286825,0.04652001563489305,-9.897610921501709,0.027126437239089363,-13.569776407093293,-0.026867287707009524,-35.94961240310079,0.13353139262452252,33.33333333333335,-0.025724891238436243,-22.08121827411168,,,,,,,,,,,,,,,-0.5000000000000004,0.8660254037844384,0,0
1365-12,1365-12-01,1987-02-20,1365,12,,2.33,,17.9,,,,,,,,17.8,165.0,,,,,,404.6947619047619,409.0,71.6,2.59,35.6,,305.0,0.17,,46.8,64.7,24.2,27.0,43.2,41.2,46.2,29.8,115.4,,,,,,,,,,,,,,,,,,,,,,,,,,,,,0.00612373526266019,17.75956435588688,,,0.03409421134297563,28.776978417266164,0.0023174981403628614,-4.8458149779735615,0.025105921131076236,14.69194312796207,0.016920877488336927,4.561403508771922,0.004866189651172803,-5.069124423963123,-0.008510689667908355,-8.59375000000001,0.022472855852058604,-8.47457627118644,0.029013023995885234,-14.200743494423785,0.07992632710895897,-29.038652130822605,0.06062462181643502,13.333333333333353,-0.006535970979784977,-17.344173441734423,,,,,,,,,,,,,,,-2.4492935982947064e-16,1.0,0,1
1366-01,1366-01-01,1987-03-21,1366,1,,2.4,,18.1,,,,,,,,17.9,157.5,,,,,,425.284,438.0,74.9,2.59,35.1,,333.0,0.15,,47.7,67.1,24.2,27.9,43.9,42.1,47.1,30.1,113.2,,,,,,,,,,,,,,,,,,,,,,,,,,,,,0.04962407240669986,24.702087731644372,,,0.011111225425071147,44.80000000000002,0.01607382483106079,-3.516483516483515,0.0,23.469387755102034,0.010016778243471247,10.661764705882359,0.021609484332854922,-1.4051522248243575,0.019048194970694432,-5.168986083498995,0.03278982282299081,-2.447552447552459,-0.019248188304916702,-14.630467571644035,0.0450588165565744,-26.06120434353405,-0.1251631429540061,-16.666666666666664,0.08783071337303205,-4.584527220630374,,,,,,,,,,,,,,,0.49999999999999994,0.8660254037844387,1,1
1366-02,1366-02-01,1987-04-21,1366,2,,2.4,,18.8,,,,,,,,18.4,151.5,,,,,,458.93391304347824,460.0,81.8,2.59,34.6,,351.0,0.15,,49.4,69.1,24.8,29.3,46.4,43.5,46.8,31.0,119.1,,,,,,,,,,,,,,,,,,,,,,,,,,,,,0.07614903834820907,34.193761640509294,,,0.037944931564123596,32.3943661971831,0.055385139151083784,5.6947608200455635,0.024491020008295727,16.4319248826291,0.029462032730316334,10.71428571428572,0.03271319740630263,4.316546762589923,0.03501902629958131,1.0224948875255713,0.04896082719570183,5.017921146953408,0.05080731059217136,-0.2512562814070418,0.08812335308552743,-22.537878787878785,0.0,-11.764705882352954,0.05264373348542151,1.7391304347825987,,,,,,,,,,,,,,,0.8660254037844386,0.5000000000000001,0,0
1366-03,1366-03-01,1987-05-22,1366,3,,2.32,,18.9,,,,,,,,18.7,149.0,,,,,,453.3566666666667,450.0,80.7,2.59,34.6,,351.0,0.14,,48.8,65.0,24.9,29.7,45.9,43.4,47.5,31.0,108.8,,,,,,,,,,,,,,,,,,,,,,,,,,,,,-0.012227060071295703,33.67700972057046,,,0.005305052229692908,58.823529411764696,-0.010834342165709998,7.746478873239426,0.00402415029972536,33.87096774193547,0.0,20.155038759689916,-0.0023014969882790837,7.692307692307687,-0.012220111334775297,4.721030042918439,0.01355952978563213,8.394160583941602,-0.09045214193941131,2.835538752362954,-0.013538668332798487,-22.02898550724638,-0.06899287148695143,0.0,0.0,0.0,,,,,,,,,,,,,,,1.0,6.123233995736766e-17,0,0
1366-04,1366-04-01,1987-06-22,1366,4,,2.33,,19.8,,,,,,,,19.6,159.5,,,,,,446.3143478260869,451.0,76.4,2.59,34.7,,318.0,0.13,,48.1,65.2,26.0,30.6,44.3,43.9,48.8,31.9,104.7,,,,,,,,,,,,,,,,,,,,,,,,,,,,,-0.015655639818011657,30.09683681609021,,,0.04652001563489305,108.42105263157897,-0.03548044001540962,8.84520884520883,0.043228734550820214,62.5,0.02861880530565264,34.59915611814346,0.01145487897476638,11.98979591836733,-0.014448135747386015,5.947136563876665,0.029852963149681333,17.24137931034482,-0.03841221654535154,2.8487229862475427,-0.054755879103428384,-7.951807228915653,-0.07410797215372189,8.333333333333348,-0.0987348406856885,-5.35714285714286,,,,,,,,,,,,,,,0.8660254037844387,-0.4999999999999998,0,0
1366-05,1366-05-01,1987-07-23,1366,5,,2.31,,19.0,,,,,,,,18.8,167.0,,,,,,460.27272727272725,461.0,71.7,2.59,34.4,,322.0,0.12,,48.4,64.6,25.1,30.6,43.4,44.8,52.4,31.6,106.9,,,,,,,,,,,,,,,,,,,,,,,,,,,,,0.030795679663892628,26.069379568768646,,,-0.04124295853404947,38.68613138686132,-0.020525235944730547,8.771929824561408,-0.03522869188374367,23.039215686274517,-0.00944888919793252,18.796992481203013,0.02029381933981389,14.871794871794863,0.006217636610870159,7.317073170731692,0.0,15.909090909090917,0.020794700154508128,4.5988258317025466,-0.06349194856689966,-0.8298755186721962,-0.08004270767353638,0.0,0.012500162764231604,18.819188191881906,,,,,,,,,,,,,,,0.49999999999999994,-0.8660254037844387,0,0
1366-06,1366-06-01,1987-08-23,1366,6,,2.51,,18.4,,,,,,,,18.3,167.5,,,,,,458.7231818181818,460.0,73.6,2.59,33.5,,330.0,0.13,,51.4,66.0,24.4,30.2,45.9,46.6,57.1,31.7,112.1,,,,,,,,,,,,,,,,,,,,,,,,,,,,,-0.003372260763486956,13.229756129742798,,,-0.0320883145515003,29.5774647887324,0.05600567596014017,15.61712846347605,-0.02828471383858222,16.190476190476176,0.003159560290368457,16.117216117216103,0.03939240171066061,16.209476309226932,0.06013835873853379,11.01511879049677,-0.013158084577511442,18.8976377952756,0.04749751204711483,8.204633204633204,0.026154278129255637,12.024353120243525,0.08004270767353638,30.000000000000004,0.02454110891611716,19.565217391304344,,,,,,,,,,,,,,,1.2246467991473532e-16,-1.0,0,0
1366-07,1366-07-01,1987-09-23,1366,7,,2.51,,18.8,,,,,,,,18.6,163.0,,,,,,461.5013636363637,465.0,78.9,2.59,33.6,,348.0,0.15,,51.9,67.2,24.9,31.0,46.8,48.1,56.6,32.5,113.9,,,,,,,,,,,,,,,,,,,,,,,,,,,,,0.006038070322176736,7.489518929448646,,,0.021506205220963803,36.23188405797102,0.019418085857101808,14.987714987714963,0.020284671171505675,21.46341463414634,0.024923408452456997,20.817843866171003,0.03168163598011553,20.551378446115297,0.009680617710723372,12.095032397408211,0.026145280104322488,22.529644268774707,0.01592954037502281,8.787010506208226,0.06953620211699807,20.826952526799403,0.14310084364067333,25.0,0.05310982531394881,9.090909090909083,,,,,,,,,,,,,,,-0.4999999999999997,-0.8660254037844388,0,0
1366-08,1366-08-01,1987-10-23,1366,8,,2.56,,17.8,,,,,,,,17.8,165.0,,,,,,466.5471428571428,468.0,81.7,2.59,34.5,,338.0,0.16,,53.8,68.7,24.0,31.0,48.9,49.2,57.9,32.3,115.0,,,,,,,,,,,,,,,,,,,,,,,,,,,,,0.010874062951075736,15.612563503970978,,,-0.05465841253786419,21.91780821917808,0.043894193557225236,18.689320388349493,-0.03681397312271617,12.149532710280386,-0.006172859107080875,17.88321167883211,0.022611446386546774,23.929471032745585,0.03595467699589561,16.1987041036717,0.0,23.50597609561753,0.009611257910113302,9.419600380589909,0.03487277401412836,12.845303867403302,0.06453852113757108,23.076923076923084,-0.029156584291455623,4.968944099378891,,,,,,,,,,,,,,,-0.8660254037844385,-0.5000000000000004,0,0
1366-09,1366-09-01,1987-11-22,1366,9,,2.51,,17.1,,,,,,,,16.6,174.0,,,,,,484.55047619047616,486.0,83.2,2.59,35.2,,393.0,0.18,,54.6,67.9,23.4,31.4,51.0,51.1,56.6,32.5,124.6,,,,,,,,,,,,,,,,,,,,,,,,,,,,,0.037862536246632494,24.802121335327598,,,-0.04011999378942521,7.547169811320753,0.04204823624349929,25.92592592592593,-0.025317807984289953,3.083700440528636,0.006172859107080875,14.840989399293282,0.037890873711396544,29.367088607594937,0.01476041558312069,18.954248366013072,0.012820688429061367,25.099601593625476,0.08017647799010241,16.123019571295426,0.018193345961205587,19.54022988505748,0.1177830356563836,38.46153846153846,0.1507637163862423,22.812499999999993,,,,,,,,,,,,,,,-1.0,-1.8369701987210297e-16,0,0
1366-10,1366-10-01,1987-12-22,1366,10,,2.49,,16.9,,,,,,,,16.5,189.0,,,,,,481.8375,477.0,85.9,2.36,37.3,,433.0,0.21,,55.6,69.0,23.4,32.1,53.4,52.1,54.3,32.9,128.6,,,,,,,,,,,,,,,,,,,,,,,,,,,,,-0.005614687650227879,19.745001530343952,,,-0.011764841579586793,-8.15217391304348,0.045985113241823417,25.6470588235294,0.0,-5.645161290322587,0.012232568435634139,10.033444816053505,0.019380451549662503,29.280397022332515,0.018149318505677137,18.297872340425524,0.022048137221762687,27.380952380952394,0.031598205450166006,17.873510540788274,0.03193648116304715,26.509572901325473,0.15415067982725827,49.99999999999998,0.09692811613322849,37.46031746031746,,,,,,,,,,,,,,,-0.8660254037844386,0.5000000000000001,0,0
1366-11,1366-11-01,1988-01-21,1366,11,,2.61,,15.8,,,,,,,,15.9,194.5,,,,,,452.1495454545455,442.0,88.0,2.36,35.8,,406.0,0.19,,53.8,69.1,22.0,32.8,52.3,51.0,49.6,31.6,131.5,,,,,,,,,,,,,,,,,,,,,,,,,,,,,-0.06359394238964544,12.412348159608012,,,-0.06730368189610658,-8.670520231213874,-0.020814374895271825,21.34570765661252,-0.06169356900533973,-6.779661016949157,-0.04031553717845959,7.849829351535842,-0.021339316034995726,24.390243902439025,-0.032909734088797826,13.983050847457612,0.02157248525412747,24.242424242424242,0.02230003981430073,17.30597680642285,0.024152985487996936,33.131618759455385,-0.10008345855698253,18.75,-0.06438456840075713,32.24755700325732,,,,,,,,,,,,,,,-0.5000000000000004,0.8660254037844384,0,0
1366-12,1366-12-01,1988-02-20,1366,12,,2.59,,14.8,,,,,,,,14.8,189.0,,,,,,437.4595000000001,444.0,90.2,2.36,34.1,,396.0,0.19,,53.5,66.6,20.9,33.9,52.4,53.3,49.6,31.6,124.9,,,,,,,,,,,,,,,,,,,,,,,,,,,,,-0.033028847803964645,8.09616065723846,,,-0.06538275926285175,-17.31843575418993,0.0019102202561191994,21.29629629629628,-0.051293294387551036,-13.636363636363635,0.0,6.040268456375841,0.04411069844747306,29.368932038834927,-0.005591813265777734,14.316239316239333,0.03298649899630668,25.555555555555554,-0.051493434486287626,8.23223570190641,0.024692612590371255,25.977653631284923,0.0,11.764705882352944,-0.024938948347251966,29.836065573770497,,,,,,,,,,,,,,,-2.4492935982947064e-16,1.0,0,1
1367-01,1367-01-01,1988-03-21,1367,1,,2.49,,16.6,,,,,,,,16.5,194.5,,,,,,452.4836363636363,452.0,89.5,2.36,32.8,,409.0,0.19,,54.2,65.8,22.7,32.8,53.1,53.9,50.9,33.0,126.8,,,,,,,,,,,,,,,,,,,,,,,,,,,,,0.03376746966969879,6.395640645694711,,,0.11477551459242852,-8.287292817679559,0.013270336920896852,20.956719817767656,0.082615765516592,-6.198347107438018,0.04335044087361384,9.634551495016597,0.011194146743152444,28.02850356294535,0.012999254543639704,13.626834381551367,-0.03298649899630668,17.562724014336915,0.015097624871593496,12.014134275618371,-0.0077908017877685865,19.492656875834435,0.0,26.666666666666682,0.03230094478832157,22.82282282282282,,,,,,,,,,,,,,,0.49999999999999994,0.8660254037844387,1,1
1367-02,1367-02-01,1988-04-21,1367,2,,2.43,,16.4,,,,,,,,16.2,175.5,,,,,,449.6595454545455,451.0,89.3,2.36,31.9,,437.0,0.2,,55.3,67.4,22.4,34.7,54.4,56.7,51.5,33.7,129.0,,,,,,,,,,,,,,,,,,,,,,,,,,,,,-0.0062608689862271305,-2.020850350201542,,,-0.012121360532344916,-12.765957446808518,0.024187225614003438,17.24137931034482,-0.013303965626362935,-9.677419354838722,0.020990275891835886,8.709677419354843,0.05064373281875545,30.34482758620691,0.02009200008268852,11.943319838056677,0.05631117156271559,18.430034129692842,0.017201362358546746,8.312342569269537,-0.0022371373983558485,9.168704156479212,0.05129329438755059,33.33333333333335,0.06621803905278778,24.501424501424495,,,,,,,,,,,,,,,0.8660254037844386,0.5000000000000001,0,0
1367-03,1367-03-01,1988-05-22,1367,3,,2.42,,15.6,,,,,,,,15.3,166.5,,,,,,455.0518181818181,451.0,120.3,2.36,32.1,,544.0,0.23,,60.8,67.2,21.7,34.9,63.2,62.6,51.6,35.2,149.9,,,,,,,,,,,,,,,,,,,,,,,,,,,,,0.01192056781273454,0.37391123585213126,,,-0.05001042057466165,-17.460317460317455,0.14994014729091498,37.69063180827887,-0.03174869831458027,-12.851405622489953,0.043548245245735195,13.548387096774196,0.09899106737234575,44.23963133640554,0.0948168804438323,24.590163934426236,0.005747142255568161,17.508417508417516,0.15015600074687985,37.775735294117666,0.29798713509817976,49.0706319702602,0.1397619423751586,64.28571428571428,0.21901605176035233,54.98575498575497,,,,,,,,,,,,,,,1.0,6.123233995736766e-17,0,0
1367-04,1367-04-01,1988-06-22,1367,4,,2.44,,14.9,,,,,,,,14.5,177.0,,,,,,439.9113043478261,438.0,125.5,2.36,32.4,,600.0,0.31,,60.5,65.5,21.0,34.9,64.0,57.9,49.3,33.2,149.6,,,,,,,,,,,,,,,,,,,,,,,,,,,,,-0.03383817301585257,-1.434648809622363,,,-0.0459097013040779,-24.74747474747475,0.012578782206859707,44.46952595936795,-0.03278982282299081,-19.23076923076923,-0.058496206681608154,4.0752351097178785,-0.07804789352710273,31.890660592255117,-0.004946423935325406,25.779625779625782,0.0,14.052287581699341,-0.002003339568174667,42.8844317096466,0.042317135591205535,64.26701570680626,0.2984929885559966,138.46153846153845,0.09798040836020405,88.67924528301887,,,,,,,,,,,,,,,0.8660254037844387,-0.4999999999999998,0,0
1367-05,1367-05-01,1988-07-23,1367,5,,2.51,,15.0,,,,,,,,14.6,176.5,,,,,,431.2890476190476,431.0,119.9,2.36,33.2,,534.0,0.25,,57.2,61.0,21.1,38.4,60.5,56.3,47.3,32.8,149.9,,,,,,,,,,,,,,,,,,,,,,,,,,,,,-0.019794616114263697,-6.297066486084857,,,0.006688988150796771,-21.052631578947366,-0.056239718322875554,39.400921658986185,0.004750602758597733,-15.936254980079678,-0.01212136053234536,3.7974683544303556,-0.02802284943330502,25.66964285714286,-0.056089466651044084,18.181818181818187,0.09557063038529945,25.49019607843137,0.002003339568174667,40.224508886810106,-0.04564769653837075,67.22454672245468,-0.2151113796169455,108.33333333333334,-0.11653381625595127,65.83850931677017,,,,,,,,,,,,,,,0.49999999999999994,-0.8660254037844387,0,0
1367-06,1367-06-01,1988-08-23,1367,6,,2.51,,13.3,,,,,,,,13.1,173.5,,,,,,422.17,413.0,121.4,2.36,32.1,,478.0,0.22,,57.8,60.1,19.3,38.2,61.8,55.6,46.9,31.3,159.5,,,,,,,,,,,,,,,,,,,,,,,,,,,,,-0.021370432931980154,-7.96846186698057,,,-0.1202861658745018,-27.717391304347817,0.02125999942684942,34.640522875816984,-0.08916794457118105,-20.90163934426229,-0.046810417843990315,-1.2618296529968376,-0.0125113338891083,19.313304721030033,0.01043487729257997,12.45136186770428,-0.005221943981151611,26.490066225165563,0.06207551711634718,42.28367528991972,0.01243281659192963,64.94565217391306,-0.12783337150988494,69.23076923076923,-0.11078510646873863,44.84848484848485,,,,,,,,,,,,,,,1.2246467991473532e-16,-1.0,0,0
1367-07,1367-07-01,1988-09-23,1367,7,,2.57,,12.5,,,,,,,,12.2,174.5,,,,,,403.0395238095238,407.0,121.4,2.36,33.9,,449.0,0.23,,57.5,60.9,18.6,38.4,60.5,56.0,48.5,31.0,162.0,,,,,,,,,,,,,,,,,,,,,,,,,,,,,-0.04637344541142152,-12.66775018088666,,,-0.06203539091945265,-33.51063829787234,-0.02125999942684942,29.27350427350428,-0.03694351519168393,-25.3012048192771,-0.00963089306096121,-4.61538461538461,0.00716848947861326,16.42411642411643,-0.005203827875027045,10.789980732177273,0.005221943981151611,23.870967741935488,0.015552413007484667,42.230026338893765,0.0,53.86565272496831,0.04445176257083383,53.33333333333334,-0.06258784474920187,29.022988505747115,,,,,,,,,,,,,,,-0.4999999999999997,-0.8660254037844388,0,0
1367-08,1367-08-01,1988-10-23,1367,8,,2.57,,13.0,,,,,,,,12.5,173.0,,,,,,416.7033333333334,420.0,114.4,2.36,34.9,,431.0,0.24,,57.4,63.0,19.3,38.4,59.5,57.1,49.4,31.8,163.9,,,,,,,,,,,,,,,,,,,,,,,,,,,,,0.0333399066496769,-10.683552624192494,,,0.03922071315328113,-26.96629213483146,-0.01666705248521172,21.676891615541916,0.03694351519168393,-19.58333333333333,0.02547908530098475,-1.5479876160990558,0.019452425926814954,16.056910569105696,-0.0017406444777838814,6.691449814126393,0.0,23.870967741935488,0.011660150517400325,42.521739130434774,-0.059389799679700594,40.02447980416157,0.042559614418795855,50.0,-0.04091479763850714,27.51479289940828,,,,,,,,,,,,,,,-0.8660254037844385,-0.5000000000000004,0,0
1367-09,1367-09-01,1988-11-22,1367,9,,2.57,,15.2,,,,,,,,14.7,178.5,,,,,,420.5272727272728,419.0,116.9,2.36,36.4,,444.0,0.25,,58.2,66.5,21.8,37.0,60.0,58.8,49.8,34.0,166.8,,,,,,,,,,,,,,,,,,,,,,,,,,,,,0.00913479740656431,-13.212906933154244,,,0.15634607039069381,-11.111111111111127,0.008368249670516192,17.647058823529417,0.12180487388420369,-6.837606837606824,0.06689423483003054,4.615384615384621,0.029337738242616318,15.068493150684926,0.013841051411871419,6.593406593406592,-0.03713954694945665,17.834394904458595,0.017539004174862427,33.86837881219906,0.021617789532325737,40.504807692307686,0.040821994520255256,38.888888888888886,0.029716472328477295,12.977099236641232,,,,,,,,,,,,,,,-1.0,-1.8369701987210297e-16,0,0
1367-10,1367-10-01,1988-12-22,1367,10,,2.44,,17.0,,,,,,,,16.5,181.0,,,,,,407.2825,404.0,118.2,2.09,33.8,,423.0,0.21,,57.6,67.2,23.5,37.0,58.7,58.1,50.1,34.9,173.8,,,,,,,,,,,,,,,,,,,,,,,,,,,,,-0.03200228730454224,-15.473058863205946,,,0.11191791620398561,0.591715976331364,-0.02190483538804955,9.925093632958815,0.07509045135507009,0.42735042735042583,0.026126304592219984,6.07902735562309,-0.011976191046715101,11.516314779270642,-0.010362787035546717,3.597122302158273,0.0,15.264797507788153,0.041109722906645274,35.14774494556767,0.011059236493975,37.60186263096623,-0.17435338714477777,0.0,-0.04845238338594715,-2.3094688221709014,,,,,,,,,,,,,,,-0.8660254037844386,0.5000000000000001,0,0
1367-11,1367-11-01,1989-01-21,1367,11,,2.49,,16.7,,,,,,,,16.4,178.5,,,,,,392.083,388.0,117.4,2.09,32.9,,412.0,0.23,,57.5,65.0,23.0,37.6,58.8,57.0,50.6,34.2,172.0,,,,,,,,,,,,,,,,,,,,,,,,,,,,,-0.03803349578677295,-13.284663461103474,,,-0.017804624633506627,5.696202531645556,0.0017021280705300512,12.4282982791587,-0.021506205220963803,4.545454545454541,-0.02026118513982178,8.227848101265822,-0.01911439602331555,11.764705882352944,-0.0017376198985408209,6.877323420074366,0.016086137751624374,14.634146341463428,-0.010410736017838929,30.798479087452478,-0.006791197578001729,33.40909090909092,0.09097177820572666,21.052631578947366,-0.026348829696750897,1.4778325123152802,,,,,,,,,,,,,,,-0.5000000000000004,0.8660254037844384,0,0
1367-12,1367-12-01,1989-02-20,1367,12,,2.44,,18.7,,,,,,,,18.0,176.5,,,,,,389.1942857142857,390.0,118.4,2.09,30.3,,437.0,0.25,,59.1,64.3,24.9,37.2,61.4,57.7,50.8,35.7,178.2,,,,,,,,,,,,,,,,,,,,,,,,,,,,,-0.007394883999492841,-11.033070326673533,,,0.1131148044378314,26.351351351351337,0.043267980248515414,17.17557251908397,0.07937358754151225,19.138755980861255,0.04292504471703351,12.9746835443038,0.012205905679503637,8.25515947467168,0.027445976608747813,10.46728971962616,-0.010695289116747553,9.734513274336297,0.03541203822325656,42.674139311449146,0.008481815055908726,31.263858093126395,0.08338160893905111,31.578947368421062,0.05890984574606328,10.35353535353536,,,,,,,,,,,,,,,-2.4492935982947064e-16,1.0,0,1
1368-01,1368-01-01,1989-03-21,1368,1,,2.45,,19.8,,,,,,,,19.2,167.5,,,,,,385.6013636363636,384.0,115.7,2.09,30.7,,440.0,0.27,,59.1,63.7,26.1,36.1,61.2,57.2,51.6,36.4,174.5,,,,,,,,,,,,,,,,,,,,,,,,,,,,,-0.009274568940725203,-14.781147284080587,,,0.057158413839948796,19.277108433734934,-0.0032626456348161526,15.254237288135597,0.047067510857985884,14.977973568281943,0.019418085857101808,10.303030303030303,-0.008703275128302046,6.1224489795918435,0.0,9.040590405904059,-0.030015895940266102,10.060975609756117,-0.020981773394227687,37.61829652996846,-0.023068088250274066,29.27374301675978,0.07696104113612834,42.10526315789473,0.0068415318167165395,7.579462102689494,,,,,,,,,,,,,,,0.49999999999999994,0.8660254037844387,1,1
1368-02,1368-02-01,1989-04-21,1368,2,,2.43,,18.4,,,,,,,,18.0,152.5,,,,,,377.2085714285714,371.0,117.6,2.09,32.3,,460.0,0.26,,59.3,62.6,24.8,35.6,61.4,57.1,52.4,35.4,176.4,,,,,,,,,,,,,,,,,,,,,,,,,,,,,-0.022005824800652718,-16.112406543652014,,,-0.07333127308554976,12.195121951219523,0.0032626456348161526,12.867647058823529,-0.05109166115771124,10.71428571428572,-0.027856954502966325,5.044510385756662,-0.0017497817237872582,0.7054673721340388,0.0033783815916272886,7.233273056057876,-0.013947227480850088,2.5936599423631135,0.010829401930209315,36.74418604651164,0.01628840126489539,31.690929451287797,-0.03774032798284699,30.000000000000004,0.0444517625708345,5.263157894736836,,,,,,,,,,,,,,,0.8660254037844386,0.5000000000000001,0,0
1368-03,1368-03-01,1989-05-22,1368,3,,2.44,,17.5,,,,,,,,17.6,142.5,,,,,,364.9904347826087,368.0,113.0,2.09,32.8,,464.0,0.28,,59.4,58.5,23.9,35.1,60.0,55.3,58.4,34.3,168.7,,,,,,,,,,,,,,,,,,,,,,,,,,,,,-0.032927127166781034,-19.791456665101148,,,-0.050149783685471405,12.17948717948718,-0.023065272930995917,-5.063291139240511,-0.03696519423347144,10.138248847926267,-0.031566465967834745,-2.556818181818199,-0.03203120813367555,-11.661341853035145,0.0016849203649194067,-2.3026315789473673,-0.014144507386165017,0.5730659025787954,-0.04463215402076859,12.541694462975306,-0.0399012167521855,-6.068162926018283,0.07410797215372189,21.739130434782616,0.008658062743114314,-14.70588235294118,,,,,,,,,,,,,,,1.0,6.123233995736766e-17,0,0
1368-04,1368-04-01,1989-06-22,1368,4,,2.49,,17.8,,,,,,,,17.7,137.5,,,,,,375.2536363636364,375.0,108.7,2.09,32.1,,447.0,0.31,,58.2,50.8,24.1,35.1,59.2,53.9,59.5,33.9,166.8,,,,,,,,,,,,,,,,,,,,,,,,,,,,,0.02773101381191445,-14.697887357099281,,,0.01699757636857102,19.463087248322154,-0.013423020332139934,-7.499999999999996,0.008333381559144204,14.761904761904777,-0.01173033978548954,2.108433734939741,-0.02564243061333782,-6.908462867012089,-0.02040887163120697,-3.8016528925619797,0.0,0.5730659025787954,-0.011326499627275943,11.497326203208559,-0.03879602458517706,-13.386454183266927,0.10178269430994225,0.0,-0.03732595761268609,-25.5,,,,,,,,,,,,,,,0.8660254037844387,-0.4999999999999998,0,0
1368-05,1368-05-01,1989-07-23,1368,5,,2.55,,17.1,,,,,,,,16.9,144.0,,,,,,368.135,365.0,100.9,2.09,31.3,,404.0,0.31,,56.0,47.7,23.3,30.5,56.4,52.9,59.1,33.1,164.2,,,,,,,,,,,,,,,,,,,,,,,,,,,,,-0.019152442253170143,-14.643090977545715,,,-0.04011999378942521,14.000000000000012,-0.04845238338594715,-6.776859504132238,-0.03375847992495462,10.426540284360186,-0.023881732003387057,0.9146341463414753,-0.018727139050697783,-6.039076376554176,-0.038533664002242674,-2.0979020979021046,-0.140474446858454,-20.572916666666664,-0.015710292906318202,9.539693128752491,-0.07446186676760025,-15.846538782318598,0.0,24.0,-0.10114371665241872,-24.34456928838952,,,,,,,,,,,,,,,0.49999999999999994,-0.8660254037844387,0,0
1368-06,1368-06-01,1989-08-23,1368,6,,2.65,,17.8,,,,,,,,17.7,156.0,,,,,,360.2565217391304,362.0,103.4,2.09,30.7,,410.0,0.31,,56.2,48.3,24.0,30.5,56.9,52.7,58.7,33.5,163.5,,,,,,,,,,,,,,,,,,,,,,,,,,,,,-0.02163338063679454,-14.665532430269712,,,0.04011999378942521,33.83458646616542,0.008826182628271617,-7.9288025889967635,0.02960046977629105,24.352331606217614,0.012012156448003353,7.028753993610226,-0.003787883316936913,-5.215827338129497,0.0035650661644961446,-2.768166089965385,0.0,-20.157068062827232,-0.00427220668102013,2.507836990595602,0.024475034714765087,-14.82701812191104,0.0,40.90909090909092,0.014742281737203378,-14.225941422594147,,,,,,,,,,,,,,,1.2246467991473532e-16,-1.0,0,0
1368-07,1368-07-01,1989-09-23,1368,7,,2.74,,19.0,,,,,,,,18.4,148.0,,,,,,365.098,367.0,107.3,2.09,31.6,,419.0,0.32,,56.2,44.3,25.4,28.7,57.4,52.9,59.5,34.5,164.6,,,,,,,,,,,,,,,,,,,,,,,,,,,,,0.013349472609329283,-9.41384692272883,,,0.06524052186840068,52.0,0.008748962193235954,-5.123966942148761,0.05669534367654494,36.559139784946225,0.02941388520629351,11.290322580645151,0.003787883316936913,-5.535714285714288,0.0,-2.2608695652173827,-0.060829560847790454,-25.260416666666664,0.006705297905661212,1.6049382716049276,0.03702368756232399,-11.614497528830315,0.03174869831458027,39.13043478260869,0.021713760223783574,-6.681514476614703,,,,,,,,,,,,,,,-0.4999999999999997,-0.8660254037844388,0,0
1368-08,1368-08-01,1989-10-23,1368,8,,2.84,,19.2,,,,,,,,18.4,142.0,,,,,,382.8263636363636,394.0,108.5,2.09,35.2,,433.0,0.33,,55.6,43.1,25.9,30.4,56.9,51.6,58.8,34.4,163.5,,,,,,,,,,,,,,,,,,,,,,,,,,,,,0.04741571703540881,-8.129757308629582,,,0.01047129986729578,47.69230769230768,-0.008748962193235954,-4.3697478991596705,0.01949379468100121,34.19689119170983,-0.0029027596579616066,8.176100628930815,-0.024881666376736167,-9.632224168126092,-0.010733555643109405,-3.1358885017421567,0.05754548564660045,-20.833333333333336,-0.006705297905661212,-0.24405125076266687,0.011121523343861739,-5.157342657342667,0.030771658666753687,37.50000000000002,0.03286680808035225,0.46403712296982924,,,,,,,,,,,,,,,-0.8660254037844385,-0.5000000000000004,0,0
1368-09,1368-09-01,1989-11-22,1368,9,,2.88,,19.9,,,,,,,,19.4,137.5,,,,,,411.1818181818182,409.0,109.2,2.09,39.4,,429.0,0.3,,55.1,42.6,27.1,32.1,56.0,50.5,59.3,34.8,164.6,,,,,,,,,,,,,,,,,,,,,,,,,,,,,0.07145396894872302,-2.2223183016991888,,,0.035809452696710764,30.921052631578938,-0.0159436503971353,-6.666666666666665,0.04529075918016323,24.311926605504585,0.01156082240107592,2.35294117647058,-0.021548336206203,-14.1156462585034,-0.009033485097667437,-5.32646048109966,0.054413421723794375,-13.243243243243242,0.006705297905661212,-1.3189448441247142,0.0064308903302903175,-6.586826347305397,-0.09531017980432499,19.999999999999996,-0.009280809074472707,-3.378378378378377,,,,,,,,,,,,,,,-1.0,-1.8369701987210297e-16,0,0
1368-10,1368-10-01,1989-12-22,1368,10,,2.78,,21.0,,,,,,,,20.4,138.5,,,,,,407.2565,410.0,105.6,2.82,44.9,,417.0,0.31,,55.6,44.4,28.9,32.1,56.6,50.2,58.9,35.9,167.9,,,,,,,,,,,,,,,,,,,,,,,,,,,,,-0.009592288612595645,-0.006383775389318114,,,0.05380270599297621,23.529411764705888,0.010657294473987555,-3.5775127768313486,0.0643078672327313,22.97872340425531,0.031119908713804545,2.865329512893977,-0.005958309583630861,-13.597246127366603,0.009033485097667437,-3.472222222222221,0.0,-13.243243243243242,0.019850275840526344,-3.3947065592635273,-0.033522692038643775,-10.65989847715737,0.03278982282299103,47.61904761904763,-0.028370697129215472,-1.4184397163120588,,,,,,,,,,,,,,,-0.8660254037844386,0.5000000000000001,0,0
1368-11,1368-11-01,1990-01-21,1368,11,,2.46,,19.9,,,,,,,,19.6,139.8,,,,,,417.2795238095238,417.0,106.1,2.82,38.9,,428.0,0.32,,55.8,46.6,27.1,32.5,56.1,50.2,59.9,34.7,160.9,,,,,,,,,,,,,,,,,,,,,,,,,,,,,0.024313110053375553,6.426323969548231,,,-0.05380270599297621,19.16167664670658,-0.008873172680486263,-4.5918367346938656,-0.0643078672327313,17.82608695652175,-0.033997608541419755,1.4619883040935644,0.0,-11.929824561403501,0.0035906681307285027,-2.9565217391304355,0.01238405919972152,-13.563829787234049,-0.042585510085157985,-6.45348837209302,0.004723674347776097,-9.62521294718911,0.03174869831458027,39.13043478260869,0.026036973782995076,3.8834951456310662,,,,,,,,,,,,,,,-0.5000000000000004,0.8660254037844384,0,0
1368-12,1368-12-01,1990-02-20,1368,12,,2.48,,18.5,,,,,,,,18.2,146.0,,,,,,404.8928571428572,393.0,109.7,2.82,34.7,,442.0,0.34,,56.2,52.3,25.1,33.1,55.9,51.8,59.2,33.9,156.5,,,,,,,,,,,,,,,,,,,,,,,,,,,,,-0.03013383627785693,4.033607893229996,,,-0.07294899964616786,-1.0695187165775333,-0.0035714323675977155,-8.957654723127039,-0.07666588174791666,0.8032128514056325,-0.02332467256640891,-5.042016806722705,0.03137512256775388,-10.225303292894294,0.007142887512380902,-4.906937394247035,0.018293193047325573,-11.021505376344088,-0.027727044018130087,-12.177328843995506,0.033367321661248006,-7.347972972972972,0.06062462181643502,36.00000000000001,0.032186686495901284,1.1441647597254079,,,,,,,,,,,,,,,-2.4492935982947064e-16,1.0,0,1
1369-01,1369-01-01,1990-03-21,1369,1,,2.47,,16.8,,,,,,,,16.6,155.2,,,,,,376.5334782608696,374.0,118.8,2.82,34.0,,440.0,0.34,,56.6,52.8,23.2,33.7,56.4,51.9,58.9,32.7,159.5,,,,,,,,,,,,,,,,,,,,,,,,,,,,,-0.07261551887198348,-2.3516217084868507,,,-0.09639184567506565,-15.151515151515149,0.008904778342960107,-7.843137254901967,-0.07871556746547403,-11.111111111111116,-0.03603993648319648,-10.16483516483515,0.0019286409064056542,-9.26573426573427,0.007092228309491411,-4.23011844331641,0.017964554975298697,-6.648199445983371,0.01898791224469143,-8.595988538681954,0.07969203964735971,2.6793431287813307,0.0,25.92592592592593,-0.00453515516539138,0.0,,,,,,,,,,,,,,,0.49999999999999994,0.8660254037844387,1,1
1369-02,1369-02-01,1990-04-21,1369,2,,2.48,,16.7,,,,,,,,16.6,149.1,,,,,,371.29523809523806,369.0,121.0,2.82,33.7,,449.0,0.32,,56.0,53.7,23.3,33.2,56.1,51.7,57.2,32.7,149.2,,,,,,,,,,,,,,,,,,,,,,,,,,,,,-0.014009426821845139,-1.5676561407229617,,,-0.0059701669865037665,-9.239130434782606,-0.005333345975362391,-8.631921824104227,0.004301081899390269,-6.048387096774189,0.0,-7.627118644067787,-0.0038610086574593083,-9.45709281961471,-0.010657294473987555,-5.564924114671155,-0.014947961435872958,-6.741573033707859,-0.06675623445523815,-15.419501133786861,0.018349138668196652,2.8911564625850428,-0.06062462181643502,23.076923076923084,0.02024816082994807,-2.3913043478260843,,,,,,,,,,,,,,,0.8660254037844386,0.5000000000000001,0,0
1369-03,1369-03-01,1990-05-22,1369,3,,2.5,,15.7,,,,,,,,15.3,152.8,,,,,,358.01956521739135,352.0,120.9,2.82,33.7,,435.0,0.29,,54.9,49.9,22.2,33.4,54.5,50.8,58.3,31.6,135.6,,,,,,,,,,,,,,,,,,,,,,,,,,,,,-0.03640989979597542,-1.9098773285303405,,,-0.0617480070684473,-10.285714285714286,-0.02893511085945244,-9.166666666666668,-0.048361071693420854,-7.1129707112970735,-0.03421795731034161,-7.871720116618064,-0.017561426929947554,-8.137432188065096,-0.019838342219665073,-7.57575757575758,0.006006024060211335,-4.843304843304852,-0.095578312263366,-19.620628334321278,-0.0008267879759946695,6.991150442477889,-0.09844007281325262,3.5714285714285587,-0.03167685665357034,-6.25,,,,,,,,,,,,,,,1.0,6.123233995736766e-17,0,0
1369-04,1369-04-01,1990-06-22,1369,4,,2.56,,17.6,,,,,,,,17.2,160.7,,,,,,357.6452380952381,363.0,114.9,2.82,33.0,,437.0,0.26,,54.9,50.0,24.1,33.5,54.4,51.1,58.4,33.0,124.9,,,,,,,,,,,,,,,,,,,,,,,,,,,,,-0.0010460963136837975,-4.692399103452005,,,0.11423818968984412,-1.1235955056179692,-0.0018365478073016916,-8.108108108108114,0.08211955161837547,0.0,0.04335044087361384,-2.654867256637161,0.005888142625222859,-5.194805194805186,0.0,-5.670103092783507,0.00298953884836628,-4.558404558404561,-0.08219595837476312,-25.119904076738607,-0.05090157276603691,5.703771849126027,-0.10919929196499178,-16.129032258064512,0.004587164006905731,-2.2371364653243853,,,,,,,,,,,,,,,0.8660254037844387,-0.4999999999999998,0,0
1369-05,1369-05-01,1990-07-23,1369,5,,2.65,,27.1,,,,,,,,26.4,160.5,,,,,,387.3721739130434,395.0,110.1,2.82,32.4,,460.0,0.24,,54.4,51.0,34.1,34.8,53.8,52.2,57.5,40.1,116.8,,,,,,,,,,,,,,,,,,,,,,,,,,,,,0.07984438056138199,5.225575919986802,,,0.4316348258415488,58.47953216374269,-0.011090686694158247,-4.6099290780141855,0.3470855437928617,46.351931330472105,0.1948687728460432,21.148036253776436,0.021297997678934255,-1.3232514177693666,-0.009149194653587767,-2.857142857142858,0.038071947949407825,14.098360655737686,-0.06705034673740506,-28.86723507917174,-0.0426731411260759,9.117938553022785,-0.0800427076735366,-22.580645161290324,0.051293294387551036,13.861386138613852,,,,,,,,,,,,,,,0.49999999999999994,-0.8660254037844387,0,0
1369-06,1369-06-01,1990-08-23,1369,6,,2.7,,34.1,,,,,,,,32.7,165.9,,,,,,388.7931818181818,389.0,101.5,2.82,33.4,,461.0,0.24,,54.4,52.8,41.7,31.9,53.5,53.2,57.4,45.5,114.3,,,,,,,,,,,,,,,,,,,,,,,,,,,,,0.003661615356358894,7.9212056845747725,,,0.2297636564038159,91.57303370786516,-0.005591813265777734,-5.975395430579966,0.201203744515285,73.75,0.12633599164438136,35.82089552238805,0.018975901459005406,0.9487666034155628,0.0,-3.20284697508898,-0.08701137698962969,4.590163934426217,-0.021636499593361336,-30.091743119266056,-0.08133024524679211,-1.837524177949712,0.0,-22.580645161290324,0.002171553513507618,12.439024390243913,,,,,,,,,,,,,,,1.2246467991473532e-16,-1.0,0,0
1369-07,1369-07-01,1990-09-23,1369,7,,2.59,,36.1,,,,,,,,34.5,165.7,,,,,,388.1919047619048,381.0,100.3,2.82,36.4,,468.0,0.22,,54.4,51.7,44.1,38.7,53.4,52.2,58.0,46.8,114.6,,,,,,,,,,,,,,,,,,,,,,,,,,,,,-0.0015477187057735264,6.325398868770793,,,0.05699548104936403,90.00000000000001,-0.0018709079358116831,-6.968641114982576,0.05595865364804409,73.62204724409452,0.0281708769666964,35.65217391304347,-0.018975901459005406,-1.3232514177693666,0.0,-3.20284697508898,0.19323359024493714,34.84320557491289,0.0026212334798740855,-30.376670716889432,-0.011893103513951786,-6.523765144454796,-0.08701137698962969,-31.25,0.015070252920998506,11.694510739856812,,,,,,,,,,,,,,,-0.4999999999999997,-0.8660254037844388,0,0
1369-08,1369-08-01,1990-10-23,1369,8,,2.53,,33.0,,,,,,,,31.1,163.4,,,,,,379.44772727272726,382.0,100.4,2.82,41.4,,455.0,0.22,,53.7,49.4,41.4,40.0,52.6,50.1,58.4,44.3,112.8,,,,,,,,,,,,,,,,,,,,,,,,,,,,,-0.022782970949191572,-0.8825505985386228,,,-0.08978530387235484,71.875,-0.01509462622248492,-7.557117750439357,-0.06317890162153139,59.84555984555986,-0.05489852587251143,28.779069767441868,-0.041061486797774105,-2.9069767441860517,-0.012951152347077777,-3.4172661870503607,0.033039854078200204,31.578947368421062,-0.015831465216680662,-31.009174311926614,0.000996512289739293,-7.465437788018425,0.0,-33.333333333333336,-0.028170876966696845,5.0808314087759765,,,,,,,,,,,,,,,-0.8660254037844385,-0.5000000000000004,0,0
1369-09,1369-09-01,1990-11-22,1369,9,,2.55,,28.0,,,,,,,,26.1,158.6,,,,,,378.4113636363636,377.0,102.0,2.82,41.5,,476.0,0.21,,53.8,50.3,36.1,40.4,53.0,49.6,57.6,40.6,113.2,,,,,,,,,,,,,,,,,,,,,,,,,,,,,-0.0027349788233843597,-7.9698209153217014,,,-0.16430305129127643,40.70351758793971,0.0075757938084577425,-5.35714285714286,-0.13698801549243367,33.21033210332103,-0.08721661044340268,16.666666666666675,-0.010030174359937138,-1.7821782178217838,0.0018604656529195296,-2.359346642468252,0.009950330853168321,25.856697819314633,0.003539826705123872,-31.227217496962332,0.015810606026641416,-6.593406593406592,-0.04652001563489283,-30.000000000000004,0.04512043528047016,10.955710955710952,,,,,,,,,,,,,,,-1.0,-1.8369701987210297e-16,0,0
1369-10,1369-10-01,1990-12-22,1369,10,,2.59,,23.7,,,,,,,,22.6,157.4,,,,,,389.22526315789474,384.0,105.7,3.44,39.3,,455.0,0.19,,54.1,48.5,31.3,41.0,54.0,49.9,57.4,37.4,111.3,,,,,,,,,,,,,,,,,,,,,,,,,,,,,0.028176391204589812,-4.427489025247056,,,-0.1667294620341182,12.857142857142856,0.018692133012152556,-4.59363957597173,-0.14267476779272759,8.30449826989621,-0.08209736218720076,4.178272980501396,0.006030169026590926,-0.5976095617529986,0.005560718684697097,-2.6978417266187105,0.014742281737203378,27.725856697819307,-0.01692690748758352,-33.71054198927934,0.03563207959192116,0.09469696969697239,-0.10008345855698253,-38.70967741935484,-0.04512043528047016,9.112709832134303,,,,,,,,,,,,,,,-0.8660254037844386,0.5000000000000001,0,0
1369-11,1369-11-01,1991-01-21,1369,11,,2.73,,19.4,,,,,,,,18.1,160.6,,,,,,369.675,364.0,106.1,3.41,35.4,,445.0,0.19,,54.6,47.8,26.3,41.1,54.9,50.2,57.5,34.2,113.9,,,,,,,,,,,,,,,,,,,,,,,,,,,,,-0.05153401742333763,-11.408305726320256,,,-0.20020198207180329,-2.5125628140703515,0.01652930195121005,-2.1390374331550888,-0.17404915836238866,-2.9520295202952074,-0.08944506035192656,-1.4409221902017322,0.0059940239402105355,0.0,0.009199696898423593,-2.150537634408589,0.0024360547978812264,26.46153846153847,0.0230916121716378,-29.210689869484153,0.003777152743745127,0.0,0.0,-40.625,-0.022223136784710107,3.971962616822422,,,,,,,,,,,,,,,-0.5000000000000004,0.8660254037844384,0,0
1369-12,1369-12-01,1991-02-20,1369,12,,2.59,,19.5,,,,,,,,18.1,163.6,,,,,,363.90238095238095,363.0,109.5,3.33,34.8,,453.0,0.2,,55.2,48.4,26.3,40.0,55.8,50.4,57.2,34.2,119.4,,,,,,,,,,,,,,,,,,,,,,,,,,,,,-0.015738593787378186,-10.12378348181473,,,0.005141399500418586,5.405405405405395,0.016260520871780315,-0.17889087656529634,0.0,4.7808764940239,0.0,0.884955752212413,0.003976148379639444,-2.7027027027026973,0.010929070532190721,-1.7793594306049876,-0.027128667388252925,20.84592145015105,0.04715833050536489,-23.706070287539937,0.03154250363661859,-0.1823154056517784,0.05129329438755059,-41.17647058823529,0.017817843316794146,2.488687782805421,,,,,,,,,,,,,,,-2.4492935982947064e-16,1.0,0,1
1370-01,1370-01-01,1991-03-21,1370,1,,2.61,,19.3,,,,,,,,18.5,166.0,,,,,,359.4227272727273,358.0,110.3,3.47,35.4,,460.0,0.19,,54.6,47.3,26.1,40.3,54.4,49.8,58.9,33.9,120.9,,,,,,,,,,,,,,,,,,,,,,,,,,,,,-0.01238643841442677,-4.544284101157037,,,-0.0103093696588612,14.880952380952372,-0.025409715525368082,-3.546099290780147,-0.0076336248550710195,12.5,-0.008810629682155291,3.66972477064218,-0.011976191046715545,-4.046242774566478,-0.010929070532190721,-3.5335689045936425,0.007472014838700858,19.584569732937673,0.012484556662244906,-24.20062695924765,0.007279377002901377,-7.154882154882158,-0.05129329438755059,-44.11764705882353,0.015334364000106682,4.545454545454541,,,,,,,,,,,,,,,0.49999999999999994,0.8660254037844387,1,1
1370-02,1370-02-01,1991-04-21,1370,2,,2.63,,19.3,,,,,,,,18.8,165.3,,,,,,356.2318181818182,357.0,105.7,3.37,34.6,,444.0,0.17,,53.5,46.0,26.1,39.1,53.1,48.2,58.4,33.4,122.0,,,,,,,,,,,,,,,,,,,,,,,,,,,,,-0.008917515459916814,-4.056992486813438,,,0.0,15.568862275449113,-0.024187225614003438,-5.3475935828877,0.0,12.017167381974247,-0.014859114403749984,2.1406727828745975,-0.0326559629740526,-6.769825918762084,-0.020352228848898424,-4.46428571428571,-0.03022900196131717,17.771084337349397,0.009057287112510082,-18.230563002680956,-0.042599033383265095,-12.644628099173548,-0.11122563511022432,-46.875,-0.03540192705091627,-1.1135857461024523,,,,,,,,,,,,,,,0.8660254037844386,0.5000000000000001,0,0
1370-03,1370-03-01,1991-05-22,1370,3,,2.7,,18.2,,,,,,,,17.9,159.3,,,,,,364.2630434782608,367.0,104.2,3.29,32.9,,440.0,0.2,,53.9,44.4,24.7,38.6,53.2,48.2,60.4,32.5,120.2,,,,,,,,,,,,,,,,,,,,,,,,,,,,,0.02229455997365104,1.74389303475031,,,-0.05868350182809001,15.923566878980889,0.0018814680997052413,-2.3853211009174258,-0.05513207069471626,11.261261261261257,-0.027315810646962646,2.848101265822778,0.0,-5.118110236220463,0.007448824012990407,-1.821493624772308,-0.012870190520534841,15.568862275449113,-0.014864022632149698,-11.356932153392329,-0.014292763556925436,-13.813068651778327,0.1625189294977749,-31.034482758620683,-0.009049835519918226,1.1494252873563315,,,,,,,,,,,,,,,1.0,6.123233995736766e-17,0,0
1370-04,1370-04-01,1991-06-22,1370,4,,2.69,,19.5,,,,,,,,19.1,163.5,,,,,,368.3095238095238,368.0,105.1,3.0,31.4,,431.0,0.23,,53.4,42.7,25.9,38.1,52.8,48.0,60.2,33.2,118.3,,,,,,,,,,,,,,,,,,,,,,,,,,,,,0.011047428381815827,2.981805593465192,,,0.06899287148695121,10.795454545454541,-0.007547205635382692,-2.941176470588236,0.04743972507156036,7.468879668049788,0.02130978658675131,0.60606060606061,-0.004158010148663571,-6.06653620352251,-0.00931973194880209,-2.732240437158473,-0.013037994338129799,13.731343283582099,-0.015933251116766023,-5.284227381905526,0.00860014856363911,-8.52915578764144,0.1397619423751586,-11.538461538461542,-0.02066663680855907,-1.3729977116704761,,,,,,,,,,,,,,,0.8660254037844387,-0.4999999999999998,0,0
1370-05,1370-05-01,1991-07-23,1370,5,,2.64,,19.8,,,,,,,,19.4,161.9,,,,,,359.7217391304348,356.0,110.4,2.98,32.8,,457.0,0.21,,54.3,43.2,26.4,37.9,54.0,48.3,60.5,33.6,125.3,,,,,,,,,,,,,,,,,,,,,,,,,,,,,-0.02359289624048877,-7.137950695657224,,,0.015267472130788828,-26.937269372693727,0.022472855852058604,0.3717472118959231,0.01912104144677862,-22.580645161290324,0.011976191046715545,-16.209476309226932,0.006230549750635639,-7.471264367816099,0.01671348097374059,-0.18382352941176405,-0.005263170044274457,8.908045977011492,0.05748709091768145,7.277397260273966,0.049197855960089854,0.2724795640327127,-0.09097177820572666,-12.5,0.058575300790457696,-0.6521739130434745,,,,,,,,,,,,,,,0.49999999999999994,-0.8660254037844387,0,0
1370-06,1370-06-01,1991-08-23,1370,6,,2.74,,20.5,,,,,,,,20.1,159.5,,,,,,349.0809523809524,349.0,108.9,2.97,36.6,,468.0,0.2,,54.7,46.1,27.6,37.6,53.9,48.5,61.1,34.5,135.2,,,,,,,,,,,,,,,,,,,,,,,,,,,,,-0.03002693516155741,-10.214229902776617,,,0.03474294844387282,-39.882697947214076,-0.0018535686493232895,0.7476635514018559,0.04445176257083405,-33.81294964028777,0.02643325706815558,-24.17582417582418,0.004132237284910634,-8.834586466165417,0.007339482488045501,0.5514705882353033,-0.00794706169253212,17.868338557993745,0.07604430170684129,18.28521434820647,-0.01368010390408081,7.2906403940886655,-0.04879016416943194,-16.666666666666664,0.023784905023441993,1.5184381778741818,,,,,,,,,,,,,,,1.2246467991473532e-16,-1.0,0,0
1370-07,1370-07-01,1991-09-23,1370,7,,2.72,,22.2,,,,,,,,21.5,155.0,,,,,,356.9136363636364,359.0,109.7,2.71,37.1,,485.0,0.2,,54.8,44.9,29.4,37.5,54.4,48.3,60.8,35.7,147.0,,,,,,,,,,,,,,,,,,,,,,,,,,,,,0.02218998701445063,-8.057424179788796,,,0.0796674027338713,-38.50415512465375,0.009233675946945574,1.8726591760299671,0.06317890162153139,-33.333333333333336,0.034191364748278996,-23.717948717948712,-0.004132237284910634,-7.471264367816099,0.0018264845260347329,0.7352941176470562,-0.0026631174194835516,-3.100775193798455,0.08367742316987226,28.272251308900522,0.0073193373422704155,9.371884346959124,0.0,-9.090909090909083,0.035680595019836225,3.6324786324786418,,,,,,,,,,,,,,,-0.4999999999999997,-0.8660254037844388,0,0
1370-08,1370-08-01,1991-10-23,1370,8,,2.71,,21.3,,,,,,,,20.8,143.5,,,,,,358.34772727272724,360.0,106.5,2.7,37.5,,466.0,0.19,,54.4,45.1,28.5,37.7,54.3,48.1,59.2,34.9,149.6,,,,,,,,,,,,,,,,,,,,,,,,,,,,,0.004009982654387123,-5.560713237540216,,,-0.04138521616285429,-35.45454545454545,-0.0018399269220070735,3.2319391634980876,-0.031090587070031095,-31.159420289855067,-0.02266385957721173,-21.218961625282162,-0.004149383546811158,-3.9920159680638667,-0.0073260400920731605,1.303538175046537,0.00531916147759981,-5.7499999999999885,0.0175324787616411,32.62411347517731,-0.02960438213170491,6.075697211155373,-0.05129329438755059,-13.636363636363635,-0.039963256811837766,2.417582417582409,,,,,,,,,,,,,,,-0.8660254037844385,-0.5000000000000004,0,0
1370-09,1370-09-01,1991-11-22,1370,9,,2.61,,18.4,,,,,,,,17.8,143.5,,,,,,364.1452380952381,362.0,106.9,2.7,38.9,,442.0,0.2,,54.3,45.1,25.6,37.4,54.3,47.6,58.9,32.9,160.9,,,,,,,,,,,,,,,,,,,,,,,,,,,,,0.016048973591172633,-3.770004527357329,,,-0.1463564081004396,-34.285714285714285,0.0,2.4528301886792336,-0.10731173578908804,-29.085872576177284,-0.05901417143705556,-18.965517241379317,-0.010449415874341117,-4.0322580645161255,-0.0018399269220070735,0.9293680297397744,-0.00798939003347865,-7.425742574257422,0.0728179884579605,42.13780918727916,0.0037488328815191707,4.803921568627456,0.05129329438755059,-4.761904761904756,-0.0528757520479477,-7.14285714285714,,,,,,,,,,,,,,,-1.0,-1.8369701987210297e-16,0,0
1370-10,1370-10-01,1991-12-22,1370,10,,2.57,,18.2,,,,,,,,17.4,145.3,,,,,,354.6166666666667,354.0,109.3,2.57,30.2,,429.0,0.18,,55.0,43.2,24.4,36.0,55.7,48.2,59.3,32.2,170.1,,,,,,,,,,,,,,,,,,,,,,,,,,,,,-0.026515399959643027,-8.891662429729951,,,-0.010929070532190277,-23.206751054852326,0.02545591999334862,3.1481481481481444,-0.048009219186360585,-22.0447284345048,-0.02150620522096336,-13.90374331550801,0.012526259819180208,-3.4068136272545013,0.01280895829258144,1.6635859519408491,-0.038151765964376416,-12.195121951219512,0.05560344540347817,52.83018867924527,0.022202577151493763,3.4058656575212787,-0.10536051565782634,-5.263157894736848,-0.02985296314968089,-5.714285714285716,,,,,,,,,,,,,,,-0.8660254037844386,0.5000000000000001,0,0
1370-11,1370-11-01,1992-01-21,1370,11,,2.52,,18.1,,,,,,,,17.6,147.9,,,,,,355.47272727272724,354.0,113.6,2.5,29.0,,414.0,0.17,,54.7,40.0,24.2,35.8,55.5,48.5,60.5,32.2,177.1,,,,,,,,,,,,,,,,,,,,,,,,,,,,,0.002411135916402074,-3.841826665928927,,,-0.005509655810969516,-6.701030927835038,-0.003597126180849841,1.0928961748633892,-0.008230499136515412,-7.984790874524716,0.0,-5.847953216374268,0.006204776886882701,-3.3864541832669404,-0.005469475804535939,0.1831501831501825,-0.005571045049455492,-12.895377128953777,0.0403280453869721,55.48726953467953,0.03858711110455815,7.068803016022618,-0.057158413839948574,-10.526315789473683,-0.035590945102702776,-6.966292134831464,,,,,,,,,,,,,,,-0.5000000000000004,0.8660254037844384,0,0
1370-12,1370-12-01,1992-02-20,1370,12,,2.45,,17.6,,,,,,,,17.5,144.8,,,,,,348.07045454545454,344.0,117.0,2.58,30.2,,434.0,0.18,,54.7,39.8,23.8,35.7,55.6,48.5,60.0,32.0,169.4,,,,,,,,,,,,,,,,,,,,,,,,,,,,,-0.021043614894526108,-4.3505970929599735,,,-0.028013036227673815,-9.74358974358973,0.0018001805041478747,-0.35842293906809264,-0.01666705248521172,-9.505703422053235,-0.006230549750636083,-6.432748538011701,0.0,-3.7698412698412676,0.0,-0.9057971014492794,-0.0027972046210611445,-10.749999999999993,-0.04445176257083361,41.87604690117253,0.029490428510705158,6.849315068493156,0.057158413839948574,-10.000000000000009,0.04717856027509093,-4.194260485651213,,,,,,,,,,,,,,,-2.4492935982947064e-16,1.0,0,1
1371-01,1371-01-01,1992-03-21,1371,1,,2.38,,19.0,,,,,,,,18.6,142.8,,,,,,339.79761904761904,339.0,108.5,2.47,32.0,,425.0,0.21,,53.9,38.7,25.4,35.7,54.1,48.2,61.2,33.0,159.8,,,,,,,,,,,,,,,,,,,,,,,,,,,,,-0.02405471258304992,-5.460174534321216,,,0.0765400771223339,-1.5544041450777257,-0.02734901540410073,-0.5514705882352922,0.06506359334706158,-2.6819923371647625,0.030771658666753687,-2.654867256637161,-0.006204776886882701,-3.2128514056224744,-0.014733231512984002,-1.2820512820512886,0.0,-11.414392059553336,-0.058339748885780196,32.17535153019024,-0.07542376181724197,-1.6319129646418795,0.15415067982725827,10.526315789473673,-0.02095536517598795,-7.608695652173914,,,,,,,,,,,,,,,0.49999999999999994,0.8660254037844387,1,1
1371-02,1371-02-01,1992-04-21,1371,2,,2.38,,19.9,,,,,,,,19.5,140.5,,,,,,337.15434782608696,337.0,109.6,2.49,33.5,,439.0,0.21,,54.1,38.0,26.6,35.7,54.2,48.3,62.0,33.8,149.6,,,,,,,,,,,,,,,,,,,,,,,,,,,,,-0.0078093713718940805,-5.355352717536932,,,0.046280752564006544,3.1088082901554293,0.0018467225931648734,2.0715630885122405,0.046162041763162964,1.9157088122605304,0.023953241022492744,1.197604790419149,0.0020725396019720677,0.20746887966804906,0.003703707937484424,1.1214953271028172,0.0,-8.695652173913038,-0.06595796779179697,22.622950819672116,0.010087201533401036,3.6896877956480445,0.0,23.529411764705866,0.03241024415075433,-1.1261261261261257,,,,,,,,,,,,,,,0.8660254037844386,0.5000000000000001,0,0
1371-03,1371-03-01,1992-05-22,1371,3,,2.33,,21.2,,,,,,,,20.8,143.5,,,,,,339.3261904761905,341.0,110.9,2.5,33.2,,456.0,0.23,,54.3,37.1,27.9,35.7,54.8,48.5,61.7,34.7,148.8,,,,,,,,,,,,,,,,,,,,,,,,,,,,,0.006421027625023612,-6.845836669005512,,,0.06328144994752005,16.483516483516492,0.011009285508369437,3.007518796992481,0.04771547303966628,12.955465587044523,0.026278884463840413,6.769230769230772,0.004132237284910634,0.6224066390041472,0.0036900410874540768,0.7421150278293043,0.0,-7.512953367875641,-0.0053619431413851615,23.793677204658902,0.011791519842406117,6.429942418426116,0.09097177820572666,14.999999999999991,0.037993396439214955,3.6363636363636376,,,,,,,,,,,,,,,1.0,6.123233995736766e-17,0,0
1371-04,1371-04-01,1992-06-22,1371,4,,2.35,,20.3,,,,,,,,20.2,146.0,,,,,,348.5326086956522,353.0,102.8,2.55,35.8,,429.0,0.23,,53.8,38.8,27.2,35.7,53.7,48.7,61.5,34.3,136.3,,,,,,,,,,,,,,,,,,,,,,,,,,,,,0.026769935990349936,-5.3696453214985285,,,-0.04338029563022516,4.10256410256411,-0.020277192439150937,1.7045454545454586,-0.025409715525368526,5.0193050193050315,-0.01159433278091937,3.3132530120481674,0.004115232145106784,1.4583333333333393,-0.009250759772151174,0.7490636704119868,0.0,-6.299212598425196,-0.08774478369650485,15.215553677092153,-0.0758435413352565,-2.1883920076117946,0.0,0.0,-0.06103589058636949,-0.46403712296984034,,,,,,,,,,,,,,,0.8660254037844387,-0.4999999999999998,0,0
1371-05,1371-05-01,1992-07-23,1371,5,,2.45,,19.8,,,,,,,,19.6,131.4,,,,,,348.0863636363636,343.0,97.0,2.56,38.6,,409.0,0.22,,53.5,38.8,27.0,36.0,53.8,48.5,60.3,34.1,128.2,,,,,,,,,,,,,,,,,,,,,,,,,,,,,-0.001281174180007838,-3.2345488827552393,,,-0.024938948347251966,0.0,0.0018604656529195296,-0.37037037037037646,-0.007380107297622285,2.2727272727272707,-0.0058479698824229764,1.4880952380952328,-0.004115232145106784,0.41407867494824835,-0.005591813265777734,-1.4732965009208066,0.008368249670516636,-5.013192612137196,-0.06126679421591774,2.314445331205106,-0.05807437451768216,-12.1376811594203,-0.04445176257083383,4.761904761904767,-0.04774176288521481,-10.503282275711157,,,,,,,,,,,,,,,0.49999999999999994,-0.8660254037844387,0,0
1371-06,1371-06-01,1992-08-23,1371,6,,2.44,,20.3,,,,,,,,20.2,131.3,,,,,,343.35,345.0,98.1,2.57,43.0,,421.0,0.21,,53.1,38.4,28.0,36.0,53.3,47.9,60.0,34.6,138.9,,,,,,,,,,,,,,,,,,,,,,,,,,,,,-0.013700285287229441,-1.641725892479573,,,0.024938948347251966,-0.9756097560975618,-0.009337135995939772,-1.1131725417439675,0.03636764417087468,1.4492753623188248,0.01455629777420775,0.28985507246377384,-0.012448293526567955,-1.2371134020618624,-0.007504725654067457,-2.925045703839124,0.0,-4.255319148936176,0.08016270527372882,2.73668639053255,0.01127638806793474,-9.917355371900838,-0.04652001563489283,4.999999999999982,0.028917677639578976,-10.04273504273504,,,,,,,,,,,,,,,1.2246467991473532e-16,-1.0,0,0
1371-07,1371-07-01,1992-09-23,1371,7,,2.5,,20.3,,,,,,,,20.1,130.1,,,,,,346.85909090909087,344.0,95.1,2.63,44.4,,418.0,0.19,,52.2,39.8,28.1,35.6,51.7,46.4,59.7,34.1,140.7,,,,,,,,,,,,,,,,,,,,,,,,,,,,,0.010168284336361744,-2.8170807809375975,,,0.0,-8.558558558558548,-0.030478549657415144,-4.9632352941176405,0.0035650661644961446,-4.421768707482987,-0.01455629777420775,-4.481792717086841,-0.03181604518466008,-3.9337474120082816,-0.017094433359300165,-4.744525547445244,-0.011173300598124936,-5.066666666666664,0.012875714360045087,-4.285714285714293,-0.03105839701997315,-13.309024612579767,-0.10008345855698253,-5.000000000000004,-0.007151401157624804,-13.814432989690717,,,,,,,,,,,,,,,-0.4999999999999997,-0.8660254037844388,0,0
1371-08,1371-08-01,1992-10-23,1371,8,,2.54,,19.2,,,,,,,,18.9,126.4,,,,,,336.6047619047619,335.0,94.5,2.64,42.2,,437.0,0.19,,52.8,41.0,26.6,34.3,52.1,46.3,60.2,33.1,147.7,,,,,,,,,,,,,,,,,,,,,,,,,,,,,-0.030009190673440322,-6.067560560086216,,,-0.05571060701400565,-9.859154929577475,0.007707167244937807,-4.051565377532218,-0.05485836055204629,-6.666666666666665,-0.02976410190645362,-5.157593123209159,-0.0021574981400211968,-3.7422037422037535,0.011428695823622714,-2.941176470588236,-0.03720028368609096,-9.018567639257313,0.04855322541699092,-1.2700534759358284,-0.006329135051647228,-11.267605633802813,0.0,0.0,0.04445176257083361,-6.22317596566524,,,,,,,,,,,,,,,-0.8660254037844385,-0.5000000000000004,0,0
1371-09,1371-09-01,1992-11-22,1371,9,,2.54,,18.2,,,,,,,,17.9,124.6,,,,,,335.3195238095238,335.0,94.6,2.64,41.3,,436.0,0.18,,52.8,42.7,25.4,33.7,52.0,46.7,60.1,32.4,147.7,,,,,,,,,,,,,,,,,,,,,,,,,,,,,-0.0038255490685461524,-7.91599374922356,,,-0.053488684950986354,-1.0869565217391242,-0.0019212301778939178,-4.23572744014733,-0.046162041763162964,-0.7812500000000111,-0.02137485958473384,-1.5197568389057725,0.008602203582663392,-1.8907563025210017,0.0,-2.7624309392265234,-0.0176475168135779,-9.89304812834223,0.0,-8.203853325046628,0.0010576415581349252,-11.506080449017785,-0.054067221270275745,-10.000000000000009,-0.0022909517465556917,-1.3574660633484115,,,,,,,,,,,,,,,-1.0,-1.8369701987210297e-16,0,0
1371-10,1371-10-01,1992-12-22,1371,10,,2.35,,17.4,,,,,,,,17.2,123.8,,,,,,330.4833333333333,329.0,94.2,2.76,38.4,,444.0,0.18,,53.7,41.4,24.3,33.5,53.5,47.2,60.5,31.8,155.8,,,,,,,,,,,,,,,,,,,,,,,,,,,,,-0.01452765028435632,-6.805470696056792,,,-0.04495138786226649,-4.395604395604402,0.028437935320533292,-3.9497307001795434,-0.044272823677987905,-0.4098360655737654,-0.018692133012152556,-1.2422360248447228,0.01064972791665797,-2.0746887966805017,0.016901810802603112,-2.3636363636363567,-0.005952398527295344,-6.944444444444442,0.05338994389931351,-8.40681951793062,-0.004237294475514908,-13.815187557182062,0.0,0.0,0.018182319083190457,3.4965034965035002,,,,,,,,,,,,,,,-0.8660254037844386,0.5000000000000001,0,0
1371-11,1371-11-01,1993-01-21,1371,11,,2.39,,18.5,,,,,,,,18.2,120.3,,,,,,329.71818181818185,329.0,94.4,2.74,36.0,,433.0,0.19,,54.2,41.1,24.9,33.4,53.3,47.4,62.9,32.3,148.8,,,,,,,,,,,,,,,,,,,,,,,,,,,,,-0.002317934267572319,-7.245153700577955,,,0.06130052586379575,2.20994475138121,-0.0037453227301620373,-3.963963963963968,0.024391453124159135,2.892561983471076,0.01560094044247995,0.31055900621115295,0.004228336109521447,-2.268041237113405,0.0092679069307815,-0.9140767824497242,-0.00298953884836628,-6.703910614525133,-0.045970011037655745,-15.979672501411624,0.0021208915691381947,-16.901408450704213,0.054067221270275745,11.764705882352944,-0.025086834429735028,4.589371980676327,,,,,,,,,,,,,,,-0.5000000000000004,0.8660254037844384,0,0
1371-12,1371-12-01,1993-02-20,1371,12,,2.53,,18.8,,,,,,,,18.5,115.1,,,,,,328.875,330.0,97.1,2.75,42.0,,438.0,0.23,,54.9,38.6,25.9,30.5,54.1,47.4,65.0,33.0,148.1,,,,,,,,,,,,,,,,,,,,,,,,,,,,,-0.0025605557486754194,-5.5148187083336015,,,0.01608613775162482,6.818181818181812,0.014897854680636868,-2.6978417266187105,0.03937516523482998,8.823529411764696,0.02144033123786926,3.125,0.0,-2.268041237113405,0.012832440069884044,0.3656307129798808,-0.09082921636928853,-14.565826330532216,-0.004715401125238827,-12.573789846517125,0.02820030214582392,-17.008547008547016,0.1910552367627092,27.77777777777779,0.011481182373956678,0.9216589861751112,,,,,,,,,,,,,,,-2.4492935982947064e-16,1.0,0,1
1372-01,1372-01-01,1993-03-21,1372,1,,2.59,,18.7,,,,,,,,18.4,112.8,,,,,,336.53409090909093,342.0,100.6,2.68,43.7,,448.0,0.25,,56.0,37.6,26.0,29.7,53.8,47.6,70.9,33.1,141.8,,,,,,,,,,,,,,,,,,,,,,,,,,,,,0.02302171487240212,-0.9604329034662129,,,-0.005333345975362835,-1.5789473684210575,-0.005560718684697097,-0.5545286506469571,0.003853569315990235,2.3622047244094446,0.003025720916537189,0.3030303030303161,0.004210532536343514,-1.2448132780083054,0.019838342219665073,3.8961038961039085,-0.026579637804712064,-16.806722689075638,-0.04347010717572619,-11.26408010012515,0.03541088236835943,-7.281105990783421,0.08338160893905111,19.047619047619047,0.022574322038538597,5.41176470588236,,,,,,,,,,,,,,,0.49999999999999994,0.8660254037844387,1,1
1372-02,1372-02-01,1993-04-21,1372,2,,2.68,,18.5,,,,,,,,18.2,115.1,,,,,,358.5795652173913,367.0,98.6,2.68,41.5,,448.0,0.26,,57.8,38.1,25.6,29.6,53.0,48.5,79.2,33.1,136.7,,,,,,,,,,,,,,,,,,,,,,,,,,,,,0.063451120421532,6.354720776834233,,,-0.010752791776261983,-7.0351758793969825,-0.014981553615616594,-2.2140221402214055,-0.015504186535965303,-3.759398496240607,0.0,-2.0710059171597517,0.01873103670606291,0.41407867494824835,0.03163708494318218,6.839186691312382,-0.003372684478639254,-17.086834733893564,-0.03662887036812279,-8.622994652406424,-0.020080996057049383,-10.036496350364965,0.03922071315328135,23.809523809523814,0.0,2.05011389521641,,,,,,,,,,,,,,,0.8660254037844386,0.5000000000000001,0,0
1372-03,1372-03-01,1993-05-22,1372,3,,2.74,,17.7,,,,,,,,17.5,113.9,,,,,,372.6790476190477,372.0,92.8,2.68,39.1,,461.0,0.23,,56.7,38.6,24.4,29.4,51.3,48.0,79.1,32.2,122.0,,,,,,,,,,,,,,,,,,,,,,,,,,,,,0.038567012432047854,9.829143189935262,,,-0.04420609250449559,-16.509433962264154,-0.032601161375398036,-6.386861313868608,-0.048009219186360585,-12.54480286738351,-0.027566829832654793,-7.20461095100865,-0.010362787035546273,-1.0309278350515427,-0.019214564944625145,4.419889502762442,-0.0067796869853786745,-17.647058823529427,-0.1137676989966474,-18.010752688172047,-0.060624621816434576,-16.321009918845817,-0.12260232209233246,0.0,0.028604810581663642,1.0964912280701844,,,,,,,,,,,,,,,1.0,6.123233995736766e-17,0,0
1372-04,1372-04-01,1993-06-22,1372,4,,2.82,,16.8,,,,,,,,16.3,112.9,,,,,,386.6804347826087,392.0,101.3,2.66,40.1,,505.0,0.21,,58.8,41.6,23.6,29.4,54.1,49.5,79.1,32.2,127.5,,,,,,,,,,,,,,,,,,,,,,,,,,,,,0.03688101490834228,10.945267425541871,,,-0.05218575317057006,-17.24137931034483,0.053143433675711726,0.7448789571694592,-0.03333642026759165,-13.235294117647056,0.0,-6.122448979591821,0.030771658666753687,1.642710472279263,0.036367644170874236,9.293680297397767,0.0,-17.647058823529427,0.044095319865224525,-6.456346294937642,0.08763977146248259,-1.4591439688715901,-0.09097177820572666,-8.695652173913048,0.09116038627871159,17.715617715617714,,,,,,,,,,,,,,,0.8660254037844387,-0.4999999999999998,0,0
1372-05,1372-05-01,1993-07-23,1372,5,,2.8,,16.7,,,,,,,,16.5,113.1,,,,,,384.8452380952381,379.0,100.3,2.65,42.4,,483.0,0.21,,58.6,43.8,23.8,29.6,53.5,49.2,78.4,32.2,129.7,,,,,,,,,,,,,,,,,,,,,,,,,,,,,-0.004757327495609864,10.56027420174248,,,-0.0059701669865037665,-15.656565656565668,-0.011152531950474831,-0.5576208178438624,0.008438868645864517,-11.851851851851848,0.0,-5.571847507331373,-0.006079046076382433,1.4432989690721598,-0.003407158321613757,9.532710280373834,0.0067796869853786745,-17.77777777777777,0.017107726723916805,1.170046801872071,-0.0099207162867474,3.402061855670091,0.0,-4.545454545454552,-0.04454177562278794,18.09290953545233,,,,,,,,,,,,,,,0.49999999999999994,-0.8660254037844387,0,0
1372-06,1372-06-01,1993-08-23,1372,6,,2.73,,16.0,,,,,,,,15.9,116.9,,,,,,359.98,355.0,100.9,2.62,42.4,,489.0,0.21,,58.5,47.0,23.0,29.6,53.5,48.7,76.3,31.5,131.2,,,,,,,,,,,,,,,,,,,,,,,,,,,,,-0.06679280014783817,4.843454201252362,,,-0.04281999718292839,-21.182266009852224,0.0,0.37523452157599557,-0.03419136474827944,-17.85714285714286,-0.02197890671877545,-8.959537572254339,-0.010214593409718198,1.6701461377870652,-0.0017079423451562548,10.169491525423723,0.0,-17.77777777777777,0.011498785187590066,-5.543556515478776,0.005964232391673541,2.854230377166167,0.0,0.0,0.012345835822300089,16.152019002375305,,,,,,,,,,,,,,,1.2246467991473532e-16,-1.0,0,0
1372-07,1372-07-01,1993-09-23,1372,7,,2.67,,16.6,,,,,,,,16.5,129.5,,,,,,360.9295454545455,364.0,106.5,2.62,39.3,,491.0,0.23,,58.6,46.1,23.3,29.8,54.1,48.4,75.8,31.6,136.0,,,,,,,,,,,,,,,,,,,,,,,,,,,,,0.002634299988534039,4.056533305376853,,,0.036813973122716614,-18.226600985221676,0.011152531950474831,4.642166344293996,0.012959144642505027,-17.08185053380783,0.0031695747612792147,-7.331378299120239,-0.006179216365958418,4.31034482758621,0.0017079423451562548,12.260536398467426,0.006734032181344052,-16.29213483146068,0.03593200922606421,-3.3404406538734777,0.054015057789916554,11.987381703470046,0.09097177820572666,21.052631578947366,0.004081638319648029,17.46411483253589,,,,,,,,,,,,,,,-0.4999999999999997,-0.8660254037844388,0,0
1372-08,1372-08-01,1993-10-23,1372,8,,2.64,,15.2,,,,,,,,15.2,140.4,,,,,,372.32,374.0,116.7,2.62,42.2,,536.0,0.22,,59.6,46.9,22.1,30.1,56.7,48.9,73.4,31.0,146.6,,,,,,,,,,,,,,,,,,,,,,,,,,,,,0.03107092521411481,10.610437562776752,,,-0.0881072675102672,-20.833333333333336,0.046940024881271025,8.829174664107487,-0.0528757520479477,-16.91729323308271,-0.01916991610772012,-6.344410876132933,0.010277582758240644,5.615550755939536,0.016920877488336927,12.87878787878789,0.010016778243471247,-12.244897959183664,0.07505290371649842,-0.7447528774542911,0.09146155414302992,23.492063492063497,-0.04445176257083383,15.789473684210531,0.08769003327628155,22.654462242562936,,,,,,,,,,,,,,,-0.8660254037844385,-0.5000000000000004,0,0
1372-09,1372-09-01,1993-11-22,1372,9,,2.46,,13.6,,,,,,,,13.8,150.4,,,,,,380.29545454545456,383.0,121.8,2.6,43.0,,589.0,0.23,,60.7,48.1,20.5,31.0,58.6,50.1,72.4,30.3,158.7,,,,,,,,,,,,,,,,,,,,,,,,,,,,,0.021194763022330143,13.412857749815688,,,-0.1112256351102241,-25.274725274725274,0.03296048584926048,12.692307692307692,-0.07515272237934445,-19.291338582677163,-0.022839491969822934,-6.481481481481477,0.024243611609992666,7.280513918629539,0.018288123994148364,14.962121212121215,0.029462032730316334,-8.01186943620179,0.07930783807981268,7.447528774543,0.04277381598328667,28.75264270613109,0.04445176257083383,27.77777777777779,0.09429202258078462,35.09174311926606,,,,,,,,,,,,,,,-1.0,-1.8369701987210297e-16,0,0
1372-10,1372-10-01,1993-12-22,1372,10,,2.42,,14.3,,,,,,,,14.1,150.0,,,,,,389.2363636363637,387.0,127.2,2.47,42.3,,602.0,0.23,,60.8,46.1,21.1,31.2,59.9,50.6,70.5,30.9,153.2,,,,,,,,,,,,,,,,,,,,,,,,,,,,,0.023238315119172626,17.777910223318493,,,0.05018974452385505,-17.816091954022973,0.02194180853843619,11.962616822429894,0.028848154337658194,-13.168724279835386,0.01960847138837618,-2.8301886792452935,0.009930568202600742,7.203389830508478,0.0016460909066688956,13.221601489757905,0.0064308903302903175,-6.8656716417910495,-0.0352713702258729,-1.6688061617458394,0.04338029563022516,35.03184713375796,0.0,27.77777777777779,0.021831261657234258,35.58558558558558,,,,,,,,,,,,,,,-0.8660254037844386,0.5000000000000001,0,0
1372-11,1372-11-01,1994-01-21,1372,11,,2.49,,13.8,,,,,,,,13.8,151.8,,,,,,382.3185714285714,382.0,123.2,2.36,46.3,,577.0,0.24,,61.0,46.4,21.1,31.2,59.7,51.2,71.4,31.1,147.0,,,,,,,,,,,,,,,,,,,,,,,,,,,,,-0.0179325600182203,15.95313589330516,,,-0.03559094510270233,-25.4054054054054,-0.0033444847228469854,12.007504690431524,0.0,-15.261044176706818,0.006451635281488954,-3.7151702786377583,0.01178795575204239,8.016877637130815,0.0032840752011900065,12.546125461254597,0.0,-6.586826347305386,-0.04131167052775453,-1.2096774193548487,-0.031951599806602005,30.508474576271173,0.042559614418795855,26.315789473684205,-0.04241517880072099,33.25635103926097,,,,,,,,,,,,,,,-0.5000000000000004,0.8660254037844384,0,0
1372-12,1372-12-01,1994-02-20,1372,12,,2.69,,14.0,,,,,,,,13.6,155.9,,,,,,380.7575,384.0,119.4,2.36,40.2,,586.0,0.26,,60.8,48.3,20.5,33.2,58.4,51.3,73.0,30.7,141.1,,,,,,,,,,,,,,,,,,,,,,,,,,,,,-0.004091528131452193,15.775750665146337,,,0.014388737452099232,-25.531914893617024,-0.022016130564375125,7.948243992606274,-0.028848154337658194,-20.84942084942084,-0.012945164592037095,-6.969696969696971,0.0019512201312616995,8.227848101265822,-0.0032840752011900065,10.746812386156645,0.06213178110700657,8.852459016393443,-0.040963727919967496,-4.726536124240377,-0.03132985014091805,22.966014418125646,0.0800427076735366,13.043478260869556,0.015477523068912369,33.78995433789955,,,,,,,,,,,,,,,-2.4492935982947064e-16,1.0,0,1
1373-01,1373-01-01,1994-03-21,1373,1,,2.63,,15.2,,,,,,,,15.1,162.3,,,,,,383.79782608695655,377.0,113.2,2.36,38.1,,584.0,0.24,,61.0,48.3,21.6,34.0,57.2,51.3,76.6,31.4,140.4,,,,,,,,,,,,,,,,,,,,,,,,,,,,,0.007953229829767317,14.044263703029447,,,0.08223809823697215,-18.71657754010695,-0.020761991448429384,6.3197026022304925,0.05226842854575686,-16.92307692307692,0.02254523832105626,-5.135951661631433,0.0,7.773109243697474,0.0032840752011900065,8.92857142857142,0.023810648693718406,14.47811447811449,-0.004973367267057327,-0.9873060648801113,-0.053323035189419166,12.524850894632223,-0.0800427076735366,-4.0000000000000036,-0.0034188067487850304,30.35714285714286,,,,,,,,,,,,,,,0.49999999999999994,0.8660254037844387,1,1
1373-02,1373-02-01,1994-04-21,1373,2,,2.39,,16.2,,,,,,,,16.3,159.2,,,,,,378.2386363636364,381.0,109.6,2.36,36.6,,594.0,0.26,,62.8,59.6,22.6,34.2,56.6,53.2,79.3,32.7,140.0,,,,,,,,,,,,,,,,,,,,,,,,,,,,,-0.014590609818982081,5.482485075335131,,,0.06371581438610763,-12.432432432432439,-0.010544913176614656,6.792452830188678,0.0452565915881209,-11.71875,0.04056718498900036,-1.2084592145015116,0.03636764417087468,9.690721649484546,0.029081209300841238,8.650519031141869,0.005865119452398204,15.540540540540547,-0.0028530689824073363,2.4140453547915275,-0.032318791255167234,11.156186612576068,0.0800427076735366,0.0,0.016978336534418048,32.58928571428572,,,,,,,,,,,,,,,0.8660254037844386,0.5000000000000001,0,0
1373-03,1373-03-01,1994-05-22,1373,3,,2.23,,16.8,,,,,,,,17.2,157.6,,,,,,385.3818181818182,386.0,112.2,2.36,36.4,,571.0,0.27,,63.8,66.4,23.3,34.2,56.2,54.5,80.8,33.6,139.3,,,,,,,,,,,,,,,,,,,,,,,,,,,,,0.018709268823584146,3.408501401923525,,,0.036367644170875124,-5.0847457627118615,-0.007092228309491411,9.551656920077978,0.03050345429341439,-4.508196721311464,0.027150989065950704,4.347826086956519,0.02414230532159989,13.541666666666675,0.015798116876591273,12.522045855379172,0.0,16.326530612244916,-0.005012541823544048,14.18032786885246,0.02344561857468097,20.905172413793103,0.03774032798284699,17.391304347826097,-0.03949010970663469,23.86117136659436,,,,,,,,,,,,,,,1.0,6.123233995736766e-17,0,0
1373-04,1373-04-01,1994-06-22,1373,4,,2.19,,17.6,,,,,,,,17.9,158.6,,,,,,386.1239130434783,385.0,97.8,2.42,37.4,,560.0,0.26,,66.3,88.5,24.3,34.6,55.5,56.7,81.0,35.0,137.4,,,,,,,,,,,,,,,,,,,,,,,,,,,,,0.0019237578166695357,-0.14392291129062817,,,0.04652001563489305,4.761904761904767,-0.01253373614725728,2.5878003696857554,0.042022989774848085,2.9661016949152463,0.04082199452025481,8.695652173913038,0.03957350906450818,14.54545454545455,0.0384367068410727,12.755102040816336,0.011628037995119023,17.687074829931994,-0.01373350099751125,7.76470588235294,-0.1373584160478245,-3.455083909180656,-0.03774032798284699,23.809523809523814,-0.01945242592681584,10.8910891089109,,,,,,,,,,,,,,,0.8660254037844387,-0.4999999999999998,0,0
1373-05,1373-05-01,1994-07-23,1373,5,,2.2,,16.8,,,,,,,,17.0,161.1,,,,,,380.5785714285714,380.0,96.0,2.46,34.0,,600.0,0.27,,66.5,84.8,23.1,32.0,57.1,56.4,80.3,34.1,145.9,,,,,,,,,,,,,,,,,,,,,,,,,,,,,-0.014465684999247053,-1.1086707705633025,,,-0.04652001563489305,0.5988023952095967,0.02842109590957609,6.728971962616814,-0.050643732818755005,-2.941176470588236,-0.026050677199942474,5.900621118012417,-0.005305052229693352,14.634146341463406,0.003012050469991756,13.48122866894197,-0.07811777926395225,8.108108108108091,0.06002507574049165,12.490362374710884,-0.018576385572935727,-4.287138584247252,0.03774032798284699,28.57142857142858,0.06899287148695166,24.22360248447204,,,,,,,,,,,,,,,0.49999999999999994,-0.8660254037844387,0,0
1373-06,1373-06-01,1994-08-23,1373,6,,2.21,,15.9,,,,,,,,16.2,164.0,,,,,,388.55,392.0,97.5,2.48,32.1,,672.0,0.28,,67.9,90.3,21.9,32.0,59.0,58.1,78.4,33.8,158.7,,,,,,,,,,,,,,,,,,,,,,,,,,,,,0.020729210457647085,7.936552030668365,,,-0.055059777183027236,-0.6249999999999978,0.032733327243755106,10.280373831775691,-0.05334598070529273,-4.782608695652179,-0.008836581800498067,7.301587301587298,0.029696505353852487,19.3018480492813,0.020834086902842053,16.06837606837608,0.0,8.108108108108091,0.08409417200362324,20.960365853658548,0.015504186535965303,-3.3696729435084283,0.0363676441708749,33.33333333333335,0.11332868530700324,37.423312883435585,,,,,,,,,,,,,,,1.2246467991473532e-16,-1.0,0,0
1373-07,1373-07-01,1994-09-23,1373,7,,2.12,,16.4,,,,,,,,16.5,167.1,,,,,,391.8,390.0,96.5,2.56,32.7,,642.0,0.28,,65.7,84.3,22.5,32.2,57.6,57.3,76.1,34.0,167.2,,,,,,,,,,,,,,,,,,,,,,,,,,,,,0.008329643855189417,8.553041704185516,,,0.030962225603966775,-1.2048192771084487,-0.024014876203874103,6.469500924214411,0.027028672387919173,-3.433476394849788,0.005899722127188589,7.594936708860756,-0.013865040137171825,18.388429752066116,-0.03293710907408531,12.11604095563139,0.006230549750636083,8.053691275167797,0.05217507311823777,22.94117647058822,-0.0103093696588612,-9.38967136150235,0.0,21.739130434782616,-0.04567003683318838,30.75356415478616,,,,,,,,,,,,,,,-0.4999999999999997,-0.8660254037844388,0,0
1373-08,1373-08-01,1994-10-23,1373,8,,2.19,,17.2,,,,,,,,17.1,165.9,,,,,,385.4904761904762,384.0,95.5,2.57,33.6,,706.0,0.31,,65.7,78.2,23.4,32.7,59.2,58.6,75.2,35.1,162.0,,,,,,,,,,,,,,,,,,,,,,,,,,,,,-0.016235017895303017,3.537407657519398,,,0.047628048989254435,13.157894736842103,0.027398974188114877,4.409171075837737,0.03922071315328157,5.88235294117645,0.0318406058556584,13.22580645161291,0.02243407286227317,19.836400817995916,0.0,10.23489932885906,0.015408625352845373,8.637873754152835,-0.031594365418217585,10.504774897680758,-0.010416760858255714,-18.166238217652097,0.10178269430994225,40.90909090909092,0.09502693380328076,31.71641791044777,,,,,,,,,,,,,,,-0.8660254037844385,-0.5000000000000004,0,0
1373-09,1373-09-01,1994-11-22,1373,9,,2.23,,16.0,,,,,,,,15.9,171.7,,,,,,380.2022727272728,379.0,102.5,2.56,35.3,,693.0,0.32,,66.1,72.1,22.4,32.7,61.2,59.2,74.9,34.6,164.6,,,,,,,,,,,,,,,,,,,,,,,,,,,,,-0.013813079863596478,-0.024502480129062754,,,-0.07232066157962613,17.647058823529417,0.0332256476283197,4.436860068259385,-0.043675063502661704,9.268292682926816,-0.014347448408141172,14.191419141914196,0.01018684530699332,18.16367265469061,0.0060698213670757895,8.896210873146604,0.0,5.483870967741944,0.015921953010585632,3.7177063642092056,0.07073655109177857,-15.845648604269291,0.03174869831458027,39.13043478260869,-0.01858523830333869,17.65704584040746,,,,,,,,,,,,,,,-1.0,-1.8369701987210297e-16,0,0
1373-10,1373-10-01,1994-12-22,1373,10,,2.13,,16.6,,,,,,,,16.9,188.2,,,,,,379.54545454545456,379.0,107.0,2.66,33.3,,674.0,0.33,,66.2,74.2,23.0,43.1,59.9,60.6,77.5,35.4,156.2,,,,,,,,,,,,,,,,,,,,,,,,,,,,,-0.0017290432649552656,-2.4897234678624924,,,0.036813973122716614,16.083916083916083,-0.021470684396876827,0.0,0.02643325706815558,9.004739336492884,0.022858138076049972,14.563106796116498,0.0233733511853087,19.762845849802368,0.001511716085321524,8.881578947368428,0.27614791920649395,38.141025641025635,-0.05238105083738365,1.9582245430809442,0.04296603588344272,-15.88050314465409,0.030771658666753687,43.47826086956521,-0.027799888277596274,11.960132890365438,,,,,,,,,,,,,,,-0.8660254037844386,0.5000000000000001,0,0
1373-11,1373-11-01,1995-01-21,1373,11,,2.16,,17.1,,,,,,,,17.4,198.6,,,,,,377.1625,377.0,106.7,2.66,34.1,,663.0,0.32,,67.0,74.2,23.6,45.6,61.2,60.2,77.3,35.7,154.3,,,,,,,,,,,,,,,,,,,,,,,,,,,,,-0.00629823542449337,-1.3486322177092225,,,0.02967576814611661,23.913043478260864,0.021470684396876827,2.5125628140703515,0.025752496102414923,11.848341232227488,0.008438868645864517,14.790996784565923,-0.006622540760493401,17.578125,0.012012156448003353,9.836065573770503,0.056384719410638606,46.15384615384617,-0.012238478036470823,4.965986394557831,-0.002807676154198191,-13.392857142857139,-0.030771658666753687,33.33333333333335,-0.016455120726444505,14.904679376083196,,,,,,,,,,,,,,,-0.5000000000000004,0.8660254037844384,0,0
1373-12,1373-12-01,1995-02-20,1373,12,,2.04,,17.0,,,,,,,,17.3,205.6,,,,,,380.3880952380952,382.0,109.7,2.65,33.6,,652.0,0.32,,67.0,76.7,23.5,47.6,60.6,59.9,77.7,35.5,150.3,,,,,,,,,,,,,,,,,,,,,,,,,,,,,0.0085159057411337,-0.09701838096551896,,,-0.005865119452398204,21.42857142857142,-0.009852296443011,3.767123287671237,-0.00424629088145112,14.634146341463406,-0.005617992304223218,15.63517915309447,-0.004995847193372427,16.76413255360625,0.0,10.197368421052634,0.042925044717033956,43.3734939759036,-0.02626546261018614,6.5201984408221225,0.027728208973477386,-8.123953098827474,0.0,23.076923076923084,-0.01673042825920934,11.262798634812277,,,,,,,,,,,,,,,-2.4492935982947064e-16,1.0,0,1
1374-01,1374-01-01,1995-03-21,1374,1,,1.92,,18.7,,,,,,,,18.6,204.5,,,,,,388.9347826086956,391.0,109.3,2.71,34.9,,610.0,0.3,,66.6,75.5,25.3,49.6,59.4,59.8,79.6,36.7,148.8,,,,,,,,,,,,,,,,,,,,,,,,,,,,,0.02221964079750194,1.3384537828453391,,,0.09531017980432477,23.026315789473696,-0.02000066670666989,3.8461538461538325,0.07380397458336097,17.129629629629626,0.03324405857915469,16.878980891719753,-0.001670844164816998,16.5692007797271,-0.005988041844622316,9.180327868852455,0.04115807249350745,45.882352941176485,-0.010030174359936694,5.982905982905984,-0.0036529720986919756,-3.445229681978801,-0.0645385211375713,25.0,-0.06658560475929587,4.452054794520555,,,,,,,,,,,,,,,0.49999999999999994,0.8660254037844387,1,1
1374-02,1374-02-01,1995-04-21,1374,2,,1.75,,18.4,,,,,,,,18.4,197.8,,,,,,386.82380952380953,385.0,112.0,2.71,35.2,,595.0,0.3,,66.6,75.0,25.1,43.0,59.6,59.0,79.4,36.3,158.7,,,,,,,,,,,,,,,,,,,,,,,,,,,,,-0.00544235878725452,2.269776890777342,,,-0.016172859245600968,13.58024691358024,0.0033613477027047978,5.300353356890453,-0.007936549595735976,11.061946902654874,-0.010959013789719751,11.009174311926584,-0.013468217050866649,10.902255639097746,0.0,6.050955414012726,-0.14279071803731958,25.730994152046783,0.06441250513337149,13.357142857142845,0.024402476112601157,2.1897810218978186,0.0,15.384615384615374,-0.024897551621727132,0.16835016835017313,,,,,,,,,,,,,,,0.8660254037844386,0.5000000000000001,0,0
1374-03,1374-03-01,1995-05-22,1374,3,,1.66,,17.4,,,,,,,,17.4,185.6,,,,,,386.4065217391304,388.0,119.9,2.73,35.1,,611.0,0.31,,66.4,70.3,24.1,33.1,61.8,59.0,75.7,35.7,170.1,,,,,,,,,,,,,,,,,,,,,,,,,,,,,-0.0010793364106866932,0.26589307252393724,,,-0.05588045839445677,3.5714285714285587,0.03624779039234127,9.964412811387891,-0.040656005641129145,3.433476394849788,-0.01666705248521172,6.25,0.0,8.25688073394495,-0.0030075210639548544,4.0752351097178785,-0.26166683331054497,-3.2163742690058506,0.06937087186945234,22.11055276381908,0.06815919073837406,6.8627450980392135,0.03278982282299103,14.814814814814813,0.02653555362596549,7.005253940455347,,,,,,,,,,,,,,,1.0,6.123233995736766e-17,0,0
1374-04,1374-04-01,1995-06-22,1374,4,,1.63,,15.9,,,,,,,,16.1,180.8,,,,,,387.1772727272728,386.0,127.0,2.8,33.2,,626.0,0.3,,67.5,67.2,22.3,33.4,65.3,60.3,73.3,34.9,190.7,,,,,,,,,,,,,,,,,,,,,,,,,,,,,0.0019926768081095503,0.27280353487868503,,,-0.09015109699429713,-9.659090909090917,0.055088671818739776,17.657657657657655,-0.07762516203053638,-8.230452674897116,-0.02266385957721173,-0.28571428571428914,0.021794659827420126,6.349206349206349,0.016430541396095677,1.8099547511312153,0.009022617599637073,-3.4682080924855585,0.11431501320455784,38.79184861717611,0.05752902442512298,29.85685071574642,-0.03278982282299103,15.384615384615374,0.02425341192850272,11.785714285714288,,,,,,,,,,,,,,,0.8660254037844387,-0.4999999999999998,0,0
1374-05,1374-05-01,1995-07-23,1374,5,,1.69,,16.1,,,,,,,,16.5,185.3,,,,,,384.2613636363636,384.0,126.4,2.8,34.6,,616.0,0.29,,66.6,70.1,22.7,33.4,63.8,59.8,71.5,35.0,184.5,,,,,,,,,,,,,,,,,,,,,,,,,,,,,-0.0075597016800621475,0.9676824929917061,,,0.01250016276423116,-4.1666666666666625,-0.023238845931641272,11.73380035026268,0.017778246021284083,-1.7316017316017396,0.002861232281031967,2.639296187683282,-0.008326442776553478,6.028368794326244,-0.013423020332140823,0.15037593984961184,0.0,4.374999999999996,-0.03305204912579196,26.45647703906786,-0.00473560474583401,31.666666666666664,-0.03390155167568132,7.407407407407396,-0.01610340756657891,2.6666666666666616,,,,,,,,,,,,,,,0.49999999999999994,-0.8660254037844387,0,0
1374-06,1374-06-01,1995-08-23,1374,6,,1.76,,16.8,,,,,,,,16.8,192.0,,,,,,382.9673913043478,383.0,130.5,2.78,35.5,,614.0,0.26,,66.2,64.8,23.6,33.4,64.4,58.7,71.2,35.2,193.6,,,,,,,,,,,,,,,,,,,,,,,,,,,,,-0.0033731101723457613,-1.436780001454685,,,0.04255961441879608,5.660377358490565,0.009360442759564158,9.152542372881367,0.03888178754420757,7.762557077625587,0.005698021114637797,4.142011834319548,-0.018565934122535488,1.0327022375215211,-0.006024114603381037,-2.5036818851251863,0.0,4.374999999999996,0.048144711361895354,21.991178323881535,0.031921745049991124,33.84615384615384,-0.10919929196499178,-7.142857142857151,-0.0032520353863771945,-8.630952380952383,,,,,,,,,,,,,,,1.2246467991473532e-16,-1.0,0,0
1374-07,1374-07-01,1995-09-23,1374,7,,1.82,,16.1,,,,,,,,16.1,204.8,,,,,,383.46,383.0,140.9,2.75,36.9,,638.0,0.26,,67.3,63.2,23.0,33.6,66.3,58.9,71.9,34.9,203.7,,,,,,,,,,,,,,,,,,,,,,,,,,,,,0.0012854675317566233,-2.1286370597243587,,,-0.04255961441879608,-1.8292682926829062,0.02907626408150854,15.104166666666652,-0.025752496102414923,2.2222222222222143,-0.008559253395669764,2.6470588235294024,0.003401363823489767,2.7923211169284423,0.01647977370771958,2.43531202435312,0.005970166986504211,4.347826086956519,0.05085414839028335,21.830143540669855,0.07667719214188651,46.010362694300525,0.0,-7.142857142857151,0.03834335519764753,-0.6230529595015577,,,,,,,,,,,,,,,-0.4999999999999997,-0.8660254037844388,0,0
1374-08,1374-08-01,1995-10-23,1374,8,,1.94,,16.9,,,,,,,,16.7,224.9,,,,,,384.28363636363633,385.0,144.0,2.75,40.2,,623.0,0.26,,67.8,63.5,24.1,34.2,66.7,59.5,72.6,35.8,203.9,,,,,,,,,,,,,,,,,,,,,,,,,,,,,0.002145603403533869,-0.31306605516333574,,,0.04849434993861035,-1.744186046511631,0.006015055729761798,12.668918918918926,0.04671762456745965,2.991452991453003,0.025461064198272876,1.9943019943019724,0.010135221894043589,1.5358361774743923,0.007401958295667477,3.1963470319634535,0.017699577099401065,4.587155963302747,0.0009813543476493436,25.864197530864196,0.021762880671365892,50.78534031413613,0.0,-16.129032258064512,-0.02379176455733667,-11.756373937677056,,,,,,,,,,,,,,,-0.8660254037844385,-0.5000000000000004,0,0
1374-09,1374-09-01,1995-11-22,1374,9,,1.91,,18.0,,,,,,,,17.9,229.2,,,,,,386.96590909090907,387.0,148.7,2.73,48.2,,579.0,0.27,,67.2,56.2,26.1,34.3,67.0,59.0,73.2,37.0,208.9,,,,,,,,,,,,,,,,,,,,,,,,,,,,,0.006955682651463846,1.7789573731685548,,,0.06305813596713694,12.5,0.004487666469387364,9.477124183006524,0.07972347383203848,16.51785714285716,0.032970019237569925,6.936416184971095,-0.008438868645864517,-0.33783783783783994,-0.008888947417245774,1.6641452344932084,0.00291971010333425,4.892966360856255,0.02422599098211009,26.913730255164037,0.0321175538901084,45.073170731707314,0.03774032798284699,-15.625,-0.07324404121445749,-16.45021645021645,,,,,,,,,,,,,,,-1.0,-1.8369701987210297e-16,0,0
1374-10,1374-10-01,1995-12-22,1374,10,,1.86,,17.9,,,,,,,,17.8,226.3,,,,,,393.7675,399.0,156.1,2.75,51.0,,554.0,0.28,,67.3,56.6,26.4,34.3,67.4,58.4,72.6,37.0,206.9,,,,,,,,,,,,,,,,,,,,,,,,,,,,,0.017424034651419618,3.7471257485029774,,,-0.005571045049455492,7.831325301204806,0.005952398527295344,12.520868113522553,0.011428695823622714,14.782608695652177,0.0,4.519774011299438,-0.010221554071538463,-3.63036303630363,0.001486989121578297,1.6616314199395577,0.0,-20.417633410672863,-0.009620083811022084,32.458386683738816,0.048565974055277294,45.88785046728972,0.0363676441708749,-15.151515151515149,-0.044137790825711676,-17.80415430267063,,,,,,,,,,,,,,,-0.8660254037844386,0.5000000000000001,0,0
1374-11,1374-11-01,1996-01-21,1374,11,,1.81,,18.0,,,,,,,,17.7,225.9,,,,,,406.7214285714285,405.0,164.8,2.77,69.0,,548.0,0.28,,68.6,60.1,28.4,34.7,68.7,59.2,72.8,38.5,218.9,,,,,,,,,,,,,,,,,,,,,,,,,,,,,0.03236786681817527,7.837186510172267,,,0.005571045049455492,5.263157894736836,0.01910418131004299,12.254901960784315,0.07302513501488983,20.338983050847446,0.03974032864951438,7.843137254901955,0.013605652055779238,-1.661129568106312,0.019132298081157906,2.3880597014925398,0.01159433278091937,-23.903508771929815,0.056379419777319306,41.86649384316266,0.05423578995398515,54.451733833177144,0.0,-12.49999999999999,-0.010889399799268062,-17.34539969834088,,,,,,,,,,,,,,,-0.5000000000000004,0.8660254037844384,0,0
1374-12,1374-12-01,1996-02-20,1374,12,,1.72,,20.0,,,,,,,,19.4,221.0,,,,,,397.1857142857143,396.0,184.9,2.67,50.9,,538.0,0.28,,68.5,58.7,28.5,34.9,68.6,59.3,73.3,38.7,215.3,,,,,,,,,,,,,,,,,,,,,,,,,,,,,-0.023724534938664554,4.415916075687121,,,0.10536051565782634,17.647058823529417,-0.0014566644964641995,13.201320132013183,0.0035149421074445186,21.27659574468086,0.005181358741997322,9.014084507042263,0.0016877641137194033,-1.00166944908181,-0.0014587894636601817,2.238805970149249,0.005747142255568161,-26.680672268907568,-0.01658260015849944,43.24683965402527,0.11508252091770732,68.55059252506837,0.0,-12.49999999999999,-0.018416726786231408,-17.484662576687114,,,,,,,,,,,,,,,-2.4492935982947064e-16,1.0,0,1
1375-01,1375-01-01,1996-03-20,1375,1,,1.72,,21.0,,,,,,,,20.7,210.8,,,,,,395.2434782608696,393.0,190.4,3.1,44.2,,582.0,0.26,,71.3,61.3,28.9,45.0,72.2,61.4,74.2,39.7,257.6,,,,,,,,,,,,,,,,,,,,,,,,,,,,,-0.00490198981147838,1.6220446034319158,,,0.04879016416943216,12.299465240641716,0.05114751116694105,21.54882154882156,0.01393750784378156,14.229249011857693,0.025511587657408796,8.174386920980936,0.03480052914941645,2.6755852842809347,0.04006258215207037,7.057057057057059,0.2541756605619381,-9.2741935483871,0.17937558985988122,73.11827956989248,0.02931198396418644,74.19945105215004,-0.07410797215372189,-13.33333333333333,0.07861188756965376,-4.5901639344262275,,,,,,,,,,,,,,,0.49999999999999994,0.8660254037844387,1,1
1375-02,1375-02-01,1996-04-20,1375,2,,1.7,,19.1,,,,,,,,19.1,186.1,,,,,,392.1880952380953,392.0,204.0,2.81,43.0,,591.0,0.25,,72.3,63.4,26.7,46.3,73.1,62.2,74.9,38.4,262.1,,,,,,,,,,,,,,,,,,,,,,,,,,,,,-0.007760416167073458,1.3867516895842869,,,-0.09483410267083858,3.8043478260869623,0.012388320856952184,22.651006711409384,-0.07917802971218268,6.374501992031867,-0.03329372809946385,5.785123966942152,0.012945164592037095,5.423728813559325,0.013927801744468837,8.558558558558559,0.028479471321868566,7.674418604651145,0.017318116099161784,65.1543793320731,0.06899287148695077,82.14285714285714,-0.03922071315328135,-16.666666666666664,0.015345569674660275,-0.6722689075630228,,,,,,,,,,,,,,,0.8660254037844386,0.5000000000000001,0,0
1375-03,1375-03-01,1996-05-21,1375,3,,1.65,,18.3,,,,,,,,18.5,182.1,,,,,,387.9369565217391,385.0,197.6,2.81,46.0,,563.0,0.27,,70.6,61.9,26.2,46.7,71.0,59.9,74.4,37.3,227.3,,,,,,,,,,,,,,,,,,,,,,,,,,,,,-0.010898716267565334,0.3960685693710664,,,-0.042787275205208974,5.17241379310347,-0.029148489714417636,14.886731391585762,-0.018904154639152626,8.713692946058082,-0.029064132943911414,4.481792717086819,-0.037678494623730074,1.5254237288135464,-0.02379398466552285,6.325301204819267,0.008602203582663392,41.087613293051376,-0.14245537947086273,33.62727807172252,-0.03187520853044834,64.80400333611342,0.07696104113612834,-12.903225806451601,-0.04853638926640791,-7.855973813420625,,,,,,,,,,,,,,,1.0,6.123233995736766e-17,0,0
1375-04,1375-04-01,1996-06-21,1375,4,,1.68,,19.6,,,,,,,,19.6,188.0,,,,,,382.95714285714286,383.0,197.8,2.78,45.8,,549.0,0.28,,69.6,60.5,27.6,48.5,70.0,58.8,73.4,37.9,202.6,,,,,,,,,,,,,,,,,,,,,,,,,,,,,-0.012919758855837848,-1.089973551495771,,,0.06862850638909634,23.270440251572346,-0.014184634991956102,7.197549770290967,0.052056361956053454,23.76681614349776,0.01595778543861126,8.595988538681954,-0.018534650216822435,-2.487562189054726,-0.01426557715882204,3.111111111111109,0.03781963326858584,45.20958083832336,-0.1150371390439151,6.240167802831675,0.0010116338748442644,55.748031496063,0.0363676441708749,-6.666666666666654,-0.025181186630160113,-12.300319488817891,,,,,,,,,,,,,,,0.8660254037844387,-0.4999999999999998,0,0
1375-05,1375-05-01,1996-07-22,1375,5,,1.76,,20.6,,,,,,,,20.4,189.9,,,,,,386.7,387.0,185.5,2.79,40.4,,565.0,0.27,,69.0,61.2,28.0,48.9,69.0,58.5,73.2,38.1,191.6,,,,,,,,,,,,,,,,,,,,,,,,,,,,,0.009726114239033024,0.6346296022475162,,,0.049761509559063555,27.95031055900621,-0.014388737452099676,8.150470219435736,0.014388737452099232,23.348017621145377,0.005263170044274457,8.857142857142852,-0.005115100666770012,-2.1739130434782594,-0.008658062743114314,3.603603603603611,0.00821359853738901,46.40718562874251,-0.05582372627782295,3.848238482384825,-0.06420153714112242,46.756329113924046,-0.0363676441708749,-6.896551724137923,0.028727289636910847,-8.279220779220775,,,,,,,,,,,,,,,0.49999999999999994,-0.8660254037844387,0,0
1375-06,1375-06-01,1996-08-22,1375,6,,1.75,,22.6,,,,,,,,22.3,186.7,,,,,,385.2613636363636,383.0,145.4,2.79,38.1,,569.0,0.26,,67.3,58.9,29.9,48.3,66.5,57.0,73.5,38.9,178.7,,,,,,,,,,,,,,,,,,,,,,,,,,,,,-0.003727228063197252,0.5989993884865097,,,0.09265883048270496,34.52380952380953,-0.03690455693545136,3.2608695652173836,0.06565397022143671,26.694915254237284,0.020779968491745127,10.511363636363624,-0.02597548640326064,-2.8960817717206155,-0.024946267946577727,1.6616314199395577,-0.012345835822299644,44.610778443113766,-0.06970144337137718,-7.696280991735538,-0.24356631694807085,11.4176245210728,-0.03774032798284699,0.0,0.007054702979889527,-7.328990228013033,,,,,,,,,,,,,,,1.2246467991473532e-16,-1.0,0,0
1375-07,1375-07-01,1996-09-22,1375,7,,1.79,,24.2,,,,,,,,23.6,183.8,,,,,,380.9690476190476,381.0,127.9,2.94,45.3,,528.0,0.25,,65.2,59.7,32.3,47.0,63.1,55.3,73.0,39.9,178.0,,,,,,,,,,,,,,,,,,,,,,,,,,,,,-0.011203838568507152,-0.6495990144871344,,,0.06840272688440052,50.31055900621115,-0.05248117811464059,-4.826546003016585,0.07720874983197046,40.43478260869564,0.025382073271417394,14.326647564469909,-0.030278359306261216,-6.112054329371819,-0.03170076771807473,-3.1203566121842385,-0.027283958948468356,39.88095238095237,-0.003924871873297597,-12.616593028964163,-0.12823985651462166,-9.226401703335696,-0.03922071315328135,-3.8461538461538547,-0.07478415042006947,-17.24137931034483,,,,,,,,,,,,,,,-0.4999999999999997,-0.8660254037844388,0,0
1375-08,1375-08-01,1996-10-22,1375,8,,1.77,,22.6,,,,,,,,22.4,188.3,,,,,,380.5931818181818,378.0,117.7,2.96,53.6,,517.0,0.24,,64.9,58.5,31.5,47.1,62.8,56.0,73.2,39.6,176.4,,,,,,,,,,,,,,,,,,,,,,,,,,,,,-0.000987091577958843,-0.960346524347544,,,-0.06840272688440052,33.72781065088759,-0.004765696073015135,-5.847076461769118,-0.025079684397023794,30.70539419087137,-0.007547205635383136,10.61452513966481,0.012578782206860595,-5.882352941176472,-0.004611845222562749,-4.2772861356932035,0.0021253993123138137,37.71929824561402,-0.009029406719394117,-13.487003433055422,-0.08310969431856563,-18.26388888888889,-0.040821994520255256,-7.692307692307699,-0.021053409197832273,-17.01444622792937,,,,,,,,,,,,,,,-0.8660254037844385,-0.5000000000000004,0,0
1375-09,1375-09-01,1996-11-21,1375,9,,1.79,,23.9,,,,,,,,23.6,188.5,,,,,,370.6931818181818,369.0,117.7,2.96,63.2,,514.0,0.24,,64.5,56.5,33.9,47.3,63.2,55.9,71.6,41.2,175.7,,,,,,,,,,,,,,,,,,,,,,,,,,,,,-0.026356323137436632,-4.205209526326604,,,0.055928552659224806,32.77777777777777,0.006349227678659197,-5.6716417910447685,0.0734274685548173,29.885057471264354,0.03960913809504607,11.351351351351369,-0.0017873105740964235,-5.254237288135599,-0.006182399908317926,-4.017857142857151,0.004237294475514908,37.90087463556853,-0.003976148379639888,-15.892771661081861,0.0,-20.847343644922656,0.0,-11.111111111111116,-0.005819609053263619,-11.226252158894646,,,,,,,,,,,,,,,-1.0,-1.8369701987210297e-16,0,0
1375-10,1375-10-01,1996-12-21,1375,10,,1.77,,23.5,,,,,,,,23.2,188.0,,,,,,361.7763157894737,355.0,118.4,2.89,56.7,,534.0,0.24,,66.5,59.5,32.7,47.2,65.4,57.9,72.8,41.0,175.7,,,,,,,,,,,,,,,,,,,,,,,,,,,,,-0.02434860861056709,-8.124384112585803,,,-0.01687803778735164,31.28491620111733,0.03421795731034116,-2.9673590504451064,-0.03603993648319648,23.863636363636374,-0.004866189651172803,10.81081081081081,0.03515300441789648,-0.8561643835616417,0.03053672386008177,-1.1887072808320909,-0.0021164029063776013,37.609329446064166,0.0,-15.079748670855498,0.005929708183673554,-24.151185137732213,0.0,-14.285714285714302,0.03817257350502956,-3.6101083032490933,,,,,,,,,,,,,,,-0.8660254037844386,0.5000000000000001,0,0
1375-11,1375-11-01,1997-01-20,1375,11,,1.84,,20.8,,,,,,,,20.4,187.4,,,,,,346.92954545454546,347.0,121.7,2.89,43.6,,527.0,0.24,,68.0,66.5,28.4,45.2,66.2,58.9,73.1,38.5,172.4,,,,,,,,,,,,,,,,,,,,,,,,,,,,,-0.0419043883598329,-14.70094244281559,,,-0.12204743444284105,15.555555555555568,0.01215820447980942,-3.639010189228531,-0.14098593273604765,0.0,-0.06291382541056922,0.0,0.017123706078590928,-0.5067567567567655,0.02230575751429864,-0.8746355685131157,-0.04329680575332384,30.25936599423631,-0.018960636963457844,-21.242576518958423,0.027490277543576802,-26.152912621359224,0.0,-14.285714285714302,-0.013195290418832606,-3.8321167883211715,,,,,,,,,,,,,,,-0.5000000000000004,0.8660254037844384,0,0
1375-12,1375-12-01,1997-02-19,1375,12,,2.04,,19.2,,,,,,,,19.3,187.4,,,,,,353.2204545454546,352.0,127.6,2.83,39.3,,541.0,0.24,,70.0,74.1,26.3,43.5,67.5,60.4,73.7,37.5,176.6,,,,,,,,,,,,,,,,,,,,,,,,,,,,,0.017970658833812436,-11.069194625825208,,,-0.08004270767353638,-4.0000000000000036,0.01944713493552186,-1.60349854227404,-0.07682020598344153,-7.719298245614037,-0.026317308317373556,-3.100775193798455,0.025148014283228548,1.8549747048903997,0.028987536873252395,2.1897810218978186,-0.038336148743547405,24.641833810888247,0.02406992994026602,-17.974918718067823,0.04734137091720747,-30.98972417522986,0.0,-14.285714285714302,0.026218730305118676,0.5576208178438735,,,,,,,,,,,,,,,-2.4492935982947064e-16,1.0,0,1
1376-01,1376-01-01,1997-03-21,1376,1,,2.0,,17.5,,,,,,,,17.9,188.5,,,,,,347.81428571428575,344.0,124.4,2.77,40.6,,541.0,0.25,,69.5,77.4,24.6,41.4,66.5,59.6,72.8,36.2,183.5,,,,,,,,,,,,,,,,,,,,,,,,,,,,,-0.015423703543755884,-11.999993714072,,,-0.09270939810426748,-16.666666666666664,-0.014925650216675912,-7.8947368421052655,-0.06682249624540182,-14.878892733564008,-0.0352818141446396,-8.816120906801006,-0.013333530869465093,-2.931596091205202,-0.00716848947861326,-2.524544179523136,-0.04948005726336957,-8.000000000000007,0.03832737932476604,-28.765527950310567,-0.025398190605610438,-34.66386554621849,0.040821994520255256,-3.8461538461538547,0.0,-7.0446735395188975,,,,,,,,,,,,,,,0.49999999999999994,0.8660254037844387,1,1
1376-02,1376-02-01,1997-04-21,1376,2,,1.9,,19.1,,,,,,,,19.4,188.5,,,,,,342.9869565217391,344.0,118.8,2.74,43.0,,541.0,0.24,,69.7,91.5,26.6,37.9,63.7,60.1,73.3,37.7,172.6,,,,,,,,,,,,,,,,,,,,,,,,,,,,,-0.013976256776350837,-12.545291229833587,,,0.08748745412311587,0.0,-0.04301738508369102,-12.859097127222974,0.07816477284933665,-0.3745318352059823,0.04060097562223941,-1.8229166666666519,0.008354267469857568,-3.37620578778135,0.0028735651957321195,-3.596127247579517,-0.08832976874288789,-18.142548596112306,-0.061237888845298016,-34.147272033574986,-0.046060773376534137,-41.764705882352935,-0.040821994520255256,-4.0000000000000036,0.0,-8.46023688663282,,,,,,,,,,,,,,,0.8660254037844386,0.5000000000000001,0,0
1376-03,1376-03-01,1997-05-22,1376,3,,1.76,,17.6,,,,,,,,17.9,187.0,,,,,,342.6545454545454,341.0,112.1,2.76,42.6,,550.0,0.25,,67.5,84.2,24.8,37.2,61.3,58.6,74.0,36.0,148.4,,,,,,,,,,,,,,,,,,,,,,,,,,,,,-0.0009696352752266435,-11.67262110658337,,,-0.08178943300847807,-3.825136612021851,-0.0384047196359516,-13.66197183098592,-0.0700675626167171,-5.343511450381677,-0.046141155997855066,-3.4852546916889993,-0.025275144958194495,-2.170283806343898,-0.03207271988799398,-4.390934844192628,-0.018642350809279673,-20.342612419700213,-0.15106544791604737,-34.71183457985042,-0.05805007685043062,-43.269230769230774,0.040821994520255256,-7.407407407407418,0.016498999380035073,-2.3090586145648295,,,,,,,,,,,,,,,1.0,6.123233995736766e-17,0,0
1376-04,1376-04-01,1997-06-22,1376,4,,1.8,,18.4,,,,,,,,18.3,186.9,,,,,,327.0022727272727,324.0,106.1,2.67,41.9,,535.0,0.25,,65.0,77.7,25.7,37.7,60.0,56.9,70.7,36.0,136.2,,,,,,,,,,,,,,,,,,,,,,,,,,,,,-0.046755662424821764,-14.611261644685747,,,0.04445176257083361,-6.122448979591855,-0.021435280720065286,-14.28571428571429,0.03564733873023762,-6.884057971014501,0.0,-5.013192612137196,-0.029439355450682214,-3.2312925170068008,-0.03774032798284743,-6.609195402298839,0.013351333174863811,-22.2680412371134,-0.08578693701786833,-32.77393879565646,-0.0550092844581771,-46.35995955510618,0.0,-10.71428571428572,-0.027651531330509904,-2.5500910746812377,,,,,,,,,,,,,,,0.8660254037844387,-0.4999999999999998,0,0
1376-05,1376-05-01,1997-07-23,1376,5,,1.84,,18.7,,,,,,,,18.7,186.6,,,,,,324.51,324.0,112.9,2.67,45.2,,544.0,0.26,,64.1,77.2,26.5,36.0,60.0,56.5,67.4,36.4,150.6,,,,,,,,,,,,,,,,,,,,,,,,,,,,,-0.00765076879910076,-16.0822342901474,,,0.016172859245600968,-9.223300970873794,0.0,-13.043478260869568,0.030653741091002384,-5.35714285714286,0.011049836186585171,-4.461942257217855,-0.007054702979889527,-3.4188034188034178,-0.01394290596901282,-7.1014492753623255,-0.046141155997855066,-26.38036809815951,0.10050292165038144,-21.398747390396654,0.06212042553567976,-39.13746630727763,0.03922071315328135,-3.703703703703709,0.01668249995993598,-3.7168141592920367,,,,,,,,,,,,,,,0.49999999999999994,-0.8660254037844387,0,0
1376-06,1376-06-01,1997-08-23,1376,6,,1.79,,18.5,,,,,,,,18.7,186.6,,,,,,322.747619047619,323.0,112.2,2.7,49.8,,555.0,0.25,,63.6,78.3,26.7,33.9,60.3,55.4,64.1,36.2,151.7,,,,,,,,,,,,,,,,,,,,,,,,,,,,,-0.0054456996901812715,-16.22632074981425,,,-0.010752791776261983,-18.14159292035399,0.004987541511039417,-9.3233082706767,0.007518832414027177,-10.702341137123739,-0.005509655810969516,-6.940874035989708,-0.01966104439915739,-2.8070175438596467,-0.00783089358054756,-5.497771173848431,-0.06010392406970544,-29.81366459627329,0.00727757098869386,-15.10912143256855,-0.00621947806702039,-22.833562585969737,-0.03922071315328135,-3.8461538461538547,0.02001886689049215,-2.4604569420035194,,,,,,,,,,,,,,,1.2246467991473532e-16,-1.0,0,0
1376-07,1376-07-01,1997-09-23,1376,7,,1.76,,19.9,,,,,,,,20.0,186.0,,,,,,328.1636363636364,325.0,120.4,2.63,51.9,,611.0,0.25,,62.4,74.3,28.4,33.9,60.6,54.3,60.6,37.0,151.6,,,,,,,,,,,,,,,,,,,,,,,,,,,,,0.01664172271165132,-13.860814043931025,,,0.07294899964616786,-17.76859504132232,0.004962789342129348,-3.961965134706813,0.061725579760956606,-12.074303405572751,0.021858793812498778,-7.268170426065157,-0.020055366813348297,-1.8083182640144635,-0.019048194970694432,-4.294478527607371,0.0,-27.872340425531917,-0.0006594131462156483,-14.831460674157304,0.07053653978612395,-5.8639562157935865,0.0,0.0,0.0961288454251612,15.719696969696972,,,,,,,,,,,,,,,-0.4999999999999997,-0.8660254037844388,0,0
1376-08,1376-08-01,1997-10-23,1376,8,,1.83,,19.0,,,,,,,,19.1,185.5,,,,,,310.2977272727273,306.0,117.2,2.66,51.8,,676.0,0.26,,62.4,72.9,27.3,34.6,61.6,54.0,59.2,36.1,149.9,,,,,,,,,,,,,,,,,,,,,,,,,,,,,-0.05598012819454201,-18.46997211290986,,,-0.046280752564006544,-15.92920353982301,0.016366977464205235,-1.9108280254776955,-0.039502442976246055,-13.33333333333333,-0.02462504730538928,-8.838383838383834,-0.005540180375615211,-3.57142857142857,0.0,-3.852080123266577,0.020438667677274314,-26.539278131634813,-0.0112770680997194,-15.022675736961455,-0.02693765573180773,-0.4248088360237934,0.03922071315328135,8.333333333333348,0.10109611687136866,30.754352030947786,,,,,,,,,,,,,,,-0.8660254037844385,-0.5000000000000004,0,0
1376-09,1376-09-01,1997-11-22,1376,9,,1.85,,17.0,,,,,,,,17.1,185.5,,,,,,290.26,289.0,113.5,2.65,43.3,,622.0,0.27,,61.6,77.6,24.2,34.7,60.6,52.8,55.9,33.7,144.6,,,,,,,,,,,,,,,,,,,,,,,,,,,,,-0.06675517409501897,-21.69804727016339,,,-0.1112256351102241,-28.87029288702928,-0.016366977464205235,-4.113924050632911,-0.12053406902827346,-28.613569321533927,-0.06879502798051895,-18.203883495145632,-0.022472855852058604,-5.545617173524153,-0.012903404835907573,-4.496124031007753,0.002886004889134597,-26.63847780126849,-0.03599709538388751,-17.70062606715993,-0.032079040221455024,-3.5683942225998355,0.03774032798284699,12.500000000000021,-0.08325298330378494,21.011673151750966,,,,,,,,,,,,,,,-1.0,-1.8369701987210297e-16,0,0
1376-10,1376-10-01,1997-12-22,1376,10,,1.82,,15.1,,,,,,,,15.0,184.0,,,,,,287.39761904761906,289.0,114.7,2.65,40.5,,625.0,0.25,,60.2,77.6,21.9,34.2,60.1,51.6,51.7,31.7,137.1,,,,,,,,,,,,,,,,,,,,,,,,,,,,,-0.009910383886657215,-20.559305155049834,,,-0.11851860023533733,-35.744680851063826,-0.008285051534107524,-8.103975535168207,-0.09986599634018578,-33.02752293577983,-0.061181156475081266,-22.68292682926829,-0.022989518224698635,-10.880829015544036,-0.022989518224698635,-9.473684210526311,-0.01451404288425362,-27.542372881355924,-0.05326072315639596,-21.969265793966986,0.01051718721386763,-3.125,-0.07696104113612834,4.166666666666674,0.0048115569972218,17.041198501872667,,,,,,,,,,,,,,,-0.8660254037844386,0.5000000000000001,0,0
1376-11,1376-11-01,1998-01-21,1376,11,,1.79,,14.1,,,,,,,,14.1,183.5,,,,,,298.9440909090909,297.0,113.4,2.63,41.8,,634.0,0.24,,61.3,77.6,21.0,32.9,59.9,52.1,56.5,31.3,140.1,,,,,,,,,,,,,,,,,,,,,,,,,,,,,0.03938987982477471,-13.831469580540979,,,-0.0685199464367563,-32.21153846153847,-0.0033333364197583037,-9.5166163141994,-0.04196419909903204,-26.056338028169012,-0.012698583337127367,-18.701298701298697,0.009643276271804169,-11.54499151103565,0.01810749062738992,-9.852941176470598,-0.03875298629723378,-27.212389380530976,0.021645866774693268,-18.735498839907194,-0.011398632841673084,-6.820049301561215,-0.040821994520255256,0.0,0.014297304700824576,20.303605313092987,,,,,,,,,,,,,,,-0.5000000000000004,0.8660254037844384,0,0
1376-12,1376-12-01,1998-02-20,1376,12,,1.79,,13.1,,,,,,,,13.1,183.5,,,,,,294.54285714285714,296.0,114.2,2.61,41.8,,652.0,0.22,,59.9,72.9,19.9,33.9,59.1,51.3,55.4,30.3,138.9,,,,,,,,,,,,,,,,,,,,,,,,,,,,,-0.01483205137336352,-16.61217425194339,,,-0.07356256717701681,-31.770833333333336,-0.013445580709350757,-12.444444444444446,-0.05380270599297621,-24.334600760456283,-0.032470385030784144,-19.199999999999996,-0.015474196582597521,-15.06622516556292,-0.02310333782076235,-14.428571428571434,0.02994235661507849,-22.06896551724138,-0.008602203582663392,-21.347678369195922,0.007029905928257918,-10.501567398119116,-0.08701137698962969,-8.333333333333325,0.02799560748942742,20.517560073937148,,,,,,,,,,,,,,,-2.4492935982947064e-16,1.0,0,1
1377-01,1377-01-01,1998-03-21,1377,1,,1.79,,13.4,,,,,,,,13.5,185.0,,,,,,305.3595238095238,308.0,107.1,2.54,43.6,,662.0,0.21,,60.3,72.2,20.4,36.2,60.2,51.7,54.4,30.7,130.2,,,,,,,,,,,,,,,,,,,,,,,,,,,,,0.03606533138918788,-12.206158185128913,,,0.022642476749759943,-23.42857142857143,0.018441427902723184,-9.473684210526311,0.024815169119723812,-17.073170731707332,0.01311494207782804,-15.193370165745868,0.007767029337659714,-13.25503355704698,0.00665559861173648,-13.237410071942445,0.0656441044453211,-12.56038647342994,-0.06468251998582986,-29.046321525885567,-0.06418831976820716,-13.906752411575575,-0.04652001563489283,-16.000000000000004,0.015220994010355149,22.36598890942698,,,,,,,,,,,,,,,0.49999999999999994,0.8660254037844387,1,1
1377-02,1377-02-01,1998-04-21,1377,2,,1.78,,14.4,,,,,,,,14.0,186.5,,,,,,303.9304347826087,299.0,106.1,2.51,40.0,,671.0,0.2,,58.8,69.8,21.0,35.6,59.5,50.3,51.6,30.7,128.9,,,,,,,,,,,,,,,,,,,,,,,,,,,,,-0.004691006728137381,-11.387174059097182,,,0.07197349962508914,-24.607329842931946,-0.011696039763191557,-6.593406593406592,0.028987536873252395,-21.052631578947366,0.0,-18.56763925729443,-0.0274527044086903,-16.306156405990023,-0.025190248828558914,-15.63845050215209,-0.01671348097374059,-6.068601583113454,-0.010034819829326302,-25.318655851680184,-0.009380931833765871,-10.690235690235694,-0.04879016416943194,-16.666666666666664,0.01350358103467375,24.02957486136783,,,,,,,,,,,,,,,0.8660254037844386,0.5000000000000001,0,0
1377-03,1377-03-01,1998-05-22,1377,3,,1.7,,12.1,,,,,,,,12.5,189.2,,,,,,292.77857142857147,292.0,104.2,2.5,40.3,,629.0,0.18,,56.5,65.0,18.6,34.7,57.4,48.4,50.0,28.4,120.6,,,,,,,,,,,,,,,,,,,,,,,,,,,,,-0.03738224787072841,-14.55576022194932,,,-0.17402275397925937,-31.25000000000001,-0.03593200922606332,-6.36215334420881,-0.12136085700426724,-25.0,-0.07787350942599103,-21.111111111111114,-0.03850526338310756,-17.4061433447099,-0.0399012167521855,-16.296296296296298,-0.025605950905171593,-6.720430107526876,-0.0665576256520568,-18.733153638814027,-0.018069916300670563,-7.047279214986613,-0.10536051565782634,-28.000000000000004,-0.06463788027124107,14.363636363636356,,,,,,,,,,,,,,,1.0,6.123233995736766e-17,0,0
1377-04,1377-04-01,1998-06-22,1377,4,,1.67,,12.0,,,,,,,,12.7,190.5,,,,,,294.0217391304348,293.0,100.5,2.4,39.7,,612.0,0.19,,55.7,63.3,18.4,34.4,56.8,47.8,49.2,28.1,118.9,,,,,,,,,,,,,,,,,,,,,,,,,,,,,0.004237112828294087,-10.08571999263883,,,-0.008298802814695083,-34.78260869565217,-0.010507977598415152,-5.333333333333334,-0.010810916104215806,-28.404669260700388,-0.010619568827460402,-21.944444444444443,-0.012474174225175716,-15.992970123022854,-0.014260491219157068,-14.3076923076923,-0.008683122573460711,-8.753315649867389,-0.014196480596348593,-12.701908957415553,-0.03615440182013607,-5.27803958529689,0.054067221270275745,-24.0,-0.027398974188114877,14.392523364485976,,,,,,,,,,,,,,,0.8660254037844387,-0.4999999999999998,0,0
1377-05,1377-05-01,1998-07-23,1377,5,,1.66,,11.9,,,,,,,,12.5,190.5,,,,,,287.0263636363636,284.0,87.9,2.37,35.6,,592.0,0.19,,54.4,64.1,17.7,34.2,54.3,46.8,49.5,27.3,108.0,,,,,,,,,,,,,,,,,,,,,,,,,,,,,-0.024079636324626286,-11.550841688587832,,,-0.008368249670516636,-36.36363636363637,-0.045012098787216015,-9.500000000000009,-0.0387860250351566,-33.20754716981133,-0.028882874148785653,-25.0,-0.021142436573808876,-17.16814159292036,-0.023615993071341546,-15.132605304212166,-0.005830920310792909,-4.999999999999993,-0.09615157657251672,-28.28685258964143,-0.13395792280799856,-22.143489813994687,0.0,-26.923076923076927,-0.03322564762832059,8.823529411764696,,,,,,,,,,,,,,,0.49999999999999994,-0.8660254037844387,0,0
1377-06,1377-06-01,1998-08-23,1377,6,,1.64,,13.4,,,,,,,,13.8,190.5,,,,,,285.4136363636364,289.0,86.3,2.33,37.3,,615.0,0.16,,54.7,61.7,19.5,33.8,54.2,47.2,52.2,28.6,107.9,,,,,,,,,,,,,,,,,,,,,,,,,,,,,-0.005634587169103256,-11.567547049347649,,,0.11871630683938195,-27.567567567567565,-0.0018433184942892034,-10.116086235489208,0.09684982598991754,-26.96629213483146,0.04652001563489261,-20.994475138121548,0.008510689667908355,-14.801444043321288,0.005499555566038428,-13.993710691823901,-0.011764841579586793,-0.2949852507374673,-0.0009263548601312621,-28.872775214238622,-0.018370206601749928,-23.083778966131906,-0.17185025692665934,-36.0,0.03811563292251208,10.81081081081081,,,,,,,,,,,,,,,1.2246467991473532e-16,-1.0,0,0
1377-07,1377-07-01,1998-09-23,1377,7,,1.64,,12.6,,,,,,,,13.3,189.6,,,,,,296.6068181818182,296.0,95.5,2.17,35.1,,614.0,0.16,,55.1,60.7,18.4,32.6,54.8,47.1,53.0,27.9,126.5,,,,,,,,,,,,,,,,,,,,,,,,,,,,,0.03846793350889932,-9.616183722089866,,,-0.061557892999433594,-36.68341708542713,0.011009285508369437,-9.570957095709575,-0.058063800954760936,-35.2112676056338,-0.02478002899848697,-24.5945945945946,-0.0021208915691373065,-13.25966850828728,0.007286006730933714,-11.69871794871794,-0.03614851411631115,-3.834808259587008,0.1590374359034863,-16.556728232189965,0.10129664939730265,-20.681063122923593,0.0,-36.0,-0.0016273396593753375,0.49099836333879043,,,,,,,,,,,,,,,-0.4999999999999997,-0.8660254037844388,0,0
1377-08,1377-08-01,1998-10-23,1377,8,,1.66,,10.9,,,,,,,,11.9,186.7,,,,,,293.6,294.0,98.1,2.15,37.6,,614.0,0.18,,56.0,61.0,16.9,31.6,56.5,47.6,52.1,27.0,130.2,,,,,,,,,,,,,,,,,,,,,,,,,,,,,-0.010189120500395887,-5.381195479414924,,,-0.14493402472233408,-42.63157894736842,0.030550444198425453,-8.279220779220786,-0.08503704268591239,-38.0952380952381,-0.03278982282299081,-25.207756232686982,0.010559760215002267,-11.851851851851848,0.016201974576280698,-10.256410256410254,-0.031155167779795434,-8.670520231213874,0.02882942160689339,-13.142094729819886,0.026861119084633067,-16.296928327645055,0.1177830356563836,-30.76923076923077,0.0,-9.171597633136097,,,,,,,,,,,,,,,-0.8660254037844385,-0.5000000000000004,0,0
1377-09,1377-09-01,1998-11-22,1377,9,,1.66,,9.8,,,,,,,,10.4,182.8,,,,,,293.47857142857146,292.0,95.8,2.13,33.1,,591.0,0.18,,54.9,60.2,15.2,30.9,54.7,46.5,52.7,25.5,126.2,,,,,,,,,,,,,,,,,,,,,,,,,,,,,-0.00041367060243668874,1.108858068135965,,,-0.10638040355857159,-42.35294117647058,-0.032376928724460186,-9.735973597359738,-0.10601819407679702,-37.1900826446281,-0.057158413839948796,-24.332344213649858,-0.023380448644064078,-11.931818181818176,-0.019838342219665073,-10.876623376623385,-0.022400936689166873,-10.951008645533156,-0.031203779667355214,-12.72475795297372,-0.02372468159450314,-15.594713656387672,0.0,-33.333333333333336,-0.03817891074104374,-4.983922829581989,,,,,,,,,,,,,,,-1.0,-1.8369701987210297e-16,0,0
1377-10,1377-10-01,1998-12-22,1377,10,,1.71,,11.1,,,,,,,,11.4,181.8,,,,,,287.82142857142856,287.0,97.4,2.02,34.1,,542.0,0.18,,55.2,58.7,16.6,30.7,55.0,46.4,53.7,26.4,125.3,,,,,,,,,,,,,,,,,,,,,,,,,,,,,-0.019464377988616555,0.14746452152731848,,,0.12456272264176205,-26.490066225165563,0.005469475804535939,-8.485856905158073,0.0881072675102672,-24.200913242009126,0.03468555798789019,-16.719242902208208,-0.002152853361101048,-10.077519379844968,0.005449604767565397,-8.30564784053156,-0.006493529310548141,-10.233918128654985,-0.007157088205090645,-8.60685630926331,0.01656352567167474,-15.082824760244106,0.0,-28.000000000000004,-0.08655001596645207,-13.280000000000003,,,,,,,,,,,,,,,-0.8660254037844386,0.5000000000000001,0,0
1377-11,1377-11-01,1999-01-21,1377,11,,1.79,,10.2,,,,,,,,10.8,181.6,,,,,,287.3,287.0,94.2,2.01,32.9,,482.0,0.15,,52.7,55.8,15.6,31.8,51.6,44.8,53.8,25.2,117.0,,,,,,,,,,,,,,,,,,,,,,,,,,,,,-0.0018132821640639563,-3.895073113397607,,,-0.08455738802806323,-27.65957446808511,-0.06381151274495389,-13.856427378964941,-0.06213178110700657,-25.71428571428571,-0.04652001563489305,-19.48881789137381,-0.035091319811269894,-14.011516314779282,-0.046347497735733434,-14.029363784665572,0.03520363519297964,-3.3434650455926973,-0.06853692710426618,-16.488222698072796,-0.03340602906617196,-16.93121693121693,-0.18232155679395468,-37.5,-0.11732188738904625,-23.97476340694006,,,,,,,,,,,,,,,-0.5000000000000004,0.8660254037844384,0,0
1377-12,1377-12-01,1999-02-20,1377,12,,1.76,,12.5,,,,,,,,13.2,181.8,,,,,,287.90250000000003,286.0,96.2,1.95,32.9,,444.0,0.13,,51.3,53.7,18.0,33.9,49.8,43.9,53.8,26.5,117.3,,,,,,,,,,,,,,,,,,,,,,,,,,,,,0.0020949151658689047,-2.254462120477241,,,0.2033409240180304,-4.580152671755721,-0.03550668845690996,-15.736040609137058,0.14310084364067333,-9.547738693467334,0.0503007384747991,-12.541254125412548,-0.02029381933981389,-14.42495126705653,-0.026924703370592606,-14.35726210350584,0.06394872460027345,0.0,0.0025608208616736405,-15.55075593952484,0.021009176089343384,-15.76182136602452,-0.14310084364067333,-40.90909090909091,-0.08211955161837547,-31.90184049079755,,,,,,,,,,,,,,,-2.4492935982947064e-16,1.0,0,1
1378-01,1378-01-01,1999-03-21,1378,1,,1.72,,15.3,,,,,,,,15.9,180.5,,,,,,281.8636363636364,283.0,94.1,1.87,36.9,,443.0,0.12,,50.6,51.6,21.4,32.3,49.0,43.9,53.8,28.9,113.9,,,,,,,,,,,,,,,,,,,,,,,,,,,,,-0.02119848615955089,-7.69449963530321,,,0.20212418409013422,14.179104477611947,-0.016194685919980856,-18.6046511627907,0.1730191641316412,4.90196078431373,0.08669686212620986,-5.863192182410426,0.0,-15.087040618955516,-0.013739175883304089,-16.086235489220556,-0.048347784157793505,-10.773480662983436,-0.029413885206293067,-12.51920122887864,-0.02207131108032634,-12.138188608776845,-0.08004270767353638,-42.85714285714286,-0.002254792387089033,-33.08157099697885,,,,,,,,,,,,,,,0.49999999999999994,0.8660254037844387,1,1
1378-02,1378-02-01,1999-04-21,1378,2,,1.73,,15.1,,,,,,,,16.1,180.5,,,,,,280.745652173913,276.0,92.5,1.89,38.3,,422.0,0.13,,50.3,53.0,21.4,32.4,47.7,44.0,55.2,28.9,113.0,,,,,,,,,,,,,,,,,,,,,,,,,,,,,-0.003974287961623801,-7.628318837262538,,,-0.013158084577510998,4.861111111111116,-0.026888900216330835,-19.83193277310924,0.0,1.904761904761898,0.0,-5.863192182410426,0.0022753138371354176,-12.5248508946322,-0.005946499187726495,-14.45578231292517,0.0030911925696726072,-8.988764044943832,-0.00793305174079606,-12.33514352211017,-0.017149402072954345,-12.818096135721014,0.08004270767353638,-35.0,-0.048564456009123624,-37.108792846497764,,,,,,,,,,,,,,,0.8660254037844386,0.5000000000000001,0,0
1378-03,1378-03-01,1999-05-22,1378,3,,1.72,,15.8,,,,,,,,16.4,180.5,,,,,,264.22857142857146,261.0,93.7,1.91,39.0,,406.0,0.13,,49.9,52.4,22.2,32.2,46.6,43.5,56.8,29.2,111.4,,,,,,,,,,,,,,,,,,,,,,,,,,,,,-0.0606345776071926,-9.75139671619215,,,0.045315196212042164,30.578512396694222,-0.02333085676269553,-18.81533101045296,0.03670136685042813,19.354838709677402,0.010327114155849415,2.8169014084507005,-0.011428695823622714,-10.123966942148755,-0.00798407434822046,-11.681415929203542,-0.006191970247920953,-7.20461095100865,-0.014260491219157068,-7.628524046434482,0.012889544725996238,-10.076775431861806,0.0,-27.777777777777768,-0.038652154434279495,-35.45310015898251,,,,,,,,,,,,,,,1.0,6.123233995736766e-17,0,0
1378-04,1378-04-01,1999-06-22,1378,4,,1.78,,19.0,,,,,,,,19.0,177.0,,,,,,257.8760869565217,256.0,84.0,2.0,39.6,,391.0,0.12,,48.3,49.6,25.7,31.6,44.5,43.3,57.0,31.5,103.0,,,,,,,,,,,,,,,,,,,,,,,,,,,,,-0.024335342988262454,-12.29353049907581,,,0.18442903913351927,58.33333333333333,-0.04611135195940541,-21.654929577464788,0.14639870302294034,39.67391304347827,0.07581883655735133,12.099644128113862,-0.004608303086194088,-9.414225941422593,-0.0325894420989461,-13.285457809694801,-0.018809331957496234,-8.139534883720923,-0.07839833926354789,-13.372582001682087,-0.10928139040106277,-16.417910447761198,-0.08004270767353638,-36.8421052631579,-0.03764559961636671,-36.111111111111114,,,,,,,,,,,,,,,0.8660254037844387,-0.4999999999999998,0,0
1378-05,1378-05-01,1999-07-23,1378,5,,1.92,,20.2,,,,,,,,20.3,172.4,,,,,,257.1928571428572,257.0,85.7,2.08,45.9,,412.0,0.13,,49.3,47.4,27.6,31.8,46.5,44.2,57.2,33.1,111.3,,,,,,,,,,,,,,,,,,,,,,,,,,,,,-0.0026529660629659446,-10.39399521198784,,,0.06124362524071891,69.74789915966386,0.043963123421115746,-14.364640883977897,0.07132478082193039,55.93220338983051,0.04954573655143024,21.245421245421237,0.020572154075208182,-5.5555555555555465,0.02049252039011762,-9.375,0.00630916919326463,-7.017543859649134,0.07750027005186322,3.0555555555555447,0.02003602676042071,-2.5028441410694047,0.08004270767353638,-31.57894736842105,0.052315789364160814,-30.405405405405407,,,,,,,,,,,,,,,0.49999999999999994,-0.8660254037844387,0,0
1378-06,1378-06-01,1999-08-23,1378,6,,1.87,,22.4,,,,,,,,22.7,164.4,,,,,,255.7369565217392,265.0,86.5,2.2,43.6,,414.0,0.15,,50.2,47.5,29.7,31.9,47.6,45.2,57.8,34.9,113.2,,,,,,,,,,,,,,,,,,,,,,,,,,,,,-0.005676817732886086,-10.397779244186879,,,0.10337835445383492,67.16417910447761,0.023380448644064078,-12.177121771217713,0.07333127308554932,52.3076923076923,0.05295354682536413,22.02797202797202,0.02237229775453331,-4.23728813559322,0.018090945649039014,-8.226691042047529,0.0031397200046678897,-5.621301775147924,0.01692690748758352,4.9119555143651406,0.00929158833409982,0.2317497103128563,0.14310084364067333,-6.25,0.004842624475787538,-32.68292682926829,,,,,,,,,,,,,,,1.2246467991473532e-16,-1.0,0,0
1378-07,1378-07-01,1999-09-23,1378,7,,1.85,,22.0,,,,,,,,22.0,157.0,,,,,,307.7122727272727,311.0,85.8,2.47,47.2,,400.0,0.15,,50.1,49.0,29.6,31.5,47.1,45.0,57.7,34.7,108.1,,,,,,,,,,,,,,,,,,,,,,,,,,,,,0.18501576426046729,3.7441669795489796,,,-0.01801850550267803,74.60317460317461,-0.010559760215002267,-14.05109489051094,-0.003372684478639254,60.86956521739133,-0.005747142255568161,24.372759856630832,-0.004434597067866086,-4.458598726114649,-0.001994018606864323,-9.074410163339387,-0.012618463959211734,-3.3742331288343586,-0.04609944112392039,-14.54545454545455,-0.008125407443917432,-10.157068062827223,0.0,-6.25,-0.034401426717332484,-34.853420195439746,,,,,,,,,,,,,,,-0.4999999999999997,-0.8660254037844388,0,0
1378-08,1378-08-01,1999-10-23,1378,8,,1.93,,24.6,,,,,,,,24.2,148.3,,,,,,293.5665,293.0,85.4,2.51,43.1,,387.0,0.14,,50.0,51.3,31.9,31.1,46.3,45.1,58.2,36.3,108.8,,,,,,,,,,,,,,,,,,,,,,,,,,,,,-0.04706097748616944,-0.011410081743867817,,,0.11170398958000094,125.68807339449543,-0.017131039930184055,-18.053097345132752,0.07483164846078427,88.75739644970415,0.04507805431799161,34.444444444444436,0.0022197567383130945,-5.252100840336138,-0.0019980026626731373,-10.71428571428571,-0.012779726646398704,-1.5822784810126556,0.006454609776680442,-16.436251920122878,-0.00467290569939216,-12.945973496432206,-0.06899287148695143,-22.22222222222221,-0.03303985407819976,-36.970684039087956,,,,,,,,,,,,,,,-0.8660254037844385,-0.5000000000000004,0,0
1378-09,1378-09-01,1999-11-22,1378,9,,1.94,,25.6,,,,,,,,25.1,147.5,,,,,,286.54,283.0,87.2,2.66,44.0,,375.0,0.13,,49.9,53.2,33.1,31.3,45.9,45.4,57.9,37.2,102.2,,,,,,,,,,,,,,,,,,,,,,,,,,,,,-0.02422604694770225,-2.3642514664005687,,,0.039845908547199826,161.22448979591834,-0.008676844025688801,-16.08775137111518,0.03692727259221851,117.76315789473686,0.02449102000829617,45.882352941176485,0.006629858538669708,-2.3655913978494647,-0.0020020026706730754,-9.107468123861562,0.006410278360919008,1.2944983818770295,-0.06257965665223875,-19.017432646592713,0.020858230120409438,-8.977035490605424,-0.07410797215372189,-27.777777777777768,-0.03149866705937132,-36.54822335025381,,,,,,,,,,,,,,,-1.0,-1.8369701987210297e-16,0,0
1378-10,1378-10-01,1999-12-22,1378,10,,1.95,,25.4,,,,,,,,25.3,147.2,,,,,,285.91636363636366,284.0,93.3,3.36,48.2,,370.0,0.12,,50.3,49.0,33.3,32.8,47.4,46.4,57.8,37.7,105.8,,,,,,,,,,,,,,,,,,,,,,,,,,,,,-0.0021788092506680456,-0.6618912790894327,,,-0.00784317746102614,128.82882882882885,0.03215711163453161,-13.818181818181818,0.006024114603380593,100.60240963855418,0.013351333174863811,42.80303030303032,0.02178735418490696,0.0,0.00798407434822046,-8.876811594202906,0.046810417843990315,6.84039087947883,0.034618841654594945,-15.562649640861936,0.06761577693836429,-4.20944558521561,-0.08004270767353638,-33.333333333333336,-0.013423020332140823,-31.734317343173434,,,,,,,,,,,,,,,-0.8660254037844386,0.5000000000000001,0,0
1378-11,1378-11-01,2000-01-21,1378,11,,1.96,,27.7,,,,,,,,27.2,144.5,,,,,,296.4442857142857,300.0,95.2,3.46,51.5,,358.0,0.12,,50.4,46.1,36.1,34.6,47.9,46.5,58.5,39.6,107.9,,,,,,,,,,,,,,,,,,,,,,,,,,,,,0.036159961038030985,3.1828352642832236,,,0.08668323916880194,171.56862745098042,0.010493275715838468,-7.170542635658917,0.08073546835243706,131.41025641025644,0.0491690238064697,57.14285714285716,0.002152853361101048,3.7946428571428603,0.001986097971629519,-4.36432637571158,0.05342516667358099,8.805031446540879,0.01965435283988981,-7.777777777777772,0.020159833944021877,1.0615711252653925,0.0,-19.999999999999996,-0.03297001923756948,-25.72614107883817,,,,,,,,,,,,,,,-0.5000000000000004,0.8660254037844384,0,0
1378-12,1378-12-01,2000-02-20,1378,12,,1.98,,27.5,,,,,,,,27.5,143.0,,,,,,292.133,286.0,95.1,3.51,53.6,,363.0,0.11,,50.0,45.7,36.1,34.4,47.3,45.9,58.7,39.4,105.7,,,,,,,,,,,,,,,,,,,,,,,,,,,,,-0.014650116231531563,1.4694210713696254,,,-0.007246408520766856,120.00000000000001,-0.012605208918982314,-5.020080321285136,0.0,100.55555555555556,-0.005063301956546695,48.67924528301886,-0.012987195526811046,4.555808656036442,-0.007968169649176904,-2.534113060428844,-0.005797117684326114,1.4749262536873253,-0.020599979387896816,-9.889173060528556,-0.001050972245975501,-1.1434511434511574,-0.08701137698962969,-15.384615384615385,0.013869847864150131,-18.243243243243246,,,,,,,,,,,,,,,-2.4492935982947064e-16,1.0,0,1
1379-01,1379-01-01,2000-03-20,1379,1,,1.98,,22.5,,,,,,,,23.5,143.0,,,,,,281.92391304347825,280.0,95.2,3.68,57.4,,366.0,0.13,,50.4,44.4,31.3,33.6,48.0,45.5,59.2,36.0,105.1,,,,,,,,,,,,,,,,,,,,,,,,,,,,,-0.03557195539128344,0.021385050097100233,,,-0.20067069546215155,47.058823529411754,0.014690715410003996,-2.0408163265306145,-0.14267476779272759,46.26168224299067,-0.09024687784777807,24.567474048442904,-0.008752791109594593,3.6446469248291535,0.007968169649176904,-0.39525691699605625,-0.023530497410193973,4.024767801857609,-0.005692614993286327,-7.7260755048288114,0.001050972245975501,1.1689691817215797,0.16705408466316607,8.333333333333348,0.008230499136515412,-17.381489841986454,,,,,,,,,,,,,,,0.49999999999999994,0.8660254037844387,1,1
1379-02,1379-02-01,2000-04-20,1379,2,,1.99,,27.3,,,,,,,,27.2,143.0,,,,,,276.66772727272723,275.0,96.4,3.55,63.4,,338.0,0.15,,50.0,45.6,37.1,34.7,47.5,45.6,58.6,39.9,112.1,,,,,,,,,,,,,,,,,,,,,,,,,,,,,-0.018819976998706522,-1.4525335903188386,,,0.19337139298054007,80.79470198675497,-0.01047129986729578,-0.41928721174004924,0.16999887206728204,73.36448598130842,0.1028573854397079,38.06228373702423,0.0021953905634357618,3.6363636363636376,-0.007968169649176904,-0.5964214711729587,0.032213619983654684,7.098765432098775,0.06447905219520855,-0.7964601769911539,0.012526259819179764,4.216216216216218,0.14310084364067333,15.384615384615374,-0.07958743791834699,-19.905213270142173,,,,,,,,,,,,,,,0.8660254037844386,0.5000000000000001,0,0
1379-03,1379-03-01,2000-05-21,1379,3,,1.93,,29.7,,,,,,,,29.6,142.0,,,,,,281.0686363636364,286.0,84.3,3.6,72.3,,330.0,0.18,,49.1,43.6,40.5,36.7,46.5,45.0,58.5,42.0,113.5,,,,,,,,,,,,,,,,,,,,,,,,,,,,,0.015781651398503627,6.373294471531943,,,0.0842603436177396,87.97468354430377,-0.021277398447284934,-0.21459227467811592,0.08768500449910377,82.43243243243244,0.05129329438755059,43.83561643835616,-0.013245226750020933,3.4482758620689724,-0.018163970627671056,-1.6032064128256418,0.05603706810771136,13.975155279503104,0.012411506843343467,1.8850987432674993,-0.13412433660869016,-10.032017075773748,0.18232155679395468,38.46153846153846,-0.023953241022493188,-18.7192118226601,,,,,,,,,,,,,,,1.0,6.123233995736766e-17,0,0
1379-04,1379-04-01,2000-06-21,1379,4,,1.9,,28.5,,,,,,,,28.2,140.3,,,,,,284.254347826087,282.0,75.3,3.96,70.2,,339.0,0.21,,47.9,44.8,39.1,39.2,44.9,44.5,56.8,40.9,109.0,,,,,,,,,,,,,,,,,,,,,,,,,,,,,0.01127053126628308,10.229044957554635,,,-0.04124295853404902,50.0,-0.03501451784510179,0.8988764044943753,-0.03517950712117335,52.14007782101169,-0.0265395552346126,29.841269841269845,-0.011173300598124936,2.771362586605086,-0.02474353038360544,-0.8281573498964745,0.065899991735892,24.0506329113924,-0.04045495469231408,5.825242718446599,-0.11290173020196193,-10.357142857142865,0.15415067982725827,75.0,0.026907452919924246,-13.299232736572886,,,,,,,,,,,,,,,0.8660254037844387,-0.4999999999999998,0,0
1379-05,1379-05-01,2000-07-22,1379,5,,1.89,,29.4,,,,,,,,29.3,148.6,,,,,,276.1095238095238,274.0,75.6,4.01,75.9,,329.0,0.23,,47.7,41.1,40.6,41.0,45.2,44.4,57.3,41.9,108.4,,,,,,,,,,,,,,,,,,,,,,,,,,,,,-0.02907181589625374,7.355051332611229,,,0.031090587070031095,45.54455445544554,0.006659292089977065,-2.7956989247311714,0.037645599616367154,47.101449275362306,0.024155763879336156,26.586102719033235,-0.002249719734015443,0.4524886877828038,-0.004184106522573838,-3.2454361054766623,0.044895319907891196,28.93081761006289,-0.0055197932235975244,-2.605570530098822,0.003976148379639888,-11.785297549591611,0.09097177820572666,76.92307692307692,-0.029942356615078047,-20.14563106796117,,,,,,,,,,,,,,,0.49999999999999994,-0.8660254037844387,0,0
1379-06,1379-06-01,2000-08-22,1379,6,,1.81,,32.6,,,,,,,,32.1,157.5,,,,,,273.5217391304348,274.0,80.4,4.03,83.9,,312.0,0.22,,47.5,41.0,45.0,38.2,46.1,44.8,54.3,44.9,117.5,,,,,,,,,,,,,,,,,,,,,,,,,,,,,-0.009416508758721243,6.954326371356423,,,0.10331761402802586,45.5357142857143,0.01971586316441698,-3.1512605042016806,0.10289442316263253,51.515151515151516,0.06915196782011668,28.65329512893984,0.008968669982760247,-0.8849557522124019,-0.004201686853700259,-5.378486055776898,-0.07073655109177857,19.749216300940464,0.08061024457866761,3.7985865724381673,0.06155789299943315,-7.052023121387274,-0.04445176257083383,46.66666666666668,-0.053054562955889395,-24.63768115942029,,,,,,,,,,,,,,,1.2246467991473532e-16,-1.0,0,0
1379-07,1379-07-01,2000-09-22,1379,7,,1.82,,30.9,,,,,,,,31.4,155.9,,,,,,272.65714285714284,270.0,85.0,4.31,84.9,,314.0,0.24,,47.6,40.3,43.3,37.8,46.4,44.1,54.1,43.5,128.2,,,,,,,,,,,,,,,,,,,,,,,,,,,,,-0.003165984713039194,-11.392178010787191,,,-0.05355610446896231,40.45454545454545,0.006486509229606696,-1.4861995753715607,-0.038509854761875406,46.283783783783775,-0.03167685665357034,25.360230547550433,-0.015748356968139365,-2.0000000000000018,0.0021030501967791437,-4.990019960079839,-0.01052641298698731,19.999999999999996,0.08715321090235584,18.59389454209066,0.05563708030539605,-0.9324009324009341,0.08701137698962969,60.00000000000001,0.006389798098770605,-21.499999999999996,,,,,,,,,,,,,,,-0.4999999999999997,-0.8660254037844388,0,0
1379-08,1379-08-01,2000-10-22,1379,8,,1.97,,32.5,,,,,,,,32.3,153.5,,,,,,265.65,266.0,89.2,4.39,91.7,,317.0,0.22,,47.4,38.5,45.7,35.4,46.9,43.5,53.1,45.0,127.7,,,,,,,,,,,,,,,,,,,,,,,,,,,,,-0.02603546603088791,-9.50942972035298,,,0.050483905431992326,32.11382113821137,0.010718216220024335,1.2958963282937441,0.053945662891714985,43.260188087774324,0.03390155167568132,23.96694214876034,-0.013698844358161821,-3.5476718403547713,-0.004210532536343514,-5.200000000000005,-0.06559728248581331,13.826366559485525,-0.003907781448075909,17.371323529411775,0.04822978309564707,4.449648711943799,-0.08701137698962969,57.14285714285714,0.00950878796902721,-18.087855297157617,,,,,,,,,,,,,,,-0.8660254037844385,-0.5000000000000004,0,0
1379-09,1379-09-01,2000-11-21,1379,9,,1.93,,25.1,,,,,,,,25.2,153.5,,,,,,269.9795454545455,271.0,97.6,4.44,133.2,,321.0,0.22,,48.1,37.3,42.5,34.9,48.6,44.4,52.4,43.1,128.1,,,,,,,,,,,,,,,,,,,,,,,,,,,,,0.016166545655914355,-5.779456461734678,,,-0.2583722431979534,-1.953125,0.03560585545421446,5.882352941176472,-0.07259422196978793,28.398791540785485,-0.04313949266061767,15.860215053763426,0.02047853134354094,-2.2026431718061623,0.014659948410684631,-3.607214428857708,-0.014224990931347214,11.501597444089452,0.003127445864195444,25.342465753424648,0.0899964538330833,11.926605504587151,0.0,69.23076923076923,0.012539349252735477,-14.400000000000002,,,,,,,,,,,,,,,-1.0,-1.8369701987210297e-16,0,0
1379-10,1379-10-01,2000-12-21,1379,10,,1.93,,25.6,,,,,,,,26.0,154.5,,,,,,268.60238095238094,265.0,95.2,4.65,124.6,,305.0,0.23,,48.0,39.0,42.2,38.5,48.6,44.6,51.2,43.0,132.8,,,,,,,,,,,,,,,,,,,,,,,,,,,,,-0.005114050197801312,-6.055610970907255,,,0.019724505347778365,0.7874015748031704,0.0,2.5316455696202667,-0.007083854888405128,26.726726726726735,-0.002322881416139566,14.058355437665782,0.004494389587839098,-3.87931034482758,-0.0020811662038244805,-4.572564612326035,0.09817141208535718,17.37804878048781,0.03603302813964504,25.519848771266563,-0.024897551621727132,2.036441586280824,0.04445176257083383,91.66666666666667,-0.051129346522603925,-17.567567567567565,,,,,,,,,,,,,,,-0.8660254037844386,0.5000000000000001,0,0
1379-11,1379-11-01,2001-01-20,1379,11,,1.92,,27.4,,,,,,,,27.2,159.0,,,,,,263.4375,262.0,92.0,4.59,93.4,,304.0,0.22,,47.4,37.0,40.7,36.2,48.1,44.0,51.1,41.8,128.1,,,,,,,,,,,,,,,,,,,,,,,,,,,,,-0.019416000158891222,-11.134229028822562,,,0.06795066190850774,-1.0830324909747335,-0.010341353794732555,0.41753653444676075,-0.036192128593416584,12.742382271468156,-0.028303776162851957,5.555555555555536,-0.013544225107757324,-5.376344086021501,-0.01257878220686015,-5.952380952380953,-0.061599122462013156,4.6242774566473965,-0.03603302813964504,18.721037998146418,-0.03419136474827944,-3.361344537815125,-0.04445176257083383,83.33333333333334,-0.0032840752011900065,-15.083798882681565,,,,,,,,,,,,,,,-0.5000000000000004,0.8660254037844384,0,0
1379-12,1379-12-01,2001-02-19,1379,12,,1.98,,24.4,,,,,,,,25.0,159.1,,,,,,263.4490909090909,263.0,90.3,4.57,87.7,,328.0,0.2,,47.2,38.7,36.9,35.3,47.8,43.4,50.2,39.0,130.2,,,,,,,,,,,,,,,,,,,,,,,,,,,,,4.3997738005785436e-05,-9.818784283497273,,,-0.11595988109486832,-11.272727272727279,-0.006256537614305557,1.0570824524312794,-0.09801654140206795,2.216066481994461,-0.06933469340106413,-1.015228426395931,-0.013730192811901798,-5.446623093681913,-0.004228336109521447,-5.599999999999994,-0.02517615489247449,2.6162790697674465,0.016260520871779427,23.178807947019852,-0.018651116626100972,-5.047318611987384,-0.09531017980432477,81.81818181818184,0.07598590697792229,-9.641873278236911,,,,,,,,,,,,,,,-2.4492935982947064e-16,1.0,0,1
1380-01,1380-01-01,2001-03-21,1380,1,,1.98,,25.6,,,,,,,,25.7,151.3,,,,,,260.4,260.0,88.0,4.48,87.3,,326.0,0.19,,46.6,38.1,38.2,34.8,47.2,42.8,49.7,39.7,129.7,,,,,,,,,,,,,,,,,,,,,,,,,,,,,-0.011641235599766375,-7.634653198133945,,,0.048009219186360585,13.777777777777779,-0.01263174690590052,-1.6666666666666607,0.03462396456604777,22.0447284345048,0.017789541563498545,10.277777777777786,-0.013921338518608106,-5.934065934065935,-0.012793351459909452,-7.539682539682535,-0.014265577158822484,3.5714285714285587,-0.0038476384520702567,23.406279733587066,-0.025800645944732636,-7.5630252100840405,-0.05129329438755059,46.153846153846146,-0.006116227017436415,-10.928961748633881,,,,,,,,,,,,,,,0.49999999999999994,0.8660254037844387,1,1
1380-02,1380-02-01,2001-04-21,1380,2,,2.01,,28.5,,,,,,,,27.5,142.0,,,,,,268.4309523809524,272.0,84.1,4.36,75.0,,295.0,0.21,,47.0,38.7,39.9,33.1,47.8,43.2,49.1,41.0,134.9,,,,,,,,,,,,,,,,,,,,,,,,,,,,,0.030374809950694193,-2.9771361383452377,,,0.10731173578908804,4.395604395604402,0.01263174690590052,0.6315789473684053,0.043540808283288435,7.547169811320753,0.032220879011163106,2.7568922305764465,0.009302392662313697,-5.263157894736836,0.008547060578458332,-6.000000000000005,-0.05008410439741118,-4.610951008645536,0.03930967189131174,20.33898305084747,-0.04533024749930448,-12.759336099585072,0.10008345855698253,39.99999999999999,-0.09992202502688752,-12.72189349112426,,,,,,,,,,,,,,,0.8660254037844386,0.5000000000000001,0,0
1380-03,1380-03-01,2001-05-22,1380,3,,2.05,,27.7,,,,,,,,27.0,133.1,,,,,,272.46521739130435,270.0,83.3,4.33,68.8,,287.0,0.2,,46.8,36.5,38.5,33.3,48.3,42.6,48.5,39.8,127.2,,,,,,,,,,,,,,,,,,,,,,,,,,,,,0.014917243070462938,-3.0609672724925763,,,-0.028471674081312237,-6.734006734006737,0.010405921161116716,3.8709677419354716,-0.03571808260207909,-4.938271604938271,-0.02970515441391619,-5.238095238095242,-0.013986241974739855,-5.333333333333334,-0.004264398786457235,-4.684317718940944,0.006024114603380593,-9.264305177111732,-0.058773112307688,12.070484581497798,-0.009558017806105212,-1.1862396204033177,-0.04879016416943194,11.111111111111116,-0.027493140580198805,-13.030303030303026,,,,,,,,,,,,,,,1.0,6.123233995736766e-17,0,0
1380-04,1380-04-01,2001-06-22,1380,4,,2.12,,24.5,,,,,,,,24.8,135.0,,,,,,269.2404761904762,268.0,91.7,3.75,58.6,,421.0,0.19,,48.8,35.7,34.0,33.4,52.1,43.5,47.5,37.1,123.8,,,,,,,,,,,,,,,,,,,,,,,,,,,,,-0.011906019567779147,-5.281844147832205,,,-0.12275929564261112,-14.035087719298245,0.07573338810079466,16.03563474387528,-0.12429771667757716,-13.043478260869568,-0.07024994267700224,-9.290953545232272,0.020906684819313348,-2.2471910112359605,0.04184710993550045,1.8789144050104456,0.00299850299625648,-14.79591836734695,-0.027093290655526125,13.577981651376136,0.09607383008962245,21.779548472775566,-0.05129329438755059,-9.523809523809524,0.38315061792275973,24.188790560471986,,,,,,,,,,,,,,,0.8660254037844387,-0.4999999999999998,0,0
1380-05,1380-05-01,2001-07-23,1380,5,,2.21,,25.7,,,,,,,,25.8,135.0,,,,,,271.1891304347826,272.0,93.1,3.79,56.9,,427.0,0.18,,48.7,35.8,35.0,33.7,51.8,43.1,47.5,37.7,121.9,,,,,,,,,,,,,,,,,,,,,,,,,,,,,0.007211531957480588,-1.782044062390098,,,0.04781787435049267,-12.585034013605444,-0.005774799493884153,14.601769911504414,0.02898753687325195,-13.793103448275868,0.016043124840575462,-10.023866348448674,-0.009237940984936355,-2.9279279279279202,-0.002051282770557439,2.0964360587002018,0.008941937375661624,-17.80487804878048,-0.015466323763269507,12.45387453874538,0.01515180502060165,23.148148148148138,-0.054067221270275745,-21.739130434782616,0.014151179546243675,29.78723404255319,,,,,,,,,,,,,,,0.49999999999999994,-0.8660254037844387,0,0
1380-06,1380-06-01,2001-08-23,1380,6,,2.36,,25.5,,,,,,,,25.2,135.0,,,,,,278.98409090909087,283.0,90.1,3.79,47.2,,385.0,0.17,,47.1,34.9,33.8,34.4,49.4,41.8,47.8,36.4,122.0,,,,,,,,,,,,,,,,,,,,,,,,,,,,,0.02833828261907101,1.997044840392448,,,-0.007812539736793855,-21.779141104294485,-0.04743972507156036,7.158351409978292,-0.03488725900044054,-24.888888888888893,-0.035091319811269894,-18.930957683741646,-0.030626657578991523,-6.696428571428569,-0.03340602906617196,-0.8421052631578885,0.02055872702103656,-9.947643979057597,0.000820008246030568,3.8297872340425476,-0.032754019668729484,12.064676616915415,-0.057158413839948574,-22.72727272727272,-0.10354067894084018,23.397435897435905,,,,,,,,,,,,,,,1.2246467991473532e-16,-1.0,0,0
1380-07,1380-07-01,2001-09-23,1380,7,,2.27,,20.5,,,,,,,,20.7,135.9,,,,,,286.75666666666666,283.0,86.6,3.52,49.6,,373.0,0.15,,44.9,34.8,28.6,34.7,46.8,40.0,45.3,32.4,123.3,,,,,,,,,,,,,,,,,,,,,,,,,,,,,0.02747924643038857,5.171155122428317,,,-0.21825356602001778,-33.65695792880259,-0.054067221270275745,0.8620689655172376,-0.16705408466316607,-33.949191685912226,-0.11641035184441151,-25.517241379310352,-0.044016885416774176,-9.297052154195018,-0.0478352062741636,-5.672268907563027,0.008683122573460711,-8.201058201058187,0.010599365437041541,-3.8221528861154375,-0.039620349045902614,1.8823529411764683,-0.1251631429540061,-37.5,-0.0316649146439687,18.78980891719746,,,,,,,,,,,,,,,-0.4999999999999997,-0.8660254037844388,0,0
1380-08,1380-08-01,2001-10-23,1380,8,,2.28,,18.9,,,,,,,,18.7,140.5,,,,,,277.3727272727273,276.0,89.5,3.46,48.1,,391.0,0.17,,46.1,37.2,26.7,35.0,48.4,41.1,44.9,31.4,125.3,,,,,,,,,,,,,,,,,,,,,,,,,,,,,-0.03327181727458761,4.412846705336837,,,-0.08126296407876588,-41.846153846153854,0.03361661079898459,3.1982942430703654,-0.06874315241960316,-41.57549234135668,-0.03135052988407594,-30.22222222222223,0.027128667388252925,-5.517241379310345,0.026375155254394045,-2.742616033755263,0.008608374536600127,-1.1299435028248594,0.016090451731724187,-1.8794048551292186,0.03293880971242036,0.33632286995515237,0.1251631429540061,-22.72727272727272,0.04712914034154991,23.34384858044165,,,,,,,,,,,,,,,-0.8660254037844385,-0.5000000000000004,0,0
1380-09,1380-09-01,2001-11-22,1380,9,,2.16,,18.6,,,,,,,,18.5,141.7,,,,,,275.1272727272727,276.0,91.9,3.4,48.3,,397.0,0.17,,46.3,38.3,26.2,35.8,48.5,41.4,45.1,31.3,122.4,,,,,,,,,,,,,,,,,,,,,,,,,,,,,-0.008128386999695536,1.9067101043008128,,,-0.016000341346440905,-25.89641434262948,0.0020639842208516335,-0.2057613168724326,-0.018904154639152626,-38.35294117647059,-0.0031897953681001567,-27.378190255220414,0.007272759329079559,-6.756756756756754,0.004329011089585499,-3.7422037422037535,0.02259983191724091,2.5787965616045794,-0.023416491823796903,-4.449648711943787,0.026462404080832336,-5.840163934426224,0.0,-22.72727272727272,0.015228720701824905,23.676012461059194,,,,,,,,,,,,,,,-1.0,-1.8369701987210297e-16,0,0
1380-10,1380-10-01,2001-12-22,1380,10,,2.21,,19.5,,,,,,,,19.2,146.0,,,,,,281.39473684210526,282.0,92.0,3.06,44.7,,389.0,0.17,,46.6,38.7,26.8,36.2,48.8,41.9,45.4,31.8,125.3,,,,,,,,,,,,,,,,,,,,,,,,,,,,,0.022524640509821836,4.7625623586680765,,,0.04725288485054513,-23.828125,0.006166514915664223,0.411522633744843,0.022642476749759943,-36.492890995260666,0.01584819224002354,-26.046511627906977,0.012004946096823232,-6.0538116591928315,0.00645858003941191,-2.9166666666666674,0.011111225425071147,-5.974025974025965,0.023416491823796903,-5.647590361445798,0.0010875476873986045,-3.361344537815125,0.0,-26.086956521739125,-0.020356937068744863,27.54098360655737,,,,,,,,,,,,,,,-0.8660254037844386,0.5000000000000001,0,0
1380-11,1380-11-01,2002-01-21,1380,11,,2.23,,20.3,,,,,,,,20.0,150.3,,,,,,290.50454545454545,296.0,90.8,3.03,45.2,,365.0,0.14,,46.6,40.2,27.7,35.9,48.1,42.0,46.4,32.4,123.3,,,,,,,,,,,,,,,,,,,,,,,,,,,,,0.03186078214288113,10.27456055214062,,,0.040206420478040794,-25.912408759124084,-0.014448135747386015,0.0,0.03303052567648157,-31.94103194103195,0.018692133012152556,-22.488038277511958,0.0023837913552764434,-4.545454545454541,0.0,-1.6877637130801593,-0.008321823337492429,-0.8287292817679703,-0.016090451731724187,-3.747072599531609,-0.013129291441792645,-1.30434782608696,-0.19415601444095754,-36.36363636363635,-0.06368199003595443,20.065789473684205,,,,,,,,,,,,,,,-0.5000000000000004,0.8660254037844384,0,0
1380-12,1380-12-01,2002-02-20,1380,12,,2.35,,23.7,,,,,,,,23.6,149.8,,,,,,293.4009523809524,294.0,89.6,2.97,53.6,,359.0,0.15,,47.6,42.8,32.2,34.6,48.9,42.8,46.9,35.8,122.5,,,,,,,,,,,,,,,,,,,,,,,,,,,,,0.009920888545977391,11.369126903610027,,,0.1548541620933439,-2.868852459016391,0.016495219369110803,2.3012552301255207,0.15053403935707,-12.737127371273704,0.09978947060837084,-8.20512820512821,0.018868484304382704,-1.382488479262678,0.021232220105774413,0.8474576271186418,-0.03688361343055435,-1.9830028328611804,-0.006509380185516278,-5.913978494623651,-0.013303965626363379,-0.7751937984496138,0.06899287148695143,-25.00000000000001,-0.016574965094212857,9.45121951219512,,,,,,,,,,,,,,,-2.4492935982947064e-16,1.0,0,1
1381-01,1381-01-01,2002-03-21,1381,1,,2.25,,25.7,,,,,,,,25.4,147.8,,,,,,300.81136363636364,303.0,87.1,2.81,57.6,,371.0,0.15,,47.6,43.0,34.7,33.5,48.5,42.7,47.6,37.3,123.7,,,,,,,,,,,,,,,,,,,,,,,,,,,,,0.024943257689405307,15.518956849602027,,,0.08101594376008858,0.390625,-0.00821359853738901,2.754237288135597,0.07477323440245076,-9.162303664921467,0.04104543324311516,-6.045340050377845,-0.002339182353172209,-0.2336448598130758,0.0,2.145922746781115,-0.03230824323265802,-3.735632183908033,0.009748249413660481,-4.626060138781796,-0.02829843612242744,-1.0227272727272751,0.0,-21.052631578947366,0.03287967411915638,13.8036809815951,,,,,,,,,,,,,,,0.49999999999999994,0.8660254037844387,1,1
1381-02,1381-02-01,2002-04-21,1381,2,,2.12,,25.4,,,,,,,,25.7,143.9,,,,,,309.58409090909095,314.0,90.3,2.83,58.6,,400.0,0.13,,48.2,42.5,34.5,33.8,49.5,43.0,48.1,37.3,121.5,,,,,,,,,,,,,,,,,,,,,,,,,,,,,0.028746385034185806,15.330995983553608,,,-0.011741817876683491,-10.87719298245614,0.020408871631207415,3.556485355648542,-0.005780362915499104,-13.533834586466165,0.0,-9.024390243902447,0.007001195458983478,-0.462962962962965,0.012526259819180208,2.553191489361706,0.008915363657952202,2.114803625377637,-0.01794501661783965,-9.933283914010381,0.03608057656448249,7.372175980975038,-0.14310084364067333,-38.095238095238095,0.07526248450054673,35.593220338983045,,,,,,,,,,,,,,,0.8660254037844386,0.5000000000000001,0,0
1381-03,1381-03-01,2002-05-22,1381,3,,2.06,,24.1,,,,,,,,24.5,149.5,,,,,,322.12260869565216,321.0,94.1,2.9,55.6,,457.0,0.13,,50.0,43.1,32.8,34.4,51.2,44.3,50.8,36.6,132.0,,,,,,,,,,,,,,,,,,,,,,,,,,,,,0.039702490973041016,18.225222206264856,,,-0.05253733352788137,-12.996389891696747,0.033766862470817394,6.00414078674949,-0.050530808647216485,-14.80519480519481,-0.01894508624244917,-8.040201005025116,0.029784561357527384,3.9906103286384775,0.03666398437159124,6.8376068376068355,0.017595761890379702,3.3033033033033066,0.08288765980576773,3.7735849056603765,0.041220586168394746,12.96518607442978,0.0,-35.0,0.1332188437862234,59.23344947735192,,,,,,,,,,,,,,,1.0,6.123233995736766e-17,0,0
1381-04,1381-04-01,2002-06-22,1381,4,,2.13,,25.8,,,,,,,,25.8,160.5,,,,,,316.90190476190475,313.0,98.7,2.95,53.3,,490.0,0.14,,51.7,45.5,34.2,34.6,52.6,45.2,52.5,37.9,149.3,,,,,,,,,,,,,,,,,,,,,,,,,,,,,-0.016339968128225024,17.70217808473571,,,0.06816265143096256,5.306122448979589,0.026976587698201993,0.9596928982725572,0.04179712867846197,0.588235294117645,0.03490287168106043,2.156334231805923,0.020112409787095942,3.9080459770115095,0.03343477608623768,5.942622950819687,0.005797117684326114,3.592814371257491,0.12315578195877386,20.597738287560595,0.047726899848101745,7.6335877862595325,0.07410797215372189,-26.315789473684205,0.06972200021046682,16.389548693586708,,,,,,,,,,,,,,,0.8660254037844387,-0.4999999999999998,0,0
1381-05,1381-05-01,2002-07-23,1381,5,,2.1,,26.6,,,,,,,,26.8,162.5,,,,,,309.3826086956522,310.0,108.9,3.01,54.8,,503.0,0.14,,52.4,45.6,35.2,36.5,53.3,45.4,53.9,38.6,161.3,,,,,,,,,,,,,,,,,,,,,,,,,,,,,-0.02401355050327858,14.083705419769622,,,0.03053672386008177,3.5019455252918386,0.013220211428134565,2.895752895752901,0.028820438535491544,0.5714285714285783,0.018301164382404256,2.3872679045092715,0.004415018209116717,5.336426914153125,0.013448809812612872,7.597535934291577,0.05345857852476721,8.308605341246288,0.0773082805860188,32.32157506152584,0.09834508349947857,16.97099892588616,0.0,-22.22222222222221,0.026184778995067326,17.798594847775174,,,,,,,,,,,,,,,0.49999999999999994,-0.8660254037844387,0,0
1381-06,1381-06-01,2002-08-23,1381,6,,2.04,,28.3,,,,,,,,28.3,160.9,,,,,,316.252380952381,319.0,114.1,3.08,61.0,,506.0,0.15,,54.2,50.1,37.7,34.9,55.1,46.5,54.2,40.7,187.8,,,,,,,,,,,,,,,,,,,,,,,,,,,,,0.02196184193231243,13.358571781583862,,,0.06195058886153815,10.98039215686275,0.03321338498707016,11.538461538461542,0.06861401184991367,11.538461538461565,0.05297581597776446,11.813186813186816,0.023940207546008008,11.24401913875599,0.033774317118604014,15.074309978768575,-0.04482543138006445,1.4534883720930258,0.1521115816429992,53.93442622950821,0.046645226929115324,26.63706992230854,0.06899287148695143,-11.764705882352954,0.005946499187726495,31.428571428571427,,,,,,,,,,,,,,,1.2246467991473532e-16,-1.0,0,0
1381-07,1381-07-01,2002-09-23,1381,7,,1.9,,27.5,,,,,,,,27.5,156.3,,,,,,318.6545454545454,317.0,109.7,3.28,68.7,,529.0,0.17,,54.3,51.6,37.8,34.6,55.1,46.6,53.8,40.7,190.3,,,,,,,,,,,,,,,,,,,,,,,,,,,,,0.007567017666755049,11.123674702551089,,,-0.028675799976666028,34.14634146341464,0.0,17.73504273504274,0.002649008171577094,32.167832167832145,0.0,25.61728395061731,0.002148228538289665,16.500000000000004,0.0018433184942892034,20.935412026726063,-0.008633147144702757,-0.2881844380403509,0.013224207527941623,54.33901054339012,-0.03932588958684491,26.67436489607391,0.1251631429540061,13.333333333333353,0.04445176257083361,41.8230563002681,,,,,,,,,,,,,,,-0.4999999999999997,-0.8660254037844388,0,0
1381-08,1381-08-01,2002-10-23,1381,8,,1.91,,24.2,,,,,,,,24.5,151.5,,,,,,318.1340909090909,319.0,108.9,3.34,68.0,,582.0,0.17,,53.6,48.0,34.2,34.6,54.7,46.6,53.7,38.3,177.4,,,,,,,,,,,,,,,,,,,,,,,,,,,,,-0.001634622955315912,14.6955196486513,,,-0.12783337150988494,28.042328042328045,-0.007286006730933714,13.016528925619841,-0.10008345855698231,28.08988764044946,-0.06077819626194936,21.974522292993637,0.0,13.381995133819945,-0.012975158863133274,16.268980477223426,0.0,-1.1428571428571344,-0.07019470442662534,41.580207501995226,-0.0073193373422704155,21.675977653631296,0.0,0.0,0.09548201587313887,48.84910485933504,,,,,,,,,,,,,,,-0.8660254037844385,-0.5000000000000004,0,0
1381-09,1381-09-01,2002-11-22,1381,9,,2.01,,28.5,,,,,,,,27.9,147.5,,,,,,326.9371428571429,332.0,107.0,3.36,76.6,,591.0,0.18,,54.7,49.4,39.7,35.5,55.8,47.4,54.6,42.3,162.5,,,,,,,,,,,,,,,,,,,,,,,,,,,,,0.027294965313442887,18.831237491031306,,,0.16355145411196403,53.2258064516129,0.019910159959329654,15.051546391752568,0.14912554362458508,51.526717557251935,0.09933718986563189,35.14376996805111,0.0170216875694309,14.492753623188403,0.020314641351178775,18.142548596112327,0.02567901441769127,-0.8379888268156388,-0.08772906810568681,32.761437908496724,-0.01760119547700878,16.430903155603914,0.057158413839948574,5.88235294117645,0.015345569674660275,48.86649874055416,,,,,,,,,,,,,,,-1.0,-1.8369701987210297e-16,0,0
1381-10,1381-10-01,2002-12-22,1381,10,,2.04,,31.2,,,,,,,,30.8,149.8,,,,,,350.6345,357.0,106.1,3.61,86.0,,541.0,0.18,,54.9,52.0,43.6,37.2,55.7,47.9,54.7,45.1,149.6,,,,,,,,,,,,,,,,,,,,,,,,,,,,,0.06997644164261363,24.605919760591032,,,0.09051400754083172,59.999999999999986,-0.0017937224540265362,14.139344262295083,0.09370596266184394,62.68656716417911,0.06409516045640062,41.82389937106918,0.010493275715838468,14.319809069212418,0.003649639087549339,17.811158798283255,0.04677606479773111,2.7624309392265234,-0.08271293622941478,19.393455706304863,-0.00844678884196881,15.326086956521735,0.0,5.88235294117645,-0.08839673855961738,39.07455012853471,,,,,,,,,,,,,,,-0.8660254037844386,0.5000000000000001,0,0
1381-11,1381-11-01,2003-01-21,1381,11,,1.99,,32.6,,,,,,,,32.9,155.3,,,,,,363.1895454545455,359.0,105.9,3.67,115.1,,522.0,0.2,,54.9,53.0,48.3,40.5,55.2,48.3,55.2,48.3,150.8,,,,,,,,,,,,,,,,,,,,,,,,,,,,,0.03518049138734014,25.020262552612248,,,0.043894193557225236,60.591133004926114,-0.009017193650188382,14.760914760914767,0.102374410303538,74.3682310469314,0.06854931414989407,49.07407407407407,0.008316056241657321,14.999999999999991,0.0,17.811158798283255,0.08499321283339212,12.81337047353761,0.00798939003347865,22.303325223033266,-0.0018867930125763266,16.629955947136565,0.10536051565782634,42.85714285714286,-0.03575169096384201,43.01369863013698,,,,,,,,,,,,,,,-0.5000000000000004,0.8660254037844384,0,0
1381-12,1381-12-01,2003-02-20,1381,12,,2.02,,30.3,,,,,,,,30.4,177.2,,,,,,347.3176190476191,341.0,105.6,3.74,93.2,,523.0,0.18,,54.3,47.3,43.4,41.9,54.9,47.8,56.3,44.8,141.8,,,,,,,,,,,,,,,,,,,,,,,,,,,,,-0.04468517181488796,18.3764456894677,,,-0.07316457585733849,27.848101265822798,-0.005449604767565397,12.269938650306745,-0.10697211955216757,34.78260869565215,-0.0752234212375873,25.139664804469277,-0.010405921161116716,11.682242990654213,-0.01098912157559484,14.075630252100835,0.03398385281559868,21.098265895953737,-0.06153684147582883,15.755102040816338,-0.00283688133519977,17.85714285714286,-0.10536051565782634,19.999999999999996,0.0019138761822841133,45.682451253481894,,,,,,,,,,,,,,,-2.4492935982947064e-16,1.0,0,1
1382-01,1382-01-01,2003-03-21,1382,1,,1.97,,25.0,,,,,,,,25.6,181.5,,,,,,328.0357142857143,328.0,105.5,4.03,86.6,,541.0,0.17,,53.8,47.9,37.0,39.1,54.3,46.9,55.6,40.3,138.6,,,,,,,,,,,,,,,,,,,,,,,,,,,,,-0.05711720248249552,9.05030658424888,,,-0.19227188764712277,-2.7237354085603127,-0.01098912157559484,11.95876288659794,-0.15954152846213487,6.628242074927937,-0.10585667046830238,8.042895442359255,-0.01900796404517635,9.83606557377048,-0.009250759772151174,13.025210084033612,-0.06916335993677203,16.716417910447756,-0.022825527342224206,12.045270816491517,-0.0009474183560396199,21.125143513203227,-0.057158413839948574,13.333333333333353,0.033837814781557896,45.82210242587601,,,,,,,,,,,,,,,0.49999999999999994,0.8660254037844387,1,1
1382-02,1382-02-01,2003-04-21,1382,2,,1.88,,25.8,,,,,,,,26.1,178.4,,,,,,345.60521739130434,356.0,107.5,4.04,93.3,,549.0,0.16,,53.4,46.1,38.6,40.5,54.2,47.1,55.0,41.4,142.0,,,,,,,,,,,,,,,,,,,,,,,,,,,,,0.05217464596028254,11.635328668355548,,,0.03149866705937132,1.5748031496063186,-0.0018433184942892034,9.494949494949513,0.04233436382656075,11.884057971014506,0.026929411878631626,10.991957104557649,0.004255325570138524,9.534883720930232,-0.007462721201589417,10.788381742738572,0.03517950712117335,19.82248520710059,0.024234970845458115,16.872427983539097,0.018779894651595797,19.047619047619047,-0.06062462181643502,23.076923076923084,0.014679162663049361,37.25000000000001,,,,,,,,,,,,,,,0.8660254037844386,0.5000000000000001,0,0
1382-03,1382-03-01,2003-05-22,1382,3,,1.87,,27.5,,,,,,,,27.9,171.3,,,,,,362.4936363636364,356.0,107.3,4.05,92.6,,546.0,0.15,,52.9,42.9,40.4,41.4,54.0,47.0,55.2,42.5,131.4,,,,,,,,,,,,,,,,,,,,,,,,,,,,,0.047709785847402486,12.532814083263432,,,0.06381151274495389,14.10788381742738,-0.003696861881326008,5.46875,0.045577508496319474,23.17073170731707,0.026223195099102536,16.120218579234958,-0.0021253993123138137,6.094808126410833,-0.009407407101895693,5.800000000000005,0.02197890671877545,20.348837209302317,-0.0775809515507504,-0.4545454545454519,-0.0018621979310644576,14.027630180658868,-0.06453852113757108,15.384615384615374,-0.005479465764625324,19.474835886214436,,,,,,,,,,,,,,,1.0,6.123233995736766e-17,0,0
1382-04,1382-04-01,2003-06-22,1382,4,,1.91,,28.4,,,,,,,,28.6,176.4,,,,,,347.4127272727273,351.0,96.8,4.04,83.2,,531.0,0.15,,52.3,44.1,40.3,42.9,52.8,46.9,55.3,42.4,131.6,,,,,,,,,,,,,,,,,,,,,,,,,,,,,-0.042493430357845696,9.627844469330649,,,0.032203140494634575,10.077519379844958,-0.022472855852058604,0.3802281368821214,-0.002478316014467463,17.836257309941494,-0.002355713692459016,11.87335092348285,-0.0021299262578247102,3.761061946902644,-0.011406967793376133,1.1605415860734825,0.03559094510270233,23.988439306358366,0.0015209128407063233,-11.855324849296734,-0.10298165535412096,-1.9250253292806496,0.0,7.14285714285714,-0.027856954502966325,8.3673469387755,,,,,,,,,,,,,,,0.8660254037844387,-0.4999999999999998,0,0
1382-05,1382-05-01,2003-07-23,1382,5,,2.11,,29.8,,,,,,,,29.7,175.6,,,,,,358.9765217391304,360.0,100.7,3.98,82.4,,516.0,0.15,,53.1,43.8,41.7,42.6,53.9,47.6,56.1,43.7,148.7,,,,,,,,,,,,,,,,,,,,,,,,,,,,,0.032743498370458646,16.029961494139776,,,0.04811924834419834,12.030075187969924,0.020619287202735315,1.1257035647279645,0.03414965985211893,18.465909090909083,0.030199739863632225,13.212435233160624,0.014815085785140791,4.845814977973584,0.015180557177016052,1.335877862595436,-0.00701757265864611,16.712328767123296,0.12216383457489233,-7.811531308121522,0.03949880544198514,-7.529843893480259,0.0,7.14285714285714,-0.028655255760376086,2.5844930417495027,,,,,,,,,,,,,,,0.49999999999999994,-0.8660254037844387,0,0
1382-06,1382-06-01,2003-08-23,1382,6,,2.27,,27.1,,,,,,,,26.9,171.3,,,,,,375.1980952380952,379.0,104.1,3.97,78.1,,558.0,0.13,,54.5,45.3,38.4,43.6,55.5,48.5,56.5,41.8,145.6,,,,,,,,,,,,,,,,,,,,,,,,,,,,,0.04419715316733441,18.638820712812244,,,-0.09497466562570356,-4.240282685512364,0.02925254283743728,0.7259528130671544,-0.08244366921107504,1.856763925729421,-0.04445176257083405,2.7027027027026973,0.01873103670606291,4.3010752688172005,0.02602377342130513,0.5535055350553542,0.02320289707966383,24.928366762177667,-0.02106771770352367,-22.470713525026632,0.03320617589640662,-8.764241893076253,-0.14310084364067333,-13.33333333333333,0.07825219689974805,10.276679841897241,,,,,,,,,,,,,,,1.2246467991473532e-16,-1.0,0,0
1382-07,1382-07-01,2003-09-23,1382,7,,2.33,,29.6,,,,,,,,29.0,166.4,,,,,,378.1886363636364,379.0,105.4,3.88,77.9,,608.0,0.13,,57.4,43.4,41.1,44.7,59.7,51.1,59.0,44.4,147.5,,,,,,,,,,,,,,,,,,,,,,,,,,,,,0.00793896867892041,18.682956749971492,,,0.0882406334443595,7.636363636363641,0.07294899964616786,8.34845735027223,0.06795066190850818,8.730158730158744,0.06034312990746882,9.090909090909083,0.052220699266221526,9.656652360515029,0.0518436016563224,5.7090239410681365,0.02491635126453451,29.190751445086715,0.012965040017289375,-22.490803993694175,0.012410660486338543,-3.919781221513219,0.0,-23.529411764705888,0.08581591958485646,14.933837429111541,,,,,,,,,,,,,,,-0.4999999999999997,-0.8660254037844388,0,0
1382-08,1382-08-01,2003-10-23,1382,8,,2.59,,28.8,,,,,,,,29.1,169.4,,,,,,387.9390909090909,390.0,108.5,3.9,76.7,,631.0,0.13,,58.9,42.8,40.2,45.1,62.2,52.6,59.3,44.3,160.5,,,,,,,,,,,,,,,,,,,,,,,,,,,,,0.025455235966639123,21.942005586552284,,,-0.027398974188114433,19.00826446280992,0.04102297934657706,13.711151736745887,-0.022141125877213508,17.543859649122794,-0.002254792387089477,15.665796344647532,0.028931622534005275,12.875536480686689,0.025796787332019733,9.888059701492535,0.008908744889109421,30.346820809248555,0.08446576679019557,-9.526493799323566,0.028987536873252395,-0.36730945821855654,0.0,-23.529411764705888,0.03713098057504549,8.419243986254287,,,,,,,,,,,,,,,-0.8660254037844385,-0.5000000000000004,0,0
1382-09,1382-09-01,2003-11-22,1382,9,,2.55,,29.9,,,,,,,,30.0,187.5,,,,,,403.8865,407.0,111.2,3.97,96.5,,637.0,0.14,,58.8,45.0,43.8,45.9,61.9,53.3,58.5,46.9,165.6,,,,,,,,,,,,,,,,,,,,,,,,,,,,,0.04028555278867518,23.536437759988814,,,0.03748309325474031,4.912280701754379,-0.004834820054583133,10.931899641577058,0.08576682175742478,10.327455919395456,0.05703299840114395,10.874704491725762,0.013220211428134565,12.447257383966237,-0.0016992357529597157,7.495429616087734,0.01758287055786667,29.295774647887328,0.0312812993810887,1.9076923076922991,0.024580208835967454,3.9252336448598157,0.07410797215372189,-22.22222222222221,0.009463793030950463,7.783417935702208,,,,,,,,,,,,,,,-1.0,-1.8369701987210297e-16,0,0
1382-10,1382-10-01,2003-12-22,1382,10,,2.54,,31.2,,,,,,,,31.4,204.3,,,,,,416.1561904761905,414.0,115.5,3.87,95.6,,657.0,0.13,,60.5,46.8,45.2,46.5,63.9,55.4,59.0,48.6,166.3,,,,,,,,,,,,,,,,,,,,,,,,,,,,,0.029926749774161543,18.68660684450345,,,0.04255961441879608,0.0,0.03179918169293838,14.721723518850972,0.03146326945578526,3.669724770642202,0.03560585545421446,7.760532150776056,0.03864326258143924,15.657620041753662,0.028501510132215024,10.200364298724951,0.012987195526811046,25.0,0.0042181442477229325,11.163101604278092,0.03794014814536606,8.859566446748346,-0.07410797215372189,-27.777777777777768,0.03091436291244687,21.441774491682075,,,,,,,,,,,,,,,-0.8660254037844386,0.5000000000000001,0,0
1382-11,1382-11-01,2004-01-21,1382,11,,2.39,,30.9,,,,,,,,31.3,211.5,,,,,,406.8495454545455,405.0,123.5,3.89,87.1,,682.0,0.13,,62.0,46.5,44.1,43.2,66.2,57.1,59.7,48.4,161.4,,,,,,,,,,,,,,,,,,,,,,,,,,,,,-0.02261719775906368,12.021271136909473,,,-0.00966191091173707,-5.214723926380371,0.035361101559473695,19.92753623188406,-0.024637304385385583,-8.695652173913038,-0.0041237171838623965,0.20703933747412417,0.03022452290872657,18.219461697722572,0.024491020008295727,12.932604735883423,-0.07361181734324562,6.666666666666665,-0.029907630363033455,7.029177718832891,0.0669706261061842,16.619452313503302,0.0,-35.0,0.03734563935885227,30.651340996168575,,,,,,,,,,,,,,,-0.5000000000000004,0.8660254037844384,0,0
1382-12,1382-12-01,2004-02-20,1382,12,,2.34,,33.8,,,,,,,,33.7,205.3,,,,,,400.2095238095238,407.0,127.8,3.86,87.2,,689.0,0.14,,64.1,45.7,47.6,42.6,69.8,58.6,59.7,51.3,166.3,,,,,,,,,,,,,,,,,,,,,,,,,,,,,-0.01645523041951602,15.228684599111265,,,0.08970461858527345,11.551155115511547,0.05295354682536413,27.140255009107463,0.07637297878457439,9.677419354838722,0.05819093845413814,14.50892857142858,0.02593057992100256,22.59414225941423,0.03330997888153231,18.047882136279924,-0.013986241974739855,1.670644391408116,0.029907630363033455,17.277856135401983,0.034225385875402026,21.02272727272727,0.07410797215372189,-22.22222222222221,0.010211613170196365,31.739961759082224,,,,,,,,,,,,,,,-2.4492935982947064e-16,1.0,0,1
1383-01,1383-01-01,2004-03-20,1383,1,,2.43,,33.4,,,,,,,3.82681564245809,33.7,199.4,,,,,,415.7619047619048,403.0,133.5,3.92,91.4,,672.0,0.15,,63.7,45.4,47.8,42.3,69.1,58.4,59.7,51.3,166.6,,,,,,,,,,,,,,,,,,,,,,,,,,,,,0.03812453259591386,26.742877880602457,,,-0.011904902506318482,33.59999999999999,-0.010079278994702179,27.255985267034987,0.00419287826003556,29.18918918918918,0.0,27.29528535980148,-0.0034188067487859186,24.520255863539454,-0.006259801348506677,18.401486988847605,-0.007067167223092863,8.184143222506378,0.001802343533860551,20.2020202020202,0.043634935896870175,26.54028436018958,0.06899287148695143,-11.764705882352954,-0.024982930490509148,24.214417744916815,,,,,,,,,,,,,,,0.49999999999999994,0.8660254037844387,1,1
1383-02,1383-02-01,2004-04-20,1383,2,,2.68,,37.9,,,,,,,3.8826815642458,37.6,191.1,,,,,,385.9495652173913,384.0,128.2,3.95,99.0,,628.0,0.14,,62.4,45.4,53.6,43.4,66.5,56.7,60.9,54.6,163.7,,,,,,,,,,,,,,,,,,,,,,,,,,,,,-0.07440605121789545,11.673535524322798,,,0.12639521210572635,46.899224806201545,-0.038352783111816,22.693726937269364,0.11452342857934639,38.86010362694301,0.06234313057413532,31.8840579710145,-0.02954167910047456,20.382165605095537,-0.020619287202735315,16.85393258426966,0.025672355054127127,7.160493827160486,-0.017560245355653592,15.281690140845061,-0.04050993335373487,19.255813953488364,-0.06899287148695143,-12.49999999999999,-0.06771817405495106,14.389799635701284,0.014493007302567085,,,,,,,,,,,,,,0.8660254037844386,0.5000000000000001,0,0
1383-03,1383-03-01,2004-05-21,1383,3,,2.76,,35.2,,,,,,,3.93854748603351,35.5,190.6,,,,,,389.4695238095238,392.0,123.3,4.01,98.6,,582.0,0.15,,61.1,46.7,50.8,46.6,64.2,56.4,61.0,52.6,154.7,,,,,,,,,,,,,,,,,,,,,,,,,,,,,0.009078916988594976,7.441754761958497,,,-0.07390502948432953,28.000000000000004,-0.03519873696589304,18.88888888888889,-0.05365271349232037,25.742574257425744,-0.037317763007195026,23.764705882352956,-0.005305052229693352,19.999999999999996,-0.021053409197832273,15.500945179584136,0.07114110002524088,12.560386473429963,-0.056547726798068965,17.732115677321136,-0.03897113431627108,14.911463187325257,0.06899287148695143,0.0,-0.07606971873676027,6.593406593406592,0.014285957247476722,,,,,,,,,,,,,,1.0,6.123233995736766e-17,0,0
1383-04,1383-04-01,2004-06-21,1383,4,,2.81,,38.4,,,,,,,3.99441340782122,37.9,201.5,,,,,,400.2913043478261,398.0,104.8,4.28,95.8,,605.0,0.17,,59.8,47.0,54.0,51.2,62.6,56.2,59.7,54.7,150.6,,,,,,,,,,,,,,,,,,,,,,,,,,,,,0.027406925066192578,15.220679302744088,,,0.08701137698962969,35.2112676056338,-0.025237932589862844,18.560606060606077,0.06108769197983843,33.99503722084367,0.03914758968427101,29.009433962264165,-0.003552401604367539,19.82942430703625,-0.02150620522096336,14.340344168260044,0.09413899091386213,19.34731934731935,-0.02686044221322703,14.437689969604861,-0.16256663828335682,8.264462809917351,0.1251631429540061,13.333333333333353,0.03875801029940362,13.935969868173249,0.014084739881738972,,,,,,,,,,,,,,0.8660254037844387,-0.4999999999999998,0,0
1383-05,1383-05-01,2004-07-22,1383,5,,2.92,,43.0,,,,,,,4.02234636871508,42.1,208.1,,,,,,396.5277272727273,401.0,104.1,4.34,89.6,,605.0,0.17,,59.0,48.8,58.1,53.8,61.1,55.6,59.1,57.3,141.3,,,,,,,,,,,,,,,,,,,,,,,,,,,,,-0.009446574224437398,10.46062994640231,,,0.11314265609988139,44.29530201342282,-0.02425341192850272,13.358070500927655,0.0731816172935913,39.328537170263786,0.04643691429275876,31.12128146453088,-0.010733555643109405,16.806722689075638,-0.013468217050866649,11.111111111111116,0.04953393512227633,26.291079812206554,-0.06374202567531118,-4.976462676529914,-0.0067017962660180785,3.376365441906648,0.0,13.333333333333353,0.0,17.248062015503884,0.006968669316094633,,,,,,,,,,,,,,0.49999999999999994,-0.8660254037844387,0,0
1383-06,1383-06-01,2004-08-22,1383,6,,2.93,,43.4,,,,,,,4.02234636871508,41.6,208.5,,,,,,404.545,405.0,97.9,4.41,87.0,,602.0,0.17,,58.8,48.1,58.1,58.0,60.8,55.7,59.2,57.3,151.0,,,,,,,,,,,,,,,,,,,,,,,,,,,,,0.02001701006593848,7.821709420801204,,,0.009259325412796837,60.14760147601474,-0.004922077205428366,9.54954954954954,0.0,51.30208333333335,0.0,37.08133971291867,0.0017969456767019665,14.845360824742283,-0.003395589001138788,7.889908256880718,0.07516954337868054,33.02752293577982,0.06639454712444248,3.708791208791218,-0.06140542608445898,-5.9558117195004705,0.0,30.76923076923077,-0.004971012722021051,7.885304659498216,0.0,,,,,,,,,,,,,,1.2246467991473532e-16,-1.0,0,0
1383-07,1383-07-01,2004-09-22,1383,7,,2.79,,49.8,,,,,,,4.07821229050279,46.9,211.8,,,,,,416.4881818181818,420.0,93.8,4.83,104.6,,583.0,0.19,,57.9,46.9,66.8,61.6,59.7,56.1,59.3,63.3,150.1,,,,,,,,,,,,,,,,,,,,,,,,,,,,,0.029095107452183022,10.12710107389887,,,0.1375555429242481,68.24324324324323,-0.01825776857356498,0.0,0.13953741668473452,62.530413625304114,0.09958470542943676,42.567567567567565,0.007155665595412586,9.784735812133082,-0.015424470325631212,0.8710801393728262,0.06021885999305532,37.807606263982095,-0.005978098175508428,1.762711864406774,-0.042781693524285735,-11.005692599620499,0.11122563511022432,46.153846153846146,-0.0320702589583286,-4.111842105263152,0.013793322132336083,,,,,,,,,,,,,,-0.4999999999999997,-0.8660254037844388,0,0
1383-08,1383-08-01,2004-10-22,1383,8,,2.77,,43.1,,,,,,,4.10614525139664,42.1,213.8,,,,,,432.45714285714286,439.0,93.7,4.96,101.2,,561.0,0.18,,58.3,50.9,59.1,59.6,59.4,56.4,59.2,58.2,156.6,,,,,,,,,,,,,,,,,,,,,,,,,,,,,0.03762514358428426,11.475526182146023,,,-0.14449198692090537,49.65277777777779,-0.005037794029957077,-4.501607717041811,-0.12247215613054774,47.01492537313432,-0.08399997441273843,31.37697516930025,0.005333345975362391,7.22433460076044,0.006884708777496584,-1.018675721561968,-0.033006296468170326,32.15077605321508,0.04239304491728646,-2.4299065420560817,-0.0010666667678025377,-13.640552995391698,-0.054067221270275745,38.46153846153846,-0.03846628082779624,-11.093502377179076,0.006825965070398787,,,,,,,,,,,,,,-0.8660254037844385,-0.5000000000000004,0,0
1383-09,1383-09-01,2004-11-21,1383,9,,2.71,,39.6,,,,,,,4.1340782122905,39.0,211.1,,,,,,445.9228571428571,442.0,95.4,5.01,107.5,,552.0,0.18,,58.6,53.6,56.1,54.3,59.8,56.6,58.4,56.3,153.9,,,,,,,,,,,,,,,,,,,,,,,,,,,,,0.03066274121006085,10.407962916031387,,,-0.08469387884926727,32.441471571906355,0.006711434587987064,-3.392568659127626,-0.05209511188340166,28.08219178082192,-0.03319081959174763,20.04264392324093,0.003539826705123872,6.1913696060037715,0.005132603226520871,-0.340136054421758,-0.09313134713141435,18.300653594771244,-0.01739174271186883,-7.065217391304346,0.01798038920986489,-14.20863309352518,0.0,28.57142857142856,-0.016172859245600968,-13.343799058084771,0.006779686985380007,,,,,,,,,,,,,,-1.0,-1.8369701987210297e-16,0,0
1383-10,1383-10-01,2004-12-21,1383,10,,2.69,,44.3,,,,,,,4.18994413407821,43.0,208.6,,,,,,430.6472727272727,424.0,96.3,5.46,104.4,,520.0,0.19,,59.0,52.3,60.8,54.2,60.0,58.0,60.0,59.9,153.6,,,,,,,,,,,,,,,,,,,,,,,,,,,,,-0.03485660871887042,3.48212584186256,,,0.11215555879065509,41.987179487179475,0.0033389012655140604,-6.103286384976525,0.08045397644347041,34.513274336283175,0.061981969975758666,23.25102880658436,0.024434025337281895,4.693140794223827,0.006802747322752545,-2.4793388429752095,-0.0018433184942892034,16.559139784946254,-0.0019512201312616995,-7.636800962116663,0.00938974034983886,-16.62337662337663,0.054067221270275745,46.153846153846146,-0.05971923470162199,-20.852359208523595,0.013423020332140823,,,,,,,,,,,,,,-0.8660254037844386,0.5000000000000001,0,0
1383-11,1383-11-01,2005-01-20,1383,11,,2.7,,45.6,,,,,,,4.24581005586591,44.8,207.1,,,,,,422.1036363636364,423.0,94.1,5.49,104.5,,496.0,0.2,,61.0,56.1,62.0,54.3,62.1,59.8,60.7,61.3,151.2,,,,,,,,,,,,,,,,,,,,,,,,,,,,,-0.020038494608103363,3.749319884835689,,,0.02892303946925079,47.57281553398058,0.034401426717332484,-6.19335347432024,0.01954459607297032,40.58956916099772,0.02310333782076235,26.652892561983464,0.030562650410167258,4.728546409807355,0.03333642026759165,-1.6129032258064502,0.0018433184942892034,25.69444444444442,-0.01574835696813892,-6.3197026022304925,-0.02311027221274564,-23.805668016194335,0.05129329438755059,53.846153846153854,-0.04725288485054513,-27.27272727272727,0.013245226750018269,,,,,,,,,,,,,,-0.5000000000000004,0.8660254037844384,0,0
1383-12,1383-12-01,2005-02-19,1383,12,,2.75,,53.1,,,,,,,4.32960893854748,50.9,210.6,,,,,,436.916,434.0,99.9,5.52,114.6,,544.0,0.2,,64.0,61.2,71.1,58.8,65.3,62.6,62.3,68.3,151.0,,,,,,,,,,,,,,,,,,,,,,,,,,,,,0.03449008925405295,9.171814763695219,,,0.1522692117275528,57.10059171597634,0.05024604734295224,-6.4469914040114595,0.13695295176410305,49.36974789915964,0.10812992363457852,33.1384015594542,0.04575961714946608,6.8259385665528916,0.04800921918636014,-0.15600624024960652,0.07961762796469118,38.0281690140845,-0.0013236269305085813,-9.200240529164173,0.05981163906317377,-21.830985915492953,0.0,42.85714285714286,0.0923733201310144,-21.04499274310595,0.019544596072971654,,,,,,,,,,,,,,-2.4492935982947064e-16,1.0,0,1
1384-01,1384-01-01,2005-03-21,1384,1,,2.74,,51.9,,,,,,,4.46927374301675,50.6,214.8,,,,,,427.19000000000005,429.0,96.3,5.86,118.6,,546.0,0.19,,62.5,59.2,70.3,62.4,63.3,61.4,62.2,67.3,140.9,,,,,,,,,,,,,,,,,,,,,,,,,,,,,-0.02251207780707798,2.7487114878020913,,,-0.022858138076050416,55.389221556886234,-0.031106707132254385,-8.393632416787266,-0.011315537992575564,47.07112970711298,-0.014749529926062266,31.189083820662766,-0.019355442952956103,5.136986301369872,-0.02371652661731538,-1.883830455259028,0.05942342047080107,47.517730496453915,-0.06922941791028947,-15.426170468187273,-0.03670136685042813,-27.865168539325847,-0.05129329438755059,26.666666666666682,0.0036697288889628865,-18.75,0.03174869831457938,16.788321167883268,,,,,,,,,,,,,0.49999999999999994,0.8660254037844387,1,1
1384-02,1384-02-01,2005-04-21,1384,2,,2.77,,48.7,,,,,,,4.4413407821229,47.8,217.2,,,,,,427.31590909090914,422.0,95.4,5.89,110.4,,538.0,0.19,,62.3,58.0,66.0,64.4,62.7,60.6,63.4,64.2,143.3,,,,,,,,,,,,,,,,,,,,,,,,,,,,,0.0002946944906545568,10.718069820914987,,,-0.06363976008329875,28.49604221635884,-0.009523881511255716,-5.714285714285705,-0.06311705679019397,23.134328358208943,-0.047157025954766674,17.582417582417587,-0.013114942077827152,6.8783068783068835,-0.00320513094894892,-0.1602564102564097,0.031548357734926036,48.38709677419357,0.016889915929491295,-12.461820403176526,-0.00938974034983886,-25.585023400936024,0.0,35.7142857142857,-0.01476041558312069,-14.3312101910828,-0.0062696130135941885,14.38848920863325,,,,,,,,,,,,,0.8660254037844386,0.5000000000000001,0,0
1384-03,1384-03-01,2005-05-22,1384,3,,2.78,,54.3,,,,,,,4.41340782122904,53.9,224.3,,,,,,424.9668181818182,431.0,97.1,5.91,119.2,,560.0,0.2,,62.2,57.7,72.9,58.8,62.4,60.6,63.9,68.8,141.9,,,,,,,,,,,,,,,,,,,,,,,,,,,,,-0.0055124826128567506,9.114267536284792,,,0.10884519685134553,54.261363636363626,-0.004796172263493048,-2.8037383177570208,0.09943389698818716,43.50393700787403,0.06920053424338235,30.798479087452456,0.0,7.446808510638303,-0.001606426048273768,1.8003273322422242,-0.0909717782057271,26.18025751072961,-0.009817750668129399,-8.274078862314148,0.017662796843038286,-21.24898621248986,0.05129329438755059,33.33333333333335,0.0400782235674102,-3.7800687285223344,-0.006309169193265962,12.056737588652489,,,,,,,,,,,,,1.0,6.123233995736766e-17,0,0
1384-04,1384-04-01,2005-06-22,1384,4,,2.81,,57.6,,,,,,,4.38547486033519,56.4,228.3,,,,,,428.3039130434783,424.0,107.5,6.42,127.2,,561.0,0.21,,62.0,55.1,77.2,59.5,61.9,60.5,65.5,71.7,143.9,,,,,,,,,,,,,,,,,,,,,,,,,,,,,0.007821929790540416,6.9980557637372875,,,0.05899834076195587,50.0,-0.008045095684831693,-1.1182108626198173,0.05731081801611815,42.96296296296296,0.041287002666277495,31.07861060329067,-0.0016515280384732378,7.6512455516014155,-0.0032206147000417573,3.678929765886285,0.011834457647003305,16.2109375,0.013996029727325165,-4.448871181938907,0.10174947227043774,2.57633587786259,0.04879016416943194,23.529411764705866,0.001784121793501292,-7.272727272727275,-0.006349227678657643,9.790209790209904,,,,,,,,,,,,,0.8660254037844387,-0.4999999999999998,0,0
1384-05,1384-05-01,2005-07-23,1384,5,,2.76,,64.1,,,,,,,4.38547486033519,61.9,231.5,,,,,,435.81666666666666,438.0,101.7,6.56,152.3,,550.0,0.22,,61.1,53.7,86.8,57.5,61.0,60.7,65.2,78.2,149.4,,,,,,,,,,,,,,,,,,,,,,,,,,,,,0.017388644821338062,9.908245172201259,,,0.10692179622477838,49.06976744186045,-0.01464631551723894,-0.16366612111292644,0.11720716463557412,49.39759036144578,0.08677889994569021,36.47469458987784,0.0033003330286565102,9.172661870503607,-0.014622518867541956,3.5593220338983045,-0.03419136474827944,6.877323420074366,0.037508658805395,5.73248407643312,-0.05546354451320301,-2.3054755043227626,0.04652001563489283,29.411764705882337,-0.019802627296179764,-9.090909090909093,0.0,9.027777777777768,,,,,,,,,,,,,0.49999999999999994,-0.8660254037844387,0,0
1384-06,1384-06-01,2005-08-23,1384,6,,2.75,,63.0,,,,,,,4.41340782122904,61.7,240.8,,,,,,447.9239130434783,456.0,96.4,6.58,192.0,,545.0,0.23,,61.8,51.8,89.7,57.8,62.0,61.1,66.5,80.3,159.7,,,,,,,,,,,,,,,,,,,,,,,,,,,,,0.027401715412550764,10.722889429724326,,,-0.017309637535091404,45.16129032258065,0.016260520871780315,1.9736842105263275,0.032864147398445454,54.38898450946643,0.026499973401450383,40.13961605584642,0.006568168112097261,9.694793536804314,0.011391498286095647,5.102040816326525,0.005203827875027045,-0.34482758620689724,0.06666978252224975,5.7615894039735105,-0.05352110143801436,-1.532175689479065,0.04445176257083383,35.29411764705881,-0.009132483563272231,-9.46843853820598,0.006349227678657643,9.722222222222076,,,,,,,,,,,,,1.2246467991473532e-16,-1.0,0,0
1384-07,1384-07-01,2005-09-23,1384,7,,2.7,,58.5,,,,,,,4.4413407821229,58.2,246.4,,,,,,469.0004761904762,470.0,101.9,7.28,203.2,,579.0,0.25,,62.7,52.5,86.0,58.5,63.1,62.2,66.7,78.2,167.8,,,,,,,,,,,,,,,,,,,,,,,,,,,,,0.045980402742735293,12.608351608694313,,,-0.07410797215372167,17.469879518072307,0.017586384502076058,5.695142378559459,-0.042123472811242735,28.742514970059887,-0.026499973401450383,23.538704581358626,0.017843133567583713,10.873440285204982,0.014458083175229675,8.290155440414516,0.012037978559479079,-5.032467532467533,0.049475738812139625,11.792138574283829,0.055485738612179425,8.63539445628998,0.08338160893905111,31.578947368421062,0.06051668290975165,-0.6861063464837058,0.006309169193265962,8.904109589041042,,,,,,,,,,,,,-0.4999999999999997,-0.8660254037844388,0,0
1384-08,1384-08-01,2005-10-23,1384,8,,2.7,,55.5,,,,,,,4.46927374301675,55.0,246.1,,,,,,469.58238095238096,477.0,95.4,7.46,166.6,,559.0,0.25,,62.0,53.1,78.7,62.2,62.0,62.8,66.7,73.5,161.1,,,,,,,,,,,,,,,,,,,,,,,,,,,,,0.0012399647661007762,8.584720754052144,,,-0.052643733485422395,28.770301624129925,-0.017586384502076058,4.3771043771043905,-0.0887041408301501,33.16412859560067,-0.06198424133247471,26.28865979381443,0.009600073729019165,11.347517730496449,-0.011227062593783366,6.346483704974282,0.06132824550732252,4.36241610738255,-0.040747503850177225,2.8735632183908066,-0.06591336177443807,1.8143009605122717,0.0,38.888888888888886,-0.03515300441789648,-0.35650623885917776,0.0062696130135941885,8.843537414965951,,,,,,,,,,,,,-0.8660254037844385,-0.5000000000000004,0,0
1384-09,1384-09-01,2005-11-22,1384,9,,2.65,,56.7,,,,,,,4.52513966480446,56.4,245.9,,,,,,504.96454545454543,510.0,102.1,7.49,195.8,,538.0,0.29,,63.4,54.1,83.2,59.2,63.7,65.2,67.6,77.2,164.4,,,,,,,,,,,,,,,,,,,,,,,,,,,,,0.07264447124665896,13.240336835385325,,,0.02139118998131817,43.18181818181819,0.027050177533025632,6.521739130434789,0.05560419240380554,48.3065953654189,0.04911405081193987,37.122557726465374,0.03750439545845463,15.194346289752648,0.022329476398088133,8.19112627986347,-0.049433457855172946,9.023941068139973,0.020277192439150937,6.822612085769975,0.06787414671637837,7.023060796645697,0.14842000511827314,61.111111111111114,-0.03829091299331466,-2.536231884057971,0.01242251999855748,9.459459459459296,,,,,,,,,,,,,-1.0,-1.8369701987210297e-16,0,0
1384-10,1384-10-01,2005-12-22,1384,10,,2.62,,63.6,,,,,,,4.55307262569832,62.5,244.3,,,,,,534.302380952381,550.0,102.7,7.96,147.4,,536.0,0.35,,65.6,59.4,85.4,57.6,64.7,67.7,70.7,79.6,167.2,,,,,,,,,,,,,,,,,,,,,,,,,,,,,0.056473715372602484,24.069607493080003,,,0.11483925961236974,43.56659142212192,0.01557663892873773,7.833333333333337,0.026098752967361527,40.460526315789494,0.03061463581960666,32.8881469115192,0.03762671098562187,16.724137931034488,0.034111834506863836,11.186440677966104,-0.027398974188114877,6.27306273062731,0.01688821802852125,8.854166666666675,0.0058593917638933846,6.6458982346832896,0.1880522315029396,84.21052631578947,-0.003724399090982544,3.076923076923066,0.006153865574379358,8.666666666666622,,,,,,,,,,,,,-0.8660254037844386,0.5000000000000001,0,0
1384-11,1384-11-01,2006-01-21,1384,11,,2.65,,59.9,,,,,,,4.60893854748603,59.7,238.1,,,,,,557.8935,555.0,107.1,7.95,133.5,,533.0,0.4,,67.6,59.5,80.3,59.2,67.4,69.8,71.9,76.8,179.8,,,,,,,,,,,,,,,,,,,,,,,,,,,,,0.04320614878749662,32.16979242495379,,,-0.05993696522467307,31.35964912280702,0.04088381641140604,8.534621578099856,-0.061576479841808585,29.516129032258064,-0.035809452696710764,25.285481239804252,0.030547829850097408,16.722408026755865,0.030032287098874733,10.81967213114754,0.027398974188114877,9.023941068139973,0.07265442138691913,18.91534391534393,0.04195086051919006,13.815090329436774,0.13353139262452285,100.0,-0.005612736904957671,7.459677419354849,0.012195273093818404,8.55263157894759,,,,,,,,,,,,,-0.5000000000000004,0.8660254037844384,0,0
1384-12,1384-12-01,2006-02-20,1384,12,,2.62,,62.3,,,,,,,4.66480446927373,60.9,233.6,,,,,,554.3561904761905,557.0,105.3,7.99,126.4,,541.0,0.38,,66.4,57.0,82.1,63.4,66.2,69.4,71.7,77.9,174.4,,,,,,,,,,,,,,,,,,,,,,,,,,,,,-0.006360660704392451,26.87935220412858,,,0.03928492067200384,17.325800376647816,-0.017964554975298697,1.3782542113323304,0.02216839550566707,15.47116736990155,0.014221312723075918,14.055636896046874,-0.0057471422555677165,10.862619808306718,-0.017910926566529817,3.750000000000009,0.06854231955321932,7.823129251700678,-0.030493610562641216,15.496688741721854,-0.016949558313773316,5.405405405405395,-0.05129329438755059,89.99999999999999,0.014897854680636868,-0.5514705882352922,0.012048338516172485,7.741935483870832,,,,,,,,,,,,,-2.4492935982947064e-16,1.0,0,1
1385-01,1385-01-01,2006-03-21,1385,1,,2.6,,70.4,,,,,,,4.72067039106144,68.0,231.8,,,,,,587.6926086956522,611.0,107.7,8.24,130.0,,540.0,0.39,,66.6,58.4,91.3,64.0,65.8,73.2,72.5,85.3,180.3,,,,,,,,,,,,,,,,,,,,,,,,,,,,,0.0583966136316274,37.57171485653974,,,0.12223183737058996,35.645472061657046,-0.00606062461169099,3.949447077409163,0.10621277114254024,29.871977240398294,0.09074850162093107,26.745913818722133,0.05330855345450747,19.218241042345284,0.0030075210639548544,6.559999999999988,0.009419221916491693,2.564102564102577,0.03327061873439252,27.96309439318665,0.02253616502241318,11.838006230529597,0.02597548640326064,105.26315789473686,-0.0018501392881606904,-1.098901098901095,0.011904902506318482,5.624999999999969,,,,,,,,,,,,,0.49999999999999994,0.8660254037844387,1,1
1385-02,1385-02-01,2006-04-21,1385,2,,2.62,,70.2,,,,,,,4.7486033519553,68.7,232.9,,,,,,670.8619047619047,675.0,110.6,8.28,119.3,,588.0,0.37,,69.0,57.7,89.9,61.4,68.2,78.9,76.6,86.2,193.2,,,,,,,,,,,,,,,,,,,,,,,,,,,,,0.13235927378969947,56.994366577440594,,,-0.0028449521322313487,44.147843942505126,0.035824726518145056,8.771929824561408,-0.015452846123348074,36.21212121212123,0.010495723172014415,34.267912772585674,0.07498580688456258,30.1980198019802,0.03540192705091627,10.75441412520064,-0.041473248206575164,-4.658385093167716,0.06910379156914548,34.82205163991625,0.026570504925891747,15.932914046121581,-0.05264373348542195,94.73684210526316,0.0851578083403064,9.293680297397767,0.005899722127189477,6.918238993710646,,,,,,,,,,,,,0.8660254037844386,0.5000000000000001,0,0
1385-03,1385-03-01,2006-05-22,1385,3,,2.57,,68.9,,,,,,,4.83240223463686,68.3,232.4,,,,,,617.9586956521739,596.0,109.4,8.29,119.4,,601.0,0.34,,67.7,57.3,88.5,58.6,65.8,74.9,77.6,83.9,195.2,,,,,,,,,,,,,,,,,,,,,,,,,,,,,-0.082141690957247,45.41339916750533,,,-0.018692133012153,26.88766114180481,-0.035824726518145056,5.448717948717952,-0.015695389463691534,21.399176954732503,-0.02704456419648693,21.947674418604656,-0.05202733732865461,23.597359735973612,-0.019020324679030587,8.842443729903525,-0.04667513857012917,-0.340136054421758,0.0102987522005753,37.56166314305849,-0.010909199100353817,12.667353244078283,-0.0845573880280629,70.0,0.02186798663658074,7.321428571428568,0.01749315744751634,9.493670886075956,,,,,,,,,,,,,1.0,6.123233995736766e-17,0,0
1385-04,1385-04-01,2006-06-22,1385,4,,2.62,,73.9,,,,,,,4.83240223463686,72.5,230.3,,,,,,621.375,634.0,114.0,8.58,121.3,,630.0,0.35,,68.4,59.2,94.0,58.4,66.9,77.1,76.5,88.4,202.4,,,,,,,,,,,,,,,,,,,,,,,,,,,,,0.005513144705020068,45.07805814440984,,,0.07005664993454364,28.298611111111114,0.01657912880291157,8.077544426494354,0.060292230256120405,21.76165803108807,0.05224635617043738,23.291492329149243,0.02894939004610908,27.438016528925612,0.010286644710276072,10.322580645161295,-0.0034188067487859186,-1.8487394957983239,0.036221263434318196,40.65323141070187,0.04118755840661503,6.04651162790697,0.02898753687325195,66.66666666666666,0.04712488485037092,12.299465240641716,0.0,10.191082802547658,,,,,,,,,,,,,0.8660254037844387,-0.4999999999999998,0,0
1385-05,1385-05-01,2006-07-23,1385,5,,2.66,,73.6,,,,,,,4.86033519553072,71.8,228.3,,,,,,632.8504545454545,633.0,116.6,8.71,131.2,,632.0,0.3,,68.3,60.5,94.7,60.3,66.6,77.4,76.6,89.0,189.9,,,,,,,,,,,,,,,,,,,,,,,,,,,,,0.018299381074851517,45.210246176631095,,,-0.004067802219325678,14.820592823712953,-0.004494389587839542,9.180327868852455,0.007419217922028487,9.10138248847927,0.0067644000885414,13.810741687979533,0.0038835000263981456,27.51235584843492,-0.001463058051760946,11.783960720130926,0.03201621389895859,4.869565217391303,-0.06374831959507077,27.108433734939762,0.022550825521896023,14.650934119960656,-0.15415067982725827,36.36363636363635,0.0031695747612792147,14.909090909090917,0.005763704716751139,10.828025477707005,,,,,,,,,,,,,0.49999999999999994,-0.8660254037844387,0,0
1385-06,1385-06-01,2006-08-23,1385,6,,2.68,,62.8,,,,,,,4.94413407821228,62.1,225.1,,,,,,605.75,598.0,121.7,8.77,105.9,,602.0,0.27,,67.6,59.7,80.3,61.0,66.4,76.9,74.6,79.2,196.0,,,,,,,,,,,,,,,,,,,,,,,,,,,,,-0.0437667857930526,35.23502147589117,,,-0.15868995226067817,-0.31746031746032743,-0.0030075210639548544,7.096774193548394,-0.1649443792393166,-10.479375696767013,-0.11666007091175956,-1.3698630136986245,-0.006480904084082972,25.85924713584289,-0.010301783527825847,9.385113268608404,0.011541760440171522,5.536332179930792,0.03161704141227695,22.730118973074532,0.042809726077090104,26.244813278008294,-0.10536051565782611,17.391304347826097,-0.0486319488380369,10.45871559633027,0.017094433359299277,12.025316455696245,,,,,,,,,,,,,1.2246467991473532e-16,-1.0,0,0
1385-07,1385-07-01,2006-09-23,1385,7,,2.69,,58.4,,,,,,,4.99999999999999,57.9,218.5,,,,,,586.17,586.0,142.2,8.97,119.9,,615.0,0.26,,69.2,58.8,77.0,60.1,69.3,79.2,74.3,77.7,212.1,,,,,,,,,,,,,,,,,,,,,,,,,,,,,-0.03285750980210622,24.98281553171333,,,-0.07263918363997135,-0.17094017094017033,0.04274784971346879,9.825673534072887,-0.041964199099031596,-10.465116279069765,-0.01912104144677862,-0.6393861892583175,0.029470422308781608,27.331189710610925,0.023392879574705816,10.366826156299847,-0.014864022632149698,2.7350427350427475,0.07894320234011953,26.400476758045286,0.15567551737565832,39.54857703631009,-0.03774032798284699,4.0000000000000036,0.021364822497696778,6.217616580310881,0.011236073266926105,12.578616352201166,,,,,,,,,,,,,-0.4999999999999997,-0.8660254037844388,0,0
1385-08,1385-08-01,2006-10-23,1385,8,,2.77,,58.5,,,,,,,5.0558659217877,58.1,219.4,,,,,,614.6190909090909,628.0,164.5,8.99,138.1,,676.0,0.26,,71.6,61.4,79.2,62.7,72.6,80.6,74.3,79.7,209.7,,,,,,,,,,,,,,,,,,,,,,,,,,,,,0.04739286165117651,30.886318533194235,,,0.0017108644036296639,5.405405405405395,0.04652001563489261,17.09677419354838,0.028170876966695957,0.6353240152477735,0.025414328422567856,8.435374149659868,0.01752235069220287,28.34394904458599,0.03409421134297563,15.48387096774193,0.04235160609771338,0.8038585209003246,-0.011379923662762081,30.16759776536313,0.14567605283628637,72.43186582809223,0.0,4.0000000000000036,0.0945708082364467,20.93023255813953,0.011111225425070703,13.125000000000053,,,,,,,,,,,,,-0.8660254037844385,-0.5000000000000004,0,0
1385-09,1385-09-01,2006-11-22,1385,9,,2.7,,62.3,,,,,,,5.16759776536312,61.0,223.8,,,,,,631.7977272727272,630.0,160.4,8.92,127.3,,698.0,0.26,,72.7,64.2,82.2,66.4,72.9,81.6,76.5,82.0,204.3,,,,,,,,,,,,,,,,,,,,,,,,,,,,,0.027566579589989537,25.117244955091355,,,0.06293467155559629,9.876543209876543,0.0041237171838623965,14.442700156985877,0.037179003241754494,-1.2019230769230727,0.02844966146808403,6.217616580310881,0.012330612457478018,25.153374233128822,0.015246310572873512,14.668769716088326,0.05733560884351352,12.162162162162172,-0.026088436084298117,24.27007299270074,-0.02523987477301226,57.100881488736555,0.0,-10.344827586206884,0.03202602671940813,29.73977695167287,0.021858793812499444,14.197530864197594,,,,,,,,,,,,,-1.0,-1.8369701987210297e-16,0,0
1385-10,1385-10-01,2006-12-22,1385,10,,2.69,,54.3,,,,,,,5.27932960893854,53.5,249.2,,,,,,624.2375,631.0,164.8,8.59,125.6,,697.0,0.24,,73.4,63.5,73.6,68.4,73.5,80.6,78.3,75.9,196.1,,,,,,,,,,,,,,,,,,,,,,,,,,,,,-0.012038386205130536,16.832251222109807,,,-0.13743719885351746,-14.622641509433965,0.008196767204178279,13.601236476043276,-0.11051027632730381,-13.817330210772848,-0.0773025628626689,-4.648241206030135,-0.012330612457478018,19.05465288035448,0.009582551080996815,11.890243902439046,0.02967576814611661,18.75,-0.04096476862127574,17.284688995215312,0.02706192204295732,60.46738072054529,-0.0800427076735366,-31.428571428571427,-0.0014336920018482857,30.037313432835823,0.021391189981317726,15.950920245398702,,,,,,,,,,,,,-0.8660254037844386,0.5000000000000001,0,0
1385-11,1385-11-01,2007-01-21,1385,11,,2.71,,57.8,,,,,,,5.3631284916201,57.6,317.6,,,,,,655.104761904762,665.0,177.3,8.56,142.2,,715.0,0.23,,75.4,64.3,79.1,73.8,75.9,82.7,79.6,80.3,200.0,,,,,,,,,,,,,,,,,,,,,,,,,,,,,0.048264259754686734,17.424698782968772,,,0.062464548738442094,-3.5058430717863076,0.03213127818279382,12.611275964391687,0.07206784903877761,-1.4943960149439661,0.05635293655113127,4.557291666666674,0.0257209525170623,18.481375358166208,0.02688333939344023,11.538461538461565,0.0759859069779214,24.662162162162147,0.0196926333457359,11.234705228031139,0.07311059560479105,65.54621848739497,-0.042559614418795855,-42.50000000000001,0.025497131933483352,34.14634146341464,0.015748356968138255,16.363636363636203,,,,,,,,,,,,,-0.5000000000000004,0.8660254037844384,0,0
1385-12,1385-12-01,2007-02-20,1385,12,,2.69,,62.1,,,,,,,5.41899441340781,60.6,387.0,,,,,,658.3152380952381,655.0,170.5,8.37,130.9,,719.0,0.23,,75.3,64.4,82.7,78.7,75.6,84.6,79.9,83.3,199.1,,,,,,,,,,,,,,,,,,,,,,,,,,,,,0.004888737166488966,18.753113865247386,,,0.07175721326110107,-0.32102728731941976,-0.003960401216096976,14.19939577039273,0.04450672725603688,0.7308160779537332,0.03667892822008145,6.931964056482665,0.022714664582532684,21.902017291066265,-0.0013271402080627936,13.403614457831313,0.06428442381693067,24.132492113564673,-0.004510155477885469,14.16284403669723,-0.039107916356591055,61.918328584995265,0.0,-39.473684210526315,0.0055788150270394965,32.902033271719034,0.010362787035546717,16.167664670658755,,,,,,,,,,,,,-2.4492935982947064e-16,1.0,0,1
1386-01,1386-01-01,2007-03-21,1386,1,,2.69,,67.4,,,,,,,5.50279329608938,65.1,404.6,,,,,,673.2065217391304,679.0,152.7,8.0,135.0,,754.0,0.21,,75.7,66.2,88.8,77.4,75.5,88.0,81.1,88.5,198.3,,,,,,,,,,,,,,,,,,,,,,,,,,,,,0.022368248087519582,14.550789269456876,,,0.08189902897882817,-4.261363636363635,-0.0013236269305085813,14.741641337386024,0.07116704796847895,-2.7382256297918905,0.06055400284108625,3.75146541617819,0.039402547866028925,20.21857923497268,0.005298025637555881,13.663663663663673,-0.01665637482767579,20.937500000000007,-0.0040261755444008784,9.983361064891838,-0.11026008449898494,41.782729805013915,-0.09097177820572666,-46.15384615384615,0.047531010286909314,39.62962962962963,0.015345569674661608,16.5680473372783,,,,,,,,,,,,,0.49999999999999994,0.8660254037844387,1,1
1386-02,1386-02-01,2007-04-21,1386,2,,2.7,,67.5,,,,,,,5.53072625698323,65.2,392.0,,,,,,675.6404761904762,667.0,160.2,7.98,135.3,,789.0,0.21,,77.3,66.5,88.9,79.8,77.9,89.7,81.0,89.2,195.7,,,,,,,,,,,,,,,,,,,,,,,,,,,,,0.0036089446717539886,0.7123032914303717,,,0.0014825799602231626,-3.8461538461538547,0.03129329662172342,14.222873900293266,0.0011254925217345502,-1.1123470522803158,0.007878487572080317,3.480278422273786,0.01913395458654321,13.688212927756659,0.020915795149972993,12.028985507246382,0.03053672386008177,29.967426710097712,-0.013198161123719743,1.2939958592132594,0.04794782240967255,44.84629294755877,0.0,-43.24324324324324,0.045373952837917564,34.183673469387756,0.005063301956545807,16.47058823529408,,,,,,,,,,,,,0.8660254037844386,0.5000000000000001,0,0
1386-03,1386-03-01,2007-05-22,1386,3,,2.68,,71.3,,,,,,,5.61452513966479,68.2,387.9,,,,,,658.0195652173913,656.0,165.2,8.03,131.7,,836.0,0.2,,79.8,69.7,92.8,80.6,81.5,89.4,80.7,91.7,223.0,,,,,,,,,,,,,,,,,,,,,,,,,,,,,-0.026426429354819092,6.48277463317164,,,0.054768729541765815,3.483309143686486,0.04517706737011462,23.86018237082068,0.042934497272296035,4.85875706214689,0.02764133967645588,9.29678188319427,-0.003350086885281378,19.359145527369815,0.03182954886238676,17.872968980797623,0.009975145056819734,37.54266211604094,0.13058889705808863,14.241803278688536,0.030733826452618906,51.00548446069468,-0.04879016416943194,-41.17647058823529,0.057862292238827884,39.101497504159745,0.015037877364539876,16.184971098265866,,,,,,,,,,,,,1.0,6.123233995736766e-17,0,0
1386-04,1386-04-01,2007-06-22,1386,4,,2.67,,77.2,,,,,,,5.64245810055865,73.6,398.5,,,,,,659.1785714285714,665.0,146.8,8.13,119.1,,887.0,0.22,,81.4,71.4,98.0,77.4,83.4,90.6,81.6,95.6,238.4,,,,,,,,,,,,,,,,,,,,,,,,,,,,,0.0017598058758929724,6.08385780383367,,,0.07950312961048045,4.46549391069011,0.02304528911788406,24.663677130044846,0.05452083887841752,4.255319148936176,0.041650440794936294,8.14479638009049,0.013333530869465093,17.50972762645915,0.01985176855273174,19.00584795321638,-0.040511868916901506,32.53424657534247,0.06677816373107603,17.786561264822144,-0.11808574490646251,28.771929824561404,0.09531017980432477,-37.14285714285713,0.059216369224877496,40.793650793650805,0.004962789342129792,16.76300578034691,,,,,,,,,,,,,0.8660254037844387,-0.4999999999999998,0,0
1386-05,1386-05-01,2007-07-23,1386,5,,2.69,71.83555560641818,70.8,,,,,,,5.69832402234636,70.1,401.6,,,,,,667.0652173913044,665.0,151.2,8.34,120.1,,922.0,0.22,,81.7,68.4,91.4,77.4,84.7,89.1,81.3,90.7,259.7,,,,,,,,,,,,,,,,,,,,,,,,,,,,,0.011893347202014404,5.406453072776052,,,-0.08654045633105678,-3.804347826086951,0.0154672922933079,27.177177177177203,-0.0697220002104677,-3.484688489968313,-0.052615462936264734,1.9101123595505642,-0.01669487857216989,15.116279069767424,0.0036787288574622323,19.619326500732083,0.0,28.358208955223894,0.08557718347750765,36.75618746708793,0.029532347565017325,29.674099485420236,0.0,-26.66666666666666,0.038700241247014766,45.88607594936709,0.009852296443011666,17.241379310344797,,,,,,,,,,,,,0.49999999999999994,-0.8660254037844387,0,0
1386-06,1386-06-01,2007-08-23,1386,6,,2.69,74.81476193382626,77.1,,,,,,,5.83798882681563,76.8,399.6,,,,,,693.9840909090909,713.0,159.4,8.54,120.1,,977.0,0.22,,85.2,70.7,98.1,87.1,89.4,92.5,82.1,96.3,326.5,,,,,,,,,,,,,,,,,,,,,,,,,,,,,0.0395612181478322,14.566090121187102,0.0406356606521463,,0.08524427986960958,22.770700636942664,0.0540050805214598,34.638554216867455,0.07074188811121296,22.166874221668742,0.059910961682988706,21.590909090909083,0.037449310041616,20.286085825747712,0.041947431969313165,26.035502958579904,0.11807010326277556,42.786885245901644,0.2289028300477831,66.58163265306123,0.052813302610681845,30.977814297452746,0.0,-18.518518518518523,0.05794142848618833,62.292358803986716,0.02421425812059419,18.07909604519775,,,,,,,,,,,,,1.2246467991473532e-16,-1.0,0,0
1386-07,1386-07-01,2007-09-23,1386,7,,2.67,79.89952378045945,82.9,,,,,,,5.9217877094972,82.0,406.0,,,,,,744.0761904761905,755.0,164.2,9.16,131.9,,1008.0,0.22,,87.5,72.0,105.7,92.9,92.8,96.2,82.7,102.6,335.1,,,,,,,,,,,,,,,,,,,,,,,,,,,,,0.06969439966198365,26.938633924661893,0.06575467499439025,,0.07253178157196594,41.952054794520556,0.03732595761268609,33.910533910533914,0.07461752630487428,37.27272727272728,0.063369613932589,32.046332046332026,0.039220713153280684,21.464646464646453,0.02663735952829871,26.445086705202314,0.06446676196133616,54.57570715474209,0.025999046026779382,57.991513437057996,0.029668430662213474,15.47116736990155,0.0,-15.384615384615385,0.031236796588531845,63.90243902439023,0.014252022707202272,18.43575418994423,,,,,,,,,,,,,-0.4999999999999997,-0.8660254037844388,0,0
1386-08,1386-08-01,2007-10-23,1386,8,,2.72,90.59863697398792,92.5,,,,,,,6.03351955307262,91.3,447.0,,,,,,797.6509090909091,806.0,171.3,9.47,137.9,,1142.0,0.22,,90.0,72.0,117.1,100.2,96.2,97.4,83.9,110.6,321.8,,,,,,,,,,,,,,,,,,,,,,,,,,,,,0.06952760831397775,29.779715744119418,0.12566927593857802,,0.10957358237713066,58.11965811965811,0.0359827178795058,32.50688705234162,0.10242337772747945,47.853535353535335,0.07508215635156557,38.77038895859472,0.012396852976828576,20.843672456575703,0.028170876966695957,25.698324022346377,0.07564454283097088,59.808612440191375,-0.040498760184982,53.457319980925156,0.042331208311746416,4.133738601823711,0.0,-15.384615384615385,0.12481294158464173,68.93491124260356,0.01869213301215278,19.337016574585732,,,,,,,,,,,,,-0.8660254037844385,-0.5000000000000004,0,0
1386-09,1386-09-01,2007-11-22,1386,9,,2.73,90.9819048926944,91.5,,,,,,,6.20111731843574,89.5,512.5,,,,,,802.2,803.0,180.3,9.49,138.2,73.6391272475864,1188.0,0.24,,92.4,75.4,116.3,106.6,99.8,97.0,83.1,110.0,368.6,,,,,,,,,,,,,,,,,,,,,,,,,,,,,0.0056869088780571175,26.971017047314504,0.004221470912524339,,-0.010869672236903938,46.86998394863564,0.0367388256457577,36.899862825788745,-0.0068552110790527365,41.48418491484185,-0.005439723295817878,34.14634146341464,-0.00411523214510634,18.872549019607842,0.02631730831737311,27.09766162310867,0.06191532308097969,60.54216867469877,0.13578181067743955,80.42094958394519,0.051205724879197057,12.406483790523692,0.08701137698962969,-7.692307692307699,0.03949010970663469,70.20057306590257,0.0273989741881131,19.999999999999908,,,,,,,,,,,,,-1.0,-1.8369701987210297e-16,0,0
1386-10,1386-10-01,2007-12-22,1386,10,,2.77,93.35277769300671,91.9,,,,,,,6.28491620111731,90.7,593.9,,,,,,859.9625,890.0,206.7,10.7,154.7,74.5298540717023,1280.0,0.26,,97.5,78.3,118.6,109.9,106.2,101.8,86.1,113.1,370.7,,,,,,,,,,,,,,,,,,,,,,,,,,,,,0.06953083030972707,37.76206972506459,0.02572498581695637,,0.004362057080165904,69.2449355432781,0.06215592549042004,44.48979591836735,0.01958342703900673,61.1413043478261,0.027792017329658414,49.01185770750986,0.04829912561303917,26.302729528535984,0.05372539935616327,32.833787465940034,0.030487349677832398,60.67251461988303,0.005681064920963763,89.03620601733809,0.13664633647845115,25.42475728155338,0.0800427076735366,8.333333333333348,0.0745888569910722,83.6441893830703,0.01342302033214171,19.04761904761907,,,,,0.012023266224397311,,,,,,,,-0.8660254037844386,0.5000000000000001,0,0
1386-11,1386-11-01,2008-01-21,1386,11,,2.89,91.40550003051756,94.8,,,,,,,6.42458100558658,93.4,692.5,,,,,,908.4113636363636,922.0,220.1,10.84,162.4,75.8316855838718,1414.0,0.3,,105.5,87.2,124.4,114.3,116.1,109.7,89.3,119.6,425.0,,,,,,,,,,,,,,,,,,,,,,,,,,,,,0.05480853601470592,38.666579219344285,-0.021079973189793044,,0.03106837989933453,64.01384083044984,0.08912777989600773,52.96442687747034,0.04774569374145354,57.269279393173214,0.05588045839445677,48.94146948941469,0.07473926316476298,32.64812575574365,0.07885857491231985,39.92042440318302,0.039255709391189164,54.87804878048781,0.13669605876773083,112.5,0.06281352184469302,24.139875916525643,0.1431008436406731,30.43478260869563,0.09956248954285485,97.76223776223776,0.021978906718774782,19.791666666666696,,,,,0.017316450011461093,,,,,,,,-0.5000000000000004,0.8660254037844384,0,0
1386-12,1386-12-01,2008-02-20,1386,12,,3.01,101.43714250837054,103.3,,,,,,,6.62011173184356,101.8,862.2,,,,,,969.4442857142856,968.0,234.4,11.04,174.1,77.561751146097,1489.0,0.29,,111.5,88.4,134.0,128.8,123.9,116.8,93.2,128.4,439.7,,,,,,,,,,,,,,,,,,,,,,,,,,,,,0.06502568634089378,47.261407546825865,0.10413366897523968,,0.08586796686461629,66.34460547504024,0.06502289993125032,63.88888888888891,0.0743376196458323,62.031438935912945,0.07099754973932892,54.141656662665085,0.06271370311294167,38.061465721040186,0.0553136379840522,48.07436918990704,0.11943424286948812,63.6594663278272,0.03400350726234702,120.84379708689102,0.06294706917044213,37.47800586510264,-0.03390155167568132,26.08695652173911,0.051682186227491655,107.09318497913772,0.02998083221193526,22.16494845360821,,,,,0.022558187150877984,,,,,,,,-2.4492935982947064e-16,1.0,0,1
1387-01,1387-01-01,2008-03-20,1387,1,,3.16,105.93190402076358,110.2,,,,,,,6.81564245810055,108.8,953.5,,,,,,923.3227272727272,910.0,246.4,12.19,188.7,79.3603341563312,1422.0,0.28,,113.6,85.4,143.1,174.1,127.6,119.5,93.9,135.4,362.2,,,,,,,,,,,,,,,,,,,,,,,,,,,,,-0.04874418226221522,37.15296828786778,0.04335715176326982,,0.06465952059322166,63.501483679525215,0.029425582275592888,69.00662251655629,0.06570388661149362,61.14864864864864,0.053082969222313814,52.99435028248589,0.022853300977438984,35.79545454545454,0.018658915386877695,50.06605019815058,0.3013690331038896,124.93540051679584,-0.1938961307374516,82.6525466464952,0.049927173956506365,61.36214800261952,-0.035091319811269894,33.33333333333335,-0.04604042232082328,88.59416445623343,0.029108084158071756,23.85786802030454,,,,,0.02292426553363036,,,,,,,,0.49999999999999994,0.8660254037844387,1,1
1387-02,1387-02-01,2008-04-20,1387,2,,3.51,119.19818045876242,123.9,,,,,,,6.92737430167597,122.6,997.5,,,,,,884.6590909090909,889.0,243.5,12.38,203.1,80.3195784284561,1438.0,0.27,,113.7,86.2,159.8,213.0,127.3,119.6,94.6,146.6,328.8,,,,,,,,,,,,,,,,,,,,,,,,,,,,,-0.04277646095512644,30.93636661573962,0.11799101713030424,,0.11717789191628203,83.55555555555556,-0.0023538653473282878,63.414634146341456,0.11037934676976935,79.75253093363331,0.07947442897437629,64.34977578475336,0.0008364701449661283,33.33333333333333,0.0008798944694392574,47.089262613195345,0.20166231893528241,166.91729323308272,-0.09674688226728811,68.01226366888096,-0.011839289136720055,51.99750312109863,-0.0363676441708749,28.57142857142858,0.011188927917806346,82.25602027883396,0.016260520871780537,25.25252525252535,,,,,0.01201473367293815,,,,,,,,0.8660254037844386,0.5000000000000001,0,0
1387-03,1387-03-01,2008-05-21,1387,3,,3.66,131.4318188753995,133.0,,,,,,,7.09497206703909,131.5,1004.1,,,,,,893.5521739130435,889.0,287.1,12.63,222.2,81.6454889294972,1535.0,0.27,,117.1,92.1,172.7,214.6,131.2,120.9,95.7,155.7,348.6,,,,,,,,,,,,,,,,,,,,,,,,,,,,,0.010002362850591417,35.79416496800345,0.0977007396100289,,0.07087433958665734,86.53576437587658,0.030176370946627173,60.98159509202452,0.07763295182045837,86.09913793103448,0.060223289387401735,69.79280261723008,0.010810916104214918,35.23489932885906,0.029464869847180886,46.74185463659148,0.0074836644871725255,166.2531017369727,0.05847546990389585,56.32286995515696,0.1647136446043742,73.7893462469734,0.0,35.00000000000001,0.06527712174030498,83.61244019138756,0.02390552085355324,26.368159203980124,,,,,0.016373161736980002,,,,,,,,1.0,6.123233995736766e-17,0,0
1387-04,1387-04-01,2008-06-21,1387,4,,3.93,138.5715003967285,133.9,,,,,,,7.12290502793295,132.8,1075.8,,,,,,936.1357142857142,940.0,265.3,14.37,212.1,84.4502996047767,1507.0,0.31,,115.4,93.0,173.5,239.6,128.1,121.0,96.0,156.2,328.2,,,,,,,,,,,,,,,,,,,,,,,,,,,,,0.04655573422745807,42.015495475971164,0.05289821125181238,,0.006744124475373425,73.44559585492227,-0.023911667607299236,53.597122302158255,0.004621614234281424,77.04081632653062,0.0032061585656331104,63.389121338912126,0.0008267879759946695,33.55408388520973,-0.014623916529671988,41.76904176904177,0.11019503604469616,209.56072351421184,-0.060301954429929694,37.667785234899334,-0.07896932598332462,80.72207084468663,0.13815033848081715,40.90909090909092,-0.018409461394801596,69.89853438556935,0.003929278139890302,26.23762376237626,,,,,0.0337766219484914,,,,,,,,0.8660254037844387,-0.4999999999999998,0,0
1387-05,1387-05-01,2008-07-22,1387,5,,3.84,119.1047830996306,113.8,,,,,,,7.26256983240222,114.6,1065.0,,,,,,869.5478260869564,839.0,235.0,14.64,178.8,86.4901619140708,1330.0,0.32,,106.7,90.6,147.6,256.1,116.1,113.1,91.9,136.3,329.3,,,,,,,,,,,,,,,,,,,,,,,,,,,,,-0.07378712345501182,30.3542447449894,-0.15138280484770394,65.80199330843502,-0.1626507310048968,60.73446327683616,-0.09835932019884286,37.07201889020069,-0.16167168722054193,61.487964989059066,-0.1362788987030985,50.27563395810364,-0.06751816247466635,26.93602693602695,-0.07838319576629171,30.599755201958388,0.06659712696418563,230.87855297157623,0.003346010726327897,26.800154023873702,-0.12127574699953492,55.42328042328044,0.03174869831458027,45.45454545454546,-0.12494197741069613,44.25162689804771,0.01941808585710114,27.450980392156808,,,,,0.02386748140664352,,,,,,,,0.49999999999999994,-0.8660254037844387,0,0
1387-06,1387-06-01,2008-08-22,1387,6,,3.56,104.24399948120116,99.1,,,,,,,7.54189944134077,99.7,980.0,,,,,,808.8238095238095,830.0,233.8,14.85,173.8,88.0200586460414,1201.0,0.3,,101.7,87.2,131.0,245.4,108.7,105.7,91.9,122.7,295.6,,,,,,,,,,,,,,,,,,,,,,,,,,,,,-0.07239223104818837,16.54788922672321,-0.13326933583217393,39.33613739679489,-0.13831308035628798,28.534370946822317,-0.0658600945766823,21.588366890380307,-0.11930858896522079,33.53720693170234,-0.10511598698562175,27.41433021806854,-0.06766749024588314,14.27027027027028,-0.04799385525319355,19.3661971830986,-0.042678460928669004,181.7451205510907,-0.10796200030827219,-9.464012251148535,-0.005119465106190546,46.675031367628605,-0.0645385211375713,36.36363636363635,-0.10202439913581607,22.927328556806547,0.03774032798284721,29.18660287081345,,,,,0.01753405529152463,,,,,,,,1.2246467991473532e-16,-1.0,0,0
1387-07,1387-07-01,2008-09-22,1387,7,,3.11,87.21857161748977,72.8,,,,,,,7.68156424581004,72.7,910.0,,,,,,856.9659090909091,807.0,183.1,15.93,167.7,88.9379966852237,943.0,0.26,,87.4,74.4,100.5,242.2,91.2,88.2,84.8,96.5,237.4,,,,,,,,,,,,,,,,,,,,,,,,,,,,,0.057817033090607595,15.17179558486772,-0.1783170145857227,9.160314718697116,-0.30841348613330233,-12.183353437876965,-0.1755368970468778,-1.724137931034475,-0.26503959570202085,-4.9195837275307515,-0.24019934337192517,-5.9454191033138315,-0.18099792986344632,-8.316008316008316,-0.1515320203930246,-0.11428571428571122,-0.013125701157818526,160.71044133476855,-0.21926070689847865,-29.15547597732021,-0.2444335973575038,11.51035322777101,-0.1431008436406731,18.181818181818187,-0.24184353944652592,-6.448412698412698,0.018349138668196208,29.716981132075347,,,,,0.010374732825551014,,,,,,,,-0.4999999999999997,-0.8660254037844388,0,0
1387-08,1387-08-01,2008-10-22,1387,8,,2.73,58.93380955287388,53.2,,,,,,,7.73743016759775,54.0,710.0,,,,,,736.8068181818181,761.0,163.8,15.81,166.4,89.549955378012,826.0,0.27,,82.7,69.7,78.8,180.6,85.3,78.7,83.1,78.8,226.8,,,,,,,,,,,,,,,,,,,,,,,,,,,,,-0.15107239977557363,-7.627909680242895,-0.39200234335219,-34.95066645451348,-0.31365755885504143,-42.486486486486484,-0.06688044258265258,-11.33056133056134,-0.24324473063529695,-32.70708795900939,-0.20263001148110682,-28.75226039783002,-0.11396380758938829,-19.199178644763858,-0.05527568063184418,-8.111111111111114,-0.29347919013610735,80.23952095808382,-0.045677910321970217,-29.52144188937228,-0.11138628026149533,-4.378283712784592,0.03774032798284699,22.72727272727273,-0.13247150911247996,-27.670753064798603,0.0072464085207673,28.240740740740613,,,,,0.006857169726138146,,,,,,,,-0.8660254037844385,-0.5000000000000004,0,0
1387-09,1387-09-01,2008-11-21,1387,9,,2.66,46.33631535580284,41.6,,,,,,,7.82122905027932,41.3,495.0,,,,,,809.5999999999999,816.0,158.3,15.5,153.4,89.2949725893502,746.0,0.26,,80.3,71.9,64.4,162.4,82.2,73.8,79.7,67.5,220.1,,,,,,,,,,,,,,,,,,,,,,,,,,,,,0.09421455985938021,0.9224632261281229,-0.2404889395623604,-49.07084500983721,-0.24595822908038079,-54.53551912568307,-0.0370191524354988,-17.63527054108216,-0.20179936375352536,-44.625967325881334,-0.15478539898534915,-38.63636363636363,-0.06428442381693067,-23.91752577319588,-0.029449981076929532,-13.095238095238104,-0.10622221325530745,52.345215759849914,-0.029986583321181648,-40.28757460661965,-0.03415420453200291,-12.201885745978924,-0.03774032798284699,8.333333333333348,-0.10186917331721723,-37.20538720538721,0.01077209698191206,26.12612612612626,,,,,-0.002851441909211161,21.26022663077791,,,,,,,-1.0,-1.8369701987210297e-16,0,0
1387-10,1387-10-01,2008-12-21,1387,10,,2.64,43.79294114954331,44.9,,,,,,,7.79329608938546,43.9,308.9,,,,,,850.8333333333334,859.0,172.8,13.89,138.3,88.5810207810973,790.0,0.28,,85.2,77.9,66.3,164.2,88.6,77.5,80.7,70.0,239.1,,,,,,,,,,,,,,,,,,,,,,,,,,,,,0.04967596283750986,-1.0615772974596704,-0.0564533591634917,-53.088764756890626,0.07633762748099082,-51.14254624591948,0.07497655554890059,-16.572504708097934,0.02907626408150854,-44.097807757166954,0.036367644170875124,-38.1078691423519,0.04891920475287481,-23.870333988212177,0.059231812882554635,-12.615384615384617,0.011022769290750745,49.40855323020927,0.08279988593186349,-35.50040463987052,0.08764288948298926,-16.400580551523937,0.07410797215372189,7.692307692307709,0.05730734525730696,-38.28125,-0.0035778213478847576,23.99999999999991,,,,,-0.008027566044746415,18.853071543487676,,,,,,,-0.8660254037844386,0.5000000000000001,0,0
1387-11,1387-11-01,2009-01-20,1387,11,,2.54,44.918000030517575,43.2,,,,,,,7.76536312849161,41.8,313.8,,,,,,912.3454545454543,943.0,163.4,11.04,114.5,88.2750414347032,748.0,0.29,,84.5,77.8,61.8,165.6,87.7,76.8,80.2,66.7,224.7,,,,,,,,,,,,,,,,,,,,,,,,,,,,,0.06980244486039044,0.4330737226076353,0.0253659625356919,-50.85853694195557,-0.03859729949814383,-54.43037974683544,-0.010209958232898053,-24.461670973298876,-0.0702865327281712,-50.32154340836013,-0.048290289127780994,-44.230769230769226,-0.009073296205674986,-29.99088422971742,-0.008249899472142275,-19.905213270142173,0.008490044932830898,44.88188976377954,-0.062115695272995985,-47.129411764705885,-0.05593367394405302,-25.761017719218536,0.035091319811269894,-3.3333333333333326,-0.05462996748658977,-47.100424328147106,-0.0035906681307280586,20.869565217391383,,,,,-0.0034602110648949136,16.409177450063027,,,,,,,-0.5000000000000004,0.8660254037844384,0,0
1387-12,1387-12-01,2009-02-19,1387,12,,2.61,45.80272726579146,46.8,,,,,,,7.79329608938546,46.6,317.8,,,,,,939.1613636363636,924.0,164.6,10.9,106.2,88.0200586460414,731.0,0.3,,83.7,76.0,64.1,168.6,87.3,76.7,79.0,68.2,231.0,,,,,,,,,,,,,,,,,,,,,,,,,,,,,0.028968604471392823,-3.123740324655122,0.01950503067435605,-54.84619722799088,0.08004270767353638,-54.69506292352372,-0.0045714365325801865,-29.539951573849887,0.03654099946297862,-52.16417910447761,0.022239611927838077,-46.88473520249221,-0.0013029317804162943,-34.332191780821915,-0.009512556867698585,-24.932735426008968,0.01795380361659582,30.900621118012417,0.027651531330509904,-47.46418012281101,0.0073171058170666825,-29.778156996587036,0.03390155167568132,3.4482758620689724,-0.022989518224699523,-50.90664875755541,0.0035906681307280586,17.721518987341824,,,,,-0.0028926835328366707,13.483846542150534,,,,,,,-2.4492935982947064e-16,1.0,0,1
1388-01,1388-01-01,2009-03-21,1388,1,,2.64,51.82812523841858,50.8,,,,,,,7.87709497206702,50.3,300.6,,,,,,900.6333333333333,890.0,168.5,8.51,88.5,88.1220517615061,809.0,0.3,,86.6,79.4,66.5,142.7,90.6,79.2,80.5,70.7,233.5,,,,,,,,,,,,,,,,,,,,,,,,,,,,,-0.041889091157835345,-2.4573633107042525,0.12358932355226493,-51.074111508219644,0.0820131516608349,-53.901996370235935,0.03710375020337686,-28.996865203761757,0.03675758373518434,-53.52900069881201,0.036001008053110795,-47.784342688330874,0.03207459044716998,-33.72384937238494,0.034060838072959676,-23.767605633802813,-0.16678452108496433,-18.0356117174038,0.010764366587158847,-35.53285477636665,0.023417461549446905,-31.615259740259738,0.0,7.14285714285714,0.10138545730871318,-43.10829817158931,0.010695289116747553,15.573770491803153,,,,,0.0011580777206274817,11.040424285405948,,,,,,,0.49999999999999994,0.8660254037844387,1,1
1388-02,1388-02-01,2009-04-21,1388,2,,2.72,57.068571363176616,57.9,,,,,,,7.98882681564244,58.2,267.9,,,,,,911.1173913043478,929.0,179.9,8.09,89.8,88.683013896562,890.0,0.35,,91.5,82.6,74.2,132.3,96.6,82.9,83.8,77.1,261.5,,,,,,,,,,,,,,,,,,,,,,,,,,,,,0.011573529242726366,2.990790539219801,0.09632059098616397,-52.122950917929536,0.13082102999451362,-53.26876513317191,0.06412452816953884,-24.11626080125687,0.10956220251152615,-53.56695869837297,0.08665770766675607,-47.40791268758527,0.045658763320869156,-30.685618729096987,0.05503915671308679,-19.525065963060683,-0.07567245336188044,-37.88732394366197,0.11325220639602573,-20.468369829683695,0.06546539116407146,-26.119096509240247,0.15415067982725827,29.629629629629605,0.09542254566769426,-38.108484005563284,0.014084739881738972,15.322580645161166,,,,,0.006345564990282604,10.412698412698408,,,,,,,0.8660254037844386,0.5000000000000001,0,0
1388-03,1388-03-01,2009-05-22,1388,3,,2.74,67.76449947357177,68.6,,,,,,,8.12849162011172,69.1,256.1,,,,,,954.2166666666666,946.0,179.5,7.95,88.9,89.7539416089414,893.0,0.36,,91.5,85.2,85.8,119.8,96.9,84.3,81.4,85.3,256.6,,,,,,,,,,,,,,,,,,,,,,,,,,,,,0.04621901078080093,6.789138287019236,0.17178490005834313,-48.44132870304858,0.16957515015289015,-48.42105263157895,0.0031007776782479013,-26.143292682926823,0.145254856320582,-50.318471337579616,0.10107117392835008,-45.21515735388567,0.016746802866560273,-30.272952853598024,0.0,-21.86165670367207,-0.09924838543956138,-44.17520969245107,-0.01891583132344188,-26.391279403327594,-0.0022259330281544365,-37.478230581678865,0.0281708769666964,33.33333333333333,0.003365118150313151,-41.824104234527695,0.017331456351640906,14.566929133858375,,,,,0.012003573677914048,9.931292941911396,,,,,,,1.0,6.123233995736766e-17,0,0
1388-04,1388-04-01,2009-06-22,1388,4,,2.79,65.63857196626209,64.9,,,,,,,8.12849162011172,64.7,263.3,,,,,,931.4130434782608,934.0,151.6,6.67,78.0,91.1818452254473,846.0,0.41,,88.1,85.5,80.8,99.3,92.2,82.7,79.6,81.4,224.9,,,,,,,,,,,,,,,,,,,,,,,,,,,,,-0.02418792495406219,-0.5044856996036073,-0.03187494078823683,-52.63198292698017,-0.055444911021795384,-51.53099327856609,-0.04971938833417244,-28.024980483996874,-0.060042040966866495,-53.42939481268012,-0.04679918148913842,-47.88732394366196,-0.019162262978164257,-31.65289256198347,-0.03786643933934197,-23.656845753899493,-0.18767811463022177,-58.5559265442404,-0.13186259321626626,-31.474710542352224,-0.168929734720062,-42.85714285714286,0.1300531282481978,32.258064516129025,-0.054067221270275745,-43.86197743861977,0.0,14.117647058823547,,,,,0.015783867701261833,7.971014492753614,,,,,,,0.8660254037844387,-0.4999999999999998,0,0
1388-05,1388-05-01,2009-07-23,1388,5,,2.8,72.27818194302645,72.5,,,,,,,8.21229050279328,71.6,276.4,,,,,,948.525,949.0,152.0,6.92,76.4,92.2017763800944,903.0,0.49,,91.3,89.3,88.6,95.3,95.6,88.4,81.8,88.5,210.4,,,,,,,,,,,,,,,,,,,,,,,,,,,,,0.018205311820025827,9.082556651133022,0.09635880198968039,-39.315466548000764,0.11073893815058433,-36.291739894551846,0.036212689494807826,-17.657192075796722,0.0921548920839852,-39.97289972899729,0.08362727900538847,-35.06969919295672,0.06665236761395299,-21.83908045977011,0.035678254658789044,-14.432989690721653,-0.0411157603909702,-62.78797344787193,-0.06664537810171467,-36.1068934102642,0.002635047638005261,-35.31914893617021,0.17824823140631885,53.125,0.06520319381076245,-32.10526315789474,0.010256500167188598,13.076923076923075,,,,,0.011123585218663301,6.603773584905737,,,,,,,0.49999999999999994,-0.8660254037844387,0,0
1388-06,1388-06-01,2009-08-23,1388,6,,2.81,70.0005012512207,67.7,,,,,,,8.24022346368714,68.3,280.6,,,,,,984.5409090909092,997.0,150.4,7.13,75.6,91.6918108027708,858.0,0.51,,90.2,92.5,83.2,86.2,92.5,86.2,83.4,84.2,191.1,,,,,,,,,,,,,,,,,,,,,,,,,,,,,0.037267303946687313,21.72501569539009,-0.03201990967806356,-32.84937109128834,-0.06850038194239971,-31.68516649848637,-0.032964175538976015,-14.903403863845444,-0.06288450978387239,-36.48854961832061,-0.04980763076560191,-31.37734311328443,-0.02520179197395045,-18.4484389782403,-0.012121360532344916,-11.307767944936087,-0.10035963299050898,-64.87367563162184,-0.09621362961732771,-35.35182679296347,-0.010582109330536937,-35.67151411462789,0.04000533461369915,70.00000000000001,-0.05111845392902303,-28.559533721898422,0.003395589001138788,9.2592592592593,,,,,-0.005546325920557038,4.17149478563148,,,,,,,1.2246467991473532e-16,-1.0,0,0
1388-07,1388-07-01,2009-09-23,1388,7,,2.75,70.80523754301525,73.2,,,,,,,8.26815642458099,74.1,271.6,,,,,,1032.831818181818,1043.0,167.3,7.6,91.2,92.0487867068973,897.0,0.5,,91.8,95.4,90.9,87.8,93.5,88.1,85.7,90.0,198.8,,,,,,,,,,,,,,,,,,,,,,,,,,,,,0.0478841963666472,20.521925927890393,0.011430571804355694,-18.818622880523282,0.07810924104903716,0.5494505494505475,0.010752791776261539,2.5219298245614086,0.08851265335627012,-9.552238805970148,0.0666147490819835,-6.735751295336789,0.021802355272486196,-0.11337868480726376,0.01758287055786667,5.034324942791746,0.018391322971423207,-63.748967795210575,0.0395024429762465,-16.25947767481044,0.10649019647703906,-8.629164391043131,-0.019802627296179653,92.30769230769229,0.04445176257083361,-4.878048780487809,0.0033840979842398866,7.636363636363663,,,,,0.0038856557354156607,3.4977064220184317,,,,,,,-0.4999999999999997,-0.8660254037844388,0,0
1388-08,1388-08-01,2009-10-23,1388,8,,2.83,77.49714261009579,77.0,,,,,,,8.29608938547485,77.6,273.2,,,,,,1092.5785714285714,1127.0,171.6,7.81,88.1,93.6806765543326,932.0,0.49,,94.4,94.8,95.0,88.0,96.8,91.1,88.3,93.8,211.0,,,,,,,,,,,,,,,,,,,,,,,,,,,,,0.056236196563972385,48.28562174881521,0.09030809157265107,31.49861378054539,0.05061000088641787,44.73684210526314,0.03468555798789019,13.481828839390397,0.04411689041710787,20.558375634517766,0.04135518568191365,19.035532994923866,0.03348527132377832,15.756035578144845,0.027928775525010607,14.14752116082225,0.0022753138371358617,-51.27353266888151,0.059558839253592843,-6.9664902998236355,0.02537757906108329,4.761904761904745,-0.020202707317519497,81.48148148148147,0.03827695262679498,12.832929782082324,0.003372684478639698,7.220216606498275,,,,,0.017573214448144192,4.612756264236917,,,,,,,-0.8660254037844385,-0.5000000000000004,0,0
1388-09,1388-09-01,2009-11-22,1388,9,,2.88,75.32350006103516,74.7,,,,,,,8.40782122905027,74.9,331.5,,,,,,1153.040476190476,1135.0,164.6,8.01,109.8,94.2926352471208,940.0,0.52,,95.3,96.8,95.0,90.8,97.6,93.5,89.0,94.6,206.3,,,,,,,,,,,,,,,,,,,,,,,,,,,,,0.05386178145025777,42.42100743459438,-0.028448894211329012,62.55824288713576,-0.03032532971491264,79.5673076923077,0.008230499136515412,18.73479318734792,0.0,47.515527950310556,0.008492620045653432,40.14814814814813,0.02600363202872913,26.693766937669384,0.009488737508701384,18.67995018679951,0.03132247112904096,-44.088669950738925,-0.022526713398860032,-6.2698773284870395,-0.04164789881089259,3.9797852179406012,0.05942342047080085,100.0,0.008547060578458776,26.005361930294903,0.013378125946176489,7.500000000000018,,,,,0.006511146171999549,5.596801827527131,,,,,,,-1.0,-1.8369701987210297e-16,0,0
1388-10,1388-10-01,2009-12-22,1388,10,,3.02,78.37263127377159,76.4,,,,,,,8.40782122905027,77.1,383.0,,,,,,1117.9454545454546,1118.0,167.3,8.8,119.1,94.751604266712,921.0,0.58,,96.2,96.8,98.5,93.0,98.5,96.2,90.5,97.8,201.2,,,,,,,,,,,,,,,,,,,,,,,,,,,,,-0.03090976065774509,31.39417683198291,0.03968260359305731,78.96178976914614,0.0225026040337033,70.15590200445436,0.009179054758996052,11.173814898419865,0.03617965657750233,48.567119155354455,0.033267100982939724,39.7142857142857,0.028467921377019145,24.12903225806451,0.009399547011503806,12.910798122065724,0.023940207546008452,-43.36175395858709,-0.025031981851622476,-15.851108322877462,0.016270319749809303,-3.182870370370372,0.10919929196499178,107.14285714285711,-0.02041983900874289,16.582278481012658,0.0,7.8853046594983045,,,,,0.004855687986658808,6.966033390903825,,,,,,,-0.8660254037844386,0.5000000000000001,0,0
1388-11,1388-11-01,2010-01-21,1388,11,,3.21,73.6038091750372,74.3,,,,,,,8.46368715083797,74.8,413.6,,,,,,1094.6272727272726,1095.0,161.8,8.8,113.8,95.5675491904296,909.0,0.56,,93.7,93.2,95.6,96.7,95.4,93.0,90.0,94.8,194.0,,,,,,,,,,,,,,,,,,,,,,,,,,,,,-0.02107867000266772,19.979473484923993,-0.06277799602298462,63.86261437515095,-0.027871744448761504,71.99074074074072,-0.03197796972380207,8.779931584948697,-0.02988372812068718,54.69255663430421,-0.031155167779795434,42.12893553223387,-0.03382986451840431,21.09375,-0.026331168427284446,10.887573964497044,0.03901390930599202,-41.606280193236714,-0.036441279162255924,-13.66266132621272,-0.033427603368386904,-0.9791921664626613,-0.035091319811269894,93.10344827586209,-0.01311494207782804,21.524064171123,0.006622540760492068,8.992805755395583,,,,,0.00857454342458297,8.261120739456862,,,,,,,-0.5000000000000004,0.8660254037844384,0,0
1388-12,1388-12-01,2010-02-20,1388,12,,3.4,79.06699981689454,79.3,,,,,,,8.60335195530725,79.3,424.5,,,,,,1117.3125,1113.0,159.0,8.93,101.6,96.3834941141473,911.0,0.41,,92.1,90.7,99.6,95.0,92.6,94.5,91.7,97.9,191.1,,,,,,,,,,,,,,,,,,,,,,,,,,,,,0.020512333074004907,18.96917220634464,0.07159881249115418,72.62509142320673,0.06512717691708936,69.44444444444444,-0.02978943680210744,6.071019473081329,0.04098934453319636,55.38221528861156,0.032177140275488014,43.5483870967742,0.016000341346440905,23.20730117340286,-0.0172232459831152,10.035842293906793,-0.017736510858707533,-43.653618030842225,-0.01506130781710091,-17.272727272727273,-0.017456802404160143,-3.402187120291611,-0.3117796240308416,36.66666666666667,0.0021978030824794104,24.623803009575916,0.016366977464206123,10.394265232974975,,,,,0.008501645255321044,9.50173812282733,,,,,,,-2.4492935982947064e-16,1.0,0,1
1389-01,1389-01-01,2010-03-21,1389,1,,3.66,83.52428545270648,85.0,,2718592.3076923075,,,,,8.68715083798881,84.2,417.5,,,,,,1128.159090909091,1149.0,157.1,7.52,91.8,97.2504355955973,903.0,0.36,,93.4,94.6,104.9,92.5,91.7,98.0,96.9,102.5,192.9,-0.31655775127337193,0.5851472621887851,1.3343415173684647,,,,,,,,,,,,,,,,,,,,,,,,,,0.009660932977742398,25.26286216097091,0.05484184133260506,61.15629316800471,0.06941312784951403,67.3228346456693,-0.009766762389713968,1.2141280353201056,0.05184535081169894,57.74436090225565,0.04591624904199865,44.97878359264498,0.036367644170875124,23.737373737373723,0.014016401973536041,7.852193995381085,-0.026668247082160867,-35.17869656622285,0.009375068665455899,-17.387580299785867,-0.012021656958656202,-6.765578635014835,-0.1300531282481978,19.999999999999996,-0.008820343842972811,11.619283065512986,0.009693129205659456,10.283687943262464,,,,,0.008954497546731055,10.358796296296301,,,,,,,0.49999999999999994,0.8660254037844387,1,1
1389-02,1389-02-01,2010-04-21,1389,2,,3.58,81.23727278275923,76.3,,2854894.736842105,,,,,8.71508379888267,75.6,410.0,,,,,,1189.834352173913,1205.0,163.4,7.27,92.7,98.7293357698355,859.0,0.34,,92.6,94.8,95.7,88.2,90.4,93.5,96.7,94.8,181.6,1.8774406842378966,1.3684241296382516,3.5718082602079093,3.7307052412810293,,,,,,,,,,,,,,,,,0.048920760266343066,,,,,,,,0.0532269164094723,30.590675090786746,-0.027763267048585227,42.350282900506286,-0.10797831819990567,31.778929188255624,-0.014278111864288512,-6.418219461697716,-0.09178921694334274,28.975741239892173,-0.07809338931748666,22.957198443579774,-0.04700604237593087,12.78648974668275,-0.008602203582663392,1.2021857923497192,-0.047601681505634375,-33.333333333333336,-0.06036545374448998,-30.554493307839394,0.039318637164327264,-9.171762090050029,-0.05715841383994835,-2.857142857142847,-0.04995363143273046,-3.483146067415732,0.0032102756302485602,9.090909090909193,,,,,0.015092662236103394,11.328349626221911,,,,,,,0.8660254037844386,0.5000000000000001,0,0
1389-03,1389-03-01,2010-05-22,1389,3,,3.33,74.31349906921386,74.8,,3010904.761904762,,,,,8.79888268156423,74.7,392.5,,,,,,1223.8404809523809,1233.0,152.7,7.74,102.1,98.7803323275679,860.0,0.35,,92.4,99.0,95.1,85.4,89.1,91.1,97.2,93.6,157.7,3.5592382876913575,0.6986507816904715,1.6420730212328039,4.094540407971614,,,,,,,,,,,,,,,,,0.053205646273791984,,,,,,,,0.02817975199727929,28.25603698870427,-0.08908154774474664,9.664351757215005,-0.019855053309979276,9.037900874635563,-0.01448493292136721,-8.049535603715185,-0.006289328907564062,10.839160839160833,-0.012739025777429802,9.730363423212186,-0.02600363202872913,8.066429418742583,-0.0021621630044954543,0.9836065573770592,-0.03226086221822122,-28.71452420701168,-0.1411119721982006,-38.54247856586127,-0.06772597020131599,-14.930362116991647,0.02898753687325195,-2.777777777777779,0.0011634672632983012,-3.6954087346024678,0.009569451016150143,8.24742268041232,,,,,0.0005163955704734491,10.056818181818183,,,,,,,1.0,6.123233995736766e-17,0,0
1389-04,1389-04-01,2010-06-22,1389,4,,3.27,75.43857174827939,74.7,,3025722.222222222,,,,,8.88268156424579,74.6,418.1,,,,,,1213.108695652174,1193.0,163.8,8.04,102.1,99.3922910203561,911.0,0.38,,95.7,103.2,94.9,92.3,93.8,93.5,96.6,94.4,195.8,-2.5344643782398535,0.7173195403238662,-1.8558240576265206,-2.8681987422167765,,,,,,,,,,,,,,,,,0.0049091951896489405,,,,,,,,-0.008807614683835396,30.243902439024417,0.015026087337502325,14.930245263493003,-0.0013377928416602458,15.10015408320493,0.05140552153541478,1.7353579175704903,-0.002105263935462176,17.450495049504955,0.0085106896679088,15.970515970515976,0.02600363202872913,13.059250302297464,0.03509131981127034,8.62656072644723,0.07769804071428243,-7.049345417925479,0.21639923612741718,-12.939084037349936,0.07017095919438265,8.04749340369395,0.08223809823697226,-7.317073170731703,0.05761050801240497,7.683215130023635,0.0094787439545434,9.278350515463817,,,,,0.006176036100565163,9.004474272930585,,,,,,,0.8660254037844387,-0.4999999999999998,0,0
1389-05,1389-05-01,2010-07-23,1389,5,,3.41,77.9547613234747,76.7,,2993378.947368421,,,,,8.99441340782121,75.8,459.9,,,,,,1199.0561952380951,1216.0,175.6,8.45,100.1,101.483149887383,998.0,0.41,,99.8,103.3,96.5,98.3,99.3,99.0,99.3,97.3,246.2,1.545468334644795,0.5377461162533357,-1.2852511080122753,2.354664359539349,,,,,,,,,,,,,,,,,-0.010746982062444843,,,,,,,,-0.011651491524643731,26.412713975709146,0.032809969542872075,7.853793811419929,0.026421616234438616,5.79310344827586,0.056980715038948304,3.870292887029292,0.016719302729057972,8.916478555304753,0.030257916040503652,9.943502824858763,0.05715841383994835,11.990950226244346,0.04194988485850981,9.309967141292441,0.06297988564431378,3.147953830010497,0.22905048365394354,17.015209125475273,0.06956250978204714,15.526315789473678,0.07598590697792196,-16.326530612244905,0.09121037905150597,10.520487264673317,0.012500162764231604,9.52380952380949,,,,,0.020818218210981065,10.066371681416285,,,,,,,0.49999999999999994,-0.8660254037844387,0,0
1389-06,1389-06-01,2010-08-23,1389,6,,3.39,76.97090911865234,77.8,,3129045.4545454546,,,,,9.07821229050278,76.1,506.0,,,,,,1253.795652173913,1271.0,205.9,8.28,94.2,101.993115464706,1035.0,0.5,,103.8,102.8,97.2,107.4,104.7,102.9,102.2,99.1,271.7,4.099920393722023,0.6202564069022044,1.45046862028817,3.0009665820061926,,,,,,,,,,,,,,,,,0.044325159369714484,,,,,,,,0.04464072876352976,27.348253444503822,-0.012701128587960575,9.957654220811873,0.014239722811136168,14.918759231905465,0.05295354682536413,13.189189189189188,0.007227703121452933,16.826923076923084,0.018330452143983322,17.695961995249387,0.03863779270541379,19.373549883990716,0.03929778741436962,15.077605321507747,0.0885361549216439,24.593967517401396,0.09855430268194887,42.17687074829932,0.15918193283272775,36.90159574468086,0.19845093872383834,-1.9607843137254943,0.036403429388005115,20.629370629370626,0.009273636785330108,10.169491525423702,,,,,0.005012541823538719,11.234705228031006,,,,,,,1.2246467991473532e-16,-1.0,0,0
1389-07,1389-07-01,2010-09-23,1389,7,,3.37,82.47409022938122,82.9,,3431500.0,,,,,9.24581005586591,81.7,557.3,,,,,,1334.0954545454545,1342.0,235.8,8.29,88.6,103.930984658535,1147.0,0.54,,108.7,103.3,102.2,112.3,110.4,108.7,107.5,104.4,270.2,-0.2188025087056289,1.952320269646435,5.7652851427276275,1.2598224424314353,,,,,,,,,,,,,,,,,0.09226949192515654,,,,,,,,0.06207802793229611,29.168702112022117,0.06905663937442963,16.480211198044437,0.06349363095690297,13.251366120218577,0.05301101596650426,18.07486631016044,0.05016096630321076,12.43124312431243,0.05210023411259623,16.000000000000014,0.05483415128716018,23.382519863791163,0.04612582339537585,18.40958605664489,0.04461367966963348,27.904328018223246,-0.005536090906203661,35.91549295774647,0.13559337406952654,40.94441123729826,0.07696104113612834,8.000000000000007,0.10274841142990176,27.8706800445931,0.018293193047325573,11.824324324324387,,,,,0.018821754240583743,12.9085872576171,,,,,,,-0.4999999999999997,-0.8660254037844388,0,0
1389-08,1389-08-01,2010-10-23,1389,8,,3.5,85.73450012207032,85.7,,3408809.523809524,,,,,9.32960893854747,84.5,554.1,,,,,,1364.0745000000002,1370.0,238.2,8.59,93.4,105.460881390506,1232.0,0.58,,113.0,106.8,106.1,118.2,114.0,112.1,114.0,108.2,274.1,-0.2587685466751921,0.9474919338658526,2.3392879574705816,1.5166731011872159,,,,,,,,,,,,,,,,,-0.006634366277685544,,,,,,,,0.022222676633037786,24.849098789887634,0.03877112692520868,10.629240297824104,0.03321776346248484,11.298701298701296,0.0320883145515003,17.76859504132231,0.037450367850333066,11.684210526315786,0.0357516909638429,15.35181236673775,0.030799535950950307,23.05159165751922,0.03879602458517706,19.703389830508478,0.05120424322760009,34.31818181818183,0.014330577782641463,29.905213270142195,0.010126668817928675,38.81118881118881,0.0714589639821448,18.36734693877551,0.07148902696409376,32.18884120171674,0.009022617599637073,12.45791245791239,,,,,0.01461302184565394,12.57485029940102,,,,,,,-0.8660254037844385,-0.5000000000000004,0,0
1389-09,1389-09-01,2010-11-22,1389,9,,3.88,89.61285618373326,91.8,,3459250.0,,,,,9.46927374301674,90.0,540.6,,,,,,1384.7295454545454,1391.0,250.4,8.74,100.3,106.276826314224,1325.0,0.62,,118.5,111.6,113.9,120.8,120.3,117.3,117.6,115.1,306.5,0.5980491219025552,0.5801978087378539,2.0202707317519497,1.3731515894871649,,,,,,,,,,,,,,,,,0.01468868547848956,,,,,,,,0.015028669832756414,20.09374987680792,0.044243480767788945,18.970648086081134,0.06875947202271071,22.891566265060238,0.05379017458613777,23.258196721311485,0.07093882483319991,19.894736842105274,0.061819949315455425,21.67019027484145,0.04534342558131588,25.45454545454544,0.04752514186284529,24.344176285414477,0.021758180528716586,33.0396475770925,0.11172475206752619,48.570043625787676,0.04994898230474387,52.126366950182266,0.06669137449867235,19.23076923076923,0.0727735943268577,40.95744680851063,0.01485911440374954,12.624584717607856,,,,,0.00770716724494136,12.709572742022957,,,,,,,-1.0,-1.8369701987210297e-16,0,0
1389-10,1389-10-01,2010-12-22,1389,10,,4.19,95.36105226215564,96.3,,3594047.619047619,,,,,9.72067039106144,92.7,547.4,,,,,,1382.6190909090908,1360.0,264.9,9.61,108.0,122.544728230844,1366.0,0.65,,123.8,116.4,120.1,120.7,125.2,122.8,124.5,121.1,326.6,0.24877938964760204,0.8500810469177326,1.9526422350356398,0.8737434751823869,,,,,,,,,,,,,,,,,0.038227235302123574,,,,,,,,-0.0015252541200405645,23.675004472490112,0.06217144400300434,21.67647138072988,0.0478560211776351,26.04712041884816,0.039923835685364395,27.10659898477157,0.05300385863280077,21.92893401015228,0.050815334831209924,23.824130879345606,0.045822260053611785,27.650727650727646,0.043754399675309585,28.69022869022868,-0.000828157397228857,29.78494623655914,0.06351842516009842,62.32604373757458,0.05629275705208059,58.338314405259986,0.04725288485054557,12.068965517241391,0.030474301710412988,48.31704668838219,0.026202372394024565,15.614617940199293,,,,,0.14242883286320573,29.33261571582304,,,,,,,-0.8660254037844386,0.5000000000000001,0,0
1389-11,1389-11-01,2011-01-21,1389,11,,4.08,100.36952354794457,104.0,,3575123.529411765,,,,,9.97206703910613,97.9,413.6,,,,,,1351.984761904762,1375.0,292.9,9.36,102.1,126.930432195827,1360.0,0.65,,129.9,124.6,127.4,115.5,129.3,128.1,134.2,127.6,348.1,1.4681803022272177,0.4296164810678711,0.9489326021114408,0.6583838680654708,,,,,,,,,,,,,,,,,-0.005279308638861835,,,,,,,,-0.022405885634008804,23.510969952016737,0.0511883729731597,36.36457769360255,0.0769225803372926,39.97308209959625,0.03222282711181368,35.534591194968556,0.05900701405212505,33.263598326359855,0.052283720351642415,34.59915611814346,0.04225419318964718,37.74193548387097,0.04809756342605809,38.633938100320165,-0.04403759814163788,19.44157187176836,0.06375361428102888,79.43298969072166,0.10047885755566366,81.0259579728059,0.0,16.07142857142856,-0.0044020614006381464,49.61496149614961,0.025533302005164682,17.821782178217905,,,,,0.035163066631128004,32.817502668089936,,,,,,,-0.5000000000000004,0.8660254037844384,0,0
1389-12,1389-12-01,2011-02-20,1389,12,,4.19,113.14789460834704,114.4,,3848823.529411765,,,,,10.3072625698324,108.6,424.5,,,,,,1416.148,1423.0,290.5,9.37,101.2,129.37826696698,1307.0,0.58,,125.9,124.8,138.4,111.7,123.6,124.0,132.0,133.6,316.7,0.34176591808918744,1.247203207319817,3.0771658666754576,0.40240776830664515,,,,,,,,,,,,,,,,,0.07376779559481328,,,,,,,,0.04636680280697281,26.745919337696478,0.11983715396393535,43.10381685200899,0.09531017980432477,44.26229508196722,-0.04508474075422075,33.477321814254864,0.08281630004550689,38.955823293172706,0.04594989019185647,36.46578140960162,-0.032529643297651845,31.216931216931208,-0.03127698262625245,36.69923995656896,-0.033453823886692824,17.578947368421048,-0.09453484127279932,65.72475143903715,-0.008227677541721157,82.70440251572326,-0.11394425934921792,41.46341463414633,-0.03975026510587565,43.46871569703623,0.03306086226088922,19.805194805194937,,,,,0.019101257231690205,34.232804232804504,,,,,,,-2.4492935982947064e-16,1.0,0,1
1390-01,1390-01-01,2011-03-21,1390,1,,4.33,119.75904737200057,123.1,,4073600.0,,,12.47,17.4,10.7373813429262,116.2,417.5,,,,,,1451.5873869565216,1481.0,319.3,10.36,109.6,133.865964047427,1310.0,0.54,,127.5,124.7,148.3,110.5,125.1,125.8,134.6,140.7,336.1,5.17596035589758,1.394363409442712,-3.6617363238223177,7.10456600088758,,,,,,,,,,,,,,,,,0.056759604555518095,49.842254334115246,,,,,,,0.024717197672556424,28.66867790665999,0.056786020782559454,43.38230698161567,0.07329595424471069,44.82352941176471,0.012062872449274842,36.423118865866954,0.0690892059603172,41.372735938989514,0.05177970301779755,37.26829268292682,0.014411778661303387,28.36734693877552,0.012628423548179946,36.509635974304054,-0.010801185117347067,19.45945945945946,0.05945378118646616,74.23535510627268,0.09452752342876991,103.24633991088481,-0.0714589639821448,50.00000000000002,0.002292702570975358,45.07198228128462,0.0408824858984409,23.60072414043688,,,,,0.034098615426442436,37.65076035658124,,,,,,,0.49999999999999994,0.8660254037844387,1,1
1390-02,1390-02-01,2011-04-21,1390,2,,4.16,117.53619057791572,114.5,,4231250.0,,,12.79,18.1,11.0331519377905,108.1,410.0,,,,,,1510.3877272727273,1513.0,307.9,10.3,110.5,137.282733415494,1296.0,0.48,,123.9,122.5,139.1,108.4,123.3,121.6,126.0,133.2,355.3,-0.02954646202617539,0.9202012010841972,-2.3256862164267034,-0.5553928604303593,,,,,,,,,,,,,,,,,0.03797032829749902,48.21036815810336,,,,,,,0.03970868363829272,26.941008596124338,-0.018735494525254914,44.682590332919325,-0.07242221019611339,50.06553079947575,-0.014493007302567307,36.3938053097345,-0.06404415021448973,45.35005224660396,-0.054778206014054476,40.506329113924046,-0.03395637473427371,30.053475935828878,-0.028641575963384902,33.8012958963283,-0.019187431952262024,22.90249433106577,0.05555376829592085,95.64977973568283,-0.03635604479028132,88.4332925336597,-0.11778303565638348,41.17647058823528,-0.01074453928297725,50.873108265424904,0.02717331636380438,26.598345952852686,0.039441732051296974,,0.025337855898805994,,0.025203515738889237,39.04958677685908,,,,,,,0.8660254037844386,0.5000000000000001,0,0
1390-03,1390-03-01,2011-05-22,1390,3,,3.94,115.42714255196708,113.8,,4471950.0,,,12.95,18.6,11.2304591825487,105.8,575.9,,,,,,1533.783181818182,1529.0,310.6,10.26,113.9,138.608643916536,1319.0,0.56,,123.0,118.8,138.7,146.0,123.3,121.9,124.4,133.2,326.4,-1.1684859020901328,1.0425159181596468,2.1030105421454337,2.4133358913042358,,,,,,,,,,,,,,,,,0.05532709743205899,48.52512296572775,,,,,,,0.015370960351668295,25.325416644545594,-0.018106760571177993,55.32459646996426,-0.006132301302064214,52.13903743315509,0.0,38.38383838383839,-0.0028797716086108593,45.84647739221872,0.0,42.307692307692314,0.0024640669551594385,33.809001097694846,-0.007290433262679308,33.1168831168831,0.2977785327027904,70.96018735362996,-0.08483887993702943,106.9752694990488,0.008730855784131464,103.40537000654884,0.15415067982725839,60.00000000000003,0.017591275805094675,53.37209302325581,0.01772510393626625,27.63505991595052,0.0272496424473756,,0.01243217255479534,,0.009611903946476374,40.320082601962156,,,,,,,1.0,6.123233995736766e-17,0,0
1390-04,1390-04-01,2011-06-22,1390,4,,3.94,114.18421092786286,116.5,,4310789.47368421,,,13.0,19.3,11.4380755020998,107.9,597.6,,,,,,1545.908695652174,1573.0,300.8,10.99,116.8,139.883557859845,1337.0,0.62,,122.7,119.1,141.9,153.4,124.0,123.2,121.2,135.8,303.9,1.0892176632273376,0.7910262406288798,1.8476276167573857,-0.5980786562584939,,,,,,,,,,,,,,,,,-0.03670349522035288,42.47142193106475,,,,,,,0.00787453873523436,27.43365052058133,-0.010826500919065118,51.36051529298364,0.023448751313525307,55.95716198125835,0.005661155434738774,32.19616204690831,0.022809256845210513,49.525816649104314,0.019331457018306963,43.855932203389834,0.010608014612193628,31.76470588235294,-0.0024420036555516944,28.21316614420062,0.04944226722481915,66.19718309859155,-0.07142492316720439,55.20939734422878,-0.032060318638901464,83.63858363858363,0.10178269430994225,63.1578947368421,0.013554424384628838,46.761800219538976,0.018318089626871537,28.768271375840815,0.03694351519168393,,0.003853569315990235,,0.009155896226515026,40.738840430990855,,,,,,,0.8660254037844387,-0.4999999999999998,0,0
1390-05,1390-05-01,2011-07-23,1390,5,,3.93,111.21949996948244,110.1,,4582863.636363637,,,13.23,20.1,11.6953317624772,100.5,597.4,,,,,,1715.780476190476,1759.0,310.2,10.81,111.8,141.872423611406,1328.0,0.61,,123.4,117.8,134.6,155.9,125.5,121.9,121.3,130.5,327.1,15.102718732349096,1.8667115754175467,4.956415801612124,11.034461041163013,,,,,,,,,,,,,,,,,0.061202990964106974,53.10001563258753,,,,,,,0.1042561752729263,43.09425054509439,-0.02630730370802059,42.671849777045836,-0.056502229277121785,43.54628422425031,0.012024192966801905,26.384692849949644,-0.052815166955369364,39.481865284974084,-0.03980998836184746,34.1212744090442,-0.010608014612193628,23.131313131313135,0.005688759754422179,23.647294589178358,0.016165887130575207,58.596134282807746,0.0735672346215912,32.859463850528044,0.030771658666753687,76.65148063781322,-0.016260520871780315,48.78048780487805,-0.006754247065564378,33.06613226452906,0.02224202106483819,30.028843818846184,0.04061471915419057,,0.01753762066532749,,0.014117881545780087,39.7989949748736,,,,,,,0.49999999999999994,-0.8660254037844387,0,0
1390-06,1390-06-01,2011-08-23,1390,6,,3.83,112.08714258103144,110.9,,5871047.619047619,,,13.44,20.5,11.8855513868464,100.8,587.9,,,,,,1818.4500043478265,1772.0,295.3,10.85,110.0,143.300327227912,1308.0,0.59,,121.4,114.8,135.4,160.6,123.3,118.9,120.1,130.1,315.9,3.8911206040882718,2.3084594871786743,-4.800921918636192,8.35383253041222,,,,,,,,,,,,,,,,,0.2477090370870112,87.6306274336461,,,,,,,0.05811642701511044,45.03559660578491,0.007770901642897066,45.62273443886009,0.007239850627687616,42.544987146529564,-0.01768534840154068,17.76504297994268,0.00592594326754714,39.30041152263375,-0.0030698412442884404,31.281533804238148,-0.024918232790489547,15.549076773566561,-0.0163402328458897,16.955684007707127,0.029702025448930414,49.53445065176907,-0.03484022673629905,16.267942583732054,-0.04922546199256139,43.4191355026712,-0.03333642026759187,17.999999999999993,-0.015174798019234714,26.37681159420291,0.016133725720239855,30.923919892031314,0.01970507107933228,,0.015748356968139365,,0.010014389844403837,40.50000000000007,,,,,,,1.2246467991473532e-16,-1.0,0,0
1390-07,1390-07-01,2011-09-23,1390,7,,3.92,107.399473893015,109.5,,5693350.0,,,13.64,20.8,12.0843876852108,99.8,571.4,,,,,,1647.0157095238094,1666.0,274.8,11.42,108.8,145.391186094939,1223.0,0.56,,115.3,106.7,133.6,160.8,117.0,111.6,115.7,126.5,289.0,-0.9414761578531383,2.231951247458465,-7.020425867324853,-1.1697532984154435,,,,,,,,,,,,,,,,,-0.030734260852774753,65.9143231822818,,,,,,,-0.09901950285367978,23.455612108728108,-0.04272134403601413,30.22207773897234,-0.012704345099765924,32.086851628468025,-0.05244647537254199,5.978260869565211,-0.01338309937562876,30.72407045009784,-0.028061077350884922,21.168582375478916,-0.06336175374952635,2.6678932842686187,-0.051553451350384805,6.0717571297148165,0.0012445552322049025,43.18788958147819,-0.0889990196956072,6.957809030347906,-0.07194822840168325,16.53944020356235,-0.05218575317057006,3.703703703703698,-0.06719239632997187,6.625980819529209,0.01659085228869639,30.701232365724216,0.014528100562909874,,0.014771317320312338,,0.014485326584884106,39.892051030423126,,,,,,,-0.4999999999999997,-0.8660254037844388,0,0
1390-08,1390-08-01,2011-10-23,1390,8,,4.2,111.3094997406006,110.5,,5954166.666666667,,,13.85,21.0,12.2197539184319,105.4,563.5,,,,,,1743.3366714285712,1739.0,274.4,11.32,104.6,147.023075942374,1214.0,0.53,,112.0,103.6,134.0,158.8,116.1,108.6,106.3,125.7,281.0,0.7668214640180082,1.040232080718984,2.3542284372634725,4.579187937420315,,,,,,,,,,,,,,,,,0.044792427499377396,74.66997275965636,,,,,,,0.05683591476843475,27.8036259330829,0.03575932371773227,29.830464494592192,0.009090971701252393,28.93815635939323,-0.007722046093910251,1.8421052631578894,0.0029895388483653917,26.295947219604155,-0.006344192571373419,16.173752310536038,-0.0272496424473756,-3.1222123104371113,-0.02903855597991889,-0.8849557522123908,-0.01251580793183038,34.348561759729265,-0.028072018778686925,2.517329441809557,-0.0014566644964641995,15.197313182199835,-0.05505977718302746,-8.620689655172399,-0.007386164067728629,-1.461038961038963,0.01113947039979113,30.97820068259365,0.009569451016150587,,0.015278580218031745,,0.011161608725728023,39.41005802707957,,,,,,,-0.8660254037844385,-0.5000000000000004,0,0
1390-09,1390-09-01,2011-11-22,1390,9,,4.22,107.81899948120116,107.9,,6047894.736842105,,,13.9,21.2,12.4006111611304,104.2,488.8,,,,,,1677.7963636363636,1640.0,258.6,11.53,104.4,148.195996770218,1203.0,0.51,13915.0,109.4,97.8,131.1,149.1,114.0,106.3,104.2,123.0,269.0,-0.27973996342520735,2.3567600809330798,4.959694113937196,-2.34424929362973,,,,,3.943073023556387,2.7571823453305555,2.492354363456197,-5.74613135242199,,,,,,,,,0.015618979515226172,74.83254280095701,,,,,,,-0.03831966009691179,21.16419189175438,-0.03186071675358537,20.316441270591625,-0.023810648693719294,17.53812636165579,-0.01825344030935039,-5.2369077306733125,-0.02187940918125708,15.10096575943809,-0.021713760223784462,6.863596872284972,-0.021406122151932827,-9.377664109121909,-0.023487981307213524,-7.67932489451476,-0.06302832704234262,23.427152317880797,-0.04364328973190634,-12.234910277324628,-0.059304429513972856,3.274760383386588,-0.03846628082779613,-17.741935483870964,-0.0091022556447653,-9.207547169811326,0.014691942651532397,30.956306657365552,0.009478743954543845,,0.003603607503298356,,0.007946146491825345,39.44337811900163,,,,,,,-1.0,-1.8369701987210297e-16,0,0
1390-10,1390-10-01,2011-12-22,1390,10,,4.26,110.68263084010074,111.2,,6711350.0,,,14.14,21.4,12.5764130950886,107.1,451.4,,,,,,1615.9945454545452,1654.0,272.8,11.45,98.3,149.419914155794,1216.0,0.52,16592.05,111.1,98.7,134.1,138.6,116.0,108.8,105.7,125.8,274.9,36.73974967548972,3.8498272301813157,13.25442184407315,17.361904691644447,,,,,10.682124483146715,15.118143092772662,3.2256407757615095,9.015109699429757,0.17595627000526015,,,,,,,,0.10408988889441417,86.73514408744619,,,,,,,-0.03753065933168642,16.879229867425515,0.02621303397227681,16.066914337128722,0.030125509552393126,15.472481827622019,0.01739174271186883,-7.3482428115016045,0.022625399517978373,11.65695253955037,0.022508988893923387,3.8810900082576483,0.02324604907394079,-11.40065146579805,0.015419806657703816,-10.258481421647826,-0.07302513501489027,14.830157415078693,0.021696015569361293,-15.829761175750168,0.053456459631550324,2.9822574556436443,0.019418085857101697,-19.999999999999996,0.010748346551434196,-10.9809663250366,0.01407732445492238,29.378042759819678,0.00938974034983886,,0.017118820331780693,,0.008224857880881231,21.93091968372869,19.238591448077603,,,,,,-0.8660254037844386,0.5000000000000001,0,0
1390-11,1390-11-01,2012-01-21,1390,11,,4.31,114.62900009155274,119.7,,8112388.888888889,,,14.4,21.3,12.8536199279776,112.7,435.5,,,,,,1724.271005,1745.0,279.5,11.12,94.3,153.295652543453,1249.0,0.53,18814.117647058825,113.4,97.0,142.8,139.3,119.1,111.3,107.8,132.4,277.8,0.5851783324484217,3.4900651530887914,9.19624244113404,2.0273393157822284,,,,,5.538637377000377,3.066553937340899,3.7314420314748378,-11.060987154396962,0.12568386171276025,,,,,,,,0.1895922626540152,126.91212827053464,,,,,,,0.06485377060755138,27.536275081291418,0.03503390274384888,14.206978412921023,0.07365823074744604,15.09615384615386,0.026373285254889467,-7.8886310904872525,0.0628592596178521,12.08791208791209,0.051134299236567315,3.7617554858934366,0.02271792385965643,-13.11475409836066,0.02049069464806763,-12.702078521939953,0.005037794029957077,20.606060606060606,0.010494035149043235,-20.195346164895145,0.024263366625846494,-4.574940252645943,0.019048194970694432,-18.461538461538463,0.02677644759946496,-8.161764705882357,0.021802395087540116,28.89624465591003,-0.004683849312426158,,0.01822054611352808,,0.025607868301808168,20.77139413418998,13.39236349371431,,,,,,-0.5000000000000004,0.8660254037844384,0,0
1390-12,1390-12-01,2012-02-20,1390,12,,4.35,124.24000129699706,124.9,,7877105.263157895,,,14.69,21.4,13.1470415474858,117.8,442.9,,,,,,1713.4733333333334,1676.0,280.7,11.97,94.3,156.610428796056,1285.0,0.53,18967.157894736843,114.5,92.2,147.9,136.9,122.5,111.9,106.5,136.0,283.9,-2.807905706078273,1.8403144879546207,-4.417121831313686,-4.56124646886078,,,,,-1.7032949149639265,0.8182847405290516,1.546906374205716,3.713954694945798,0.0081014249796727,,,,,,,,-0.029431901663292237,104.66267686639799,,,,,,,-0.006281855840252426,20.995357359070766,0.08051436211211982,9.803193180964186,0.04252480456760388,9.178321678321687,0.028147553623528054,-0.8899676375404453,0.03509131981126945,6.864161849710992,0.026827242233144588,1.7964071856287456,0.005376357036380952,-9.758064516129028,0.009653431700642479,-9.054805401111999,-0.017379148491356133,22.5604297224709,0.021720633158682112,-10.356804546889808,0.004284190772683161,-3.3734939759036187,0.0,-8.620689655172399,0.028415487203742984,-1.6832440703902107,0.022571277808245416,27.551243197829756,0.004683849312426158,,0.019938783603830945,,0.0213929501279031,21.048482459597494,0.8134330323056327,36.30727915728957,,,,,-2.4492935982947064e-16,1.0,0,1
1391-01,1391-01-01,2012-03-20,1391,1,,4.29,122.40772698142312,120.5,,7357055.555555556,,,14.86,21.6,13.3930029095529,113.7,478.0,,,,,,1655.0534782608695,1649.0,274.0,11.42,89.3,159.058263567209,1309.0,0.5,18642.176470588234,114.7,91.3,142.4,154.3,123.1,111.8,106.3,132.4,266.3,-4.917837788520174,2.7989510525881265,-8.83137866312289,-7.151025281125278,,,,,-3.2823723321213194,-3.145020128509657,2.4165262603009574,-8.378846257906858,-0.017282385790846178,,,,,,,,-0.06830069167943265,80.60328838264816,,,,,,,-0.03468917806744276,14.016799342060015,-0.014857692261005973,2.211673913199319,-0.03586366420082232,-2.1121039805036546,0.004886003205625933,-1.5987210231814597,-0.03789637073887864,-3.9784221173297385,-0.026827242233144588,-5.899076048329766,-0.0008940545968814106,-11.128775834658189,0.0017452011410306056,-10.039215686274506,0.11964802707471112,39.63800904977377,-0.06399857065903891,-20.767628681939897,-0.024158376979766416,-14.18728468524898,-0.05826890812397578,-7.407407407407418,0.0185047685805797,-0.07633587786259888,0.01853564371419969,24.732488134792984,0.009302392662313697,24.137931034482783,0.011506049103827465,19.16599839615074,0.015509196166981098,18.819047619047268,-1.7133901976889576,12.356076980169629,,,,,0.49999999999999994,0.8660254037844387,1,1
1391-02,1391-02-01,2012-04-20,1391,2,,4.22,115.01523880731492,110.5,,6530166.666666667,,,15.17,21.8,13.5963605453118,104.1,490.5,,,,,,1617.1542857142856,1589.0,269.3,11.64,96.5,161.302112107433,1221.0,0.46,16849.095238095237,112.9,92.5,132.3,161.1,120.6,109.5,104.6,124.7,264.4,-0.7711955824579064,2.0076804513488127,-3.817998505741649,-6.242007965549767,,,,,-5.030838805526194,0.005369651016451371,1.636681383071979,-3.477968006429144,-0.10112960559649409,,,,,,,,-0.11922732612004339,54.33185622845889,,,,,,,-0.02316533062296955,7.068817927588977,-0.06229286606652362,-2.144830250330121,-0.08663423197290143,-3.4934497816593857,-0.02051774889732272,-2.1897810218978075,-0.0735679278569652,-4.888569374550666,-0.05991679081691714,-6.3813813813813685,-0.02078701146444306,-9.950657894736835,-0.015817552979708438,-8.878127522195323,0.043126530813814234,48.616236162361616,-0.007160384842356038,-25.58401350971011,-0.017302106570516784,-12.536537836960038,-0.083381608939051,-4.1666666666666625,-0.06959329179919571,-5.7870370370370345,0.015069750317245223,23.231879901353093,0.009216655104923976,20.441988950276247,0.020646754070827722,18.608287724785,0.014008506697848588,17.49628528974798,-9.61841143024229,-10.444403749493814,,,,,0.8660254037844386,0.5000000000000001,0,0
1391-03,1391-03-01,2012-05-21,1391,3,,4.12,100.71590943769976,95.6,,6697715.7894736845,,,15.37,22.0,13.7131558490339,90.7,501.6,,,,,,1595.7034695652171,1599.0,267.3,11.49,96.1,163.545960647656,1182.0,0.45,17724.736842105263,110.5,88.7,116.0,152.8,119.9,106.1,98.8,112.7,276.2,2.8870421298591964,1.5692509828989871,5.036869646248299,3.8069583834881016,,,,,3.9501361008536406,5.676571797784291,1.7703995550720106,5.359465380247563,0.0506642653120295,,,,,,,,0.025334075135129197,49.7717056200021,,,,,,,-0.013353305078928734,4.03709523491016,-0.13276085524890213,-12.745037942565451,-0.14484270090045204,-15.992970123022854,-0.005821222259617009,-2.7575020275750095,-0.13148188001454564,-16.366258111030994,-0.10118143164025994,-15.390390390390385,-0.03154250363661859,-12.961443806398698,-0.021486950197808774,-10.162601626016265,-0.052895413450508855,4.657534246575357,0.043662132997661196,-15.379901960784315,-0.007454376672680674,-13.940759819703796,-0.021978906718775337,-19.64285714285715,-0.032462276144660684,-10.386656557998485,0.008553503044158361,22.10681349826842,0.009132483563272675,18.279569892473102,0.013097764190063366,18.68725868725869,0.013814976387502398,17.991169977924404,5.1969651286095875,-6.550380713477044,27.378633432305154,,,,1.0,6.123233995736766e-17,0,0
1391-04,1391-04-01,2012-06-21,1391,4,,4.03,98.72095344180153,103.1,,7221809.523809524,,,15.66,22.4,14.2645354312971,96.8,436.9,24099.117647058825,,,,,1583.5845454545454,1594.0,333.1,11.13,100.9,168.951595767286,1239.0,0.5,19315.52380952381,118.4,94.2,124.6,118.6,132.1,109.8,97.5,119.7,345.7,-3.692607372323131,2.3566997662938287,6.247878817456076,-3.8113302206847166,,,,,-1.9519407815494105,-1.699659023897837,1.489076230334254,3.793122232340984,0.08594788946293619,,,,,,,,0.07533900674566674,67.52869904447954,,,,,,,-0.007623708673322405,2.4371329243656925,-0.020006557552069815,-13.54237802267637,0.07552657096555837,-11.502145922746788,0.0969011494948111,6.532258064516117,0.0715184152469881,-12.191684284707549,0.06025919151819714,-11.855670103092786,0.034278483455493,-10.876623376623385,0.06905320149209704,-3.5044824775876116,-0.2533733901687949,-22.68578878748371,0.2244461059523868,13.754524514642984,0.22007112205476087,10.73803191489362,0.10536051565782634,-19.354838709677413,0.04709668366309838,-7.329842931937169,0.03942076409308326,24.71097457503597,0.01801850550267803,16.0621761658031,0.018692133012152556,20.461538461538463,0.032518202606745206,20.780167699598717,8.974953939172847,3.6119566832655714,16.414329811709894,,,,0.8660254037844387,-0.4999999999999998,0,0
1391-05,1391-05-01,2012-07-22,1391,5,,4.1,109.88181790438566,113.3,,7579095.238095238,,,16.18,23.0,14.5950275588039,105.3,504.5,25371.42857142857,,,,,1609.31455,1630.0,332.0,11.18,99.6,174.051251540521,1250.0,0.46,20532.666666666668,118.1,93.7,135.4,140.4,132.4,109.3,95.7,126.8,349.4,6.027826062923047,1.4090298004352595,-2.7150989065949815,6.724870081430012,,,,,7.137505046094539,3.9502900280179887,1.886583215523038,-5.277900073066455,0.0611079987486427,,0.05144845383162355,,,,,,0.04828828273168284,65.37902585530605,,,,,,,0.016117365919168236,-6.205101857019657,0.10710818739083638,-1.202740585476314,0.09433977701104634,2.906448683015439,0.0022684319746284487,5.498007968127494,0.0831247541248219,0.5943536404160454,0.057622429439197376,-2.8352490421455934,-0.004564133892936972,-10.336341263330606,-0.002536999246588678,-4.29497568881686,0.16873900502808592,-9.942270686337395,0.01064605077237779,6.817487007031464,-0.0033077762831457136,7.02772404900065,-0.083381608939051,-24.590163934426222,0.00883894866720425,-5.87349397590361,0.022904475436511973,24.793617275825873,0.02643325706815558,14.427860696517403,0.032666221067688905,22.29780801209371,0.029737546606809495,22.681524083393434,6.3013712138768385,21.862131921736673,9.134358846089707,,,,0.49999999999999994,-0.8660254037844387,0,0
1391-06,1391-06-01,2012-08-22,1391,6,6385.4,4.06,113.39300003051758,113.4,,8870840.0,,,16.46,23.7,14.9066467815623,106.3,527.4,29770.52380952381,38000.71428571428,,,,1713.9547826086955,1745.0,320.8,11.08,98.6,178.742934851897,1281.0,0.44,23114.7,118.1,95.5,135.2,140.7,131.1,111.2,98.1,127.3,353.4,7.5863712387119975,2.0325513868873704,6.571028322043659,11.093694926840847,,,,,11.734217521029322,5.710169027023326,2.6716920033622897,8.986750174446634,0.1184516649588172,,0.1598950885842374,,,,,,0.15737566227650213,51.094669564935266,,,,,,,0.06299509561965788,-5.746389589446399,0.03145425572023086,1.1650376835524057,0.0008822232596914503,2.254283137962121,-0.009867252733253729,6.326034063260333,-0.0014781968693107217,-0.1477104874446189,0.003935463560235775,-2.1521906225980048,0.017233986633988785,-6.476030277544154,0.0,-2.7182866556836993,0.002134472528632081,-12.391033623910342,0.011383162185639506,11.870845204178536,-0.034317092924128545,8.6352861496783,-0.04445176257083394,-25.423728813559322,0.0244974716003874,-2.064220183486243,0.021126313663677898,25.418218275168215,0.029980832211935926,15.609756097560968,0.017157283618578045,22.470238095238116,0.02659885056197986,24.733096085409013,12.575245949543824,30.409270421949696,21.86696672364419,,,,1.2246467991473532e-16,-1.0,0,0
1391-07,1391-07-01,2012-09-22,1391,7,8453.88,4.07,112.40111117892796,112.0,,12609681.818181818,,,17.22,24.3,15.6713952807168,103.4,533.5,43395.41666666666,45596.53846153846,,,,1762.5325,1747.0,321.2,11.58,105.7,193.480940036547,1178.0,0.45,31928.545454545456,114.9,92.0,134.2,135.0,126.5,109.0,98.6,125.9,358.2,4.575191243330323,4.578589145627901,14.195765974938368,13.193835225734674,,,,,15.935050167403908,12.001848696229978,6.128314336137906,15.22312934414547,0.3230316727231788,,0.37683505868374745,,0.18222684616558027,,0.28061137322892016,,0.35169542408127974,121.48088240107877,,,,,,,0.02794825663145417,7.013703014987582,-0.008785837918197537,4.6570407699532135,-0.012422519998557924,2.2831050228310446,-0.03571808260207909,8.119658119658112,-0.007423939071282248,0.44910179640718084,-0.011058564513059643,-0.4743083003952542,-0.01998249958733833,-2.3297491039426466,-0.027469538348606548,-0.3469210754553309,-0.04135518568191365,-16.044776119402993,0.013490929741015734,23.94463667820068,0.0012461060802468893,16.88500727802036,0.022472855852058604,-19.64285714285715,-0.08382293768520199,-3.679476696647588,0.05002988772631012,29.68299006076971,0.025001302205417186,16.826923076923084,0.045138303750660747,26.246334310850415,0.0792303510262693,33.07611364433458,38.13091000335482,65.29992025793578,71.27048177512496,,,,-0.4999999999999997,-0.8660254037844388,0,0
1391-08,1391-08-01,2012-10-22,1391,8,8701.72,4.29,108.78894765753496,109.7,,12084142.857142856,,,17.69,24.7,16.2452219582776,101.2,487.9,43752.8,46646.0,,,,1715.7286318181818,1722.0,321.6,11.83,109.4,201.844375504653,1138.0,0.43,31264.0,112.6,88.9,132.3,138.4,123.8,107.1,97.2,124.0,360.8,-6.886283939248017,3.094345914567764,-8.607904285962675,-7.900352175491676,,,,,-9.744335141926186,-9.607813069321125,3.7555579900054323,-10.908239442555079,-0.021033175633439427,,0.00820178198497068,,0.022755376000366923,,0.028895199689969786,,-0.04257083169662934,102.95271418574426,,,,,,,-0.0269138466563561,-1.5836321269927733,-0.03266407811242189,-2.2644536979679386,-0.02074950401390918,-0.7239819004524861,-0.021574947917079257,6.632213608957804,-0.014259153416671388,-1.2686567164179041,-0.015206375445264264,-1.352426412092289,-0.017584904775440613,-1.3812154696132617,-0.02022046914911968,0.5357142857142838,0.024873264745139956,-12.846347607052898,0.007232298561857142,28.39857651245552,0.0012445552322049025,17.201166180758044,-0.04546237407675735,-18.867924528301895,-0.03454574952525569,-6.260296540362442,0.03596173827245863,32.942300366407615,0.016326893287428756,17.619047619047624,0.02692800917210958,27.725631768953086,0.0423179756675518,37.28754769337455,-2.0813521101095134,52.26468391830903,85.5529899867451,,,,-0.8660254037844385,-0.5000000000000004,0,0
1391-09,1391-09-01,2012-11-21,1391,9,8689.454545454546,4.37,109.50578950580798,109.7,,11923684.210526315,,,18.2,24.8,16.4839432241342,101.2,472.8,43135.0,46276.52173913043,,,,1708.1781772727272,1685.0,308.6,11.79,107.0,202.252347966512,1159.0,0.43,29600.47619047619,112.1,87.0,132.4,136.6,122.7,108.4,99.1,124.5,348.0,3.4886426638898627,1.7565622243734509,4.381138686187924,3.214995454306191,,,,,3.6506293901624076,4.941737046848793,1.5174363312501455,-3.509131981127034,-0.0546768271436715,112.7235083756823,-0.01422087822716911,,-0.00795243609710461,,-0.0014105380343387708,,-0.013367393515686388,97.1542946653903,,,,,,,-0.004410439422401602,1.8108165147357802,0.006567674826203351,1.5644645495907383,0.0,1.6682113067655102,-0.008925008533630319,7.631578947368434,0.0007555723819976379,0.9916094584286883,0.004024150299724916,1.2195121951219523,0.012065111551843088,1.9755409219190945,-0.004450385627476017,2.468007312614251,-0.013091096046879969,-8.38363514419852,-0.03612130841399441,29.368029739776947,-0.04126259737575122,19.334880123743226,0.0,-15.686274509803921,0.01828522865347537,-3.65752285951787,0.014587936966440562,32.92847433038597,0.004040409537005019,16.981132075471695,0.02842208591105555,30.935251798561136,0.0020191829172313547,36.47625602202324,-5.320892430667246,28.05909741625974,67.00093464947815,112.7235083756823,,,-1.0,-1.8369701987210297e-16,0,0
1391-10,1391-10-01,2012-12-21,1391,10,8978.263157894737,4.36,110.99631660862973,113.0,,12958473.684210526,,,18.58,25.1,16.8431473608649,105.1,462.3,43290.05263157895,46241.739130434784,,,,1667.1190476190477,1672.0,303.1,11.87,107.6,206.179082911903,1192.0,0.42,32810.05263157895,111.2,86.2,135.9,131.8,121.3,108.5,99.5,126.9,335.5,6.725708105325978,2.02164574298245,4.793614558903769,2.088574591689607,,,,,0.9283703687117395,3.8562433185502343,1.0351944229676624,2.799939450035893,0.1029445023872686,97.74562294339124,0.003588144715298114,,-0.000751908001889845,,0.032696282111052355,,0.08322322076178779,93.08296667899194,,,,,,,-0.024330393664482308,3.1636556143277206,0.01351959699767491,0.28341011245220926,0.029638451431155843,1.618705035971213,-0.011475535766861,4.568965517241375,0.026091677654190626,1.342281879194629,0.019093658815579673,0.8744038155802825,0.0009220839749684018,-0.27573529411764053,-0.008060948261632284,0.09000900090010422,-0.035771325068282955,-4.906204906204891,-0.03658052336273787,22.04437977446345,-0.01798315586530297,11.107038123167158,-0.023530497410194084,-19.23076923076924,0.02807500428554377,-1.9736842105263164,0.02155712009538746,33.92647993920115,0.012024192966801905,17.28971962616823,0.02066413930294253,31.400282885431373,0.019228960561028963,37.98634812286706,10.842989215610732,2.7608748362446756,69.86364416066965,97.74562294339124,,,-0.8660254037844386,0.5000000000000001,0,0
1391-11,1391-11-01,2013-01-20,1391,11,10017.684210526317,4.35,116.0257901643452,116.5,,14582666.666666666,,,19.3,25.2,17.6404129917385,107.6,464.5,49745.26315789474,46273.333333333336,,,,1661.061419047619,1628.0,302.7,11.77,107.5,218.367260209936,1173.0,0.4,37170.68421052631,110.0,83.9,139.8,136.4,120.8,108.2,97.2,129.4,318.9,-2.027361686309348,2.138547192415188,4.416198377647262,-2.2709900917128323,,,,,1.4335941223777127,0.21315530849026487,2.3348086437556703,5.914490333625544,0.12478544063669794,97.5680438903662,0.13899236892108568,,0.0006830066341709795,,0.10954550088481518,,0.11808369609637381,79.75798333139299,,,,,,,-0.003640208408945078,-3.665873042525647,0.04431547834220595,1.218531149776103,0.030503454293414833,-2.6733500417710943,-0.004130530449289793,1.4273719563392184,0.028293508642611265,-2.1008403361344574,0.019509007346458773,-2.26586102719033,-0.002768806568132831,-2.785265049415986,-0.010850016024065212,-2.9982363315696703,0.034306123340955175,-2.081837760229721,-0.05074438239572476,14.794816414686807,-0.0013205680360846017,8.300536672629688,-0.04879016416943194,-24.52830188679245,-0.01606799897181954,-6.084867894315449,0.04624857327012277,37.24081691058729,0.003976148379639,18.309859154929576,0.03801936252514748,34.02777777777779,0.05743319950886061,42.44843646041292,13.29053515369969,18.892925443085694,81.03193712714526,97.5680438903662,,,-0.5000000000000004,0.8660254037844384,0,0
1391-12,1391-12-01,2013-02-19,1391,12,9757.736842105263,4.29,111.41285632905506,109.2,,13927947.368421054,,,19.87,25.3,18.1526003499499,102.5,467.6,47142.63157894737,46326.086956521736,,,,1588.3972636363635,1593.0,309.0,11.87,113.7,220.815094981089,1117.0,0.41,35476.31578947369,109.0,83.5,132.5,129.7,120.0,105.2,95.2,123.5,309.7,-2.544658774679931,2.4140124138592802,-4.748666626598919,-2.8333991289461125,,,,,-4.388970755718624,-2.776107189806787,2.618878373271697,-5.446526291068565,-0.0466550787700335,87.04075743112749,-0.05373752546015531,,0.0011393943661932582,,-0.026291459626571978,,-0.04593618517861486,76.81555473891693,,,,,,,-0.0447313095418993,-7.299563247573337,-0.0405697676600445,-10.324488758880946,-0.064710209694951,-12.570056044835876,-0.006644542718668767,-2.0408163265306145,-0.05363018437343303,-10.412440838404336,-0.04666722599876838,-9.191176470588236,-0.028118066108771878,-5.987488829311893,-0.00913248356327312,-4.8034934497816595,-0.05036765408696375,-5.259313367421492,-0.029273487036855173,9.087706939063045,0.020599060870073238,10.081938012112591,0.024692612590371366,-22.64150943396227,-0.048918049584274925,-13.073929961089492,0.028621357883732212,38.07365166059999,0.003960401216096976,18.22429906542058,0.02910596065288562,35.26208304969367,0.011147351846907405,40.99641810485222,-4.558346065022933,19.850490110993626,53.479455885102055,87.04075743112749,,,-2.4492935982947064e-16,1.0,0,1
1392-01,1392-01-01,2013-03-21,1392,1,9631.411764705885,4.27,105.50761958530973,102.9,,13629333.333333334,,,20.43,25.6,18.7610564694436,98.9,461.1,46288.88888888889,46400.95238095238,,,,1530.9719,1488.0,279.9,12.88,122.8,224.384854022353,1095.0,0.39,34976.333333333336,106.7,84.6,126.6,117.3,116.4,102.1,94.4,118.4,308.3,-3.732464448316364,2.201489664570719,5.154899748112385,-0.39008129708513195,,,,,2.384520392959466,1.0626750049249623,1.4533123114039495,3.9304348012340284,-0.014193670677300929,87.61936616422179,-0.01827576921411911,,0.0016147488636040208,,-0.013030676843067468,,-0.02167309082838642,85.25527271628897,,,,,,,-0.036822735066377454,-7.497134073954781,-0.05445955387230228,-13.806405700743218,-0.05942342047080107,-14.605809128630698,-0.030459207484708095,-5.442729488220954,-0.04555013571620048,-11.09550561797753,-0.04217243361812706,-10.574018126888218,-0.029910575132990225,-8.676207513416824,-0.021326723921435864,-6.974716652136004,-0.10048933566296814,-23.979261179520417,-0.0045307520870521145,15.771686068343982,-0.09890888037633783,2.15328467153284,-0.05001042057466132,-21.999999999999996,-0.01989215681859946,-16.348357524828117,0.03296943657638307,40.081030342058675,0.01178795575204239,18.518518518518512,0.02779335226580537,37.48317631224764,0.01603699890981325,41.07085604360361,-1.4093415424177191,6.602490785611814,9.54565212852183,87.61936616422179,,,0.49999999999999994,0.8660254037844387,1,1
1392-02,1392-02-01,2013-04-21,1392,2,9694.578947368422,4.1,103.13636432994495,103.0,,13147869.56521739,,,20.7,25.8,18.9696933044986,99.4,421.3,46426.30434782609,46187.40740740741,,,,1437.1636363636362,1414.0,295.5,12.29,118.5,228.8725511028,1073.0,0.39,35447.739130434784,107.1,84.8,126.3,123.7,116.7,101.7,95.0,118.1,319.7,0.7737817183166129,2.162586581432605,5.34803913921813,-5.5295860680242725,,,,,-1.9609279890639542,0.5689672208351482,0.9945730693777547,2.2223136784710107,0.013387832358620955,110.38363561675789,0.0029642511601384314,,-0.004612790477786177,,0.0065370421156298875,,-0.035964597548801436,101.34049001124099,,,,,,,-0.06323128827604219,-11.130085171258031,-0.02273113571914198,-10.328087478278114,0.0009713453896322832,-6.7873303167420795,0.0025740039951722693,-3.233830845771135,-0.0023724803536309125,-4.535147392290262,-0.002536999246588678,-5.292702485966327,-0.003925422116105359,-7.12328767123287,0.003741819145995251,-5.137289636846775,0.05312452373901255,-23.215394165114834,0.03630972117369158,20.915279878971262,0.05423644032474506,9.728926847382091,0.0,-15.217391304347828,-0.02029589961990297,-12.121212121212121,0.01105935942549463,39.52037562757624,0.007782140442055052,18.34862385321101,0.013129291441792645,36.45352669742914,0.019802627296179764,41.8906101802081,1.347785065429341,-4.63522562655333,13.381970094788853,110.38363561675789,,,0.8660254037844386,0.5000000000000001,0,0
1392-03,1392-03-01,2013-05-22,1392,3,9781.722222222224,3.93,103.21761903308686,103.1,,12838050.0,,,21.18,26.6,19.5249373296054,99.7,424.1,47057.57894736842,46326.25,,,,1380.0108695652175,1343.0,298.4,11.92,114.4,233.513237856445,1038.0,0.38,35678.31578947369,107.1,80.7,125.7,114.4,117.6,100.5,95.1,117.3,313.4,-12.78762138248588,1.9880324553418374,-6.452745619187539,-5.036876127983447,,,,,-3.531442385779826,-10.257665083751988,1.6347384212495317,-5.439407206579894,0.006483628735930225,101.29108887371206,0.01350573324276283,,0.003001561082413673,,0.008948707008139323,,-0.023846317679417695,91.67803477383491,,,,,,,-0.04058009857945688,-13.517085355386838,0.0007875273936290839,2.483926928083391,0.0009704027932784243,7.845188284518834,0.007682496172016329,-1.9182652210175233,-0.004761913760243708,8.362068965517233,-0.0067969675438863675,4.081632653061229,-0.011869575555383705,-5.27803958529689,0.0,-3.076923076923077,-0.07815820045274524,-25.130890052356026,-0.019902726143875782,13.468501086169438,0.009766031483452231,11.634867190422726,-0.02597548640326064,-15.555555555555555,-0.033162678904864684,-12.182741116751272,0.02884986954900759,42.381064902583645,0.03053672386008177,20.90909090909092,0.022923639901937243,37.80091086532207,0.02007346545456734,42.78141565325895,0.6504692956311287,0.5693939618722554,20.53291156495993,101.29108887371206,,,1.0,6.123233995736766e-17,0,0
1392-04,1392-04-01,2013-06-22,1392,4,8971.25,3.94,105.99473772550884,107.7,10000000.0,10899227.272727272,5500000.0,3550000.0,21.67,27.3,19.9856926044366,105.3,409.6,42786.90476190476,46112.69230769231,1000000.0,,4370000.0,1263.4642857142858,1286.0,279.5,11.6,110.1,241.87667332455,990.0,0.37,32761.52380952381,104.7,81.5,129.9,110.3,114.4,98.9,92.9,119.6,304.6,-5.946487037130055,1.5027562826476168,-3.8433342389733838,-4.153740366471936,,,,,-2.946311862480222,-4.883667741990294,1.048522738547521,-1.72553300907623,-0.08528833115254386,69.61240157189135,-0.09513984362908268,77.54552423261309,-0.00462052176100336,,-0.08649054512317988,,-0.16372152325788036,50.92100167961644,,,,,,,-0.08823399434211865,-20.21491436368961,0.02654988324073404,7.368024750688207,0.04365019313942842,4.461687681862281,-0.02758795651882906,-13.398940196820586,0.03286680808035225,4.253611556982362,0.019418085857101808,-0.08354218880535225,-0.01604848887046373,-9.927140255009103,-0.02266385957721173,-11.570945945945944,-0.03649715268624032,-6.99831365935919,-0.028480889460858805,-11.888921029794608,-0.0654325757344516,-16.09126388471931,-0.02666824708216131,-26.0,-0.047346120597198116,-20.09685230024213,0.023324161807490196,40.10756046486448,0.02597548640326064,21.875,0.022871475375007222,38.37803320561943,0.035189213220482074,43.163296106247515,-8.175251312760757,-6.332309057961649,-0.1479083944182058,69.61240157189135,6.673897897689627,10.899227272727272,0.8660254037844387,-0.4999999999999998,0,0
1392-05,1392-05-01,2013-07-23,1392,5,8668.263157894737,3.95,108.69681791825728,111.0,10321315.789473685,10574894.736842103,5635631.578947368,3643052.6315789474,22.14,27.7,20.3462432625902,108.2,400.4,42289.78947368421,47140.90909090909,1038368.4210526316,,4499842.105263158,1332.6391304347826,1352.0,238.7,11.64,107.5,244.517855389589,995.0,0.38,31763.21052631579,102.6,82.5,133.0,107.2,110.3,98.7,94.2,121.7,305.3,-2.3140113687663444,1.2588305468784153,-2.3189444918909174,-0.6406150276674794,1.308075726299407,0.3491287984784819,1.107955309444646,-1.9048194970693544,-0.9442961936089844,-1.7890623555164353,0.7799547908262945,1.4925650216675024,-0.030946053864738587,54.69598295228313,-0.01168641895079503,66.68272878141302,0.022052948920622484,,-0.03435657684713256,,-0.030209123391891524,39.52713885542576,0.03162615791207557,,0.03765065534639156,,,,0.05330390339895086,-17.192128137113873,0.025173070936814312,-1.078431362647736,0.030180617149991207,-2.030008826125329,-0.03649715268624032,-16.691842900302124,0.023584204545199938,-1.7725258493353047,0.01740615847695004,-4.022082018927442,-0.0020242921892306143,-9.698078682525157,-0.020261185139822224,-13.124470787468246,-0.028507677622755523,-23.646723646723643,0.0022954592797708173,-12.621637092157979,-0.15779475925036923,-28.102409638554214,0.02666824708216131,-17.391304347826086,0.005037794029957077,-20.399999999999995,0.017879640809081998,39.40530896988334,0.014545711002378336,20.434782608695645,0.021457111732222867,36.835599505562435,0.010860352528986539,40.48612303868588,-3.0472126052873305,-10.394255584428869,-14.547684012443296,54.69598295228313,6.6582446496370675,10.184145167013025,0.49999999999999994,-0.8660254037844387,0,0
1392-06,1392-06-01,2013-08-23,1392,6,8659.631578947368,3.99,113.01888995700412,111.6,10384782.608695652,10358750.0,5346478.260869565,3342086.95652174,22.35,28.2,20.5978716444431,108.8,374.8,42178.0,49660.15,1061391.3043478262,,4588739.130434782,1373.5814285714284,1349.0,207.4,11.25,107.5,248.27111411359,1020.0,0.38,31642.0,102.6,82.6,133.8,102.1,109.8,98.0,95.2,122.0,307.5,-10.674248189214097,2.777431286401191,-7.076907088820761,-8.33158446855613,-8.064348870692584,-10.0402593273353,2.2022602238503572,5.406722127027663,-3.447689688197997,-7.519280575276532,1.6152059695770804,3.8614836127779384,-0.003823366343729262,36.89124236957433,-0.002646915224103097,41.677050326225526,0.05206161837775625,30.68214883178888,-0.0009962640923664168,35.616117689531876,-0.02065119773876134,16.77304516821405,0.006130273000700015,,0.02192994340670751,,,,0.030260225558679466,-19.858945958843066,0.03899245278486685,-0.3299234286179731,0.005390848634876377,-1.5873015873015928,-0.004543397184026965,-16.24713958810069,0.005997019472374632,-1.0355029585798703,0.00246204473977496,-4.163393558523176,-0.007117467768863683,-11.870503597122307,0.0,-13.124470787468246,-0.04874352346608202,-27.43425728500355,0.007180187505739788,-12.988115449915105,-0.14055823754935748,-35.349127182044896,0.0,-13.636363636363635,0.024815169119723812,-20.374707259953162,0.01229146364107514,38.17910859684519,0.0178895647507753,18.98734177215189,0.00944039377908723,35.78371810449574,0.01523301669888344,38.89842097496201,-0.3816066584810929,-11.313078266616316,-10.808100289296052,36.89124236957433,6.649914367485096,9.759595690643945,1.2246467991473532e-16,-1.0,0,0
1392-07,1392-07-01,2013-09-23,1392,7,8286.952380952382,4.04,109.58761959984189,109.5,9564304.347826088,9599380.952380951,5021217.391304348,3043086.95652174,22.45,28.6,20.8846013185664,105.4,370.0,41079.04761904762,48654.28571428572,976086.9565217393,,4232043.478260869,1310.5536363636363,1317.0,201.7,11.37,109.0,251.885363255222,991.0,0.41,30321.33333333333,102.9,83.1,131.7,98.3,110.1,98.3,95.4,120.7,325.7,-0.4110885204305248,1.7463549011566109,5.667833701843961,-2.1367220748892635,-1.9101442634465116,0.09349748015328174,1.4670435420577903,4.124295853404902,-0.6828312867028785,-0.6330182038862375,1.1390061949287327,4.4970108319045465,-0.04263381684579848,-5.033778076424456,-0.02640055686544507,-5.337819579915015,-0.020462903071983618,6.7060951465132135,-0.04398990320703078,-1.9745681160321382,-0.07613296091350108,-23.87293279248596,-0.08230365258513928,,-0.0837842004939855,,,,-0.046971839138753246,-25.643717981731605,-0.03083056422445285,-2.5030816417885404,-0.018996500690654727,-2.2321428571428603,0.002728514653203895,-12.964426877470359,-0.01581953894489274,-1.8628912071535053,-0.01071291662977103,-4.13026211278793,0.003056548482548216,-9.816513761467894,0.002919710103334694,-10.44386422976501,-0.037928698017498874,-27.18518518518519,0.05750162503561551,-9.073143495254044,-0.027867850835260555,-37.204234122042344,0.07598590697792196,-8.888888888888902,-0.02884337194832831,-15.874363327674024,0.013824356172830399,33.26574273998628,0.014084739881738972,17.695473251028805,0.004464293128685348,30.37166085946574,0.01445272516648366,30.186137821969883,-4.173777468765161,-7.448342422586318,-13.308999418654544,-5.033778076424456,6.613102006129863,9.834555095980484,-0.4999999999999997,-0.8660254037844388,0,0
1392-08,1392-08-01,2013-10-23,1392,8,8217.25,4.14,107.22904822939918,108.1,9395454.545454543,9399315.789473685,4815909.090909091,2840909.090909091,22.8,29.4,21.1939814594221,102.6,334.4,40887.22222222222,48429.38888888889,961363.6363636364,,4166363.636363636,1304.2827272727272,1276.0,199.1,11.42,108.7,255.638621979223,990.0,0.39,30132.277777777777,102.1,81.5,130.3,99.7,109.2,97.5,95.2,119.5,306.8,-4.8424862760217735,0.9059649570753643,-2.8104644025415126,-4.006687294982214,-3.8775543239415455,-4.397906107302241,0.6039459851800367,-2.083408690284294,-0.13084929018258862,-0.24015642931214387,0.4224903185642756,1.051562217915425,-0.00625458656312361,-3.619889400659615,-0.004680602091728048,-6.549472897226649,-0.004633059648899263,3.8232407685308223,-0.008446672400166833,-5.567519984554769,-0.021061713994722453,-22.217770009911696,-0.017811857992274582,,-0.015198946125142498,,,,-0.004796415714790392,-23.980826391492904,-0.02175722405849978,-1.4338767510154615,-0.012867824611393353,-1.4585232452142272,-0.00820798041782922,-11.793214862681744,-0.01068712461843635,-1.5117157974300799,-0.009991756731920098,-3.629032258064513,-0.008171649149319116,-8.963585434173659,-0.0078049176693841815,-9.32504440497336,0.014141649814671808,-27.96242774566474,-0.05978064278908679,-14.966740576496672,-0.012974233890015618,-38.09079601990051,-0.05001042057466132,-9.302325581395344,-0.0010095912013525776,-13.00527240773286,0.014705139549362034,30.462861719306368,0.02758795651882906,19.028340080971653,0.015469921772131912,28.886376483889187,0.014790738001393855,26.651347772298916,-0.6235067352652224,-5.134659631421035,-14.995205570369507,-3.619889400659615,6.602699475719511,9.777066069428892,-0.8660254037844385,-0.5000000000000004,0,0
1392-09,1392-09-01,2013-11-22,1392,9,8066.857142857143,4.18,110.5989472238641,110.7,8652833.333333334,8652809.523809524,4392083.333333333,2615000.0,23.13,29.8,21.3006995647995,105.5,341.6,40263.57142857143,48197.80952380953,885416.6666666666,,3840708.3333333335,1233.9747476190478,1222.0,197.4,11.55,117.5,257.028717802927,991.0,0.36,29502.761904761905,102.2,84.8,134.2,101.2,108.6,97.9,95.6,122.2,291.6,-0.9033075595947793,1.0927430621814456,-2.3149181866966018,1.2957405840460012,0.8470638883508741,-1.756513235598689,1.0527701542115129,3.4289073478632304,-0.22865653431960453,0.2648380483755375,0.6025577111357291,2.037421919513882,-0.021113065764383876,-0.3301105194575382,-0.015370473750071056,-6.6568414777525735,-0.004793263434489603,4.1517549558062194,-0.018471646248809037,-7.164976804246981,-0.08275282962494046,-27.431745331105294,-0.08233919303287607,,-0.08229438711149051,,,,-0.055412793964726426,-27.760770858856855,0.030943386051845323,0.9982647702824421,0.023767115069428968,0.9115770282588809,-0.00550965581096996,-11.49144254278729,0.029491740406782263,1.3595166163141936,0.022342675365929487,-1.8473895582329258,0.004094171532663005,-9.686346863468632,0.000978952598984506,-8.831400535236389,0.014933079885572909,-25.915080527086374,-0.05081306935859775,-16.206896551724125,-0.008575084070769456,-36.03370058327933,-0.0800427076735365,-16.279069767441868,0.0010095912013525776,-14.495254529767044,0.0050226676447486795,29.220898635546554,0.013513719166722726,20.161290322580648,0.014369940282952687,27.08791208791208,0.005423006782803164,27.083181177943437,-2.0891745312401677,-6.760754994115715,-17.308983756833552,-0.3301105194575382,6.575817882572747,9.772584873949581,-1.0,-1.8369701987210297e-16,0,0
1392-10,1392-10-01,2013-12-22,1392,10,8123.823529411765,4.18,108.53277757432726,107.4,8709545.454545455,8702526.315789474,4414545.454545454,2778714.285714286,23.32,30.1,21.539980159548,102.1,403.4,40578.117647058825,48827.705882352944,892666.6666666666,,3862545.454545455,1226.8295095238095,1244.0,198.1,11.59,123.5,258.140794461891,942.0,0.34,29758.222222222223,101.0,85.8,131.2,105.7,106.5,97.1,95.2,119.9,275.6,-1.3014628637161962,0.7251164301136948,1.771981202690931,0.043027584920274364,0.34860593072814083,-1.6566643947891535,0.8988043380645222,2.2472855852059936,-0.9923795878398423,-1.4153698309209872,0.4448296436532642,1.0027079769127312,0.0086215881704792,-9.301510252438316,0.007781821716175585,-6.2645684624135445,0.012984320784823922,5.592278319428878,0.0070369643850636265,-9.516758569631023,0.005729295985373639,-32.842968023362076,0.006532782586759822,,0.008154893578391054,,,,-0.005807254400758133,-26.410203801825226,-0.01885834545385645,-2.2194781859193102,-0.030263657639826747,-4.955752212389375,-0.019526422350354622,-12.201154163231653,-0.022608348027593372,-3.4584253127299625,-0.01900098470402689,-5.5161544523246615,-0.008205174239185098,-10.50691244239632,-0.011811160928344222,-9.172661870503596,0.0435061360228266,-19.802731411229136,-0.056432460994999545,-17.853949329359153,0.003539826705123872,-34.642032332563524,-0.05715841383994835,-19.047619047619037,-0.05070925975362517,-20.973154362416103,0.011170835035905213,27.885719325808456,0.010016778243471247,19.920318725099605,0.00818088523894378,25.51130247578042,0.004317329965583205,25.202222658149264,0.8658861102054605,-1.8571449511161742,-9.167160858459589,-9.301510252438316,6.589780030551896,9.748909240988956,-0.8660254037844386,0.5000000000000001,0,0
1392-11,1392-11-01,2014-01-21,1392,11,8065.111111111111,4.28,107.836316158897,108.8,8897333.333333334,8933083.333333334,4488500.0,2655958.333333333,23.41,30.1,21.5555488002279,104.8,450.1,40251.89473684211,48855.5,909727.5,,3941000.0,1273.5718227272728,1300.0,209.3,11.3,137.6,259.113861538484,971.0,0.37,29490.83333333333,103.2,94.6,134.0,105.6,108.3,97.9,95.3,122.0,292.1,4.935105665598627,0.801214331939894,1.9544596072972098,4.452352478324606,4.58899227658307,4.448461945741045,0.6547904309514351,2.1779175830429764,0.2204075604755218,0.13272151612913063,0.18960338058349968,-0.4740950295531121,-0.009025990429504915,-20.66104254012666,-0.008071870134630288,-19.08396461974692,0.0005690664663600131,5.580247802910243,-0.007253432918272296,-19.491262235672124,0.026148248749160885,-38.74177105239096,0.02133200348995956,,0.018931866534169117,,,,0.03739220471723481,-23.32783073984802,-0.006437738484596167,-7.058322114288707,0.01295115234707822,-6.609442060085835,0.016760168857464564,-10.347682119205304,0.021116923440922974,-4.14878397711016,0.01736298269978853,-5.71870170015456,0.008205174239185098,-9.519408502772642,0.021548336206202556,-6.181818181818177,-0.0009465216040309699,-22.580645161290324,0.05814567025419137,-8.403888366259004,0.05499667574744915,-30.855632639577134,0.0845573880280629,-7.500000000000007,0.030321193714962114,-17.220801364023874,0.0007225177058023391,22.194127826389142,0.0,19.444444444444464,0.0038519200205278104,21.295336787564768,0.0037624338928301526,18.659665963375026,-0.8985378457494697,-2.1287618850955425,-7.154116839353497,-20.66104254012666,6.571319692368831,9.819515550902148,-0.5000000000000004,0.8660254037844384,0,0
1392-12,1392-12-01,2014-02-20,1392,12,8260.2,4.47,108.6404760451544,107.4,9652916.666666666,9704375.0,5003750.0,2927500.0,23.73,30.1,21.7177320971119,104.0,486.5,42006.45,50499.9,984875.0,,4266291.666666667,1343.789519047619,1336.0,222.3,10.88,122.2,260.364947779818,997.0,0.39,30250.83333333333,108.1,103.2,130.7,102.6,113.8,99.9,96.6,120.5,323.7,-1.8132097087185883,1.0503018963634816,2.5317807984290397,-0.010592918824059439,0.7574908139028835,-0.853997924911809,1.0756042714831817,2.917786127522959,0.32220439528760636,-0.26756791358018006,0.7139916192104254,1.6147986407981207,0.025444251712231747,-14.729495833642424,0.04266610095718093,-10.894982751113647,0.03310439437039392,9.009638667292364,0.023901311881385112,-15.34717390249033,0.08281520137080989,-30.324442336687696,0.08150850856118197,,0.07936962544867399,,,,0.053668210236847536,-15.399657893438878,0.0074295593268125515,-2.4883845323133147,-0.01295115234707822,-1.6483516483516425,0.049537367685285716,-5.166666666666664,-0.0249351793207353,-1.35849056603774,-0.012371291802547368,-2.429149797570851,0.020223136118043605,-5.038022813688214,0.04638787159769997,-0.8256880733945038,-0.028820438535491988,-20.894371626831145,0.10272095153850369,4.520503713270907,0.06025919151819625,-28.05825242718446,0.05264373348542195,-4.8780487804877986,0.026424301670513017,-10.74306177260519,0.007495805860073812,19.63978536646316,0.0,18.972332015810277,0.013576788944852591,19.426270759939612,0.004816707198552095,17.910846539778504,2.5770719715165757,2.535597958544633,-4.396582601184096,-14.729495833642424,6.597021107580657,9.853407792867115,-2.4492935982947064e-16,1.0,0,1
1393-01,1393-01-01,2014-03-21,1393,1,8232.42857142857,4.35,107.35450019836426,107.8,9628050.0,9640300.0,5137500.0,2986500.0,24.13,30.6,22.0296470097665,104.9,409.0,42887.16666666666,51541.17647058824,985998.0,,4271150.0,1302.990476190476,1298.0,222.4,10.73,118.7,266.898398151228,1002.0,0.39,31076.0,107.3,106.1,130.7,94.9,112.3,100.0,95.8,120.5,324.8,2.202671213450813,0.6649801240634711,2.0714204387562773,2.561524658257497,2.6165953030801603,2.177145908334488,0.4844649809062903,1.2525960462841823,2.3448076048051547,4.172260571010966,0.6563006446167585,1.5848192240024872,0.026912084781402612,-11.151349960449453,0.020749457960890894,-7.348895823331758,0.02040967524224868,11.077841780993092,-0.003367741497244836,-14.525214241217055,-0.006624586283120237,-29.268000391312853,-0.0025794018405527197,,0.0011395966371612332,,,,-0.030831633009277937,-14.891287280290634,-0.01190760140906999,1.7504713122270976,0.0037174764001326466,4.761904761904745,-0.01326865994783244,-3.52233676975946,0.0,3.2385466034755117,0.0,1.7736486486486402,0.001000500333583787,-2.0568070519098813,-0.007428075008509616,0.5623242736644718,-0.07801422712078665,-19.096334185848242,0.0033924473553241796,5.3519299383717245,0.00044974140627651593,-20.54305108967488,0.0,0.0,0.005002511682971722,-8.493150684931505,0.014260063329386341,17.422209381686482,0.016474837203505288,19.53125,0.016715809189268516,18.11062163485071,0.024783762577738067,18.94670846394999,2.727748546872011,4.428281259334477,2.488896706389365,-11.151349960449453,6.628992337227096,9.777200359432777,0.49999999999999994,0.8660254037844387,1,1
1393-02,1393-02-01,2014-04-21,1393,2,8799.47619047619,4.38,108.99608744745667,109.7,9977696.0,9989615.384615384,5170960.0,3098960.0,24.51,31.1,22.188945899975,105.7,413.6,45437.28571428572,55127.95238095238,1021893.6,1351009.9090909092,4427524.0,1294.459995652174,1289.0,217.3,10.2,115.0,276.907088081899,962.0,0.4,32838.46153846154,106.9,105.1,132.3,96.0,112.1,99.5,95.2,121.4,334.7,-1.0021946246194346,1.3319985917121768,4.850326128408966,-2.3795062537342204,-2.472578421472349,-1.196450480179223,1.0411229393078518,3.1995438527328446,-0.5715639828061114,0.09599513737494902,0.9170557108570975,2.643325706815425,0.05516461921420479,-7.360913998977625,0.05776040334643717,-2.130298001173292,0.06727585894036103,19.35710505394401,0.06661113708545408,-9.23302354596024,0.035593863410639415,-24.021033711477855,0.035671488853374456,,0.03575832955181646,,,,-0.006568372564045077,-9.929533220902819,0.015175542356793414,5.681529648229411,0.0174717088062879,6.504854368932045,-0.0017825316662838375,-3.941730934018861,0.01216745049073431,4.750593824228044,0.007441125694688466,2.794242167654537,-0.005012541823544936,-2.163225172074734,-0.003734831605653355,-0.18674136321193968,0.01152448585195387,-22.392886014551337,0.030024999929757712,4.691898654989046,-0.02319867511404361,-26.46362098138747,0.025317807984289953,2.564102564102577,-0.04073883097910347,-10.344827586206895,0.007205094910122778,16.9705041815988,0.016207810226853248,20.54263565891472,0.01562531790308075,18.405797101449295,0.03681397312271617,20.987460815047186,5.671455587789742,11.351419498018744,8.981012921232079,-7.360913998977625,6.671319039342958,9.775592473243186,0.8660254037844386,0.5000000000000001,0,0
1393-03,1393-03-01,2014-05-22,1393,3,8857.470588235294,4.54,110.9642853509812,111.9,9553823.529411765,9595055.555555556,4821117.647058823,2806058.823529412,24.88,31.5,22.3462883676438,108.4,421.4,44280.23529411765,54526.35294117647,978603.7647058824,1313535.6842105263,4234211.764705882,1269.4927227272726,1279.0,202.4,9.77,112.9,277.741145576122,926.0,0.4,32465.652173913044,104.7,103.1,134.3,99.5,109.0,98.1,94.9,122.3,306.4,1.3965976702323246,0.8202624892952766,1.5578756179994713,-1.5847708287520135,-1.2796988192389946,1.5419215624394411,1.0236843419193187,2.6996573693333303,-1.8525534301391033,-1.6949901700495928,0.534024370443362,-1.1642288363402642,-0.011417762020274225,-9.0045271041311,-0.025794617623436267,-5.902011355826642,-0.010972765257564632,17.700769954780426,0.006569041299732348,-9.448761812998596,-0.04029817238522426,-25.260802415043127,-0.04341075800921601,,-0.043285829874831094,,-0.02812989653995679,,-0.019476226658558637,-8.00849828615947,0.017896409336334962,7.5051782733053685,0.019856248036695057,8.535402521823476,-0.028043447848970615,-7.312925170068018,0.015004032408281631,6.841686555290383,0.007386164067728629,4.262574595055413,-0.014170277593229308,-2.3880597014925398,-0.020794700154508128,-2.2408963585434094,0.035809452696710764,-13.024475524475532,-0.0883431703508446,-2.233567326100827,-0.07103294984907293,-32.17158176943698,0.0,5.263157894736836,-0.038140216019526996,-10.789980732177263,0.007066006271715164,14.449987676838404,0.012779726646398704,18.421052631578938,0.014983070330957471,17.469310670443818,0.0030075210639566308,18.940214321753636,-1.1352826748958655,7.321513480883879,10.04275558578438,-9.0045271041311,6.647509436126685,9.804842267737783,1.0,6.123233995736766e-17,0,0
1393-04,1393-04-01,2014-06-22,1393,4,8533.041666666666,5.17,109.80142865862165,107.0,9559639.130434783,9585752.173913045,4801000.0,2694391.304347826,25.13,32.2,22.8924038122634,105.2,440.6,42751.13043478261,53505.0,977634.8695652174,1306854.7692307692,4231513.043478261,1318.144090909091,1311.0,182.7,9.27,103.1,281.911433047235,897.0,0.4,31322.30769230769,102.6,104.3,127.9,100.5,105.7,98.0,94.3,118.0,280.4,-0.6357926470915487,0.4735450106333314,-0.9341012393139891,-0.45079282688043065,-0.5937855075641707,-0.6377337781202641,0.5528265390251254,-1.2719145383336183,-0.38311400282218244,0.02455554476537003,0.5563121011344089,-1.6224310073200243,-0.03585212476565758,-4.393007253214931,-0.03514278365289236,-0.08361045820264312,-0.018909017527414917,16.030960940171646,-0.03731535465698954,-4.884585016952303,-0.000970072011909906,-12.051084594784866,0.0006085345503308304,-4.4036086956521725,-0.0009905695582492768,-2.236513043478261,-0.005099186227944585,,0.03760736577561108,4.327768169868973,-0.010534855490138106,3.591396153053239,-0.04477678085597425,-0.6499535747446661,-0.03074298935295161,-7.604895104895104,-0.0488273949443947,-1.5396458814472713,-0.035792418227461376,-1.3377926421404673,-0.0010198879007452533,-0.9100101112234582,-0.020261185139822224,-2.005730659025795,0.010000083334583465,-8.884859474161377,-0.08867428270600097,-7.944845699277758,-0.10240047402934938,-34.63327370304115,0.0,8.108108108108114,-0.031818372587383514,-9.393939393939398,0.024144905570104402,14.543960348822438,0.02197890671877545,17.948717948717952,0.00999808368452193,15.96677434240885,0.014903405502574962,16.55172413793138,-3.5217049559967184,0.7925977999346578,5.255977519105537,-4.393007253214931,6.608911500792825,9.805043245006294,0.8660254037844387,-0.4999999999999998,0,0
1393-05,1393-05-01,2014-07-23,1393,5,8523.894736842105,5.79,104.6747817993164,101.9,9492070.0,9500585.0,4765300.0,2707773.6842105263,25.41,32.9,23.2518326073386,100.1,446.5,42009.0,52499.72727272727,971780.894736842,1295460.0869565215,4213757.894736842,1298.9908695652175,1295.0,176.4,9.14,101.3,284.552615112273,862.0,0.38,31224.20833333333,100.9,106.9,122.4,101.4,103.8,96.9,91.0,113.9,263.5,-1.3893642624374536,0.2939747619708665,-0.7404948006577428,-0.21800648812160262,-0.25791229206522104,-1.3450988468623137,0.32005014552831107,-0.553472568164004,-0.7494342924402986,-1.0113945929980162,0.22615482693421898,-0.5465372871318763,-0.0031368474424411374,-1.6969386408086762,-0.017511756910304044,-0.6639651726309537,-0.018967132700074885,11.367659820653753,-0.0010725174187182773,-1.665482674244223,-0.00892447182572198,-10.159058445275038,-0.007093265310775365,-8.034303051936465,-0.00600589420893094,-6.412707182320454,-0.008757399259751608,,-0.014637046683318111,-2.524934177685978,-0.04781531310454312,-3.700233544983389,-0.04883689423322668,-8.198198198198192,-0.018138922144403935,-5.893019038984592,-0.04395433850657149,-7.969924812030071,-0.035363754012528226,-6.409202958093674,-0.011287959773851775,-1.8237082066869248,-0.016708005377105373,-1.6569200779727011,0.008915363657952646,-5.4104477611940265,-0.06216378717901794,-13.69145103177203,-0.03509131981127034,-26.099706744868033,-0.05129329438755059,0.0,-0.03980059139510317,-13.366834170854268,0.015578806471130857,14.280716627873936,0.02150620522096336,18.772563176895307,0.011080445776571857,14.769647696476973,0.00932522095021504,16.372939169982835,-0.3131932676801341,-4.915739439369116,5.877673853457299,-1.6969386408086762,6.617542653267212,9.776468184809042,0.49999999999999994,-0.8660254037844387,0,0
1393-06,1393-06-01,2014-08-23,1393,6,8666.958333333334,6.17,99.8590000152588,97.3,9375783.333333334,9377525.0,4713365.217391305,2650084.0,25.72,33.2,23.4442791967631,95.9,438.1,41539.083333333336,51993.68,959957.5454545454,1277284.8076923075,4159300.0,1254.6985619047618,1237.0,163.1,9.24,101.8,286.498749265459,840.0,0.35,31698.88888888889,97.8,104.9,117.4,102.8,100.3,94.0,88.3,109.7,243.6,-1.1532489348333286,0.5122452540117829,-1.4481347194710281,-1.5092959577714282,-1.691819714158882,-1.3853993217241012,0.48570322553233486,-1.2759027382371002,1.2384268544867183,0.569722447676746,0.43182801522168873,-1.0053493410877579,0.01508792737124054,0.17978916910716958,-0.011249129921200307,-1.5148102486288173,-0.009685802045398262,4.698999096861356,0.016644537506198986,0.08460815358217744,-0.013037506731862436,-9.472426692409798,-0.012326589256137055,-9.71613285883748,-0.012241302113672248,-9.556678906052174,-0.014129330641388549,,-0.034692354829349625,-8.654955883489833,-0.04709903619359679,-11.643973805398144,-0.046192951036720054,-12.813620071684584,-0.034300275763897936,-8.65209471766849,-0.04170746268422931,-12.25710014947683,-0.0375715031719519,-10.081967213114751,-0.030384736626716702,-4.081632653061229,-0.03120535031879168,-4.678362573099415,0.013712261863982,0.6856023506366382,-0.07852583214567499,-20.780487804878057,-0.07839063394572321,-21.35969141755063,-0.08223809823697226,-7.8947368421052655,-0.02585337882633354,-17.647058823529417,0.00824255688760367,13.818940138351167,0.009077218151117172,17.730496453900724,0.012126102037345987,15.078299776286341,0.006815995229169758,15.397536394177113,1.52023247631492,-2.361767695029604,4.786828645675523,0.17978916910716958,6.6399937059828895,9.76868721372432,1.2246467991473532e-16,-1.0,0,0
1393-07,1393-07-01,2014-09-23,1393,7,8859.3,5.95,90.87045426802202,87.3,9368826.08695652,9363625.0,4721450.0,2678217.391304348,25.93,34.0,23.7415081060264,86.1,418.8,41361.65217391304,52256.31818181818,958329.2105263158,1273303.375,4152368.421052632,1224.379081818182,1222.0,163.1,9.77,103.0,287.193797177311,833.0,0.37,32349.166666666668,97.3,106.8,106.8,103.5,99.5,92.9,87.0,102.2,245.4,-0.3919082093570836,0.5300116818811894,1.8270255651668066,0.7894063518882888,0.6568643780118677,-0.16847757943629915,0.5074228621434084,1.4724334716882836,0.26791020429630663,-0.21404172958003898,0.5087945310522974,1.9802627296179764,0.0203066312523017,6.6878105624203155,-0.004280575540422049,0.6879530350513363,0.005038632940998156,7.403320004911396,0.021949852090532573,6.906611655729589,-0.0014833670878005023,-2.45594954039694,-0.0007423197293974226,-2.043831456639078,-0.0016976975045555065,-1.8192790997538455,-0.003121974729712207,,-0.024461510507753026,-6.5754313409530525,-0.09432427836288415,-17.07963490781661,-0.10844852634640212,-20.273972602739732,-0.008008050803343103,-9.627611262488644,-0.09462898086790172,-18.906605922551243,-0.07081768951158107,-15.327257663628835,-0.011771136450210662,-5.493387589013221,-0.005125587848812785,-5.442176870748305,0.00678625968435842,5.28992878942014,0.007361996441068719,-24.654590113601472,0.0,-19.137332672285567,0.055569851154810945,-9.756097560975608,-0.008368249670516192,-15.943491422805245,0.012598405477006303,13.679489226927277,0.023810648693718406,18.881118881118873,0.0081317001811545,15.501113585746108,0.0024230687891240166,14.017660044149881,2.0514213607206733,3.2783630901217276,4.096945123782558,6.6878105624203155,6.662757518986087,9.77078116491668,-0.4999999999999997,-0.8660254037844388,0,0
1393-08,1393-08-01,2014-10-23,1393,8,8892.57142857143,5.84,82.56636290116744,78.4,9136485.0,9146666.666666666,4609000.0,2578333.333333333,26.1,34.4,23.9492789746303,77.0,408.8,40981.26315789474,51738.45,934629.5,1248965.4347826086,4053966.6666666665,1185.6595454545457,1175.0,178.7,8.9,102.7,288.861912165756,826.0,0.36,32475.40909090909,97.2,101.4,97.3,103.3,101.2,92.9,85.1,95.8,258.7,0.01457619709590574,0.5230254949843929,-1.2869341119724709,-1.2317970677319323,-0.8475060098856346,0.1860503438997796,0.7520923935618028,-2.2022365248385967,0.3359981233401754,0.044919010102084656,0.21308627500898586,0.5888750939357479,0.0038948988824376585,7.776150646199542,-0.009239209479293464,0.2300007937966697,-0.009959586845047497,6.832754216046499,0.0037485025355348256,8.218338599548858,-0.023442987648721214,-2.6879522772281006,-0.025112065997436872,-2.756328011611009,-0.02504116842082027,-2.780855791962178,-0.01929904973955132,,-0.03213464531108734,-9.094897857477902,-0.09583254400527341,-23.00000394992775,-0.10752653548919433,-27.474560592044394,0.01694111268881837,-7.326007326007322,-0.0931589373341355,-25.326170376055266,-0.06466899279278948,-19.832635983263604,0.0,-4.717948717948717,-0.001028277725565907,-4.7992164544564115,-0.001934236579830717,3.6108324974924777,0.052779556915172776,-15.677966101694917,0.09134491253841492,-10.246107483676548,-0.027398974188114544,-7.692307692307699,-0.008438868645865405,-16.56565656565656,0.008713304847621117,13.000377114057017,0.011696039763191113,17.006802721088434,0.006534714778074768,14.473684210526327,0.005791521979588765,12.996193583469262,0.3902493858443101,4.007149658427189,-1.105570817095769,7.776150646199542,6.669850995876354,9.786409124328587,-0.8660254037844385,-0.5000000000000004,0,0
1393-09,1393-09-01,2014-11-22,1393,9,9320.954545454546,5.46,67.46263162713302,62.3,9619304.76190476,9628228.57142857,4837990.909090909,2693485.714285714,26.45,34.7,24.4361960202449,60.7,418.4,42390.72727272727,53252.72727272727,983942.3333333334,1302914.625,4268128.571428572,1202.828495,1201.0,178.7,9.83,99.0,290.808046318942,815.0,0.34,33906.666666666664,95.7,99.0,79.8,101.8,99.7,90.6,84.4,83.4,269.7,3.1364616083429553,0.6118662364468499,1.6194685919980856,4.2825445611452295,4.165857224625746,2.6306621504391003,0.5410663403479694,1.0890999381791389,3.3598398619719916,3.3734412266277047,1.1765028098822816,4.008789054539008,0.04312849230582394,14.927093185787289,0.03381467582159203,5.2830779006513895,0.028847800837823456,10.487857848437354,0.04704878523389944,15.546294924881021,0.05130974573077651,11.272859352040898,0.051496253799115266,11.169421521714561,0.05141709692513885,11.127604705882366,0.042288217676317075,,0.014376664209575729,-2.5240591575430904,-0.20202852972893037,-39.002464923484816,-0.2298625015629554,-43.72177055103885,-0.014933079885572909,-8.195211786372003,-0.19827548473619583,-40.536512667660205,-0.13861437561211343,-31.751227495908342,-0.02506943277085938,-7.456588355464766,-0.015552413007484667,-6.360078277886494,-0.014627272009170689,0.5928853754940677,0.04164114095370053,-7.510288065843628,0.0,-9.473150962512678,-0.05715841383994835,-5.5555555555555465,-0.013406660280114835,-17.759838546922303,0.020127258576190687,14.720157175621429,0.008683122573460711,16.442953020134233,0.01332084397566069,14.353653264159094,0.006714653525640379,13.142239048134208,4.407204145607602,6.964842791545434,4.438581689455523,14.927093185787289,6.706891428591917,9.785358598009203,-1.0,-1.8369701987210297e-16,0,0
1393-10,1393-10-01,2014-12-22,1393,10,9594.47619047619,5.3,53.34263169138056,48.1,9969136.363636363,9984295.454545457,5004415.0,2693290.909090909,26.82,35.4,24.6184521721239,47.1,440.3,42007.95,53722.35,1020267.1,1360783.1666666667,4422200.0,1215.839528571429,1251.0,174.7,9.25,91.1,290.808046318942,797.0,0.34,35004.166666666664,93.7,97.1,63.7,101.4,97.1,87.7,83.5,71.6,248.4,4.510999101628599,0.6917669137272888,1.6570552843266029,2.2185750237888158,2.1765884903896193,4.448656529823403,0.7128473070885997,2.2245846258554636,-1.5640604251244028,-1.1324444375603093,0.5402540358282579,1.3465323062018086,0.03185545013704605,17.62855457315251,-0.009070755837052857,3.5236537223771514,0.008780096377211777,10.024317196962663,0.028922493550895823,18.102961687191076,0.03631414407189126,14.728701669426702,0.035721964721091126,14.462188821042732,0.036252443744441365,14.294297983569827,0.043456617725142976,,0.010758945793283736,-0.8958034402552273,-0.23483798347549412,-50.851131903585944,-0.25867924868169156,-55.21415270018621,-0.026424301670513017,-8.82629107981221,-0.22533894187764592,-51.44817073170731,-0.15255323539810117,-40.28356964136781,-0.032532313670796675,-9.680741503604528,-0.021120109214532334,-7.2277227722772235,-0.003937012959339015,-4.068117313150421,-0.08226988008636038,-9.869375907111767,-0.022638205025371505,-11.812216052498737,0.0,0.0,-0.022333434450647616,-15.392781316348191,0.0074307735238794415,14.291898087990141,0.019972133186915375,17.607973421926904,0.013891719549223858,15.008576329331035,0.0,12.654819601507672,3.236826582776242,8.207321157165293,11.754750034791295,17.62855457315251,6.732384926543075,9.785962376465395,-0.8660254037844386,0.5000000000000001,0,0
1393-11,1393-11-01,2015-01-21,1393,11,9420.3,4.88,54.42952364966983,57.9,10073425.0,10101450.0,5068040.0,2683736.8421052634,26.93,35.4,24.6324040393834,54.8,444.1,39464.65,52632.35,1027029.55,1363900.3333333333,4454075.0,1254.53045,1227.0,173.7,8.27,83.5,288.583893001015,763.0,0.32,34388.0,92.0,94.7,73.8,101.7,94.3,86.1,85.0,77.8,237.0,-2.7036605635540667,0.743720470572257,-2.0625450929816935,-4.10892139247494,-3.9874344939068607,-3.6151504757606645,0.790411181544528,-2.4442687425537457,-0.9927425014730318,-0.7618806465851335,0.31310676034954177,0.6432770720547154,-0.017759435710658522,16.605724942778856,-0.06245355158209698,-1.9557954774276687,-0.020498166336091472,7.730654685756977,-0.018320600829191847,16.80310252665802,0.011665573907031046,13.079097362799331,0.010406811354069845,13.218473699985012,0.006606247896877804,12.894196339013607,0.0022880954992601232,,0.03132655094806314,-1.495115735718533,0.020170865211261102,-49.52579465950243,0.18543520746723408,-46.783088235294116,-0.029260185657867588,-12.927054478301015,0.14717416902830927,-44.92537313432836,0.08304635721774645,-36.22950819672132,-0.018412487944452494,-12.05311542390195,-0.018309612195335667,-10.852713178294572,0.0029542118974310583,-3.693181818181812,-0.04698020892419219,-18.863402944197194,-0.00574054389295231,-17.009077878643108,-0.06062462181643502,-13.513513513513509,-0.04359664750575831,-21.421215242018544,0.0005665634551728083,14.274075170486821,0.0,17.607973421926904,0.004093028969974988,15.036309269542937,-0.007677580899034808,11.373390557939732,-1.7602666349244123,5.889351243388363,10.132496020048553,16.605724942778856,6.7076646234918895,9.835598206497563,-0.5000000000000004,0.8660254037844384,0,0
1393-12,1393-12-01,2015-02-20,1393,12,9263.45,4.72,58.10000010899135,55.8,9577900.0,9621150.0,5120650.0,2773420.0,27.18,35.6,24.7687939421155,52.8,428.8,37606.0,51866.25,976595.55,1298210.5833333333,4234490.0,1182.3852476190475,1179.0,174.2,8.27,82.2,289.834979242349,750.0,0.29,33816.72727272727,89.8,89.4,71.1,100.9,92.4,84.5,83.6,75.5,230.8,-1.5834892954522672,1.0268663562433402,-2.5821768168484027,-4.899562720392936,-4.849251875713811,-0.44287661710917803,1.1212380098966073,2.5394817362064614,-2.612088807563495,-1.132240596018974,0.7935987882740217,2.170721350512572,-0.016752096515098458,11.787754406966023,-0.04824172236999402,-10.47565314374339,-0.014662660083494927,2.705648922077075,-0.01679038574948777,12.145589695164771,-0.04871517774676448,-0.8576028852965822,-0.05044240679601231,-0.7771398972676535,-0.05035338764807484,-0.8406599822312399,-0.04936164545039645,,-0.05922756465590773,-12.011127422913914,0.06525894493961504,-46.52085279445649,-0.03694351519168482,-48.044692737430175,-0.02035421099177359,-18.804920913884004,-0.03727139479723185,-45.60061208875287,-0.030008774929367377,-37.344398340248965,-0.01875787707055654,-15.415415415415424,-0.024203601740886427,-16.92876965772433,-0.007897375694950526,-1.6569200779727011,-0.026508606501186804,-28.699413036762433,0.002874391171343582,-21.6374269005848,-0.09844007281325262,-25.64102564102565,-0.01718482475410088,-24.774322968906727,0.005521738534455256,14.048712965795085,0.005633817718256218,18.272425249169434,0.009240501899490106,14.5385587863464,0.004325889947122796,11.318739989321758,-1.6612560406907284,-0.265255782361562,6.681112360946906,11.787754406966023,6.716538800499722,9.851724186128024,-2.4492935982947064e-16,1.0,0,1
1394-01,1394-01-01,2015-03-21,1394,1,9101.611111111111,4.82,57.88749980926514,59.4,9574444.444444444,9583166.666666666,5147333.333333333,2800555.5555555555,27.43,35.7,25.0714032675661,57.5,409.0,36165.27777777778,49689.05555555556,980175.7058823528,1302676.4090909092,4251864.705882353,1199.585238095238,1199.0,172.1,6.77,70.9,290.530027154201,748.0,0.29,33261.84210526316,89.5,91.2,73.4,95.2,91.5,84.2,83.7,76.9,223.4,0.48751386903624905,0.8756859266004536,2.0554083277438906,2.2099768289258748,1.8841559432653199,0.35382954118095,1.0286156129798547,2.4869865518558854,0.5836095105806294,0.3845596719569855,0.615784644020686,1.4171803594381416,-0.016544712561104902,7.033859265230924,-0.039064131016028014,-15.673427300837183,-0.0428835909219103,-3.593478150599805,-0.017625106436229387,10.55803317503563,-0.003955713032837593,-0.5926509894228826,-0.0003608493574311922,-0.5567644076999612,0.0036592523183127668,-0.590497558579961,0.003434082418301898,,0.014442067635372702,-7.935993392489071,-0.003664197221845633,-46.078180511945455,0.0625203569813344,-44.897959183673464,-0.009788006366162172,-18.52181656277827,0.03183659881127543,-43.84085692425401,0.018373220256619582,-36.182572614107876,-0.003556613114846563,-15.799999999999992,-0.0033463500273445135,-16.589002795899344,-0.0581499855622436,0.31612223393044925,-0.03258764799884428,-31.2192118226601,-0.012128361200908877,-22.616906474820155,0.0,-25.64102564102565,-0.0026702285558783956,-25.349301397205593,0.012143332529197082,13.807557862598019,0.002805050927608299,16.666666666666675,0.009155896226514582,13.675922088686288,0.0023952107259548328,8.85416666666654,-1.6408600483099334,-4.977477618579229,2.821325964903254,7.033859265230924,6.7057559851826625,9.776988563535058,0.49999999999999994,0.8660254037844387,1,1
1394-02,1394-02-01,2015-04-21,1394,2,9082.222222222224,4.5,65.64173806231955,64.6,9455970.0,9465510.0,4882200.0,2724410.0,27.81,35.9,25.2072741547612,62.5,413.6,37085.15,51083.05,966263.85,1284346.9583333333,4189670.0,1199.097395652174,1199.0,166.3,6.68,72.6,293.44922838398,785.0,0.29,33226.958333333336,89.3,93.8,79.3,95.4,89.7,84.9,86.0,81.1,215.3,-1.3219942290159992,0.5603312343934549,-1.2854856433140327,-1.295035483245499,-1.3866103620726378,-1.1177052459171222,0.6233359666142053,-1.4870375454522744,-0.6453115828094269,-1.0284101516289113,0.18429406061426645,-0.4558585617951749,-0.0010493128136008778,1.183054189115329,0.025117138825120122,-18.38167835729625,0.027668040937189886,-7.337298423494431,-0.0021325422292903795,3.2132143507820787,-0.012353421184176483,-5.246502136834397,-0.012451223845577175,-5.228922588942375,-0.014294913747008309,-5.443790821275329,-0.014170538779460173,-4.934305093471392,-0.0004067586457052741,-7.366979305679844,0.1257102760662674,-39.776060224213815,0.08392018441995663,-41.11212397447584,-0.019868203216725888,-19.9821587867975,0.07731419302033249,-40.06046863189721,0.05317708460976878,-33.19604612850083,0.00827917206902029,-14.673366834170853,-0.0022371373983558485,-16.46398503274089,0.0020986366569211157,-0.6249999999999978,-0.03693148226478282,-35.67373767553031,-0.03428231701861151,-23.469857340082832,0.0,-27.500000000000014,0.04828073980793057,-18.399168399168396,0.005404725219718021,13.602846518227807,0.005586606708639863,15.434083601286176,0.013758363296361598,13.463892288861668,0.009997702889463334,5.973895582329214,-0.10487624774186965,-3.376298902718,2.3142102392626374,1.183054189115329,6.691867830081359,9.795988952706862,0.8660254037844386,0.5000000000000001,0,0
1394-03,1394-03-01,2015-05-22,1394,3,9014.222222222224,4.44,63.871999740600586,62.3,9177635.0,9193460.0,4672950.0,2584750.0,28.1,36.4,25.4947047177509,61.3,421.4,36944.9,51001.55,938053.3,1251241.24,4068640.0,1187.6242857142856,1182.0,166.7,6.67,71.5,298.453573349316,788.0,0.27,32964.45,89.1,96.7,76.7,100.2,88.9,83.6,85.6,78.9,209.8,-1.3520097575156598,0.6018115871637199,-1.416265721148946,-2.1196415513635714,-2.1989556628710716,-1.8683381485944395,0.49663220275287495,-1.0076242748793263,-0.39635636987718215,-1.0504110871007555,0.20718171666190288,0.5256333281602465,-0.007931836358517685,1.5363862811533124,-0.0037890064316403738,-16.5657098373461,-0.001596715220813394,-6.4644025339069655,-0.007515323826435605,1.7697110300894714,-0.029162304233292247,-4.185442733815448,-0.02987674190090317,-3.9375704214512197,-0.02963016314388156,-4.1437061830709165,-0.026114334912517023,-4.742501095276075,-0.009614190377952525,-6.448909516953172,-0.027330667950454135,-42.43913747691631,-0.03625298499514873,-44.32529043789097,-0.008958626544891324,-18.44036697247706,-0.03333642026759254,-42.88905435591958,-0.02750173326953842,-35.48650858544562,-0.015430573226645983,-14.780835881753319,-0.002242153405689784,-14.899713467048715,0.049089610196523026,0.7035175879396949,-0.02587770840812098,-31.527415143603122,0.0024024035578662506,-17.63833992094862,-0.0714589639821448,-32.49999999999999,0.003814372075471084,-14.902807775377969,0.011338162674082053,14.089213825173008,0.013831479148461945,15.555555555555545,0.010373908093826323,12.942122186495197,0.01690975003046269,7.4574574574573615,-0.7900462350476145,-2.520283130457235,-2.7788537160833626,1.5363862811533124,6.67185185731543,9.80057316572523,1.0,6.123233995736766e-17,0,0
1394-04,1394-04-01,2015-06-22,1394,4,8894.6,4.65,59.70272688432173,55.9,8860000.0,8863980.952380951,4587578.947368421,2578263.1578947366,28.17,37.1,25.8014351116597,54.3,431.5,36414.05,51037.0,905454.0476190476,1211901.2083333333,3920414.285714286,1155.8769434782607,1128.0,179.6,6.69,72.6,297.897535019834,752.0,0.28,32621.65,89.4,97.0,70.0,99.8,89.9,82.3,84.4,74.0,197.3,-1.5390990689327921,1.0363074402609822,-2.820948775069354,-2.7463115583399755,-2.5110381408035565,-1.7616269302710208,0.9342071211546703,-1.9031372993525864,-1.6796117344856754,-0.4197734045868984,0.4467542995445462,-1.1138729026326288,-0.010453529685511498,4.148296863871903,-0.01447292433164371,-14.823187996045862,0.000694835460249621,-4.6126530230819585,-0.013359225950573261,4.237156543436549,-0.03649638057357407,-7.529625306779197,-0.03522278155198677,-7.318677210391334,-0.03537024245777509,-7.383208618394588,-0.0319456775750151,-7.26580819331033,-0.027095598798513976,-12.310273857763043,-0.06750338081804141,-45.62663927630612,-0.10839704563235397,-47.7570093457944,0.011185798957716209,-14.947965941343423,-0.09140646632385074,-45.2697419859265,-0.06411613464765864,-37.28813559322034,-0.015672412407631953,-16.02040816326531,0.0033613477027047978,-12.86549707602338,-0.004000005333345769,-0.6965174129353269,-0.06142928293362715,-29.636233951497847,0.07453636611135117,-1.6967706622879053,0.0363676441708749,-29.999999999999993,-0.046761765908039266,-16.164994425863988,0.011959342390491123,12.707408637610795,0.019048194970694432,15.217391304347828,0.002488005548581196,12.097095105451672,-0.001864802405205701,5.670611439841977,-1.0399081434696922,-1.9247043000118702,-6.806380192834172,4.148296863871903,6.663577213656169,9.78954257887453,0.8660254037844387,-0.4999999999999998,0,0
1394-05,1394-05-01,2015-07-23,1394,5,9094.5,4.77,50.33500012484464,47.0,8852015.789473685,8873642.105263159,4755055.555555556,2662055.5555555555,28.36,37.5,25.9306938186408,45.7,434.6,36949.47368421053,51865.444444444445,905657.4210526316,1212007.92,3927736.842105264,1107.0877227272726,1118.0,162.6,6.35,70.4,300.399707502502,728.0,0.25,33271.63157894737,85.6,94.4,60.3,98.4,84.7,78.8,83.4,66.4,179.7,5.549444158655703,1.1026350766876714,4.38892855697226,2.8672530929283013,2.804160724164362,5.623885659751515,0.8148228233709602,2.1360255741365464,0.9897828120234209,0.6840309457626148,0.1671087160236334,0.418160704902526,0.019728950995030914,6.557166233829914,0.014596714113958242,-12.043910390129431,0.01610189822312158,-1.2081640443346142,0.02222548417485548,6.694184768514511,0.0010893403029470505,-6.598992532952874,-0.0009015587115559498,-6.743041407472927,0.00022458411639192377,-6.804360328787562,8.804923046668023e-05,-6.441894103629176,-0.043126420062671755,-14.773248321766596,-0.1706770331480576,-51.912963887187814,-0.1734167784509948,-53.87634936211973,-0.059582339819566066,-18.40077071290943,-0.14916313831621952,-50.73529411764706,-0.10836803672178164,-41.70324846356452,-0.04345811081919049,-18.679050567595468,-0.043435399031772626,-15.163528245787916,-0.014127379259210926,-2.9585798816568087,-0.0934366192390561,-31.802656546489573,-0.0994389587543889,-7.8231292517006885,-0.11332868530700324,-34.210526315789465,-0.03243527575315408,-15.545243619489558,0.004997241700494648,11.521075592367346,0.010723963362975653,13.981762917933139,0.006722119775645741,11.609602518693428,0.008364361033310175,5.569125549584708,1.992485294114088,0.1344487965641239,-3.2463894993969844,6.557166233829914,6.706928217835233,9.798011807764421,0.49999999999999994,-0.8660254037844387,0,0
1394-06,1394-06-01,2015-08-23,1394,6,9403.636363636364,4.58,48.06857172648112,47.2,9165130.43478261,9165821.739130436,4691347.826086956,2594434.782608696,28.5,38.4,26.1255330868221,46.3,428.0,38924.47826086957,52847.391304347824,937700.5652173914,1250106.5925925926,4066286.9565217393,1125.7863636363636,1125.0,165.6,6.28,69.0,299.565650008279,720.0,0.26,33836.782608695656,83.9,92.3,60.3,99.6,82.9,78.0,81.9,66.1,172.7,-0.7207124320292024,0.5617385650865393,-1.0747013700591168,-0.8626338225599994,-0.8140773225871811,-0.5615140417903675,0.5637606701908209,-1.2834018853039808,0.36080695552893616,0.027237034312399544,0.3552821148532238,-0.7336790063853016,0.016843324269375515,6.7443806226158864,0.0520719106344103,-6.294325398282585,0.01875559262340687,1.6419520686895561,0.033426626467472076,8.499845066402912,0.03239621641152013,-2.2575600797605344,0.03476090712158175,-2.2467765205473444,0.03476955911716573,-2.3185379751992308,0.030950399473420376,-2.1278116623666965,0.016748887132753687,-10.274356102926918,-0.04607209356498698,-51.863555894675414,0.00424629088145112,-51.490236382322706,-0.021480539516759656,-17.34795613160518,0.0,-48.637137989778545,-0.004528309624747706,-39.74475843208752,-0.010204170174241689,-17.021276595744684,-0.020059669674535208,-14.212678936605306,0.012121360532344916,-3.11284046692607,-0.03973280863688089,-29.10509031198687,0.018282044837448552,1.5328019619865074,0.03922071315328135,-25.71428571428571,-0.011049836186584727,-14.28571428571429,0.0074857587499845835,11.436708578479958,0.023716526617315825,15.662650602409634,0.004924385610677984,10.808709175738729,-0.0027803539690394174,4.560892770499558,1.6985972822141093,2.646282915976639,0.059305963603861755,6.7443806226158864,6.724948889819645,9.774785340995802,1.2246467991473532e-16,-1.0,0,0
1394-07,1394-07-01,2015-09-23,1394,7,9487.95,4.24,49.15545446222479,48.1,9331495.23809524,9333252.38095238,4700380.952380952,2545700.0,28.64,39.1,26.2918399543281,47.0,423.8,39362.3,53062.55,953289.2857142856,1271244.4166666667,4133947.619047619,1151.80045,1159.0,171.4,6.03,63.6,300.260697920132,743.0,0.31,33930.1,84.8,93.3,60.5,95.5,84.2,78.0,81.7,66.3,172.7,0.8720614109027025,0.49081768401924747,1.058210933053516,2.1436165271882857,1.6801619172051474,0.555234687452888,0.4938356760083138,-0.8375488256723074,-0.40730852859756084,-0.23635266778381236,0.16264509531729388,0.4999275226108324,0.0027540723933512368,4.88709137278136,0.011185191508687353,-4.833830538263739,0.0040630556300289555,1.5428408396026994,0.00892611076175065,7.095933087264239,0.018102010156994197,-0.32436816988740125,0.017989150309581703,-0.39845812607464115,0.01648773908679857,-0.5259074602622538,0.016767454615708388,-0.1617021028734178,0.022844545407473937,-5.927790902014096,0.022359247172806906,-45.90600998071278,0.018888284520206078,-44.90263459335624,0.015559859107032281,-15.376884422110548,0.00331126130365611,-43.352059925093634,0.003021150334175715,-35.12720156555773,0.0,-16.03875134553283,0.010669929324696348,-12.846865364850979,-0.04203591710386778,-7.729468599033817,0.0,-29.625101874490632,0.03442476421252039,5.088902513795235,0.17589066646366414,-16.216216216216218,0.031444832707657966,-10.80432172869148,0.006345507830406216,10.742080228906502,0.018065007397638944,15.000000000000014,0.004900254817839844,10.451214809101428,0.002317498140365082,4.549854791868491,0.27578683346909383,4.010986568735775,2.0090826377625604,4.88709137278136,6.71859208349897,9.79057723696025,-0.4999999999999997,-0.8660254037844388,0,0
1394-08,1394-08-01,2015-10-23,1394,8,9678.65,4.03,46.72857175554548,44.4,9207238.095238095,9221719.047619049,4640950.0,2478684.210526316,28.73,39.7,26.452558370404,43.1,383.9,38590.57142857143,53971.76190476191,939234.761904762,1252483.4090909092,4073214.285714286,1110.089519047619,1086.0,166.2,5.5,57.8,300.260697920132,727.0,0.32,34015.333333333336,83.7,93.9,55.9,96.6,82.9,76.0,80.5,62.5,177.1,-1.5487275257118682,0.590043724875448,-1.3870150824725869,-2.4491874353724796,-2.548662097730059,-1.8194910396754693,0.5500781868248968,-1.2653794030406118,0.5238171791765112,-0.22171435411433293,1.691491528057111,5.225069034387708,0.0025088773111026086,4.741816302031809,-0.019800522311061997,-5.833621379878728,0.016989575744148055,4.316541962045473,0.01989985632574509,8.839721758128771,-0.01202208012977124,0.8205435235318692,-0.013405339124343385,0.7744017008520787,-0.014852949643728408,0.49273663037192605,-0.014867968714018076,0.2816710703377412,-0.03688566692015538,-6.373669970999596,-0.05063202378315168,-43.4048320482762,-0.08004270767353638,-43.36734693877552,-0.015559859107032281,-18.083003952569165,-0.07907898487574272,-42.54881808838643,-0.05902334044946045,-34.75991649269311,-0.02597548640326064,-18.191603875134554,-0.013056565302427714,-13.888888888888884,0.011452493731788138,-6.485963213939982,0.02515855963615543,-31.542327019713955,-0.03080812374233144,-6.9949636261891435,0.03174869831458027,-11.111111111111105,-0.021769567184239946,-11.985472154963684,0.006094255261340553,10.452420711393628,0.015228720701824905,15.406976744186052,0.003137530898753571,10.076628352490413,0.0,3.9461020211744247,0.25120271774423664,2.235242815253291,2.3726968688828176,4.741816302031809,6.740624800775397,9.818332350601528,-0.8660254037844385,-0.5000000000000004,0,0
1394-09,1394-09-01,2015-11-22,1394,9,9889.111111111111,3.8,41.15449981689453,37.7,9134333.333333334,9146663.157894736,4620222.222222222,2546941.1764705884,28.95,40.0,26.7934198650279,36.6,340.6,39254.944444444445,54749.16666666666,932662.6315789474,1244160.6666666667,4043289.4736842094,1068.6718809523811,1076.0,163.9,5.09,53.7,300.677726667243,766.0,0.32,34031.94736842105,83.7,93.5,48.3,96.2,83.0,75.5,80.2,57.3,189.2,1.177481544804948,0.4240813833267342,-0.9317688678468272,0.5285479262504111,0.6532881021980685,1.1340825506405139,0.4136681460290039,0.8837836367121099,0.4632328312162315,-0.5065335219638811,1.6332637284907154,-4.780755624916111,0.0004883085774043394,0.36948693006602085,0.01706942627625274,-7.397331987508227,0.014301165780310043,2.810070902614159,0.02151183530081724,6.095476197055727,-0.008172337292908338,-5.001599307300031,-0.007949716428733211,-5.041647401505078,-0.0070219204890253906,-5.211657230019162,-0.006667168407901158,-4.5094250387536565,-0.03802401511140996,-11.153428323762727,-0.12702251977682444,-38.9965988217654,-0.16357937498421427,-39.48635634028892,0.0012055456553490274,-16.75025075225677,-0.14613281950252643,-39.473684210526315,-0.08686593302166212,-31.294964028776985,-0.006600684031352166,-16.666666666666664,0.0,-12.539184952978054,-0.004149383546812047,-5.500982318271119,0.0660901118289896,-29.84797923618836,-0.013935396671564071,-8.282036933407932,0.0,-5.882352941176472,0.052255692207071824,-6.012269938650306,0.01280345153993867,9.646443508760893,0.007528266420791407,15.27377521613833,0.0076283310278060235,9.451795841209831,0.0013879252748472126,3.393881453155023,0.04884278194456915,0.5767828519111173,3.2383290739601556,0.36948693006602085,6.771626895397781,9.807043670667849,-1.0,-1.8369701987210297e-16,0,0
1394-10,1394-10-01,2015-12-22,1394,10,9999.25,3.63,34.00421032152678,30.8,9354750.0,9366628.57142857,4736285.714285715,2596300.0,29.25,39.8,26.8855227190553,29.8,327.1,40014.15,53581.5,955135.7142857144,1274752.45,4142000.0,1081.6018181818183,1098.0,161.0,4.4,54.2,298.870602096427,736.0,0.31,33870.7,82.3,86.0,40.9,90.3,83.1,74.0,78.4,51.8,193.3,0.2768924645916826,0.7744948906722341,1.4482360372266356,-0.018576505897982543,-0.3969746405360297,-0.6434103621668186,0.9077704835183087,-1.7990317034579206,0.019265369186705072,-0.08181505823809943,0.09013892045034792,-0.17688683857457477,-0.004749378051354114,-3.238090703487684,0.019155732157820182,-4.746244460869898,-0.021558288635310063,-0.262181382608917,0.011075826127861177,4.218821345615531,0.02376408997863777,-6.186384266460054,0.02384402790827167,-6.162884539100222,0.02380989943447176,-6.383758303515375,0.02429086365031452,-6.32214733206945,0.012026462564824314,-11.040742403509075,-0.19084892277393362,-36.25321952943429,-0.20214540447443596,-35.96673596673596,0.001204094064804373,-14.418125643666324,-0.16630149760977098,-35.79277864992151,-0.1009104744552567,-27.6536312849162,-0.0200675630508087,-15.621436716077541,-0.016867869812405623,-12.16648879402349,-0.06329189724872109,-10.94674556213019,0.0214387295965075,-22.18196457326892,-0.017852120765320834,-7.842014882655979,-0.03174869831458027,-8.823529411764708,-0.039952051011714396,-7.65370138017566,0.003431622903785403,9.208826497623846,-0.005012541823544492,12.429378531073443,0.0103093696588612,9.060402684563762,-0.006028304831350972,2.7724665391969383,-0.4738117589200397,-0.17506579703567837,3.828898906094569,-3.238090703487684,6.783410332267429,9.806594425623882,-0.8660254037844386,0.5000000000000001,0,0
1394-11,1394-11-01,2016-01-21,1394,11,9816.722222222224,3.86,32.75523803347633,33.2,9646400.0,9668555.0,4862263.157894737,2611611.111111111,29.29,39.4,26.7924631665547,31.0,326.0,39543.78947368421,51630.47368421053,981712.5,1310058.65,4257635.0,1166.3645363636365,1200.0,159.7,3.97,48.4,298.314563766946,767.0,0.29,33935.10526315789,82.5,84.8,42.8,80.3,83.8,74.6,78.3,53.3,187.0,2.092489156067856,0.884586995513075,-2.379256752736225,3.2566285217399127,3.0910115241354674,2.035498063364649,0.8258833800380238,-2.070962106855312,0.6008904553816308,1.6277381033821925,0.4383450092168625,1.7284742612410753,0.001899698182981524,-1.3170138910146179,-0.011824489418453155,0.20053256188565793,-0.03709178580334438,-1.9035371131812862,-0.01842280945836805,4.208169827099195,0.031725646512583694,-4.2854738676130655,0.030700553061212332,-4.239124230338742,0.027445056047696426,-4.412438765758986,0.02731990430647535,-3.9476259384544465,0.07544857014142536,-7.027801807151313,-0.037421460689865516,-39.82082546909259,0.07503518594291414,-42.65975820379965,0.008388305626634285,-11.134676564156942,0.045408039538995304,-42.00542005420055,0.02854618190636149,-31.491002570694093,0.008075414005545234,-13.356562137049943,0.0024271856576110196,-10.32608695652174,-0.11736783947022378,-21.042281219272375,-0.03313476935969817,-21.097046413502106,-0.008107309763496495,-8.059873344847436,-0.06669137449867235,-9.37500000000001,0.04125668263837934,0.5242463958060384,-0.0034673300124183903,8.769177071461232,-0.010101095986503772,11.299435028248595,0.0013665871617765113,8.76346082435946,-0.0018621979310626813,3.371868978805681,0.19015037527390088,-0.23585854470172807,1.9941122593769567,-1.3170138910146179,6.7354068181737,9.848662413894088,-0.5000000000000004,0.8660254037844384,0,0
1394-12,1394-12-01,2016-02-20,1394,12,9479.35,4.03,38.03750019073486,39.1,10027631.578947367,10046510.52631579,5184210.52631579,2763666.6666666665,29.44,39.4,26.8445339707145,37.3,338.1,38370.1,49402.95,1023704.2105263158,1365091.1578947369,4437694.736842105,1245.093475,1245.0,159.1,3.91,44.5,299.982678755391,766.0,0.34,34424.73684210526,84.4,88.4,48.7,82.0,85.8,77.0,78.9,58.0,191.1,0.8966733498844803,0.6574662686727825,1.4489386639439772,1.1393305561909983,1.1870876467186875,1.0799870566998493,0.7354560657549537,1.6306844641393425,-0.9112777488725854,-0.4709345465629511,0.313680414512788,-0.7267306179706168,0.014325368145954087,1.7979550903151287,-0.030130141682477074,2.0318566186246834,-0.04410193443186472,-4.749331212493679,-0.034971532207665135,2.330665140957189,0.03834649583278704,4.421098582973859,0.03875965163273776,4.695513410532248,0.04188441133279497,4.823763586298924,0.04114930154431207,5.151750834574043,0.0653189299616983,5.303536009708099,0.1495096309917736,-34.530980861653546,0.16357259106887678,-29.92831541218638,0.023585999005879543,-7.142857142857151,0.1291409275007931,-31.504922644163138,0.08450667937462031,-23.178807947019862,0.0316649146439687,-8.875739644970416,0.02276910826127665,-6.013363028953222,0.020949626311537628,-18.731417244796834,0.02168823439164047,-17.20103986135183,-0.003764119877225802,-8.668197474167616,0.15906469462968764,17.24137931034484,-0.0013046316266649427,2.1333333333333426,0.0019416008836081744,8.380464682495203,0.0,10.67415730337078,0.005108133021033634,8.314937454010307,0.005576222627436067,3.5011990407675775,1.4428467958192526,1.1541786587525138,1.7376186152477269,1.7979550903151287,6.711972299544796,9.813880242956692,-2.4492935982947064e-16,1.0,0,1
1395-01,1395-01-01,2016-03-20,1395,1,9525.05,3.96,41.16761870611282,42.3,10230100.0,10236730.0,5407550.0,2869535.0,29.72,39.6,27.0174037396079,40.8,330.5,39534.1,49628.5,1046023.95,1395302.4,4533485.0,1233.6309,1242.0,164.4,3.97,46.6,300.677726667243,794.0,0.34,34700.142857142855,86.9,89.8,52.3,81.4,88.5,78.8,81.6,61.0,187.4,0.6161662560305814,0.556009880080937,1.271410769562209,1.624362870507312,1.534823919311279,0.2555039728095565,0.5314706139994467,1.0513720233669588,-0.3774062855423921,-0.3381572022853163,0.5257224040253944,1.5459798316591389,0.00796840366267304,4.324176476239439,0.029885080166618394,9.31507354353085,0.004555126477455929,-0.12186900088664299,0.00480942182744748,4.652350926881077,0.01875686977386337,6.819909911476718,0.0199899147010818,6.84797493327145,0.021568634147897114,6.718004100945429,0.021889957227198664,7.110437424266491,-0.009248835268221178,2.838119445252718,0.07907947335930876,-28.883405153518538,0.07866461906091216,-28.787878787878796,0.03098354551996696,-3.2786885245901676,0.07131734098233311,-28.746594005449598,0.05043085362689226,-20.67620286085826,0.02310757501014926,-6.413301662707848,0.029190630669434725,-2.905027932960891,-0.00734397425575839,-14.495798319327724,-0.01955148144190577,-16.11459265890779,0.03276954727833914,-4.474142940151071,0.0,17.24137931034484,0.035901291506545085,6.149732620320858,0.006419017577748765,7.761833078403169,0.005063301956546695,10.924369747899165,0.009465925988882518,8.348523514400297,0.0023142801349775866,3.4928229665073696,0.8000235885630369,2.4488506500983442,2.2694977531538596,4.324176476239439,6.742789768960915,9.786324682145185,0.49999999999999994,0.8660254037844387,1,1
1395-02,1395-02-01,2016-04-20,1395,2,9447.55,4.04,46.7969566013502,47.1,10292095.23809524,10305952.38095238,5349952.380952381,2885600.0,29.88,39.6,27.0420913023092,45.9,313.5,39366.142857142855,50141.52380952381,1052069.0909090908,1401885.1,4562072.727272728,1265.2734695652173,1261.0,169.0,4.33,48.2,302.484851238059,796.0,0.38,34486.55,89.6,90.9,57.7,81.1,92.5,79.9,82.1,65.0,172.0,-1.9384546747467368,0.5807335492610739,-1.3550302886063292,-0.5419469757235618,-0.4344692112502102,-2.0947590356428236,0.5561849542768446,1.4211335122789492,-0.38482248117510665,-0.12636091718203346,0.10056923006022225,-0.2147854423375506,-0.006174410913278194,3.79087262225577,-0.004257462093246289,6.150690659584379,0.010284217876197488,-1.8431283771744078,-0.008169721709919031,4.022449229263492,0.006739396703132172,8.878997338256255,0.006041792894137643,8.84230002945483,0.005762525797930351,8.88010463281752,0.004706664928283644,9.151587964921347,0.025326508138767245,5.518823921475602,0.12816617732659852,-28.708535174797344,0.10748591497014015,-27.089783281733737,0.044206092504496475,3.121516164994431,0.09826080244317659,-27.238335435056737,0.06351340572232544,-19.85203452527743,0.01386285590839531,-5.889281507656063,0.03059728770953818,0.33594624860022737,-0.0036923118871277083,-14.98951781970651,-0.0857508929908688,-20.111472364143058,0.027596232300993506,1.6235718580877911,0.11122563511022421,31.034482758620708,0.0025157245972469156,1.4012738853503182,0.0009133479474181527,7.278919316238053,0.0,10.30640668523677,0.0053691404150582045,7.443365695792892,0.0059921820227764044,3.0791094268122654,-0.6155388409269436,1.624997867446698,1.385306626423377,3.79087262225577,6.723225786620078,9.795889328947995,0.8660254037844386,0.5000000000000001,0,0
1395-03,1395-03-01,2016-05-21,1395,3,9482.25,4.11,49.89199981689453,48.5,10157050.0,10167271.42857143,5135300.0,2735965.0,30.08,39.7,27.224659154396,47.7,306.6,39149.55,50317.0,1032617.8095238096,1378082.6315789474,4477352.380952381,1249.8304809523809,1276.0,179.9,4.76,58.1,303.318908732281,800.0,0.43,34602.71428571428,92.6,93.7,60.2,72.5,96.8,81.6,81.6,67.3,173.1,1.170708419526889,0.6411391773686367,1.472525524398094,2.4842984103184307,2.3320849291012635,1.3019618225408536,0.6101097516058658,1.330540417545123,-0.22786741223921325,-0.00784444871477774,0.18773857164296606,-0.5199318471794001,0.003362733599221457,4.9697910497954245,-0.005517200413718726,5.967400101231846,0.0034935088092069577,-1.3422141091790407,0.0036661812450802245,5.192103835913597,-0.013547751424791699,10.592436673150573,-0.013208102322312953,10.671758029165467,-0.018661647350342037,10.080931384582259,-0.017124695248028843,10.1372451230066,-0.012280353410579536,5.237868237148913,0.06404249467003931,-21.887525019542466,0.029290796921065176,-22.15088282504013,0.04543834976415173,8.886389201349832,0.042415178800721876,-21.512385919165578,0.034772966755045154,-14.70215462610901,0.021053409197832273,-2.392344497607657,0.03293382167124914,3.9281705948372547,-0.11209639926073844,-27.644710578842314,0.006374985368711172,-17.4928503336511,0.06250242603341416,7.918416316736665,0.12361395596717661,59.25925925925925,0.005012541823544048,1.522842639593902,0.006728559913411036,6.7855441190523225,0.002522069432710161,9.065934065934078,0.006671138817022637,7.0462633451957135,0.0027535584171802796,1.6301816488122567,0.336839393080135,0.5170045145888702,1.6771503291135748,4.9697910497954245,6.716844492680315,9.846112796814975,1.0,6.123233995736766e-17,0,0
1395-04,1395-04-01,2016-06-21,1395,4,9565.105263157897,4.26,48.11636352539063,45.1,10878666.666666666,10868715.789473685,5461222.222222222,2854577.777777778,30.01,40.1,27.516269549415,44.1,305.2,39219.25,47626.1,1108734.25,1479918.391304348,4804045.0,1327.6491347826088,1337.0,161.8,4.67,60.7,305.960090797319,797.0,0.43,34988.666666666664,90.3,95.4,57.3,76.7,93.3,81.4,80.5,65.2,151.8,0.14787690976483248,1.024213477550945,3.40402535233828,1.953427618996173,1.3692133318201627,-0.16774163558039845,0.921864116936264,2.328026882882561,0.5913873915270429,0.12948190014760996,0.43371519706565737,-1.0806589057359872,0.011092072977152867,7.255968556669146,0.0017787695709934326,7.703619893969482,-0.0549620618799711,-6.683190626408297,0.008699977988484875,7.538340826545276,0.06671467355738869,22.616641979067452,0.06863563923979754,22.784048156508653,0.07112190877702318,22.45063710472015,0.07129380959012543,22.115431615057556,0.06040188353023446,14.860768031885119,-0.036238348302871426,-19.40675738543819,-0.0726815514348047,-19.32021466905187,-0.036826886429233596,3.781979977753047,-0.04937172859408179,-18.14285714285715,-0.03170076771807473,-11.891891891891893,-0.0024539889615660115,-1.0935601458080146,-0.02515168122919409,1.0067114093959662,0.05631514651258129,-23.146292585170336,-0.13130559722063406,-23.061327927014695,-0.10604013633209597,-9.910913140311795,0.0,53.571428571428555,-0.0037570488777118882,5.984042553191493,0.010654300553908591,6.646275411945446,0.010025146619378589,8.086253369272246,-0.002329839629363395,6.531771388001428,0.008669915133445727,2.706486234251071,1.1153818101250046,0.8314772959628236,3.3006895832287775,7.255968556669146,6.727564517927104,9.802814145475965,0.8660254037844387,-0.4999999999999998,0,0
1395-05,1395-05-01,2016-07-22,1395,5,9671.90476190476,4.24,45.54523794991629,46.1,11089404.76190476,11100828.57142857,5577550.0,2876714.285714286,30.25,40.4,27.797494708417,44.9,318.1,39547.80952380953,46559.23809523809,1131583.142857143,1504843.9615384615,4905447.619047619,1342.032857142857,1340.0,150.2,4.05,58.0,308.184244115246,824.0,0.44,35325.954545454544,89.1,94.6,58.4,72.7,91.5,80.5,80.5,65.7,149.2,0.2983738154259896,0.601280569304057,1.259005366169319,0.7414316184764402,0.5319140904402886,-0.008231537499270303,0.5800748232735291,1.6728054559392191,0.3304297609266982,0.4069318769561292,0.2836014945195757,0.6657719896173475,0.009593750487990604,6.174398035253104,0.00834261000513159,7.032132207905684,-0.022655490937589562,-10.230716050047706,0.011103658613505374,6.34894454785595,0.0211312000960433,25.098898961052505,0.019186441615314465,25.27547426080792,0.020398614246762037,24.94604654615664,0.016702267539676185,24.161231680603336,0.010775711553006495,21.221907676548433,-0.05491624460602873,-9.515768675967863,0.021930703493969972,-1.9148936170212738,-0.019481135571822072,8.028335301062572,0.01901526611348725,-3.1509121061359835,0.0076394565579578355,-1.0542168674698815,-0.011118088583977226,2.15736040609138,-0.0133781259461756,4.088785046728982,-0.05356032383373677,-26.117886178861795,-0.017276177191869024,-16.972732331663888,-0.07439326529435775,-7.626076260762615,0.022989518224698746,76.0,0.033315851119256834,13.186813186813184,0.01016844852026999,7.199193754060729,0.00745345065458114,7.733333333333325,0.007965525024574927,6.664315937940768,0.007243128089849726,2.59139287366954,0.9639918034064721,2.4340055629065382,4.0985559688439865,6.174398035253104,6.7371874206208595,9.809998179541632,0.49999999999999994,-0.8660254037844387,0,0
1395-06,1395-06-01,2016-08-22,1395,6,9732.388888888889,4.12,47.81090875105424,46.2,11142526.315789474,11154238.095238095,5688052.631578947,2970181.8181818184,30.33,40.6,27.8900150980066,45.0,320.0,40038.8,47052.15,1134908.857142857,1512628.6,4920904.761904762,1324.9817434782608,1327.0,148.4,4.25,61.4,310.408397433173,837.0,0.47,35549.73684210526,88.6,95.1,59.1,73.1,90.5,79.9,80.6,65.9,150.6,0.3460124797214803,0.335455391926758,0.756997728695552,0.11692744533107202,0.19940028426486123,0.4408370633361969,0.35344331842697724,0.6946377255056646,0.219884265881376,0.21148848393881536,0.16750147149742875,-0.3653228736334668,0.006314803733456387,5.062402809448541,0.012338676273934368,2.862778870566518,0.01053112169996595,-10.96599313856963,0.006234117454779309,3.496014866374497,0.004799772307674033,21.6938143976636,0.0047788610711378965,21.5752071951147,0.0029346820307036836,21.03105183473426,0.005159719317042288,20.999969839608944,-0.012786841126489534,17.6938881368649,0.048547757324700846,-0.5360321020000836,0.002166848085090489,-2.1186440677966045,-0.010989121575595284,9.167671893847995,0.011915034577871353,-1.990049751243772,0.0030395160178962044,-0.3025718608169248,-0.007481331652289036,2.4358974358974494,-0.005627476865728731,5.601907032181153,0.0054869822162597615,-26.606425702811244,0.00933962759613216,-12.796757382744639,-0.012056408596754054,-10.386473429951682,0.06595796779179741,80.76923076923075,0.015653540580003344,16.250000000000007,0.003322844747052134,6.753860314814086,0.00493828164058252,5.729166666666674,0.002641137223639234,6.42105263157895,0.007191042223846367,3.6194895591648457,0.6334784141862837,2.7368447127338547,3.26799883804485,5.062402809448541,6.752908943778053,9.828311784718103,1.2246467991473532e-16,-1.0,0,0
1395-07,1395-07-01,2016-09-22,1395,7,9823.823529411764,4.04,50.3499999273391,49.7,10984500.0,10984173.684210526,5572294.117647059,2914941.1764705884,30.33,40.9,28.0251283235164,49.3,310.0,40169.333333333336,45750.444444444445,1114307.105263158,1485374.7826086956,4830557.894736842,1284.283181818182,1267.0,152.3,5.34,66.4,312.076512421618,861.0,0.49,35802.166666666664,87.4,95.1,64.4,73.0,89.4,79.5,78.7,69.4,151.8,-0.22396963108022305,0.5863676339857053,-2.2931172006558143,-1.8095937287021968,-2.3640453719492527,-1.2245558201085416,0.535554887288537,-1.935049042923076,0.25302187363180906,0.19207566149752608,0.198884444185953,0.5879899342879469,0.0070756592411509445,5.517421601075934,0.003254868132433586,2.0502697589656504,-0.0280550547483589,-13.780162384875128,0.009351024097352223,3.540001047768615,-0.015364043100429825,17.688595956404242,-0.014283799397802,17.7142539296004,-0.018319564145192757,16.890761488861592,-0.018181812828295563,16.84415389634517,-0.031197953297972703,11.5022295587905,0.051744787712228124,2.430138177305019,0.07302513501488983,3.3264033264033266,-0.012229168526411982,6.175771971496435,0.08588270869825543,6.446280991735542,0.05174842600429752,4.675716440422328,-0.005018831111942568,1.9230769230769162,-0.013636574949545732,3.0660377358490587,-0.0013689256073421419,-23.560209424083766,0.007936549595736864,-12.101910828025463,0.025940929167836302,-11.143523920653442,0.04167269640056803,58.06451612903225,0.028270433938255124,15.88156123822342,0.004832804861700346,6.592495512673202,0.007361996441068719,4.603580562659837,0.0,5.9008379888268125,0.00535954833619634,3.935185185184986,0.7100750863011429,2.325038583922412,3.17584804783293,5.517421601075934,6.765787332930833,9.85740253501881,-0.4999999999999997,-0.8660254037844388,0,0
1395-08,1395-08-01,2016-10-22,1395,8,9967.285714285714,4.3,47.556842603181536,46.4,11015857.142857144,11135852.38095238,5608809.523809524,2958428.571428572,30.34,41.0,28.095315482579,45.3,298.0,39986.142857142855,45207.0,1116928.0,1493194.9,4845285.714285715,1262.025495,1238.0,151.8,5.69,62.6,314.995713651397,885.0,0.45,36329.76190476191,87.9,94.2,60.9,74.5,89.9,82.2,79.7,67.9,150.6,-1.1801959112638372,0.5616226351753092,-0.9719636017049282,-0.10581977877421878,-0.7779176543300181,-1.535370136368286,0.8206799393850264,-2.5105397168292853,1.3839055304499581,1.3105087960646244,0.3269591616285656,1.031655601915027,0.014628879539856143,6.80407435302286,-0.004570886578104449,3.616353365366809,-0.011949564202883067,-16.239532665670854,0.014497893568812259,2.9821898124812174,0.013714366669102418,20.756795164211184,0.002850605004947937,19.64344821879267,0.0023492781518879013,18.918937554533997,0.005250933295384286,19.21873688401241,-0.017482761563131,13.686821949524553,-0.05707293575651029,1.772514794522384,-0.06870547387037362,4.504504504504503,0.005577259298106263,8.443908323281057,-0.05588045839445677,8.94454382826475,-0.021850832948108412,8.640000000000004,0.033398280401848446,8.15789473684212,0.005704522029642334,5.017921146953408,0.020339684237122846,-22.877846790890267,-0.007936549595736864,-14.963297571993229,-0.0032883949395863254,-8.664259927797824,-0.08515780834030684,40.625,0.027493140580198805,21.733149931224215,0.002501305795054698,6.210201256045522,0.0024420036555521385,3.2745591939546514,0.000329652219896559,5.603898364079352,0.009310641411596876,4.907407407407183,1.473640528539466,2.841557637220382,5.344726871090044,6.80407435302286,6.785619372645852,9.970071822850157,-0.8660254037844385,-0.5000000000000004,0,0
1395-09,1395-09-01,2016-11-21,1395,9,10836.75,4.14,52.33904774983724,54.1,11154777.777777778,11312625.0,5869666.666666667,3100444.4444444445,30.5,41.1,28.3147300716368,52.6,296.6,42066.26315789474,48773.85,1122928.75,1496860.7368421052,4863160.0,1169.36,1157.0,152.4,5.42,74.4,321.251144858067,917.0,0.41,38645.63157894737,87.7,87.4,69.6,75.0,90.3,82.7,81.4,73.9,141.8,1.3030608825808088,0.440913061011009,1.001751498403891,1.6550913162582503,0.6933771349656226,0.41246471076874514,0.49364478195403144,1.3012312735213527,2.4072591297107593,2.8930529904476643,0.9446789072049425,2.950268680167767,0.061796450990916796,13.55692097363621,0.050713103744614685,7.16169326752969,0.07594236647460484,-10.913986514254393,0.08363483395877935,9.582649828093759,0.015749511205353173,23.680349923411836,0.012532113183198135,22.119232687418645,0.005358167978169348,20.400315395819213,0.0024520203795823647,20.31088724677883,-0.07626137537628441,9.421799229702522,0.09581702142621706,27.17697452940806,0.15353472662022627,43.501326259946936,0.00443951894536454,8.79518072289156,0.13353139262452274,44.09937888198758,0.08467679338950607,28.970331588132648,0.006064299967510678,9.536423841059616,-0.0022779053129946547,4.778972520907998,0.006688988150796327,-22.03742203742204,-0.060209701267766036,-25.052854122621547,0.003944778291016249,-7.016473459426475,-0.093090423066012,28.125,0.03551982724853531,19.712793733681465,0.007779312831250884,5.67792470790407,0.0024360547978812264,2.750000000000008,0.005259709692979619,5.354058721934374,0.019664168686430727,6.842348589921454,6.374579828671845,8.708629125983624,11.68381549450357,13.55692097363621,6.867238916000305,10.0742144147614,-1.0,-1.8369701987210297e-16,0,0
1395-10,1395-10-01,2016-12-21,1395,10,11115.3,4.07,55.46631542005037,54.9,11497473.684210526,11781114.285714284,6086095.238095238,3232000.0,30.77,41.4,28.5456033719715,53.6,308.0,42861.75,48944.0,1144613.3333333333,1526587.857142857,4961066.666666667,1169.5036272727273,1192.0,160.0,6.14,74.3,324.309355670216,877.0,0.45,39487.05,89.5,88.6,70.2,76.8,92.1,84.3,83.4,74.8,153.2,-0.38282034718584157,1.2301195238192895,2.4889951800666665,1.2204509392052643,0.8852305142680095,0.049145715704135284,0.6304065566058826,-1.7477024157354748,-1.716152999506626,-3.316343279246503,1.4693022726110898,-4.668949279825085,0.02153902653052242,16.581735836578538,0.01873375055629367,7.116482544299951,0.003482478829816671,-8.65503951923705,0.025379402045533794,11.161337100282509,0.04057840637820931,25.777532394641135,0.030259425226990544,22.90519451840536,0.019126652210040618,19.837769252437297,0.01966501321818015,19.75563233025024,0.00012281799693969475,8.127002711466647,0.05803320373657872,63.116022679511396,0.014679162663048917,78.24675324675323,0.01973748283832144,10.83032490974729,0.00858374369139181,71.63814180929096,0.01210505702627529,44.4015444015444,0.019162262978164257,13.918918918918921,0.020316725902672417,8.748481166464162,0.02371652661731627,-14.950166112956808,0.07732664320846361,-20.744956026901196,0.04866517198128051,-0.6211180124223614,0.093090423066012,45.16129032258065,-0.04460047988428162,19.157608695652172,0.008120760295607266,6.174626657861504,0.007272759329079559,4.020100502512558,0.00881350572058448,5.196581196581196,0.009474661747048252,8.511627906976793,2.17726658014048,10.292347297416837,12.856686927195483,16.581735836578538,6.886242750213406,10.29265861459557,-0.8660254037844386,0.5000000000000001,0,0
1395-11,1395-11-01,2017-01-20,1395,11,10716.047619047618,4.23,55.711905343191965,55.5,11624850.0,11892723.80952381,6262523.80952381,3344428.571428572,30.98,41.4,28.6870989296332,54.4,326.0,41896.47619047619,48514.52380952381,1146632.0,1529567.0952380951,4967500.0,1219.3209523809523,1234.0,162.9,6.05,68.8,325.004403582068,840.0,0.45,38316.38095238096,89.3,85.6,70.1,76.8,91.7,85.2,85.2,75.0,155.1,-0.02290578284949163,0.6842074941676568,1.5109361372577013,1.3953572681842275,0.8277171462568234,0.1479763333636086,0.40230188304843617,-0.8032879173269336,-0.5102359316936145,-1.013515015429789,0.2783326747348423,-0.7297400118496,-0.03009526419676689,12.910747307979209,-0.022778096897688727,5.949573240464612,-0.00881357430412244,-6.0350983679617665,-0.03658014219929129,9.161157629474136,0.009429003464219932,23.004149115600114,0.011017716562133018,20.50972383479848,0.0017620698749354347,16.799164724906724,0.0019496649125336774,16.75561969978179,0.04171469878298684,4.540297168363638,0.0044179574185410075,70.0854846063203,0.010869672236903938,67.16867469879517,-0.004352563998841319,9.427207637231504,-0.0014255169912216203,63.78504672897196,0.0026702285558783956,40.71294559099439,0.010619568827460846,14.20911528150135,-0.0022371373983558485,8.242424242424228,0.0,-4.358655043586546,0.01232581287600265,-17.05882352941177,0.01796270037417269,2.003757044458365,0.0,55.17241379310347,-0.04310510053482375,9.51760104302477,0.004944580292569611,7.071525119958344,0.0,5.076142131979688,0.006801645654772148,5.769887333560941,0.0021408700105833844,8.946877912394879,-2.964691076236492,5.468296359406244,8.465238789453178,12.910747307979209,6.846290121305355,10.371875030108884,-0.5000000000000004,0.8660254037844384,0,0
1395-12,1395-12-01,2017-02-19,1395,12,10486.5,4.35,54.04849987030029,52.0,11770111.111111112,11981895.0,6835631.578947368,3742631.578947369,31.37,41.3,29.0397209947678,50.9,325.6,40878.55,47734.75,1144452.3,1526046.55,4957465.0,1228.820461904762,1231.0,159.0,5.0,64.4,327.228556899995,815.0,0.4,37677.9,87.7,84.3,65.9,76.4,90.4,84.0,82.8,71.8,154.3,-0.012477936708066295,0.6550176424506409,1.426657459448677,-0.4168020237202086,-1.774523535112671,0.7995979057733749,0.56267950398998,1.2849618317334333,-0.7043047522646617,-0.5266258300752114,0.4307365510058574,-1.1262126322113986,-0.016803790184132694,9.450074151084763,-0.024596247326421405,6.537512281698521,-0.016203568915445388,-3.376721430602825,-0.021653679767924316,10.624673632685777,0.0074699919474348064,19.264245716108807,0.012418313259619396,17.3767805333217,-0.0019027677485610184,11.795212741344896,-0.002304314095065152,11.790816398920256,0.007760627834526801,-1.3069711971013254,-0.03031207532725766,42.09267065206712,-0.06513930217096098,32.992327365728904,-0.014278111864288512,5.3613053613053685,-0.06178435253208292,35.31827515400412,-0.04360363748213203,23.793103448275854,-0.01418463499195699,9.090909090909083,-0.01807958850431657,3.90995260663507,-0.005221943981151611,-6.829268292682922,-0.005171310813378405,-19.256933542647825,-0.024232313387767768,-0.06285355122563896,-0.11778303565638337,17.647058823529417,-0.030213778596496432,6.396866840731064,0.01221707523560056,8.177407834489125,-0.0024183808642819216,4.822335025380697,0.01251018721386421,6.555706521739135,0.006820145788208443,9.08248378127876,-1.6663393997842668,-2.5041163500470476,5.986438570127861,9.450074151084763,6.836626725722267,10.469545126520345,-2.4492935982947064e-16,1.0,0,1
1396-01,1396-01-01,2017-03-21,1396,1,10412.9375,4.41,53.41636362942782,53.0,11850000.0,12099998.823529411,6913170.588235294,3797973.3333333335,31.57,41.7,29.457282095472,52.2,313.1,40862.625,47363.5,1172803.705882353,1564233.294117647,5079228.235294118,1262.195643478261,1267.0,156.4,5.01,67.2,328.479643141329,794.0,0.36,37564.4375,86.8,82.8,67.4,73.7,89.4,82.3,82.5,72.2,166.1,0.7082396452585016,0.4459498954343627,1.1692458216227664,0.5931881412905682,0.8885511506363741,0.5973148298183517,0.4092051938057979,0.9040210014724437,-0.026324702039737247,-0.2116938708997651,0.17910855409474374,-0.3724399090982544,-0.003015924006950499,8.25441743755686,-0.00038964451395528954,3.3604533807523262,-0.0078077543168237895,-4.563909850186887,-0.007039692221010085,9.321604610999422,0.00980859489509811,18.201797092718188,0.00676450615715396,15.834644822631262,0.024471030050534637,12.120158040583394,0.024715359051814545,12.10711700328524,0.026798043418238215,2.3155016203194156,-0.011764655186480955,29.753348161224192,0.019048194970694432,25.295508274231683,-0.011123585218662413,1.016949152542379,0.022506576409799806,28.87189292543022,0.0055555698446028146,18.36065573770491,-0.020445691160289492,4.441624365482233,-0.010315277711832493,-0.11507479861910808,-0.0359798969771834,-9.459459459459463,0.07369125725013426,-11.366061899679835,-0.01648737410902079,-4.866180048661805,-0.10536051565782645,5.88235294117645,-0.02610465199372669,0.0,0.014276567034519072,9.03076542579553,0.009638628837769225,5.303030303030298,0.006355280367313476,6.22476446837148,0.0038159893666858125,9.246417013407203,-0.30113806767362306,-4.86896970019286,4.922246325874147,8.25441743755686,6.8342997123545635,10.317156027765138,0.49999999999999994,0.8660254037844387,1,1
1396-02,1396-02-01,2017-04-21,1396,2,10354.55,4.6,51.076190221877326,50.9,11783736.842105264,12129170.0,6659740.0,3767590.476190476,31.77,41.9,29.4239114369217,49.9,309.3,41815.0,48674.1,1153952.3333333333,1538079.7,4999163.80952381,1246.8671428571429,1246.0,158.6,5.06,68.2,328.340633558959,825.0,0.35,37580.25,88.1,82.4,64.9,68.5,91.8,82.4,82.2,70.5,180.4,-0.11276706549203652,0.42501652384331584,0.8686087307530954,-0.41103056207099087,-2.0896588625985757,-0.1875607639222565,0.630225257105444,-2.0652837567723736,-0.25882355653372713,-0.614573485908565,0.21090329519588222,-0.48912852050833067,0.00042085477388909,8.970743666733828,0.023039295748377597,6.220719037026012,0.027295171230573345,-2.9265640491864975,-0.005622986780769779,9.600372583368166,0.0024079398495260307,17.690918331985685,-0.005607520467073357,14.49308007264496,-0.01620435037490786,9.684082852030684,-0.016861105749002903,9.715104326310332,-0.012218659023309542,-1.4547311036561372,-0.044798690186234946,9.144256232260318,-0.040428989995644926,8.067940552016983,0.02649161544697609,-0.7567567567567601,-0.037797394208216595,12.478336221837093,-0.02382733608055787,8.461538461538453,0.001214329232402278,3.1289111389236623,0.014865911275829369,-1.6741071428571397,-0.0731690539271117,-15.536374845869293,0.08258659100927446,4.883720930232571,0.013968481089536411,-6.153846153846154,-0.0281708769666964,-7.8947368421052655,0.03829992508754465,3.643216080402012,-0.0011334913618838982,8.807825208433906,0.004784698123335929,5.8080808080807955,0.0063151457115244725,6.325301204819289,-0.0004232804295991599,8.547794117646967,0.042094334568432146,-1.9211912348815363,3.442048694170463,8.970743666733828,6.830314021002965,10.510980089587756,0.8660254037844386,0.5000000000000001,0,0
1396-03,1396-03-01,2017-05-22,1396,3,10279.52380952381,4.68,49.442273053255946,46.9,11763800.0,12049818.095238095,6405576.19047619,3675490.476190476,32.09,42.0,29.4729416179634,46.2,310.3,42474.04761904762,48523.09523809524,1143672.4761904762,1526057.1904761903,4954096.19047619,1264.2091304347828,1260.0,157.9,4.89,65.0,329.730729382663,833.0,0.31,37393.95238095238,87.1,82.0,60.6,70.3,91.5,81.6,79.0,67.5,189.6,0.5526849241149989,0.37554804728014257,0.7820579065189293,0.36746983713413783,-0.10521113462136356,0.27117160967407017,0.36000323550990965,0.6941262816539506,-0.003862764878448388,0.46436339042230657,0.16991163596357092,0.49723416265567977,-0.004969656136502465,8.066529325390114,0.01563811832003914,8.49179012031458,-0.0031071860258062856,-3.565206117027575,-0.007272099712869462,8.40806569668391,-0.006563731231384651,18.515751053684394,-0.0016933275868957764,15.81906163699105,-0.008948306698620456,10.754672797855314,-0.00784728075069907,10.737713073685583,0.013812613724168976,1.1504479768684517,-0.0325126557574591,-0.9014005557786864,-0.08184524810424332,-3.298969072164948,-0.003273325344968825,-5.475206611570249,-0.0685527306347753,0.6644518272425293,-0.04348511193973881,0.2971768202080227,-0.009756174945365181,0.0,-0.011415649083676982,-5.9395248380129555,0.025938053548439477,-3.0344827586206935,0.04973998219239828,9.532062391681118,-0.004423387939151091,-12.229016120066705,-0.12136085700426724,-27.90697674418604,0.00965025583216228,4.125000000000001,0.0016649511756505753,8.258257526079493,0.0023837913552764434,5.793450881612072,0.010022006840340936,6.682180851063846,0.004224763360308081,8.70760769935841,-0.4957327826388025,-0.7536184847022231,-3.2388633510568643,8.066529325390114,6.807553100580176,10.536074222381849,1.0,6.123233995736766e-17,0,0
1396-04,1396-04-01,2017-06-22,1396,4,10318.882352941177,4.67,47.71285738263811,48.7,11765764.705882354,12098554.736842103,6383362.5,3724162.5,32.05,42.8,29.7814196705106,47.7,313.8,43788.84210526316,49035.36842105263,1143422.3157894737,1526382.9411764706,4953375.7894736845,1234.5909,1237.0,157.5,5.0,65.8,333.205968941924,836.0,0.32,37811.61111111111,87.5,83.4,62.9,68.9,91.7,83.0,79.4,69.5,202.5,-0.7554547675752588,0.1571684858394855,-0.3493991839405908,-0.5550535723685357,-1.1516496607436366,0.26705820652068724,0.374861101423047,-0.9201163501652232,0.12259982522202506,-0.16307520143872267,0.18127254685979993,0.5445985433226497,0.011107237408012338,8.068168105227723,0.03048579332030421,11.651401047350873,0.010501967169391335,2.9590254525410087,0.003821518131672974,7.8804892266749915,0.004036438240735407,11.315402584724076,0.00016699891489224683,8.154473947931917,-0.00021875822801753486,3.128618583711451,0.00021343625916792064,3.1396697375434712,-0.023707073190315953,-7.0092490812978525,-0.03560487970993664,-0.8386048179630068,0.037661354636310485,7.982261640798227,0.0021834069809436585,-1.7148981779206762,0.03725127063112588,9.77312390924956,0.029199154692261864,6.5950920245398725,0.017011345826537294,1.9656019656019597,0.004581909505112058,-3.100775193798444,-0.02011562079700635,-10.169491525423723,0.06582329672567244,33.399209486165994,-0.002536462995908373,-2.6576019777503124,0.03174869831458027,-25.581395348837212,0.003594970917858653,4.893350062735258,0.01041208892366674,8.232039292345705,0.018868484304382704,6.733167082294256,-0.0012472717550866541,6.7977340886371085,0.01048447431676891,8.905043162199156,1.1169151789674814,0.6579989680694842,-4.243008502506251,8.068168105227723,6.831041415542474,10.581002810399655,0.8660254037844387,-0.4999999999999998,0,0
1396-05,1396-05-01,2017-07-23,1396,5,10437.727272727272,4.47,51.64272724498402,51.4,11807809.523809524,12147165.652173912,6301431.818181818,3712338.095238095,32.08,43.1,29.8966365497491,49.9,320.8,45525.34782608696,49550.47826086957,1176617.652173913,1569821.3043478262,5098273.913043479,1271.991359090909,1283.0,148.5,5.48,67.0,338.905361819111,862.0,0.32,38138.65217391304,85.6,83.6,66.4,70.7,88.5,83.8,79.4,72.1,171.2,-0.33946654466632253,0.31038995322477125,0.7621293568416121,0.07704757539492846,1.2145819699000526,1.2569091523451092,0.48345037213698083,1.4458169611961225,0.3427546106998136,0.5004618756187185,0.13799185670393557,0.5541642364986998,0.008612032926855306,7.962127746157144,0.038890227442051284,15.11471399870754,0.010450070569268277,6.4245900233866005,0.01145140951742718,7.918011288106319,0.00400986068356346,9.42575659116487,0.0035671181722563006,6.478298676342731,0.028618129330736153,3.9797790910053754,0.02806094820017435,4.317879093785626,0.02984401158519745,-5.219059852309716,0.07914846884991755,13.387764713783735,0.053959142372575375,11.49674620390455,-0.035519827248536195,-3.2786885245901676,0.0541508927759935,13.698630136986312,0.03672729172015732,9.74124809741246,0.009592399691438658,4.09937888198757,-0.021953510215872996,-3.928170594837266,0.02578939488291443,-2.751031636863821,-0.16790742283895277,14.745308310991966,-0.058840500022933284,-1.131824234354184,0.0,-27.27272727272727,0.03062665757899108,4.611650485436902,0.003861286030016675,7.551550466511969,0.006984894521950835,6.683168316831689,0.0009355996316346982,6.049586776859495,0.016960075606830216,9.968425800631397,0.864922316695016,1.48589265348964,-0.4638454208104825,7.962127746157144,6.829815533288013,10.323800284426184,0.49999999999999994,-0.8660254037844387,0,0
1396-06,1396-06-01,2017-08-23,1396,6,10675.9,4.3,53.94909113103693,55.2,12205850.0,12459280.0,6518400.0,3695200.0,32.17,43.4,29.9005269652963,53.0,325.9,47345.3,51144.95,1234967.9,1648412.45,5352170.0,1316.8986782608697,1314.0,147.3,5.96,70.2,343.770697202077,889.0,0.32,38869.7,86.1,82.6,70.7,74.1,89.2,84.6,80.3,75.3,178.6,-0.7700966794718767,0.9843420166269269,3.108447721836427,0.48028687722130314,-0.5286149579193378,-2.833016504730068,0.8593873940859494,2.1225162681036025,0.6752766347172923,0.14730704608663103,0.2025471420003319,0.35833158382825303,0.018986766163596513,9.338924708895613,0.03919828796586877,18.24854890755967,0.031671845480239824,8.698433546607308,0.022562000121899572,9.69454798696221,0.025369863861818942,11.699964566105558,0.03315420839429706,9.542931773952802,0.04840105180610266,8.816482682939174,0.04885087923683429,8.976681387618868,0.0346958143315641,-0.6100510635091427,0.04369146782807043,12.838455784104585,0.07132478082193039,19.480519480519476,0.007878487572080317,-1.436464088397782,0.06274851642013868,19.627749576988162,0.04342609051494417,14.264036418816373,0.009501259124141015,5.88235294117645,0.00582412828598855,-2.8216704288939076,0.046969959399514316,1.3679890560875485,0.04231620473475761,18.592297476759633,-0.008113634774169931,-0.7412398921832875,0.0,-31.914893617021267,0.030841964850211845,6.212664277180413,0.00013012040451432227,7.208715593106296,0.006936443996657271,6.896551724137923,0.0028015582526212945,6.066600725354454,0.014253957480201862,10.747872816838488,1.9168161023451091,3.9464873999233374,3.163127456678838,9.338924708895613,6.843520770762551,10.088748055718696,1.2246467991473532e-16,-1.0,0,0
1396-07,1396-07-01,2017-09-23,1396,7,11028.25,4.25,57.12199993133545,57.6,12440550.0,12847040.0,6542631.578947368,3742550.0,32.39,44.2,30.2975723284748,54.9,322.4,47587.7,53125.15,1228626.5,1638317.5,5322735.0,1285.38949,1280.0,148.6,6.18,69.8,348.358013420301,881.0,0.32,39750.4,85.3,82.6,73.3,78.1,88.6,84.4,78.6,76.9,175.6,1.6134363609758395,0.7121123153445371,2.4279925171867944,4.019839639404665,1.4942205781702356,-0.18546007691000455,0.7554276129633068,1.9266348559593638,2.3032678964844067,1.0749455443997746,0.4342540328801116,1.5713005664554913,0.022404877142918167,11.027917304818624,0.005106770602376187,18.467736581803674,0.03798669247418296,16.119418390592433,0.03247129777860813,12.260261668812312,0.030647707834017268,16.9595489778835,0.01904595354373484,13.255496381264509,-0.005148099058402522,10.259235914128361,-0.00614287264111546,10.296574250620981,-0.024217708580405173,0.0861420750096542,0.05714848516498661,13.449851070047947,0.04255961441879563,15.895372233400407,-0.006749181974928575,-0.8948545861297674,0.03611503599007815,13.819875776397495,0.02102574170575089,10.80691642651297,-0.0023668650102663946,6.163522012578615,-0.009334956936051242,-2.40274599542335,0.05257452454359868,6.986301369863002,-0.01693998724138268,15.67852437417654,0.00878680881507421,-2.4294156270518785,0.0,-34.6938775510204,-0.009039609577724761,2.3228803716608626,0.013191483634265033,8.108594468242082,0.018265347977293178,8.068459657701732,0.006815391932303072,6.791955159907692,0.013255867934597099,11.62583518930973,2.2657751410481763,5.127496110101393,5.819233949663172,11.027917304818624,6.862590380284554,10.456424307956894,-0.4999999999999997,-0.8660254037844388,0,0
1396-08,1396-08-01,2017-10-23,1396,8,11229.5,4.33,61.59727252613414,62.6,12997350.0,13549452.38095238,6853000.0,3867238.095238095,32.44,44.6,30.6089053768251,59.9,344.0,48293.35,54482.8,1248655.761904762,1665398.9523809524,5409285.714285715,1277.82045,1282.0,148.7,6.69,73.9,350.582166738228,887.0,0.33,40769.6,85.6,81.8,79.0,82.7,89.2,84.8,78.7,80.9,179.7,4.513371779466269,0.7967446340710251,2.0003464580565122,5.30720064881649,1.7767124608509377,1.6208886747605789,0.3881883212089667,0.7225285339014675,1.182410153940694,1.0744239703333491,0.38444479012866917,0.8986095683928497,0.025316801704601488,12.220939148671217,0.0147195455360567,20.775214985191305,0.025234604757915946,20.51850377153981,0.01808408168867004,12.663570824554625,0.05323269720716084,21.674137887535295,0.04378419197588812,17.98764119256655,0.016170703409887466,11.793755900538084,0.016394905178538366,11.532590446227253,-0.0059059243509542725,1.2515559362768602,0.07542826216417708,29.523469503867574,0.08324271040420683,34.913793103448285,0.006749181974928575,-0.7786429365962189,0.07488724357441612,29.720853858784892,0.0507079475528478,19.14580265095729,0.004728141195945668,3.1630170316301554,0.0035108286500626917,-2.6166097838452917,0.057229545184005026,11.006711409395976,0.02308011258849696,19.32270916334662,0.0006727211824504309,-2.042160737812926,0.030771658666753687,-26.66666666666666,0.006787356373399334,0.2259887005649608,0.010223403872100967,8.946651251539418,0.009009069942365944,8.780487804878057,0.0015424960639740526,6.9215557020434915,0.006364381068851621,11.297440423654216,2.5639993559813057,6.89837651862939,8.48677164201941,12.220939148671217,6.884667008045396,10.851231215465958,-0.8660254037844385,-0.5000000000000004,0,0
1396-09,1396-09-01,2017-11-22,1396,9,11558.684210526317,4.28,63.36238134474981,64.2,13555294.11764706,13956165.0,6967944.444444444,3996561.111111111,32.81,44.6,30.8376595258231,61.2,357.3,50226.10526315789,57249.94736842105,1288842.7,1718699.0,5581925.0,1268.4277136363637,1264.0,149.0,7.14,73.3,355.725521285934,867.0,0.32,41794.31578947369,84.8,77.6,80.8,74.1,88.2,84.2,80.4,81.9,184.1,-0.08792094778335979,0.8003865173613611,2.2914491761525824,0.6392178923039893,-0.8697935500347143,0.17909336961405842,0.474598599644842,-1.0684492144861224,1.0756337578245123,0.32173672396442754,0.29452498389923276,-0.6505211602796379,0.024823638738638465,8.14758119321719,0.03924104667377826,19.397592019608155,0.04954166757711498,17.378364366194287,0.0288927899854734,6.661907034178305,0.02957521430736776,23.36805118175489,0.042031690279728195,21.520073171260478,0.03167710173627469,14.775109284538313,0.031502903495349344,14.82023395348737,-0.007377740396596444,8.471960186457883,0.028252738769100283,21.061395017349827,0.025237932589862844,18.669131238447314,-0.011274076573218217,-2.3255813953488302,0.02252911306002847,16.09195402298851,0.012285166794577584,10.825439783491198,-0.007100621549575692,1.8137847642079707,-0.00938974034983886,-3.3067274800456126,-0.1098040697276037,-1.2000000000000122,0.024190294449518923,29.830747531734826,0.0020154524793500883,-2.2309711286089273,-0.030771658666753687,-21.95121951219512,-0.022806005529037776,-5.452562704471098,0.0074456629484016545,8.910307277530949,0.0,8.515815085158152,0.011341117725798266,7.573770491803278,0.014564319634923883,10.731285157940285,2.5134310600881227,7.524153233685071,11.767580392926714,8.14758119321719,6.923721850178267,10.828447102194861,-1.0,-1.8369701987210297e-16,0,0
1396-10,1396-10-01,2017-12-22,1396,10,11946.47619047619,4.3,67.97277747260199,69.0,14322666.666666666,14702680.952380951,7186476.19047619,4197195.238095238,33.05,44.7,30.9652020215217,66.2,360.4,53688.42857142857,59561.23809523809,1369597.3333333333,1827072.857142857,5931185.714285715,1313.1476095238097,1331.0,155.8,6.66,84.8,359.756799174676,871.0,0.31,43479.76190476191,87.0,78.2,87.4,75.5,90.6,87.1,82.8,87.3,192.2,3.8645810356488397,1.0310316137682938,2.6541197269388306,3.3509576504524574,3.9951841824754197,5.134087415043886,1.0001185928702823,-2.6618804031485865,3.8747798283615964,5.569342355155804,0.8479644655955316,2.9874057498108897,0.03953524188054658,10.111446422971348,0.066662578759912,25.2595346000305,0.03957827185600138,21.69262441818831,0.03299932128684979,7.477766596278923,0.05210850874236428,24.79872952433153,0.05506618312708156,24.572293532065025,0.06077209543587614,19.655895440672833,0.0611475453557091,19.683439678498683,0.03464889784271463,12.28247428236362,0.07023696258171608,22.547850813307658,0.0721032939013444,25.683060109289624,0.026847250036188264,-1.6286644951140072,0.07851831713443946,24.501424501424495,0.06385147198653307,16.711229946524075,0.03386196261017549,3.3214709371292894,0.025612575856726494,-2.7932960893854775,0.018717123952937342,-1.692708333333326,0.04305740829715976,25.45691906005223,0.044626827491188514,-2.6249999999999885,-0.03174869831458027,-31.11111111111111,0.0046030000719614605,-0.68415051311288,0.004127403604538227,8.476256809221884,0.0022396425935049535,7.971014492753636,0.007288219324684597,7.409814754631117,0.011268819461000668,10.930132876125187,4.032716132447645,9.381948118162109,14.990503253073983,10.111446422971348,6.949845047771428,10.735039120292011,-0.8660254037844386,0.5000000000000001,0,0
1396-11,1396-11-01,2018-01-21,1396,11,13130.25,4.35,67.10399990081787,65.4,14807050.0,15182863.5,7492300.0,4467000.0,33.57,44.7,31.0482173929541,63.5,370.0,59063.5,67447.15,1465246.35,1954176.15,6341150.0,1338.4676047619048,1331.0,163.4,6.72,71.0,,844.0,0.3,46382.181818181816,88.7,79.2,82.1,77.7,92.9,88.3,83.2,84.1,192.2,-2.8031824781194814,1.4150880297888793,-3.8777071481714387,1.5873504541044525,1.6583799652957865,-2.2708329554372852,0.9444424172047804,1.9480790396814385,1.7410726914640406,-1.372358121979822,1.5969887590343244,-3.140485482874489,0.06461978667475066,21.05052895215995,0.0954156408736857,40.974863211589565,0.12433933327889513,39.02465633757195,0.09448237306505014,22.528850811199952,0.03213753567263211,27.66514839806011,0.0332600547670836,27.374116655268676,0.06750660596586755,27.78697524576326,0.06725354335004141,27.76008035762625,0.019098370468397796,9.771557861635728,-0.012863640495407225,20.44822284832881,-0.05358424613410673,17.837837837837856,0.02506943277085938,1.3086150490730697,-0.06255726620310664,17.118402282453648,-0.03734389586665454,12.13333333333333,0.013683223751457696,3.638497652582151,0.019351770660950507,-0.6718924972004436,0.02872260111862257,1.171875,0.0,23.920051579626044,0.04762804898925488,0.30693677102517913,-0.03278982282299103,-33.333333333333336,-0.031489482256545465,0.4761904761904745,0.002677337318438333,8.230593372695182,0.0,7.971014492753636,0.015611244694248683,8.360232408005164,,,6.675335342859912,13.766585441558954,21.614632857705907,21.05052895215995,6.998253283268898,10.361986910938217,-0.5000000000000004,0.8660254037844384,0,0
1396-12,1396-12-01,2018-02-20,1396,12,13424.722222222224,4.44,65.63857087634858,66.5,15468555.555555556,15744545.454545457,7718555.555555556,4877000.0,33.85,44.6,31.1168226757692,64.2,378.0,56627.0,68525.78947368421,1497020.4347826086,1996007.391304348,6484782.608695652,1322.9176095238097,1325.0,172.0,6.7,71.5,,837.0,0.28,47085.954545454544,90.0,82.3,82.8,78.3,94.0,87.9,84.4,84.4,192.2,2.499253423280834,0.9810020954656787,2.7479386777844894,3.7174373814096384,2.948010724121275,2.401725774327268,0.7784427720870895,1.950417636137125,5.2737844435590375,3.96414440797912,1.4555115311140239,6.518163494893514,0.015059378629363351,24.969689248749383,-0.04212723305980326,38.52497214309214,0.01586583484109383,43.55535427269277,0.022179220599706895,28.019093331638057,0.03632659440106423,31.40279942818274,0.043705870841922234,31.42234095779328,0.021453370504895375,30.806712938809987,0.021180182969729344,30.795970234613602,-0.01168577334064036,7.6575179642752955,-0.022080159402416477,21.443834766664914,0.016679689198655367,27.884615384615373,0.011771136450210662,3.9823008849557473,0.008490044932830898,25.644916540212435,0.003560834623009157,17.54874651810585,-0.004540302918782935,4.642857142857149,0.014549781014730812,2.6225769669327326,0.007692345623156349,2.486910994764391,0.0,24.56254050550872,0.05129329438755015,8.176100628930815,-0.06899287148695121,-29.999999999999993,-0.008328424106482046,2.6993865030674913,0.002207199113567704,7.152622717606816,-0.0022396425935049535,7.990314769975804,0.00830618836634045,7.9056423334396,,,1.5173342427734715,12.661144598313069,21.137941752713687,24.969689248749383,7.031392427114434,10.517254867554174,-2.4492935982947064e-16,1.0,0,1
1397-01,1397-01-01,2018-03-21,1397,1,14710.555555555557,4.38,70.39772727272727,71.6,17321176.470588237,17914444.444444444,8650062.5,5526117.647058823,34.19,44.9,31.5300505029804,68.8,384.8,63647.333333333336,76706.22222222222,1642654.2105263155,2190157.8947368423,7116710.52631579,1338.9790863636365,1335.0,175.6,6.93,73.5,,832.0,0.27,51537.72222222222,91.7,84.3,88.4,78.6,96.1,89.5,84.6,88.7,213.8,2.0747122763346226,3.893744128820612,10.420976754464917,5.759352226132819,4.421327146478582,3.3555784823745327,2.900462189244489,-8.168150876535307,2.6450597221268524,0.7563391100486427,7.788901789841017,-17.81556730945173,0.09033925830793699,37.19817373073195,0.1168715250737673,55.75928696047632,0.11277266615071824,61.95218305704229,0.09146735200442357,41.27190867663959,0.1291133546968446,48.053274266509696,0.11312053683699119,46.17026557458428,0.09283659882300022,40.062160640128,0.09282475834211645,40.01478570830874,0.012067840038475275,6.083323396187734,0.0699974857459793,31.79056470617587,0.0738931263047915,35.0943396226415,0.022094533706242814,7.494407158836669,0.06544390825238455,31.15727002967359,0.04969248771362267,22.853185595567858,0.018038820589677762,8.748481166464162,0.018712708932154598,5.645161290322598,0.0038240964384028686,6.648575305291704,0.10650450205475259,28.71763997591814,0.02071420438756366,12.27621483375958,-0.0363676441708749,-24.99999999999999,-0.005991629668266718,4.785894206549113,0.013192480309386578,7.0365229242483895,0.006703935722190302,7.67386091127098,0.009994204292925524,8.299018055115614,,,9.454555439605983,18.532668911827233,29.653342412207717,37.19817373073195,7.112161185898959,10.905791571742027,0.49999999999999994,0.8660254037844387,1,1
1397-02,1397-02-01,2018-04-21,1397,2,16634.125,4.32,76.18714323497954,76.7,18452692.307692308,19196923.07692308,9445769.23076923,5631346.153846154,34.65,45.4,31.8707422910189,73.4,384.4,73135.24,83613.70833333333,1839726.923076923,2452936.5384615385,7968019.230769231,1310.5828619047618,1303.0,179.1,7.49,76.5,,793.0,0.27,61040.56,91.8,85.5,94.6,77.4,96.8,89.7,83.1,92.9,213.8,4.746122987065249,2.9864188056832046,-7.067743705693275,7.232936405417689,6.13797292056919,1.755047239037033,2.39345511483175,-5.219274773166305,9.583639165964897,4.531120632745278,3.1910425688861404,7.589119109461606,0.16922455136741554,62.427232389353435,0.13895290159465823,74.90192514647856,0.08622465269554169,71.78275167560022,0.12289100704398415,60.64556161301071,0.06914267014161979,58.27070670889336,0.06328045799570958,56.5945722901563,0.11330379457888995,59.42832905087556,0.11331225466887318,59.48045725208768,-0.021435476728327352,5.110064806232439,0.07903174492167775,49.16371582144063,0.06880663440661028,50.687622789783894,0.007257678306284987,5.446623093681913,0.06778550641423386,45.76271186440677,0.04626375650425896,31.773049645390074,0.0022321437839405434,8.859223300970864,0.0010899183640251664,4.199772985244055,-0.015384918839479234,12.99270072992702,0.0,18.514412416851435,0.019735627865649974,12.925598991172759,0.0,-22.857142857142843,-0.04800921918636103,-3.8787878787878816,0.010747344073474885,8.315790575099635,0.011074310299093781,8.35322195704058,0.013364521984702726,9.065155807365443,,,18.438606457621653,31.603468416554946,49.720772340175024,62.427232389353435,7.246900457206176,10.43465898994207,0.8660254037844386,0.5000000000000001,0,0
1397-03,1397-03-01,2018-05-22,1397,3,18170.0,4.24,76.32499972256747,75.2,22043913.04347826,22982173.91304348,11370000.0,6462608.695652174,35.22,45.5,32.4648630174472,72.0,391.6,78204.34782608696,89266.52173913043,2032021.7391304348,2709334.782608696,8798565.217391305,1292.5521695652174,1282.0,165.1,7.45,78.3,,789.0,0.28,66817.31818181818,88.9,81.0,93.7,78.0,93.4,87.9,82.2,91.7,219.4,12.126004465394047,2.5736915583396036,9.77586609296175,16.294345463697013,8.568016788386679,9.757855742077659,1.2873934353602605,2.718501705004428,8.57147721898297,11.433844106237956,1.6904811658917938,3.6773106864647076,0.09042373991482222,78.68482449010492,0.0670149148685919,84.12266362628453,0.06541903912559732,83.9670806264802,0.08831557426095138,76.75916060592023,0.179968858384715,90.72631413519584,0.1778262269566433,87.3876897216738,0.09941407881437136,77.6751457636728,0.09941724313572564,77.53822068511573,-0.013853281125714823,2.241958110260356,0.0018078104793435301,54.37194734221711,-0.01975047741741598,60.341151385927525,-0.03575564904773465,2.0765027322404483,-0.00955928681345597,54.62046204620463,-0.013001266557373548,35.85185185185185,-0.020270964373618305,7.720588235294135,-0.03210015510658604,2.066590126291623,0.007722046093910251,10.95305832147937,0.02585554925018485,15.717299578059073,-0.0813929581405839,4.55984800506648,0.0363676441708749,-9.677419354838701,-0.005056900788973806,-5.2821128451380535,0.018469947186899205,10.151417657137628,0.0022002209096023684,8.333333333333325,0.016316377432147533,9.753817388594555,,,9.46380272693792,41.90498807306946,59.871783805219714,78.68482449010492,7.360167817146262,11.310003958362309,1.0,6.123233995736766e-17,0,0
1397-04,1397-04-01,2018-06-22,1397,4,22305.636363636364,4.19,75.68600082397461,74.4,27254600.0,28998600.0,14196833.333333334,7406541.666666667,36.68,48.2,33.9018543180011,72.7,400.8,95997.0,108114.63636363635,2403148.0,3204152.0,10409520.0,1247.9271476190474,1238.0,156.5,7.6,77.5,,780.0,0.26,81677.68,86.4,79.6,93.0,82.6,90.0,84.1,81.0,90.1,218.3,16.014185394082503,3.52861835714803,8.34551110823405,0.34995332461882356,-0.3022297428419307,13.645639339330096,3.4823561052823906,10.771888980567645,0.1672044323553834,13.731741931730923,3.080048861115164,8.781892092454768,0.2008184687662009,116.01216557524214,0.2049916961747691,119.22708019827209,0.1915655909453715,120.48296942583772,0.20506751585422833,116.16329754237987,0.23252868479332633,139.68648016853172,0.21218580286894806,131.6432521073103,0.1677483164873621,110.1715146551737,0.16774433169254266,109.91796446115787,-0.03513479694776489,1.0802159338002104,-0.008407321314338745,58.62810356756256,-0.010695289116747553,52.772073921971256,-0.03708167490453196,-1.8538713195201728,-0.007498696091119861,47.85373608903021,-0.017602214648127834,29.64028776978416,-0.04419323771222938,1.3253012048192625,-0.02852446670984854,-1.2571428571428456,0.05730085383734096,19.88388969521042,-0.0050262842852308864,7.80246913580247,-0.053495340945874936,-0.6349206349206327,-0.07410797215372189,-18.75,-0.011472401162236245,-6.6985645933014375,0.043311345976674076,13.835588407393917,0.057646695099649925,12.61682242990656,0.040617544320204146,14.446177847113884,,,22.24028473837416,58.48135400283934,87.85217862716641,116.01216557524214,7.563050930581389,12.066922220354302,0.8660254037844387,-0.4999999999999998,0,0
1397-05,1397-05-01,2018-07-23,1397,5,27977.478260869564,4.11,73.20260852316152,73.1,34297384.615384616,36982880.76923077,18082166.666666668,9190291.666666666,38.29,49.3,35.6714753940469,71.1,409.0,117536.8695652174,132002.65217391303,2916175.0,3888607.692307693,12650307.692307692,1207.3339130434783,1202.0,162.4,8.08,81.7,,762.0,0.24,103004.92307692308,84.8,75.3,92.0,84.6,88.7,82.7,80.3,88.9,236.6,4.409165137219162,6.723784187621021,16.63315105214913,-0.6163162143593581,2.0247181566023897,1.3631833732754117,4.805323070089091,14.254767976981242,3.981814431090136,2.3554950151591925,5.950471206357179,15.458568309664322,0.23199601402366454,170.08013447150284,0.2024351269186777,158.17896002513652,0.19962990261288205,166.40035940512126,0.22656044042552637,168.04185939952552,0.24320757070215038,204.45687354738712,0.22984678678201576,190.46356605115133,0.19349328152574863,147.84389343573835,0.19360370506659486,147.71021271896893,-0.03306934198759226,-5.083167081704188,-0.03336215777706819,41.748146212149486,-0.017627575083313474,42.21789883268481,-0.014549781014730812,0.225988700564983,-0.010810916104215806,38.55421686746987,-0.013408022094433036,23.30097087378642,-0.016786964949257133,-1.3126491646777927,-0.018692133012153,-0.9345794392523366,0.02392458608524528,19.66053748231964,0.08050068798838783,38.20093457943925,0.0370064177473699,9.360269360269369,-0.0800427076735366,-25.0,-0.023347363996991,-11.600928074245942,0.05088164830151243,19.31601514668133,0.022565059992089687,14.38515081206495,0.04295711810093916,19.357855361596023,,,26.11147020449538,68.74832582945353,122.07864968643011,170.08013447150284,7.78961355409473,12.681982655098123,0.49999999999999994,-0.8660254037844387,0,0
1397-06,1397-06-01,2018-08-23,1397,6,35310.65,4.01,77.62999943324498,78.9,39804545.45454545,43391739.13043478,20473318.181818184,10719000.0,40.0,50.5,37.5940481467402,75.4,421.6,151340.4,167998.2105263158,3547656.086956522,4730111.739130435,15366304.347826088,1200.1218181818183,1198.0,154.8,9.52,89.2,,754.0,0.25,129219.23809523808,82.6,73.7,98.7,86.7,85.6,81.1,79.9,92.9,212.4,5.9458682329122325,2.9114122102142415,9.243144445897045,5.312069752335802,15.369834278427952,16.784456230784706,2.622355587346693,6.492519031423605,18.08684917585719,14.471510367787666,3.51716728199467,12.123475675025475,0.22673369797894694,232.4420772355796,0.25277953642003226,219.65242590077577,0.24113131310631886,228.47467936974382,0.2327847794659217,230.75103738326513,0.15981395671095555,248.2684322885013,0.14891201218550165,226.11039341418623,0.19601430216312288,187.26706880045404,0.19589765187305908,186.949527657986,-0.005991484157332749,-8.867566047926323,0.05872288722221697,43.894916125073344,0.07635286109609574,42.934782608695656,-0.03557460616783814,-4.035874439461895,0.07029636939039552,39.6039603960396,0.04401150329993442,23.373173970783533,-0.019536640908278002,-4.137115839243499,-0.026285862270924554,-4.0650406504065035,0.024519617174318498,17.004048582995956,-0.10789966217650271,18.92497200447929,-0.0479284665719506,5.0916496945010215,0.040821994520255256,-21.875,-0.010554187678690319,-15.185601799775029,0.0524943830583644,25.730386592762365,0.024049255232669875,16.359447004608295,0.04369068862473302,24.339446689462218,,,25.449574870065582,93.39183554721033,174.43266116755893,232.4420772355796,7.991619340415186,12.231100779461368,1.2246467991473532e-16,-1.0,0,0
1397-07,1397-07-01,2018-09-23,1397,7,38395.66666666666,3.86,82.26142955961681,80.5,42882291.66666666,45302333.333333336,22102560.0,12042166.666666666,42.22,53.0,40.2445508088117,76.7,420.8,171206.79166666666,180525.3333333333,4270247.5,5692210.208333333,18504866.666666668,1205.9014476190478,1215.0,160.3,8.79,89.6,,752.0,0.29,142900.72,83.4,77.4,100.2,88.2,86.4,82.3,79.1,94.3,213.5,-1.4907449081349,5.249695277842261,11.846113970352334,-4.338205173160148,-6.9742325146041395,-5.268827585416602,6.746929442475068,-16.140784511014417,-15.478040138859583,-0.6745690314746255,7.768843909197124,15.754348799556617,0.1006396414819033,259.49504910642406,0.12334052955267083,259.77109981500826,0.07191779108440954,239.81143268928804,0.08375998784997485,248.15738368885957,0.043089459252382056,252.62856917494875,0.0744778458835249,244.6977156690553,0.1853846598638409,247.56270518338974,0.18514978431330675,247.44243459117862,0.004804309780542582,-6.183965482785481,0.057948398085546415,44.01006557631153,0.020075956572688902,39.75694444444444,0.00930239266231414,-2.483069977426622,0.015083242211328063,36.69849931787177,0.014957543819618557,22.626788036410915,0.014688146561656623,-2.4881516587677788,0.009638628837768337,-2.2274325908557935,0.01715307922624909,12.932138284250971,0.005165543300895692,21.58314350797268,0.034913098459880665,7.873485868102303,0.14842000511827314,-9.37500000000001,-0.002656044058116258,-14.642451759364361,0.06812886717101341,32.83094226988068,0.04831857727080768,19.909502262443436,0.0540145883062384,30.348873108984243,,,10.587805737314682,74.95687928452426,177.27403121122717,259.49504910642406,8.172199690498484,10.608830830843724,-0.4999999999999997,-0.8660254037844388,0,0
1397-08,1397-08-01,2018-10-23,1397,8,36094.5652173913,3.95,71.37545516274191,65.2,38515869.56521739,42082090.90909091,20159913.04347826,11652086.956521738,43.24,53.6,41.2981672183365,62.3,410.2,158671.13636363635,170191.21739130435,3947346.909090909,5258866.045454546,17034986.363636363,1222.8059045454545,1221.0,160.7,8.27,97.4,,729.0,0.28,122009.09090909093,82.2,77.6,84.4,93.1,84.8,81.1,78.2,83.3,203.6,-6.079313783881801,2.5882830939582253,-6.0474932421648475,-7.970897436489466,-8.669546937247574,-6.885728738583552,2.5353154739137014,-5.912158107191345,0.7614968620954343,4.5666510902782065,4.022328469139511,-16.698285705531468,-0.15805456580619293,199.26487115176732,-0.07603839834533943,228.5569055856269,-0.05894850569021948,212.37604783767415,-0.061802299993082954,221.42628983829465,-0.07373628352532435,210.58148865299745,-0.1073886061901348,196.33632675289493,-0.07862810343199556,216.12771345958706,-0.0791831872362323,215.77214804513724,0.013920763158258964,-4.305342386291078,-0.14194829618539018,15.874375983870292,-0.2107977154919105,4.153354632587858,-0.018692133012153,-4.932735426008971,-0.1716007870488525,6.835443037974698,-0.12403264046661455,2.9666254635352107,-0.014688146561656623,-4.363207547169812,-0.014493007302566419,-3.971962616822422,0.054067221270275745,12.575574365175314,-0.04747954799231202,13.29994435169728,0.0024922131279589976,8.069939475453936,-0.035091319811269894,-15.151515151515149,-0.031062591941181772,-17.81285231116122,0.025843510634924627,34.92206503276185,0.011257154524634494,20.17937219730941,0.023871950350832893,33.29223181257708,,,-14.619680776212373,18.449766539775702,99.88199798476771,199.26487115176732,8.07965082390823,10.66085446206262,-0.8660254037844385,-0.5000000000000004,0,0
1397-09,1397-09-01,2018-11-22,1397,9,30268.4,4.19,59.26499977111816,56.5,35947894.7368421,36735857.14285714,18847277.777777776,11086588.23529412,44.02,54.3,42.3644093906005,54.0,389.7,128059.25,149793.7619047619,3276547.777777778,4378079.444444444,14185333.333333334,1237.1309,1250.0,167.4,7.98,94.4,,728.0,0.28,109450.75,82.5,74.8,74.9,89.4,86.1,80.7,77.8,76.8,211.3,-8.884041503619855,2.7477305558002376,-5.608946665104497,-7.367397623704619,-10.049913222388973,-7.795715137569026,3.04135191992783,6.737417140231017,-14.670785448369372,-8.065123337320301,3.6413250439440645,-10.814756540220216,-0.10862088121595725,161.87951144199917,-0.2143406880817853,154.96551908422543,-0.12766318572096935,161.64873295130366,-0.17603804198883388,161.86717665004667,-0.135868944160336,163.22315007637945,-0.06899983127765452,165.19450205099625,-0.18625332331127353,154.22402421783343,-0.1833052775736732,154.73218082075127,0.011646768613345237,-2.467370690493742,-0.18593513634756675,-6.466583936197267,-0.1432188307802118,-11.993769470404992,0.01521386863582741,-2.3809523809523947,-0.11941351107873732,-7.301980198019786,-0.08124390901917078,-6.227106227106239,-0.004944385845464083,-4.156769596199528,0.0036429912785003182,-2.7122641509433887,-0.040553502103552574,20.647773279352233,0.03712163994564399,14.774579033134172,0.04084688531190839,12.348993288590604,0.0,-12.49999999999999,-0.0013726838119723084,-16.032295271049602,0.025490486876103002,37.37880903421038,0.012975158863133274,21.748878923766803,0.017878083327308225,34.16641267906127,,,-10.292955070412058,-15.298409421566284,63.80596075731593,161.87951144199917,7.881750731983611,11.211756896086573,-1.0,-1.8369701987210297e-16,0,0
1397-10,1397-10-01,2018-12-22,1397,10,29709.33333333333,4.24,57.52777820163303,59.3,36086238.0952381,37429181.81818182,19406380.95238095,11811042.857142856,44.95,54.9,43.2207125943304,56.6,382.1,127272.72727272728,139064.2380952381,3421997.3181818184,4560599.045454546,14831931.818181818,1284.7726315789473,1292.0,166.7,7.26,80.1,,748.0,0.28,109244.0,83.3,75.3,76.2,86.8,87.0,81.1,78.5,77.8,209.8,8.316299041293007,2.4613658338734887,6.6682067454635785,6.969673742024796,7.211516281924801,7.708087309888434,2.480911923052814,7.57264191619047,5.277274245079511,6.25891469655393,2.3824821250095294,6.453852113757108,-0.0018907638303531371,151.2525258056567,-0.006160804638820849,137.05802285384482,-0.07432345644583904,133.48110707986822,-0.018643013932909014,148.68700074937414,0.018697350753253517,154.57385587980497,0.0038410548734795213,151.95195095353355,0.043434030423858516,149.85426262866204,0.04084383929226654,149.61232539934542,0.03778685394059167,-2.1608368883336837,-0.029750978362145908,-15.366444714104933,0.048368667851284464,-14.057971014492754,0.010398707220899084,-3.9735099337748325,0.017207572169426477,-12.814645308924488,0.012936791030719874,-10.882016036655218,0.004944385845464083,-6.8886337543053955,0.00965025583216228,-4.252873563218396,-0.029514060513164075,14.966887417218544,-0.007124228659814769,9.15712799167534,-0.004190368298626623,6.996148908857491,0.0,-9.677419354838701,0.02710192977779169,-14.121699196326066,0.02001122997039806,39.57833236253641,0.01098912157559484,22.818791946308714,0.020906684819313792,36.00605143721636,,,-0.18889774624659683,-23.552519539439686,33.75012610544277,151.2525258056567,7.887397908466878,10.937817402518819,-0.8660254037844386,0.5000000000000001,0,0
1397-11,1397-11-01,2019-01-21,1397,11,32455.75,4.28,62.38749942779541,64.1,40810800.0,42301526.31578948,22709200.0,13792100.0,46.0,55.1,44.1668325314675,61.1,357.4,138800.0,155339.55,3812404.5,5073194.5,16479400.0,1308.670440909091,1320.0,169.5,6.01,69.5,,773.0,0.29,118814.58333333331,83.5,74.3,80.1,84.8,87.4,82.5,78.8,80.9,219.0,8.316584130129456,1.5888882335244552,-4.511677663903413,5.581914497541263,6.59756569965495,14.104635534488885,1.7188074543969163,5.194014545045711,3.954735825628397,8.765993659658378,2.5167957398693677,-7.443259478277042,0.08398024216673505,156.16428265295187,0.0867018052677242,135.00131214709592,0.11067739517108777,130.31299321023943,0.08841637304956329,147.18303154928503,0.12237250582467496,178.6136246024308,0.12303517580496859,175.61735794773435,0.10803570066883061,160.18863653883182,0.10651671356690251,159.6078403679218,0.018429928932600426,-2.2262147956964795,0.08109699531663406,-7.028642823071074,0.0778350579229441,-1.987767584097877,0.004587164006905731,-5.920344456404736,0.04991439138171305,-2.436053593179055,0.039072392880100004,-3.8049940546967753,0.017115332219267643,-6.568516421291049,0.00239808268401287,-5.862457722660652,-0.02331107886844741,9.137709137709127,0.04291703385430434,13.943808532778368,0.016657137063756267,3.733170134638919,0.035091319811269894,-3.3333333333333326,0.03287607061294473,-8.412322274881511,0.021654273631769083,42.25239398604075,0.003636367643384375,23.266219239373598,0.023090635571465512,37.027107536490924,,,8.760740483077623,-2.6182537317140153,15.348451107141493,156.16428265295187,7.977003680203108,11.095760252037653,-0.5000000000000004,0.8660254037844384,0,0
1397-12,1397-12-01,2019-02-20,1397,12,35500.84210526316,4.48,66.53000059581939,66.4,44469473.68421053,45719631.578947365,25372052.63157895,16267947.368421054,47.46,55.5,45.8938547486033,63.8,335.0,150538.52631578947,171725.05263157896,4194564.736842105,5593874.736842105,18163263.15789473,1306.8219142857142,1301.0,166.2,5.18,67.9,,750.0,0.28,130269.56521739133,82.8,72.6,82.2,84.3,86.2,82.3,79.7,82.3,205.8,1.9222963751904132,1.8460461405188775,4.259699969274067,-0.28485337687378376,-1.0188604897944487,2.2100807077990225,2.180549903848756,-3.9967533572060177,-1.132558415469198,-1.0258702271658038,2.162982571113647,7.703137327970566,0.09204172742831851,176.66332025112771,0.08118499216591424,165.842312528987,0.10028130047154882,150.59915974777073,0.08967879433657444,164.44377408791277,0.07770461217404545,190.38394097143077,0.08585621688855483,187.4830395410724,0.09552948449033849,180.19422042500196,0.0977015040339424,180.25320753880715,-0.0014135211884616083,-1.21668160754842,0.06428805708550112,1.3580882514186765,0.035252692555764575,-0.15037593984961184,-0.013825104991841641,-8.297872340425528,0.025879447987820825,-0.7246376811594124,0.0171572836185776,-2.4881516587677788,-0.0024271856576110196,-6.370875995449388,-0.008418570465596353,-8.000000000000007,-0.0059136777900477,7.662835249042144,-0.06216690641655198,7.075962539021874,-0.019661044399156502,-3.3720930232558177,-0.035091319811269894,0.0,-0.030205842057066334,-10.39426523297491,0.03835711245004392,47.488884796522115,0.007233304593519563,24.439461883408065,0.031245854518522354,40.206794682422455,,,9.641057151983734,19.021171821473427,0.8128256578785242,176.66332025112771,8.073946685881907,10.899732021627486,-2.4492935982947064e-16,1.0,0,1
1398-01,1398-01-01,2019-03-21,1398,1,36652.0,4.7,69.70714351109096,71.2,46134375.0,47772062.5,26265529.411764707,16907470.588235293,48.58,56.3,47.7374301675977,68.6,323.8,153762.6875,176168.625,4359956.25,5811443.75,18860187.5,1295.9128523809525,1286.0,161.5,4.92,62.5,,734.0,0.28,134547.8947368421,82.9,74.8,86.4,84.7,86.0,82.6,79.8,85.2,199.5,0.02079974367568127,1.7680300167327236,-3.674954220874227,2.8852969789944893,1.7538088378929118,0.36958938712121636,1.8695711063830185,-3.7015560553429694,3.7699363741092284,0.11298530633823134,1.5591289507159716,3.4814210313458105,0.032314348198802634,161.06682432858327,0.021191383368597272,141.58543562966764,0.025546966359998535,129.66666835661601,0.03191157962792346,149.1544242607349,0.04391322141218268,166.66784252310362,0.036755364587712336,166.34665998777422,0.038672445977123715,165.42142722801321,0.03815683185407792,165.34359755364906,-0.008382817894113437,-3.216348516662959,0.04664981920407474,-0.9809745120903157,0.06979576193554138,-0.5586592178770777,-0.0023228814161404543,-10.509885535900098,0.049832373747875636,-2.26244343891403,0.03463032615224648,-3.945885005636973,0.0036385728439087828,-7.709497206703919,0.0012070007500355473,-9.596510359869137,0.004733736650199383,7.760814249363879,-0.03109058707003065,-6.688493919550986,-0.028686739758637003,-8.029612756264237,0.0,3.703703703703698,-0.021564177915840865,-11.778846153846157,0.03938456507832244,51.402961321249016,0.014311514393256175,25.38975501113585,0.02332467256640891,42.088329921029555,,,3.284212634248984,23.162731808467374,-5.845194666029596,161.06682432858327,8.121001949753145,10.95700501581868,0.49999999999999994,0.8660254037844387,1,1
1398-02,1398-02-01,2019-04-21,1398,2,39777.5,4.6,71.95272757790305,70.5,48011181.81818182,49644318.18181818,27554136.363636363,17757727.272727273,50.03,56.9,48.4636871508379,66.8,313.4,162958.45454545456,189223.45454545456,4493527.2727272725,5992654.545454546,19443409.09090909,1281.9577272727272,1284.0,171.1,4.34,59.4,,743.0,0.27,145948.07692307694,82.0,74.7,85.2,84.4,85.0,81.0,78.5,83.8,199.5,-2.7866550287772185,1.4374275056914716,-3.0559302575127845,-0.5873239649144324,0.5544940688498201,-2.0351850697187146,1.984239824897772,-4.019389547227448,3.617843622543049,-1.3368179331855856,1.8679136389075268,-3.669101651280826,0.08133069058821185,139.1001604884964,0.05808486462286133,122.81796647615369,0.07148698292918709,126.3067364397938,0.08183342869690868,139.1319050445996,0.03844294441402951,158.6056004021623,0.03987560458333306,160.18524027611716,0.030175954563876672,144.24968816632293,0.030705442836666208,144.30532349659111,-0.010826968227331868,-2.1841529798758197,0.03170654005368512,-5.557913681074167,-0.009880108599706894,-8.083441981747075,-0.011696039763190669,-12.190082644628097,-0.013986241974739855,-9.936575052854113,-0.016568426347233434,-9.795479009687845,-0.019560525854493527,-9.6989966555184,-0.010915814876995888,-10.675381263616558,-0.0035482000560973503,9.04392764857882,0.0,-6.688493919550986,0.05774303823543647,-4.466778336125065,-0.0363676441708749,0.0,0.01218701610324402,-6.305170239596469,0.015099009265368224,52.06325195787753,0.01060080598664026,25.330396475770932,0.02941090192608753,44.386724386724396,,,8.47295471142977,22.836837725231796,19.620657637571416,139.1001604884964,8.162004872544355,11.047961916939112,0.8660254037844386,0.5000000000000001,0,0
1398-03,1398-03-01,2019-05-22,1398,3,36516.5625,4.63,64.07363614169034,63.3,44856062.5,46068437.5,25086875.0,16599266.666666666,50.88,57.6,48.8413585577536,59.8,314.9,151505.5,170091.75,4217087.5,5615150.0,18265466.666666668,1323.6378347826087,1359.0,195.1,3.59,53.0,,743.0,0.28,134615.5,84.0,76.8,76.3,83.8,88.1,82.3,77.9,78.3,206.1,1.2394799851279004,1.5208981884556576,3.307517723756348,-0.7161933942956722,0.6754457236981537,3.0686234150648417,1.4721198249748917,2.4822151608294263,-2.8059657767563806,-1.9620644012142918,1.87075155419635,-3.506240835058705,-0.0808283543426338,101.46797815754081,-0.0728733603092504,93.73027742258297,-0.10659061853288421,90.54371861499273,-0.08553550100930885,100.97172537149146,-0.0747558839247624,100.45291483001945,-0.06797518615564613,103.48502741563283,-0.06349325357376934,107.5316134070801,-0.06506617481478116,107.25198067229722,0.03199549750386943,2.404983407969352,-0.11597635528593475,-16.05157369853837,-0.10772738066809229,-15.82446808510639,0.03582127645181732,-5.6745182012848066,-0.11032849554485935,-18.56990394877268,-0.06788540449127911,-14.612868047982552,0.015921953010584744,-6.370875995449388,0.024097551579060017,-5.511811023622048,-0.00713439411387462,7.435897435897432,0.03254725156649485,-6.061987237921606,0.1312640667309184,18.170805572380377,0.0363676441708749,0.0,0.0,-5.83016476552598,0.0077626663791505734,50.44375370228846,0.012227226569560656,26.593406593406588,0.016847093531752844,44.4633730834753,,,-7.764800442728593,3.336109071490534,22.991847931603935,101.46797815754081,8.066516121466716,10.92423088209576,1.0,6.123233995736766e-17,0,0
1398-04,1398-04-01,2019-06-22,1398,4,34751.09090909091,4.63,64.78400077819825,64.0,42826954.54545455,44368318.18181818,23091590.90909091,14859636.363636363,51.68,60.1,50.1955307262569,61.5,307.5,144074.36363636365,160233.86363636365,4229195.454545454,5637377.2727272725,18301500.0,1413.527619047619,1413.0,189.4,3.62,52.7,,748.0,0.28,127636.0,83.0,78.1,77.0,82.7,86.9,82.4,76.3,78.8,196.2,-2.0454615272768706,1.764331882625718,-3.9939534317575465,-7.0551142718795035,-5.103811007724168,-1.3616237958320454,1.4716890282742803,-3.7289928245472836,-5.079495553246538,-1.8950566322272877,1.493790484238818,-3.0891742725739135,-0.05324010381803568,56.26790574854723,-0.050292347499306445,50.08215218846803,-0.059703601549960794,48.20737415924681,-0.049554960205153264,55.79511089736797,-0.03760240231887124,53.00158691046526,-0.046291068708480765,57.136610133535434,0.0028670511998107884,75.98564277129225,0.0039506327952612,75.93975793680426,0.06570455602295056,13.27004318677778,0.011025684620732612,-14.404249038248828,0.010997754209540744,-13.978494623655923,-0.013714500670787722,-3.444444444444439,0.00913248356327312,-17.204301075268813,0.006365393867075575,-12.541620421753608,0.001214329232402278,-2.021403091557661,-0.011976191046715101,-3.935185185185186,-0.01321340545839167,0.1210653753026758,-0.04922694076515022,-10.123683005038952,-0.029651066877088184,21.02236421725241,0.0,7.692307692307709,0.00670693325671845,-4.102564102564099,0.027348528023448893,48.061313270419646,0.04248727383931605,24.688796680497926,0.015600940442479505,40.894220283533265,,,-5.184766984485445,-5.137125891386751,16.835707224195385,56.26790574854723,8.003678616643576,10.490959488318754,0.8660254037844387,-0.4999999999999998,0,0
1398-05,1398-05-01,2019-07-23,1398,5,32384.166666666668,4.6,60.7369562231976,59.3,40801500.0,41670222.222222224,22371764.70588235,14383388.888888888,52.29,61.2,50.1955307262569,57.7,292.9,134204.73684210525,145092.22222222222,4116788.888888889,5481438.888888889,17807444.444444444,1471.3717347826089,1500.0,163.6,3.68,51.8,,793.0,0.27,118705.47826086955,80.6,73.6,71.6,81.7,84.7,79.2,74.4,74.1,181.1,-0.7085775737397881,0.9456798237762953,-1.8719399170759488,0.018200676217716705,1.7103890769051944,1.250678445164688,0.8785465006403862,1.6308016280566662,-2.349469159183215,-2.305526159987714,0.8095414858039746,-1.6073630055126742,-0.0725370100742353,15.24252891507083,-0.07096305962082816,14.18096920442431,-0.09926484021960036,9.916141708322446,-0.0705413443592171,15.750842033395408,-0.06273888194662547,12.674354608122517,-0.048448838019325535,18.96388152494246,-0.026938311523059255,41.17084499006023,-0.02805129732802847,40.96147831348682,0.04010668115206251,21.869494336785202,-0.06450632451069627,-17.028972807737787,-0.07627377735599161,-18.878248974008205,-0.025642430613337375,-4.509582863585115,-0.0727103478870843,-22.173913043478265,-0.06149746456179184,-16.647919010123747,-0.03960913809504607,-4.232164449818621,-0.029341958284015313,-4.952830188679247,-0.012165600163688062,-3.4278959810874587,-0.08008518224189487,-23.457311918850376,-0.14643675658333066,0.738916256157629,-0.0363676441708749,12.500000000000021,0.05842024366037002,4.0682414698162805,0.0,40.716160943076304,0.018137347977118523,24.13793103448276,0.01173428872569282,36.56307129798903,,,-6.996867450508049,-18.66595246511251,-0.09182801420737352,15.24252891507083,7.936633623968453,10.122020668752075,0.49999999999999994,-0.8660254037844387,0,0
1398-06,1398-06-01,2019-08-23,1398,6,31424.947368421053,4.65,61.66150035858154,62.3,40195947.368421055,40588157.89473684,20823263.15789473,12839105.263157897,52.39,62.6,50.754189944134,60.0,285.8,126212.7894736842,141026.73684210525,4095184.210526316,5460868.421052632,17735631.57894737,1515.3395238095238,1511.0,157.3,4.21,58.2,,779.0,0.26,114116.25,80.7,74.9,75.6,77.8,84.2,79.5,75.0,76.9,189.6,-1.0853906199233876,1.11074621935818,-2.7841718803227167,-0.6744294769504222,-0.5622897431599938,-0.4450276711665424,0.8037453912099496,-2.035631296258167,1.6189984815536462,-0.16334409481562062,1.0469705492723633,2.3836448154510137,-0.03942778704806216,-11.687878924117134,-0.06139723293076749,-16.603372613205593,-0.02842006017855958,-16.054619629407085,-0.030067540582757957,-11.004336175003715,-0.026310431734838602,-6.461094420001068,-0.014952666627884525,0.9833095929271618,-0.005261763025004029,15.433517515490337,-0.0037598088750172565,15.44903634890742,0.02944440339048615,26.265475791887493,0.015107408140389467,-20.570010551648853,0.04935211978972731,-21.03929024081116,-0.005920680409727375,-1.635514018691575,0.05436120921888765,-23.404255319148948,0.037090344209556925,-17.222820236813774,0.0037807228399060477,-1.9728729963008562,0.0012399257633202154,-2.300242130750596,-0.04891257068161092,-10.265282583621694,0.04586722493155371,-10.73446327683616,-0.03926961410441443,1.6149870801033694,-0.03774032798284699,4.0000000000000036,-0.017812175764099436,3.3156498673740042,0.01106818161261236,35.005918346505396,0.022618088587772256,23.96039603960396,0.0019105852200893558,30.974999999999998,,,-3.8660627361983835,-15.228001233141796,-12.399914892196795,-11.687878924117134,7.901927457552963,9.91119222192948,1.2246467991473532e-16,-1.0,0,0
1398-07,1398-07-01,2019-09-23,1398,7,31563.904761904763,4.86,59.92590834877708,59.4,39727333.333333336,39855285.71428572,20370857.14285714,12382952.38095238,53.35,65.4,51.6480446927373,57.3,277.4,126099.04761904762,144073.2857142857,4062057.142857143,5418061.904761905,17594285.714285713,1496.7722681818182,1495.0,167.1,5.06,59.1,,771.0,0.28,114352.8,82.2,76.1,72.7,77.7,86.3,80.2,75.5,75.2,199.5,-2.4775057106154463,0.46519907601336563,-1.4751030441303215,-1.364124854504567,-1.0670043976958254,-2.569806260072127,0.4292467848241154,-1.2799773194483777,-0.6564580517110841,-1.7936466118005256,0.5067137445542468,1.0154133676369526,0.002070740737325494,-19.97745007862801,-0.0009015975124437858,-26.346936128236177,0.021372603291549552,-20.192206238301335,0.004412133709593036,-17.793054523761953,-0.018221309893611704,-12.023768354200193,-0.011726730963239618,-7.357252167998607,-0.008122169824067882,-4.875369803339424,-0.007869659227745629,-4.816201326684633,-0.012328553575764012,24.12061293541614,-0.02855081663222947,-27.151875831008564,-0.047667199424807905,-26.21118012422361,0.024634676841100323,-0.11574074074075513,-0.03911489864601414,-27.445109780439125,-0.022354645555804353,-20.25450689289501,0.008766493212182702,-2.5516403402187082,0.018416726786231408,-1.4388489208633115,-0.0012861738107448062,-11.904761904761907,0.05089764650899653,-6.5573770491803245,0.060437625537115736,4.242046163443525,0.07410797215372189,-3.44827586206895,-0.010322672307419012,2.5265957446808596,0.017458162990952708,28.33549798604973,0.04375698035710052,23.396226415094358,0.0181582443276338,26.361913784936064,,,0.2072886201570867,-10.407095176909332,-15.009595487421812,-19.97745007862801,7.906133841304659,9.81160144050868,-0.4999999999999997,-0.8660254037844388,0,0
1398-08,1398-08-01,2019-10-23,1398,8,32073.444444444445,5.94,62.00409074263139,62.7,40099388.88888889,40330388.88888889,20973555.55555556,12964277.777777778,54.17,66.3,52.4581005586591,60.4,248.0,127526.94444444444,150687.55555555556,4105766.6666666665,5479677.777777778,17791722.222222224,1482.187709090909,1471.0,166.3,5.15,63.5,,770.0,0.28,115539.1304347826,85.2,80.4,76.6,75.0,89.9,82.0,76.3,78.4,203.2,3.056212981221762,1.3747087296359135,3.820600922120221,3.64360593963724,3.3781866399412053,2.983314386573177,0.8709454187009739,2.8145385056685512,4.6333307547161695,2.0566756344301496,1.786895831456899,6.343980521913117,0.010320857832551766,-5.3028511450258335,0.011259980890212518,-19.628139454309355,0.044886425934700824,-11.459852120868197,0.016014198527406265,-11.140515888550917,0.011850214810586124,-4.162583137767994,0.009321646668745132,4.111342523346617,0.010702958850242084,4.013322396643426,0.01130813019900323,4.1988468695468795,-0.009791790243302678,21.212017670283736,0.03409142428891965,-13.129673777551453,0.054067221270275745,-3.834355828220859,0.04086834338819312,6.014150943396235,0.052255692207071824,-9.241706161137452,0.041672696400568476,-5.88235294117646,0.022195732391784517,1.1097410604192337,0.03584613177313578,3.649635036496357,-0.03536714383729134,-19.441460794844247,0.01837647937440856,-0.19646365422396617,-0.004799049402466338,3.4847542003733745,0.0,0.0,-0.0012978587156000643,5.6241426611796985,0.01556242838108357,27.02282956365083,0.013667638728663611,23.69402985074627,0.015253271922045286,25.27752081406105,,,1.0374301589314738,-2.667398230036633,-20.835455409475255,-5.3028511450258335,7.926628590398204,9.822864318208266,-0.8660254037844385,-0.5000000000000004,0,0
1398-09,1398-09-01,2019-11-22,1398,9,35497.76190476191,5.56,64.11699905395508,65.9,43872000.0,44541190.47619048,23579428.57142857,14980142.857142856,56.15,66.5,54.1340782122904,63.4,238.2,139776.95238095237,169150.52380952382,4485923.80952381,5977038.095238095,19419761.904761903,1468.4628571428573,1479.0,167.0,4.62,56.0,,834.0,0.3,128555.6,87.1,82.1,79.1,72.6,92.2,83.6,77.5,80.6,210.9,1.2689561699723129,1.556323710060706,-3.1569423863412993,2.91761314607335,4.422562103513705,2.793395267811505,1.7656572295437263,-4.145046994159429,3.507886757538081,2.4089180143036515,2.2519862879776955,5.692655919864542,0.10675223135103451,17.455202454071816,0.09172028359430939,9.15021943432619,0.1155804673160894,12.922275039109344,0.10144123767723379,17.27663802765229,0.09930913821160203,21.247179024516072,0.08991520886208804,22.043308297096686,0.08855196232261164,36.91006857730776,0.08687884390486822,36.521919510223746,-0.009302999881227514,18.699068719636468,0.03350916202956711,8.18695571007404,0.04977699386958623,16.63716814159293,0.02526218908497313,7.08478513356563,0.032115798027063214,5.607476635513997,0.027674722156220355,4.947916666666674,0.019324272826402478,3.5935563816604565,0.02205545002318665,5.575757575757567,-0.03252319170556017,-18.79194630872484,0.03719337178040227,-0.18930430667297715,0.004200426217873421,-0.2389486260453988,0.06899287148695121,7.14285714285714,0.07984288751101776,14.560439560439553,0.03144913268250393,27.781973101934156,0.003012050469991756,22.46777163904237,0.03589943151464503,27.555656519763726,,,11.265853842101325,12.653193563581011,-4.501636141454735,17.455202454071816,8.024483552602042,9.92910097617521,-1.0,-1.8369701987210297e-16,0,0
1398-10,1398-10-01,2019-12-22,1398,10,36999.454545454544,5.04,66.33833355373807,63.6,47498863.63636363,47784818.18181818,24396181.818181816,14865000.0,57.03,67.1,54.5810055865921,61.6,264.9,145108.63636363635,176421.0,4856418.181818182,6478077.2727272725,21053454.545454547,1536.647619047619,1561.0,171.8,3.63,48.6,,876.0,0.31,133814.61538461538,88.2,80.6,76.1,72.3,93.9,84.3,78.1,78.8,224.5,1.3824360547534553,2.0860252292298664,6.316088592986446,3.6512418155545845,3.716597172938485,1.5848851538386555,1.5322382307905964,-4.575802295890874,1.6487016855109005,0.42906457614684257,2.1046083060466345,7.23745346009288,0.040093879218412454,22.491501029452763,0.03743472335708553,14.013928571428558,0.0420841921681383,26.862953708614956,0.04143352096314601,24.538151463472357,0.07029358806865815,27.667279541242728,0.07942948392954463,31.62597750146623,0.07935671467120997,41.91765014002122,0.08049860570278078,42.044437762706565,0.04538699457226425,19.60463519207478,0.03405838880459022,15.315306148664941,-0.035524971162384844,7.251264755480613,0.018270255651668954,7.931034482758625,-0.038664609905968206,-0.1312335958005395,-0.022585652648749566,1.285347043701801,0.008338344917153684,3.9457459926017346,0.012550079154288518,5.882352941176472,-0.004140792666031068,-16.705069124423964,0.06249161969757999,7.006673021925636,0.028337197133399883,3.0593881223755393,0.03278982282299103,10.714285714285698,0.049132688577644856,17.112299465240643,0.008222040152016774,26.284372261256795,0.008982096315827803,22.22222222222221,0.015550763983995353,26.874304783092317,,,4.090848928102209,17.019098250865184,4.840809320736605,22.491501029452763,8.058453272700989,9.839518837302464,-0.8660254037844386,0.5000000000000001,0,0
1398-11,1398-11-01,2020-01-21,1398,11,38079.30434782609,4.72,57.72904732113793,55.0,50396260.86956522,50641500.0,25947652.173913043,15671818.181818182,58.41,67.4,55.1955307262569,53.3,279.4,150224.78260869565,180905.4782608696,5172160.869565218,6897343.478260869,22408695.65217392,1573.8577272727273,1597.0,168.7,2.91,43.8,,800.0,0.33,137581.25,85.6,79.5,66.3,70.9,90.5,81.1,76.7,71.2,215.3,5.116493292148405,0.8213168117572713,2.5307949891534065,3.5955342962093795,3.587872953720428,5.872652936371026,0.8916805533457095,3.026784785462766,3.5358549454644006,4.511241859507464,1.8804719530443468,4.357512425512056,0.02775927688199964,15.79491855306765,0.03465004491515167,8.231111389550172,0.02510149120236349,16.458093422357422,0.028767771058646474,17.326835299834652,0.0580634204610746,19.715538446416602,0.05921119591980073,23.487559345970222,0.06298939779470558,35.66663426100818,0.06271258515665679,35.95661428436991,0.023926583779577015,20.263870725116952,-0.1390074468046283,-7.466963974167573,-0.14528028511360525,-14.196567862714504,-0.036880535508336365,3.5469107551487244,-0.1378583676758236,-17.228464419475653,-0.10142017844590345,-11.990111248454882,-0.03869890388644226,-1.696969696969708,-0.029921679865049455,2.5149700598802394,-0.019553695626637335,-16.39150943396226,-0.041843302811991556,-1.689497716894972,-0.01820901999823299,-0.4719764011799521,0.06252035698133396,13.793103448275868,-0.09075436326846464,3.4928848641655907,0.01119604570508459,24.970543647049602,0.004460973940624946,22.323049001814898,0.023909662883769833,26.978260869565208,,,2.814815559988282,19.077622864454003,15.901348459797848,15.79491855306765,8.097516086716118,9.791168773962946,-0.5000000000000004,0.8660254037844384,0,0
1398-12,1398-12-01,2020-02-20,1398,12,42621.30434782609,4.47,43.90047654651461,33.0,58611818.18181818,59553043.47826087,30187272.727272727,17810909.09090909,59.63,67.7,56.0055865921787,32.2,276.2,166138.68181818182,198750.4347826087,6020086.956521739,8026565.217391305,26074782.60869565,1605.236666666667,1592.0,162.4,2.72,41.6,,748.0,0.26,154107.8260869565,82.8,76.0,42.6,72.7,88.0,78.0,73.5,54.3,209.1,1.2132971315665486,2.123955550866873,7.2759354282428745,1.697356075600709,-0.9465267242243058,0.09817368867608423,2.539294053617313,8.74063157033138,0.43059711550768043,-3.350489884451413,2.8505185185881214,7.145410826964316,0.11343787512571168,18.299178960016004,0.10069014910234664,10.362899042646001,0.09407526580900338,15.737588509587086,0.1126832887481477,20.057164338384204,0.16209600419231407,30.257050246405328,0.15101936847760555,31.80236536648977,0.15181113945786429,43.52113590345934,0.15162035834344145,43.48846899497288,0.019741444949009868,22.835150613774413,-0.273835291322027,-34.014014499688386,-0.5108256237659909,-50.30120481927711,-0.028013036227673815,2.088167053364276,-0.4423356439164916,-48.17518248175182,-0.2709685914780402,-34.02187120291617,-0.03897413443177555,-5.2247873633049835,-0.03325722175648238,0.0,0.025070951001391784,-13.760379596678519,-0.029219797935729375,1.60349854227404,-0.03805956182434489,-2.2864019253910794,-0.2384110234449981,-7.142857142857151,-0.06720874969344948,-0.2666666666666706,0.01456946143285709,22.032866707242825,0.004441161999968024,21.98198198198198,0.02067169508279676,25.64264643910661,,,12.012229927374918,19.876400628954705,35.04459363759018,18.299178960016004,8.229585781224973,9.892389247591396,-2.4492935982947064e-16,1.0,0,1
1399-01,1399-01-01,2020-03-20,1399,1,43921.35,4.45,28.414000034332275,23.3,61976000.0,63773000.0,31254444.444444444,18249444.444444444,60.0,67.8,57.2067039106144,21.0,282.0,170051.25,198092.75,6333950.0,8444950.0,27433500.0,1641.0380904761903,1683.0,146.9,2.12,38.0,,680.0,0.23,155946.2,81.1,77.2,31.6,72.2,85.6,75.9,72.2,46.2,219.0,-2.417136794043273,1.5057003931921222,4.382822396918229,1.6067668828501525,0.9856935603661299,-3.501576611257029,1.4469290524494105,3.155640327266873,6.931782928585584,-0.9834913092040765,2.450171260094101,9.734648029517956,0.011858549167495624,15.903857362473172,0.02327698998878347,10.593312828250356,-0.0033145857606466933,12.444965725310064,0.030046304106187804,19.83343337334933,0.06846250084262095,33.494340965496306,0.05581086162274573,34.33800718011244,0.05082235035803784,45.27554032222228,0.050811936915806655,45.315869227848935,0.02205782200666384,26.631824621628432,-0.4350431926377163,-59.238037017237154,-0.3480542008948255,-67.2752808988764,-0.027651531330510792,-0.46511627906977715,-0.29869713268245857,-63.42592592592593,-0.16154442885219655,-45.77464788732394,-0.02729214228800725,-8.111380145278435,-0.02074510026984644,-2.1712907117008573,-0.006901338640692423,-14.757969303423845,0.04625912338191274,9.774436090225569,-0.10031034454774534,-9.040247678018575,-0.12260232209233246,-17.85714285714286,-0.09531017980432566,-7.356948228882832,0.021219646418727756,19.83616149795191,0.0014760150281203366,20.426287744227345,0.0061857590870859624,23.507616303005353,,,1.192914052272842,16.53898907213771,36.372874122889876,15.903857362473172,8.258350309576347,10.068440704457723,0.49999999999999994,0.8660254037844387,1,1
1399-02,1399-02-01,2020-04-20,1399,2,45540.37037037037,5.08,27.334782641866934,31.0,66202692.307692304,67658518.51851852,34763600.0,19588750.0,62.52,69.1,58.6592178770949,30.4,263.0,175341.85185185185,205179.25925925927,6678740.740740741,8904925.925925925,28930000.0,1713.521286956522,1716.0,143.9,1.58,35.6,,685.0,0.24,165174.44444444444,81.1,77.9,39.2,67.8,85.4,76.5,72.4,51.6,205.8,9.309918160832709,1.5571346253654414,5.808310765128866,8.532852904919253,7.681614548502047,9.808110978787532,1.4564278984984795,4.416580590085317,5.245006445584011,6.9204073678857725,2.2399556813315344,4.921470249039217,0.05749107850149571,13.173429843478445,0.030637645390411805,7.599113124224655,0.03514867709666092,8.432255267790744,0.036198659027096625,14.487764113808987,0.0591433638553589,36.28652985166365,0.06597391808687547,37.89015350299367,0.053005403733415335,48.63024825233093,0.053035968871414596,48.597351280332845,0.04322146175540187,33.6644142394551,-0.03872200198478781,-62.01008139368778,0.28553384391349157,-56.02836879432624,-0.002339182353171765,0.47058823529413374,0.21551962620355036,-53.990610328638496,0.1105418743998241,-38.424821002386636,0.00787405643090544,-5.555555555555558,0.0,-1.0975609756097682,-0.06287785095243148,-19.66824644549764,-0.06216690641655198,3.157894736842115,-0.02063346928651022,-15.897136177673865,0.042559614418795855,-11.111111111111116,0.007326040092073605,-7.806191117092864,0.02507363755211678,21.037463976945325,0.018992535827274892,21.441124780316343,0.04114194333117549,24.96502098740756,,,5.917582117707543,20.055926548453694,42.959743441793584,13.173429843478445,8.26813425155436,10.13043044264277,0.8660254037844386,0.5000000000000001,0,0
1399-03,1399-03-01,2020-05-21,1399,3,49333.5,5.1,38.98904764084589,39.9,72795000.0,75080900.0,37844736.84210526,20727777.777777776,64.04,70.1,59.8324022346368,39.5,273.0,192347.5,225001.95,7350220.0,9796550.0,31850900.0,1721.7308954545456,1732.0,148.0,1.75,34.0,,756.0,0.27,178892.38095238095,83.2,77.3,48.5,68.2,88.3,79.6,73.6,58.8,198.4,6.844797732481922,1.450573100026682,3.2872745000574355,3.1900944294878997,3.1003261588029574,8.808061439985693,1.9231061275563834,4.7060006094335805,3.6370815426613134,8.518898990485546,1.8445736607296175,5.975872371381108,0.07978224682937274,32.891369086309496,0.09256612437743073,26.957437188748923,0.09222503638001633,32.28269448694603,0.08000417000778093,35.09897050139919,0.1040929317194923,62.97687543668049,0.0949261401088144,62.285755687985315,0.09580078683678117,74.29612262017329,0.0954256844287471,74.4663989385858,0.004779634036201408,30.075678573914356,0.3551207962943108,-39.14962535507305,0.25238911941067155,-36.96682464454977,0.0333940068153904,0.2270147559591429,0.21288705114702067,-36.435124508519,0.13062018241706363,-24.904214559386972,0.03972335201784727,-3.280680437424066,0.025564386705795528,-0.952380952380949,0.0058823699030670085,-18.61575178997613,-0.03661962854917622,-3.736050460941287,0.02809365987079282,-24.14146591491543,0.1177830356563836,-3.57142857142857,0.0986225379173078,1.749663526244949,0.019802627296179764,22.50355846241785,0.014368063266919862,21.701388888888886,0.024021382575238448,25.864779874213852,,,8.3051204162218,16.082606247030927,39.15565012522282,32.891369086309496,8.35915540435494,10.214782686776722,1.0,6.123233995736766e-17,0,0
1399-04,1399-04-01,2020-06-21,1399,4,59654.92,4.7,42.6047621227446,42.8,92656400.0,97992115.3846154,49795600.0,28811600.0,67.43,74.9,63.6592178770949,42.1,305.1,233034.92307692303,273583.26923076925,9294761.538461538,12388842.307692308,40174269.23076923,1789.7495318181818,1847.0,152.6,1.8,34.9,,821.0,0.27,217190.0,84.0,78.4,51.6,72.0,89.2,82.0,74.2,61.7,222.1,2.626523749079368,3.6831695733733056,9.35599366012525,17.447246730227306,13.629286826959408,3.895667516669832,2.588773555018084,-7.7463765496908366,12.467498304952862,0.37225163048582033,3.375992380612326,7.038234249183617,0.19398814518065066,70.16359020965872,0.19188469481125026,61.74627962618757,0.19549696457276333,70.73998156322429,0.18997326281384908,71.66344549026581,0.2663208213147463,120.86055861538578,0.2412507559925139,116.35066276230029,0.2347207212761795,119.77611671912007,0.23476597076038885,119.76251913505136,0.03874556432671916,26.61581618221558,0.08868525697882434,-34.23567298875068,0.0701617786919333,-33.12500000000001,0.010140931976049039,2.6467203682393414,0.06195787454407986,-32.98701298701299,0.048142076006761236,-21.700507614213194,0.02970515441391619,-0.4854368932038944,0.009569451016150587,1.2048192771084265,0.054221554166638875,-12.938331318016926,0.11284253604960881,13.20081549439347,0.030607845086241703,-19.429778247096095,0.0,-3.57142857142857,0.08248173327289443,9.75935828877006,0.06199677823799021,26.822481914301697,0.06623109648263004,24.625623960066555,0.051582134617976116,30.47600619195048,,,21.40818901494381,39.2723900935066,62.30663547157664,70.16359020965872,8.555130561304399,10.542725058531731,0.8660254037844387,-0.4999999999999998,0,0
1399-05,1399-05-01,2020-07-22,1399,5,62557.6,4.63,44.38826088283373,44.3,104651200.0,109076400.0,54495833.333333336,31680000.0,69.56,77.0,65.8938547486032,43.4,341.9,252892.4,299694.4,10533240.0,14044160.0,45625600.0,1963.555204347826,1969.0,149.3,2.86,45.9,,867.0,0.29,226971.2,86.7,85.6,54.3,78.3,91.2,85.4,76.4,64.6,223.0,-1.0936364569190005,2.6501416409916474,-8.119795819709452,-2.841322238644395,-0.943292106436644,-0.11627112998553457,2.6771783694836633,-8.647188321494426,-1.1769054186487438,-0.8633850042816249,4.921563203109516,12.952530097853554,0.04405059070151118,91.20532878963137,0.08177577503618672,88.4377600602379,0.09115725538973152,106.55442132590002,0.047511106047288365,93.17341293327499,0.10716153395759065,161.76102305936558,0.1217348881025373,156.4886094873963,0.1250850051002459,155.86058173711442,0.1254103973672116,156.21301787142264,0.09268102621493224,33.45065410257699,0.0410090060024908,-26.917212117586697,0.03444657446333865,-25.29510961214165,0.022173857494322213,7.674144037780395,0.05100255445237245,-24.16201117318435,0.04593047987721377,-12.82051282051282,0.04062685353027096,7.828282828282829,0.03163708494318307,7.568238213399514,0.0838814839807025,-4.1615667074663465,0.004044040559737283,23.136388735505253,-0.021862414305211963,-8.74083129584351,0.0714589639821448,7.407407407407396,0.05451586732811364,9.331651954602771,0.03450105016198979,31.274346132442886,0.027651531330509904,25.816993464052285,0.031099666739591747,33.027347485178815,,,4.503522261614257,37.41302461370808,64.97247989824196,91.20532878963137,8.587534540189713,10.355446187497863,0.49999999999999994,-0.8660254037844387,0,0
1399-06,1399-06-01,2020-08-22,1399,6,68770.8,4.6,42.97500019073486,41.1,113202400.0,118886875.0,60012000.0,33840833.333333336,71.86,79.1,68.240223463687,40.6,358.4,282068.5416666667,329509.2,11399240.0,15199160.0,49431791.66666666,1944.5455,1922.0,166.1,3.95,46.1,,906.0,0.28,250366.0,89.3,87.1,51.2,79.6,95.2,87.6,76.1,63.2,247.7,10.531109771184788,1.7989564607474187,5.579071314851447,12.95238275459667,9.762175754915958,8.059508854487163,1.6858681860867804,5.0435487586558025,10.19720389267107,9.373815354760673,4.962842639800817,16.320728901522052,0.09810071007328602,119.39557249734372,0.10918599513980354,123.48649676701658,0.09484098584931466,133.65016264179843,0.09469150391376502,118.84141664182329,0.08612385659148813,192.91025059162968,0.0785444513374216,181.6264011951977,0.07901071538545423,178.3571974784246,0.07903351216038956,178.32862519456611,-0.009728436247079308,28.32407981489611,-0.032356484241823136,-30.30497159358537,-0.07497655554890059,-34.02889245585874,0.042925044717033956,13.064133016627078,-0.0587846948944275,-32.275132275132265,-0.021910109635744135,-17.81534460338101,0.025434897147821545,10.188679245283016,0.029547604095957247,10.656753407682773,0.016466489853579347,2.3136246786632286,0.10504656503519527,30.643459915611814,0.10663231207410462,5.594405594405583,-0.035091319811269894,7.692307692307709,0.04400032926243824,16.302952503209234,0.03498899185006543,34.452394056136406,0.026907452919924246,26.35782747603832,0.03253009219929037,37.16358083603741,,,10.307387016502535,39.95341705840703,62.46157405317565,119.39557249734372,8.676273691822246,10.429368536849825,1.2246467991473532e-16,-1.0,0,0
1399-07,1399-07-01,2020-09-22,1399,7,81573.47826086957,4.42,42.05318190834739,40.5,137687727.27272728,144984565.2173913,80192272.72727273,51366818.18181818,76.54,82.6,73.04469273743,39.9,357.1,342119.17391304346,387252.60869565216,13470221.739130436,17912117.391304348,58582772.72727273,1896.0915181818184,1900.0,186.7,4.89,54.7,,915.0,0.3,296335.04347826086,91.2,81.4,51.6,79.8,98.8,89.0,77.7,64.0,272.4,3.4141328563386253,3.44116693975779,-9.15204717006155,10.615976552178097,7.439191504846221,0.7232627060432151,3.1575899316362506,-8.392593099320322,3.9781239257013823,0.035411923626149644,4.290888567944108,-12.833964830431377,0.16856687058786868,159.14104724874326,0.1930090411375076,171.30987931534972,0.1614729410928657,168.788628492599,0.17072495158273426,158.43912176329513,0.1984548792541787,263.77750809956706,0.19581090824512515,246.581851133713,0.1669347654776523,231.61083818864842,0.16423726988753629,230.60008737739756,-0.025233601920199078,26.678691106768525,-0.021683502511380848,-29.824706763572017,-0.01470614738969589,-31.818181818181813,0.03711766295650243,14.484356894553873,0.007782140442055052,-29.023383768913348,0.012578782206859707,-14.893617021276595,0.015855371789793793,10.97256857855362,0.021053409197832273,10.948905109489049,0.0025094116054260596,2.7027027027026973,0.09505323778004282,36.54135338345863,0.11691303392842745,11.729503291442246,0.06899287148695121,7.14285714285714,0.009884759232541285,18.67704280155642,0.06803730524128326,41.427798810167694,0.043296805753324286,26.29969418960243,0.06309369831218348,43.46766635426429,,,18.360737271938234,36.44046386954321,90.02389508578013,159.14104724874326,8.868442059220097,10.763339165844402,-0.4999999999999997,-0.8660254037844388,0,0
1399-08,1399-08-01,2020-10-22,1399,8,76488.04761904762,4.4,41.70909083973277,43.2,125453181.8181818,131223136.36363636,71333333.33333333,48479545.45454545,78.43,83.5,76.8156424581004,42.3,359.6,315445.7272727273,366467.2727272727,12211427.272727272,16247831.818181818,52762909.09090909,1890.2496954545456,1866.0,190.4,4.84,59.1,,974.0,0.31,273529.5909090909,94.7,81.2,55.3,80.0,104.0,92.8,78.8,67.7,273.0,-11.037576885235723,5.021700948730183,-15.331661298642985,-11.026110249052579,-8.289462957731075,-9.272800975687545,3.016551544731105,-8.55691527307556,-5.889808004379482,-6.5451419998799665,3.772998121698523,-9.354322489178912,-0.08008090838546345,136.74195043685899,-0.08117249223663237,147.3561400274492,-0.05516799518649229,143.19677320146278,-0.06436969947449356,138.4778091156854,-0.09972808477989759,225.3703720168903,-0.09305563947430073,212.8555952954773,-0.09810927694478622,197.4213652195028,-0.09751795975460809,196.51071608759713,-0.0030857374087736034,27.531059923167156,-0.008215942401864407,-32.73171118199245,0.06453852113757153,-31.100478468899517,0.05129329438755015,15.68409343715238,0.06925123604077177,-27.806788511749346,0.0562030965585576,-13.647959183673475,0.04181027006001514,13.170731707317064,0.03765910311174636,11.150234741784026,0.002503130218117988,6.666666666666665,0.0022002209096028125,34.35039370078741,0.019624071809588806,14.491882140709556,0.03278982282299103,10.714285714285698,0.062487238367014086,26.4935064935065,0.05033681416159386,46.4323748668797,0.010836951329877387,25.942684766214175,0.02439302722701875,44.7849363116116,,,-7.695833844518962,20.512906883820882,65.60043039895989,136.74195043685899,8.773418519684085,10.745929483337887,-0.8660254037844385,-0.5000000000000004,0,0
1399-09,1399-09-01,2020-11-21,1399,9,70757.2,4.4,49.185789610210215,49.9,113115160.0,118715560.0,61992000.0,42191200.0,79.55,83.9,78.3798882681563,48.7,388.5,307371.56,345289.92,11130396.0,14829228.0,48236080.0,1835.401325,1858.0,198.8,5.86,63.9,,1026.0,0.31,256970.04,97.1,82.2,63.7,81.5,107.3,97.4,79.9,74.8,268.6,-0.40984999228577124,2.303062942640198,6.86476354432628,5.249486564501282,4.874931632363655,2.4985689181910686,1.5918490922462316,4.845174323825319,1.626357799792899,-0.3625819950435982,1.1625555882322633,3.071689408894507,-0.062450307237194025,99.89019537071897,-0.02592933692887378,119.9014606945215,-0.05952480858881337,104.13174740671943,-0.07788019022190795,99.32862299836474,-0.10016882540032768,166.5298316699898,-0.103526220917189,157.82995988329685,-0.0926924308749868,148.11825774592268,-0.0913593751472952,148.10328734251237,-0.029445771026384904,24.987929798311924,0.16488564192440514,-23.287442743819177,0.14418050750740807,-24.27921092564492,0.031237750495280103,16.37744034707158,0.14141165404982825,-19.469026548672552,0.09973170506220264,-7.196029776674939,0.048379570856334375,16.507177033492848,0.025027375105246996,11.48105625717566,0.018576385572935727,12.258953168044084,-0.016248511095822593,27.358937885253674,0.0431721718652085,19.041916167664684,0.0,3.3333333333333437,0.052011722088179724,23.02158273381294,0.020159070001789736,44.7884416924665,0.004778981616350819,26.16541353383459,0.01417924755922062,41.67408726625111,,,-6.054025399611895,2.63775432766431,43.64504437357923,99.89019537071897,8.710171859835484,10.665888257704397,-1.0,-1.8369701987210297e-16,0,0
1399-10,1399-10-01,2020-12-21,1399,10,69060.91666666667,4.46,53.35000028108296,54.6,111127104.16666669,114550291.66666669,61046666.66666666,40994333.333333336,81.18,85.6,79.8044692737429,53.6,421.3,305285.8333333333,341819.1666666667,11166275.0,14890137.5,48366041.66666666,1875.520659090909,1867.0,234.5,7.27,73.0,,1099.0,0.34,250447.66666666663,102.2,82.6,69.9,86.2,115.0,101.8,81.1,80.4,289.3,-10.745069460221046,1.887556403375745,-5.426946714079861,-7.889053704302995,-7.26509033559779,-11.804277998881219,2.0667364129551715,-4.299174786832793,-6.09377647786058,-10.072581319448481,1.6683820972073196,-4.291778162985871,-0.025709519027531158,87.16017375741791,-0.006808812713931189,110.38433065300084,-0.010102567175808375,93.75197208193282,-0.024265332774161763,86.65387778034403,-0.03571642470635794,139.7210997660599,-0.01773178602348935,133.9573953124876,0.0032183307515758486,129.9282018547152,0.004098982885867741,129.85427424102411,0.021623142407562135,22.052748843831637,0.08126923029807376,-19.578926055074575,0.09001287999338636,-14.150943396226412,0.06930347872659759,22.47071352502661,0.09288108666164696,-8.147174770039411,0.0721962912044889,2.0304568527918843,0.04418389346793283,20.759193357058138,0.05119030247232459,15.873015873015884,0.05606715742283086,19.225449515905947,0.07424092789295234,28.864142538975514,0.16515629366385998,36.49592549476135,0.09237332013101529,9.677419354838722,0.06873292867290637,25.456621004566205,0.018012141568366502,46.2128966223132,0.020059669674535208,27.570789865871824,0.0202831566269559,42.34613361388744,,,-2.5381843476124266,-15.484964678151725,15.312706232638075,87.16017375741791,8.691767048179496,10.258594891014836,-0.8660254037844386,0.5000000000000001,0,0
1399-11,1399-11-01,2021-01-20,1399,11,67624.8,4.66,58.82666651407877,62.0,108530200.0,111238400.0,62402000.0,41400000.0,83.36,85.6,81.7877094972066,60.5,528.9,288849.6,340228.4,10997360.0,14663040.0,47642800.0,1831.231059090909,1808.0,245.2,6.16,97.5,,1124.0,0.36,243506.0,103.8,83.4,80.4,105.4,116.6,104.6,82.8,88.4,289.4,6.475514947565486,1.9274518241958323,4.1793822876943665,8.330777012195156,5.797106016041909,3.674727362047392,1.5052303066308659,3.912876335780169,6.020845994126134,3.313604831301653,2.3610856663757036,5.175848279724171,-0.02810840032055495,76.99068732112842,-0.055342358794007396,92.2782612722384,-0.004664688003915174,88.06970539022778,-0.021014185679614883,77.58937868795557,-0.02933830914455271,119.65858041329737,-0.02364615352324506,115.35367530717426,-0.015242830927157058,112.6260237710754,-0.01536903909283538,112.58967378114701,-0.023897855152354985,16.353023996913187,0.09772128122680535,1.901329129571372,0.12710050229423242,12.72727272727272,0.013817145553141508,28.839779005524857,0.13994852694515636,21.26696832579187,0.09485779345867762,24.157303370786522,0.02713344751440072,28.976572133168933,0.015534292962184004,21.261682242990652,0.20109245843761414,48.660084626234124,0.00034560221529389423,34.41709242916859,0.044618616175722714,45.34676941315945,0.05715841383994835,9.090909090909083,0.02249307605001505,40.5,0.02454747285043002,48.178137651821906,0.0,27.002967359050434,0.02649966659430536,42.715288478000346,,,-2.7717034696536635,-10.976359380096978,7.2849771248510775,76.99068732112842,8.700422072404695,10.115009420442725,-0.5000000000000004,0.8660254037844384,0,0
1399-12,1399-12-01,2021-02-19,1399,12,68863.63636363637,4.72,66.46285629272461,65.2,106092727.27272728,108726666.66666669,63945454.54545455,40434090.90909091,85.59,86.9,83.2681564245809,63.8,534.1,291442.2727272727,351243.1818181818,10622318.181818182,14163181.818181818,46010000.0,1739.6914428571426,1718.0,245.2,6.13,65.6,,1285.0,0.34,248514.54545454544,102.9,83.4,80.8,111.3,115.3,105.5,82.8,88.9,273.1,-0.8559429085767789,1.9793174519000458,-4.089620326950083,-3.386012532675764,-2.669495376167319,2.1668526796748466,1.2058501294698423,-2.2670880556287187,-1.5993551479592583,-3.6405309755496162,1.5915144871324853,-4.7710537102521045,0.02035979396382004,61.260172026772494,0.00893581351354733,75.4210816757413,0.031861652482589875,76.72574261403162,0.018153484909017692,61.570926599642604,-0.02283855838630444,82.57113375969789,-0.022714977962749572,81.00910458641604,-0.034697967460253665,76.44791941602618,-0.03468427424882137,76.45383092999974,-0.05128068476118486,8.376009530711514,0.12204797538120538,51.39438457417222,0.050325083887515554,97.57575757575758,-0.011211846641378642,31.02272727272728,0.004962789342129348,89.6713615023474,0.0056401728762605075,63.72007366482506,0.008567401285298537,35.25641025641026,-0.008708327891784329,24.2753623188406,0.054466622174237145,53.0949105914718,-0.05797178571772399,30.607364897178392,0.0,50.98522167487685,-0.05715841383994835,30.76923076923077,0.1338649668756844,71.79144385026738,0.017939218596868756,48.67830423940147,0.015072749123650198,28.360413589364853,0.02639987588846182,43.535133322153285,,,2.0568468352095914,-3.2904592867925686,-0.7394991913656668,61.260172026772494,8.717004789705626,10.235681590932758,-2.4492935982947064e-16,1.0,0,1
1400-01,1400-01-01,2021-03-21,1400,1,68908.42857142857,5.17,64.23428653535389,64.8,104667047.6190476,106732857.14285716,63523809.52380952,40333333.333333336,88.68,88.4,85.5027932960892,63.0,543.4,286535.5714285714,348163.61904761905,10546195.23809524,14074190.476190476,45667476.190476194,1737.6523409090908,1760.0,268.2,7.15,71.3,,1386.0,0.36,248907.9523809524,105.6,84.2,80.8,110.2,119.8,108.9,82.0,90.1,281.0,-4.653340027601516,1.3126169606912501,-4.457409121913258,-5.562883222006221,-3.7916695001086964,-3.1810035206412124,1.0201754008834352,-2.303669137375053,-2.7323467271974877,-2.880680849621875,1.7481932023406732,-4.196362801327602,0.0015817821274488608,59.61142521007397,-0.016979263926355515,68.49953847947098,-0.008806270309355213,75.75788061280338,0.0006502364523832682,56.890506715819456,-0.018508037173390335,67.36370743552469,-0.013529160395965079,68.88319287957853,-0.007192122596855199,66.50266007933818,-0.006303110338524931,66.6580675574216,-0.001172792975657977,5.8873862217826645,-0.034106113303751684,126.06562419138601,-0.006153865574378692,178.1115879828326,0.038286258406335705,39.953271028037385,0.0,155.69620253164555,0.013408022094433036,95.02164502164501,0.03171907702279331,43.47826086956521,0.025900728432157294,30.209617755856975,-0.009932361562684733,52.63157894736843,0.028516640854086006,28.31050228310503,0.08965876678552132,82.57317903335601,0.05715841383994835,56.52173913043477,0.07566318242052805,103.8235294117647,0.026482845267340238,49.462890625,0.017113937372251975,30.38348082595872,0.03546593085459193,47.80000000000002,,,0.15830338046709524,-0.6147848395663069,-16.00455030246456,59.61142521007397,8.71098546008443,10.12050836659215,0.49999999999999994,0.8660254037844387,1,1
1400-02,1400-02-01,2021-04-21,1400,2,62690.260869565216,5.48,67.48173887833305,68.0,97842913.04347828,99201913.04347828,55632608.69565217,35965217.39130435,90.22,89.3,86.1452513966479,66.4,574.6,268537.6956521739,323014.39130434784,9871930.43478261,13164500.0,42786173.91304348,1815.3501869565216,1850.0,305.3,8.91,83.5,,1575.0,0.38,227003.7391304348,111.2,88.9,86.3,116.7,127.6,116.0,82.8,96.1,297.3,1.83591792248734,1.8105369520485308,-4.161488123563473,1.0243059073708594,1.6853164411251953,3.2005789767822534,1.674661504634621,-4.930173919850844,-3.289028963361851,-1.7794717825864836,2.4019861132425033,-4.96477141189402,-0.09211666968143817,37.43272447136115,-0.06487138942662618,53.1509407571811,-0.07497566160448521,57.43033310018686,-0.0945723944975132,37.658653980453714,-0.0731717515699124,46.62146794764084,-0.06742107242693862,47.792951665365415,-0.06606973351819789,47.81125391742202,-0.06681884462263454,47.83390799099958,0.04374341674374893,5.942669097555431,0.04931989982076601,146.8713205532339,0.04820210181787843,119.35483870967741,0.06307668522934051,49.41451990632317,0.06585263256233187,120.15306122448979,0.06446915136195486,86.24031007751935,0.06316016116744994,51.63398692810457,0.05167201054432091,37.11467324291,0.05730964257369564,72.12389380530975,0.056387060670306965,44.4606413994169,0.12956192889325457,112.16122307157748,0.054067221270275856,58.33333333333335,0.12783337150988494,129.92700729927006,0.007485795737808054,46.857142857142776,0.01012951823885544,29.232995658466,0.017216747232139618,44.305822136916184,,,-8.800125926468304,-6.776942198370961,-17.00944004779329,37.43272447136115,8.601172309822482,10.048886962771919,0.8660254037844386,0.5000000000000001,0,0
1400-03,1400-03-01,2021-05-22,1400,3,64979.6,5.68,71.68699989318847,73.1,104281320.0,105524400.0,58616000.0,38228000.0,92.12,90.4,88.3240223463686,71.8,604.8,282484.0,339866.0,10643840.0,14191840.0,46109200.0,1869.6030952380952,1835.0,292.6,10.3,94.7,,1518.0,0.38,237314.8,108.7,90.0,93.9,135.5,123.4,114.6,82.5,100.7,285.6,-1.2726050371874464,1.6188798333921155,-5.63583027614456,1.401051464865688,0.042278332984224676,-1.9336738605090886,1.2590964600127665,-3.54433622477508,3.303138093336244,2.1985245737909054,1.3659573377820875,3.5525172175834285,0.04442104052106899,32.657857610587904,0.05063061422932691,46.861279715098966,0.05085454492644992,51.050246453419625,0.03586726794175732,31.714960422431005,0.06178490697860539,40.54759599312207,0.06372898273402328,43.2534102616938,0.07528590064113061,44.809815216415295,0.07514333881055535,44.86569251420143,0.02944777022470113,8.58857793479455,0.06045239251719625,83.86445484266561,0.07232066157962613,83.20802005012531,-0.03346925943940171,39.75084937712345,0.0844007881248352,93.60824742268044,0.04675648374827013,71.25850340136056,-0.012142386825725104,43.96984924623115,-0.022738587689318024,30.64903846153846,0.14936510102724565,98.68035190615836,-0.040149499538623346,43.95161290322582,-0.0424884111548085,97.70270270270271,0.0,40.74074074074075,-0.036861593304158724,100.79365079365078,0.024977283086197843,47.619047619047585,0.012242779515677427,28.95863052781742,0.020840942972234267,43.84759525296688,,,4.542242744134062,-4.506676031401124,-7.648844978192793,32.657857610587904,8.647010440238912,9.914128735493957,1.0,6.123233995736766e-17,0,0
1400-04,1400-04-01,2021-06-22,1400,4,67449.28,5.59,74.24590925736861,74.4,104294800.0,106105560.0,56185200.0,35938000.0,94.31,93.7,91.4525139664803,73.3,613.0,292202.625,346224.8,10568748.0,14091560.0,45793880.0,1795.6648217391305,1808.0,278.4,12.51,112.7,,1468.0,0.39,247717.28,108.2,92.6,98.3,153.0,122.3,115.0,82.0,103.8,294.3,-0.11840505753397679,0.9140832915698138,2.307129151162357,-0.24434421554637709,-0.11717817476863956,-0.30084718102081354,0.7214110323712881,2.3611477812981008,-0.5632431402114335,-0.5818995827702622,0.7230398150708455,1.985207327827787,0.04290056606365944,14.05556425249781,0.03382557103473438,25.390057911425657,0.01853685279120043,26.551890754678098,0.03730253354125246,13.065745457373845,0.0054922418439886656,8.279691262444565,0.00012925736674773702,12.560816090415772,-0.007079976631985119,13.706499690892882,-0.00709111494413861,13.74396130016493,-0.04035083220624269,0.3305093710481044,0.035073263329572946,74.2666912291768,0.017627575083313474,73.8317757009346,-0.008954068778161073,37.10762331838564,0.04579364093890348,90.50387596899223,0.030320171007271135,68.23338735818476,0.00348432408261079,40.24390243902438,-0.004610427714782261,28.809523809523817,0.12146628107267965,112.5,0.030007424773998537,32.507879333633504,-0.049747560125759094,82.43774574049803,0.02597548640326064,44.44444444444444,-0.0334927487811143,78.80633373934228,0.03480774016166244,43.65949978060544,0.03585392184624503,25.100133511348453,0.023495153603309227,39.86356221266498,,,4.383409715702524,-0.47835851348376757,-1.090202477430402,14.05556425249781,8.68028129581317,10.039558138769133,0.8660254037844387,-0.4999999999999998,0,0
1400-05,1400-05-01,2021-07-23,1400,5,71026.52173913043,5.61,71.394285656157,70.0,109295000.0,114163478.26086956,58749565.217391305,37060434.782608695,96.56,95.7,94.3575418994412,68.9,603.1,297867.8181818182,363470.4347826087,11081608.695652174,14775260.869565217,47983913.04347826,1786.2065095238097,1785.0,256.6,15.43,129.8,,1434.0,0.43,261071.36363636365,109.4,97.1,96.3,159.5,122.9,114.2,82.7,102.2,324.5,6.071781178065905,0.9915475216875238,2.4657524038214973,4.499706422236827,3.05215398590164,5.7118524522991265,0.9069207617363055,2.7355026837035723,4.8276839498488044,5.799552160336141,0.7997333078931258,2.056845327980561,0.0525056979725953,15.024004647445866,0.019202342104767567,17.78440877694156,0.048609683747745436,21.280355850028787,0.05167744488904269,13.537798347651497,0.07319699336221319,4.663775354585931,0.04682914390218329,4.437407311144059,0.0473855154908982,5.206078050553997,0.047378182680464676,5.205728712612334,-0.0052812249934861555,-9.032019799154101,-0.03916484867240744,60.84046600655919,-0.06096069978968721,58.013544018058695,0.004893973878862923,34.758771929824576,-0.020555708349040636,77.34806629834254,-0.015534292962184004,58.2043343653251,-0.0069808311413401825,33.72365339578454,0.011029523575499134,26.182237600922733,0.041606000832463685,103.70370370370372,0.09768588090471741,45.51569506726458,-0.08154047627872885,71.86872069658405,0.09763846956391597,48.27586206896552,-0.023433188014895023,65.39792387543253,0.031271339436664825,43.19626960576526,0.021120109214532334,24.28571428571429,0.023577348233482454,38.815411155836685,,,5.3908567203562185,15.00751689660662,7.213523952741885,15.024004647445866,8.732948036297554,10.302067271664372,0.49999999999999994,-0.8660254037844387,0,0
1400-06,1400-06-01,2021-08-23,1400,6,74795.92592592593,5.77,73.00727220015092,74.6,114949259.25925924,119788518.51851852,61074814.81481481,37137592.59259259,99.08,99.4,98.0726256983238,72.8,643.8,317503.7037037037,380795.9259259259,11615444.444444444,15487037.037037035,50316666.66666666,1794.446508695652,1775.0,235.6,22.84,178.4,,1399.0,0.43,274651.1111111111,108.2,100.9,107.2,160.7,120.3,112.8,82.6,109.0,337.6,-1.3349737372941206,0.7568681214589172,-1.7083092276227063,-0.453142358288261,-0.9286501094546651,-0.7990592154456522,0.9346376712369698,-2.4314184668448036,0.2643844661591288,0.20328372749371937,0.9211815634975796,-2.1357002498323396,0.050707811490065424,9.699843873014347,0.0638396585193135,12.562606885425875,0.046565645318722204,15.564580875412858,0.05171006435407932,8.761168876799342,0.0480964013427716,0.758404591355033,0.050440158680878255,1.5431291732854069,0.047048770267835494,1.896656658202156,0.047049134540365856,1.8940325454632756,0.0046025200854140635,-7.718975529466809,0.022341222051071696,69.88312245753248,0.06364526516035607,81.50851581508513,-0.021382393591355964,26.36554621848739,0.10722792983262153,109.375,0.06441620445953955,72.46835443037973,-0.01233495815795127,28.767123287671236,-0.011029523575499134,21.164613661814123,0.007495350518567534,101.88442211055278,0.03957622657765736,36.29390391602747,-0.08538300040410451,41.84226369656834,0.0,53.571428571428555,-0.024710046494083926,54.41501103752759,0.03861707880068632,43.71674171101105,0.037933815203619936,25.663716814159308,0.025763027831883,37.87920957417199,,,5.201546154124426,15.732820334471832,10.517117059993652,9.699843873014347,8.775394286479976,10.312865692867415,1.2246467991473532e-16,-1.0,0,0
1400-07,1400-07-01,2021-09-23,1400,7,75219.04761904762,5.53,82.00545397671786,83.7,113700428.57142857,117769800.0,59987619.047619045,35292380.952380955,100.97,103.0,101.703910614525,82.1,672.9,321157.14285714284,378485.4761904762,11494090.476190476,15322980.952380951,49791904.76190476,1762.8543636363638,1777.0,239.6,31.05,222.5,,1484.0,0.42,276270.28571428574,110.2,104.3,123.4,205.5,121.9,117.2,84.9,121.3,354.7,-0.0677822737088718,0.5311220806085575,1.401269436104613,-1.3298938229439727,-1.3534026306032843,-0.035593979565007317,0.7027306428488067,-1.7321836037250904,-2.536532960975002,-0.7704280735778113,0.7525616602151746,-1.5092557104017246,0.005878077252463143,-6.770970293780687,0.011441061481427539,-6.127113782061377,-0.006085904014643262,-2.2639311674892193,0.005641074422916503,-7.789824312138149,-0.016995970718280518,-18.770801689535176,-0.010923637095704208,-17.4215227285911,-0.010502598530017337,-14.670369212998036,-0.010649629301685337,-14.45466430551825,-0.01776232981119996,-7.026936899818903,0.11622670159674708,95.00415962683695,0.11509847028571407,106.66666666666669,0.013212413506592746,23.38056680161944,0.14073486283458614,139.14728682170545,0.10691893372086092,89.53125,0.03826553807895383,31.685393258426963,0.018315530306432848,20.833333333333325,0.24590676119282318,157.5187969924812,0.04941059905777401,30.212922173274602,0.01683541446386272,28.334226031065878,-0.023530497410194084,39.99999999999999,0.05898344906184416,62.18579234972677,0.03635747200700212,39.2351816443596,0.03557687456710745,24.697336561743356,0.018895838395070363,31.91795139796183,,,0.5895387048041378,11.526448907514952,10.992952644379738,-6.770970293780687,8.782654017761157,10.246117363001028,-0.4999999999999997,-0.8660254037844388,0,0
1400-08,1400-08-01,2021-10-23,1400,8,76181.2,5.69,83.05749969482422,80.8,119734375.0,121695600.0,62541600.0,36709600.0,102.96,104.5,104.189944134078,79.9,726.7,321704.8,380318.4,12105840.0,16141240.0,52454800.0,1822.48848,1822.0,248.7,27.62,202.6,,1443.0,0.43,279696.0,111.2,106.3,115.0,240.0,122.9,116.7,85.3,115.6,379.5,2.9028387380822807,0.7798304346272192,2.5886549020540883,4.9345129275998545,6.205139374615598,3.3639384876614997,0.9330777407399387,3.032746819657106,2.0539687642381566,1.667839886025746,0.7167470625608271,-1.7113775999666458,0.01232361648299296,2.2543846427784064,0.001703809912619647,1.9841995583161687,0.004831096498040921,3.7796355373417967,0.01271022140324618,-0.40117067777163395,0.032790973235009346,-7.260561382433595,0.05170857754359304,-4.558518752015406,0.05185494913902389,-0.8646595550962921,0.05202376312630719,-0.6560371831430434,0.03326857101574987,-3.584775895877146,0.012747378387919284,99.13524371454838,-0.035262011968379525,87.03703703703702,0.008169980084763218,18.173076923076927,-0.07049898310803737,107.95660036166366,-0.04813085971172715,70.75332348596748,-0.004275337850402572,25.7543103448276,0.009033485097667437,17.4234424498416,0.15519288940570153,200.0,0.06758223505610861,39.01098901098901,0.037276484568065094,30.619747899159645,0.023530497410194084,38.709677419354826,-0.02801686495345468,48.15195071868583,0.024149864462427395,35.63636363636364,0.014458083175229675,25.149700598802394,0.019517120271641986,31.27629733520334,,,1.239986514241731,7.13392541572575,23.212067374488733,2.2543846427784064,8.801240395884431,10.052635752661525,-0.8660254037844385,-0.5000000000000004,0,0
1400-09,1400-09-01,2021-11-22,1400,9,76910.76923076923,5.75,74.2538088843936,74.3,126596538.46153846,129362307.6923077,67301153.84615384,38309615.38461538,105.15,105.6,105.921787709497,72.9,745.0,314066.53846153844,397755.7692307693,12824461.538461538,17099115.384615384,55545000.0,1784.8684636363637,1790.0,264.5,38.03,236.5,,1411.0,0.42,295543.4615384616,111.1,108.2,112.4,243.5,122.9,117.6,83.9,114.1,376.8,2.101785447697324,1.0467595043811682,3.226337655307532,3.2005871551625376,2.2182077703018166,1.3979494030333939,1.0101062573549924,3.550484114295216,1.4552327112967944,1.7529949063774808,4.620522019778405,10.463561529987864,0.055112604926758735,15.010863343626202,-0.024029485479440282,2.1781385569759504,0.04482937515892971,15.194723677647271,0.009531195626918176,8.696739315248813,0.06109420955161937,8.968283258157307,0.055729419399614955,11.918277321570736,0.0576664240749416,15.220173104906042,0.057649242628809105,15.306847966835392,-0.02085814121624363,-2.753232259088423,-0.11204406087812924,50.965979143251694,-0.08386601380333669,48.89779559118237,0.0,14.538676607642142,-0.02286819090365899,76.45211930926217,-0.013060699370247342,52.54010695187166,0.007682496172016329,20.73921971252566,-0.0008996851708973352,14.418125643666336,0.014478019180653057,198.77300613496934,-0.0071400541334769585,40.282948622486956,0.06159390048899471,33.04828973843057,-0.023530497410194084,35.48387096774193,-0.022425606921056662,37.52436647173489,0.016485350737051263,35.13898788310759,0.010471299867295336,25.864123957091767,0.021047338860837428,32.181018227529876,,,5.66595930526772,7.60686907212198,24.536464450789254,15.010863343626202,8.879764961175617,10.087153156827698,-1.0,-1.8369701987210297e-16,0,0
1400-10,1400-10-01,2021-12-22,1400,10,78323.20833333333,5.81,81.68250045776367,85.5,123007600.0,126629200.0,67114000.0,37541200.0,107.86,109.3,108.435754189944,83.9,699.4,321360.8,390122.0,12488720.0,16651520.0,54096800.0,1813.222113636364,1816.0,276.6,28.26,196.9,,1470.0,0.4,283784.60869565216,115.4,109.7,121.3,234.7,128.7,122.8,86.2,121.8,374.2,-2.8834902752223,1.4485389266204747,-6.10369759520033,-6.532302238804633,-6.454369914450453,-2.503057461850844,1.8738297707940383,-7.522712560670541,-6.286022780652445,-3.053575472667447,2.9851916690069875,-8.50072767473904,-0.040600373666123346,13.310941352612149,0.022959610080063086,5.2655462230750905,-0.019378661059993973,14.131107335018743,0.01819805308347533,13.411770526262433,-0.021353923588986135,10.544633416108695,-0.02875902492888116,10.69090742751213,-0.02652856797002201,11.843206440822929,-0.026525226725688356,11.829188951411629,0.015760713250198677,-3.3216667143907697,0.09535071176657972,53.106841663367234,0.1404054242190016,56.59340659340659,0.04611309803009167,11.913043478260853,0.07620287849041318,73.53361945636622,0.06530509840776677,51.49253731343282,0.043267980248515414,20.62868369351669,0.03797365742841485,12.915851272015665,-0.036808839665666504,172.2737819025522,-0.006924128862218382,29.346698928447967,0.04473116793230414,17.953091684434973,-0.04879016416943194,17.647058823529417,0.040963727919967496,33.757961783439484,0.02345690035404413,35.87679383969202,0.03443802391033213,27.686915887850482,0.02544618776037222,32.865237743286514,,,-3.9787220402706103,2.7199171861492344,14.559875958452384,13.310941352612149,8.837475679955396,10.139485872050939,-0.8660254037844386,0.5000000000000001,0,0
1400-11,1400-11-01,2022-01-21,1400,11,74110.86363636363,5.99,91.32666669573102,95.8,118461681.8181818,120312409.0909091,67286363.63636364,37568181.81818182,110.19,110.0,110.72625698324,93.5,747.1,306944.7272727273,368148.2727272727,12051004.545454543,16074250.0,52209454.54545455,1833.173619047619,1856.0,292.6,27.23,197.5,,1596.0,0.39,270528.3181818182,120.8,111.8,133.3,220.7,136.6,127.6,87.0,131.4,390.5,-3.0570923055773136,1.3216237138492062,4.432089674363837,-3.679105891851364,-3.8071887886729883,-2.6998358564640057,1.3405218180639555,4.536306048637329,-4.844179147919547,-6.237344661322375,1.2115228890071792,-3.1981045321575863,-0.0478387492346819,11.09718782363398,-0.04589678954701881,6.26454988088172,-0.057973738678144926,8.2062146273717,-0.05528183246835283,9.59125000941019,-0.051171361950512306,8.157263221072132,-0.03765659398257881,9.150892395095367,-0.035677815670233315,9.58088618954498,-0.03528289081430458,9.624266182183238,0.010943246965303466,0.10607945660743301,0.1116030364333831,55.24705394257576,0.11374630903409955,54.516129032258064,0.059572832534608544,17.152658662092634,0.09433541123465883,65.7960199004975,0.0758657507747138,48.64253393665159,0.03834335519764753,21.988527724665396,0.04573193142671528,16.377649325626198,-0.06150378959428693,109.39278937381403,0.04263755543975112,34.93434692467174,0.05623406935536579,19.33115823817293,-0.025317807984289953,8.333333333333348,0.08223809823697259,41.99288256227758,0.02090313172092184,35.38251366120208,0.006383970609923573,28.504672897196272,0.02137205859060476,32.18570057581574,,,-4.671250697760998,-3.2777307570297176,3.6223637911612316,11.09718782363398,8.790854617319859,9.98360000920331,-0.5000000000000004,0.8660254037844384,0,0
1400-12,1400-12-01,2022-02-20,1400,12,70738.26086956522,6.07,107.46736827649568,115.6,119357304.3478261,121571782.60869566,69945217.39130434,39597826.08695652,111.91,110.7,112.150837988827,112.4,938.1,289420.3043478261,347217.2173913043,12145578.260869564,16192939.130434783,52632608.69565217,1943.33452,1948.0,335.5,42.39,271.1,,1957.0,0.42,259928.69565217392,129.1,105.0,166.7,257.7,152.0,137.6,85.9,157.1,486.3,2.01878796821795,1.0825534553471563,2.7323649005840167,3.3017630708553014,2.1079101238587583,1.5175571117808317,1.32781912381931,3.2470116733115617,0.9486439168243876,0.9919923694353017,0.9127095399066207,2.839137984385509,-0.039969435183612845,4.592950556174258,-0.058787718033162406,-0.6937800616654943,-0.0585352012228757,-1.1462042924327842,-0.04657553068302356,2.722227005309219,0.010413122814966869,11.814135699946938,0.007532003884261229,12.502814675505736,0.007817153171711055,14.340185004613115,0.0073566783427949645,14.331224002556308,0.05835663943645031,11.705700914893779,0.1627444278971133,61.695380353762566,0.1878732712614628,77.30061349693248,0.10682357370958684,31.8300086730269,0.22359356257208507,106.31188118811879,0.17863643921106487,76.71541057367828,0.07545055458855376,30.426540284360183,0.066451012351882,25.46161321671525,0.1549918043956282,131.5363881401617,0.21939774812999957,78.06664225558401,0.13681546782571274,36.82707993474714,0.07410797215372189,23.529411764705866,0.2039121893863216,52.29571984435797,0.012783730930987502,34.686346863469055,0.006343473922174603,27.387802071346368,0.015488828330250115,30.751255987849046,,,-3.9181194046090217,-12.050601864407295,-5.360406298513465,4.592950556174258,8.74031513105512,10.009550800917708,-2.4492935982947064e-16,1.0,0,1
1401-01,1401-01-01,2022-03-21,1401,1,74830.47619047618,5.97,109.5568188753995,105.8,126047727.27272728,128699545.45454544,73186363.63636364,42175909.09090909,114.09,112.8,115.921787709497,103.4,954.0,300798.1818181818,360748.6363636364,12891154.545454543,17186618.181818184,55846500.0,1945.3859,1937.0,348.2,32.2,243.4,,1948.0,0.43,274992.7272727273,130.4,110.1,153.2,293.7,152.9,138.7,86.0,148.4,495.3,2.2970092948000342,0.9311447843091386,2.587944798781905,4.595422005392891,3.5391029795203366,0.3658251802374224,0.9017460296063206,2.545368941824222,2.7463344805141787,1.3104195242208405,0.8575669572516609,1.9012810481793707,0.05633730512470159,10.479687226646849,0.038559575682276304,4.977605509327088,0.038230846825697995,3.6146847710403884,0.05623863905126392,8.594083106842266,0.05697569108537337,20.580999047263248,0.054539071125098815,20.427326594228656,0.059576207619322474,22.23512133445795,0.05955577724604311,22.114435007065225,0.0010550412314209723,11.954840113887744,0.019256057946472005,70.55816260230516,-0.08858543681407838,63.271604938271594,0.005903592088739806,27.629382303839733,-0.08445153245025772,89.6039603960396,-0.056971214528295455,64.70588235294119,0.007962401821543175,27.36455463728189,0.010019351639956042,23.484848484848484,0.13076272054625537,166.51542649727764,0.018337922184452182,76.26334519572954,0.03715507092235182,29.828486204325124,0.023530497410194084,19.444444444444443,-0.004609483193595665,40.548340548340555,0.0330709868438781,35.57660895132315,0.018792499349367553,27.601809954751122,0.019292633778341894,28.653585926928283,,,5.795447702592815,-3.098082543424263,-0.46243063681472574,10.479687226646849,8.798836297443021,9.983554614968545,0.49999999999999994,0.8660254037844387,1,1
1401-02,1401-02-01,2022-04-21,1401,2,79148.13636363637,5.94,108.42272741144352,112.4,131613181.8181818,136422409.0909091,75092714.28571428,45099238.0952381,117.84,115.2,120.0,110.1,842.5,308403.1818181818,361935.1818181818,13283652.38095238,17705857.14285714,57531523.809523806,1865.96035,1849.0,344.8,29.17,248.8,,1963.0,0.43,284614.38095238095,129.8,106.4,163.6,259.9,153.1,132.1,85.0,153.2,522.3,5.599983459723035,1.750984630939402,5.845141886388561,7.115358743619282,4.715265231713062,3.791704230489046,1.1480863883588628,3.724145319696248,2.867912755740143,6.335637868351718,4.509359822590981,17.771934548856194,0.03439056374516447,25.378719329747888,0.024968411245541944,14.845396684137825,0.0032837223994413023,12.049243489328742,0.05609600272038939,26.25268305760249,0.058275438663979884,37.519937776923506,0.043206556558367026,34.514782649303456,0.02999275289994685,34.55982564614679,0.029764428540822507,34.49699679332403,-0.04168451002101392,2.7879008362748703,-0.010405579020331679,60.66972963889605,0.06051341803539234,65.29411764705884,0.0013071897286218714,19.984326018808773,0.0656801668621565,89.5712630359212,0.031832926573210685,59.41727367325702,-0.04875411579250688,13.879310344827589,-0.004611845222562749,16.72661870503598,-0.12226189655712982,122.7077977720651,0.05307849584806057,75.68113017154387,-0.009812488544550746,12.938093678349173,0.0,13.157894736842103,0.007670710073981013,24.634920634920633,0.03457602296395823,39.29961089494187,0.021053409197832273,29.003359462486,0.03234016154609698,30.6140545333629,,,3.498875688487302,5.206871822230363,1.758473826004292,25.378719329747888,8.870513560363982,10.269947238797602,0.8660254037844386,0.5000000000000001,0,0
1401-03,1401-03-01,2022-05-22,1401,3,82128.68,5.81,118.6284999847412,120.1,144935666.66666666,151930733.33333334,84993583.33333333,54981291.66666666,122.85,118.0,132.7,116.8,783.8,324101.44,390290.5416666667,14302562.5,19046262.5,61966625.0,1846.563881818182,1837.0,335.7,33.56,263.2,,1752.0,0.42,314238.5238095238,124.8,108.3,173.5,253.0,145.4,126.5,83.1,158.0,459.6,2.559761127266924,2.661091757990949,9.292588032993976,3.2148372589354324,2.546683293559937,0.9147817633675004,1.6408502679094723,4.571837190680128,4.14352508961926,1.7480931855200055,1.0852459532917051,2.489755162172713,0.09901711272103952,32.41421260263741,0.04964859439522584,14.732671584939316,0.07542630035483455,14.836594912897038,0.03696604511910806,26.39148286539159,0.10766869379018118,43.9768748586425,0.09642278613876343,38.985262812809296,0.07390458209540185,34.37408397721122,0.07297539123208097,34.20573019425248,-0.010449302662378201,-1.2323050533342816,0.08995903161140895,65.48118928326501,0.06626079162634646,64.29548563611492,-0.0516027375642194,17.828200972447327,0.05875317521826684,84.7710330138445,0.030850775720476342,56.901688182720946,-0.04331690336070437,10.383944153577662,-0.03928234833466249,14.811407543698252,-0.026907452919924246,86.71586715867159,-0.1278855894676525,60.92436974789916,-0.026746634803548552,14.730006835269972,-0.023530497410194084,10.526315789473673,-0.11371592278012432,15.41501976284585,0.10059919855611632,50.24225173940564,0.024014876203874103,30.530973451327426,0.041636326812813707,33.35866261398175,,,10.408519329913712,20.894125606672187,6.325655852355649,32.41421260263741,8.954867445121764,10.622623277006015,1.0,6.123233995736766e-17,0,0
1401-04,1401-04-01,2022-06-22,1401,4,82402.08333333333,5.73,107.26499938964844,108.9,142679583.33333334,150405416.66666666,82445416.66666667,52294583.333333336,126.48,121.8,138.5,105.1,784.0,324685.6666666667,380657.5,13881000.0,18507958.33333333,60119166.66666666,1762.0957826086958,1733.0,323.0,51.33,344.9,,1533.0,0.4,315837.6666666667,115.6,105.7,171.8,240.4,132.7,115.2,79.0,153.1,382.5,-1.5446704664380917,2.0113741674435808,6.761386953781923,-0.744469878936016,-2.0294085398365524,-2.516819572910478,1.6774308587998432,-4.309991984186112,1.0601548330093635,0.9429676863511816,1.3422872007312145,3.0606205501142014,0.005076041008896581,27.499246991032145,0.0018009816119235467,11.116615282517284,-0.024991419699846418,9.945185902338594,0.0033234342252370652,22.168959154691237,-0.010090289290157983,41.75074017484726,-0.01568852560677314,36.80411998808506,-0.029917718423433826,31.34006033638044,-0.028670068334893273,31.34073398071844,-0.04682266467640872,-1.8694490599822866,-0.10069435862970177,44.47260524188788,-0.09789469914702309,46.37096774193547,-0.0913976237612566,8.503679476696636,-0.009846589836758568,74.7711088504578,-0.031503730363328764,47.49518304431599,-0.09357255990578395,0.17391304347826875,-0.07657649969705016,6.839186691312382,-0.051085286066467894,57.124183006535944,-0.18362789270801017,29.969418960244653,-0.03856558076333272,16.02011494252875,-0.04879016416943194,2.564102564102577,-0.13353139262452274,4.427792915531326,0.042779384289231004,51.44471594379989,0.03169573081013155,29.989327641408735,0.029120093934028368,34.110910825999376,,,0.5088945931124078,14.853098043364232,11.294854262300813,27.499246991032145,8.971772391374738,10.835344475662176,0.8660254037844387,-0.4999999999999998,0,0
1401-05,1401-05-01,2022-07-23,1401,5,82384.2,5.57,98.98571450369698,98.6,136554400.0,144600000.0,80513600.0,50490400.0,129.97,125.2,141.5,96.0,749.4,315783.5,374373.6,13313400.0,17747760.0,57666400.0,1765.4604238095235,1765.0,289.8,70.04,454.0,,1599.0,0.39,308950.3333333333,115.2,110.5,172.8,229.6,131.5,115.7,78.0,153.9,382.9,-5.136609313544227,1.3882713834336737,-4.533743459415618,-5.432228848186682,-4.623536453084753,-6.2162789483029,1.207077961009169,-3.331914047692308,-5.9032571589790805,-5.181409505777168,1.0485273756039435,-2.638887459922401,-0.02204783808133115,18.339418398893592,-0.027800682624517847,6.01464163787111,-0.01664579140070721,2.999739228835052,-0.0002170488106383317,15.99075666774812,-0.039363116213468885,26.66047163487906,-0.04387837016895446,24.941122649709513,-0.041749951774683325,20.139596746666033,-0.04194150898869964,20.118082223222732,0.0019076335141319234,-1.161460648792334,-0.08032686069815487,38.646550762372556,-0.0993587683303252,40.85714285714286,-0.009084089720342803,6.997558991049635,0.005803846819800285,79.43925233644862,0.005211738181195358,50.58708414872799,0.004330885937839923,1.3134851138353776,-0.003466207976486224,5.301645338208405,-0.045965538215640755,43.94984326018809,0.001045205216658296,17.99691833590138,-0.10846129333607468,12.938425565081824,-0.025317807984289953,-9.302325581395344,0.04215183396213984,11.506276150627626,0.02142939145589917,49.96151568975746,0.02753210339020118,30.825496342737722,0.02721946169228051,34.60024855012427,,,-2.1806560965390576,8.550499907811759,14.202585300401815,18.339418398893592,8.928114806085922,10.861237550137455,0.49999999999999994,-0.8660254037844387,0,0
1401-06,1401-06-01,2022-08-23,1401,6,83620.44,5.44,94.41954456676136,90.2,132961153.84615384,140671538.46153846,80153076.92307693,50175769.23076923,132.72,129.2,144.6,88.2,752.0,307711.2,353475.3846153846,12919730.76923077,17212576.923076924,56003846.15384615,1707.352491304348,1681.0,312.7,59.1,391.3,,1548.0,0.39,306236.84,113.8,110.1,158.2,232.7,131.2,113.0,73.5,143.3,419.1,1.9210269784515788,1.2783478498186116,-3.323382775470307,3.7473010201409807,3.5923877893921485,3.0736205135571737,1.107016021905535,2.8426706830110504,4.624922659392716,3.3469853566220564,0.8676121530314156,2.3381134791701896,-0.008821740922572374,11.500309888100468,-0.02589517144257414,-3.0842171569885446,-0.05744037972162275,-7.174588657719982,0.014894316856947754,11.79812130785496,-0.027543651343659548,17.433240014393835,-0.02666606081520584,15.669430758375015,-0.030015386975787095,11.228897275731487,-0.030618977705927364,11.141833534156875,-0.033467599677794446,-4.853530989598065,-0.04722745015640051,29.3289582274876,-0.08904183454001124,20.91152815013406,-0.002283975107831182,9.06068162926017,-0.08827480103640184,47.57462686567162,-0.07136270601070738,31.467889908256886,-0.023612815487290106,0.17730496453900457,-0.012227226569560656,5.175600739371533,0.013411405862834513,44.803982576229,0.09033569644777728,24.140995260663512,0.07605323457721358,32.72495755517826,0.0,-9.302325581395344,-0.032414658684281505,10.650464617583989,0.021671592641371973,47.441754485901775,0.03144913268250349,29.979879275653907,0.020937991288692004,33.952361727896644,,,-0.8782943536771115,-2.546372644741035,17.815710663125017,11.500309888100468,8.93156701878793,10.888116863592655,1.2246467991473532e-16,-1.0,0,0
1401-07,1401-07-01,2022-09-23,1401,7,88890.45454545454,5.33,91.31857118152436,93.1,139846045.45454547,149252954.54545453,81971904.76190476,51855454.54545455,135.68,134.1,148.3,90.3,725.0,318869.8181818182,364843.1818181818,13539000.0,18054800.0,58663545.45454545,1664.1628095238095,1664.0,343.6,39.02,268.5,,1576.0,0.39,326417.54545454547,113.0,103.0,146.2,217.9,132.2,111.4,71.4,134.7,438.0,0.1185507727083035,1.3884113223902559,4.83825233442694,0.4060178631277722,-0.5497046693804464,-0.8828277969438858,1.0593247844424658,3.466077610054441,0.8527598284352678,0.5202019032987337,1.0571975203936421,4.01284609390018,0.06381858659449335,18.15152129394082,0.0356212452625293,-0.712213545984286,0.0316537728318238,-3.604443295844928,0.0611167759993112,18.175458689196343,0.05921488964521515,26.732791042741468,0.050485132983634884,22.995178832322317,0.046818749670471504,17.7909642180516,0.04777124433528712,17.828248015896463,-0.025621740162031337,-5.598395202027707,-0.03339391636663169,11.356704649730464,0.03164475721444315,11.2305854241338,0.007593050907598098,8.449548810500396,-0.07888450801787528,18.476499189627216,-0.06189025141780746,11.046990931574596,-0.014260491219157068,-4.948805460750849,-0.007054702979889527,2.5408348457350183,-0.06571382835767192,6.034063260340639,0.044109355445420384,23.48463490273471,0.0942339256463054,43.405676126878134,0.0,-7.14285714285714,0.01792621626815194,6.199460916442057,0.025265939419222505,45.81543531996726,0.03722419893913109,30.194174757281544,0.02205752616140355,34.376547489353285,,,6.589901285079036,3.349783735277123,18.700428441082728,18.15152129394082,9.004007508620433,11.023927509081508,-0.4999999999999997,-0.8660254037844388,0,0
1401-08,1401-08-01,2022-10-23,1401,8,94665.76923076923,5.07,94.0180951073056,91.1,149995769.23076922,158382692.30769232,86308333.33333333,56248333.333333336,139.95,138.8,151.5,87.4,665.6,349508.8461538461,401847.3076923077,14403592.0,19203492.0,62278846.15384615,1699.354423809524,1725.0,320.9,35.72,247.2,,1652.0,0.41,346721.56,112.4,97.5,139.4,201.9,131.7,111.9,72.9,130.4,422.7,3.497416393214081,1.0678605414567865,-2.9490107415849565,4.249841192204684,7.172235649450798,4.037256117923604,1.452973719029241,6.064995826333686,4.470362344712342,2.803658152089916,1.2838508894539982,3.501184627466003,0.06034466098416402,23.963717750700763,0.09174594621911325,8.642720330516095,0.09660456244657034,5.660758904199126,0.06294770567854435,24.26395125144949,0.059371659649904984,30.146605388931324,0.07006494637219873,25.27377307541734,0.061903210407333376,18.980525101934266,0.061680560092330694,18.971603172990427,0.02092624836365431,-6.756369521220574,0.02913308962843164,13.196394609461626,-0.02171638001710896,12.747524752475247,-0.0037893186683506386,7.16029292107403,-0.04762804898925488,21.21739130434783,-0.03244343392376603,12.802768166089983,0.004478287824696281,-4.113110539845755,-0.005323881252749629,1.0791366906474753,-0.07626371663178233,-15.874999999999995,-0.03555620280370242,11.383399209486168,-0.06834864199429003,29.03096099718536,0.05001042057466132,-4.651162790697683,0.04709668366309838,14.483714483714483,0.021348375805536612,45.40750670241316,0.03444825778507177,32.82296650717704,0.030986043917869743,35.92657342657341,,,6.220258325017625,12.225663024585408,21.821518238043723,23.963717750700763,9.044984470664112,10.996055172049605,-0.8660254037844385,-0.5000000000000004,0,0
1401-09,1401-09-01,2022-11-22,1401,9,100478.56,4.71,81.74095190139045,80.9,171833400.0,177687160.0,105544800.0,75737500.0,145.24,142.8,154.8,78.1,625.0,389148.36,452753.64,16247660.0,21663028.0,70423640.0,1779.9240090909093,1798.0,302.2,36.04,252.1,,1409.0,0.42,371325.28,111.6,97.4,130.9,186.6,129.5,113.0,75.2,125.0,386.3,6.684168901925602,1.344421361217631,4.524365209963577,7.69266668295856,9.83375446223036,10.24784135018173,1.1790593749744402,3.0244416935733653,7.210698225159362,6.83931813998413,1.336035745946052,3.8861736730515517,0.06855640688600673,25.64151413367548,0.10743178684603905,23.906342237619917,0.11927595163469462,13.827045394110215,0.059591901915506895,30.64303088494158,0.11501026826157812,37.35620766957442,0.1359183141913931,35.73309514478158,0.12047127848644124,26.69272664019482,0.12051489116626612,26.69092823065522,0.04632224363238979,-0.27702066825591176,-0.13993214133903287,10.083177051097314,-0.11874398020146604,8.882907133243624,-0.016845727609642758,5.370219690805533,-0.06291382541056922,16.45907473309609,-0.04229291219025111,9.55302366345312,0.009782203394460787,-3.911564625850339,-0.007142887512380902,0.4500450045004545,-0.07880523690554853,-23.36755646817249,-0.0900484379005082,2.52123142250531,-0.060040498277171395,14.253308128544418,0.024097551579060572,0.0,-0.15910644218224324,-0.14174344436569397,0.021548336206203444,46.14556962025347,0.028411001832780336,35.22727272727275,0.037102330584672494,38.12648597242034,,,7.096103282414856,21.254281490104198,18.16669563566289,25.64151413367548,9.119133505518164,10.936169269913329,-1.0,-1.8369701987210297e-16,0,0
1401-10,1401-10-01,2022-12-22,1401,10,111855.09523809524,4.65,82.85684244256271,83.1,199753809.52380952,210781428.57142857,124585714.28571428,88199047.61904761,149.42,146.4,160.7,80.4,631.0,441096.7142857143,500776.1904761905,18935304.76190476,25226090.47619048,81854952.38095239,1858.7272272727275,1898.0,302.8,20.18,149.4,,1352.0,0.42,410590.6666666667,112.2,97.5,119.3,174.7,130.0,115.0,76.3,117.9,380.4,13.034207254754193,4.349857789438489,-12.656237360556233,5.734095657061289,5.083803995790248,8.386963820024107,2.442459081313996,5.882224626836319,2.4700817954217413,6.863462415377697,3.0910659178376236,8.940857526096124,0.10051832939192984,44.683909586868765,0.1253034990896893,37.25902919264401,0.10081113918858975,28.36399651293453,0.10725986969895018,42.812197838033626,0.17079723709246153,66.45562679968646,0.150560253161224,62.39143721510665,0.15307925798013144,51.619259314843816,0.15227176662035546,51.49422080501047,0.04332129521106687,2.5096271049278362,0.013559205238817817,1.43769103322966,0.026830877796956365,-2.807017543859658,0.003853569315989347,1.0101010101010166,-0.09279234381198442,-1.6488046166529213,-0.058476929758976226,-3.2019704433497442,0.017544309650909362,-6.351791530944628,0.00536194314138605,-2.772963604852685,-0.0658970712732323,-25.564550489987216,-0.015390939001000525,1.6568679850347268,0.0019834717246540734,9.472161966738968,0.0,4.999999999999982,-0.04129525529577016,-8.027210884353742,0.03740531158783966,48.19835136527579,0.024897551621727132,33.94327538883808,0.0283735860015204,38.531429631003135,,,10.57439091318173,25.78694754134856,30.00053825119022,44.683909586868765,9.228891468287227,11.131662849994996,-0.8660254037844386,0.5000000000000001,0,0
1401-11,1401-11-01,2023-01-21,1401,11,123133.73684210528,4.65,84.76399993896484,82.7,234823105.2631579,249105473.6842105,144778947.36842105,94107894.73684213,154.62,150.3,166.2,80.3,612.5,489230.94736842107,553548.5789473684,21227636.842105266,28282952.63157895,91912421.05263156,1890.772365,1855.0,298.2,16.54,120.0,,1243.0,0.45,450395.7368421053,113.3,102.6,110.5,164.0,131.0,114.7,75.7,111.9,394.8,17.901572808205657,2.628010450074989,7.663619627353668,6.508466455771966,2.2735492379457156,9.905467951166713,2.314153800930261,6.263459762869061,2.6623924097547658,10.25195635986016,2.6321106160834056,10.09127956097231,0.09252983814638682,66.48746418458151,0.10357050481744778,59.38731110169173,0.10019023946315464,50.360227102692875,0.09606681499251657,66.1480258093873,0.16705468283922542,107.04886184764555,0.1617468312065462,98.22705676555461,0.11427580093786105,76.14827678504203,0.11438044735247743,75.95192703596713,0.017093437241682885,3.142023502515001,0.022756594852888945,-7.185926076367943,-0.0048250998317573845,-13.674321503131514,0.007662872745568983,-4.099560761346998,-0.07662580814606201,-17.104276069017267,-0.052231192225445255,-14.840182648401823,-0.002612104227925016,-10.109717868338553,0.009756174945364293,-6.20860927152318,-0.06320378931581239,-25.690983235160846,0.03715597688809158,1.1011523687580071,-0.01530811923265496,1.9138755980861122,0.06899287148695143,15.384615384615374,-0.08405716509219818,-22.117794486215537,0.03365260967788153,50.09989909182673,0.02629069523171701,36.63636363636365,0.034209361344673006,40.32126327252927,,,9.694587190349813,29.90127779827285,45.78257028652026,66.48746418458151,9.326073831983406,11.734960209518324,-0.5000000000000004,0.8660254037844384,0,0
1401-12,1401-12-01,2023-02-20,1401,12,133840.73684210525,4.84,81.00599975585938,78.5,262151631.57894737,291396105.2631579,166403888.8888889,105298888.8888889,161.43,153.4,174.1,76.5,606.0,529220.7368421053,597892.947368421,24026073.684210528,31800136.842105266,104951000.0,1861.8131857142853,1913.0,282.5,13.81,104.5,,1113.0,0.45,510005.2631578947,111.0,102.6,103.5,158.0,127.6,111.9,75.1,106.2,369.9,9.831401560932918,5.279374868059929,11.533230863865995,-5.044457822465631,-7.790178433362982,9.13300299371258,5.6656603701336,-12.116095460300613,-12.451747087006737,-5.852466987126803,4.66585290256173,10.651231361613256,0.12429443407251384,96.20968045804499,0.07857095374742151,82.85542821006999,0.07706220500648797,72.19565085524316,0.08337950596022914,89.20558011582322,0.15680713219895637,139.6905754035684,0.11009059570702817,119.63601893604765,0.12383568682275481,97.81745395867532,0.11721135035215013,96.38273562293955,-0.015434560408378317,-4.194920300479965,-0.04534770064895355,-24.62270077420673,-0.05212097724128206,-32.09342560553633,-0.026296952290461917,-16.052631578947373,-0.06544390825238455,-37.9124175164967,-0.05228150651004171,-32.39974538510503,-0.024714408817445133,-18.677325581395344,-0.02050896672162672,-14.020139426800926,-0.03727139479723185,-38.6883973612728,-0.06514660872091849,-23.93584207279458,-0.05408585174414249,-15.797317436661695,0.0,7.14285714285714,-0.11046874023516651,-43.127235564639754,0.046437964352795014,55.23735990037333,0.020415592174226838,38.57271906052393,0.04310111827710905,44.24984362434099,,,13.234922411507345,37.3473045406159,66.53948726674905,96.20968045804499,9.465344079214539,12.128328127731407,-2.4492935982947064e-16,1.0,0,1
1402-01,1402-01-01,2023-03-21,1402,1,141018.05263157896,5.3,81.82954545454545,84.1,284952210.5263158,318478157.8947368,189152631.57894737,117183888.8888889,166.23,156.8,180.5,82.5,637.0,561580.5263157894,640668.4210526316,25777700.0,34276547.368421055,111301947.36842103,1991.053531818182,2000.0,291.1,13.52,100.3,,1030.0,0.53,512881.36842105264,114.1,108.3,109.3,156.0,130.9,113.5,76.1,110.7,378.2,-0.8470125610383406,2.027650808672335,-5.75348692478741,-3.258521737901532,-2.1070200596760458,0.939412723711186,1.6343677283957656,3.0851272101980243,-0.9305373967134045,0.619590968495487,2.345380374045588,-6.729175673586418,0.005623522204430742,86.5072482125669,0.05934956000894687,86.69678218176135,0.06910031908749836,77.59413521575578,0.05223735297203902,88.45002706200418,0.08887036655378822,147.45865012182043,0.08339840100811813,126.06691662894458,0.07037013293666305,99.96424609686561,0.07499077712858693,99.4374169822566,0.06711306770565972,2.3474844666131256,0.010115146781354944,-25.30857842120139,0.0689079421905392,-20.510396975425337,0.025533302005165126,-14.388489208633093,0.0545247824770696,-28.65535248041775,0.04149973090675285,-25.404312668463614,0.014197221603577503,-18.16870944484498,0.027545055555695974,-12.50000000000001,-0.012739025777429802,-46.88457609805924,0.022190457385948825,-23.642237028063807,0.029988300165081583,-16.39862148190694,0.16362942378180212,23.255813953488392,-0.07750027005186322,-47.125256673511295,0.03610093099879297,55.70843373494003,0.02192221898315161,39.00709219858158,0.02930075937793042,45.70076255587692,,,0.563936388685371,24.913060636478,57.124326055099495,86.5072482125669,9.468601144445543,12.354793402620746,0.49999999999999994,0.8660254037844387,1,1
1402-02,1402-02-01,2023-04-21,1402,2,144235.86363636365,5.31,76.86047762916202,75.7,288020681.8181818,323922227.27272725,186213636.3636364,118447727.27272728,170.94,159.3,185.5,74.1,510.0,579817.7272727273,662350.7727272727,26336518.181818184,35117631.81818182,114187090.9090909,2003.758823809524,1992.0,268.1,10.11,83.2,,988.0,0.56,529363.8695652174,111.5,106.9,96.9,152.5,126.9,109.5,76.4,101.1,367.7,-0.6479991877572644,2.4710976491375245,-5.42328033202466,-4.442591338149171,-3.7269165194938836,-2.1590268232969834,1.8345836146874,-4.611824025075251,-2.720558728410438,-1.1502016877576793,1.5637317680580507,3.2751820866197434,0.031631471783581944,85.99336681226437,0.031958614079739434,88.00640248081393,0.03328324454055043,83.00259438719186,0.022561986500576836,82.23532512969065,0.016949553074450563,137.44062975524213,0.010710805581695126,118.83878031006843,0.021446723015010605,98.26262707372932,0.024241965231851736,98.3390667553697,0.006360916959097018,7.384855407539814,-0.06264657037846,-29.11036323824321,-0.10522840653549892,-32.65124555160143,-0.031034298195512733,-17.112998040496397,-0.12041687628577247,-40.770171149144254,-0.0907137136881655,-34.00783289817232,-0.035878287664901976,-17.108251324753976,-0.023050665967856432,-14.098613251155633,-0.022691411202070633,-41.32358599461331,-0.028155767917130703,-29.599846831322996,-0.0823068055096634,-22.24477958236658,0.05505977718302746,30.232558139534895,-0.04163138347581352,-49.668874172185426,0.027324104274553562,54.58333333333334,0.015818108999695824,38.28125,0.027940246190503615,45.06109979633401,,,3.2137063576529457,17.533055103227113,52.676940414440175,85.99336681226437,9.483686950501456,12.29935654502545,0.8660254037844386,0.5000000000000001,0,0
1402-03,1402-03-01,2023-05-22,1402,3,136290.0,5.01,75.53999946230934,74.9,261628000.0,295176000.0,160720000.0,108182000.0,175.06,163.5,189.3,73.3,454.6,540060.0,627953.6,24068960.0,32091640.0,104254800.0,1954.2077608695647,1943.0,266.9,10.35,84.3,,1007.0,0.54,500240.8,109.1,108.1,95.2,138.3,122.6,107.7,77.0,99.3,345.5,-3.224453422142304,1.8931094996933642,-5.132629714328374,-8.785820499009134,-7.816946447410089,-3.0240409997698947,1.6525920557557794,-4.413440914094835,-5.02891087133861,-0.5876008385246934,1.6317009641490399,-4.319404337428701,-0.056586457080443964,59.19143010715702,-0.07103354632946512,66.63301465121536,-0.05332900538630092,60.89388108623777,-0.05666493309189491,65.94690186181005,-0.09293165908836443,94.28327207003542,-0.09610864193178514,80.51319320986094,-0.09003345654965855,68.28424976293583,-0.09010777526865255,68.49310986866845,-0.025039954680261545,5.829415386669079,-0.017329489225849315,-36.32221643869238,-0.010624269920229246,-37.63530391340548,-0.03447235121823056,-15.680880330123802,-0.01769957709940062,-45.12968299711816,-0.017964554975298697,-37.151898734177216,-0.016574965094212857,-14.861660079051386,-0.021759698061148747,-12.580128205128204,-0.09773935737675377,-45.33596837944663,-0.062274745099501594,-24.825935596170588,-0.0044859888314361385,-20.494489127196903,-0.0363676441708749,28.57142857142858,0.019048194970694432,-42.52283105022832,0.020278176167787265,42.652599849284115,0.02602377342130513,38.55932203389831,0.023816154566420167,42.49898249898252,,,-5.501521966192568,-1.914580860878623,34.717679334948585,59.19143010715702,9.418693448632059,12.26376212349848,1.0,6.123233995736766e-17,0,0
1402-04,1402-04-01,2023-06-22,1402,4,134680.4,4.78,77.17714291527157,80.1,252521333.3333333,282198800.0,153324000.0,103678260.86956522,178.32,167.1,193.0,79.0,458.8,544585.2,634912.0,23468320.0,31290680.0,101653200.0,1935.2224,1951.0,242.4,9.55,85.2,,1136.0,0.52,494227.2,109.9,106.1,100.9,145.6,123.9,108.6,77.7,103.4,345.5,-4.972362990310231,0.9487263413298077,-2.5135070660500247,-3.491224929195269,-1.7401644492544222,-3.231780841182186,0.8092126608909753,2.177615794464316,-1.8500169396098443,-2.2233612847562867,0.6976204485590876,-1.8252906098059185,-0.012094252004207107,56.48139919979989,0.008344159464414247,67.7268989391791,0.011020128223835357,66.79350860025089,-0.01188040414798941,63.442955022375045,-0.0449600015018774,87.62542350812943,-0.03542791389918776,76.98491082875087,-0.025271616989975598,69.06793458684533,-0.025275270452059573,69.06608193322245,-0.009762618621895314,9.825040108489391,0.021441026798108,-28.0500225102136,0.06712196355113953,-26.44628099173555,0.010547765132985276,-6.631499623210235,0.0581499855622436,-41.26891734575088,0.04045939102320162,-32.46244284781188,0.008321823337491985,-5.729166666666674,0.0073059685705514354,-4.930795847750858,0.05143789709187274,-39.43427620632279,0.0,-9.673202614379084,-0.09628480221531888,-24.953560371517025,-0.03774032798284699,30.000000000000004,0.12053770656253437,-25.896934116112202,0.01935713068960876,39.35018050541517,0.021779445264040298,37.19211822660098,0.01845091677332178,40.986717267552166,,,-1.202141048870864,-3.637131229485102,20.369808698363002,56.48139919979989,9.403184450263979,12.024669852805825,0.8660254037844387,-0.4999999999999998,0,0
1402-05,1402-05-01,2023-07-23,1402,5,134341.4,4.73,84.90045374090022,86.2,253680160.0,282846240.0,152135416.66666666,102178333.33333331,182.95,172.6,197.7,84.7,528.8,540746.48,629273.48,23330824.0,31115120.0,101051680.0,1926.5209590909087,1919.0,207.6,11.19,93.1,,1127.0,0.53,492445.2,108.7,107.6,108.7,157.6,121.7,107.6,77.9,108.4,315.8,-1.5557184932642798,1.074439230533713,3.0711264803386484,-1.4478214648327992,-1.4839313857649472,-0.7219226746173035,0.7845743038123867,-1.7997201685389541,-0.3527502347202116,-0.4508516653949357,0.5916813630250505,1.4160098216320804,-0.0036121451001722704,59.392998443115474,-0.007073848627060286,71.23962461623232,-0.00892045902978289,68.08703391478458,-0.0025202431879751686,63.066947303002266,0.002291641329485117,95.60597510373444,0.004578527350446393,85.77223436227612,-0.005876021818576049,75.24316853696276,-0.0056264149529390295,75.31857541458753,-0.004506490890791248,9.122862971566793,0.09537610075434699,-14.229589424513067,0.07339432359533404,-12.576064908722106,-0.017915788641614583,-7.452471482889733,0.07446186676760025,-37.094907407407405,0.04722312693121733,-29.56465237166992,-0.00925075977215073,-7.000864304235099,-0.01097906728241238,-5.642361111111116,0.07919704166119335,-31.3588850174216,-0.08988354138618337,-17.52415774353616,-0.15497610290342578,-28.364389233954455,0.019048194970694432,35.897435897435905,-0.007954085241320463,-29.518449030644156,0.024060541271685665,39.71731448763249,0.03238434304797888,37.85942492012779,0.025633202387601806,40.76325305839808,,,-0.3605629151936629,-6.974157415680793,9.336114824869224,59.392998443115474,9.401814919336193,12.12328548704495,0.49999999999999994,-0.8660254037844387,0,0
1402-06,1402-06-01,2023-08-23,1402,6,136707.8260869565,4.9,89.75090859153055,94.0,252123913.04347825,279816521.73913044,150415500.0,100943333.33333331,187.24,178.4,201.7,92.2,527.9,531878.2608695652,619190.4347826086,23371521.73913044,31161782.60869565,101236956.52173913,1924.1108695652176,1916.0,223.8,11.55,95.2,,1112.0,0.58,494222.60869565216,110.8,108.7,117.7,157.5,124.5,109.4,78.5,115.0,314.7,-0.6261228320841639,0.6032310593821172,1.4618579580300661,-0.2373702763776464,0.14631434127565512,-0.5901538407215412,0.4445143977044458,1.4490536536364118,0.644082554558878,-0.0592233834389333,0.45499513862197255,1.3092216268505652,0.0036028551912501428,61.38574597871769,-0.016535925130959583,72.84982180354996,-0.016153073128581497,75.17215108382939,0.017461671075189145,63.48613579043174,-0.010769319559134516,98.91480878033911,-0.006153575861720384,89.62223608197984,0.0017428567575379361,80.89790071161028,0.0014985529296858147,81.04077470769067,-0.0012517892894710059,12.695584500847579,0.055558713180851704,-4.944565234510057,0.08662460460035604,4.212860310421274,0.02274671591128019,-5.106707317073167,0.07954722013906768,-25.600505689001253,0.05910403935770425,-19.74877878576414,0.016590242260196675,-3.1858407079645934,0.019134980186019668,-2.6362038664323406,-0.0006347191580911016,-32.31628706489042,-0.0034892977511802314,-24.910522548317825,0.07513964458609124,-28.42980492484809,0.09015109699429735,48.7179487179487,-0.013399039229248899,-28.165374677002585,0.020030714783595194,39.48824343015214,0.0330514414965819,38.08049535603717,0.023178324966654174,41.07896323086197,,,0.36093532755565594,-1.2030588677188758,-3.0946061937710545,61.38574597871769,9.404809565383204,11.972541833706943,1.2246467991473532e-16,-1.0,0,0
1402-07,1402-07-01,2023-09-23,1402,7,139408.73913043478,4.98,90.2340000152588,91.1,252481869.5652174,283542173.9130435,153206086.95652175,103508695.6521739,192.06,186.1,206.5,89.1,534.8,537988.1304347826,619855.6521739131,23508743.47826087,31340608.695652176,101802173.91304348,1883.356745,1916.0,230.7,14.57,114.1,,1134.0,0.57,505855.0869565217,109.3,107.8,115.7,161.8,122.6,107.8,77.8,113.1,298.1,1.5148115638492499,3.2110433250972554,9.65002168757998,4.336141167249963,4.912980248104404,2.321985758599965,2.1428329453534185,8.571065323229732,2.685208217422641,0.06025859824312363,1.2605061315023727,4.9708778185800995,0.023264198279195014,54.97178200151727,0.011421867326083301,68.71716912637498,0.0010737574045407428,69.89646046964246,0.019564195218894298,56.832069138703176,0.013226764825240878,89.97424525133377,0.0014187573512600693,80.54273093284019,0.005854153358093583,73.63722193855433,0.005722231459635907,73.58601976013124,-0.021408287711005336,13.171423746629184,0.005368145446976058,-1.1876786421785246,-0.03133697800409152,-2.148227712137485,-0.015378692402650884,-7.261724659606649,-0.01713838006660051,-20.861833105335148,-0.016659745241175195,-16.03563474387527,-0.014733231512983558,-3.2315978456014416,-0.013630379130690429,-3.2743362831858414,0.026935546358703988,-25.74575493345571,-0.05419080338633542,-31.94063926940639,0.03036536930188305,-32.85797438882422,-0.017391742711869163,46.153846153846146,0.019591009477169408,-28.045685279187815,0.0235189674409213,39.24477410654079,0.04225594350229578,38.77703206562266,0.02541660677795754,41.553655660377345,,,2.353692052164491,2.352741200104269,-1.3699623143187845,54.97178200151727,9.432072006452302,12.06113692019491,-0.4999999999999997,-0.8660254037844388,0,0
1402-08,1402-08-01,2023-10-23,1402,8,140465.0,4.88,84.2913634560325,83.2,256673461.5384616,291476538.46153843,153426923.07692307,103704615.3846154,197.63,193.5,210.9,81.4,535.6,548231.5384615385,628518.0769230769,24503846.153846152,32671423.07692308,106120769.23076925,1974.83485,1984.0,211.3,14.49,110.4,,1118.0,0.57,511505.3846153846,111.0,115.4,106.2,157.2,123.7,109.6,78.1,107.3,283.6,-1.544245864103999,0.9150958255931109,-2.0270279519980505,-1.6597573821165668,-2.3570389559559146,-1.4794189075470143,0.8304629937358323,2.085906364325396,-1.186857592407442,-1.8379578303846955,0.691267527857649,-1.9269538378516415,0.01110787358737575,47.52626996007534,0.01886121562473697,56.85770031131601,0.01387815776811685,56.40718872361583,0.007548160022844641,48.379927762045405,0.027598643297292114,84.03307470950348,0.016465256920380256,71.12046750036545,0.041457676244370134,70.12316201296282,0.04158612473493406,70.13271897071158,0.04742908721712524,16.210887048089617,-0.06812688669357048,-10.345595324146583,-0.09071045643874953,-8.671789242590556,0.008932255896331398,-6.074411541381918,-0.0856765253917926,-23.81635581061693,-0.052643733485422395,-17.714723926380373,0.01655971603901829,-2.0554066130473725,0.01543380612984091,-1.245551601423489,-0.028842124629285593,-22.13967310549778,-0.04986420602605346,-32.90749940856399,-0.08783924055769621,-34.15394203801807,0.0,39.02439024390243,-0.014209830572652571,-32.32445520581114,0.021083675083641396,39.20792079207922,0.038993348821631635,39.40922190201728,0.02858877244251623,41.21471954269382,,,1.1169795074826405,3.8705189156853725,-3.373574581979022,47.52626996007534,9.426100595479546,11.895134201852143,-0.8660254037844385,-0.5000000000000004,0,0
1402-09,1402-09-01,2023-11-22,1402,9,138050.04166666666,4.79,78.30727282437411,77.9,257603541.66666663,291991875.0,153777625.0,103870000.0,203.37,199.9,217.0,75.7,563.8,548599.7083333334,636879.0833333334,24643091.666666668,32864325.0,106754750.0,2021.7136318181813,2026.0,206.5,11.51,95.2,,1062.0,0.48,504429.75,109.7,121.5,99.6,119.4,120.0,107.8,78.8,102.3,291.1,0.1704501514616652,0.7557639638519099,-1.862136884518506,0.11640961847945164,-0.7328398537811864,-0.02066377392466734,0.788414047858631,1.854421296938824,-0.3009884821228326,-0.7301638927479814,0.23921889427779083,-0.4547944882892452,-0.013929529124631301,35.84578728386065,0.0006713336927610669,40.97443667328662,0.013215025844640849,40.66791010964226,-0.017342107221256953,37.39253594664043,0.0017664595394570881,64.32919238508849,0.003617043486013216,49.91470905345912,0.005666513178066879,51.671635587319464,0.0058869391389819725,51.70697743639532,0.023460709762109566,13.58426660308747,-0.073638926878143,-4.200683986600273,-0.06582139495046047,-3.7082818294190356,-0.030367536616396684,-7.335907335907333,-0.06416194421728605,-23.911382734912156,-0.047718976679071545,-18.159999999999997,-0.01655971603901829,-4.6017699115044275,-0.011780834031148935,-1.7025089605734678,-0.2750396790366043,-36.0128617363344,0.026102056093605164,-24.644059021485887,-0.02297851222092362,-31.66776968894771,-0.17185025692665912,14.28571428571428,-0.0513874519131603,-24.627395315826828,0.02851326605573057,40.18087855297156,0.03253972903651814,39.98599439775909,0.028630384458640634,40.02340952905534,,,-1.3832962131385962,2.06529226400356,0.8373867145582636,35.84578728386065,9.408306398895505,11.848832887918892,-1.0,-1.8369701987210297e-16,0,0
1402-10,1402-10-01,2023-12-22,1402,10,141000.38461538462,5.0,78.09722222222223,80.2,272999230.7692308,305908076.9230769,167153846.15384614,108367307.6923077,207.17,205.8,222.6,77.7,596.3,565110.3846153846,654773.8461538461,25834615.384615384,34445846.15384615,111901153.84615384,2044.2162285714287,2034.0,198.6,9.56,93.8,,971.0,0.48,515226.1538461539,109.2,123.5,101.2,115.9,118.4,107.2,79.7,103.2,283.9,4.030642273463059,1.8017576416173946,-6.223762685213785,5.941943345809619,5.445442275227563,5.227345999004029,0.8904049038724646,2.947819927185691,3.8604721488141536,4.525804494634755,0.6798052466271183,1.6643028526598158,0.021177354635669943,25.48413679954258,0.029652036217667543,28.114847903705353,0.02771008749623327,30.75179263838772,0.021146377944004868,26.05629123577302,0.046558678071747295,45.130469508803195,0.058047234644174495,36.6678469962751,0.04721866997230961,36.43622698162794,0.047000691166289243,36.54849207156254,0.011068969353072333,9.97935568904671,-0.0026859934987744083,-5.7443900588414305,0.02909756199576652,-3.4897713598074476,-0.013423020332140823,-8.923076923076923,0.015936592262812965,-15.171835708298397,0.008759180089881191,-12.468193384223925,-0.005581409838195661,-6.78260869565217,-0.004568303970380327,-2.67379679144385,-0.02975145061279605,-33.65769891242129,-0.025044787272651803,-25.368033648790743,-0.039007660790015386,-34.41215323645971,0.0,14.28571428571428,-0.08958273351055901,-28.180473372781066,0.02547908530098475,38.51897946484133,0.029087581893594283,40.57377049180329,0.018512732146813704,38.64944451880605,,,2.1403186164483445,1.852520046010242,4.248846248477189,25.48413679954258,9.444456099514742,11.84101533422659,-0.8660254037844386,0.5000000000000001,0,0
1402-11,1402-11-01,2024-01-21,1402,11,153601.81818181818,5.38,81.04749984741211,83.8,302278545.45454544,326835590.90909094,183167727.27272728,113163636.36363636,213.9,211.5,225.7,80.5,583.8,603749.7272727273,708685.5,27890927.27272728,37210827.27272727,121132954.54545456,2023.3195428571428,2023.0,189.1,8.15,68.9,,912.0,0.5,561256.8636363636,110.5,139.1,102.2,118.0,116.9,107.5,80.4,104.0,278.5,0.5110014495201654,1.679666858060438,-3.8750572619402845,-0.17619855883701518,-0.82286772010427,0.3545854942359483,1.3621711423666263,3.922483814890043,-0.9151195678233748,0.6753252020567757,1.4486489876980555,4.268267578293994,0.08557273022326939,24.614159887823895,0.06613867017979658,23.407918186759048,0.07912194264249806,28.025890943057053,0.08560103962159182,24.743894014020064,0.06617260975600558,31.203697002426534,0.10187995074077705,28.726065995845083,0.07658617433366288,31.389694859511174,0.07721136054503219,31.56627512496708,-0.010274953060010361,7.010213408589916,0.03708091138981029,-4.384526561074075,0.04390949261556809,1.3301088270858408,-0.012749853971881997,-10.763358778625953,0.009832920916238663,-7.511312217194566,0.007722046093910251,-7.059874888293127,0.002794598931015635,-6.277244986922403,0.011834457647003305,-2.471315092674309,0.017956874119959387,-28.04878048780488,-0.019204004111586848,-29.457953394123603,-0.04901677594666065,-36.586183769282364,0.040821994520255145,11.111111111111116,-0.06268647821699425,-26.629123089300077,0.01383024498204577,35.8002406738869,0.02732017508638407,40.71856287425148,0.03196890383056239,38.33915405510284,,,8.934078646161758,9.726481972108392,13.973466212354936,24.614159887823895,9.531317226908413,11.718347967178637,-0.5000000000000004,0.8660254037844384,0,0
1402-12,1402-12-01,2024-02-20,1402,12,162381.04545454544,5.73,83.51047588530041,85.4,336348045.45454544,357312000.0,203750000.0,129336363.63636364,219.7,216.6,230.2,83.5,617.5,645454.8181818182,755414.8181818182,30453263.63636364,40596818.18181818,131818227.27272728,2105.0486285714287,2158.0,190.6,8.55,67.8,,965.0,0.48,593417.2727272727,113.7,158.7,104.2,115.3,117.6,109.9,81.4,106.1,274.8,8.255061715523127,1.3574040179546016,3.6768898560740837,7.720690593254531,5.925322779975417,6.615400001625815,1.3851760681216394,3.932113660558656,1.856674541534531,1.6864794907968772,0.9365030543930544,-2.084886774426309,0.055719147322740525,16.355127210433153,0.06679545952166954,21.963251484303004,0.06385518081435748,26.3461664009782,0.05558204796973598,21.32408210372436,0.08915208532145869,22.620719201896634,0.1067975451816956,28.30286175550798,0.08789172000366463,26.750895866838786,0.08708991898157237,27.662400899060245,0.039599067667897,13.064438726908367,0.029936683025639788,3.0917168320731436,0.018913093306487383,8.789808917197451,0.0059701669865033224,-7.836990595611281,0.019380451549662503,0.6763285024154575,0.01999114647856448,-0.09416195856875031,0.022080013841859092,-1.787310098302053,0.028547879798682452,2.43243243243243,-0.023147197190652058,-27.025316455696203,-0.013374499019144892,-25.7096512570965,0.007901015555689561,-32.53097345132744,-0.040821994520255145,6.666666666666665,0.05648811126465514,-13.2973944294699,0.019741812464292074,32.22286042504307,0.023827336080556982,41.19947848761407,0.02675436330220471,36.09614074211731,,,5.7300696302478915,17.6412122257406,20.070847081118814,16.355127210433153,9.579609879244181,11.733126677869127,-2.4492935982947064e-16,1.0,0,1
1403-01,1403-01-01,2024-03-20,1403,1,175779.0,6.05,88.34181733564897,90.1,393192500.0,423586500.0,254630000.0,157145000.0,224.36,220.6,236.3,88.0,545.0,691180.5,806840.0,35491950.0,47322250.0,153711500.0,2290.530468181818,2331.0,191.7,9.09,70.6,,959.0,0.45,623795.7,118.1,200.8,109.6,113.8,116.6,115.6,79.7,111.6,272.3,1.753594419761484,3.456477525312254,8.42884608854959,7.956916336284436,10.349307859011248,3.1288629042439453,2.7158624282360826,6.808178516062213,0.523078534871324,0.8308345785508209,2.601220994221727,-5.014264085383857,0.049925095414311116,21.625728366855324,0.06844579252017091,23.07771861934784,0.0658583570090503,25.9372201730101,0.07928181845651316,24.64999815253215,0.17014839384312097,33.00331262905745,0.15615284042029742,37.985418422886056,0.15311274161526,37.684704221090314,0.15329089295437726,38.06014208886725,0.08444486790809602,15.04112931057966,0.05624149432369485,7.958338085503525,0.05357406381976748,7.13436385255648,-0.008539761548134628,-10.924369747899165,0.05052524519464896,0.2744739249771255,0.05053900432727332,0.8130081300812941,0.050565094828701085,1.8502202643171817,0.03796832244682591,3.505696757230492,-0.013094905582782701,-27.051282051282055,-0.00913916066847964,-28.001057641459536,0.0057546588314973945,-34.14634146341464,-0.06453852113757119,-15.094339622641506,-0.0062370264555475785,-6.893203883495147,0.026153687905080325,30.914127423822713,0.018298772252512308,40.68877551020407,0.02098892524957119,34.96962040546232,,,5.119235429921298,21.072211754658877,23.315098747561926,21.625728366855324,9.648277752951346,11.934720408430644,0.49999999999999994,0.8660254037844387,1,1
1403-02,1403-02-01,2024-04-20,1403,2,167116.15384615384,5.88,84.97476196289062,82.0,382321153.84615386,413981153.84615386,239807692.30769232,150346153.84615386,231.63,225.9,242.8,81.4,522.0,657725.3846153846,766175.0,34436692.307692304,45915076.92307692,149150769.23076922,2339.2714761904763,2351.0,197.8,10.12,82.2,,988.0,0.42,614919.2307692308,115.5,173.2,102.6,108.5,118.1,115.6,79.7,106.9,289.4,-2.6834262171583134,1.7713331883730516,3.732244596993084,-2.4492992684852055,-2.7802604962793964,-2.6026158618410733,2.8714729456861066,8.54775414954716,-2.3026607822631107,-1.6758459819985916,3.2721952748822116,-7.008008134786792,-0.014331983815779381,16.161919262507006,-0.04961350968402023,13.436577337693588,-0.05171478025541987,15.675112274003133,-0.0505384215316127,15.86310757460032,-0.022937292852603264,27.80263871722555,-0.028038341551791746,32.740868271223974,-0.030183277425951616,30.756435113986335,-0.03018705018441281,30.746506942147576,0.021056109698767145,16.74416343894518,-0.03885928369751568,10.55716095452668,-0.09420091735003844,8.322324966974893,0.012782449286924624,-6.934594168636732,-0.06599944177724648,5.88235294117645,-0.04302723191621105,5.736894164193873,0.0,5.570776255707766,-0.02226119324146847,3.587443946188351,-0.047692348711716015,-28.85245901639344,0.060905414517669065,-21.294533587163457,0.03132476913701332,-26.22155911973144,-0.06899287148695143,-25.00000000000001,0.029791622864429712,0.0,0.027135874992480602,30.88948787061996,0.023741316654555256,41.807909604519764,0.031889366348698545,35.5036855036855,,,-1.4229769828117078,9.561106617955728,20.217547901593626,16.161919262507006,9.597038365826627,12.021513278546811,0.8660254037844386,0.5000000000000001,0,0
1403-03,1403-03-01,2024-05-21,1403,3,160857.69565217392,5.85,81.91190519787017,82.6,371488260.8695652,402951521.7391304,229304347.82608697,149008695.6521739,236.92,230.9,249.7,81.2,543.0,635726.5217391305,747956.9565217391,33429273.91304348,44580104.347826086,144778956.52173913,2339.2607173913043,2326.0,192.5,10.87,90.4,,1011.0,0.43,606078.2608695652,115.7,187.9,103.8,118.2,115.1,114.2,80.3,107.2,265.6,-0.7301715401531794,0.8412176350943159,-1.9931715930603389,-0.6660531391123214,-0.17980955941006016,0.7145552127887811,0.9243557593320461,1.9508114590358616,0.050624083519679175,1.4287890584293805,1.5848184440723716,-3.200537115502655,-0.014481806019006171,21.157302816876424,-0.03401902200304008,17.714054316026086,-0.024065171616031833,19.11022669855531,-0.03816900646213561,18.026044208800297,-0.027004189418857294,36.51229156134996,-0.028743707892683545,41.99101811333848,-0.02969065220363376,38.88956528675722,-0.02950586775864039,38.91500823213174,-4.5992198947075735e-06,19.703788114647658,-0.03670995141151501,8.435141356785536,0.007290433262679308,10.280373831775691,-0.02573040747547939,-6.11745513866232,0.011628037995119023,9.03361344537814,0.0028024306057021775,7.955689828801615,-0.012184659016367227,6.035283194057572,0.001730104237783081,6.049495875343736,0.08562793199148366,-14.533622559652937,-0.08581839659510493,-23.1259044862518,-0.02716026546077277,-27.875608842263013,0.023530497410194084,-20.370370370370374,0.023012521272603337,0.3972194637537285,0.028022138100384453,31.90702588483887,0.021892292886492193,41.223241590214066,0.022581260419929805,35.336456072203816,,,-1.4377449032787593,2.133572567597186,20.151172857977784,21.157302816876424,9.567352312842889,12.053852045584101,1.0,6.123233995736766e-17,0,0
1403-04,1403-04-01,2024-06-21,1403,4,162802.5,6.19,85.41750030517578,85.3,376775000.0,411628750.0,230645833.3333333,150562500.0,241.76,237.4,255.2,83.3,539.4,645958.3333333334,764329.1666666666,34228958.333333336,45638000.0,148253333.33333334,2371.5360333333333,2398.0,177.4,10.35,82.8,,1079.0,0.43,593144.1666666666,113.6,177.3,106.0,120.3,113.9,111.7,80.6,107.9,260.3,-1.7569006795454811,1.207775902263828,-2.9022131408012797,-3.8597414437532507,-2.7851026255984124,-2.343885684667768,0.9321669503925699,-1.7846272079651726,-4.348981766636051,-2.9399269719258214,0.7707527150576069,-1.7331800970612932,-0.021571637520818143,20.014472426177,0.01596652861914727,18.614742621234193,0.02165311123950886,20.38348096534113,0.012017713518664763,20.880618115182315,0.021305589629303512,45.864812323794425,0.014130927921581105,49.20521566494713,0.02364004010924603,45.851762432646794,0.02345303418225697,45.851736044087254,0.01370291382793365,22.545916858617044,0.04190665850097286,10.677199334718601,0.03216477397070072,6.4918851435705305,-0.010480445274700045,-8.071025020177558,0.020973123380279013,5.05450941526262,0.006508623627387244,4.352030947775631,-0.02213459114675498,2.8545119705340793,-0.018317127912579778,3.3666969972702354,0.017610518008635445,-17.37637362637362,-0.020156605601759026,-24.659913169319825,-0.08168908385236051,-26.81518151815181,0.0,-17.307692307692314,0.06509474623766298,-5.0176056338028125,0.02178735418490696,32.227979274611386,0.02776176581511791,42.07061639736685,0.02022296711566529,35.57649170031405,,,-2.1340633772842232,-4.913713469543524,15.123070177795949,20.014472426177,9.5772894391242,12.02574574403983,0.8660254037844387,-0.4999999999999998,0,0
1403-05,1403-05-01,2024-07-22,1403,5,162808.84615384616,6.34,79.49521835990573,80.9,379053846.1538461,420735000.0,230826923.07692307,150692307.69230768,247.86,245.3,260.2,78.1,546.0,653811.5384615385,768561.5384615385,35083923.07692308,46778153.84615385,151983076.92307693,2434.6713391304347,2470.0,170.3,12.37,92.0,,1031.0,0.41,594792.3076923077,112.0,175.2,102.6,120.0,111.2,109.6,81.8,104.9,250.9,1.220139511763918,1.22448164955031,3.3621639055272823,-0.24188451255184873,1.0405912034769926,2.0986717066321603,1.397940290856195,2.8787774441298097,-1.0046254456565151,-1.8140080860796104,0.9518056672074582,-2.0370001337148835,0.002774798347731533,20.783451172294455,0.0120841402205496,20.909069710733675,0.005522093043811793,22.134741553312963,3.89799306557137e-05,21.190374786808963,0.021881330922671083,48.75043062265916,0.0060300769696439716,49.42195170242958,0.024670972863042095,50.375842177383355,0.024675592956086234,50.33897939700649,0.026273913220199674,26.376581974966594,-0.07185412797209523,-6.366556529238599,-0.052960630433187106,-6.148491879350349,-0.023990488636655094,-8.6277732128184,-0.032601161375398036,-5.611775528978846,-0.02819735686183744,-3.2287822878228734,-0.018979331561239654,1.8587360594795488,-0.01418463499195699,3.0358785648574083,-0.0024968801985876254,-23.85786802030456,-0.03678035862814255,-20.550981633945533,-0.04084548220683626,-17.96724470134874,-0.04762804898925466,-22.64150943396227,-0.04550548124117437,-8.518189884649507,0.019403014607770608,31.61355589276682,0.032735469088875924,42.120509849362705,0.02491857211229842,35.47963924569557,,,0.27786516639003445,-3.273100282088315,5.975061728184339,20.783451172294455,9.575686498767043,11.99224496865757,0.49999999999999994,-0.8660254037844387,0,0
1403-06,1403-06-01,2024-08-22,1403,6,162337.14285714287,6.3,74.73809523809524,74.3,383945238.0952381,434588095.2380952,234919047.6190476,154877142.85714287,253.64,252.4,264.7,72.4,554.8,661752.380952381,784323.8095238095,36617285.71428572,48822380.95238096,158638095.23809522,2529.557313636364,2571.0,185.0,11.78,92.1,,1044.0,0.45,594083.3333333334,115.1,177.6,95.4,118.7,114.7,112.2,84.3,100.9,269.7,2.524740496257394,0.5961289284774123,-1.0059632730680335,1.5226000284705776,1.7394662207816936,3.848578742785236,0.7565182443426772,1.7816898474222853,0.13093291559567177,0.23817874657261484,0.5778529730290654,1.7944947244505016,-0.0011926805774322702,20.205616432893002,0.012072296625325052,24.418016233730853,0.02030132158695075,26.66923864855526,-0.002901488214957837,18.747512489800087,0.03239549317840584,55.31180665709814,0.01282166401571061,52.28434045009747,0.04277742264372719,56.674803305503964,0.04277253801537029,56.67390266292773,0.03823253882053468,31.466297168621903,-0.0617069348765531,-16.72719929974281,-0.085102872340733,-20.95744680851064,0.03098964231884338,-7.871485943775102,-0.07275935428242786,-18.946474086661002,-0.038877588042687705,-12.26086956521739,0.02344561857468097,2.5594149908592323,0.027302444432742767,3.8808664259927683,-0.010892441166423517,-24.634920634920633,0.07225577677330719,-14.299332697807433,0.08279423740968195,-17.336907953529945,0.093090423066012,-22.413793103448263,0.012530284425623428,-6.1151079136690605,0.017146543154650473,31.23450669310859,0.028533179402614905,41.47982062780269,0.023051868195103076,35.46250801110873,,,-0.11919696166298177,-1.9791053912777246,0.11224152660733733,20.205616432893002,9.580231382590235,11.868386385300722,1.2246467991473532e-16,-1.0,0,0
1403-07,1403-07-01,2024-09-22,1403,7,171374.61538461538,6.06,75.32714298793248,75.7,435963461.5384616,493067307.6923077,268019230.7692308,176903846.15384614,259.31,261.1,272.1,74.0,573.4,688792.3076923077,826042.3076923077,40849846.15384615,54465769.23076923,176938076.92307693,2657.6088,2690.0,190.3,12.92,96.7,,1095.0,0.46,624332.6923076923,116.0,175.8,97.7,123.5,116.3,114.6,84.6,103.2,272.9,9.968128234172724,1.8500905529751475,3.86352655841371,7.9520807055942555,3.973044799139913,8.261543369821922,1.269820479806236,3.0514774300169023,3.649223806441171,5.782659651577049,0.9502343439393875,1.9770881768328863,0.04966378570961183,23.42125411132887,0.040048346292776316,28.031134652664292,0.05182403474380237,33.263656594123425,0.05417659215728676,22.929607177834388,0.12624701649306758,73.89557993708591,0.1270585027353377,72.67119507995005,0.10938263898484735,73.7644812519267,0.10938358303510043,73.78657115337126,0.04938245854743162,41.110217544047934,0.007850595942668015,-16.520221895078947,0.018667208719690187,-16.904500548847412,0.013853035389293389,-5.1386623164763385,0.02382298059449628,-15.557476231633538,0.022538925687898725,-8.753315649867366,0.021164811192043054,6.307977736549164,0.007788875378527571,6.1299176578225145,0.03964185445240975,-23.671199011124855,0.011795197568608806,-8.453539080845374,0.028245949223779654,-17.511920242739475,0.021978906718775337,-19.298245614035082,0.047694873808017846,-3.4391534391534417,0.027572536556144556,31.7675544794189,0.03388834503802496,40.30091348737239,0.022108318337462407,35.01509944808914,,,5.091770342156066,5.258169496346543,0.08608464400960969,23.42125411132887,9.640231563027651,12.070236588782937,-0.4999999999999997,-0.8660254037844388,0,0
1403-08,1403-08-01,2024-10-22,1403,8,187263.4615384616,6.18,73.49227281050248,74.4,485998076.9230769,518903846.1538461,271046153.84615386,169769230.76923078,265.59,269.0,279.5,72.3,574.5,734811.5384615385,880865.3846153846,44931423.07692308,59907846.15384615,194627692.30769232,2685.189240909091,2651.0,201.3,13.93,100.4,,1145.0,0.45,683417.3076923077,118.1,195.7,96.5,119.7,116.2,114.7,83.4,102.5,253.8,1.3962770130760305,2.472355087706711,-7.2472648812990315,-5.0279277206907835,-4.255844826659683,0.589331717253927,2.0025292852727197,-4.90860530566124,0.3416093840018064,1.2841496831182297,1.2664203531446903,-3.626408754574584,0.09042227818064852,33.609015319787595,0.06467427072062826,34.033065759694445,0.06425882369212665,40.14957038748656,0.08866461695053651,33.31681311249179,0.05107290699242739,78.02593954652637,0.10864623091783088,89.34488747300891,0.09523434060632852,83.36477789985877,0.09523506725583886,83.3646670755553,0.010324435132993415,35.97031877926862,-0.024660265639098178,-12.811621740064705,-0.017322218604356898,-10.576923076923073,-0.0008602151068073383,-6.06305578011318,-0.0123585507037971,-9.133709981167614,-0.006806054468999179,-4.4734389561975725,0.000872219854685774,4.6532846715328535,0.017941532096951818,6.396396396396398,-0.031252543504104224,-23.85496183206106,-0.07255887243400583,-10.507757404795493,0.056194558343642065,-4.732607666824418,-0.021978906718775337,-21.052631578947356,0.044650273737739,2.415026833631484,0.02683264680595343,32.527264106211476,0.029807903896755583,39.01808785529717,0.02392950912177394,34.38749177756413,,,9.463642720073452,14.90015907297957,11.139361642241962,33.609015319787595,9.725141468500986,11.548796156878385,-0.8660254037844385,-0.5000000000000004,0,0
1403-09,1403-09-01,2024-11-21,1403,9,198598.4583333333,6.23,73.04857199532645,73.8,506577083.3333333,527729166.6666667,276754166.6666667,171375000.0,272.67,275.8,285.1,72.3,568.3,763258.3333333334,918941.6666666666,47084458.333333336,62778666.66666666,203915833.3333333,2648.494781818182,2648.0,202.6,13.86,111.1,,1064.0,0.44,723904.1666666666,122.2,231.8,96.5,119.6,115.1,117.0,83.7,103.2,252.2,1.6483351883394448,1.1226605124046047,-2.708280335393809,3.46135626019759,5.367497983835179,3.8202452030532186,1.2385579062062784,2.1499497429573466,5.841958390674584,5.181233519799555,0.8276963674350649,2.376952942728039,0.057553351922107865,43.50941170037386,0.037982493700202014,39.12846137890613,0.04231782968175679,44.288247285035375,0.05876847836949217,43.859759791210976,0.016864611711927324,80.73419565755611,0.041471833384832735,96.64989078016366,0.04680557909676608,91.06554879646798,0.04680782891538726,91.02375194581558,-0.013759734502623466,31.002469397029287,-0.0060556791751142924,-6.715469252570905,-0.00809721023262,-5.263157894736848,-0.009511528689974291,-4.083333333333339,0.0,-3.1124497991967814,0.006806054468999179,0.8797653958944274,0.01985391066243114,8.534322820037099,0.0341273235341788,11.3947128532361,-0.0008357710473960722,0.16750418760467234,-0.006324131749467554,-13.363105462040547,0.00643725916883664,-1.8886198547215516,-0.022472855852058604,-8.333333333333325,-0.07336924608675055,0.18832391713747842,0.019837703323472233,31.382488479262683,0.02496458575736238,37.96898449224613,0.02630850650772132,34.0758223926833,,,5.9241781732263465,21.852293449291604,19.440708140241124,43.50941170037386,9.785706782100377,11.208139274548307,-1.0,-1.8369701987210297e-16,0,0
1403-10,1403-10-01,2024-12-21,1403,10,220583.6,6.46,77.01888953314887,79.2,540194000.0,560426000.0,310128000.0,176584000.0,277.66,283.8,293.4,78.2,582.7,833136.0,998696.0,51953960.0,69271240.0,225062800.0,2653.5087444444443,2710.0,214.4,14.66,128.4,,1048.0,0.4,801408.0,122.3,238.8,103.5,124.3,114.4,117.2,82.4,108.1,254.1,0.609104985984743,1.213524804458791,2.726881952079907,0.4542842211968434,2.431280474362296,1.6096429134606183,1.1062776069828317,2.3025752526301346,1.2765706300038815,1.0910950085799342,1.0702910573772497,2.088018767068789,0.10171116354079501,55.54489887935692,0.08760034436873809,47.42889578414564,0.083227782484661,52.52533464284792,0.10499177244522073,56.44184276638633,0.0601139986310919,83.20078555523844,0.06425183397032797,97.8738176213514,0.098414966903281,101.10212297156468,0.09841449983951023,101.10186781480851,0.0018913469582146902,29.805678448155692,0.05292612069327607,-1.3807567777571084,0.07061756721395351,-1.2468827930174564,-0.0061002367821396675,-3.378378378378377,0.0700286043604832,2.2727272727272707,0.04638787159769997,4.748062015503862,0.0017079423451562548,9.328358208955233,0.0008179959556313676,11.996336996336998,0.038545157000133834,7.247627264883505,0.00750546679529851,-10.496653751320883,0.05660983738206404,7.955689828801615,-0.09531017980432477,-16.666666666666664,-0.015151805020602538,7.929969104016488,0.028696869790254986,31.805929919137466,0.02859379936674067,37.900874635568506,0.018135070807868026,34.02519669836368,,,10.70636651950938,28.36233147391216,35.111840432272665,55.54489887935692,9.882230402045442,10.786973697481386,-0.8660254037844386,0.5000000000000001,0,0
1403-11,1403-11-01,2025-01-20,1403,11,237861.66666666663,6.62,76.46150016784668,75.2,638100000.0,672197916.6666666,368062500.0,195708333.3333333,287.74,291.1,305.5,73.8,603.8,905983.3333333334,1083950.0,60049208.333333336,80064791.66666667,260132916.66666663,2826.42965,2895.0,220.9,15.34,132.9,,1069.0,0.42,864977.0833333334,122.7,240.4,99.2,133.5,113.8,118.9,84.3,105.7,264.6,13.206435495505886,2.7857724976529834,-6.754819613947305,18.78652133928078,13.751898530646756,11.792573250918892,1.8990175138208347,5.90986739967434,6.736346965959328,6.351677767495545,1.3785551227200301,4.013840028639493,0.07633283264187263,54.114299418839536,0.08382401584781363,50.059419061912116,0.08191662744022565,52.95219106359592,0.07541251084326639,54.856022853264804,0.18185560719174276,105.66851816748377,0.16656667657487745,111.09668866524073,0.14480642319928094,115.30015028238788,0.14480638987703287,115.16530949406794,0.06313148866595153,39.69269757602303,-0.007263362008335328,-5.658409806841025,-0.05182506786458596,-10.262529832935552,-0.005258557253466911,-2.651839178785298,-0.04243359841459604,-2.935420743639927,-0.022451831768970365,1.6346153846153788,0.014400926553824078,10.604651162790702,0.0032653090237388938,11.040723981900458,0.07140347932363866,13.135593220338993,0.04049136135473752,-4.991023339317769,0.02986668122942504,16.81649920676891,0.04879016416943194,-16.000000000000004,0.019840046144057766,17.214912280701753,0.04041291290276927,35.35666814355341,0.025397086025635396,37.63593380614658,0.03565995100223063,34.52080411407199,,,7.93217478903796,26.566458530893478,45.42506218503335,54.114299418839536,9.963905336578772,11.194117879711152,-0.5000000000000004,0.8660254037844384,0,0
1403-12,1403-12-01,2025-02-19,1403,12,253754.78260869565,6.77,71.86090885509144,72.6,738645652.173913,785186956.5217391,466652173.9130435,239347826.08695653,296.77,296.9,315.7,70.7,615.1,990860.8695652174,1187552.1739130437,67787043.47826087,90381695.6521739,293580000.0,2941.461277272728,2983.0,207.4,13.24,121.5,,1011.0,0.42,921897.8260869564,118.2,217.7,95.1,128.4,110.9,116.6,85.5,102.2,255.4,21.142576595998364,2.592158846697618,6.930218172758629,8.080812233925627,6.681850163935721,17.92378981032634,2.5167871650960456,7.1339017631647295,1.4480079610020624,5.887075042179113,1.371236400949778,3.6026800921383995,0.06373138639808928,55.35406002761387,0.08955322049877346,53.51359098323467,0.09128241539589155,57.20530565859456,0.06467910569998736,56.27118417569741,0.1553690345905352,119.74827504302658,0.14632329869703398,119.6075351577254,0.12120671256302629,122.5936907376906,0.12120556245364256,122.63246160668953,0.03989218357229696,39.73364972898143,-0.06205491918669104,-13.949827140500748,-0.03518630912504417,-14.98829039812648,-0.025813627335908862,-5.697278911564618,-0.04220904473948295,-8.733205374280239,-0.03367321510658794,-3.6757775683317506,-0.01953352978034495,6.096451319381235,-0.03736424674486738,3.95778364116095,-0.03895108658444357,11.361665221162198,-0.035388308082416664,-7.059679767103355,-0.06306081463064483,8.814270724029383,0.0,-12.5,-0.05578369200457356,4.766839378238341,0.032842616952295955,37.14161598609904,0.019728531018136763,37.072945521698976,0.030900133408479746,35.07965407373692,,,6.580607029988528,27.350810858291297,55.179883757097436,55.35406002761387,10.0452198655695,11.583142090767634,-2.4492935982947064e-16,1.0,0,1
1404-01,1404-01-01,2025-03-21,1404,1,260797.0,6.71,69.17449951171875,67.7,814650000.0,891266666.6666666,561111111.1111112,297527777.7777778,,,,65.9,635.0,1058955.0,1241930.0,74251190.47619048,99000523.8095238,321647619.04761904,3114.94106,3218.0,215.0,11.59,105.0,,1120.0,0.4,952690.0,117.5,216.0,87.9,129.2,110.3,113.6,84.8,96.4,249.6,-16.44700293166892,4.230122081591647,-12.244023121793646,-16.174580434071828,-12.684031617643043,-11.281152736617628,3.6948088329644455,-10.493593131499424,-10.655221449622054,-15.029014644921013,3.215695999270473,-11.235426024971673,0.03285516245121478,52.72468213551329,0.06646372128748723,53.20961745882589,0.044772429326149776,53.92518962867483,0.02737394902147372,48.36641464566303,0.12672182128018505,110.4096015020938,0.0979402635776303,107.18859083019132,0.09108273335975525,109.20572263905046,0.09108337595368354,109.20502260463904,0.057303739755568905,35.992125111201176,-0.03810013864192552,-21.696766494066168,-0.06987874191252086,-24.8612652608213,-0.005424968096864546,-5.4030874785591765,-0.07872916486021264,-19.79927007299269,-0.05842547615310423,-13.62007168458781,-0.02606576762934054,-1.730103806228378,-0.005939771387784454,-0.508044030482635,0.006211200092640645,13.532513181019334,-0.022971307103166083,-8.336393683437393,0.03598873233223543,12.154407929055822,-0.04879016416943194,-11.111111111111105,0.10238874526866848,16.788321167883204,,,,,,,,,3.340085315499941,18.877026433477084,52.59332271687003,52.72468213551329,10.078998859173687,12.003399015568132,0.49999999999999994,0.8660254037844387,1,1
1404-02,1404-02-01,2025-04-21,1404,2,226435.38461538465,6.62,64.50391354768172,64.2,693100000.0,737511538.4615384,440730769.2307692,252538461.5384616,,,,62.7,669.2,934838.4615384616,1102973.076923077,65595115.38461538,87459307.6923077,284142307.6923077,3299.7201130434782,3309.0,203.9,11.66,101.6,,1163.0,0.39,827661.5384615385,117.8,226.6,84.0,133.2,108.3,114.9,85.5,94.2,237.0,0.343601802003235,1.873479186533922,4.871752118654982,-0.5299898145036508,-1.62735010988726,-0.4248893270144549,1.9427481313073778,5.435914802169606,0.447695808736448,-0.06786941441916383,1.4144872575104832,4.46878421652368,-0.1406852613319156,34.59678882154631,-0.12466410582626608,42.13203312581941,-0.11865729019556603,43.95837464327039,-0.14128270033143941,35.49580899512548,-0.18936193841774696,78.1509934956162,-0.16158428422502524,81.28737921702958,-0.1239525783262998,90.48030164605285,-0.12395151087896039,90.4805862327776,0.05762741993416398,41.05759620585383,-0.0699063934244446,-24.090503982992907,-0.053082969222313814,-21.707317073170728,-0.018298772252512308,-8.298052497883146,-0.0453830058478184,-18.128654970760227,-0.023086020034182475,-11.880261927034619,0.011378678567658618,-0.6055363321799234,0.002549937633272492,1.9913419913419883,0.030490166757787485,22.76497695852533,-0.05179949536014128,-18.10642709053213,-0.053008350547252725,3.0839231547017176,-0.025317807984289953,-7.14285714285714,0.0376741882295244,17.712550607287447,,,,,,,,,-13.123729811214723,-4.31405011656415,21.10631807911034,34.59678882154631,9.897418860913223,11.243391129616242,0.8660254037844386,0.5000000000000001,0,0
1404-03,1404-03-01,2025-05-22,1404,3,225655.625,6.67,68.19249992370605,71.5,697154761.9047619,737766666.6666666,419888888.8888889,241000000.0,,,,69.1,715.4,940131.25,1115475.0,65195687.5,86926750.0,282991764.7058824,3348.5763454545454,3353.0,196.1,12.37,103.7,,1178.0,0.37,825046.875,114.4,207.9,92.2,143.0,106.7,113.6,85.6,99.3,240.1,2.844004659883481,1.1860252709710002,3.3565368352658,2.2335698573591856,0.7591998272459932,3.829828550015435,1.533862212835734,2.9077486514871964,0.0022220897946567675,1.2410595801380708,0.57556864675681,1.0082077505753517,-0.0031640979396456714,36.128768884775965,0.005645747222144948,47.882968202761504,0.01127099214577143,49.13625580639667,-0.003449572639281584,40.282766133825554,0.00034587131672481064,83.09067638769076,0.0058331372248687785,87.66535455868494,-0.006107908470291079,95.02573603479271,-0.006107820257692964,94.99001016636004,0.014697633358631279,43.14677797816437,0.055608689889989016,-16.748975916288224,0.10769423900404629,-13.438256658595638,-0.01488399569923704,-7.298001737619453,0.09314333171923472,-11.17533718689787,0.05272538946880978,-7.369402985074636,-0.011378678567658618,-0.5253940455341555,-0.029287192271788776,-1.1235955056179803,0.07099287215361816,20.981387478849413,0.012995362092076412,-9.600903614457845,-0.03900494437810931,1.8701298701298663,-0.05264373348542195,-13.953488372093027,0.012815211692867479,16.518298714144407,,,,,,,,,-0.31590974571545916,-10.505605756556058,13.971836741741829,36.128768884775965,9.876613319084301,11.31618815533875,1.0,6.123233995736766e-17,0,0
1404-04,1404-04-01,2025-06-22,1404,4,242130.5,6.72,68.84909092296253,71.0,716039583.3333334,792645833.3333334,429826086.95652175,251413043.47826087,,,,69.2,736.0,1036890.0,1200570.0,71035095.23809524,94712476.1904762,306886363.6363636,3338.635909090909,3340.0,192.0,11.62,102.1,,1307.0,0.37,880670.4545454546,112.3,185.5,91.7,154.5,107.8,113.2,86.0,98.8,235.0,0.5289949658831006,2.2807688286663415,-6.075409104825269,-1.014768448772685,-1.5368235506013406,0.43391938412717934,2.10740706144501,4.6838762000732,-0.08787280698445699,-0.08752329026631145,1.6513790661058827,4.11199281400112,0.06524329465177203,48.474941512890425,0.09796163420959303,60.51964135973682,0.07351612085253123,57.07499495745181,0.07046678306052812,48.72652446983308,0.07174890086692187,92.56328265052754,0.026728023268834278,90.04434565279897,0.08578072993679697,107.52923459233297,0.08577992588088534,107.52985711572856,-0.0029729708903634133,40.77947212964166,0.009582434345288604,-19.39697289550547,-0.00701757265864611,-16.764361078546308,0.010256500167189486,-5.3555750658472405,-0.005437751300128468,-13.490566037735851,-0.00504796629730464,-8.433734939759042,-0.003527340517968547,1.3428827215756556,-0.01852721720129935,-1.1443661971830998,0.0773494660778935,28.42892768079801,-0.02146998908304898,-9.719554360353444,-0.021129361174518912,8.229988726042837,0.0,-13.953488372093027,0.10391634941268979,21.13067655236329,,,,,,,,,6.741869005376766,-7.559599182792454,9.890399714683973,48.474941512890425,9.965367019911461,11.15851017974348,0.8660254037844387,-0.4999999999999998,0,0
1404-05,1404-05-01,2025-07-23,1404,5,251251.66666666663,6.86,68.09260824452276,68.2,746277083.3333334,827110416.6666666,437125000.0,255958333.3333333,,,,66.7,795.1,1069379.1666666667,1232941.6666666667,74326916.66666667,99101458.33333331,321968333.3333333,3348.021752173913,3368.0,185.5,11.15,96.3,,1245.0,0.37,919010.4166666666,113.5,199.8,88.1,156.3,106.8,113.9,86.0,96.6,231.1,4.484910790632668,1.23850830161702,3.417626191491152,2.677366340205367,3.237514745813286,5.402656316963572,1.3621930294651843,-2.953860228029015,2.6285963997684902,3.3795907104275713,0.8944050832641172,-1.7487492276142547,0.04261395952145541,54.50946570446911,0.030852413609590457,63.56076694256363,0.0266064689620773,60.4219837925662,0.03697825584179526,54.32310504138482,0.04256169517639208,96.58702429478569,0.04136150720459142,96.8789107156145,0.0452991021521747,111.8546335416982,0.04529842113286264,111.85414597434256,0.00280733655668719,37.514320654453904,-0.011048356754776556,-14.343768531786305,-0.04023531219189902,-15.698393077873918,-0.009319731948802534,-3.9568345323741094,-0.04004984632028563,-14.132553606237819,-0.02251886353534971,-7.91229742612013,0.0061647046840542785,3.9233576642335954,0.01062897517705963,1.3392857142857206,0.011583141089630544,30.25,-0.01673499686382396,-7.891590275009963,-0.03444048998029192,8.925425719318847,0.0,-9.756097560975608,-0.04859890472541384,20.756547041707087,,,,,,,,,4.353497034370335,11.03698480116979,6.246793628925618,54.50946570446911,10.007858785506949,11.12800656558918,0.49999999999999994,-0.8660254037844387,0,0
1404-06,1404-06-01,2025-08-23,1404,6,275144.5833333333,6.9,67.39250030517579,68.0,866595833.3333334,934700000.0,491004166.6666667,287125000.0,,,,66.5,780.6,1180095.8333333333,1360712.5,86694416.66666667,115591333.33333331,375552500.0,3571.9028476190474,3668.0,197.4,11.12,96.7,,1159.0,0.35,1005047.9166666666,113.8,200.2,87.6,149.5,107.2,114.9,85.9,96.6,233.8,7.743048147086284,2.3665151000753335,5.894863851036192,3.2330697583009993,5.178960491864615,7.669431745573974,2.3898477696887728,5.504098216436049,0.4113168039879156,3.418549450352515,1.8295599899625425,3.738242722621621,0.08949304055625973,69.17625192874175,0.0985173878554697,78.32891385067065,0.0986055466413891,73.48861318211624,0.09084162422978359,69.48960570007155,0.122287421365332,115.07722145216874,0.14947574460985535,125.70818631129193,0.1539163272084707,136.7581730200283,0.15391682525988415,136.75890253299121,0.06472881465822589,41.20663834591121,-0.010334924308846638,-9.828448142166835,-0.0029368596733094776,-8.479138627187076,0.003738322110606873,-6.538796861377505,-0.005691534999788139,-8.176100628930827,0.0,-4.261645193260666,0.008741314401572886,2.406417112299475,0.00263968477077281,-1.1294526498696777,-0.04448084459668955,25.947767481044636,0.011615531757633413,-13.311086392287718,0.06217724495189181,6.702702702702701,-0.055569851154810945,-22.222222222222232,-0.07157796555905627,11.015325670498077,,,,,,,,,9.361972230093517,21.817068474644753,9.01944751650463,69.17625192874175,10.097046298057194,10.781547831319394,1.2246467991473532e-16,-1.0,0,0
1404-07,1404-07-01,2025-09-23,1404,7,302785.76923076925,7.09,64.7945447401567,64.7,1066319230.7692308,1128396153.8461535,592269230.7692307,337500000.0,,,,63.0,754.0,1297150.0,1490188.4615384615,107467653.84615384,143288769.23076922,465500384.61538464,3995.6141318181817,4058.0,198.1,10.89,98.1,,1132.0,0.34,1109580.7692307692,111.6,189.0,84.3,139.6,106.3,115.0,84.9,94.4,230.8,-0.29253710428385205,2.0919524727339938,-4.555747326424964,2.1760810672414976,4.974758420887682,1.084055121969385,2.272234223408934,3.9731179393118765,-1.5279803397188374,-3.1103613192899005,1.8596025539277987,3.526789965997068,0.09894703995571419,77.7226762112163,0.0945739002815511,88.32237025786492,0.09089413659227752,80.40098523543679,0.09572880612227408,76.68064115051598,0.18832694843132813,128.8523567152245,0.20739532467511523,144.58912841143174,0.2148004244310222,163.07970277639689,0.21480097706990264,163.08041042009447,0.11209882818524264,50.34621091780633,-0.03931232658488781,-13.982474085686647,-0.04974650366925193,-14.531043593130777,-0.008430963288799553,-8.598452278589852,-0.03839913293453634,-13.715455475946781,-0.023037668067017236,-8.52713178294573,0.0008699435085404161,0.3490401396160525,-0.019521471745020058,-3.7931034482758696,-0.06851520250246956,13.036437246963551,-0.012914514404023691,-15.426896299010618,0.003539826705123872,4.098791382028377,-0.02898753687325195,-26.086956521739125,-0.023571584576623117,3.378995433789944,,,,,,,,,10.400782970706057,25.992732412428143,16.46818684260034,77.7226762112163,10.199747894302973,10.499867759851888,-0.4999999999999997,-0.8660254037844388,0,0
1404-08,1404-08-01,2025-10-23,1404,8,298125.6,7.51,64.30318190834738,63.6,1070646000.0,1134042000.0,589548000.0,339272000.0,,,,62.3,708.3,1267480.0,1441916.0,107935440.0,143912280.0,467572000.0,4047.881827272728,4087.0,202.0,10.42,103.1,,1128.0,0.32,1094718.0,112.5,186.1,84.0,140.5,109.0,115.8,83.7,94.5,245.9,3.552245822550759,1.1752682033732114,2.9169926341594987,3.4657410732382488,4.803417608008331,5.021670148194346,1.706088703409965,4.05075028673032,3.1600672563627086,3.6312051009446122,0.8476024990783749,2.4905760249218645,-0.013485462751221533,60.18294937488919,-0.02313887288464933,72.49048683335862,-0.03292981147407481,63.69311647200087,-0.015510648983315889,59.201158384423366,0.004990950019013951,118.54569173183118,0.004049457689845326,120.29840257360944,0.004343362770555359,140.22261617490582,0.004341987959168847,140.22275751731507,0.012996446176956056,50.74847484128482,-0.007612298331148182,-12.503479006356056,-0.017147731160778612,-14.516129032258075,0.025082596881241592,-6.196213425129093,-0.0035650661644961446,-12.95336787564767,0.001058761348241788,-7.804878048780484,0.0069324367756449234,0.9590235396687019,0.008032171697264445,-4.741744284504657,0.0064262984455289995,17.376775271512113,0.06337341458820234,-3.1126871552403457,0.01949574369669982,0.3477396920019915,-0.06062462181643502,-28.888888888888886,-0.003539826705123872,-1.4847161572052348,,,,,,,,,-1.3394941263332294,19.119215641824884,32.26638536748578,60.18294937488919,10.191094810896573,10.506669542459827,-0.8660254037844385,-0.5000000000000004,0,0
1404-09,1404-09-01,2025-11-22,1404,9,334742.4,7.38,61.89315755743729,62.7,1248566000.0,1309404000.0,694960000.0,395864000.0,,,,60.9,627.5,1433208.0,1635472.0,125865720.0,167819240.0,545231200.0,4235.396455,4309.0,205.7,9.48,104.4,,1116.0,0.32,1229150.0,112.1,179.0,82.9,132.9,109.4,117.4,84.7,94.3,242.8,8.101437474370954,1.3607389419677858,3.430699350156985,11.826401677326714,11.629574630914874,8.088918586151195,1.3264405943018898,4.009289171783337,9.671021654214584,6.542034756640547,0.9746215561942816,2.5439072997196277,0.11582607772961673,69.79457455809643,0.12288461108167326,87.77495605463419,0.12595866296417135,77.97342957931679,0.11584640658427503,68.55236581854973,0.143783830197723,148.12045319963678,0.1537334881616772,146.47107835678185,0.15368235378243966,167.319035739854,0.1536835004780741,167.31889813949545,0.04528319896239452,59.91711533946899,-0.038199482061585854,-15.27122862662239,-0.014252022707201384,-15.040650406504053,0.00366300775873718,-4.952215464813192,-0.013181736702064129,-14.093264248704662,-0.002118644860285457,-8.624031007751942,0.013722342255101161,0.34188034188034067,-0.0035618915663606643,-8.265139116202958,-0.055610523054601124,11.120401337792662,-0.012686890036803788,-3.727200634417116,0.018151099257706527,1.530108588351431,0.0,-27.27272727272727,-0.010695289116748441,4.8872180451127845,,,,,,,,,12.28005751252834,22.29765164596216,48.97941404844421,69.79457455809643,10.299493965716618,10.403182057831156,-1.0,-1.8369701987210297e-16,0,0
1404-10,1404-10-01,2025-12-22,1404,10,386376.4,7.97,62.58999934949373,66.8,1525086000.0,1593354000.0,835006250.0,498306250.0,,,,63.7,619.2,1660224.0,1908836.0,153069320.0,204090400.0,663067600.0,4497.650031818182,4753.0,204.5,11.76,155.8,,1154.0,0.32,1417688.0,111.6,165.7,92.8,136.1,111.0,120.8,85.8,102.1,249.9,3.496436202123121,3.089071459120671,-9.530714959770847,7.678047915019093,7.943435669482923,3.529893913668758,3.2396789547380567,-9.662811860750153,5.974125771593819,2.625340123941733,1.6137198853935792,4.132643447215756,0.14270450210756636,76.8996566043763,0.14703724467625712,99.27406809932593,0.15456218449742565,91.13283721973453,0.14345074306508465,75.16098204943613,0.1962691566079684,184.31122039305814,0.20005510913535574,182.3219065743048,0.19567526629327148,194.62493330633507,0.19567558517279338,194.625013208945,0.06007810756890741,69.49821783081549,0.011195877230523621,-18.734222566848292,0.0633416329037253,-15.656565656565668,0.014519311324453277,-2.9720279720279796,0.11281157765090555,-10.338164251207738,0.07947153553120767,-5.550416281221093,0.028549378106718315,3.0716723549488067,-0.004470280130903781,-8.748977923139822,0.02379294393822029,9.493161705551078,0.02882277865556304,-1.6528925619834656,-0.005850821176054843,-4.61753731343284,0.0,-20.000000000000007,0.033483304126789015,10.114503816793885,,,,,,,,,15.338892730748888,27.767895705585268,60.97826294532831,76.8996566043763,10.435091124440982,10.40936224189145,-0.8660254037844386,0.5000000000000001,0,0
1404-11,1404-11-01,2026-01-21,1404,11,426020.8333333333,8.12,68.03666687011719,71.1,1836768750.0,1891418750.0,989100000.0,551714285.7142857,,,,68.0,626.5,1852141.6666666667,2130637.5,185779208.3333333,247703125.0,804797500.0,5002.196258333333,5020.0,209.6,11.24,105.0,,1282.0,0.31,1561676.6666666667,109.9,139.8,92.4,145.0,113.5,119.3,86.0,101.3,257.6,6.0857263235330805,4.095376436492981,8.4723299820606,5.9256374151036795,6.0452597418368725,6.797173914867116,4.435159177324294,9.447150933397808,5.933719482150224,4.67386766561777,2.337258700000651,5.011970141044841,0.0967326547254963,80.54543834253798,0.10939009415503165,104.43440828565649,0.1099275985155046,96.5623414364131,0.09767622574336698,79.10445146688905,0.1714859803794475,181.3782523128419,0.18595711180246255,187.8496708979784,0.19366802595585142,209.378280729485,0.19366791954075424,209.37834201987454,0.10632202243505695,76.97933002978982,0.08344126798467233,-11.018399167208958,0.062384256266594384,-5.452127659574479,0.022272635609123625,-0.2636203866432263,-0.004319661144516651,-6.854838709677413,-0.007866313915982026,-4.162724692526021,-0.012494956396844614,0.3364171572750152,-0.015350188537634146,-10.431947840260792,0.06334383276315414,8.614232209737827,0.03034715638929253,-2.64550264550264,0.024632976964030107,-5.115436849253063,-0.03174869831458027,-26.190476190476186,0.10518719041257008,19.92516370439663,,,,,,,,,10.156583583035662,42.65561237384119,69.9302465287617,80.54543834253798,10.522437127961776,10.181003390897933,-0.5000000000000004,0.8660254037844384,0,0
1404-12,1404-12-01,2026-02-20,1404,12,439935.0,8.21,88.61571466355096,103.7,1952920833.3333333,2009472916.6666667,995950000.0,553050000.0,,,,95.6,658.3,1889287.5,2176837.5,194782458.4583333,260437763.66666663,846130431.6666666,5083.3324,4856.0,212.7,17.91,130.0,,1493.0,0.33,1624947.9166666667,111.5,137.7,130.6,183.0,116.7,122.3,85.7,127.9,276.0,-5.6229119475624145,4.1525362479834245,-18.04573560676559,-4.07231865783011,-5.558270647262731,-9.917090748734125,3.949159589864612,-17.315500938753914,-3.481232329691686,-1.9982290218147014,3.159769304484627,-12.372152809597381,0.03971573356906788,76.26117240820962,0.01985714668921723,90.67132006423925,0.02145190474495884,83.30457792243449,0.03213873911490772,73.37013138325943,0.06054524832657293,155.922860151464,0.061318201430896835,164.3921111003197,0.047324421534288064,187.3446730580594,0.05013296909761067,188.15321707277843,0.016089963120743178,72.81656703341608,0.26426242976109204,23.315605209288172,0.3774147784262869,42.83746556473831,0.027803702371052452,5.229936880072139,0.3460122381946924,37.329127234490024,0.2331622973301597,25.146771037181992,0.024835713589256514,4.8885077186964,0.014453729490597311,-5.668358714043997,0.23275241042084716,42.523364485981304,0.06899287148695077,8.06577916992952,0.014681769759304686,2.555448408871741,0.06252035698133396,-21.42857142857142,0.15236616005857506,47.675568743818,,,,,,,,,4.051494867695626,32.20094509756064,61.67865130808441,76.26117240820962,10.553671586375321,10.316498377581167,-2.4492935982947064e-16,1.0,0,1
1405-01,1405-01-01,2026-03-21,1405,1,424470.4,8.21,102.38949966430664,120.4,1765874000.0,1858568000.0,972653333.3333334,554926666.6666666,,,,103.9,725.3,1810924.0,2084732.0,176117040.0,234820240.0,762900872.0,4652.870434782609,4721.0,214.0,15.41,117.4,,1643.0,0.32,1563352.0833333333,113.3,138.3,146.7,208.7,118.5,126.3,87.8,140.0,282.0,-6.5949921551201385,2.017063928678691,5.7709328003593185,-3.9674798387061117,1.2917996491541572,-3.199714169236856,1.102129132178487,-2.578434423359255,-2.4814857499203313,-3.346514931754996,1.6823994942437768,-4.256234701387385,-0.038643476664429244,64.09871871577673,-0.04236256161226848,71.01047731017842,-0.04323282564200426,67.86227887240021,-0.03578471449966614,62.75892744165004,-0.07806615843587394,108.53107936270479,-0.1006803631872728,116.76474559626833,-0.10073456414828996,137.19086370268232,-0.10354363632017183,137.19090663781964,-0.088482703826676,49.37266372489913,0.1444749567175858,48.01624932170414,0.14931741763923867,77.84342688330872,0.01530642128267612,7.434270172257484,0.11625046830660501,66.8941979522184,0.0903937140245068,45.22821576763485,0.03218298666331876,11.179577464788725,0.016014577133787178,-3.574468085106386,0.1314116612417333,61.53250773993808,0.021506205220964247,12.98076923076923,0.006093292815659623,-0.46511627906976605,-0.030771658666753687,-20.000000000000007,0.09573632049807745,46.69642857142857,,,,,,,,,-3.7906343152024236,10.274763088446349,40.89574429242737,64.09871871577673,10.541419726053707,10.553027691130852,0.49999999999999994,0.8660254037844387,1,1
1405-02,1405-02-01,2026-04-21,1405,2,473931.8518518519,7.95,106.99956545622452,107.5,1862020370.3703704,1918511111.1111112,991309259.2592592,550500000.0,,,,100.4,769.5,2037192.5925925928,2352107.407407407,189698148.1481481,252928370.3703704,821738744.4444444,4641.8632,4587.0,216.2,16.17,121.2,,1781.0,0.34,1736209.259259259,116.0,145.6,133.7,199.7,120.7,129.4,89.5,132.3,303.0,0.3428492192650623,2.3507873264821875,6.804975699773053,2.560041952112968,4.158147660764655,0.946413753945663,2.150663425206766,5.990902360214534,6.338258141875386,3.0958297363042675,2.0194050554762852,5.568714766586247,0.10487186270006355,109.77285745167448,0.11773546769303422,117.91921026013301,0.1206713855895245,113.25157038003084,0.1102212646672136,109.30114463199128,0.03174312351721298,160.1330299337632,0.05301636688553302,168.65104175016165,0.07428534086730565,189.1955399969305,0.07428604231446201,189.19548650007917,-0.0023684895900757397,40.674452407377174,0.04404060829005285,65.88073431719725,-0.11332868530700324,67.44548286604362,0.018395167528299616,11.449676823638043,-0.09279120104103811,59.16666666666666,-0.05657035148839373,40.445859872611464,0.024248352710355192,12.619669277632717,0.023551023072403865,-1.5280135823429464,-0.04408157366138532,49.92492492492493,0.07182573457125496,27.848101265822777,0.010227890183256427,6.032368808239319,0.06062462181643502,-12.82051282051282,0.08065116525239358,53.1384350816853,,,,,,,,,11.056829601516572,11.175974919643572,58.59876783420561,109.77285745167448,10.618073556511089,10.113494147622445,0.8660254037844386,0.5000000000000001,0,0
1405-03,1405-03-01,2026-05-22,1405,3,464858.0,7.46,91.47999974300988,85.4,1727066666.6666667,1771383333.3333333,911770833.3333334,511408333.3333333,,,,81.7,783.8,1976976.0,2286860.0,175320243.45833334,233758104.4583333,759421250.0,4362.658076923077,4228.0,197.1,15.17,118.3,,1740.0,0.32,1706145.8333333333,113.8,147.2,109.9,156.1,117.2,125.0,88.4,114.9,286.0,-8.024031288719158,2.5765870296237576,-5.542701276765172,-5.8346034226087085,-6.7917375273861325,-8.14777419528383,2.238345786027721,-4.9873003136074345,-2.8158815025154382,-6.673642899883525,2.519680973555769,-5.829460863822078,-0.01746722199517947,106.79380590749261,-0.030004275439621253,110.28723383038272,-0.028131997807763653,105.01221452744348,-0.019331556287959017,106.0032848726904,-0.07978863665461589,140.10075452943568,-0.07523771783771238,147.73074230289782,-0.07881985069006348,168.91386559629936,-0.07881948852820031,168.91388952000773,-0.062034315092086345,30.28396628451,-0.15670440695154841,34.14964966141136,-0.23014474677319274,19.440559440559447,-0.029426250960573164,9.8406747891284,-0.1960276226983213,19.197396963123637,-0.14100988626620037,15.70996978851964,-0.034594644764498916,10.035211267605648,-0.01914766941413415,-0.5244755244755317,-0.24631941290038295,9.160839160839163,-0.057740994689516434,19.117034568929615,-0.09249269104643343,0.5099439061703182,-0.06062462181643502,-13.513513513513509,-0.023289891081086367,47.70797962648557,,,,,,,,,-1.731555442732302,4.996955030609951,38.8069668741271,106.79380590749261,10.601288020913112,10.1037010808984,1.0,6.123233995736766e-17,0,0
1405-04,1405-04-01,2026-06-22,1405,4,492017.9166666667,7.31,79.15909160267223,83.4,1734968750.0,1781518750.0,923333333.3333334,526837500.0,,,,79.8,781.3,2046000.0,2393991.6666666665,176641041.66666666,235519125.0,765166666.6666666,4080.351730769231,4073.0,213.4,18.06,128.9,,1660.0,0.34,1791458.3333333333,116.7,172.9,108.7,149.3,116.8,125.4,88.0,114.2,310.0,5.91635068777876,1.7739498702732512,4.133148791057195,6.514794743553409,6.950692688316806,7.308334333184874,2.174137360605249,5.691620862836189,8.491182855511248,7.140233991691858,1.5403409371269579,3.4612665657665076,0.04879307148846301,103.41982907306328,0.03431826302010421,97.32083441830859,0.04578242860453763,99.4045883760769,0.056783149212002115,103.20360989906958,0.005705445251809493,124.75595973401319,0.004565000703383504,142.30067588209448,0.007505395987013941,148.6672835090904,0.00750528130292949,148.66747705587136,-0.06689832904769943,22.216133830546593,-0.14466072113572537,14.974781135811789,-0.02369779142982331,17.464788732394364,-0.0034188067487859186,8.34879406307978,-0.01097906728241238,18.53871319520175,-0.006110887632799766,15.587044534412954,0.0031948908965189204,10.77738515901061,0.025164017600279642,3.918076580587715,-0.04453912297624196,-3.3656957928802522,0.08058048665933981,31.914893617021267,0.07945712470897881,11.145833333333343,0.06062462181643502,-8.108108108108103,-0.04706751085798633,27.00841622035195,,,,,,,,,5.000305268941929,14.59084312688148,26.364780779221753,103.41982907306328,10.675691745947825,10.085531273993752,0.8660254037844387,-0.4999999999999998,0,0
1405-05,1405-05-01,2026-07-23,1405,5,520127.5,,87.36916605631511,,1813558333.3333333,1854995833.3333333,948750000.0,532083333.3333333,,,,,,2184483.333333333,2545883.333333333,184638500.0,246182166.66666663,799815833.3333334,4105.727857142857,,,,,,,,1905845.8333333333,,,,,,,,,,-0.2588708520303129,1.5031953099837743,2.1827371738012857,,,0.6174083952970477,1.745009305810397,-3.236032990965043,,-1.3547762873535873,1.4372660833159816,-2.5626271042966664,0.061895917520935484,107.38022102578633,0.06549267233986455,104.27584540874571,0.06151554936608683,106.48854703858652,0.05555884201002215,107.01454716718301,0.04041621902839765,124.27426809701446,0.04430144367546163,143.01407263276315,0.04428019918203674,148.41404471013752,0.04427965644144649,148.41427241021933,0.006199843865466903,22.631457053018124,0.09868278408878162,28.309325062963666,,,,,,,,,,,,,,,,,,,,,,,,,,,,,,,6.385161065240141,9.770514306924527,22.03843945503017,107.38022102578633,10.713772101264395,10.046636174651187,0.49999999999999994,-0.8660254037844387,0,0
1405-06,1405-06-01,2026-08-23,1405,6,,,,,,,,,,,,,,,,,,,,,,,,,,,,,,,,,,,,,,,,,,,,,,,,,,,,,,,,,,,,,,,,,,,,,,,,,,,,,,,,,,,,,,,,,,,,,,,,,,,,,,,,,1.2246467991473532e-16,-1.0,0,0
1405-07,1405-07-01,2026-09-23,1405,7,,,,,,,,,,,,,,,,,,,,,,,,,,,,,,,,,,,,,,,,,,,,,,,,,,,,,,,,,,,,,,,,,,,,,,,,,,,,,,,,,,,,,,,,,,,,,,,,,,,,,,,,,-0.4999999999999997,-0.8660254037844388,0,0
1405-08,1405-08-01,2026-10-23,1405,8,,,,,,,,,,,,,,,,,,,,,,,,,,,,,,,,,,,,,,,,,,,,,,,,,,,,,,,,,,,,,,,,,,,,,,,,,,,,,,,,,,,,,,,,,,,,,,,,,,,,,,,,,-0.8660254037844385,-0.5000000000000004,0,0
1405-09,1405-09-01,2026-11-22,1405,9,,,,,,,,,,,,,,,,,,,,,,,,,,,,,,,,,,,,,,,,,,,,,,,,,,,,,,,,,,,,,,,,,,,,,,,,,,,,,,,,,,,,,,,,,,,,,,,,,,,,,,,,,-1.0,-1.8369701987210297e-16,0,0
1405-10,1405-10-01,2026-12-22,1405,10,,,,,,,,,,,,,,,,,,,,,,,,,,,,,,,,,,,,,,,,,,,,,,,,,,,,,,,,,,,,,,,,,,,,,,,,,,,,,,,,,,,,,,,,,,,,,,,,,,,,,,,,,-0.8660254037844386,0.5000000000000001,0,0
1405-11,1405-11-01,2027-01-21,1405,11,,,,,,,,,,,,,,,,,,,,,,,,,,,,,,,,,,,,,,,,,,,,,,,,,,,,,,,,,,,,,,,,,,,,,,,,,,,,,,,,,,,,,,,,,,,,,,,,,,,,,,,,,-0.5000000000000004,0.8660254037844384,0,0
1405-12,1405-12-01,2027-02-20,1405,12,,,,,,,,,,,,,,,,,,,,,,,,,,,,,,,,,,,,,,,,,,,,,,,,,,,,,,,,,,,,,,,,,,,,,,,,,,,,,,,,,,,,,,,,,,,,,,,,,,,,,,,,,-2.4492935982947064e-16,1.0,0,1
