"ref_area","source","indicator","sex","classif1","time","obs_value","obs_status","note_classif","note_indicator","note_source"
"IRN","BA:675","EAP_DWAP_SEX_AGE_RT","SEX_T","AGE_YTHADULT_YGE15","2024",40.707,,,,"R1:3513"
"IRN","BA:675","EAP_DWAP_SEX_AGE_RT","SEX_T","AGE_YTHADULT_Y15-64","2024",44.247,,,,"R1:3513"
"IRN","BA:675","EAP_DWAP_SEX_AGE_RT","SEX_T","AGE_YTHADULT_Y15-24","2024",23.164,,,,"R1:3513"
"IRN","BA:675","EAP_DWAP_SEX_AGE_RT","SEX_T","AGE_YTHADULT_YGE25","2024",44.381,,,,"R1:3513"
"IRN","BA:675","EAP_DWAP_SEX_AGE_RT","SEX_M","AGE_YTHADULT_YGE15","2024",67.396,,,,"R1:3513"
"IRN","BA:675","EAP_DWAP_SEX_AGE_RT","SEX_M","AGE_YTHADULT_Y15-64","2024",72.632,,,,"R1:3513"
"IRN","BA:675","EAP_DWAP_SEX_AGE_RT","SEX_M","AGE_YTHADULT_Y15-24","2024",35.817,,,,"R1:3513"
"IRN","BA:675","EAP_DWAP_SEX_AGE_RT","SEX_M","AGE_YTHADULT_YGE25","2024",74.388,,,,"R1:3513"
"IRN","BA:675","EAP_DWAP_SEX_AGE_RT","SEX_F","AGE_YTHADULT_YGE15","2024",14.106,,,,"R1:3513"
"IRN","BA:675","EAP_DWAP_SEX_AGE_RT","SEX_F","AGE_YTHADULT_Y15-64","2024",15.583,,,,"R1:3513"
"IRN","BA:675","EAP_DWAP_SEX_AGE_RT","SEX_F","AGE_YTHADULT_Y15-24","2024",9.315,,,,"R1:3513"
"IRN","BA:675","EAP_DWAP_SEX_AGE_RT","SEX_F","AGE_YTHADULT_YGE25","2024",15.053,,,,"R1:3513"
"IRN","BA:675","EAP_DWAP_SEX_AGE_RT","SEX_T","AGE_AGGREGATE_YGE15","2024",40.707,,,,"R1:3513"
"IRN","BA:675","EAP_DWAP_SEX_AGE_RT","SEX_T","AGE_AGGREGATE_Y15-24","2024",23.164,,,,"R1:3513"
"IRN","BA:675","EAP_DWAP_SEX_AGE_RT","SEX_T","AGE_AGGREGATE_Y25-54","2024",53.863,,,,"R1:3513"
"IRN","BA:675","EAP_DWAP_SEX_AGE_RT","SEX_T","AGE_AGGREGATE_Y55-64","2024",27.572,,,,"R1:3513"
"IRN","BA:675","EAP_DWAP_SEX_AGE_RT","SEX_T","AGE_AGGREGATE_YGE65","2024",8.218,,,,"R1:3513"
"IRN","BA:675","EAP_DWAP_SEX_AGE_RT","SEX_M","AGE_AGGREGATE_YGE15","2024",67.396,,,,"R1:3513"
"IRN","BA:675","EAP_DWAP_SEX_AGE_RT","SEX_M","AGE_AGGREGATE_Y15-24","2024",35.817,,,,"R1:3513"
"IRN","BA:675","EAP_DWAP_SEX_AGE_RT","SEX_M","AGE_AGGREGATE_Y25-54","2024",89.445,,,,"R1:3513"
"IRN","BA:675","EAP_DWAP_SEX_AGE_RT","SEX_M","AGE_AGGREGATE_Y55-64","2024",47.723,,,,"R1:3513"
"IRN","BA:675","EAP_DWAP_SEX_AGE_RT","SEX_M","AGE_AGGREGATE_YGE65","2024",15.937,,,,"R1:3513"
"IRN","BA:675","EAP_DWAP_SEX_AGE_RT","SEX_F","AGE_AGGREGATE_YGE15","2024",14.106,,,,"R1:3513"
"IRN","BA:675","EAP_DWAP_SEX_AGE_RT","SEX_F","AGE_AGGREGATE_Y15-24","2024",9.315,,,,"R1:3513"
"IRN","BA:675","EAP_DWAP_SEX_AGE_RT","SEX_F","AGE_AGGREGATE_Y25-54","2024",19.252,,,,"R1:3513"
"IRN","BA:675","EAP_DWAP_SEX_AGE_RT","SEX_F","AGE_AGGREGATE_Y55-64","2024",5.814,,,,"R1:3513"
"IRN","BA:675","EAP_DWAP_SEX_AGE_RT","SEX_F","AGE_AGGREGATE_YGE65","2024",1.393,,,,"R1:3513"
"IRN","BA:675","EAP_DWAP_SEX_AGE_RT","SEX_T","AGE_10YRBANDS_YGE15","2024",40.707,,,,"R1:3513"
"IRN","BA:675","EAP_DWAP_SEX_AGE_RT","SEX_T","AGE_10YRBANDS_Y15-24","2024",23.164,,,,"R1:3513"
"IRN","BA:675","EAP_DWAP_SEX_AGE_RT","SEX_T","AGE_10YRBANDS_Y25-34","2024",55.632,,,,"R1:3513"
"IRN","BA:675","EAP_DWAP_SEX_AGE_RT","SEX_T","AGE_10YRBANDS_Y35-44","2024",55.547,,,,"R1:3513"
"IRN","BA:675","EAP_DWAP_SEX_AGE_RT","SEX_T","AGE_10YRBANDS_Y45-54","2024",49.925,,,,"R1:3513"
"IRN","BA:675","EAP_DWAP_SEX_AGE_RT","SEX_T","AGE_10YRBANDS_Y55-64","2024",27.572,,,,"R1:3513"
"IRN","BA:675","EAP_DWAP_SEX_AGE_RT","SEX_T","AGE_10YRBANDS_YGE65","2024",8.218,,,,"R1:3513"
"IRN","BA:675","EAP_DWAP_SEX_AGE_RT","SEX_M","AGE_10YRBANDS_YGE15","2024",67.396,,,,"R1:3513"
"IRN","BA:675","EAP_DWAP_SEX_AGE_RT","SEX_M","AGE_10YRBANDS_Y15-24","2024",35.817,,,,"R1:3513"
"IRN","BA:675","EAP_DWAP_SEX_AGE_RT","SEX_M","AGE_10YRBANDS_Y25-34","2024",89.202,,,,"R1:3513"
"IRN","BA:675","EAP_DWAP_SEX_AGE_RT","SEX_M","AGE_10YRBANDS_Y35-44","2024",93.27,,,,"R1:3513"
"IRN","BA:675","EAP_DWAP_SEX_AGE_RT","SEX_M","AGE_10YRBANDS_Y45-54","2024",84.716,,,,"R1:3513"
"IRN","BA:675","EAP_DWAP_SEX_AGE_RT","SEX_M","AGE_10YRBANDS_Y55-64","2024",47.723,,,,"R1:3513"
"IRN","BA:675","EAP_DWAP_SEX_AGE_RT","SEX_M","AGE_10YRBANDS_YGE65","2024",15.937,,,,"R1:3513"
"IRN","BA:675","EAP_DWAP_SEX_AGE_RT","SEX_F","AGE_10YRBANDS_YGE15","2024",14.106,,,,"R1:3513"
"IRN","BA:675","EAP_DWAP_SEX_AGE_RT","SEX_F","AGE_10YRBANDS_Y15-24","2024",9.315,,,,"R1:3513"
"IRN","BA:675","EAP_DWAP_SEX_AGE_RT","SEX_F","AGE_10YRBANDS_Y25-34","2024",23.762,,,,"R1:3513"
"IRN","BA:675","EAP_DWAP_SEX_AGE_RT","SEX_F","AGE_10YRBANDS_Y35-44","2024",19.47,,,,"R1:3513"
"IRN","BA:675","EAP_DWAP_SEX_AGE_RT","SEX_F","AGE_10YRBANDS_Y45-54","2024",14.496,,,,"R1:3513"
"IRN","BA:675","EAP_DWAP_SEX_AGE_RT","SEX_F","AGE_10YRBANDS_Y55-64","2024",5.814,,,,"R1:3513"
"IRN","BA:675","EAP_DWAP_SEX_AGE_RT","SEX_F","AGE_10YRBANDS_YGE65","2024",1.393,,,,"R1:3513"
"IRN","BA:675","EAP_DWAP_SEX_AGE_RT","SEX_T","AGE_5YRBANDS_YGE15","2024",40.707,,,,"R1:3513"
"IRN","BA:675","EAP_DWAP_SEX_AGE_RT","SEX_T","AGE_5YRBANDS_Y15-19","2024",11.178,,,,"R1:3513"
"IRN","BA:675","EAP_DWAP_SEX_AGE_RT","SEX_T","AGE_5YRBANDS_Y20-24","2024",39.048,,,,"R1:3513"
"IRN","BA:675","EAP_DWAP_SEX_AGE_RT","SEX_T","AGE_5YRBANDS_Y25-29","2024",56.091,,,,"R1:3513"
"IRN","BA:675","EAP_DWAP_SEX_AGE_RT","SEX_T","AGE_5YRBANDS_Y30-34","2024",55.29,,,,"R1:3513"
"IRN","BA:675","EAP_DWAP_SEX_AGE_RT","SEX_T","AGE_5YRBANDS_Y35-39","2024",54.854,,,,"R1:3513"
"IRN","BA:675","EAP_DWAP_SEX_AGE_RT","SEX_T","AGE_5YRBANDS_Y40-44","2024",56.255,,,,"R1:3513"
"IRN","BA:675","EAP_DWAP_SEX_AGE_RT","SEX_T","AGE_5YRBANDS_Y45-49","2024",53.7,,,,"R1:3513"
"IRN","BA:675","EAP_DWAP_SEX_AGE_RT","SEX_T","AGE_5YRBANDS_Y50-54","2024",45.587,,,,"R1:3513"
"IRN","BA:675","EAP_DWAP_SEX_AGE_RT","SEX_T","AGE_5YRBANDS_Y55-59","2024",33.081,,,,"R1:3513"
"IRN","BA:675","EAP_DWAP_SEX_AGE_RT","SEX_T","AGE_5YRBANDS_Y60-64","2024",21.261,,,,"R1:3513"
"IRN","BA:675","EAP_DWAP_SEX_AGE_RT","SEX_T","AGE_5YRBANDS_YGE65","2024",8.218,,,,"R1:3513"
"IRN","BA:675","EAP_DWAP_SEX_AGE_RT","SEX_M","AGE_5YRBANDS_YGE15","2024",67.396,,,,"R1:3513"
"IRN","BA:675","EAP_DWAP_SEX_AGE_RT","SEX_M","AGE_5YRBANDS_Y15-19","2024",17.828,,,,"R1:3513"
"IRN","BA:675","EAP_DWAP_SEX_AGE_RT","SEX_M","AGE_5YRBANDS_Y20-24","2024",60.557,,,,"R1:3513"
"IRN","BA:675","EAP_DWAP_SEX_AGE_RT","SEX_M","AGE_5YRBANDS_Y25-29","2024",86.102,,,,"R1:3513"
"IRN","BA:675","EAP_DWAP_SEX_AGE_RT","SEX_M","AGE_5YRBANDS_Y30-34","2024",91.619,,,,"R1:3513"
"IRN","BA:675","EAP_DWAP_SEX_AGE_RT","SEX_M","AGE_5YRBANDS_Y35-39","2024",93.584,,,,"R1:3513"
"IRN","BA:675","EAP_DWAP_SEX_AGE_RT","SEX_M","AGE_5YRBANDS_Y40-44","2024",92.96,,,,"R1:3513"
"IRN","BA:675","EAP_DWAP_SEX_AGE_RT","SEX_M","AGE_5YRBANDS_Y45-49","2024",90.154,,,,"R1:3513"
"IRN","BA:675","EAP_DWAP_SEX_AGE_RT","SEX_M","AGE_5YRBANDS_Y50-54","2024",78.507,,,,"R1:3513"
"IRN","BA:675","EAP_DWAP_SEX_AGE_RT","SEX_M","AGE_5YRBANDS_Y55-59","2024",58.125,,,,"R1:3513"
"IRN","BA:675","EAP_DWAP_SEX_AGE_RT","SEX_M","AGE_5YRBANDS_Y60-64","2024",36.443,,,,"R1:3513"
"IRN","BA:675","EAP_DWAP_SEX_AGE_RT","SEX_M","AGE_5YRBANDS_YGE65","2024",15.937,,,,"R1:3513"
"IRN","BA:675","EAP_DWAP_SEX_AGE_RT","SEX_F","AGE_5YRBANDS_YGE15","2024",14.106,,,,"R1:3513"
"IRN","BA:675","EAP_DWAP_SEX_AGE_RT","SEX_F","AGE_5YRBANDS_Y15-19","2024",3.653,,,,"R1:3513"
"IRN","BA:675","EAP_DWAP_SEX_AGE_RT","SEX_F","AGE_5YRBANDS_Y20-24","2024",16.521,,,,"R1:3513"
"IRN","BA:675","EAP_DWAP_SEX_AGE_RT","SEX_F","AGE_5YRBANDS_Y25-29","2024",26.076,,,,"R1:3513"
"IRN","BA:675","EAP_DWAP_SEX_AGE_RT","SEX_F","AGE_5YRBANDS_Y30-34","2024",22.115,,,,"R1:3513"
"IRN","BA:675","EAP_DWAP_SEX_AGE_RT","SEX_F","AGE_5YRBANDS_Y35-39","2024",19.076,,,,"R1:3513"
"IRN","BA:675","EAP_DWAP_SEX_AGE_RT","SEX_F","AGE_5YRBANDS_Y40-44","2024",19.887,,,,"R1:3513"
"IRN","BA:675","EAP_DWAP_SEX_AGE_RT","SEX_F","AGE_5YRBANDS_Y45-49","2024",16.79,,,,"R1:3513"
"IRN","BA:675","EAP_DWAP_SEX_AGE_RT","SEX_F","AGE_5YRBANDS_Y50-54","2024",11.845,,,,"R1:3513"
"IRN","BA:675","EAP_DWAP_SEX_AGE_RT","SEX_F","AGE_5YRBANDS_Y55-59","2024",7.441,,,,"R1:3513"
"IRN","BA:675","EAP_DWAP_SEX_AGE_RT","SEX_F","AGE_5YRBANDS_Y60-64","2024",3.836,,,,"R1:3513"
"IRN","BA:675","EAP_DWAP_SEX_AGE_RT","SEX_F","AGE_5YRBANDS_YGE65","2024",1.393,,,,"R1:3513"
"IRN","BA:675","EAP_DWAP_SEX_AGE_RT","SEX_T","AGE_YTHADULT_YGE15","2023",40.936,,,,"R1:3513"
"IRN","BA:675","EAP_DWAP_SEX_AGE_RT","SEX_T","AGE_YTHADULT_Y15-64","2023",44.38,,,,"R1:3513"
"IRN","BA:675","EAP_DWAP_SEX_AGE_RT","SEX_T","AGE_YTHADULT_Y15-24","2023",23.143,,,,"R1:3513"
"IRN","BA:675","EAP_DWAP_SEX_AGE_RT","SEX_T","AGE_YTHADULT_YGE25","2023",44.598,,,,"R1:3513"
"IRN","BA:675","EAP_DWAP_SEX_AGE_RT","SEX_M","AGE_YTHADULT_YGE15","2023",67.731,,,,"R1:3513"
"IRN","BA:675","EAP_DWAP_SEX_AGE_RT","SEX_M","AGE_YTHADULT_Y15-64","2023",72.851,,,,"R1:3513"
"IRN","BA:675","EAP_DWAP_SEX_AGE_RT","SEX_M","AGE_YTHADULT_Y15-24","2023",35.818,,,,"R1:3513"
"IRN","BA:675","EAP_DWAP_SEX_AGE_RT","SEX_M","AGE_YTHADULT_YGE25","2023",74.658,,,,"R1:3513"
"IRN","BA:675","EAP_DWAP_SEX_AGE_RT","SEX_F","AGE_YTHADULT_YGE15","2023",14.211,,,,"R1:3513"
"IRN","BA:675","EAP_DWAP_SEX_AGE_RT","SEX_F","AGE_YTHADULT_Y15-64","2023",15.642,,,,"R1:3513"
"IRN","BA:675","EAP_DWAP_SEX_AGE_RT","SEX_F","AGE_YTHADULT_Y15-24","2023",9.316,,,,"R1:3513"
"IRN","BA:675","EAP_DWAP_SEX_AGE_RT","SEX_F","AGE_YTHADULT_YGE25","2023",15.165,,,,"R1:3513"
"IRN","BA:675","EAP_DWAP_SEX_AGE_RT","SEX_T","AGE_AGGREGATE_YGE15","2023",40.936,,,,"R1:3513"
"IRN","BA:675","EAP_DWAP_SEX_AGE_RT","SEX_T","AGE_AGGREGATE_Y15-24","2023",23.143,,,,"R1:3513"
"IRN","BA:675","EAP_DWAP_SEX_AGE_RT","SEX_T","AGE_AGGREGATE_Y25-54","2023",53.741,,,,"R1:3513"
"IRN","BA:675","EAP_DWAP_SEX_AGE_RT","SEX_T","AGE_AGGREGATE_Y55-64","2023",27.559,,,,"R1:3513"
"IRN","BA:675","EAP_DWAP_SEX_AGE_RT","SEX_T","AGE_AGGREGATE_YGE65","2023",8.191,,,,"R1:3513"
"IRN","BA:675","EAP_DWAP_SEX_AGE_RT","SEX_M","AGE_AGGREGATE_YGE15","2023",67.731,,,,"R1:3513"
"IRN","BA:675","EAP_DWAP_SEX_AGE_RT","SEX_M","AGE_AGGREGATE_Y15-24","2023",35.818,,,,"R1:3513"
"IRN","BA:675","EAP_DWAP_SEX_AGE_RT","SEX_M","AGE_AGGREGATE_Y25-54","2023",89.187,,,,"R1:3513"
"IRN","BA:675","EAP_DWAP_SEX_AGE_RT","SEX_M","AGE_AGGREGATE_Y55-64","2023",47.644,,,,"R1:3513"
"IRN","BA:675","EAP_DWAP_SEX_AGE_RT","SEX_M","AGE_AGGREGATE_YGE65","2023",15.804,,,,"R1:3513"
"IRN","BA:675","EAP_DWAP_SEX_AGE_RT","SEX_F","AGE_AGGREGATE_YGE15","2023",14.211,,,,"R1:3513"
"IRN","BA:675","EAP_DWAP_SEX_AGE_RT","SEX_F","AGE_AGGREGATE_Y15-24","2023",9.316,,,,"R1:3513"
"IRN","BA:675","EAP_DWAP_SEX_AGE_RT","SEX_F","AGE_AGGREGATE_Y25-54","2023",19.192,,,,"R1:3513"
"IRN","BA:675","EAP_DWAP_SEX_AGE_RT","SEX_F","AGE_AGGREGATE_Y55-64","2023",5.917,,,,"R1:3513"
"IRN","BA:675","EAP_DWAP_SEX_AGE_RT","SEX_F","AGE_AGGREGATE_YGE65","2023",1.417,,,,"R1:3513"
"IRN","BA:675","EAP_DWAP_SEX_AGE_RT","SEX_T","AGE_10YRBANDS_YGE15","2023",40.936,,,,"R1:3513"
"IRN","BA:675","EAP_DWAP_SEX_AGE_RT","SEX_T","AGE_10YRBANDS_Y15-24","2023",23.143,,,,"R1:3513"
"IRN","BA:675","EAP_DWAP_SEX_AGE_RT","SEX_T","AGE_10YRBANDS_Y25-34","2023",55.132,,,,"R1:3513"
"IRN","BA:675","EAP_DWAP_SEX_AGE_RT","SEX_T","AGE_10YRBANDS_Y35-44","2023",55.938,,,,"R1:3513"
"IRN","BA:675","EAP_DWAP_SEX_AGE_RT","SEX_T","AGE_10YRBANDS_Y45-54","2023",49.241,,,,"R1:3513"
"IRN","BA:675","EAP_DWAP_SEX_AGE_RT","SEX_T","AGE_10YRBANDS_Y55-64","2023",27.559,,,,"R1:3513"
"IRN","BA:675","EAP_DWAP_SEX_AGE_RT","SEX_T","AGE_10YRBANDS_YGE65","2023",8.191,,,,"R1:3513"
"IRN","BA:675","EAP_DWAP_SEX_AGE_RT","SEX_M","AGE_10YRBANDS_YGE15","2023",67.731,,,,"R1:3513"
"IRN","BA:675","EAP_DWAP_SEX_AGE_RT","SEX_M","AGE_10YRBANDS_Y15-24","2023",35.818,,,,"R1:3513"
"IRN","BA:675","EAP_DWAP_SEX_AGE_RT","SEX_M","AGE_10YRBANDS_Y25-34","2023",89.19,,,,"R1:3513"
"IRN","BA:675","EAP_DWAP_SEX_AGE_RT","SEX_M","AGE_10YRBANDS_Y35-44","2023",93.418,,,,"R1:3513"
"IRN","BA:675","EAP_DWAP_SEX_AGE_RT","SEX_M","AGE_10YRBANDS_Y45-54","2023",83.518,,,,"R1:3513"
"IRN","BA:675","EAP_DWAP_SEX_AGE_RT","SEX_M","AGE_10YRBANDS_Y55-64","2023",47.644,,,,"R1:3513"
"IRN","BA:675","EAP_DWAP_SEX_AGE_RT","SEX_M","AGE_10YRBANDS_YGE65","2023",15.804,,,,"R1:3513"
"IRN","BA:675","EAP_DWAP_SEX_AGE_RT","SEX_F","AGE_10YRBANDS_YGE15","2023",14.211,,,,"R1:3513"
"IRN","BA:675","EAP_DWAP_SEX_AGE_RT","SEX_F","AGE_10YRBANDS_Y15-24","2023",9.316,,,,"R1:3513"
"IRN","BA:675","EAP_DWAP_SEX_AGE_RT","SEX_F","AGE_10YRBANDS_Y25-34","2023",22.92,,,,"R1:3513"
"IRN","BA:675","EAP_DWAP_SEX_AGE_RT","SEX_F","AGE_10YRBANDS_Y35-44","2023",19.645,,,,"R1:3513"
"IRN","BA:675","EAP_DWAP_SEX_AGE_RT","SEX_F","AGE_10YRBANDS_Y45-54","2023",14.428,,,,"R1:3513"
"IRN","BA:675","EAP_DWAP_SEX_AGE_RT","SEX_F","AGE_10YRBANDS_Y55-64","2023",5.917,,,,"R1:3513"
"IRN","BA:675","EAP_DWAP_SEX_AGE_RT","SEX_F","AGE_10YRBANDS_YGE65","2023",1.417,,,,"R1:3513"
"IRN","BA:675","EAP_DWAP_SEX_AGE_RT","SEX_T","AGE_5YRBANDS_YGE15","2023",40.936,,,,"R1:3513"
"IRN","BA:675","EAP_DWAP_SEX_AGE_RT","SEX_T","AGE_5YRBANDS_Y15-19","2023",10.865,,,,"R1:3513"
"IRN","BA:675","EAP_DWAP_SEX_AGE_RT","SEX_T","AGE_5YRBANDS_Y20-24","2023",39.109,,,,"R1:3513"
"IRN","BA:675","EAP_DWAP_SEX_AGE_RT","SEX_T","AGE_5YRBANDS_Y25-29","2023",55.279,,,,"R1:3513"
"IRN","BA:675","EAP_DWAP_SEX_AGE_RT","SEX_T","AGE_5YRBANDS_Y30-34","2023",55.022,,,,"R1:3513"
"IRN","BA:675","EAP_DWAP_SEX_AGE_RT","SEX_T","AGE_5YRBANDS_Y35-39","2023",56.193,,,,"R1:3513"
"IRN","BA:675","EAP_DWAP_SEX_AGE_RT","SEX_T","AGE_5YRBANDS_Y40-44","2023",55.665,,,,"R1:3513"
"IRN","BA:675","EAP_DWAP_SEX_AGE_RT","SEX_T","AGE_5YRBANDS_Y45-49","2023",53.871,,,,"R1:3513"
"IRN","BA:675","EAP_DWAP_SEX_AGE_RT","SEX_T","AGE_5YRBANDS_Y50-54","2023",44.096,,,,"R1:3513"
"IRN","BA:675","EAP_DWAP_SEX_AGE_RT","SEX_T","AGE_5YRBANDS_Y55-59","2023",33.574,,,,"R1:3513"
"IRN","BA:675","EAP_DWAP_SEX_AGE_RT","SEX_T","AGE_5YRBANDS_Y60-64","2023",20.645,,,,"R1:3513"
"IRN","BA:675","EAP_DWAP_SEX_AGE_RT","SEX_T","AGE_5YRBANDS_YGE65","2023",8.191,,,,"R1:3513"
"IRN","BA:675","EAP_DWAP_SEX_AGE_RT","SEX_M","AGE_5YRBANDS_YGE15","2023",67.731,,,,"R1:3513"
"IRN","BA:675","EAP_DWAP_SEX_AGE_RT","SEX_M","AGE_5YRBANDS_Y15-19","2023",17.546,,,,"R1:3513"
"IRN","BA:675","EAP_DWAP_SEX_AGE_RT","SEX_M","AGE_5YRBANDS_Y20-24","2023",60.09,,,,"R1:3513"
"IRN","BA:675","EAP_DWAP_SEX_AGE_RT","SEX_M","AGE_5YRBANDS_Y25-29","2023",86.184,,,,"R1:3513"
"IRN","BA:675","EAP_DWAP_SEX_AGE_RT","SEX_M","AGE_5YRBANDS_Y30-34","2023",91.515,,,,"R1:3513"
"IRN","BA:675","EAP_DWAP_SEX_AGE_RT","SEX_M","AGE_5YRBANDS_Y35-39","2023",93.693,,,,"R1:3513"
"IRN","BA:675","EAP_DWAP_SEX_AGE_RT","SEX_M","AGE_5YRBANDS_Y40-44","2023",93.124,,,,"R1:3513"
"IRN","BA:675","EAP_DWAP_SEX_AGE_RT","SEX_M","AGE_5YRBANDS_Y45-49","2023",89.74,,,,"R1:3513"
"IRN","BA:675","EAP_DWAP_SEX_AGE_RT","SEX_M","AGE_5YRBANDS_Y50-54","2023",76.596,,,,"R1:3513"
"IRN","BA:675","EAP_DWAP_SEX_AGE_RT","SEX_M","AGE_5YRBANDS_Y55-59","2023",59.047,,,,"R1:3513"
"IRN","BA:675","EAP_DWAP_SEX_AGE_RT","SEX_M","AGE_5YRBANDS_Y60-64","2023",35.246,,,,"R1:3513"
"IRN","BA:675","EAP_DWAP_SEX_AGE_RT","SEX_M","AGE_5YRBANDS_YGE65","2023",15.804,,,,"R1:3513"
"IRN","BA:675","EAP_DWAP_SEX_AGE_RT","SEX_F","AGE_5YRBANDS_YGE15","2023",14.211,,,,"R1:3513"
"IRN","BA:675","EAP_DWAP_SEX_AGE_RT","SEX_F","AGE_5YRBANDS_Y15-19","2023",3.432,,,,"R1:3513"
"IRN","BA:675","EAP_DWAP_SEX_AGE_RT","SEX_F","AGE_5YRBANDS_Y20-24","2023",16.79,,,,"R1:3513"
"IRN","BA:675","EAP_DWAP_SEX_AGE_RT","SEX_F","AGE_5YRBANDS_Y25-29","2023",24.817,,,,"R1:3513"
"IRN","BA:675","EAP_DWAP_SEX_AGE_RT","SEX_F","AGE_5YRBANDS_Y30-34","2023",21.554,,,,"R1:3513"
"IRN","BA:675","EAP_DWAP_SEX_AGE_RT","SEX_F","AGE_5YRBANDS_Y35-39","2023",20.053,,,,"R1:3513"
"IRN","BA:675","EAP_DWAP_SEX_AGE_RT","SEX_F","AGE_5YRBANDS_Y40-44","2023",19.207,,,,"R1:3513"
"IRN","BA:675","EAP_DWAP_SEX_AGE_RT","SEX_F","AGE_5YRBANDS_Y45-49","2023",17.403,,,,"R1:3513"
"IRN","BA:675","EAP_DWAP_SEX_AGE_RT","SEX_F","AGE_5YRBANDS_Y50-54","2023",11.124,,,,"R1:3513"
"IRN","BA:675","EAP_DWAP_SEX_AGE_RT","SEX_F","AGE_5YRBANDS_Y55-59","2023",7.564,,,,"R1:3513"
"IRN","BA:675","EAP_DWAP_SEX_AGE_RT","SEX_F","AGE_5YRBANDS_Y60-64","2023",3.907,,,,"R1:3513"
"IRN","BA:675","EAP_DWAP_SEX_AGE_RT","SEX_F","AGE_5YRBANDS_YGE65","2023",1.417,,,,"R1:3513"
"IRN","BA:675","EAP_DWAP_SEX_AGE_RT","SEX_T","AGE_YTHADULT_YGE15","2022",40.534,,,,"R1:3513"
"IRN","BA:675","EAP_DWAP_SEX_AGE_RT","SEX_T","AGE_YTHADULT_Y15-64","2022",43.798,,,,"R1:3513"
"IRN","BA:675","EAP_DWAP_SEX_AGE_RT","SEX_T","AGE_YTHADULT_Y15-24","2022",22.643,,,,"R1:3513"
"IRN","BA:675","EAP_DWAP_SEX_AGE_RT","SEX_T","AGE_YTHADULT_YGE25","2022",44.218,,,,"R1:3513"
"IRN","BA:675","EAP_DWAP_SEX_AGE_RT","SEX_M","AGE_YTHADULT_YGE15","2022",67.541,,,,"R1:3513"
"IRN","BA:675","EAP_DWAP_SEX_AGE_RT","SEX_M","AGE_YTHADULT_Y15-64","2022",72.461,,,,"R1:3513"
"IRN","BA:675","EAP_DWAP_SEX_AGE_RT","SEX_M","AGE_YTHADULT_Y15-24","2022",35.799,,,,"R1:3513"
"IRN","BA:675","EAP_DWAP_SEX_AGE_RT","SEX_M","AGE_YTHADULT_YGE25","2022",74.496,,,,"R1:3513"
"IRN","BA:675","EAP_DWAP_SEX_AGE_RT","SEX_F","AGE_YTHADULT_YGE15","2022",13.576,,,,"R1:3513"
"IRN","BA:675","EAP_DWAP_SEX_AGE_RT","SEX_F","AGE_YTHADULT_Y15-64","2022",14.874,,,,"R1:3513"
"IRN","BA:675","EAP_DWAP_SEX_AGE_RT","SEX_F","AGE_YTHADULT_Y15-24","2022",8.056,,,,"R1:3513"
"IRN","BA:675","EAP_DWAP_SEX_AGE_RT","SEX_F","AGE_YTHADULT_YGE25","2022",14.642,,,,"R1:3513"
"IRN","BA:675","EAP_DWAP_SEX_AGE_RT","SEX_T","AGE_AGGREGATE_YGE15","2022",40.534,,,,"R1:3513"
"IRN","BA:675","EAP_DWAP_SEX_AGE_RT","SEX_T","AGE_AGGREGATE_Y15-24","2022",22.643,,,,"R1:3513"
"IRN","BA:675","EAP_DWAP_SEX_AGE_RT","SEX_T","AGE_AGGREGATE_Y25-54","2022",52.995,,,,"R1:3513"
"IRN","BA:675","EAP_DWAP_SEX_AGE_RT","SEX_T","AGE_AGGREGATE_Y55-64","2022",26.844,,,,"R1:3513"
"IRN","BA:675","EAP_DWAP_SEX_AGE_RT","SEX_T","AGE_AGGREGATE_YGE65","2022",8.392,,,,"R1:3513"
"IRN","BA:675","EAP_DWAP_SEX_AGE_RT","SEX_M","AGE_AGGREGATE_YGE15","2022",67.541,,,,"R1:3513"
"IRN","BA:675","EAP_DWAP_SEX_AGE_RT","SEX_M","AGE_AGGREGATE_Y15-24","2022",35.799,,,,"R1:3513"
"IRN","BA:675","EAP_DWAP_SEX_AGE_RT","SEX_M","AGE_AGGREGATE_Y25-54","2022",88.625,,,,"R1:3513"
"IRN","BA:675","EAP_DWAP_SEX_AGE_RT","SEX_M","AGE_AGGREGATE_Y55-64","2022",46.715,,,,"R1:3513"
"IRN","BA:675","EAP_DWAP_SEX_AGE_RT","SEX_M","AGE_AGGREGATE_YGE65","2022",16.067,,,,"R1:3513"
"IRN","BA:675","EAP_DWAP_SEX_AGE_RT","SEX_F","AGE_AGGREGATE_YGE15","2022",13.576,,,,"R1:3513"
"IRN","BA:675","EAP_DWAP_SEX_AGE_RT","SEX_F","AGE_AGGREGATE_Y15-24","2022",8.056,,,,"R1:3513"
"IRN","BA:675","EAP_DWAP_SEX_AGE_RT","SEX_F","AGE_AGGREGATE_Y25-54","2022",18.391,,,,"R1:3513"
"IRN","BA:675","EAP_DWAP_SEX_AGE_RT","SEX_F","AGE_AGGREGATE_Y55-64","2022",5.512,,,,"R1:3513"
"IRN","BA:675","EAP_DWAP_SEX_AGE_RT","SEX_F","AGE_AGGREGATE_YGE65","2022",1.511,,,,"R1:3513"
"IRN","BA:675","EAP_DWAP_SEX_AGE_RT","SEX_T","AGE_10YRBANDS_YGE15","2022",40.534,,,,"R1:3513"
"IRN","BA:675","EAP_DWAP_SEX_AGE_RT","SEX_T","AGE_10YRBANDS_Y15-24","2022",22.643,,,,"R1:3513"
"IRN","BA:675","EAP_DWAP_SEX_AGE_RT","SEX_T","AGE_10YRBANDS_Y25-34","2022",54.122,,,,"R1:3513"
"IRN","BA:675","EAP_DWAP_SEX_AGE_RT","SEX_T","AGE_10YRBANDS_Y35-44","2022",55.713,,,,"R1:3513"
"IRN","BA:675","EAP_DWAP_SEX_AGE_RT","SEX_T","AGE_10YRBANDS_Y45-54","2022",47.898,,,,"R1:3513"
"IRN","BA:675","EAP_DWAP_SEX_AGE_RT","SEX_T","AGE_10YRBANDS_Y55-64","2022",26.844,,,,"R1:3513"
"IRN","BA:675","EAP_DWAP_SEX_AGE_RT","SEX_T","AGE_10YRBANDS_YGE65","2022",8.392,,,,"R1:3513"
"IRN","BA:675","EAP_DWAP_SEX_AGE_RT","SEX_M","AGE_10YRBANDS_YGE15","2022",67.541,,,,"R1:3513"
"IRN","BA:675","EAP_DWAP_SEX_AGE_RT","SEX_M","AGE_10YRBANDS_Y15-24","2022",35.799,,,,"R1:3513"
"IRN","BA:675","EAP_DWAP_SEX_AGE_RT","SEX_M","AGE_10YRBANDS_Y25-34","2022",88.766,,,,"R1:3513"
"IRN","BA:675","EAP_DWAP_SEX_AGE_RT","SEX_M","AGE_10YRBANDS_Y35-44","2022",93.227,,,,"R1:3513"
"IRN","BA:675","EAP_DWAP_SEX_AGE_RT","SEX_M","AGE_10YRBANDS_Y45-54","2022",82.059,,,,"R1:3513"
"IRN","BA:675","EAP_DWAP_SEX_AGE_RT","SEX_M","AGE_10YRBANDS_Y55-64","2022",46.715,,,,"R1:3513"
"IRN","BA:675","EAP_DWAP_SEX_AGE_RT","SEX_M","AGE_10YRBANDS_YGE65","2022",16.067,,,,"R1:3513"
"IRN","BA:675","EAP_DWAP_SEX_AGE_RT","SEX_F","AGE_10YRBANDS_YGE15","2022",13.576,,,,"R1:3513"
"IRN","BA:675","EAP_DWAP_SEX_AGE_RT","SEX_F","AGE_10YRBANDS_Y15-24","2022",8.056,,,,"R1:3513"
"IRN","BA:675","EAP_DWAP_SEX_AGE_RT","SEX_F","AGE_10YRBANDS_Y25-34","2022",21.326,,,,"R1:3513"
"IRN","BA:675","EAP_DWAP_SEX_AGE_RT","SEX_F","AGE_10YRBANDS_Y35-44","2022",19.045,,,,"R1:3513"
"IRN","BA:675","EAP_DWAP_SEX_AGE_RT","SEX_F","AGE_10YRBANDS_Y45-54","2022",14.043,,,,"R1:3513"
"IRN","BA:675","EAP_DWAP_SEX_AGE_RT","SEX_F","AGE_10YRBANDS_Y55-64","2022",5.512,,,,"R1:3513"
"IRN","BA:675","EAP_DWAP_SEX_AGE_RT","SEX_F","AGE_10YRBANDS_YGE65","2022",1.511,,,,"R1:3513"
"IRN","BA:675","EAP_DWAP_SEX_AGE_RT","SEX_T","AGE_5YRBANDS_YGE15","2022",40.534,,,,"R1:3513"
"IRN","BA:675","EAP_DWAP_SEX_AGE_RT","SEX_T","AGE_5YRBANDS_Y15-19","2022",10.312,,,,"R1:3513"
"IRN","BA:675","EAP_DWAP_SEX_AGE_RT","SEX_T","AGE_5YRBANDS_Y20-24","2022",38.151,,,,"R1:3513"
"IRN","BA:675","EAP_DWAP_SEX_AGE_RT","SEX_T","AGE_5YRBANDS_Y25-29","2022",53.317,,,,"R1:3513"
"IRN","BA:675","EAP_DWAP_SEX_AGE_RT","SEX_T","AGE_5YRBANDS_Y30-34","2022",54.735,,,,"R1:3513"
"IRN","BA:675","EAP_DWAP_SEX_AGE_RT","SEX_T","AGE_5YRBANDS_Y35-39","2022",55.278,,,,"R1:3513"
"IRN","BA:675","EAP_DWAP_SEX_AGE_RT","SEX_T","AGE_5YRBANDS_Y40-44","2022",56.205,,,,"R1:3513"
"IRN","BA:675","EAP_DWAP_SEX_AGE_RT","SEX_T","AGE_5YRBANDS_Y45-49","2022",52.744,,,,"R1:3513"
"IRN","BA:675","EAP_DWAP_SEX_AGE_RT","SEX_T","AGE_5YRBANDS_Y50-54","2022",42.579,,,,"R1:3513"
"IRN","BA:675","EAP_DWAP_SEX_AGE_RT","SEX_T","AGE_5YRBANDS_Y55-59","2022",31.917,,,,"R1:3513"
"IRN","BA:675","EAP_DWAP_SEX_AGE_RT","SEX_T","AGE_5YRBANDS_Y60-64","2022",20.869,,,,"R1:3513"
"IRN","BA:675","EAP_DWAP_SEX_AGE_RT","SEX_T","AGE_5YRBANDS_YGE65","2022",8.392,,,,"R1:3513"
"IRN","BA:675","EAP_DWAP_SEX_AGE_RT","SEX_M","AGE_5YRBANDS_YGE15","2022",67.541,,,,"R1:3513"
"IRN","BA:675","EAP_DWAP_SEX_AGE_RT","SEX_M","AGE_5YRBANDS_Y15-19","2022",17.019,,,,"R1:3513"
"IRN","BA:675","EAP_DWAP_SEX_AGE_RT","SEX_M","AGE_5YRBANDS_Y20-24","2022",59.714,,,,"R1:3513"
"IRN","BA:675","EAP_DWAP_SEX_AGE_RT","SEX_M","AGE_5YRBANDS_Y25-29","2022",85.242,,,,"R1:3513"
"IRN","BA:675","EAP_DWAP_SEX_AGE_RT","SEX_M","AGE_5YRBANDS_Y30-34","2022",91.463,,,,"R1:3513"
"IRN","BA:675","EAP_DWAP_SEX_AGE_RT","SEX_M","AGE_5YRBANDS_Y35-39","2022",93.104,,,,"R1:3513"
"IRN","BA:675","EAP_DWAP_SEX_AGE_RT","SEX_M","AGE_5YRBANDS_Y40-44","2022",93.361,,,,"R1:3513"
"IRN","BA:675","EAP_DWAP_SEX_AGE_RT","SEX_M","AGE_5YRBANDS_Y45-49","2022",89.321,,,,"R1:3513"
"IRN","BA:675","EAP_DWAP_SEX_AGE_RT","SEX_M","AGE_5YRBANDS_Y50-54","2022",74.113,,,,"R1:3513"
"IRN","BA:675","EAP_DWAP_SEX_AGE_RT","SEX_M","AGE_5YRBANDS_Y55-59","2022",56.094,,,,"R1:3513"
"IRN","BA:675","EAP_DWAP_SEX_AGE_RT","SEX_M","AGE_5YRBANDS_Y60-64","2022",36.011,,,,"R1:3513"
"IRN","BA:675","EAP_DWAP_SEX_AGE_RT","SEX_M","AGE_5YRBANDS_YGE65","2022",16.067,,,,"R1:3513"
"IRN","BA:675","EAP_DWAP_SEX_AGE_RT","SEX_F","AGE_5YRBANDS_YGE15","2022",13.576,,,,"R1:3513"
"IRN","BA:675","EAP_DWAP_SEX_AGE_RT","SEX_F","AGE_5YRBANDS_Y15-19","2022",2.788,,,,"R1:3513"
"IRN","BA:675","EAP_DWAP_SEX_AGE_RT","SEX_F","AGE_5YRBANDS_Y20-24","2022",14.589,,,,"R1:3513"
"IRN","BA:675","EAP_DWAP_SEX_AGE_RT","SEX_F","AGE_5YRBANDS_Y25-29","2022",22.893,,,,"R1:3513"
"IRN","BA:675","EAP_DWAP_SEX_AGE_RT","SEX_F","AGE_5YRBANDS_Y30-34","2022",20.141,,,,"R1:3513"
"IRN","BA:675","EAP_DWAP_SEX_AGE_RT","SEX_F","AGE_5YRBANDS_Y35-39","2022",19.445,,,,"R1:3513"
"IRN","BA:675","EAP_DWAP_SEX_AGE_RT","SEX_F","AGE_5YRBANDS_Y40-44","2022",18.578,,,,"R1:3513"
"IRN","BA:675","EAP_DWAP_SEX_AGE_RT","SEX_F","AGE_5YRBANDS_Y45-49","2022",16.596,,,,"R1:3513"
"IRN","BA:675","EAP_DWAP_SEX_AGE_RT","SEX_F","AGE_5YRBANDS_Y50-54","2022",11.234,,,,"R1:3513"
"IRN","BA:675","EAP_DWAP_SEX_AGE_RT","SEX_F","AGE_5YRBANDS_Y55-59","2022",6.73,,,,"R1:3513"
"IRN","BA:675","EAP_DWAP_SEX_AGE_RT","SEX_F","AGE_5YRBANDS_Y60-64","2022",4.026,,,,"R1:3513"
"IRN","BA:675","EAP_DWAP_SEX_AGE_RT","SEX_F","AGE_5YRBANDS_YGE65","2022",1.511,,,,"R1:3513"
"IRN","BA:675","EAP_DWAP_SEX_AGE_RT","SEX_T","AGE_YTHADULT_YGE15","2021",40.574,,,,"R1:3513"
"IRN","BA:675","EAP_DWAP_SEX_AGE_RT","SEX_T","AGE_YTHADULT_Y15-64","2021",43.699,,,,"R1:3513"
"IRN","BA:675","EAP_DWAP_SEX_AGE_RT","SEX_T","AGE_YTHADULT_Y15-24","2021",22.058,,,,"R1:3513"
"IRN","BA:675","EAP_DWAP_SEX_AGE_RT","SEX_T","AGE_YTHADULT_YGE25","2021",44.343,,,,"R1:3513"
"IRN","BA:675","EAP_DWAP_SEX_AGE_RT","SEX_M","AGE_YTHADULT_YGE15","2021",67.935,,,,"R1:3513"
"IRN","BA:675","EAP_DWAP_SEX_AGE_RT","SEX_M","AGE_YTHADULT_Y15-64","2021",72.703,,,,"R1:3513"
"IRN","BA:675","EAP_DWAP_SEX_AGE_RT","SEX_M","AGE_YTHADULT_Y15-24","2021",34.896,,,,"R1:3513"
"IRN","BA:675","EAP_DWAP_SEX_AGE_RT","SEX_M","AGE_YTHADULT_YGE25","2021",75.041,,,,"R1:3513"
"IRN","BA:675","EAP_DWAP_SEX_AGE_RT","SEX_F","AGE_YTHADULT_YGE15","2021",13.249,,,,"R1:3513"
"IRN","BA:675","EAP_DWAP_SEX_AGE_RT","SEX_F","AGE_YTHADULT_Y15-64","2021",14.462,,,,"R1:3513"
"IRN","BA:675","EAP_DWAP_SEX_AGE_RT","SEX_F","AGE_YTHADULT_Y15-24","2021",7.987,,,,"R1:3513"
"IRN","BA:675","EAP_DWAP_SEX_AGE_RT","SEX_F","AGE_YTHADULT_YGE25","2021",14.261,,,,"R1:3513"
"IRN","BA:675","EAP_DWAP_SEX_AGE_RT","SEX_T","AGE_AGGREGATE_YGE15","2021",40.574,,,,"R1:3513"
"IRN","BA:675","EAP_DWAP_SEX_AGE_RT","SEX_T","AGE_AGGREGATE_Y15-24","2021",22.058,,,,"R1:3513"
"IRN","BA:675","EAP_DWAP_SEX_AGE_RT","SEX_T","AGE_AGGREGATE_Y25-54","2021",52.611,,,,"R1:3513"
"IRN","BA:675","EAP_DWAP_SEX_AGE_RT","SEX_T","AGE_AGGREGATE_Y55-64","2021",27.188,,,,"R1:3513"
"IRN","BA:675","EAP_DWAP_SEX_AGE_RT","SEX_T","AGE_AGGREGATE_YGE65","2021",8.799,,,,"R1:3513"
"IRN","BA:675","EAP_DWAP_SEX_AGE_RT","SEX_M","AGE_AGGREGATE_YGE15","2021",67.935,,,,"R1:3513"
"IRN","BA:675","EAP_DWAP_SEX_AGE_RT","SEX_M","AGE_AGGREGATE_Y15-24","2021",34.896,,,,"R1:3513"
"IRN","BA:675","EAP_DWAP_SEX_AGE_RT","SEX_M","AGE_AGGREGATE_Y25-54","2021",88.52,,,,"R1:3513"
"IRN","BA:675","EAP_DWAP_SEX_AGE_RT","SEX_M","AGE_AGGREGATE_Y55-64","2021",47.17,,,,"R1:3513"
"IRN","BA:675","EAP_DWAP_SEX_AGE_RT","SEX_M","AGE_AGGREGATE_YGE65","2021",16.791,,,,"R1:3513"
"IRN","BA:675","EAP_DWAP_SEX_AGE_RT","SEX_F","AGE_AGGREGATE_YGE15","2021",13.249,,,,"R1:3513"
"IRN","BA:675","EAP_DWAP_SEX_AGE_RT","SEX_F","AGE_AGGREGATE_Y15-24","2021",7.987,,,,"R1:3513"
"IRN","BA:675","EAP_DWAP_SEX_AGE_RT","SEX_F","AGE_AGGREGATE_Y25-54","2021",17.662,,,,"R1:3513"
"IRN","BA:675","EAP_DWAP_SEX_AGE_RT","SEX_F","AGE_AGGREGATE_Y55-64","2021",5.637,,,,"R1:3513"
"IRN","BA:675","EAP_DWAP_SEX_AGE_RT","SEX_F","AGE_AGGREGATE_YGE65","2021",1.547,,,,"R1:3513"
"IRN","BA:675","EAP_DWAP_SEX_AGE_RT","SEX_T","AGE_10YRBANDS_YGE15","2021",40.574,,,,"R1:3513"
"IRN","BA:675","EAP_DWAP_SEX_AGE_RT","SEX_T","AGE_10YRBANDS_Y15-24","2021",22.058,,,,"R1:3513"
"IRN","BA:675","EAP_DWAP_SEX_AGE_RT","SEX_T","AGE_10YRBANDS_Y25-34","2021",53.08,,,,"R1:3513"
"IRN","BA:675","EAP_DWAP_SEX_AGE_RT","SEX_T","AGE_10YRBANDS_Y35-44","2021",55.389,,,,"R1:3513"
"IRN","BA:675","EAP_DWAP_SEX_AGE_RT","SEX_T","AGE_10YRBANDS_Y45-54","2021",47.962,,,,"R1:3513"
"IRN","BA:675","EAP_DWAP_SEX_AGE_RT","SEX_T","AGE_10YRBANDS_Y55-64","2021",27.188,,,,"R1:3513"
"IRN","BA:675","EAP_DWAP_SEX_AGE_RT","SEX_T","AGE_10YRBANDS_YGE65","2021",8.799,,,,"R1:3513"
"IRN","BA:675","EAP_DWAP_SEX_AGE_RT","SEX_M","AGE_10YRBANDS_YGE15","2021",67.935,,,,"R1:3513"
"IRN","BA:675","EAP_DWAP_SEX_AGE_RT","SEX_M","AGE_10YRBANDS_Y15-24","2021",34.896,,,,"R1:3513"
"IRN","BA:675","EAP_DWAP_SEX_AGE_RT","SEX_M","AGE_10YRBANDS_Y25-34","2021",88.809,,,,"R1:3513"
"IRN","BA:675","EAP_DWAP_SEX_AGE_RT","SEX_M","AGE_10YRBANDS_Y35-44","2021",92.861,,,,"R1:3513"
"IRN","BA:675","EAP_DWAP_SEX_AGE_RT","SEX_M","AGE_10YRBANDS_Y45-54","2021",81.87,,,,"R1:3513"
"IRN","BA:675","EAP_DWAP_SEX_AGE_RT","SEX_M","AGE_10YRBANDS_Y55-64","2021",47.17,,,,"R1:3513"
"IRN","BA:675","EAP_DWAP_SEX_AGE_RT","SEX_M","AGE_10YRBANDS_YGE65","2021",16.791,,,,"R1:3513"
"IRN","BA:675","EAP_DWAP_SEX_AGE_RT","SEX_F","AGE_10YRBANDS_YGE15","2021",13.249,,,,"R1:3513"
"IRN","BA:675","EAP_DWAP_SEX_AGE_RT","SEX_F","AGE_10YRBANDS_Y15-24","2021",7.987,,,,"R1:3513"
"IRN","BA:675","EAP_DWAP_SEX_AGE_RT","SEX_F","AGE_10YRBANDS_Y25-34","2021",19.364,,,,"R1:3513"
"IRN","BA:675","EAP_DWAP_SEX_AGE_RT","SEX_F","AGE_10YRBANDS_Y35-44","2021",18.605,,,,"R1:3513"
"IRN","BA:675","EAP_DWAP_SEX_AGE_RT","SEX_F","AGE_10YRBANDS_Y45-54","2021",14.089,,,,"R1:3513"
"IRN","BA:675","EAP_DWAP_SEX_AGE_RT","SEX_F","AGE_10YRBANDS_Y55-64","2021",5.637,,,,"R1:3513"
"IRN","BA:675","EAP_DWAP_SEX_AGE_RT","SEX_F","AGE_10YRBANDS_YGE65","2021",1.547,,,,"R1:3513"
"IRN","BA:675","EAP_DWAP_SEX_AGE_RT","SEX_T","AGE_5YRBANDS_YGE15","2021",40.574,,,,"R1:3513"
"IRN","BA:675","EAP_DWAP_SEX_AGE_RT","SEX_T","AGE_5YRBANDS_Y15-19","2021",9.431,,,,"R1:3513"
"IRN","BA:675","EAP_DWAP_SEX_AGE_RT","SEX_T","AGE_5YRBANDS_Y20-24","2021",36.945,,,,"R1:3513"
"IRN","BA:675","EAP_DWAP_SEX_AGE_RT","SEX_T","AGE_5YRBANDS_Y25-29","2021",52.502,,,,"R1:3513"
"IRN","BA:675","EAP_DWAP_SEX_AGE_RT","SEX_T","AGE_5YRBANDS_Y30-34","2021",53.515,,,,"R1:3513"
"IRN","BA:675","EAP_DWAP_SEX_AGE_RT","SEX_T","AGE_5YRBANDS_Y35-39","2021",54.683,,,,"R1:3513"
"IRN","BA:675","EAP_DWAP_SEX_AGE_RT","SEX_T","AGE_5YRBANDS_Y40-44","2021",56.221,,,,"R1:3513"
"IRN","BA:675","EAP_DWAP_SEX_AGE_RT","SEX_T","AGE_5YRBANDS_Y45-49","2021",53.144,,,,"R1:3513"
"IRN","BA:675","EAP_DWAP_SEX_AGE_RT","SEX_T","AGE_5YRBANDS_Y50-54","2021",42.191,,,,"R1:3513"
"IRN","BA:675","EAP_DWAP_SEX_AGE_RT","SEX_T","AGE_5YRBANDS_Y55-59","2021",32.601,,,,"R1:3513"
"IRN","BA:675","EAP_DWAP_SEX_AGE_RT","SEX_T","AGE_5YRBANDS_Y60-64","2021",20.904,,,,"R1:3513"
"IRN","BA:675","EAP_DWAP_SEX_AGE_RT","SEX_T","AGE_5YRBANDS_YGE65","2021",8.799,,,,"R1:3513"
"IRN","BA:675","EAP_DWAP_SEX_AGE_RT","SEX_M","AGE_5YRBANDS_YGE15","2021",67.935,,,,"R1:3513"
"IRN","BA:675","EAP_DWAP_SEX_AGE_RT","SEX_M","AGE_5YRBANDS_Y15-19","2021",15.402,,,,"R1:3513"
"IRN","BA:675","EAP_DWAP_SEX_AGE_RT","SEX_M","AGE_5YRBANDS_Y20-24","2021",58.783,,,,"R1:3513"
"IRN","BA:675","EAP_DWAP_SEX_AGE_RT","SEX_M","AGE_5YRBANDS_Y25-29","2021",85.456,,,,"R1:3513"
"IRN","BA:675","EAP_DWAP_SEX_AGE_RT","SEX_M","AGE_5YRBANDS_Y30-34","2021",91.368,,,,"R1:3513"
"IRN","BA:675","EAP_DWAP_SEX_AGE_RT","SEX_M","AGE_5YRBANDS_Y35-39","2021",93.024,,,,"R1:3513"
"IRN","BA:675","EAP_DWAP_SEX_AGE_RT","SEX_M","AGE_5YRBANDS_Y40-44","2021",92.678,,,,"R1:3513"
"IRN","BA:675","EAP_DWAP_SEX_AGE_RT","SEX_M","AGE_5YRBANDS_Y45-49","2021",89.074,,,,"R1:3513"
"IRN","BA:675","EAP_DWAP_SEX_AGE_RT","SEX_M","AGE_5YRBANDS_Y50-54","2021",73.675,,,,"R1:3513"
"IRN","BA:675","EAP_DWAP_SEX_AGE_RT","SEX_M","AGE_5YRBANDS_Y55-59","2021",56.52,,,,"R1:3513"
"IRN","BA:675","EAP_DWAP_SEX_AGE_RT","SEX_M","AGE_5YRBANDS_Y60-64","2021",36.329,,,,"R1:3513"
"IRN","BA:675","EAP_DWAP_SEX_AGE_RT","SEX_M","AGE_5YRBANDS_YGE65","2021",16.791,,,,"R1:3513"
"IRN","BA:675","EAP_DWAP_SEX_AGE_RT","SEX_F","AGE_5YRBANDS_YGE15","2021",13.249,,,,"R1:3513"
"IRN","BA:675","EAP_DWAP_SEX_AGE_RT","SEX_F","AGE_5YRBANDS_Y15-19","2021",2.64,,,,"R1:3513"
"IRN","BA:675","EAP_DWAP_SEX_AGE_RT","SEX_F","AGE_5YRBANDS_Y20-24","2021",14.032,,,,"R1:3513"
"IRN","BA:675","EAP_DWAP_SEX_AGE_RT","SEX_F","AGE_5YRBANDS_Y25-29","2021",20.973,,,,"R1:3513"
"IRN","BA:675","EAP_DWAP_SEX_AGE_RT","SEX_F","AGE_5YRBANDS_Y30-34","2021",18.166,,,,"R1:3513"
"IRN","BA:675","EAP_DWAP_SEX_AGE_RT","SEX_F","AGE_5YRBANDS_Y35-39","2021",18.498,,,,"R1:3513"
"IRN","BA:675","EAP_DWAP_SEX_AGE_RT","SEX_F","AGE_5YRBANDS_Y40-44","2021",18.738,,,,"R1:3513"
"IRN","BA:675","EAP_DWAP_SEX_AGE_RT","SEX_F","AGE_5YRBANDS_Y45-49","2021",16.517,,,,"R1:3513"
"IRN","BA:675","EAP_DWAP_SEX_AGE_RT","SEX_F","AGE_5YRBANDS_Y50-54","2021",11.443,,,,"R1:3513"
"IRN","BA:675","EAP_DWAP_SEX_AGE_RT","SEX_F","AGE_5YRBANDS_Y55-59","2021",6.838,,,,"R1:3513"
"IRN","BA:675","EAP_DWAP_SEX_AGE_RT","SEX_F","AGE_5YRBANDS_Y60-64","2021",4.242,,,,"R1:3513"
"IRN","BA:675","EAP_DWAP_SEX_AGE_RT","SEX_F","AGE_5YRBANDS_YGE65","2021",1.547,,,,"R1:3513"
"IRN","BA:675","EAP_DWAP_SEX_AGE_RT","SEX_T","AGE_YTHADULT_YGE15","2020",40.949,,,,"R1:3513"
"IRN","BA:675","EAP_DWAP_SEX_AGE_RT","SEX_T","AGE_YTHADULT_Y15-64","2020",43.956,,,,"R1:3513"
"IRN","BA:675","EAP_DWAP_SEX_AGE_RT","SEX_T","AGE_YTHADULT_Y15-24","2020",22.542,,,,"R1:3513"
"IRN","BA:675","EAP_DWAP_SEX_AGE_RT","SEX_T","AGE_YTHADULT_YGE25","2020",44.682,,,,"R1:3513"
"IRN","BA:675","EAP_DWAP_SEX_AGE_RT","SEX_M","AGE_YTHADULT_YGE15","2020",68.053,,,,"R1:3513"
"IRN","BA:675","EAP_DWAP_SEX_AGE_RT","SEX_M","AGE_YTHADULT_Y15-64","2020",72.65,,,,"R1:3513"
"IRN","BA:675","EAP_DWAP_SEX_AGE_RT","SEX_M","AGE_YTHADULT_Y15-24","2020",35.97,,,,"R1:3513"
"IRN","BA:675","EAP_DWAP_SEX_AGE_RT","SEX_M","AGE_YTHADULT_YGE25","2020",74.885,,,,"R1:3513"
"IRN","BA:675","EAP_DWAP_SEX_AGE_RT","SEX_F","AGE_YTHADULT_YGE15","2020",13.876,,,,"R1:3513"
"IRN","BA:675","EAP_DWAP_SEX_AGE_RT","SEX_F","AGE_YTHADULT_Y15-64","2020",15.06,,,,"R1:3513"
"IRN","BA:675","EAP_DWAP_SEX_AGE_RT","SEX_F","AGE_YTHADULT_Y15-24","2020",7.98,,,,"R1:3513"
"IRN","BA:675","EAP_DWAP_SEX_AGE_RT","SEX_F","AGE_YTHADULT_YGE25","2020",15.013,,,,"R1:3513"
"IRN","BA:675","EAP_DWAP_SEX_AGE_RT","SEX_T","AGE_AGGREGATE_YGE15","2020",40.949,,,,"R1:3513"
"IRN","BA:675","EAP_DWAP_SEX_AGE_RT","SEX_T","AGE_AGGREGATE_Y15-24","2020",22.542,,,,"R1:3513"
"IRN","BA:675","EAP_DWAP_SEX_AGE_RT","SEX_T","AGE_AGGREGATE_Y25-54","2020",52.707,,,,"R1:3513"
"IRN","BA:675","EAP_DWAP_SEX_AGE_RT","SEX_T","AGE_AGGREGATE_Y55-64","2020",27.786,,,,"R1:3513"
"IRN","BA:675","EAP_DWAP_SEX_AGE_RT","SEX_T","AGE_AGGREGATE_YGE65","2020",9.433,,,,"R1:3513"
"IRN","BA:675","EAP_DWAP_SEX_AGE_RT","SEX_M","AGE_AGGREGATE_YGE15","2020",68.053,,,,"R1:3513"
"IRN","BA:675","EAP_DWAP_SEX_AGE_RT","SEX_M","AGE_AGGREGATE_Y15-24","2020",35.97,,,,"R1:3513"
"IRN","BA:675","EAP_DWAP_SEX_AGE_RT","SEX_M","AGE_AGGREGATE_Y25-54","2020",87.788,,,,"R1:3513"
"IRN","BA:675","EAP_DWAP_SEX_AGE_RT","SEX_M","AGE_AGGREGATE_Y55-64","2020",47.711,,,,"R1:3513"
"IRN","BA:675","EAP_DWAP_SEX_AGE_RT","SEX_M","AGE_AGGREGATE_YGE65","2020",17.508,,,,"R1:3513"
"IRN","BA:675","EAP_DWAP_SEX_AGE_RT","SEX_F","AGE_AGGREGATE_YGE15","2020",13.876,,,,"R1:3513"
"IRN","BA:675","EAP_DWAP_SEX_AGE_RT","SEX_F","AGE_AGGREGATE_Y15-24","2020",7.98,,,,"R1:3513"
"IRN","BA:675","EAP_DWAP_SEX_AGE_RT","SEX_F","AGE_AGGREGATE_Y25-54","2020",18.328,,,,"R1:3513"
"IRN","BA:675","EAP_DWAP_SEX_AGE_RT","SEX_F","AGE_AGGREGATE_Y55-64","2020",6.903,,,,"R1:3513"
"IRN","BA:675","EAP_DWAP_SEX_AGE_RT","SEX_F","AGE_AGGREGATE_YGE65","2020",2.032,,,,"R1:3513"
"IRN","BA:675","EAP_DWAP_SEX_AGE_RT","SEX_T","AGE_10YRBANDS_YGE15","2020",40.949,,,,"R1:3513"
"IRN","BA:675","EAP_DWAP_SEX_AGE_RT","SEX_T","AGE_10YRBANDS_Y15-24","2020",22.542,,,,"R1:3513"
"IRN","BA:675","EAP_DWAP_SEX_AGE_RT","SEX_T","AGE_10YRBANDS_Y25-34","2020",52.783,,,,"R1:3513"
"IRN","BA:675","EAP_DWAP_SEX_AGE_RT","SEX_T","AGE_10YRBANDS_Y35-44","2020",55.774,,,,"R1:3513"
"IRN","BA:675","EAP_DWAP_SEX_AGE_RT","SEX_T","AGE_10YRBANDS_Y45-54","2020",48.149,,,,"R1:3513"
"IRN","BA:675","EAP_DWAP_SEX_AGE_RT","SEX_T","AGE_10YRBANDS_Y55-64","2020",27.786,,,,"R1:3513"
"IRN","BA:675","EAP_DWAP_SEX_AGE_RT","SEX_T","AGE_10YRBANDS_YGE65","2020",9.433,,,,"R1:3513"
"IRN","BA:675","EAP_DWAP_SEX_AGE_RT","SEX_M","AGE_10YRBANDS_YGE15","2020",68.053,,,,"R1:3513"
"IRN","BA:675","EAP_DWAP_SEX_AGE_RT","SEX_M","AGE_10YRBANDS_Y15-24","2020",35.97,,,,"R1:3513"
"IRN","BA:675","EAP_DWAP_SEX_AGE_RT","SEX_M","AGE_10YRBANDS_Y25-34","2020",87.824,,,,"R1:3513"
"IRN","BA:675","EAP_DWAP_SEX_AGE_RT","SEX_M","AGE_10YRBANDS_Y35-44","2020",92.404,,,,"R1:3513"
"IRN","BA:675","EAP_DWAP_SEX_AGE_RT","SEX_M","AGE_10YRBANDS_Y45-54","2020",81.126,,,,"R1:3513"
"IRN","BA:675","EAP_DWAP_SEX_AGE_RT","SEX_M","AGE_10YRBANDS_Y55-64","2020",47.711,,,,"R1:3513"
"IRN","BA:675","EAP_DWAP_SEX_AGE_RT","SEX_M","AGE_10YRBANDS_YGE65","2020",17.508,,,,"R1:3513"
"IRN","BA:675","EAP_DWAP_SEX_AGE_RT","SEX_F","AGE_10YRBANDS_YGE15","2020",13.876,,,,"R1:3513"
"IRN","BA:675","EAP_DWAP_SEX_AGE_RT","SEX_F","AGE_10YRBANDS_Y15-24","2020",7.98,,,,"R1:3513"
"IRN","BA:675","EAP_DWAP_SEX_AGE_RT","SEX_F","AGE_10YRBANDS_Y25-34","2020",19.514,,,,"R1:3513"
"IRN","BA:675","EAP_DWAP_SEX_AGE_RT","SEX_F","AGE_10YRBANDS_Y35-44","2020",19.623,,,,"R1:3513"
"IRN","BA:675","EAP_DWAP_SEX_AGE_RT","SEX_F","AGE_10YRBANDS_Y45-54","2020",14.744,,,,"R1:3513"
"IRN","BA:675","EAP_DWAP_SEX_AGE_RT","SEX_F","AGE_10YRBANDS_Y55-64","2020",6.903,,,,"R1:3513"
"IRN","BA:675","EAP_DWAP_SEX_AGE_RT","SEX_F","AGE_10YRBANDS_YGE65","2020",2.032,,,,"R1:3513"
"IRN","BA:675","EAP_DWAP_SEX_AGE_RT","SEX_T","AGE_5YRBANDS_YGE15","2020",40.949,,,,"R1:3513"
"IRN","BA:675","EAP_DWAP_SEX_AGE_RT","SEX_T","AGE_5YRBANDS_Y15-19","2020",9.81,,,,"R1:3513"
"IRN","BA:675","EAP_DWAP_SEX_AGE_RT","SEX_T","AGE_5YRBANDS_Y20-24","2020",36.821,,,,"R1:3513"
"IRN","BA:675","EAP_DWAP_SEX_AGE_RT","SEX_T","AGE_5YRBANDS_Y25-29","2020",52.01,,,,"R1:3513"
"IRN","BA:675","EAP_DWAP_SEX_AGE_RT","SEX_T","AGE_5YRBANDS_Y30-34","2020",53.384,,,,"R1:3513"
"IRN","BA:675","EAP_DWAP_SEX_AGE_RT","SEX_T","AGE_5YRBANDS_Y35-39","2020",55.617,,,,"R1:3513"
"IRN","BA:675","EAP_DWAP_SEX_AGE_RT","SEX_T","AGE_5YRBANDS_Y40-44","2020",55.97,,,,"R1:3513"
"IRN","BA:675","EAP_DWAP_SEX_AGE_RT","SEX_T","AGE_5YRBANDS_Y45-49","2020",53.37,,,,"R1:3513"
"IRN","BA:675","EAP_DWAP_SEX_AGE_RT","SEX_T","AGE_5YRBANDS_Y50-54","2020",42.257,,,,"R1:3513"
"IRN","BA:675","EAP_DWAP_SEX_AGE_RT","SEX_T","AGE_5YRBANDS_Y55-59","2020",33.43,,,,"R1:3513"
"IRN","BA:675","EAP_DWAP_SEX_AGE_RT","SEX_T","AGE_5YRBANDS_Y60-64","2020",20.932,,,,"R1:3513"
"IRN","BA:675","EAP_DWAP_SEX_AGE_RT","SEX_T","AGE_5YRBANDS_YGE65","2020",9.433,,,,"R1:3513"
"IRN","BA:675","EAP_DWAP_SEX_AGE_RT","SEX_M","AGE_5YRBANDS_YGE15","2020",68.053,,,,"R1:3513"
"IRN","BA:675","EAP_DWAP_SEX_AGE_RT","SEX_M","AGE_5YRBANDS_Y15-19","2020",16.37,,,,"R1:3513"
"IRN","BA:675","EAP_DWAP_SEX_AGE_RT","SEX_M","AGE_5YRBANDS_Y20-24","2020",58.718,,,,"R1:3513"
"IRN","BA:675","EAP_DWAP_SEX_AGE_RT","SEX_M","AGE_5YRBANDS_Y25-29","2020",84.115,,,,"R1:3513"
"IRN","BA:675","EAP_DWAP_SEX_AGE_RT","SEX_M","AGE_5YRBANDS_Y30-34","2020",90.813,,,,"R1:3513"
"IRN","BA:675","EAP_DWAP_SEX_AGE_RT","SEX_M","AGE_5YRBANDS_Y35-39","2020",92.448,,,,"R1:3513"
"IRN","BA:675","EAP_DWAP_SEX_AGE_RT","SEX_M","AGE_5YRBANDS_Y40-44","2020",92.351,,,,"R1:3513"
"IRN","BA:675","EAP_DWAP_SEX_AGE_RT","SEX_M","AGE_5YRBANDS_Y45-49","2020",88.396,,,,"R1:3513"
"IRN","BA:675","EAP_DWAP_SEX_AGE_RT","SEX_M","AGE_5YRBANDS_Y50-54","2020",72.735,,,,"R1:3513"
"IRN","BA:675","EAP_DWAP_SEX_AGE_RT","SEX_M","AGE_5YRBANDS_Y55-59","2020",57.528,,,,"R1:3513"
"IRN","BA:675","EAP_DWAP_SEX_AGE_RT","SEX_M","AGE_5YRBANDS_Y60-64","2020",36.017,,,,"R1:3513"
"IRN","BA:675","EAP_DWAP_SEX_AGE_RT","SEX_M","AGE_5YRBANDS_YGE65","2020",17.508,,,,"R1:3513"
"IRN","BA:675","EAP_DWAP_SEX_AGE_RT","SEX_F","AGE_5YRBANDS_YGE15","2020",13.876,,,,"R1:3513"
"IRN","BA:675","EAP_DWAP_SEX_AGE_RT","SEX_F","AGE_5YRBANDS_Y15-19","2020",2.454,,,,"R1:3513"
"IRN","BA:675","EAP_DWAP_SEX_AGE_RT","SEX_F","AGE_5YRBANDS_Y20-24","2020",13.953,,,,"R1:3513"
"IRN","BA:675","EAP_DWAP_SEX_AGE_RT","SEX_F","AGE_5YRBANDS_Y25-29","2020",20.326,,,,"R1:3513"
"IRN","BA:675","EAP_DWAP_SEX_AGE_RT","SEX_F","AGE_5YRBANDS_Y30-34","2020",18.903,,,,"R1:3513"
"IRN","BA:675","EAP_DWAP_SEX_AGE_RT","SEX_F","AGE_5YRBANDS_Y35-39","2020",19.894,,,,"R1:3513"
"IRN","BA:675","EAP_DWAP_SEX_AGE_RT","SEX_F","AGE_5YRBANDS_Y40-44","2020",19.281,,,,"R1:3513"
"IRN","BA:675","EAP_DWAP_SEX_AGE_RT","SEX_F","AGE_5YRBANDS_Y45-49","2020",17.129,,,,"R1:3513"
"IRN","BA:675","EAP_DWAP_SEX_AGE_RT","SEX_F","AGE_5YRBANDS_Y50-54","2020",12.113,,,,"R1:3513"
"IRN","BA:675","EAP_DWAP_SEX_AGE_RT","SEX_F","AGE_5YRBANDS_Y55-59","2020",8.622,,,,"R1:3513"
"IRN","BA:675","EAP_DWAP_SEX_AGE_RT","SEX_F","AGE_5YRBANDS_Y60-64","2020",4.773,,,,"R1:3513"
"IRN","BA:675","EAP_DWAP_SEX_AGE_RT","SEX_F","AGE_5YRBANDS_YGE65","2020",2.032,,,,"R1:3513"
"IRN","BA:675","EAP_DWAP_SEX_AGE_RT","SEX_T","AGE_YTHADULT_YGE15","2019",43.693,,,,"R1:3513"
"IRN","BA:675","EAP_DWAP_SEX_AGE_RT","SEX_T","AGE_YTHADULT_Y15-64","2019",46.727,,,,"R1:3513"
"IRN","BA:675","EAP_DWAP_SEX_AGE_RT","SEX_T","AGE_YTHADULT_Y15-24","2019",26.154,,,,"R1:3513"
"IRN","BA:675","EAP_DWAP_SEX_AGE_RT","SEX_T","AGE_YTHADULT_YGE25","2019",47.276,,,,"R1:3513"
"IRN","BA:675","EAP_DWAP_SEX_AGE_RT","SEX_M","AGE_YTHADULT_YGE15","2019",70.39,,,,"R1:3513"
"IRN","BA:675","EAP_DWAP_SEX_AGE_RT","SEX_M","AGE_YTHADULT_Y15-64","2019",74.87,,,,"R1:3513"
"IRN","BA:675","EAP_DWAP_SEX_AGE_RT","SEX_M","AGE_YTHADULT_Y15-24","2019",40.29,,,,"R1:3513"
"IRN","BA:675","EAP_DWAP_SEX_AGE_RT","SEX_M","AGE_YTHADULT_YGE25","2019",76.774,,,,"R1:3513"
"IRN","BA:675","EAP_DWAP_SEX_AGE_RT","SEX_F","AGE_YTHADULT_YGE15","2019",16.98,,,,"R1:3513"
"IRN","BA:675","EAP_DWAP_SEX_AGE_RT","SEX_F","AGE_YTHADULT_Y15-64","2019",18.368,,,,"R1:3513"
"IRN","BA:675","EAP_DWAP_SEX_AGE_RT","SEX_F","AGE_YTHADULT_Y15-24","2019",11.087,,,,"R1:3513"
"IRN","BA:675","EAP_DWAP_SEX_AGE_RT","SEX_F","AGE_YTHADULT_YGE25","2019",18.138,,,,"R1:3513"
"IRN","BA:675","EAP_DWAP_SEX_AGE_RT","SEX_T","AGE_AGGREGATE_YGE15","2019",43.693,,,,"R1:3513"
"IRN","BA:675","EAP_DWAP_SEX_AGE_RT","SEX_T","AGE_AGGREGATE_Y15-24","2019",26.154,,,,"R1:3513"
"IRN","BA:675","EAP_DWAP_SEX_AGE_RT","SEX_T","AGE_AGGREGATE_Y25-54","2019",55.378,,,,"R1:3513"
"IRN","BA:675","EAP_DWAP_SEX_AGE_RT","SEX_T","AGE_AGGREGATE_Y55-64","2019",29.842,,,,"R1:3513"
"IRN","BA:675","EAP_DWAP_SEX_AGE_RT","SEX_T","AGE_AGGREGATE_YGE65","2019",11.046,,,,"R1:3513"
"IRN","BA:675","EAP_DWAP_SEX_AGE_RT","SEX_M","AGE_AGGREGATE_YGE15","2019",70.39,,,,"R1:3513"
"IRN","BA:675","EAP_DWAP_SEX_AGE_RT","SEX_M","AGE_AGGREGATE_Y15-24","2019",40.29,,,,"R1:3513"
"IRN","BA:675","EAP_DWAP_SEX_AGE_RT","SEX_M","AGE_AGGREGATE_Y25-54","2019",89.269,,,,"R1:3513"
"IRN","BA:675","EAP_DWAP_SEX_AGE_RT","SEX_M","AGE_AGGREGATE_Y55-64","2019",50.132,,,,"R1:3513"
"IRN","BA:675","EAP_DWAP_SEX_AGE_RT","SEX_M","AGE_AGGREGATE_YGE65","2019",20.107,,,,"R1:3513"
"IRN","BA:675","EAP_DWAP_SEX_AGE_RT","SEX_F","AGE_AGGREGATE_YGE15","2019",16.98,,,,"R1:3513"
"IRN","BA:675","EAP_DWAP_SEX_AGE_RT","SEX_F","AGE_AGGREGATE_Y15-24","2019",11.087,,,,"R1:3513"
"IRN","BA:675","EAP_DWAP_SEX_AGE_RT","SEX_F","AGE_AGGREGATE_Y25-54","2019",22.012,,,,"R1:3513"
"IRN","BA:675","EAP_DWAP_SEX_AGE_RT","SEX_F","AGE_AGGREGATE_Y55-64","2019",8.479,,,,"R1:3513"
"IRN","BA:675","EAP_DWAP_SEX_AGE_RT","SEX_F","AGE_AGGREGATE_YGE65","2019",2.637,,,,"R1:3513"
"IRN","BA:675","EAP_DWAP_SEX_AGE_RT","SEX_T","AGE_10YRBANDS_YGE15","2019",43.693,,,,"R1:3513"
"IRN","BA:675","EAP_DWAP_SEX_AGE_RT","SEX_T","AGE_10YRBANDS_Y15-24","2019",26.154,,,,"R1:3513"
"IRN","BA:675","EAP_DWAP_SEX_AGE_RT","SEX_T","AGE_10YRBANDS_Y25-34","2019",56.872,,,,"R1:3513"
"IRN","BA:675","EAP_DWAP_SEX_AGE_RT","SEX_T","AGE_10YRBANDS_Y35-44","2019",57.936,,,,"R1:3513"
"IRN","BA:675","EAP_DWAP_SEX_AGE_RT","SEX_T","AGE_10YRBANDS_Y45-54","2019",49.515,,,,"R1:3513"
"IRN","BA:675","EAP_DWAP_SEX_AGE_RT","SEX_T","AGE_10YRBANDS_Y55-64","2019",29.842,,,,"R1:3513"
"IRN","BA:675","EAP_DWAP_SEX_AGE_RT","SEX_T","AGE_10YRBANDS_YGE65","2019",11.046,,,,"R1:3513"
"IRN","BA:675","EAP_DWAP_SEX_AGE_RT","SEX_M","AGE_10YRBANDS_YGE15","2019",70.39,,,,"R1:3513"
"IRN","BA:675","EAP_DWAP_SEX_AGE_RT","SEX_M","AGE_10YRBANDS_Y15-24","2019",40.29,,,,"R1:3513"
"IRN","BA:675","EAP_DWAP_SEX_AGE_RT","SEX_M","AGE_10YRBANDS_Y25-34","2019",90.351,,,,"R1:3513"
"IRN","BA:675","EAP_DWAP_SEX_AGE_RT","SEX_M","AGE_10YRBANDS_Y35-44","2019",93.523,,,,"R1:3513"
"IRN","BA:675","EAP_DWAP_SEX_AGE_RT","SEX_M","AGE_10YRBANDS_Y45-54","2019",81.76,,,,"R1:3513"
"IRN","BA:675","EAP_DWAP_SEX_AGE_RT","SEX_M","AGE_10YRBANDS_Y55-64","2019",50.132,,,,"R1:3513"
"IRN","BA:675","EAP_DWAP_SEX_AGE_RT","SEX_M","AGE_10YRBANDS_YGE65","2019",20.107,,,,"R1:3513"
"IRN","BA:675","EAP_DWAP_SEX_AGE_RT","SEX_F","AGE_10YRBANDS_YGE15","2019",16.98,,,,"R1:3513"
"IRN","BA:675","EAP_DWAP_SEX_AGE_RT","SEX_F","AGE_10YRBANDS_Y15-24","2019",11.087,,,,"R1:3513"
"IRN","BA:675","EAP_DWAP_SEX_AGE_RT","SEX_F","AGE_10YRBANDS_Y25-34","2019",24.196,,,,"R1:3513"
"IRN","BA:675","EAP_DWAP_SEX_AGE_RT","SEX_F","AGE_10YRBANDS_Y35-44","2019",23.247,,,,"R1:3513"
"IRN","BA:675","EAP_DWAP_SEX_AGE_RT","SEX_F","AGE_10YRBANDS_Y45-54","2019",16.895,,,,"R1:3513"
"IRN","BA:675","EAP_DWAP_SEX_AGE_RT","SEX_F","AGE_10YRBANDS_Y55-64","2019",8.479,,,,"R1:3513"
"IRN","BA:675","EAP_DWAP_SEX_AGE_RT","SEX_F","AGE_10YRBANDS_YGE65","2019",2.637,,,,"R1:3513"
"IRN","BA:675","EAP_DWAP_SEX_AGE_RT","SEX_T","AGE_5YRBANDS_YGE15","2019",43.693,,,,"R1:3513"
"IRN","BA:675","EAP_DWAP_SEX_AGE_RT","SEX_T","AGE_5YRBANDS_Y15-19","2019",11.503,,,,"R1:3513"
"IRN","BA:675","EAP_DWAP_SEX_AGE_RT","SEX_T","AGE_5YRBANDS_Y20-24","2019",42.166,,,,"R1:3513"
"IRN","BA:675","EAP_DWAP_SEX_AGE_RT","SEX_T","AGE_5YRBANDS_Y25-29","2019",57.05,,,,"R1:3513"
"IRN","BA:675","EAP_DWAP_SEX_AGE_RT","SEX_T","AGE_5YRBANDS_Y30-34","2019",56.729,,,,"R1:3513"
"IRN","BA:675","EAP_DWAP_SEX_AGE_RT","SEX_T","AGE_5YRBANDS_Y35-39","2019",58.37,,,,"R1:3513"
"IRN","BA:675","EAP_DWAP_SEX_AGE_RT","SEX_T","AGE_5YRBANDS_Y40-44","2019",57.393,,,,"R1:3513"
"IRN","BA:675","EAP_DWAP_SEX_AGE_RT","SEX_T","AGE_5YRBANDS_Y45-49","2019",54.427,,,,"R1:3513"
"IRN","BA:675","EAP_DWAP_SEX_AGE_RT","SEX_T","AGE_5YRBANDS_Y50-54","2019",43.868,,,,"R1:3513"
"IRN","BA:675","EAP_DWAP_SEX_AGE_RT","SEX_T","AGE_5YRBANDS_Y55-59","2019",34.876,,,,"R1:3513"
"IRN","BA:675","EAP_DWAP_SEX_AGE_RT","SEX_T","AGE_5YRBANDS_Y60-64","2019",23.692,,,,"R1:3513"
"IRN","BA:675","EAP_DWAP_SEX_AGE_RT","SEX_T","AGE_5YRBANDS_YGE65","2019",11.046,,,,"R1:3513"
"IRN","BA:675","EAP_DWAP_SEX_AGE_RT","SEX_M","AGE_5YRBANDS_YGE15","2019",70.39,,,,"R1:3513"
"IRN","BA:675","EAP_DWAP_SEX_AGE_RT","SEX_M","AGE_5YRBANDS_Y15-19","2019",18.539,,,,"R1:3513"
"IRN","BA:675","EAP_DWAP_SEX_AGE_RT","SEX_M","AGE_5YRBANDS_Y20-24","2019",64.68,,,,"R1:3513"
"IRN","BA:675","EAP_DWAP_SEX_AGE_RT","SEX_M","AGE_5YRBANDS_Y25-29","2019",87.809,,,,"R1:3513"
"IRN","BA:675","EAP_DWAP_SEX_AGE_RT","SEX_M","AGE_5YRBANDS_Y30-34","2019",92.483,,,,"R1:3513"
"IRN","BA:675","EAP_DWAP_SEX_AGE_RT","SEX_M","AGE_5YRBANDS_Y35-39","2019",93.868,,,,"R1:3513"
"IRN","BA:675","EAP_DWAP_SEX_AGE_RT","SEX_M","AGE_5YRBANDS_Y40-44","2019",93.097,,,,"R1:3513"
"IRN","BA:675","EAP_DWAP_SEX_AGE_RT","SEX_M","AGE_5YRBANDS_Y45-49","2019",88.36,,,,"R1:3513"
"IRN","BA:675","EAP_DWAP_SEX_AGE_RT","SEX_M","AGE_5YRBANDS_Y50-54","2019",73.971,,,,"R1:3513"
"IRN","BA:675","EAP_DWAP_SEX_AGE_RT","SEX_M","AGE_5YRBANDS_Y55-59","2019",59.119,,,,"R1:3513"
"IRN","BA:675","EAP_DWAP_SEX_AGE_RT","SEX_M","AGE_5YRBANDS_Y60-64","2019",39.418,,,,"R1:3513"
"IRN","BA:675","EAP_DWAP_SEX_AGE_RT","SEX_M","AGE_5YRBANDS_YGE65","2019",20.107,,,,"R1:3513"
"IRN","BA:675","EAP_DWAP_SEX_AGE_RT","SEX_F","AGE_5YRBANDS_YGE15","2019",16.98,,,,"R1:3513"
"IRN","BA:675","EAP_DWAP_SEX_AGE_RT","SEX_F","AGE_5YRBANDS_Y15-19","2019",3.81,,,,"R1:3513"
"IRN","BA:675","EAP_DWAP_SEX_AGE_RT","SEX_F","AGE_5YRBANDS_Y20-24","2019",18.824,,,,"R1:3513"
"IRN","BA:675","EAP_DWAP_SEX_AGE_RT","SEX_F","AGE_5YRBANDS_Y25-29","2019",25.682,,,,"R1:3513"
"IRN","BA:675","EAP_DWAP_SEX_AGE_RT","SEX_F","AGE_5YRBANDS_Y30-34","2019",23.044,,,,"R1:3513"
"IRN","BA:675","EAP_DWAP_SEX_AGE_RT","SEX_F","AGE_5YRBANDS_Y35-39","2019",24.113,,,,"R1:3513"
"IRN","BA:675","EAP_DWAP_SEX_AGE_RT","SEX_F","AGE_5YRBANDS_Y40-44","2019",22.152,,,,"R1:3513"
"IRN","BA:675","EAP_DWAP_SEX_AGE_RT","SEX_F","AGE_5YRBANDS_Y45-49","2019",19.249,,,,"R1:3513"
"IRN","BA:675","EAP_DWAP_SEX_AGE_RT","SEX_F","AGE_5YRBANDS_Y50-54","2019",14.26,,,,"R1:3513"
"IRN","BA:675","EAP_DWAP_SEX_AGE_RT","SEX_F","AGE_5YRBANDS_Y55-59","2019",9.924,,,,"R1:3513"
"IRN","BA:675","EAP_DWAP_SEX_AGE_RT","SEX_F","AGE_5YRBANDS_Y60-64","2019",6.667,,,,"R1:3513"
"IRN","BA:675","EAP_DWAP_SEX_AGE_RT","SEX_F","AGE_5YRBANDS_YGE65","2019",2.637,,,,"R1:3513"
"IRN","BA:675","EAP_DWAP_SEX_AGE_RT","SEX_T","AGE_YTHADULT_YGE15","2018",44.025,"B",,"I11:264","R1:3513"
"IRN","BA:675","EAP_DWAP_SEX_AGE_RT","SEX_T","AGE_YTHADULT_Y15-64","2018",46.979,"B",,"I11:264","R1:3513"
"IRN","BA:675","EAP_DWAP_SEX_AGE_RT","SEX_T","AGE_YTHADULT_Y15-24","2018",27.19,"B",,"I11:264","R1:3513"
"IRN","BA:675","EAP_DWAP_SEX_AGE_RT","SEX_T","AGE_YTHADULT_YGE25","2018",47.538,"B",,"I11:264","R1:3513"
"IRN","BA:675","EAP_DWAP_SEX_AGE_RT","SEX_M","AGE_YTHADULT_YGE15","2018",70.664,"B",,"I11:264","R1:3513"
"IRN","BA:675","EAP_DWAP_SEX_AGE_RT","SEX_M","AGE_YTHADULT_Y15-64","2018",75.033,"B",,"I11:264","R1:3513"
"IRN","BA:675","EAP_DWAP_SEX_AGE_RT","SEX_M","AGE_YTHADULT_Y15-24","2018",41.784,"B",,"I11:264","R1:3513"
"IRN","BA:675","EAP_DWAP_SEX_AGE_RT","SEX_M","AGE_YTHADULT_YGE25","2018",76.865,"B",,"I11:264","R1:3513"
"IRN","BA:675","EAP_DWAP_SEX_AGE_RT","SEX_F","AGE_YTHADULT_YGE15","2018",17.529,"B",,"I11:264","R1:3513"
"IRN","BA:675","EAP_DWAP_SEX_AGE_RT","SEX_F","AGE_YTHADULT_Y15-64","2018",18.933,"B",,"I11:264","R1:3513"
"IRN","BA:675","EAP_DWAP_SEX_AGE_RT","SEX_F","AGE_YTHADULT_Y15-24","2018",11.969,"B",,"I11:264","R1:3513"
"IRN","BA:675","EAP_DWAP_SEX_AGE_RT","SEX_F","AGE_YTHADULT_YGE25","2018",18.656,"B",,"I11:264","R1:3513"
"IRN","BA:675","EAP_DWAP_SEX_AGE_RT","SEX_T","AGE_AGGREGATE_YGE15","2018",44.025,"B",,"I11:264","R1:3513"
"IRN","BA:675","EAP_DWAP_SEX_AGE_RT","SEX_T","AGE_AGGREGATE_Y15-24","2018",27.19,"B",,"I11:264","R1:3513"
"IRN","BA:675","EAP_DWAP_SEX_AGE_RT","SEX_T","AGE_AGGREGATE_Y25-54","2018",55.548,"B",,"I11:264","R1:3513"
"IRN","BA:675","EAP_DWAP_SEX_AGE_RT","SEX_T","AGE_AGGREGATE_Y55-64","2018",28.939,"B",,"I11:264","R1:3513"
"IRN","BA:675","EAP_DWAP_SEX_AGE_RT","SEX_T","AGE_AGGREGATE_YGE65","2018",11.711,"B",,"I11:264","R1:3513"
"IRN","BA:675","EAP_DWAP_SEX_AGE_RT","SEX_M","AGE_AGGREGATE_YGE15","2018",70.664,"B",,"I11:264","R1:3513"
"IRN","BA:675","EAP_DWAP_SEX_AGE_RT","SEX_M","AGE_AGGREGATE_Y15-24","2018",41.784,"B",,"I11:264","R1:3513"
"IRN","BA:675","EAP_DWAP_SEX_AGE_RT","SEX_M","AGE_AGGREGATE_Y25-54","2018",89.124,"B",,"I11:264","R1:3513"
"IRN","BA:675","EAP_DWAP_SEX_AGE_RT","SEX_M","AGE_AGGREGATE_Y55-64","2018",48.815,"B",,"I11:264","R1:3513"
"IRN","BA:675","EAP_DWAP_SEX_AGE_RT","SEX_M","AGE_AGGREGATE_YGE65","2018",21.377,"B",,"I11:264","R1:3513"
"IRN","BA:675","EAP_DWAP_SEX_AGE_RT","SEX_F","AGE_AGGREGATE_YGE15","2018",17.529,"B",,"I11:264","R1:3513"
"IRN","BA:675","EAP_DWAP_SEX_AGE_RT","SEX_F","AGE_AGGREGATE_Y15-24","2018",11.969,"B",,"I11:264","R1:3513"
"IRN","BA:675","EAP_DWAP_SEX_AGE_RT","SEX_F","AGE_AGGREGATE_Y25-54","2018",22.595,"B",,"I11:264","R1:3513"
"IRN","BA:675","EAP_DWAP_SEX_AGE_RT","SEX_F","AGE_AGGREGATE_Y55-64","2018",8.278,"B",,"I11:264","R1:3513"
"IRN","BA:675","EAP_DWAP_SEX_AGE_RT","SEX_F","AGE_AGGREGATE_YGE65","2018",2.617,"B",,"I11:264","R1:3513"
"IRN","BA:675","EAP_DWAP_SEX_AGE_RT","SEX_T","AGE_10YRBANDS_YGE15","2018",44.025,"B",,"I11:264","R1:3513"
"IRN","BA:675","EAP_DWAP_SEX_AGE_RT","SEX_T","AGE_10YRBANDS_Y15-24","2018",27.19,"B",,"I11:264","R1:3513"
"IRN","BA:675","EAP_DWAP_SEX_AGE_RT","SEX_T","AGE_10YRBANDS_Y25-34","2018",56.71,"B",,"I11:264","R1:3513"
"IRN","BA:675","EAP_DWAP_SEX_AGE_RT","SEX_T","AGE_10YRBANDS_Y35-44","2018",58.416,"B",,"I11:264","R1:3513"
"IRN","BA:675","EAP_DWAP_SEX_AGE_RT","SEX_T","AGE_10YRBANDS_Y45-54","2018",49.64,"B",,"I11:264","R1:3513"
"IRN","BA:675","EAP_DWAP_SEX_AGE_RT","SEX_T","AGE_10YRBANDS_Y55-64","2018",28.939,"B",,"I11:264","R1:3513"
"IRN","BA:675","EAP_DWAP_SEX_AGE_RT","SEX_T","AGE_10YRBANDS_YGE65","2018",11.711,"B",,"I11:264","R1:3513"
"IRN","BA:675","EAP_DWAP_SEX_AGE_RT","SEX_M","AGE_10YRBANDS_YGE15","2018",70.664,"B",,"I11:264","R1:3513"
"IRN","BA:675","EAP_DWAP_SEX_AGE_RT","SEX_M","AGE_10YRBANDS_Y15-24","2018",41.784,"B",,"I11:264","R1:3513"
"IRN","BA:675","EAP_DWAP_SEX_AGE_RT","SEX_M","AGE_10YRBANDS_Y25-34","2018",90.335,"B",,"I11:264","R1:3513"
"IRN","BA:675","EAP_DWAP_SEX_AGE_RT","SEX_M","AGE_10YRBANDS_Y35-44","2018",93.365,"B",,"I11:264","R1:3513"
"IRN","BA:675","EAP_DWAP_SEX_AGE_RT","SEX_M","AGE_10YRBANDS_Y45-54","2018",81.318,"B",,"I11:264","R1:3513"
"IRN","BA:675","EAP_DWAP_SEX_AGE_RT","SEX_M","AGE_10YRBANDS_Y55-64","2018",48.815,"B",,"I11:264","R1:3513"
"IRN","BA:675","EAP_DWAP_SEX_AGE_RT","SEX_M","AGE_10YRBANDS_YGE65","2018",21.377,"B",,"I11:264","R1:3513"
"IRN","BA:675","EAP_DWAP_SEX_AGE_RT","SEX_F","AGE_10YRBANDS_YGE15","2018",17.529,"B",,"I11:264","R1:3513"
"IRN","BA:675","EAP_DWAP_SEX_AGE_RT","SEX_F","AGE_10YRBANDS_Y15-24","2018",11.969,"B",,"I11:264","R1:3513"
"IRN","BA:675","EAP_DWAP_SEX_AGE_RT","SEX_F","AGE_10YRBANDS_Y25-34","2018",24.476,"B",,"I11:264","R1:3513"
"IRN","BA:675","EAP_DWAP_SEX_AGE_RT","SEX_F","AGE_10YRBANDS_Y35-44","2018",23.872,"B",,"I11:264","R1:3513"
"IRN","BA:675","EAP_DWAP_SEX_AGE_RT","SEX_F","AGE_10YRBANDS_Y45-54","2018",17.66,"B",,"I11:264","R1:3513"
"IRN","BA:675","EAP_DWAP_SEX_AGE_RT","SEX_F","AGE_10YRBANDS_Y55-64","2018",8.278,"B",,"I11:264","R1:3513"
"IRN","BA:675","EAP_DWAP_SEX_AGE_RT","SEX_F","AGE_10YRBANDS_YGE65","2018",2.617,"B",,"I11:264","R1:3513"
"IRN","BA:675","EAP_DWAP_SEX_AGE_RT","SEX_T","AGE_5YRBANDS_YGE15","2018",44.025,"B",,"I11:264","R1:3513"
"IRN","BA:675","EAP_DWAP_SEX_AGE_RT","SEX_T","AGE_5YRBANDS_Y15-19","2018",12.36,"B",,"I11:264","R1:3513"
"IRN","BA:675","EAP_DWAP_SEX_AGE_RT","SEX_T","AGE_5YRBANDS_Y20-24","2018",42.54,"B",,"I11:264","R1:3513"
"IRN","BA:675","EAP_DWAP_SEX_AGE_RT","SEX_T","AGE_5YRBANDS_Y25-29","2018",56.128,"B",,"I11:264","R1:3513"
"IRN","BA:675","EAP_DWAP_SEX_AGE_RT","SEX_T","AGE_5YRBANDS_Y30-34","2018",57.21,"B",,"I11:264","R1:3513"
"IRN","BA:675","EAP_DWAP_SEX_AGE_RT","SEX_T","AGE_5YRBANDS_Y35-39","2018",58.649,"B",,"I11:264","R1:3513"
"IRN","BA:675","EAP_DWAP_SEX_AGE_RT","SEX_T","AGE_5YRBANDS_Y40-44","2018",58.121,"B",,"I11:264","R1:3513"
"IRN","BA:675","EAP_DWAP_SEX_AGE_RT","SEX_T","AGE_5YRBANDS_Y45-49","2018",54.193,"B",,"I11:264","R1:3513"
"IRN","BA:675","EAP_DWAP_SEX_AGE_RT","SEX_T","AGE_5YRBANDS_Y50-54","2018",44.283,"B",,"I11:264","R1:3513"
"IRN","BA:675","EAP_DWAP_SEX_AGE_RT","SEX_T","AGE_5YRBANDS_Y55-59","2018",33.857,"B",,"I11:264","R1:3513"
"IRN","BA:675","EAP_DWAP_SEX_AGE_RT","SEX_T","AGE_5YRBANDS_Y60-64","2018",22.728,"B",,"I11:264","R1:3513"
"IRN","BA:675","EAP_DWAP_SEX_AGE_RT","SEX_T","AGE_5YRBANDS_YGE65","2018",11.711,"B",,"I11:264","R1:3513"
"IRN","BA:675","EAP_DWAP_SEX_AGE_RT","SEX_M","AGE_5YRBANDS_YGE15","2018",70.664,"B",,"I11:264","R1:3513"
"IRN","BA:675","EAP_DWAP_SEX_AGE_RT","SEX_M","AGE_5YRBANDS_Y15-19","2018",19.336,"B",,"I11:264","R1:3513"
"IRN","BA:675","EAP_DWAP_SEX_AGE_RT","SEX_M","AGE_5YRBANDS_Y20-24","2018",65.947,"B",,"I11:264","R1:3513"
"IRN","BA:675","EAP_DWAP_SEX_AGE_RT","SEX_M","AGE_5YRBANDS_Y25-29","2018",87.662,"B",,"I11:264","R1:3513"
"IRN","BA:675","EAP_DWAP_SEX_AGE_RT","SEX_M","AGE_5YRBANDS_Y30-34","2018",92.662,"B",,"I11:264","R1:3513"
"IRN","BA:675","EAP_DWAP_SEX_AGE_RT","SEX_M","AGE_5YRBANDS_Y35-39","2018",93.882,"B",,"I11:264","R1:3513"
"IRN","BA:675","EAP_DWAP_SEX_AGE_RT","SEX_M","AGE_5YRBANDS_Y40-44","2018",92.721,"B",,"I11:264","R1:3513"
"IRN","BA:675","EAP_DWAP_SEX_AGE_RT","SEX_M","AGE_5YRBANDS_Y45-49","2018",87.91,"B",,"I11:264","R1:3513"
"IRN","BA:675","EAP_DWAP_SEX_AGE_RT","SEX_M","AGE_5YRBANDS_Y50-54","2018",73.542,"B",,"I11:264","R1:3513"
"IRN","BA:675","EAP_DWAP_SEX_AGE_RT","SEX_M","AGE_5YRBANDS_Y55-59","2018",57.633,"B",,"I11:264","R1:3513"
"IRN","BA:675","EAP_DWAP_SEX_AGE_RT","SEX_M","AGE_5YRBANDS_Y60-64","2018",37.958,"B",,"I11:264","R1:3513"
"IRN","BA:675","EAP_DWAP_SEX_AGE_RT","SEX_M","AGE_5YRBANDS_YGE65","2018",21.377,"B",,"I11:264","R1:3513"
"IRN","BA:675","EAP_DWAP_SEX_AGE_RT","SEX_F","AGE_5YRBANDS_YGE15","2018",17.529,"B",,"I11:264","R1:3513"
"IRN","BA:675","EAP_DWAP_SEX_AGE_RT","SEX_F","AGE_5YRBANDS_Y15-19","2018",4.792,"B",,"I11:264","R1:3513"
"IRN","BA:675","EAP_DWAP_SEX_AGE_RT","SEX_F","AGE_5YRBANDS_Y20-24","2018",19.1,"B",,"I11:264","R1:3513"
"IRN","BA:675","EAP_DWAP_SEX_AGE_RT","SEX_F","AGE_5YRBANDS_Y25-29","2018",25.55,"B",,"I11:264","R1:3513"
"IRN","BA:675","EAP_DWAP_SEX_AGE_RT","SEX_F","AGE_5YRBANDS_Y30-34","2018",23.56,"B",,"I11:264","R1:3513"
"IRN","BA:675","EAP_DWAP_SEX_AGE_RT","SEX_F","AGE_5YRBANDS_Y35-39","2018",24.234,"B",,"I11:264","R1:3513"
"IRN","BA:675","EAP_DWAP_SEX_AGE_RT","SEX_F","AGE_5YRBANDS_Y40-44","2018",23.408,"B",,"I11:264","R1:3513"
"IRN","BA:675","EAP_DWAP_SEX_AGE_RT","SEX_F","AGE_5YRBANDS_Y45-49","2018",20.075,"B",,"I11:264","R1:3513"
"IRN","BA:675","EAP_DWAP_SEX_AGE_RT","SEX_F","AGE_5YRBANDS_Y50-54","2018",14.825,"B",,"I11:264","R1:3513"
"IRN","BA:675","EAP_DWAP_SEX_AGE_RT","SEX_F","AGE_5YRBANDS_Y55-59","2018",9.697,"B",,"I11:264","R1:3513"
"IRN","BA:675","EAP_DWAP_SEX_AGE_RT","SEX_F","AGE_5YRBANDS_Y60-64","2018",6.438,"B",,"I11:264","R1:3513"
"IRN","BA:675","EAP_DWAP_SEX_AGE_RT","SEX_F","AGE_5YRBANDS_YGE65","2018",2.617,"B",,"I11:264","R1:3513"
"IRN","BA:675","EAP_DWAP_SEX_AGE_RT","SEX_T","AGE_YTHADULT_YGE15","2017",43.735,,,,"R1:3513"
"IRN","BA:675","EAP_DWAP_SEX_AGE_RT","SEX_T","AGE_YTHADULT_Y15-64","2017",46.642,,,,"R1:3513"
"IRN","BA:675","EAP_DWAP_SEX_AGE_RT","SEX_T","AGE_YTHADULT_Y15-24","2017",27.702,,,,"R1:3513"
"IRN","BA:675","EAP_DWAP_SEX_AGE_RT","SEX_T","AGE_YTHADULT_YGE25","2017",47.2,,,,"R1:3513"
"IRN","BA:675","EAP_DWAP_SEX_AGE_RT","SEX_M","AGE_YTHADULT_YGE15","2017",69.959,,,,"R1:3513"
"IRN","BA:675","EAP_DWAP_SEX_AGE_RT","SEX_M","AGE_YTHADULT_Y15-64","2017",74.325,,,,"R1:3513"
"IRN","BA:675","EAP_DWAP_SEX_AGE_RT","SEX_M","AGE_YTHADULT_Y15-24","2017",42.276,,,,"R1:3513"
"IRN","BA:675","EAP_DWAP_SEX_AGE_RT","SEX_M","AGE_YTHADULT_YGE25","2017",76.14,,,,"R1:3513"
"IRN","BA:675","EAP_DWAP_SEX_AGE_RT","SEX_F","AGE_YTHADULT_YGE15","2017",17.399,,,,"R1:3513"
"IRN","BA:675","EAP_DWAP_SEX_AGE_RT","SEX_F","AGE_YTHADULT_Y15-64","2017",18.773,,,,"R1:3513"
"IRN","BA:675","EAP_DWAP_SEX_AGE_RT","SEX_F","AGE_YTHADULT_Y15-24","2017",12.248,,,,"R1:3513"
"IRN","BA:675","EAP_DWAP_SEX_AGE_RT","SEX_F","AGE_YTHADULT_YGE25","2017",18.476,,,,"R1:3513"
"IRN","BA:675","EAP_DWAP_SEX_AGE_RT","SEX_T","AGE_AGGREGATE_YGE15","2017",43.735,,,,"R1:3513"
"IRN","BA:675","EAP_DWAP_SEX_AGE_RT","SEX_T","AGE_AGGREGATE_Y15-24","2017",27.702,,,,"R1:3513"
"IRN","BA:675","EAP_DWAP_SEX_AGE_RT","SEX_T","AGE_AGGREGATE_Y25-54","2017",55.419,,,,"R1:3513"
"IRN","BA:675","EAP_DWAP_SEX_AGE_RT","SEX_T","AGE_AGGREGATE_Y55-64","2017",28.671,,,,"R1:3513"
"IRN","BA:675","EAP_DWAP_SEX_AGE_RT","SEX_T","AGE_AGGREGATE_YGE65","2017",11.5,,,,"R1:3513"
"IRN","BA:675","EAP_DWAP_SEX_AGE_RT","SEX_M","AGE_AGGREGATE_YGE15","2017",69.959,,,,"R1:3513"
"IRN","BA:675","EAP_DWAP_SEX_AGE_RT","SEX_M","AGE_AGGREGATE_Y15-24","2017",42.276,,,,"R1:3513"
"IRN","BA:675","EAP_DWAP_SEX_AGE_RT","SEX_M","AGE_AGGREGATE_Y25-54","2017",88.474,,,,"R1:3513"
"IRN","BA:675","EAP_DWAP_SEX_AGE_RT","SEX_M","AGE_AGGREGATE_Y55-64","2017",49.406,,,,"R1:3513"
"IRN","BA:675","EAP_DWAP_SEX_AGE_RT","SEX_M","AGE_AGGREGATE_YGE65","2017",20.817,,,,"R1:3513"
"IRN","BA:675","EAP_DWAP_SEX_AGE_RT","SEX_F","AGE_AGGREGATE_YGE15","2017",17.399,,,,"R1:3513"
"IRN","BA:675","EAP_DWAP_SEX_AGE_RT","SEX_F","AGE_AGGREGATE_Y15-24","2017",12.248,,,,"R1:3513"
"IRN","BA:675","EAP_DWAP_SEX_AGE_RT","SEX_F","AGE_AGGREGATE_Y25-54","2017",22.609,,,,"R1:3513"
"IRN","BA:675","EAP_DWAP_SEX_AGE_RT","SEX_F","AGE_AGGREGATE_Y55-64","2017",7.864,,,,"R1:3513"
"IRN","BA:675","EAP_DWAP_SEX_AGE_RT","SEX_F","AGE_AGGREGATE_YGE65","2017",2.401,,,,"R1:3513"
"IRN","BA:675","EAP_DWAP_SEX_AGE_RT","SEX_T","AGE_10YRBANDS_YGE15","2017",43.735,,,,"R1:3513"
"IRN","BA:675","EAP_DWAP_SEX_AGE_RT","SEX_T","AGE_10YRBANDS_Y15-24","2017",27.702,,,,"R1:3513"
"IRN","BA:675","EAP_DWAP_SEX_AGE_RT","SEX_T","AGE_10YRBANDS_Y25-34","2017",57.679,,,,"R1:3513"
"IRN","BA:675","EAP_DWAP_SEX_AGE_RT","SEX_T","AGE_10YRBANDS_Y35-44","2017",58.377,,,,"R1:3513"
"IRN","BA:675","EAP_DWAP_SEX_AGE_RT","SEX_T","AGE_10YRBANDS_Y45-54","2017",47.999,,,,"R1:3513"
"IRN","BA:675","EAP_DWAP_SEX_AGE_RT","SEX_T","AGE_10YRBANDS_Y55-64","2017",28.671,,,,"R1:3513"
"IRN","BA:675","EAP_DWAP_SEX_AGE_RT","SEX_T","AGE_10YRBANDS_YGE65","2017",11.5,,,,"R1:3513"
"IRN","BA:675","EAP_DWAP_SEX_AGE_RT","SEX_M","AGE_10YRBANDS_YGE15","2017",69.959,,,,"R1:3513"
"IRN","BA:675","EAP_DWAP_SEX_AGE_RT","SEX_M","AGE_10YRBANDS_Y15-24","2017",42.276,,,,"R1:3513"
"IRN","BA:675","EAP_DWAP_SEX_AGE_RT","SEX_M","AGE_10YRBANDS_Y25-34","2017",90.117,,,,"R1:3513"
"IRN","BA:675","EAP_DWAP_SEX_AGE_RT","SEX_M","AGE_10YRBANDS_Y35-44","2017",93.175,,,,"R1:3513"
"IRN","BA:675","EAP_DWAP_SEX_AGE_RT","SEX_M","AGE_10YRBANDS_Y45-54","2017",79.676,,,,"R1:3513"
"IRN","BA:675","EAP_DWAP_SEX_AGE_RT","SEX_M","AGE_10YRBANDS_Y55-64","2017",49.406,,,,"R1:3513"
"IRN","BA:675","EAP_DWAP_SEX_AGE_RT","SEX_M","AGE_10YRBANDS_YGE65","2017",20.817,,,,"R1:3513"
"IRN","BA:675","EAP_DWAP_SEX_AGE_RT","SEX_F","AGE_10YRBANDS_YGE15","2017",17.399,,,,"R1:3513"
"IRN","BA:675","EAP_DWAP_SEX_AGE_RT","SEX_F","AGE_10YRBANDS_Y15-24","2017",12.248,,,,"R1:3513"
"IRN","BA:675","EAP_DWAP_SEX_AGE_RT","SEX_F","AGE_10YRBANDS_Y25-34","2017",25.541,,,,"R1:3513"
"IRN","BA:675","EAP_DWAP_SEX_AGE_RT","SEX_F","AGE_10YRBANDS_Y35-44","2017",23.605,,,,"R1:3513"
"IRN","BA:675","EAP_DWAP_SEX_AGE_RT","SEX_F","AGE_10YRBANDS_Y45-54","2017",16.744,,,,"R1:3513"
"IRN","BA:675","EAP_DWAP_SEX_AGE_RT","SEX_F","AGE_10YRBANDS_Y55-64","2017",7.864,,,,"R1:3513"
"IRN","BA:675","EAP_DWAP_SEX_AGE_RT","SEX_F","AGE_10YRBANDS_YGE65","2017",2.401,,,,"R1:3513"
"IRN","BA:675","EAP_DWAP_SEX_AGE_RT","SEX_T","AGE_5YRBANDS_YGE15","2017",43.735,,,,"R1:3513"
"IRN","BA:675","EAP_DWAP_SEX_AGE_RT","SEX_T","AGE_5YRBANDS_Y15-19","2017",12.921,,,,"R1:3513"
"IRN","BA:675","EAP_DWAP_SEX_AGE_RT","SEX_T","AGE_5YRBANDS_Y20-24","2017",42.537,,,,"R1:3513"
"IRN","BA:675","EAP_DWAP_SEX_AGE_RT","SEX_T","AGE_5YRBANDS_Y25-29","2017",56.376,,,,"R1:3513"
"IRN","BA:675","EAP_DWAP_SEX_AGE_RT","SEX_T","AGE_5YRBANDS_Y30-34","2017",58.832,,,,"R1:3513"
"IRN","BA:675","EAP_DWAP_SEX_AGE_RT","SEX_T","AGE_5YRBANDS_Y35-39","2017",58.472,,,,"R1:3513"
"IRN","BA:675","EAP_DWAP_SEX_AGE_RT","SEX_T","AGE_5YRBANDS_Y40-44","2017",58.255,,,,"R1:3513"
"IRN","BA:675","EAP_DWAP_SEX_AGE_RT","SEX_T","AGE_5YRBANDS_Y45-49","2017",52.904,,,,"R1:3513"
"IRN","BA:675","EAP_DWAP_SEX_AGE_RT","SEX_T","AGE_5YRBANDS_Y50-54","2017",42.306,,,,"R1:3513"
"IRN","BA:675","EAP_DWAP_SEX_AGE_RT","SEX_T","AGE_5YRBANDS_Y55-59","2017",32.944,,,,"R1:3513"
"IRN","BA:675","EAP_DWAP_SEX_AGE_RT","SEX_T","AGE_5YRBANDS_Y60-64","2017",23.43,,,,"R1:3513"
"IRN","BA:675","EAP_DWAP_SEX_AGE_RT","SEX_T","AGE_5YRBANDS_YGE65","2017",11.5,,,,"R1:3513"
"IRN","BA:675","EAP_DWAP_SEX_AGE_RT","SEX_M","AGE_5YRBANDS_YGE15","2017",69.959,,,,"R1:3513"
"IRN","BA:675","EAP_DWAP_SEX_AGE_RT","SEX_M","AGE_5YRBANDS_Y15-19","2017",20.158,,,,"R1:3513"
"IRN","BA:675","EAP_DWAP_SEX_AGE_RT","SEX_M","AGE_5YRBANDS_Y20-24","2017",65.037,,,,"R1:3513"
"IRN","BA:675","EAP_DWAP_SEX_AGE_RT","SEX_M","AGE_5YRBANDS_Y25-29","2017",87.025,,,,"R1:3513"
"IRN","BA:675","EAP_DWAP_SEX_AGE_RT","SEX_M","AGE_5YRBANDS_Y30-34","2017",92.864,,,,"R1:3513"
"IRN","BA:675","EAP_DWAP_SEX_AGE_RT","SEX_M","AGE_5YRBANDS_Y35-39","2017",93.448,,,,"R1:3513"
"IRN","BA:675","EAP_DWAP_SEX_AGE_RT","SEX_M","AGE_5YRBANDS_Y40-44","2017",92.834,,,,"R1:3513"
"IRN","BA:675","EAP_DWAP_SEX_AGE_RT","SEX_M","AGE_5YRBANDS_Y45-49","2017",86.115,,,,"R1:3513"
"IRN","BA:675","EAP_DWAP_SEX_AGE_RT","SEX_M","AGE_5YRBANDS_Y50-54","2017",72.06,,,,"R1:3513"
"IRN","BA:675","EAP_DWAP_SEX_AGE_RT","SEX_M","AGE_5YRBANDS_Y55-59","2017",56.932,,,,"R1:3513"
"IRN","BA:675","EAP_DWAP_SEX_AGE_RT","SEX_M","AGE_5YRBANDS_Y60-64","2017",40.18,,,,"R1:3513"
"IRN","BA:675","EAP_DWAP_SEX_AGE_RT","SEX_M","AGE_5YRBANDS_YGE65","2017",20.817,,,,"R1:3513"
"IRN","BA:675","EAP_DWAP_SEX_AGE_RT","SEX_F","AGE_5YRBANDS_YGE15","2017",17.399,,,,"R1:3513"
"IRN","BA:675","EAP_DWAP_SEX_AGE_RT","SEX_F","AGE_5YRBANDS_Y15-19","2017",5.047,,,,"R1:3513"
"IRN","BA:675","EAP_DWAP_SEX_AGE_RT","SEX_F","AGE_5YRBANDS_Y20-24","2017",19.285,,,,"R1:3513"
"IRN","BA:675","EAP_DWAP_SEX_AGE_RT","SEX_F","AGE_5YRBANDS_Y25-29","2017",25.849,,,,"R1:3513"
"IRN","BA:675","EAP_DWAP_SEX_AGE_RT","SEX_F","AGE_5YRBANDS_Y30-34","2017",25.269,,,,"R1:3513"
"IRN","BA:675","EAP_DWAP_SEX_AGE_RT","SEX_F","AGE_5YRBANDS_Y35-39","2017",23.799,,,,"R1:3513"
"IRN","BA:675","EAP_DWAP_SEX_AGE_RT","SEX_F","AGE_5YRBANDS_Y40-44","2017",23.358,,,,"R1:3513"
"IRN","BA:675","EAP_DWAP_SEX_AGE_RT","SEX_F","AGE_5YRBANDS_Y45-49","2017",19.558,,,,"R1:3513"
"IRN","BA:675","EAP_DWAP_SEX_AGE_RT","SEX_F","AGE_5YRBANDS_Y50-54","2017",13.538,,,,"R1:3513"
"IRN","BA:675","EAP_DWAP_SEX_AGE_RT","SEX_F","AGE_5YRBANDS_Y55-59","2017",8.883,,,,"R1:3513"
"IRN","BA:675","EAP_DWAP_SEX_AGE_RT","SEX_F","AGE_5YRBANDS_Y60-64","2017",6.612,,,,"R1:3513"
"IRN","BA:675","EAP_DWAP_SEX_AGE_RT","SEX_F","AGE_5YRBANDS_YGE65","2017",2.401,,,,"R1:3513"
"IRN","BA:675","EAP_DWAP_SEX_AGE_RT","SEX_T","AGE_YTHADULT_YGE15","2016",42.586,,,,"R1:3513"
"IRN","BA:675","EAP_DWAP_SEX_AGE_RT","SEX_T","AGE_YTHADULT_Y15-64","2016",45.181,,,,"R1:3513"
"IRN","BA:675","EAP_DWAP_SEX_AGE_RT","SEX_T","AGE_YTHADULT_Y15-24","2016",26.481,,,,"R1:3513"
"IRN","BA:675","EAP_DWAP_SEX_AGE_RT","SEX_T","AGE_YTHADULT_YGE25","2016",46.32,,,,"R1:3513"
"IRN","BA:675","EAP_DWAP_SEX_AGE_RT","SEX_M","AGE_YTHADULT_YGE15","2016",69.2,,,,"R1:3513"
"IRN","BA:675","EAP_DWAP_SEX_AGE_RT","SEX_M","AGE_YTHADULT_Y15-64","2016",72.985,,,,"R1:3513"
"IRN","BA:675","EAP_DWAP_SEX_AGE_RT","SEX_M","AGE_YTHADULT_Y15-24","2016",41.139,,,,"R1:3513"
"IRN","BA:675","EAP_DWAP_SEX_AGE_RT","SEX_M","AGE_YTHADULT_YGE25","2016",75.976,,,,"R1:3513"
"IRN","BA:675","EAP_DWAP_SEX_AGE_RT","SEX_F","AGE_YTHADULT_YGE15","2016",16.257,,,,"R1:3513"
"IRN","BA:675","EAP_DWAP_SEX_AGE_RT","SEX_F","AGE_YTHADULT_Y15-64","2016",17.465,,,,"R1:3513"
"IRN","BA:675","EAP_DWAP_SEX_AGE_RT","SEX_F","AGE_YTHADULT_Y15-24","2016",10.98,,,,"R1:3513"
"IRN","BA:675","EAP_DWAP_SEX_AGE_RT","SEX_F","AGE_YTHADULT_YGE25","2016",17.431,,,,"R1:3513"
"IRN","BA:675","EAP_DWAP_SEX_AGE_RT","SEX_T","AGE_AGGREGATE_YGE15","2016",42.586,,,,"R1:3513"
"IRN","BA:675","EAP_DWAP_SEX_AGE_RT","SEX_T","AGE_AGGREGATE_Y15-24","2016",26.481,,,,"R1:3513"
"IRN","BA:675","EAP_DWAP_SEX_AGE_RT","SEX_T","AGE_AGGREGATE_Y25-54","2016",53.961,,,,"R1:3513"
"IRN","BA:675","EAP_DWAP_SEX_AGE_RT","SEX_T","AGE_AGGREGATE_Y55-64","2016",28.358,,,,"R1:3513"
"IRN","BA:675","EAP_DWAP_SEX_AGE_RT","SEX_T","AGE_AGGREGATE_YGE65","2016",11.096,,,,"R1:3513"
"IRN","BA:675","EAP_DWAP_SEX_AGE_RT","SEX_M","AGE_AGGREGATE_YGE15","2016",69.2,,,,"R1:3513"
"IRN","BA:675","EAP_DWAP_SEX_AGE_RT","SEX_M","AGE_AGGREGATE_Y15-24","2016",41.139,,,,"R1:3513"
"IRN","BA:675","EAP_DWAP_SEX_AGE_RT","SEX_M","AGE_AGGREGATE_Y25-54","2016",87.53,,,,"R1:3513"
"IRN","BA:675","EAP_DWAP_SEX_AGE_RT","SEX_M","AGE_AGGREGATE_Y55-64","2016",48.96,,,,"R1:3513"
"IRN","BA:675","EAP_DWAP_SEX_AGE_RT","SEX_M","AGE_AGGREGATE_YGE65","2016",20.846,,,,"R1:3513"
"IRN","BA:675","EAP_DWAP_SEX_AGE_RT","SEX_F","AGE_AGGREGATE_YGE15","2016",16.257,,,,"R1:3513"
"IRN","BA:675","EAP_DWAP_SEX_AGE_RT","SEX_F","AGE_AGGREGATE_Y15-24","2016",10.98,,,,"R1:3513"
"IRN","BA:675","EAP_DWAP_SEX_AGE_RT","SEX_F","AGE_AGGREGATE_Y25-54","2016",21.146,,,,"R1:3513"
"IRN","BA:675","EAP_DWAP_SEX_AGE_RT","SEX_F","AGE_AGGREGATE_Y55-64","2016",7.639,,,,"R1:3513"
"IRN","BA:675","EAP_DWAP_SEX_AGE_RT","SEX_F","AGE_AGGREGATE_YGE65","2016",2.3,,,,"R1:3513"
"IRN","BA:675","EAP_DWAP_SEX_AGE_RT","SEX_T","AGE_10YRBANDS_YGE15","2016",42.586,,,,"R1:3513"
"IRN","BA:675","EAP_DWAP_SEX_AGE_RT","SEX_T","AGE_10YRBANDS_Y15-24","2016",26.481,,,,"R1:3513"
"IRN","BA:675","EAP_DWAP_SEX_AGE_RT","SEX_T","AGE_10YRBANDS_Y25-34","2016",55.962,,,,"R1:3513"
"IRN","BA:675","EAP_DWAP_SEX_AGE_RT","SEX_T","AGE_10YRBANDS_Y35-44","2016",56.803,,,,"R1:3513"
"IRN","BA:675","EAP_DWAP_SEX_AGE_RT","SEX_T","AGE_10YRBANDS_Y45-54","2016",47.083,,,,"R1:3513"
"IRN","BA:675","EAP_DWAP_SEX_AGE_RT","SEX_T","AGE_10YRBANDS_Y55-64","2016",28.358,,,,"R1:3513"
"IRN","BA:675","EAP_DWAP_SEX_AGE_RT","SEX_T","AGE_10YRBANDS_YGE65","2016",11.096,,,,"R1:3513"
"IRN","BA:675","EAP_DWAP_SEX_AGE_RT","SEX_M","AGE_10YRBANDS_YGE15","2016",69.2,,,,"R1:3513"
"IRN","BA:675","EAP_DWAP_SEX_AGE_RT","SEX_M","AGE_10YRBANDS_Y15-24","2016",41.139,,,,"R1:3513"
"IRN","BA:675","EAP_DWAP_SEX_AGE_RT","SEX_M","AGE_10YRBANDS_Y25-34","2016",89.097,,,,"R1:3513"
"IRN","BA:675","EAP_DWAP_SEX_AGE_RT","SEX_M","AGE_10YRBANDS_Y35-44","2016",92.218,,,,"R1:3513"
"IRN","BA:675","EAP_DWAP_SEX_AGE_RT","SEX_M","AGE_10YRBANDS_Y45-54","2016",78.962,,,,"R1:3513"
"IRN","BA:675","EAP_DWAP_SEX_AGE_RT","SEX_M","AGE_10YRBANDS_Y55-64","2016",48.96,,,,"R1:3513"
"IRN","BA:675","EAP_DWAP_SEX_AGE_RT","SEX_M","AGE_10YRBANDS_YGE65","2016",20.846,,,,"R1:3513"
"IRN","BA:675","EAP_DWAP_SEX_AGE_RT","SEX_F","AGE_10YRBANDS_YGE15","2016",16.257,,,,"R1:3513"
"IRN","BA:675","EAP_DWAP_SEX_AGE_RT","SEX_F","AGE_10YRBANDS_Y15-24","2016",10.98,,,,"R1:3513"
"IRN","BA:675","EAP_DWAP_SEX_AGE_RT","SEX_F","AGE_10YRBANDS_Y25-34","2016",23.657,,,,"R1:3513"
"IRN","BA:675","EAP_DWAP_SEX_AGE_RT","SEX_F","AGE_10YRBANDS_Y35-44","2016",22.141,,,,"R1:3513"
"IRN","BA:675","EAP_DWAP_SEX_AGE_RT","SEX_F","AGE_10YRBANDS_Y45-54","2016",15.839,,,,"R1:3513"
"IRN","BA:675","EAP_DWAP_SEX_AGE_RT","SEX_F","AGE_10YRBANDS_Y55-64","2016",7.639,,,,"R1:3513"
"IRN","BA:675","EAP_DWAP_SEX_AGE_RT","SEX_F","AGE_10YRBANDS_YGE65","2016",2.3,,,,"R1:3513"
"IRN","BA:675","EAP_DWAP_SEX_AGE_RT","SEX_T","AGE_5YRBANDS_YGE15","2016",42.586,,,,"R1:3513"
"IRN","BA:675","EAP_DWAP_SEX_AGE_RT","SEX_T","AGE_5YRBANDS_Y15-19","2016",12.226,,,,"R1:3513"
"IRN","BA:675","EAP_DWAP_SEX_AGE_RT","SEX_T","AGE_5YRBANDS_Y20-24","2016",40.084,,,,"R1:3513"
"IRN","BA:675","EAP_DWAP_SEX_AGE_RT","SEX_T","AGE_5YRBANDS_Y25-29","2016",55.26,,,,"R1:3513"
"IRN","BA:675","EAP_DWAP_SEX_AGE_RT","SEX_T","AGE_5YRBANDS_Y30-34","2016",56.621,,,,"R1:3513"
"IRN","BA:675","EAP_DWAP_SEX_AGE_RT","SEX_T","AGE_5YRBANDS_Y35-39","2016",57.409,,,,"R1:3513"
"IRN","BA:675","EAP_DWAP_SEX_AGE_RT","SEX_T","AGE_5YRBANDS_Y40-44","2016",56.055,,,,"R1:3513"
"IRN","BA:675","EAP_DWAP_SEX_AGE_RT","SEX_T","AGE_5YRBANDS_Y45-49","2016",51.863,,,,"R1:3513"
"IRN","BA:675","EAP_DWAP_SEX_AGE_RT","SEX_T","AGE_5YRBANDS_Y50-54","2016",41.562,,,,"R1:3513"
"IRN","BA:675","EAP_DWAP_SEX_AGE_RT","SEX_T","AGE_5YRBANDS_Y55-59","2016",32.917,,,,"R1:3513"
"IRN","BA:675","EAP_DWAP_SEX_AGE_RT","SEX_T","AGE_5YRBANDS_Y60-64","2016",22.737,,,,"R1:3513"
"IRN","BA:675","EAP_DWAP_SEX_AGE_RT","SEX_T","AGE_5YRBANDS_YGE65","2016",11.096,,,,"R1:3513"
"IRN","BA:675","EAP_DWAP_SEX_AGE_RT","SEX_M","AGE_5YRBANDS_YGE15","2016",69.2,,,,"R1:3513"
"IRN","BA:675","EAP_DWAP_SEX_AGE_RT","SEX_M","AGE_5YRBANDS_Y15-19","2016",19.134,,,,"R1:3513"
"IRN","BA:675","EAP_DWAP_SEX_AGE_RT","SEX_M","AGE_5YRBANDS_Y20-24","2016",62.656,,,,"R1:3513"
"IRN","BA:675","EAP_DWAP_SEX_AGE_RT","SEX_M","AGE_5YRBANDS_Y25-29","2016",86.115,,,,"R1:3513"
"IRN","BA:675","EAP_DWAP_SEX_AGE_RT","SEX_M","AGE_5YRBANDS_Y30-34","2016",91.905,,,,"R1:3513"
"IRN","BA:675","EAP_DWAP_SEX_AGE_RT","SEX_M","AGE_5YRBANDS_Y35-39","2016",92.924,,,,"R1:3513"
"IRN","BA:675","EAP_DWAP_SEX_AGE_RT","SEX_M","AGE_5YRBANDS_Y40-44","2016",91.337,,,,"R1:3513"
"IRN","BA:675","EAP_DWAP_SEX_AGE_RT","SEX_M","AGE_5YRBANDS_Y45-49","2016",85.992,,,,"R1:3513"
"IRN","BA:675","EAP_DWAP_SEX_AGE_RT","SEX_M","AGE_5YRBANDS_Y50-54","2016",70.809,,,,"R1:3513"
"IRN","BA:675","EAP_DWAP_SEX_AGE_RT","SEX_M","AGE_5YRBANDS_Y55-59","2016",56.923,,,,"R1:3513"
"IRN","BA:675","EAP_DWAP_SEX_AGE_RT","SEX_M","AGE_5YRBANDS_Y60-64","2016",39.139,,,,"R1:3513"
"IRN","BA:675","EAP_DWAP_SEX_AGE_RT","SEX_M","AGE_5YRBANDS_YGE65","2016",20.846,,,,"R1:3513"
"IRN","BA:675","EAP_DWAP_SEX_AGE_RT","SEX_F","AGE_5YRBANDS_YGE15","2016",16.257,,,,"R1:3513"
"IRN","BA:675","EAP_DWAP_SEX_AGE_RT","SEX_F","AGE_5YRBANDS_Y15-19","2016",4.729,,,,"R1:3513"
"IRN","BA:675","EAP_DWAP_SEX_AGE_RT","SEX_F","AGE_5YRBANDS_Y20-24","2016",16.793,,,,"R1:3513"
"IRN","BA:675","EAP_DWAP_SEX_AGE_RT","SEX_F","AGE_5YRBANDS_Y25-29","2016",25.052,,,,"R1:3513"
"IRN","BA:675","EAP_DWAP_SEX_AGE_RT","SEX_F","AGE_5YRBANDS_Y30-34","2016",22.354,,,,"R1:3513"
"IRN","BA:675","EAP_DWAP_SEX_AGE_RT","SEX_F","AGE_5YRBANDS_Y35-39","2016",22.4,,,,"R1:3513"
"IRN","BA:675","EAP_DWAP_SEX_AGE_RT","SEX_F","AGE_5YRBANDS_Y40-44","2016",21.823,,,,"R1:3513"
"IRN","BA:675","EAP_DWAP_SEX_AGE_RT","SEX_F","AGE_5YRBANDS_Y45-49","2016",18.29,,,,"R1:3513"
"IRN","BA:675","EAP_DWAP_SEX_AGE_RT","SEX_F","AGE_5YRBANDS_Y50-54","2016",13.02,,,,"R1:3513"
"IRN","BA:675","EAP_DWAP_SEX_AGE_RT","SEX_F","AGE_5YRBANDS_Y55-59","2016",8.769,,,,"R1:3513"
"IRN","BA:675","EAP_DWAP_SEX_AGE_RT","SEX_F","AGE_5YRBANDS_Y60-64","2016",6.246,,,,"R1:3513"
"IRN","BA:675","EAP_DWAP_SEX_AGE_RT","SEX_F","AGE_5YRBANDS_YGE65","2016",2.3,,,,"R1:3513"
"IRN","BA:675","EAP_DWAP_SEX_AGE_RT","SEX_T","AGE_YTHADULT_YGE15","2015",41.354,,,,"R1:3513"
"IRN","BA:675","EAP_DWAP_SEX_AGE_RT","SEX_T","AGE_YTHADULT_Y15-64","2015",43.805,,,,"R1:3513"
"IRN","BA:675","EAP_DWAP_SEX_AGE_RT","SEX_T","AGE_YTHADULT_Y15-24","2015",24.991,,,,"R1:3513"
"IRN","BA:675","EAP_DWAP_SEX_AGE_RT","SEX_T","AGE_YTHADULT_YGE25","2015",45.389,,,,"R1:3513"
"IRN","BA:675","EAP_DWAP_SEX_AGE_RT","SEX_M","AGE_YTHADULT_YGE15","2015",68.59,,,,"R1:3513"
"IRN","BA:675","EAP_DWAP_SEX_AGE_RT","SEX_M","AGE_YTHADULT_Y15-64","2015",72.278,,,,"R1:3513"
"IRN","BA:675","EAP_DWAP_SEX_AGE_RT","SEX_M","AGE_YTHADULT_Y15-24","2015",39.84,,,,"R1:3513"
"IRN","BA:675","EAP_DWAP_SEX_AGE_RT","SEX_M","AGE_YTHADULT_YGE25","2015",75.889,,,,"R1:3513"
"IRN","BA:675","EAP_DWAP_SEX_AGE_RT","SEX_F","AGE_YTHADULT_YGE15","2015",14.414,,,,"R1:3513"
"IRN","BA:675","EAP_DWAP_SEX_AGE_RT","SEX_F","AGE_YTHADULT_Y15-64","2015",15.467,,,,"R1:3513"
"IRN","BA:675","EAP_DWAP_SEX_AGE_RT","SEX_F","AGE_YTHADULT_Y15-24","2015",9.601,,,,"R1:3513"
"IRN","BA:675","EAP_DWAP_SEX_AGE_RT","SEX_F","AGE_YTHADULT_YGE25","2015",15.567,,,,"R1:3513"
"IRN","BA:675","EAP_DWAP_SEX_AGE_RT","SEX_T","AGE_AGGREGATE_YGE15","2015",41.354,,,,"R1:3513"
"IRN","BA:675","EAP_DWAP_SEX_AGE_RT","SEX_T","AGE_AGGREGATE_Y15-24","2015",24.991,,,,"R1:3513"
"IRN","BA:675","EAP_DWAP_SEX_AGE_RT","SEX_T","AGE_AGGREGATE_Y25-54","2015",52.781,,,,"R1:3513"
"IRN","BA:675","EAP_DWAP_SEX_AGE_RT","SEX_T","AGE_AGGREGATE_Y55-64","2015",27.636,,,,"R1:3513"
"IRN","BA:675","EAP_DWAP_SEX_AGE_RT","SEX_T","AGE_AGGREGATE_YGE65","2015",11.185,,,,"R1:3513"
"IRN","BA:675","EAP_DWAP_SEX_AGE_RT","SEX_M","AGE_AGGREGATE_YGE15","2015",68.59,,,,"R1:3513"
"IRN","BA:675","EAP_DWAP_SEX_AGE_RT","SEX_M","AGE_AGGREGATE_Y15-24","2015",39.84,,,,"R1:3513"
"IRN","BA:675","EAP_DWAP_SEX_AGE_RT","SEX_M","AGE_AGGREGATE_Y25-54","2015",87.247,,,,"R1:3513"
"IRN","BA:675","EAP_DWAP_SEX_AGE_RT","SEX_M","AGE_AGGREGATE_Y55-64","2015",48.682,,,,"R1:3513"
"IRN","BA:675","EAP_DWAP_SEX_AGE_RT","SEX_M","AGE_AGGREGATE_YGE65","2015",21.244,,,,"R1:3513"
"IRN","BA:675","EAP_DWAP_SEX_AGE_RT","SEX_F","AGE_AGGREGATE_YGE15","2015",14.414,,,,"R1:3513"
"IRN","BA:675","EAP_DWAP_SEX_AGE_RT","SEX_F","AGE_AGGREGATE_Y15-24","2015",9.601,,,,"R1:3513"
"IRN","BA:675","EAP_DWAP_SEX_AGE_RT","SEX_F","AGE_AGGREGATE_Y25-54","2015",18.85,,,,"R1:3513"
"IRN","BA:675","EAP_DWAP_SEX_AGE_RT","SEX_F","AGE_AGGREGATE_Y55-64","2015",6.94,,,,"R1:3513"
"IRN","BA:675","EAP_DWAP_SEX_AGE_RT","SEX_F","AGE_AGGREGATE_YGE65","2015",1.965,,,,"R1:3513"
"IRN","BA:675","EAP_DWAP_SEX_AGE_RT","SEX_T","AGE_10YRBANDS_YGE15","2015",41.354,,,,"R1:3513"
"IRN","BA:675","EAP_DWAP_SEX_AGE_RT","SEX_T","AGE_10YRBANDS_Y15-24","2015",24.991,,,,"R1:3513"
"IRN","BA:675","EAP_DWAP_SEX_AGE_RT","SEX_T","AGE_10YRBANDS_Y25-34","2015",54.754,,,,"R1:3513"
"IRN","BA:675","EAP_DWAP_SEX_AGE_RT","SEX_T","AGE_10YRBANDS_Y35-44","2015",55.632,,,,"R1:3513"
"IRN","BA:675","EAP_DWAP_SEX_AGE_RT","SEX_T","AGE_10YRBANDS_Y45-54","2015",45.903,,,,"R1:3513"
"IRN","BA:675","EAP_DWAP_SEX_AGE_RT","SEX_T","AGE_10YRBANDS_Y55-64","2015",27.636,,,,"R1:3513"
"IRN","BA:675","EAP_DWAP_SEX_AGE_RT","SEX_T","AGE_10YRBANDS_YGE65","2015",11.185,,,,"R1:3513"
"IRN","BA:675","EAP_DWAP_SEX_AGE_RT","SEX_M","AGE_10YRBANDS_YGE15","2015",68.59,,,,"R1:3513"
"IRN","BA:675","EAP_DWAP_SEX_AGE_RT","SEX_M","AGE_10YRBANDS_Y15-24","2015",39.84,,,,"R1:3513"
"IRN","BA:675","EAP_DWAP_SEX_AGE_RT","SEX_M","AGE_10YRBANDS_Y25-34","2015",88.62,,,,"R1:3513"
"IRN","BA:675","EAP_DWAP_SEX_AGE_RT","SEX_M","AGE_10YRBANDS_Y35-44","2015",92.455,,,,"R1:3513"
"IRN","BA:675","EAP_DWAP_SEX_AGE_RT","SEX_M","AGE_10YRBANDS_Y45-54","2015",78.395,,,,"R1:3513"
"IRN","BA:675","EAP_DWAP_SEX_AGE_RT","SEX_M","AGE_10YRBANDS_Y55-64","2015",48.682,,,,"R1:3513"
"IRN","BA:675","EAP_DWAP_SEX_AGE_RT","SEX_M","AGE_10YRBANDS_YGE65","2015",21.244,,,,"R1:3513"
"IRN","BA:675","EAP_DWAP_SEX_AGE_RT","SEX_F","AGE_10YRBANDS_YGE15","2015",14.414,,,,"R1:3513"
"IRN","BA:675","EAP_DWAP_SEX_AGE_RT","SEX_F","AGE_10YRBANDS_Y15-24","2015",9.601,,,,"R1:3513"
"IRN","BA:675","EAP_DWAP_SEX_AGE_RT","SEX_F","AGE_10YRBANDS_Y25-34","2015",21.27,,,,"R1:3513"
"IRN","BA:675","EAP_DWAP_SEX_AGE_RT","SEX_F","AGE_10YRBANDS_Y35-44","2015",19.67,,,,"R1:3513"
"IRN","BA:675","EAP_DWAP_SEX_AGE_RT","SEX_F","AGE_10YRBANDS_Y45-54","2015",13.817,,,,"R1:3513"
"IRN","BA:675","EAP_DWAP_SEX_AGE_RT","SEX_F","AGE_10YRBANDS_Y55-64","2015",6.94,,,,"R1:3513"
"IRN","BA:675","EAP_DWAP_SEX_AGE_RT","SEX_F","AGE_10YRBANDS_YGE65","2015",1.965,,,,"R1:3513"
"IRN","BA:675","EAP_DWAP_SEX_AGE_RT","SEX_T","AGE_5YRBANDS_YGE15","2015",41.354,,,,"R1:3513"
"IRN","BA:675","EAP_DWAP_SEX_AGE_RT","SEX_T","AGE_5YRBANDS_Y15-19","2015",11.045,,,,"R1:3513"
"IRN","BA:675","EAP_DWAP_SEX_AGE_RT","SEX_T","AGE_5YRBANDS_Y20-24","2015",37.218,,,,"R1:3513"
"IRN","BA:675","EAP_DWAP_SEX_AGE_RT","SEX_T","AGE_5YRBANDS_Y25-29","2015",53.615,,,,"R1:3513"
"IRN","BA:675","EAP_DWAP_SEX_AGE_RT","SEX_T","AGE_5YRBANDS_Y30-34","2015",55.904,,,,"R1:3513"
"IRN","BA:675","EAP_DWAP_SEX_AGE_RT","SEX_T","AGE_5YRBANDS_Y35-39","2015",55.753,,,,"R1:3513"
"IRN","BA:675","EAP_DWAP_SEX_AGE_RT","SEX_T","AGE_5YRBANDS_Y40-44","2015",55.49,,,,"R1:3513"
"IRN","BA:675","EAP_DWAP_SEX_AGE_RT","SEX_T","AGE_5YRBANDS_Y45-49","2015",50.182,,,,"R1:3513"
"IRN","BA:675","EAP_DWAP_SEX_AGE_RT","SEX_T","AGE_5YRBANDS_Y50-54","2015",41.203,,,,"R1:3513"
"IRN","BA:675","EAP_DWAP_SEX_AGE_RT","SEX_T","AGE_5YRBANDS_Y55-59","2015",31.965,,,,"R1:3513"
"IRN","BA:675","EAP_DWAP_SEX_AGE_RT","SEX_T","AGE_5YRBANDS_Y60-64","2015",22.229,,,,"R1:3513"
"IRN","BA:675","EAP_DWAP_SEX_AGE_RT","SEX_T","AGE_5YRBANDS_YGE65","2015",11.185,,,,"R1:3513"
"IRN","BA:675","EAP_DWAP_SEX_AGE_RT","SEX_M","AGE_5YRBANDS_YGE15","2015",68.59,,,,"R1:3513"
"IRN","BA:675","EAP_DWAP_SEX_AGE_RT","SEX_M","AGE_5YRBANDS_Y15-19","2015",17.532,,,,"R1:3513"
"IRN","BA:675","EAP_DWAP_SEX_AGE_RT","SEX_M","AGE_5YRBANDS_Y20-24","2015",59.94,,,,"R1:3513"
"IRN","BA:675","EAP_DWAP_SEX_AGE_RT","SEX_M","AGE_5YRBANDS_Y25-29","2015",85.446,,,,"R1:3513"
"IRN","BA:675","EAP_DWAP_SEX_AGE_RT","SEX_M","AGE_5YRBANDS_Y30-34","2015",91.839,,,,"R1:3513"
"IRN","BA:675","EAP_DWAP_SEX_AGE_RT","SEX_M","AGE_5YRBANDS_Y35-39","2015",92.914,,,,"R1:3513"
"IRN","BA:675","EAP_DWAP_SEX_AGE_RT","SEX_M","AGE_5YRBANDS_Y40-44","2015",91.921,,,,"R1:3513"
"IRN","BA:675","EAP_DWAP_SEX_AGE_RT","SEX_M","AGE_5YRBANDS_Y45-49","2015",85.28,,,,"R1:3513"
"IRN","BA:675","EAP_DWAP_SEX_AGE_RT","SEX_M","AGE_5YRBANDS_Y50-54","2015",71.048,,,,"R1:3513"
"IRN","BA:675","EAP_DWAP_SEX_AGE_RT","SEX_M","AGE_5YRBANDS_Y55-59","2015",56.941,,,,"R1:3513"
"IRN","BA:675","EAP_DWAP_SEX_AGE_RT","SEX_M","AGE_5YRBANDS_Y60-64","2015",38.584,,,,"R1:3513"
"IRN","BA:675","EAP_DWAP_SEX_AGE_RT","SEX_M","AGE_5YRBANDS_YGE65","2015",21.244,,,,"R1:3513"
"IRN","BA:675","EAP_DWAP_SEX_AGE_RT","SEX_F","AGE_5YRBANDS_YGE15","2015",14.414,,,,"R1:3513"
"IRN","BA:675","EAP_DWAP_SEX_AGE_RT","SEX_F","AGE_5YRBANDS_Y15-19","2015",4.12,,,,"R1:3513"
"IRN","BA:675","EAP_DWAP_SEX_AGE_RT","SEX_F","AGE_5YRBANDS_Y20-24","2015",14.272,,,,"R1:3513"
"IRN","BA:675","EAP_DWAP_SEX_AGE_RT","SEX_F","AGE_5YRBANDS_Y25-29","2015",21.996,,,,"R1:3513"
"IRN","BA:675","EAP_DWAP_SEX_AGE_RT","SEX_F","AGE_5YRBANDS_Y30-34","2015",20.541,,,,"R1:3513"
"IRN","BA:675","EAP_DWAP_SEX_AGE_RT","SEX_F","AGE_5YRBANDS_Y35-39","2015",19.968,,,,"R1:3513"
"IRN","BA:675","EAP_DWAP_SEX_AGE_RT","SEX_F","AGE_5YRBANDS_Y40-44","2015",19.314,,,,"R1:3513"
"IRN","BA:675","EAP_DWAP_SEX_AGE_RT","SEX_F","AGE_5YRBANDS_Y45-49","2015",16.457,,,,"R1:3513"
"IRN","BA:675","EAP_DWAP_SEX_AGE_RT","SEX_F","AGE_5YRBANDS_Y50-54","2015",10.835,,,,"R1:3513"
"IRN","BA:675","EAP_DWAP_SEX_AGE_RT","SEX_F","AGE_5YRBANDS_Y55-59","2015",7.866,,,,"R1:3513"
"IRN","BA:675","EAP_DWAP_SEX_AGE_RT","SEX_F","AGE_5YRBANDS_Y60-64","2015",5.758,,,,"R1:3513"
"IRN","BA:675","EAP_DWAP_SEX_AGE_RT","SEX_F","AGE_5YRBANDS_YGE65","2015",1.965,,,,"R1:3513"
"IRN","BA:675","EAP_DWAP_SEX_AGE_RT","SEX_T","AGE_YTHADULT_YGE15","2014",40.227,,,,"R1:3513"
"IRN","BA:675","EAP_DWAP_SEX_AGE_RT","SEX_T","AGE_YTHADULT_Y15-64","2014",42.593,,,,"R1:3513"
"IRN","BA:675","EAP_DWAP_SEX_AGE_RT","SEX_T","AGE_YTHADULT_Y15-24","2014",24.568,,,,"R1:3513"
"IRN","BA:675","EAP_DWAP_SEX_AGE_RT","SEX_T","AGE_YTHADULT_YGE25","2014",44.4,,,,"R1:3513"
"IRN","BA:675","EAP_DWAP_SEX_AGE_RT","SEX_M","AGE_YTHADULT_YGE15","2014",67.76,,,,"R1:3513"
"IRN","BA:675","EAP_DWAP_SEX_AGE_RT","SEX_M","AGE_YTHADULT_Y15-64","2014",71.452,,,,"R1:3513"
"IRN","BA:675","EAP_DWAP_SEX_AGE_RT","SEX_M","AGE_YTHADULT_Y15-24","2014",40.164,,,,"R1:3513"
"IRN","BA:675","EAP_DWAP_SEX_AGE_RT","SEX_M","AGE_YTHADULT_YGE25","2014",75.287,,,,"R1:3513"
"IRN","BA:675","EAP_DWAP_SEX_AGE_RT","SEX_F","AGE_YTHADULT_YGE15","2014",13.053,,,,"R1:3513"
"IRN","BA:675","EAP_DWAP_SEX_AGE_RT","SEX_F","AGE_YTHADULT_Y15-64","2014",13.983,,,,"R1:3513"
"IRN","BA:675","EAP_DWAP_SEX_AGE_RT","SEX_F","AGE_YTHADULT_Y15-24","2014",8.602,,,,"R1:3513"
"IRN","BA:675","EAP_DWAP_SEX_AGE_RT","SEX_F","AGE_YTHADULT_YGE25","2014",14.212,,,,"R1:3513"
"IRN","BA:675","EAP_DWAP_SEX_AGE_RT","SEX_T","AGE_AGGREGATE_YGE15","2014",40.227,,,,"R1:3513"
"IRN","BA:675","EAP_DWAP_SEX_AGE_RT","SEX_T","AGE_AGGREGATE_Y15-24","2014",24.568,,,,"R1:3513"
"IRN","BA:675","EAP_DWAP_SEX_AGE_RT","SEX_T","AGE_AGGREGATE_Y25-54","2014",51.559,,,,"R1:3513"
"IRN","BA:675","EAP_DWAP_SEX_AGE_RT","SEX_T","AGE_AGGREGATE_Y55-64","2014",26.767,,,,"R1:3513"
"IRN","BA:675","EAP_DWAP_SEX_AGE_RT","SEX_T","AGE_AGGREGATE_YGE65","2014",10.896,,,,"R1:3513"
"IRN","BA:675","EAP_DWAP_SEX_AGE_RT","SEX_M","AGE_AGGREGATE_YGE15","2014",67.76,,,,"R1:3513"
"IRN","BA:675","EAP_DWAP_SEX_AGE_RT","SEX_M","AGE_AGGREGATE_Y15-24","2014",40.164,,,,"R1:3513"
"IRN","BA:675","EAP_DWAP_SEX_AGE_RT","SEX_M","AGE_AGGREGATE_Y25-54","2014",86.588,,,,"R1:3513"
"IRN","BA:675","EAP_DWAP_SEX_AGE_RT","SEX_M","AGE_AGGREGATE_Y55-64","2014",47.929,,,,"R1:3513"
"IRN","BA:675","EAP_DWAP_SEX_AGE_RT","SEX_M","AGE_AGGREGATE_YGE65","2014",20.571,,,,"R1:3513"
"IRN","BA:675","EAP_DWAP_SEX_AGE_RT","SEX_F","AGE_AGGREGATE_YGE15","2014",13.053,,,,"R1:3513"
"IRN","BA:675","EAP_DWAP_SEX_AGE_RT","SEX_F","AGE_AGGREGATE_Y15-24","2014",8.602,,,,"R1:3513"
"IRN","BA:675","EAP_DWAP_SEX_AGE_RT","SEX_F","AGE_AGGREGATE_Y25-54","2014",17.212,,,,"R1:3513"
"IRN","BA:675","EAP_DWAP_SEX_AGE_RT","SEX_F","AGE_AGGREGATE_Y55-64","2014",5.8,,,,"R1:3513"
"IRN","BA:675","EAP_DWAP_SEX_AGE_RT","SEX_F","AGE_AGGREGATE_YGE65","2014",1.862,,,,"R1:3513"
"IRN","BA:675","EAP_DWAP_SEX_AGE_RT","SEX_T","AGE_10YRBANDS_YGE15","2014",40.227,,,,"R1:3513"
"IRN","BA:675","EAP_DWAP_SEX_AGE_RT","SEX_T","AGE_10YRBANDS_Y15-24","2014",24.568,,,,"R1:3513"
"IRN","BA:675","EAP_DWAP_SEX_AGE_RT","SEX_T","AGE_10YRBANDS_Y25-34","2014",53.582,,,,"R1:3513"
"IRN","BA:675","EAP_DWAP_SEX_AGE_RT","SEX_T","AGE_10YRBANDS_Y35-44","2014",54.832,,,,"R1:3513"
"IRN","BA:675","EAP_DWAP_SEX_AGE_RT","SEX_T","AGE_10YRBANDS_Y45-54","2014",44.011,,,,"R1:3513"
"IRN","BA:675","EAP_DWAP_SEX_AGE_RT","SEX_T","AGE_10YRBANDS_Y55-64","2014",26.767,,,,"R1:3513"
"IRN","BA:675","EAP_DWAP_SEX_AGE_RT","SEX_T","AGE_10YRBANDS_YGE65","2014",10.896,,,,"R1:3513"
"IRN","BA:675","EAP_DWAP_SEX_AGE_RT","SEX_M","AGE_10YRBANDS_YGE15","2014",67.76,,,,"R1:3513"
"IRN","BA:675","EAP_DWAP_SEX_AGE_RT","SEX_M","AGE_10YRBANDS_Y15-24","2014",40.164,,,,"R1:3513"
"IRN","BA:675","EAP_DWAP_SEX_AGE_RT","SEX_M","AGE_10YRBANDS_Y25-34","2014",88.029,,,,"R1:3513"
"IRN","BA:675","EAP_DWAP_SEX_AGE_RT","SEX_M","AGE_10YRBANDS_Y35-44","2014",92.408,,,,"R1:3513"
"IRN","BA:675","EAP_DWAP_SEX_AGE_RT","SEX_M","AGE_10YRBANDS_Y45-54","2014",76.796,,,,"R1:3513"
"IRN","BA:675","EAP_DWAP_SEX_AGE_RT","SEX_M","AGE_10YRBANDS_Y55-64","2014",47.929,,,,"R1:3513"
"IRN","BA:675","EAP_DWAP_SEX_AGE_RT","SEX_M","AGE_10YRBANDS_YGE65","2014",20.571,,,,"R1:3513"
"IRN","BA:675","EAP_DWAP_SEX_AGE_RT","SEX_F","AGE_10YRBANDS_YGE15","2014",13.053,,,,"R1:3513"
"IRN","BA:675","EAP_DWAP_SEX_AGE_RT","SEX_F","AGE_10YRBANDS_Y15-24","2014",8.602,,,,"R1:3513"
"IRN","BA:675","EAP_DWAP_SEX_AGE_RT","SEX_F","AGE_10YRBANDS_Y25-34","2014",19.589,,,,"R1:3513"
"IRN","BA:675","EAP_DWAP_SEX_AGE_RT","SEX_F","AGE_10YRBANDS_Y35-44","2014",18.053,,,,"R1:3513"
"IRN","BA:675","EAP_DWAP_SEX_AGE_RT","SEX_F","AGE_10YRBANDS_Y45-54","2014",12.141,,,,"R1:3513"
"IRN","BA:675","EAP_DWAP_SEX_AGE_RT","SEX_F","AGE_10YRBANDS_Y55-64","2014",5.8,,,,"R1:3513"
"IRN","BA:675","EAP_DWAP_SEX_AGE_RT","SEX_F","AGE_10YRBANDS_YGE65","2014",1.862,,,,"R1:3513"
"IRN","BA:675","EAP_DWAP_SEX_AGE_RT","SEX_T","AGE_5YRBANDS_YGE15","2014",40.227,,,,"R1:3513"
"IRN","BA:675","EAP_DWAP_SEX_AGE_RT","SEX_T","AGE_5YRBANDS_Y15-19","2014",11.282,,,,"R1:3513"
"IRN","BA:675","EAP_DWAP_SEX_AGE_RT","SEX_T","AGE_5YRBANDS_Y20-24","2014",35.689,,,,"R1:3513"
"IRN","BA:675","EAP_DWAP_SEX_AGE_RT","SEX_T","AGE_5YRBANDS_Y25-29","2014",51.952,,,,"R1:3513"
"IRN","BA:675","EAP_DWAP_SEX_AGE_RT","SEX_T","AGE_5YRBANDS_Y30-34","2014",55.318,,,,"R1:3513"
"IRN","BA:675","EAP_DWAP_SEX_AGE_RT","SEX_T","AGE_5YRBANDS_Y35-39","2014",54.911,,,,"R1:3513"
"IRN","BA:675","EAP_DWAP_SEX_AGE_RT","SEX_T","AGE_5YRBANDS_Y40-44","2014",54.743,,,,"R1:3513"
"IRN","BA:675","EAP_DWAP_SEX_AGE_RT","SEX_T","AGE_5YRBANDS_Y45-49","2014",48.607,,,,"R1:3513"
"IRN","BA:675","EAP_DWAP_SEX_AGE_RT","SEX_T","AGE_5YRBANDS_Y50-54","2014",38.998,,,,"R1:3513"
"IRN","BA:675","EAP_DWAP_SEX_AGE_RT","SEX_T","AGE_5YRBANDS_Y55-59","2014",31.228,,,,"R1:3513"
"IRN","BA:675","EAP_DWAP_SEX_AGE_RT","SEX_T","AGE_5YRBANDS_Y60-64","2014",21.084,,,,"R1:3513"
"IRN","BA:675","EAP_DWAP_SEX_AGE_RT","SEX_T","AGE_5YRBANDS_YGE65","2014",10.896,,,,"R1:3513"
"IRN","BA:675","EAP_DWAP_SEX_AGE_RT","SEX_M","AGE_5YRBANDS_YGE15","2014",67.76,,,,"R1:3513"
"IRN","BA:675","EAP_DWAP_SEX_AGE_RT","SEX_M","AGE_5YRBANDS_Y15-19","2014",18.166,,,,"R1:3513"
"IRN","BA:675","EAP_DWAP_SEX_AGE_RT","SEX_M","AGE_5YRBANDS_Y20-24","2014",59.091,,,,"R1:3513"
"IRN","BA:675","EAP_DWAP_SEX_AGE_RT","SEX_M","AGE_5YRBANDS_Y25-29","2014",84.182,,,,"R1:3513"
"IRN","BA:675","EAP_DWAP_SEX_AGE_RT","SEX_M","AGE_5YRBANDS_Y30-34","2014",92.16,,,,"R1:3513"
"IRN","BA:675","EAP_DWAP_SEX_AGE_RT","SEX_M","AGE_5YRBANDS_Y35-39","2014",93.449,,,,"R1:3513"
"IRN","BA:675","EAP_DWAP_SEX_AGE_RT","SEX_M","AGE_5YRBANDS_Y40-44","2014",91.285,,,,"R1:3513"
"IRN","BA:675","EAP_DWAP_SEX_AGE_RT","SEX_M","AGE_5YRBANDS_Y45-49","2014",84.238,,,,"R1:3513"
"IRN","BA:675","EAP_DWAP_SEX_AGE_RT","SEX_M","AGE_5YRBANDS_Y50-54","2014",68.782,,,,"R1:3513"
"IRN","BA:675","EAP_DWAP_SEX_AGE_RT","SEX_M","AGE_5YRBANDS_Y55-59","2014",55.817,,,,"R1:3513"
"IRN","BA:675","EAP_DWAP_SEX_AGE_RT","SEX_M","AGE_5YRBANDS_Y60-64","2014",37.719,,,,"R1:3513"
"IRN","BA:675","EAP_DWAP_SEX_AGE_RT","SEX_M","AGE_5YRBANDS_YGE65","2014",20.571,,,,"R1:3513"
"IRN","BA:675","EAP_DWAP_SEX_AGE_RT","SEX_F","AGE_5YRBANDS_YGE15","2014",13.053,,,,"R1:3513"
"IRN","BA:675","EAP_DWAP_SEX_AGE_RT","SEX_F","AGE_5YRBANDS_Y15-19","2014",4.017,,,,"R1:3513"
"IRN","BA:675","EAP_DWAP_SEX_AGE_RT","SEX_F","AGE_5YRBANDS_Y20-24","2014",12.332,,,,"R1:3513"
"IRN","BA:675","EAP_DWAP_SEX_AGE_RT","SEX_F","AGE_5YRBANDS_Y25-29","2014",19.875,,,,"R1:3513"
"IRN","BA:675","EAP_DWAP_SEX_AGE_RT","SEX_F","AGE_5YRBANDS_Y30-34","2014",19.287,,,,"R1:3513"
"IRN","BA:675","EAP_DWAP_SEX_AGE_RT","SEX_F","AGE_5YRBANDS_Y35-39","2014",18.573,,,,"R1:3513"
"IRN","BA:675","EAP_DWAP_SEX_AGE_RT","SEX_F","AGE_5YRBANDS_Y40-44","2014",17.445,,,,"R1:3513"
"IRN","BA:675","EAP_DWAP_SEX_AGE_RT","SEX_F","AGE_5YRBANDS_Y45-49","2014",14.385,,,,"R1:3513"
"IRN","BA:675","EAP_DWAP_SEX_AGE_RT","SEX_F","AGE_5YRBANDS_Y50-54","2014",9.664,,,,"R1:3513"
"IRN","BA:675","EAP_DWAP_SEX_AGE_RT","SEX_F","AGE_5YRBANDS_Y55-59","2014",6.525,,,,"R1:3513"
"IRN","BA:675","EAP_DWAP_SEX_AGE_RT","SEX_F","AGE_5YRBANDS_Y60-64","2014",4.891,,,,"R1:3513"
"IRN","BA:675","EAP_DWAP_SEX_AGE_RT","SEX_F","AGE_5YRBANDS_YGE65","2014",1.862,,,,"R1:3513"
"IRN","BA:675","EAP_DWAP_SEX_AGE_RT","SEX_T","AGE_YTHADULT_YGE15","2013",40.538,,,,"R1:3513"
"IRN","BA:675","EAP_DWAP_SEX_AGE_RT","SEX_T","AGE_YTHADULT_Y15-64","2013",42.829,,,,"R1:3513"
"IRN","BA:675","EAP_DWAP_SEX_AGE_RT","SEX_T","AGE_YTHADULT_Y15-24","2013",25.884,,,,"R1:3513"
"IRN","BA:675","EAP_DWAP_SEX_AGE_RT","SEX_T","AGE_YTHADULT_YGE25","2013",44.765,,,,"R1:3513"
"IRN","BA:675","EAP_DWAP_SEX_AGE_RT","SEX_M","AGE_YTHADULT_YGE15","2013",67.912,,,,"R1:3513"
"IRN","BA:675","EAP_DWAP_SEX_AGE_RT","SEX_M","AGE_YTHADULT_Y15-64","2013",71.494,,,,"R1:3513"
"IRN","BA:675","EAP_DWAP_SEX_AGE_RT","SEX_M","AGE_YTHADULT_Y15-24","2013",41.767,,,,"R1:3513"
"IRN","BA:675","EAP_DWAP_SEX_AGE_RT","SEX_M","AGE_YTHADULT_YGE25","2013",75.608,,,,"R1:3513"
"IRN","BA:675","EAP_DWAP_SEX_AGE_RT","SEX_F","AGE_YTHADULT_YGE15","2013",13.413,,,,"R1:3513"
"IRN","BA:675","EAP_DWAP_SEX_AGE_RT","SEX_F","AGE_YTHADULT_Y15-64","2013",14.339,,,,"R1:3513"
"IRN","BA:675","EAP_DWAP_SEX_AGE_RT","SEX_F","AGE_YTHADULT_Y15-24","2013",9.638,,,,"R1:3513"
"IRN","BA:675","EAP_DWAP_SEX_AGE_RT","SEX_F","AGE_YTHADULT_YGE25","2013",14.48,,,,"R1:3513"
"IRN","BA:675","EAP_DWAP_SEX_AGE_RT","SEX_T","AGE_AGGREGATE_YGE15","2013",40.538,,,,"R1:3513"
"IRN","BA:675","EAP_DWAP_SEX_AGE_RT","SEX_T","AGE_AGGREGATE_Y15-24","2013",25.884,,,,"R1:3513"
"IRN","BA:675","EAP_DWAP_SEX_AGE_RT","SEX_T","AGE_AGGREGATE_Y25-54","2013",51.715,,,,"R1:3513"
"IRN","BA:675","EAP_DWAP_SEX_AGE_RT","SEX_T","AGE_AGGREGATE_Y55-64","2013",26.931,,,,"R1:3513"
"IRN","BA:675","EAP_DWAP_SEX_AGE_RT","SEX_T","AGE_AGGREGATE_YGE65","2013",12.112,,,,"R1:3513"
"IRN","BA:675","EAP_DWAP_SEX_AGE_RT","SEX_M","AGE_AGGREGATE_YGE15","2013",67.912,,,,"R1:3513"
"IRN","BA:675","EAP_DWAP_SEX_AGE_RT","SEX_M","AGE_AGGREGATE_Y15-24","2013",41.767,,,,"R1:3513"
"IRN","BA:675","EAP_DWAP_SEX_AGE_RT","SEX_M","AGE_AGGREGATE_Y25-54","2013",86.623,,,,"R1:3513"
"IRN","BA:675","EAP_DWAP_SEX_AGE_RT","SEX_M","AGE_AGGREGATE_Y55-64","2013",47.755,,,,"R1:3513"
"IRN","BA:675","EAP_DWAP_SEX_AGE_RT","SEX_M","AGE_AGGREGATE_YGE65","2013",22.548,,,,"R1:3513"
"IRN","BA:675","EAP_DWAP_SEX_AGE_RT","SEX_F","AGE_AGGREGATE_YGE15","2013",13.413,,,,"R1:3513"
"IRN","BA:675","EAP_DWAP_SEX_AGE_RT","SEX_F","AGE_AGGREGATE_Y15-24","2013",9.638,,,,"R1:3513"
"IRN","BA:675","EAP_DWAP_SEX_AGE_RT","SEX_F","AGE_AGGREGATE_Y25-54","2013",17.35,,,,"R1:3513"
"IRN","BA:675","EAP_DWAP_SEX_AGE_RT","SEX_F","AGE_AGGREGATE_Y55-64","2013",6.367,,,,"R1:3513"
"IRN","BA:675","EAP_DWAP_SEX_AGE_RT","SEX_F","AGE_AGGREGATE_YGE65","2013",2.151,,,,"R1:3513"
"IRN","BA:675","EAP_DWAP_SEX_AGE_RT","SEX_T","AGE_10YRBANDS_YGE15","2013",40.538,,,,"R1:3513"
"IRN","BA:675","EAP_DWAP_SEX_AGE_RT","SEX_T","AGE_10YRBANDS_Y15-24","2013",25.884,,,,"R1:3513"
"IRN","BA:675","EAP_DWAP_SEX_AGE_RT","SEX_T","AGE_10YRBANDS_Y25-34","2013",53.622,,,,"R1:3513"
"IRN","BA:675","EAP_DWAP_SEX_AGE_RT","SEX_T","AGE_10YRBANDS_Y35-44","2013",54.8,,,,"R1:3513"
"IRN","BA:675","EAP_DWAP_SEX_AGE_RT","SEX_T","AGE_10YRBANDS_Y45-54","2013",44.354,,,,"R1:3513"
"IRN","BA:675","EAP_DWAP_SEX_AGE_RT","SEX_T","AGE_10YRBANDS_Y55-64","2013",26.931,,,,"R1:3513"
"IRN","BA:675","EAP_DWAP_SEX_AGE_RT","SEX_T","AGE_10YRBANDS_YGE65","2013",12.112,,,,"R1:3513"
"IRN","BA:675","EAP_DWAP_SEX_AGE_RT","SEX_M","AGE_10YRBANDS_YGE15","2013",67.912,,,,"R1:3513"
"IRN","BA:675","EAP_DWAP_SEX_AGE_RT","SEX_M","AGE_10YRBANDS_Y15-24","2013",41.767,,,,"R1:3513"
"IRN","BA:675","EAP_DWAP_SEX_AGE_RT","SEX_M","AGE_10YRBANDS_Y25-34","2013",87.868,,,,"R1:3513"
"IRN","BA:675","EAP_DWAP_SEX_AGE_RT","SEX_M","AGE_10YRBANDS_Y35-44","2013",92.254,,,,"R1:3513"
"IRN","BA:675","EAP_DWAP_SEX_AGE_RT","SEX_M","AGE_10YRBANDS_Y45-54","2013",77.151,,,,"R1:3513"
"IRN","BA:675","EAP_DWAP_SEX_AGE_RT","SEX_M","AGE_10YRBANDS_Y55-64","2013",47.755,,,,"R1:3513"
"IRN","BA:675","EAP_DWAP_SEX_AGE_RT","SEX_M","AGE_10YRBANDS_YGE65","2013",22.548,,,,"R1:3513"
"IRN","BA:675","EAP_DWAP_SEX_AGE_RT","SEX_F","AGE_10YRBANDS_YGE15","2013",13.413,,,,"R1:3513"
"IRN","BA:675","EAP_DWAP_SEX_AGE_RT","SEX_F","AGE_10YRBANDS_Y15-24","2013",9.638,,,,"R1:3513"
"IRN","BA:675","EAP_DWAP_SEX_AGE_RT","SEX_F","AGE_10YRBANDS_Y25-34","2013",20.033,,,,"R1:3513"
"IRN","BA:675","EAP_DWAP_SEX_AGE_RT","SEX_F","AGE_10YRBANDS_Y35-44","2013",17.708,,,,"R1:3513"
"IRN","BA:675","EAP_DWAP_SEX_AGE_RT","SEX_F","AGE_10YRBANDS_Y45-54","2013",12.098,,,,"R1:3513"
"IRN","BA:675","EAP_DWAP_SEX_AGE_RT","SEX_F","AGE_10YRBANDS_Y55-64","2013",6.367,,,,"R1:3513"
"IRN","BA:675","EAP_DWAP_SEX_AGE_RT","SEX_F","AGE_10YRBANDS_YGE65","2013",2.151,,,,"R1:3513"
"IRN","BA:675","EAP_DWAP_SEX_AGE_RT","SEX_T","AGE_5YRBANDS_YGE15","2013",40.538,,,,"R1:3513"
"IRN","BA:675","EAP_DWAP_SEX_AGE_RT","SEX_T","AGE_5YRBANDS_Y15-19","2013",11.816,,,,"R1:3513"
"IRN","BA:675","EAP_DWAP_SEX_AGE_RT","SEX_T","AGE_5YRBANDS_Y20-24","2013",37.127,,,,"R1:3513"
"IRN","BA:675","EAP_DWAP_SEX_AGE_RT","SEX_T","AGE_5YRBANDS_Y25-29","2013",52.013,,,,"R1:3513"
"IRN","BA:675","EAP_DWAP_SEX_AGE_RT","SEX_T","AGE_5YRBANDS_Y30-34","2013",55.432,,,,"R1:3513"
"IRN","BA:675","EAP_DWAP_SEX_AGE_RT","SEX_T","AGE_5YRBANDS_Y35-39","2013",55.093,,,,"R1:3513"
"IRN","BA:675","EAP_DWAP_SEX_AGE_RT","SEX_T","AGE_5YRBANDS_Y40-44","2013",54.475,,,,"R1:3513"
"IRN","BA:675","EAP_DWAP_SEX_AGE_RT","SEX_T","AGE_5YRBANDS_Y45-49","2013",48.878,,,,"R1:3513"
"IRN","BA:675","EAP_DWAP_SEX_AGE_RT","SEX_T","AGE_5YRBANDS_Y50-54","2013",39.355,,,,"R1:3513"
"IRN","BA:675","EAP_DWAP_SEX_AGE_RT","SEX_T","AGE_5YRBANDS_Y55-59","2013",30.896,,,,"R1:3513"
"IRN","BA:675","EAP_DWAP_SEX_AGE_RT","SEX_T","AGE_5YRBANDS_Y60-64","2013",21.765,,,,"R1:3513"
"IRN","BA:675","EAP_DWAP_SEX_AGE_RT","SEX_T","AGE_5YRBANDS_YGE65","2013",12.112,,,,"R1:3513"
"IRN","BA:675","EAP_DWAP_SEX_AGE_RT","SEX_M","AGE_5YRBANDS_YGE15","2013",67.912,,,,"R1:3513"
"IRN","BA:675","EAP_DWAP_SEX_AGE_RT","SEX_M","AGE_5YRBANDS_Y15-19","2013",19.07,,,,"R1:3513"
"IRN","BA:675","EAP_DWAP_SEX_AGE_RT","SEX_M","AGE_5YRBANDS_Y20-24","2013",60.285,,,,"R1:3513"
"IRN","BA:675","EAP_DWAP_SEX_AGE_RT","SEX_M","AGE_5YRBANDS_Y25-29","2013",84.556,,,,"R1:3513"
"IRN","BA:675","EAP_DWAP_SEX_AGE_RT","SEX_M","AGE_5YRBANDS_Y30-34","2013",91.591,,,,"R1:3513"
"IRN","BA:675","EAP_DWAP_SEX_AGE_RT","SEX_M","AGE_5YRBANDS_Y35-39","2013",93.178,,,,"R1:3513"
"IRN","BA:675","EAP_DWAP_SEX_AGE_RT","SEX_M","AGE_5YRBANDS_Y40-44","2013",91.25,,,,"R1:3513"
"IRN","BA:675","EAP_DWAP_SEX_AGE_RT","SEX_M","AGE_5YRBANDS_Y45-49","2013",84.45,,,,"R1:3513"
"IRN","BA:675","EAP_DWAP_SEX_AGE_RT","SEX_M","AGE_5YRBANDS_Y50-54","2013",69.276,,,,"R1:3513"
"IRN","BA:675","EAP_DWAP_SEX_AGE_RT","SEX_M","AGE_5YRBANDS_Y55-59","2013",54.94,,,,"R1:3513"
"IRN","BA:675","EAP_DWAP_SEX_AGE_RT","SEX_M","AGE_5YRBANDS_Y60-64","2013",38.329,,,,"R1:3513"
"IRN","BA:675","EAP_DWAP_SEX_AGE_RT","SEX_M","AGE_5YRBANDS_YGE65","2013",22.548,,,,"R1:3513"
"IRN","BA:675","EAP_DWAP_SEX_AGE_RT","SEX_F","AGE_5YRBANDS_YGE15","2013",13.413,,,,"R1:3513"
"IRN","BA:675","EAP_DWAP_SEX_AGE_RT","SEX_F","AGE_5YRBANDS_Y15-19","2013",4.222,,,,"R1:3513"
"IRN","BA:675","EAP_DWAP_SEX_AGE_RT","SEX_F","AGE_5YRBANDS_Y20-24","2013",13.875,,,,"R1:3513"
"IRN","BA:675","EAP_DWAP_SEX_AGE_RT","SEX_F","AGE_5YRBANDS_Y25-29","2013",20.096,,,,"R1:3513"
"IRN","BA:675","EAP_DWAP_SEX_AGE_RT","SEX_F","AGE_5YRBANDS_Y30-34","2013",19.963,,,,"R1:3513"
"IRN","BA:675","EAP_DWAP_SEX_AGE_RT","SEX_F","AGE_5YRBANDS_Y35-39","2013",18.029,,,,"R1:3513"
"IRN","BA:675","EAP_DWAP_SEX_AGE_RT","SEX_F","AGE_5YRBANDS_Y40-44","2013",17.345,,,,"R1:3513"
"IRN","BA:675","EAP_DWAP_SEX_AGE_RT","SEX_F","AGE_5YRBANDS_Y45-49","2013",14.669,,,,"R1:3513"
"IRN","BA:675","EAP_DWAP_SEX_AGE_RT","SEX_F","AGE_5YRBANDS_Y50-54","2013",9.191,,,,"R1:3513"
"IRN","BA:675","EAP_DWAP_SEX_AGE_RT","SEX_F","AGE_5YRBANDS_Y55-59","2013",7.008,,,,"R1:3513"
"IRN","BA:675","EAP_DWAP_SEX_AGE_RT","SEX_F","AGE_5YRBANDS_Y60-64","2013",5.537,,,,"R1:3513"
"IRN","BA:675","EAP_DWAP_SEX_AGE_RT","SEX_F","AGE_5YRBANDS_YGE65","2013",2.151,,,,"R1:3513"
"IRN","BA:675","EAP_DWAP_SEX_AGE_RT","SEX_T","AGE_YTHADULT_YGE15","2012",40.559,,,,"R1:3513"
"IRN","BA:675","EAP_DWAP_SEX_AGE_RT","SEX_T","AGE_YTHADULT_Y15-64","2012",42.816,,,,"R1:3513"
"IRN","BA:675","EAP_DWAP_SEX_AGE_RT","SEX_T","AGE_YTHADULT_Y15-24","2012",27.873,,,,"R1:3513"
"IRN","BA:675","EAP_DWAP_SEX_AGE_RT","SEX_T","AGE_YTHADULT_YGE25","2012",44.632,,,,"R1:3513"
"IRN","BA:675","EAP_DWAP_SEX_AGE_RT","SEX_M","AGE_YTHADULT_YGE15","2012",66.462,,,,"R1:3513"
"IRN","BA:675","EAP_DWAP_SEX_AGE_RT","SEX_M","AGE_YTHADULT_Y15-64","2012",69.939,,,,"R1:3513"
"IRN","BA:675","EAP_DWAP_SEX_AGE_RT","SEX_M","AGE_YTHADULT_Y15-24","2012",42.782,,,,"R1:3513"
"IRN","BA:675","EAP_DWAP_SEX_AGE_RT","SEX_M","AGE_YTHADULT_YGE25","2012",74.612,,,,"R1:3513"
"IRN","BA:675","EAP_DWAP_SEX_AGE_RT","SEX_F","AGE_YTHADULT_YGE15","2012",14.874,,,,"R1:3513"
"IRN","BA:675","EAP_DWAP_SEX_AGE_RT","SEX_F","AGE_YTHADULT_Y15-64","2012",15.886,,,,"R1:3513"
"IRN","BA:675","EAP_DWAP_SEX_AGE_RT","SEX_F","AGE_YTHADULT_Y15-24","2012",11.421,,,,"R1:3513"
"IRN","BA:675","EAP_DWAP_SEX_AGE_RT","SEX_F","AGE_YTHADULT_YGE25","2012",15.906,,,,"R1:3513"
"IRN","BA:675","EAP_DWAP_SEX_AGE_RT","SEX_T","AGE_AGGREGATE_YGE15","2012",40.559,,,,"R1:3513"
"IRN","BA:675","EAP_DWAP_SEX_AGE_RT","SEX_T","AGE_AGGREGATE_Y15-24","2012",27.873,,,,"R1:3513"
"IRN","BA:675","EAP_DWAP_SEX_AGE_RT","SEX_T","AGE_AGGREGATE_Y25-54","2012",51.783,,,,"R1:3513"
"IRN","BA:675","EAP_DWAP_SEX_AGE_RT","SEX_T","AGE_AGGREGATE_Y55-64","2012",27.882,,,,"R1:3513"
"IRN","BA:675","EAP_DWAP_SEX_AGE_RT","SEX_T","AGE_AGGREGATE_YGE65","2012",12.802,,,,"R1:3513"
"IRN","BA:675","EAP_DWAP_SEX_AGE_RT","SEX_M","AGE_AGGREGATE_YGE15","2012",66.462,,,,"R1:3513"
"IRN","BA:675","EAP_DWAP_SEX_AGE_RT","SEX_M","AGE_AGGREGATE_Y15-24","2012",42.782,,,,"R1:3513"
"IRN","BA:675","EAP_DWAP_SEX_AGE_RT","SEX_M","AGE_AGGREGATE_Y25-54","2012",86.193,,,,"R1:3513"
"IRN","BA:675","EAP_DWAP_SEX_AGE_RT","SEX_M","AGE_AGGREGATE_Y55-64","2012",48.356,,,,"R1:3513"
"IRN","BA:675","EAP_DWAP_SEX_AGE_RT","SEX_M","AGE_AGGREGATE_YGE65","2012",23.325,,,,"R1:3513"
"IRN","BA:675","EAP_DWAP_SEX_AGE_RT","SEX_F","AGE_AGGREGATE_YGE15","2012",14.874,,,,"R1:3513"
"IRN","BA:675","EAP_DWAP_SEX_AGE_RT","SEX_F","AGE_AGGREGATE_Y15-24","2012",11.421,,,,"R1:3513"
"IRN","BA:675","EAP_DWAP_SEX_AGE_RT","SEX_F","AGE_AGGREGATE_Y25-54","2012",19.084,,,,"R1:3513"
"IRN","BA:675","EAP_DWAP_SEX_AGE_RT","SEX_F","AGE_AGGREGATE_Y55-64","2012",7.607,,,,"R1:3513"
"IRN","BA:675","EAP_DWAP_SEX_AGE_RT","SEX_F","AGE_AGGREGATE_YGE65","2012",2.536,,,,"R1:3513"
"IRN","BA:675","EAP_DWAP_SEX_AGE_RT","SEX_T","AGE_10YRBANDS_YGE15","2012",40.559,,,,"R1:3513"
"IRN","BA:675","EAP_DWAP_SEX_AGE_RT","SEX_T","AGE_10YRBANDS_Y15-24","2012",27.873,,,,"R1:3513"
"IRN","BA:675","EAP_DWAP_SEX_AGE_RT","SEX_T","AGE_10YRBANDS_Y25-34","2012",54.863,,,,"R1:3513"
"IRN","BA:675","EAP_DWAP_SEX_AGE_RT","SEX_T","AGE_10YRBANDS_Y35-44","2012",54.491,,,,"R1:3513"
"IRN","BA:675","EAP_DWAP_SEX_AGE_RT","SEX_T","AGE_10YRBANDS_Y45-54","2012",44,,,,"R1:3513"
"IRN","BA:675","EAP_DWAP_SEX_AGE_RT","SEX_T","AGE_10YRBANDS_Y55-64","2012",27.882,,,,"R1:3513"
"IRN","BA:675","EAP_DWAP_SEX_AGE_RT","SEX_T","AGE_10YRBANDS_YGE65","2012",12.802,,,,"R1:3513"
"IRN","BA:675","EAP_DWAP_SEX_AGE_RT","SEX_M","AGE_10YRBANDS_YGE15","2012",66.462,,,,"R1:3513"
"IRN","BA:675","EAP_DWAP_SEX_AGE_RT","SEX_M","AGE_10YRBANDS_Y15-24","2012",42.782,,,,"R1:3513"
"IRN","BA:675","EAP_DWAP_SEX_AGE_RT","SEX_M","AGE_10YRBANDS_Y25-34","2012",87.481,,,,"R1:3513"
"IRN","BA:675","EAP_DWAP_SEX_AGE_RT","SEX_M","AGE_10YRBANDS_Y35-44","2012",92.228,,,,"R1:3513"
"IRN","BA:675","EAP_DWAP_SEX_AGE_RT","SEX_M","AGE_10YRBANDS_Y45-54","2012",77.226,,,,"R1:3513"
"IRN","BA:675","EAP_DWAP_SEX_AGE_RT","SEX_M","AGE_10YRBANDS_Y55-64","2012",48.356,,,,"R1:3513"
"IRN","BA:675","EAP_DWAP_SEX_AGE_RT","SEX_M","AGE_10YRBANDS_YGE65","2012",23.325,,,,"R1:3513"
"IRN","BA:675","EAP_DWAP_SEX_AGE_RT","SEX_F","AGE_10YRBANDS_YGE15","2012",14.874,,,,"R1:3513"
"IRN","BA:675","EAP_DWAP_SEX_AGE_RT","SEX_F","AGE_10YRBANDS_Y15-24","2012",11.421,,,,"R1:3513"
"IRN","BA:675","EAP_DWAP_SEX_AGE_RT","SEX_F","AGE_10YRBANDS_Y25-34","2012",23.106,,,,"R1:3513"
"IRN","BA:675","EAP_DWAP_SEX_AGE_RT","SEX_F","AGE_10YRBANDS_Y35-44","2012",19.64,,,,"R1:3513"
"IRN","BA:675","EAP_DWAP_SEX_AGE_RT","SEX_F","AGE_10YRBANDS_Y45-54","2012",12.507,,,,"R1:3513"
"IRN","BA:675","EAP_DWAP_SEX_AGE_RT","SEX_F","AGE_10YRBANDS_Y55-64","2012",7.607,,,,"R1:3513"
"IRN","BA:675","EAP_DWAP_SEX_AGE_RT","SEX_F","AGE_10YRBANDS_YGE65","2012",2.536,,,,"R1:3513"
"IRN","BA:675","EAP_DWAP_SEX_AGE_RT","SEX_T","AGE_5YRBANDS_YGE15","2012",40.559,,,,"R1:3513"
"IRN","BA:675","EAP_DWAP_SEX_AGE_RT","SEX_T","AGE_5YRBANDS_Y15-19","2012",13.752,,,,"R1:3513"
"IRN","BA:675","EAP_DWAP_SEX_AGE_RT","SEX_T","AGE_5YRBANDS_Y20-24","2012",40.345,,,,"R1:3513"
"IRN","BA:675","EAP_DWAP_SEX_AGE_RT","SEX_T","AGE_5YRBANDS_Y25-29","2012",54.462,,,,"R1:3513"
"IRN","BA:675","EAP_DWAP_SEX_AGE_RT","SEX_T","AGE_5YRBANDS_Y30-34","2012",55.336,,,,"R1:3513"
"IRN","BA:675","EAP_DWAP_SEX_AGE_RT","SEX_T","AGE_5YRBANDS_Y35-39","2012",54.621,,,,"R1:3513"
"IRN","BA:675","EAP_DWAP_SEX_AGE_RT","SEX_T","AGE_5YRBANDS_Y40-44","2012",54.356,,,,"R1:3513"
"IRN","BA:675","EAP_DWAP_SEX_AGE_RT","SEX_T","AGE_5YRBANDS_Y45-49","2012",48.314,,,,"R1:3513"
"IRN","BA:675","EAP_DWAP_SEX_AGE_RT","SEX_T","AGE_5YRBANDS_Y50-54","2012",39.262,,,,"R1:3513"
"IRN","BA:675","EAP_DWAP_SEX_AGE_RT","SEX_T","AGE_5YRBANDS_Y55-59","2012",32.022,,,,"R1:3513"
"IRN","BA:675","EAP_DWAP_SEX_AGE_RT","SEX_T","AGE_5YRBANDS_Y60-64","2012",22.124,,,,"R1:3513"
"IRN","BA:675","EAP_DWAP_SEX_AGE_RT","SEX_T","AGE_5YRBANDS_YGE65","2012",12.802,,,,"R1:3513"
"IRN","BA:675","EAP_DWAP_SEX_AGE_RT","SEX_M","AGE_5YRBANDS_YGE15","2012",66.462,,,,"R1:3513"
"IRN","BA:675","EAP_DWAP_SEX_AGE_RT","SEX_M","AGE_5YRBANDS_Y15-19","2012",21.406,,,,"R1:3513"
"IRN","BA:675","EAP_DWAP_SEX_AGE_RT","SEX_M","AGE_5YRBANDS_Y20-24","2012",61.415,,,,"R1:3513"
"IRN","BA:675","EAP_DWAP_SEX_AGE_RT","SEX_M","AGE_5YRBANDS_Y25-29","2012",83.455,,,,"R1:3513"
"IRN","BA:675","EAP_DWAP_SEX_AGE_RT","SEX_M","AGE_5YRBANDS_Y30-34","2012",92.542,,,,"R1:3513"
"IRN","BA:675","EAP_DWAP_SEX_AGE_RT","SEX_M","AGE_5YRBANDS_Y35-39","2012",92.844,,,,"R1:3513"
"IRN","BA:675","EAP_DWAP_SEX_AGE_RT","SEX_M","AGE_5YRBANDS_Y40-44","2012",91.63,,,,"R1:3513"
"IRN","BA:675","EAP_DWAP_SEX_AGE_RT","SEX_M","AGE_5YRBANDS_Y45-49","2012",82.799,,,,"R1:3513"
"IRN","BA:675","EAP_DWAP_SEX_AGE_RT","SEX_M","AGE_5YRBANDS_Y50-54","2012",71.037,,,,"R1:3513"
"IRN","BA:675","EAP_DWAP_SEX_AGE_RT","SEX_M","AGE_5YRBANDS_Y55-59","2012",55.723,,,,"R1:3513"
"IRN","BA:675","EAP_DWAP_SEX_AGE_RT","SEX_M","AGE_5YRBANDS_Y60-64","2012",38.289,,,,"R1:3513"
"IRN","BA:675","EAP_DWAP_SEX_AGE_RT","SEX_M","AGE_5YRBANDS_YGE65","2012",23.325,,,,"R1:3513"
"IRN","BA:675","EAP_DWAP_SEX_AGE_RT","SEX_F","AGE_5YRBANDS_YGE15","2012",14.874,,,,"R1:3513"
"IRN","BA:675","EAP_DWAP_SEX_AGE_RT","SEX_F","AGE_5YRBANDS_Y15-19","2012",5.429,,,,"R1:3513"
"IRN","BA:675","EAP_DWAP_SEX_AGE_RT","SEX_F","AGE_5YRBANDS_Y20-24","2012",16.79,,,,"R1:3513"
"IRN","BA:675","EAP_DWAP_SEX_AGE_RT","SEX_F","AGE_5YRBANDS_Y25-29","2012",24.494,,,,"R1:3513"
"IRN","BA:675","EAP_DWAP_SEX_AGE_RT","SEX_F","AGE_5YRBANDS_Y30-34","2012",21.574,,,,"R1:3513"
"IRN","BA:675","EAP_DWAP_SEX_AGE_RT","SEX_F","AGE_5YRBANDS_Y35-39","2012",21.153,,,,"R1:3513"
"IRN","BA:675","EAP_DWAP_SEX_AGE_RT","SEX_F","AGE_5YRBANDS_Y40-44","2012",18,,,,"R1:3513"
"IRN","BA:675","EAP_DWAP_SEX_AGE_RT","SEX_F","AGE_5YRBANDS_Y45-49","2012",15.287,,,,"R1:3513"
"IRN","BA:675","EAP_DWAP_SEX_AGE_RT","SEX_F","AGE_5YRBANDS_Y50-54","2012",9.485,,,,"R1:3513"
"IRN","BA:675","EAP_DWAP_SEX_AGE_RT","SEX_F","AGE_5YRBANDS_Y55-59","2012",8.895,,,,"R1:3513"
"IRN","BA:675","EAP_DWAP_SEX_AGE_RT","SEX_F","AGE_5YRBANDS_Y60-64","2012",5.786,,,,"R1:3513"
"IRN","BA:675","EAP_DWAP_SEX_AGE_RT","SEX_F","AGE_5YRBANDS_YGE65","2012",2.536,,,,"R1:3513"
"IRN","BA:675","EAP_DWAP_SEX_AGE_RT","SEX_T","AGE_YTHADULT_YGE15","2011",39.988,,,,"R1:3513"
"IRN","BA:675","EAP_DWAP_SEX_AGE_RT","SEX_T","AGE_YTHADULT_Y15-64","2011",41.877,,,,"R1:3513"
"IRN","BA:675","EAP_DWAP_SEX_AGE_RT","SEX_T","AGE_YTHADULT_Y15-24","2011",27.047,,,,"R1:3513"
"IRN","BA:675","EAP_DWAP_SEX_AGE_RT","SEX_T","AGE_YTHADULT_YGE25","2011",44.508,,,,"R1:3513"
"IRN","BA:675","EAP_DWAP_SEX_AGE_RT","SEX_M","AGE_YTHADULT_YGE15","2011",66.073,,,,"R1:3513"
"IRN","BA:675","EAP_DWAP_SEX_AGE_RT","SEX_M","AGE_YTHADULT_Y15-64","2011",69.053,,,,"R1:3513"
"IRN","BA:675","EAP_DWAP_SEX_AGE_RT","SEX_M","AGE_YTHADULT_Y15-24","2011",41.944,,,,"R1:3513"
"IRN","BA:675","EAP_DWAP_SEX_AGE_RT","SEX_M","AGE_YTHADULT_YGE25","2011",75.092,,,,"R1:3513"
"IRN","BA:675","EAP_DWAP_SEX_AGE_RT","SEX_F","AGE_YTHADULT_YGE15","2011",13.749,,,,"R1:3513"
"IRN","BA:675","EAP_DWAP_SEX_AGE_RT","SEX_F","AGE_YTHADULT_Y15-64","2011",14.538,,,,"R1:3513"
"IRN","BA:675","EAP_DWAP_SEX_AGE_RT","SEX_F","AGE_YTHADULT_Y15-24","2011",10.441,,,,"R1:3513"
"IRN","BA:675","EAP_DWAP_SEX_AGE_RT","SEX_F","AGE_YTHADULT_YGE25","2011",14.826,,,,"R1:3513"
"IRN","BA:675","EAP_DWAP_SEX_AGE_RT","SEX_T","AGE_AGGREGATE_YGE15","2011",39.988,,,,"R1:3513"
"IRN","BA:675","EAP_DWAP_SEX_AGE_RT","SEX_T","AGE_AGGREGATE_Y15-24","2011",27.047,,,,"R1:3513"
"IRN","BA:675","EAP_DWAP_SEX_AGE_RT","SEX_T","AGE_AGGREGATE_Y25-54","2011",50.839,,,,"R1:3513"
"IRN","BA:675","EAP_DWAP_SEX_AGE_RT","SEX_T","AGE_AGGREGATE_Y55-64","2011",27.811,,,,"R1:3513"
"IRN","BA:675","EAP_DWAP_SEX_AGE_RT","SEX_T","AGE_AGGREGATE_YGE65","2011",12.939,,,,"R1:3513"
"IRN","BA:675","EAP_DWAP_SEX_AGE_RT","SEX_M","AGE_AGGREGATE_YGE15","2011",66.073,,,,"R1:3513"
"IRN","BA:675","EAP_DWAP_SEX_AGE_RT","SEX_M","AGE_AGGREGATE_Y15-24","2011",41.944,,,,"R1:3513"
"IRN","BA:675","EAP_DWAP_SEX_AGE_RT","SEX_M","AGE_AGGREGATE_Y25-54","2011",85.383,,,,"R1:3513"
"IRN","BA:675","EAP_DWAP_SEX_AGE_RT","SEX_M","AGE_AGGREGATE_Y55-64","2011",49.14,,,,"R1:3513"
"IRN","BA:675","EAP_DWAP_SEX_AGE_RT","SEX_M","AGE_AGGREGATE_YGE65","2011",23.372,,,,"R1:3513"
"IRN","BA:675","EAP_DWAP_SEX_AGE_RT","SEX_F","AGE_AGGREGATE_YGE15","2011",13.749,,,,"R1:3513"
"IRN","BA:675","EAP_DWAP_SEX_AGE_RT","SEX_F","AGE_AGGREGATE_Y15-24","2011",10.441,,,,"R1:3513"
"IRN","BA:675","EAP_DWAP_SEX_AGE_RT","SEX_F","AGE_AGGREGATE_Y25-54","2011",17.497,,,,"R1:3513"
"IRN","BA:675","EAP_DWAP_SEX_AGE_RT","SEX_F","AGE_AGGREGATE_Y55-64","2011",6.905,,,,"R1:3513"
"IRN","BA:675","EAP_DWAP_SEX_AGE_RT","SEX_F","AGE_AGGREGATE_YGE65","2011",2.459,,,,"R1:3513"
"IRN","BA:675","EAP_DWAP_SEX_AGE_RT","SEX_T","AGE_10YRBANDS_YGE15","2011",39.988,,,,"R1:3513"
"IRN","BA:675","EAP_DWAP_SEX_AGE_RT","SEX_T","AGE_10YRBANDS_Y15-24","2011",27.047,,,,"R1:3513"
"IRN","BA:675","EAP_DWAP_SEX_AGE_RT","SEX_T","AGE_10YRBANDS_Y25-34","2011",53.281,,,,"R1:3513"
"IRN","BA:675","EAP_DWAP_SEX_AGE_RT","SEX_T","AGE_10YRBANDS_Y35-44","2011",53.177,,,,"R1:3513"
"IRN","BA:675","EAP_DWAP_SEX_AGE_RT","SEX_T","AGE_10YRBANDS_Y45-54","2011",44.321,,,,"R1:3513"
"IRN","BA:675","EAP_DWAP_SEX_AGE_RT","SEX_T","AGE_10YRBANDS_Y55-64","2011",27.811,,,,"R1:3513"
"IRN","BA:675","EAP_DWAP_SEX_AGE_RT","SEX_T","AGE_10YRBANDS_YGE65","2011",12.939,,,,"R1:3513"
"IRN","BA:675","EAP_DWAP_SEX_AGE_RT","SEX_M","AGE_10YRBANDS_YGE15","2011",66.073,,,,"R1:3513"
"IRN","BA:675","EAP_DWAP_SEX_AGE_RT","SEX_M","AGE_10YRBANDS_Y15-24","2011",41.944,,,,"R1:3513"
"IRN","BA:675","EAP_DWAP_SEX_AGE_RT","SEX_M","AGE_10YRBANDS_Y25-34","2011",86.268,,,,"R1:3513"
"IRN","BA:675","EAP_DWAP_SEX_AGE_RT","SEX_M","AGE_10YRBANDS_Y35-44","2011",92.207,,,,"R1:3513"
"IRN","BA:675","EAP_DWAP_SEX_AGE_RT","SEX_M","AGE_10YRBANDS_Y45-54","2011",76.298,,,,"R1:3513"
"IRN","BA:675","EAP_DWAP_SEX_AGE_RT","SEX_M","AGE_10YRBANDS_Y55-64","2011",49.14,,,,"R1:3513"
"IRN","BA:675","EAP_DWAP_SEX_AGE_RT","SEX_M","AGE_10YRBANDS_YGE65","2011",23.372,,,,"R1:3513"
"IRN","BA:675","EAP_DWAP_SEX_AGE_RT","SEX_F","AGE_10YRBANDS_YGE15","2011",13.749,,,,"R1:3513"
"IRN","BA:675","EAP_DWAP_SEX_AGE_RT","SEX_F","AGE_10YRBANDS_Y15-24","2011",10.441,,,,"R1:3513"
"IRN","BA:675","EAP_DWAP_SEX_AGE_RT","SEX_F","AGE_10YRBANDS_Y25-34","2011",21.012,,,,"R1:3513"
"IRN","BA:675","EAP_DWAP_SEX_AGE_RT","SEX_F","AGE_10YRBANDS_Y35-44","2011",17.564,,,,"R1:3513"
"IRN","BA:675","EAP_DWAP_SEX_AGE_RT","SEX_F","AGE_10YRBANDS_Y45-54","2011",11.972,,,,"R1:3513"
"IRN","BA:675","EAP_DWAP_SEX_AGE_RT","SEX_F","AGE_10YRBANDS_Y55-64","2011",6.905,,,,"R1:3513"
"IRN","BA:675","EAP_DWAP_SEX_AGE_RT","SEX_F","AGE_10YRBANDS_YGE65","2011",2.459,,,,"R1:3513"
"IRN","BA:675","EAP_DWAP_SEX_AGE_RT","SEX_T","AGE_5YRBANDS_YGE15","2011",39.988,,,,"R1:3513"
"IRN","BA:675","EAP_DWAP_SEX_AGE_RT","SEX_T","AGE_5YRBANDS_Y15-19","2011",13.702,,,,"R1:3513"
"IRN","BA:675","EAP_DWAP_SEX_AGE_RT","SEX_T","AGE_5YRBANDS_Y20-24","2011",39.323,,,,"R1:3513"
"IRN","BA:675","EAP_DWAP_SEX_AGE_RT","SEX_T","AGE_5YRBANDS_Y25-29","2011",52.479,,,,"R1:3513"
"IRN","BA:675","EAP_DWAP_SEX_AGE_RT","SEX_T","AGE_5YRBANDS_Y30-34","2011",54.248,,,,"R1:3513"
"IRN","BA:675","EAP_DWAP_SEX_AGE_RT","SEX_T","AGE_5YRBANDS_Y35-39","2011",54.453,,,,"R1:3513"
"IRN","BA:675","EAP_DWAP_SEX_AGE_RT","SEX_T","AGE_5YRBANDS_Y40-44","2011",51.874,,,,"R1:3513"
"IRN","BA:675","EAP_DWAP_SEX_AGE_RT","SEX_T","AGE_5YRBANDS_Y45-49","2011",48.153,,,,"R1:3513"
"IRN","BA:675","EAP_DWAP_SEX_AGE_RT","SEX_T","AGE_5YRBANDS_Y50-54","2011",39.957,,,,"R1:3513"
"IRN","BA:675","EAP_DWAP_SEX_AGE_RT","SEX_T","AGE_5YRBANDS_Y55-59","2011",31.528,,,,"R1:3513"
"IRN","BA:675","EAP_DWAP_SEX_AGE_RT","SEX_T","AGE_5YRBANDS_Y60-64","2011",22.625,,,,"R1:3513"
"IRN","BA:675","EAP_DWAP_SEX_AGE_RT","SEX_T","AGE_5YRBANDS_YGE65","2011",12.939,,,,"R1:3513"
"IRN","BA:675","EAP_DWAP_SEX_AGE_RT","SEX_M","AGE_5YRBANDS_YGE15","2011",66.073,,,,"R1:3513"
"IRN","BA:675","EAP_DWAP_SEX_AGE_RT","SEX_M","AGE_5YRBANDS_Y15-19","2011",21.579,,,,"R1:3513"
"IRN","BA:675","EAP_DWAP_SEX_AGE_RT","SEX_M","AGE_5YRBANDS_Y20-24","2011",60.484,,,,"R1:3513"
"IRN","BA:675","EAP_DWAP_SEX_AGE_RT","SEX_M","AGE_5YRBANDS_Y25-29","2011",81.692,,,,"R1:3513"
"IRN","BA:675","EAP_DWAP_SEX_AGE_RT","SEX_M","AGE_5YRBANDS_Y30-34","2011",92.22,,,,"R1:3513"
"IRN","BA:675","EAP_DWAP_SEX_AGE_RT","SEX_M","AGE_5YRBANDS_Y35-39","2011",93.684,,,,"R1:3513"
"IRN","BA:675","EAP_DWAP_SEX_AGE_RT","SEX_M","AGE_5YRBANDS_Y40-44","2011",90.705,,,,"R1:3513"
"IRN","BA:675","EAP_DWAP_SEX_AGE_RT","SEX_M","AGE_5YRBANDS_Y45-49","2011",82.019,,,,"R1:3513"
"IRN","BA:675","EAP_DWAP_SEX_AGE_RT","SEX_M","AGE_5YRBANDS_Y50-54","2011",69.774,,,,"R1:3513"
"IRN","BA:675","EAP_DWAP_SEX_AGE_RT","SEX_M","AGE_5YRBANDS_Y55-59","2011",56.1,,,,"R1:3513"
"IRN","BA:675","EAP_DWAP_SEX_AGE_RT","SEX_M","AGE_5YRBANDS_Y60-64","2011",39.645,,,,"R1:3513"
"IRN","BA:675","EAP_DWAP_SEX_AGE_RT","SEX_M","AGE_5YRBANDS_YGE65","2011",23.372,,,,"R1:3513"
"IRN","BA:675","EAP_DWAP_SEX_AGE_RT","SEX_F","AGE_5YRBANDS_YGE15","2011",13.749,,,,"R1:3513"
"IRN","BA:675","EAP_DWAP_SEX_AGE_RT","SEX_F","AGE_5YRBANDS_Y15-19","2011",5.022,,,,"R1:3513"
"IRN","BA:675","EAP_DWAP_SEX_AGE_RT","SEX_F","AGE_5YRBANDS_Y20-24","2011",15.485,,,,"R1:3513"
"IRN","BA:675","EAP_DWAP_SEX_AGE_RT","SEX_F","AGE_5YRBANDS_Y25-29","2011",21.912,,,,"R1:3513"
"IRN","BA:675","EAP_DWAP_SEX_AGE_RT","SEX_F","AGE_5YRBANDS_Y30-34","2011",20.003,,,,"R1:3513"
"IRN","BA:675","EAP_DWAP_SEX_AGE_RT","SEX_F","AGE_5YRBANDS_Y35-39","2011",18.788,,,,"R1:3513"
"IRN","BA:675","EAP_DWAP_SEX_AGE_RT","SEX_F","AGE_5YRBANDS_Y40-44","2011",16.311,,,,"R1:3513"
"IRN","BA:675","EAP_DWAP_SEX_AGE_RT","SEX_F","AGE_5YRBANDS_Y45-49","2011",13.845,,,,"R1:3513"
"IRN","BA:675","EAP_DWAP_SEX_AGE_RT","SEX_F","AGE_5YRBANDS_Y50-54","2011",9.843,,,,"R1:3513"
"IRN","BA:675","EAP_DWAP_SEX_AGE_RT","SEX_F","AGE_5YRBANDS_Y55-59","2011",7.889,,,,"R1:3513"
"IRN","BA:675","EAP_DWAP_SEX_AGE_RT","SEX_F","AGE_5YRBANDS_Y60-64","2011",5.502,,,,"R1:3513"
"IRN","BA:675","EAP_DWAP_SEX_AGE_RT","SEX_F","AGE_5YRBANDS_YGE65","2011",2.459,,,,"R1:3513"
"IRN","BA:675","EAP_DWAP_SEX_AGE_RT","SEX_T","AGE_YTHADULT_YGE15","2010",41.595,,,,"R1:3513"
"IRN","BA:675","EAP_DWAP_SEX_AGE_RT","SEX_T","AGE_YTHADULT_Y15-64","2010",43.513,,,,"R1:3513"
"IRN","BA:675","EAP_DWAP_SEX_AGE_RT","SEX_T","AGE_YTHADULT_Y15-24","2010",29.18,,,,"R1:3513"
"IRN","BA:675","EAP_DWAP_SEX_AGE_RT","SEX_T","AGE_YTHADULT_YGE25","2010",46.309,,,,"R1:3513"
"IRN","BA:675","EAP_DWAP_SEX_AGE_RT","SEX_M","AGE_YTHADULT_YGE15","2010",67.841,,,,"R1:3513"
"IRN","BA:675","EAP_DWAP_SEX_AGE_RT","SEX_M","AGE_YTHADULT_Y15-64","2010",70.871,,,,"R1:3513"
"IRN","BA:675","EAP_DWAP_SEX_AGE_RT","SEX_M","AGE_YTHADULT_Y15-24","2010",45.084,,,,"R1:3513"
"IRN","BA:675","EAP_DWAP_SEX_AGE_RT","SEX_M","AGE_YTHADULT_YGE25","2010",76.843,,,,"R1:3513"
"IRN","BA:675","EAP_DWAP_SEX_AGE_RT","SEX_F","AGE_YTHADULT_YGE15","2010",15.259,,,,"R1:3513"
"IRN","BA:675","EAP_DWAP_SEX_AGE_RT","SEX_F","AGE_YTHADULT_Y15-64","2010",16.104,,,,"R1:3513"
"IRN","BA:675","EAP_DWAP_SEX_AGE_RT","SEX_F","AGE_YTHADULT_Y15-24","2010",12.229,,,,"R1:3513"
"IRN","BA:675","EAP_DWAP_SEX_AGE_RT","SEX_F","AGE_YTHADULT_YGE25","2010",16.362,,,,"R1:3513"
"IRN","BA:675","EAP_DWAP_SEX_AGE_RT","SEX_T","AGE_AGGREGATE_YGE15","2010",41.595,,,,"R1:3513"
"IRN","BA:675","EAP_DWAP_SEX_AGE_RT","SEX_T","AGE_AGGREGATE_Y15-24","2010",29.18,,,,"R1:3513"
"IRN","BA:675","EAP_DWAP_SEX_AGE_RT","SEX_T","AGE_AGGREGATE_Y25-54","2010",52.575,,,,"R1:3513"
"IRN","BA:675","EAP_DWAP_SEX_AGE_RT","SEX_T","AGE_AGGREGATE_Y55-64","2010",30.472,,,,"R1:3513"
"IRN","BA:675","EAP_DWAP_SEX_AGE_RT","SEX_T","AGE_AGGREGATE_YGE65","2010",14.537,,,,"R1:3513"
"IRN","BA:675","EAP_DWAP_SEX_AGE_RT","SEX_M","AGE_AGGREGATE_YGE15","2010",67.841,,,,"R1:3513"
"IRN","BA:675","EAP_DWAP_SEX_AGE_RT","SEX_M","AGE_AGGREGATE_Y15-24","2010",45.084,,,,"R1:3513"
"IRN","BA:675","EAP_DWAP_SEX_AGE_RT","SEX_M","AGE_AGGREGATE_Y25-54","2010",86.886,,,,"R1:3513"
"IRN","BA:675","EAP_DWAP_SEX_AGE_RT","SEX_M","AGE_AGGREGATE_Y55-64","2010",52.948,,,,"R1:3513"
"IRN","BA:675","EAP_DWAP_SEX_AGE_RT","SEX_M","AGE_AGGREGATE_YGE65","2010",25.598,,,,"R1:3513"
"IRN","BA:675","EAP_DWAP_SEX_AGE_RT","SEX_F","AGE_AGGREGATE_YGE15","2010",15.259,,,,"R1:3513"
"IRN","BA:675","EAP_DWAP_SEX_AGE_RT","SEX_F","AGE_AGGREGATE_Y15-24","2010",12.229,,,,"R1:3513"
"IRN","BA:675","EAP_DWAP_SEX_AGE_RT","SEX_F","AGE_AGGREGATE_Y25-54","2010",19.178,,,,"R1:3513"
"IRN","BA:675","EAP_DWAP_SEX_AGE_RT","SEX_F","AGE_AGGREGATE_Y55-64","2010",8.108,,,,"R1:3513"
"IRN","BA:675","EAP_DWAP_SEX_AGE_RT","SEX_F","AGE_AGGREGATE_YGE65","2010",3.189,,,,"R1:3513"
"IRN","BA:675","EAP_DWAP_SEX_AGE_RT","SEX_T","AGE_10YRBANDS_YGE15","2010",41.595,,,,"R1:3513"
"IRN","BA:675","EAP_DWAP_SEX_AGE_RT","SEX_T","AGE_10YRBANDS_Y15-24","2010",29.18,,,,"R1:3513"
"IRN","BA:675","EAP_DWAP_SEX_AGE_RT","SEX_T","AGE_10YRBANDS_Y25-34","2010",55.387,,,,"R1:3513"
"IRN","BA:675","EAP_DWAP_SEX_AGE_RT","SEX_T","AGE_10YRBANDS_Y35-44","2010",54.516,,,,"R1:3513"
"IRN","BA:675","EAP_DWAP_SEX_AGE_RT","SEX_T","AGE_10YRBANDS_Y45-54","2010",45.757,,,,"R1:3513"
"IRN","BA:675","EAP_DWAP_SEX_AGE_RT","SEX_T","AGE_10YRBANDS_Y55-64","2010",30.472,,,,"R1:3513"
"IRN","BA:675","EAP_DWAP_SEX_AGE_RT","SEX_T","AGE_10YRBANDS_YGE65","2010",14.537,,,,"R1:3513"
"IRN","BA:675","EAP_DWAP_SEX_AGE_RT","SEX_M","AGE_10YRBANDS_YGE15","2010",67.841,,,,"R1:3513"
"IRN","BA:675","EAP_DWAP_SEX_AGE_RT","SEX_M","AGE_10YRBANDS_Y15-24","2010",45.084,,,,"R1:3513"
"IRN","BA:675","EAP_DWAP_SEX_AGE_RT","SEX_M","AGE_10YRBANDS_Y25-34","2010",88.44,,,,"R1:3513"
"IRN","BA:675","EAP_DWAP_SEX_AGE_RT","SEX_M","AGE_10YRBANDS_Y35-44","2010",92.118,,,,"R1:3513"
"IRN","BA:675","EAP_DWAP_SEX_AGE_RT","SEX_M","AGE_10YRBANDS_Y45-54","2010",78.214,,,,"R1:3513"
"IRN","BA:675","EAP_DWAP_SEX_AGE_RT","SEX_M","AGE_10YRBANDS_Y55-64","2010",52.948,,,,"R1:3513"
"IRN","BA:675","EAP_DWAP_SEX_AGE_RT","SEX_M","AGE_10YRBANDS_YGE65","2010",25.598,,,,"R1:3513"
"IRN","BA:675","EAP_DWAP_SEX_AGE_RT","SEX_F","AGE_10YRBANDS_YGE15","2010",15.259,,,,"R1:3513"
"IRN","BA:675","EAP_DWAP_SEX_AGE_RT","SEX_F","AGE_10YRBANDS_Y15-24","2010",12.229,,,,"R1:3513"
"IRN","BA:675","EAP_DWAP_SEX_AGE_RT","SEX_F","AGE_10YRBANDS_Y25-34","2010",23.218,,,,"R1:3513"
"IRN","BA:675","EAP_DWAP_SEX_AGE_RT","SEX_F","AGE_10YRBANDS_Y35-44","2010",18.869,,,,"R1:3513"
"IRN","BA:675","EAP_DWAP_SEX_AGE_RT","SEX_F","AGE_10YRBANDS_Y45-54","2010",13.116,,,,"R1:3513"
"IRN","BA:675","EAP_DWAP_SEX_AGE_RT","SEX_F","AGE_10YRBANDS_Y55-64","2010",8.108,,,,"R1:3513"
"IRN","BA:675","EAP_DWAP_SEX_AGE_RT","SEX_F","AGE_10YRBANDS_YGE65","2010",3.189,,,,"R1:3513"
"IRN","BA:675","EAP_DWAP_SEX_AGE_RT","SEX_T","AGE_5YRBANDS_YGE15","2010",41.595,,,,"R1:3513"
"IRN","BA:675","EAP_DWAP_SEX_AGE_RT","SEX_T","AGE_5YRBANDS_Y15-19","2010",15.576,,,,"R1:3513"
"IRN","BA:675","EAP_DWAP_SEX_AGE_RT","SEX_T","AGE_5YRBANDS_Y20-24","2010",42.074,,,,"R1:3513"
"IRN","BA:675","EAP_DWAP_SEX_AGE_RT","SEX_T","AGE_5YRBANDS_Y25-29","2010",54.952,,,,"R1:3513"
"IRN","BA:675","EAP_DWAP_SEX_AGE_RT","SEX_T","AGE_5YRBANDS_Y30-34","2010",55.937,,,,"R1:3513"
"IRN","BA:675","EAP_DWAP_SEX_AGE_RT","SEX_T","AGE_5YRBANDS_Y35-39","2010",55.601,,,,"R1:3513"
"IRN","BA:675","EAP_DWAP_SEX_AGE_RT","SEX_T","AGE_5YRBANDS_Y40-44","2010",53.342,,,,"R1:3513"
"IRN","BA:675","EAP_DWAP_SEX_AGE_RT","SEX_T","AGE_5YRBANDS_Y45-49","2010",49.703,,,,"R1:3513"
"IRN","BA:675","EAP_DWAP_SEX_AGE_RT","SEX_T","AGE_5YRBANDS_Y50-54","2010",41.032,,,,"R1:3513"
"IRN","BA:675","EAP_DWAP_SEX_AGE_RT","SEX_T","AGE_5YRBANDS_Y55-59","2010",33.063,,,,"R1:3513"
"IRN","BA:675","EAP_DWAP_SEX_AGE_RT","SEX_T","AGE_5YRBANDS_Y60-64","2010",26.721,,,,"R1:3513"
"IRN","BA:675","EAP_DWAP_SEX_AGE_RT","SEX_T","AGE_5YRBANDS_YGE65","2010",14.537,,,,"R1:3513"
"IRN","BA:675","EAP_DWAP_SEX_AGE_RT","SEX_M","AGE_5YRBANDS_YGE15","2010",67.841,,,,"R1:3513"
"IRN","BA:675","EAP_DWAP_SEX_AGE_RT","SEX_M","AGE_5YRBANDS_Y15-19","2010",24.142,,,,"R1:3513"
"IRN","BA:675","EAP_DWAP_SEX_AGE_RT","SEX_M","AGE_5YRBANDS_Y20-24","2010",65.286,,,,"R1:3513"
"IRN","BA:675","EAP_DWAP_SEX_AGE_RT","SEX_M","AGE_5YRBANDS_Y25-29","2010",85.398,,,,"R1:3513"
"IRN","BA:675","EAP_DWAP_SEX_AGE_RT","SEX_M","AGE_5YRBANDS_Y30-34","2010",92.481,,,,"R1:3513"
"IRN","BA:675","EAP_DWAP_SEX_AGE_RT","SEX_M","AGE_5YRBANDS_Y35-39","2010",93.4,,,,"R1:3513"
"IRN","BA:675","EAP_DWAP_SEX_AGE_RT","SEX_M","AGE_5YRBANDS_Y40-44","2010",90.701,,,,"R1:3513"
"IRN","BA:675","EAP_DWAP_SEX_AGE_RT","SEX_M","AGE_5YRBANDS_Y45-49","2010",83.812,,,,"R1:3513"
"IRN","BA:675","EAP_DWAP_SEX_AGE_RT","SEX_M","AGE_5YRBANDS_Y50-54","2010",71.381,,,,"R1:3513"
"IRN","BA:675","EAP_DWAP_SEX_AGE_RT","SEX_M","AGE_5YRBANDS_Y55-59","2010",58.039,,,,"R1:3513"
"IRN","BA:675","EAP_DWAP_SEX_AGE_RT","SEX_M","AGE_5YRBANDS_Y60-64","2010",45.797,,,,"R1:3513"
"IRN","BA:675","EAP_DWAP_SEX_AGE_RT","SEX_M","AGE_5YRBANDS_YGE65","2010",25.598,,,,"R1:3513"
"IRN","BA:675","EAP_DWAP_SEX_AGE_RT","SEX_F","AGE_5YRBANDS_YGE15","2010",15.259,,,,"R1:3513"
"IRN","BA:675","EAP_DWAP_SEX_AGE_RT","SEX_F","AGE_5YRBANDS_Y15-19","2010",6.274,,,,"R1:3513"
"IRN","BA:675","EAP_DWAP_SEX_AGE_RT","SEX_F","AGE_5YRBANDS_Y20-24","2010",17.769,,,,"R1:3513"
"IRN","BA:675","EAP_DWAP_SEX_AGE_RT","SEX_F","AGE_5YRBANDS_Y25-29","2010",24.012,,,,"R1:3513"
"IRN","BA:675","EAP_DWAP_SEX_AGE_RT","SEX_F","AGE_5YRBANDS_Y30-34","2010",22.26,,,,"R1:3513"
"IRN","BA:675","EAP_DWAP_SEX_AGE_RT","SEX_F","AGE_5YRBANDS_Y35-39","2010",19.049,,,,"R1:3513"
"IRN","BA:675","EAP_DWAP_SEX_AGE_RT","SEX_F","AGE_5YRBANDS_Y40-44","2010",18.677,,,,"R1:3513"
"IRN","BA:675","EAP_DWAP_SEX_AGE_RT","SEX_F","AGE_5YRBANDS_Y45-49","2010",14.793,,,,"R1:3513"
"IRN","BA:675","EAP_DWAP_SEX_AGE_RT","SEX_F","AGE_5YRBANDS_Y50-54","2010",11.147,,,,"R1:3513"
"IRN","BA:675","EAP_DWAP_SEX_AGE_RT","SEX_F","AGE_5YRBANDS_Y55-59","2010",8.82,,,,"R1:3513"
"IRN","BA:675","EAP_DWAP_SEX_AGE_RT","SEX_F","AGE_5YRBANDS_Y60-64","2010",7.046,,,,"R1:3513"
"IRN","BA:675","EAP_DWAP_SEX_AGE_RT","SEX_F","AGE_5YRBANDS_YGE65","2010",3.189,,,,"R1:3513"
"IRN","BA:675","EAP_DWAP_SEX_AGE_RT","SEX_T","AGE_YTHADULT_YGE15","2009",42.369,,,,"R1:3513"
"IRN","BA:675","EAP_DWAP_SEX_AGE_RT","SEX_T","AGE_YTHADULT_Y15-64","2009",44.183,,,,"R1:3513"
"IRN","BA:675","EAP_DWAP_SEX_AGE_RT","SEX_T","AGE_YTHADULT_Y15-24","2009",29.517,,,,"R1:3513"
"IRN","BA:675","EAP_DWAP_SEX_AGE_RT","SEX_T","AGE_YTHADULT_YGE25","2009",47.619,,,,"R1:3513"
"IRN","BA:675","EAP_DWAP_SEX_AGE_RT","SEX_M","AGE_YTHADULT_YGE15","2009",68.767,,,,"R1:3513"
"IRN","BA:675","EAP_DWAP_SEX_AGE_RT","SEX_M","AGE_YTHADULT_Y15-64","2009",71.704,,,,"R1:3513"
"IRN","BA:675","EAP_DWAP_SEX_AGE_RT","SEX_M","AGE_YTHADULT_Y15-24","2009",45.993,,,,"R1:3513"
"IRN","BA:675","EAP_DWAP_SEX_AGE_RT","SEX_M","AGE_YTHADULT_YGE25","2009",78.253,,,,"R1:3513"
"IRN","BA:675","EAP_DWAP_SEX_AGE_RT","SEX_F","AGE_YTHADULT_YGE15","2009",15.801,,,,"R1:3513"
"IRN","BA:675","EAP_DWAP_SEX_AGE_RT","SEX_F","AGE_YTHADULT_Y15-64","2009",16.565,,,,"R1:3513"
"IRN","BA:675","EAP_DWAP_SEX_AGE_RT","SEX_F","AGE_YTHADULT_Y15-24","2009",12.467,,,,"R1:3513"
"IRN","BA:675","EAP_DWAP_SEX_AGE_RT","SEX_F","AGE_YTHADULT_YGE25","2009",17.136,,,,"R1:3513"
"IRN","BA:675","EAP_DWAP_SEX_AGE_RT","SEX_T","AGE_AGGREGATE_YGE15","2009",42.369,,,,"R1:3513"
"IRN","BA:675","EAP_DWAP_SEX_AGE_RT","SEX_T","AGE_AGGREGATE_Y15-24","2009",29.517,,,,"R1:3513"
"IRN","BA:675","EAP_DWAP_SEX_AGE_RT","SEX_T","AGE_AGGREGATE_Y25-54","2009",53.685,,,,"R1:3513"
"IRN","BA:675","EAP_DWAP_SEX_AGE_RT","SEX_T","AGE_AGGREGATE_Y55-64","2009",32.117,,,,"R1:3513"
"IRN","BA:675","EAP_DWAP_SEX_AGE_RT","SEX_T","AGE_AGGREGATE_YGE65","2009",17.142,,,,"R1:3513"
"IRN","BA:675","EAP_DWAP_SEX_AGE_RT","SEX_M","AGE_AGGREGATE_YGE15","2009",68.767,,,,"R1:3513"
"IRN","BA:675","EAP_DWAP_SEX_AGE_RT","SEX_M","AGE_AGGREGATE_Y15-24","2009",45.993,,,,"R1:3513"
"IRN","BA:675","EAP_DWAP_SEX_AGE_RT","SEX_M","AGE_AGGREGATE_Y25-54","2009",88.073,,,,"R1:3513"
"IRN","BA:675","EAP_DWAP_SEX_AGE_RT","SEX_M","AGE_AGGREGATE_Y55-64","2009",54.893,,,,"R1:3513"
"IRN","BA:675","EAP_DWAP_SEX_AGE_RT","SEX_M","AGE_AGGREGATE_YGE65","2009",28.792,,,,"R1:3513"
"IRN","BA:675","EAP_DWAP_SEX_AGE_RT","SEX_F","AGE_AGGREGATE_YGE15","2009",15.801,,,,"R1:3513"
"IRN","BA:675","EAP_DWAP_SEX_AGE_RT","SEX_F","AGE_AGGREGATE_Y15-24","2009",12.467,,,,"R1:3513"
"IRN","BA:675","EAP_DWAP_SEX_AGE_RT","SEX_F","AGE_AGGREGATE_Y25-54","2009",19.816,,,,"R1:3513"
"IRN","BA:675","EAP_DWAP_SEX_AGE_RT","SEX_F","AGE_AGGREGATE_Y55-64","2009",8.862,,,,"R1:3513"
"IRN","BA:675","EAP_DWAP_SEX_AGE_RT","SEX_F","AGE_AGGREGATE_YGE65","2009",4.933,,,,"R1:3513"
"IRN","BA:675","EAP_DWAP_SEX_AGE_RT","SEX_T","AGE_10YRBANDS_YGE15","2009",42.369,,,,"R1:3513"
"IRN","BA:675","EAP_DWAP_SEX_AGE_RT","SEX_T","AGE_10YRBANDS_Y15-24","2009",29.517,,,,"R1:3513"
"IRN","BA:675","EAP_DWAP_SEX_AGE_RT","SEX_T","AGE_10YRBANDS_Y25-34","2009",56.375,,,,"R1:3513"
"IRN","BA:675","EAP_DWAP_SEX_AGE_RT","SEX_T","AGE_10YRBANDS_Y35-44","2009",55.944,,,,"R1:3513"
"IRN","BA:675","EAP_DWAP_SEX_AGE_RT","SEX_T","AGE_10YRBANDS_Y45-54","2009",46.458,,,,"R1:3513"
"IRN","BA:675","EAP_DWAP_SEX_AGE_RT","SEX_T","AGE_10YRBANDS_Y55-64","2009",32.117,,,,"R1:3513"
"IRN","BA:675","EAP_DWAP_SEX_AGE_RT","SEX_T","AGE_10YRBANDS_YGE65","2009",17.142,,,,"R1:3513"
"IRN","BA:675","EAP_DWAP_SEX_AGE_RT","SEX_M","AGE_10YRBANDS_YGE15","2009",68.767,,,,"R1:3513"
"IRN","BA:675","EAP_DWAP_SEX_AGE_RT","SEX_M","AGE_10YRBANDS_Y15-24","2009",45.993,,,,"R1:3513"
"IRN","BA:675","EAP_DWAP_SEX_AGE_RT","SEX_M","AGE_10YRBANDS_Y25-34","2009",89.794,,,,"R1:3513"
"IRN","BA:675","EAP_DWAP_SEX_AGE_RT","SEX_M","AGE_10YRBANDS_Y35-44","2009",92.715,,,,"R1:3513"
"IRN","BA:675","EAP_DWAP_SEX_AGE_RT","SEX_M","AGE_10YRBANDS_Y45-54","2009",79.488,,,,"R1:3513"
"IRN","BA:675","EAP_DWAP_SEX_AGE_RT","SEX_M","AGE_10YRBANDS_Y55-64","2009",54.893,,,,"R1:3513"
"IRN","BA:675","EAP_DWAP_SEX_AGE_RT","SEX_M","AGE_10YRBANDS_YGE65","2009",28.792,,,,"R1:3513"
"IRN","BA:675","EAP_DWAP_SEX_AGE_RT","SEX_F","AGE_10YRBANDS_YGE15","2009",15.801,,,,"R1:3513"
"IRN","BA:675","EAP_DWAP_SEX_AGE_RT","SEX_F","AGE_10YRBANDS_Y15-24","2009",12.467,,,,"R1:3513"
"IRN","BA:675","EAP_DWAP_SEX_AGE_RT","SEX_F","AGE_10YRBANDS_Y25-34","2009",23.643,,,,"R1:3513"
"IRN","BA:675","EAP_DWAP_SEX_AGE_RT","SEX_F","AGE_10YRBANDS_Y35-44","2009",19.869,,,,"R1:3513"
"IRN","BA:675","EAP_DWAP_SEX_AGE_RT","SEX_F","AGE_10YRBANDS_Y45-54","2009",13.462,,,,"R1:3513"
"IRN","BA:675","EAP_DWAP_SEX_AGE_RT","SEX_F","AGE_10YRBANDS_Y55-64","2009",8.862,,,,"R1:3513"
"IRN","BA:675","EAP_DWAP_SEX_AGE_RT","SEX_F","AGE_10YRBANDS_YGE65","2009",4.933,,,,"R1:3513"
"IRN","BA:675","EAP_DWAP_SEX_AGE_RT","SEX_T","AGE_5YRBANDS_YGE15","2009",42.369,,,,"R1:3513"
"IRN","BA:675","EAP_DWAP_SEX_AGE_RT","SEX_T","AGE_5YRBANDS_Y15-19","2009",16.826,,,,"R1:3513"
"IRN","BA:675","EAP_DWAP_SEX_AGE_RT","SEX_T","AGE_5YRBANDS_Y20-24","2009",41.76,,,,"R1:3513"
"IRN","BA:675","EAP_DWAP_SEX_AGE_RT","SEX_T","AGE_5YRBANDS_Y25-29","2009",55.601,,,,"R1:3513"
"IRN","BA:675","EAP_DWAP_SEX_AGE_RT","SEX_T","AGE_5YRBANDS_Y30-34","2009",57.336,,,,"R1:3513"
"IRN","BA:675","EAP_DWAP_SEX_AGE_RT","SEX_T","AGE_5YRBANDS_Y35-39","2009",56.557,,,,"R1:3513"
"IRN","BA:675","EAP_DWAP_SEX_AGE_RT","SEX_T","AGE_5YRBANDS_Y40-44","2009",55.255,,,,"R1:3513"
"IRN","BA:675","EAP_DWAP_SEX_AGE_RT","SEX_T","AGE_5YRBANDS_Y45-49","2009",50.161,,,,"R1:3513"
"IRN","BA:675","EAP_DWAP_SEX_AGE_RT","SEX_T","AGE_5YRBANDS_Y50-54","2009",41.849,,,,"R1:3513"
"IRN","BA:675","EAP_DWAP_SEX_AGE_RT","SEX_T","AGE_5YRBANDS_Y55-59","2009",34.377,,,,"R1:3513"
"IRN","BA:675","EAP_DWAP_SEX_AGE_RT","SEX_T","AGE_5YRBANDS_Y60-64","2009",28.917,,,,"R1:3513"
"IRN","BA:675","EAP_DWAP_SEX_AGE_RT","SEX_T","AGE_5YRBANDS_YGE65","2009",17.142,,,,"R1:3513"
"IRN","BA:675","EAP_DWAP_SEX_AGE_RT","SEX_M","AGE_5YRBANDS_YGE15","2009",68.767,,,,"R1:3513"
"IRN","BA:675","EAP_DWAP_SEX_AGE_RT","SEX_M","AGE_5YRBANDS_Y15-19","2009",25.889,,,,"R1:3513"
"IRN","BA:675","EAP_DWAP_SEX_AGE_RT","SEX_M","AGE_5YRBANDS_Y20-24","2009",66.001,,,,"R1:3513"
"IRN","BA:675","EAP_DWAP_SEX_AGE_RT","SEX_M","AGE_5YRBANDS_Y25-29","2009",86.741,,,,"R1:3513"
"IRN","BA:675","EAP_DWAP_SEX_AGE_RT","SEX_M","AGE_5YRBANDS_Y30-34","2009",93.743,,,,"R1:3513"
"IRN","BA:675","EAP_DWAP_SEX_AGE_RT","SEX_M","AGE_5YRBANDS_Y35-39","2009",93.844,,,,"R1:3513"
"IRN","BA:675","EAP_DWAP_SEX_AGE_RT","SEX_M","AGE_5YRBANDS_Y40-44","2009",91.484,,,,"R1:3513"
"IRN","BA:675","EAP_DWAP_SEX_AGE_RT","SEX_M","AGE_5YRBANDS_Y45-49","2009",84.88,,,,"R1:3513"
"IRN","BA:675","EAP_DWAP_SEX_AGE_RT","SEX_M","AGE_5YRBANDS_Y50-54","2009",72.619,,,,"R1:3513"
"IRN","BA:675","EAP_DWAP_SEX_AGE_RT","SEX_M","AGE_5YRBANDS_Y55-59","2009",60.114,,,,"R1:3513"
"IRN","BA:675","EAP_DWAP_SEX_AGE_RT","SEX_M","AGE_5YRBANDS_Y60-64","2009",47.911,,,,"R1:3513"
"IRN","BA:675","EAP_DWAP_SEX_AGE_RT","SEX_M","AGE_5YRBANDS_YGE65","2009",28.792,,,,"R1:3513"
"IRN","BA:675","EAP_DWAP_SEX_AGE_RT","SEX_F","AGE_5YRBANDS_YGE15","2009",15.801,,,,"R1:3513"
"IRN","BA:675","EAP_DWAP_SEX_AGE_RT","SEX_F","AGE_5YRBANDS_Y15-19","2009",7.141,,,,"R1:3513"
"IRN","BA:675","EAP_DWAP_SEX_AGE_RT","SEX_F","AGE_5YRBANDS_Y20-24","2009",17.443,,,,"R1:3513"
"IRN","BA:675","EAP_DWAP_SEX_AGE_RT","SEX_F","AGE_5YRBANDS_Y25-29","2009",23.997,,,,"R1:3513"
"IRN","BA:675","EAP_DWAP_SEX_AGE_RT","SEX_F","AGE_5YRBANDS_Y30-34","2009",23.221,,,,"R1:3513"
"IRN","BA:675","EAP_DWAP_SEX_AGE_RT","SEX_F","AGE_5YRBANDS_Y35-39","2009",20.931,,,,"R1:3513"
"IRN","BA:675","EAP_DWAP_SEX_AGE_RT","SEX_F","AGE_5YRBANDS_Y40-44","2009",18.644,,,,"R1:3513"
"IRN","BA:675","EAP_DWAP_SEX_AGE_RT","SEX_F","AGE_5YRBANDS_Y45-49","2009",14.757,,,,"R1:3513"
"IRN","BA:675","EAP_DWAP_SEX_AGE_RT","SEX_F","AGE_5YRBANDS_Y50-54","2009",11.886,,,,"R1:3513"
"IRN","BA:675","EAP_DWAP_SEX_AGE_RT","SEX_F","AGE_5YRBANDS_Y55-59","2009",9.335,,,,"R1:3513"
"IRN","BA:675","EAP_DWAP_SEX_AGE_RT","SEX_F","AGE_5YRBANDS_Y60-64","2009",8.15,,,,"R1:3513"
"IRN","BA:675","EAP_DWAP_SEX_AGE_RT","SEX_F","AGE_5YRBANDS_YGE65","2009",4.933,,,,"R1:3513"
"IRN","BA:675","EAP_DWAP_SEX_AGE_RT","SEX_T","AGE_YTHADULT_YGE15","2008",41.441,,,,"R1:3513"
"IRN","BA:675","EAP_DWAP_SEX_AGE_RT","SEX_T","AGE_YTHADULT_Y15-64","2008",43.268,,,,"R1:3513"
"IRN","BA:675","EAP_DWAP_SEX_AGE_RT","SEX_T","AGE_YTHADULT_Y15-24","2008",29.048,,,,"R1:3513"
"IRN","BA:675","EAP_DWAP_SEX_AGE_RT","SEX_T","AGE_YTHADULT_YGE25","2008",46.892,,,,"R1:3513"
"IRN","BA:675","EAP_DWAP_SEX_AGE_RT","SEX_M","AGE_YTHADULT_YGE15","2008",67.772,,,,"R1:3513"
"IRN","BA:675","EAP_DWAP_SEX_AGE_RT","SEX_M","AGE_YTHADULT_Y15-64","2008",70.695,,,,"R1:3513"
"IRN","BA:675","EAP_DWAP_SEX_AGE_RT","SEX_M","AGE_YTHADULT_Y15-24","2008",45.146,,,,"R1:3513"
"IRN","BA:675","EAP_DWAP_SEX_AGE_RT","SEX_M","AGE_YTHADULT_YGE25","2008",78.021,,,,"R1:3513"
"IRN","BA:675","EAP_DWAP_SEX_AGE_RT","SEX_F","AGE_YTHADULT_YGE15","2008",14.844,,,,"R1:3513"
"IRN","BA:675","EAP_DWAP_SEX_AGE_RT","SEX_F","AGE_YTHADULT_Y15-64","2008",15.682,,,,"R1:3513"
"IRN","BA:675","EAP_DWAP_SEX_AGE_RT","SEX_F","AGE_YTHADULT_Y15-24","2008",12.098,,,,"R1:3513"
"IRN","BA:675","EAP_DWAP_SEX_AGE_RT","SEX_F","AGE_YTHADULT_YGE25","2008",16.016,,,,"R1:3513"
"IRN","BA:675","EAP_DWAP_SEX_AGE_RT","SEX_T","AGE_AGGREGATE_YGE15","2008",41.441,,,,"R1:3513"
"IRN","BA:675","EAP_DWAP_SEX_AGE_RT","SEX_T","AGE_AGGREGATE_Y15-24","2008",29.048,,,,"R1:3513"
"IRN","BA:675","EAP_DWAP_SEX_AGE_RT","SEX_T","AGE_AGGREGATE_Y25-54","2008",53.136,,,,"R1:3513"
"IRN","BA:675","EAP_DWAP_SEX_AGE_RT","SEX_T","AGE_AGGREGATE_Y55-64","2008",31.215,,,,"R1:3513"
"IRN","BA:675","EAP_DWAP_SEX_AGE_RT","SEX_T","AGE_AGGREGATE_YGE65","2008",16.48,,,,"R1:3513"
"IRN","BA:675","EAP_DWAP_SEX_AGE_RT","SEX_M","AGE_AGGREGATE_YGE15","2008",67.772,,,,"R1:3513"
"IRN","BA:675","EAP_DWAP_SEX_AGE_RT","SEX_M","AGE_AGGREGATE_Y15-24","2008",45.146,,,,"R1:3513"
"IRN","BA:675","EAP_DWAP_SEX_AGE_RT","SEX_M","AGE_AGGREGATE_Y25-54","2008",88.188,,,,"R1:3513"
"IRN","BA:675","EAP_DWAP_SEX_AGE_RT","SEX_M","AGE_AGGREGATE_Y55-64","2008",54.191,,,,"R1:3513"
"IRN","BA:675","EAP_DWAP_SEX_AGE_RT","SEX_M","AGE_AGGREGATE_YGE65","2008",29.046,,,,"R1:3513"
"IRN","BA:675","EAP_DWAP_SEX_AGE_RT","SEX_F","AGE_AGGREGATE_YGE15","2008",14.844,,,,"R1:3513"
"IRN","BA:675","EAP_DWAP_SEX_AGE_RT","SEX_F","AGE_AGGREGATE_Y15-24","2008",12.098,,,,"R1:3513"
"IRN","BA:675","EAP_DWAP_SEX_AGE_RT","SEX_F","AGE_AGGREGATE_Y25-54","2008",18.793,,,,"R1:3513"
"IRN","BA:675","EAP_DWAP_SEX_AGE_RT","SEX_F","AGE_AGGREGATE_Y55-64","2008",8.031,,,,"R1:3513"
"IRN","BA:675","EAP_DWAP_SEX_AGE_RT","SEX_F","AGE_AGGREGATE_YGE65","2008",3.022,,,,"R1:3513"
"IRN","BA:675","EAP_DWAP_SEX_AGE_RT","SEX_T","AGE_10YRBANDS_YGE15","2008",41.441,,,,"R1:3513"
"IRN","BA:675","EAP_DWAP_SEX_AGE_RT","SEX_T","AGE_10YRBANDS_Y15-24","2008",29.048,,,,"R1:3513"
"IRN","BA:675","EAP_DWAP_SEX_AGE_RT","SEX_T","AGE_10YRBANDS_Y25-34","2008",55.687,,,,"R1:3513"
"IRN","BA:675","EAP_DWAP_SEX_AGE_RT","SEX_T","AGE_10YRBANDS_Y35-44","2008",55.324,,,,"R1:3513"
"IRN","BA:675","EAP_DWAP_SEX_AGE_RT","SEX_T","AGE_10YRBANDS_Y45-54","2008",46.708,,,,"R1:3513"
"IRN","BA:675","EAP_DWAP_SEX_AGE_RT","SEX_T","AGE_10YRBANDS_Y55-64","2008",31.215,,,,"R1:3513"
"IRN","BA:675","EAP_DWAP_SEX_AGE_RT","SEX_T","AGE_10YRBANDS_YGE65","2008",16.48,,,,"R1:3513"
"IRN","BA:675","EAP_DWAP_SEX_AGE_RT","SEX_M","AGE_10YRBANDS_YGE15","2008",67.772,,,,"R1:3513"
"IRN","BA:675","EAP_DWAP_SEX_AGE_RT","SEX_M","AGE_10YRBANDS_Y15-24","2008",45.146,,,,"R1:3513"
"IRN","BA:675","EAP_DWAP_SEX_AGE_RT","SEX_M","AGE_10YRBANDS_Y25-34","2008",89.986,,,,"R1:3513"
"IRN","BA:675","EAP_DWAP_SEX_AGE_RT","SEX_M","AGE_10YRBANDS_Y35-44","2008",92.68,,,,"R1:3513"
"IRN","BA:675","EAP_DWAP_SEX_AGE_RT","SEX_M","AGE_10YRBANDS_Y45-54","2008",80.213,,,,"R1:3513"
"IRN","BA:675","EAP_DWAP_SEX_AGE_RT","SEX_M","AGE_10YRBANDS_Y55-64","2008",54.191,,,,"R1:3513"
"IRN","BA:675","EAP_DWAP_SEX_AGE_RT","SEX_M","AGE_10YRBANDS_YGE65","2008",29.046,,,,"R1:3513"
"IRN","BA:675","EAP_DWAP_SEX_AGE_RT","SEX_F","AGE_10YRBANDS_YGE15","2008",14.844,,,,"R1:3513"
"IRN","BA:675","EAP_DWAP_SEX_AGE_RT","SEX_F","AGE_10YRBANDS_Y15-24","2008",12.098,,,,"R1:3513"
"IRN","BA:675","EAP_DWAP_SEX_AGE_RT","SEX_F","AGE_10YRBANDS_Y25-34","2008",22.402,,,,"R1:3513"
"IRN","BA:675","EAP_DWAP_SEX_AGE_RT","SEX_F","AGE_10YRBANDS_Y35-44","2008",18.947,,,,"R1:3513"
"IRN","BA:675","EAP_DWAP_SEX_AGE_RT","SEX_F","AGE_10YRBANDS_Y45-54","2008",13.165,,,,"R1:3513"
"IRN","BA:675","EAP_DWAP_SEX_AGE_RT","SEX_F","AGE_10YRBANDS_Y55-64","2008",8.031,,,,"R1:3513"
"IRN","BA:675","EAP_DWAP_SEX_AGE_RT","SEX_F","AGE_10YRBANDS_YGE65","2008",3.022,,,,"R1:3513"
"IRN","BA:675","EAP_DWAP_SEX_AGE_RT","SEX_T","AGE_5YRBANDS_YGE15","2008",41.441,,,,"R1:3513"
"IRN","BA:675","EAP_DWAP_SEX_AGE_RT","SEX_T","AGE_5YRBANDS_Y15-19","2008",16.823,,,,"R1:3513"
"IRN","BA:675","EAP_DWAP_SEX_AGE_RT","SEX_T","AGE_5YRBANDS_Y20-24","2008",41.844,,,,"R1:3513"
"IRN","BA:675","EAP_DWAP_SEX_AGE_RT","SEX_T","AGE_5YRBANDS_Y25-29","2008",55.707,,,,"R1:3513"
"IRN","BA:675","EAP_DWAP_SEX_AGE_RT","SEX_T","AGE_5YRBANDS_Y30-34","2008",55.662,,,,"R1:3513"
"IRN","BA:675","EAP_DWAP_SEX_AGE_RT","SEX_T","AGE_5YRBANDS_Y35-39","2008",56.261,,,,"R1:3513"
"IRN","BA:675","EAP_DWAP_SEX_AGE_RT","SEX_T","AGE_5YRBANDS_Y40-44","2008",54.308,,,,"R1:3513"
"IRN","BA:675","EAP_DWAP_SEX_AGE_RT","SEX_T","AGE_5YRBANDS_Y45-49","2008",50.688,,,,"R1:3513"
"IRN","BA:675","EAP_DWAP_SEX_AGE_RT","SEX_T","AGE_5YRBANDS_Y50-54","2008",41.99,,,,"R1:3513"
"IRN","BA:675","EAP_DWAP_SEX_AGE_RT","SEX_T","AGE_5YRBANDS_Y55-59","2008",34.635,,,,"R1:3513"
"IRN","BA:675","EAP_DWAP_SEX_AGE_RT","SEX_T","AGE_5YRBANDS_Y60-64","2008",26.608,,,,"R1:3513"
"IRN","BA:675","EAP_DWAP_SEX_AGE_RT","SEX_T","AGE_5YRBANDS_YGE65","2008",16.48,,,,"R1:3513"
"IRN","BA:675","EAP_DWAP_SEX_AGE_RT","SEX_M","AGE_5YRBANDS_YGE15","2008",67.772,,,,"R1:3513"
"IRN","BA:675","EAP_DWAP_SEX_AGE_RT","SEX_M","AGE_5YRBANDS_Y15-19","2008",25.973,,,,"R1:3513"
"IRN","BA:675","EAP_DWAP_SEX_AGE_RT","SEX_M","AGE_5YRBANDS_Y20-24","2008",66.087,,,,"R1:3513"
"IRN","BA:675","EAP_DWAP_SEX_AGE_RT","SEX_M","AGE_5YRBANDS_Y25-29","2008",87.538,,,,"R1:3513"
"IRN","BA:675","EAP_DWAP_SEX_AGE_RT","SEX_M","AGE_5YRBANDS_Y30-34","2008",93.334,,,,"R1:3513"
"IRN","BA:675","EAP_DWAP_SEX_AGE_RT","SEX_M","AGE_5YRBANDS_Y35-39","2008",93.91,,,,"R1:3513"
"IRN","BA:675","EAP_DWAP_SEX_AGE_RT","SEX_M","AGE_5YRBANDS_Y40-44","2008",91.366,,,,"R1:3513"
"IRN","BA:675","EAP_DWAP_SEX_AGE_RT","SEX_M","AGE_5YRBANDS_Y45-49","2008",86.044,,,,"R1:3513"
"IRN","BA:675","EAP_DWAP_SEX_AGE_RT","SEX_M","AGE_5YRBANDS_Y50-54","2008",73.217,,,,"R1:3513"
"IRN","BA:675","EAP_DWAP_SEX_AGE_RT","SEX_M","AGE_5YRBANDS_Y55-59","2008",59.781,,,,"R1:3513"
"IRN","BA:675","EAP_DWAP_SEX_AGE_RT","SEX_M","AGE_5YRBANDS_Y60-64","2008",46.512,,,,"R1:3513"
"IRN","BA:675","EAP_DWAP_SEX_AGE_RT","SEX_M","AGE_5YRBANDS_YGE65","2008",29.046,,,,"R1:3513"
"IRN","BA:675","EAP_DWAP_SEX_AGE_RT","SEX_F","AGE_5YRBANDS_YGE15","2008",14.844,,,,"R1:3513"
"IRN","BA:675","EAP_DWAP_SEX_AGE_RT","SEX_F","AGE_5YRBANDS_Y15-19","2008",6.771,,,,"R1:3513"
"IRN","BA:675","EAP_DWAP_SEX_AGE_RT","SEX_F","AGE_5YRBANDS_Y20-24","2008",17.431,,,,"R1:3513"
"IRN","BA:675","EAP_DWAP_SEX_AGE_RT","SEX_F","AGE_5YRBANDS_Y25-29","2008",23.535,,,,"R1:3513"
"IRN","BA:675","EAP_DWAP_SEX_AGE_RT","SEX_F","AGE_5YRBANDS_Y30-34","2008",20.991,,,,"R1:3513"
"IRN","BA:675","EAP_DWAP_SEX_AGE_RT","SEX_F","AGE_5YRBANDS_Y35-39","2008",20.114,,,,"R1:3513"
"IRN","BA:675","EAP_DWAP_SEX_AGE_RT","SEX_F","AGE_5YRBANDS_Y40-44","2008",17.664,,,,"R1:3513"
"IRN","BA:675","EAP_DWAP_SEX_AGE_RT","SEX_F","AGE_5YRBANDS_Y45-49","2008",14.899,,,,"R1:3513"
"IRN","BA:675","EAP_DWAP_SEX_AGE_RT","SEX_F","AGE_5YRBANDS_Y50-54","2008",11.134,,,,"R1:3513"
"IRN","BA:675","EAP_DWAP_SEX_AGE_RT","SEX_F","AGE_5YRBANDS_Y55-59","2008",8.836,,,,"R1:3513"
"IRN","BA:675","EAP_DWAP_SEX_AGE_RT","SEX_F","AGE_5YRBANDS_Y60-64","2008",6.967,,,,"R1:3513"
"IRN","BA:675","EAP_DWAP_SEX_AGE_RT","SEX_F","AGE_5YRBANDS_YGE65","2008",3.022,,,,"R1:3513"
"IRN","BA:675","EAP_DWAP_SEX_AGE_RT","SEX_T","AGE_YTHADULT_YGE15","2007",43.659,"B",,"I11:264","R1:3513"
"IRN","BA:675","EAP_DWAP_SEX_AGE_RT","SEX_T","AGE_YTHADULT_Y15-64","2007",45.528,"B",,"I11:264","R1:3513"
"IRN","BA:675","EAP_DWAP_SEX_AGE_RT","SEX_T","AGE_YTHADULT_Y15-24","2007",31.4,"B",,"I11:264","R1:3513"
"IRN","BA:675","EAP_DWAP_SEX_AGE_RT","SEX_T","AGE_YTHADULT_YGE25","2007",49.334,"B",,"I11:264","R1:3513"
"IRN","BA:675","EAP_DWAP_SEX_AGE_RT","SEX_M","AGE_YTHADULT_YGE15","2007",69.968,"B",,"I11:264","R1:3513"
"IRN","BA:675","EAP_DWAP_SEX_AGE_RT","SEX_M","AGE_YTHADULT_Y15-64","2007",72.906,"B",,"I11:264","R1:3513"
"IRN","BA:675","EAP_DWAP_SEX_AGE_RT","SEX_M","AGE_YTHADULT_Y15-24","2007",48.115,"B",,"I11:264","R1:3513"
"IRN","BA:675","EAP_DWAP_SEX_AGE_RT","SEX_M","AGE_YTHADULT_YGE25","2007",80.244,"B",,"I11:264","R1:3513"
"IRN","BA:675","EAP_DWAP_SEX_AGE_RT","SEX_F","AGE_YTHADULT_YGE15","2007",17.09,"B",,"I11:264","R1:3513"
"IRN","BA:675","EAP_DWAP_SEX_AGE_RT","SEX_F","AGE_YTHADULT_Y15-64","2007",18.047,"B",,"I11:264","R1:3513"
"IRN","BA:675","EAP_DWAP_SEX_AGE_RT","SEX_F","AGE_YTHADULT_Y15-24","2007",14.152,"B",,"I11:264","R1:3513"
"IRN","BA:675","EAP_DWAP_SEX_AGE_RT","SEX_F","AGE_YTHADULT_YGE25","2007",18.429,"B",,"I11:264","R1:3513"
"IRN","BA:675","EAP_DWAP_SEX_AGE_RT","SEX_T","AGE_AGGREGATE_YGE15","2007",43.659,"B",,"I11:264","R1:3513"
"IRN","BA:675","EAP_DWAP_SEX_AGE_RT","SEX_T","AGE_AGGREGATE_Y15-24","2007",31.4,"B",,"I11:264","R1:3513"
"IRN","BA:675","EAP_DWAP_SEX_AGE_RT","SEX_T","AGE_AGGREGATE_Y25-54","2007",55.408,"B",,"I11:264","R1:3513"
"IRN","BA:675","EAP_DWAP_SEX_AGE_RT","SEX_T","AGE_AGGREGATE_Y55-64","2007",34.973,"B",,"I11:264","R1:3513"
"IRN","BA:675","EAP_DWAP_SEX_AGE_RT","SEX_T","AGE_AGGREGATE_YGE65","2007",18.658,"B",,"I11:264","R1:3513"
"IRN","BA:675","EAP_DWAP_SEX_AGE_RT","SEX_M","AGE_AGGREGATE_YGE15","2007",69.968,"B",,"I11:264","R1:3513"
"IRN","BA:675","EAP_DWAP_SEX_AGE_RT","SEX_M","AGE_AGGREGATE_Y15-24","2007",48.115,"B",,"I11:264","R1:3513"
"IRN","BA:675","EAP_DWAP_SEX_AGE_RT","SEX_M","AGE_AGGREGATE_Y25-54","2007",89.67,"B",,"I11:264","R1:3513"
"IRN","BA:675","EAP_DWAP_SEX_AGE_RT","SEX_M","AGE_AGGREGATE_Y55-64","2007",60.246,"B",,"I11:264","R1:3513"
"IRN","BA:675","EAP_DWAP_SEX_AGE_RT","SEX_M","AGE_AGGREGATE_YGE65","2007",32.305,"B",,"I11:264","R1:3513"
"IRN","BA:675","EAP_DWAP_SEX_AGE_RT","SEX_F","AGE_AGGREGATE_YGE15","2007",17.09,"B",,"I11:264","R1:3513"
"IRN","BA:675","EAP_DWAP_SEX_AGE_RT","SEX_F","AGE_AGGREGATE_Y15-24","2007",14.152,"B",,"I11:264","R1:3513"
"IRN","BA:675","EAP_DWAP_SEX_AGE_RT","SEX_F","AGE_AGGREGATE_Y25-54","2007",21.446,"B",,"I11:264","R1:3513"
"IRN","BA:675","EAP_DWAP_SEX_AGE_RT","SEX_F","AGE_AGGREGATE_Y55-64","2007",10.236,"B",,"I11:264","R1:3513"
"IRN","BA:675","EAP_DWAP_SEX_AGE_RT","SEX_F","AGE_AGGREGATE_YGE65","2007",3.719,"B",,"I11:264","R1:3513"
"IRN","BA:675","EAP_DWAP_SEX_AGE_RT","SEX_T","AGE_10YRBANDS_YGE15","2007",43.659,"B",,"I11:264","R1:3513"
"IRN","BA:675","EAP_DWAP_SEX_AGE_RT","SEX_T","AGE_10YRBANDS_Y15-24","2007",31.4,"B",,"I11:264","R1:3513"
"IRN","BA:675","EAP_DWAP_SEX_AGE_RT","SEX_T","AGE_10YRBANDS_Y25-34","2007",58.007,"B",,"I11:264","R1:3513"
"IRN","BA:675","EAP_DWAP_SEX_AGE_RT","SEX_T","AGE_10YRBANDS_Y35-44","2007",56.638,"B",,"I11:264","R1:3513"
"IRN","BA:675","EAP_DWAP_SEX_AGE_RT","SEX_T","AGE_10YRBANDS_Y45-54","2007",49.835,"B",,"I11:264","R1:3513"
"IRN","BA:675","EAP_DWAP_SEX_AGE_RT","SEX_T","AGE_10YRBANDS_Y55-64","2007",34.973,"B",,"I11:264","R1:3513"
"IRN","BA:675","EAP_DWAP_SEX_AGE_RT","SEX_T","AGE_10YRBANDS_YGE65","2007",18.658,"B",,"I11:264","R1:3513"
"IRN","BA:675","EAP_DWAP_SEX_AGE_RT","SEX_M","AGE_10YRBANDS_YGE15","2007",69.968,"B",,"I11:264","R1:3513"
"IRN","BA:675","EAP_DWAP_SEX_AGE_RT","SEX_M","AGE_10YRBANDS_Y15-24","2007",48.115,"B",,"I11:264","R1:3513"
"IRN","BA:675","EAP_DWAP_SEX_AGE_RT","SEX_M","AGE_10YRBANDS_Y25-34","2007",91.771,"B",,"I11:264","R1:3513"
"IRN","BA:675","EAP_DWAP_SEX_AGE_RT","SEX_M","AGE_10YRBANDS_Y35-44","2007",92.916,"B",,"I11:264","R1:3513"
"IRN","BA:675","EAP_DWAP_SEX_AGE_RT","SEX_M","AGE_10YRBANDS_Y45-54","2007",82.522,"B",,"I11:264","R1:3513"
"IRN","BA:675","EAP_DWAP_SEX_AGE_RT","SEX_M","AGE_10YRBANDS_Y55-64","2007",60.246,"B",,"I11:264","R1:3513"
"IRN","BA:675","EAP_DWAP_SEX_AGE_RT","SEX_M","AGE_10YRBANDS_YGE65","2007",32.305,"B",,"I11:264","R1:3513"
"IRN","BA:675","EAP_DWAP_SEX_AGE_RT","SEX_F","AGE_10YRBANDS_YGE15","2007",17.09,"B",,"I11:264","R1:3513"
"IRN","BA:675","EAP_DWAP_SEX_AGE_RT","SEX_F","AGE_10YRBANDS_Y15-24","2007",14.152,"B",,"I11:264","R1:3513"
"IRN","BA:675","EAP_DWAP_SEX_AGE_RT","SEX_F","AGE_10YRBANDS_Y25-34","2007",25.232,"B",,"I11:264","R1:3513"
"IRN","BA:675","EAP_DWAP_SEX_AGE_RT","SEX_F","AGE_10YRBANDS_Y35-44","2007",20.81,"B",,"I11:264","R1:3513"
"IRN","BA:675","EAP_DWAP_SEX_AGE_RT","SEX_F","AGE_10YRBANDS_Y45-54","2007",16.208,"B",,"I11:264","R1:3513"
"IRN","BA:675","EAP_DWAP_SEX_AGE_RT","SEX_F","AGE_10YRBANDS_Y55-64","2007",10.236,"B",,"I11:264","R1:3513"
"IRN","BA:675","EAP_DWAP_SEX_AGE_RT","SEX_F","AGE_10YRBANDS_YGE65","2007",3.719,"B",,"I11:264","R1:3513"
"IRN","BA:675","EAP_DWAP_SEX_AGE_RT","SEX_T","AGE_5YRBANDS_YGE15","2007",43.659,"B",,"I11:264","R1:3513"
"IRN","BA:675","EAP_DWAP_SEX_AGE_RT","SEX_T","AGE_5YRBANDS_Y15-19","2007",18.751,"B",,"I11:264","R1:3513"
"IRN","BA:675","EAP_DWAP_SEX_AGE_RT","SEX_T","AGE_5YRBANDS_Y20-24","2007",44.878,"B",,"I11:264","R1:3513"
"IRN","BA:675","EAP_DWAP_SEX_AGE_RT","SEX_T","AGE_5YRBANDS_Y25-29","2007",57.828,"B",,"I11:264","R1:3513"
"IRN","BA:675","EAP_DWAP_SEX_AGE_RT","SEX_T","AGE_5YRBANDS_Y30-34","2007",58.233,"B",,"I11:264","R1:3513"
"IRN","BA:675","EAP_DWAP_SEX_AGE_RT","SEX_T","AGE_5YRBANDS_Y35-39","2007",57.739,"B",,"I11:264","R1:3513"
"IRN","BA:675","EAP_DWAP_SEX_AGE_RT","SEX_T","AGE_5YRBANDS_Y40-44","2007",55.431,"B",,"I11:264","R1:3513"
"IRN","BA:675","EAP_DWAP_SEX_AGE_RT","SEX_T","AGE_5YRBANDS_Y45-49","2007",53.321,"B",,"I11:264","R1:3513"
"IRN","BA:675","EAP_DWAP_SEX_AGE_RT","SEX_T","AGE_5YRBANDS_Y50-54","2007",45.607,"B",,"I11:264","R1:3513"
"IRN","BA:675","EAP_DWAP_SEX_AGE_RT","SEX_T","AGE_5YRBANDS_Y55-59","2007",38.406,"B",,"I11:264","R1:3513"
"IRN","BA:675","EAP_DWAP_SEX_AGE_RT","SEX_T","AGE_5YRBANDS_Y60-64","2007",30.492,"B",,"I11:264","R1:3513"
"IRN","BA:675","EAP_DWAP_SEX_AGE_RT","SEX_T","AGE_5YRBANDS_YGE65","2007",18.658,"B",,"I11:264","R1:3513"
"IRN","BA:675","EAP_DWAP_SEX_AGE_RT","SEX_M","AGE_5YRBANDS_YGE15","2007",69.968,"B",,"I11:264","R1:3513"
"IRN","BA:675","EAP_DWAP_SEX_AGE_RT","SEX_M","AGE_5YRBANDS_Y15-19","2007",28.603,"B",,"I11:264","R1:3513"
"IRN","BA:675","EAP_DWAP_SEX_AGE_RT","SEX_M","AGE_5YRBANDS_Y20-24","2007",69.964,"B",,"I11:264","R1:3513"
"IRN","BA:675","EAP_DWAP_SEX_AGE_RT","SEX_M","AGE_5YRBANDS_Y25-29","2007",89.946,"B",,"I11:264","R1:3513"
"IRN","BA:675","EAP_DWAP_SEX_AGE_RT","SEX_M","AGE_5YRBANDS_Y30-34","2007",94.143,"B",,"I11:264","R1:3513"
"IRN","BA:675","EAP_DWAP_SEX_AGE_RT","SEX_M","AGE_5YRBANDS_Y35-39","2007",93.911,"B",,"I11:264","R1:3513"
"IRN","BA:675","EAP_DWAP_SEX_AGE_RT","SEX_M","AGE_5YRBANDS_Y40-44","2007",91.821,"B",,"I11:264","R1:3513"
"IRN","BA:675","EAP_DWAP_SEX_AGE_RT","SEX_M","AGE_5YRBANDS_Y45-49","2007",87.609,"B",,"I11:264","R1:3513"
"IRN","BA:675","EAP_DWAP_SEX_AGE_RT","SEX_M","AGE_5YRBANDS_Y50-54","2007",76.375,"B",,"I11:264","R1:3513"
"IRN","BA:675","EAP_DWAP_SEX_AGE_RT","SEX_M","AGE_5YRBANDS_Y55-59","2007",65.837,"B",,"I11:264","R1:3513"
"IRN","BA:675","EAP_DWAP_SEX_AGE_RT","SEX_M","AGE_5YRBANDS_Y60-64","2007",52.88,"B",,"I11:264","R1:3513"
"IRN","BA:675","EAP_DWAP_SEX_AGE_RT","SEX_M","AGE_5YRBANDS_YGE65","2007",32.305,"B",,"I11:264","R1:3513"
"IRN","BA:675","EAP_DWAP_SEX_AGE_RT","SEX_F","AGE_5YRBANDS_YGE15","2007",17.09,"B",,"I11:264","R1:3513"
"IRN","BA:675","EAP_DWAP_SEX_AGE_RT","SEX_F","AGE_5YRBANDS_Y15-19","2007",8.078,"B",,"I11:264","R1:3513"
"IRN","BA:675","EAP_DWAP_SEX_AGE_RT","SEX_F","AGE_5YRBANDS_Y20-24","2007",20.302,"B",,"I11:264","R1:3513"
"IRN","BA:675","EAP_DWAP_SEX_AGE_RT","SEX_F","AGE_5YRBANDS_Y25-29","2007",25.966,"B",,"I11:264","R1:3513"
"IRN","BA:675","EAP_DWAP_SEX_AGE_RT","SEX_F","AGE_5YRBANDS_Y30-34","2007",24.324,"B",,"I11:264","R1:3513"
"IRN","BA:675","EAP_DWAP_SEX_AGE_RT","SEX_F","AGE_5YRBANDS_Y35-39","2007",21.915,"B",,"I11:264","R1:3513"
"IRN","BA:675","EAP_DWAP_SEX_AGE_RT","SEX_F","AGE_5YRBANDS_Y40-44","2007",19.601,"B",,"I11:264","R1:3513"
"IRN","BA:675","EAP_DWAP_SEX_AGE_RT","SEX_F","AGE_5YRBANDS_Y45-49","2007",18.171,"B",,"I11:264","R1:3513"
"IRN","BA:675","EAP_DWAP_SEX_AGE_RT","SEX_F","AGE_5YRBANDS_Y50-54","2007",13.817,"B",,"I11:264","R1:3513"
"IRN","BA:675","EAP_DWAP_SEX_AGE_RT","SEX_F","AGE_5YRBANDS_Y55-59","2007",11.34,"B",,"I11:264","R1:3513"
"IRN","BA:675","EAP_DWAP_SEX_AGE_RT","SEX_F","AGE_5YRBANDS_Y60-64","2007",8.807,"B",,"I11:264","R1:3513"
"IRN","BA:675","EAP_DWAP_SEX_AGE_RT","SEX_F","AGE_5YRBANDS_YGE65","2007",3.719,"B",,"I11:264","R1:3513"
"IRN","BA:675","EAP_DWAP_SEX_AGE_RT","SEX_T","AGE_YTHADULT_YGE15","2006",44.569,,,,"R1:3513"
"IRN","BA:675","EAP_DWAP_SEX_AGE_RT","SEX_T","AGE_YTHADULT_Y15-64","2006",46.416,,,,"R1:3513"
"IRN","BA:675","EAP_DWAP_SEX_AGE_RT","SEX_T","AGE_YTHADULT_Y15-24","2006",33.036,,,,"R1:3513"
"IRN","BA:675","EAP_DWAP_SEX_AGE_RT","SEX_T","AGE_YTHADULT_YGE25","2006",50.184,,,,"R1:3513"
"IRN","BA:675","EAP_DWAP_SEX_AGE_RT","SEX_M","AGE_YTHADULT_YGE15","2006",70.752,,,,"R1:3513"
"IRN","BA:675","EAP_DWAP_SEX_AGE_RT","SEX_M","AGE_YTHADULT_Y15-64","2006",73.641,,,,"R1:3513"
"IRN","BA:675","EAP_DWAP_SEX_AGE_RT","SEX_M","AGE_YTHADULT_Y15-24","2006",50.208,,,,"R1:3513"
"IRN","BA:675","EAP_DWAP_SEX_AGE_RT","SEX_M","AGE_YTHADULT_YGE25","2006",80.864,,,,"R1:3513"
"IRN","BA:675","EAP_DWAP_SEX_AGE_RT","SEX_F","AGE_YTHADULT_YGE15","2006",18.136,,,,"R1:3513"
"IRN","BA:675","EAP_DWAP_SEX_AGE_RT","SEX_F","AGE_YTHADULT_Y15-64","2006",19.137,,,,"R1:3513"
"IRN","BA:675","EAP_DWAP_SEX_AGE_RT","SEX_F","AGE_YTHADULT_Y15-24","2006",15.441,,,,"R1:3513"
"IRN","BA:675","EAP_DWAP_SEX_AGE_RT","SEX_F","AGE_YTHADULT_YGE25","2006",19.433,,,,"R1:3513"
"IRN","BA:675","EAP_DWAP_SEX_AGE_RT","SEX_T","AGE_AGGREGATE_YGE15","2006",44.569,,,,"R1:3513"
"IRN","BA:675","EAP_DWAP_SEX_AGE_RT","SEX_T","AGE_AGGREGATE_Y15-24","2006",33.036,,,,"R1:3513"
"IRN","BA:675","EAP_DWAP_SEX_AGE_RT","SEX_T","AGE_AGGREGATE_Y25-54","2006",56.163,,,,"R1:3513"
"IRN","BA:675","EAP_DWAP_SEX_AGE_RT","SEX_T","AGE_AGGREGATE_Y55-64","2006",35.717,,,,"R1:3513"
"IRN","BA:675","EAP_DWAP_SEX_AGE_RT","SEX_T","AGE_AGGREGATE_YGE65","2006",20.32,,,,"R1:3513"
"IRN","BA:675","EAP_DWAP_SEX_AGE_RT","SEX_M","AGE_AGGREGATE_YGE15","2006",70.752,,,,"R1:3513"
"IRN","BA:675","EAP_DWAP_SEX_AGE_RT","SEX_M","AGE_AGGREGATE_Y15-24","2006",50.208,,,,"R1:3513"
"IRN","BA:675","EAP_DWAP_SEX_AGE_RT","SEX_M","AGE_AGGREGATE_Y25-54","2006",89.888,,,,"R1:3513"
"IRN","BA:675","EAP_DWAP_SEX_AGE_RT","SEX_M","AGE_AGGREGATE_Y55-64","2006",62.167,,,,"R1:3513"
"IRN","BA:675","EAP_DWAP_SEX_AGE_RT","SEX_M","AGE_AGGREGATE_YGE65","2006",34.742,,,,"R1:3513"
"IRN","BA:675","EAP_DWAP_SEX_AGE_RT","SEX_F","AGE_AGGREGATE_YGE15","2006",18.136,,,,"R1:3513"
"IRN","BA:675","EAP_DWAP_SEX_AGE_RT","SEX_F","AGE_AGGREGATE_Y15-24","2006",15.441,,,,"R1:3513"
"IRN","BA:675","EAP_DWAP_SEX_AGE_RT","SEX_F","AGE_AGGREGATE_Y25-54","2006",22.593,,,,"R1:3513"
"IRN","BA:675","EAP_DWAP_SEX_AGE_RT","SEX_F","AGE_AGGREGATE_Y55-64","2006",10.578,,,,"R1:3513"
"IRN","BA:675","EAP_DWAP_SEX_AGE_RT","SEX_F","AGE_AGGREGATE_YGE65","2006",4.243,,,,"R1:3513"
"IRN","BA:675","EAP_DWAP_SEX_AGE_RT","SEX_T","AGE_10YRBANDS_YGE15","2006",44.569,,,,"R1:3513"
"IRN","BA:675","EAP_DWAP_SEX_AGE_RT","SEX_T","AGE_10YRBANDS_Y15-24","2006",33.036,,,,"R1:3513"
"IRN","BA:675","EAP_DWAP_SEX_AGE_RT","SEX_T","AGE_10YRBANDS_Y25-34","2006",58.423,,,,"R1:3513"
"IRN","BA:675","EAP_DWAP_SEX_AGE_RT","SEX_T","AGE_10YRBANDS_Y35-44","2006",57.472,,,,"R1:3513"
"IRN","BA:675","EAP_DWAP_SEX_AGE_RT","SEX_T","AGE_10YRBANDS_Y45-54","2006",50.857,,,,"R1:3513"
"IRN","BA:675","EAP_DWAP_SEX_AGE_RT","SEX_T","AGE_10YRBANDS_Y55-64","2006",35.717,,,,"R1:3513"
"IRN","BA:675","EAP_DWAP_SEX_AGE_RT","SEX_T","AGE_10YRBANDS_YGE65","2006",20.32,,,,"R1:3513"
"IRN","BA:675","EAP_DWAP_SEX_AGE_RT","SEX_M","AGE_10YRBANDS_YGE15","2006",70.752,,,,"R1:3513"
"IRN","BA:675","EAP_DWAP_SEX_AGE_RT","SEX_M","AGE_10YRBANDS_Y15-24","2006",50.208,,,,"R1:3513"
"IRN","BA:675","EAP_DWAP_SEX_AGE_RT","SEX_M","AGE_10YRBANDS_Y25-34","2006",91.955,,,,"R1:3513"
"IRN","BA:675","EAP_DWAP_SEX_AGE_RT","SEX_M","AGE_10YRBANDS_Y35-44","2006",92.763,,,,"R1:3513"
"IRN","BA:675","EAP_DWAP_SEX_AGE_RT","SEX_M","AGE_10YRBANDS_Y45-54","2006",83.06,,,,"R1:3513"
"IRN","BA:675","EAP_DWAP_SEX_AGE_RT","SEX_M","AGE_10YRBANDS_Y55-64","2006",62.167,,,,"R1:3513"
"IRN","BA:675","EAP_DWAP_SEX_AGE_RT","SEX_M","AGE_10YRBANDS_YGE65","2006",34.742,,,,"R1:3513"
"IRN","BA:675","EAP_DWAP_SEX_AGE_RT","SEX_F","AGE_10YRBANDS_YGE15","2006",18.136,,,,"R1:3513"
"IRN","BA:675","EAP_DWAP_SEX_AGE_RT","SEX_F","AGE_10YRBANDS_Y15-24","2006",15.441,,,,"R1:3513"
"IRN","BA:675","EAP_DWAP_SEX_AGE_RT","SEX_F","AGE_10YRBANDS_Y25-34","2006",25.944,,,,"R1:3513"
"IRN","BA:675","EAP_DWAP_SEX_AGE_RT","SEX_F","AGE_10YRBANDS_Y35-44","2006",22.424,,,,"R1:3513"
"IRN","BA:675","EAP_DWAP_SEX_AGE_RT","SEX_F","AGE_10YRBANDS_Y45-54","2006",17.277,,,,"R1:3513"
"IRN","BA:675","EAP_DWAP_SEX_AGE_RT","SEX_F","AGE_10YRBANDS_Y55-64","2006",10.578,,,,"R1:3513"
"IRN","BA:675","EAP_DWAP_SEX_AGE_RT","SEX_F","AGE_10YRBANDS_YGE65","2006",4.243,,,,"R1:3513"
"IRN","BA:675","EAP_DWAP_SEX_AGE_RT","SEX_T","AGE_5YRBANDS_YGE15","2006",44.569,,,,"R1:3513"
"IRN","BA:675","EAP_DWAP_SEX_AGE_RT","SEX_T","AGE_5YRBANDS_Y15-19","2006",20.619,,,,"R1:3513"
"IRN","BA:675","EAP_DWAP_SEX_AGE_RT","SEX_T","AGE_5YRBANDS_Y20-24","2006",46.809,,,,"R1:3513"
"IRN","BA:675","EAP_DWAP_SEX_AGE_RT","SEX_T","AGE_5YRBANDS_Y25-29","2006",58.62,,,,"R1:3513"
"IRN","BA:675","EAP_DWAP_SEX_AGE_RT","SEX_T","AGE_5YRBANDS_Y30-34","2006",58.18,,,,"R1:3513"
"IRN","BA:675","EAP_DWAP_SEX_AGE_RT","SEX_T","AGE_5YRBANDS_Y35-39","2006",58.102,,,,"R1:3513"
"IRN","BA:675","EAP_DWAP_SEX_AGE_RT","SEX_T","AGE_5YRBANDS_Y40-44","2006",56.773,,,,"R1:3513"
"IRN","BA:675","EAP_DWAP_SEX_AGE_RT","SEX_T","AGE_5YRBANDS_Y45-49","2006",53.866,,,,"R1:3513"
"IRN","BA:675","EAP_DWAP_SEX_AGE_RT","SEX_T","AGE_5YRBANDS_Y50-54","2006",47.078,,,,"R1:3513"
"IRN","BA:675","EAP_DWAP_SEX_AGE_RT","SEX_T","AGE_5YRBANDS_Y55-59","2006",38.622,,,,"R1:3513"
"IRN","BA:675","EAP_DWAP_SEX_AGE_RT","SEX_T","AGE_5YRBANDS_Y60-64","2006",31.886,,,,"R1:3513"
"IRN","BA:675","EAP_DWAP_SEX_AGE_RT","SEX_T","AGE_5YRBANDS_YGE65","2006",20.32,,,,"R1:3513"
"IRN","BA:675","EAP_DWAP_SEX_AGE_RT","SEX_M","AGE_5YRBANDS_YGE15","2006",70.752,,,,"R1:3513"
"IRN","BA:675","EAP_DWAP_SEX_AGE_RT","SEX_M","AGE_5YRBANDS_Y15-19","2006",31.34,,,,"R1:3513"
"IRN","BA:675","EAP_DWAP_SEX_AGE_RT","SEX_M","AGE_5YRBANDS_Y20-24","2006",72.305,,,,"R1:3513"
"IRN","BA:675","EAP_DWAP_SEX_AGE_RT","SEX_M","AGE_5YRBANDS_Y25-29","2006",90.544,,,,"R1:3513"
"IRN","BA:675","EAP_DWAP_SEX_AGE_RT","SEX_M","AGE_5YRBANDS_Y30-34","2006",93.742,,,,"R1:3513"
"IRN","BA:675","EAP_DWAP_SEX_AGE_RT","SEX_M","AGE_5YRBANDS_Y35-39","2006",93.661,,,,"R1:3513"
"IRN","BA:675","EAP_DWAP_SEX_AGE_RT","SEX_M","AGE_5YRBANDS_Y40-44","2006",91.784,,,,"R1:3513"
"IRN","BA:675","EAP_DWAP_SEX_AGE_RT","SEX_M","AGE_5YRBANDS_Y45-49","2006",88.037,,,,"R1:3513"
"IRN","BA:675","EAP_DWAP_SEX_AGE_RT","SEX_M","AGE_5YRBANDS_Y50-54","2006",76.89,,,,"R1:3513"
"IRN","BA:675","EAP_DWAP_SEX_AGE_RT","SEX_M","AGE_5YRBANDS_Y55-59","2006",67.332,,,,"R1:3513"
"IRN","BA:675","EAP_DWAP_SEX_AGE_RT","SEX_M","AGE_5YRBANDS_Y60-64","2006",55.575,,,,"R1:3513"
"IRN","BA:675","EAP_DWAP_SEX_AGE_RT","SEX_M","AGE_5YRBANDS_YGE65","2006",34.742,,,,"R1:3513"
"IRN","BA:675","EAP_DWAP_SEX_AGE_RT","SEX_F","AGE_5YRBANDS_YGE15","2006",18.136,,,,"R1:3513"
"IRN","BA:675","EAP_DWAP_SEX_AGE_RT","SEX_F","AGE_5YRBANDS_Y15-19","2006",9.046,,,,"R1:3513"
"IRN","BA:675","EAP_DWAP_SEX_AGE_RT","SEX_F","AGE_5YRBANDS_Y20-24","2006",22.15,,,,"R1:3513"
"IRN","BA:675","EAP_DWAP_SEX_AGE_RT","SEX_F","AGE_5YRBANDS_Y25-29","2006",27.002,,,,"R1:3513"
"IRN","BA:675","EAP_DWAP_SEX_AGE_RT","SEX_F","AGE_5YRBANDS_Y30-34","2006",24.667,,,,"R1:3513"
"IRN","BA:675","EAP_DWAP_SEX_AGE_RT","SEX_F","AGE_5YRBANDS_Y35-39","2006",23.291,,,,"R1:3513"
"IRN","BA:675","EAP_DWAP_SEX_AGE_RT","SEX_F","AGE_5YRBANDS_Y40-44","2006",21.449,,,,"R1:3513"
"IRN","BA:675","EAP_DWAP_SEX_AGE_RT","SEX_F","AGE_5YRBANDS_Y45-49","2006",18.659,,,,"R1:3513"
"IRN","BA:675","EAP_DWAP_SEX_AGE_RT","SEX_F","AGE_5YRBANDS_Y50-54","2006",15.517,,,,"R1:3513"
"IRN","BA:675","EAP_DWAP_SEX_AGE_RT","SEX_F","AGE_5YRBANDS_Y55-59","2006",12.082,,,,"R1:3513"
"IRN","BA:675","EAP_DWAP_SEX_AGE_RT","SEX_F","AGE_5YRBANDS_Y60-64","2006",8.53,,,,"R1:3513"
"IRN","BA:675","EAP_DWAP_SEX_AGE_RT","SEX_F","AGE_5YRBANDS_YGE65","2006",4.243,,,,"R1:3513"
"IRN","BA:675","EAP_DWAP_SEX_AGE_RT","SEX_T","AGE_YTHADULT_YGE15","2005",45.444,,,,"R1:3513"
"IRN","BA:675","EAP_DWAP_SEX_AGE_RT","SEX_T","AGE_YTHADULT_Y15-64","2005",47.273,,,,"R1:3513"
"IRN","BA:675","EAP_DWAP_SEX_AGE_RT","SEX_T","AGE_YTHADULT_Y15-24","2005",34.636,,,,"R1:3513"
"IRN","BA:675","EAP_DWAP_SEX_AGE_RT","SEX_T","AGE_YTHADULT_YGE25","2005",50.952,,,,"R1:3513"
"IRN","BA:675","EAP_DWAP_SEX_AGE_RT","SEX_M","AGE_YTHADULT_YGE15","2005",71.896,,,,"R1:3513"
"IRN","BA:675","EAP_DWAP_SEX_AGE_RT","SEX_M","AGE_YTHADULT_Y15-64","2005",74.722,,,,"R1:3513"
"IRN","BA:675","EAP_DWAP_SEX_AGE_RT","SEX_M","AGE_YTHADULT_Y15-24","2005",52.427,,,,"R1:3513"
"IRN","BA:675","EAP_DWAP_SEX_AGE_RT","SEX_M","AGE_YTHADULT_YGE25","2005",81.865,,,,"R1:3513"
"IRN","BA:675","EAP_DWAP_SEX_AGE_RT","SEX_F","AGE_YTHADULT_YGE15","2005",18.787,,,,"R1:3513"
"IRN","BA:675","EAP_DWAP_SEX_AGE_RT","SEX_F","AGE_YTHADULT_Y15-64","2005",19.831,,,,"R1:3513"
"IRN","BA:675","EAP_DWAP_SEX_AGE_RT","SEX_F","AGE_YTHADULT_Y15-24","2005",16.599,,,,"R1:3513"
"IRN","BA:675","EAP_DWAP_SEX_AGE_RT","SEX_F","AGE_YTHADULT_YGE25","2005",19.897,,,,"R1:3513"
"IRN","BA:675","EAP_DWAP_SEX_AGE_RT","SEX_T","AGE_AGGREGATE_YGE15","2005",45.444,,,,"R1:3513"
"IRN","BA:675","EAP_DWAP_SEX_AGE_RT","SEX_T","AGE_AGGREGATE_Y15-24","2005",34.636,,,,"R1:3513"
"IRN","BA:675","EAP_DWAP_SEX_AGE_RT","SEX_T","AGE_AGGREGATE_Y25-54","2005",56.766,,,,"R1:3513"
"IRN","BA:675","EAP_DWAP_SEX_AGE_RT","SEX_T","AGE_AGGREGATE_Y55-64","2005",37.701,,,,"R1:3513"
"IRN","BA:675","EAP_DWAP_SEX_AGE_RT","SEX_T","AGE_AGGREGATE_YGE65","2005",21.568,,,,"R1:3513"
"IRN","BA:675","EAP_DWAP_SEX_AGE_RT","SEX_M","AGE_AGGREGATE_YGE15","2005",71.896,,,,"R1:3513"
"IRN","BA:675","EAP_DWAP_SEX_AGE_RT","SEX_M","AGE_AGGREGATE_Y15-24","2005",52.427,,,,"R1:3513"
"IRN","BA:675","EAP_DWAP_SEX_AGE_RT","SEX_M","AGE_AGGREGATE_Y25-54","2005",90.626,,,,"R1:3513"
"IRN","BA:675","EAP_DWAP_SEX_AGE_RT","SEX_M","AGE_AGGREGATE_Y55-64","2005",65.144,,,,"R1:3513"
"IRN","BA:675","EAP_DWAP_SEX_AGE_RT","SEX_M","AGE_AGGREGATE_YGE65","2005",36.968,,,,"R1:3513"
"IRN","BA:675","EAP_DWAP_SEX_AGE_RT","SEX_F","AGE_AGGREGATE_YGE15","2005",18.787,,,,"R1:3513"
"IRN","BA:675","EAP_DWAP_SEX_AGE_RT","SEX_F","AGE_AGGREGATE_Y15-24","2005",16.599,,,,"R1:3513"
"IRN","BA:675","EAP_DWAP_SEX_AGE_RT","SEX_F","AGE_AGGREGATE_Y25-54","2005",23.152,,,,"R1:3513"
"IRN","BA:675","EAP_DWAP_SEX_AGE_RT","SEX_F","AGE_AGGREGATE_Y55-64","2005",10.676,,,,"R1:3513"
"IRN","BA:675","EAP_DWAP_SEX_AGE_RT","SEX_F","AGE_AGGREGATE_YGE65","2005",4.354,,,,"R1:3513"
"IRN","BA:675","EAP_DWAP_SEX_AGE_RT","SEX_T","AGE_10YRBANDS_YGE15","2005",45.444,,,,"R1:3513"
"IRN","BA:675","EAP_DWAP_SEX_AGE_RT","SEX_T","AGE_10YRBANDS_Y15-24","2005",34.636,,,,"R1:3513"
"IRN","BA:675","EAP_DWAP_SEX_AGE_RT","SEX_T","AGE_10YRBANDS_Y25-34","2005",59.263,,,,"R1:3513"
"IRN","BA:675","EAP_DWAP_SEX_AGE_RT","SEX_T","AGE_10YRBANDS_Y35-44","2005",57.565,,,,"R1:3513"
"IRN","BA:675","EAP_DWAP_SEX_AGE_RT","SEX_T","AGE_10YRBANDS_Y45-54","2005",51.536,,,,"R1:3513"
"IRN","BA:675","EAP_DWAP_SEX_AGE_RT","SEX_T","AGE_10YRBANDS_Y55-64","2005",37.701,,,,"R1:3513"
"IRN","BA:675","EAP_DWAP_SEX_AGE_RT","SEX_T","AGE_10YRBANDS_YGE65","2005",21.568,,,,"R1:3513"
"IRN","BA:675","EAP_DWAP_SEX_AGE_RT","SEX_M","AGE_10YRBANDS_YGE15","2005",71.896,,,,"R1:3513"
"IRN","BA:675","EAP_DWAP_SEX_AGE_RT","SEX_M","AGE_10YRBANDS_Y15-24","2005",52.427,,,,"R1:3513"
"IRN","BA:675","EAP_DWAP_SEX_AGE_RT","SEX_M","AGE_10YRBANDS_Y25-34","2005",92.314,,,,"R1:3513"
"IRN","BA:675","EAP_DWAP_SEX_AGE_RT","SEX_M","AGE_10YRBANDS_Y35-44","2005",92.981,,,,"R1:3513"
"IRN","BA:675","EAP_DWAP_SEX_AGE_RT","SEX_M","AGE_10YRBANDS_Y45-54","2005",84.713,,,,"R1:3513"
"IRN","BA:675","EAP_DWAP_SEX_AGE_RT","SEX_M","AGE_10YRBANDS_Y55-64","2005",65.144,,,,"R1:3513"
"IRN","BA:675","EAP_DWAP_SEX_AGE_RT","SEX_M","AGE_10YRBANDS_YGE65","2005",36.968,,,,"R1:3513"
"IRN","BA:675","EAP_DWAP_SEX_AGE_RT","SEX_F","AGE_10YRBANDS_YGE15","2005",18.787,,,,"R1:3513"
"IRN","BA:675","EAP_DWAP_SEX_AGE_RT","SEX_F","AGE_10YRBANDS_Y15-24","2005",16.599,,,,"R1:3513"
"IRN","BA:675","EAP_DWAP_SEX_AGE_RT","SEX_F","AGE_10YRBANDS_Y25-34","2005",26.651,,,,"R1:3513"
"IRN","BA:675","EAP_DWAP_SEX_AGE_RT","SEX_F","AGE_10YRBANDS_Y35-44","2005",22.627,,,,"R1:3513"
"IRN","BA:675","EAP_DWAP_SEX_AGE_RT","SEX_F","AGE_10YRBANDS_Y45-54","2005",17.979,,,,"R1:3513"
"IRN","BA:675","EAP_DWAP_SEX_AGE_RT","SEX_F","AGE_10YRBANDS_Y55-64","2005",10.676,,,,"R1:3513"
"IRN","BA:675","EAP_DWAP_SEX_AGE_RT","SEX_F","AGE_10YRBANDS_YGE65","2005",4.354,,,,"R1:3513"
"IRN","BA:675","EAP_DWAP_SEX_AGE_RT","SEX_T","AGE_5YRBANDS_YGE15","2005",45.444,,,,"R1:3513"
"IRN","BA:675","EAP_DWAP_SEX_AGE_RT","SEX_T","AGE_5YRBANDS_Y15-19","2005",22.486,,,,"R1:3513"
"IRN","BA:675","EAP_DWAP_SEX_AGE_RT","SEX_T","AGE_5YRBANDS_Y20-24","2005",48.862,,,,"R1:3513"
"IRN","BA:675","EAP_DWAP_SEX_AGE_RT","SEX_T","AGE_5YRBANDS_Y25-29","2005",59.152,,,,"R1:3513"
"IRN","BA:675","EAP_DWAP_SEX_AGE_RT","SEX_T","AGE_5YRBANDS_Y30-34","2005",59.395,,,,"R1:3513"
"IRN","BA:675","EAP_DWAP_SEX_AGE_RT","SEX_T","AGE_5YRBANDS_Y35-39","2005",57.74,,,,"R1:3513"
"IRN","BA:675","EAP_DWAP_SEX_AGE_RT","SEX_T","AGE_5YRBANDS_Y40-44","2005",57.372,,,,"R1:3513"
"IRN","BA:675","EAP_DWAP_SEX_AGE_RT","SEX_T","AGE_5YRBANDS_Y45-49","2005",54.387,,,,"R1:3513"
"IRN","BA:675","EAP_DWAP_SEX_AGE_RT","SEX_T","AGE_5YRBANDS_Y50-54","2005",47.947,,,,"R1:3513"
"IRN","BA:675","EAP_DWAP_SEX_AGE_RT","SEX_T","AGE_5YRBANDS_Y55-59","2005",40.245,,,,"R1:3513"
"IRN","BA:675","EAP_DWAP_SEX_AGE_RT","SEX_T","AGE_5YRBANDS_Y60-64","2005",34.468,,,,"R1:3513"
"IRN","BA:675","EAP_DWAP_SEX_AGE_RT","SEX_T","AGE_5YRBANDS_YGE65","2005",21.568,,,,"R1:3513"
"IRN","BA:675","EAP_DWAP_SEX_AGE_RT","SEX_M","AGE_5YRBANDS_YGE15","2005",71.896,,,,"R1:3513"
"IRN","BA:675","EAP_DWAP_SEX_AGE_RT","SEX_M","AGE_5YRBANDS_Y15-19","2005",33.924,,,,"R1:3513"
"IRN","BA:675","EAP_DWAP_SEX_AGE_RT","SEX_M","AGE_5YRBANDS_Y20-24","2005",74.797,,,,"R1:3513"
"IRN","BA:675","EAP_DWAP_SEX_AGE_RT","SEX_M","AGE_5YRBANDS_Y25-29","2005",90.922,,,,"R1:3513"
"IRN","BA:675","EAP_DWAP_SEX_AGE_RT","SEX_M","AGE_5YRBANDS_Y30-34","2005",94.001,,,,"R1:3513"
"IRN","BA:675","EAP_DWAP_SEX_AGE_RT","SEX_M","AGE_5YRBANDS_Y35-39","2005",93.907,,,,"R1:3513"
"IRN","BA:675","EAP_DWAP_SEX_AGE_RT","SEX_M","AGE_5YRBANDS_Y40-44","2005",92.009,,,,"R1:3513"
"IRN","BA:675","EAP_DWAP_SEX_AGE_RT","SEX_M","AGE_5YRBANDS_Y45-49","2005",89.044,,,,"R1:3513"
"IRN","BA:675","EAP_DWAP_SEX_AGE_RT","SEX_M","AGE_5YRBANDS_Y50-54","2005",79.242,,,,"R1:3513"
"IRN","BA:675","EAP_DWAP_SEX_AGE_RT","SEX_M","AGE_5YRBANDS_Y55-59","2005",70.26,,,,"R1:3513"
"IRN","BA:675","EAP_DWAP_SEX_AGE_RT","SEX_M","AGE_5YRBANDS_Y60-64","2005",58.926,,,,"R1:3513"
"IRN","BA:675","EAP_DWAP_SEX_AGE_RT","SEX_M","AGE_5YRBANDS_YGE65","2005",36.968,,,,"R1:3513"
"IRN","BA:675","EAP_DWAP_SEX_AGE_RT","SEX_F","AGE_5YRBANDS_YGE15","2005",18.787,,,,"R1:3513"
"IRN","BA:675","EAP_DWAP_SEX_AGE_RT","SEX_F","AGE_5YRBANDS_Y15-19","2005",10.543,,,,"R1:3513"
"IRN","BA:675","EAP_DWAP_SEX_AGE_RT","SEX_F","AGE_5YRBANDS_Y20-24","2005",23.465,,,,"R1:3513"
"IRN","BA:675","EAP_DWAP_SEX_AGE_RT","SEX_F","AGE_5YRBANDS_Y25-29","2005",27.528,,,,"R1:3513"
"IRN","BA:675","EAP_DWAP_SEX_AGE_RT","SEX_F","AGE_5YRBANDS_Y30-34","2005",25.609,,,,"R1:3513"
"IRN","BA:675","EAP_DWAP_SEX_AGE_RT","SEX_F","AGE_5YRBANDS_Y35-39","2005",23.606,,,,"R1:3513"
"IRN","BA:675","EAP_DWAP_SEX_AGE_RT","SEX_F","AGE_5YRBANDS_Y40-44","2005",21.5,,,,"R1:3513"
"IRN","BA:675","EAP_DWAP_SEX_AGE_RT","SEX_F","AGE_5YRBANDS_Y45-49","2005",19.23,,,,"R1:3513"
"IRN","BA:675","EAP_DWAP_SEX_AGE_RT","SEX_F","AGE_5YRBANDS_Y50-54","2005",16.411,,,,"R1:3513"
"IRN","BA:675","EAP_DWAP_SEX_AGE_RT","SEX_F","AGE_5YRBANDS_Y55-59","2005",11.829,,,,"R1:3513"
"IRN","BA:675","EAP_DWAP_SEX_AGE_RT","SEX_F","AGE_5YRBANDS_Y60-64","2005",9.145,,,,"R1:3513"
"IRN","BA:675","EAP_DWAP_SEX_AGE_RT","SEX_F","AGE_5YRBANDS_YGE65","2005",4.354,,,,"R1:3513"
"IRN","AA:1267","EAP_DWAP_SEX_AGE_RT","SEX_T","AGE_YTHADULT_YGE15","1996",43.119,,,,"T2:239"
"IRN","AA:1267","EAP_DWAP_SEX_AGE_RT","SEX_T","AGE_YTHADULT_Y15-64","1996",44.112,,,,"T2:239"
"IRN","AA:1267","EAP_DWAP_SEX_AGE_RT","SEX_T","AGE_YTHADULT_Y15-24","1996",30.727,,,,"T2:239"
"IRN","AA:1267","EAP_DWAP_SEX_AGE_RT","SEX_T","AGE_YTHADULT_YGE25","1996",49.5,,,,"T2:239"
"IRN","AA:1267","EAP_DWAP_SEX_AGE_RT","SEX_M","AGE_YTHADULT_YGE15","1996",74.761,,,,"T2:239"
"IRN","AA:1267","EAP_DWAP_SEX_AGE_RT","SEX_M","AGE_YTHADULT_Y15-64","1996",76.423,,,,"T2:239"
"IRN","AA:1267","EAP_DWAP_SEX_AGE_RT","SEX_M","AGE_YTHADULT_Y15-24","1996",50.991,,,,"T2:239"
"IRN","AA:1267","EAP_DWAP_SEX_AGE_RT","SEX_M","AGE_YTHADULT_YGE25","1996",86.698,,,,"T2:239"
"IRN","AA:1267","EAP_DWAP_SEX_AGE_RT","SEX_F","AGE_YTHADULT_YGE15","1996",10.641,,,,"T2:239"
"IRN","AA:1267","EAP_DWAP_SEX_AGE_RT","SEX_F","AGE_YTHADULT_Y15-64","1996",11.214,,,,"T2:239"
"IRN","AA:1267","EAP_DWAP_SEX_AGE_RT","SEX_F","AGE_YTHADULT_Y15-24","1996",10.61,,,,"T2:239"
"IRN","AA:1267","EAP_DWAP_SEX_AGE_RT","SEX_F","AGE_YTHADULT_YGE25","1996",10.657,,,,"T2:239"
"IRN","AA:1267","EAP_DWAP_SEX_AGE_RT","SEX_T","AGE_AGGREGATE_YGE15","1996",43.119,,,,"T2:239"
"IRN","AA:1267","EAP_DWAP_SEX_AGE_RT","SEX_T","AGE_AGGREGATE_Y15-24","1996",30.727,,,,"T2:239"
"IRN","AA:1267","EAP_DWAP_SEX_AGE_RT","SEX_T","AGE_AGGREGATE_Y25-54","1996",53.064,,,,"T2:239"
"IRN","AA:1267","EAP_DWAP_SEX_AGE_RT","SEX_T","AGE_AGGREGATE_Y55-64","1996",43.57,,,,"T2:239"
"IRN","AA:1267","EAP_DWAP_SEX_AGE_RT","SEX_T","AGE_AGGREGATE_YGE65","1996",30.218,,,,"T2:239"
"IRN","AA:1267","EAP_DWAP_SEX_AGE_RT","SEX_M","AGE_AGGREGATE_YGE15","1996",74.761,,,,"T2:239"
"IRN","AA:1267","EAP_DWAP_SEX_AGE_RT","SEX_M","AGE_AGGREGATE_Y15-24","1996",50.991,,,,"T2:239"
"IRN","AA:1267","EAP_DWAP_SEX_AGE_RT","SEX_M","AGE_AGGREGATE_Y25-54","1996",92.97,,,,"T2:239"
"IRN","AA:1267","EAP_DWAP_SEX_AGE_RT","SEX_M","AGE_AGGREGATE_Y55-64","1996",77.099,,,,"T2:239"
"IRN","AA:1267","EAP_DWAP_SEX_AGE_RT","SEX_M","AGE_AGGREGATE_YGE65","1996",54.32,,,,"T2:239"
"IRN","AA:1267","EAP_DWAP_SEX_AGE_RT","SEX_F","AGE_AGGREGATE_YGE15","1996",10.641,,,,"T2:239"
"IRN","AA:1267","EAP_DWAP_SEX_AGE_RT","SEX_F","AGE_AGGREGATE_Y15-24","1996",10.61,,,,"T2:239"
"IRN","AA:1267","EAP_DWAP_SEX_AGE_RT","SEX_F","AGE_AGGREGATE_Y25-54","1996",12.479,,,,"T2:239"
"IRN","AA:1267","EAP_DWAP_SEX_AGE_RT","SEX_F","AGE_AGGREGATE_Y55-64","1996",5.012,,,,"T2:239"
"IRN","AA:1267","EAP_DWAP_SEX_AGE_RT","SEX_F","AGE_AGGREGATE_YGE65","1996",2.744,,,,"T2:239"
"IRN","AA:1267","EAP_DWAP_SEX_AGE_RT","SEX_T","AGE_10YRBANDS_YGE15","1996",43.119,,,,"T2:239"
"IRN","AA:1267","EAP_DWAP_SEX_AGE_RT","SEX_T","AGE_10YRBANDS_Y15-24","1996",30.727,,,,"T2:239"
"IRN","AA:1267","EAP_DWAP_SEX_AGE_RT","SEX_T","AGE_10YRBANDS_Y25-34","1996",53.33,,,,"T2:239"
"IRN","AA:1267","EAP_DWAP_SEX_AGE_RT","SEX_T","AGE_10YRBANDS_Y35-44","1996",54.972,,,,"T2:239"
"IRN","AA:1267","EAP_DWAP_SEX_AGE_RT","SEX_T","AGE_10YRBANDS_Y45-54","1996",48.972,,,,"T2:239"
"IRN","AA:1267","EAP_DWAP_SEX_AGE_RT","SEX_T","AGE_10YRBANDS_Y55-64","1996",43.57,,,,"T2:239"
"IRN","AA:1267","EAP_DWAP_SEX_AGE_RT","SEX_T","AGE_10YRBANDS_YGE65","1996",30.218,,,,"T2:239"
"IRN","AA:1267","EAP_DWAP_SEX_AGE_RT","SEX_M","AGE_10YRBANDS_YGE15","1996",74.761,,,,"T2:239"
"IRN","AA:1267","EAP_DWAP_SEX_AGE_RT","SEX_M","AGE_10YRBANDS_Y15-24","1996",50.991,,,,"T2:239"
"IRN","AA:1267","EAP_DWAP_SEX_AGE_RT","SEX_M","AGE_10YRBANDS_Y25-34","1996",92.449,,,,"T2:239"
"IRN","AA:1267","EAP_DWAP_SEX_AGE_RT","SEX_M","AGE_10YRBANDS_Y35-44","1996",95.447,,,,"T2:239"
"IRN","AA:1267","EAP_DWAP_SEX_AGE_RT","SEX_M","AGE_10YRBANDS_Y45-54","1996",89.694,,,,"T2:239"
"IRN","AA:1267","EAP_DWAP_SEX_AGE_RT","SEX_M","AGE_10YRBANDS_Y55-64","1996",77.099,,,,"T2:239"
"IRN","AA:1267","EAP_DWAP_SEX_AGE_RT","SEX_M","AGE_10YRBANDS_YGE65","1996",54.32,,,,"T2:239"
"IRN","AA:1267","EAP_DWAP_SEX_AGE_RT","SEX_F","AGE_10YRBANDS_YGE15","1996",10.641,,,,"T2:239"
"IRN","AA:1267","EAP_DWAP_SEX_AGE_RT","SEX_F","AGE_10YRBANDS_Y15-24","1996",10.61,,,,"T2:239"
"IRN","AA:1267","EAP_DWAP_SEX_AGE_RT","SEX_F","AGE_10YRBANDS_Y25-34","1996",13.594,,,,"T2:239"
"IRN","AA:1267","EAP_DWAP_SEX_AGE_RT","SEX_F","AGE_10YRBANDS_Y35-44","1996",13.031,,,,"T2:239"
"IRN","AA:1267","EAP_DWAP_SEX_AGE_RT","SEX_F","AGE_10YRBANDS_Y45-54","1996",8.812,,,,"T2:239"
"IRN","AA:1267","EAP_DWAP_SEX_AGE_RT","SEX_F","AGE_10YRBANDS_Y55-64","1996",5.012,,,,"T2:239"
"IRN","AA:1267","EAP_DWAP_SEX_AGE_RT","SEX_F","AGE_10YRBANDS_YGE65","1996",2.744,,,,"T2:239"
"IRN","AA:1267","EAP_DWAP_SEX_AGE_RT","SEX_T","AGE_5YRBANDS_YGE15","1996",43.119,,,,"T2:239"
"IRN","AA:1267","EAP_DWAP_SEX_AGE_RT","SEX_T","AGE_5YRBANDS_Y15-19","1996",21.743,,,,"T2:239"
"IRN","AA:1267","EAP_DWAP_SEX_AGE_RT","SEX_T","AGE_5YRBANDS_Y20-24","1996",42.968,,,,"T2:239"
"IRN","AA:1267","EAP_DWAP_SEX_AGE_RT","SEX_T","AGE_5YRBANDS_Y25-29","1996",52.382,,,,"T2:239"
"IRN","AA:1267","EAP_DWAP_SEX_AGE_RT","SEX_T","AGE_5YRBANDS_Y30-34","1996",54.451,,,,"T2:239"
"IRN","AA:1267","EAP_DWAP_SEX_AGE_RT","SEX_T","AGE_5YRBANDS_Y35-39","1996",55.195,,,,"T2:239"
"IRN","AA:1267","EAP_DWAP_SEX_AGE_RT","SEX_T","AGE_5YRBANDS_Y40-44","1996",54.688,,,,"T2:239"
"IRN","AA:1267","EAP_DWAP_SEX_AGE_RT","SEX_T","AGE_5YRBANDS_Y45-49","1996",50.661,,,,"T2:239"
"IRN","AA:1267","EAP_DWAP_SEX_AGE_RT","SEX_T","AGE_5YRBANDS_Y50-54","1996",46.749,,,,"T2:239"
"IRN","AA:1267","EAP_DWAP_SEX_AGE_RT","SEX_T","AGE_5YRBANDS_Y55-59","1996",45.202,,,,"T2:239"
"IRN","AA:1267","EAP_DWAP_SEX_AGE_RT","SEX_T","AGE_5YRBANDS_Y60-64","1996",41.957,,,,"T2:239"
"IRN","AA:1267","EAP_DWAP_SEX_AGE_RT","SEX_T","AGE_5YRBANDS_YGE65","1996",30.218,,,,"T2:239"
"IRN","AA:1267","EAP_DWAP_SEX_AGE_RT","SEX_M","AGE_5YRBANDS_YGE15","1996",74.761,,,,"T2:239"
"IRN","AA:1267","EAP_DWAP_SEX_AGE_RT","SEX_M","AGE_5YRBANDS_Y15-19","1996",34.681,,,,"T2:239"
"IRN","AA:1267","EAP_DWAP_SEX_AGE_RT","SEX_M","AGE_5YRBANDS_Y20-24","1996",73.741,,,,"T2:239"
"IRN","AA:1267","EAP_DWAP_SEX_AGE_RT","SEX_M","AGE_5YRBANDS_Y25-29","1996",90.252,,,,"T2:239"
"IRN","AA:1267","EAP_DWAP_SEX_AGE_RT","SEX_M","AGE_5YRBANDS_Y30-34","1996",95.032,,,,"T2:239"
"IRN","AA:1267","EAP_DWAP_SEX_AGE_RT","SEX_M","AGE_5YRBANDS_Y35-39","1996",95.801,,,,"T2:239"
"IRN","AA:1267","EAP_DWAP_SEX_AGE_RT","SEX_M","AGE_5YRBANDS_Y40-44","1996",94.998,,,,"T2:239"
"IRN","AA:1267","EAP_DWAP_SEX_AGE_RT","SEX_M","AGE_5YRBANDS_Y45-49","1996",92.658,,,,"T2:239"
"IRN","AA:1267","EAP_DWAP_SEX_AGE_RT","SEX_M","AGE_5YRBANDS_Y50-54","1996",85.875,,,,"T2:239"
"IRN","AA:1267","EAP_DWAP_SEX_AGE_RT","SEX_M","AGE_5YRBANDS_Y55-59","1996",81.134,,,,"T2:239"
"IRN","AA:1267","EAP_DWAP_SEX_AGE_RT","SEX_M","AGE_5YRBANDS_Y60-64","1996",73.258,,,,"T2:239"
"IRN","AA:1267","EAP_DWAP_SEX_AGE_RT","SEX_M","AGE_5YRBANDS_YGE65","1996",54.32,,,,"T2:239"
"IRN","AA:1267","EAP_DWAP_SEX_AGE_RT","SEX_F","AGE_5YRBANDS_YGE15","1996",10.641,,,,"T2:239"
"IRN","AA:1267","EAP_DWAP_SEX_AGE_RT","SEX_F","AGE_5YRBANDS_Y15-19","1996",8.643,,,,"T2:239"
"IRN","AA:1267","EAP_DWAP_SEX_AGE_RT","SEX_F","AGE_5YRBANDS_Y20-24","1996",13.228,,,,"T2:239"
"IRN","AA:1267","EAP_DWAP_SEX_AGE_RT","SEX_F","AGE_5YRBANDS_Y25-29","1996",14.149,,,,"T2:239"
"IRN","AA:1267","EAP_DWAP_SEX_AGE_RT","SEX_F","AGE_5YRBANDS_Y30-34","1996",12.933,,,,"T2:239"
"IRN","AA:1267","EAP_DWAP_SEX_AGE_RT","SEX_F","AGE_5YRBANDS_Y35-39","1996",13.121,,,,"T2:239"
"IRN","AA:1267","EAP_DWAP_SEX_AGE_RT","SEX_F","AGE_5YRBANDS_Y40-44","1996",12.918,,,,"T2:239"
"IRN","AA:1267","EAP_DWAP_SEX_AGE_RT","SEX_F","AGE_5YRBANDS_Y45-49","1996",10.008,,,,"T2:239"
"IRN","AA:1267","EAP_DWAP_SEX_AGE_RT","SEX_F","AGE_5YRBANDS_Y50-54","1996",7.204,,,,"T2:239"
"IRN","AA:1267","EAP_DWAP_SEX_AGE_RT","SEX_F","AGE_5YRBANDS_Y55-59","1996",5.52,,,,"T2:239"
"IRN","AA:1267","EAP_DWAP_SEX_AGE_RT","SEX_F","AGE_5YRBANDS_Y60-64","1996",4.487,,,,"T2:239"
"IRN","AA:1267","EAP_DWAP_SEX_AGE_RT","SEX_F","AGE_5YRBANDS_YGE65","1996",2.744,,,,"T2:239"
"IRN","AA:1267","EAP_DWAP_SEX_AGE_RT","SEX_T","AGE_YTHADULT_YGE15","1991",46.111,,,,
"IRN","AA:1267","EAP_DWAP_SEX_AGE_RT","SEX_T","AGE_YTHADULT_Y15-64","1991",46.828,,,,
"IRN","AA:1267","EAP_DWAP_SEX_AGE_RT","SEX_T","AGE_YTHADULT_Y15-24","1991",37.274,,,,
"IRN","AA:1267","EAP_DWAP_SEX_AGE_RT","SEX_T","AGE_YTHADULT_YGE25","1991",50.86,,,,
"IRN","AA:1267","EAP_DWAP_SEX_AGE_RT","SEX_M","AGE_YTHADULT_YGE15","1991",79.895,,,,
"IRN","AA:1267","EAP_DWAP_SEX_AGE_RT","SEX_M","AGE_YTHADULT_Y15-64","1991",81.346,,,,
"IRN","AA:1267","EAP_DWAP_SEX_AGE_RT","SEX_M","AGE_YTHADULT_Y15-24","1991",60.776,,,,
"IRN","AA:1267","EAP_DWAP_SEX_AGE_RT","SEX_M","AGE_YTHADULT_YGE25","1991",90.067,,,,
"IRN","AA:1267","EAP_DWAP_SEX_AGE_RT","SEX_F","AGE_YTHADULT_YGE15","1991",9.916,,,,
"IRN","AA:1267","EAP_DWAP_SEX_AGE_RT","SEX_F","AGE_YTHADULT_Y15-64","1991",10.292,,,,
"IRN","AA:1267","EAP_DWAP_SEX_AGE_RT","SEX_F","AGE_YTHADULT_Y15-24","1991",12.438,,,,
"IRN","AA:1267","EAP_DWAP_SEX_AGE_RT","SEX_F","AGE_YTHADULT_YGE25","1991",8.545,,,,
"IRN","AA:1267","EAP_DWAP_SEX_AGE_RT","SEX_T","AGE_AGGREGATE_YGE15","1991",46.111,,,,
"IRN","AA:1267","EAP_DWAP_SEX_AGE_RT","SEX_T","AGE_AGGREGATE_Y15-24","1991",37.274,,,,
"IRN","AA:1267","EAP_DWAP_SEX_AGE_RT","SEX_T","AGE_AGGREGATE_Y25-54","1991",53.342,,,,
"IRN","AA:1267","EAP_DWAP_SEX_AGE_RT","SEX_T","AGE_AGGREGATE_Y55-64","1991",47.686,,,,
"IRN","AA:1267","EAP_DWAP_SEX_AGE_RT","SEX_T","AGE_AGGREGATE_YGE65","1991",35.041,,,,
"IRN","AA:1267","EAP_DWAP_SEX_AGE_RT","SEX_M","AGE_AGGREGATE_YGE15","1991",79.895,,,,
"IRN","AA:1267","EAP_DWAP_SEX_AGE_RT","SEX_M","AGE_AGGREGATE_Y15-24","1991",60.776,,,,
"IRN","AA:1267","EAP_DWAP_SEX_AGE_RT","SEX_M","AGE_AGGREGATE_Y25-54","1991",95.52,,,,
"IRN","AA:1267","EAP_DWAP_SEX_AGE_RT","SEX_M","AGE_AGGREGATE_Y55-64","1991",83.148,,,,
"IRN","AA:1267","EAP_DWAP_SEX_AGE_RT","SEX_M","AGE_AGGREGATE_YGE65","1991",59.478,,,,
"IRN","AA:1267","EAP_DWAP_SEX_AGE_RT","SEX_F","AGE_AGGREGATE_YGE15","1991",9.916,,,,
"IRN","AA:1267","EAP_DWAP_SEX_AGE_RT","SEX_F","AGE_AGGREGATE_Y15-24","1991",12.438,,,,
"IRN","AA:1267","EAP_DWAP_SEX_AGE_RT","SEX_F","AGE_AGGREGATE_Y25-54","1991",9.831,,,,
"IRN","AA:1267","EAP_DWAP_SEX_AGE_RT","SEX_F","AGE_AGGREGATE_Y55-64","1991",3.951,,,,
"IRN","AA:1267","EAP_DWAP_SEX_AGE_RT","SEX_F","AGE_AGGREGATE_YGE65","1991",3.45,,,,
"IRN","AA:1267","EAP_DWAP_SEX_AGE_RT","SEX_T","AGE_10YRBANDS_YGE15","1991",46.111,,,,
"IRN","AA:1267","EAP_DWAP_SEX_AGE_RT","SEX_T","AGE_10YRBANDS_Y15-24","1991",37.274,,,,
"IRN","AA:1267","EAP_DWAP_SEX_AGE_RT","SEX_T","AGE_10YRBANDS_Y25-34","1991",53.879,,,,
"IRN","AA:1267","EAP_DWAP_SEX_AGE_RT","SEX_T","AGE_10YRBANDS_Y35-44","1991",54.245,,,,
"IRN","AA:1267","EAP_DWAP_SEX_AGE_RT","SEX_T","AGE_10YRBANDS_Y45-54","1991",50.654,,,,
"IRN","AA:1267","EAP_DWAP_SEX_AGE_RT","SEX_T","AGE_10YRBANDS_Y55-64","1991",47.686,,,,
"IRN","AA:1267","EAP_DWAP_SEX_AGE_RT","SEX_T","AGE_10YRBANDS_YGE65","1991",35.041,,,,
"IRN","AA:1267","EAP_DWAP_SEX_AGE_RT","SEX_M","AGE_10YRBANDS_YGE15","1991",79.895,,,,
"IRN","AA:1267","EAP_DWAP_SEX_AGE_RT","SEX_M","AGE_10YRBANDS_Y15-24","1991",60.776,,,,
"IRN","AA:1267","EAP_DWAP_SEX_AGE_RT","SEX_M","AGE_10YRBANDS_Y25-34","1991",95.569,,,,
"IRN","AA:1267","EAP_DWAP_SEX_AGE_RT","SEX_M","AGE_10YRBANDS_Y35-44","1991",97.167,,,,
"IRN","AA:1267","EAP_DWAP_SEX_AGE_RT","SEX_M","AGE_10YRBANDS_Y45-54","1991",92.873,,,,
"IRN","AA:1267","EAP_DWAP_SEX_AGE_RT","SEX_M","AGE_10YRBANDS_Y55-64","1991",83.148,,,,
"IRN","AA:1267","EAP_DWAP_SEX_AGE_RT","SEX_M","AGE_10YRBANDS_YGE65","1991",59.478,,,,
"IRN","AA:1267","EAP_DWAP_SEX_AGE_RT","SEX_F","AGE_10YRBANDS_YGE15","1991",9.916,,,,
"IRN","AA:1267","EAP_DWAP_SEX_AGE_RT","SEX_F","AGE_10YRBANDS_Y15-24","1991",12.438,,,,
"IRN","AA:1267","EAP_DWAP_SEX_AGE_RT","SEX_F","AGE_10YRBANDS_Y25-34","1991",11.344,,,,
"IRN","AA:1267","EAP_DWAP_SEX_AGE_RT","SEX_F","AGE_10YRBANDS_Y35-44","1991",9.981,,,,
"IRN","AA:1267","EAP_DWAP_SEX_AGE_RT","SEX_F","AGE_10YRBANDS_Y45-54","1991",5.916,,,,
"IRN","AA:1267","EAP_DWAP_SEX_AGE_RT","SEX_F","AGE_10YRBANDS_Y55-64","1991",3.951,,,,
"IRN","AA:1267","EAP_DWAP_SEX_AGE_RT","SEX_F","AGE_10YRBANDS_YGE65","1991",3.45,,,,
"IRN","AA:1267","EAP_DWAP_SEX_AGE_RT","SEX_T","AGE_5YRBANDS_YGE15","1991",46.111,,,,
"IRN","AA:1267","EAP_DWAP_SEX_AGE_RT","SEX_T","AGE_5YRBANDS_Y15-19","1991",27.347,,,,
"IRN","AA:1267","EAP_DWAP_SEX_AGE_RT","SEX_T","AGE_5YRBANDS_Y20-24","1991",49.131,,,,
"IRN","AA:1267","EAP_DWAP_SEX_AGE_RT","SEX_T","AGE_5YRBANDS_Y25-29","1991",53.094,,,,
"IRN","AA:1267","EAP_DWAP_SEX_AGE_RT","SEX_T","AGE_5YRBANDS_Y30-34","1991",54.775,,,,
"IRN","AA:1267","EAP_DWAP_SEX_AGE_RT","SEX_T","AGE_5YRBANDS_Y35-39","1991",55.022,,,,
"IRN","AA:1267","EAP_DWAP_SEX_AGE_RT","SEX_T","AGE_5YRBANDS_Y40-44","1991",53.152,,,,
"IRN","AA:1267","EAP_DWAP_SEX_AGE_RT","SEX_T","AGE_5YRBANDS_Y45-49","1991",51.37,,,,
"IRN","AA:1267","EAP_DWAP_SEX_AGE_RT","SEX_T","AGE_5YRBANDS_Y50-54","1991",49.935,,,,
"IRN","AA:1267","EAP_DWAP_SEX_AGE_RT","SEX_T","AGE_5YRBANDS_Y55-59","1991",49.667,,,,
"IRN","AA:1267","EAP_DWAP_SEX_AGE_RT","SEX_T","AGE_5YRBANDS_Y60-64","1991",45.492,,,,
"IRN","AA:1267","EAP_DWAP_SEX_AGE_RT","SEX_T","AGE_5YRBANDS_YGE65","1991",35.041,,,,
"IRN","AA:1267","EAP_DWAP_SEX_AGE_RT","SEX_M","AGE_5YRBANDS_YGE15","1991",79.895,,,,
"IRN","AA:1267","EAP_DWAP_SEX_AGE_RT","SEX_M","AGE_5YRBANDS_Y15-19","1991",42.494,,,,
"IRN","AA:1267","EAP_DWAP_SEX_AGE_RT","SEX_M","AGE_5YRBANDS_Y20-24","1991",82.955,,,,
"IRN","AA:1267","EAP_DWAP_SEX_AGE_RT","SEX_M","AGE_5YRBANDS_Y25-29","1991",94.282,,,,
"IRN","AA:1267","EAP_DWAP_SEX_AGE_RT","SEX_M","AGE_5YRBANDS_Y30-34","1991",97.024,,,,
"IRN","AA:1267","EAP_DWAP_SEX_AGE_RT","SEX_M","AGE_5YRBANDS_Y35-39","1991",97.455,,,,
"IRN","AA:1267","EAP_DWAP_SEX_AGE_RT","SEX_M","AGE_5YRBANDS_Y40-44","1991",96.757,,,,
"IRN","AA:1267","EAP_DWAP_SEX_AGE_RT","SEX_M","AGE_5YRBANDS_Y45-49","1991",94.865,,,,
"IRN","AA:1267","EAP_DWAP_SEX_AGE_RT","SEX_M","AGE_5YRBANDS_Y50-54","1991",90.938,,,,
"IRN","AA:1267","EAP_DWAP_SEX_AGE_RT","SEX_M","AGE_5YRBANDS_Y55-59","1991",86.958,,,,
"IRN","AA:1267","EAP_DWAP_SEX_AGE_RT","SEX_M","AGE_5YRBANDS_Y60-64","1991",78.97,,,,
"IRN","AA:1267","EAP_DWAP_SEX_AGE_RT","SEX_M","AGE_5YRBANDS_YGE65","1991",59.478,,,,
"IRN","AA:1267","EAP_DWAP_SEX_AGE_RT","SEX_F","AGE_5YRBANDS_YGE15","1991",9.916,,,,
"IRN","AA:1267","EAP_DWAP_SEX_AGE_RT","SEX_F","AGE_5YRBANDS_Y15-19","1991",11.104,,,,
"IRN","AA:1267","EAP_DWAP_SEX_AGE_RT","SEX_F","AGE_5YRBANDS_Y20-24","1991",14.006,,,,
"IRN","AA:1267","EAP_DWAP_SEX_AGE_RT","SEX_F","AGE_5YRBANDS_Y25-29","1991",11.499,,,,
"IRN","AA:1267","EAP_DWAP_SEX_AGE_RT","SEX_F","AGE_5YRBANDS_Y30-34","1991",11.163,,,,
"IRN","AA:1267","EAP_DWAP_SEX_AGE_RT","SEX_F","AGE_5YRBANDS_Y35-39","1991",10.835,,,,
"IRN","AA:1267","EAP_DWAP_SEX_AGE_RT","SEX_F","AGE_5YRBANDS_Y40-44","1991",8.794,,,,
"IRN","AA:1267","EAP_DWAP_SEX_AGE_RT","SEX_F","AGE_5YRBANDS_Y45-49","1991",6.836,,,,
"IRN","AA:1267","EAP_DWAP_SEX_AGE_RT","SEX_F","AGE_5YRBANDS_Y50-54","1991",4.958,,,,
"IRN","AA:1267","EAP_DWAP_SEX_AGE_RT","SEX_F","AGE_5YRBANDS_Y55-59","1991",4.132,,,,
"IRN","AA:1267","EAP_DWAP_SEX_AGE_RT","SEX_F","AGE_5YRBANDS_Y60-64","1991",3.748,,,,
"IRN","AA:1267","EAP_DWAP_SEX_AGE_RT","SEX_F","AGE_5YRBANDS_YGE65","1991",3.45,,,,
