"ref_area","source","indicator","sex","classif1","time","obs_value","obs_status","note_classif","note_indicator","note_source"
"EGY","BA:582","EMP_TEMP_SEX_AGE_NB","SEX_T","AGE_YTHADULT_YGE15","2024",32677.758,"B",,"I11:264","R1:3513"
"EGY","BA:582","EMP_TEMP_SEX_AGE_NB","SEX_T","AGE_YTHADULT_Y15-64","2024",32174.673,"B",,"I11:264","R1:3513"
"EGY","BA:582","EMP_TEMP_SEX_AGE_NB","SEX_T","AGE_YTHADULT_Y15-24","2024",4804.885,"B",,"I11:264","R1:3513"
"EGY","BA:582","EMP_TEMP_SEX_AGE_NB","SEX_T","AGE_YTHADULT_YGE25","2024",27872.873,"B",,"I11:264","R1:3513"
"EGY","BA:582","EMP_TEMP_SEX_AGE_NB","SEX_M","AGE_YTHADULT_YGE15","2024",25253.641,"B",,"I11:264","R1:3513"
"EGY","BA:582","EMP_TEMP_SEX_AGE_NB","SEX_M","AGE_YTHADULT_Y15-64","2024",24864.351,"B",,"I11:264","R1:3513"
"EGY","BA:582","EMP_TEMP_SEX_AGE_NB","SEX_M","AGE_YTHADULT_Y15-24","2024",3889.891,"B",,"I11:264","R1:3513"
"EGY","BA:582","EMP_TEMP_SEX_AGE_NB","SEX_M","AGE_YTHADULT_YGE25","2024",21363.75,"B",,"I11:264","R1:3513"
"EGY","BA:582","EMP_TEMP_SEX_AGE_NB","SEX_F","AGE_YTHADULT_YGE15","2024",7424.118,"B",,"I11:264","R1:3513"
"EGY","BA:582","EMP_TEMP_SEX_AGE_NB","SEX_F","AGE_YTHADULT_Y15-64","2024",7310.322,"B",,"I11:264","R1:3513"
"EGY","BA:582","EMP_TEMP_SEX_AGE_NB","SEX_F","AGE_YTHADULT_Y15-24","2024",914.995,"B",,"I11:264","R1:3513"
"EGY","BA:582","EMP_TEMP_SEX_AGE_NB","SEX_F","AGE_YTHADULT_YGE25","2024",6509.123,"B",,"I11:264","R1:3513"
"EGY","BA:582","EMP_TEMP_SEX_AGE_NB","SEX_T","AGE_AGGREGATE_YGE15","2024",32677.758,"B",,"I11:264","R1:3513"
"EGY","BA:582","EMP_TEMP_SEX_AGE_NB","SEX_T","AGE_AGGREGATE_Y15-24","2024",4804.885,"B",,"I11:264","R1:3513"
"EGY","BA:582","EMP_TEMP_SEX_AGE_NB","SEX_T","AGE_AGGREGATE_Y25-54","2024",23831.673,"B",,"I11:264","R1:3513"
"EGY","BA:582","EMP_TEMP_SEX_AGE_NB","SEX_T","AGE_AGGREGATE_Y55-64","2024",3538.114,"B",,"I11:264","R1:3513"
"EGY","BA:582","EMP_TEMP_SEX_AGE_NB","SEX_T","AGE_AGGREGATE_YGE65","2024",503.085,"B",,"I11:264","R1:3513"
"EGY","BA:582","EMP_TEMP_SEX_AGE_NB","SEX_M","AGE_AGGREGATE_YGE15","2024",25253.641,"B",,"I11:264","R1:3513"
"EGY","BA:582","EMP_TEMP_SEX_AGE_NB","SEX_M","AGE_AGGREGATE_Y15-24","2024",3889.891,"B",,"I11:264","R1:3513"
"EGY","BA:582","EMP_TEMP_SEX_AGE_NB","SEX_M","AGE_AGGREGATE_Y25-54","2024",18284.5,"B",,"I11:264","R1:3513"
"EGY","BA:582","EMP_TEMP_SEX_AGE_NB","SEX_M","AGE_AGGREGATE_Y55-64","2024",2689.961,"B",,"I11:264","R1:3513"
"EGY","BA:582","EMP_TEMP_SEX_AGE_NB","SEX_M","AGE_AGGREGATE_YGE65","2024",389.289,"B",,"I11:264","R1:3513"
"EGY","BA:582","EMP_TEMP_SEX_AGE_NB","SEX_F","AGE_AGGREGATE_YGE15","2024",7424.118,"B",,"I11:264","R1:3513"
"EGY","BA:582","EMP_TEMP_SEX_AGE_NB","SEX_F","AGE_AGGREGATE_Y15-24","2024",914.995,"B",,"I11:264","R1:3513"
"EGY","BA:582","EMP_TEMP_SEX_AGE_NB","SEX_F","AGE_AGGREGATE_Y25-54","2024",5547.173,"B",,"I11:264","R1:3513"
"EGY","BA:582","EMP_TEMP_SEX_AGE_NB","SEX_F","AGE_AGGREGATE_Y55-64","2024",848.154,"B",,"I11:264","R1:3513"
"EGY","BA:582","EMP_TEMP_SEX_AGE_NB","SEX_F","AGE_AGGREGATE_YGE65","2024",113.796,"B",,"I11:264","R1:3513"
"EGY","BA:582","EMP_TEMP_SEX_AGE_NB","SEX_T","AGE_10YRBANDS_YGE15","2024",32677.758,"B",,"I11:264","R1:3513"
"EGY","BA:582","EMP_TEMP_SEX_AGE_NB","SEX_T","AGE_10YRBANDS_Y15-24","2024",4804.885,"B",,"I11:264","R1:3513"
"EGY","BA:582","EMP_TEMP_SEX_AGE_NB","SEX_T","AGE_10YRBANDS_Y25-34","2024",7951.211,"B",,"I11:264","R1:3513"
"EGY","BA:582","EMP_TEMP_SEX_AGE_NB","SEX_T","AGE_10YRBANDS_Y35-44","2024",9265.73,"B",,"I11:264","R1:3513"
"EGY","BA:582","EMP_TEMP_SEX_AGE_NB","SEX_T","AGE_10YRBANDS_Y45-54","2024",6614.731,"B",,"I11:264","R1:3513"
"EGY","BA:582","EMP_TEMP_SEX_AGE_NB","SEX_T","AGE_10YRBANDS_Y55-64","2024",3538.114,"B",,"I11:264","R1:3513"
"EGY","BA:582","EMP_TEMP_SEX_AGE_NB","SEX_T","AGE_10YRBANDS_YGE65","2024",503.085,"B",,"I11:264","R1:3513"
"EGY","BA:582","EMP_TEMP_SEX_AGE_NB","SEX_M","AGE_10YRBANDS_YGE15","2024",25253.641,"B",,"I11:264","R1:3513"
"EGY","BA:582","EMP_TEMP_SEX_AGE_NB","SEX_M","AGE_10YRBANDS_Y15-24","2024",3889.891,"B",,"I11:264","R1:3513"
"EGY","BA:582","EMP_TEMP_SEX_AGE_NB","SEX_M","AGE_10YRBANDS_Y25-34","2024",6238.092,"B",,"I11:264","R1:3513"
"EGY","BA:582","EMP_TEMP_SEX_AGE_NB","SEX_M","AGE_10YRBANDS_Y35-44","2024",6998.614,"B",,"I11:264","R1:3513"
"EGY","BA:582","EMP_TEMP_SEX_AGE_NB","SEX_M","AGE_10YRBANDS_Y45-54","2024",5047.793,"B",,"I11:264","R1:3513"
"EGY","BA:582","EMP_TEMP_SEX_AGE_NB","SEX_M","AGE_10YRBANDS_Y55-64","2024",2689.961,"B",,"I11:264","R1:3513"
"EGY","BA:582","EMP_TEMP_SEX_AGE_NB","SEX_M","AGE_10YRBANDS_YGE65","2024",389.289,"B",,"I11:264","R1:3513"
"EGY","BA:582","EMP_TEMP_SEX_AGE_NB","SEX_F","AGE_10YRBANDS_YGE15","2024",7424.118,"B",,"I11:264","R1:3513"
"EGY","BA:582","EMP_TEMP_SEX_AGE_NB","SEX_F","AGE_10YRBANDS_Y15-24","2024",914.995,"B",,"I11:264","R1:3513"
"EGY","BA:582","EMP_TEMP_SEX_AGE_NB","SEX_F","AGE_10YRBANDS_Y25-34","2024",1713.119,"B",,"I11:264","R1:3513"
"EGY","BA:582","EMP_TEMP_SEX_AGE_NB","SEX_F","AGE_10YRBANDS_Y35-44","2024",2267.116,"B",,"I11:264","R1:3513"
"EGY","BA:582","EMP_TEMP_SEX_AGE_NB","SEX_F","AGE_10YRBANDS_Y45-54","2024",1566.938,"B",,"I11:264","R1:3513"
"EGY","BA:582","EMP_TEMP_SEX_AGE_NB","SEX_F","AGE_10YRBANDS_Y55-64","2024",848.154,"B",,"I11:264","R1:3513"
"EGY","BA:582","EMP_TEMP_SEX_AGE_NB","SEX_F","AGE_10YRBANDS_YGE65","2024",113.796,"B",,"I11:264","R1:3513"
"EGY","BA:582","EMP_TEMP_SEX_AGE_NB","SEX_T","AGE_5YRBANDS_YGE15","2024",32677.758,"B",,"I11:264","R1:3513"
"EGY","BA:582","EMP_TEMP_SEX_AGE_NB","SEX_T","AGE_5YRBANDS_Y15-19","2024",1611.485,"B",,"I11:264","R1:3513"
"EGY","BA:582","EMP_TEMP_SEX_AGE_NB","SEX_T","AGE_5YRBANDS_Y20-24","2024",3193.401,"B",,"I11:264","R1:3513"
"EGY","BA:582","EMP_TEMP_SEX_AGE_NB","SEX_T","AGE_5YRBANDS_Y25-29","2024",3806.319,"B",,"I11:264","R1:3513"
"EGY","BA:582","EMP_TEMP_SEX_AGE_NB","SEX_T","AGE_5YRBANDS_Y30-34","2024",4144.892,"B",,"I11:264","R1:3513"
"EGY","BA:582","EMP_TEMP_SEX_AGE_NB","SEX_T","AGE_5YRBANDS_Y35-39","2024",4883.191,"B",,"I11:264","R1:3513"
"EGY","BA:582","EMP_TEMP_SEX_AGE_NB","SEX_T","AGE_5YRBANDS_Y40-44","2024",4382.539,"B",,"I11:264","R1:3513"
"EGY","BA:582","EMP_TEMP_SEX_AGE_NB","SEX_T","AGE_5YRBANDS_Y45-49","2024",3588.605,"B",,"I11:264","R1:3513"
"EGY","BA:582","EMP_TEMP_SEX_AGE_NB","SEX_T","AGE_5YRBANDS_Y50-54","2024",3026.126,"B",,"I11:264","R1:3513"
"EGY","BA:582","EMP_TEMP_SEX_AGE_NB","SEX_T","AGE_5YRBANDS_Y55-59","2024",2448.423,"B",,"I11:264","R1:3513"
"EGY","BA:582","EMP_TEMP_SEX_AGE_NB","SEX_T","AGE_5YRBANDS_Y60-64","2024",1089.692,"B",,"I11:264","R1:3513"
"EGY","BA:582","EMP_TEMP_SEX_AGE_NB","SEX_T","AGE_5YRBANDS_YGE65","2024",503.085,"B",,"I11:264","R1:3513"
"EGY","BA:582","EMP_TEMP_SEX_AGE_NB","SEX_M","AGE_5YRBANDS_YGE15","2024",25253.641,"B",,"I11:264","R1:3513"
"EGY","BA:582","EMP_TEMP_SEX_AGE_NB","SEX_M","AGE_5YRBANDS_Y15-19","2024",1337.251,"B",,"I11:264","R1:3513"
"EGY","BA:582","EMP_TEMP_SEX_AGE_NB","SEX_M","AGE_5YRBANDS_Y20-24","2024",2552.64,"B",,"I11:264","R1:3513"
"EGY","BA:582","EMP_TEMP_SEX_AGE_NB","SEX_M","AGE_5YRBANDS_Y25-29","2024",2990.794,"B",,"I11:264","R1:3513"
"EGY","BA:582","EMP_TEMP_SEX_AGE_NB","SEX_M","AGE_5YRBANDS_Y30-34","2024",3247.298,"B",,"I11:264","R1:3513"
"EGY","BA:582","EMP_TEMP_SEX_AGE_NB","SEX_M","AGE_5YRBANDS_Y35-39","2024",3698.794,"B",,"I11:264","R1:3513"
"EGY","BA:582","EMP_TEMP_SEX_AGE_NB","SEX_M","AGE_5YRBANDS_Y40-44","2024",3299.82,"B",,"I11:264","R1:3513"
"EGY","BA:582","EMP_TEMP_SEX_AGE_NB","SEX_M","AGE_5YRBANDS_Y45-49","2024",2736.162,"B",,"I11:264","R1:3513"
"EGY","BA:582","EMP_TEMP_SEX_AGE_NB","SEX_M","AGE_5YRBANDS_Y50-54","2024",2311.631,"B",,"I11:264","R1:3513"
"EGY","BA:582","EMP_TEMP_SEX_AGE_NB","SEX_M","AGE_5YRBANDS_Y55-59","2024",1843.931,"B",,"I11:264","R1:3513"
"EGY","BA:582","EMP_TEMP_SEX_AGE_NB","SEX_M","AGE_5YRBANDS_Y60-64","2024",846.029,"B",,"I11:264","R1:3513"
"EGY","BA:582","EMP_TEMP_SEX_AGE_NB","SEX_M","AGE_5YRBANDS_YGE65","2024",389.289,"B",,"I11:264","R1:3513"
"EGY","BA:582","EMP_TEMP_SEX_AGE_NB","SEX_F","AGE_5YRBANDS_YGE15","2024",7424.118,"B",,"I11:264","R1:3513"
"EGY","BA:582","EMP_TEMP_SEX_AGE_NB","SEX_F","AGE_5YRBANDS_Y15-19","2024",274.234,"B",,"I11:264","R1:3513"
"EGY","BA:582","EMP_TEMP_SEX_AGE_NB","SEX_F","AGE_5YRBANDS_Y20-24","2024",640.761,"B",,"I11:264","R1:3513"
"EGY","BA:582","EMP_TEMP_SEX_AGE_NB","SEX_F","AGE_5YRBANDS_Y25-29","2024",815.524,"B",,"I11:264","R1:3513"
"EGY","BA:582","EMP_TEMP_SEX_AGE_NB","SEX_F","AGE_5YRBANDS_Y30-34","2024",897.595,"B",,"I11:264","R1:3513"
"EGY","BA:582","EMP_TEMP_SEX_AGE_NB","SEX_F","AGE_5YRBANDS_Y35-39","2024",1184.398,"B",,"I11:264","R1:3513"
"EGY","BA:582","EMP_TEMP_SEX_AGE_NB","SEX_F","AGE_5YRBANDS_Y40-44","2024",1082.719,"B",,"I11:264","R1:3513"
"EGY","BA:582","EMP_TEMP_SEX_AGE_NB","SEX_F","AGE_5YRBANDS_Y45-49","2024",852.443,"B",,"I11:264","R1:3513"
"EGY","BA:582","EMP_TEMP_SEX_AGE_NB","SEX_F","AGE_5YRBANDS_Y50-54","2024",714.496,"B",,"I11:264","R1:3513"
"EGY","BA:582","EMP_TEMP_SEX_AGE_NB","SEX_F","AGE_5YRBANDS_Y55-59","2024",604.491,"B",,"I11:264","R1:3513"
"EGY","BA:582","EMP_TEMP_SEX_AGE_NB","SEX_F","AGE_5YRBANDS_Y60-64","2024",243.662,"B",,"I11:264","R1:3513"
"EGY","BA:582","EMP_TEMP_SEX_AGE_NB","SEX_F","AGE_5YRBANDS_YGE65","2024",113.796,"B",,"I11:264","R1:3513"
"EGY","BA:582","EMP_TEMP_SEX_AGE_NB","SEX_T","AGE_YTHADULT_YGE15","2023",29886.073,,,,"R1:3513"
"EGY","BA:582","EMP_TEMP_SEX_AGE_NB","SEX_T","AGE_YTHADULT_Y15-64","2023",29442.962,,,,"R1:3513"
"EGY","BA:582","EMP_TEMP_SEX_AGE_NB","SEX_T","AGE_YTHADULT_Y15-24","2023",3840.543,,,,"R1:3513"
"EGY","BA:582","EMP_TEMP_SEX_AGE_NB","SEX_T","AGE_YTHADULT_YGE25","2023",26045.531,,,,"R1:3513"
"EGY","BA:582","EMP_TEMP_SEX_AGE_NB","SEX_M","AGE_YTHADULT_YGE15","2023",24474.763,,,,"R1:3513"
"EGY","BA:582","EMP_TEMP_SEX_AGE_NB","SEX_M","AGE_YTHADULT_Y15-64","2023",24091.645,,,,"R1:3513"
"EGY","BA:582","EMP_TEMP_SEX_AGE_NB","SEX_M","AGE_YTHADULT_Y15-24","2023",3310.922,,,,"R1:3513"
"EGY","BA:582","EMP_TEMP_SEX_AGE_NB","SEX_M","AGE_YTHADULT_YGE25","2023",21163.841,,,,"R1:3513"
"EGY","BA:582","EMP_TEMP_SEX_AGE_NB","SEX_F","AGE_YTHADULT_YGE15","2023",5411.31,,,,"R1:3513"
"EGY","BA:582","EMP_TEMP_SEX_AGE_NB","SEX_F","AGE_YTHADULT_Y15-64","2023",5351.317,,,,"R1:3513"
"EGY","BA:582","EMP_TEMP_SEX_AGE_NB","SEX_F","AGE_YTHADULT_Y15-24","2023",529.621,,,,"R1:3513"
"EGY","BA:582","EMP_TEMP_SEX_AGE_NB","SEX_F","AGE_YTHADULT_YGE25","2023",4881.689,,,,"R1:3513"
"EGY","BA:582","EMP_TEMP_SEX_AGE_NB","SEX_T","AGE_AGGREGATE_YGE15","2023",29886.073,,,,"R1:3513"
"EGY","BA:582","EMP_TEMP_SEX_AGE_NB","SEX_T","AGE_AGGREGATE_Y15-24","2023",3840.543,,,,"R1:3513"
"EGY","BA:582","EMP_TEMP_SEX_AGE_NB","SEX_T","AGE_AGGREGATE_Y25-54","2023",22212.114,,,,"R1:3513"
"EGY","BA:582","EMP_TEMP_SEX_AGE_NB","SEX_T","AGE_AGGREGATE_Y55-64","2023",3390.305,,,,"R1:3513"
"EGY","BA:582","EMP_TEMP_SEX_AGE_NB","SEX_T","AGE_AGGREGATE_YGE65","2023",443.111,,,,"R1:3513"
"EGY","BA:582","EMP_TEMP_SEX_AGE_NB","SEX_M","AGE_AGGREGATE_YGE15","2023",24474.763,,,,"R1:3513"
"EGY","BA:582","EMP_TEMP_SEX_AGE_NB","SEX_M","AGE_AGGREGATE_Y15-24","2023",3310.922,,,,"R1:3513"
"EGY","BA:582","EMP_TEMP_SEX_AGE_NB","SEX_M","AGE_AGGREGATE_Y25-54","2023",18025.058,,,,"R1:3513"
"EGY","BA:582","EMP_TEMP_SEX_AGE_NB","SEX_M","AGE_AGGREGATE_Y55-64","2023",2755.665,,,,"R1:3513"
"EGY","BA:582","EMP_TEMP_SEX_AGE_NB","SEX_M","AGE_AGGREGATE_YGE65","2023",383.118,,,,"R1:3513"
"EGY","BA:582","EMP_TEMP_SEX_AGE_NB","SEX_F","AGE_AGGREGATE_YGE15","2023",5411.31,,,,"R1:3513"
"EGY","BA:582","EMP_TEMP_SEX_AGE_NB","SEX_F","AGE_AGGREGATE_Y15-24","2023",529.621,,,,"R1:3513"
"EGY","BA:582","EMP_TEMP_SEX_AGE_NB","SEX_F","AGE_AGGREGATE_Y25-54","2023",4187.056,,,,"R1:3513"
"EGY","BA:582","EMP_TEMP_SEX_AGE_NB","SEX_F","AGE_AGGREGATE_Y55-64","2023",634.64,,,,"R1:3513"
"EGY","BA:582","EMP_TEMP_SEX_AGE_NB","SEX_F","AGE_AGGREGATE_YGE65","2023",59.993,,,,"R1:3513"
"EGY","BA:582","EMP_TEMP_SEX_AGE_NB","SEX_T","AGE_10YRBANDS_YGE15","2023",29886.073,,,,"R1:3513"
"EGY","BA:582","EMP_TEMP_SEX_AGE_NB","SEX_T","AGE_10YRBANDS_Y15-24","2023",3840.543,,,,"R1:3513"
"EGY","BA:582","EMP_TEMP_SEX_AGE_NB","SEX_T","AGE_10YRBANDS_Y25-34","2023",7533.035,,,,"R1:3513"
"EGY","BA:582","EMP_TEMP_SEX_AGE_NB","SEX_T","AGE_10YRBANDS_Y35-44","2023",8682.941,,,,"R1:3513"
"EGY","BA:582","EMP_TEMP_SEX_AGE_NB","SEX_T","AGE_10YRBANDS_Y45-54","2023",5996.137,,,,"R1:3513"
"EGY","BA:582","EMP_TEMP_SEX_AGE_NB","SEX_T","AGE_10YRBANDS_Y55-64","2023",3390.305,,,,"R1:3513"
"EGY","BA:582","EMP_TEMP_SEX_AGE_NB","SEX_T","AGE_10YRBANDS_YGE65","2023",443.111,,,,"R1:3513"
"EGY","BA:582","EMP_TEMP_SEX_AGE_NB","SEX_M","AGE_10YRBANDS_YGE15","2023",24474.763,,,,"R1:3513"
"EGY","BA:582","EMP_TEMP_SEX_AGE_NB","SEX_M","AGE_10YRBANDS_Y15-24","2023",3310.922,,,,"R1:3513"
"EGY","BA:582","EMP_TEMP_SEX_AGE_NB","SEX_M","AGE_10YRBANDS_Y25-34","2023",6254.054,,,,"R1:3513"
"EGY","BA:582","EMP_TEMP_SEX_AGE_NB","SEX_M","AGE_10YRBANDS_Y35-44","2023",6970.39,,,,"R1:3513"
"EGY","BA:582","EMP_TEMP_SEX_AGE_NB","SEX_M","AGE_10YRBANDS_Y45-54","2023",4800.614,,,,"R1:3513"
"EGY","BA:582","EMP_TEMP_SEX_AGE_NB","SEX_M","AGE_10YRBANDS_Y55-64","2023",2755.665,,,,"R1:3513"
"EGY","BA:582","EMP_TEMP_SEX_AGE_NB","SEX_M","AGE_10YRBANDS_YGE65","2023",383.118,,,,"R1:3513"
"EGY","BA:582","EMP_TEMP_SEX_AGE_NB","SEX_F","AGE_10YRBANDS_YGE15","2023",5411.31,,,,"R1:3513"
"EGY","BA:582","EMP_TEMP_SEX_AGE_NB","SEX_F","AGE_10YRBANDS_Y15-24","2023",529.621,,,,"R1:3513"
"EGY","BA:582","EMP_TEMP_SEX_AGE_NB","SEX_F","AGE_10YRBANDS_Y25-34","2023",1278.981,,,,"R1:3513"
"EGY","BA:582","EMP_TEMP_SEX_AGE_NB","SEX_F","AGE_10YRBANDS_Y35-44","2023",1712.551,,,,"R1:3513"
"EGY","BA:582","EMP_TEMP_SEX_AGE_NB","SEX_F","AGE_10YRBANDS_Y45-54","2023",1195.523,,,,"R1:3513"
"EGY","BA:582","EMP_TEMP_SEX_AGE_NB","SEX_F","AGE_10YRBANDS_Y55-64","2023",634.64,,,,"R1:3513"
"EGY","BA:582","EMP_TEMP_SEX_AGE_NB","SEX_F","AGE_10YRBANDS_YGE65","2023",59.993,,,,"R1:3513"
"EGY","BA:582","EMP_TEMP_SEX_AGE_NB","SEX_T","AGE_5YRBANDS_YGE15","2023",29886.073,,,,"R1:3513"
"EGY","BA:582","EMP_TEMP_SEX_AGE_NB","SEX_T","AGE_5YRBANDS_Y15-19","2023",1218.437,,,,"R1:3513"
"EGY","BA:582","EMP_TEMP_SEX_AGE_NB","SEX_T","AGE_5YRBANDS_Y20-24","2023",2622.106,,,,"R1:3513"
"EGY","BA:582","EMP_TEMP_SEX_AGE_NB","SEX_T","AGE_5YRBANDS_Y25-29","2023",3652.382,,,,"R1:3513"
"EGY","BA:582","EMP_TEMP_SEX_AGE_NB","SEX_T","AGE_5YRBANDS_Y30-34","2023",3880.654,,,,"R1:3513"
"EGY","BA:582","EMP_TEMP_SEX_AGE_NB","SEX_T","AGE_5YRBANDS_Y35-39","2023",4579.188,,,,"R1:3513"
"EGY","BA:582","EMP_TEMP_SEX_AGE_NB","SEX_T","AGE_5YRBANDS_Y40-44","2023",4103.753,,,,"R1:3513"
"EGY","BA:582","EMP_TEMP_SEX_AGE_NB","SEX_T","AGE_5YRBANDS_Y45-49","2023",3221.663,,,,"R1:3513"
"EGY","BA:582","EMP_TEMP_SEX_AGE_NB","SEX_T","AGE_5YRBANDS_Y50-54","2023",2774.474,,,,"R1:3513"
"EGY","BA:582","EMP_TEMP_SEX_AGE_NB","SEX_T","AGE_5YRBANDS_Y55-59","2023",2442.633,,,,"R1:3513"
"EGY","BA:582","EMP_TEMP_SEX_AGE_NB","SEX_T","AGE_5YRBANDS_Y60-64","2023",947.672,,,,"R1:3513"
"EGY","BA:582","EMP_TEMP_SEX_AGE_NB","SEX_T","AGE_5YRBANDS_YGE65","2023",443.111,,,,"R1:3513"
"EGY","BA:582","EMP_TEMP_SEX_AGE_NB","SEX_M","AGE_5YRBANDS_YGE15","2023",24474.763,,,,"R1:3513"
"EGY","BA:582","EMP_TEMP_SEX_AGE_NB","SEX_M","AGE_5YRBANDS_Y15-19","2023",1071.246,,,,"R1:3513"
"EGY","BA:582","EMP_TEMP_SEX_AGE_NB","SEX_M","AGE_5YRBANDS_Y20-24","2023",2239.676,,,,"R1:3513"
"EGY","BA:582","EMP_TEMP_SEX_AGE_NB","SEX_M","AGE_5YRBANDS_Y25-29","2023",3040.89,,,,"R1:3513"
"EGY","BA:582","EMP_TEMP_SEX_AGE_NB","SEX_M","AGE_5YRBANDS_Y30-34","2023",3213.165,,,,"R1:3513"
"EGY","BA:582","EMP_TEMP_SEX_AGE_NB","SEX_M","AGE_5YRBANDS_Y35-39","2023",3698.509,,,,"R1:3513"
"EGY","BA:582","EMP_TEMP_SEX_AGE_NB","SEX_M","AGE_5YRBANDS_Y40-44","2023",3271.882,,,,"R1:3513"
"EGY","BA:582","EMP_TEMP_SEX_AGE_NB","SEX_M","AGE_5YRBANDS_Y45-49","2023",2578.202,,,,"R1:3513"
"EGY","BA:582","EMP_TEMP_SEX_AGE_NB","SEX_M","AGE_5YRBANDS_Y50-54","2023",2222.412,,,,"R1:3513"
"EGY","BA:582","EMP_TEMP_SEX_AGE_NB","SEX_M","AGE_5YRBANDS_Y55-59","2023",1962.065,,,,"R1:3513"
"EGY","BA:582","EMP_TEMP_SEX_AGE_NB","SEX_M","AGE_5YRBANDS_Y60-64","2023",793.6,,,,"R1:3513"
"EGY","BA:582","EMP_TEMP_SEX_AGE_NB","SEX_M","AGE_5YRBANDS_YGE65","2023",383.118,,,,"R1:3513"
"EGY","BA:582","EMP_TEMP_SEX_AGE_NB","SEX_F","AGE_5YRBANDS_YGE15","2023",5411.31,,,,"R1:3513"
"EGY","BA:582","EMP_TEMP_SEX_AGE_NB","SEX_F","AGE_5YRBANDS_Y15-19","2023",147.191,,,,"R1:3513"
"EGY","BA:582","EMP_TEMP_SEX_AGE_NB","SEX_F","AGE_5YRBANDS_Y20-24","2023",382.43,,,,"R1:3513"
"EGY","BA:582","EMP_TEMP_SEX_AGE_NB","SEX_F","AGE_5YRBANDS_Y25-29","2023",611.492,,,,"R1:3513"
"EGY","BA:582","EMP_TEMP_SEX_AGE_NB","SEX_F","AGE_5YRBANDS_Y30-34","2023",667.489,,,,"R1:3513"
"EGY","BA:582","EMP_TEMP_SEX_AGE_NB","SEX_F","AGE_5YRBANDS_Y35-39","2023",880.68,,,,"R1:3513"
"EGY","BA:582","EMP_TEMP_SEX_AGE_NB","SEX_F","AGE_5YRBANDS_Y40-44","2023",831.872,,,,"R1:3513"
"EGY","BA:582","EMP_TEMP_SEX_AGE_NB","SEX_F","AGE_5YRBANDS_Y45-49","2023",643.461,,,,"R1:3513"
"EGY","BA:582","EMP_TEMP_SEX_AGE_NB","SEX_F","AGE_5YRBANDS_Y50-54","2023",552.063,,,,"R1:3513"
"EGY","BA:582","EMP_TEMP_SEX_AGE_NB","SEX_F","AGE_5YRBANDS_Y55-59","2023",480.568,,,,"R1:3513"
"EGY","BA:582","EMP_TEMP_SEX_AGE_NB","SEX_F","AGE_5YRBANDS_Y60-64","2023",154.072,,,,"R1:3513"
"EGY","BA:582","EMP_TEMP_SEX_AGE_NB","SEX_F","AGE_5YRBANDS_YGE65","2023",59.993,,,,"R1:3513"
"EGY","BA:582","EMP_TEMP_SEX_AGE_NB","SEX_T","AGE_YTHADULT_YGE15","2022",27976.39,,,,"R1:3513"
"EGY","BA:582","EMP_TEMP_SEX_AGE_NB","SEX_T","AGE_YTHADULT_Y15-64","2022",27610.68,,,,"R1:3513"
"EGY","BA:582","EMP_TEMP_SEX_AGE_NB","SEX_T","AGE_YTHADULT_Y15-24","2022",3496.798,,,,"R1:3513"
"EGY","BA:582","EMP_TEMP_SEX_AGE_NB","SEX_T","AGE_YTHADULT_YGE25","2022",24479.591,,,,"R1:3513"
"EGY","BA:582","EMP_TEMP_SEX_AGE_NB","SEX_M","AGE_YTHADULT_YGE15","2022",23785.721,,,,"R1:3513"
"EGY","BA:582","EMP_TEMP_SEX_AGE_NB","SEX_M","AGE_YTHADULT_Y15-64","2022",23456.041,,,,"R1:3513"
"EGY","BA:582","EMP_TEMP_SEX_AGE_NB","SEX_M","AGE_YTHADULT_Y15-24","2022",3159.636,,,,"R1:3513"
"EGY","BA:582","EMP_TEMP_SEX_AGE_NB","SEX_M","AGE_YTHADULT_YGE25","2022",20626.085,,,,"R1:3513"
"EGY","BA:582","EMP_TEMP_SEX_AGE_NB","SEX_F","AGE_YTHADULT_YGE15","2022",4190.669,,,,"R1:3513"
"EGY","BA:582","EMP_TEMP_SEX_AGE_NB","SEX_F","AGE_YTHADULT_Y15-64","2022",4154.639,,,,"R1:3513"
"EGY","BA:582","EMP_TEMP_SEX_AGE_NB","SEX_F","AGE_YTHADULT_Y15-24","2022",337.162,,,,"R1:3513"
"EGY","BA:582","EMP_TEMP_SEX_AGE_NB","SEX_F","AGE_YTHADULT_YGE25","2022",3853.507,,,,"R1:3513"
"EGY","BA:582","EMP_TEMP_SEX_AGE_NB","SEX_T","AGE_AGGREGATE_YGE15","2022",27976.39,,,,"R1:3513"
"EGY","BA:582","EMP_TEMP_SEX_AGE_NB","SEX_T","AGE_AGGREGATE_Y15-24","2022",3496.798,,,,"R1:3513"
"EGY","BA:582","EMP_TEMP_SEX_AGE_NB","SEX_T","AGE_AGGREGATE_Y25-54","2022",21042.501,,,,"R1:3513"
"EGY","BA:582","EMP_TEMP_SEX_AGE_NB","SEX_T","AGE_AGGREGATE_Y55-64","2022",3071.381,,,,"R1:3513"
"EGY","BA:582","EMP_TEMP_SEX_AGE_NB","SEX_T","AGE_AGGREGATE_YGE65","2022",365.71,,,,"R1:3513"
"EGY","BA:582","EMP_TEMP_SEX_AGE_NB","SEX_M","AGE_AGGREGATE_YGE15","2022",23785.721,,,,"R1:3513"
"EGY","BA:582","EMP_TEMP_SEX_AGE_NB","SEX_M","AGE_AGGREGATE_Y15-24","2022",3159.636,,,,"R1:3513"
"EGY","BA:582","EMP_TEMP_SEX_AGE_NB","SEX_M","AGE_AGGREGATE_Y25-54","2022",17742.013,,,,"R1:3513"
"EGY","BA:582","EMP_TEMP_SEX_AGE_NB","SEX_M","AGE_AGGREGATE_Y55-64","2022",2554.391,,,,"R1:3513"
"EGY","BA:582","EMP_TEMP_SEX_AGE_NB","SEX_M","AGE_AGGREGATE_YGE65","2022",329.68,,,,"R1:3513"
"EGY","BA:582","EMP_TEMP_SEX_AGE_NB","SEX_F","AGE_AGGREGATE_YGE15","2022",4190.669,,,,"R1:3513"
"EGY","BA:582","EMP_TEMP_SEX_AGE_NB","SEX_F","AGE_AGGREGATE_Y15-24","2022",337.162,,,,"R1:3513"
"EGY","BA:582","EMP_TEMP_SEX_AGE_NB","SEX_F","AGE_AGGREGATE_Y25-54","2022",3300.488,,,,"R1:3513"
"EGY","BA:582","EMP_TEMP_SEX_AGE_NB","SEX_F","AGE_AGGREGATE_Y55-64","2022",516.99,,,,"R1:3513"
"EGY","BA:582","EMP_TEMP_SEX_AGE_NB","SEX_F","AGE_AGGREGATE_YGE65","2022",36.03,,,,"R1:3513"
"EGY","BA:582","EMP_TEMP_SEX_AGE_NB","SEX_T","AGE_10YRBANDS_YGE15","2022",27976.39,,,,"R1:3513"
"EGY","BA:582","EMP_TEMP_SEX_AGE_NB","SEX_T","AGE_10YRBANDS_Y15-24","2022",3496.798,,,,"R1:3513"
"EGY","BA:582","EMP_TEMP_SEX_AGE_NB","SEX_T","AGE_10YRBANDS_Y25-34","2022",7327.86,,,,"R1:3513"
"EGY","BA:582","EMP_TEMP_SEX_AGE_NB","SEX_T","AGE_10YRBANDS_Y35-44","2022",8032.919,,,,"R1:3513"
"EGY","BA:582","EMP_TEMP_SEX_AGE_NB","SEX_T","AGE_10YRBANDS_Y45-54","2022",5681.722,,,,"R1:3513"
"EGY","BA:582","EMP_TEMP_SEX_AGE_NB","SEX_T","AGE_10YRBANDS_Y55-64","2022",3071.381,,,,"R1:3513"
"EGY","BA:582","EMP_TEMP_SEX_AGE_NB","SEX_T","AGE_10YRBANDS_YGE65","2022",365.71,,,,"R1:3513"
"EGY","BA:582","EMP_TEMP_SEX_AGE_NB","SEX_M","AGE_10YRBANDS_YGE15","2022",23785.721,,,,"R1:3513"
"EGY","BA:582","EMP_TEMP_SEX_AGE_NB","SEX_M","AGE_10YRBANDS_Y15-24","2022",3159.636,,,,"R1:3513"
"EGY","BA:582","EMP_TEMP_SEX_AGE_NB","SEX_M","AGE_10YRBANDS_Y25-34","2022",6333.28,,,,"R1:3513"
"EGY","BA:582","EMP_TEMP_SEX_AGE_NB","SEX_M","AGE_10YRBANDS_Y35-44","2022",6714.804,,,,"R1:3513"
"EGY","BA:582","EMP_TEMP_SEX_AGE_NB","SEX_M","AGE_10YRBANDS_Y45-54","2022",4693.93,,,,"R1:3513"
"EGY","BA:582","EMP_TEMP_SEX_AGE_NB","SEX_M","AGE_10YRBANDS_Y55-64","2022",2554.391,,,,"R1:3513"
"EGY","BA:582","EMP_TEMP_SEX_AGE_NB","SEX_M","AGE_10YRBANDS_YGE65","2022",329.68,,,,"R1:3513"
"EGY","BA:582","EMP_TEMP_SEX_AGE_NB","SEX_F","AGE_10YRBANDS_YGE15","2022",4190.669,,,,"R1:3513"
"EGY","BA:582","EMP_TEMP_SEX_AGE_NB","SEX_F","AGE_10YRBANDS_Y15-24","2022",337.162,,,,"R1:3513"
"EGY","BA:582","EMP_TEMP_SEX_AGE_NB","SEX_F","AGE_10YRBANDS_Y25-34","2022",994.58,,,,"R1:3513"
"EGY","BA:582","EMP_TEMP_SEX_AGE_NB","SEX_F","AGE_10YRBANDS_Y35-44","2022",1318.115,,,,"R1:3513"
"EGY","BA:582","EMP_TEMP_SEX_AGE_NB","SEX_F","AGE_10YRBANDS_Y45-54","2022",987.793,,,,"R1:3513"
"EGY","BA:582","EMP_TEMP_SEX_AGE_NB","SEX_F","AGE_10YRBANDS_Y55-64","2022",516.99,,,,"R1:3513"
"EGY","BA:582","EMP_TEMP_SEX_AGE_NB","SEX_F","AGE_10YRBANDS_YGE65","2022",36.03,,,,"R1:3513"
"EGY","BA:582","EMP_TEMP_SEX_AGE_NB","SEX_T","AGE_5YRBANDS_YGE15","2022",27976.39,,,,"R1:3513"
"EGY","BA:582","EMP_TEMP_SEX_AGE_NB","SEX_T","AGE_5YRBANDS_Y15-19","2022",1043.744,,,,"R1:3513"
"EGY","BA:582","EMP_TEMP_SEX_AGE_NB","SEX_T","AGE_5YRBANDS_Y20-24","2022",2453.055,,,,"R1:3513"
"EGY","BA:582","EMP_TEMP_SEX_AGE_NB","SEX_T","AGE_5YRBANDS_Y25-29","2022",3418.002,,,,"R1:3513"
"EGY","BA:582","EMP_TEMP_SEX_AGE_NB","SEX_T","AGE_5YRBANDS_Y30-34","2022",3909.858,,,,"R1:3513"
"EGY","BA:582","EMP_TEMP_SEX_AGE_NB","SEX_T","AGE_5YRBANDS_Y35-39","2022",4286.124,,,,"R1:3513"
"EGY","BA:582","EMP_TEMP_SEX_AGE_NB","SEX_T","AGE_5YRBANDS_Y40-44","2022",3746.794,,,,"R1:3513"
"EGY","BA:582","EMP_TEMP_SEX_AGE_NB","SEX_T","AGE_5YRBANDS_Y45-49","2022",3096.67,,,,"R1:3513"
"EGY","BA:582","EMP_TEMP_SEX_AGE_NB","SEX_T","AGE_5YRBANDS_Y50-54","2022",2585.052,,,,"R1:3513"
"EGY","BA:582","EMP_TEMP_SEX_AGE_NB","SEX_T","AGE_5YRBANDS_Y55-59","2022",2284.993,,,,"R1:3513"
"EGY","BA:582","EMP_TEMP_SEX_AGE_NB","SEX_T","AGE_5YRBANDS_Y60-64","2022",786.388,,,,"R1:3513"
"EGY","BA:582","EMP_TEMP_SEX_AGE_NB","SEX_T","AGE_5YRBANDS_YGE65","2022",365.71,,,,"R1:3513"
"EGY","BA:582","EMP_TEMP_SEX_AGE_NB","SEX_M","AGE_5YRBANDS_YGE15","2022",23785.721,,,,"R1:3513"
"EGY","BA:582","EMP_TEMP_SEX_AGE_NB","SEX_M","AGE_5YRBANDS_Y15-19","2022",974.04,,,,"R1:3513"
"EGY","BA:582","EMP_TEMP_SEX_AGE_NB","SEX_M","AGE_5YRBANDS_Y20-24","2022",2185.596,,,,"R1:3513"
"EGY","BA:582","EMP_TEMP_SEX_AGE_NB","SEX_M","AGE_5YRBANDS_Y25-29","2022",2938.072,,,,"R1:3513"
"EGY","BA:582","EMP_TEMP_SEX_AGE_NB","SEX_M","AGE_5YRBANDS_Y30-34","2022",3395.209,,,,"R1:3513"
"EGY","BA:582","EMP_TEMP_SEX_AGE_NB","SEX_M","AGE_5YRBANDS_Y35-39","2022",3607.496,,,,"R1:3513"
"EGY","BA:582","EMP_TEMP_SEX_AGE_NB","SEX_M","AGE_5YRBANDS_Y40-44","2022",3107.308,,,,"R1:3513"
"EGY","BA:582","EMP_TEMP_SEX_AGE_NB","SEX_M","AGE_5YRBANDS_Y45-49","2022",2566.131,,,,"R1:3513"
"EGY","BA:582","EMP_TEMP_SEX_AGE_NB","SEX_M","AGE_5YRBANDS_Y50-54","2022",2127.798,,,,"R1:3513"
"EGY","BA:582","EMP_TEMP_SEX_AGE_NB","SEX_M","AGE_5YRBANDS_Y55-59","2022",1845.928,,,,"R1:3513"
"EGY","BA:582","EMP_TEMP_SEX_AGE_NB","SEX_M","AGE_5YRBANDS_Y60-64","2022",708.463,,,,"R1:3513"
"EGY","BA:582","EMP_TEMP_SEX_AGE_NB","SEX_M","AGE_5YRBANDS_YGE65","2022",329.68,,,,"R1:3513"
"EGY","BA:582","EMP_TEMP_SEX_AGE_NB","SEX_F","AGE_5YRBANDS_YGE15","2022",4190.669,,,,"R1:3513"
"EGY","BA:582","EMP_TEMP_SEX_AGE_NB","SEX_F","AGE_5YRBANDS_Y15-19","2022",69.704,,,,"R1:3513"
"EGY","BA:582","EMP_TEMP_SEX_AGE_NB","SEX_F","AGE_5YRBANDS_Y20-24","2022",267.459,,,,"R1:3513"
"EGY","BA:582","EMP_TEMP_SEX_AGE_NB","SEX_F","AGE_5YRBANDS_Y25-29","2022",479.931,,,,"R1:3513"
"EGY","BA:582","EMP_TEMP_SEX_AGE_NB","SEX_F","AGE_5YRBANDS_Y30-34","2022",514.649,,,,"R1:3513"
"EGY","BA:582","EMP_TEMP_SEX_AGE_NB","SEX_F","AGE_5YRBANDS_Y35-39","2022",678.628,,,,"R1:3513"
"EGY","BA:582","EMP_TEMP_SEX_AGE_NB","SEX_F","AGE_5YRBANDS_Y40-44","2022",639.486,,,,"R1:3513"
"EGY","BA:582","EMP_TEMP_SEX_AGE_NB","SEX_F","AGE_5YRBANDS_Y45-49","2022",530.539,,,,"R1:3513"
"EGY","BA:582","EMP_TEMP_SEX_AGE_NB","SEX_F","AGE_5YRBANDS_Y50-54","2022",457.254,,,,"R1:3513"
"EGY","BA:582","EMP_TEMP_SEX_AGE_NB","SEX_F","AGE_5YRBANDS_Y55-59","2022",439.065,,,,"R1:3513"
"EGY","BA:582","EMP_TEMP_SEX_AGE_NB","SEX_F","AGE_5YRBANDS_Y60-64","2022",77.925,,,,"R1:3513"
"EGY","BA:582","EMP_TEMP_SEX_AGE_NB","SEX_F","AGE_5YRBANDS_YGE65","2022",36.03,,,,"R1:3513"
"EGY","BA:582","EMP_TEMP_SEX_AGE_NB","SEX_T","AGE_YTHADULT_YGE15","2021",27240.999,,,,"R1:3513"
"EGY","BA:582","EMP_TEMP_SEX_AGE_NB","SEX_T","AGE_YTHADULT_Y15-64","2021",26785.802,,,,"R1:3513"
"EGY","BA:582","EMP_TEMP_SEX_AGE_NB","SEX_T","AGE_YTHADULT_Y15-24","2021",4020.264,,,,"R1:3513"
"EGY","BA:582","EMP_TEMP_SEX_AGE_NB","SEX_T","AGE_YTHADULT_YGE25","2021",23220.735,,,,"R1:3513"
"EGY","BA:582","EMP_TEMP_SEX_AGE_NB","SEX_M","AGE_YTHADULT_YGE15","2021",22959.882,,,,"R1:3513"
"EGY","BA:582","EMP_TEMP_SEX_AGE_NB","SEX_M","AGE_YTHADULT_Y15-64","2021",22546.192,,,,"R1:3513"
"EGY","BA:582","EMP_TEMP_SEX_AGE_NB","SEX_M","AGE_YTHADULT_Y15-24","2021",3572.775,,,,"R1:3513"
"EGY","BA:582","EMP_TEMP_SEX_AGE_NB","SEX_M","AGE_YTHADULT_YGE25","2021",19387.107,,,,"R1:3513"
"EGY","BA:582","EMP_TEMP_SEX_AGE_NB","SEX_F","AGE_YTHADULT_YGE15","2021",4281.117,,,,"R1:3513"
"EGY","BA:582","EMP_TEMP_SEX_AGE_NB","SEX_F","AGE_YTHADULT_Y15-64","2021",4239.61,,,,"R1:3513"
"EGY","BA:582","EMP_TEMP_SEX_AGE_NB","SEX_F","AGE_YTHADULT_Y15-24","2021",447.489,,,,"R1:3513"
"EGY","BA:582","EMP_TEMP_SEX_AGE_NB","SEX_F","AGE_YTHADULT_YGE25","2021",3833.628,,,,"R1:3513"
"EGY","BA:582","EMP_TEMP_SEX_AGE_NB","SEX_T","AGE_AGGREGATE_YGE15","2021",27240.999,,,,"R1:3513"
"EGY","BA:582","EMP_TEMP_SEX_AGE_NB","SEX_T","AGE_AGGREGATE_Y15-24","2021",4020.264,,,,"R1:3513"
"EGY","BA:582","EMP_TEMP_SEX_AGE_NB","SEX_T","AGE_AGGREGATE_Y25-54","2021",19942.928,,,,"R1:3513"
"EGY","BA:582","EMP_TEMP_SEX_AGE_NB","SEX_T","AGE_AGGREGATE_Y55-64","2021",2822.61,,,,"R1:3513"
"EGY","BA:582","EMP_TEMP_SEX_AGE_NB","SEX_T","AGE_AGGREGATE_YGE65","2021",455.197,,,,"R1:3513"
"EGY","BA:582","EMP_TEMP_SEX_AGE_NB","SEX_M","AGE_AGGREGATE_YGE15","2021",22959.882,,,,"R1:3513"
"EGY","BA:582","EMP_TEMP_SEX_AGE_NB","SEX_M","AGE_AGGREGATE_Y15-24","2021",3572.775,,,,"R1:3513"
"EGY","BA:582","EMP_TEMP_SEX_AGE_NB","SEX_M","AGE_AGGREGATE_Y25-54","2021",16633.31,,,,"R1:3513"
"EGY","BA:582","EMP_TEMP_SEX_AGE_NB","SEX_M","AGE_AGGREGATE_Y55-64","2021",2340.107,,,,"R1:3513"
"EGY","BA:582","EMP_TEMP_SEX_AGE_NB","SEX_M","AGE_AGGREGATE_YGE65","2021",413.69,,,,"R1:3513"
"EGY","BA:582","EMP_TEMP_SEX_AGE_NB","SEX_F","AGE_AGGREGATE_YGE15","2021",4281.117,,,,"R1:3513"
"EGY","BA:582","EMP_TEMP_SEX_AGE_NB","SEX_F","AGE_AGGREGATE_Y15-24","2021",447.489,,,,"R1:3513"
"EGY","BA:582","EMP_TEMP_SEX_AGE_NB","SEX_F","AGE_AGGREGATE_Y25-54","2021",3309.618,,,,"R1:3513"
"EGY","BA:582","EMP_TEMP_SEX_AGE_NB","SEX_F","AGE_AGGREGATE_Y55-64","2021",482.503,,,,"R1:3513"
"EGY","BA:582","EMP_TEMP_SEX_AGE_NB","SEX_F","AGE_AGGREGATE_YGE65","2021",41.507,,,,"R1:3513"
"EGY","BA:582","EMP_TEMP_SEX_AGE_NB","SEX_T","AGE_10YRBANDS_YGE15","2021",27240.999,,,,"R1:3513"
"EGY","BA:582","EMP_TEMP_SEX_AGE_NB","SEX_T","AGE_10YRBANDS_Y15-24","2021",4020.264,,,,"R1:3513"
"EGY","BA:582","EMP_TEMP_SEX_AGE_NB","SEX_T","AGE_10YRBANDS_Y25-34","2021",7635.026,,,,"R1:3513"
"EGY","BA:582","EMP_TEMP_SEX_AGE_NB","SEX_T","AGE_10YRBANDS_Y35-44","2021",7166.588,,,,"R1:3513"
"EGY","BA:582","EMP_TEMP_SEX_AGE_NB","SEX_T","AGE_10YRBANDS_Y45-54","2021",5141.313,,,,"R1:3513"
"EGY","BA:582","EMP_TEMP_SEX_AGE_NB","SEX_T","AGE_10YRBANDS_Y55-64","2021",2822.61,,,,"R1:3513"
"EGY","BA:582","EMP_TEMP_SEX_AGE_NB","SEX_T","AGE_10YRBANDS_YGE65","2021",455.197,,,,"R1:3513"
"EGY","BA:582","EMP_TEMP_SEX_AGE_NB","SEX_M","AGE_10YRBANDS_YGE15","2021",22959.882,,,,"R1:3513"
"EGY","BA:582","EMP_TEMP_SEX_AGE_NB","SEX_M","AGE_10YRBANDS_Y15-24","2021",3572.775,,,,"R1:3513"
"EGY","BA:582","EMP_TEMP_SEX_AGE_NB","SEX_M","AGE_10YRBANDS_Y25-34","2021",6547.865,,,,"R1:3513"
"EGY","BA:582","EMP_TEMP_SEX_AGE_NB","SEX_M","AGE_10YRBANDS_Y35-44","2021",5916.552,,,,"R1:3513"
"EGY","BA:582","EMP_TEMP_SEX_AGE_NB","SEX_M","AGE_10YRBANDS_Y45-54","2021",4168.893,,,,"R1:3513"
"EGY","BA:582","EMP_TEMP_SEX_AGE_NB","SEX_M","AGE_10YRBANDS_Y55-64","2021",2340.107,,,,"R1:3513"
"EGY","BA:582","EMP_TEMP_SEX_AGE_NB","SEX_M","AGE_10YRBANDS_YGE65","2021",413.69,,,,"R1:3513"
"EGY","BA:582","EMP_TEMP_SEX_AGE_NB","SEX_F","AGE_10YRBANDS_YGE15","2021",4281.117,,,,"R1:3513"
"EGY","BA:582","EMP_TEMP_SEX_AGE_NB","SEX_F","AGE_10YRBANDS_Y15-24","2021",447.489,,,,"R1:3513"
"EGY","BA:582","EMP_TEMP_SEX_AGE_NB","SEX_F","AGE_10YRBANDS_Y25-34","2021",1087.161,,,,"R1:3513"
"EGY","BA:582","EMP_TEMP_SEX_AGE_NB","SEX_F","AGE_10YRBANDS_Y35-44","2021",1250.036,,,,"R1:3513"
"EGY","BA:582","EMP_TEMP_SEX_AGE_NB","SEX_F","AGE_10YRBANDS_Y45-54","2021",972.42,,,,"R1:3513"
"EGY","BA:582","EMP_TEMP_SEX_AGE_NB","SEX_F","AGE_10YRBANDS_Y55-64","2021",482.503,,,,"R1:3513"
"EGY","BA:582","EMP_TEMP_SEX_AGE_NB","SEX_F","AGE_10YRBANDS_YGE65","2021",41.507,,,,"R1:3513"
"EGY","BA:582","EMP_TEMP_SEX_AGE_NB","SEX_T","AGE_5YRBANDS_YGE15","2021",27240.999,,,,"R1:3513"
"EGY","BA:582","EMP_TEMP_SEX_AGE_NB","SEX_T","AGE_5YRBANDS_Y15-19","2021",1255.822,,,,"R1:3513"
"EGY","BA:582","EMP_TEMP_SEX_AGE_NB","SEX_T","AGE_5YRBANDS_Y20-24","2021",2764.441,,,,"R1:3513"
"EGY","BA:582","EMP_TEMP_SEX_AGE_NB","SEX_T","AGE_5YRBANDS_Y25-29","2021",3807.685,,,,"R1:3513"
"EGY","BA:582","EMP_TEMP_SEX_AGE_NB","SEX_T","AGE_5YRBANDS_Y30-34","2021",3827.342,,,,"R1:3513"
"EGY","BA:582","EMP_TEMP_SEX_AGE_NB","SEX_T","AGE_5YRBANDS_Y35-39","2021",3792.915,,,,"R1:3513"
"EGY","BA:582","EMP_TEMP_SEX_AGE_NB","SEX_T","AGE_5YRBANDS_Y40-44","2021",3373.673,,,,"R1:3513"
"EGY","BA:582","EMP_TEMP_SEX_AGE_NB","SEX_T","AGE_5YRBANDS_Y45-49","2021",2725.545,,,,"R1:3513"
"EGY","BA:582","EMP_TEMP_SEX_AGE_NB","SEX_T","AGE_5YRBANDS_Y50-54","2021",2415.768,,,,"R1:3513"
"EGY","BA:582","EMP_TEMP_SEX_AGE_NB","SEX_T","AGE_5YRBANDS_Y55-59","2021",2150.412,,,,"R1:3513"
"EGY","BA:582","EMP_TEMP_SEX_AGE_NB","SEX_T","AGE_5YRBANDS_Y60-64","2021",672.199,,,,"R1:3513"
"EGY","BA:582","EMP_TEMP_SEX_AGE_NB","SEX_T","AGE_5YRBANDS_YGE65","2021",455.197,,,,"R1:3513"
"EGY","BA:582","EMP_TEMP_SEX_AGE_NB","SEX_M","AGE_5YRBANDS_YGE15","2021",22959.882,,,,"R1:3513"
"EGY","BA:582","EMP_TEMP_SEX_AGE_NB","SEX_M","AGE_5YRBANDS_Y15-19","2021",1172.984,,,,"R1:3513"
"EGY","BA:582","EMP_TEMP_SEX_AGE_NB","SEX_M","AGE_5YRBANDS_Y20-24","2021",2399.791,,,,"R1:3513"
"EGY","BA:582","EMP_TEMP_SEX_AGE_NB","SEX_M","AGE_5YRBANDS_Y25-29","2021",3272.878,,,,"R1:3513"
"EGY","BA:582","EMP_TEMP_SEX_AGE_NB","SEX_M","AGE_5YRBANDS_Y30-34","2021",3274.986,,,,"R1:3513"
"EGY","BA:582","EMP_TEMP_SEX_AGE_NB","SEX_M","AGE_5YRBANDS_Y35-39","2021",3141.883,,,,"R1:3513"
"EGY","BA:582","EMP_TEMP_SEX_AGE_NB","SEX_M","AGE_5YRBANDS_Y40-44","2021",2774.669,,,,"R1:3513"
"EGY","BA:582","EMP_TEMP_SEX_AGE_NB","SEX_M","AGE_5YRBANDS_Y45-49","2021",2202.397,,,,"R1:3513"
"EGY","BA:582","EMP_TEMP_SEX_AGE_NB","SEX_M","AGE_5YRBANDS_Y50-54","2021",1966.496,,,,"R1:3513"
"EGY","BA:582","EMP_TEMP_SEX_AGE_NB","SEX_M","AGE_5YRBANDS_Y55-59","2021",1733.341,,,,"R1:3513"
"EGY","BA:582","EMP_TEMP_SEX_AGE_NB","SEX_M","AGE_5YRBANDS_Y60-64","2021",606.766,,,,"R1:3513"
"EGY","BA:582","EMP_TEMP_SEX_AGE_NB","SEX_M","AGE_5YRBANDS_YGE65","2021",413.69,,,,"R1:3513"
"EGY","BA:582","EMP_TEMP_SEX_AGE_NB","SEX_F","AGE_5YRBANDS_YGE15","2021",4281.117,,,,"R1:3513"
"EGY","BA:582","EMP_TEMP_SEX_AGE_NB","SEX_F","AGE_5YRBANDS_Y15-19","2021",82.839,,,,"R1:3513"
"EGY","BA:582","EMP_TEMP_SEX_AGE_NB","SEX_F","AGE_5YRBANDS_Y20-24","2021",364.65,,,,"R1:3513"
"EGY","BA:582","EMP_TEMP_SEX_AGE_NB","SEX_F","AGE_5YRBANDS_Y25-29","2021",534.806,,,,"R1:3513"
"EGY","BA:582","EMP_TEMP_SEX_AGE_NB","SEX_F","AGE_5YRBANDS_Y30-34","2021",552.355,,,,"R1:3513"
"EGY","BA:582","EMP_TEMP_SEX_AGE_NB","SEX_F","AGE_5YRBANDS_Y35-39","2021",651.032,,,,"R1:3513"
"EGY","BA:582","EMP_TEMP_SEX_AGE_NB","SEX_F","AGE_5YRBANDS_Y40-44","2021",599.004,,,,"R1:3513"
"EGY","BA:582","EMP_TEMP_SEX_AGE_NB","SEX_F","AGE_5YRBANDS_Y45-49","2021",523.148,,,,"R1:3513"
"EGY","BA:582","EMP_TEMP_SEX_AGE_NB","SEX_F","AGE_5YRBANDS_Y50-54","2021",449.272,,,,"R1:3513"
"EGY","BA:582","EMP_TEMP_SEX_AGE_NB","SEX_F","AGE_5YRBANDS_Y55-59","2021",417.071,,,,"R1:3513"
"EGY","BA:582","EMP_TEMP_SEX_AGE_NB","SEX_F","AGE_5YRBANDS_Y60-64","2021",65.432,,,,"R1:3513"
"EGY","BA:582","EMP_TEMP_SEX_AGE_NB","SEX_F","AGE_5YRBANDS_YGE65","2021",41.507,,,,"R1:3513"
"EGY","BA:582","EMP_TEMP_SEX_AGE_NB","SEX_T","AGE_YTHADULT_YGE15","2020",26238.958,,,,"R1:3513"
"EGY","BA:582","EMP_TEMP_SEX_AGE_NB","SEX_T","AGE_YTHADULT_Y15-64","2020",25851.374,,,,"R1:3513"
"EGY","BA:582","EMP_TEMP_SEX_AGE_NB","SEX_T","AGE_YTHADULT_Y15-24","2020",4255.368,,,,"R1:3513"
"EGY","BA:582","EMP_TEMP_SEX_AGE_NB","SEX_T","AGE_YTHADULT_YGE25","2020",21983.589,,,,"R1:3513"
"EGY","BA:582","EMP_TEMP_SEX_AGE_NB","SEX_M","AGE_YTHADULT_YGE15","2020",22286.24,,,,"R1:3513"
"EGY","BA:582","EMP_TEMP_SEX_AGE_NB","SEX_M","AGE_YTHADULT_Y15-64","2020",21932.106,,,,"R1:3513"
"EGY","BA:582","EMP_TEMP_SEX_AGE_NB","SEX_M","AGE_YTHADULT_Y15-24","2020",3796.478,,,,"R1:3513"
"EGY","BA:582","EMP_TEMP_SEX_AGE_NB","SEX_M","AGE_YTHADULT_YGE25","2020",18489.762,,,,"R1:3513"
"EGY","BA:582","EMP_TEMP_SEX_AGE_NB","SEX_F","AGE_YTHADULT_YGE15","2020",3952.717,,,,"R1:3513"
"EGY","BA:582","EMP_TEMP_SEX_AGE_NB","SEX_F","AGE_YTHADULT_Y15-64","2020",3919.267,,,,"R1:3513"
"EGY","BA:582","EMP_TEMP_SEX_AGE_NB","SEX_F","AGE_YTHADULT_Y15-24","2020",458.89,,,,"R1:3513"
"EGY","BA:582","EMP_TEMP_SEX_AGE_NB","SEX_F","AGE_YTHADULT_YGE25","2020",3493.827,,,,"R1:3513"
"EGY","BA:582","EMP_TEMP_SEX_AGE_NB","SEX_T","AGE_AGGREGATE_YGE15","2020",26238.958,,,,"R1:3513"
"EGY","BA:582","EMP_TEMP_SEX_AGE_NB","SEX_T","AGE_AGGREGATE_Y15-24","2020",4255.368,,,,"R1:3513"
"EGY","BA:582","EMP_TEMP_SEX_AGE_NB","SEX_T","AGE_AGGREGATE_Y25-54","2020",19048.762,,,,"R1:3513"
"EGY","BA:582","EMP_TEMP_SEX_AGE_NB","SEX_T","AGE_AGGREGATE_Y55-64","2020",2547.243,,,,"R1:3513"
"EGY","BA:582","EMP_TEMP_SEX_AGE_NB","SEX_T","AGE_AGGREGATE_YGE65","2020",387.584,,,,"R1:3513"
"EGY","BA:582","EMP_TEMP_SEX_AGE_NB","SEX_M","AGE_AGGREGATE_YGE15","2020",22286.24,,,,"R1:3513"
"EGY","BA:582","EMP_TEMP_SEX_AGE_NB","SEX_M","AGE_AGGREGATE_Y15-24","2020",3796.478,,,,"R1:3513"
"EGY","BA:582","EMP_TEMP_SEX_AGE_NB","SEX_M","AGE_AGGREGATE_Y25-54","2020",16025.323,,,,"R1:3513"
"EGY","BA:582","EMP_TEMP_SEX_AGE_NB","SEX_M","AGE_AGGREGATE_Y55-64","2020",2110.306,,,,"R1:3513"
"EGY","BA:582","EMP_TEMP_SEX_AGE_NB","SEX_M","AGE_AGGREGATE_YGE65","2020",354.134,,,,"R1:3513"
"EGY","BA:582","EMP_TEMP_SEX_AGE_NB","SEX_F","AGE_AGGREGATE_YGE15","2020",3952.717,,,,"R1:3513"
"EGY","BA:582","EMP_TEMP_SEX_AGE_NB","SEX_F","AGE_AGGREGATE_Y15-24","2020",458.89,,,,"R1:3513"
"EGY","BA:582","EMP_TEMP_SEX_AGE_NB","SEX_F","AGE_AGGREGATE_Y25-54","2020",3023.44,,,,"R1:3513"
"EGY","BA:582","EMP_TEMP_SEX_AGE_NB","SEX_F","AGE_AGGREGATE_Y55-64","2020",436.938,,,,"R1:3513"
"EGY","BA:582","EMP_TEMP_SEX_AGE_NB","SEX_F","AGE_AGGREGATE_YGE65","2020",33.45,,,,"R1:3513"
"EGY","BA:582","EMP_TEMP_SEX_AGE_NB","SEX_T","AGE_10YRBANDS_YGE15","2020",26238.958,,,,"R1:3513"
"EGY","BA:582","EMP_TEMP_SEX_AGE_NB","SEX_T","AGE_10YRBANDS_Y15-24","2020",4255.368,,,,"R1:3513"
"EGY","BA:582","EMP_TEMP_SEX_AGE_NB","SEX_T","AGE_10YRBANDS_Y25-34","2020",7707.49,,,,"R1:3513"
"EGY","BA:582","EMP_TEMP_SEX_AGE_NB","SEX_T","AGE_10YRBANDS_Y35-44","2020",6569.567,,,,"R1:3513"
"EGY","BA:582","EMP_TEMP_SEX_AGE_NB","SEX_T","AGE_10YRBANDS_Y45-54","2020",4771.705,,,,"R1:3513"
"EGY","BA:582","EMP_TEMP_SEX_AGE_NB","SEX_T","AGE_10YRBANDS_Y55-64","2020",2547.243,,,,"R1:3513"
"EGY","BA:582","EMP_TEMP_SEX_AGE_NB","SEX_T","AGE_10YRBANDS_YGE65","2020",387.584,,,,"R1:3513"
"EGY","BA:582","EMP_TEMP_SEX_AGE_NB","SEX_M","AGE_10YRBANDS_YGE15","2020",22286.24,,,,"R1:3513"
"EGY","BA:582","EMP_TEMP_SEX_AGE_NB","SEX_M","AGE_10YRBANDS_Y15-24","2020",3796.478,,,,"R1:3513"
"EGY","BA:582","EMP_TEMP_SEX_AGE_NB","SEX_M","AGE_10YRBANDS_Y25-34","2020",6648.624,,,,"R1:3513"
"EGY","BA:582","EMP_TEMP_SEX_AGE_NB","SEX_M","AGE_10YRBANDS_Y35-44","2020",5445.488,,,,"R1:3513"
"EGY","BA:582","EMP_TEMP_SEX_AGE_NB","SEX_M","AGE_10YRBANDS_Y45-54","2020",3931.21,,,,"R1:3513"
"EGY","BA:582","EMP_TEMP_SEX_AGE_NB","SEX_M","AGE_10YRBANDS_Y55-64","2020",2110.306,,,,"R1:3513"
"EGY","BA:582","EMP_TEMP_SEX_AGE_NB","SEX_M","AGE_10YRBANDS_YGE65","2020",354.134,,,,"R1:3513"
"EGY","BA:582","EMP_TEMP_SEX_AGE_NB","SEX_F","AGE_10YRBANDS_YGE15","2020",3952.717,,,,"R1:3513"
"EGY","BA:582","EMP_TEMP_SEX_AGE_NB","SEX_F","AGE_10YRBANDS_Y15-24","2020",458.89,,,,"R1:3513"
"EGY","BA:582","EMP_TEMP_SEX_AGE_NB","SEX_F","AGE_10YRBANDS_Y25-34","2020",1058.866,,,,"R1:3513"
"EGY","BA:582","EMP_TEMP_SEX_AGE_NB","SEX_F","AGE_10YRBANDS_Y35-44","2020",1124.078,,,,"R1:3513"
"EGY","BA:582","EMP_TEMP_SEX_AGE_NB","SEX_F","AGE_10YRBANDS_Y45-54","2020",840.495,,,,"R1:3513"
"EGY","BA:582","EMP_TEMP_SEX_AGE_NB","SEX_F","AGE_10YRBANDS_Y55-64","2020",436.938,,,,"R1:3513"
"EGY","BA:582","EMP_TEMP_SEX_AGE_NB","SEX_F","AGE_10YRBANDS_YGE65","2020",33.45,,,,"R1:3513"
"EGY","BA:582","EMP_TEMP_SEX_AGE_NB","SEX_T","AGE_5YRBANDS_YGE15","2020",26238.958,,,,"R1:3513"
"EGY","BA:582","EMP_TEMP_SEX_AGE_NB","SEX_T","AGE_5YRBANDS_Y15-19","2020",1311.466,,,,"R1:3513"
"EGY","BA:582","EMP_TEMP_SEX_AGE_NB","SEX_T","AGE_5YRBANDS_Y20-24","2020",2943.903,,,,"R1:3513"
"EGY","BA:582","EMP_TEMP_SEX_AGE_NB","SEX_T","AGE_5YRBANDS_Y25-29","2020",4203.889,,,,"R1:3513"
"EGY","BA:582","EMP_TEMP_SEX_AGE_NB","SEX_T","AGE_5YRBANDS_Y30-34","2020",3503.601,,,,"R1:3513"
"EGY","BA:582","EMP_TEMP_SEX_AGE_NB","SEX_T","AGE_5YRBANDS_Y35-39","2020",3496.277,,,,"R1:3513"
"EGY","BA:582","EMP_TEMP_SEX_AGE_NB","SEX_T","AGE_5YRBANDS_Y40-44","2020",3073.289,,,,"R1:3513"
"EGY","BA:582","EMP_TEMP_SEX_AGE_NB","SEX_T","AGE_5YRBANDS_Y45-49","2020",2491.841,,,,"R1:3513"
"EGY","BA:582","EMP_TEMP_SEX_AGE_NB","SEX_T","AGE_5YRBANDS_Y50-54","2020",2279.864,,,,"R1:3513"
"EGY","BA:582","EMP_TEMP_SEX_AGE_NB","SEX_T","AGE_5YRBANDS_Y55-59","2020",1920.742,,,,"R1:3513"
"EGY","BA:582","EMP_TEMP_SEX_AGE_NB","SEX_T","AGE_5YRBANDS_Y60-64","2020",626.501,,,,"R1:3513"
"EGY","BA:582","EMP_TEMP_SEX_AGE_NB","SEX_T","AGE_5YRBANDS_YGE65","2020",387.584,,,,"R1:3513"
"EGY","BA:582","EMP_TEMP_SEX_AGE_NB","SEX_M","AGE_5YRBANDS_YGE15","2020",22286.24,,,,"R1:3513"
"EGY","BA:582","EMP_TEMP_SEX_AGE_NB","SEX_M","AGE_5YRBANDS_Y15-19","2020",1218.888,,,,"R1:3513"
"EGY","BA:582","EMP_TEMP_SEX_AGE_NB","SEX_M","AGE_5YRBANDS_Y20-24","2020",2577.59,,,,"R1:3513"
"EGY","BA:582","EMP_TEMP_SEX_AGE_NB","SEX_M","AGE_5YRBANDS_Y25-29","2020",3628.41,,,,"R1:3513"
"EGY","BA:582","EMP_TEMP_SEX_AGE_NB","SEX_M","AGE_5YRBANDS_Y30-34","2020",3020.213,,,,"R1:3513"
"EGY","BA:582","EMP_TEMP_SEX_AGE_NB","SEX_M","AGE_5YRBANDS_Y35-39","2020",2917.957,,,,"R1:3513"
"EGY","BA:582","EMP_TEMP_SEX_AGE_NB","SEX_M","AGE_5YRBANDS_Y40-44","2020",2527.532,,,,"R1:3513"
"EGY","BA:582","EMP_TEMP_SEX_AGE_NB","SEX_M","AGE_5YRBANDS_Y45-49","2020",2059.106,,,,"R1:3513"
"EGY","BA:582","EMP_TEMP_SEX_AGE_NB","SEX_M","AGE_5YRBANDS_Y50-54","2020",1872.105,,,,"R1:3513"
"EGY","BA:582","EMP_TEMP_SEX_AGE_NB","SEX_M","AGE_5YRBANDS_Y55-59","2020",1551.693,,,,"R1:3513"
"EGY","BA:582","EMP_TEMP_SEX_AGE_NB","SEX_M","AGE_5YRBANDS_Y60-64","2020",558.612,,,,"R1:3513"
"EGY","BA:582","EMP_TEMP_SEX_AGE_NB","SEX_M","AGE_5YRBANDS_YGE65","2020",354.134,,,,"R1:3513"
"EGY","BA:582","EMP_TEMP_SEX_AGE_NB","SEX_F","AGE_5YRBANDS_YGE15","2020",3952.717,,,,"R1:3513"
"EGY","BA:582","EMP_TEMP_SEX_AGE_NB","SEX_F","AGE_5YRBANDS_Y15-19","2020",92.578,,,,"R1:3513"
"EGY","BA:582","EMP_TEMP_SEX_AGE_NB","SEX_F","AGE_5YRBANDS_Y20-24","2020",366.312,,,,"R1:3513"
"EGY","BA:582","EMP_TEMP_SEX_AGE_NB","SEX_F","AGE_5YRBANDS_Y25-29","2020",575.479,,,,"R1:3513"
"EGY","BA:582","EMP_TEMP_SEX_AGE_NB","SEX_F","AGE_5YRBANDS_Y30-34","2020",483.388,,,,"R1:3513"
"EGY","BA:582","EMP_TEMP_SEX_AGE_NB","SEX_F","AGE_5YRBANDS_Y35-39","2020",578.32,,,,"R1:3513"
"EGY","BA:582","EMP_TEMP_SEX_AGE_NB","SEX_F","AGE_5YRBANDS_Y40-44","2020",545.758,,,,"R1:3513"
"EGY","BA:582","EMP_TEMP_SEX_AGE_NB","SEX_F","AGE_5YRBANDS_Y45-49","2020",432.735,,,,"R1:3513"
"EGY","BA:582","EMP_TEMP_SEX_AGE_NB","SEX_F","AGE_5YRBANDS_Y50-54","2020",407.76,,,,"R1:3513"
"EGY","BA:582","EMP_TEMP_SEX_AGE_NB","SEX_F","AGE_5YRBANDS_Y55-59","2020",369.049,,,,"R1:3513"
"EGY","BA:582","EMP_TEMP_SEX_AGE_NB","SEX_F","AGE_5YRBANDS_Y60-64","2020",67.889,,,,"R1:3513"
"EGY","BA:582","EMP_TEMP_SEX_AGE_NB","SEX_F","AGE_5YRBANDS_YGE65","2020",33.45,,,,"R1:3513"
"EGY","BA:582","EMP_TEMP_SEX_AGE_NB","SEX_T","AGE_YTHADULT_YGE15","2019",26122.61,,,,"R1:3513"
"EGY","BA:582","EMP_TEMP_SEX_AGE_NB","SEX_T","AGE_YTHADULT_Y15-64","2019",25717.821,,,,"R1:3513"
"EGY","BA:582","EMP_TEMP_SEX_AGE_NB","SEX_T","AGE_YTHADULT_Y15-24","2019",4097.556,,,,"R1:3513"
"EGY","BA:582","EMP_TEMP_SEX_AGE_NB","SEX_T","AGE_YTHADULT_YGE25","2019",22025.054,,,,"R1:3513"
"EGY","BA:582","EMP_TEMP_SEX_AGE_NB","SEX_M","AGE_YTHADULT_YGE15","2019",22133.011,,,,"R1:3513"
"EGY","BA:582","EMP_TEMP_SEX_AGE_NB","SEX_M","AGE_YTHADULT_Y15-64","2019",21768.663,,,,"R1:3513"
"EGY","BA:582","EMP_TEMP_SEX_AGE_NB","SEX_M","AGE_YTHADULT_Y15-24","2019",3610.617,,,,"R1:3513"
"EGY","BA:582","EMP_TEMP_SEX_AGE_NB","SEX_M","AGE_YTHADULT_YGE25","2019",18522.395,,,,"R1:3513"
"EGY","BA:582","EMP_TEMP_SEX_AGE_NB","SEX_F","AGE_YTHADULT_YGE15","2019",3989.598,,,,"R1:3513"
"EGY","BA:582","EMP_TEMP_SEX_AGE_NB","SEX_F","AGE_YTHADULT_Y15-64","2019",3949.158,,,,"R1:3513"
"EGY","BA:582","EMP_TEMP_SEX_AGE_NB","SEX_F","AGE_YTHADULT_Y15-24","2019",486.939,,,,"R1:3513"
"EGY","BA:582","EMP_TEMP_SEX_AGE_NB","SEX_F","AGE_YTHADULT_YGE25","2019",3502.659,,,,"R1:3513"
"EGY","BA:582","EMP_TEMP_SEX_AGE_NB","SEX_T","AGE_AGGREGATE_YGE15","2019",26122.61,,,,"R1:3513"
"EGY","BA:582","EMP_TEMP_SEX_AGE_NB","SEX_T","AGE_AGGREGATE_Y15-24","2019",4097.556,,,,"R1:3513"
"EGY","BA:582","EMP_TEMP_SEX_AGE_NB","SEX_T","AGE_AGGREGATE_Y25-54","2019",18868.599,,,,"R1:3513"
"EGY","BA:582","EMP_TEMP_SEX_AGE_NB","SEX_T","AGE_AGGREGATE_Y55-64","2019",2751.667,,,,"R1:3513"
"EGY","BA:582","EMP_TEMP_SEX_AGE_NB","SEX_T","AGE_AGGREGATE_YGE65","2019",404.788,,,,"R1:3513"
"EGY","BA:582","EMP_TEMP_SEX_AGE_NB","SEX_M","AGE_AGGREGATE_YGE15","2019",22133.011,,,,"R1:3513"
"EGY","BA:582","EMP_TEMP_SEX_AGE_NB","SEX_M","AGE_AGGREGATE_Y15-24","2019",3610.617,,,,"R1:3513"
"EGY","BA:582","EMP_TEMP_SEX_AGE_NB","SEX_M","AGE_AGGREGATE_Y25-54","2019",15864.815,,,,"R1:3513"
"EGY","BA:582","EMP_TEMP_SEX_AGE_NB","SEX_M","AGE_AGGREGATE_Y55-64","2019",2293.231,,,,"R1:3513"
"EGY","BA:582","EMP_TEMP_SEX_AGE_NB","SEX_M","AGE_AGGREGATE_YGE65","2019",364.348,,,,"R1:3513"
"EGY","BA:582","EMP_TEMP_SEX_AGE_NB","SEX_F","AGE_AGGREGATE_YGE15","2019",3989.598,,,,"R1:3513"
"EGY","BA:582","EMP_TEMP_SEX_AGE_NB","SEX_F","AGE_AGGREGATE_Y15-24","2019",486.939,,,,"R1:3513"
"EGY","BA:582","EMP_TEMP_SEX_AGE_NB","SEX_F","AGE_AGGREGATE_Y25-54","2019",3003.783,,,,"R1:3513"
"EGY","BA:582","EMP_TEMP_SEX_AGE_NB","SEX_F","AGE_AGGREGATE_Y55-64","2019",458.436,,,,"R1:3513"
"EGY","BA:582","EMP_TEMP_SEX_AGE_NB","SEX_F","AGE_AGGREGATE_YGE65","2019",40.44,,,,"R1:3513"
"EGY","BA:582","EMP_TEMP_SEX_AGE_NB","SEX_T","AGE_10YRBANDS_YGE15","2019",26122.61,,,,"R1:3513"
"EGY","BA:582","EMP_TEMP_SEX_AGE_NB","SEX_T","AGE_10YRBANDS_Y15-24","2019",4097.556,,,,"R1:3513"
"EGY","BA:582","EMP_TEMP_SEX_AGE_NB","SEX_T","AGE_10YRBANDS_Y25-34","2019",7707.765,,,,"R1:3513"
"EGY","BA:582","EMP_TEMP_SEX_AGE_NB","SEX_T","AGE_10YRBANDS_Y35-44","2019",6152.152,,,,"R1:3513"
"EGY","BA:582","EMP_TEMP_SEX_AGE_NB","SEX_T","AGE_10YRBANDS_Y45-54","2019",5008.681,,,,"R1:3513"
"EGY","BA:582","EMP_TEMP_SEX_AGE_NB","SEX_T","AGE_10YRBANDS_Y55-64","2019",2751.667,,,,"R1:3513"
"EGY","BA:582","EMP_TEMP_SEX_AGE_NB","SEX_T","AGE_10YRBANDS_YGE65","2019",404.788,,,,"R1:3513"
"EGY","BA:582","EMP_TEMP_SEX_AGE_NB","SEX_M","AGE_10YRBANDS_YGE15","2019",22133.011,,,,"R1:3513"
"EGY","BA:582","EMP_TEMP_SEX_AGE_NB","SEX_M","AGE_10YRBANDS_Y15-24","2019",3610.617,,,,"R1:3513"
"EGY","BA:582","EMP_TEMP_SEX_AGE_NB","SEX_M","AGE_10YRBANDS_Y25-34","2019",6627.812,,,,"R1:3513"
"EGY","BA:582","EMP_TEMP_SEX_AGE_NB","SEX_M","AGE_10YRBANDS_Y35-44","2019",5100.932,,,,"R1:3513"
"EGY","BA:582","EMP_TEMP_SEX_AGE_NB","SEX_M","AGE_10YRBANDS_Y45-54","2019",4136.072,,,,"R1:3513"
"EGY","BA:582","EMP_TEMP_SEX_AGE_NB","SEX_M","AGE_10YRBANDS_Y55-64","2019",2293.231,,,,"R1:3513"
"EGY","BA:582","EMP_TEMP_SEX_AGE_NB","SEX_M","AGE_10YRBANDS_YGE65","2019",364.348,,,,"R1:3513"
"EGY","BA:582","EMP_TEMP_SEX_AGE_NB","SEX_F","AGE_10YRBANDS_YGE15","2019",3989.598,,,,"R1:3513"
"EGY","BA:582","EMP_TEMP_SEX_AGE_NB","SEX_F","AGE_10YRBANDS_Y15-24","2019",486.939,,,,"R1:3513"
"EGY","BA:582","EMP_TEMP_SEX_AGE_NB","SEX_F","AGE_10YRBANDS_Y25-34","2019",1079.954,,,,"R1:3513"
"EGY","BA:582","EMP_TEMP_SEX_AGE_NB","SEX_F","AGE_10YRBANDS_Y35-44","2019",1051.221,,,,"R1:3513"
"EGY","BA:582","EMP_TEMP_SEX_AGE_NB","SEX_F","AGE_10YRBANDS_Y45-54","2019",872.609,,,,"R1:3513"
"EGY","BA:582","EMP_TEMP_SEX_AGE_NB","SEX_F","AGE_10YRBANDS_Y55-64","2019",458.436,,,,"R1:3513"
"EGY","BA:582","EMP_TEMP_SEX_AGE_NB","SEX_F","AGE_10YRBANDS_YGE65","2019",40.44,,,,"R1:3513"
"EGY","BA:582","EMP_TEMP_SEX_AGE_NB","SEX_T","AGE_5YRBANDS_YGE15","2019",26122.61,,,,"R1:3513"
"EGY","BA:582","EMP_TEMP_SEX_AGE_NB","SEX_T","AGE_5YRBANDS_Y15-19","2019",1250.845,,,,"R1:3513"
"EGY","BA:582","EMP_TEMP_SEX_AGE_NB","SEX_T","AGE_5YRBANDS_Y20-24","2019",2846.711,,,,"R1:3513"
"EGY","BA:582","EMP_TEMP_SEX_AGE_NB","SEX_T","AGE_5YRBANDS_Y25-29","2019",4190.527,,,,"R1:3513"
"EGY","BA:582","EMP_TEMP_SEX_AGE_NB","SEX_T","AGE_5YRBANDS_Y30-34","2019",3517.238,,,,"R1:3513"
"EGY","BA:582","EMP_TEMP_SEX_AGE_NB","SEX_T","AGE_5YRBANDS_Y35-39","2019",3239.878,,,,"R1:3513"
"EGY","BA:582","EMP_TEMP_SEX_AGE_NB","SEX_T","AGE_5YRBANDS_Y40-44","2019",2912.274,,,,"R1:3513"
"EGY","BA:582","EMP_TEMP_SEX_AGE_NB","SEX_T","AGE_5YRBANDS_Y45-49","2019",2635.011,,,,"R1:3513"
"EGY","BA:582","EMP_TEMP_SEX_AGE_NB","SEX_T","AGE_5YRBANDS_Y50-54","2019",2373.67,,,,"R1:3513"
"EGY","BA:582","EMP_TEMP_SEX_AGE_NB","SEX_T","AGE_5YRBANDS_Y55-59","2019",2053.606,,,,"R1:3513"
"EGY","BA:582","EMP_TEMP_SEX_AGE_NB","SEX_T","AGE_5YRBANDS_Y60-64","2019",698.061,,,,"R1:3513"
"EGY","BA:582","EMP_TEMP_SEX_AGE_NB","SEX_T","AGE_5YRBANDS_YGE65","2019",404.788,,,,"R1:3513"
"EGY","BA:582","EMP_TEMP_SEX_AGE_NB","SEX_M","AGE_5YRBANDS_YGE15","2019",22133.011,,,,"R1:3513"
"EGY","BA:582","EMP_TEMP_SEX_AGE_NB","SEX_M","AGE_5YRBANDS_Y15-19","2019",1138.652,,,,"R1:3513"
"EGY","BA:582","EMP_TEMP_SEX_AGE_NB","SEX_M","AGE_5YRBANDS_Y20-24","2019",2471.964,,,,"R1:3513"
"EGY","BA:582","EMP_TEMP_SEX_AGE_NB","SEX_M","AGE_5YRBANDS_Y25-29","2019",3594.716,,,,"R1:3513"
"EGY","BA:582","EMP_TEMP_SEX_AGE_NB","SEX_M","AGE_5YRBANDS_Y30-34","2019",3033.096,,,,"R1:3513"
"EGY","BA:582","EMP_TEMP_SEX_AGE_NB","SEX_M","AGE_5YRBANDS_Y35-39","2019",2687.907,,,,"R1:3513"
"EGY","BA:582","EMP_TEMP_SEX_AGE_NB","SEX_M","AGE_5YRBANDS_Y40-44","2019",2413.024,,,,"R1:3513"
"EGY","BA:582","EMP_TEMP_SEX_AGE_NB","SEX_M","AGE_5YRBANDS_Y45-49","2019",2173.121,,,,"R1:3513"
"EGY","BA:582","EMP_TEMP_SEX_AGE_NB","SEX_M","AGE_5YRBANDS_Y50-54","2019",1962.951,,,,"R1:3513"
"EGY","BA:582","EMP_TEMP_SEX_AGE_NB","SEX_M","AGE_5YRBANDS_Y55-59","2019",1668.661,,,,"R1:3513"
"EGY","BA:582","EMP_TEMP_SEX_AGE_NB","SEX_M","AGE_5YRBANDS_Y60-64","2019",624.571,,,,"R1:3513"
"EGY","BA:582","EMP_TEMP_SEX_AGE_NB","SEX_M","AGE_5YRBANDS_YGE65","2019",364.348,,,,"R1:3513"
"EGY","BA:582","EMP_TEMP_SEX_AGE_NB","SEX_F","AGE_5YRBANDS_YGE15","2019",3989.598,,,,"R1:3513"
"EGY","BA:582","EMP_TEMP_SEX_AGE_NB","SEX_F","AGE_5YRBANDS_Y15-19","2019",112.192,,,,"R1:3513"
"EGY","BA:582","EMP_TEMP_SEX_AGE_NB","SEX_F","AGE_5YRBANDS_Y20-24","2019",374.747,,,,"R1:3513"
"EGY","BA:582","EMP_TEMP_SEX_AGE_NB","SEX_F","AGE_5YRBANDS_Y25-29","2019",595.81,,,,"R1:3513"
"EGY","BA:582","EMP_TEMP_SEX_AGE_NB","SEX_F","AGE_5YRBANDS_Y30-34","2019",484.143,,,,"R1:3513"
"EGY","BA:582","EMP_TEMP_SEX_AGE_NB","SEX_F","AGE_5YRBANDS_Y35-39","2019",551.971,,,,"R1:3513"
"EGY","BA:582","EMP_TEMP_SEX_AGE_NB","SEX_F","AGE_5YRBANDS_Y40-44","2019",499.25,,,,"R1:3513"
"EGY","BA:582","EMP_TEMP_SEX_AGE_NB","SEX_F","AGE_5YRBANDS_Y45-49","2019",461.89,,,,"R1:3513"
"EGY","BA:582","EMP_TEMP_SEX_AGE_NB","SEX_F","AGE_5YRBANDS_Y50-54","2019",410.718,,,,"R1:3513"
"EGY","BA:582","EMP_TEMP_SEX_AGE_NB","SEX_F","AGE_5YRBANDS_Y55-59","2019",384.945,,,,"R1:3513"
"EGY","BA:582","EMP_TEMP_SEX_AGE_NB","SEX_F","AGE_5YRBANDS_Y60-64","2019",73.49,,,,"R1:3513"
"EGY","BA:582","EMP_TEMP_SEX_AGE_NB","SEX_F","AGE_5YRBANDS_YGE65","2019",40.44,,,,"R1:3513"
"EGY","BA:582","EMP_TEMP_SEX_AGE_NB","SEX_T","AGE_YTHADULT_YGE15","2018",26021.022,,,,"R1:3513"
"EGY","BA:582","EMP_TEMP_SEX_AGE_NB","SEX_T","AGE_YTHADULT_Y15-64","2018",25581.122,,,,"R1:3513"
"EGY","BA:582","EMP_TEMP_SEX_AGE_NB","SEX_T","AGE_YTHADULT_Y15-24","2018",3884.495,,,,"R1:3513"
"EGY","BA:582","EMP_TEMP_SEX_AGE_NB","SEX_T","AGE_YTHADULT_YGE25","2018",22136.527,,,,"R1:3513"
"EGY","BA:582","EMP_TEMP_SEX_AGE_NB","SEX_M","AGE_YTHADULT_YGE15","2018",21289.87,,,,"R1:3513"
"EGY","BA:582","EMP_TEMP_SEX_AGE_NB","SEX_M","AGE_YTHADULT_Y15-64","2018",20896.103,,,,"R1:3513"
"EGY","BA:582","EMP_TEMP_SEX_AGE_NB","SEX_M","AGE_YTHADULT_Y15-24","2018",3340.168,,,,"R1:3513"
"EGY","BA:582","EMP_TEMP_SEX_AGE_NB","SEX_M","AGE_YTHADULT_YGE25","2018",17949.702,,,,"R1:3513"
"EGY","BA:582","EMP_TEMP_SEX_AGE_NB","SEX_F","AGE_YTHADULT_YGE15","2018",4731.152,,,,"R1:3513"
"EGY","BA:582","EMP_TEMP_SEX_AGE_NB","SEX_F","AGE_YTHADULT_Y15-64","2018",4685.018,,,,"R1:3513"
"EGY","BA:582","EMP_TEMP_SEX_AGE_NB","SEX_F","AGE_YTHADULT_Y15-24","2018",544.327,,,,"R1:3513"
"EGY","BA:582","EMP_TEMP_SEX_AGE_NB","SEX_F","AGE_YTHADULT_YGE25","2018",4186.825,,,,"R1:3513"
"EGY","BA:582","EMP_TEMP_SEX_AGE_NB","SEX_T","AGE_AGGREGATE_YGE15","2018",26021.022,,,,"R1:3513"
"EGY","BA:582","EMP_TEMP_SEX_AGE_NB","SEX_T","AGE_AGGREGATE_Y15-24","2018",3884.495,,,,"R1:3513"
"EGY","BA:582","EMP_TEMP_SEX_AGE_NB","SEX_T","AGE_AGGREGATE_Y25-54","2018",18719.543,,,,"R1:3513"
"EGY","BA:582","EMP_TEMP_SEX_AGE_NB","SEX_T","AGE_AGGREGATE_Y55-64","2018",2977.083,,,,"R1:3513"
"EGY","BA:582","EMP_TEMP_SEX_AGE_NB","SEX_T","AGE_AGGREGATE_YGE65","2018",439.901,,,,"R1:3513"
"EGY","BA:582","EMP_TEMP_SEX_AGE_NB","SEX_M","AGE_AGGREGATE_YGE15","2018",21289.87,,,,"R1:3513"
"EGY","BA:582","EMP_TEMP_SEX_AGE_NB","SEX_M","AGE_AGGREGATE_Y15-24","2018",3340.168,,,,"R1:3513"
"EGY","BA:582","EMP_TEMP_SEX_AGE_NB","SEX_M","AGE_AGGREGATE_Y25-54","2018",15135.708,,,,"R1:3513"
"EGY","BA:582","EMP_TEMP_SEX_AGE_NB","SEX_M","AGE_AGGREGATE_Y55-64","2018",2420.228,,,,"R1:3513"
"EGY","BA:582","EMP_TEMP_SEX_AGE_NB","SEX_M","AGE_AGGREGATE_YGE65","2018",393.766,,,,"R1:3513"
"EGY","BA:582","EMP_TEMP_SEX_AGE_NB","SEX_F","AGE_AGGREGATE_YGE15","2018",4731.152,,,,"R1:3513"
"EGY","BA:582","EMP_TEMP_SEX_AGE_NB","SEX_F","AGE_AGGREGATE_Y15-24","2018",544.327,,,,"R1:3513"
"EGY","BA:582","EMP_TEMP_SEX_AGE_NB","SEX_F","AGE_AGGREGATE_Y25-54","2018",3583.835,,,,"R1:3513"
"EGY","BA:582","EMP_TEMP_SEX_AGE_NB","SEX_F","AGE_AGGREGATE_Y55-64","2018",556.855,,,,"R1:3513"
"EGY","BA:582","EMP_TEMP_SEX_AGE_NB","SEX_F","AGE_AGGREGATE_YGE65","2018",46.134,,,,"R1:3513"
"EGY","BA:582","EMP_TEMP_SEX_AGE_NB","SEX_T","AGE_10YRBANDS_YGE15","2018",26021.022,,,,"R1:3513"
"EGY","BA:582","EMP_TEMP_SEX_AGE_NB","SEX_T","AGE_10YRBANDS_Y15-24","2018",3884.495,,,,"R1:3513"
"EGY","BA:582","EMP_TEMP_SEX_AGE_NB","SEX_T","AGE_10YRBANDS_Y25-34","2018",7025.001,,,,"R1:3513"
"EGY","BA:582","EMP_TEMP_SEX_AGE_NB","SEX_T","AGE_10YRBANDS_Y35-44","2018",6205.778,,,,"R1:3513"
"EGY","BA:582","EMP_TEMP_SEX_AGE_NB","SEX_T","AGE_10YRBANDS_Y45-54","2018",5488.764,,,,"R1:3513"
"EGY","BA:582","EMP_TEMP_SEX_AGE_NB","SEX_T","AGE_10YRBANDS_Y55-64","2018",2977.083,,,,"R1:3513"
"EGY","BA:582","EMP_TEMP_SEX_AGE_NB","SEX_T","AGE_10YRBANDS_YGE65","2018",439.901,,,,"R1:3513"
"EGY","BA:582","EMP_TEMP_SEX_AGE_NB","SEX_M","AGE_10YRBANDS_YGE15","2018",21289.87,,,,"R1:3513"
"EGY","BA:582","EMP_TEMP_SEX_AGE_NB","SEX_M","AGE_10YRBANDS_Y15-24","2018",3340.168,,,,"R1:3513"
"EGY","BA:582","EMP_TEMP_SEX_AGE_NB","SEX_M","AGE_10YRBANDS_Y25-34","2018",5803.379,,,,"R1:3513"
"EGY","BA:582","EMP_TEMP_SEX_AGE_NB","SEX_M","AGE_10YRBANDS_Y35-44","2018",4925.162,,,,"R1:3513"
"EGY","BA:582","EMP_TEMP_SEX_AGE_NB","SEX_M","AGE_10YRBANDS_Y45-54","2018",4407.166,,,,"R1:3513"
"EGY","BA:582","EMP_TEMP_SEX_AGE_NB","SEX_M","AGE_10YRBANDS_Y55-64","2018",2420.228,,,,"R1:3513"
"EGY","BA:582","EMP_TEMP_SEX_AGE_NB","SEX_M","AGE_10YRBANDS_YGE65","2018",393.766,,,,"R1:3513"
"EGY","BA:582","EMP_TEMP_SEX_AGE_NB","SEX_F","AGE_10YRBANDS_YGE15","2018",4731.152,,,,"R1:3513"
"EGY","BA:582","EMP_TEMP_SEX_AGE_NB","SEX_F","AGE_10YRBANDS_Y15-24","2018",544.327,,,,"R1:3513"
"EGY","BA:582","EMP_TEMP_SEX_AGE_NB","SEX_F","AGE_10YRBANDS_Y25-34","2018",1221.622,,,,"R1:3513"
"EGY","BA:582","EMP_TEMP_SEX_AGE_NB","SEX_F","AGE_10YRBANDS_Y35-44","2018",1280.615,,,,"R1:3513"
"EGY","BA:582","EMP_TEMP_SEX_AGE_NB","SEX_F","AGE_10YRBANDS_Y45-54","2018",1081.598,,,,"R1:3513"
"EGY","BA:582","EMP_TEMP_SEX_AGE_NB","SEX_F","AGE_10YRBANDS_Y55-64","2018",556.855,,,,"R1:3513"
"EGY","BA:582","EMP_TEMP_SEX_AGE_NB","SEX_F","AGE_10YRBANDS_YGE65","2018",46.134,,,,"R1:3513"
"EGY","BA:582","EMP_TEMP_SEX_AGE_NB","SEX_T","AGE_5YRBANDS_YGE15","2018",26021.022,,,,"R1:3513"
"EGY","BA:582","EMP_TEMP_SEX_AGE_NB","SEX_T","AGE_5YRBANDS_Y15-19","2018",1220.097,,,,"R1:3513"
"EGY","BA:582","EMP_TEMP_SEX_AGE_NB","SEX_T","AGE_5YRBANDS_Y20-24","2018",2664.398,,,,"R1:3513"
"EGY","BA:582","EMP_TEMP_SEX_AGE_NB","SEX_T","AGE_5YRBANDS_Y25-29","2018",3708.588,,,,"R1:3513"
"EGY","BA:582","EMP_TEMP_SEX_AGE_NB","SEX_T","AGE_5YRBANDS_Y30-34","2018",3316.414,,,,"R1:3513"
"EGY","BA:582","EMP_TEMP_SEX_AGE_NB","SEX_T","AGE_5YRBANDS_Y35-39","2018",3145.451,,,,"R1:3513"
"EGY","BA:582","EMP_TEMP_SEX_AGE_NB","SEX_T","AGE_5YRBANDS_Y40-44","2018",3060.327,,,,"R1:3513"
"EGY","BA:582","EMP_TEMP_SEX_AGE_NB","SEX_T","AGE_5YRBANDS_Y45-49","2018",2795.565,,,,"R1:3513"
"EGY","BA:582","EMP_TEMP_SEX_AGE_NB","SEX_T","AGE_5YRBANDS_Y50-54","2018",2693.199,,,,"R1:3513"
"EGY","BA:582","EMP_TEMP_SEX_AGE_NB","SEX_T","AGE_5YRBANDS_Y55-59","2018",2199.928,,,,"R1:3513"
"EGY","BA:582","EMP_TEMP_SEX_AGE_NB","SEX_T","AGE_5YRBANDS_Y60-64","2018",777.155,,,,"R1:3513"
"EGY","BA:582","EMP_TEMP_SEX_AGE_NB","SEX_T","AGE_5YRBANDS_YGE65","2018",439.901,,,,"R1:3513"
"EGY","BA:582","EMP_TEMP_SEX_AGE_NB","SEX_M","AGE_5YRBANDS_YGE15","2018",21289.87,,,,"R1:3513"
"EGY","BA:582","EMP_TEMP_SEX_AGE_NB","SEX_M","AGE_5YRBANDS_Y15-19","2018",1093.91,,,,"R1:3513"
"EGY","BA:582","EMP_TEMP_SEX_AGE_NB","SEX_M","AGE_5YRBANDS_Y20-24","2018",2246.258,,,,"R1:3513"
"EGY","BA:582","EMP_TEMP_SEX_AGE_NB","SEX_M","AGE_5YRBANDS_Y25-29","2018",3074.235,,,,"R1:3513"
"EGY","BA:582","EMP_TEMP_SEX_AGE_NB","SEX_M","AGE_5YRBANDS_Y30-34","2018",2729.144,,,,"R1:3513"
"EGY","BA:582","EMP_TEMP_SEX_AGE_NB","SEX_M","AGE_5YRBANDS_Y35-39","2018",2490.168,,,,"R1:3513"
"EGY","BA:582","EMP_TEMP_SEX_AGE_NB","SEX_M","AGE_5YRBANDS_Y40-44","2018",2434.994,,,,"R1:3513"
"EGY","BA:582","EMP_TEMP_SEX_AGE_NB","SEX_M","AGE_5YRBANDS_Y45-49","2018",2242.366,,,,"R1:3513"
"EGY","BA:582","EMP_TEMP_SEX_AGE_NB","SEX_M","AGE_5YRBANDS_Y50-54","2018",2164.801,,,,"R1:3513"
"EGY","BA:582","EMP_TEMP_SEX_AGE_NB","SEX_M","AGE_5YRBANDS_Y55-59","2018",1740.317,,,,"R1:3513"
"EGY","BA:582","EMP_TEMP_SEX_AGE_NB","SEX_M","AGE_5YRBANDS_Y60-64","2018",679.911,,,,"R1:3513"
"EGY","BA:582","EMP_TEMP_SEX_AGE_NB","SEX_M","AGE_5YRBANDS_YGE65","2018",393.766,,,,"R1:3513"
"EGY","BA:582","EMP_TEMP_SEX_AGE_NB","SEX_F","AGE_5YRBANDS_YGE15","2018",4731.152,,,,"R1:3513"
"EGY","BA:582","EMP_TEMP_SEX_AGE_NB","SEX_F","AGE_5YRBANDS_Y15-19","2018",126.188,,,,"R1:3513"
"EGY","BA:582","EMP_TEMP_SEX_AGE_NB","SEX_F","AGE_5YRBANDS_Y20-24","2018",418.14,,,,"R1:3513"
"EGY","BA:582","EMP_TEMP_SEX_AGE_NB","SEX_F","AGE_5YRBANDS_Y25-29","2018",634.352,,,,"R1:3513"
"EGY","BA:582","EMP_TEMP_SEX_AGE_NB","SEX_F","AGE_5YRBANDS_Y30-34","2018",587.27,,,,"R1:3513"
"EGY","BA:582","EMP_TEMP_SEX_AGE_NB","SEX_F","AGE_5YRBANDS_Y35-39","2018",655.283,,,,"R1:3513"
"EGY","BA:582","EMP_TEMP_SEX_AGE_NB","SEX_F","AGE_5YRBANDS_Y40-44","2018",625.332,,,,"R1:3513"
"EGY","BA:582","EMP_TEMP_SEX_AGE_NB","SEX_F","AGE_5YRBANDS_Y45-49","2018",553.2,,,,"R1:3513"
"EGY","BA:582","EMP_TEMP_SEX_AGE_NB","SEX_F","AGE_5YRBANDS_Y50-54","2018",528.398,,,,"R1:3513"
"EGY","BA:582","EMP_TEMP_SEX_AGE_NB","SEX_F","AGE_5YRBANDS_Y55-59","2018",459.611,,,,"R1:3513"
"EGY","BA:582","EMP_TEMP_SEX_AGE_NB","SEX_F","AGE_5YRBANDS_Y60-64","2018",97.245,,,,"R1:3513"
"EGY","BA:582","EMP_TEMP_SEX_AGE_NB","SEX_F","AGE_5YRBANDS_YGE65","2018",46.134,,,,"R1:3513"
"EGY","BA:582","EMP_TEMP_SEX_AGE_NB","SEX_T","AGE_YTHADULT_YGE15","2017",26006.18,,,,"R1:3513"
"EGY","BA:582","EMP_TEMP_SEX_AGE_NB","SEX_T","AGE_YTHADULT_Y15-64","2017",25539.961,,,,"R1:3513"
"EGY","BA:582","EMP_TEMP_SEX_AGE_NB","SEX_T","AGE_YTHADULT_Y15-24","2017",4505.339,,,,"R1:3513"
"EGY","BA:582","EMP_TEMP_SEX_AGE_NB","SEX_T","AGE_YTHADULT_YGE25","2017",21500.841,,,,"R1:3513"
"EGY","BA:582","EMP_TEMP_SEX_AGE_NB","SEX_M","AGE_YTHADULT_YGE15","2017",20620.017,,,,"R1:3513"
"EGY","BA:582","EMP_TEMP_SEX_AGE_NB","SEX_M","AGE_YTHADULT_Y15-64","2017",20199.38,,,,"R1:3513"
"EGY","BA:582","EMP_TEMP_SEX_AGE_NB","SEX_M","AGE_YTHADULT_Y15-24","2017",3295.285,,,,"R1:3513"
"EGY","BA:582","EMP_TEMP_SEX_AGE_NB","SEX_M","AGE_YTHADULT_YGE25","2017",17324.732,,,,"R1:3513"
"EGY","BA:582","EMP_TEMP_SEX_AGE_NB","SEX_F","AGE_YTHADULT_YGE15","2017",5386.163,,,,"R1:3513"
"EGY","BA:582","EMP_TEMP_SEX_AGE_NB","SEX_F","AGE_YTHADULT_Y15-64","2017",5340.58,,,,"R1:3513"
"EGY","BA:582","EMP_TEMP_SEX_AGE_NB","SEX_F","AGE_YTHADULT_Y15-24","2017",1210.054,,,,"R1:3513"
"EGY","BA:582","EMP_TEMP_SEX_AGE_NB","SEX_F","AGE_YTHADULT_YGE25","2017",4176.109,,,,"R1:3513"
"EGY","BA:582","EMP_TEMP_SEX_AGE_NB","SEX_T","AGE_AGGREGATE_YGE15","2017",26006.18,,,,"R1:3513"
"EGY","BA:582","EMP_TEMP_SEX_AGE_NB","SEX_T","AGE_AGGREGATE_Y15-24","2017",4505.339,,,,"R1:3513"
"EGY","BA:582","EMP_TEMP_SEX_AGE_NB","SEX_T","AGE_AGGREGATE_Y25-54","2017",18300.458,,,,"R1:3513"
"EGY","BA:582","EMP_TEMP_SEX_AGE_NB","SEX_T","AGE_AGGREGATE_Y55-64","2017",2734.164,,,,"R1:3513"
"EGY","BA:582","EMP_TEMP_SEX_AGE_NB","SEX_T","AGE_AGGREGATE_YGE65","2017",466.22,,,,"R1:3513"
"EGY","BA:582","EMP_TEMP_SEX_AGE_NB","SEX_M","AGE_AGGREGATE_YGE15","2017",20620.017,,,,"R1:3513"
"EGY","BA:582","EMP_TEMP_SEX_AGE_NB","SEX_M","AGE_AGGREGATE_Y15-24","2017",3295.285,,,,"R1:3513"
"EGY","BA:582","EMP_TEMP_SEX_AGE_NB","SEX_M","AGE_AGGREGATE_Y25-54","2017",14673.668,,,,"R1:3513"
"EGY","BA:582","EMP_TEMP_SEX_AGE_NB","SEX_M","AGE_AGGREGATE_Y55-64","2017",2230.427,,,,"R1:3513"
"EGY","BA:582","EMP_TEMP_SEX_AGE_NB","SEX_M","AGE_AGGREGATE_YGE65","2017",420.636,,,,"R1:3513"
"EGY","BA:582","EMP_TEMP_SEX_AGE_NB","SEX_F","AGE_AGGREGATE_YGE15","2017",5386.163,,,,"R1:3513"
"EGY","BA:582","EMP_TEMP_SEX_AGE_NB","SEX_F","AGE_AGGREGATE_Y15-24","2017",1210.054,,,,"R1:3513"
"EGY","BA:582","EMP_TEMP_SEX_AGE_NB","SEX_F","AGE_AGGREGATE_Y25-54","2017",3626.789,,,,"R1:3513"
"EGY","BA:582","EMP_TEMP_SEX_AGE_NB","SEX_F","AGE_AGGREGATE_Y55-64","2017",503.737,,,,"R1:3513"
"EGY","BA:582","EMP_TEMP_SEX_AGE_NB","SEX_F","AGE_AGGREGATE_YGE65","2017",45.583,,,,"R1:3513"
"EGY","BA:582","EMP_TEMP_SEX_AGE_NB","SEX_T","AGE_10YRBANDS_YGE15","2017",26006.18,,,,"R1:3513"
"EGY","BA:582","EMP_TEMP_SEX_AGE_NB","SEX_T","AGE_10YRBANDS_Y15-24","2017",4505.339,,,,"R1:3513"
"EGY","BA:582","EMP_TEMP_SEX_AGE_NB","SEX_T","AGE_10YRBANDS_Y25-34","2017",7476.525,,,,"R1:3513"
"EGY","BA:582","EMP_TEMP_SEX_AGE_NB","SEX_T","AGE_10YRBANDS_Y35-44","2017",5828.915,,,,"R1:3513"
"EGY","BA:582","EMP_TEMP_SEX_AGE_NB","SEX_T","AGE_10YRBANDS_Y45-54","2017",4995.018,,,,"R1:3513"
"EGY","BA:582","EMP_TEMP_SEX_AGE_NB","SEX_T","AGE_10YRBANDS_Y55-64","2017",2734.164,,,,"R1:3513"
"EGY","BA:582","EMP_TEMP_SEX_AGE_NB","SEX_T","AGE_10YRBANDS_YGE65","2017",466.22,,,,"R1:3513"
"EGY","BA:582","EMP_TEMP_SEX_AGE_NB","SEX_M","AGE_10YRBANDS_YGE15","2017",20620.017,,,,"R1:3513"
"EGY","BA:582","EMP_TEMP_SEX_AGE_NB","SEX_M","AGE_10YRBANDS_Y15-24","2017",3295.285,,,,"R1:3513"
"EGY","BA:582","EMP_TEMP_SEX_AGE_NB","SEX_M","AGE_10YRBANDS_Y25-34","2017",6051.008,,,,"R1:3513"
"EGY","BA:582","EMP_TEMP_SEX_AGE_NB","SEX_M","AGE_10YRBANDS_Y35-44","2017",4616.398,,,,"R1:3513"
"EGY","BA:582","EMP_TEMP_SEX_AGE_NB","SEX_M","AGE_10YRBANDS_Y45-54","2017",4006.262,,,,"R1:3513"
"EGY","BA:582","EMP_TEMP_SEX_AGE_NB","SEX_M","AGE_10YRBANDS_Y55-64","2017",2230.427,,,,"R1:3513"
"EGY","BA:582","EMP_TEMP_SEX_AGE_NB","SEX_M","AGE_10YRBANDS_YGE65","2017",420.636,,,,"R1:3513"
"EGY","BA:582","EMP_TEMP_SEX_AGE_NB","SEX_F","AGE_10YRBANDS_YGE15","2017",5386.163,,,,"R1:3513"
"EGY","BA:582","EMP_TEMP_SEX_AGE_NB","SEX_F","AGE_10YRBANDS_Y15-24","2017",1210.054,,,,"R1:3513"
"EGY","BA:582","EMP_TEMP_SEX_AGE_NB","SEX_F","AGE_10YRBANDS_Y25-34","2017",1425.516,,,,"R1:3513"
"EGY","BA:582","EMP_TEMP_SEX_AGE_NB","SEX_F","AGE_10YRBANDS_Y35-44","2017",1212.517,,,,"R1:3513"
"EGY","BA:582","EMP_TEMP_SEX_AGE_NB","SEX_F","AGE_10YRBANDS_Y45-54","2017",988.756,,,,"R1:3513"
"EGY","BA:582","EMP_TEMP_SEX_AGE_NB","SEX_F","AGE_10YRBANDS_Y55-64","2017",503.737,,,,"R1:3513"
"EGY","BA:582","EMP_TEMP_SEX_AGE_NB","SEX_F","AGE_10YRBANDS_YGE65","2017",45.583,,,,"R1:3513"
"EGY","BA:582","EMP_TEMP_SEX_AGE_NB","SEX_T","AGE_5YRBANDS_YGE15","2017",26006.18,,,,"R1:3513"
"EGY","BA:582","EMP_TEMP_SEX_AGE_NB","SEX_T","AGE_5YRBANDS_Y15-19","2017",1460.557,,,,"R1:3513"
"EGY","BA:582","EMP_TEMP_SEX_AGE_NB","SEX_T","AGE_5YRBANDS_Y20-24","2017",3044.782,,,,"R1:3513"
"EGY","BA:582","EMP_TEMP_SEX_AGE_NB","SEX_T","AGE_5YRBANDS_Y25-29","2017",4080.248,,,,"R1:3513"
"EGY","BA:582","EMP_TEMP_SEX_AGE_NB","SEX_T","AGE_5YRBANDS_Y30-34","2017",3396.277,,,,"R1:3513"
"EGY","BA:582","EMP_TEMP_SEX_AGE_NB","SEX_T","AGE_5YRBANDS_Y35-39","2017",3108.692,,,,"R1:3513"
"EGY","BA:582","EMP_TEMP_SEX_AGE_NB","SEX_T","AGE_5YRBANDS_Y40-44","2017",2720.223,,,,"R1:3513"
"EGY","BA:582","EMP_TEMP_SEX_AGE_NB","SEX_T","AGE_5YRBANDS_Y45-49","2017",2536.63,,,,"R1:3513"
"EGY","BA:582","EMP_TEMP_SEX_AGE_NB","SEX_T","AGE_5YRBANDS_Y50-54","2017",2458.388,,,,"R1:3513"
"EGY","BA:582","EMP_TEMP_SEX_AGE_NB","SEX_T","AGE_5YRBANDS_Y55-59","2017",1944.395,,,,"R1:3513"
"EGY","BA:582","EMP_TEMP_SEX_AGE_NB","SEX_T","AGE_5YRBANDS_Y60-64","2017",789.769,,,,"R1:3513"
"EGY","BA:582","EMP_TEMP_SEX_AGE_NB","SEX_T","AGE_5YRBANDS_YGE65","2017",466.22,,,,"R1:3513"
"EGY","BA:582","EMP_TEMP_SEX_AGE_NB","SEX_M","AGE_5YRBANDS_YGE15","2017",20620.017,,,,"R1:3513"
"EGY","BA:582","EMP_TEMP_SEX_AGE_NB","SEX_M","AGE_5YRBANDS_Y15-19","2017",1088.166,,,,"R1:3513"
"EGY","BA:582","EMP_TEMP_SEX_AGE_NB","SEX_M","AGE_5YRBANDS_Y20-24","2017",2207.119,,,,"R1:3513"
"EGY","BA:582","EMP_TEMP_SEX_AGE_NB","SEX_M","AGE_5YRBANDS_Y25-29","2017",3204.423,,,,"R1:3513"
"EGY","BA:582","EMP_TEMP_SEX_AGE_NB","SEX_M","AGE_5YRBANDS_Y30-34","2017",2846.585,,,,"R1:3513"
"EGY","BA:582","EMP_TEMP_SEX_AGE_NB","SEX_M","AGE_5YRBANDS_Y35-39","2017",2449.128,,,,"R1:3513"
"EGY","BA:582","EMP_TEMP_SEX_AGE_NB","SEX_M","AGE_5YRBANDS_Y40-44","2017",2167.27,,,,"R1:3513"
"EGY","BA:582","EMP_TEMP_SEX_AGE_NB","SEX_M","AGE_5YRBANDS_Y45-49","2017",2051.383,,,,"R1:3513"
"EGY","BA:582","EMP_TEMP_SEX_AGE_NB","SEX_M","AGE_5YRBANDS_Y50-54","2017",1954.879,,,,"R1:3513"
"EGY","BA:582","EMP_TEMP_SEX_AGE_NB","SEX_M","AGE_5YRBANDS_Y55-59","2017",1539.424,,,,"R1:3513"
"EGY","BA:582","EMP_TEMP_SEX_AGE_NB","SEX_M","AGE_5YRBANDS_Y60-64","2017",691.003,,,,"R1:3513"
"EGY","BA:582","EMP_TEMP_SEX_AGE_NB","SEX_M","AGE_5YRBANDS_YGE65","2017",420.636,,,,"R1:3513"
"EGY","BA:582","EMP_TEMP_SEX_AGE_NB","SEX_F","AGE_5YRBANDS_YGE15","2017",5386.163,,,,"R1:3513"
"EGY","BA:582","EMP_TEMP_SEX_AGE_NB","SEX_F","AGE_5YRBANDS_Y15-19","2017",372.392,,,,"R1:3513"
"EGY","BA:582","EMP_TEMP_SEX_AGE_NB","SEX_F","AGE_5YRBANDS_Y20-24","2017",837.662,,,,"R1:3513"
"EGY","BA:582","EMP_TEMP_SEX_AGE_NB","SEX_F","AGE_5YRBANDS_Y25-29","2017",875.824,,,,"R1:3513"
"EGY","BA:582","EMP_TEMP_SEX_AGE_NB","SEX_F","AGE_5YRBANDS_Y30-34","2017",549.692,,,,"R1:3513"
"EGY","BA:582","EMP_TEMP_SEX_AGE_NB","SEX_F","AGE_5YRBANDS_Y35-39","2017",659.564,,,,"R1:3513"
"EGY","BA:582","EMP_TEMP_SEX_AGE_NB","SEX_F","AGE_5YRBANDS_Y40-44","2017",552.953,,,,"R1:3513"
"EGY","BA:582","EMP_TEMP_SEX_AGE_NB","SEX_F","AGE_5YRBANDS_Y45-49","2017",485.247,,,,"R1:3513"
"EGY","BA:582","EMP_TEMP_SEX_AGE_NB","SEX_F","AGE_5YRBANDS_Y50-54","2017",503.509,,,,"R1:3513"
"EGY","BA:582","EMP_TEMP_SEX_AGE_NB","SEX_F","AGE_5YRBANDS_Y55-59","2017",404.971,,,,"R1:3513"
"EGY","BA:582","EMP_TEMP_SEX_AGE_NB","SEX_F","AGE_5YRBANDS_Y60-64","2017",98.766,,,,"R1:3513"
"EGY","BA:582","EMP_TEMP_SEX_AGE_NB","SEX_F","AGE_5YRBANDS_YGE65","2017",45.583,,,,"R1:3513"
"EGY","BA:582","EMP_TEMP_SEX_AGE_NB","SEX_T","AGE_YTHADULT_YGE15","2016",25331.181,"B",,"I11:264","R1:3513"
"EGY","BA:582","EMP_TEMP_SEX_AGE_NB","SEX_T","AGE_YTHADULT_Y15-64","2016",24862.732,"B",,"I11:264","R1:3513"
"EGY","BA:582","EMP_TEMP_SEX_AGE_NB","SEX_T","AGE_YTHADULT_Y15-24","2016",4445.483,"B",,"I11:264","R1:3513"
"EGY","BA:582","EMP_TEMP_SEX_AGE_NB","SEX_T","AGE_YTHADULT_YGE25","2016",20885.697,"B",,"I11:264","R1:3513"
"EGY","BA:582","EMP_TEMP_SEX_AGE_NB","SEX_M","AGE_YTHADULT_YGE15","2016",19986.143,"B",,"I11:264","R1:3513"
"EGY","BA:582","EMP_TEMP_SEX_AGE_NB","SEX_M","AGE_YTHADULT_Y15-64","2016",19567.595,"B",,"I11:264","R1:3513"
"EGY","BA:582","EMP_TEMP_SEX_AGE_NB","SEX_M","AGE_YTHADULT_Y15-24","2016",3195.796,"B",,"I11:264","R1:3513"
"EGY","BA:582","EMP_TEMP_SEX_AGE_NB","SEX_M","AGE_YTHADULT_YGE25","2016",16790.347,"B",,"I11:264","R1:3513"
"EGY","BA:582","EMP_TEMP_SEX_AGE_NB","SEX_F","AGE_YTHADULT_YGE15","2016",5345.038,"B",,"I11:264","R1:3513"
"EGY","BA:582","EMP_TEMP_SEX_AGE_NB","SEX_F","AGE_YTHADULT_Y15-64","2016",5295.137,"B",,"I11:264","R1:3513"
"EGY","BA:582","EMP_TEMP_SEX_AGE_NB","SEX_F","AGE_YTHADULT_Y15-24","2016",1249.688,"B",,"I11:264","R1:3513"
"EGY","BA:582","EMP_TEMP_SEX_AGE_NB","SEX_F","AGE_YTHADULT_YGE25","2016",4095.35,"B",,"I11:264","R1:3513"
"EGY","BA:582","EMP_TEMP_SEX_AGE_NB","SEX_T","AGE_AGGREGATE_YGE15","2016",25331.181,"B",,"I11:264","R1:3513"
"EGY","BA:582","EMP_TEMP_SEX_AGE_NB","SEX_T","AGE_AGGREGATE_Y15-24","2016",4445.483,"B",,"I11:264","R1:3513"
"EGY","BA:582","EMP_TEMP_SEX_AGE_NB","SEX_T","AGE_AGGREGATE_Y25-54","2016",17814.296,"B",,"I11:264","R1:3513"
"EGY","BA:582","EMP_TEMP_SEX_AGE_NB","SEX_T","AGE_AGGREGATE_Y55-64","2016",2602.953,"B",,"I11:264","R1:3513"
"EGY","BA:582","EMP_TEMP_SEX_AGE_NB","SEX_T","AGE_AGGREGATE_YGE65","2016",468.448,"B",,"I11:264","R1:3513"
"EGY","BA:582","EMP_TEMP_SEX_AGE_NB","SEX_M","AGE_AGGREGATE_YGE15","2016",19986.143,"B",,"I11:264","R1:3513"
"EGY","BA:582","EMP_TEMP_SEX_AGE_NB","SEX_M","AGE_AGGREGATE_Y15-24","2016",3195.796,"B",,"I11:264","R1:3513"
"EGY","BA:582","EMP_TEMP_SEX_AGE_NB","SEX_M","AGE_AGGREGATE_Y25-54","2016",14242.479,"B",,"I11:264","R1:3513"
"EGY","BA:582","EMP_TEMP_SEX_AGE_NB","SEX_M","AGE_AGGREGATE_Y55-64","2016",2129.32,"B",,"I11:264","R1:3513"
"EGY","BA:582","EMP_TEMP_SEX_AGE_NB","SEX_M","AGE_AGGREGATE_YGE65","2016",418.547,"B",,"I11:264","R1:3513"
"EGY","BA:582","EMP_TEMP_SEX_AGE_NB","SEX_F","AGE_AGGREGATE_YGE15","2016",5345.038,"B",,"I11:264","R1:3513"
"EGY","BA:582","EMP_TEMP_SEX_AGE_NB","SEX_F","AGE_AGGREGATE_Y15-24","2016",1249.688,"B",,"I11:264","R1:3513"
"EGY","BA:582","EMP_TEMP_SEX_AGE_NB","SEX_F","AGE_AGGREGATE_Y25-54","2016",3571.817,"B",,"I11:264","R1:3513"
"EGY","BA:582","EMP_TEMP_SEX_AGE_NB","SEX_F","AGE_AGGREGATE_Y55-64","2016",473.632,"B",,"I11:264","R1:3513"
"EGY","BA:582","EMP_TEMP_SEX_AGE_NB","SEX_F","AGE_AGGREGATE_YGE65","2016",49.901,"B",,"I11:264","R1:3513"
"EGY","BA:582","EMP_TEMP_SEX_AGE_NB","SEX_T","AGE_10YRBANDS_YGE15","2016",25331.181,"B",,"I11:264","R1:3513"
"EGY","BA:582","EMP_TEMP_SEX_AGE_NB","SEX_T","AGE_10YRBANDS_Y15-24","2016",4445.483,"B",,"I11:264","R1:3513"
"EGY","BA:582","EMP_TEMP_SEX_AGE_NB","SEX_T","AGE_10YRBANDS_Y25-34","2016",7287.277,"B",,"I11:264","R1:3513"
"EGY","BA:582","EMP_TEMP_SEX_AGE_NB","SEX_T","AGE_10YRBANDS_Y35-44","2016",5710.583,"B",,"I11:264","R1:3513"
"EGY","BA:582","EMP_TEMP_SEX_AGE_NB","SEX_T","AGE_10YRBANDS_Y45-54","2016",4816.436,"B",,"I11:264","R1:3513"
"EGY","BA:582","EMP_TEMP_SEX_AGE_NB","SEX_T","AGE_10YRBANDS_Y55-64","2016",2602.953,"B",,"I11:264","R1:3513"
"EGY","BA:582","EMP_TEMP_SEX_AGE_NB","SEX_T","AGE_10YRBANDS_YGE65","2016",468.448,"B",,"I11:264","R1:3513"
"EGY","BA:582","EMP_TEMP_SEX_AGE_NB","SEX_M","AGE_10YRBANDS_YGE15","2016",19986.143,"B",,"I11:264","R1:3513"
"EGY","BA:582","EMP_TEMP_SEX_AGE_NB","SEX_M","AGE_10YRBANDS_Y15-24","2016",3195.796,"B",,"I11:264","R1:3513"
"EGY","BA:582","EMP_TEMP_SEX_AGE_NB","SEX_M","AGE_10YRBANDS_Y25-34","2016",5857.709,"B",,"I11:264","R1:3513"
"EGY","BA:582","EMP_TEMP_SEX_AGE_NB","SEX_M","AGE_10YRBANDS_Y35-44","2016",4508.932,"B",,"I11:264","R1:3513"
"EGY","BA:582","EMP_TEMP_SEX_AGE_NB","SEX_M","AGE_10YRBANDS_Y45-54","2016",3875.839,"B",,"I11:264","R1:3513"
"EGY","BA:582","EMP_TEMP_SEX_AGE_NB","SEX_M","AGE_10YRBANDS_Y55-64","2016",2129.32,"B",,"I11:264","R1:3513"
"EGY","BA:582","EMP_TEMP_SEX_AGE_NB","SEX_M","AGE_10YRBANDS_YGE65","2016",418.547,"B",,"I11:264","R1:3513"
"EGY","BA:582","EMP_TEMP_SEX_AGE_NB","SEX_F","AGE_10YRBANDS_YGE15","2016",5345.038,"B",,"I11:264","R1:3513"
"EGY","BA:582","EMP_TEMP_SEX_AGE_NB","SEX_F","AGE_10YRBANDS_Y15-24","2016",1249.688,"B",,"I11:264","R1:3513"
"EGY","BA:582","EMP_TEMP_SEX_AGE_NB","SEX_F","AGE_10YRBANDS_Y25-34","2016",1429.568,"B",,"I11:264","R1:3513"
"EGY","BA:582","EMP_TEMP_SEX_AGE_NB","SEX_F","AGE_10YRBANDS_Y35-44","2016",1201.651,"B",,"I11:264","R1:3513"
"EGY","BA:582","EMP_TEMP_SEX_AGE_NB","SEX_F","AGE_10YRBANDS_Y45-54","2016",940.597,"B",,"I11:264","R1:3513"
"EGY","BA:582","EMP_TEMP_SEX_AGE_NB","SEX_F","AGE_10YRBANDS_Y55-64","2016",473.632,"B",,"I11:264","R1:3513"
"EGY","BA:582","EMP_TEMP_SEX_AGE_NB","SEX_F","AGE_10YRBANDS_YGE65","2016",49.901,"B",,"I11:264","R1:3513"
"EGY","BA:582","EMP_TEMP_SEX_AGE_NB","SEX_T","AGE_5YRBANDS_YGE15","2016",25331.181,"B",,"I11:264","R1:3513"
"EGY","BA:582","EMP_TEMP_SEX_AGE_NB","SEX_T","AGE_5YRBANDS_Y15-19","2016",1460.164,"B",,"I11:264","R1:3513"
"EGY","BA:582","EMP_TEMP_SEX_AGE_NB","SEX_T","AGE_5YRBANDS_Y20-24","2016",2985.319,"B",,"I11:264","R1:3513"
"EGY","BA:582","EMP_TEMP_SEX_AGE_NB","SEX_T","AGE_5YRBANDS_Y25-29","2016",3970.104,"B",,"I11:264","R1:3513"
"EGY","BA:582","EMP_TEMP_SEX_AGE_NB","SEX_T","AGE_5YRBANDS_Y30-34","2016",3317.173,"B",,"I11:264","R1:3513"
"EGY","BA:582","EMP_TEMP_SEX_AGE_NB","SEX_T","AGE_5YRBANDS_Y35-39","2016",2950.484,"B",,"I11:264","R1:3513"
"EGY","BA:582","EMP_TEMP_SEX_AGE_NB","SEX_T","AGE_5YRBANDS_Y40-44","2016",2760.099,"B",,"I11:264","R1:3513"
"EGY","BA:582","EMP_TEMP_SEX_AGE_NB","SEX_T","AGE_5YRBANDS_Y45-49","2016",2370.997,"B",,"I11:264","R1:3513"
"EGY","BA:582","EMP_TEMP_SEX_AGE_NB","SEX_T","AGE_5YRBANDS_Y50-54","2016",2445.44,"B",,"I11:264","R1:3513"
"EGY","BA:582","EMP_TEMP_SEX_AGE_NB","SEX_T","AGE_5YRBANDS_Y55-59","2016",1819.559,"B",,"I11:264","R1:3513"
"EGY","BA:582","EMP_TEMP_SEX_AGE_NB","SEX_T","AGE_5YRBANDS_Y60-64","2016",783.394,"B",,"I11:264","R1:3513"
"EGY","BA:582","EMP_TEMP_SEX_AGE_NB","SEX_T","AGE_5YRBANDS_YGE65","2016",468.448,"B",,"I11:264","R1:3513"
"EGY","BA:582","EMP_TEMP_SEX_AGE_NB","SEX_M","AGE_5YRBANDS_YGE15","2016",19986.143,"B",,"I11:264","R1:3513"
"EGY","BA:582","EMP_TEMP_SEX_AGE_NB","SEX_M","AGE_5YRBANDS_Y15-19","2016",1062.473,"B",,"I11:264","R1:3513"
"EGY","BA:582","EMP_TEMP_SEX_AGE_NB","SEX_M","AGE_5YRBANDS_Y20-24","2016",2133.323,"B",,"I11:264","R1:3513"
"EGY","BA:582","EMP_TEMP_SEX_AGE_NB","SEX_M","AGE_5YRBANDS_Y25-29","2016",3093.397,"B",,"I11:264","R1:3513"
"EGY","BA:582","EMP_TEMP_SEX_AGE_NB","SEX_M","AGE_5YRBANDS_Y30-34","2016",2764.311,"B",,"I11:264","R1:3513"
"EGY","BA:582","EMP_TEMP_SEX_AGE_NB","SEX_M","AGE_5YRBANDS_Y35-39","2016",2329.276,"B",,"I11:264","R1:3513"
"EGY","BA:582","EMP_TEMP_SEX_AGE_NB","SEX_M","AGE_5YRBANDS_Y40-44","2016",2179.656,"B",,"I11:264","R1:3513"
"EGY","BA:582","EMP_TEMP_SEX_AGE_NB","SEX_M","AGE_5YRBANDS_Y45-49","2016",1946.294,"B",,"I11:264","R1:3513"
"EGY","BA:582","EMP_TEMP_SEX_AGE_NB","SEX_M","AGE_5YRBANDS_Y50-54","2016",1929.545,"B",,"I11:264","R1:3513"
"EGY","BA:582","EMP_TEMP_SEX_AGE_NB","SEX_M","AGE_5YRBANDS_Y55-59","2016",1449.922,"B",,"I11:264","R1:3513"
"EGY","BA:582","EMP_TEMP_SEX_AGE_NB","SEX_M","AGE_5YRBANDS_Y60-64","2016",679.399,"B",,"I11:264","R1:3513"
"EGY","BA:582","EMP_TEMP_SEX_AGE_NB","SEX_M","AGE_5YRBANDS_YGE65","2016",418.547,"B",,"I11:264","R1:3513"
"EGY","BA:582","EMP_TEMP_SEX_AGE_NB","SEX_F","AGE_5YRBANDS_YGE15","2016",5345.038,"B",,"I11:264","R1:3513"
"EGY","BA:582","EMP_TEMP_SEX_AGE_NB","SEX_F","AGE_5YRBANDS_Y15-19","2016",397.691,"B",,"I11:264","R1:3513"
"EGY","BA:582","EMP_TEMP_SEX_AGE_NB","SEX_F","AGE_5YRBANDS_Y20-24","2016",851.996,"B",,"I11:264","R1:3513"
"EGY","BA:582","EMP_TEMP_SEX_AGE_NB","SEX_F","AGE_5YRBANDS_Y25-29","2016",876.707,"B",,"I11:264","R1:3513"
"EGY","BA:582","EMP_TEMP_SEX_AGE_NB","SEX_F","AGE_5YRBANDS_Y30-34","2016",552.861,"B",,"I11:264","R1:3513"
"EGY","BA:582","EMP_TEMP_SEX_AGE_NB","SEX_F","AGE_5YRBANDS_Y35-39","2016",621.209,"B",,"I11:264","R1:3513"
"EGY","BA:582","EMP_TEMP_SEX_AGE_NB","SEX_F","AGE_5YRBANDS_Y40-44","2016",580.443,"B",,"I11:264","R1:3513"
"EGY","BA:582","EMP_TEMP_SEX_AGE_NB","SEX_F","AGE_5YRBANDS_Y45-49","2016",424.703,"B",,"I11:264","R1:3513"
"EGY","BA:582","EMP_TEMP_SEX_AGE_NB","SEX_F","AGE_5YRBANDS_Y50-54","2016",515.895,"B",,"I11:264","R1:3513"
"EGY","BA:582","EMP_TEMP_SEX_AGE_NB","SEX_F","AGE_5YRBANDS_Y55-59","2016",369.637,"B",,"I11:264","R1:3513"
"EGY","BA:582","EMP_TEMP_SEX_AGE_NB","SEX_F","AGE_5YRBANDS_Y60-64","2016",103.995,"B",,"I11:264","R1:3513"
"EGY","BA:582","EMP_TEMP_SEX_AGE_NB","SEX_F","AGE_5YRBANDS_YGE65","2016",49.901,"B",,"I11:264","R1:3513"
"EGY","BA:582","EMP_TEMP_SEX_AGE_NB","SEX_T","AGE_YTHADULT_YGE15","2015",24778.768,,,,"R1:3513"
"EGY","BA:582","EMP_TEMP_SEX_AGE_NB","SEX_T","AGE_YTHADULT_Y15-64","2015",24403.035,,,,"R1:3513"
"EGY","BA:582","EMP_TEMP_SEX_AGE_NB","SEX_T","AGE_YTHADULT_Y15-24","2015",4395.16,,,,"R1:3513"
"EGY","BA:582","EMP_TEMP_SEX_AGE_NB","SEX_T","AGE_YTHADULT_YGE25","2015",20383.607,,,,"R1:3513"
"EGY","BA:582","EMP_TEMP_SEX_AGE_NB","SEX_M","AGE_YTHADULT_YGE15","2015",19693.733,,,,"R1:3513"
"EGY","BA:582","EMP_TEMP_SEX_AGE_NB","SEX_M","AGE_YTHADULT_Y15-64","2015",19349.793,,,,"R1:3513"
"EGY","BA:582","EMP_TEMP_SEX_AGE_NB","SEX_M","AGE_YTHADULT_Y15-24","2015",3146.254,,,,"R1:3513"
"EGY","BA:582","EMP_TEMP_SEX_AGE_NB","SEX_M","AGE_YTHADULT_YGE25","2015",16547.479,,,,"R1:3513"
"EGY","BA:582","EMP_TEMP_SEX_AGE_NB","SEX_F","AGE_YTHADULT_YGE15","2015",5085.035,,,,"R1:3513"
"EGY","BA:582","EMP_TEMP_SEX_AGE_NB","SEX_F","AGE_YTHADULT_Y15-64","2015",5053.242,,,,"R1:3513"
"EGY","BA:582","EMP_TEMP_SEX_AGE_NB","SEX_F","AGE_YTHADULT_Y15-24","2015",1248.906,,,,"R1:3513"
"EGY","BA:582","EMP_TEMP_SEX_AGE_NB","SEX_F","AGE_YTHADULT_YGE25","2015",3836.128,,,,"R1:3513"
"EGY","BA:582","EMP_TEMP_SEX_AGE_NB","SEX_T","AGE_AGGREGATE_YGE15","2015",24778.768,,,,"R1:3513"
"EGY","BA:582","EMP_TEMP_SEX_AGE_NB","SEX_T","AGE_AGGREGATE_Y15-24","2015",4395.16,,,,"R1:3513"
"EGY","BA:582","EMP_TEMP_SEX_AGE_NB","SEX_T","AGE_AGGREGATE_Y25-54","2015",17586.515,,,,"R1:3513"
"EGY","BA:582","EMP_TEMP_SEX_AGE_NB","SEX_T","AGE_AGGREGATE_Y55-64","2015",2421.359,,,,"R1:3513"
"EGY","BA:582","EMP_TEMP_SEX_AGE_NB","SEX_T","AGE_AGGREGATE_YGE65","2015",375.733,,,,"R1:3513"
"EGY","BA:582","EMP_TEMP_SEX_AGE_NB","SEX_M","AGE_AGGREGATE_YGE15","2015",19693.733,,,,"R1:3513"
"EGY","BA:582","EMP_TEMP_SEX_AGE_NB","SEX_M","AGE_AGGREGATE_Y15-24","2015",3146.254,,,,"R1:3513"
"EGY","BA:582","EMP_TEMP_SEX_AGE_NB","SEX_M","AGE_AGGREGATE_Y25-54","2015",14180.092,,,,"R1:3513"
"EGY","BA:582","EMP_TEMP_SEX_AGE_NB","SEX_M","AGE_AGGREGATE_Y55-64","2015",2023.447,,,,"R1:3513"
"EGY","BA:582","EMP_TEMP_SEX_AGE_NB","SEX_M","AGE_AGGREGATE_YGE65","2015",343.94,,,,"R1:3513"
"EGY","BA:582","EMP_TEMP_SEX_AGE_NB","SEX_F","AGE_AGGREGATE_YGE15","2015",5085.035,,,,"R1:3513"
"EGY","BA:582","EMP_TEMP_SEX_AGE_NB","SEX_F","AGE_AGGREGATE_Y15-24","2015",1248.906,,,,"R1:3513"
"EGY","BA:582","EMP_TEMP_SEX_AGE_NB","SEX_F","AGE_AGGREGATE_Y25-54","2015",3406.423,,,,"R1:3513"
"EGY","BA:582","EMP_TEMP_SEX_AGE_NB","SEX_F","AGE_AGGREGATE_Y55-64","2015",397.912,,,,"R1:3513"
"EGY","BA:582","EMP_TEMP_SEX_AGE_NB","SEX_F","AGE_AGGREGATE_YGE65","2015",31.793,,,,"R1:3513"
"EGY","BA:582","EMP_TEMP_SEX_AGE_NB","SEX_T","AGE_10YRBANDS_YGE15","2015",24778.768,,,,"R1:3513"
"EGY","BA:582","EMP_TEMP_SEX_AGE_NB","SEX_T","AGE_10YRBANDS_Y15-24","2015",4395.16,,,,"R1:3513"
"EGY","BA:582","EMP_TEMP_SEX_AGE_NB","SEX_T","AGE_10YRBANDS_Y25-34","2015",7176.356,,,,"R1:3513"
"EGY","BA:582","EMP_TEMP_SEX_AGE_NB","SEX_T","AGE_10YRBANDS_Y35-44","2015",5512.101,,,,"R1:3513"
"EGY","BA:582","EMP_TEMP_SEX_AGE_NB","SEX_T","AGE_10YRBANDS_Y45-54","2015",4898.059,,,,"R1:3513"
"EGY","BA:582","EMP_TEMP_SEX_AGE_NB","SEX_T","AGE_10YRBANDS_Y55-64","2015",2421.359,,,,"R1:3513"
"EGY","BA:582","EMP_TEMP_SEX_AGE_NB","SEX_T","AGE_10YRBANDS_YGE65","2015",375.733,,,,"R1:3513"
"EGY","BA:582","EMP_TEMP_SEX_AGE_NB","SEX_M","AGE_10YRBANDS_YGE15","2015",19693.733,,,,"R1:3513"
"EGY","BA:582","EMP_TEMP_SEX_AGE_NB","SEX_M","AGE_10YRBANDS_Y15-24","2015",3146.254,,,,"R1:3513"
"EGY","BA:582","EMP_TEMP_SEX_AGE_NB","SEX_M","AGE_10YRBANDS_Y25-34","2015",5778.124,,,,"R1:3513"
"EGY","BA:582","EMP_TEMP_SEX_AGE_NB","SEX_M","AGE_10YRBANDS_Y35-44","2015",4438.308,,,,"R1:3513"
"EGY","BA:582","EMP_TEMP_SEX_AGE_NB","SEX_M","AGE_10YRBANDS_Y45-54","2015",3963.66,,,,"R1:3513"
"EGY","BA:582","EMP_TEMP_SEX_AGE_NB","SEX_M","AGE_10YRBANDS_Y55-64","2015",2023.447,,,,"R1:3513"
"EGY","BA:582","EMP_TEMP_SEX_AGE_NB","SEX_M","AGE_10YRBANDS_YGE65","2015",343.94,,,,"R1:3513"
"EGY","BA:582","EMP_TEMP_SEX_AGE_NB","SEX_F","AGE_10YRBANDS_YGE15","2015",5085.035,,,,"R1:3513"
"EGY","BA:582","EMP_TEMP_SEX_AGE_NB","SEX_F","AGE_10YRBANDS_Y15-24","2015",1248.906,,,,"R1:3513"
"EGY","BA:582","EMP_TEMP_SEX_AGE_NB","SEX_F","AGE_10YRBANDS_Y25-34","2015",1398.232,,,,"R1:3513"
"EGY","BA:582","EMP_TEMP_SEX_AGE_NB","SEX_F","AGE_10YRBANDS_Y35-44","2015",1073.793,,,,"R1:3513"
"EGY","BA:582","EMP_TEMP_SEX_AGE_NB","SEX_F","AGE_10YRBANDS_Y45-54","2015",934.399,,,,"R1:3513"
"EGY","BA:582","EMP_TEMP_SEX_AGE_NB","SEX_F","AGE_10YRBANDS_Y55-64","2015",397.912,,,,"R1:3513"
"EGY","BA:582","EMP_TEMP_SEX_AGE_NB","SEX_F","AGE_10YRBANDS_YGE65","2015",31.793,,,,"R1:3513"
"EGY","BA:582","EMP_TEMP_SEX_AGE_NB","SEX_T","AGE_5YRBANDS_YGE15","2015",24778.768,,,,"R1:3513"
"EGY","BA:582","EMP_TEMP_SEX_AGE_NB","SEX_T","AGE_5YRBANDS_Y15-19","2015",1435.615,,,,"R1:3513"
"EGY","BA:582","EMP_TEMP_SEX_AGE_NB","SEX_T","AGE_5YRBANDS_Y20-24","2015",2959.546,,,,"R1:3513"
"EGY","BA:582","EMP_TEMP_SEX_AGE_NB","SEX_T","AGE_5YRBANDS_Y25-29","2015",3875.34,,,,"R1:3513"
"EGY","BA:582","EMP_TEMP_SEX_AGE_NB","SEX_T","AGE_5YRBANDS_Y30-34","2015",3301.016,,,,"R1:3513"
"EGY","BA:582","EMP_TEMP_SEX_AGE_NB","SEX_T","AGE_5YRBANDS_Y35-39","2015",2895.26,,,,"R1:3513"
"EGY","BA:582","EMP_TEMP_SEX_AGE_NB","SEX_T","AGE_5YRBANDS_Y40-44","2015",2616.841,,,,"R1:3513"
"EGY","BA:582","EMP_TEMP_SEX_AGE_NB","SEX_T","AGE_5YRBANDS_Y45-49","2015",2495.331,,,,"R1:3513"
"EGY","BA:582","EMP_TEMP_SEX_AGE_NB","SEX_T","AGE_5YRBANDS_Y50-54","2015",2402.728,,,,"R1:3513"
"EGY","BA:582","EMP_TEMP_SEX_AGE_NB","SEX_T","AGE_5YRBANDS_Y55-59","2015",1730.669,,,,"R1:3513"
"EGY","BA:582","EMP_TEMP_SEX_AGE_NB","SEX_T","AGE_5YRBANDS_Y60-64","2015",690.69,,,,"R1:3513"
"EGY","BA:582","EMP_TEMP_SEX_AGE_NB","SEX_T","AGE_5YRBANDS_YGE65","2015",375.733,,,,"R1:3513"
"EGY","BA:582","EMP_TEMP_SEX_AGE_NB","SEX_M","AGE_5YRBANDS_YGE15","2015",19693.733,,,,"R1:3513"
"EGY","BA:582","EMP_TEMP_SEX_AGE_NB","SEX_M","AGE_5YRBANDS_Y15-19","2015",1039.492,,,,"R1:3513"
"EGY","BA:582","EMP_TEMP_SEX_AGE_NB","SEX_M","AGE_5YRBANDS_Y20-24","2015",2106.762,,,,"R1:3513"
"EGY","BA:582","EMP_TEMP_SEX_AGE_NB","SEX_M","AGE_5YRBANDS_Y25-29","2015",3061.078,,,,"R1:3513"
"EGY","BA:582","EMP_TEMP_SEX_AGE_NB","SEX_M","AGE_5YRBANDS_Y30-34","2015",2717.046,,,,"R1:3513"
"EGY","BA:582","EMP_TEMP_SEX_AGE_NB","SEX_M","AGE_5YRBANDS_Y35-39","2015",2355.298,,,,"R1:3513"
"EGY","BA:582","EMP_TEMP_SEX_AGE_NB","SEX_M","AGE_5YRBANDS_Y40-44","2015",2083.01,,,,"R1:3513"
"EGY","BA:582","EMP_TEMP_SEX_AGE_NB","SEX_M","AGE_5YRBANDS_Y45-49","2015",2026.806,,,,"R1:3513"
"EGY","BA:582","EMP_TEMP_SEX_AGE_NB","SEX_M","AGE_5YRBANDS_Y50-54","2015",1936.854,,,,"R1:3513"
"EGY","BA:582","EMP_TEMP_SEX_AGE_NB","SEX_M","AGE_5YRBANDS_Y55-59","2015",1403.231,,,,"R1:3513"
"EGY","BA:582","EMP_TEMP_SEX_AGE_NB","SEX_M","AGE_5YRBANDS_Y60-64","2015",620.216,,,,"R1:3513"
"EGY","BA:582","EMP_TEMP_SEX_AGE_NB","SEX_M","AGE_5YRBANDS_YGE65","2015",343.94,,,,"R1:3513"
"EGY","BA:582","EMP_TEMP_SEX_AGE_NB","SEX_F","AGE_5YRBANDS_YGE15","2015",5085.035,,,,"R1:3513"
"EGY","BA:582","EMP_TEMP_SEX_AGE_NB","SEX_F","AGE_5YRBANDS_Y15-19","2015",396.123,,,,"R1:3513"
"EGY","BA:582","EMP_TEMP_SEX_AGE_NB","SEX_F","AGE_5YRBANDS_Y20-24","2015",852.783,,,,"R1:3513"
"EGY","BA:582","EMP_TEMP_SEX_AGE_NB","SEX_F","AGE_5YRBANDS_Y25-29","2015",814.262,,,,"R1:3513"
"EGY","BA:582","EMP_TEMP_SEX_AGE_NB","SEX_F","AGE_5YRBANDS_Y30-34","2015",583.97,,,,"R1:3513"
"EGY","BA:582","EMP_TEMP_SEX_AGE_NB","SEX_F","AGE_5YRBANDS_Y35-39","2015",539.961,,,,"R1:3513"
"EGY","BA:582","EMP_TEMP_SEX_AGE_NB","SEX_F","AGE_5YRBANDS_Y40-44","2015",533.831,,,,"R1:3513"
"EGY","BA:582","EMP_TEMP_SEX_AGE_NB","SEX_F","AGE_5YRBANDS_Y45-49","2015",468.524,,,,"R1:3513"
"EGY","BA:582","EMP_TEMP_SEX_AGE_NB","SEX_F","AGE_5YRBANDS_Y50-54","2015",465.874,,,,"R1:3513"
"EGY","BA:582","EMP_TEMP_SEX_AGE_NB","SEX_F","AGE_5YRBANDS_Y55-59","2015",327.439,,,,"R1:3513"
"EGY","BA:582","EMP_TEMP_SEX_AGE_NB","SEX_F","AGE_5YRBANDS_Y60-64","2015",70.474,,,,"R1:3513"
"EGY","BA:582","EMP_TEMP_SEX_AGE_NB","SEX_F","AGE_5YRBANDS_YGE65","2015",31.793,,,,"R1:3513"
"EGY","BA:582","EMP_TEMP_SEX_AGE_NB","SEX_T","AGE_YTHADULT_YGE15","2014",24331.249,,,,"R1:3513"
"EGY","BA:582","EMP_TEMP_SEX_AGE_NB","SEX_T","AGE_YTHADULT_Y15-64","2014",23852.262,,,,"R1:3513"
"EGY","BA:582","EMP_TEMP_SEX_AGE_NB","SEX_T","AGE_YTHADULT_Y15-24","2014",3639.509,,,,"R1:3513"
"EGY","BA:582","EMP_TEMP_SEX_AGE_NB","SEX_T","AGE_YTHADULT_YGE25","2014",20691.74,,,,"R1:3513"
"EGY","BA:582","EMP_TEMP_SEX_AGE_NB","SEX_M","AGE_YTHADULT_YGE15","2014",19296.363,,,,"R1:3513"
"EGY","BA:582","EMP_TEMP_SEX_AGE_NB","SEX_M","AGE_YTHADULT_Y15-64","2014",18850.391,,,,"R1:3513"
"EGY","BA:582","EMP_TEMP_SEX_AGE_NB","SEX_M","AGE_YTHADULT_Y15-24","2014",2986.16,,,,"R1:3513"
"EGY","BA:582","EMP_TEMP_SEX_AGE_NB","SEX_M","AGE_YTHADULT_YGE25","2014",16310.202,,,,"R1:3513"
"EGY","BA:582","EMP_TEMP_SEX_AGE_NB","SEX_F","AGE_YTHADULT_YGE15","2014",5034.887,,,,"R1:3513"
"EGY","BA:582","EMP_TEMP_SEX_AGE_NB","SEX_F","AGE_YTHADULT_Y15-64","2014",5001.871,,,,"R1:3513"
"EGY","BA:582","EMP_TEMP_SEX_AGE_NB","SEX_F","AGE_YTHADULT_Y15-24","2014",653.348,,,,"R1:3513"
"EGY","BA:582","EMP_TEMP_SEX_AGE_NB","SEX_F","AGE_YTHADULT_YGE25","2014",4381.538,,,,"R1:3513"
"EGY","BA:582","EMP_TEMP_SEX_AGE_NB","SEX_T","AGE_AGGREGATE_YGE15","2014",24331.249,,,,"R1:3513"
"EGY","BA:582","EMP_TEMP_SEX_AGE_NB","SEX_T","AGE_AGGREGATE_Y15-24","2014",3639.509,,,,"R1:3513"
"EGY","BA:582","EMP_TEMP_SEX_AGE_NB","SEX_T","AGE_AGGREGATE_Y25-54","2014",17620.642,,,,"R1:3513"
"EGY","BA:582","EMP_TEMP_SEX_AGE_NB","SEX_T","AGE_AGGREGATE_Y55-64","2014",2592.111,,,,"R1:3513"
"EGY","BA:582","EMP_TEMP_SEX_AGE_NB","SEX_T","AGE_AGGREGATE_YGE65","2014",478.988,,,,"R1:3513"
"EGY","BA:582","EMP_TEMP_SEX_AGE_NB","SEX_M","AGE_AGGREGATE_YGE15","2014",19296.363,,,,"R1:3513"
"EGY","BA:582","EMP_TEMP_SEX_AGE_NB","SEX_M","AGE_AGGREGATE_Y15-24","2014",2986.16,,,,"R1:3513"
"EGY","BA:582","EMP_TEMP_SEX_AGE_NB","SEX_M","AGE_AGGREGATE_Y25-54","2014",13702.356,,,,"R1:3513"
"EGY","BA:582","EMP_TEMP_SEX_AGE_NB","SEX_M","AGE_AGGREGATE_Y55-64","2014",2161.874,,,,"R1:3513"
"EGY","BA:582","EMP_TEMP_SEX_AGE_NB","SEX_M","AGE_AGGREGATE_YGE65","2014",445.972,,,,"R1:3513"
"EGY","BA:582","EMP_TEMP_SEX_AGE_NB","SEX_F","AGE_AGGREGATE_YGE15","2014",5034.887,,,,"R1:3513"
"EGY","BA:582","EMP_TEMP_SEX_AGE_NB","SEX_F","AGE_AGGREGATE_Y15-24","2014",653.348,,,,"R1:3513"
"EGY","BA:582","EMP_TEMP_SEX_AGE_NB","SEX_F","AGE_AGGREGATE_Y25-54","2014",3918.285,,,,"R1:3513"
"EGY","BA:582","EMP_TEMP_SEX_AGE_NB","SEX_F","AGE_AGGREGATE_Y55-64","2014",430.237,,,,"R1:3513"
"EGY","BA:582","EMP_TEMP_SEX_AGE_NB","SEX_F","AGE_AGGREGATE_YGE65","2014",33.016,,,,"R1:3513"
"EGY","BA:582","EMP_TEMP_SEX_AGE_NB","SEX_T","AGE_10YRBANDS_YGE15","2014",24331.249,,,,"R1:3513"
"EGY","BA:582","EMP_TEMP_SEX_AGE_NB","SEX_T","AGE_10YRBANDS_Y15-24","2014",3639.509,,,,"R1:3513"
"EGY","BA:582","EMP_TEMP_SEX_AGE_NB","SEX_T","AGE_10YRBANDS_Y25-34","2014",6404.601,,,,"R1:3513"
"EGY","BA:582","EMP_TEMP_SEX_AGE_NB","SEX_T","AGE_10YRBANDS_Y35-44","2014",5934.153,,,,"R1:3513"
"EGY","BA:582","EMP_TEMP_SEX_AGE_NB","SEX_T","AGE_10YRBANDS_Y45-54","2014",5281.888,,,,"R1:3513"
"EGY","BA:582","EMP_TEMP_SEX_AGE_NB","SEX_T","AGE_10YRBANDS_Y55-64","2014",2592.111,,,,"R1:3513"
"EGY","BA:582","EMP_TEMP_SEX_AGE_NB","SEX_T","AGE_10YRBANDS_YGE65","2014",478.988,,,,"R1:3513"
"EGY","BA:582","EMP_TEMP_SEX_AGE_NB","SEX_M","AGE_10YRBANDS_YGE15","2014",19296.363,,,,"R1:3513"
"EGY","BA:582","EMP_TEMP_SEX_AGE_NB","SEX_M","AGE_10YRBANDS_Y15-24","2014",2986.16,,,,"R1:3513"
"EGY","BA:582","EMP_TEMP_SEX_AGE_NB","SEX_M","AGE_10YRBANDS_Y25-34","2014",4926.697,,,,"R1:3513"
"EGY","BA:582","EMP_TEMP_SEX_AGE_NB","SEX_M","AGE_10YRBANDS_Y35-44","2014",4616.052,,,,"R1:3513"
"EGY","BA:582","EMP_TEMP_SEX_AGE_NB","SEX_M","AGE_10YRBANDS_Y45-54","2014",4159.607,,,,"R1:3513"
"EGY","BA:582","EMP_TEMP_SEX_AGE_NB","SEX_M","AGE_10YRBANDS_Y55-64","2014",2161.874,,,,"R1:3513"
"EGY","BA:582","EMP_TEMP_SEX_AGE_NB","SEX_M","AGE_10YRBANDS_YGE65","2014",445.972,,,,"R1:3513"
"EGY","BA:582","EMP_TEMP_SEX_AGE_NB","SEX_F","AGE_10YRBANDS_YGE15","2014",5034.887,,,,"R1:3513"
"EGY","BA:582","EMP_TEMP_SEX_AGE_NB","SEX_F","AGE_10YRBANDS_Y15-24","2014",653.348,,,,"R1:3513"
"EGY","BA:582","EMP_TEMP_SEX_AGE_NB","SEX_F","AGE_10YRBANDS_Y25-34","2014",1477.904,,,,"R1:3513"
"EGY","BA:582","EMP_TEMP_SEX_AGE_NB","SEX_F","AGE_10YRBANDS_Y35-44","2014",1318.101,,,,"R1:3513"
"EGY","BA:582","EMP_TEMP_SEX_AGE_NB","SEX_F","AGE_10YRBANDS_Y45-54","2014",1122.28,,,,"R1:3513"
"EGY","BA:582","EMP_TEMP_SEX_AGE_NB","SEX_F","AGE_10YRBANDS_Y55-64","2014",430.237,,,,"R1:3513"
"EGY","BA:582","EMP_TEMP_SEX_AGE_NB","SEX_F","AGE_10YRBANDS_YGE65","2014",33.016,,,,"R1:3513"
"EGY","BA:582","EMP_TEMP_SEX_AGE_NB","SEX_T","AGE_5YRBANDS_YGE15","2014",24331.249,,,,"R1:3513"
"EGY","BA:582","EMP_TEMP_SEX_AGE_NB","SEX_T","AGE_5YRBANDS_Y15-19","2014",1138.544,,,,"R1:3513"
"EGY","BA:582","EMP_TEMP_SEX_AGE_NB","SEX_T","AGE_5YRBANDS_Y20-24","2014",2500.965,,,,"R1:3513"
"EGY","BA:582","EMP_TEMP_SEX_AGE_NB","SEX_T","AGE_5YRBANDS_Y25-29","2014",3146.953,,,,"R1:3513"
"EGY","BA:582","EMP_TEMP_SEX_AGE_NB","SEX_T","AGE_5YRBANDS_Y30-34","2014",3257.649,,,,"R1:3513"
"EGY","BA:582","EMP_TEMP_SEX_AGE_NB","SEX_T","AGE_5YRBANDS_Y35-39","2014",3131.258,,,,"R1:3513"
"EGY","BA:582","EMP_TEMP_SEX_AGE_NB","SEX_T","AGE_5YRBANDS_Y40-44","2014",2802.895,,,,"R1:3513"
"EGY","BA:582","EMP_TEMP_SEX_AGE_NB","SEX_T","AGE_5YRBANDS_Y45-49","2014",2764.626,,,,"R1:3513"
"EGY","BA:582","EMP_TEMP_SEX_AGE_NB","SEX_T","AGE_5YRBANDS_Y50-54","2014",2517.262,,,,"R1:3513"
"EGY","BA:582","EMP_TEMP_SEX_AGE_NB","SEX_T","AGE_5YRBANDS_Y55-59","2014",1850.05,,,,"R1:3513"
"EGY","BA:582","EMP_TEMP_SEX_AGE_NB","SEX_T","AGE_5YRBANDS_Y60-64","2014",742.061,,,,"R1:3513"
"EGY","BA:582","EMP_TEMP_SEX_AGE_NB","SEX_T","AGE_5YRBANDS_YGE65","2014",478.988,,,,"R1:3513"
"EGY","BA:582","EMP_TEMP_SEX_AGE_NB","SEX_M","AGE_5YRBANDS_YGE15","2014",19296.363,,,,"R1:3513"
"EGY","BA:582","EMP_TEMP_SEX_AGE_NB","SEX_M","AGE_5YRBANDS_Y15-19","2014",934.337,,,,"R1:3513"
"EGY","BA:582","EMP_TEMP_SEX_AGE_NB","SEX_M","AGE_5YRBANDS_Y20-24","2014",2051.824,,,,"R1:3513"
"EGY","BA:582","EMP_TEMP_SEX_AGE_NB","SEX_M","AGE_5YRBANDS_Y25-29","2014",2503.863,,,,"R1:3513"
"EGY","BA:582","EMP_TEMP_SEX_AGE_NB","SEX_M","AGE_5YRBANDS_Y30-34","2014",2422.834,,,,"R1:3513"
"EGY","BA:582","EMP_TEMP_SEX_AGE_NB","SEX_M","AGE_5YRBANDS_Y35-39","2014",2502.265,,,,"R1:3513"
"EGY","BA:582","EMP_TEMP_SEX_AGE_NB","SEX_M","AGE_5YRBANDS_Y40-44","2014",2113.787,,,,"R1:3513"
"EGY","BA:582","EMP_TEMP_SEX_AGE_NB","SEX_M","AGE_5YRBANDS_Y45-49","2014",2205.246,,,,"R1:3513"
"EGY","BA:582","EMP_TEMP_SEX_AGE_NB","SEX_M","AGE_5YRBANDS_Y50-54","2014",1954.361,,,,"R1:3513"
"EGY","BA:582","EMP_TEMP_SEX_AGE_NB","SEX_M","AGE_5YRBANDS_Y55-59","2014",1508.317,,,,"R1:3513"
"EGY","BA:582","EMP_TEMP_SEX_AGE_NB","SEX_M","AGE_5YRBANDS_Y60-64","2014",653.556,,,,"R1:3513"
"EGY","BA:582","EMP_TEMP_SEX_AGE_NB","SEX_M","AGE_5YRBANDS_YGE65","2014",445.972,,,,"R1:3513"
"EGY","BA:582","EMP_TEMP_SEX_AGE_NB","SEX_F","AGE_5YRBANDS_YGE15","2014",5034.887,,,,"R1:3513"
"EGY","BA:582","EMP_TEMP_SEX_AGE_NB","SEX_F","AGE_5YRBANDS_Y15-19","2014",204.207,,,,"R1:3513"
"EGY","BA:582","EMP_TEMP_SEX_AGE_NB","SEX_F","AGE_5YRBANDS_Y20-24","2014",449.142,,,,"R1:3513"
"EGY","BA:582","EMP_TEMP_SEX_AGE_NB","SEX_F","AGE_5YRBANDS_Y25-29","2014",643.09,,,,"R1:3513"
"EGY","BA:582","EMP_TEMP_SEX_AGE_NB","SEX_F","AGE_5YRBANDS_Y30-34","2014",834.814,,,,"R1:3513"
"EGY","BA:582","EMP_TEMP_SEX_AGE_NB","SEX_F","AGE_5YRBANDS_Y35-39","2014",628.992,,,,"R1:3513"
"EGY","BA:582","EMP_TEMP_SEX_AGE_NB","SEX_F","AGE_5YRBANDS_Y40-44","2014",689.109,,,,"R1:3513"
"EGY","BA:582","EMP_TEMP_SEX_AGE_NB","SEX_F","AGE_5YRBANDS_Y45-49","2014",559.379,,,,"R1:3513"
"EGY","BA:582","EMP_TEMP_SEX_AGE_NB","SEX_F","AGE_5YRBANDS_Y50-54","2014",562.901,,,,"R1:3513"
"EGY","BA:582","EMP_TEMP_SEX_AGE_NB","SEX_F","AGE_5YRBANDS_Y55-59","2014",341.733,,,,"R1:3513"
"EGY","BA:582","EMP_TEMP_SEX_AGE_NB","SEX_F","AGE_5YRBANDS_Y60-64","2014",88.505,,,,"R1:3513"
"EGY","BA:582","EMP_TEMP_SEX_AGE_NB","SEX_F","AGE_5YRBANDS_YGE65","2014",33.016,,,,"R1:3513"
"EGY","BA:582","EMP_TEMP_SEX_AGE_NB","SEX_T","AGE_YTHADULT_YGE15","2013",23975.13,,,,"R1:3513"
"EGY","BA:582","EMP_TEMP_SEX_AGE_NB","SEX_T","AGE_YTHADULT_Y15-64","2013",23500.29,,,,"R1:3513"
"EGY","BA:582","EMP_TEMP_SEX_AGE_NB","SEX_T","AGE_YTHADULT_Y15-24","2013",3608.755,,,,"R1:3513"
"EGY","BA:582","EMP_TEMP_SEX_AGE_NB","SEX_T","AGE_YTHADULT_YGE25","2013",20366.375,,,,"R1:3513"
"EGY","BA:582","EMP_TEMP_SEX_AGE_NB","SEX_M","AGE_YTHADULT_YGE15","2013",19083.379,,,,"R1:3513"
"EGY","BA:582","EMP_TEMP_SEX_AGE_NB","SEX_M","AGE_YTHADULT_Y15-64","2013",18661.405,,,,"R1:3513"
"EGY","BA:582","EMP_TEMP_SEX_AGE_NB","SEX_M","AGE_YTHADULT_Y15-24","2013",2992.839,,,,"R1:3513"
"EGY","BA:582","EMP_TEMP_SEX_AGE_NB","SEX_M","AGE_YTHADULT_YGE25","2013",16090.54,,,,"R1:3513"
"EGY","BA:582","EMP_TEMP_SEX_AGE_NB","SEX_F","AGE_YTHADULT_YGE15","2013",4891.751,,,,"R1:3513"
"EGY","BA:582","EMP_TEMP_SEX_AGE_NB","SEX_F","AGE_YTHADULT_Y15-64","2013",4838.885,,,,"R1:3513"
"EGY","BA:582","EMP_TEMP_SEX_AGE_NB","SEX_F","AGE_YTHADULT_Y15-24","2013",615.915,,,,"R1:3513"
"EGY","BA:582","EMP_TEMP_SEX_AGE_NB","SEX_F","AGE_YTHADULT_YGE25","2013",4275.835,,,,"R1:3513"
"EGY","BA:582","EMP_TEMP_SEX_AGE_NB","SEX_T","AGE_AGGREGATE_YGE15","2013",23975.13,,,,"R1:3513"
"EGY","BA:582","EMP_TEMP_SEX_AGE_NB","SEX_T","AGE_AGGREGATE_Y15-24","2013",3608.755,,,,"R1:3513"
"EGY","BA:582","EMP_TEMP_SEX_AGE_NB","SEX_T","AGE_AGGREGATE_Y25-54","2013",17383.259,,,,"R1:3513"
"EGY","BA:582","EMP_TEMP_SEX_AGE_NB","SEX_T","AGE_AGGREGATE_Y55-64","2013",2508.277,,,,"R1:3513"
"EGY","BA:582","EMP_TEMP_SEX_AGE_NB","SEX_T","AGE_AGGREGATE_YGE65","2013",474.84,,,,"R1:3513"
"EGY","BA:582","EMP_TEMP_SEX_AGE_NB","SEX_M","AGE_AGGREGATE_YGE15","2013",19083.379,,,,"R1:3513"
"EGY","BA:582","EMP_TEMP_SEX_AGE_NB","SEX_M","AGE_AGGREGATE_Y15-24","2013",2992.839,,,,"R1:3513"
"EGY","BA:582","EMP_TEMP_SEX_AGE_NB","SEX_M","AGE_AGGREGATE_Y25-54","2013",13568.048,,,,"R1:3513"
"EGY","BA:582","EMP_TEMP_SEX_AGE_NB","SEX_M","AGE_AGGREGATE_Y55-64","2013",2100.518,,,,"R1:3513"
"EGY","BA:582","EMP_TEMP_SEX_AGE_NB","SEX_M","AGE_AGGREGATE_YGE65","2013",421.974,,,,"R1:3513"
"EGY","BA:582","EMP_TEMP_SEX_AGE_NB","SEX_F","AGE_AGGREGATE_YGE15","2013",4891.751,,,,"R1:3513"
"EGY","BA:582","EMP_TEMP_SEX_AGE_NB","SEX_F","AGE_AGGREGATE_Y15-24","2013",615.915,,,,"R1:3513"
"EGY","BA:582","EMP_TEMP_SEX_AGE_NB","SEX_F","AGE_AGGREGATE_Y25-54","2013",3815.211,,,,"R1:3513"
"EGY","BA:582","EMP_TEMP_SEX_AGE_NB","SEX_F","AGE_AGGREGATE_Y55-64","2013",407.759,,,,"R1:3513"
"EGY","BA:582","EMP_TEMP_SEX_AGE_NB","SEX_F","AGE_AGGREGATE_YGE65","2013",52.866,,,,"R1:3513"
"EGY","BA:582","EMP_TEMP_SEX_AGE_NB","SEX_T","AGE_10YRBANDS_YGE15","2013",23975.13,,,,"R1:3513"
"EGY","BA:582","EMP_TEMP_SEX_AGE_NB","SEX_T","AGE_10YRBANDS_Y15-24","2013",3608.755,,,,"R1:3513"
"EGY","BA:582","EMP_TEMP_SEX_AGE_NB","SEX_T","AGE_10YRBANDS_Y25-34","2013",6492.664,,,,"R1:3513"
"EGY","BA:582","EMP_TEMP_SEX_AGE_NB","SEX_T","AGE_10YRBANDS_Y35-44","2013",5776.91,,,,"R1:3513"
"EGY","BA:582","EMP_TEMP_SEX_AGE_NB","SEX_T","AGE_10YRBANDS_Y45-54","2013",5113.684,,,,"R1:3513"
"EGY","BA:582","EMP_TEMP_SEX_AGE_NB","SEX_T","AGE_10YRBANDS_Y55-64","2013",2508.277,,,,"R1:3513"
"EGY","BA:582","EMP_TEMP_SEX_AGE_NB","SEX_T","AGE_10YRBANDS_YGE65","2013",474.84,,,,"R1:3513"
"EGY","BA:582","EMP_TEMP_SEX_AGE_NB","SEX_M","AGE_10YRBANDS_YGE15","2013",19083.379,,,,"R1:3513"
"EGY","BA:582","EMP_TEMP_SEX_AGE_NB","SEX_M","AGE_10YRBANDS_Y15-24","2013",2992.839,,,,"R1:3513"
"EGY","BA:582","EMP_TEMP_SEX_AGE_NB","SEX_M","AGE_10YRBANDS_Y25-34","2013",5089.655,,,,"R1:3513"
"EGY","BA:582","EMP_TEMP_SEX_AGE_NB","SEX_M","AGE_10YRBANDS_Y35-44","2013",4496.173,,,,"R1:3513"
"EGY","BA:582","EMP_TEMP_SEX_AGE_NB","SEX_M","AGE_10YRBANDS_Y45-54","2013",3982.22,,,,"R1:3513"
"EGY","BA:582","EMP_TEMP_SEX_AGE_NB","SEX_M","AGE_10YRBANDS_Y55-64","2013",2100.518,,,,"R1:3513"
"EGY","BA:582","EMP_TEMP_SEX_AGE_NB","SEX_M","AGE_10YRBANDS_YGE65","2013",421.974,,,,"R1:3513"
"EGY","BA:582","EMP_TEMP_SEX_AGE_NB","SEX_F","AGE_10YRBANDS_YGE15","2013",4891.751,,,,"R1:3513"
"EGY","BA:582","EMP_TEMP_SEX_AGE_NB","SEX_F","AGE_10YRBANDS_Y15-24","2013",615.915,,,,"R1:3513"
"EGY","BA:582","EMP_TEMP_SEX_AGE_NB","SEX_F","AGE_10YRBANDS_Y25-34","2013",1403.009,,,,"R1:3513"
"EGY","BA:582","EMP_TEMP_SEX_AGE_NB","SEX_F","AGE_10YRBANDS_Y35-44","2013",1280.737,,,,"R1:3513"
"EGY","BA:582","EMP_TEMP_SEX_AGE_NB","SEX_F","AGE_10YRBANDS_Y45-54","2013",1131.464,,,,"R1:3513"
"EGY","BA:582","EMP_TEMP_SEX_AGE_NB","SEX_F","AGE_10YRBANDS_Y55-64","2013",407.759,,,,"R1:3513"
"EGY","BA:582","EMP_TEMP_SEX_AGE_NB","SEX_F","AGE_10YRBANDS_YGE65","2013",52.866,,,,"R1:3513"
"EGY","BA:582","EMP_TEMP_SEX_AGE_NB","SEX_T","AGE_5YRBANDS_YGE15","2013",23975.13,,,,"R1:3513"
"EGY","BA:582","EMP_TEMP_SEX_AGE_NB","SEX_T","AGE_5YRBANDS_Y15-19","2013",1123.834,,,,"R1:3513"
"EGY","BA:582","EMP_TEMP_SEX_AGE_NB","SEX_T","AGE_5YRBANDS_Y20-24","2013",2484.92,,,,"R1:3513"
"EGY","BA:582","EMP_TEMP_SEX_AGE_NB","SEX_T","AGE_5YRBANDS_Y25-29","2013",3255.993,,,,"R1:3513"
"EGY","BA:582","EMP_TEMP_SEX_AGE_NB","SEX_T","AGE_5YRBANDS_Y30-34","2013",3236.671,,,,"R1:3513"
"EGY","BA:582","EMP_TEMP_SEX_AGE_NB","SEX_T","AGE_5YRBANDS_Y35-39","2013",3060.063,,,,"R1:3513"
"EGY","BA:582","EMP_TEMP_SEX_AGE_NB","SEX_T","AGE_5YRBANDS_Y40-44","2013",2716.847,,,,"R1:3513"
"EGY","BA:582","EMP_TEMP_SEX_AGE_NB","SEX_T","AGE_5YRBANDS_Y45-49","2013",2748.697,,,,"R1:3513"
"EGY","BA:582","EMP_TEMP_SEX_AGE_NB","SEX_T","AGE_5YRBANDS_Y50-54","2013",2364.987,,,,"R1:3513"
"EGY","BA:582","EMP_TEMP_SEX_AGE_NB","SEX_T","AGE_5YRBANDS_Y55-59","2013",1777.112,,,,"R1:3513"
"EGY","BA:582","EMP_TEMP_SEX_AGE_NB","SEX_T","AGE_5YRBANDS_Y60-64","2013",731.165,,,,"R1:3513"
"EGY","BA:582","EMP_TEMP_SEX_AGE_NB","SEX_T","AGE_5YRBANDS_YGE65","2013",474.84,,,,"R1:3513"
"EGY","BA:582","EMP_TEMP_SEX_AGE_NB","SEX_M","AGE_5YRBANDS_YGE15","2013",19083.379,,,,"R1:3513"
"EGY","BA:582","EMP_TEMP_SEX_AGE_NB","SEX_M","AGE_5YRBANDS_Y15-19","2013",949.164,,,,"R1:3513"
"EGY","BA:582","EMP_TEMP_SEX_AGE_NB","SEX_M","AGE_5YRBANDS_Y20-24","2013",2043.675,,,,"R1:3513"
"EGY","BA:582","EMP_TEMP_SEX_AGE_NB","SEX_M","AGE_5YRBANDS_Y25-29","2013",2634.758,,,,"R1:3513"
"EGY","BA:582","EMP_TEMP_SEX_AGE_NB","SEX_M","AGE_5YRBANDS_Y30-34","2013",2454.897,,,,"R1:3513"
"EGY","BA:582","EMP_TEMP_SEX_AGE_NB","SEX_M","AGE_5YRBANDS_Y35-39","2013",2421.065,,,,"R1:3513"
"EGY","BA:582","EMP_TEMP_SEX_AGE_NB","SEX_M","AGE_5YRBANDS_Y40-44","2013",2075.108,,,,"R1:3513"
"EGY","BA:582","EMP_TEMP_SEX_AGE_NB","SEX_M","AGE_5YRBANDS_Y45-49","2013",2131.363,,,,"R1:3513"
"EGY","BA:582","EMP_TEMP_SEX_AGE_NB","SEX_M","AGE_5YRBANDS_Y50-54","2013",1850.857,,,,"R1:3513"
"EGY","BA:582","EMP_TEMP_SEX_AGE_NB","SEX_M","AGE_5YRBANDS_Y55-59","2013",1446.172,,,,"R1:3513"
"EGY","BA:582","EMP_TEMP_SEX_AGE_NB","SEX_M","AGE_5YRBANDS_Y60-64","2013",654.347,,,,"R1:3513"
"EGY","BA:582","EMP_TEMP_SEX_AGE_NB","SEX_M","AGE_5YRBANDS_YGE65","2013",421.974,,,,"R1:3513"
"EGY","BA:582","EMP_TEMP_SEX_AGE_NB","SEX_F","AGE_5YRBANDS_YGE15","2013",4891.751,,,,"R1:3513"
"EGY","BA:582","EMP_TEMP_SEX_AGE_NB","SEX_F","AGE_5YRBANDS_Y15-19","2013",174.67,,,,"R1:3513"
"EGY","BA:582","EMP_TEMP_SEX_AGE_NB","SEX_F","AGE_5YRBANDS_Y20-24","2013",441.245,,,,"R1:3513"
"EGY","BA:582","EMP_TEMP_SEX_AGE_NB","SEX_F","AGE_5YRBANDS_Y25-29","2013",621.235,,,,"R1:3513"
"EGY","BA:582","EMP_TEMP_SEX_AGE_NB","SEX_F","AGE_5YRBANDS_Y30-34","2013",781.774,,,,"R1:3513"
"EGY","BA:582","EMP_TEMP_SEX_AGE_NB","SEX_F","AGE_5YRBANDS_Y35-39","2013",638.998,,,,"R1:3513"
"EGY","BA:582","EMP_TEMP_SEX_AGE_NB","SEX_F","AGE_5YRBANDS_Y40-44","2013",641.739,,,,"R1:3513"
"EGY","BA:582","EMP_TEMP_SEX_AGE_NB","SEX_F","AGE_5YRBANDS_Y45-49","2013",617.334,,,,"R1:3513"
"EGY","BA:582","EMP_TEMP_SEX_AGE_NB","SEX_F","AGE_5YRBANDS_Y50-54","2013",514.13,,,,"R1:3513"
"EGY","BA:582","EMP_TEMP_SEX_AGE_NB","SEX_F","AGE_5YRBANDS_Y55-59","2013",330.94,,,,"R1:3513"
"EGY","BA:582","EMP_TEMP_SEX_AGE_NB","SEX_F","AGE_5YRBANDS_Y60-64","2013",76.818,,,,"R1:3513"
"EGY","BA:582","EMP_TEMP_SEX_AGE_NB","SEX_F","AGE_5YRBANDS_YGE65","2013",52.866,,,,"R1:3513"
"EGY","BA:582","EMP_TEMP_SEX_AGE_NB","SEX_T","AGE_YTHADULT_YGE15","2012",23564.393,,,,"R1:3513"
"EGY","BA:582","EMP_TEMP_SEX_AGE_NB","SEX_T","AGE_YTHADULT_Y15-64","2012",23089.043,,,,"R1:3513"
"EGY","BA:582","EMP_TEMP_SEX_AGE_NB","SEX_T","AGE_YTHADULT_Y15-24","2012",3473.904,,,,"R1:3513"
"EGY","BA:582","EMP_TEMP_SEX_AGE_NB","SEX_T","AGE_YTHADULT_YGE25","2012",20090.489,,,,"R1:3513"
"EGY","BA:582","EMP_TEMP_SEX_AGE_NB","SEX_M","AGE_YTHADULT_YGE15","2012",18902.716,,,,"R1:3513"
"EGY","BA:582","EMP_TEMP_SEX_AGE_NB","SEX_M","AGE_YTHADULT_Y15-64","2012",18473.392,,,,"R1:3513"
"EGY","BA:582","EMP_TEMP_SEX_AGE_NB","SEX_M","AGE_YTHADULT_Y15-24","2012",2957.484,,,,"R1:3513"
"EGY","BA:582","EMP_TEMP_SEX_AGE_NB","SEX_M","AGE_YTHADULT_YGE25","2012",15945.232,,,,"R1:3513"
"EGY","BA:582","EMP_TEMP_SEX_AGE_NB","SEX_F","AGE_YTHADULT_YGE15","2012",4661.678,,,,"R1:3513"
"EGY","BA:582","EMP_TEMP_SEX_AGE_NB","SEX_F","AGE_YTHADULT_Y15-64","2012",4615.65,,,,"R1:3513"
"EGY","BA:582","EMP_TEMP_SEX_AGE_NB","SEX_F","AGE_YTHADULT_Y15-24","2012",516.42,,,,"R1:3513"
"EGY","BA:582","EMP_TEMP_SEX_AGE_NB","SEX_F","AGE_YTHADULT_YGE25","2012",4145.258,,,,"R1:3513"
"EGY","BA:582","EMP_TEMP_SEX_AGE_NB","SEX_T","AGE_AGGREGATE_YGE15","2012",23564.393,,,,"R1:3513"
"EGY","BA:582","EMP_TEMP_SEX_AGE_NB","SEX_T","AGE_AGGREGATE_Y15-24","2012",3473.904,,,,"R1:3513"
"EGY","BA:582","EMP_TEMP_SEX_AGE_NB","SEX_T","AGE_AGGREGATE_Y25-54","2012",17128.864,,,,"R1:3513"
"EGY","BA:582","EMP_TEMP_SEX_AGE_NB","SEX_T","AGE_AGGREGATE_Y55-64","2012",2486.274,,,,"R1:3513"
"EGY","BA:582","EMP_TEMP_SEX_AGE_NB","SEX_T","AGE_AGGREGATE_YGE65","2012",475.351,,,,"R1:3513"
"EGY","BA:582","EMP_TEMP_SEX_AGE_NB","SEX_M","AGE_AGGREGATE_YGE15","2012",18902.716,,,,"R1:3513"
"EGY","BA:582","EMP_TEMP_SEX_AGE_NB","SEX_M","AGE_AGGREGATE_Y15-24","2012",2957.484,,,,"R1:3513"
"EGY","BA:582","EMP_TEMP_SEX_AGE_NB","SEX_M","AGE_AGGREGATE_Y25-54","2012",13467.383,,,,"R1:3513"
"EGY","BA:582","EMP_TEMP_SEX_AGE_NB","SEX_M","AGE_AGGREGATE_Y55-64","2012",2048.525,,,,"R1:3513"
"EGY","BA:582","EMP_TEMP_SEX_AGE_NB","SEX_M","AGE_AGGREGATE_YGE65","2012",429.324,,,,"R1:3513"
"EGY","BA:582","EMP_TEMP_SEX_AGE_NB","SEX_F","AGE_AGGREGATE_YGE15","2012",4661.678,,,,"R1:3513"
"EGY","BA:582","EMP_TEMP_SEX_AGE_NB","SEX_F","AGE_AGGREGATE_Y15-24","2012",516.42,,,,"R1:3513"
"EGY","BA:582","EMP_TEMP_SEX_AGE_NB","SEX_F","AGE_AGGREGATE_Y25-54","2012",3661.481,,,,"R1:3513"
"EGY","BA:582","EMP_TEMP_SEX_AGE_NB","SEX_F","AGE_AGGREGATE_Y55-64","2012",437.75,,,,"R1:3513"
"EGY","BA:582","EMP_TEMP_SEX_AGE_NB","SEX_F","AGE_AGGREGATE_YGE65","2012",46.027,,,,"R1:3513"
"EGY","BA:582","EMP_TEMP_SEX_AGE_NB","SEX_T","AGE_10YRBANDS_YGE15","2012",23564.393,,,,"R1:3513"
"EGY","BA:582","EMP_TEMP_SEX_AGE_NB","SEX_T","AGE_10YRBANDS_Y15-24","2012",3473.904,,,,"R1:3513"
"EGY","BA:582","EMP_TEMP_SEX_AGE_NB","SEX_T","AGE_10YRBANDS_Y25-34","2012",6436.425,,,,"R1:3513"
"EGY","BA:582","EMP_TEMP_SEX_AGE_NB","SEX_T","AGE_10YRBANDS_Y35-44","2012",5656.084,,,,"R1:3513"
"EGY","BA:582","EMP_TEMP_SEX_AGE_NB","SEX_T","AGE_10YRBANDS_Y45-54","2012",5036.355,,,,"R1:3513"
"EGY","BA:582","EMP_TEMP_SEX_AGE_NB","SEX_T","AGE_10YRBANDS_Y55-64","2012",2486.274,,,,"R1:3513"
"EGY","BA:582","EMP_TEMP_SEX_AGE_NB","SEX_T","AGE_10YRBANDS_YGE65","2012",475.351,,,,"R1:3513"
"EGY","BA:582","EMP_TEMP_SEX_AGE_NB","SEX_M","AGE_10YRBANDS_YGE15","2012",18902.716,,,,"R1:3513"
"EGY","BA:582","EMP_TEMP_SEX_AGE_NB","SEX_M","AGE_10YRBANDS_Y15-24","2012",2957.484,,,,"R1:3513"
"EGY","BA:582","EMP_TEMP_SEX_AGE_NB","SEX_M","AGE_10YRBANDS_Y25-34","2012",5153.85,,,,"R1:3513"
"EGY","BA:582","EMP_TEMP_SEX_AGE_NB","SEX_M","AGE_10YRBANDS_Y35-44","2012",4437.864,,,,"R1:3513"
"EGY","BA:582","EMP_TEMP_SEX_AGE_NB","SEX_M","AGE_10YRBANDS_Y45-54","2012",3875.669,,,,"R1:3513"
"EGY","BA:582","EMP_TEMP_SEX_AGE_NB","SEX_M","AGE_10YRBANDS_Y55-64","2012",2048.525,,,,"R1:3513"
"EGY","BA:582","EMP_TEMP_SEX_AGE_NB","SEX_M","AGE_10YRBANDS_YGE65","2012",429.324,,,,"R1:3513"
"EGY","BA:582","EMP_TEMP_SEX_AGE_NB","SEX_F","AGE_10YRBANDS_YGE15","2012",4661.678,,,,"R1:3513"
"EGY","BA:582","EMP_TEMP_SEX_AGE_NB","SEX_F","AGE_10YRBANDS_Y15-24","2012",516.42,,,,"R1:3513"
"EGY","BA:582","EMP_TEMP_SEX_AGE_NB","SEX_F","AGE_10YRBANDS_Y25-34","2012",1282.575,,,,"R1:3513"
"EGY","BA:582","EMP_TEMP_SEX_AGE_NB","SEX_F","AGE_10YRBANDS_Y35-44","2012",1218.22,,,,"R1:3513"
"EGY","BA:582","EMP_TEMP_SEX_AGE_NB","SEX_F","AGE_10YRBANDS_Y45-54","2012",1160.686,,,,"R1:3513"
"EGY","BA:582","EMP_TEMP_SEX_AGE_NB","SEX_F","AGE_10YRBANDS_Y55-64","2012",437.75,,,,"R1:3513"
"EGY","BA:582","EMP_TEMP_SEX_AGE_NB","SEX_F","AGE_10YRBANDS_YGE65","2012",46.027,,,,"R1:3513"
"EGY","BA:582","EMP_TEMP_SEX_AGE_NB","SEX_T","AGE_5YRBANDS_YGE15","2012",23564.393,,,,"R1:3513"
"EGY","BA:582","EMP_TEMP_SEX_AGE_NB","SEX_T","AGE_5YRBANDS_Y15-19","2012",1056.344,,,,"R1:3513"
"EGY","BA:582","EMP_TEMP_SEX_AGE_NB","SEX_T","AGE_5YRBANDS_Y20-24","2012",2417.56,,,,"R1:3513"
"EGY","BA:582","EMP_TEMP_SEX_AGE_NB","SEX_T","AGE_5YRBANDS_Y25-29","2012",3405.611,,,,"R1:3513"
"EGY","BA:582","EMP_TEMP_SEX_AGE_NB","SEX_T","AGE_5YRBANDS_Y30-34","2012",3030.814,,,,"R1:3513"
"EGY","BA:582","EMP_TEMP_SEX_AGE_NB","SEX_T","AGE_5YRBANDS_Y35-39","2012",2997.392,,,,"R1:3513"
"EGY","BA:582","EMP_TEMP_SEX_AGE_NB","SEX_T","AGE_5YRBANDS_Y40-44","2012",2658.691,,,,"R1:3513"
"EGY","BA:582","EMP_TEMP_SEX_AGE_NB","SEX_T","AGE_5YRBANDS_Y45-49","2012",2729.53,,,,"R1:3513"
"EGY","BA:582","EMP_TEMP_SEX_AGE_NB","SEX_T","AGE_5YRBANDS_Y50-54","2012",2306.826,,,,"R1:3513"
"EGY","BA:582","EMP_TEMP_SEX_AGE_NB","SEX_T","AGE_5YRBANDS_Y55-59","2012",1763.182,,,,"R1:3513"
"EGY","BA:582","EMP_TEMP_SEX_AGE_NB","SEX_T","AGE_5YRBANDS_Y60-64","2012",723.092,,,,"R1:3513"
"EGY","BA:582","EMP_TEMP_SEX_AGE_NB","SEX_T","AGE_5YRBANDS_YGE65","2012",475.351,,,,"R1:3513"
"EGY","BA:582","EMP_TEMP_SEX_AGE_NB","SEX_M","AGE_5YRBANDS_YGE15","2012",18902.716,,,,"R1:3513"
"EGY","BA:582","EMP_TEMP_SEX_AGE_NB","SEX_M","AGE_5YRBANDS_Y15-19","2012",925.343,,,,"R1:3513"
"EGY","BA:582","EMP_TEMP_SEX_AGE_NB","SEX_M","AGE_5YRBANDS_Y20-24","2012",2032.141,,,,"R1:3513"
"EGY","BA:582","EMP_TEMP_SEX_AGE_NB","SEX_M","AGE_5YRBANDS_Y25-29","2012",2755.556,,,,"R1:3513"
"EGY","BA:582","EMP_TEMP_SEX_AGE_NB","SEX_M","AGE_5YRBANDS_Y30-34","2012",2398.294,,,,"R1:3513"
"EGY","BA:582","EMP_TEMP_SEX_AGE_NB","SEX_M","AGE_5YRBANDS_Y35-39","2012",2357.458,,,,"R1:3513"
"EGY","BA:582","EMP_TEMP_SEX_AGE_NB","SEX_M","AGE_5YRBANDS_Y40-44","2012",2080.406,,,,"R1:3513"
"EGY","BA:582","EMP_TEMP_SEX_AGE_NB","SEX_M","AGE_5YRBANDS_Y45-49","2012",2101.816,,,,"R1:3513"
"EGY","BA:582","EMP_TEMP_SEX_AGE_NB","SEX_M","AGE_5YRBANDS_Y50-54","2012",1773.854,,,,"R1:3513"
"EGY","BA:582","EMP_TEMP_SEX_AGE_NB","SEX_M","AGE_5YRBANDS_Y55-59","2012",1413.141,,,,"R1:3513"
"EGY","BA:582","EMP_TEMP_SEX_AGE_NB","SEX_M","AGE_5YRBANDS_Y60-64","2012",635.383,,,,"R1:3513"
"EGY","BA:582","EMP_TEMP_SEX_AGE_NB","SEX_M","AGE_5YRBANDS_YGE65","2012",429.324,,,,"R1:3513"
"EGY","BA:582","EMP_TEMP_SEX_AGE_NB","SEX_F","AGE_5YRBANDS_YGE15","2012",4661.678,,,,"R1:3513"
"EGY","BA:582","EMP_TEMP_SEX_AGE_NB","SEX_F","AGE_5YRBANDS_Y15-19","2012",131,,,,"R1:3513"
"EGY","BA:582","EMP_TEMP_SEX_AGE_NB","SEX_F","AGE_5YRBANDS_Y20-24","2012",385.419,,,,"R1:3513"
"EGY","BA:582","EMP_TEMP_SEX_AGE_NB","SEX_F","AGE_5YRBANDS_Y25-29","2012",650.055,,,,"R1:3513"
"EGY","BA:582","EMP_TEMP_SEX_AGE_NB","SEX_F","AGE_5YRBANDS_Y30-34","2012",632.52,,,,"R1:3513"
"EGY","BA:582","EMP_TEMP_SEX_AGE_NB","SEX_F","AGE_5YRBANDS_Y35-39","2012",639.935,,,,"R1:3513"
"EGY","BA:582","EMP_TEMP_SEX_AGE_NB","SEX_F","AGE_5YRBANDS_Y40-44","2012",578.285,,,,"R1:3513"
"EGY","BA:582","EMP_TEMP_SEX_AGE_NB","SEX_F","AGE_5YRBANDS_Y45-49","2012",627.714,,,,"R1:3513"
"EGY","BA:582","EMP_TEMP_SEX_AGE_NB","SEX_F","AGE_5YRBANDS_Y50-54","2012",532.972,,,,"R1:3513"
"EGY","BA:582","EMP_TEMP_SEX_AGE_NB","SEX_F","AGE_5YRBANDS_Y55-59","2012",350.041,,,,"R1:3513"
"EGY","BA:582","EMP_TEMP_SEX_AGE_NB","SEX_F","AGE_5YRBANDS_Y60-64","2012",87.709,,,,"R1:3513"
"EGY","BA:582","EMP_TEMP_SEX_AGE_NB","SEX_F","AGE_5YRBANDS_YGE65","2012",46.027,,,,"R1:3513"
"EGY","BA:582","EMP_TEMP_SEX_AGE_NB","SEX_T","AGE_YTHADULT_YGE15","2011",23345.812,,,,"R1:3513"
"EGY","BA:582","EMP_TEMP_SEX_AGE_NB","SEX_T","AGE_YTHADULT_Y15-64","2011",22941.629,,,,"R1:3513"
"EGY","BA:582","EMP_TEMP_SEX_AGE_NB","SEX_T","AGE_YTHADULT_Y15-24","2011",3774.645,,,,"R1:3513"
"EGY","BA:582","EMP_TEMP_SEX_AGE_NB","SEX_T","AGE_YTHADULT_YGE25","2011",19571.167,,,,"R1:3513"
"EGY","BA:582","EMP_TEMP_SEX_AGE_NB","SEX_M","AGE_YTHADULT_YGE15","2011",18718.687,,,,"R1:3513"
"EGY","BA:582","EMP_TEMP_SEX_AGE_NB","SEX_M","AGE_YTHADULT_Y15-64","2011",18349.731,,,,"R1:3513"
"EGY","BA:582","EMP_TEMP_SEX_AGE_NB","SEX_M","AGE_YTHADULT_Y15-24","2011",3189.802,,,,"R1:3513"
"EGY","BA:582","EMP_TEMP_SEX_AGE_NB","SEX_M","AGE_YTHADULT_YGE25","2011",15528.884,,,,"R1:3513"
"EGY","BA:582","EMP_TEMP_SEX_AGE_NB","SEX_F","AGE_YTHADULT_YGE15","2011",4627.125,,,,"R1:3513"
"EGY","BA:582","EMP_TEMP_SEX_AGE_NB","SEX_F","AGE_YTHADULT_Y15-64","2011",4591.898,,,,"R1:3513"
"EGY","BA:582","EMP_TEMP_SEX_AGE_NB","SEX_F","AGE_YTHADULT_Y15-24","2011",584.842,,,,"R1:3513"
"EGY","BA:582","EMP_TEMP_SEX_AGE_NB","SEX_F","AGE_YTHADULT_YGE25","2011",4042.283,,,,"R1:3513"
"EGY","BA:582","EMP_TEMP_SEX_AGE_NB","SEX_T","AGE_AGGREGATE_YGE15","2011",23345.812,,,,"R1:3513"
"EGY","BA:582","EMP_TEMP_SEX_AGE_NB","SEX_T","AGE_AGGREGATE_Y15-24","2011",3774.645,,,,"R1:3513"
"EGY","BA:582","EMP_TEMP_SEX_AGE_NB","SEX_T","AGE_AGGREGATE_Y25-54","2011",16796.96,,,,"R1:3513"
"EGY","BA:582","EMP_TEMP_SEX_AGE_NB","SEX_T","AGE_AGGREGATE_Y55-64","2011",2370.024,,,,"R1:3513"
"EGY","BA:582","EMP_TEMP_SEX_AGE_NB","SEX_T","AGE_AGGREGATE_YGE65","2011",404.183,,,,"R1:3513"
"EGY","BA:582","EMP_TEMP_SEX_AGE_NB","SEX_M","AGE_AGGREGATE_YGE15","2011",18718.687,,,,"R1:3513"
"EGY","BA:582","EMP_TEMP_SEX_AGE_NB","SEX_M","AGE_AGGREGATE_Y15-24","2011",3189.802,,,,"R1:3513"
"EGY","BA:582","EMP_TEMP_SEX_AGE_NB","SEX_M","AGE_AGGREGATE_Y25-54","2011",13203.77,,,,"R1:3513"
"EGY","BA:582","EMP_TEMP_SEX_AGE_NB","SEX_M","AGE_AGGREGATE_Y55-64","2011",1956.159,,,,"R1:3513"
"EGY","BA:582","EMP_TEMP_SEX_AGE_NB","SEX_M","AGE_AGGREGATE_YGE65","2011",368.956,,,,"R1:3513"
"EGY","BA:582","EMP_TEMP_SEX_AGE_NB","SEX_F","AGE_AGGREGATE_YGE15","2011",4627.125,,,,"R1:3513"
"EGY","BA:582","EMP_TEMP_SEX_AGE_NB","SEX_F","AGE_AGGREGATE_Y15-24","2011",584.842,,,,"R1:3513"
"EGY","BA:582","EMP_TEMP_SEX_AGE_NB","SEX_F","AGE_AGGREGATE_Y25-54","2011",3593.19,,,,"R1:3513"
"EGY","BA:582","EMP_TEMP_SEX_AGE_NB","SEX_F","AGE_AGGREGATE_Y55-64","2011",413.865,,,,"R1:3513"
"EGY","BA:582","EMP_TEMP_SEX_AGE_NB","SEX_F","AGE_AGGREGATE_YGE65","2011",35.227,,,,"R1:3513"
"EGY","BA:582","EMP_TEMP_SEX_AGE_NB","SEX_T","AGE_10YRBANDS_YGE15","2011",23345.812,,,,"R1:3513"
"EGY","BA:582","EMP_TEMP_SEX_AGE_NB","SEX_T","AGE_10YRBANDS_Y15-24","2011",3774.645,,,,"R1:3513"
"EGY","BA:582","EMP_TEMP_SEX_AGE_NB","SEX_T","AGE_10YRBANDS_Y25-34","2011",6500.538,,,,"R1:3513"
"EGY","BA:582","EMP_TEMP_SEX_AGE_NB","SEX_T","AGE_10YRBANDS_Y35-44","2011",5540.393,,,,"R1:3513"
"EGY","BA:582","EMP_TEMP_SEX_AGE_NB","SEX_T","AGE_10YRBANDS_Y45-54","2011",4756.029,,,,"R1:3513"
"EGY","BA:582","EMP_TEMP_SEX_AGE_NB","SEX_T","AGE_10YRBANDS_Y55-64","2011",2370.024,,,,"R1:3513"
"EGY","BA:582","EMP_TEMP_SEX_AGE_NB","SEX_T","AGE_10YRBANDS_YGE65","2011",404.183,,,,"R1:3513"
"EGY","BA:582","EMP_TEMP_SEX_AGE_NB","SEX_M","AGE_10YRBANDS_YGE15","2011",18718.687,,,,"R1:3513"
"EGY","BA:582","EMP_TEMP_SEX_AGE_NB","SEX_M","AGE_10YRBANDS_Y15-24","2011",3189.802,,,,"R1:3513"
"EGY","BA:582","EMP_TEMP_SEX_AGE_NB","SEX_M","AGE_10YRBANDS_Y25-34","2011",5259.606,,,,"R1:3513"
"EGY","BA:582","EMP_TEMP_SEX_AGE_NB","SEX_M","AGE_10YRBANDS_Y35-44","2011",4306.491,,,,"R1:3513"
"EGY","BA:582","EMP_TEMP_SEX_AGE_NB","SEX_M","AGE_10YRBANDS_Y45-54","2011",3637.673,,,,"R1:3513"
"EGY","BA:582","EMP_TEMP_SEX_AGE_NB","SEX_M","AGE_10YRBANDS_Y55-64","2011",1956.159,,,,"R1:3513"
"EGY","BA:582","EMP_TEMP_SEX_AGE_NB","SEX_M","AGE_10YRBANDS_YGE65","2011",368.956,,,,"R1:3513"
"EGY","BA:582","EMP_TEMP_SEX_AGE_NB","SEX_F","AGE_10YRBANDS_YGE15","2011",4627.125,,,,"R1:3513"
"EGY","BA:582","EMP_TEMP_SEX_AGE_NB","SEX_F","AGE_10YRBANDS_Y15-24","2011",584.842,,,,"R1:3513"
"EGY","BA:582","EMP_TEMP_SEX_AGE_NB","SEX_F","AGE_10YRBANDS_Y25-34","2011",1240.932,,,,"R1:3513"
"EGY","BA:582","EMP_TEMP_SEX_AGE_NB","SEX_F","AGE_10YRBANDS_Y35-44","2011",1233.902,,,,"R1:3513"
"EGY","BA:582","EMP_TEMP_SEX_AGE_NB","SEX_F","AGE_10YRBANDS_Y45-54","2011",1118.356,,,,"R1:3513"
"EGY","BA:582","EMP_TEMP_SEX_AGE_NB","SEX_F","AGE_10YRBANDS_Y55-64","2011",413.865,,,,"R1:3513"
"EGY","BA:582","EMP_TEMP_SEX_AGE_NB","SEX_F","AGE_10YRBANDS_YGE65","2011",35.227,,,,"R1:3513"
"EGY","BA:582","EMP_TEMP_SEX_AGE_NB","SEX_T","AGE_5YRBANDS_YGE15","2011",23345.812,,,,"R1:3513"
"EGY","BA:582","EMP_TEMP_SEX_AGE_NB","SEX_T","AGE_5YRBANDS_Y15-19","2011",1081.404,,,,"R1:3513"
"EGY","BA:582","EMP_TEMP_SEX_AGE_NB","SEX_T","AGE_5YRBANDS_Y20-24","2011",2693.241,,,,"R1:3513"
"EGY","BA:582","EMP_TEMP_SEX_AGE_NB","SEX_T","AGE_5YRBANDS_Y25-29","2011",3484.919,,,,"R1:3513"
"EGY","BA:582","EMP_TEMP_SEX_AGE_NB","SEX_T","AGE_5YRBANDS_Y30-34","2011",3015.619,,,,"R1:3513"
"EGY","BA:582","EMP_TEMP_SEX_AGE_NB","SEX_T","AGE_5YRBANDS_Y35-39","2011",2907.172,,,,"R1:3513"
"EGY","BA:582","EMP_TEMP_SEX_AGE_NB","SEX_T","AGE_5YRBANDS_Y40-44","2011",2633.221,,,,"R1:3513"
"EGY","BA:582","EMP_TEMP_SEX_AGE_NB","SEX_T","AGE_5YRBANDS_Y45-49","2011",2680.457,,,,"R1:3513"
"EGY","BA:582","EMP_TEMP_SEX_AGE_NB","SEX_T","AGE_5YRBANDS_Y50-54","2011",2075.572,,,,"R1:3513"
"EGY","BA:582","EMP_TEMP_SEX_AGE_NB","SEX_T","AGE_5YRBANDS_Y55-59","2011",1668.947,,,,"R1:3513"
"EGY","BA:582","EMP_TEMP_SEX_AGE_NB","SEX_T","AGE_5YRBANDS_Y60-64","2011",701.077,,,,"R1:3513"
"EGY","BA:582","EMP_TEMP_SEX_AGE_NB","SEX_T","AGE_5YRBANDS_YGE65","2011",404.183,,,,"R1:3513"
"EGY","BA:582","EMP_TEMP_SEX_AGE_NB","SEX_M","AGE_5YRBANDS_YGE15","2011",18718.687,,,,"R1:3513"
"EGY","BA:582","EMP_TEMP_SEX_AGE_NB","SEX_M","AGE_5YRBANDS_Y15-19","2011",939.354,,,,"R1:3513"
"EGY","BA:582","EMP_TEMP_SEX_AGE_NB","SEX_M","AGE_5YRBANDS_Y20-24","2011",2250.449,,,,"R1:3513"
"EGY","BA:582","EMP_TEMP_SEX_AGE_NB","SEX_M","AGE_5YRBANDS_Y25-29","2011",2819.335,,,,"R1:3513"
"EGY","BA:582","EMP_TEMP_SEX_AGE_NB","SEX_M","AGE_5YRBANDS_Y30-34","2011",2440.272,,,,"R1:3513"
"EGY","BA:582","EMP_TEMP_SEX_AGE_NB","SEX_M","AGE_5YRBANDS_Y35-39","2011",2260.472,,,,"R1:3513"
"EGY","BA:582","EMP_TEMP_SEX_AGE_NB","SEX_M","AGE_5YRBANDS_Y40-44","2011",2046.019,,,,"R1:3513"
"EGY","BA:582","EMP_TEMP_SEX_AGE_NB","SEX_M","AGE_5YRBANDS_Y45-49","2011",2034.332,,,,"R1:3513"
"EGY","BA:582","EMP_TEMP_SEX_AGE_NB","SEX_M","AGE_5YRBANDS_Y50-54","2011",1603.341,,,,"R1:3513"
"EGY","BA:582","EMP_TEMP_SEX_AGE_NB","SEX_M","AGE_5YRBANDS_Y55-59","2011",1351.371,,,,"R1:3513"
"EGY","BA:582","EMP_TEMP_SEX_AGE_NB","SEX_M","AGE_5YRBANDS_Y60-64","2011",604.788,,,,"R1:3513"
"EGY","BA:582","EMP_TEMP_SEX_AGE_NB","SEX_M","AGE_5YRBANDS_YGE65","2011",368.956,,,,"R1:3513"
"EGY","BA:582","EMP_TEMP_SEX_AGE_NB","SEX_F","AGE_5YRBANDS_YGE15","2011",4627.125,,,,"R1:3513"
"EGY","BA:582","EMP_TEMP_SEX_AGE_NB","SEX_F","AGE_5YRBANDS_Y15-19","2011",142.05,,,,"R1:3513"
"EGY","BA:582","EMP_TEMP_SEX_AGE_NB","SEX_F","AGE_5YRBANDS_Y20-24","2011",442.792,,,,"R1:3513"
"EGY","BA:582","EMP_TEMP_SEX_AGE_NB","SEX_F","AGE_5YRBANDS_Y25-29","2011",665.584,,,,"R1:3513"
"EGY","BA:582","EMP_TEMP_SEX_AGE_NB","SEX_F","AGE_5YRBANDS_Y30-34","2011",575.348,,,,"R1:3513"
"EGY","BA:582","EMP_TEMP_SEX_AGE_NB","SEX_F","AGE_5YRBANDS_Y35-39","2011",646.701,,,,"R1:3513"
"EGY","BA:582","EMP_TEMP_SEX_AGE_NB","SEX_F","AGE_5YRBANDS_Y40-44","2011",587.202,,,,"R1:3513"
"EGY","BA:582","EMP_TEMP_SEX_AGE_NB","SEX_F","AGE_5YRBANDS_Y45-49","2011",646.125,,,,"R1:3513"
"EGY","BA:582","EMP_TEMP_SEX_AGE_NB","SEX_F","AGE_5YRBANDS_Y50-54","2011",472.231,,,,"R1:3513"
"EGY","BA:582","EMP_TEMP_SEX_AGE_NB","SEX_F","AGE_5YRBANDS_Y55-59","2011",317.576,,,,"R1:3513"
"EGY","BA:582","EMP_TEMP_SEX_AGE_NB","SEX_F","AGE_5YRBANDS_Y60-64","2011",96.29,,,,"R1:3513"
"EGY","BA:582","EMP_TEMP_SEX_AGE_NB","SEX_F","AGE_5YRBANDS_YGE65","2011",35.227,,,,"R1:3513"
"EGY","BA:582","EMP_TEMP_SEX_AGE_NB","SEX_T","AGE_YTHADULT_YGE15","2010",23829.005,,,,"R1:3513"
"EGY","BA:582","EMP_TEMP_SEX_AGE_NB","SEX_T","AGE_YTHADULT_Y15-64","2010",23403.222,,,,"R1:3513"
"EGY","BA:582","EMP_TEMP_SEX_AGE_NB","SEX_T","AGE_YTHADULT_Y15-24","2010",4204.073,,,,"R1:3513"
"EGY","BA:582","EMP_TEMP_SEX_AGE_NB","SEX_T","AGE_YTHADULT_YGE25","2010",19624.932,,,,"R1:3513"
"EGY","BA:582","EMP_TEMP_SEX_AGE_NB","SEX_M","AGE_YTHADULT_YGE15","2010",19152.939,,,,"R1:3513"
"EGY","BA:582","EMP_TEMP_SEX_AGE_NB","SEX_M","AGE_YTHADULT_Y15-64","2010",18777.994,,,,"R1:3513"
"EGY","BA:582","EMP_TEMP_SEX_AGE_NB","SEX_M","AGE_YTHADULT_Y15-24","2010",3541.323,,,,"R1:3513"
"EGY","BA:582","EMP_TEMP_SEX_AGE_NB","SEX_M","AGE_YTHADULT_YGE25","2010",15611.616,,,,"R1:3513"
"EGY","BA:582","EMP_TEMP_SEX_AGE_NB","SEX_F","AGE_YTHADULT_YGE15","2010",4676.066,,,,"R1:3513"
"EGY","BA:582","EMP_TEMP_SEX_AGE_NB","SEX_F","AGE_YTHADULT_Y15-64","2010",4625.228,,,,"R1:3513"
"EGY","BA:582","EMP_TEMP_SEX_AGE_NB","SEX_F","AGE_YTHADULT_Y15-24","2010",662.75,,,,"R1:3513"
"EGY","BA:582","EMP_TEMP_SEX_AGE_NB","SEX_F","AGE_YTHADULT_YGE25","2010",4013.316,,,,"R1:3513"
"EGY","BA:582","EMP_TEMP_SEX_AGE_NB","SEX_T","AGE_AGGREGATE_YGE15","2010",23829.005,,,,"R1:3513"
"EGY","BA:582","EMP_TEMP_SEX_AGE_NB","SEX_T","AGE_AGGREGATE_Y15-24","2010",4204.073,,,,"R1:3513"
"EGY","BA:582","EMP_TEMP_SEX_AGE_NB","SEX_T","AGE_AGGREGATE_Y25-54","2010",16885.913,,,,"R1:3513"
"EGY","BA:582","EMP_TEMP_SEX_AGE_NB","SEX_T","AGE_AGGREGATE_Y55-64","2010",2313.236,,,,"R1:3513"
"EGY","BA:582","EMP_TEMP_SEX_AGE_NB","SEX_T","AGE_AGGREGATE_YGE65","2010",425.782,,,,"R1:3513"
"EGY","BA:582","EMP_TEMP_SEX_AGE_NB","SEX_M","AGE_AGGREGATE_YGE15","2010",19152.939,,,,"R1:3513"
"EGY","BA:582","EMP_TEMP_SEX_AGE_NB","SEX_M","AGE_AGGREGATE_Y15-24","2010",3541.323,,,,"R1:3513"
"EGY","BA:582","EMP_TEMP_SEX_AGE_NB","SEX_M","AGE_AGGREGATE_Y25-54","2010",13339.718,,,,"R1:3513"
"EGY","BA:582","EMP_TEMP_SEX_AGE_NB","SEX_M","AGE_AGGREGATE_Y55-64","2010",1896.953,,,,"R1:3513"
"EGY","BA:582","EMP_TEMP_SEX_AGE_NB","SEX_M","AGE_AGGREGATE_YGE65","2010",374.945,,,,"R1:3513"
"EGY","BA:582","EMP_TEMP_SEX_AGE_NB","SEX_F","AGE_AGGREGATE_YGE15","2010",4676.066,,,,"R1:3513"
"EGY","BA:582","EMP_TEMP_SEX_AGE_NB","SEX_F","AGE_AGGREGATE_Y15-24","2010",662.75,,,,"R1:3513"
"EGY","BA:582","EMP_TEMP_SEX_AGE_NB","SEX_F","AGE_AGGREGATE_Y25-54","2010",3546.195,,,,"R1:3513"
"EGY","BA:582","EMP_TEMP_SEX_AGE_NB","SEX_F","AGE_AGGREGATE_Y55-64","2010",416.283,,,,"R1:3513"
"EGY","BA:582","EMP_TEMP_SEX_AGE_NB","SEX_F","AGE_AGGREGATE_YGE65","2010",50.837,,,,"R1:3513"
"EGY","BA:582","EMP_TEMP_SEX_AGE_NB","SEX_T","AGE_10YRBANDS_YGE15","2010",23829.005,,,,"R1:3513"
"EGY","BA:582","EMP_TEMP_SEX_AGE_NB","SEX_T","AGE_10YRBANDS_Y15-24","2010",4204.073,,,,"R1:3513"
"EGY","BA:582","EMP_TEMP_SEX_AGE_NB","SEX_T","AGE_10YRBANDS_Y25-34","2010",6797.334,,,,"R1:3513"
"EGY","BA:582","EMP_TEMP_SEX_AGE_NB","SEX_T","AGE_10YRBANDS_Y35-44","2010",5544.205,,,,"R1:3513"
"EGY","BA:582","EMP_TEMP_SEX_AGE_NB","SEX_T","AGE_10YRBANDS_Y45-54","2010",4544.374,,,,"R1:3513"
"EGY","BA:582","EMP_TEMP_SEX_AGE_NB","SEX_T","AGE_10YRBANDS_Y55-64","2010",2313.236,,,,"R1:3513"
"EGY","BA:582","EMP_TEMP_SEX_AGE_NB","SEX_T","AGE_10YRBANDS_YGE65","2010",425.782,,,,"R1:3513"
"EGY","BA:582","EMP_TEMP_SEX_AGE_NB","SEX_M","AGE_10YRBANDS_YGE15","2010",19152.939,,,,"R1:3513"
"EGY","BA:582","EMP_TEMP_SEX_AGE_NB","SEX_M","AGE_10YRBANDS_Y15-24","2010",3541.323,,,,"R1:3513"
"EGY","BA:582","EMP_TEMP_SEX_AGE_NB","SEX_M","AGE_10YRBANDS_Y25-34","2010",5558.266,,,,"R1:3513"
"EGY","BA:582","EMP_TEMP_SEX_AGE_NB","SEX_M","AGE_10YRBANDS_Y35-44","2010",4305.611,,,,"R1:3513"
"EGY","BA:582","EMP_TEMP_SEX_AGE_NB","SEX_M","AGE_10YRBANDS_Y45-54","2010",3475.841,,,,"R1:3513"
"EGY","BA:582","EMP_TEMP_SEX_AGE_NB","SEX_M","AGE_10YRBANDS_Y55-64","2010",1896.953,,,,"R1:3513"
"EGY","BA:582","EMP_TEMP_SEX_AGE_NB","SEX_M","AGE_10YRBANDS_YGE65","2010",374.945,,,,"R1:3513"
"EGY","BA:582","EMP_TEMP_SEX_AGE_NB","SEX_F","AGE_10YRBANDS_YGE15","2010",4676.066,,,,"R1:3513"
"EGY","BA:582","EMP_TEMP_SEX_AGE_NB","SEX_F","AGE_10YRBANDS_Y15-24","2010",662.75,,,,"R1:3513"
"EGY","BA:582","EMP_TEMP_SEX_AGE_NB","SEX_F","AGE_10YRBANDS_Y25-34","2010",1239.068,,,,"R1:3513"
"EGY","BA:582","EMP_TEMP_SEX_AGE_NB","SEX_F","AGE_10YRBANDS_Y35-44","2010",1238.594,,,,"R1:3513"
"EGY","BA:582","EMP_TEMP_SEX_AGE_NB","SEX_F","AGE_10YRBANDS_Y45-54","2010",1068.533,,,,"R1:3513"
"EGY","BA:582","EMP_TEMP_SEX_AGE_NB","SEX_F","AGE_10YRBANDS_Y55-64","2010",416.283,,,,"R1:3513"
"EGY","BA:582","EMP_TEMP_SEX_AGE_NB","SEX_F","AGE_10YRBANDS_YGE65","2010",50.837,,,,"R1:3513"
"EGY","BA:582","EMP_TEMP_SEX_AGE_NB","SEX_T","AGE_5YRBANDS_YGE15","2010",23829.005,,,,"R1:3513"
"EGY","BA:582","EMP_TEMP_SEX_AGE_NB","SEX_T","AGE_5YRBANDS_Y15-19","2010",1306.223,,,,"R1:3513"
"EGY","BA:582","EMP_TEMP_SEX_AGE_NB","SEX_T","AGE_5YRBANDS_Y20-24","2010",2897.85,,,,"R1:3513"
"EGY","BA:582","EMP_TEMP_SEX_AGE_NB","SEX_T","AGE_5YRBANDS_Y25-29","2010",3760.587,,,,"R1:3513"
"EGY","BA:582","EMP_TEMP_SEX_AGE_NB","SEX_T","AGE_5YRBANDS_Y30-34","2010",3036.747,,,,"R1:3513"
"EGY","BA:582","EMP_TEMP_SEX_AGE_NB","SEX_T","AGE_5YRBANDS_Y35-39","2010",2972.589,,,,"R1:3513"
"EGY","BA:582","EMP_TEMP_SEX_AGE_NB","SEX_T","AGE_5YRBANDS_Y40-44","2010",2571.616,,,,"R1:3513"
"EGY","BA:582","EMP_TEMP_SEX_AGE_NB","SEX_T","AGE_5YRBANDS_Y45-49","2010",2563.1,,,,"R1:3513"
"EGY","BA:582","EMP_TEMP_SEX_AGE_NB","SEX_T","AGE_5YRBANDS_Y50-54","2010",1981.274,,,,"R1:3513"
"EGY","BA:582","EMP_TEMP_SEX_AGE_NB","SEX_T","AGE_5YRBANDS_Y55-59","2010",1641.477,,,,"R1:3513"
"EGY","BA:582","EMP_TEMP_SEX_AGE_NB","SEX_T","AGE_5YRBANDS_Y60-64","2010",671.759,,,,"R1:3513"
"EGY","BA:582","EMP_TEMP_SEX_AGE_NB","SEX_T","AGE_5YRBANDS_YGE65","2010",425.782,,,,"R1:3513"
"EGY","BA:582","EMP_TEMP_SEX_AGE_NB","SEX_M","AGE_5YRBANDS_YGE15","2010",19152.939,,,,"R1:3513"
"EGY","BA:582","EMP_TEMP_SEX_AGE_NB","SEX_M","AGE_5YRBANDS_Y15-19","2010",1136.391,,,,"R1:3513"
"EGY","BA:582","EMP_TEMP_SEX_AGE_NB","SEX_M","AGE_5YRBANDS_Y20-24","2010",2404.932,,,,"R1:3513"
"EGY","BA:582","EMP_TEMP_SEX_AGE_NB","SEX_M","AGE_5YRBANDS_Y25-29","2010",3083.478,,,,"R1:3513"
"EGY","BA:582","EMP_TEMP_SEX_AGE_NB","SEX_M","AGE_5YRBANDS_Y30-34","2010",2474.788,,,,"R1:3513"
"EGY","BA:582","EMP_TEMP_SEX_AGE_NB","SEX_M","AGE_5YRBANDS_Y35-39","2010",2310.253,,,,"R1:3513"
"EGY","BA:582","EMP_TEMP_SEX_AGE_NB","SEX_M","AGE_5YRBANDS_Y40-44","2010",1995.358,,,,"R1:3513"
"EGY","BA:582","EMP_TEMP_SEX_AGE_NB","SEX_M","AGE_5YRBANDS_Y45-49","2010",1941.289,,,,"R1:3513"
"EGY","BA:582","EMP_TEMP_SEX_AGE_NB","SEX_M","AGE_5YRBANDS_Y50-54","2010",1534.552,,,,"R1:3513"
"EGY","BA:582","EMP_TEMP_SEX_AGE_NB","SEX_M","AGE_5YRBANDS_Y55-59","2010",1315.834,,,,"R1:3513"
"EGY","BA:582","EMP_TEMP_SEX_AGE_NB","SEX_M","AGE_5YRBANDS_Y60-64","2010",581.118,,,,"R1:3513"
"EGY","BA:582","EMP_TEMP_SEX_AGE_NB","SEX_M","AGE_5YRBANDS_YGE65","2010",374.945,,,,"R1:3513"
"EGY","BA:582","EMP_TEMP_SEX_AGE_NB","SEX_F","AGE_5YRBANDS_YGE15","2010",4676.066,,,,"R1:3513"
"EGY","BA:582","EMP_TEMP_SEX_AGE_NB","SEX_F","AGE_5YRBANDS_Y15-19","2010",169.831,,,,"R1:3513"
"EGY","BA:582","EMP_TEMP_SEX_AGE_NB","SEX_F","AGE_5YRBANDS_Y20-24","2010",492.918,,,,"R1:3513"
"EGY","BA:582","EMP_TEMP_SEX_AGE_NB","SEX_F","AGE_5YRBANDS_Y25-29","2010",677.109,,,,"R1:3513"
"EGY","BA:582","EMP_TEMP_SEX_AGE_NB","SEX_F","AGE_5YRBANDS_Y30-34","2010",561.959,,,,"R1:3513"
"EGY","BA:582","EMP_TEMP_SEX_AGE_NB","SEX_F","AGE_5YRBANDS_Y35-39","2010",662.337,,,,"R1:3513"
"EGY","BA:582","EMP_TEMP_SEX_AGE_NB","SEX_F","AGE_5YRBANDS_Y40-44","2010",576.258,,,,"R1:3513"
"EGY","BA:582","EMP_TEMP_SEX_AGE_NB","SEX_F","AGE_5YRBANDS_Y45-49","2010",621.811,,,,"R1:3513"
"EGY","BA:582","EMP_TEMP_SEX_AGE_NB","SEX_F","AGE_5YRBANDS_Y50-54","2010",446.722,,,,"R1:3513"
"EGY","BA:582","EMP_TEMP_SEX_AGE_NB","SEX_F","AGE_5YRBANDS_Y55-59","2010",325.642,,,,"R1:3513"
"EGY","BA:582","EMP_TEMP_SEX_AGE_NB","SEX_F","AGE_5YRBANDS_Y60-64","2010",90.641,,,,"R1:3513"
"EGY","BA:582","EMP_TEMP_SEX_AGE_NB","SEX_F","AGE_5YRBANDS_YGE65","2010",50.837,,,,"R1:3513"
"EGY","BA:582","EMP_TEMP_SEX_AGE_NB","SEX_T","AGE_YTHADULT_YGE15","2009",22975.292,,,,"R1:3513"
"EGY","BA:582","EMP_TEMP_SEX_AGE_NB","SEX_T","AGE_YTHADULT_Y15-64","2009",22563.607,,,,"R1:3513"
"EGY","BA:582","EMP_TEMP_SEX_AGE_NB","SEX_T","AGE_YTHADULT_Y15-24","2009",4357.288,,,,"R1:3513"
"EGY","BA:582","EMP_TEMP_SEX_AGE_NB","SEX_T","AGE_YTHADULT_YGE25","2009",18618.004,,,,"R1:3513"
"EGY","BA:582","EMP_TEMP_SEX_AGE_NB","SEX_M","AGE_YTHADULT_YGE15","2009",18396.978,,,,"R1:3513"
"EGY","BA:582","EMP_TEMP_SEX_AGE_NB","SEX_M","AGE_YTHADULT_Y15-64","2009",18028.403,,,,"R1:3513"
"EGY","BA:582","EMP_TEMP_SEX_AGE_NB","SEX_M","AGE_YTHADULT_Y15-24","2009",3729.153,,,,"R1:3513"
"EGY","BA:582","EMP_TEMP_SEX_AGE_NB","SEX_M","AGE_YTHADULT_YGE25","2009",14667.826,,,,"R1:3513"
"EGY","BA:582","EMP_TEMP_SEX_AGE_NB","SEX_F","AGE_YTHADULT_YGE15","2009",4578.314,,,,"R1:3513"
"EGY","BA:582","EMP_TEMP_SEX_AGE_NB","SEX_F","AGE_YTHADULT_Y15-64","2009",4535.203,,,,"R1:3513"
"EGY","BA:582","EMP_TEMP_SEX_AGE_NB","SEX_F","AGE_YTHADULT_Y15-24","2009",628.135,,,,"R1:3513"
"EGY","BA:582","EMP_TEMP_SEX_AGE_NB","SEX_F","AGE_YTHADULT_YGE25","2009",3950.179,,,,"R1:3513"
"EGY","BA:582","EMP_TEMP_SEX_AGE_NB","SEX_T","AGE_AGGREGATE_YGE15","2009",22975.292,,,,"R1:3513"
"EGY","BA:582","EMP_TEMP_SEX_AGE_NB","SEX_T","AGE_AGGREGATE_Y15-24","2009",4357.288,,,,"R1:3513"
"EGY","BA:582","EMP_TEMP_SEX_AGE_NB","SEX_T","AGE_AGGREGATE_Y25-54","2009",15817.35,,,,"R1:3513"
"EGY","BA:582","EMP_TEMP_SEX_AGE_NB","SEX_T","AGE_AGGREGATE_Y55-64","2009",2388.969,,,,"R1:3513"
"EGY","BA:582","EMP_TEMP_SEX_AGE_NB","SEX_T","AGE_AGGREGATE_YGE65","2009",411.686,,,,"R1:3513"
"EGY","BA:582","EMP_TEMP_SEX_AGE_NB","SEX_M","AGE_AGGREGATE_YGE15","2009",18396.978,,,,"R1:3513"
"EGY","BA:582","EMP_TEMP_SEX_AGE_NB","SEX_M","AGE_AGGREGATE_Y15-24","2009",3729.153,,,,"R1:3513"
"EGY","BA:582","EMP_TEMP_SEX_AGE_NB","SEX_M","AGE_AGGREGATE_Y25-54","2009",12340.611,,,,"R1:3513"
"EGY","BA:582","EMP_TEMP_SEX_AGE_NB","SEX_M","AGE_AGGREGATE_Y55-64","2009",1958.64,,,,"R1:3513"
"EGY","BA:582","EMP_TEMP_SEX_AGE_NB","SEX_M","AGE_AGGREGATE_YGE65","2009",368.575,,,,"R1:3513"
"EGY","BA:582","EMP_TEMP_SEX_AGE_NB","SEX_F","AGE_AGGREGATE_YGE15","2009",4578.314,,,,"R1:3513"
"EGY","BA:582","EMP_TEMP_SEX_AGE_NB","SEX_F","AGE_AGGREGATE_Y15-24","2009",628.135,,,,"R1:3513"
"EGY","BA:582","EMP_TEMP_SEX_AGE_NB","SEX_F","AGE_AGGREGATE_Y25-54","2009",3476.739,,,,"R1:3513"
"EGY","BA:582","EMP_TEMP_SEX_AGE_NB","SEX_F","AGE_AGGREGATE_Y55-64","2009",430.329,,,,"R1:3513"
"EGY","BA:582","EMP_TEMP_SEX_AGE_NB","SEX_F","AGE_AGGREGATE_YGE65","2009",43.111,,,,"R1:3513"
"EGY","BA:582","EMP_TEMP_SEX_AGE_NB","SEX_T","AGE_10YRBANDS_YGE15","2009",22975.292,,,,"R1:3513"
"EGY","BA:582","EMP_TEMP_SEX_AGE_NB","SEX_T","AGE_10YRBANDS_Y15-24","2009",4357.288,,,,"R1:3513"
"EGY","BA:582","EMP_TEMP_SEX_AGE_NB","SEX_T","AGE_10YRBANDS_Y25-34","2009",5478.027,,,,"R1:3513"
"EGY","BA:582","EMP_TEMP_SEX_AGE_NB","SEX_T","AGE_10YRBANDS_Y35-44","2009",5511.013,,,,"R1:3513"
"EGY","BA:582","EMP_TEMP_SEX_AGE_NB","SEX_T","AGE_10YRBANDS_Y45-54","2009",4828.31,,,,"R1:3513"
"EGY","BA:582","EMP_TEMP_SEX_AGE_NB","SEX_T","AGE_10YRBANDS_Y55-64","2009",2388.969,,,,"R1:3513"
"EGY","BA:582","EMP_TEMP_SEX_AGE_NB","SEX_T","AGE_10YRBANDS_YGE65","2009",411.686,,,,"R1:3513"
"EGY","BA:582","EMP_TEMP_SEX_AGE_NB","SEX_M","AGE_10YRBANDS_YGE15","2009",18396.978,,,,"R1:3513"
"EGY","BA:582","EMP_TEMP_SEX_AGE_NB","SEX_M","AGE_10YRBANDS_Y15-24","2009",3729.153,,,,"R1:3513"
"EGY","BA:582","EMP_TEMP_SEX_AGE_NB","SEX_M","AGE_10YRBANDS_Y25-34","2009",4319.001,,,,"R1:3513"
"EGY","BA:582","EMP_TEMP_SEX_AGE_NB","SEX_M","AGE_10YRBANDS_Y35-44","2009",4247.426,,,,"R1:3513"
"EGY","BA:582","EMP_TEMP_SEX_AGE_NB","SEX_M","AGE_10YRBANDS_Y45-54","2009",3774.183,,,,"R1:3513"
"EGY","BA:582","EMP_TEMP_SEX_AGE_NB","SEX_M","AGE_10YRBANDS_Y55-64","2009",1958.64,,,,"R1:3513"
"EGY","BA:582","EMP_TEMP_SEX_AGE_NB","SEX_M","AGE_10YRBANDS_YGE65","2009",368.575,,,,"R1:3513"
"EGY","BA:582","EMP_TEMP_SEX_AGE_NB","SEX_F","AGE_10YRBANDS_YGE15","2009",4578.314,,,,"R1:3513"
"EGY","BA:582","EMP_TEMP_SEX_AGE_NB","SEX_F","AGE_10YRBANDS_Y15-24","2009",628.135,,,,"R1:3513"
"EGY","BA:582","EMP_TEMP_SEX_AGE_NB","SEX_F","AGE_10YRBANDS_Y25-34","2009",1159.026,,,,"R1:3513"
"EGY","BA:582","EMP_TEMP_SEX_AGE_NB","SEX_F","AGE_10YRBANDS_Y35-44","2009",1263.586,,,,"R1:3513"
"EGY","BA:582","EMP_TEMP_SEX_AGE_NB","SEX_F","AGE_10YRBANDS_Y45-54","2009",1054.127,,,,"R1:3513"
"EGY","BA:582","EMP_TEMP_SEX_AGE_NB","SEX_F","AGE_10YRBANDS_Y55-64","2009",430.329,,,,"R1:3513"
"EGY","BA:582","EMP_TEMP_SEX_AGE_NB","SEX_F","AGE_10YRBANDS_YGE65","2009",43.111,,,,"R1:3513"
"EGY","BA:582","EMP_TEMP_SEX_AGE_NB","SEX_T","AGE_5YRBANDS_YGE15","2009",22975.292,,,,"R1:3513"
"EGY","BA:582","EMP_TEMP_SEX_AGE_NB","SEX_T","AGE_5YRBANDS_Y15-19","2009",1364.585,,,,"R1:3513"
"EGY","BA:582","EMP_TEMP_SEX_AGE_NB","SEX_T","AGE_5YRBANDS_Y20-24","2009",2992.703,,,,"R1:3513"
"EGY","BA:582","EMP_TEMP_SEX_AGE_NB","SEX_T","AGE_5YRBANDS_Y25-29","2009",2989.641,,,,"R1:3513"
"EGY","BA:582","EMP_TEMP_SEX_AGE_NB","SEX_T","AGE_5YRBANDS_Y30-34","2009",2488.386,,,,"R1:3513"
"EGY","BA:582","EMP_TEMP_SEX_AGE_NB","SEX_T","AGE_5YRBANDS_Y35-39","2009",2800.495,,,,"R1:3513"
"EGY","BA:582","EMP_TEMP_SEX_AGE_NB","SEX_T","AGE_5YRBANDS_Y40-44","2009",2710.519,,,,"R1:3513"
"EGY","BA:582","EMP_TEMP_SEX_AGE_NB","SEX_T","AGE_5YRBANDS_Y45-49","2009",2732.561,,,,"R1:3513"
"EGY","BA:582","EMP_TEMP_SEX_AGE_NB","SEX_T","AGE_5YRBANDS_Y50-54","2009",2095.749,,,,"R1:3513"
"EGY","BA:582","EMP_TEMP_SEX_AGE_NB","SEX_T","AGE_5YRBANDS_Y55-59","2009",1698.471,,,,"R1:3513"
"EGY","BA:582","EMP_TEMP_SEX_AGE_NB","SEX_T","AGE_5YRBANDS_Y60-64","2009",690.498,,,,"R1:3513"
"EGY","BA:582","EMP_TEMP_SEX_AGE_NB","SEX_T","AGE_5YRBANDS_YGE65","2009",411.686,,,,"R1:3513"
"EGY","BA:582","EMP_TEMP_SEX_AGE_NB","SEX_M","AGE_5YRBANDS_YGE15","2009",18396.978,,,,"R1:3513"
"EGY","BA:582","EMP_TEMP_SEX_AGE_NB","SEX_M","AGE_5YRBANDS_Y15-19","2009",1184.56,,,,"R1:3513"
"EGY","BA:582","EMP_TEMP_SEX_AGE_NB","SEX_M","AGE_5YRBANDS_Y20-24","2009",2544.592,,,,"R1:3513"
"EGY","BA:582","EMP_TEMP_SEX_AGE_NB","SEX_M","AGE_5YRBANDS_Y25-29","2009",2396.109,,,,"R1:3513"
"EGY","BA:582","EMP_TEMP_SEX_AGE_NB","SEX_M","AGE_5YRBANDS_Y30-34","2009",1922.892,,,,"R1:3513"
"EGY","BA:582","EMP_TEMP_SEX_AGE_NB","SEX_M","AGE_5YRBANDS_Y35-39","2009",2130.53,,,,"R1:3513"
"EGY","BA:582","EMP_TEMP_SEX_AGE_NB","SEX_M","AGE_5YRBANDS_Y40-44","2009",2116.896,,,,"R1:3513"
"EGY","BA:582","EMP_TEMP_SEX_AGE_NB","SEX_M","AGE_5YRBANDS_Y45-49","2009",2076.9,,,,"R1:3513"
"EGY","BA:582","EMP_TEMP_SEX_AGE_NB","SEX_M","AGE_5YRBANDS_Y50-54","2009",1697.284,,,,"R1:3513"
"EGY","BA:582","EMP_TEMP_SEX_AGE_NB","SEX_M","AGE_5YRBANDS_Y55-59","2009",1366.953,,,,"R1:3513"
"EGY","BA:582","EMP_TEMP_SEX_AGE_NB","SEX_M","AGE_5YRBANDS_Y60-64","2009",591.686,,,,"R1:3513"
"EGY","BA:582","EMP_TEMP_SEX_AGE_NB","SEX_M","AGE_5YRBANDS_YGE65","2009",368.575,,,,"R1:3513"
"EGY","BA:582","EMP_TEMP_SEX_AGE_NB","SEX_F","AGE_5YRBANDS_YGE15","2009",4578.314,,,,"R1:3513"
"EGY","BA:582","EMP_TEMP_SEX_AGE_NB","SEX_F","AGE_5YRBANDS_Y15-19","2009",180.024,,,,"R1:3513"
"EGY","BA:582","EMP_TEMP_SEX_AGE_NB","SEX_F","AGE_5YRBANDS_Y20-24","2009",448.111,,,,"R1:3513"
"EGY","BA:582","EMP_TEMP_SEX_AGE_NB","SEX_F","AGE_5YRBANDS_Y25-29","2009",593.531,,,,"R1:3513"
"EGY","BA:582","EMP_TEMP_SEX_AGE_NB","SEX_F","AGE_5YRBANDS_Y30-34","2009",565.494,,,,"R1:3513"
"EGY","BA:582","EMP_TEMP_SEX_AGE_NB","SEX_F","AGE_5YRBANDS_Y35-39","2009",669.964,,,,"R1:3513"
"EGY","BA:582","EMP_TEMP_SEX_AGE_NB","SEX_F","AGE_5YRBANDS_Y40-44","2009",593.622,,,,"R1:3513"
"EGY","BA:582","EMP_TEMP_SEX_AGE_NB","SEX_F","AGE_5YRBANDS_Y45-49","2009",655.661,,,,"R1:3513"
"EGY","BA:582","EMP_TEMP_SEX_AGE_NB","SEX_F","AGE_5YRBANDS_Y50-54","2009",398.466,,,,"R1:3513"
"EGY","BA:582","EMP_TEMP_SEX_AGE_NB","SEX_F","AGE_5YRBANDS_Y55-59","2009",331.517,,,,"R1:3513"
"EGY","BA:582","EMP_TEMP_SEX_AGE_NB","SEX_F","AGE_5YRBANDS_Y60-64","2009",98.812,,,,"R1:3513"
"EGY","BA:582","EMP_TEMP_SEX_AGE_NB","SEX_F","AGE_5YRBANDS_YGE65","2009",43.111,,,,"R1:3513"
"EGY","BA:582","EMP_TEMP_SEX_AGE_NB","SEX_T","AGE_YTHADULT_YGE15","2008",22507.311,"B",,"I11:264","R1:3513"
"EGY","BA:582","EMP_TEMP_SEX_AGE_NB","SEX_T","AGE_YTHADULT_Y15-64","2008",22155.069,"B",,"I11:264","R1:3513"
"EGY","BA:582","EMP_TEMP_SEX_AGE_NB","SEX_T","AGE_YTHADULT_Y15-24","2008",4367.842,"B",,"I11:264","R1:3513"
"EGY","BA:582","EMP_TEMP_SEX_AGE_NB","SEX_T","AGE_YTHADULT_YGE25","2008",18139.469,"B",,"I11:264","R1:3513"
"EGY","BA:582","EMP_TEMP_SEX_AGE_NB","SEX_M","AGE_YTHADULT_YGE15","2008",18041.573,"B",,"I11:264","R1:3513"
"EGY","BA:582","EMP_TEMP_SEX_AGE_NB","SEX_M","AGE_YTHADULT_Y15-64","2008",17721.24,"B",,"I11:264","R1:3513"
"EGY","BA:582","EMP_TEMP_SEX_AGE_NB","SEX_M","AGE_YTHADULT_Y15-24","2008",3737.339,"B",,"I11:264","R1:3513"
"EGY","BA:582","EMP_TEMP_SEX_AGE_NB","SEX_M","AGE_YTHADULT_YGE25","2008",14304.234,"B",,"I11:264","R1:3513"
"EGY","BA:582","EMP_TEMP_SEX_AGE_NB","SEX_F","AGE_YTHADULT_YGE15","2008",4465.739,"B",,"I11:264","R1:3513"
"EGY","BA:582","EMP_TEMP_SEX_AGE_NB","SEX_F","AGE_YTHADULT_Y15-64","2008",4433.829,"B",,"I11:264","R1:3513"
"EGY","BA:582","EMP_TEMP_SEX_AGE_NB","SEX_F","AGE_YTHADULT_Y15-24","2008",630.503,"B",,"I11:264","R1:3513"
"EGY","BA:582","EMP_TEMP_SEX_AGE_NB","SEX_F","AGE_YTHADULT_YGE25","2008",3835.235,"B",,"I11:264","R1:3513"
"EGY","BA:582","EMP_TEMP_SEX_AGE_NB","SEX_T","AGE_AGGREGATE_YGE15","2008",22507.311,"B",,"I11:264","R1:3513"
"EGY","BA:582","EMP_TEMP_SEX_AGE_NB","SEX_T","AGE_AGGREGATE_Y15-24","2008",4367.842,"B",,"I11:264","R1:3513"
"EGY","BA:582","EMP_TEMP_SEX_AGE_NB","SEX_T","AGE_AGGREGATE_Y25-54","2008",15552.206,"B",,"I11:264","R1:3513"
"EGY","BA:582","EMP_TEMP_SEX_AGE_NB","SEX_T","AGE_AGGREGATE_Y55-64","2008",2235.022,"B",,"I11:264","R1:3513"
"EGY","BA:582","EMP_TEMP_SEX_AGE_NB","SEX_T","AGE_AGGREGATE_YGE65","2008",352.242,"B",,"I11:264","R1:3513"
"EGY","BA:582","EMP_TEMP_SEX_AGE_NB","SEX_M","AGE_AGGREGATE_YGE15","2008",18041.573,"B",,"I11:264","R1:3513"
"EGY","BA:582","EMP_TEMP_SEX_AGE_NB","SEX_M","AGE_AGGREGATE_Y15-24","2008",3737.339,"B",,"I11:264","R1:3513"
"EGY","BA:582","EMP_TEMP_SEX_AGE_NB","SEX_M","AGE_AGGREGATE_Y25-54","2008",12099.428,"B",,"I11:264","R1:3513"
"EGY","BA:582","EMP_TEMP_SEX_AGE_NB","SEX_M","AGE_AGGREGATE_Y55-64","2008",1884.473,"B",,"I11:264","R1:3513"
"EGY","BA:582","EMP_TEMP_SEX_AGE_NB","SEX_M","AGE_AGGREGATE_YGE65","2008",320.333,"B",,"I11:264","R1:3513"
"EGY","BA:582","EMP_TEMP_SEX_AGE_NB","SEX_F","AGE_AGGREGATE_YGE15","2008",4465.739,"B",,"I11:264","R1:3513"
"EGY","BA:582","EMP_TEMP_SEX_AGE_NB","SEX_F","AGE_AGGREGATE_Y15-24","2008",630.503,"B",,"I11:264","R1:3513"
"EGY","BA:582","EMP_TEMP_SEX_AGE_NB","SEX_F","AGE_AGGREGATE_Y25-54","2008",3452.778,"B",,"I11:264","R1:3513"
"EGY","BA:582","EMP_TEMP_SEX_AGE_NB","SEX_F","AGE_AGGREGATE_Y55-64","2008",350.548,"B",,"I11:264","R1:3513"
"EGY","BA:582","EMP_TEMP_SEX_AGE_NB","SEX_F","AGE_AGGREGATE_YGE65","2008",31.909,"B",,"I11:264","R1:3513"
"EGY","BA:582","EMP_TEMP_SEX_AGE_NB","SEX_T","AGE_10YRBANDS_YGE15","2008",22507.311,"B",,"I11:264","R1:3513"
"EGY","BA:582","EMP_TEMP_SEX_AGE_NB","SEX_T","AGE_10YRBANDS_Y15-24","2008",4367.842,"B",,"I11:264","R1:3513"
"EGY","BA:582","EMP_TEMP_SEX_AGE_NB","SEX_T","AGE_10YRBANDS_Y25-34","2008",5379.926,"B",,"I11:264","R1:3513"
"EGY","BA:582","EMP_TEMP_SEX_AGE_NB","SEX_T","AGE_10YRBANDS_Y35-44","2008",5456.903,"B",,"I11:264","R1:3513"
"EGY","BA:582","EMP_TEMP_SEX_AGE_NB","SEX_T","AGE_10YRBANDS_Y45-54","2008",4715.377,"B",,"I11:264","R1:3513"
"EGY","BA:582","EMP_TEMP_SEX_AGE_NB","SEX_T","AGE_10YRBANDS_Y55-64","2008",2235.022,"B",,"I11:264","R1:3513"
"EGY","BA:582","EMP_TEMP_SEX_AGE_NB","SEX_T","AGE_10YRBANDS_YGE65","2008",352.242,"B",,"I11:264","R1:3513"
"EGY","BA:582","EMP_TEMP_SEX_AGE_NB","SEX_M","AGE_10YRBANDS_YGE15","2008",18041.573,"B",,"I11:264","R1:3513"
"EGY","BA:582","EMP_TEMP_SEX_AGE_NB","SEX_M","AGE_10YRBANDS_Y15-24","2008",3737.339,"B",,"I11:264","R1:3513"
"EGY","BA:582","EMP_TEMP_SEX_AGE_NB","SEX_M","AGE_10YRBANDS_Y25-34","2008",4265.742,"B",,"I11:264","R1:3513"
"EGY","BA:582","EMP_TEMP_SEX_AGE_NB","SEX_M","AGE_10YRBANDS_Y35-44","2008",4178.063,"B",,"I11:264","R1:3513"
"EGY","BA:582","EMP_TEMP_SEX_AGE_NB","SEX_M","AGE_10YRBANDS_Y45-54","2008",3655.623,"B",,"I11:264","R1:3513"
"EGY","BA:582","EMP_TEMP_SEX_AGE_NB","SEX_M","AGE_10YRBANDS_Y55-64","2008",1884.473,"B",,"I11:264","R1:3513"
"EGY","BA:582","EMP_TEMP_SEX_AGE_NB","SEX_M","AGE_10YRBANDS_YGE65","2008",320.333,"B",,"I11:264","R1:3513"
"EGY","BA:582","EMP_TEMP_SEX_AGE_NB","SEX_F","AGE_10YRBANDS_YGE15","2008",4465.739,"B",,"I11:264","R1:3513"
"EGY","BA:582","EMP_TEMP_SEX_AGE_NB","SEX_F","AGE_10YRBANDS_Y15-24","2008",630.503,"B",,"I11:264","R1:3513"
"EGY","BA:582","EMP_TEMP_SEX_AGE_NB","SEX_F","AGE_10YRBANDS_Y25-34","2008",1114.184,"B",,"I11:264","R1:3513"
"EGY","BA:582","EMP_TEMP_SEX_AGE_NB","SEX_F","AGE_10YRBANDS_Y35-44","2008",1278.84,"B",,"I11:264","R1:3513"
"EGY","BA:582","EMP_TEMP_SEX_AGE_NB","SEX_F","AGE_10YRBANDS_Y45-54","2008",1059.754,"B",,"I11:264","R1:3513"
"EGY","BA:582","EMP_TEMP_SEX_AGE_NB","SEX_F","AGE_10YRBANDS_Y55-64","2008",350.548,"B",,"I11:264","R1:3513"
"EGY","BA:582","EMP_TEMP_SEX_AGE_NB","SEX_F","AGE_10YRBANDS_YGE65","2008",31.909,"B",,"I11:264","R1:3513"
"EGY","BA:582","EMP_TEMP_SEX_AGE_NB","SEX_T","AGE_5YRBANDS_YGE15","2008",22507.311,"B",,"I11:264","R1:3513"
"EGY","BA:582","EMP_TEMP_SEX_AGE_NB","SEX_T","AGE_5YRBANDS_Y15-19","2008",1411.501,"B",,"I11:264","R1:3513"
"EGY","BA:582","EMP_TEMP_SEX_AGE_NB","SEX_T","AGE_5YRBANDS_Y20-24","2008",2956.34,"B",,"I11:264","R1:3513"
"EGY","BA:582","EMP_TEMP_SEX_AGE_NB","SEX_T","AGE_5YRBANDS_Y25-29","2008",2971.187,"B",,"I11:264","R1:3513"
"EGY","BA:582","EMP_TEMP_SEX_AGE_NB","SEX_T","AGE_5YRBANDS_Y30-34","2008",2408.739,"B",,"I11:264","R1:3513"
"EGY","BA:582","EMP_TEMP_SEX_AGE_NB","SEX_T","AGE_5YRBANDS_Y35-39","2008",2704.16,"B",,"I11:264","R1:3513"
"EGY","BA:582","EMP_TEMP_SEX_AGE_NB","SEX_T","AGE_5YRBANDS_Y40-44","2008",2752.743,"B",,"I11:264","R1:3513"
"EGY","BA:582","EMP_TEMP_SEX_AGE_NB","SEX_T","AGE_5YRBANDS_Y45-49","2008",2656.353,"B",,"I11:264","R1:3513"
"EGY","BA:582","EMP_TEMP_SEX_AGE_NB","SEX_T","AGE_5YRBANDS_Y50-54","2008",2059.023,"B",,"I11:264","R1:3513"
"EGY","BA:582","EMP_TEMP_SEX_AGE_NB","SEX_T","AGE_5YRBANDS_Y55-59","2008",1577.613,"B",,"I11:264","R1:3513"
"EGY","BA:582","EMP_TEMP_SEX_AGE_NB","SEX_T","AGE_5YRBANDS_Y60-64","2008",657.409,"B",,"I11:264","R1:3513"
"EGY","BA:582","EMP_TEMP_SEX_AGE_NB","SEX_T","AGE_5YRBANDS_YGE65","2008",352.242,"B",,"I11:264","R1:3513"
"EGY","BA:582","EMP_TEMP_SEX_AGE_NB","SEX_M","AGE_5YRBANDS_YGE15","2008",18041.573,"B",,"I11:264","R1:3513"
"EGY","BA:582","EMP_TEMP_SEX_AGE_NB","SEX_M","AGE_5YRBANDS_Y15-19","2008",1225.08,"B",,"I11:264","R1:3513"
"EGY","BA:582","EMP_TEMP_SEX_AGE_NB","SEX_M","AGE_5YRBANDS_Y20-24","2008",2512.259,"B",,"I11:264","R1:3513"
"EGY","BA:582","EMP_TEMP_SEX_AGE_NB","SEX_M","AGE_5YRBANDS_Y25-29","2008",2387.78,"B",,"I11:264","R1:3513"
"EGY","BA:582","EMP_TEMP_SEX_AGE_NB","SEX_M","AGE_5YRBANDS_Y30-34","2008",1877.962,"B",,"I11:264","R1:3513"
"EGY","BA:582","EMP_TEMP_SEX_AGE_NB","SEX_M","AGE_5YRBANDS_Y35-39","2008",2092.692,"B",,"I11:264","R1:3513"
"EGY","BA:582","EMP_TEMP_SEX_AGE_NB","SEX_M","AGE_5YRBANDS_Y40-44","2008",2085.371,"B",,"I11:264","R1:3513"
"EGY","BA:582","EMP_TEMP_SEX_AGE_NB","SEX_M","AGE_5YRBANDS_Y45-49","2008",2037.188,"B",,"I11:264","R1:3513"
"EGY","BA:582","EMP_TEMP_SEX_AGE_NB","SEX_M","AGE_5YRBANDS_Y50-54","2008",1618.435,"B",,"I11:264","R1:3513"
"EGY","BA:582","EMP_TEMP_SEX_AGE_NB","SEX_M","AGE_5YRBANDS_Y55-59","2008",1325.087,"B",,"I11:264","R1:3513"
"EGY","BA:582","EMP_TEMP_SEX_AGE_NB","SEX_M","AGE_5YRBANDS_Y60-64","2008",559.386,"B",,"I11:264","R1:3513"
"EGY","BA:582","EMP_TEMP_SEX_AGE_NB","SEX_M","AGE_5YRBANDS_YGE65","2008",320.333,"B",,"I11:264","R1:3513"
"EGY","BA:582","EMP_TEMP_SEX_AGE_NB","SEX_F","AGE_5YRBANDS_YGE15","2008",4465.739,"B",,"I11:264","R1:3513"
"EGY","BA:582","EMP_TEMP_SEX_AGE_NB","SEX_F","AGE_5YRBANDS_Y15-19","2008",186.422,"B",,"I11:264","R1:3513"
"EGY","BA:582","EMP_TEMP_SEX_AGE_NB","SEX_F","AGE_5YRBANDS_Y20-24","2008",444.082,"B",,"I11:264","R1:3513"
"EGY","BA:582","EMP_TEMP_SEX_AGE_NB","SEX_F","AGE_5YRBANDS_Y25-29","2008",583.407,"B",,"I11:264","R1:3513"
"EGY","BA:582","EMP_TEMP_SEX_AGE_NB","SEX_F","AGE_5YRBANDS_Y30-34","2008",530.777,"B",,"I11:264","R1:3513"
"EGY","BA:582","EMP_TEMP_SEX_AGE_NB","SEX_F","AGE_5YRBANDS_Y35-39","2008",611.468,"B",,"I11:264","R1:3513"
"EGY","BA:582","EMP_TEMP_SEX_AGE_NB","SEX_F","AGE_5YRBANDS_Y40-44","2008",667.372,"B",,"I11:264","R1:3513"
"EGY","BA:582","EMP_TEMP_SEX_AGE_NB","SEX_F","AGE_5YRBANDS_Y45-49","2008",619.165,"B",,"I11:264","R1:3513"
"EGY","BA:582","EMP_TEMP_SEX_AGE_NB","SEX_F","AGE_5YRBANDS_Y50-54","2008",440.589,"B",,"I11:264","R1:3513"
"EGY","BA:582","EMP_TEMP_SEX_AGE_NB","SEX_F","AGE_5YRBANDS_Y55-59","2008",252.526,"B",,"I11:264","R1:3513"
"EGY","BA:582","EMP_TEMP_SEX_AGE_NB","SEX_F","AGE_5YRBANDS_Y60-64","2008",98.023,"B",,"I11:264","R1:3513"
"EGY","BA:582","EMP_TEMP_SEX_AGE_NB","SEX_F","AGE_5YRBANDS_YGE65","2008",31.909,"B",,"I11:264","R1:3513"
"EGY","BA:582","EMP_TEMP_SEX_AGE_NB","SEX_T","AGE_YTHADULT_YGE15","2007",22115.7,,,,"S5:41_T3:94"
"EGY","BA:582","EMP_TEMP_SEX_AGE_NB","SEX_T","AGE_YTHADULT_Y15-24","2007",4072.4,,,,"S5:41_T3:94"
"EGY","BA:582","EMP_TEMP_SEX_AGE_NB","SEX_T","AGE_YTHADULT_YGE25","2007",18043.3,,,,"S5:41_T3:94"
"EGY","BA:582","EMP_TEMP_SEX_AGE_NB","SEX_M","AGE_YTHADULT_YGE15","2007",17433.5,,,,"S5:41_T3:94"
"EGY","BA:582","EMP_TEMP_SEX_AGE_NB","SEX_M","AGE_YTHADULT_Y15-24","2007",3371.5,,,,"S5:41_T3:94"
"EGY","BA:582","EMP_TEMP_SEX_AGE_NB","SEX_M","AGE_YTHADULT_YGE25","2007",14062,,,,"S5:41_T3:94"
"EGY","BA:582","EMP_TEMP_SEX_AGE_NB","SEX_F","AGE_YTHADULT_YGE15","2007",4682.2,,,,"S5:41_T3:94"
"EGY","BA:582","EMP_TEMP_SEX_AGE_NB","SEX_F","AGE_YTHADULT_Y15-24","2007",700.9,,,,"S5:41_T3:94"
"EGY","BA:582","EMP_TEMP_SEX_AGE_NB","SEX_F","AGE_YTHADULT_YGE25","2007",3981.3,,,,"S5:41_T3:94"
"EGY","BA:582","EMP_TEMP_SEX_AGE_NB","SEX_T","AGE_10YRBANDS_YGE15","2007",22115.7,,,,"S5:41_T3:94"
"EGY","BA:582","EMP_TEMP_SEX_AGE_NB","SEX_T","AGE_10YRBANDS_Y15-24","2007",4072.4,,,,"S5:41_T3:94"
"EGY","BA:582","EMP_TEMP_SEX_AGE_NB","SEX_T","AGE_10YRBANDS_Y25-34","2007",8101,,,,"S5:41_T3:94"
"EGY","BA:582","EMP_TEMP_SEX_AGE_NB","SEX_M","AGE_10YRBANDS_YGE15","2007",17433.5,,,,"S5:41_T3:94"
"EGY","BA:582","EMP_TEMP_SEX_AGE_NB","SEX_M","AGE_10YRBANDS_Y15-24","2007",3371.5,,,,"S5:41_T3:94"
"EGY","BA:582","EMP_TEMP_SEX_AGE_NB","SEX_M","AGE_10YRBANDS_Y25-34","2007",6255.5,,,,"S5:41_T3:94"
"EGY","BA:582","EMP_TEMP_SEX_AGE_NB","SEX_F","AGE_10YRBANDS_YGE15","2007",4682.2,,,,"S5:41_T3:94"
"EGY","BA:582","EMP_TEMP_SEX_AGE_NB","SEX_F","AGE_10YRBANDS_Y15-24","2007",700.9,,,,"S5:41_T3:94"
"EGY","BA:582","EMP_TEMP_SEX_AGE_NB","SEX_F","AGE_10YRBANDS_Y25-34","2007",1845.5,,,,"S5:41_T3:94"
"EGY","BA:582","EMP_TEMP_SEX_AGE_NB","SEX_T","AGE_5YRBANDS_YGE15","2007",22115.7,,,,"S5:41_T3:94"
"EGY","BA:582","EMP_TEMP_SEX_AGE_NB","SEX_T","AGE_5YRBANDS_Y15-19","2007",1401.5,,,,"S5:41_T3:94"
"EGY","BA:582","EMP_TEMP_SEX_AGE_NB","SEX_T","AGE_5YRBANDS_Y20-24","2007",2670.9,,,,"S5:41_T3:94"
"EGY","BA:582","EMP_TEMP_SEX_AGE_NB","SEX_T","AGE_5YRBANDS_Y25-29","2007",2766.4,,,,"S5:41_T3:94"
"EGY","BA:582","EMP_TEMP_SEX_AGE_NB","SEX_T","AGE_5YRBANDS_Y30-34","2007",5334.6,,"C6:1629",,"S5:41_T3:94"
"EGY","BA:582","EMP_TEMP_SEX_AGE_NB","SEX_T","AGE_5YRBANDS_Y40-44","2007",5441.5,,"C6:1630",,"S5:41_T3:94"
"EGY","BA:582","EMP_TEMP_SEX_AGE_NB","SEX_T","AGE_5YRBANDS_Y50-54","2007",3516.3,,"C6:1631",,"S5:41_T3:94"
"EGY","BA:582","EMP_TEMP_SEX_AGE_NB","SEX_M","AGE_5YRBANDS_YGE15","2007",17433.5,,,,"S5:41_T3:94"
"EGY","BA:582","EMP_TEMP_SEX_AGE_NB","SEX_M","AGE_5YRBANDS_Y15-19","2007",1172,,,,"S5:41_T3:94"
"EGY","BA:582","EMP_TEMP_SEX_AGE_NB","SEX_M","AGE_5YRBANDS_Y20-24","2007",2199.5,,,,"S5:41_T3:94"
"EGY","BA:582","EMP_TEMP_SEX_AGE_NB","SEX_M","AGE_5YRBANDS_Y25-29","2007",2187.4,,,,"S5:41_T3:94"
"EGY","BA:582","EMP_TEMP_SEX_AGE_NB","SEX_M","AGE_5YRBANDS_Y30-34","2007",4068.1,,"C6:1629",,"S5:41_T3:94"
"EGY","BA:582","EMP_TEMP_SEX_AGE_NB","SEX_M","AGE_5YRBANDS_Y40-44","2007",4100.2,,"C6:1630",,"S5:41_T3:94"
"EGY","BA:582","EMP_TEMP_SEX_AGE_NB","SEX_M","AGE_5YRBANDS_Y50-54","2007",2853.7,,"C6:1631",,"S5:41_T3:94"
"EGY","BA:582","EMP_TEMP_SEX_AGE_NB","SEX_F","AGE_5YRBANDS_YGE15","2007",4682.2,,,,"S5:41_T3:94"
"EGY","BA:582","EMP_TEMP_SEX_AGE_NB","SEX_F","AGE_5YRBANDS_Y15-19","2007",229.5,,,,"S5:41_T3:94"
"EGY","BA:582","EMP_TEMP_SEX_AGE_NB","SEX_F","AGE_5YRBANDS_Y20-24","2007",471.4,,,,"S5:41_T3:94"
"EGY","BA:582","EMP_TEMP_SEX_AGE_NB","SEX_F","AGE_5YRBANDS_Y25-29","2007",579,,,,"S5:41_T3:94"
"EGY","BA:582","EMP_TEMP_SEX_AGE_NB","SEX_F","AGE_5YRBANDS_Y30-34","2007",1266.5,,"C6:1629",,"S5:41_T3:94"
"EGY","BA:582","EMP_TEMP_SEX_AGE_NB","SEX_F","AGE_5YRBANDS_Y40-44","2007",1341.3,,"C6:1630",,"S5:41_T3:94"
"EGY","BA:582","EMP_TEMP_SEX_AGE_NB","SEX_F","AGE_5YRBANDS_Y50-54","2007",662.6,,"C6:1631",,"S5:41_T3:94"
"EGY","BA:582","EMP_TEMP_SEX_AGE_NB","SEX_T","AGE_YTHADULT_YGE15","2006",20771.4,,,,"S5:41_T3:94"
"EGY","BA:582","EMP_TEMP_SEX_AGE_NB","SEX_T","AGE_YTHADULT_Y15-24","2006",3833.4,,,,"S5:41_T3:94"
"EGY","BA:582","EMP_TEMP_SEX_AGE_NB","SEX_T","AGE_YTHADULT_YGE25","2006",16938,,,,"S5:41_T3:94"
"EGY","BA:582","EMP_TEMP_SEX_AGE_NB","SEX_M","AGE_YTHADULT_YGE15","2006",16873.4,,,,"S5:41_T3:94"
"EGY","BA:582","EMP_TEMP_SEX_AGE_NB","SEX_M","AGE_YTHADULT_Y15-24","2006",3175.2,,,,"S5:41_T3:94"
"EGY","BA:582","EMP_TEMP_SEX_AGE_NB","SEX_M","AGE_YTHADULT_YGE25","2006",13698.2,,,,"S5:41_T3:94"
"EGY","BA:582","EMP_TEMP_SEX_AGE_NB","SEX_F","AGE_YTHADULT_YGE15","2006",3898,,,,"S5:41_T3:94"
"EGY","BA:582","EMP_TEMP_SEX_AGE_NB","SEX_F","AGE_YTHADULT_Y15-24","2006",658.2,,,,"S5:41_T3:94"
"EGY","BA:582","EMP_TEMP_SEX_AGE_NB","SEX_F","AGE_YTHADULT_YGE25","2006",3239.8,,,,"S5:41_T3:94"
"EGY","BA:582","EMP_TEMP_SEX_AGE_NB","SEX_T","AGE_10YRBANDS_YGE15","2006",20771.4,,,,"S5:41_T3:94"
"EGY","BA:582","EMP_TEMP_SEX_AGE_NB","SEX_T","AGE_10YRBANDS_Y15-24","2006",3833.4,,,,"S5:41_T3:94"
"EGY","BA:582","EMP_TEMP_SEX_AGE_NB","SEX_T","AGE_10YRBANDS_Y25-34","2006",7948.3,,,,"S5:41_T3:94"
"EGY","BA:582","EMP_TEMP_SEX_AGE_NB","SEX_M","AGE_10YRBANDS_YGE15","2006",16873.4,,,,"S5:41_T3:94"
"EGY","BA:582","EMP_TEMP_SEX_AGE_NB","SEX_M","AGE_10YRBANDS_Y15-24","2006",3175.2,,,,"S5:41_T3:94"
"EGY","BA:582","EMP_TEMP_SEX_AGE_NB","SEX_M","AGE_10YRBANDS_Y25-34","2006",6329.6,,,,"S5:41_T3:94"
"EGY","BA:582","EMP_TEMP_SEX_AGE_NB","SEX_F","AGE_10YRBANDS_YGE15","2006",3898,,,,"S5:41_T3:94"
"EGY","BA:582","EMP_TEMP_SEX_AGE_NB","SEX_F","AGE_10YRBANDS_Y15-24","2006",658.2,,,,"S5:41_T3:94"
"EGY","BA:582","EMP_TEMP_SEX_AGE_NB","SEX_F","AGE_10YRBANDS_Y25-34","2006",1618.7,,,,"S5:41_T3:94"
"EGY","BA:582","EMP_TEMP_SEX_AGE_NB","SEX_T","AGE_5YRBANDS_YGE15","2006",20771.4,,,,"S5:41_T3:94"
"EGY","BA:582","EMP_TEMP_SEX_AGE_NB","SEX_T","AGE_5YRBANDS_Y15-19","2006",1281.8,,,,"S5:41_T3:94"
"EGY","BA:582","EMP_TEMP_SEX_AGE_NB","SEX_T","AGE_5YRBANDS_Y20-24","2006",2551.6,,,,"S5:41_T3:94"
"EGY","BA:582","EMP_TEMP_SEX_AGE_NB","SEX_T","AGE_5YRBANDS_Y25-29","2006",2784.2,,,,"S5:41_T3:94"
"EGY","BA:582","EMP_TEMP_SEX_AGE_NB","SEX_T","AGE_5YRBANDS_Y30-34","2006",5164.1,,"C6:1629",,"S5:41_T3:94"
"EGY","BA:582","EMP_TEMP_SEX_AGE_NB","SEX_T","AGE_5YRBANDS_Y40-44","2006",5047.6,,"C6:1630",,"S5:41_T3:94"
"EGY","BA:582","EMP_TEMP_SEX_AGE_NB","SEX_T","AGE_5YRBANDS_Y50-54","2006",3119.1,,"C6:1631",,"S5:41_T3:94"
"EGY","BA:582","EMP_TEMP_SEX_AGE_NB","SEX_M","AGE_5YRBANDS_YGE15","2006",16873.4,,,,"S5:41_T3:94"
"EGY","BA:582","EMP_TEMP_SEX_AGE_NB","SEX_M","AGE_5YRBANDS_Y15-19","2006",1097.7,,,,"S5:41_T3:94"
"EGY","BA:582","EMP_TEMP_SEX_AGE_NB","SEX_M","AGE_5YRBANDS_Y20-24","2006",2077.5,,,,"S5:41_T3:94"
"EGY","BA:582","EMP_TEMP_SEX_AGE_NB","SEX_M","AGE_5YRBANDS_Y25-29","2006",2243.4,,,,"S5:41_T3:94"
"EGY","BA:582","EMP_TEMP_SEX_AGE_NB","SEX_M","AGE_5YRBANDS_Y30-34","2006",4086.2,,"C6:1629",,"S5:41_T3:94"
"EGY","BA:582","EMP_TEMP_SEX_AGE_NB","SEX_M","AGE_5YRBANDS_Y40-44","2006",3931.4,,"C6:1630",,"S5:41_T3:94"
"EGY","BA:582","EMP_TEMP_SEX_AGE_NB","SEX_M","AGE_5YRBANDS_Y50-54","2006",2658.2,,"C6:1631",,"S5:41_T3:94"
"EGY","BA:582","EMP_TEMP_SEX_AGE_NB","SEX_F","AGE_5YRBANDS_YGE15","2006",3898,,,,"S5:41_T3:94"
"EGY","BA:582","EMP_TEMP_SEX_AGE_NB","SEX_F","AGE_5YRBANDS_Y15-19","2006",184.1,,,,"S5:41_T3:94"
"EGY","BA:582","EMP_TEMP_SEX_AGE_NB","SEX_F","AGE_5YRBANDS_Y20-24","2006",474.1,,,,"S5:41_T3:94"
"EGY","BA:582","EMP_TEMP_SEX_AGE_NB","SEX_F","AGE_5YRBANDS_Y25-29","2006",540.8,,,,"S5:41_T3:94"
"EGY","BA:582","EMP_TEMP_SEX_AGE_NB","SEX_F","AGE_5YRBANDS_Y30-34","2006",1077.9,,"C6:1629",,"S5:41_T3:94"
"EGY","BA:582","EMP_TEMP_SEX_AGE_NB","SEX_F","AGE_5YRBANDS_Y40-44","2006",1116.2,,"C6:1630",,"S5:41_T3:94"
"EGY","BA:582","EMP_TEMP_SEX_AGE_NB","SEX_F","AGE_5YRBANDS_Y50-54","2006",460.9,,"C6:1631",,"S5:41_T3:94"
"EGY","BA:582","EMP_TEMP_SEX_AGE_NB","SEX_T","AGE_YTHADULT_YGE15","2005",19341.6,,,,"S5:41_T3:94"
"EGY","BA:582","EMP_TEMP_SEX_AGE_NB","SEX_T","AGE_YTHADULT_Y15-24","2005",3408.6,,,,"S5:41_T3:94"
"EGY","BA:582","EMP_TEMP_SEX_AGE_NB","SEX_T","AGE_YTHADULT_YGE25","2005",15933,,"C6:2351",,"S5:41_T3:94"
"EGY","BA:582","EMP_TEMP_SEX_AGE_NB","SEX_M","AGE_YTHADULT_YGE15","2005",15592.6,,,,"S5:41_T3:94"
"EGY","BA:582","EMP_TEMP_SEX_AGE_NB","SEX_M","AGE_YTHADULT_Y15-24","2005",2866.3,,,,"S5:41_T3:94"
"EGY","BA:582","EMP_TEMP_SEX_AGE_NB","SEX_M","AGE_YTHADULT_YGE25","2005",12726.3,,"C6:2351",,"S5:41_T3:94"
"EGY","BA:582","EMP_TEMP_SEX_AGE_NB","SEX_F","AGE_YTHADULT_YGE15","2005",3749,,,,"S5:41_T3:94"
"EGY","BA:582","EMP_TEMP_SEX_AGE_NB","SEX_F","AGE_YTHADULT_Y15-24","2005",542.3,,,,"S5:41_T3:94"
"EGY","BA:582","EMP_TEMP_SEX_AGE_NB","SEX_F","AGE_YTHADULT_YGE25","2005",3206.7,,"C6:2351",,"S5:41_T3:94"
"EGY","BA:582","EMP_TEMP_SEX_AGE_NB","SEX_T","AGE_YTHADULT_YGE15","2004",18619.75,,,,
"EGY","BA:582","EMP_TEMP_SEX_AGE_NB","SEX_M","AGE_YTHADULT_YGE15","2004",15125.25,,,,
"EGY","BA:582","EMP_TEMP_SEX_AGE_NB","SEX_F","AGE_YTHADULT_YGE15","2004",3494.5,,,,
"EGY","BA:582","EMP_TEMP_SEX_AGE_NB","SEX_T","AGE_YTHADULT_YGE15","2003",18406,,,,
"EGY","BA:582","EMP_TEMP_SEX_AGE_NB","SEX_M","AGE_YTHADULT_YGE15","2003",14945.25,,,,
"EGY","BA:582","EMP_TEMP_SEX_AGE_NB","SEX_F","AGE_YTHADULT_YGE15","2003",3460.75,,,,
"EGY","BA:582","EMP_TEMP_SEX_AGE_NB","SEX_T","AGE_YTHADULT_YGE15","2002",18155.8,,,,"S3:25_S5:41_T3:94"
"EGY","BA:582","EMP_TEMP_SEX_AGE_NB","SEX_T","AGE_YTHADULT_Y15-24","2002",3100.5,,,,"S3:25_S5:41_T3:94"
"EGY","BA:582","EMP_TEMP_SEX_AGE_NB","SEX_T","AGE_YTHADULT_YGE25","2002",15055.3,,,,"S3:25_S5:41_T3:94"
"EGY","BA:582","EMP_TEMP_SEX_AGE_NB","SEX_M","AGE_YTHADULT_YGE15","2002",14835.4,,,,"S3:25_S5:41_T3:94"
"EGY","BA:582","EMP_TEMP_SEX_AGE_NB","SEX_M","AGE_YTHADULT_Y15-24","2002",2319.8,,,,"S3:25_S5:41_T3:94"
"EGY","BA:582","EMP_TEMP_SEX_AGE_NB","SEX_M","AGE_YTHADULT_YGE25","2002",12515.6,,,,"S3:25_S5:41_T3:94"
"EGY","BA:582","EMP_TEMP_SEX_AGE_NB","SEX_F","AGE_YTHADULT_YGE15","2002",3320.4,,,,"S3:25_S5:41_T3:94"
"EGY","BA:582","EMP_TEMP_SEX_AGE_NB","SEX_F","AGE_YTHADULT_Y15-24","2002",780.7,,,,"S3:25_S5:41_T3:94"
"EGY","BA:582","EMP_TEMP_SEX_AGE_NB","SEX_F","AGE_YTHADULT_YGE25","2002",2539.7,,,,"S3:25_S5:41_T3:94"
"EGY","BA:582","EMP_TEMP_SEX_AGE_NB","SEX_T","AGE_AGGREGATE_Y15-24","2002",3100.5,,,,"S3:25_S5:41_T3:94"
"EGY","BA:582","EMP_TEMP_SEX_AGE_NB","SEX_M","AGE_AGGREGATE_Y15-24","2002",2319.8,,,,"S3:25_S5:41_T3:94"
"EGY","BA:582","EMP_TEMP_SEX_AGE_NB","SEX_F","AGE_AGGREGATE_Y15-24","2002",780.7,,,,"S3:25_S5:41_T3:94"
"EGY","BA:582","EMP_TEMP_SEX_AGE_NB","SEX_T","AGE_10YRBANDS_YGE15","2002",18155.8,,,,"S3:25_S5:41_T3:94"
"EGY","BA:582","EMP_TEMP_SEX_AGE_NB","SEX_T","AGE_10YRBANDS_Y15-24","2002",3100.5,,,,"S3:25_S5:41_T3:94"
"EGY","BA:582","EMP_TEMP_SEX_AGE_NB","SEX_T","AGE_10YRBANDS_Y25-34","2002",6571.5,,,,"S3:25_S5:41_T3:94"
"EGY","BA:582","EMP_TEMP_SEX_AGE_NB","SEX_M","AGE_10YRBANDS_YGE15","2002",14835.4,,,,"S3:25_S5:41_T3:94"
"EGY","BA:582","EMP_TEMP_SEX_AGE_NB","SEX_M","AGE_10YRBANDS_Y15-24","2002",2319.8,,,,"S3:25_S5:41_T3:94"
"EGY","BA:582","EMP_TEMP_SEX_AGE_NB","SEX_M","AGE_10YRBANDS_Y25-34","2002",5241.6,,,,"S3:25_S5:41_T3:94"
"EGY","BA:582","EMP_TEMP_SEX_AGE_NB","SEX_F","AGE_10YRBANDS_YGE15","2002",3320.4,,,,"S3:25_S5:41_T3:94"
"EGY","BA:582","EMP_TEMP_SEX_AGE_NB","SEX_F","AGE_10YRBANDS_Y15-24","2002",780.7,,,,"S3:25_S5:41_T3:94"
"EGY","BA:582","EMP_TEMP_SEX_AGE_NB","SEX_F","AGE_10YRBANDS_Y25-34","2002",1329.9,,,,"S3:25_S5:41_T3:94"
"EGY","BA:582","EMP_TEMP_SEX_AGE_NB","SEX_T","AGE_5YRBANDS_YGE15","2002",18155.8,,,,"S3:25_S5:41_T3:94"
"EGY","BA:582","EMP_TEMP_SEX_AGE_NB","SEX_T","AGE_5YRBANDS_Y15-19","2002",1099.1,,,,"S3:25_S5:41_T3:94"
"EGY","BA:582","EMP_TEMP_SEX_AGE_NB","SEX_T","AGE_5YRBANDS_Y20-24","2002",2001.4,,,,"S3:25_S5:41_T3:94"
"EGY","BA:582","EMP_TEMP_SEX_AGE_NB","SEX_T","AGE_5YRBANDS_Y25-29","2002",1957.3,,,,"S3:25_S5:41_T3:94"
"EGY","BA:582","EMP_TEMP_SEX_AGE_NB","SEX_T","AGE_5YRBANDS_Y30-34","2002",4614.2,,"C6:1629",,"S3:25_S5:41_T3:94"
"EGY","BA:582","EMP_TEMP_SEX_AGE_NB","SEX_T","AGE_5YRBANDS_Y40-44","2002",4836.6,,"C6:1630",,"S3:25_S5:41_T3:94"
"EGY","BA:582","EMP_TEMP_SEX_AGE_NB","SEX_T","AGE_5YRBANDS_Y50-54","2002",2849.2,,"C6:1631",,"S3:25_S5:41_T3:94"
"EGY","BA:582","EMP_TEMP_SEX_AGE_NB","SEX_M","AGE_5YRBANDS_YGE15","2002",14835.4,,,,"S3:25_S5:41_T3:94"
"EGY","BA:582","EMP_TEMP_SEX_AGE_NB","SEX_M","AGE_5YRBANDS_Y15-19","2002",850.9,,,,"S3:25_S5:41_T3:94"
"EGY","BA:582","EMP_TEMP_SEX_AGE_NB","SEX_M","AGE_5YRBANDS_Y20-24","2002",1468.9,,,,"S3:25_S5:41_T3:94"
"EGY","BA:582","EMP_TEMP_SEX_AGE_NB","SEX_M","AGE_5YRBANDS_Y25-29","2002",1564.2,,,,"S3:25_S5:41_T3:94"
"EGY","BA:582","EMP_TEMP_SEX_AGE_NB","SEX_M","AGE_5YRBANDS_Y30-34","2002",3677.4,,"C6:1629",,"S3:25_S5:41_T3:94"
"EGY","BA:582","EMP_TEMP_SEX_AGE_NB","SEX_M","AGE_5YRBANDS_Y40-44","2002",3975.5,,"C6:1630",,"S3:25_S5:41_T3:94"
"EGY","BA:582","EMP_TEMP_SEX_AGE_NB","SEX_M","AGE_5YRBANDS_Y50-54","2002",2540.9,,"C6:1631",,"S3:25_S5:41_T3:94"
"EGY","BA:582","EMP_TEMP_SEX_AGE_NB","SEX_F","AGE_5YRBANDS_YGE15","2002",3320.4,,,,"S3:25_S5:41_T3:94"
"EGY","BA:582","EMP_TEMP_SEX_AGE_NB","SEX_F","AGE_5YRBANDS_Y15-19","2002",248.2,,,,"S3:25_S5:41_T3:94"
"EGY","BA:582","EMP_TEMP_SEX_AGE_NB","SEX_F","AGE_5YRBANDS_Y20-24","2002",532.5,,,,"S3:25_S5:41_T3:94"
"EGY","BA:582","EMP_TEMP_SEX_AGE_NB","SEX_F","AGE_5YRBANDS_Y25-29","2002",393.1,,,,"S3:25_S5:41_T3:94"
"EGY","BA:582","EMP_TEMP_SEX_AGE_NB","SEX_F","AGE_5YRBANDS_Y30-34","2002",936.8,,"C6:1629",,"S3:25_S5:41_T3:94"
"EGY","BA:582","EMP_TEMP_SEX_AGE_NB","SEX_F","AGE_5YRBANDS_Y40-44","2002",861.1,,"C6:1630",,"S3:25_S5:41_T3:94"
"EGY","BA:582","EMP_TEMP_SEX_AGE_NB","SEX_F","AGE_5YRBANDS_Y50-54","2002",308.3,,"C6:1631",,"S3:25_S5:41_T3:94"
"EGY","BA:582","EMP_TEMP_SEX_AGE_NB","SEX_T","AGE_YTHADULT_YGE15","2001",17470,,,,"S3:25_S5:41_T3:94"
"EGY","BA:582","EMP_TEMP_SEX_AGE_NB","SEX_T","AGE_YTHADULT_Y15-24","2001",2805.3,,,,"S3:25_S5:41_T3:94"
"EGY","BA:582","EMP_TEMP_SEX_AGE_NB","SEX_T","AGE_YTHADULT_YGE25","2001",14664.7,,,,"S3:25_S5:41_T3:94"
"EGY","BA:582","EMP_TEMP_SEX_AGE_NB","SEX_M","AGE_YTHADULT_YGE15","2001",14180.6,,,,"S3:25_S5:41_T3:94"
"EGY","BA:582","EMP_TEMP_SEX_AGE_NB","SEX_M","AGE_YTHADULT_Y15-24","2001",2297.7,,,,"S3:25_S5:41_T3:94"
"EGY","BA:582","EMP_TEMP_SEX_AGE_NB","SEX_M","AGE_YTHADULT_YGE25","2001",11882.9,,,,"S3:25_S5:41_T3:94"
"EGY","BA:582","EMP_TEMP_SEX_AGE_NB","SEX_F","AGE_YTHADULT_YGE15","2001",3289.4,,,,"S3:25_S5:41_T3:94"
"EGY","BA:582","EMP_TEMP_SEX_AGE_NB","SEX_F","AGE_YTHADULT_Y15-24","2001",507.6,,,,"S3:25_S5:41_T3:94"
"EGY","BA:582","EMP_TEMP_SEX_AGE_NB","SEX_F","AGE_YTHADULT_YGE25","2001",2781.8,,,,"S3:25_S5:41_T3:94"
"EGY","BA:582","EMP_TEMP_SEX_AGE_NB","SEX_T","AGE_AGGREGATE_Y15-24","2001",2805.3,,,,"S3:25_S5:41_T3:94"
"EGY","BA:582","EMP_TEMP_SEX_AGE_NB","SEX_M","AGE_AGGREGATE_Y15-24","2001",2297.7,,,,"S3:25_S5:41_T3:94"
"EGY","BA:582","EMP_TEMP_SEX_AGE_NB","SEX_F","AGE_AGGREGATE_Y15-24","2001",507.6,,,,"S3:25_S5:41_T3:94"
"EGY","BA:582","EMP_TEMP_SEX_AGE_NB","SEX_T","AGE_10YRBANDS_YGE15","2001",17470,,,,"S3:25_S5:41_T3:94"
"EGY","BA:582","EMP_TEMP_SEX_AGE_NB","SEX_T","AGE_10YRBANDS_Y15-24","2001",2805.3,,,,"S3:25_S5:41_T3:94"
"EGY","BA:582","EMP_TEMP_SEX_AGE_NB","SEX_T","AGE_10YRBANDS_Y25-34","2001",6704.9,,,,"S3:25_S5:41_T3:94"
"EGY","BA:582","EMP_TEMP_SEX_AGE_NB","SEX_M","AGE_10YRBANDS_YGE15","2001",14180.6,,,,"S3:25_S5:41_T3:94"
"EGY","BA:582","EMP_TEMP_SEX_AGE_NB","SEX_M","AGE_10YRBANDS_Y15-24","2001",2297.7,,,,"S3:25_S5:41_T3:94"
"EGY","BA:582","EMP_TEMP_SEX_AGE_NB","SEX_M","AGE_10YRBANDS_Y25-34","2001",5230.7,,,,"S3:25_S5:41_T3:94"
"EGY","BA:582","EMP_TEMP_SEX_AGE_NB","SEX_F","AGE_10YRBANDS_YGE15","2001",3289.4,,,,"S3:25_S5:41_T3:94"
"EGY","BA:582","EMP_TEMP_SEX_AGE_NB","SEX_F","AGE_10YRBANDS_Y15-24","2001",507.6,,,,"S3:25_S5:41_T3:94"
"EGY","BA:582","EMP_TEMP_SEX_AGE_NB","SEX_F","AGE_10YRBANDS_Y25-34","2001",1474.2,,,,"S3:25_S5:41_T3:94"
"EGY","BA:582","EMP_TEMP_SEX_AGE_NB","SEX_T","AGE_5YRBANDS_YGE15","2001",17470,,,,"S3:25_S5:41_T3:94"
"EGY","BA:582","EMP_TEMP_SEX_AGE_NB","SEX_T","AGE_5YRBANDS_Y15-19","2001",1132.4,,,,"S3:25_S5:41_T3:94"
"EGY","BA:582","EMP_TEMP_SEX_AGE_NB","SEX_T","AGE_5YRBANDS_Y20-24","2001",1672.9,,,,"S3:25_S5:41_T3:94"
"EGY","BA:582","EMP_TEMP_SEX_AGE_NB","SEX_T","AGE_5YRBANDS_Y25-29","2001",2079.3,,,,"S3:25_S5:41_T3:94"
"EGY","BA:582","EMP_TEMP_SEX_AGE_NB","SEX_T","AGE_5YRBANDS_Y30-34","2001",4625.6,,"C6:1629",,"S3:25_S5:41_T3:94"
"EGY","BA:582","EMP_TEMP_SEX_AGE_NB","SEX_T","AGE_5YRBANDS_Y40-44","2001",4425,,"C6:1630",,"S3:25_S5:41_T3:94"
"EGY","BA:582","EMP_TEMP_SEX_AGE_NB","SEX_T","AGE_5YRBANDS_Y50-54","2001",2680.3,,"C6:1631",,"S3:25_S5:41_T3:94"
"EGY","BA:582","EMP_TEMP_SEX_AGE_NB","SEX_M","AGE_5YRBANDS_YGE15","2001",14180.6,,,,"S3:25_S5:41_T3:94"
"EGY","BA:582","EMP_TEMP_SEX_AGE_NB","SEX_M","AGE_5YRBANDS_Y15-19","2001",971.2,,,,"S3:25_S5:41_T3:94"
"EGY","BA:582","EMP_TEMP_SEX_AGE_NB","SEX_M","AGE_5YRBANDS_Y20-24","2001",1326.5,,,,"S3:25_S5:41_T3:94"
"EGY","BA:582","EMP_TEMP_SEX_AGE_NB","SEX_M","AGE_5YRBANDS_Y25-29","2001",1653.5,,,,"S3:25_S5:41_T3:94"
"EGY","BA:582","EMP_TEMP_SEX_AGE_NB","SEX_M","AGE_5YRBANDS_Y30-34","2001",3577.2,,"C6:1629",,"S3:25_S5:41_T3:94"
"EGY","BA:582","EMP_TEMP_SEX_AGE_NB","SEX_M","AGE_5YRBANDS_Y40-44","2001",3536.3,,"C6:1630",,"S3:25_S5:41_T3:94"
"EGY","BA:582","EMP_TEMP_SEX_AGE_NB","SEX_M","AGE_5YRBANDS_Y50-54","2001",2321.3,,"C6:1631",,"S3:25_S5:41_T3:94"
"EGY","BA:582","EMP_TEMP_SEX_AGE_NB","SEX_F","AGE_5YRBANDS_YGE15","2001",3289.4,,,,"S3:25_S5:41_T3:94"
"EGY","BA:582","EMP_TEMP_SEX_AGE_NB","SEX_F","AGE_5YRBANDS_Y15-19","2001",161.2,,,,"S3:25_S5:41_T3:94"
"EGY","BA:582","EMP_TEMP_SEX_AGE_NB","SEX_F","AGE_5YRBANDS_Y20-24","2001",346.4,,,,"S3:25_S5:41_T3:94"
"EGY","BA:582","EMP_TEMP_SEX_AGE_NB","SEX_F","AGE_5YRBANDS_Y25-29","2001",425.8,,,,"S3:25_S5:41_T3:94"
"EGY","BA:582","EMP_TEMP_SEX_AGE_NB","SEX_F","AGE_5YRBANDS_Y30-34","2001",1048.4,,"C6:1629",,"S3:25_S5:41_T3:94"
"EGY","BA:582","EMP_TEMP_SEX_AGE_NB","SEX_F","AGE_5YRBANDS_Y40-44","2001",888.7,,"C6:1630",,"S3:25_S5:41_T3:94"
"EGY","BA:582","EMP_TEMP_SEX_AGE_NB","SEX_F","AGE_5YRBANDS_Y50-54","2001",359,,"C6:1631",,"S3:25_S5:41_T3:94"
"EGY","BA:582","EMP_TEMP_SEX_AGE_NB","SEX_T","AGE_YTHADULT_YGE15","2000",17203.3,,,,"S3:25_S5:41_T3:94"
"EGY","BA:582","EMP_TEMP_SEX_AGE_NB","SEX_M","AGE_YTHADULT_YGE15","2000",13958.5,,,,"S3:25_S5:41_T3:94"
"EGY","BA:582","EMP_TEMP_SEX_AGE_NB","SEX_F","AGE_YTHADULT_YGE15","2000",3244.8,,,,"S3:25_S5:41_T3:94"
"EGY","BA:582","EMP_TEMP_SEX_AGE_NB","SEX_T","AGE_YTHADULT_YGE15","1999",17135.3,,,,"S5:41_T2:79"
"EGY","BA:582","EMP_TEMP_SEX_AGE_NB","SEX_T","AGE_YTHADULT_Y15-24","1999",3439.8,,,,"S5:41_T2:79"
"EGY","BA:582","EMP_TEMP_SEX_AGE_NB","SEX_T","AGE_YTHADULT_YGE25","1999",13695.5,,,,"S5:41_T2:79"
"EGY","BA:582","EMP_TEMP_SEX_AGE_NB","SEX_M","AGE_YTHADULT_YGE15","1999",13972.9,,,,"S5:41_T2:79"
"EGY","BA:582","EMP_TEMP_SEX_AGE_NB","SEX_M","AGE_YTHADULT_Y15-24","1999",2658.9,,,,"S5:41_T2:79"
"EGY","BA:582","EMP_TEMP_SEX_AGE_NB","SEX_M","AGE_YTHADULT_YGE25","1999",11314,,,,"S5:41_T2:79"
"EGY","BA:582","EMP_TEMP_SEX_AGE_NB","SEX_F","AGE_YTHADULT_YGE15","1999",3162.3,,,,"S5:41_T2:79"
"EGY","BA:582","EMP_TEMP_SEX_AGE_NB","SEX_F","AGE_YTHADULT_Y15-24","1999",780.9,,,,"S5:41_T2:79"
"EGY","BA:582","EMP_TEMP_SEX_AGE_NB","SEX_F","AGE_YTHADULT_YGE25","1999",2381.4,,,,"S5:41_T2:79"
"EGY","BA:582","EMP_TEMP_SEX_AGE_NB","SEX_T","AGE_AGGREGATE_Y15-24","1999",3439.8,,,,"S5:41_T2:79"
"EGY","BA:582","EMP_TEMP_SEX_AGE_NB","SEX_M","AGE_AGGREGATE_Y15-24","1999",2658.9,,,,"S5:41_T2:79"
"EGY","BA:582","EMP_TEMP_SEX_AGE_NB","SEX_F","AGE_AGGREGATE_Y15-24","1999",780.9,,,,"S5:41_T2:79"
"EGY","BA:582","EMP_TEMP_SEX_AGE_NB","SEX_T","AGE_10YRBANDS_YGE15","1999",17135.3,,,,"S5:41_T2:79"
"EGY","BA:582","EMP_TEMP_SEX_AGE_NB","SEX_T","AGE_10YRBANDS_Y15-24","1999",3439.8,,,,"S5:41_T2:79"
"EGY","BA:582","EMP_TEMP_SEX_AGE_NB","SEX_T","AGE_10YRBANDS_Y25-34","1999",6136,,,,"S5:41_T2:79"
"EGY","BA:582","EMP_TEMP_SEX_AGE_NB","SEX_M","AGE_10YRBANDS_YGE15","1999",13972.9,,,,"S5:41_T2:79"
"EGY","BA:582","EMP_TEMP_SEX_AGE_NB","SEX_M","AGE_10YRBANDS_Y15-24","1999",2658.9,,,,"S5:41_T2:79"
"EGY","BA:582","EMP_TEMP_SEX_AGE_NB","SEX_M","AGE_10YRBANDS_Y25-34","1999",4843.7,,,,"S5:41_T2:79"
"EGY","BA:582","EMP_TEMP_SEX_AGE_NB","SEX_F","AGE_10YRBANDS_YGE15","1999",3162.3,,,,"S5:41_T2:79"
"EGY","BA:582","EMP_TEMP_SEX_AGE_NB","SEX_F","AGE_10YRBANDS_Y15-24","1999",780.9,,,,"S5:41_T2:79"
"EGY","BA:582","EMP_TEMP_SEX_AGE_NB","SEX_F","AGE_10YRBANDS_Y25-34","1999",1292.3,,,,"S5:41_T2:79"
"EGY","BA:582","EMP_TEMP_SEX_AGE_NB","SEX_T","AGE_5YRBANDS_YGE15","1999",17135.3,,,,"S5:41_T2:79"
"EGY","BA:582","EMP_TEMP_SEX_AGE_NB","SEX_T","AGE_5YRBANDS_Y15-19","1999",1345,,,,"S5:41_T2:79"
"EGY","BA:582","EMP_TEMP_SEX_AGE_NB","SEX_T","AGE_5YRBANDS_Y20-24","1999",2094.8,,,,"S5:41_T2:79"
"EGY","BA:582","EMP_TEMP_SEX_AGE_NB","SEX_T","AGE_5YRBANDS_Y25-29","1999",1834.2,,,,"S5:41_T2:79"
"EGY","BA:582","EMP_TEMP_SEX_AGE_NB","SEX_T","AGE_5YRBANDS_Y30-34","1999",4301.8,,"C6:1629",,"S5:41_T2:79"
"EGY","BA:582","EMP_TEMP_SEX_AGE_NB","SEX_T","AGE_5YRBANDS_Y40-44","1999",4148.5,,"C6:1630",,"S5:41_T2:79"
"EGY","BA:582","EMP_TEMP_SEX_AGE_NB","SEX_T","AGE_5YRBANDS_Y50-54","1999",2509.9,,"C6:1631",,"S5:41_T2:79"
"EGY","BA:582","EMP_TEMP_SEX_AGE_NB","SEX_M","AGE_5YRBANDS_YGE15","1999",13972.9,,,,"S5:41_T2:79"
"EGY","BA:582","EMP_TEMP_SEX_AGE_NB","SEX_M","AGE_5YRBANDS_Y15-19","1999",1081,,,,"S5:41_T2:79"
"EGY","BA:582","EMP_TEMP_SEX_AGE_NB","SEX_M","AGE_5YRBANDS_Y20-24","1999",1577.9,,,,"S5:41_T2:79"
"EGY","BA:582","EMP_TEMP_SEX_AGE_NB","SEX_M","AGE_5YRBANDS_Y25-29","1999",1482.4,,,,"S5:41_T2:79"
"EGY","BA:582","EMP_TEMP_SEX_AGE_NB","SEX_M","AGE_5YRBANDS_Y30-34","1999",3361.3,,"C6:1629",,"S5:41_T2:79"
"EGY","BA:582","EMP_TEMP_SEX_AGE_NB","SEX_M","AGE_5YRBANDS_Y40-44","1999",3411,,"C6:1630",,"S5:41_T2:79"
"EGY","BA:582","EMP_TEMP_SEX_AGE_NB","SEX_M","AGE_5YRBANDS_Y50-54","1999",2222.6,,"C6:1631",,"S5:41_T2:79"
"EGY","BA:582","EMP_TEMP_SEX_AGE_NB","SEX_F","AGE_5YRBANDS_YGE15","1999",3162.3,,,,"S5:41_T2:79"
"EGY","BA:582","EMP_TEMP_SEX_AGE_NB","SEX_F","AGE_5YRBANDS_Y15-19","1999",264,,,,"S5:41_T2:79"
"EGY","BA:582","EMP_TEMP_SEX_AGE_NB","SEX_F","AGE_5YRBANDS_Y20-24","1999",516.9,,,,"S5:41_T2:79"
"EGY","BA:582","EMP_TEMP_SEX_AGE_NB","SEX_F","AGE_5YRBANDS_Y25-29","1999",351.8,,,,"S5:41_T2:79"
"EGY","BA:582","EMP_TEMP_SEX_AGE_NB","SEX_F","AGE_5YRBANDS_Y30-34","1999",940.5,,"C6:1629",,"S5:41_T2:79"
"EGY","BA:582","EMP_TEMP_SEX_AGE_NB","SEX_F","AGE_5YRBANDS_Y40-44","1999",737.5,,"C6:1630",,"S5:41_T2:79"
"EGY","BA:582","EMP_TEMP_SEX_AGE_NB","SEX_F","AGE_5YRBANDS_Y50-54","1999",287.3,,"C6:1631",,"S5:41_T2:79"
"EGY","BA:582","EMP_TEMP_SEX_AGE_NB","SEX_T","AGE_YTHADULT_YGE15","1998",16580.2,,,,"S5:41_T2:79"
"EGY","BA:582","EMP_TEMP_SEX_AGE_NB","SEX_T","AGE_YTHADULT_Y15-24","1998",2960.2,,,,"S5:41_T2:79"
"EGY","BA:582","EMP_TEMP_SEX_AGE_NB","SEX_T","AGE_YTHADULT_YGE25","1998",13620,,,,"S5:41_T2:79"
"EGY","BA:582","EMP_TEMP_SEX_AGE_NB","SEX_M","AGE_YTHADULT_YGE15","1998",13563.6,,,,"S5:41_T2:79"
"EGY","BA:582","EMP_TEMP_SEX_AGE_NB","SEX_M","AGE_YTHADULT_Y15-24","1998",2363.4,,,,"S5:41_T2:79"
"EGY","BA:582","EMP_TEMP_SEX_AGE_NB","SEX_M","AGE_YTHADULT_YGE25","1998",11200.2,,,,"S5:41_T2:79"
"EGY","BA:582","EMP_TEMP_SEX_AGE_NB","SEX_F","AGE_YTHADULT_YGE15","1998",3016.6,,,,"S5:41_T2:79"
"EGY","BA:582","EMP_TEMP_SEX_AGE_NB","SEX_F","AGE_YTHADULT_Y15-24","1998",596.8,,,,"S5:41_T2:79"
"EGY","BA:582","EMP_TEMP_SEX_AGE_NB","SEX_F","AGE_YTHADULT_YGE25","1998",2419.8,,,,"S5:41_T2:79"
"EGY","BA:582","EMP_TEMP_SEX_AGE_NB","SEX_T","AGE_AGGREGATE_Y15-24","1998",2960.2,,,,"S5:41_T2:79"
"EGY","BA:582","EMP_TEMP_SEX_AGE_NB","SEX_M","AGE_AGGREGATE_Y15-24","1998",2363.4,,,,"S5:41_T2:79"
"EGY","BA:582","EMP_TEMP_SEX_AGE_NB","SEX_F","AGE_AGGREGATE_Y15-24","1998",596.8,,,,"S5:41_T2:79"
"EGY","BA:582","EMP_TEMP_SEX_AGE_NB","SEX_T","AGE_10YRBANDS_YGE15","1998",16580.2,,,,"S5:41_T2:79"
"EGY","BA:582","EMP_TEMP_SEX_AGE_NB","SEX_T","AGE_10YRBANDS_Y15-24","1998",2960.2,,,,"S5:41_T2:79"
"EGY","BA:582","EMP_TEMP_SEX_AGE_NB","SEX_T","AGE_10YRBANDS_Y25-34","1998",6187.3,,,,"S5:41_T2:79"
"EGY","BA:582","EMP_TEMP_SEX_AGE_NB","SEX_M","AGE_10YRBANDS_YGE15","1998",13563.6,,,,"S5:41_T2:79"
"EGY","BA:582","EMP_TEMP_SEX_AGE_NB","SEX_M","AGE_10YRBANDS_Y15-24","1998",2363.4,,,,"S5:41_T2:79"
"EGY","BA:582","EMP_TEMP_SEX_AGE_NB","SEX_M","AGE_10YRBANDS_Y25-34","1998",4828.6,,,,"S5:41_T2:79"
"EGY","BA:582","EMP_TEMP_SEX_AGE_NB","SEX_F","AGE_10YRBANDS_YGE15","1998",3016.6,,,,"S5:41_T2:79"
"EGY","BA:582","EMP_TEMP_SEX_AGE_NB","SEX_F","AGE_10YRBANDS_Y15-24","1998",596.8,,,,"S5:41_T2:79"
"EGY","BA:582","EMP_TEMP_SEX_AGE_NB","SEX_F","AGE_10YRBANDS_Y25-34","1998",1358.7,,,,"S5:41_T2:79"
"EGY","BA:582","EMP_TEMP_SEX_AGE_NB","SEX_T","AGE_5YRBANDS_YGE15","1998",16580.2,,,,"S5:41_T2:79"
"EGY","BA:582","EMP_TEMP_SEX_AGE_NB","SEX_T","AGE_5YRBANDS_Y15-19","1998",1224.6,,,,"S5:41_T2:79"
"EGY","BA:582","EMP_TEMP_SEX_AGE_NB","SEX_T","AGE_5YRBANDS_Y20-24","1998",1735.6,,,,"S5:41_T2:79"
"EGY","BA:582","EMP_TEMP_SEX_AGE_NB","SEX_T","AGE_5YRBANDS_Y25-29","1998",1854,,,,"S5:41_T2:79"
"EGY","BA:582","EMP_TEMP_SEX_AGE_NB","SEX_T","AGE_5YRBANDS_Y30-34","1998",4333.3,,"C6:1629",,"S5:41_T2:79"
"EGY","BA:582","EMP_TEMP_SEX_AGE_NB","SEX_T","AGE_5YRBANDS_Y40-44","1998",4113.6,,"C6:1630",,"S5:41_T2:79"
"EGY","BA:582","EMP_TEMP_SEX_AGE_NB","SEX_T","AGE_5YRBANDS_Y50-54","1998",2411.7,,"C6:1631",,"S5:41_T2:79"
"EGY","BA:582","EMP_TEMP_SEX_AGE_NB","SEX_M","AGE_5YRBANDS_YGE15","1998",13563.6,,,,"S5:41_T2:79"
"EGY","BA:582","EMP_TEMP_SEX_AGE_NB","SEX_M","AGE_5YRBANDS_Y15-19","1998",1003.6,,,,"S5:41_T2:79"
"EGY","BA:582","EMP_TEMP_SEX_AGE_NB","SEX_M","AGE_5YRBANDS_Y20-24","1998",1359.8,,,,"S5:41_T2:79"
"EGY","BA:582","EMP_TEMP_SEX_AGE_NB","SEX_M","AGE_5YRBANDS_Y25-29","1998",1481.6,,,,"S5:41_T2:79"
"EGY","BA:582","EMP_TEMP_SEX_AGE_NB","SEX_M","AGE_5YRBANDS_Y30-34","1998",3347,,"C6:1629",,"S5:41_T2:79"
"EGY","BA:582","EMP_TEMP_SEX_AGE_NB","SEX_M","AGE_5YRBANDS_Y40-44","1998",3402.5,,"C6:1630",,"S5:41_T2:79"
"EGY","BA:582","EMP_TEMP_SEX_AGE_NB","SEX_M","AGE_5YRBANDS_Y50-54","1998",2130.4,,"C6:1631",,"S5:41_T2:79"
"EGY","BA:582","EMP_TEMP_SEX_AGE_NB","SEX_F","AGE_5YRBANDS_YGE15","1998",3016.6,,,,"S5:41_T2:79"
"EGY","BA:582","EMP_TEMP_SEX_AGE_NB","SEX_F","AGE_5YRBANDS_Y15-19","1998",221,,,,"S5:41_T2:79"
"EGY","BA:582","EMP_TEMP_SEX_AGE_NB","SEX_F","AGE_5YRBANDS_Y20-24","1998",375.8,,,,"S5:41_T2:79"
"EGY","BA:582","EMP_TEMP_SEX_AGE_NB","SEX_F","AGE_5YRBANDS_Y25-29","1998",372.4,,,,"S5:41_T2:79"
"EGY","BA:582","EMP_TEMP_SEX_AGE_NB","SEX_F","AGE_5YRBANDS_Y30-34","1998",986.3,,"C6:1629",,"S5:41_T2:79"
"EGY","BA:582","EMP_TEMP_SEX_AGE_NB","SEX_F","AGE_5YRBANDS_Y40-44","1998",711.1,,"C6:1630",,"S5:41_T2:79"
"EGY","BA:582","EMP_TEMP_SEX_AGE_NB","SEX_F","AGE_5YRBANDS_Y50-54","1998",281.3,,"C6:1631",,"S5:41_T2:79"
"EGY","BA:582","EMP_TEMP_SEX_AGE_NB","SEX_T","AGE_YTHADULT_YGE15","1997",15830,,,"I11:266","S3:25_S5:41_T3:94"
"EGY","BA:582","EMP_TEMP_SEX_AGE_NB","SEX_M","AGE_YTHADULT_YGE15","1997",12813,,,"I11:266","S3:25_S5:41_T3:94"
"EGY","BA:582","EMP_TEMP_SEX_AGE_NB","SEX_F","AGE_YTHADULT_YGE15","1997",3017,,,"I11:266","S3:25_S5:41_T3:94"
"EGY","AA:1101","EMP_TEMP_SEX_AGE_NB","SEX_T","AGE_YTHADULT_YGE15","1996",15768.22,,,,"S3:22"
"EGY","AA:1101","EMP_TEMP_SEX_AGE_NB","SEX_M","AGE_YTHADULT_YGE15","1996",13666.91,,,,"S3:22"
"EGY","AA:1101","EMP_TEMP_SEX_AGE_NB","SEX_F","AGE_YTHADULT_YGE15","1996",2101.302,,,,"S3:22"
"EGY","BA:582","EMP_TEMP_SEX_AGE_NB","SEX_T","AGE_YTHADULT_YGE15","1995",15344.2,,,,"S3:25_S5:41_T2:81_T3:94"
"EGY","BA:582","EMP_TEMP_SEX_AGE_NB","SEX_M","AGE_YTHADULT_YGE15","1995",12395.8,,,,"S3:25_S5:41_T2:81_T3:94"
"EGY","BA:582","EMP_TEMP_SEX_AGE_NB","SEX_F","AGE_YTHADULT_YGE15","1995",2948.4,,,,"S3:25_S5:41_T2:81_T3:94"
"EGY","BA:582","EMP_TEMP_SEX_AGE_NB","SEX_T","AGE_YTHADULT_YGE15","1994",15241.4,,,,"S3:25_S5:41_T2:81_T3:94"
"EGY","BA:582","EMP_TEMP_SEX_AGE_NB","SEX_M","AGE_YTHADULT_YGE15","1994",12144,,,,"S3:25_S5:41_T2:81_T3:94"
"EGY","BA:582","EMP_TEMP_SEX_AGE_NB","SEX_F","AGE_YTHADULT_YGE15","1994",3097.4,,,,"S3:25_S5:41_T2:81_T3:94"
"EGY","BA:582","EMP_TEMP_SEX_AGE_NB","SEX_T","AGE_YTHADULT_YGE15","1993",14703.4,,,,"S3:25_S5:41_T2:81_T3:94"
"EGY","BA:582","EMP_TEMP_SEX_AGE_NB","SEX_M","AGE_YTHADULT_YGE15","1993",11762.8,,,,"S3:25_S5:41_T2:81_T3:94"
"EGY","BA:582","EMP_TEMP_SEX_AGE_NB","SEX_F","AGE_YTHADULT_YGE15","1993",2940.6,,,,"S3:25_S5:41_T2:81_T3:94"
"EGY","BA:582","EMP_TEMP_SEX_AGE_NB","SEX_T","AGE_YTHADULT_YGE15","1992",14398.8,,,,"S3:25_S5:41_T2:81_T3:94"
"EGY","BA:582","EMP_TEMP_SEX_AGE_NB","SEX_M","AGE_YTHADULT_YGE15","1992",11232.1,,,,"S3:25_S5:41_T2:81_T3:94"
"EGY","BA:582","EMP_TEMP_SEX_AGE_NB","SEX_F","AGE_YTHADULT_YGE15","1992",3166.7,,,,"S3:25_S5:41_T2:81_T3:94"
"EGY","BA:582","EMP_TEMP_SEX_AGE_NB","SEX_T","AGE_YTHADULT_YGE15","1991",13826.8,,,,"S3:23_S5:41_T2:81_T3:94"
"EGY","BA:582","EMP_TEMP_SEX_AGE_NB","SEX_M","AGE_YTHADULT_YGE15","1991",10971.7,,,,"S3:23_S5:41_T2:81_T3:94"
"EGY","BA:582","EMP_TEMP_SEX_AGE_NB","SEX_F","AGE_YTHADULT_YGE15","1991",2855.1,,,,"S3:23_S5:41_T2:81_T3:94"
"EGY","BA:582","EMP_TEMP_SEX_AGE_NB","SEX_T","AGE_YTHADULT_YGE15","1990",14361.4,,,,"S3:23_S5:41_T2:81_T3:94"
"EGY","BA:582","EMP_TEMP_SEX_AGE_NB","SEX_M","AGE_YTHADULT_YGE15","1990",10951.2,,,,"S3:23_S5:41_T2:81_T3:94"
"EGY","BA:582","EMP_TEMP_SEX_AGE_NB","SEX_F","AGE_YTHADULT_YGE15","1990",3410.2,,,,"S3:23_S5:41_T2:81_T3:94"
