"ref_area","source","indicator","sex","classif1","time","obs_value","obs_status","note_classif","note_indicator","note_source"
"EGY","BA:582","EAP_DWAP_SEX_AGE_RT","SEX_T","AGE_YTHADULT_YGE15","2024",47.955,"B",,"I11:264","R1:3513"
"EGY","BA:582","EAP_DWAP_SEX_AGE_RT","SEX_T","AGE_YTHADULT_Y15-64","2024",50.03,"B",,"I11:264","R1:3513"
"EGY","BA:582","EAP_DWAP_SEX_AGE_RT","SEX_T","AGE_YTHADULT_Y15-24","2024",28.709,"B",,"I11:264","R1:3513"
"EGY","BA:582","EAP_DWAP_SEX_AGE_RT","SEX_T","AGE_YTHADULT_YGE25","2024",55.168,"B",,"I11:264","R1:3513"
"EGY","BA:582","EAP_DWAP_SEX_AGE_RT","SEX_M","AGE_YTHADULT_YGE15","2024",70.962,"B",,"I11:264","R1:3513"
"EGY","BA:582","EAP_DWAP_SEX_AGE_RT","SEX_M","AGE_YTHADULT_Y15-64","2024",74.114,"B",,"I11:264","R1:3513"
"EGY","BA:582","EAP_DWAP_SEX_AGE_RT","SEX_M","AGE_YTHADULT_Y15-24","2024",40.384,"B",,"I11:264","R1:3513"
"EGY","BA:582","EAP_DWAP_SEX_AGE_RT","SEX_M","AGE_YTHADULT_YGE25","2024",83.606,"B",,"I11:264","R1:3513"
"EGY","BA:582","EAP_DWAP_SEX_AGE_RT","SEX_F","AGE_YTHADULT_YGE15","2024",23.828,"B",,"I11:264","R1:3513"
"EGY","BA:582","EAP_DWAP_SEX_AGE_RT","SEX_F","AGE_YTHADULT_Y15-64","2024",24.847,"B",,"I11:264","R1:3513"
"EGY","BA:582","EAP_DWAP_SEX_AGE_RT","SEX_F","AGE_YTHADULT_Y15-24","2024",14.477,"B",,"I11:264","R1:3513"
"EGY","BA:582","EAP_DWAP_SEX_AGE_RT","SEX_F","AGE_YTHADULT_YGE25","2024",26.973,"B",,"I11:264","R1:3513"
"EGY","BA:582","EAP_DWAP_SEX_AGE_RT","SEX_T","AGE_AGGREGATE_YGE15","2024",47.955,"B",,"I11:264","R1:3513"
"EGY","BA:582","EAP_DWAP_SEX_AGE_RT","SEX_T","AGE_AGGREGATE_Y15-24","2024",28.709,"B",,"I11:264","R1:3513"
"EGY","BA:582","EAP_DWAP_SEX_AGE_RT","SEX_T","AGE_AGGREGATE_Y25-54","2024",62.476,"B",,"I11:264","R1:3513"
"EGY","BA:582","EAP_DWAP_SEX_AGE_RT","SEX_T","AGE_AGGREGATE_Y55-64","2024",41.201,"B",,"I11:264","R1:3513"
"EGY","BA:582","EAP_DWAP_SEX_AGE_RT","SEX_T","AGE_AGGREGATE_YGE65","2024",12.546,"B",,"I11:264","R1:3513"
"EGY","BA:582","EAP_DWAP_SEX_AGE_RT","SEX_M","AGE_AGGREGATE_YGE15","2024",70.962,"B",,"I11:264","R1:3513"
"EGY","BA:582","EAP_DWAP_SEX_AGE_RT","SEX_M","AGE_AGGREGATE_Y15-24","2024",40.384,"B",,"I11:264","R1:3513"
"EGY","BA:582","EAP_DWAP_SEX_AGE_RT","SEX_M","AGE_AGGREGATE_Y25-54","2024",95.278,"B",,"I11:264","R1:3513"
"EGY","BA:582","EAP_DWAP_SEX_AGE_RT","SEX_M","AGE_AGGREGATE_Y55-64","2024",62.222,"B",,"I11:264","R1:3513"
"EGY","BA:582","EAP_DWAP_SEX_AGE_RT","SEX_M","AGE_AGGREGATE_YGE65","2024",18.518,"B",,"I11:264","R1:3513"
"EGY","BA:582","EAP_DWAP_SEX_AGE_RT","SEX_F","AGE_AGGREGATE_YGE15","2024",23.828,"B",,"I11:264","R1:3513"
"EGY","BA:582","EAP_DWAP_SEX_AGE_RT","SEX_F","AGE_AGGREGATE_Y15-24","2024",14.477,"B",,"I11:264","R1:3513"
"EGY","BA:582","EAP_DWAP_SEX_AGE_RT","SEX_F","AGE_AGGREGATE_Y25-54","2024",30.474,"B",,"I11:264","R1:3513"
"EGY","BA:582","EAP_DWAP_SEX_AGE_RT","SEX_F","AGE_AGGREGATE_Y55-64","2024",19.825,"B",,"I11:264","R1:3513"
"EGY","BA:582","EAP_DWAP_SEX_AGE_RT","SEX_F","AGE_AGGREGATE_YGE65","2024",5.965,"B",,"I11:264","R1:3513"
"EGY","BA:582","EAP_DWAP_SEX_AGE_RT","SEX_T","AGE_10YRBANDS_YGE15","2024",47.955,"B",,"I11:264","R1:3513"
"EGY","BA:582","EAP_DWAP_SEX_AGE_RT","SEX_T","AGE_10YRBANDS_Y15-24","2024",28.709,"B",,"I11:264","R1:3513"
"EGY","BA:582","EAP_DWAP_SEX_AGE_RT","SEX_T","AGE_10YRBANDS_Y25-34","2024",61.313,"B",,"I11:264","R1:3513"
"EGY","BA:582","EAP_DWAP_SEX_AGE_RT","SEX_T","AGE_10YRBANDS_Y35-44","2024",63.626,"B",,"I11:264","R1:3513"
"EGY","BA:582","EAP_DWAP_SEX_AGE_RT","SEX_T","AGE_10YRBANDS_Y45-54","2024",62.396,"B",,"I11:264","R1:3513"
"EGY","BA:582","EAP_DWAP_SEX_AGE_RT","SEX_T","AGE_10YRBANDS_Y55-64","2024",41.201,"B",,"I11:264","R1:3513"
"EGY","BA:582","EAP_DWAP_SEX_AGE_RT","SEX_T","AGE_10YRBANDS_YGE65","2024",12.546,"B",,"I11:264","R1:3513"
"EGY","BA:582","EAP_DWAP_SEX_AGE_RT","SEX_M","AGE_10YRBANDS_YGE15","2024",70.962,"B",,"I11:264","R1:3513"
"EGY","BA:582","EAP_DWAP_SEX_AGE_RT","SEX_M","AGE_10YRBANDS_Y15-24","2024",40.384,"B",,"I11:264","R1:3513"
"EGY","BA:582","EAP_DWAP_SEX_AGE_RT","SEX_M","AGE_10YRBANDS_Y25-34","2024",94.602,"B",,"I11:264","R1:3513"
"EGY","BA:582","EAP_DWAP_SEX_AGE_RT","SEX_M","AGE_10YRBANDS_Y35-44","2024",96.574,"B",,"I11:264","R1:3513"
"EGY","BA:582","EAP_DWAP_SEX_AGE_RT","SEX_M","AGE_10YRBANDS_Y45-54","2024",94.376,"B",,"I11:264","R1:3513"
"EGY","BA:582","EAP_DWAP_SEX_AGE_RT","SEX_M","AGE_10YRBANDS_Y55-64","2024",62.222,"B",,"I11:264","R1:3513"
"EGY","BA:582","EAP_DWAP_SEX_AGE_RT","SEX_M","AGE_10YRBANDS_YGE65","2024",18.518,"B",,"I11:264","R1:3513"
"EGY","BA:582","EAP_DWAP_SEX_AGE_RT","SEX_F","AGE_10YRBANDS_YGE15","2024",23.828,"B",,"I11:264","R1:3513"
"EGY","BA:582","EAP_DWAP_SEX_AGE_RT","SEX_F","AGE_10YRBANDS_Y15-24","2024",14.477,"B",,"I11:264","R1:3513"
"EGY","BA:582","EAP_DWAP_SEX_AGE_RT","SEX_F","AGE_10YRBANDS_Y25-34","2024",29.336,"B",,"I11:264","R1:3513"
"EGY","BA:582","EAP_DWAP_SEX_AGE_RT","SEX_F","AGE_10YRBANDS_Y35-44","2024",31.864,"B",,"I11:264","R1:3513"
"EGY","BA:582","EAP_DWAP_SEX_AGE_RT","SEX_F","AGE_10YRBANDS_Y45-54","2024",30.021,"B",,"I11:264","R1:3513"
"EGY","BA:582","EAP_DWAP_SEX_AGE_RT","SEX_F","AGE_10YRBANDS_Y55-64","2024",19.825,"B",,"I11:264","R1:3513"
"EGY","BA:582","EAP_DWAP_SEX_AGE_RT","SEX_F","AGE_10YRBANDS_YGE65","2024",5.965,"B",,"I11:264","R1:3513"
"EGY","BA:582","EAP_DWAP_SEX_AGE_RT","SEX_T","AGE_5YRBANDS_YGE15","2024",47.955,"B",,"I11:264","R1:3513"
"EGY","BA:582","EAP_DWAP_SEX_AGE_RT","SEX_T","AGE_5YRBANDS_Y15-19","2024",16.579,"B",,"I11:264","R1:3513"
"EGY","BA:582","EAP_DWAP_SEX_AGE_RT","SEX_T","AGE_5YRBANDS_Y20-24","2024",43.48,"B",,"I11:264","R1:3513"
"EGY","BA:582","EAP_DWAP_SEX_AGE_RT","SEX_T","AGE_5YRBANDS_Y25-29","2024",60.707,"B",,"I11:264","R1:3513"
"EGY","BA:582","EAP_DWAP_SEX_AGE_RT","SEX_T","AGE_5YRBANDS_Y30-34","2024",61.916,"B",,"I11:264","R1:3513"
"EGY","BA:582","EAP_DWAP_SEX_AGE_RT","SEX_T","AGE_5YRBANDS_Y35-39","2024",63.324,"B",,"I11:264","R1:3513"
"EGY","BA:582","EAP_DWAP_SEX_AGE_RT","SEX_T","AGE_5YRBANDS_Y40-44","2024",63.969,"B",,"I11:264","R1:3513"
"EGY","BA:582","EAP_DWAP_SEX_AGE_RT","SEX_T","AGE_5YRBANDS_Y45-49","2024",63.711,"B",,"I11:264","R1:3513"
"EGY","BA:582","EAP_DWAP_SEX_AGE_RT","SEX_T","AGE_5YRBANDS_Y50-54","2024",60.896,"B",,"I11:264","R1:3513"
"EGY","BA:582","EAP_DWAP_SEX_AGE_RT","SEX_T","AGE_5YRBANDS_Y55-59","2024",56.595,"B",,"I11:264","R1:3513"
"EGY","BA:582","EAP_DWAP_SEX_AGE_RT","SEX_T","AGE_5YRBANDS_Y60-64","2024",25.578,"B",,"I11:264","R1:3513"
"EGY","BA:582","EAP_DWAP_SEX_AGE_RT","SEX_T","AGE_5YRBANDS_YGE65","2024",12.546,"B",,"I11:264","R1:3513"
"EGY","BA:582","EAP_DWAP_SEX_AGE_RT","SEX_M","AGE_5YRBANDS_YGE15","2024",70.962,"B",,"I11:264","R1:3513"
"EGY","BA:582","EAP_DWAP_SEX_AGE_RT","SEX_M","AGE_5YRBANDS_Y15-19","2024",25.065,"B",,"I11:264","R1:3513"
"EGY","BA:582","EAP_DWAP_SEX_AGE_RT","SEX_M","AGE_5YRBANDS_Y20-24","2024",58.563,"B",,"I11:264","R1:3513"
"EGY","BA:582","EAP_DWAP_SEX_AGE_RT","SEX_M","AGE_5YRBANDS_Y25-29","2024",92.888,"B",,"I11:264","R1:3513"
"EGY","BA:582","EAP_DWAP_SEX_AGE_RT","SEX_M","AGE_5YRBANDS_Y30-34","2024",96.307,"B",,"I11:264","R1:3513"
"EGY","BA:582","EAP_DWAP_SEX_AGE_RT","SEX_M","AGE_5YRBANDS_Y35-39","2024",96.819,"B",,"I11:264","R1:3513"
"EGY","BA:582","EAP_DWAP_SEX_AGE_RT","SEX_M","AGE_5YRBANDS_Y40-44","2024",96.299,"B",,"I11:264","R1:3513"
"EGY","BA:582","EAP_DWAP_SEX_AGE_RT","SEX_M","AGE_5YRBANDS_Y45-49","2024",95.837,"B",,"I11:264","R1:3513"
"EGY","BA:582","EAP_DWAP_SEX_AGE_RT","SEX_M","AGE_5YRBANDS_Y50-54","2024",92.7,"B",,"I11:264","R1:3513"
"EGY","BA:582","EAP_DWAP_SEX_AGE_RT","SEX_M","AGE_5YRBANDS_Y55-59","2024",84.368,"B",,"I11:264","R1:3513"
"EGY","BA:582","EAP_DWAP_SEX_AGE_RT","SEX_M","AGE_5YRBANDS_Y60-64","2024",39.609,"B",,"I11:264","R1:3513"
"EGY","BA:582","EAP_DWAP_SEX_AGE_RT","SEX_M","AGE_5YRBANDS_YGE65","2024",18.518,"B",,"I11:264","R1:3513"
"EGY","BA:582","EAP_DWAP_SEX_AGE_RT","SEX_F","AGE_5YRBANDS_YGE15","2024",23.828,"B",,"I11:264","R1:3513"
"EGY","BA:582","EAP_DWAP_SEX_AGE_RT","SEX_F","AGE_5YRBANDS_Y15-19","2024",6.5,"B",,"I11:264","R1:3513"
"EGY","BA:582","EAP_DWAP_SEX_AGE_RT","SEX_F","AGE_5YRBANDS_Y20-24","2024",24.504,"B",,"I11:264","R1:3513"
"EGY","BA:582","EAP_DWAP_SEX_AGE_RT","SEX_F","AGE_5YRBANDS_Y25-29","2024",29.786,"B",,"I11:264","R1:3513"
"EGY","BA:582","EAP_DWAP_SEX_AGE_RT","SEX_F","AGE_5YRBANDS_Y30-34","2024",28.888,"B",,"I11:264","R1:3513"
"EGY","BA:582","EAP_DWAP_SEX_AGE_RT","SEX_F","AGE_5YRBANDS_Y35-39","2024",31.475,"B",,"I11:264","R1:3513"
"EGY","BA:582","EAP_DWAP_SEX_AGE_RT","SEX_F","AGE_5YRBANDS_Y40-44","2024",32.312,"B",,"I11:264","R1:3513"
"EGY","BA:582","EAP_DWAP_SEX_AGE_RT","SEX_F","AGE_5YRBANDS_Y45-49","2024",31.007,"B",,"I11:264","R1:3513"
"EGY","BA:582","EAP_DWAP_SEX_AGE_RT","SEX_F","AGE_5YRBANDS_Y50-54","2024",28.902,"B",,"I11:264","R1:3513"
"EGY","BA:582","EAP_DWAP_SEX_AGE_RT","SEX_F","AGE_5YRBANDS_Y55-59","2024",28.179,"B",,"I11:264","R1:3513"
"EGY","BA:582","EAP_DWAP_SEX_AGE_RT","SEX_F","AGE_5YRBANDS_Y60-64","2024",11.4,"B",,"I11:264","R1:3513"
"EGY","BA:582","EAP_DWAP_SEX_AGE_RT","SEX_F","AGE_5YRBANDS_YGE65","2024",5.965,"B",,"I11:264","R1:3513"
"EGY","BA:582","EAP_DWAP_SEX_AGE_RT","SEX_T","AGE_YTHADULT_YGE15","2023",44.669,,,,"R1:3513"
"EGY","BA:582","EAP_DWAP_SEX_AGE_RT","SEX_T","AGE_YTHADULT_Y15-64","2023",46.642,,,,"R1:3513"
"EGY","BA:582","EAP_DWAP_SEX_AGE_RT","SEX_T","AGE_YTHADULT_Y15-24","2023",23.513,,,,"R1:3513"
"EGY","BA:582","EAP_DWAP_SEX_AGE_RT","SEX_T","AGE_YTHADULT_YGE25","2023",52.653,,,,"R1:3513"
"EGY","BA:582","EAP_DWAP_SEX_AGE_RT","SEX_M","AGE_YTHADULT_YGE15","2023",69.842,,,,"R1:3513"
"EGY","BA:582","EAP_DWAP_SEX_AGE_RT","SEX_M","AGE_YTHADULT_Y15-64","2023",72.95,,,,"R1:3513"
"EGY","BA:582","EAP_DWAP_SEX_AGE_RT","SEX_M","AGE_YTHADULT_Y15-24","2023",35.609,,,,"R1:3513"
"EGY","BA:582","EAP_DWAP_SEX_AGE_RT","SEX_M","AGE_YTHADULT_YGE25","2023",83.688,,,,"R1:3513"
"EGY","BA:582","EAP_DWAP_SEX_AGE_RT","SEX_F","AGE_YTHADULT_YGE15","2023",18.254,,,,"R1:3513"
"EGY","BA:582","EAP_DWAP_SEX_AGE_RT","SEX_F","AGE_YTHADULT_Y15-64","2023",19.117,,,,"R1:3513"
"EGY","BA:582","EAP_DWAP_SEX_AGE_RT","SEX_F","AGE_YTHADULT_Y15-24","2023",9.416,,,,"R1:3513"
"EGY","BA:582","EAP_DWAP_SEX_AGE_RT","SEX_F","AGE_YTHADULT_YGE25","2023",21.347,,,,"R1:3513"
"EGY","BA:582","EAP_DWAP_SEX_AGE_RT","SEX_T","AGE_AGGREGATE_YGE15","2023",44.669,,,,"R1:3513"
"EGY","BA:582","EAP_DWAP_SEX_AGE_RT","SEX_T","AGE_AGGREGATE_Y15-24","2023",23.513,,,,"R1:3513"
"EGY","BA:582","EAP_DWAP_SEX_AGE_RT","SEX_T","AGE_AGGREGATE_Y25-54","2023",59.325,,,,"R1:3513"
"EGY","BA:582","EAP_DWAP_SEX_AGE_RT","SEX_T","AGE_AGGREGATE_Y55-64","2023",40.888,,,,"R1:3513"
"EGY","BA:582","EAP_DWAP_SEX_AGE_RT","SEX_T","AGE_AGGREGATE_YGE65","2023",11.12,,,,"R1:3513"
"EGY","BA:582","EAP_DWAP_SEX_AGE_RT","SEX_M","AGE_AGGREGATE_YGE15","2023",69.842,,,,"R1:3513"
"EGY","BA:582","EAP_DWAP_SEX_AGE_RT","SEX_M","AGE_AGGREGATE_Y15-24","2023",35.609,,,,"R1:3513"
"EGY","BA:582","EAP_DWAP_SEX_AGE_RT","SEX_M","AGE_AGGREGATE_Y25-54","2023",94.447,,,,"R1:3513"
"EGY","BA:582","EAP_DWAP_SEX_AGE_RT","SEX_M","AGE_AGGREGATE_Y55-64","2023",65.801,,,,"R1:3513"
"EGY","BA:582","EAP_DWAP_SEX_AGE_RT","SEX_M","AGE_AGGREGATE_YGE65","2023",18.327,,,,"R1:3513"
"EGY","BA:582","EAP_DWAP_SEX_AGE_RT","SEX_F","AGE_AGGREGATE_YGE15","2023",18.254,,,,"R1:3513"
"EGY","BA:582","EAP_DWAP_SEX_AGE_RT","SEX_F","AGE_AGGREGATE_Y15-24","2023",9.416,,,,"R1:3513"
"EGY","BA:582","EAP_DWAP_SEX_AGE_RT","SEX_F","AGE_AGGREGATE_Y25-54","2023",24.337,,,,"R1:3513"
"EGY","BA:582","EAP_DWAP_SEX_AGE_RT","SEX_F","AGE_AGGREGATE_Y55-64","2023",15.35,,,,"R1:3513"
"EGY","BA:582","EAP_DWAP_SEX_AGE_RT","SEX_F","AGE_AGGREGATE_YGE65","2023",3.167,,,,"R1:3513"
"EGY","BA:582","EAP_DWAP_SEX_AGE_RT","SEX_T","AGE_10YRBANDS_YGE15","2023",44.669,,,,"R1:3513"
"EGY","BA:582","EAP_DWAP_SEX_AGE_RT","SEX_T","AGE_10YRBANDS_Y15-24","2023",23.513,,,,"R1:3513"
"EGY","BA:582","EAP_DWAP_SEX_AGE_RT","SEX_T","AGE_10YRBANDS_Y25-34","2023",57.736,,,,"R1:3513"
"EGY","BA:582","EAP_DWAP_SEX_AGE_RT","SEX_T","AGE_10YRBANDS_Y35-44","2023",60.872,,,,"R1:3513"
"EGY","BA:582","EAP_DWAP_SEX_AGE_RT","SEX_T","AGE_10YRBANDS_Y45-54","2023",59.323,,,,"R1:3513"
"EGY","BA:582","EAP_DWAP_SEX_AGE_RT","SEX_T","AGE_10YRBANDS_Y55-64","2023",40.888,,,,"R1:3513"
"EGY","BA:582","EAP_DWAP_SEX_AGE_RT","SEX_T","AGE_10YRBANDS_YGE65","2023",11.12,,,,"R1:3513"
"EGY","BA:582","EAP_DWAP_SEX_AGE_RT","SEX_M","AGE_10YRBANDS_YGE15","2023",69.842,,,,"R1:3513"
"EGY","BA:582","EAP_DWAP_SEX_AGE_RT","SEX_M","AGE_10YRBANDS_Y15-24","2023",35.609,,,,"R1:3513"
"EGY","BA:582","EAP_DWAP_SEX_AGE_RT","SEX_M","AGE_10YRBANDS_Y25-34","2023",93.064,,,,"R1:3513"
"EGY","BA:582","EAP_DWAP_SEX_AGE_RT","SEX_M","AGE_10YRBANDS_Y35-44","2023",96.236,,,,"R1:3513"
"EGY","BA:582","EAP_DWAP_SEX_AGE_RT","SEX_M","AGE_10YRBANDS_Y45-54","2023",93.791,,,,"R1:3513"
"EGY","BA:582","EAP_DWAP_SEX_AGE_RT","SEX_M","AGE_10YRBANDS_Y55-64","2023",65.801,,,,"R1:3513"
"EGY","BA:582","EAP_DWAP_SEX_AGE_RT","SEX_M","AGE_10YRBANDS_YGE65","2023",18.327,,,,"R1:3513"
"EGY","BA:582","EAP_DWAP_SEX_AGE_RT","SEX_F","AGE_10YRBANDS_YGE15","2023",18.254,,,,"R1:3513"
"EGY","BA:582","EAP_DWAP_SEX_AGE_RT","SEX_F","AGE_10YRBANDS_Y15-24","2023",9.416,,,,"R1:3513"
"EGY","BA:582","EAP_DWAP_SEX_AGE_RT","SEX_F","AGE_10YRBANDS_Y25-34","2023",23.243,,,,"R1:3513"
"EGY","BA:582","EAP_DWAP_SEX_AGE_RT","SEX_F","AGE_10YRBANDS_Y35-44","2023",25.563,,,,"R1:3513"
"EGY","BA:582","EAP_DWAP_SEX_AGE_RT","SEX_F","AGE_10YRBANDS_Y45-54","2023",24.118,,,,"R1:3513"
"EGY","BA:582","EAP_DWAP_SEX_AGE_RT","SEX_F","AGE_10YRBANDS_Y55-64","2023",15.35,,,,"R1:3513"
"EGY","BA:582","EAP_DWAP_SEX_AGE_RT","SEX_F","AGE_10YRBANDS_YGE65","2023",3.167,,,,"R1:3513"
"EGY","BA:582","EAP_DWAP_SEX_AGE_RT","SEX_T","AGE_5YRBANDS_YGE15","2023",44.669,,,,"R1:3513"
"EGY","BA:582","EAP_DWAP_SEX_AGE_RT","SEX_T","AGE_5YRBANDS_Y15-19","2023",12.856,,,,"R1:3513"
"EGY","BA:582","EAP_DWAP_SEX_AGE_RT","SEX_T","AGE_5YRBANDS_Y20-24","2023",36.216,,,,"R1:3513"
"EGY","BA:582","EAP_DWAP_SEX_AGE_RT","SEX_T","AGE_5YRBANDS_Y25-29","2023",57.698,,,,"R1:3513"
"EGY","BA:582","EAP_DWAP_SEX_AGE_RT","SEX_T","AGE_5YRBANDS_Y30-34","2023",57.775,,,,"R1:3513"
"EGY","BA:582","EAP_DWAP_SEX_AGE_RT","SEX_T","AGE_5YRBANDS_Y35-39","2023",60.254,,,,"R1:3513"
"EGY","BA:582","EAP_DWAP_SEX_AGE_RT","SEX_T","AGE_5YRBANDS_Y40-44","2023",61.584,,,,"R1:3513"
"EGY","BA:582","EAP_DWAP_SEX_AGE_RT","SEX_T","AGE_5YRBANDS_Y45-49","2023",60.182,,,,"R1:3513"
"EGY","BA:582","EAP_DWAP_SEX_AGE_RT","SEX_T","AGE_5YRBANDS_Y50-54","2023",58.349,,,,"R1:3513"
"EGY","BA:582","EAP_DWAP_SEX_AGE_RT","SEX_T","AGE_5YRBANDS_Y55-59","2023",56.059,,,,"R1:3513"
"EGY","BA:582","EAP_DWAP_SEX_AGE_RT","SEX_T","AGE_5YRBANDS_Y60-64","2023",24.126,,,,"R1:3513"
"EGY","BA:582","EAP_DWAP_SEX_AGE_RT","SEX_T","AGE_5YRBANDS_YGE65","2023",11.12,,,,"R1:3513"
"EGY","BA:582","EAP_DWAP_SEX_AGE_RT","SEX_M","AGE_5YRBANDS_YGE15","2023",69.842,,,,"R1:3513"
"EGY","BA:582","EAP_DWAP_SEX_AGE_RT","SEX_M","AGE_5YRBANDS_Y15-19","2023",20.65,,,,"R1:3513"
"EGY","BA:582","EAP_DWAP_SEX_AGE_RT","SEX_M","AGE_5YRBANDS_Y20-24","2023",53.556,,,,"R1:3513"
"EGY","BA:582","EAP_DWAP_SEX_AGE_RT","SEX_M","AGE_5YRBANDS_Y25-29","2023",90.679,,,,"R1:3513"
"EGY","BA:582","EAP_DWAP_SEX_AGE_RT","SEX_M","AGE_5YRBANDS_Y30-34","2023",95.576,,,,"R1:3513"
"EGY","BA:582","EAP_DWAP_SEX_AGE_RT","SEX_M","AGE_5YRBANDS_Y35-39","2023",96.611,,,,"R1:3513"
"EGY","BA:582","EAP_DWAP_SEX_AGE_RT","SEX_M","AGE_5YRBANDS_Y40-44","2023",95.812,,,,"R1:3513"
"EGY","BA:582","EAP_DWAP_SEX_AGE_RT","SEX_M","AGE_5YRBANDS_Y45-49","2023",95.417,,,,"R1:3513"
"EGY","BA:582","EAP_DWAP_SEX_AGE_RT","SEX_M","AGE_5YRBANDS_Y50-54","2023",91.972,,,,"R1:3513"
"EGY","BA:582","EAP_DWAP_SEX_AGE_RT","SEX_M","AGE_5YRBANDS_Y55-59","2023",87.361,,,,"R1:3513"
"EGY","BA:582","EAP_DWAP_SEX_AGE_RT","SEX_M","AGE_5YRBANDS_Y60-64","2023",40.926,,,,"R1:3513"
"EGY","BA:582","EAP_DWAP_SEX_AGE_RT","SEX_M","AGE_5YRBANDS_YGE65","2023",18.327,,,,"R1:3513"
"EGY","BA:582","EAP_DWAP_SEX_AGE_RT","SEX_F","AGE_5YRBANDS_YGE15","2023",18.254,,,,"R1:3513"
"EGY","BA:582","EAP_DWAP_SEX_AGE_RT","SEX_F","AGE_5YRBANDS_Y15-19","2023",3.712,,,,"R1:3513"
"EGY","BA:582","EAP_DWAP_SEX_AGE_RT","SEX_F","AGE_5YRBANDS_Y20-24","2023",16.163,,,,"R1:3513"
"EGY","BA:582","EAP_DWAP_SEX_AGE_RT","SEX_F","AGE_5YRBANDS_Y25-29","2023",24.478,,,,"R1:3513"
"EGY","BA:582","EAP_DWAP_SEX_AGE_RT","SEX_F","AGE_5YRBANDS_Y30-34","2023",22.02,,,,"R1:3513"
"EGY","BA:582","EAP_DWAP_SEX_AGE_RT","SEX_F","AGE_5YRBANDS_Y35-39","2023",24.703,,,,"R1:3513"
"EGY","BA:582","EAP_DWAP_SEX_AGE_RT","SEX_F","AGE_5YRBANDS_Y40-44","2023",26.577,,,,"R1:3513"
"EGY","BA:582","EAP_DWAP_SEX_AGE_RT","SEX_F","AGE_5YRBANDS_Y45-49","2023",24.612,,,,"R1:3513"
"EGY","BA:582","EAP_DWAP_SEX_AGE_RT","SEX_F","AGE_5YRBANDS_Y50-54","2023",23.552,,,,"R1:3513"
"EGY","BA:582","EAP_DWAP_SEX_AGE_RT","SEX_F","AGE_5YRBANDS_Y55-59","2023",22.61,,,,"R1:3513"
"EGY","BA:582","EAP_DWAP_SEX_AGE_RT","SEX_F","AGE_5YRBANDS_Y60-64","2023",7.674,,,,"R1:3513"
"EGY","BA:582","EAP_DWAP_SEX_AGE_RT","SEX_F","AGE_5YRBANDS_YGE65","2023",3.167,,,,"R1:3513"
"EGY","BA:582","EAP_DWAP_SEX_AGE_RT","SEX_T","AGE_YTHADULT_YGE15","2022",42.837,,,,"R1:3513"
"EGY","BA:582","EAP_DWAP_SEX_AGE_RT","SEX_T","AGE_YTHADULT_Y15-64","2022",44.769,,,,"R1:3513"
"EGY","BA:582","EAP_DWAP_SEX_AGE_RT","SEX_T","AGE_YTHADULT_Y15-24","2022",22.587,,,,"R1:3513"
"EGY","BA:582","EAP_DWAP_SEX_AGE_RT","SEX_T","AGE_YTHADULT_YGE25","2022",50.356,,,,"R1:3513"
"EGY","BA:582","EAP_DWAP_SEX_AGE_RT","SEX_M","AGE_YTHADULT_YGE15","2022",69.201,,,,"R1:3513"
"EGY","BA:582","EAP_DWAP_SEX_AGE_RT","SEX_M","AGE_YTHADULT_Y15-64","2022",72.348,,,,"R1:3513"
"EGY","BA:582","EAP_DWAP_SEX_AGE_RT","SEX_M","AGE_YTHADULT_Y15-24","2022",34.997,,,,"R1:3513"
"EGY","BA:582","EAP_DWAP_SEX_AGE_RT","SEX_M","AGE_YTHADULT_YGE25","2022",82.934,,,,"R1:3513"
"EGY","BA:582","EAP_DWAP_SEX_AGE_RT","SEX_F","AGE_YTHADULT_YGE15","2022",15.001,,,,"R1:3513"
"EGY","BA:582","EAP_DWAP_SEX_AGE_RT","SEX_F","AGE_YTHADULT_Y15-64","2022",15.735,,,,"R1:3513"
"EGY","BA:582","EAP_DWAP_SEX_AGE_RT","SEX_F","AGE_YTHADULT_Y15-24","2022",7.813,,,,"R1:3513"
"EGY","BA:582","EAP_DWAP_SEX_AGE_RT","SEX_F","AGE_YTHADULT_YGE25","2022",17.449,,,,"R1:3513"
"EGY","BA:582","EAP_DWAP_SEX_AGE_RT","SEX_T","AGE_AGGREGATE_YGE15","2022",42.837,,,,"R1:3513"
"EGY","BA:582","EAP_DWAP_SEX_AGE_RT","SEX_T","AGE_AGGREGATE_Y15-24","2022",22.587,,,,"R1:3513"
"EGY","BA:582","EAP_DWAP_SEX_AGE_RT","SEX_T","AGE_AGGREGATE_Y25-54","2022",56.855,,,,"R1:3513"
"EGY","BA:582","EAP_DWAP_SEX_AGE_RT","SEX_T","AGE_AGGREGATE_Y55-64","2022",38.328,,,,"R1:3513"
"EGY","BA:582","EAP_DWAP_SEX_AGE_RT","SEX_T","AGE_AGGREGATE_YGE65","2022",9.478,,,,"R1:3513"
"EGY","BA:582","EAP_DWAP_SEX_AGE_RT","SEX_M","AGE_AGGREGATE_YGE15","2022",69.201,,,,"R1:3513"
"EGY","BA:582","EAP_DWAP_SEX_AGE_RT","SEX_M","AGE_AGGREGATE_Y15-24","2022",34.997,,,,"R1:3513"
"EGY","BA:582","EAP_DWAP_SEX_AGE_RT","SEX_M","AGE_AGGREGATE_Y25-54","2022",94.155,,,,"R1:3513"
"EGY","BA:582","EAP_DWAP_SEX_AGE_RT","SEX_M","AGE_AGGREGATE_Y55-64","2022",62.578,,,,"R1:3513"
"EGY","BA:582","EAP_DWAP_SEX_AGE_RT","SEX_M","AGE_AGGREGATE_YGE65","2022",16.236,,,,"R1:3513"
"EGY","BA:582","EAP_DWAP_SEX_AGE_RT","SEX_F","AGE_AGGREGATE_YGE15","2022",15.001,,,,"R1:3513"
"EGY","BA:582","EAP_DWAP_SEX_AGE_RT","SEX_F","AGE_AGGREGATE_Y15-24","2022",7.813,,,,"R1:3513"
"EGY","BA:582","EAP_DWAP_SEX_AGE_RT","SEX_F","AGE_AGGREGATE_Y25-54","2022",19.775,,,,"R1:3513"
"EGY","BA:582","EAP_DWAP_SEX_AGE_RT","SEX_F","AGE_AGGREGATE_Y55-64","2022",13.039,,,,"R1:3513"
"EGY","BA:582","EAP_DWAP_SEX_AGE_RT","SEX_F","AGE_AGGREGATE_YGE65","2022",1.971,,,,"R1:3513"
"EGY","BA:582","EAP_DWAP_SEX_AGE_RT","SEX_T","AGE_10YRBANDS_YGE15","2022",42.837,,,,"R1:3513"
"EGY","BA:582","EAP_DWAP_SEX_AGE_RT","SEX_T","AGE_10YRBANDS_Y15-24","2022",22.587,,,,"R1:3513"
"EGY","BA:582","EAP_DWAP_SEX_AGE_RT","SEX_T","AGE_10YRBANDS_Y25-34","2022",55.497,,,,"R1:3513"
"EGY","BA:582","EAP_DWAP_SEX_AGE_RT","SEX_T","AGE_10YRBANDS_Y35-44","2022",58.178,,,,"R1:3513"
"EGY","BA:582","EAP_DWAP_SEX_AGE_RT","SEX_T","AGE_10YRBANDS_Y45-54","2022",56.95,,,,"R1:3513"
"EGY","BA:582","EAP_DWAP_SEX_AGE_RT","SEX_T","AGE_10YRBANDS_Y55-64","2022",38.328,,,,"R1:3513"
"EGY","BA:582","EAP_DWAP_SEX_AGE_RT","SEX_T","AGE_10YRBANDS_YGE65","2022",9.478,,,,"R1:3513"
"EGY","BA:582","EAP_DWAP_SEX_AGE_RT","SEX_M","AGE_10YRBANDS_YGE15","2022",69.201,,,,"R1:3513"
"EGY","BA:582","EAP_DWAP_SEX_AGE_RT","SEX_M","AGE_10YRBANDS_Y15-24","2022",34.997,,,,"R1:3513"
"EGY","BA:582","EAP_DWAP_SEX_AGE_RT","SEX_M","AGE_10YRBANDS_Y25-34","2022",93.098,,,,"R1:3513"
"EGY","BA:582","EAP_DWAP_SEX_AGE_RT","SEX_M","AGE_10YRBANDS_Y35-44","2022",96.132,,,,"R1:3513"
"EGY","BA:582","EAP_DWAP_SEX_AGE_RT","SEX_M","AGE_10YRBANDS_Y45-54","2022",92.901,,,,"R1:3513"
"EGY","BA:582","EAP_DWAP_SEX_AGE_RT","SEX_M","AGE_10YRBANDS_Y55-64","2022",62.578,,,,"R1:3513"
"EGY","BA:582","EAP_DWAP_SEX_AGE_RT","SEX_M","AGE_10YRBANDS_YGE65","2022",16.236,,,,"R1:3513"
"EGY","BA:582","EAP_DWAP_SEX_AGE_RT","SEX_F","AGE_10YRBANDS_YGE15","2022",15.001,,,,"R1:3513"
"EGY","BA:582","EAP_DWAP_SEX_AGE_RT","SEX_F","AGE_10YRBANDS_Y15-24","2022",7.813,,,,"R1:3513"
"EGY","BA:582","EAP_DWAP_SEX_AGE_RT","SEX_F","AGE_10YRBANDS_Y25-34","2022",18.695,,,,"R1:3513"
"EGY","BA:582","EAP_DWAP_SEX_AGE_RT","SEX_F","AGE_10YRBANDS_Y35-44","2022",20.609,,,,"R1:3513"
"EGY","BA:582","EAP_DWAP_SEX_AGE_RT","SEX_F","AGE_10YRBANDS_Y45-54","2022",20.175,,,,"R1:3513"
"EGY","BA:582","EAP_DWAP_SEX_AGE_RT","SEX_F","AGE_10YRBANDS_Y55-64","2022",13.039,,,,"R1:3513"
"EGY","BA:582","EAP_DWAP_SEX_AGE_RT","SEX_F","AGE_10YRBANDS_YGE65","2022",1.971,,,,"R1:3513"
"EGY","BA:582","EAP_DWAP_SEX_AGE_RT","SEX_T","AGE_5YRBANDS_YGE15","2022",42.837,,,,"R1:3513"
"EGY","BA:582","EAP_DWAP_SEX_AGE_RT","SEX_T","AGE_5YRBANDS_Y15-19","2022",11.89,,,,"R1:3513"
"EGY","BA:582","EAP_DWAP_SEX_AGE_RT","SEX_T","AGE_5YRBANDS_Y20-24","2022",34.803,,,,"R1:3513"
"EGY","BA:582","EAP_DWAP_SEX_AGE_RT","SEX_T","AGE_5YRBANDS_Y25-29","2022",54.609,,,,"R1:3513"
"EGY","BA:582","EAP_DWAP_SEX_AGE_RT","SEX_T","AGE_5YRBANDS_Y30-34","2022",56.368,,,,"R1:3513"
"EGY","BA:582","EAP_DWAP_SEX_AGE_RT","SEX_T","AGE_5YRBANDS_Y35-39","2022",57.571,,,,"R1:3513"
"EGY","BA:582","EAP_DWAP_SEX_AGE_RT","SEX_T","AGE_5YRBANDS_Y40-44","2022",58.9,,,,"R1:3513"
"EGY","BA:582","EAP_DWAP_SEX_AGE_RT","SEX_T","AGE_5YRBANDS_Y45-49","2022",58.398,,,,"R1:3513"
"EGY","BA:582","EAP_DWAP_SEX_AGE_RT","SEX_T","AGE_5YRBANDS_Y50-54","2022",55.306,,,,"R1:3513"
"EGY","BA:582","EAP_DWAP_SEX_AGE_RT","SEX_T","AGE_5YRBANDS_Y55-59","2022",52.8,,,,"R1:3513"
"EGY","BA:582","EAP_DWAP_SEX_AGE_RT","SEX_T","AGE_5YRBANDS_Y60-64","2022",21.383,,,,"R1:3513"
"EGY","BA:582","EAP_DWAP_SEX_AGE_RT","SEX_T","AGE_5YRBANDS_YGE65","2022",9.478,,,,"R1:3513"
"EGY","BA:582","EAP_DWAP_SEX_AGE_RT","SEX_M","AGE_5YRBANDS_YGE15","2022",69.201,,,,"R1:3513"
"EGY","BA:582","EAP_DWAP_SEX_AGE_RT","SEX_M","AGE_5YRBANDS_Y15-19","2022",19.704,,,,"R1:3513"
"EGY","BA:582","EAP_DWAP_SEX_AGE_RT","SEX_M","AGE_5YRBANDS_Y20-24","2022",52.495,,,,"R1:3513"
"EGY","BA:582","EAP_DWAP_SEX_AGE_RT","SEX_M","AGE_5YRBANDS_Y25-29","2022",90.46,,,,"R1:3513"
"EGY","BA:582","EAP_DWAP_SEX_AGE_RT","SEX_M","AGE_5YRBANDS_Y30-34","2022",95.662,,,,"R1:3513"
"EGY","BA:582","EAP_DWAP_SEX_AGE_RT","SEX_M","AGE_5YRBANDS_Y35-39","2022",96.163,,,,"R1:3513"
"EGY","BA:582","EAP_DWAP_SEX_AGE_RT","SEX_M","AGE_5YRBANDS_Y40-44","2022",96.096,,,,"R1:3513"
"EGY","BA:582","EAP_DWAP_SEX_AGE_RT","SEX_M","AGE_5YRBANDS_Y45-49","2022",94.547,,,,"R1:3513"
"EGY","BA:582","EAP_DWAP_SEX_AGE_RT","SEX_M","AGE_5YRBANDS_Y50-54","2022",90.995,,,,"R1:3513"
"EGY","BA:582","EAP_DWAP_SEX_AGE_RT","SEX_M","AGE_5YRBANDS_Y55-59","2022",84.585,,,,"R1:3513"
"EGY","BA:582","EAP_DWAP_SEX_AGE_RT","SEX_M","AGE_5YRBANDS_Y60-64","2022",37.38,,,,"R1:3513"
"EGY","BA:582","EAP_DWAP_SEX_AGE_RT","SEX_M","AGE_5YRBANDS_YGE65","2022",16.236,,,,"R1:3513"
"EGY","BA:582","EAP_DWAP_SEX_AGE_RT","SEX_F","AGE_5YRBANDS_YGE15","2022",15.001,,,,"R1:3513"
"EGY","BA:582","EAP_DWAP_SEX_AGE_RT","SEX_F","AGE_5YRBANDS_Y15-19","2022",2.571,,,,"R1:3513"
"EGY","BA:582","EAP_DWAP_SEX_AGE_RT","SEX_F","AGE_5YRBANDS_Y20-24","2022",13.787,,,,"R1:3513"
"EGY","BA:582","EAP_DWAP_SEX_AGE_RT","SEX_F","AGE_5YRBANDS_Y25-29","2022",19.839,,,,"R1:3513"
"EGY","BA:582","EAP_DWAP_SEX_AGE_RT","SEX_F","AGE_5YRBANDS_Y30-34","2022",17.562,,,,"R1:3513"
"EGY","BA:582","EAP_DWAP_SEX_AGE_RT","SEX_F","AGE_5YRBANDS_Y35-39","2022",20.09,,,,"R1:3513"
"EGY","BA:582","EAP_DWAP_SEX_AGE_RT","SEX_F","AGE_5YRBANDS_Y40-44","2022",21.241,,,,"R1:3513"
"EGY","BA:582","EAP_DWAP_SEX_AGE_RT","SEX_F","AGE_5YRBANDS_Y45-49","2022",20.723,,,,"R1:3513"
"EGY","BA:582","EAP_DWAP_SEX_AGE_RT","SEX_F","AGE_5YRBANDS_Y50-54","2022",19.564,,,,"R1:3513"
"EGY","BA:582","EAP_DWAP_SEX_AGE_RT","SEX_F","AGE_5YRBANDS_Y55-59","2022",20.343,,,,"R1:3513"
"EGY","BA:582","EAP_DWAP_SEX_AGE_RT","SEX_F","AGE_5YRBANDS_Y60-64","2022",4.286,,,,"R1:3513"
"EGY","BA:582","EAP_DWAP_SEX_AGE_RT","SEX_F","AGE_5YRBANDS_YGE65","2022",1.971,,,,"R1:3513"
"EGY","BA:582","EAP_DWAP_SEX_AGE_RT","SEX_T","AGE_YTHADULT_YGE15","2021",42.987,,,,"R1:3513"
"EGY","BA:582","EAP_DWAP_SEX_AGE_RT","SEX_T","AGE_YTHADULT_Y15-64","2021",45.351,,,,"R1:3513"
"EGY","BA:582","EAP_DWAP_SEX_AGE_RT","SEX_T","AGE_YTHADULT_Y15-24","2021",24.111,,,,"R1:3513"
"EGY","BA:582","EAP_DWAP_SEX_AGE_RT","SEX_T","AGE_YTHADULT_YGE25","2021",50.91,,,,"R1:3513"
"EGY","BA:582","EAP_DWAP_SEX_AGE_RT","SEX_M","AGE_YTHADULT_YGE15","2021",69.103,,,,"R1:3513"
"EGY","BA:582","EAP_DWAP_SEX_AGE_RT","SEX_M","AGE_YTHADULT_Y15-64","2021",72.759,,,,"R1:3513"
"EGY","BA:582","EAP_DWAP_SEX_AGE_RT","SEX_M","AGE_YTHADULT_Y15-24","2021",38.383,,,,"R1:3513"
"EGY","BA:582","EAP_DWAP_SEX_AGE_RT","SEX_M","AGE_YTHADULT_YGE25","2021",82.49,,,,"R1:3513"
"EGY","BA:582","EAP_DWAP_SEX_AGE_RT","SEX_F","AGE_YTHADULT_YGE15","2021",15.341,,,,"R1:3513"
"EGY","BA:582","EAP_DWAP_SEX_AGE_RT","SEX_F","AGE_YTHADULT_Y15-64","2021",16.313,,,,"R1:3513"
"EGY","BA:582","EAP_DWAP_SEX_AGE_RT","SEX_F","AGE_YTHADULT_Y15-24","2021",8.148,,,,"R1:3513"
"EGY","BA:582","EAP_DWAP_SEX_AGE_RT","SEX_F","AGE_YTHADULT_YGE25","2021",18.24,,,,"R1:3513"
"EGY","BA:582","EAP_DWAP_SEX_AGE_RT","SEX_T","AGE_AGGREGATE_YGE15","2021",42.987,,,,"R1:3513"
"EGY","BA:582","EAP_DWAP_SEX_AGE_RT","SEX_T","AGE_AGGREGATE_Y15-24","2021",24.111,,,,"R1:3513"
"EGY","BA:582","EAP_DWAP_SEX_AGE_RT","SEX_T","AGE_AGGREGATE_Y25-54","2021",58.286,,,,"R1:3513"
"EGY","BA:582","EAP_DWAP_SEX_AGE_RT","SEX_T","AGE_AGGREGATE_Y55-64","2021",39.754,,,,"R1:3513"
"EGY","BA:582","EAP_DWAP_SEX_AGE_RT","SEX_T","AGE_AGGREGATE_YGE65","2021",9.954,,,,"R1:3513"
"EGY","BA:582","EAP_DWAP_SEX_AGE_RT","SEX_M","AGE_AGGREGATE_YGE15","2021",69.103,,,,"R1:3513"
"EGY","BA:582","EAP_DWAP_SEX_AGE_RT","SEX_M","AGE_AGGREGATE_Y15-24","2021",38.383,,,,"R1:3513"
"EGY","BA:582","EAP_DWAP_SEX_AGE_RT","SEX_M","AGE_AGGREGATE_Y25-54","2021",94.484,,,,"R1:3513"
"EGY","BA:582","EAP_DWAP_SEX_AGE_RT","SEX_M","AGE_AGGREGATE_Y55-64","2021",63.978,,,,"R1:3513"
"EGY","BA:582","EAP_DWAP_SEX_AGE_RT","SEX_M","AGE_AGGREGATE_YGE65","2021",17.698,,,,"R1:3513"
"EGY","BA:582","EAP_DWAP_SEX_AGE_RT","SEX_F","AGE_AGGREGATE_YGE15","2021",15.341,,,,"R1:3513"
"EGY","BA:582","EAP_DWAP_SEX_AGE_RT","SEX_F","AGE_AGGREGATE_Y15-24","2021",8.148,,,,"R1:3513"
"EGY","BA:582","EAP_DWAP_SEX_AGE_RT","SEX_F","AGE_AGGREGATE_Y25-54","2021",21.139,,,,"R1:3513"
"EGY","BA:582","EAP_DWAP_SEX_AGE_RT","SEX_F","AGE_AGGREGATE_Y55-64","2021",13.845,,,,"R1:3513"
"EGY","BA:582","EAP_DWAP_SEX_AGE_RT","SEX_F","AGE_AGGREGATE_YGE65","2021",1.857,,,,"R1:3513"
"EGY","BA:582","EAP_DWAP_SEX_AGE_RT","SEX_T","AGE_10YRBANDS_YGE15","2021",42.987,,,,"R1:3513"
"EGY","BA:582","EAP_DWAP_SEX_AGE_RT","SEX_T","AGE_10YRBANDS_Y15-24","2021",24.111,,,,"R1:3513"
"EGY","BA:582","EAP_DWAP_SEX_AGE_RT","SEX_T","AGE_10YRBANDS_Y25-34","2021",56.975,,,,"R1:3513"
"EGY","BA:582","EAP_DWAP_SEX_AGE_RT","SEX_T","AGE_10YRBANDS_Y35-44","2021",59.711,,,,"R1:3513"
"EGY","BA:582","EAP_DWAP_SEX_AGE_RT","SEX_T","AGE_10YRBANDS_Y45-54","2021",58.46,,,,"R1:3513"
"EGY","BA:582","EAP_DWAP_SEX_AGE_RT","SEX_T","AGE_10YRBANDS_Y55-64","2021",39.754,,,,"R1:3513"
"EGY","BA:582","EAP_DWAP_SEX_AGE_RT","SEX_T","AGE_10YRBANDS_YGE65","2021",9.954,,,,"R1:3513"
"EGY","BA:582","EAP_DWAP_SEX_AGE_RT","SEX_M","AGE_10YRBANDS_YGE15","2021",69.103,,,,"R1:3513"
"EGY","BA:582","EAP_DWAP_SEX_AGE_RT","SEX_M","AGE_10YRBANDS_Y15-24","2021",38.383,,,,"R1:3513"
"EGY","BA:582","EAP_DWAP_SEX_AGE_RT","SEX_M","AGE_10YRBANDS_Y25-34","2021",93.898,,,,"R1:3513"
"EGY","BA:582","EAP_DWAP_SEX_AGE_RT","SEX_M","AGE_10YRBANDS_Y35-44","2021",96.214,,,,"R1:3513"
"EGY","BA:582","EAP_DWAP_SEX_AGE_RT","SEX_M","AGE_10YRBANDS_Y45-54","2021",93.04,,,,"R1:3513"
"EGY","BA:582","EAP_DWAP_SEX_AGE_RT","SEX_M","AGE_10YRBANDS_Y55-64","2021",63.978,,,,"R1:3513"
"EGY","BA:582","EAP_DWAP_SEX_AGE_RT","SEX_M","AGE_10YRBANDS_YGE65","2021",17.698,,,,"R1:3513"
"EGY","BA:582","EAP_DWAP_SEX_AGE_RT","SEX_F","AGE_10YRBANDS_YGE15","2021",15.341,,,,"R1:3513"
"EGY","BA:582","EAP_DWAP_SEX_AGE_RT","SEX_F","AGE_10YRBANDS_Y15-24","2021",8.148,,,,"R1:3513"
"EGY","BA:582","EAP_DWAP_SEX_AGE_RT","SEX_F","AGE_10YRBANDS_Y25-34","2021",19.482,,,,"R1:3513"
"EGY","BA:582","EAP_DWAP_SEX_AGE_RT","SEX_F","AGE_10YRBANDS_Y35-44","2021",22.137,,,,"R1:3513"
"EGY","BA:582","EAP_DWAP_SEX_AGE_RT","SEX_F","AGE_10YRBANDS_Y45-54","2021",22.503,,,,"R1:3513"
"EGY","BA:582","EAP_DWAP_SEX_AGE_RT","SEX_F","AGE_10YRBANDS_Y55-64","2021",13.845,,,,"R1:3513"
"EGY","BA:582","EAP_DWAP_SEX_AGE_RT","SEX_F","AGE_10YRBANDS_YGE65","2021",1.857,,,,"R1:3513"
"EGY","BA:582","EAP_DWAP_SEX_AGE_RT","SEX_T","AGE_5YRBANDS_YGE15","2021",42.987,,,,"R1:3513"
"EGY","BA:582","EAP_DWAP_SEX_AGE_RT","SEX_T","AGE_5YRBANDS_Y15-19","2021",13.417,,,,"R1:3513"
"EGY","BA:582","EAP_DWAP_SEX_AGE_RT","SEX_T","AGE_5YRBANDS_Y20-24","2021",35.989,,,,"R1:3513"
"EGY","BA:582","EAP_DWAP_SEX_AGE_RT","SEX_T","AGE_5YRBANDS_Y25-29","2021",55.512,,,,"R1:3513"
"EGY","BA:582","EAP_DWAP_SEX_AGE_RT","SEX_T","AGE_5YRBANDS_Y30-34","2021",58.604,,,,"R1:3513"
"EGY","BA:582","EAP_DWAP_SEX_AGE_RT","SEX_T","AGE_5YRBANDS_Y35-39","2021",59.018,,,,"R1:3513"
"EGY","BA:582","EAP_DWAP_SEX_AGE_RT","SEX_T","AGE_5YRBANDS_Y40-44","2021",60.521,,,,"R1:3513"
"EGY","BA:582","EAP_DWAP_SEX_AGE_RT","SEX_T","AGE_5YRBANDS_Y45-49","2021",59.645,,,,"R1:3513"
"EGY","BA:582","EAP_DWAP_SEX_AGE_RT","SEX_T","AGE_5YRBANDS_Y50-54","2021",57.175,,,,"R1:3513"
"EGY","BA:582","EAP_DWAP_SEX_AGE_RT","SEX_T","AGE_5YRBANDS_Y55-59","2021",54.46,,,,"R1:3513"
"EGY","BA:582","EAP_DWAP_SEX_AGE_RT","SEX_T","AGE_5YRBANDS_Y60-64","2021",21.41,,,,"R1:3513"
"EGY","BA:582","EAP_DWAP_SEX_AGE_RT","SEX_T","AGE_5YRBANDS_YGE65","2021",9.954,,,,"R1:3513"
"EGY","BA:582","EAP_DWAP_SEX_AGE_RT","SEX_M","AGE_5YRBANDS_YGE15","2021",69.103,,,,"R1:3513"
"EGY","BA:582","EAP_DWAP_SEX_AGE_RT","SEX_M","AGE_5YRBANDS_Y15-19","2021",23.337,,,,"R1:3513"
"EGY","BA:582","EAP_DWAP_SEX_AGE_RT","SEX_M","AGE_5YRBANDS_Y20-24","2021",55.009,,,,"R1:3513"
"EGY","BA:582","EAP_DWAP_SEX_AGE_RT","SEX_M","AGE_5YRBANDS_Y25-29","2021",91.921,,,,"R1:3513"
"EGY","BA:582","EAP_DWAP_SEX_AGE_RT","SEX_M","AGE_5YRBANDS_Y30-34","2021",96.054,,,,"R1:3513"
"EGY","BA:582","EAP_DWAP_SEX_AGE_RT","SEX_M","AGE_5YRBANDS_Y35-39","2021",96.339,,,,"R1:3513"
"EGY","BA:582","EAP_DWAP_SEX_AGE_RT","SEX_M","AGE_5YRBANDS_Y40-44","2021",96.072,,,,"R1:3513"
"EGY","BA:582","EAP_DWAP_SEX_AGE_RT","SEX_M","AGE_5YRBANDS_Y45-49","2021",94.993,,,,"R1:3513"
"EGY","BA:582","EAP_DWAP_SEX_AGE_RT","SEX_M","AGE_5YRBANDS_Y50-54","2021",90.943,,,,"R1:3513"
"EGY","BA:582","EAP_DWAP_SEX_AGE_RT","SEX_M","AGE_5YRBANDS_Y55-59","2021",84.109,,,,"R1:3513"
"EGY","BA:582","EAP_DWAP_SEX_AGE_RT","SEX_M","AGE_5YRBANDS_Y60-64","2021",38.126,,,,"R1:3513"
"EGY","BA:582","EAP_DWAP_SEX_AGE_RT","SEX_M","AGE_5YRBANDS_YGE65","2021",17.698,,,,"R1:3513"
"EGY","BA:582","EAP_DWAP_SEX_AGE_RT","SEX_F","AGE_5YRBANDS_YGE15","2021",15.341,,,,"R1:3513"
"EGY","BA:582","EAP_DWAP_SEX_AGE_RT","SEX_F","AGE_5YRBANDS_Y15-19","2021",2.38,,,,"R1:3513"
"EGY","BA:582","EAP_DWAP_SEX_AGE_RT","SEX_F","AGE_5YRBANDS_Y20-24","2021",14.593,,,,"R1:3513"
"EGY","BA:582","EAP_DWAP_SEX_AGE_RT","SEX_F","AGE_5YRBANDS_Y25-29","2021",19.301,,,,"R1:3513"
"EGY","BA:582","EAP_DWAP_SEX_AGE_RT","SEX_F","AGE_5YRBANDS_Y30-34","2021",19.687,,,,"R1:3513"
"EGY","BA:582","EAP_DWAP_SEX_AGE_RT","SEX_F","AGE_5YRBANDS_Y35-39","2021",21.733,,,,"R1:3513"
"EGY","BA:582","EAP_DWAP_SEX_AGE_RT","SEX_F","AGE_5YRBANDS_Y40-44","2021",22.625,,,,"R1:3513"
"EGY","BA:582","EAP_DWAP_SEX_AGE_RT","SEX_F","AGE_5YRBANDS_Y45-49","2021",23.242,,,,"R1:3513"
"EGY","BA:582","EAP_DWAP_SEX_AGE_RT","SEX_F","AGE_5YRBANDS_Y50-54","2021",21.692,,,,"R1:3513"
"EGY","BA:582","EAP_DWAP_SEX_AGE_RT","SEX_F","AGE_5YRBANDS_Y55-59","2021",21.89,,,,"R1:3513"
"EGY","BA:582","EAP_DWAP_SEX_AGE_RT","SEX_F","AGE_5YRBANDS_Y60-64","2021",4.116,,,,"R1:3513"
"EGY","BA:582","EAP_DWAP_SEX_AGE_RT","SEX_F","AGE_5YRBANDS_YGE65","2021",1.857,,,,"R1:3513"
"EGY","BA:582","EAP_DWAP_SEX_AGE_RT","SEX_T","AGE_YTHADULT_YGE15","2020",41.616,,,,"R1:3513"
"EGY","BA:582","EAP_DWAP_SEX_AGE_RT","SEX_T","AGE_YTHADULT_Y15-64","2020",43.417,,,,"R1:3513"
"EGY","BA:582","EAP_DWAP_SEX_AGE_RT","SEX_T","AGE_YTHADULT_Y15-24","2020",22.772,,,,"R1:3513"
"EGY","BA:582","EAP_DWAP_SEX_AGE_RT","SEX_T","AGE_YTHADULT_YGE25","2020",50.912,,,,"R1:3513"
"EGY","BA:582","EAP_DWAP_SEX_AGE_RT","SEX_M","AGE_YTHADULT_YGE15","2020",67.491,,,,"R1:3513"
"EGY","BA:582","EAP_DWAP_SEX_AGE_RT","SEX_M","AGE_YTHADULT_Y15-64","2020",70.401,,,,"R1:3513"
"EGY","BA:582","EAP_DWAP_SEX_AGE_RT","SEX_M","AGE_YTHADULT_Y15-24","2020",37.247,,,,"R1:3513"
"EGY","BA:582","EAP_DWAP_SEX_AGE_RT","SEX_M","AGE_YTHADULT_YGE25","2020",82.509,,,,"R1:3513"
"EGY","BA:582","EAP_DWAP_SEX_AGE_RT","SEX_F","AGE_YTHADULT_YGE15","2020",14.4,,,,"R1:3513"
"EGY","BA:582","EAP_DWAP_SEX_AGE_RT","SEX_F","AGE_YTHADULT_Y15-64","2020",15.105,,,,"R1:3513"
"EGY","BA:582","EAP_DWAP_SEX_AGE_RT","SEX_F","AGE_YTHADULT_Y15-24","2020",7.407,,,,"R1:3513"
"EGY","BA:582","EAP_DWAP_SEX_AGE_RT","SEX_F","AGE_YTHADULT_YGE25","2020",17.826,,,,"R1:3513"
"EGY","BA:582","EAP_DWAP_SEX_AGE_RT","SEX_T","AGE_AGGREGATE_YGE15","2020",41.616,,,,"R1:3513"
"EGY","BA:582","EAP_DWAP_SEX_AGE_RT","SEX_T","AGE_AGGREGATE_Y15-24","2020",22.772,,,,"R1:3513"
"EGY","BA:582","EAP_DWAP_SEX_AGE_RT","SEX_T","AGE_AGGREGATE_Y25-54","2020",57.475,,,,"R1:3513"
"EGY","BA:582","EAP_DWAP_SEX_AGE_RT","SEX_T","AGE_AGGREGATE_Y55-64","2020",38.78,,,,"R1:3513"
"EGY","BA:582","EAP_DWAP_SEX_AGE_RT","SEX_T","AGE_AGGREGATE_YGE65","2020",10.378,,,,"R1:3513"
"EGY","BA:582","EAP_DWAP_SEX_AGE_RT","SEX_M","AGE_AGGREGATE_YGE15","2020",67.491,,,,"R1:3513"
"EGY","BA:582","EAP_DWAP_SEX_AGE_RT","SEX_M","AGE_AGGREGATE_Y15-24","2020",37.247,,,,"R1:3513"
"EGY","BA:582","EAP_DWAP_SEX_AGE_RT","SEX_M","AGE_AGGREGATE_Y25-54","2020",93.421,,,,"R1:3513"
"EGY","BA:582","EAP_DWAP_SEX_AGE_RT","SEX_M","AGE_AGGREGATE_Y55-64","2020",62.087,,,,"R1:3513"
"EGY","BA:582","EAP_DWAP_SEX_AGE_RT","SEX_M","AGE_AGGREGATE_YGE65","2020",18.116,,,,"R1:3513"
"EGY","BA:582","EAP_DWAP_SEX_AGE_RT","SEX_F","AGE_AGGREGATE_YGE15","2020",14.4,,,,"R1:3513"
"EGY","BA:582","EAP_DWAP_SEX_AGE_RT","SEX_F","AGE_AGGREGATE_Y15-24","2020",7.407,,,,"R1:3513"
"EGY","BA:582","EAP_DWAP_SEX_AGE_RT","SEX_F","AGE_AGGREGATE_Y25-54","2020",20.228,,,,"R1:3513"
"EGY","BA:582","EAP_DWAP_SEX_AGE_RT","SEX_F","AGE_AGGREGATE_Y55-64","2020",13.664,,,,"R1:3513"
"EGY","BA:582","EAP_DWAP_SEX_AGE_RT","SEX_F","AGE_AGGREGATE_YGE65","2020",1.88,,,,"R1:3513"
"EGY","BA:582","EAP_DWAP_SEX_AGE_RT","SEX_T","AGE_10YRBANDS_YGE15","2020",41.616,,,,"R1:3513"
"EGY","BA:582","EAP_DWAP_SEX_AGE_RT","SEX_T","AGE_10YRBANDS_Y15-24","2020",22.772,,,,"R1:3513"
"EGY","BA:582","EAP_DWAP_SEX_AGE_RT","SEX_T","AGE_10YRBANDS_Y25-34","2020",55.896,,,,"R1:3513"
"EGY","BA:582","EAP_DWAP_SEX_AGE_RT","SEX_T","AGE_10YRBANDS_Y35-44","2020",59.385,,,,"R1:3513"
"EGY","BA:582","EAP_DWAP_SEX_AGE_RT","SEX_T","AGE_10YRBANDS_Y45-54","2020",57.72,,,,"R1:3513"
"EGY","BA:582","EAP_DWAP_SEX_AGE_RT","SEX_T","AGE_10YRBANDS_Y55-64","2020",38.78,,,,"R1:3513"
"EGY","BA:582","EAP_DWAP_SEX_AGE_RT","SEX_T","AGE_10YRBANDS_YGE65","2020",10.378,,,,"R1:3513"
"EGY","BA:582","EAP_DWAP_SEX_AGE_RT","SEX_M","AGE_10YRBANDS_YGE15","2020",67.491,,,,"R1:3513"
"EGY","BA:582","EAP_DWAP_SEX_AGE_RT","SEX_M","AGE_10YRBANDS_Y15-24","2020",37.247,,,,"R1:3513"
"EGY","BA:582","EAP_DWAP_SEX_AGE_RT","SEX_M","AGE_10YRBANDS_Y25-34","2020",92.408,,,,"R1:3513"
"EGY","BA:582","EAP_DWAP_SEX_AGE_RT","SEX_M","AGE_10YRBANDS_Y35-44","2020",95.826,,,,"R1:3513"
"EGY","BA:582","EAP_DWAP_SEX_AGE_RT","SEX_M","AGE_10YRBANDS_Y45-54","2020",91.983,,,,"R1:3513"
"EGY","BA:582","EAP_DWAP_SEX_AGE_RT","SEX_M","AGE_10YRBANDS_Y55-64","2020",62.087,,,,"R1:3513"
"EGY","BA:582","EAP_DWAP_SEX_AGE_RT","SEX_M","AGE_10YRBANDS_YGE65","2020",18.116,,,,"R1:3513"
"EGY","BA:582","EAP_DWAP_SEX_AGE_RT","SEX_F","AGE_10YRBANDS_YGE15","2020",14.4,,,,"R1:3513"
"EGY","BA:582","EAP_DWAP_SEX_AGE_RT","SEX_F","AGE_10YRBANDS_Y15-24","2020",7.407,,,,"R1:3513"
"EGY","BA:582","EAP_DWAP_SEX_AGE_RT","SEX_F","AGE_10YRBANDS_Y25-34","2020",18.699,,,,"R1:3513"
"EGY","BA:582","EAP_DWAP_SEX_AGE_RT","SEX_F","AGE_10YRBANDS_Y35-44","2020",21.734,,,,"R1:3513"
"EGY","BA:582","EAP_DWAP_SEX_AGE_RT","SEX_F","AGE_10YRBANDS_Y45-54","2020",20.965,,,,"R1:3513"
"EGY","BA:582","EAP_DWAP_SEX_AGE_RT","SEX_F","AGE_10YRBANDS_Y55-64","2020",13.664,,,,"R1:3513"
"EGY","BA:582","EAP_DWAP_SEX_AGE_RT","SEX_F","AGE_10YRBANDS_YGE65","2020",1.88,,,,"R1:3513"
"EGY","BA:582","EAP_DWAP_SEX_AGE_RT","SEX_T","AGE_5YRBANDS_YGE15","2020",41.616,,,,"R1:3513"
"EGY","BA:582","EAP_DWAP_SEX_AGE_RT","SEX_T","AGE_5YRBANDS_Y15-19","2020",12.628,,,,"R1:3513"
"EGY","BA:582","EAP_DWAP_SEX_AGE_RT","SEX_T","AGE_5YRBANDS_Y20-24","2020",33.791,,,,"R1:3513"
"EGY","BA:582","EAP_DWAP_SEX_AGE_RT","SEX_T","AGE_5YRBANDS_Y25-29","2020",54.497,,,,"R1:3513"
"EGY","BA:582","EAP_DWAP_SEX_AGE_RT","SEX_T","AGE_5YRBANDS_Y30-34","2020",57.786,,,,"R1:3513"
"EGY","BA:582","EAP_DWAP_SEX_AGE_RT","SEX_T","AGE_5YRBANDS_Y35-39","2020",59.067,,,,"R1:3513"
"EGY","BA:582","EAP_DWAP_SEX_AGE_RT","SEX_T","AGE_5YRBANDS_Y40-44","2020",59.756,,,,"R1:3513"
"EGY","BA:582","EAP_DWAP_SEX_AGE_RT","SEX_T","AGE_5YRBANDS_Y45-49","2020",59.327,,,,"R1:3513"
"EGY","BA:582","EAP_DWAP_SEX_AGE_RT","SEX_T","AGE_5YRBANDS_Y50-54","2020",56.042,,,,"R1:3513"
"EGY","BA:582","EAP_DWAP_SEX_AGE_RT","SEX_T","AGE_5YRBANDS_Y55-59","2020",53.011,,,,"R1:3513"
"EGY","BA:582","EAP_DWAP_SEX_AGE_RT","SEX_T","AGE_5YRBANDS_Y60-64","2020",21.366,,,,"R1:3513"
"EGY","BA:582","EAP_DWAP_SEX_AGE_RT","SEX_T","AGE_5YRBANDS_YGE65","2020",10.378,,,,"R1:3513"
"EGY","BA:582","EAP_DWAP_SEX_AGE_RT","SEX_M","AGE_5YRBANDS_YGE15","2020",67.491,,,,"R1:3513"
"EGY","BA:582","EAP_DWAP_SEX_AGE_RT","SEX_M","AGE_5YRBANDS_Y15-19","2020",22.297,,,,"R1:3513"
"EGY","BA:582","EAP_DWAP_SEX_AGE_RT","SEX_M","AGE_5YRBANDS_Y20-24","2020",53.473,,,,"R1:3513"
"EGY","BA:582","EAP_DWAP_SEX_AGE_RT","SEX_M","AGE_5YRBANDS_Y25-29","2020",90.68,,,,"R1:3513"
"EGY","BA:582","EAP_DWAP_SEX_AGE_RT","SEX_M","AGE_5YRBANDS_Y30-34","2020",94.663,,,,"R1:3513"
"EGY","BA:582","EAP_DWAP_SEX_AGE_RT","SEX_M","AGE_5YRBANDS_Y35-39","2020",96.081,,,,"R1:3513"
"EGY","BA:582","EAP_DWAP_SEX_AGE_RT","SEX_M","AGE_5YRBANDS_Y40-44","2020",95.531,,,,"R1:3513"
"EGY","BA:582","EAP_DWAP_SEX_AGE_RT","SEX_M","AGE_5YRBANDS_Y45-49","2020",93.979,,,,"R1:3513"
"EGY","BA:582","EAP_DWAP_SEX_AGE_RT","SEX_M","AGE_5YRBANDS_Y50-54","2020",89.862,,,,"R1:3513"
"EGY","BA:582","EAP_DWAP_SEX_AGE_RT","SEX_M","AGE_5YRBANDS_Y55-59","2020",82.708,,,,"R1:3513"
"EGY","BA:582","EAP_DWAP_SEX_AGE_RT","SEX_M","AGE_5YRBANDS_Y60-64","2020",36.853,,,,"R1:3513"
"EGY","BA:582","EAP_DWAP_SEX_AGE_RT","SEX_M","AGE_5YRBANDS_YGE65","2020",18.116,,,,"R1:3513"
"EGY","BA:582","EAP_DWAP_SEX_AGE_RT","SEX_F","AGE_5YRBANDS_YGE15","2020",14.4,,,,"R1:3513"
"EGY","BA:582","EAP_DWAP_SEX_AGE_RT","SEX_F","AGE_5YRBANDS_Y15-19","2020",2.373,,,,"R1:3513"
"EGY","BA:582","EAP_DWAP_SEX_AGE_RT","SEX_F","AGE_5YRBANDS_Y20-24","2020",12.879,,,,"R1:3513"
"EGY","BA:582","EAP_DWAP_SEX_AGE_RT","SEX_F","AGE_5YRBANDS_Y25-29","2020",18.717,,,,"R1:3513"
"EGY","BA:582","EAP_DWAP_SEX_AGE_RT","SEX_F","AGE_5YRBANDS_Y30-34","2020",18.673,,,,"R1:3513"
"EGY","BA:582","EAP_DWAP_SEX_AGE_RT","SEX_F","AGE_5YRBANDS_Y35-39","2020",21.249,,,,"R1:3513"
"EGY","BA:582","EAP_DWAP_SEX_AGE_RT","SEX_F","AGE_5YRBANDS_Y40-44","2020",22.308,,,,"R1:3513"
"EGY","BA:582","EAP_DWAP_SEX_AGE_RT","SEX_F","AGE_5YRBANDS_Y45-49","2020",21.458,,,,"R1:3513"
"EGY","BA:582","EAP_DWAP_SEX_AGE_RT","SEX_F","AGE_5YRBANDS_Y50-54","2020",20.46,,,,"R1:3513"
"EGY","BA:582","EAP_DWAP_SEX_AGE_RT","SEX_F","AGE_5YRBANDS_Y55-59","2020",21.006,,,,"R1:3513"
"EGY","BA:582","EAP_DWAP_SEX_AGE_RT","SEX_F","AGE_5YRBANDS_Y60-64","2020",4.681,,,,"R1:3513"
"EGY","BA:582","EAP_DWAP_SEX_AGE_RT","SEX_F","AGE_5YRBANDS_YGE65","2020",1.88,,,,"R1:3513"
"EGY","BA:582","EAP_DWAP_SEX_AGE_RT","SEX_T","AGE_YTHADULT_YGE15","2019",42.199,,,,"R1:3513"
"EGY","BA:582","EAP_DWAP_SEX_AGE_RT","SEX_T","AGE_YTHADULT_Y15-64","2019",44,,,,"R1:3513"
"EGY","BA:582","EAP_DWAP_SEX_AGE_RT","SEX_T","AGE_YTHADULT_Y15-24","2019",22.8,,,,"R1:3513"
"EGY","BA:582","EAP_DWAP_SEX_AGE_RT","SEX_T","AGE_YTHADULT_YGE25","2019",51.81,,,,"R1:3513"
"EGY","BA:582","EAP_DWAP_SEX_AGE_RT","SEX_M","AGE_YTHADULT_YGE15","2019",67.309,,,,"R1:3513"
"EGY","BA:582","EAP_DWAP_SEX_AGE_RT","SEX_M","AGE_YTHADULT_Y15-64","2019",70.175,,,,"R1:3513"
"EGY","BA:582","EAP_DWAP_SEX_AGE_RT","SEX_M","AGE_YTHADULT_Y15-24","2019",35.656,,,,"R1:3513"
"EGY","BA:582","EAP_DWAP_SEX_AGE_RT","SEX_M","AGE_YTHADULT_YGE25","2019",83.165,,,,"R1:3513"
"EGY","BA:582","EAP_DWAP_SEX_AGE_RT","SEX_F","AGE_YTHADULT_YGE15","2019",15.609,,,,"R1:3513"
"EGY","BA:582","EAP_DWAP_SEX_AGE_RT","SEX_F","AGE_YTHADULT_Y15-64","2019",16.358,,,,"R1:3513"
"EGY","BA:582","EAP_DWAP_SEX_AGE_RT","SEX_F","AGE_YTHADULT_Y15-24","2019",8.98,,,,"R1:3513"
"EGY","BA:582","EAP_DWAP_SEX_AGE_RT","SEX_F","AGE_YTHADULT_YGE25","2019",18.855,,,,"R1:3513"
"EGY","BA:582","EAP_DWAP_SEX_AGE_RT","SEX_T","AGE_AGGREGATE_YGE15","2019",42.199,,,,"R1:3513"
"EGY","BA:582","EAP_DWAP_SEX_AGE_RT","SEX_T","AGE_AGGREGATE_Y15-24","2019",22.8,,,,"R1:3513"
"EGY","BA:582","EAP_DWAP_SEX_AGE_RT","SEX_T","AGE_AGGREGATE_Y25-54","2019",58.179,,,,"R1:3513"
"EGY","BA:582","EAP_DWAP_SEX_AGE_RT","SEX_T","AGE_AGGREGATE_Y55-64","2019",41.346,,,,"R1:3513"
"EGY","BA:582","EAP_DWAP_SEX_AGE_RT","SEX_T","AGE_AGGREGATE_YGE65","2019",11.026,,,,"R1:3513"
"EGY","BA:582","EAP_DWAP_SEX_AGE_RT","SEX_M","AGE_AGGREGATE_YGE15","2019",67.309,,,,"R1:3513"
"EGY","BA:582","EAP_DWAP_SEX_AGE_RT","SEX_M","AGE_AGGREGATE_Y15-24","2019",35.656,,,,"R1:3513"
"EGY","BA:582","EAP_DWAP_SEX_AGE_RT","SEX_M","AGE_AGGREGATE_Y25-54","2019",93.941,,,,"R1:3513"
"EGY","BA:582","EAP_DWAP_SEX_AGE_RT","SEX_M","AGE_AGGREGATE_Y55-64","2019",64.992,,,,"R1:3513"
"EGY","BA:582","EAP_DWAP_SEX_AGE_RT","SEX_M","AGE_AGGREGATE_YGE65","2019",18.876,,,,"R1:3513"
"EGY","BA:582","EAP_DWAP_SEX_AGE_RT","SEX_F","AGE_AGGREGATE_YGE15","2019",15.609,,,,"R1:3513"
"EGY","BA:582","EAP_DWAP_SEX_AGE_RT","SEX_F","AGE_AGGREGATE_Y15-24","2019",8.98,,,,"R1:3513"
"EGY","BA:582","EAP_DWAP_SEX_AGE_RT","SEX_F","AGE_AGGREGATE_Y25-54","2019",21.336,,,,"R1:3513"
"EGY","BA:582","EAP_DWAP_SEX_AGE_RT","SEX_F","AGE_AGGREGATE_Y55-64","2019",14.593,,,,"R1:3513"
"EGY","BA:582","EAP_DWAP_SEX_AGE_RT","SEX_F","AGE_AGGREGATE_YGE65","2019",2.323,,,,"R1:3513"
"EGY","BA:582","EAP_DWAP_SEX_AGE_RT","SEX_T","AGE_10YRBANDS_YGE15","2019",42.199,,,,"R1:3513"
"EGY","BA:582","EAP_DWAP_SEX_AGE_RT","SEX_T","AGE_10YRBANDS_Y15-24","2019",22.8,,,,"R1:3513"
"EGY","BA:582","EAP_DWAP_SEX_AGE_RT","SEX_T","AGE_10YRBANDS_Y25-34","2019",57.363,,,,"R1:3513"
"EGY","BA:582","EAP_DWAP_SEX_AGE_RT","SEX_T","AGE_10YRBANDS_Y35-44","2019",58.731,,,,"R1:3513"
"EGY","BA:582","EAP_DWAP_SEX_AGE_RT","SEX_T","AGE_10YRBANDS_Y45-54","2019",58.903,,,,"R1:3513"
"EGY","BA:582","EAP_DWAP_SEX_AGE_RT","SEX_T","AGE_10YRBANDS_Y55-64","2019",41.346,,,,"R1:3513"
"EGY","BA:582","EAP_DWAP_SEX_AGE_RT","SEX_T","AGE_10YRBANDS_YGE65","2019",11.026,,,,"R1:3513"
"EGY","BA:582","EAP_DWAP_SEX_AGE_RT","SEX_M","AGE_10YRBANDS_YGE15","2019",67.309,,,,"R1:3513"
"EGY","BA:582","EAP_DWAP_SEX_AGE_RT","SEX_M","AGE_10YRBANDS_Y15-24","2019",35.656,,,,"R1:3513"
"EGY","BA:582","EAP_DWAP_SEX_AGE_RT","SEX_M","AGE_10YRBANDS_Y25-34","2019",92.84,,,,"R1:3513"
"EGY","BA:582","EAP_DWAP_SEX_AGE_RT","SEX_M","AGE_10YRBANDS_Y35-44","2019",96.397,,,,"R1:3513"
"EGY","BA:582","EAP_DWAP_SEX_AGE_RT","SEX_M","AGE_10YRBANDS_Y45-54","2019",92.858,,,,"R1:3513"
"EGY","BA:582","EAP_DWAP_SEX_AGE_RT","SEX_M","AGE_10YRBANDS_Y55-64","2019",64.992,,,,"R1:3513"
"EGY","BA:582","EAP_DWAP_SEX_AGE_RT","SEX_M","AGE_10YRBANDS_YGE65","2019",18.876,,,,"R1:3513"
"EGY","BA:582","EAP_DWAP_SEX_AGE_RT","SEX_F","AGE_10YRBANDS_YGE15","2019",15.609,,,,"R1:3513"
"EGY","BA:582","EAP_DWAP_SEX_AGE_RT","SEX_F","AGE_10YRBANDS_Y15-24","2019",8.98,,,,"R1:3513"
"EGY","BA:582","EAP_DWAP_SEX_AGE_RT","SEX_F","AGE_10YRBANDS_Y25-34","2019",20.958,,,,"R1:3513"
"EGY","BA:582","EAP_DWAP_SEX_AGE_RT","SEX_F","AGE_10YRBANDS_Y35-44","2019",21.447,,,,"R1:3513"
"EGY","BA:582","EAP_DWAP_SEX_AGE_RT","SEX_F","AGE_10YRBANDS_Y45-54","2019",21.87,,,,"R1:3513"
"EGY","BA:582","EAP_DWAP_SEX_AGE_RT","SEX_F","AGE_10YRBANDS_Y55-64","2019",14.593,,,,"R1:3513"
"EGY","BA:582","EAP_DWAP_SEX_AGE_RT","SEX_F","AGE_10YRBANDS_YGE65","2019",2.323,,,,"R1:3513"
"EGY","BA:582","EAP_DWAP_SEX_AGE_RT","SEX_T","AGE_5YRBANDS_YGE15","2019",42.199,,,,"R1:3513"
"EGY","BA:582","EAP_DWAP_SEX_AGE_RT","SEX_T","AGE_5YRBANDS_Y15-19","2019",12.387,,,,"R1:3513"
"EGY","BA:582","EAP_DWAP_SEX_AGE_RT","SEX_T","AGE_5YRBANDS_Y20-24","2019",34.111,,,,"R1:3513"
"EGY","BA:582","EAP_DWAP_SEX_AGE_RT","SEX_T","AGE_5YRBANDS_Y25-29","2019",56.332,,,,"R1:3513"
"EGY","BA:582","EAP_DWAP_SEX_AGE_RT","SEX_T","AGE_5YRBANDS_Y30-34","2019",58.76,,,,"R1:3513"
"EGY","BA:582","EAP_DWAP_SEX_AGE_RT","SEX_T","AGE_5YRBANDS_Y35-39","2019",58.59,,,,"R1:3513"
"EGY","BA:582","EAP_DWAP_SEX_AGE_RT","SEX_T","AGE_5YRBANDS_Y40-44","2019",58.892,,,,"R1:3513"
"EGY","BA:582","EAP_DWAP_SEX_AGE_RT","SEX_T","AGE_5YRBANDS_Y45-49","2019",60.413,,,,"R1:3513"
"EGY","BA:582","EAP_DWAP_SEX_AGE_RT","SEX_T","AGE_5YRBANDS_Y50-54","2019",57.298,,,,"R1:3513"
"EGY","BA:582","EAP_DWAP_SEX_AGE_RT","SEX_T","AGE_5YRBANDS_Y55-59","2019",56.004,,,,"R1:3513"
"EGY","BA:582","EAP_DWAP_SEX_AGE_RT","SEX_T","AGE_5YRBANDS_Y60-64","2019",23.375,,,,"R1:3513"
"EGY","BA:582","EAP_DWAP_SEX_AGE_RT","SEX_T","AGE_5YRBANDS_YGE65","2019",11.026,,,,"R1:3513"
"EGY","BA:582","EAP_DWAP_SEX_AGE_RT","SEX_M","AGE_5YRBANDS_YGE15","2019",67.309,,,,"R1:3513"
"EGY","BA:582","EAP_DWAP_SEX_AGE_RT","SEX_M","AGE_5YRBANDS_Y15-19","2019",21.109,,,,"R1:3513"
"EGY","BA:582","EAP_DWAP_SEX_AGE_RT","SEX_M","AGE_5YRBANDS_Y20-24","2019",51.426,,,,"R1:3513"
"EGY","BA:582","EAP_DWAP_SEX_AGE_RT","SEX_M","AGE_5YRBANDS_Y25-29","2019",90.781,,,,"R1:3513"
"EGY","BA:582","EAP_DWAP_SEX_AGE_RT","SEX_M","AGE_5YRBANDS_Y30-34","2019",95.548,,,,"R1:3513"
"EGY","BA:582","EAP_DWAP_SEX_AGE_RT","SEX_M","AGE_5YRBANDS_Y35-39","2019",96.457,,,,"R1:3513"
"EGY","BA:582","EAP_DWAP_SEX_AGE_RT","SEX_M","AGE_5YRBANDS_Y40-44","2019",96.33,,,,"R1:3513"
"EGY","BA:582","EAP_DWAP_SEX_AGE_RT","SEX_M","AGE_5YRBANDS_Y45-49","2019",94.914,,,,"R1:3513"
"EGY","BA:582","EAP_DWAP_SEX_AGE_RT","SEX_M","AGE_5YRBANDS_Y50-54","2019",90.672,,,,"R1:3513"
"EGY","BA:582","EAP_DWAP_SEX_AGE_RT","SEX_M","AGE_5YRBANDS_Y55-59","2019",85.63,,,,"R1:3513"
"EGY","BA:582","EAP_DWAP_SEX_AGE_RT","SEX_M","AGE_5YRBANDS_Y60-64","2019",39.546,,,,"R1:3513"
"EGY","BA:582","EAP_DWAP_SEX_AGE_RT","SEX_M","AGE_5YRBANDS_YGE65","2019",18.876,,,,"R1:3513"
"EGY","BA:582","EAP_DWAP_SEX_AGE_RT","SEX_F","AGE_5YRBANDS_YGE15","2019",15.609,,,,"R1:3513"
"EGY","BA:582","EAP_DWAP_SEX_AGE_RT","SEX_F","AGE_5YRBANDS_Y15-19","2019",3.03,,,,"R1:3513"
"EGY","BA:582","EAP_DWAP_SEX_AGE_RT","SEX_F","AGE_5YRBANDS_Y20-24","2019",15.458,,,,"R1:3513"
"EGY","BA:582","EAP_DWAP_SEX_AGE_RT","SEX_F","AGE_5YRBANDS_Y25-29","2019",21.887,,,,"R1:3513"
"EGY","BA:582","EAP_DWAP_SEX_AGE_RT","SEX_F","AGE_5YRBANDS_Y30-34","2019",19.659,,,,"R1:3513"
"EGY","BA:582","EAP_DWAP_SEX_AGE_RT","SEX_F","AGE_5YRBANDS_Y35-39","2019",21.643,,,,"R1:3513"
"EGY","BA:582","EAP_DWAP_SEX_AGE_RT","SEX_F","AGE_5YRBANDS_Y40-44","2019",21.221,,,,"R1:3513"
"EGY","BA:582","EAP_DWAP_SEX_AGE_RT","SEX_F","AGE_5YRBANDS_Y45-49","2019",22.81,,,,"R1:3513"
"EGY","BA:582","EAP_DWAP_SEX_AGE_RT","SEX_F","AGE_5YRBANDS_Y50-54","2019",20.87,,,,"R1:3513"
"EGY","BA:582","EAP_DWAP_SEX_AGE_RT","SEX_F","AGE_5YRBANDS_Y55-59","2019",22.303,,,,"R1:3513"
"EGY","BA:582","EAP_DWAP_SEX_AGE_RT","SEX_F","AGE_5YRBANDS_Y60-64","2019",5.202,,,,"R1:3513"
"EGY","BA:582","EAP_DWAP_SEX_AGE_RT","SEX_F","AGE_5YRBANDS_YGE65","2019",2.323,,,,"R1:3513"
"EGY","BA:582","EAP_DWAP_SEX_AGE_RT","SEX_T","AGE_YTHADULT_YGE15","2018",43.299,,,,"R1:3513"
"EGY","BA:582","EAP_DWAP_SEX_AGE_RT","SEX_T","AGE_YTHADULT_Y15-64","2018",45.242,,,,"R1:3513"
"EGY","BA:582","EAP_DWAP_SEX_AGE_RT","SEX_T","AGE_YTHADULT_Y15-24","2018",24.458,,,,"R1:3513"
"EGY","BA:582","EAP_DWAP_SEX_AGE_RT","SEX_T","AGE_YTHADULT_YGE25","2018",52.036,,,,"R1:3513"
"EGY","BA:582","EAP_DWAP_SEX_AGE_RT","SEX_M","AGE_YTHADULT_YGE15","2018",67.642,,,,"R1:3513"
"EGY","BA:582","EAP_DWAP_SEX_AGE_RT","SEX_M","AGE_YTHADULT_Y15-64","2018",70.63,,,,"R1:3513"
"EGY","BA:582","EAP_DWAP_SEX_AGE_RT","SEX_M","AGE_YTHADULT_Y15-24","2018",36.146,,,,"R1:3513"
"EGY","BA:582","EAP_DWAP_SEX_AGE_RT","SEX_M","AGE_YTHADULT_YGE25","2018",83.174,,,,"R1:3513"
"EGY","BA:582","EAP_DWAP_SEX_AGE_RT","SEX_F","AGE_YTHADULT_YGE15","2018",18.308,,,,"R1:3513"
"EGY","BA:582","EAP_DWAP_SEX_AGE_RT","SEX_F","AGE_YTHADULT_Y15-64","2018",19.25,,,,"R1:3513"
"EGY","BA:582","EAP_DWAP_SEX_AGE_RT","SEX_F","AGE_YTHADULT_Y15-24","2018",11.38,,,,"R1:3513"
"EGY","BA:582","EAP_DWAP_SEX_AGE_RT","SEX_F","AGE_YTHADULT_YGE25","2018",21.32,,,,"R1:3513"
"EGY","BA:582","EAP_DWAP_SEX_AGE_RT","SEX_T","AGE_AGGREGATE_YGE15","2018",43.299,,,,"R1:3513"
"EGY","BA:582","EAP_DWAP_SEX_AGE_RT","SEX_T","AGE_AGGREGATE_Y15-24","2018",24.458,,,,"R1:3513"
"EGY","BA:582","EAP_DWAP_SEX_AGE_RT","SEX_T","AGE_AGGREGATE_Y25-54","2018",58.515,,,,"R1:3513"
"EGY","BA:582","EAP_DWAP_SEX_AGE_RT","SEX_T","AGE_AGGREGATE_Y55-64","2018",42.34,,,,"R1:3513"
"EGY","BA:582","EAP_DWAP_SEX_AGE_RT","SEX_T","AGE_AGGREGATE_YGE65","2018",11.466,,,,"R1:3513"
"EGY","BA:582","EAP_DWAP_SEX_AGE_RT","SEX_M","AGE_AGGREGATE_YGE15","2018",67.642,,,,"R1:3513"
"EGY","BA:582","EAP_DWAP_SEX_AGE_RT","SEX_M","AGE_AGGREGATE_Y15-24","2018",36.146,,,,"R1:3513"
"EGY","BA:582","EAP_DWAP_SEX_AGE_RT","SEX_M","AGE_AGGREGATE_Y25-54","2018",94.298,,,,"R1:3513"
"EGY","BA:582","EAP_DWAP_SEX_AGE_RT","SEX_M","AGE_AGGREGATE_Y55-64","2018",66.18,,,,"R1:3513"
"EGY","BA:582","EAP_DWAP_SEX_AGE_RT","SEX_M","AGE_AGGREGATE_YGE65","2018",19.825,,,,"R1:3513"
"EGY","BA:582","EAP_DWAP_SEX_AGE_RT","SEX_F","AGE_AGGREGATE_YGE15","2018",18.308,,,,"R1:3513"
"EGY","BA:582","EAP_DWAP_SEX_AGE_RT","SEX_F","AGE_AGGREGATE_Y15-24","2018",11.38,,,,"R1:3513"
"EGY","BA:582","EAP_DWAP_SEX_AGE_RT","SEX_F","AGE_AGGREGATE_Y25-54","2018",24.225,,,,"R1:3513"
"EGY","BA:582","EAP_DWAP_SEX_AGE_RT","SEX_F","AGE_AGGREGATE_Y55-64","2018",16.45,,,,"R1:3513"
"EGY","BA:582","EAP_DWAP_SEX_AGE_RT","SEX_F","AGE_AGGREGATE_YGE65","2018",2.493,,,,"R1:3513"
"EGY","BA:582","EAP_DWAP_SEX_AGE_RT","SEX_T","AGE_10YRBANDS_YGE15","2018",43.299,,,,"R1:3513"
"EGY","BA:582","EAP_DWAP_SEX_AGE_RT","SEX_T","AGE_10YRBANDS_Y15-24","2018",24.458,,,,"R1:3513"
"EGY","BA:582","EAP_DWAP_SEX_AGE_RT","SEX_T","AGE_10YRBANDS_Y25-34","2018",57.942,,,,"R1:3513"
"EGY","BA:582","EAP_DWAP_SEX_AGE_RT","SEX_T","AGE_10YRBANDS_Y35-44","2018",58.339,,,,"R1:3513"
"EGY","BA:582","EAP_DWAP_SEX_AGE_RT","SEX_T","AGE_10YRBANDS_Y45-54","2018",59.597,,,,"R1:3513"
"EGY","BA:582","EAP_DWAP_SEX_AGE_RT","SEX_T","AGE_10YRBANDS_Y55-64","2018",42.34,,,,"R1:3513"
"EGY","BA:582","EAP_DWAP_SEX_AGE_RT","SEX_T","AGE_10YRBANDS_YGE65","2018",11.466,,,,"R1:3513"
"EGY","BA:582","EAP_DWAP_SEX_AGE_RT","SEX_M","AGE_10YRBANDS_YGE15","2018",67.642,,,,"R1:3513"
"EGY","BA:582","EAP_DWAP_SEX_AGE_RT","SEX_M","AGE_10YRBANDS_Y15-24","2018",36.146,,,,"R1:3513"
"EGY","BA:582","EAP_DWAP_SEX_AGE_RT","SEX_M","AGE_10YRBANDS_Y25-34","2018",92.889,,,,"R1:3513"
"EGY","BA:582","EAP_DWAP_SEX_AGE_RT","SEX_M","AGE_10YRBANDS_Y35-44","2018",96.868,,,,"R1:3513"
"EGY","BA:582","EAP_DWAP_SEX_AGE_RT","SEX_M","AGE_10YRBANDS_Y45-54","2018",93.56,,,,"R1:3513"
"EGY","BA:582","EAP_DWAP_SEX_AGE_RT","SEX_M","AGE_10YRBANDS_Y55-64","2018",66.18,,,,"R1:3513"
"EGY","BA:582","EAP_DWAP_SEX_AGE_RT","SEX_M","AGE_10YRBANDS_YGE65","2018",19.825,,,,"R1:3513"
"EGY","BA:582","EAP_DWAP_SEX_AGE_RT","SEX_F","AGE_10YRBANDS_YGE15","2018",18.308,,,,"R1:3513"
"EGY","BA:582","EAP_DWAP_SEX_AGE_RT","SEX_F","AGE_10YRBANDS_Y15-24","2018",11.38,,,,"R1:3513"
"EGY","BA:582","EAP_DWAP_SEX_AGE_RT","SEX_F","AGE_10YRBANDS_Y25-34","2018",24.507,,,,"R1:3513"
"EGY","BA:582","EAP_DWAP_SEX_AGE_RT","SEX_F","AGE_10YRBANDS_Y35-44","2018",24.023,,,,"R1:3513"
"EGY","BA:582","EAP_DWAP_SEX_AGE_RT","SEX_F","AGE_10YRBANDS_Y45-54","2018",24.034,,,,"R1:3513"
"EGY","BA:582","EAP_DWAP_SEX_AGE_RT","SEX_F","AGE_10YRBANDS_Y55-64","2018",16.45,,,,"R1:3513"
"EGY","BA:582","EAP_DWAP_SEX_AGE_RT","SEX_F","AGE_10YRBANDS_YGE65","2018",2.493,,,,"R1:3513"
"EGY","BA:582","EAP_DWAP_SEX_AGE_RT","SEX_T","AGE_5YRBANDS_YGE15","2018",43.299,,,,"R1:3513"
"EGY","BA:582","EAP_DWAP_SEX_AGE_RT","SEX_T","AGE_5YRBANDS_Y15-19","2018",12.942,,,,"R1:3513"
"EGY","BA:582","EAP_DWAP_SEX_AGE_RT","SEX_T","AGE_5YRBANDS_Y20-24","2018",37.367,,,,"R1:3513"
"EGY","BA:582","EAP_DWAP_SEX_AGE_RT","SEX_T","AGE_5YRBANDS_Y25-29","2018",58.459,,,,"R1:3513"
"EGY","BA:582","EAP_DWAP_SEX_AGE_RT","SEX_T","AGE_5YRBANDS_Y30-34","2018",57.296,,,,"R1:3513"
"EGY","BA:582","EAP_DWAP_SEX_AGE_RT","SEX_T","AGE_5YRBANDS_Y35-39","2018",57.038,,,,"R1:3513"
"EGY","BA:582","EAP_DWAP_SEX_AGE_RT","SEX_T","AGE_5YRBANDS_Y40-44","2018",59.773,,,,"R1:3513"
"EGY","BA:582","EAP_DWAP_SEX_AGE_RT","SEX_T","AGE_5YRBANDS_Y45-49","2018",60.675,,,,"R1:3513"
"EGY","BA:582","EAP_DWAP_SEX_AGE_RT","SEX_T","AGE_5YRBANDS_Y50-54","2018",58.51,,,,"R1:3513"
"EGY","BA:582","EAP_DWAP_SEX_AGE_RT","SEX_T","AGE_5YRBANDS_Y55-59","2018",56.593,,,,"R1:3513"
"EGY","BA:582","EAP_DWAP_SEX_AGE_RT","SEX_T","AGE_5YRBANDS_Y60-64","2018",24.763,,,,"R1:3513"
"EGY","BA:582","EAP_DWAP_SEX_AGE_RT","SEX_T","AGE_5YRBANDS_YGE65","2018",11.466,,,,"R1:3513"
"EGY","BA:582","EAP_DWAP_SEX_AGE_RT","SEX_M","AGE_5YRBANDS_YGE15","2018",67.642,,,,"R1:3513"
"EGY","BA:582","EAP_DWAP_SEX_AGE_RT","SEX_M","AGE_5YRBANDS_Y15-19","2018",21.724,,,,"R1:3513"
"EGY","BA:582","EAP_DWAP_SEX_AGE_RT","SEX_M","AGE_5YRBANDS_Y20-24","2018",52.047,,,,"R1:3513"
"EGY","BA:582","EAP_DWAP_SEX_AGE_RT","SEX_M","AGE_5YRBANDS_Y25-29","2018",90.727,,,,"R1:3513"
"EGY","BA:582","EAP_DWAP_SEX_AGE_RT","SEX_M","AGE_5YRBANDS_Y30-34","2018",95.732,,,,"R1:3513"
"EGY","BA:582","EAP_DWAP_SEX_AGE_RT","SEX_M","AGE_5YRBANDS_Y35-39","2018",97.168,,,,"R1:3513"
"EGY","BA:582","EAP_DWAP_SEX_AGE_RT","SEX_M","AGE_5YRBANDS_Y40-44","2018",96.56,,,,"R1:3513"
"EGY","BA:582","EAP_DWAP_SEX_AGE_RT","SEX_M","AGE_5YRBANDS_Y45-49","2018",95.322,,,,"R1:3513"
"EGY","BA:582","EAP_DWAP_SEX_AGE_RT","SEX_M","AGE_5YRBANDS_Y50-54","2018",91.792,,,,"R1:3513"
"EGY","BA:582","EAP_DWAP_SEX_AGE_RT","SEX_M","AGE_5YRBANDS_Y55-59","2018",85.633,,,,"R1:3513"
"EGY","BA:582","EAP_DWAP_SEX_AGE_RT","SEX_M","AGE_5YRBANDS_Y60-64","2018",41.909,,,,"R1:3513"
"EGY","BA:582","EAP_DWAP_SEX_AGE_RT","SEX_M","AGE_5YRBANDS_YGE65","2018",19.825,,,,"R1:3513"
"EGY","BA:582","EAP_DWAP_SEX_AGE_RT","SEX_F","AGE_5YRBANDS_YGE15","2018",18.308,,,,"R1:3513"
"EGY","BA:582","EAP_DWAP_SEX_AGE_RT","SEX_F","AGE_5YRBANDS_Y15-19","2018",3.279,,,,"R1:3513"
"EGY","BA:582","EAP_DWAP_SEX_AGE_RT","SEX_F","AGE_5YRBANDS_Y20-24","2018",20.632,,,,"R1:3513"
"EGY","BA:582","EAP_DWAP_SEX_AGE_RT","SEX_F","AGE_5YRBANDS_Y25-29","2018",26.171,,,,"R1:3513"
"EGY","BA:582","EAP_DWAP_SEX_AGE_RT","SEX_F","AGE_5YRBANDS_Y30-34","2018",22.53,,,,"R1:3513"
"EGY","BA:582","EAP_DWAP_SEX_AGE_RT","SEX_F","AGE_5YRBANDS_Y35-39","2018",23.538,,,,"R1:3513"
"EGY","BA:582","EAP_DWAP_SEX_AGE_RT","SEX_F","AGE_5YRBANDS_Y40-44","2018",24.592,,,,"R1:3513"
"EGY","BA:582","EAP_DWAP_SEX_AGE_RT","SEX_F","AGE_5YRBANDS_Y45-49","2018",24.584,,,,"R1:3513"
"EGY","BA:582","EAP_DWAP_SEX_AGE_RT","SEX_F","AGE_5YRBANDS_Y50-54","2018",23.475,,,,"R1:3513"
"EGY","BA:582","EAP_DWAP_SEX_AGE_RT","SEX_F","AGE_5YRBANDS_Y55-59","2018",24.712,,,,"R1:3513"
"EGY","BA:582","EAP_DWAP_SEX_AGE_RT","SEX_F","AGE_5YRBANDS_Y60-64","2018",6.389,,,,"R1:3513"
"EGY","BA:582","EAP_DWAP_SEX_AGE_RT","SEX_F","AGE_5YRBANDS_YGE65","2018",2.493,,,,"R1:3513"
"EGY","BA:582","EAP_DWAP_SEX_AGE_RT","SEX_T","AGE_YTHADULT_YGE15","2017",44.95,,,,"R1:3513"
"EGY","BA:582","EAP_DWAP_SEX_AGE_RT","SEX_T","AGE_YTHADULT_Y15-64","2017",46.788,,,,"R1:3513"
"EGY","BA:582","EAP_DWAP_SEX_AGE_RT","SEX_T","AGE_YTHADULT_Y15-24","2017",28.956,,,,"R1:3513"
"EGY","BA:582","EAP_DWAP_SEX_AGE_RT","SEX_T","AGE_YTHADULT_YGE25","2017",53.083,,,,"R1:3513"
"EGY","BA:582","EAP_DWAP_SEX_AGE_RT","SEX_M","AGE_YTHADULT_YGE15","2017",66.8,,,,"R1:3513"
"EGY","BA:582","EAP_DWAP_SEX_AGE_RT","SEX_M","AGE_YTHADULT_Y15-64","2017",69.453,,,,"R1:3513"
"EGY","BA:582","EAP_DWAP_SEX_AGE_RT","SEX_M","AGE_YTHADULT_Y15-24","2017",38.22,,,,"R1:3513"
"EGY","BA:582","EAP_DWAP_SEX_AGE_RT","SEX_M","AGE_YTHADULT_YGE25","2017",81.854,,,,"R1:3513"
"EGY","BA:582","EAP_DWAP_SEX_AGE_RT","SEX_F","AGE_YTHADULT_YGE15","2017",21.928,,,,"R1:3513"
"EGY","BA:582","EAP_DWAP_SEX_AGE_RT","SEX_F","AGE_YTHADULT_Y15-64","2017",22.995,,,,"R1:3513"
"EGY","BA:582","EAP_DWAP_SEX_AGE_RT","SEX_F","AGE_YTHADULT_Y15-24","2017",18.712,,,,"R1:3513"
"EGY","BA:582","EAP_DWAP_SEX_AGE_RT","SEX_F","AGE_YTHADULT_YGE25","2017",23.502,,,,"R1:3513"
"EGY","BA:582","EAP_DWAP_SEX_AGE_RT","SEX_T","AGE_AGGREGATE_YGE15","2017",44.95,,,,"R1:3513"
"EGY","BA:582","EAP_DWAP_SEX_AGE_RT","SEX_T","AGE_AGGREGATE_Y15-24","2017",28.956,,,,"R1:3513"
"EGY","BA:582","EAP_DWAP_SEX_AGE_RT","SEX_T","AGE_AGGREGATE_Y25-54","2017",59.795,,,,"R1:3513"
"EGY","BA:582","EAP_DWAP_SEX_AGE_RT","SEX_T","AGE_AGGREGATE_Y55-64","2017",41.095,,,,"R1:3513"
"EGY","BA:582","EAP_DWAP_SEX_AGE_RT","SEX_T","AGE_AGGREGATE_YGE65","2017",13.055,,,,"R1:3513"
"EGY","BA:582","EAP_DWAP_SEX_AGE_RT","SEX_M","AGE_AGGREGATE_YGE15","2017",66.8,,,,"R1:3513"
"EGY","BA:582","EAP_DWAP_SEX_AGE_RT","SEX_M","AGE_AGGREGATE_Y15-24","2017",38.22,,,,"R1:3513"
"EGY","BA:582","EAP_DWAP_SEX_AGE_RT","SEX_M","AGE_AGGREGATE_Y25-54","2017",92.376,,,,"R1:3513"
"EGY","BA:582","EAP_DWAP_SEX_AGE_RT","SEX_M","AGE_AGGREGATE_Y55-64","2017",64,,,,"R1:3513"
"EGY","BA:582","EAP_DWAP_SEX_AGE_RT","SEX_M","AGE_AGGREGATE_YGE65","2017",22.25,,,,"R1:3513"
"EGY","BA:582","EAP_DWAP_SEX_AGE_RT","SEX_F","AGE_AGGREGATE_YGE15","2017",21.928,,,,"R1:3513"
"EGY","BA:582","EAP_DWAP_SEX_AGE_RT","SEX_F","AGE_AGGREGATE_Y15-24","2017",18.712,,,,"R1:3513"
"EGY","BA:582","EAP_DWAP_SEX_AGE_RT","SEX_F","AGE_AGGREGATE_Y25-54","2017",27.074,,,,"R1:3513"
"EGY","BA:582","EAP_DWAP_SEX_AGE_RT","SEX_F","AGE_AGGREGATE_Y55-64","2017",15.867,,,,"R1:3513"
"EGY","BA:582","EAP_DWAP_SEX_AGE_RT","SEX_F","AGE_AGGREGATE_YGE65","2017",2.712,,,,"R1:3513"
"EGY","BA:582","EAP_DWAP_SEX_AGE_RT","SEX_T","AGE_10YRBANDS_YGE15","2017",44.95,,,,"R1:3513"
"EGY","BA:582","EAP_DWAP_SEX_AGE_RT","SEX_T","AGE_10YRBANDS_Y15-24","2017",28.956,,,,"R1:3513"
"EGY","BA:582","EAP_DWAP_SEX_AGE_RT","SEX_T","AGE_10YRBANDS_Y25-34","2017",60.462,,,,"R1:3513"
"EGY","BA:582","EAP_DWAP_SEX_AGE_RT","SEX_T","AGE_10YRBANDS_Y35-44","2017",59.924,,,,"R1:3513"
"EGY","BA:582","EAP_DWAP_SEX_AGE_RT","SEX_T","AGE_10YRBANDS_Y45-54","2017",58.526,,,,"R1:3513"
"EGY","BA:582","EAP_DWAP_SEX_AGE_RT","SEX_T","AGE_10YRBANDS_Y55-64","2017",41.095,,,,"R1:3513"
"EGY","BA:582","EAP_DWAP_SEX_AGE_RT","SEX_T","AGE_10YRBANDS_YGE65","2017",13.055,,,,"R1:3513"
"EGY","BA:582","EAP_DWAP_SEX_AGE_RT","SEX_M","AGE_10YRBANDS_YGE15","2017",66.8,,,,"R1:3513"
"EGY","BA:582","EAP_DWAP_SEX_AGE_RT","SEX_M","AGE_10YRBANDS_Y15-24","2017",38.22,,,,"R1:3513"
"EGY","BA:582","EAP_DWAP_SEX_AGE_RT","SEX_M","AGE_10YRBANDS_Y25-34","2017",91.681,,,,"R1:3513"
"EGY","BA:582","EAP_DWAP_SEX_AGE_RT","SEX_M","AGE_10YRBANDS_Y35-44","2017",95.481,,,,"R1:3513"
"EGY","BA:582","EAP_DWAP_SEX_AGE_RT","SEX_M","AGE_10YRBANDS_Y45-54","2017",90.104,,,,"R1:3513"
"EGY","BA:582","EAP_DWAP_SEX_AGE_RT","SEX_M","AGE_10YRBANDS_Y55-64","2017",64,,,,"R1:3513"
"EGY","BA:582","EAP_DWAP_SEX_AGE_RT","SEX_M","AGE_10YRBANDS_YGE65","2017",22.25,,,,"R1:3513"
"EGY","BA:582","EAP_DWAP_SEX_AGE_RT","SEX_F","AGE_10YRBANDS_YGE15","2017",21.928,,,,"R1:3513"
"EGY","BA:582","EAP_DWAP_SEX_AGE_RT","SEX_F","AGE_10YRBANDS_Y15-24","2017",18.712,,,,"R1:3513"
"EGY","BA:582","EAP_DWAP_SEX_AGE_RT","SEX_F","AGE_10YRBANDS_Y25-34","2017",29.108,,,,"R1:3513"
"EGY","BA:582","EAP_DWAP_SEX_AGE_RT","SEX_F","AGE_10YRBANDS_Y35-44","2017",26.411,,,,"R1:3513"
"EGY","BA:582","EAP_DWAP_SEX_AGE_RT","SEX_F","AGE_10YRBANDS_Y45-54","2017",24.367,,,,"R1:3513"
"EGY","BA:582","EAP_DWAP_SEX_AGE_RT","SEX_F","AGE_10YRBANDS_Y55-64","2017",15.867,,,,"R1:3513"
"EGY","BA:582","EAP_DWAP_SEX_AGE_RT","SEX_F","AGE_10YRBANDS_YGE65","2017",2.712,,,,"R1:3513"
"EGY","BA:582","EAP_DWAP_SEX_AGE_RT","SEX_T","AGE_5YRBANDS_YGE15","2017",44.95,,,,"R1:3513"
"EGY","BA:582","EAP_DWAP_SEX_AGE_RT","SEX_T","AGE_5YRBANDS_Y15-19","2017",15.495,,,,"R1:3513"
"EGY","BA:582","EAP_DWAP_SEX_AGE_RT","SEX_T","AGE_5YRBANDS_Y20-24","2017",43.612,,,,"R1:3513"
"EGY","BA:582","EAP_DWAP_SEX_AGE_RT","SEX_T","AGE_5YRBANDS_Y25-29","2017",60.162,,,,"R1:3513"
"EGY","BA:582","EAP_DWAP_SEX_AGE_RT","SEX_T","AGE_5YRBANDS_Y30-34","2017",60.868,,,,"R1:3513"
"EGY","BA:582","EAP_DWAP_SEX_AGE_RT","SEX_T","AGE_5YRBANDS_Y35-39","2017",59.847,,,,"R1:3513"
"EGY","BA:582","EAP_DWAP_SEX_AGE_RT","SEX_T","AGE_5YRBANDS_Y40-44","2017",60.015,,,,"R1:3513"
"EGY","BA:582","EAP_DWAP_SEX_AGE_RT","SEX_T","AGE_5YRBANDS_Y45-49","2017",58.757,,,,"R1:3513"
"EGY","BA:582","EAP_DWAP_SEX_AGE_RT","SEX_T","AGE_5YRBANDS_Y50-54","2017",58.288,,,,"R1:3513"
"EGY","BA:582","EAP_DWAP_SEX_AGE_RT","SEX_T","AGE_5YRBANDS_Y55-59","2017",54.58,,,,"R1:3513"
"EGY","BA:582","EAP_DWAP_SEX_AGE_RT","SEX_T","AGE_5YRBANDS_Y60-64","2017",25.533,,,,"R1:3513"
"EGY","BA:582","EAP_DWAP_SEX_AGE_RT","SEX_T","AGE_5YRBANDS_YGE65","2017",13.055,,,,"R1:3513"
"EGY","BA:582","EAP_DWAP_SEX_AGE_RT","SEX_M","AGE_5YRBANDS_YGE15","2017",66.8,,,,"R1:3513"
"EGY","BA:582","EAP_DWAP_SEX_AGE_RT","SEX_M","AGE_5YRBANDS_Y15-19","2017",21.256,,,,"R1:3513"
"EGY","BA:582","EAP_DWAP_SEX_AGE_RT","SEX_M","AGE_5YRBANDS_Y20-24","2017",56.787,,,,"R1:3513"
"EGY","BA:582","EAP_DWAP_SEX_AGE_RT","SEX_M","AGE_5YRBANDS_Y25-29","2017",89.43,,,,"R1:3513"
"EGY","BA:582","EAP_DWAP_SEX_AGE_RT","SEX_M","AGE_5YRBANDS_Y30-34","2017",94.65,,,,"R1:3513"
"EGY","BA:582","EAP_DWAP_SEX_AGE_RT","SEX_M","AGE_5YRBANDS_Y35-39","2017",96.768,,,,"R1:3513"
"EGY","BA:582","EAP_DWAP_SEX_AGE_RT","SEX_M","AGE_5YRBANDS_Y40-44","2017",94.06,,,,"R1:3513"
"EGY","BA:582","EAP_DWAP_SEX_AGE_RT","SEX_M","AGE_5YRBANDS_Y45-49","2017",92.234,,,,"R1:3513"
"EGY","BA:582","EAP_DWAP_SEX_AGE_RT","SEX_M","AGE_5YRBANDS_Y50-54","2017",87.968,,,,"R1:3513"
"EGY","BA:582","EAP_DWAP_SEX_AGE_RT","SEX_M","AGE_5YRBANDS_Y55-59","2017",84.631,,,,"R1:3513"
"EGY","BA:582","EAP_DWAP_SEX_AGE_RT","SEX_M","AGE_5YRBANDS_Y60-64","2017",41.439,,,,"R1:3513"
"EGY","BA:582","EAP_DWAP_SEX_AGE_RT","SEX_M","AGE_5YRBANDS_YGE65","2017",22.25,,,,"R1:3513"
"EGY","BA:582","EAP_DWAP_SEX_AGE_RT","SEX_F","AGE_5YRBANDS_YGE15","2017",21.928,,,,"R1:3513"
"EGY","BA:582","EAP_DWAP_SEX_AGE_RT","SEX_F","AGE_5YRBANDS_Y15-19","2017",9.09,,,,"R1:3513"
"EGY","BA:582","EAP_DWAP_SEX_AGE_RT","SEX_F","AGE_5YRBANDS_Y20-24","2017",29.128,,,,"R1:3513"
"EGY","BA:582","EAP_DWAP_SEX_AGE_RT","SEX_F","AGE_5YRBANDS_Y25-29","2017",31.465,,,,"R1:3513"
"EGY","BA:582","EAP_DWAP_SEX_AGE_RT","SEX_F","AGE_5YRBANDS_Y30-34","2017",25.817,,,,"R1:3513"
"EGY","BA:582","EAP_DWAP_SEX_AGE_RT","SEX_F","AGE_5YRBANDS_Y35-39","2017",26.77,,,,"R1:3513"
"EGY","BA:582","EAP_DWAP_SEX_AGE_RT","SEX_F","AGE_5YRBANDS_Y40-44","2017",25.969,,,,"R1:3513"
"EGY","BA:582","EAP_DWAP_SEX_AGE_RT","SEX_F","AGE_5YRBANDS_Y45-49","2017",23.485,,,,"R1:3513"
"EGY","BA:582","EAP_DWAP_SEX_AGE_RT","SEX_F","AGE_5YRBANDS_Y50-54","2017",25.3,,,,"R1:3513"
"EGY","BA:582","EAP_DWAP_SEX_AGE_RT","SEX_F","AGE_5YRBANDS_Y55-59","2017",23.175,,,,"R1:3513"
"EGY","BA:582","EAP_DWAP_SEX_AGE_RT","SEX_F","AGE_5YRBANDS_Y60-64","2017",6.916,,,,"R1:3513"
"EGY","BA:582","EAP_DWAP_SEX_AGE_RT","SEX_F","AGE_5YRBANDS_YGE65","2017",2.712,,,,"R1:3513"
"EGY","BA:582","EAP_DWAP_SEX_AGE_RT","SEX_T","AGE_YTHADULT_YGE15","2016",46.63,"B",,"I11:264","R1:3513"
"EGY","BA:582","EAP_DWAP_SEX_AGE_RT","SEX_T","AGE_YTHADULT_Y15-64","2016",48.531,"B",,"I11:264","R1:3513"
"EGY","BA:582","EAP_DWAP_SEX_AGE_RT","SEX_T","AGE_YTHADULT_Y15-24","2016",31.356,"B",,"I11:264","R1:3513"
"EGY","BA:582","EAP_DWAP_SEX_AGE_RT","SEX_T","AGE_YTHADULT_YGE25","2016",54.173,"B",,"I11:264","R1:3513"
"EGY","BA:582","EAP_DWAP_SEX_AGE_RT","SEX_M","AGE_YTHADULT_YGE15","2016",69.597,"B",,"I11:264","R1:3513"
"EGY","BA:582","EAP_DWAP_SEX_AGE_RT","SEX_M","AGE_YTHADULT_Y15-64","2016",72.322,"B",,"I11:264","R1:3513"
"EGY","BA:582","EAP_DWAP_SEX_AGE_RT","SEX_M","AGE_YTHADULT_Y15-24","2016",41.933,"B",,"I11:264","R1:3513"
"EGY","BA:582","EAP_DWAP_SEX_AGE_RT","SEX_M","AGE_YTHADULT_YGE25","2016",83.386,"B",,"I11:264","R1:3513"
"EGY","BA:582","EAP_DWAP_SEX_AGE_RT","SEX_F","AGE_YTHADULT_YGE15","2016",22.925,"B",,"I11:264","R1:3513"
"EGY","BA:582","EAP_DWAP_SEX_AGE_RT","SEX_F","AGE_YTHADULT_Y15-64","2016",24.044,"B",,"I11:264","R1:3513"
"EGY","BA:582","EAP_DWAP_SEX_AGE_RT","SEX_F","AGE_YTHADULT_Y15-24","2016",20.3,"B",,"I11:264","R1:3513"
"EGY","BA:582","EAP_DWAP_SEX_AGE_RT","SEX_F","AGE_YTHADULT_YGE25","2016",24.208,"B",,"I11:264","R1:3513"
"EGY","BA:582","EAP_DWAP_SEX_AGE_RT","SEX_T","AGE_AGGREGATE_YGE15","2016",46.63,"B",,"I11:264","R1:3513"
"EGY","BA:582","EAP_DWAP_SEX_AGE_RT","SEX_T","AGE_AGGREGATE_Y15-24","2016",31.356,"B",,"I11:264","R1:3513"
"EGY","BA:582","EAP_DWAP_SEX_AGE_RT","SEX_T","AGE_AGGREGATE_Y25-54","2016",60.712,"B",,"I11:264","R1:3513"
"EGY","BA:582","EAP_DWAP_SEX_AGE_RT","SEX_T","AGE_AGGREGATE_Y55-64","2016",42.555,"B",,"I11:264","R1:3513"
"EGY","BA:582","EAP_DWAP_SEX_AGE_RT","SEX_T","AGE_AGGREGATE_YGE65","2016",13.797,"B",,"I11:264","R1:3513"
"EGY","BA:582","EAP_DWAP_SEX_AGE_RT","SEX_M","AGE_AGGREGATE_YGE15","2016",69.597,"B",,"I11:264","R1:3513"
"EGY","BA:582","EAP_DWAP_SEX_AGE_RT","SEX_M","AGE_AGGREGATE_Y15-24","2016",41.933,"B",,"I11:264","R1:3513"
"EGY","BA:582","EAP_DWAP_SEX_AGE_RT","SEX_M","AGE_AGGREGATE_Y25-54","2016",93.286,"B",,"I11:264","R1:3513"
"EGY","BA:582","EAP_DWAP_SEX_AGE_RT","SEX_M","AGE_AGGREGATE_Y55-64","2016",66.803,"B",,"I11:264","R1:3513"
"EGY","BA:582","EAP_DWAP_SEX_AGE_RT","SEX_M","AGE_AGGREGATE_YGE65","2016",23.7,"B",,"I11:264","R1:3513"
"EGY","BA:582","EAP_DWAP_SEX_AGE_RT","SEX_F","AGE_AGGREGATE_YGE15","2016",22.925,"B",,"I11:264","R1:3513"
"EGY","BA:582","EAP_DWAP_SEX_AGE_RT","SEX_F","AGE_AGGREGATE_Y15-24","2016",20.3,"B",,"I11:264","R1:3513"
"EGY","BA:582","EAP_DWAP_SEX_AGE_RT","SEX_F","AGE_AGGREGATE_Y25-54","2016",27.865,"B",,"I11:264","R1:3513"
"EGY","BA:582","EAP_DWAP_SEX_AGE_RT","SEX_F","AGE_AGGREGATE_Y55-64","2016",16.203,"B",,"I11:264","R1:3513"
"EGY","BA:582","EAP_DWAP_SEX_AGE_RT","SEX_F","AGE_AGGREGATE_YGE65","2016",3.063,"B",,"I11:264","R1:3513"
"EGY","BA:582","EAP_DWAP_SEX_AGE_RT","SEX_T","AGE_10YRBANDS_YGE15","2016",46.63,"B",,"I11:264","R1:3513"
"EGY","BA:582","EAP_DWAP_SEX_AGE_RT","SEX_T","AGE_10YRBANDS_Y15-24","2016",31.356,"B",,"I11:264","R1:3513"
"EGY","BA:582","EAP_DWAP_SEX_AGE_RT","SEX_T","AGE_10YRBANDS_Y25-34","2016",61.382,"B",,"I11:264","R1:3513"
"EGY","BA:582","EAP_DWAP_SEX_AGE_RT","SEX_T","AGE_10YRBANDS_Y35-44","2016",61.556,"B",,"I11:264","R1:3513"
"EGY","BA:582","EAP_DWAP_SEX_AGE_RT","SEX_T","AGE_10YRBANDS_Y45-54","2016",58.612,"B",,"I11:264","R1:3513"
"EGY","BA:582","EAP_DWAP_SEX_AGE_RT","SEX_T","AGE_10YRBANDS_Y55-64","2016",42.555,"B",,"I11:264","R1:3513"
"EGY","BA:582","EAP_DWAP_SEX_AGE_RT","SEX_T","AGE_10YRBANDS_YGE65","2016",13.797,"B",,"I11:264","R1:3513"
"EGY","BA:582","EAP_DWAP_SEX_AGE_RT","SEX_M","AGE_10YRBANDS_YGE15","2016",69.597,"B",,"I11:264","R1:3513"
"EGY","BA:582","EAP_DWAP_SEX_AGE_RT","SEX_M","AGE_10YRBANDS_Y15-24","2016",41.933,"B",,"I11:264","R1:3513"
"EGY","BA:582","EAP_DWAP_SEX_AGE_RT","SEX_M","AGE_10YRBANDS_Y25-34","2016",92.894,"B",,"I11:264","R1:3513"
"EGY","BA:582","EAP_DWAP_SEX_AGE_RT","SEX_M","AGE_10YRBANDS_Y35-44","2016",96.365,"B",,"I11:264","R1:3513"
"EGY","BA:582","EAP_DWAP_SEX_AGE_RT","SEX_M","AGE_10YRBANDS_Y45-54","2016",90.522,"B",,"I11:264","R1:3513"
"EGY","BA:582","EAP_DWAP_SEX_AGE_RT","SEX_M","AGE_10YRBANDS_Y55-64","2016",66.803,"B",,"I11:264","R1:3513"
"EGY","BA:582","EAP_DWAP_SEX_AGE_RT","SEX_M","AGE_10YRBANDS_YGE65","2016",23.7,"B",,"I11:264","R1:3513"
"EGY","BA:582","EAP_DWAP_SEX_AGE_RT","SEX_F","AGE_10YRBANDS_YGE15","2016",22.925,"B",,"I11:264","R1:3513"
"EGY","BA:582","EAP_DWAP_SEX_AGE_RT","SEX_F","AGE_10YRBANDS_Y15-24","2016",20.3,"B",,"I11:264","R1:3513"
"EGY","BA:582","EAP_DWAP_SEX_AGE_RT","SEX_F","AGE_10YRBANDS_Y25-34","2016",29.923,"B",,"I11:264","R1:3513"
"EGY","BA:582","EAP_DWAP_SEX_AGE_RT","SEX_F","AGE_10YRBANDS_Y35-44","2016",28.026,"B",,"I11:264","R1:3513"
"EGY","BA:582","EAP_DWAP_SEX_AGE_RT","SEX_F","AGE_10YRBANDS_Y45-54","2016",24.096,"B",,"I11:264","R1:3513"
"EGY","BA:582","EAP_DWAP_SEX_AGE_RT","SEX_F","AGE_10YRBANDS_Y55-64","2016",16.203,"B",,"I11:264","R1:3513"
"EGY","BA:582","EAP_DWAP_SEX_AGE_RT","SEX_F","AGE_10YRBANDS_YGE65","2016",3.063,"B",,"I11:264","R1:3513"
"EGY","BA:582","EAP_DWAP_SEX_AGE_RT","SEX_T","AGE_5YRBANDS_YGE15","2016",46.63,"B",,"I11:264","R1:3513"
"EGY","BA:582","EAP_DWAP_SEX_AGE_RT","SEX_T","AGE_5YRBANDS_Y15-19","2016",17.415,"B",,"I11:264","R1:3513"
"EGY","BA:582","EAP_DWAP_SEX_AGE_RT","SEX_T","AGE_5YRBANDS_Y20-24","2016",46.498,"B",,"I11:264","R1:3513"
"EGY","BA:582","EAP_DWAP_SEX_AGE_RT","SEX_T","AGE_5YRBANDS_Y25-29","2016",61.225,"B",,"I11:264","R1:3513"
"EGY","BA:582","EAP_DWAP_SEX_AGE_RT","SEX_T","AGE_5YRBANDS_Y30-34","2016",61.595,"B",,"I11:264","R1:3513"
"EGY","BA:582","EAP_DWAP_SEX_AGE_RT","SEX_T","AGE_5YRBANDS_Y35-39","2016",60.54,"B",,"I11:264","R1:3513"
"EGY","BA:582","EAP_DWAP_SEX_AGE_RT","SEX_T","AGE_5YRBANDS_Y40-44","2016",62.714,"B",,"I11:264","R1:3513"
"EGY","BA:582","EAP_DWAP_SEX_AGE_RT","SEX_T","AGE_5YRBANDS_Y45-49","2016",57.166,"B",,"I11:264","R1:3513"
"EGY","BA:582","EAP_DWAP_SEX_AGE_RT","SEX_T","AGE_5YRBANDS_Y50-54","2016",60.102,"B",,"I11:264","R1:3513"
"EGY","BA:582","EAP_DWAP_SEX_AGE_RT","SEX_T","AGE_5YRBANDS_Y55-59","2016",55.462,"B",,"I11:264","R1:3513"
"EGY","BA:582","EAP_DWAP_SEX_AGE_RT","SEX_T","AGE_5YRBANDS_Y60-64","2016",27.557,"B",,"I11:264","R1:3513"
"EGY","BA:582","EAP_DWAP_SEX_AGE_RT","SEX_T","AGE_5YRBANDS_YGE65","2016",13.797,"B",,"I11:264","R1:3513"
"EGY","BA:582","EAP_DWAP_SEX_AGE_RT","SEX_M","AGE_5YRBANDS_YGE15","2016",69.597,"B",,"I11:264","R1:3513"
"EGY","BA:582","EAP_DWAP_SEX_AGE_RT","SEX_M","AGE_5YRBANDS_Y15-19","2016",24.035,"B",,"I11:264","R1:3513"
"EGY","BA:582","EAP_DWAP_SEX_AGE_RT","SEX_M","AGE_5YRBANDS_Y20-24","2016",61.409,"B",,"I11:264","R1:3513"
"EGY","BA:582","EAP_DWAP_SEX_AGE_RT","SEX_M","AGE_5YRBANDS_Y25-29","2016",90.796,"B",,"I11:264","R1:3513"
"EGY","BA:582","EAP_DWAP_SEX_AGE_RT","SEX_M","AGE_5YRBANDS_Y30-34","2016",95.634,"B",,"I11:264","R1:3513"
"EGY","BA:582","EAP_DWAP_SEX_AGE_RT","SEX_M","AGE_5YRBANDS_Y35-39","2016",96.888,"B",,"I11:264","R1:3513"
"EGY","BA:582","EAP_DWAP_SEX_AGE_RT","SEX_M","AGE_5YRBANDS_Y40-44","2016",95.805,"B",,"I11:264","R1:3513"
"EGY","BA:582","EAP_DWAP_SEX_AGE_RT","SEX_M","AGE_5YRBANDS_Y45-49","2016",89.502,"B",,"I11:264","R1:3513"
"EGY","BA:582","EAP_DWAP_SEX_AGE_RT","SEX_M","AGE_5YRBANDS_Y50-54","2016",91.579,"B",,"I11:264","R1:3513"
"EGY","BA:582","EAP_DWAP_SEX_AGE_RT","SEX_M","AGE_5YRBANDS_Y55-59","2016",85.433,"B",,"I11:264","R1:3513"
"EGY","BA:582","EAP_DWAP_SEX_AGE_RT","SEX_M","AGE_5YRBANDS_Y60-64","2016",45.494,"B",,"I11:264","R1:3513"
"EGY","BA:582","EAP_DWAP_SEX_AGE_RT","SEX_M","AGE_5YRBANDS_YGE65","2016",23.7,"B",,"I11:264","R1:3513"
"EGY","BA:582","EAP_DWAP_SEX_AGE_RT","SEX_F","AGE_5YRBANDS_YGE15","2016",22.925,"B",,"I11:264","R1:3513"
"EGY","BA:582","EAP_DWAP_SEX_AGE_RT","SEX_F","AGE_5YRBANDS_Y15-19","2016",10.483,"B",,"I11:264","R1:3513"
"EGY","BA:582","EAP_DWAP_SEX_AGE_RT","SEX_F","AGE_5YRBANDS_Y20-24","2016",30.943,"B",,"I11:264","R1:3513"
"EGY","BA:582","EAP_DWAP_SEX_AGE_RT","SEX_F","AGE_5YRBANDS_Y25-29","2016",32.553,"B",,"I11:264","R1:3513"
"EGY","BA:582","EAP_DWAP_SEX_AGE_RT","SEX_F","AGE_5YRBANDS_Y30-34","2016",26.246,"B",,"I11:264","R1:3513"
"EGY","BA:582","EAP_DWAP_SEX_AGE_RT","SEX_F","AGE_5YRBANDS_Y35-39","2016",27.569,"B",,"I11:264","R1:3513"
"EGY","BA:582","EAP_DWAP_SEX_AGE_RT","SEX_F","AGE_5YRBANDS_Y40-44","2016",28.581,"B",,"I11:264","R1:3513"
"EGY","BA:582","EAP_DWAP_SEX_AGE_RT","SEX_F","AGE_5YRBANDS_Y45-49","2016",21.992,"B",,"I11:264","R1:3513"
"EGY","BA:582","EAP_DWAP_SEX_AGE_RT","SEX_F","AGE_5YRBANDS_Y50-54","2016",26.251,"B",,"I11:264","R1:3513"
"EGY","BA:582","EAP_DWAP_SEX_AGE_RT","SEX_F","AGE_5YRBANDS_Y55-59","2016",23.383,"B",,"I11:264","R1:3513"
"EGY","BA:582","EAP_DWAP_SEX_AGE_RT","SEX_F","AGE_5YRBANDS_Y60-64","2016",7.713,"B",,"I11:264","R1:3513"
"EGY","BA:582","EAP_DWAP_SEX_AGE_RT","SEX_F","AGE_5YRBANDS_YGE65","2016",3.063,"B",,"I11:264","R1:3513"
"EGY","BA:582","EAP_DWAP_SEX_AGE_RT","SEX_T","AGE_YTHADULT_YGE15","2015",46.978,,,,"R1:3513"
"EGY","BA:582","EAP_DWAP_SEX_AGE_RT","SEX_T","AGE_YTHADULT_Y15-64","2015",49.042,,,,"R1:3513"
"EGY","BA:582","EAP_DWAP_SEX_AGE_RT","SEX_T","AGE_YTHADULT_Y15-24","2015",32.033,,,,"R1:3513"
"EGY","BA:582","EAP_DWAP_SEX_AGE_RT","SEX_T","AGE_YTHADULT_YGE25","2015",54.354,,,,"R1:3513"
"EGY","BA:582","EAP_DWAP_SEX_AGE_RT","SEX_M","AGE_YTHADULT_YGE15","2015",70.513,,,,"R1:3513"
"EGY","BA:582","EAP_DWAP_SEX_AGE_RT","SEX_M","AGE_YTHADULT_Y15-64","2015",73.517,,,,"R1:3513"
"EGY","BA:582","EAP_DWAP_SEX_AGE_RT","SEX_M","AGE_YTHADULT_Y15-24","2015",42.916,,,,"R1:3513"
"EGY","BA:582","EAP_DWAP_SEX_AGE_RT","SEX_M","AGE_YTHADULT_YGE25","2015",84.259,,,,"R1:3513"
"EGY","BA:582","EAP_DWAP_SEX_AGE_RT","SEX_F","AGE_YTHADULT_YGE15","2015",22.666,,,,"R1:3513"
"EGY","BA:582","EAP_DWAP_SEX_AGE_RT","SEX_F","AGE_YTHADULT_Y15-64","2015",23.831,,,,"R1:3513"
"EGY","BA:582","EAP_DWAP_SEX_AGE_RT","SEX_F","AGE_YTHADULT_Y15-24","2015",20.649,,,,"R1:3513"
"EGY","BA:582","EAP_DWAP_SEX_AGE_RT","SEX_F","AGE_YTHADULT_YGE25","2015",23.652,,,,"R1:3513"
"EGY","BA:582","EAP_DWAP_SEX_AGE_RT","SEX_T","AGE_AGGREGATE_YGE15","2015",46.978,,,,"R1:3513"
"EGY","BA:582","EAP_DWAP_SEX_AGE_RT","SEX_T","AGE_AGGREGATE_Y15-24","2015",32.033,,,,"R1:3513"
"EGY","BA:582","EAP_DWAP_SEX_AGE_RT","SEX_T","AGE_AGGREGATE_Y25-54","2015",61.526,,,,"R1:3513"
"EGY","BA:582","EAP_DWAP_SEX_AGE_RT","SEX_T","AGE_AGGREGATE_Y55-64","2015",40.702,,,,"R1:3513"
"EGY","BA:582","EAP_DWAP_SEX_AGE_RT","SEX_T","AGE_AGGREGATE_YGE65","2015",11.319,,,,"R1:3513"
"EGY","BA:582","EAP_DWAP_SEX_AGE_RT","SEX_M","AGE_AGGREGATE_YGE15","2015",70.513,,,,"R1:3513"
"EGY","BA:582","EAP_DWAP_SEX_AGE_RT","SEX_M","AGE_AGGREGATE_Y15-24","2015",42.916,,,,"R1:3513"
"EGY","BA:582","EAP_DWAP_SEX_AGE_RT","SEX_M","AGE_AGGREGATE_Y25-54","2015",95.223,,,,"R1:3513"
"EGY","BA:582","EAP_DWAP_SEX_AGE_RT","SEX_M","AGE_AGGREGATE_Y55-64","2015",64.842,,,,"R1:3513"
"EGY","BA:582","EAP_DWAP_SEX_AGE_RT","SEX_M","AGE_AGGREGATE_YGE65","2015",19.91,,,,"R1:3513"
"EGY","BA:582","EAP_DWAP_SEX_AGE_RT","SEX_F","AGE_AGGREGATE_YGE15","2015",22.666,,,,"R1:3513"
"EGY","BA:582","EAP_DWAP_SEX_AGE_RT","SEX_F","AGE_AGGREGATE_Y15-24","2015",20.649,,,,"R1:3513"
"EGY","BA:582","EAP_DWAP_SEX_AGE_RT","SEX_F","AGE_AGGREGATE_Y25-54","2015",27.616,,,,"R1:3513"
"EGY","BA:582","EAP_DWAP_SEX_AGE_RT","SEX_F","AGE_AGGREGATE_Y55-64","2015",14.015,,,,"R1:3513"
"EGY","BA:582","EAP_DWAP_SEX_AGE_RT","SEX_F","AGE_AGGREGATE_YGE65","2015",1.997,,,,"R1:3513"
"EGY","BA:582","EAP_DWAP_SEX_AGE_RT","SEX_T","AGE_10YRBANDS_YGE15","2015",46.978,,,,"R1:3513"
"EGY","BA:582","EAP_DWAP_SEX_AGE_RT","SEX_T","AGE_10YRBANDS_Y15-24","2015",32.033,,,,"R1:3513"
"EGY","BA:582","EAP_DWAP_SEX_AGE_RT","SEX_T","AGE_10YRBANDS_Y25-34","2015",62.466,,,,"R1:3513"
"EGY","BA:582","EAP_DWAP_SEX_AGE_RT","SEX_T","AGE_10YRBANDS_Y35-44","2015",61.422,,,,"R1:3513"
"EGY","BA:582","EAP_DWAP_SEX_AGE_RT","SEX_T","AGE_10YRBANDS_Y45-54","2015",60.108,,,,"R1:3513"
"EGY","BA:582","EAP_DWAP_SEX_AGE_RT","SEX_T","AGE_10YRBANDS_Y55-64","2015",40.702,,,,"R1:3513"
"EGY","BA:582","EAP_DWAP_SEX_AGE_RT","SEX_T","AGE_10YRBANDS_YGE65","2015",11.319,,,,"R1:3513"
"EGY","BA:582","EAP_DWAP_SEX_AGE_RT","SEX_M","AGE_10YRBANDS_YGE15","2015",70.513,,,,"R1:3513"
"EGY","BA:582","EAP_DWAP_SEX_AGE_RT","SEX_M","AGE_10YRBANDS_Y15-24","2015",42.916,,,,"R1:3513"
"EGY","BA:582","EAP_DWAP_SEX_AGE_RT","SEX_M","AGE_10YRBANDS_Y25-34","2015",94.216,,,,"R1:3513"
"EGY","BA:582","EAP_DWAP_SEX_AGE_RT","SEX_M","AGE_10YRBANDS_Y35-44","2015",97.395,,,,"R1:3513"
"EGY","BA:582","EAP_DWAP_SEX_AGE_RT","SEX_M","AGE_10YRBANDS_Y45-54","2015",94.454,,,,"R1:3513"
"EGY","BA:582","EAP_DWAP_SEX_AGE_RT","SEX_M","AGE_10YRBANDS_Y55-64","2015",64.842,,,,"R1:3513"
"EGY","BA:582","EAP_DWAP_SEX_AGE_RT","SEX_M","AGE_10YRBANDS_YGE65","2015",19.91,,,,"R1:3513"
"EGY","BA:582","EAP_DWAP_SEX_AGE_RT","SEX_F","AGE_10YRBANDS_YGE15","2015",22.666,,,,"R1:3513"
"EGY","BA:582","EAP_DWAP_SEX_AGE_RT","SEX_F","AGE_10YRBANDS_Y15-24","2015",20.649,,,,"R1:3513"
"EGY","BA:582","EAP_DWAP_SEX_AGE_RT","SEX_F","AGE_10YRBANDS_Y25-34","2015",30.742,,,,"R1:3513"
"EGY","BA:582","EAP_DWAP_SEX_AGE_RT","SEX_F","AGE_10YRBANDS_Y35-44","2015",26.295,,,,"R1:3513"
"EGY","BA:582","EAP_DWAP_SEX_AGE_RT","SEX_F","AGE_10YRBANDS_Y45-54","2015",23.926,,,,"R1:3513"
"EGY","BA:582","EAP_DWAP_SEX_AGE_RT","SEX_F","AGE_10YRBANDS_Y55-64","2015",14.015,,,,"R1:3513"
"EGY","BA:582","EAP_DWAP_SEX_AGE_RT","SEX_F","AGE_10YRBANDS_YGE65","2015",1.997,,,,"R1:3513"
"EGY","BA:582","EAP_DWAP_SEX_AGE_RT","SEX_T","AGE_5YRBANDS_YGE15","2015",46.978,,,,"R1:3513"
"EGY","BA:582","EAP_DWAP_SEX_AGE_RT","SEX_T","AGE_5YRBANDS_Y15-19","2015",17.948,,,,"R1:3513"
"EGY","BA:582","EAP_DWAP_SEX_AGE_RT","SEX_T","AGE_5YRBANDS_Y20-24","2015",47.327,,,,"R1:3513"
"EGY","BA:582","EAP_DWAP_SEX_AGE_RT","SEX_T","AGE_5YRBANDS_Y25-29","2015",61.656,,,,"R1:3513"
"EGY","BA:582","EAP_DWAP_SEX_AGE_RT","SEX_T","AGE_5YRBANDS_Y30-34","2015",63.56,,,,"R1:3513"
"EGY","BA:582","EAP_DWAP_SEX_AGE_RT","SEX_T","AGE_5YRBANDS_Y35-39","2015",60.594,,,,"R1:3513"
"EGY","BA:582","EAP_DWAP_SEX_AGE_RT","SEX_T","AGE_5YRBANDS_Y40-44","2015",62.373,,,,"R1:3513"
"EGY","BA:582","EAP_DWAP_SEX_AGE_RT","SEX_T","AGE_5YRBANDS_Y45-49","2015",59.919,,,,"R1:3513"
"EGY","BA:582","EAP_DWAP_SEX_AGE_RT","SEX_T","AGE_5YRBANDS_Y50-54","2015",60.305,,,,"R1:3513"
"EGY","BA:582","EAP_DWAP_SEX_AGE_RT","SEX_T","AGE_5YRBANDS_Y55-59","2015",54.35,,,,"R1:3513"
"EGY","BA:582","EAP_DWAP_SEX_AGE_RT","SEX_T","AGE_5YRBANDS_Y60-64","2015",24.977,,,,"R1:3513"
"EGY","BA:582","EAP_DWAP_SEX_AGE_RT","SEX_T","AGE_5YRBANDS_YGE65","2015",11.319,,,,"R1:3513"
"EGY","BA:582","EAP_DWAP_SEX_AGE_RT","SEX_M","AGE_5YRBANDS_YGE15","2015",70.513,,,,"R1:3513"
"EGY","BA:582","EAP_DWAP_SEX_AGE_RT","SEX_M","AGE_5YRBANDS_Y15-19","2015",24.514,,,,"R1:3513"
"EGY","BA:582","EAP_DWAP_SEX_AGE_RT","SEX_M","AGE_5YRBANDS_Y20-24","2015",62.935,,,,"R1:3513"
"EGY","BA:582","EAP_DWAP_SEX_AGE_RT","SEX_M","AGE_5YRBANDS_Y25-29","2015",92.264,,,,"R1:3513"
"EGY","BA:582","EAP_DWAP_SEX_AGE_RT","SEX_M","AGE_5YRBANDS_Y30-34","2015",96.764,,,,"R1:3513"
"EGY","BA:582","EAP_DWAP_SEX_AGE_RT","SEX_M","AGE_5YRBANDS_Y35-39","2015",97.54,,,,"R1:3513"
"EGY","BA:582","EAP_DWAP_SEX_AGE_RT","SEX_M","AGE_5YRBANDS_Y40-44","2015",97.233,,,,"R1:3513"
"EGY","BA:582","EAP_DWAP_SEX_AGE_RT","SEX_M","AGE_5YRBANDS_Y45-49","2015",95.835,,,,"R1:3513"
"EGY","BA:582","EAP_DWAP_SEX_AGE_RT","SEX_M","AGE_5YRBANDS_Y50-54","2015",93.059,,,,"R1:3513"
"EGY","BA:582","EAP_DWAP_SEX_AGE_RT","SEX_M","AGE_5YRBANDS_Y55-59","2015",84.713,,,,"R1:3513"
"EGY","BA:582","EAP_DWAP_SEX_AGE_RT","SEX_M","AGE_5YRBANDS_Y60-64","2015",42.343,,,,"R1:3513"
"EGY","BA:582","EAP_DWAP_SEX_AGE_RT","SEX_M","AGE_5YRBANDS_YGE65","2015",19.91,,,,"R1:3513"
"EGY","BA:582","EAP_DWAP_SEX_AGE_RT","SEX_F","AGE_5YRBANDS_YGE15","2015",22.666,,,,"R1:3513"
"EGY","BA:582","EAP_DWAP_SEX_AGE_RT","SEX_F","AGE_5YRBANDS_Y15-19","2015",11.068,,,,"R1:3513"
"EGY","BA:582","EAP_DWAP_SEX_AGE_RT","SEX_F","AGE_5YRBANDS_Y20-24","2015",31.032,,,,"R1:3513"
"EGY","BA:582","EAP_DWAP_SEX_AGE_RT","SEX_F","AGE_5YRBANDS_Y25-29","2015",31.954,,,,"R1:3513"
"EGY","BA:582","EAP_DWAP_SEX_AGE_RT","SEX_F","AGE_5YRBANDS_Y30-34","2015",29.047,,,,"R1:3513"
"EGY","BA:582","EAP_DWAP_SEX_AGE_RT","SEX_F","AGE_5YRBANDS_Y35-39","2015",25.355,,,,"R1:3513"
"EGY","BA:582","EAP_DWAP_SEX_AGE_RT","SEX_F","AGE_5YRBANDS_Y40-44","2015",27.401,,,,"R1:3513"
"EGY","BA:582","EAP_DWAP_SEX_AGE_RT","SEX_F","AGE_5YRBANDS_Y45-49","2015",23.228,,,,"R1:3513"
"EGY","BA:582","EAP_DWAP_SEX_AGE_RT","SEX_F","AGE_5YRBANDS_Y50-54","2015",24.677,,,,"R1:3513"
"EGY","BA:582","EAP_DWAP_SEX_AGE_RT","SEX_F","AGE_5YRBANDS_Y55-59","2015",21.354,,,,"R1:3513"
"EGY","BA:582","EAP_DWAP_SEX_AGE_RT","SEX_F","AGE_5YRBANDS_Y60-64","2015",5.392,,,,"R1:3513"
"EGY","BA:582","EAP_DWAP_SEX_AGE_RT","SEX_F","AGE_5YRBANDS_YGE65","2015",1.997,,,,"R1:3513"
"EGY","BA:582","EAP_DWAP_SEX_AGE_RT","SEX_T","AGE_YTHADULT_YGE15","2014",48.117,,,,"R1:3513"
"EGY","BA:582","EAP_DWAP_SEX_AGE_RT","SEX_T","AGE_YTHADULT_Y15-64","2014",51.223,,,,"R1:3513"
"EGY","BA:582","EAP_DWAP_SEX_AGE_RT","SEX_T","AGE_YTHADULT_Y15-24","2014",33.787,,,,"R1:3513"
"EGY","BA:582","EAP_DWAP_SEX_AGE_RT","SEX_T","AGE_YTHADULT_YGE25","2014",53.502,,,,"R1:3513"
"EGY","BA:582","EAP_DWAP_SEX_AGE_RT","SEX_M","AGE_YTHADULT_YGE15","2014",72.536,,,,"R1:3513"
"EGY","BA:582","EAP_DWAP_SEX_AGE_RT","SEX_M","AGE_YTHADULT_Y15-64","2014",76.873,,,,"R1:3513"
"EGY","BA:582","EAP_DWAP_SEX_AGE_RT","SEX_M","AGE_YTHADULT_Y15-24","2014",46.184,,,,"R1:3513"
"EGY","BA:582","EAP_DWAP_SEX_AGE_RT","SEX_M","AGE_YTHADULT_YGE25","2014",83.91,,,,"R1:3513"
"EGY","BA:582","EAP_DWAP_SEX_AGE_RT","SEX_F","AGE_YTHADULT_YGE15","2014",23.063,,,,"R1:3513"
"EGY","BA:582","EAP_DWAP_SEX_AGE_RT","SEX_F","AGE_YTHADULT_Y15-64","2014",24.872,,,,"R1:3513"
"EGY","BA:582","EAP_DWAP_SEX_AGE_RT","SEX_F","AGE_YTHADULT_Y15-24","2014",18.077,,,,"R1:3513"
"EGY","BA:582","EAP_DWAP_SEX_AGE_RT","SEX_F","AGE_YTHADULT_YGE25","2014",24.673,,,,"R1:3513"
"EGY","BA:582","EAP_DWAP_SEX_AGE_RT","SEX_T","AGE_AGGREGATE_YGE15","2014",48.117,,,,"R1:3513"
"EGY","BA:582","EAP_DWAP_SEX_AGE_RT","SEX_T","AGE_AGGREGATE_Y15-24","2014",33.787,,,,"R1:3513"
"EGY","BA:582","EAP_DWAP_SEX_AGE_RT","SEX_T","AGE_AGGREGATE_Y25-54","2014",62.028,,,,"R1:3513"
"EGY","BA:582","EAP_DWAP_SEX_AGE_RT","SEX_T","AGE_AGGREGATE_Y55-64","2014",41.278,,,,"R1:3513"
"EGY","BA:582","EAP_DWAP_SEX_AGE_RT","SEX_T","AGE_AGGREGATE_YGE65","2014",10.73,,,,"R1:3513"
"EGY","BA:582","EAP_DWAP_SEX_AGE_RT","SEX_M","AGE_AGGREGATE_YGE15","2014",72.536,,,,"R1:3513"
"EGY","BA:582","EAP_DWAP_SEX_AGE_RT","SEX_M","AGE_AGGREGATE_Y15-24","2014",46.184,,,,"R1:3513"
"EGY","BA:582","EAP_DWAP_SEX_AGE_RT","SEX_M","AGE_AGGREGATE_Y25-54","2014",97.102,,,,"R1:3513"
"EGY","BA:582","EAP_DWAP_SEX_AGE_RT","SEX_M","AGE_AGGREGATE_Y55-64","2014",66.958,,,,"R1:3513"
"EGY","BA:582","EAP_DWAP_SEX_AGE_RT","SEX_M","AGE_AGGREGATE_YGE65","2014",19.886,,,,"R1:3513"
"EGY","BA:582","EAP_DWAP_SEX_AGE_RT","SEX_F","AGE_AGGREGATE_YGE15","2014",23.063,,,,"R1:3513"
"EGY","BA:582","EAP_DWAP_SEX_AGE_RT","SEX_F","AGE_AGGREGATE_Y15-24","2014",18.077,,,,"R1:3513"
"EGY","BA:582","EAP_DWAP_SEX_AGE_RT","SEX_F","AGE_AGGREGATE_Y25-54","2014",29.801,,,,"R1:3513"
"EGY","BA:582","EAP_DWAP_SEX_AGE_RT","SEX_F","AGE_AGGREGATE_Y55-64","2014",14.073,,,,"R1:3513"
"EGY","BA:582","EAP_DWAP_SEX_AGE_RT","SEX_F","AGE_AGGREGATE_YGE65","2014",1.486,,,,"R1:3513"
"EGY","BA:582","EAP_DWAP_SEX_AGE_RT","SEX_T","AGE_10YRBANDS_YGE15","2014",48.117,,,,"R1:3513"
"EGY","BA:582","EAP_DWAP_SEX_AGE_RT","SEX_T","AGE_10YRBANDS_Y15-24","2014",33.787,,,,"R1:3513"
"EGY","BA:582","EAP_DWAP_SEX_AGE_RT","SEX_T","AGE_10YRBANDS_Y25-34","2014",62.63,,,,"R1:3513"
"EGY","BA:582","EAP_DWAP_SEX_AGE_RT","SEX_T","AGE_10YRBANDS_Y35-44","2014",61.997,,,,"R1:3513"
"EGY","BA:582","EAP_DWAP_SEX_AGE_RT","SEX_T","AGE_10YRBANDS_Y45-54","2014",61.25,,,,"R1:3513"
"EGY","BA:582","EAP_DWAP_SEX_AGE_RT","SEX_T","AGE_10YRBANDS_Y55-64","2014",41.278,,,,"R1:3513"
"EGY","BA:582","EAP_DWAP_SEX_AGE_RT","SEX_T","AGE_10YRBANDS_YGE65","2014",10.73,,,,"R1:3513"
"EGY","BA:582","EAP_DWAP_SEX_AGE_RT","SEX_M","AGE_10YRBANDS_YGE15","2014",72.536,,,,"R1:3513"
"EGY","BA:582","EAP_DWAP_SEX_AGE_RT","SEX_M","AGE_10YRBANDS_Y15-24","2014",46.184,,,,"R1:3513"
"EGY","BA:582","EAP_DWAP_SEX_AGE_RT","SEX_M","AGE_10YRBANDS_Y25-34","2014",96.858,,,,"R1:3513"
"EGY","BA:582","EAP_DWAP_SEX_AGE_RT","SEX_M","AGE_10YRBANDS_Y35-44","2014",98.46,,,,"R1:3513"
"EGY","BA:582","EAP_DWAP_SEX_AGE_RT","SEX_M","AGE_10YRBANDS_Y45-54","2014",95.902,,,,"R1:3513"
"EGY","BA:582","EAP_DWAP_SEX_AGE_RT","SEX_M","AGE_10YRBANDS_Y55-64","2014",66.958,,,,"R1:3513"
"EGY","BA:582","EAP_DWAP_SEX_AGE_RT","SEX_M","AGE_10YRBANDS_YGE65","2014",19.886,,,,"R1:3513"
"EGY","BA:582","EAP_DWAP_SEX_AGE_RT","SEX_F","AGE_10YRBANDS_YGE15","2014",23.063,,,,"R1:3513"
"EGY","BA:582","EAP_DWAP_SEX_AGE_RT","SEX_F","AGE_10YRBANDS_Y15-24","2014",18.077,,,,"R1:3513"
"EGY","BA:582","EAP_DWAP_SEX_AGE_RT","SEX_F","AGE_10YRBANDS_Y25-34","2014",32.99,,,,"R1:3513"
"EGY","BA:582","EAP_DWAP_SEX_AGE_RT","SEX_F","AGE_10YRBANDS_Y35-44","2014",28.548,,,,"R1:3513"
"EGY","BA:582","EAP_DWAP_SEX_AGE_RT","SEX_F","AGE_10YRBANDS_Y45-54","2014",26.696,,,,"R1:3513"
"EGY","BA:582","EAP_DWAP_SEX_AGE_RT","SEX_F","AGE_10YRBANDS_Y55-64","2014",14.073,,,,"R1:3513"
"EGY","BA:582","EAP_DWAP_SEX_AGE_RT","SEX_F","AGE_10YRBANDS_YGE65","2014",1.486,,,,"R1:3513"
"EGY","BA:582","EAP_DWAP_SEX_AGE_RT","SEX_T","AGE_5YRBANDS_YGE15","2014",48.117,,,,"R1:3513"
"EGY","BA:582","EAP_DWAP_SEX_AGE_RT","SEX_T","AGE_5YRBANDS_Y15-19","2014",17.719,,,,"R1:3513"
"EGY","BA:582","EAP_DWAP_SEX_AGE_RT","SEX_T","AGE_5YRBANDS_Y20-24","2014",54.628,,,,"R1:3513"
"EGY","BA:582","EAP_DWAP_SEX_AGE_RT","SEX_T","AGE_5YRBANDS_Y25-29","2014",61.408,,,,"R1:3513"
"EGY","BA:582","EAP_DWAP_SEX_AGE_RT","SEX_T","AGE_5YRBANDS_Y30-34","2014",63.948,,,,"R1:3513"
"EGY","BA:582","EAP_DWAP_SEX_AGE_RT","SEX_T","AGE_5YRBANDS_Y35-39","2014",59.886,,,,"R1:3513"
"EGY","BA:582","EAP_DWAP_SEX_AGE_RT","SEX_T","AGE_5YRBANDS_Y40-44","2014",64.402,,,,"R1:3513"
"EGY","BA:582","EAP_DWAP_SEX_AGE_RT","SEX_T","AGE_5YRBANDS_Y45-49","2014",60.991,,,,"R1:3513"
"EGY","BA:582","EAP_DWAP_SEX_AGE_RT","SEX_T","AGE_5YRBANDS_Y50-54","2014",61.527,,,,"R1:3513"
"EGY","BA:582","EAP_DWAP_SEX_AGE_RT","SEX_T","AGE_5YRBANDS_Y55-59","2014",54.89,,,,"R1:3513"
"EGY","BA:582","EAP_DWAP_SEX_AGE_RT","SEX_T","AGE_5YRBANDS_Y60-64","2014",25.463,,,,"R1:3513"
"EGY","BA:582","EAP_DWAP_SEX_AGE_RT","SEX_T","AGE_5YRBANDS_YGE65","2014",10.73,,,,"R1:3513"
"EGY","BA:582","EAP_DWAP_SEX_AGE_RT","SEX_M","AGE_5YRBANDS_YGE15","2014",72.536,,,,"R1:3513"
"EGY","BA:582","EAP_DWAP_SEX_AGE_RT","SEX_M","AGE_5YRBANDS_Y15-19","2014",25.753,,,,"R1:3513"
"EGY","BA:582","EAP_DWAP_SEX_AGE_RT","SEX_M","AGE_5YRBANDS_Y20-24","2014",70.248,,,,"R1:3513"
"EGY","BA:582","EAP_DWAP_SEX_AGE_RT","SEX_M","AGE_5YRBANDS_Y25-29","2014",95.491,,,,"R1:3513"
"EGY","BA:582","EAP_DWAP_SEX_AGE_RT","SEX_M","AGE_5YRBANDS_Y30-34","2014",98.373,,,,"R1:3513"
"EGY","BA:582","EAP_DWAP_SEX_AGE_RT","SEX_M","AGE_5YRBANDS_Y35-39","2014",98.605,,,,"R1:3513"
"EGY","BA:582","EAP_DWAP_SEX_AGE_RT","SEX_M","AGE_5YRBANDS_Y40-44","2014",98.302,,,,"R1:3513"
"EGY","BA:582","EAP_DWAP_SEX_AGE_RT","SEX_M","AGE_5YRBANDS_Y45-49","2014",96.777,,,,"R1:3513"
"EGY","BA:582","EAP_DWAP_SEX_AGE_RT","SEX_M","AGE_5YRBANDS_Y50-54","2014",94.959,,,,"R1:3513"
"EGY","BA:582","EAP_DWAP_SEX_AGE_RT","SEX_M","AGE_5YRBANDS_Y55-59","2014",87.926,,,,"R1:3513"
"EGY","BA:582","EAP_DWAP_SEX_AGE_RT","SEX_M","AGE_5YRBANDS_Y60-64","2014",43.124,,,,"R1:3513"
"EGY","BA:582","EAP_DWAP_SEX_AGE_RT","SEX_M","AGE_5YRBANDS_YGE65","2014",19.886,,,,"R1:3513"
"EGY","BA:582","EAP_DWAP_SEX_AGE_RT","SEX_F","AGE_5YRBANDS_YGE15","2014",23.063,,,,"R1:3513"
"EGY","BA:582","EAP_DWAP_SEX_AGE_RT","SEX_F","AGE_5YRBANDS_Y15-19","2014",8.464,,,,"R1:3513"
"EGY","BA:582","EAP_DWAP_SEX_AGE_RT","SEX_F","AGE_5YRBANDS_Y20-24","2014",32.194,,,,"R1:3513"
"EGY","BA:582","EAP_DWAP_SEX_AGE_RT","SEX_F","AGE_5YRBANDS_Y25-29","2014",31.156,,,,"R1:3513"
"EGY","BA:582","EAP_DWAP_SEX_AGE_RT","SEX_F","AGE_5YRBANDS_Y30-34","2014",34.922,,,,"R1:3513"
"EGY","BA:582","EAP_DWAP_SEX_AGE_RT","SEX_F","AGE_5YRBANDS_Y35-39","2014",25.525,,,,"R1:3513"
"EGY","BA:582","EAP_DWAP_SEX_AGE_RT","SEX_F","AGE_5YRBANDS_Y40-44","2014",32.111,,,,"R1:3513"
"EGY","BA:582","EAP_DWAP_SEX_AGE_RT","SEX_F","AGE_5YRBANDS_Y45-49","2014",25.188,,,,"R1:3513"
"EGY","BA:582","EAP_DWAP_SEX_AGE_RT","SEX_F","AGE_5YRBANDS_Y50-54","2014",28.309,,,,"R1:3513"
"EGY","BA:582","EAP_DWAP_SEX_AGE_RT","SEX_F","AGE_5YRBANDS_Y55-59","2014",20.616,,,,"R1:3513"
"EGY","BA:582","EAP_DWAP_SEX_AGE_RT","SEX_F","AGE_5YRBANDS_Y60-64","2014",6.291,,,,"R1:3513"
"EGY","BA:582","EAP_DWAP_SEX_AGE_RT","SEX_F","AGE_5YRBANDS_YGE65","2014",1.486,,,,"R1:3513"
"EGY","BA:582","EAP_DWAP_SEX_AGE_RT","SEX_T","AGE_YTHADULT_YGE15","2013",48.436,,,,"R1:3513"
"EGY","BA:582","EAP_DWAP_SEX_AGE_RT","SEX_T","AGE_YTHADULT_Y15-64","2013",51.339,,,,"R1:3513"
"EGY","BA:582","EAP_DWAP_SEX_AGE_RT","SEX_T","AGE_YTHADULT_Y15-24","2013",34.463,,,,"R1:3513"
"EGY","BA:582","EAP_DWAP_SEX_AGE_RT","SEX_T","AGE_YTHADULT_YGE25","2013",53.839,,,,"R1:3513"
"EGY","BA:582","EAP_DWAP_SEX_AGE_RT","SEX_M","AGE_YTHADULT_YGE15","2013",73.338,,,,"R1:3513"
"EGY","BA:582","EAP_DWAP_SEX_AGE_RT","SEX_M","AGE_YTHADULT_Y15-64","2013",77.579,,,,"R1:3513"
"EGY","BA:582","EAP_DWAP_SEX_AGE_RT","SEX_M","AGE_YTHADULT_Y15-24","2013",48.123,,,,"R1:3513"
"EGY","BA:582","EAP_DWAP_SEX_AGE_RT","SEX_M","AGE_YTHADULT_YGE25","2013",84.253,,,,"R1:3513"
"EGY","BA:582","EAP_DWAP_SEX_AGE_RT","SEX_F","AGE_YTHADULT_YGE15","2013",22.916,,,,"R1:3513"
"EGY","BA:582","EAP_DWAP_SEX_AGE_RT","SEX_F","AGE_YTHADULT_Y15-64","2013",24.492,,,,"R1:3513"
"EGY","BA:582","EAP_DWAP_SEX_AGE_RT","SEX_F","AGE_YTHADULT_Y15-24","2013",17.879,,,,"R1:3513"
"EGY","BA:582","EAP_DWAP_SEX_AGE_RT","SEX_F","AGE_YTHADULT_YGE25","2013",24.64,,,,"R1:3513"
"EGY","BA:582","EAP_DWAP_SEX_AGE_RT","SEX_T","AGE_AGGREGATE_YGE15","2013",48.436,,,,"R1:3513"
"EGY","BA:582","EAP_DWAP_SEX_AGE_RT","SEX_T","AGE_AGGREGATE_Y15-24","2013",34.463,,,,"R1:3513"
"EGY","BA:582","EAP_DWAP_SEX_AGE_RT","SEX_T","AGE_AGGREGATE_Y25-54","2013",61.917,,,,"R1:3513"
"EGY","BA:582","EAP_DWAP_SEX_AGE_RT","SEX_T","AGE_AGGREGATE_Y55-64","2013",41.66,,,,"R1:3513"
"EGY","BA:582","EAP_DWAP_SEX_AGE_RT","SEX_T","AGE_AGGREGATE_YGE65","2013",11.448,,,,"R1:3513"
"EGY","BA:582","EAP_DWAP_SEX_AGE_RT","SEX_M","AGE_AGGREGATE_YGE15","2013",73.338,,,,"R1:3513"
"EGY","BA:582","EAP_DWAP_SEX_AGE_RT","SEX_M","AGE_AGGREGATE_Y15-24","2013",48.123,,,,"R1:3513"
"EGY","BA:582","EAP_DWAP_SEX_AGE_RT","SEX_M","AGE_AGGREGATE_Y25-54","2013",96.764,,,,"R1:3513"
"EGY","BA:582","EAP_DWAP_SEX_AGE_RT","SEX_M","AGE_AGGREGATE_Y55-64","2013",68.135,,,,"R1:3513"
"EGY","BA:582","EAP_DWAP_SEX_AGE_RT","SEX_M","AGE_AGGREGATE_YGE65","2013",19.897,,,,"R1:3513"
"EGY","BA:582","EAP_DWAP_SEX_AGE_RT","SEX_F","AGE_AGGREGATE_YGE15","2013",22.916,,,,"R1:3513"
"EGY","BA:582","EAP_DWAP_SEX_AGE_RT","SEX_F","AGE_AGGREGATE_Y15-24","2013",17.879,,,,"R1:3513"
"EGY","BA:582","EAP_DWAP_SEX_AGE_RT","SEX_F","AGE_AGGREGATE_Y25-54","2013",29.429,,,,"R1:3513"
"EGY","BA:582","EAP_DWAP_SEX_AGE_RT","SEX_F","AGE_AGGREGATE_Y55-64","2013",13.833,,,,"R1:3513"
"EGY","BA:582","EAP_DWAP_SEX_AGE_RT","SEX_F","AGE_AGGREGATE_YGE65","2013",2.608,,,,"R1:3513"
"EGY","BA:582","EAP_DWAP_SEX_AGE_RT","SEX_T","AGE_10YRBANDS_YGE15","2013",48.436,,,,"R1:3513"
"EGY","BA:582","EAP_DWAP_SEX_AGE_RT","SEX_T","AGE_10YRBANDS_Y15-24","2013",34.463,,,,"R1:3513"
"EGY","BA:582","EAP_DWAP_SEX_AGE_RT","SEX_T","AGE_10YRBANDS_Y25-34","2013",62.86,,,,"R1:3513"
"EGY","BA:582","EAP_DWAP_SEX_AGE_RT","SEX_T","AGE_10YRBANDS_Y35-44","2013",61.639,,,,"R1:3513"
"EGY","BA:582","EAP_DWAP_SEX_AGE_RT","SEX_T","AGE_10YRBANDS_Y45-54","2013",60.907,,,,"R1:3513"
"EGY","BA:582","EAP_DWAP_SEX_AGE_RT","SEX_T","AGE_10YRBANDS_Y55-64","2013",41.66,,,,"R1:3513"
"EGY","BA:582","EAP_DWAP_SEX_AGE_RT","SEX_T","AGE_10YRBANDS_YGE65","2013",11.448,,,,"R1:3513"
"EGY","BA:582","EAP_DWAP_SEX_AGE_RT","SEX_M","AGE_10YRBANDS_YGE15","2013",73.338,,,,"R1:3513"
"EGY","BA:582","EAP_DWAP_SEX_AGE_RT","SEX_M","AGE_10YRBANDS_Y15-24","2013",48.123,,,,"R1:3513"
"EGY","BA:582","EAP_DWAP_SEX_AGE_RT","SEX_M","AGE_10YRBANDS_Y25-34","2013",97.037,,,,"R1:3513"
"EGY","BA:582","EAP_DWAP_SEX_AGE_RT","SEX_M","AGE_10YRBANDS_Y35-44","2013",98.326,,,,"R1:3513"
"EGY","BA:582","EAP_DWAP_SEX_AGE_RT","SEX_M","AGE_10YRBANDS_Y45-54","2013",94.671,,,,"R1:3513"
"EGY","BA:582","EAP_DWAP_SEX_AGE_RT","SEX_M","AGE_10YRBANDS_Y55-64","2013",68.135,,,,"R1:3513"
"EGY","BA:582","EAP_DWAP_SEX_AGE_RT","SEX_M","AGE_10YRBANDS_YGE65","2013",19.897,,,,"R1:3513"
"EGY","BA:582","EAP_DWAP_SEX_AGE_RT","SEX_F","AGE_10YRBANDS_YGE15","2013",22.916,,,,"R1:3513"
"EGY","BA:582","EAP_DWAP_SEX_AGE_RT","SEX_F","AGE_10YRBANDS_Y15-24","2013",17.879,,,,"R1:3513"
"EGY","BA:582","EAP_DWAP_SEX_AGE_RT","SEX_F","AGE_10YRBANDS_Y25-34","2013",32.771,,,,"R1:3513"
"EGY","BA:582","EAP_DWAP_SEX_AGE_RT","SEX_F","AGE_10YRBANDS_Y35-44","2013",27.194,,,,"R1:3513"
"EGY","BA:582","EAP_DWAP_SEX_AGE_RT","SEX_F","AGE_10YRBANDS_Y45-54","2013",27.064,,,,"R1:3513"
"EGY","BA:582","EAP_DWAP_SEX_AGE_RT","SEX_F","AGE_10YRBANDS_Y55-64","2013",13.833,,,,"R1:3513"
"EGY","BA:582","EAP_DWAP_SEX_AGE_RT","SEX_F","AGE_10YRBANDS_YGE65","2013",2.608,,,,"R1:3513"
"EGY","BA:582","EAP_DWAP_SEX_AGE_RT","SEX_T","AGE_5YRBANDS_YGE15","2013",48.436,,,,"R1:3513"
"EGY","BA:582","EAP_DWAP_SEX_AGE_RT","SEX_T","AGE_5YRBANDS_Y15-19","2013",17.157,,,,"R1:3513"
"EGY","BA:582","EAP_DWAP_SEX_AGE_RT","SEX_T","AGE_5YRBANDS_Y20-24","2013",55.975,,,,"R1:3513"
"EGY","BA:582","EAP_DWAP_SEX_AGE_RT","SEX_T","AGE_5YRBANDS_Y25-29","2013",61.863,,,,"R1:3513"
"EGY","BA:582","EAP_DWAP_SEX_AGE_RT","SEX_T","AGE_5YRBANDS_Y30-34","2013",64.015,,,,"R1:3513"
"EGY","BA:582","EAP_DWAP_SEX_AGE_RT","SEX_T","AGE_5YRBANDS_Y35-39","2013",61.009,,,,"R1:3513"
"EGY","BA:582","EAP_DWAP_SEX_AGE_RT","SEX_T","AGE_5YRBANDS_Y40-44","2013",62.368,,,,"R1:3513"
"EGY","BA:582","EAP_DWAP_SEX_AGE_RT","SEX_T","AGE_5YRBANDS_Y45-49","2013",61.311,,,,"R1:3513"
"EGY","BA:582","EAP_DWAP_SEX_AGE_RT","SEX_T","AGE_5YRBANDS_Y50-54","2013",60.452,,,,"R1:3513"
"EGY","BA:582","EAP_DWAP_SEX_AGE_RT","SEX_T","AGE_5YRBANDS_Y55-59","2013",54.458,,,,"R1:3513"
"EGY","BA:582","EAP_DWAP_SEX_AGE_RT","SEX_T","AGE_5YRBANDS_Y60-64","2013",26.452,,,,"R1:3513"
"EGY","BA:582","EAP_DWAP_SEX_AGE_RT","SEX_T","AGE_5YRBANDS_YGE65","2013",11.448,,,,"R1:3513"
"EGY","BA:582","EAP_DWAP_SEX_AGE_RT","SEX_M","AGE_5YRBANDS_YGE15","2013",73.338,,,,"R1:3513"
"EGY","BA:582","EAP_DWAP_SEX_AGE_RT","SEX_M","AGE_5YRBANDS_Y15-19","2013",25.774,,,,"R1:3513"
"EGY","BA:582","EAP_DWAP_SEX_AGE_RT","SEX_M","AGE_5YRBANDS_Y20-24","2013",73.901,,,,"R1:3513"
"EGY","BA:582","EAP_DWAP_SEX_AGE_RT","SEX_M","AGE_5YRBANDS_Y25-29","2013",96.024,,,,"R1:3513"
"EGY","BA:582","EAP_DWAP_SEX_AGE_RT","SEX_M","AGE_5YRBANDS_Y30-34","2013",98.205,,,,"R1:3513"
"EGY","BA:582","EAP_DWAP_SEX_AGE_RT","SEX_M","AGE_5YRBANDS_Y35-39","2013",98.645,,,,"R1:3513"
"EGY","BA:582","EAP_DWAP_SEX_AGE_RT","SEX_M","AGE_5YRBANDS_Y40-44","2013",97.961,,,,"R1:3513"
"EGY","BA:582","EAP_DWAP_SEX_AGE_RT","SEX_M","AGE_5YRBANDS_Y45-49","2013",96.519,,,,"R1:3513"
"EGY","BA:582","EAP_DWAP_SEX_AGE_RT","SEX_M","AGE_5YRBANDS_Y50-54","2013",92.651,,,,"R1:3513"
"EGY","BA:582","EAP_DWAP_SEX_AGE_RT","SEX_M","AGE_5YRBANDS_Y55-59","2013",87.344,,,,"R1:3513"
"EGY","BA:582","EAP_DWAP_SEX_AGE_RT","SEX_M","AGE_5YRBANDS_Y60-64","2013",45.733,,,,"R1:3513"
"EGY","BA:582","EAP_DWAP_SEX_AGE_RT","SEX_M","AGE_5YRBANDS_YGE65","2013",19.897,,,,"R1:3513"
"EGY","BA:582","EAP_DWAP_SEX_AGE_RT","SEX_F","AGE_5YRBANDS_YGE15","2013",22.916,,,,"R1:3513"
"EGY","BA:582","EAP_DWAP_SEX_AGE_RT","SEX_F","AGE_5YRBANDS_Y15-19","2013",7.442,,,,"R1:3513"
"EGY","BA:582","EAP_DWAP_SEX_AGE_RT","SEX_F","AGE_5YRBANDS_Y20-24","2013",32.099,,,,"R1:3513"
"EGY","BA:582","EAP_DWAP_SEX_AGE_RT","SEX_F","AGE_5YRBANDS_Y25-29","2013",31.896,,,,"R1:3513"
"EGY","BA:582","EAP_DWAP_SEX_AGE_RT","SEX_F","AGE_5YRBANDS_Y30-34","2013",33.786,,,,"R1:3513"
"EGY","BA:582","EAP_DWAP_SEX_AGE_RT","SEX_F","AGE_5YRBANDS_Y35-39","2013",26.108,,,,"R1:3513"
"EGY","BA:582","EAP_DWAP_SEX_AGE_RT","SEX_F","AGE_5YRBANDS_Y40-44","2013",28.465,,,,"R1:3513"
"EGY","BA:582","EAP_DWAP_SEX_AGE_RT","SEX_F","AGE_5YRBANDS_Y45-49","2013",27.022,,,,"R1:3513"
"EGY","BA:582","EAP_DWAP_SEX_AGE_RT","SEX_F","AGE_5YRBANDS_Y50-54","2013",27.114,,,,"R1:3513"
"EGY","BA:582","EAP_DWAP_SEX_AGE_RT","SEX_F","AGE_5YRBANDS_Y55-59","2013",20.497,,,,"R1:3513"
"EGY","BA:582","EAP_DWAP_SEX_AGE_RT","SEX_F","AGE_5YRBANDS_Y60-64","2013",5.754,,,,"R1:3513"
"EGY","BA:582","EAP_DWAP_SEX_AGE_RT","SEX_F","AGE_5YRBANDS_YGE65","2013",2.608,,,,"R1:3513"
"EGY","BA:582","EAP_DWAP_SEX_AGE_RT","SEX_T","AGE_YTHADULT_YGE15","2012",48.494,,,,"R1:3513"
"EGY","BA:582","EAP_DWAP_SEX_AGE_RT","SEX_T","AGE_YTHADULT_Y15-64","2012",51.21,,,,"R1:3513"
"EGY","BA:582","EAP_DWAP_SEX_AGE_RT","SEX_T","AGE_YTHADULT_Y15-24","2012",33.569,,,,"R1:3513"
"EGY","BA:582","EAP_DWAP_SEX_AGE_RT","SEX_T","AGE_YTHADULT_YGE25","2012",54.41,,,,"R1:3513"
"EGY","BA:582","EAP_DWAP_SEX_AGE_RT","SEX_M","AGE_YTHADULT_YGE15","2012",73.859,,,,"R1:3513"
"EGY","BA:582","EAP_DWAP_SEX_AGE_RT","SEX_M","AGE_YTHADULT_Y15-64","2012",77.842,,,,"R1:3513"
"EGY","BA:582","EAP_DWAP_SEX_AGE_RT","SEX_M","AGE_YTHADULT_Y15-24","2012",47.976,,,,"R1:3513"
"EGY","BA:582","EAP_DWAP_SEX_AGE_RT","SEX_M","AGE_YTHADULT_YGE25","2012",85.127,,,,"R1:3513"
"EGY","BA:582","EAP_DWAP_SEX_AGE_RT","SEX_F","AGE_YTHADULT_YGE15","2012",22.39,,,,"R1:3513"
"EGY","BA:582","EAP_DWAP_SEX_AGE_RT","SEX_F","AGE_YTHADULT_Y15-64","2012",23.862,,,,"R1:3513"
"EGY","BA:582","EAP_DWAP_SEX_AGE_RT","SEX_F","AGE_YTHADULT_Y15-24","2012",16.528,,,,"R1:3513"
"EGY","BA:582","EAP_DWAP_SEX_AGE_RT","SEX_F","AGE_YTHADULT_YGE25","2012",24.491,,,,"R1:3513"
"EGY","BA:582","EAP_DWAP_SEX_AGE_RT","SEX_T","AGE_AGGREGATE_YGE15","2012",48.494,,,,"R1:3513"
"EGY","BA:582","EAP_DWAP_SEX_AGE_RT","SEX_T","AGE_AGGREGATE_Y15-24","2012",33.569,,,,"R1:3513"
"EGY","BA:582","EAP_DWAP_SEX_AGE_RT","SEX_T","AGE_AGGREGATE_Y25-54","2012",62.05,,,,"R1:3513"
"EGY","BA:582","EAP_DWAP_SEX_AGE_RT","SEX_T","AGE_AGGREGATE_Y55-64","2012",42.925,,,,"R1:3513"
"EGY","BA:582","EAP_DWAP_SEX_AGE_RT","SEX_T","AGE_AGGREGATE_YGE65","2012",12.261,,,,"R1:3513"
"EGY","BA:582","EAP_DWAP_SEX_AGE_RT","SEX_M","AGE_AGGREGATE_YGE15","2012",73.859,,,,"R1:3513"
"EGY","BA:582","EAP_DWAP_SEX_AGE_RT","SEX_M","AGE_AGGREGATE_Y15-24","2012",47.976,,,,"R1:3513"
"EGY","BA:582","EAP_DWAP_SEX_AGE_RT","SEX_M","AGE_AGGREGATE_Y25-54","2012",97.022,,,,"R1:3513"
"EGY","BA:582","EAP_DWAP_SEX_AGE_RT","SEX_M","AGE_AGGREGATE_Y55-64","2012",69.1,,,,"R1:3513"
"EGY","BA:582","EAP_DWAP_SEX_AGE_RT","SEX_M","AGE_AGGREGATE_YGE65","2012",21.529,,,,"R1:3513"
"EGY","BA:582","EAP_DWAP_SEX_AGE_RT","SEX_F","AGE_AGGREGATE_YGE15","2012",22.39,,,,"R1:3513"
"EGY","BA:582","EAP_DWAP_SEX_AGE_RT","SEX_F","AGE_AGGREGATE_Y15-24","2012",16.528,,,,"R1:3513"
"EGY","BA:582","EAP_DWAP_SEX_AGE_RT","SEX_F","AGE_AGGREGATE_Y25-54","2012",28.838,,,,"R1:3513"
"EGY","BA:582","EAP_DWAP_SEX_AGE_RT","SEX_F","AGE_AGGREGATE_Y55-64","2012",15.45,,,,"R1:3513"
"EGY","BA:582","EAP_DWAP_SEX_AGE_RT","SEX_F","AGE_AGGREGATE_YGE65","2012",2.445,,,,"R1:3513"
"EGY","BA:582","EAP_DWAP_SEX_AGE_RT","SEX_T","AGE_10YRBANDS_YGE15","2012",48.494,,,,"R1:3513"
"EGY","BA:582","EAP_DWAP_SEX_AGE_RT","SEX_T","AGE_10YRBANDS_Y15-24","2012",33.569,,,,"R1:3513"
"EGY","BA:582","EAP_DWAP_SEX_AGE_RT","SEX_T","AGE_10YRBANDS_Y25-34","2012",62.61,,,,"R1:3513"
"EGY","BA:582","EAP_DWAP_SEX_AGE_RT","SEX_T","AGE_10YRBANDS_Y35-44","2012",61.933,,,,"R1:3513"
"EGY","BA:582","EAP_DWAP_SEX_AGE_RT","SEX_T","AGE_10YRBANDS_Y45-54","2012",61.361,,,,"R1:3513"
"EGY","BA:582","EAP_DWAP_SEX_AGE_RT","SEX_T","AGE_10YRBANDS_Y55-64","2012",42.925,,,,"R1:3513"
"EGY","BA:582","EAP_DWAP_SEX_AGE_RT","SEX_T","AGE_10YRBANDS_YGE65","2012",12.261,,,,"R1:3513"
"EGY","BA:582","EAP_DWAP_SEX_AGE_RT","SEX_M","AGE_10YRBANDS_YGE15","2012",73.859,,,,"R1:3513"
"EGY","BA:582","EAP_DWAP_SEX_AGE_RT","SEX_M","AGE_10YRBANDS_Y15-24","2012",47.976,,,,"R1:3513"
"EGY","BA:582","EAP_DWAP_SEX_AGE_RT","SEX_M","AGE_10YRBANDS_Y25-34","2012",97.606,,,,"R1:3513"
"EGY","BA:582","EAP_DWAP_SEX_AGE_RT","SEX_M","AGE_10YRBANDS_Y35-44","2012",98.131,,,,"R1:3513"
"EGY","BA:582","EAP_DWAP_SEX_AGE_RT","SEX_M","AGE_10YRBANDS_Y45-54","2012",94.935,,,,"R1:3513"
"EGY","BA:582","EAP_DWAP_SEX_AGE_RT","SEX_M","AGE_10YRBANDS_Y55-64","2012",69.1,,,,"R1:3513"
"EGY","BA:582","EAP_DWAP_SEX_AGE_RT","SEX_M","AGE_10YRBANDS_YGE65","2012",21.529,,,,"R1:3513"
"EGY","BA:582","EAP_DWAP_SEX_AGE_RT","SEX_F","AGE_10YRBANDS_YGE15","2012",22.39,,,,"R1:3513"
"EGY","BA:582","EAP_DWAP_SEX_AGE_RT","SEX_F","AGE_10YRBANDS_Y15-24","2012",16.528,,,,"R1:3513"
"EGY","BA:582","EAP_DWAP_SEX_AGE_RT","SEX_F","AGE_10YRBANDS_Y25-34","2012",30.418,,,,"R1:3513"
"EGY","BA:582","EAP_DWAP_SEX_AGE_RT","SEX_F","AGE_10YRBANDS_Y35-44","2012",27.404,,,,"R1:3513"
"EGY","BA:582","EAP_DWAP_SEX_AGE_RT","SEX_F","AGE_10YRBANDS_Y45-54","2012",28.109,,,,"R1:3513"
"EGY","BA:582","EAP_DWAP_SEX_AGE_RT","SEX_F","AGE_10YRBANDS_Y55-64","2012",15.45,,,,"R1:3513"
"EGY","BA:582","EAP_DWAP_SEX_AGE_RT","SEX_F","AGE_10YRBANDS_YGE65","2012",2.445,,,,"R1:3513"
"EGY","BA:582","EAP_DWAP_SEX_AGE_RT","SEX_T","AGE_5YRBANDS_YGE15","2012",48.494,,,,"R1:3513"
"EGY","BA:582","EAP_DWAP_SEX_AGE_RT","SEX_T","AGE_5YRBANDS_Y15-19","2012",16.937,,,,"R1:3513"
"EGY","BA:582","EAP_DWAP_SEX_AGE_RT","SEX_T","AGE_5YRBANDS_Y20-24","2012",52.833,,,,"R1:3513"
"EGY","BA:582","EAP_DWAP_SEX_AGE_RT","SEX_T","AGE_5YRBANDS_Y25-29","2012",62.662,,,,"R1:3513"
"EGY","BA:582","EAP_DWAP_SEX_AGE_RT","SEX_T","AGE_5YRBANDS_Y30-34","2012",62.547,,,,"R1:3513"
"EGY","BA:582","EAP_DWAP_SEX_AGE_RT","SEX_T","AGE_5YRBANDS_Y35-39","2012",61.257,,,,"R1:3513"
"EGY","BA:582","EAP_DWAP_SEX_AGE_RT","SEX_T","AGE_5YRBANDS_Y40-44","2012",62.715,,,,"R1:3513"
"EGY","BA:582","EAP_DWAP_SEX_AGE_RT","SEX_T","AGE_5YRBANDS_Y45-49","2012",61.959,,,,"R1:3513"
"EGY","BA:582","EAP_DWAP_SEX_AGE_RT","SEX_T","AGE_5YRBANDS_Y50-54","2012",60.665,,,,"R1:3513"
"EGY","BA:582","EAP_DWAP_SEX_AGE_RT","SEX_T","AGE_5YRBANDS_Y55-59","2012",55.249,,,,"R1:3513"
"EGY","BA:582","EAP_DWAP_SEX_AGE_RT","SEX_T","AGE_5YRBANDS_Y60-64","2012",27.795,,,,"R1:3513"
"EGY","BA:582","EAP_DWAP_SEX_AGE_RT","SEX_T","AGE_5YRBANDS_YGE65","2012",12.261,,,,"R1:3513"
"EGY","BA:582","EAP_DWAP_SEX_AGE_RT","SEX_M","AGE_5YRBANDS_YGE15","2012",73.859,,,,"R1:3513"
"EGY","BA:582","EAP_DWAP_SEX_AGE_RT","SEX_M","AGE_5YRBANDS_Y15-19","2012",26.557,,,,"R1:3513"
"EGY","BA:582","EAP_DWAP_SEX_AGE_RT","SEX_M","AGE_5YRBANDS_Y20-24","2012",71.53,,,,"R1:3513"
"EGY","BA:582","EAP_DWAP_SEX_AGE_RT","SEX_M","AGE_5YRBANDS_Y25-29","2012",97.044,,,,"R1:3513"
"EGY","BA:582","EAP_DWAP_SEX_AGE_RT","SEX_M","AGE_5YRBANDS_Y30-34","2012",98.288,,,,"R1:3513"
"EGY","BA:582","EAP_DWAP_SEX_AGE_RT","SEX_M","AGE_5YRBANDS_Y35-39","2012",98.493,,,,"R1:3513"
"EGY","BA:582","EAP_DWAP_SEX_AGE_RT","SEX_M","AGE_5YRBANDS_Y40-44","2012",97.724,,,,"R1:3513"
"EGY","BA:582","EAP_DWAP_SEX_AGE_RT","SEX_M","AGE_5YRBANDS_Y45-49","2012",96.435,,,,"R1:3513"
"EGY","BA:582","EAP_DWAP_SEX_AGE_RT","SEX_M","AGE_5YRBANDS_Y50-54","2012",93.21,,,,"R1:3513"
"EGY","BA:582","EAP_DWAP_SEX_AGE_RT","SEX_M","AGE_5YRBANDS_Y55-59","2012",86.761,,,,"R1:3513"
"EGY","BA:582","EAP_DWAP_SEX_AGE_RT","SEX_M","AGE_5YRBANDS_Y60-64","2012",47.551,,,,"R1:3513"
"EGY","BA:582","EAP_DWAP_SEX_AGE_RT","SEX_M","AGE_5YRBANDS_YGE65","2012",21.529,,,,"R1:3513"
"EGY","BA:582","EAP_DWAP_SEX_AGE_RT","SEX_F","AGE_5YRBANDS_YGE15","2012",22.39,,,,"R1:3513"
"EGY","BA:582","EAP_DWAP_SEX_AGE_RT","SEX_F","AGE_5YRBANDS_Y15-19","2012",6.139,,,,"R1:3513"
"EGY","BA:582","EAP_DWAP_SEX_AGE_RT","SEX_F","AGE_5YRBANDS_Y20-24","2012",29.326,,,,"R1:3513"
"EGY","BA:582","EAP_DWAP_SEX_AGE_RT","SEX_F","AGE_5YRBANDS_Y25-29","2012",30.888,,,,"R1:3513"
"EGY","BA:582","EAP_DWAP_SEX_AGE_RT","SEX_F","AGE_5YRBANDS_Y30-34","2012",29.855,,,,"R1:3513"
"EGY","BA:582","EAP_DWAP_SEX_AGE_RT","SEX_F","AGE_5YRBANDS_Y35-39","2012",26.612,,,,"R1:3513"
"EGY","BA:582","EAP_DWAP_SEX_AGE_RT","SEX_F","AGE_5YRBANDS_Y40-44","2012",28.346,,,,"R1:3513"
"EGY","BA:582","EAP_DWAP_SEX_AGE_RT","SEX_F","AGE_5YRBANDS_Y45-49","2012",28.262,,,,"R1:3513"
"EGY","BA:582","EAP_DWAP_SEX_AGE_RT","SEX_F","AGE_5YRBANDS_Y50-54","2012",27.929,,,,"R1:3513"
"EGY","BA:582","EAP_DWAP_SEX_AGE_RT","SEX_F","AGE_5YRBANDS_Y55-59","2012",22.359,,,,"R1:3513"
"EGY","BA:582","EAP_DWAP_SEX_AGE_RT","SEX_F","AGE_5YRBANDS_Y60-64","2012",6.914,,,,"R1:3513"
"EGY","BA:582","EAP_DWAP_SEX_AGE_RT","SEX_F","AGE_5YRBANDS_YGE65","2012",2.445,,,,"R1:3513"
"EGY","BA:582","EAP_DWAP_SEX_AGE_RT","SEX_T","AGE_YTHADULT_YGE15","2011",48.785,,,,"R1:3513"
"EGY","BA:582","EAP_DWAP_SEX_AGE_RT","SEX_T","AGE_YTHADULT_Y15-64","2011",51.289,,,,"R1:3513"
"EGY","BA:582","EAP_DWAP_SEX_AGE_RT","SEX_T","AGE_YTHADULT_Y15-24","2011",33.475,,,,"R1:3513"
"EGY","BA:582","EAP_DWAP_SEX_AGE_RT","SEX_T","AGE_YTHADULT_YGE25","2011",55.154,,,,"R1:3513"
"EGY","BA:582","EAP_DWAP_SEX_AGE_RT","SEX_M","AGE_YTHADULT_YGE15","2011",74.279,,,,"R1:3513"
"EGY","BA:582","EAP_DWAP_SEX_AGE_RT","SEX_M","AGE_YTHADULT_Y15-64","2011",78.025,,,,"R1:3513"
"EGY","BA:582","EAP_DWAP_SEX_AGE_RT","SEX_M","AGE_YTHADULT_Y15-24","2011",47.95,,,,"R1:3513"
"EGY","BA:582","EAP_DWAP_SEX_AGE_RT","SEX_M","AGE_YTHADULT_YGE25","2011",86.095,,,,"R1:3513"
"EGY","BA:582","EAP_DWAP_SEX_AGE_RT","SEX_F","AGE_YTHADULT_YGE15","2011",22.375,,,,"R1:3513"
"EGY","BA:582","EAP_DWAP_SEX_AGE_RT","SEX_F","AGE_YTHADULT_Y15-64","2011",23.699,,,,"R1:3513"
"EGY","BA:582","EAP_DWAP_SEX_AGE_RT","SEX_F","AGE_YTHADULT_Y15-24","2011",16.722,,,,"R1:3513"
"EGY","BA:582","EAP_DWAP_SEX_AGE_RT","SEX_F","AGE_YTHADULT_YGE25","2011",24.543,,,,"R1:3513"
"EGY","BA:582","EAP_DWAP_SEX_AGE_RT","SEX_T","AGE_AGGREGATE_YGE15","2011",48.785,,,,"R1:3513"
"EGY","BA:582","EAP_DWAP_SEX_AGE_RT","SEX_T","AGE_AGGREGATE_Y15-24","2011",33.475,,,,"R1:3513"
"EGY","BA:582","EAP_DWAP_SEX_AGE_RT","SEX_T","AGE_AGGREGATE_Y25-54","2011",62.196,,,,"R1:3513"
"EGY","BA:582","EAP_DWAP_SEX_AGE_RT","SEX_T","AGE_AGGREGATE_Y55-64","2011",44.459,,,,"R1:3513"
"EGY","BA:582","EAP_DWAP_SEX_AGE_RT","SEX_T","AGE_AGGREGATE_YGE65","2011",11.756,,,,"R1:3513"
"EGY","BA:582","EAP_DWAP_SEX_AGE_RT","SEX_M","AGE_AGGREGATE_YGE15","2011",74.279,,,,"R1:3513"
"EGY","BA:582","EAP_DWAP_SEX_AGE_RT","SEX_M","AGE_AGGREGATE_Y15-24","2011",47.95,,,,"R1:3513"
"EGY","BA:582","EAP_DWAP_SEX_AGE_RT","SEX_M","AGE_AGGREGATE_Y25-54","2011",97.263,,,,"R1:3513"
"EGY","BA:582","EAP_DWAP_SEX_AGE_RT","SEX_M","AGE_AGGREGATE_Y55-64","2011",70.726,,,,"R1:3513"
"EGY","BA:582","EAP_DWAP_SEX_AGE_RT","SEX_M","AGE_AGGREGATE_YGE65","2011",20.509,,,,"R1:3513"
"EGY","BA:582","EAP_DWAP_SEX_AGE_RT","SEX_F","AGE_AGGREGATE_YGE15","2011",22.375,,,,"R1:3513"
"EGY","BA:582","EAP_DWAP_SEX_AGE_RT","SEX_F","AGE_AGGREGATE_Y15-24","2011",16.722,,,,"R1:3513"
"EGY","BA:582","EAP_DWAP_SEX_AGE_RT","SEX_F","AGE_AGGREGATE_Y25-54","2011",28.446,,,,"R1:3513"
"EGY","BA:582","EAP_DWAP_SEX_AGE_RT","SEX_F","AGE_AGGREGATE_Y55-64","2011",16.196,,,,"R1:3513"
"EGY","BA:582","EAP_DWAP_SEX_AGE_RT","SEX_F","AGE_AGGREGATE_YGE65","2011",2.149,,,,"R1:3513"
"EGY","BA:582","EAP_DWAP_SEX_AGE_RT","SEX_T","AGE_10YRBANDS_YGE15","2011",48.785,,,,"R1:3513"
"EGY","BA:582","EAP_DWAP_SEX_AGE_RT","SEX_T","AGE_10YRBANDS_Y15-24","2011",33.475,,,,"R1:3513"
"EGY","BA:582","EAP_DWAP_SEX_AGE_RT","SEX_T","AGE_10YRBANDS_Y25-34","2011",61.396,,,,"R1:3513"
"EGY","BA:582","EAP_DWAP_SEX_AGE_RT","SEX_T","AGE_10YRBANDS_Y35-44","2011",63.293,,,,"R1:3513"
"EGY","BA:582","EAP_DWAP_SEX_AGE_RT","SEX_T","AGE_10YRBANDS_Y45-54","2011",62.134,,,,"R1:3513"
"EGY","BA:582","EAP_DWAP_SEX_AGE_RT","SEX_T","AGE_10YRBANDS_Y55-64","2011",44.459,,,,"R1:3513"
"EGY","BA:582","EAP_DWAP_SEX_AGE_RT","SEX_T","AGE_10YRBANDS_YGE65","2011",11.756,,,,"R1:3513"
"EGY","BA:582","EAP_DWAP_SEX_AGE_RT","SEX_M","AGE_10YRBANDS_YGE15","2011",74.279,,,,"R1:3513"
"EGY","BA:582","EAP_DWAP_SEX_AGE_RT","SEX_M","AGE_10YRBANDS_Y15-24","2011",47.95,,,,"R1:3513"
"EGY","BA:582","EAP_DWAP_SEX_AGE_RT","SEX_M","AGE_10YRBANDS_Y25-34","2011",97.661,,,,"R1:3513"
"EGY","BA:582","EAP_DWAP_SEX_AGE_RT","SEX_M","AGE_10YRBANDS_Y35-44","2011",98.475,,,,"R1:3513"
"EGY","BA:582","EAP_DWAP_SEX_AGE_RT","SEX_M","AGE_10YRBANDS_Y45-54","2011",95.239,,,,"R1:3513"
"EGY","BA:582","EAP_DWAP_SEX_AGE_RT","SEX_M","AGE_10YRBANDS_Y55-64","2011",70.726,,,,"R1:3513"
"EGY","BA:582","EAP_DWAP_SEX_AGE_RT","SEX_M","AGE_10YRBANDS_YGE65","2011",20.509,,,,"R1:3513"
"EGY","BA:582","EAP_DWAP_SEX_AGE_RT","SEX_F","AGE_10YRBANDS_YGE15","2011",22.375,,,,"R1:3513"
"EGY","BA:582","EAP_DWAP_SEX_AGE_RT","SEX_F","AGE_10YRBANDS_Y15-24","2011",16.722,,,,"R1:3513"
"EGY","BA:582","EAP_DWAP_SEX_AGE_RT","SEX_F","AGE_10YRBANDS_Y25-34","2011",26.9,,,,"R1:3513"
"EGY","BA:582","EAP_DWAP_SEX_AGE_RT","SEX_F","AGE_10YRBANDS_Y35-44","2011",29.533,,,,"R1:3513"
"EGY","BA:582","EAP_DWAP_SEX_AGE_RT","SEX_F","AGE_10YRBANDS_Y45-54","2011",29.577,,,,"R1:3513"
"EGY","BA:582","EAP_DWAP_SEX_AGE_RT","SEX_F","AGE_10YRBANDS_Y55-64","2011",16.196,,,,"R1:3513"
"EGY","BA:582","EAP_DWAP_SEX_AGE_RT","SEX_F","AGE_10YRBANDS_YGE65","2011",2.149,,,,"R1:3513"
"EGY","BA:582","EAP_DWAP_SEX_AGE_RT","SEX_T","AGE_5YRBANDS_YGE15","2011",48.785,,,,"R1:3513"
"EGY","BA:582","EAP_DWAP_SEX_AGE_RT","SEX_T","AGE_5YRBANDS_Y15-19","2011",16.862,,,,"R1:3513"
"EGY","BA:582","EAP_DWAP_SEX_AGE_RT","SEX_T","AGE_5YRBANDS_Y20-24","2011",51.174,,,,"R1:3513"
"EGY","BA:582","EAP_DWAP_SEX_AGE_RT","SEX_T","AGE_5YRBANDS_Y25-29","2011",61.217,,,,"R1:3513"
"EGY","BA:582","EAP_DWAP_SEX_AGE_RT","SEX_T","AGE_5YRBANDS_Y30-34","2011",61.626,,,,"R1:3513"
"EGY","BA:582","EAP_DWAP_SEX_AGE_RT","SEX_T","AGE_5YRBANDS_Y35-39","2011",61.727,,,,"R1:3513"
"EGY","BA:582","EAP_DWAP_SEX_AGE_RT","SEX_T","AGE_5YRBANDS_Y40-44","2011",65.073,,,,"R1:3513"
"EGY","BA:582","EAP_DWAP_SEX_AGE_RT","SEX_T","AGE_5YRBANDS_Y45-49","2011",64.356,,,,"R1:3513"
"EGY","BA:582","EAP_DWAP_SEX_AGE_RT","SEX_T","AGE_5YRBANDS_Y50-54","2011",59.427,,,,"R1:3513"
"EGY","BA:582","EAP_DWAP_SEX_AGE_RT","SEX_T","AGE_5YRBANDS_Y55-59","2011",55.826,,,,"R1:3513"
"EGY","BA:582","EAP_DWAP_SEX_AGE_RT","SEX_T","AGE_5YRBANDS_Y60-64","2011",29.952,,,,"R1:3513"
"EGY","BA:582","EAP_DWAP_SEX_AGE_RT","SEX_T","AGE_5YRBANDS_YGE65","2011",11.756,,,,"R1:3513"
"EGY","BA:582","EAP_DWAP_SEX_AGE_RT","SEX_M","AGE_5YRBANDS_YGE15","2011",74.279,,,,"R1:3513"
"EGY","BA:582","EAP_DWAP_SEX_AGE_RT","SEX_M","AGE_5YRBANDS_Y15-19","2011",26.176,,,,"R1:3513"
"EGY","BA:582","EAP_DWAP_SEX_AGE_RT","SEX_M","AGE_5YRBANDS_Y20-24","2011",70.328,,,,"R1:3513"
"EGY","BA:582","EAP_DWAP_SEX_AGE_RT","SEX_M","AGE_5YRBANDS_Y25-29","2011",97.016,,,,"R1:3513"
"EGY","BA:582","EAP_DWAP_SEX_AGE_RT","SEX_M","AGE_5YRBANDS_Y30-34","2011",98.475,,,,"R1:3513"
"EGY","BA:582","EAP_DWAP_SEX_AGE_RT","SEX_M","AGE_5YRBANDS_Y35-39","2011",98.652,,,,"R1:3513"
"EGY","BA:582","EAP_DWAP_SEX_AGE_RT","SEX_M","AGE_5YRBANDS_Y40-44","2011",98.278,,,,"R1:3513"
"EGY","BA:582","EAP_DWAP_SEX_AGE_RT","SEX_M","AGE_5YRBANDS_Y45-49","2011",96.944,,,,"R1:3513"
"EGY","BA:582","EAP_DWAP_SEX_AGE_RT","SEX_M","AGE_5YRBANDS_Y50-54","2011",93.158,,,,"R1:3513"
"EGY","BA:582","EAP_DWAP_SEX_AGE_RT","SEX_M","AGE_5YRBANDS_Y55-59","2011",86.202,,,,"R1:3513"
"EGY","BA:582","EAP_DWAP_SEX_AGE_RT","SEX_M","AGE_5YRBANDS_Y60-64","2011",50.573,,,,"R1:3513"
"EGY","BA:582","EAP_DWAP_SEX_AGE_RT","SEX_M","AGE_5YRBANDS_YGE65","2011",20.509,,,,"R1:3513"
"EGY","BA:582","EAP_DWAP_SEX_AGE_RT","SEX_F","AGE_5YRBANDS_YGE15","2011",22.375,,,,"R1:3513"
"EGY","BA:582","EAP_DWAP_SEX_AGE_RT","SEX_F","AGE_5YRBANDS_Y15-19","2011",6.48,,,,"R1:3513"
"EGY","BA:582","EAP_DWAP_SEX_AGE_RT","SEX_F","AGE_5YRBANDS_Y20-24","2011",28.098,,,,"R1:3513"
"EGY","BA:582","EAP_DWAP_SEX_AGE_RT","SEX_F","AGE_5YRBANDS_Y25-29","2011",27.441,,,,"R1:3513"
"EGY","BA:582","EAP_DWAP_SEX_AGE_RT","SEX_F","AGE_5YRBANDS_Y30-34","2011",26.204,,,,"R1:3513"
"EGY","BA:582","EAP_DWAP_SEX_AGE_RT","SEX_F","AGE_5YRBANDS_Y35-39","2011",27.258,,,,"R1:3513"
"EGY","BA:582","EAP_DWAP_SEX_AGE_RT","SEX_F","AGE_5YRBANDS_Y40-44","2011",32.196,,,,"R1:3513"
"EGY","BA:582","EAP_DWAP_SEX_AGE_RT","SEX_F","AGE_5YRBANDS_Y45-49","2011",32.249,,,,"R1:3513"
"EGY","BA:582","EAP_DWAP_SEX_AGE_RT","SEX_F","AGE_5YRBANDS_Y50-54","2011",26.327,,,,"R1:3513"
"EGY","BA:582","EAP_DWAP_SEX_AGE_RT","SEX_F","AGE_5YRBANDS_Y55-59","2011",22.537,,,,"R1:3513"
"EGY","BA:582","EAP_DWAP_SEX_AGE_RT","SEX_F","AGE_5YRBANDS_Y60-64","2011",8.279,,,,"R1:3513"
"EGY","BA:582","EAP_DWAP_SEX_AGE_RT","SEX_F","AGE_5YRBANDS_YGE65","2011",2.149,,,,"R1:3513"
"EGY","BA:582","EAP_DWAP_SEX_AGE_RT","SEX_T","AGE_YTHADULT_YGE15","2010",49.368,,,,"R1:3513"
"EGY","BA:582","EAP_DWAP_SEX_AGE_RT","SEX_T","AGE_YTHADULT_Y15-64","2010",51.762,,,,"R1:3513"
"EGY","BA:582","EAP_DWAP_SEX_AGE_RT","SEX_T","AGE_YTHADULT_Y15-24","2010",34.735,,,,"R1:3513"
"EGY","BA:582","EAP_DWAP_SEX_AGE_RT","SEX_T","AGE_YTHADULT_YGE25","2010",55.708,,,,"R1:3513"
"EGY","BA:582","EAP_DWAP_SEX_AGE_RT","SEX_M","AGE_YTHADULT_YGE15","2010",74.878,,,,"R1:3513"
"EGY","BA:582","EAP_DWAP_SEX_AGE_RT","SEX_M","AGE_YTHADULT_Y15-64","2010",78.404,,,,"R1:3513"
"EGY","BA:582","EAP_DWAP_SEX_AGE_RT","SEX_M","AGE_YTHADULT_Y15-24","2010",49.461,,,,"R1:3513"
"EGY","BA:582","EAP_DWAP_SEX_AGE_RT","SEX_M","AGE_YTHADULT_YGE25","2010",86.355,,,,"R1:3513"
"EGY","BA:582","EAP_DWAP_SEX_AGE_RT","SEX_F","AGE_YTHADULT_YGE15","2010",23.055,,,,"R1:3513"
"EGY","BA:582","EAP_DWAP_SEX_AGE_RT","SEX_F","AGE_YTHADULT_Y15-64","2010",24.339,,,,"R1:3513"
"EGY","BA:582","EAP_DWAP_SEX_AGE_RT","SEX_F","AGE_YTHADULT_Y15-24","2010",18.615,,,,"R1:3513"
"EGY","BA:582","EAP_DWAP_SEX_AGE_RT","SEX_F","AGE_YTHADULT_YGE25","2010",24.897,,,,"R1:3513"
"EGY","BA:582","EAP_DWAP_SEX_AGE_RT","SEX_T","AGE_AGGREGATE_YGE15","2010",49.368,,,,"R1:3513"
"EGY","BA:582","EAP_DWAP_SEX_AGE_RT","SEX_T","AGE_AGGREGATE_Y15-24","2010",34.735,,,,"R1:3513"
"EGY","BA:582","EAP_DWAP_SEX_AGE_RT","SEX_T","AGE_AGGREGATE_Y25-54","2010",62.455,,,,"R1:3513"
"EGY","BA:582","EAP_DWAP_SEX_AGE_RT","SEX_T","AGE_AGGREGATE_Y55-64","2010",45.353,,,,"R1:3513"
"EGY","BA:582","EAP_DWAP_SEX_AGE_RT","SEX_T","AGE_AGGREGATE_YGE65","2010",13.026,,,,"R1:3513"
"EGY","BA:582","EAP_DWAP_SEX_AGE_RT","SEX_M","AGE_AGGREGATE_YGE15","2010",74.878,,,,"R1:3513"
"EGY","BA:582","EAP_DWAP_SEX_AGE_RT","SEX_M","AGE_AGGREGATE_Y15-24","2010",49.461,,,,"R1:3513"
"EGY","BA:582","EAP_DWAP_SEX_AGE_RT","SEX_M","AGE_AGGREGATE_Y25-54","2010",96.742,,,,"R1:3513"
"EGY","BA:582","EAP_DWAP_SEX_AGE_RT","SEX_M","AGE_AGGREGATE_Y55-64","2010",71.662,,,,"R1:3513"
"EGY","BA:582","EAP_DWAP_SEX_AGE_RT","SEX_M","AGE_AGGREGATE_YGE65","2010",22.237,,,,"R1:3513"
"EGY","BA:582","EAP_DWAP_SEX_AGE_RT","SEX_F","AGE_AGGREGATE_YGE15","2010",23.055,,,,"R1:3513"
"EGY","BA:582","EAP_DWAP_SEX_AGE_RT","SEX_F","AGE_AGGREGATE_Y15-24","2010",18.615,,,,"R1:3513"
"EGY","BA:582","EAP_DWAP_SEX_AGE_RT","SEX_F","AGE_AGGREGATE_Y25-54","2010",28.643,,,,"R1:3513"
"EGY","BA:582","EAP_DWAP_SEX_AGE_RT","SEX_F","AGE_AGGREGATE_Y55-64","2010",16.979,,,,"R1:3513"
"EGY","BA:582","EAP_DWAP_SEX_AGE_RT","SEX_F","AGE_AGGREGATE_YGE65","2010",3.212,,,,"R1:3513"
"EGY","BA:582","EAP_DWAP_SEX_AGE_RT","SEX_T","AGE_10YRBANDS_YGE15","2010",49.368,,,,"R1:3513"
"EGY","BA:582","EAP_DWAP_SEX_AGE_RT","SEX_T","AGE_10YRBANDS_Y15-24","2010",34.735,,,,"R1:3513"
"EGY","BA:582","EAP_DWAP_SEX_AGE_RT","SEX_T","AGE_10YRBANDS_Y25-34","2010",62.466,,,,"R1:3513"
"EGY","BA:582","EAP_DWAP_SEX_AGE_RT","SEX_T","AGE_10YRBANDS_Y35-44","2010",63.099,,,,"R1:3513"
"EGY","BA:582","EAP_DWAP_SEX_AGE_RT","SEX_T","AGE_10YRBANDS_Y45-54","2010",61.667,,,,"R1:3513"
"EGY","BA:582","EAP_DWAP_SEX_AGE_RT","SEX_T","AGE_10YRBANDS_Y55-64","2010",45.353,,,,"R1:3513"
"EGY","BA:582","EAP_DWAP_SEX_AGE_RT","SEX_T","AGE_10YRBANDS_YGE65","2010",13.026,,,,"R1:3513"
"EGY","BA:582","EAP_DWAP_SEX_AGE_RT","SEX_M","AGE_10YRBANDS_YGE15","2010",74.878,,,,"R1:3513"
"EGY","BA:582","EAP_DWAP_SEX_AGE_RT","SEX_M","AGE_10YRBANDS_Y15-24","2010",49.461,,,,"R1:3513"
"EGY","BA:582","EAP_DWAP_SEX_AGE_RT","SEX_M","AGE_10YRBANDS_Y25-34","2010",97.005,,,,"R1:3513"
"EGY","BA:582","EAP_DWAP_SEX_AGE_RT","SEX_M","AGE_10YRBANDS_Y35-44","2010",98.168,,,,"R1:3513"
"EGY","BA:582","EAP_DWAP_SEX_AGE_RT","SEX_M","AGE_10YRBANDS_Y45-54","2010",94.625,,,,"R1:3513"
"EGY","BA:582","EAP_DWAP_SEX_AGE_RT","SEX_M","AGE_10YRBANDS_Y55-64","2010",71.662,,,,"R1:3513"
"EGY","BA:582","EAP_DWAP_SEX_AGE_RT","SEX_M","AGE_10YRBANDS_YGE65","2010",22.237,,,,"R1:3513"
"EGY","BA:582","EAP_DWAP_SEX_AGE_RT","SEX_F","AGE_10YRBANDS_YGE15","2010",23.055,,,,"R1:3513"
"EGY","BA:582","EAP_DWAP_SEX_AGE_RT","SEX_F","AGE_10YRBANDS_Y15-24","2010",18.615,,,,"R1:3513"
"EGY","BA:582","EAP_DWAP_SEX_AGE_RT","SEX_F","AGE_10YRBANDS_Y25-34","2010",28.277,,,,"R1:3513"
"EGY","BA:582","EAP_DWAP_SEX_AGE_RT","SEX_F","AGE_10YRBANDS_Y35-44","2010",28.812,,,,"R1:3513"
"EGY","BA:582","EAP_DWAP_SEX_AGE_RT","SEX_F","AGE_10YRBANDS_Y45-54","2010",29.029,,,,"R1:3513"
"EGY","BA:582","EAP_DWAP_SEX_AGE_RT","SEX_F","AGE_10YRBANDS_Y55-64","2010",16.979,,,,"R1:3513"
"EGY","BA:582","EAP_DWAP_SEX_AGE_RT","SEX_F","AGE_10YRBANDS_YGE65","2010",3.212,,,,"R1:3513"
"EGY","BA:582","EAP_DWAP_SEX_AGE_RT","SEX_T","AGE_5YRBANDS_YGE15","2010",49.368,,,,"R1:3513"
"EGY","BA:582","EAP_DWAP_SEX_AGE_RT","SEX_T","AGE_5YRBANDS_Y15-19","2010",19.806,,,,"R1:3513"
"EGY","BA:582","EAP_DWAP_SEX_AGE_RT","SEX_T","AGE_5YRBANDS_Y20-24","2010",49.665,,,,"R1:3513"
"EGY","BA:582","EAP_DWAP_SEX_AGE_RT","SEX_T","AGE_5YRBANDS_Y25-29","2010",62.56,,,,"R1:3513"
"EGY","BA:582","EAP_DWAP_SEX_AGE_RT","SEX_T","AGE_5YRBANDS_Y30-34","2010",62.341,,,,"R1:3513"
"EGY","BA:582","EAP_DWAP_SEX_AGE_RT","SEX_T","AGE_5YRBANDS_Y35-39","2010",62.717,,,,"R1:3513"
"EGY","BA:582","EAP_DWAP_SEX_AGE_RT","SEX_T","AGE_5YRBANDS_Y40-44","2010",63.546,,,,"R1:3513"
"EGY","BA:582","EAP_DWAP_SEX_AGE_RT","SEX_T","AGE_5YRBANDS_Y45-49","2010",63.905,,,,"R1:3513"
"EGY","BA:582","EAP_DWAP_SEX_AGE_RT","SEX_T","AGE_5YRBANDS_Y50-54","2010",58.956,,,,"R1:3513"
"EGY","BA:582","EAP_DWAP_SEX_AGE_RT","SEX_T","AGE_5YRBANDS_Y55-59","2010",56.581,,,,"R1:3513"
"EGY","BA:582","EAP_DWAP_SEX_AGE_RT","SEX_T","AGE_5YRBANDS_Y60-64","2010",30.542,,,,"R1:3513"
"EGY","BA:582","EAP_DWAP_SEX_AGE_RT","SEX_T","AGE_5YRBANDS_YGE65","2010",13.026,,,,"R1:3513"
"EGY","BA:582","EAP_DWAP_SEX_AGE_RT","SEX_M","AGE_5YRBANDS_YGE15","2010",74.878,,,,"R1:3513"
"EGY","BA:582","EAP_DWAP_SEX_AGE_RT","SEX_M","AGE_5YRBANDS_Y15-19","2010",30.303,,,,"R1:3513"
"EGY","BA:582","EAP_DWAP_SEX_AGE_RT","SEX_M","AGE_5YRBANDS_Y20-24","2010",68.457,,,,"R1:3513"
"EGY","BA:582","EAP_DWAP_SEX_AGE_RT","SEX_M","AGE_5YRBANDS_Y25-29","2010",96.244,,,,"R1:3513"
"EGY","BA:582","EAP_DWAP_SEX_AGE_RT","SEX_M","AGE_5YRBANDS_Y30-34","2010",98.017,,,,"R1:3513"
"EGY","BA:582","EAP_DWAP_SEX_AGE_RT","SEX_M","AGE_5YRBANDS_Y35-39","2010",98.441,,,,"R1:3513"
"EGY","BA:582","EAP_DWAP_SEX_AGE_RT","SEX_M","AGE_5YRBANDS_Y40-44","2010",97.853,,,,"R1:3513"
"EGY","BA:582","EAP_DWAP_SEX_AGE_RT","SEX_M","AGE_5YRBANDS_Y45-49","2010",96.574,,,,"R1:3513"
"EGY","BA:582","EAP_DWAP_SEX_AGE_RT","SEX_M","AGE_5YRBANDS_Y50-54","2010",92.23,,,,"R1:3513"
"EGY","BA:582","EAP_DWAP_SEX_AGE_RT","SEX_M","AGE_5YRBANDS_Y55-59","2010",86.38,,,,"R1:3513"
"EGY","BA:582","EAP_DWAP_SEX_AGE_RT","SEX_M","AGE_5YRBANDS_Y60-64","2010",51.714,,,,"R1:3513"
"EGY","BA:582","EAP_DWAP_SEX_AGE_RT","SEX_M","AGE_5YRBANDS_YGE65","2010",22.237,,,,"R1:3513"
"EGY","BA:582","EAP_DWAP_SEX_AGE_RT","SEX_F","AGE_5YRBANDS_YGE15","2010",23.055,,,,"R1:3513"
"EGY","BA:582","EAP_DWAP_SEX_AGE_RT","SEX_F","AGE_5YRBANDS_Y15-19","2010",8.42,,,,"R1:3513"
"EGY","BA:582","EAP_DWAP_SEX_AGE_RT","SEX_F","AGE_5YRBANDS_Y20-24","2010",28.909,,,,"R1:3513"
"EGY","BA:582","EAP_DWAP_SEX_AGE_RT","SEX_F","AGE_5YRBANDS_Y25-29","2010",29.322,,,,"R1:3513"
"EGY","BA:582","EAP_DWAP_SEX_AGE_RT","SEX_F","AGE_5YRBANDS_Y30-34","2010",26.879,,,,"R1:3513"
"EGY","BA:582","EAP_DWAP_SEX_AGE_RT","SEX_F","AGE_5YRBANDS_Y35-39","2010",28.31,,,,"R1:3513"
"EGY","BA:582","EAP_DWAP_SEX_AGE_RT","SEX_F","AGE_5YRBANDS_Y40-44","2010",29.407,,,,"R1:3513"
"EGY","BA:582","EAP_DWAP_SEX_AGE_RT","SEX_F","AGE_5YRBANDS_Y45-49","2010",31.159,,,,"R1:3513"
"EGY","BA:582","EAP_DWAP_SEX_AGE_RT","SEX_F","AGE_5YRBANDS_Y50-54","2010",26.48,,,,"R1:3513"
"EGY","BA:582","EAP_DWAP_SEX_AGE_RT","SEX_F","AGE_5YRBANDS_Y55-59","2010",23.656,,,,"R1:3513"
"EGY","BA:582","EAP_DWAP_SEX_AGE_RT","SEX_F","AGE_5YRBANDS_Y60-64","2010",8.425,,,,"R1:3513"
"EGY","BA:582","EAP_DWAP_SEX_AGE_RT","SEX_F","AGE_5YRBANDS_YGE65","2010",3.212,,,,"R1:3513"
"EGY","BA:582","EAP_DWAP_SEX_AGE_RT","SEX_T","AGE_YTHADULT_YGE15","2009",47.902,,,,"R1:3513"
"EGY","BA:582","EAP_DWAP_SEX_AGE_RT","SEX_T","AGE_YTHADULT_Y15-64","2009",50.471,,,,"R1:3513"
"EGY","BA:582","EAP_DWAP_SEX_AGE_RT","SEX_T","AGE_YTHADULT_Y15-24","2009",35.347,,,,"R1:3513"
"EGY","BA:582","EAP_DWAP_SEX_AGE_RT","SEX_T","AGE_YTHADULT_YGE25","2009",53.559,,,,"R1:3513"
"EGY","BA:582","EAP_DWAP_SEX_AGE_RT","SEX_M","AGE_YTHADULT_YGE15","2009",72.158,,,,"R1:3513"
"EGY","BA:582","EAP_DWAP_SEX_AGE_RT","SEX_M","AGE_YTHADULT_Y15-64","2009",75.897,,,,"R1:3513"
"EGY","BA:582","EAP_DWAP_SEX_AGE_RT","SEX_M","AGE_YTHADULT_Y15-24","2009",48.26,,,,"R1:3513"
"EGY","BA:582","EAP_DWAP_SEX_AGE_RT","SEX_M","AGE_YTHADULT_YGE25","2009",84.416,,,,"R1:3513"
"EGY","BA:582","EAP_DWAP_SEX_AGE_RT","SEX_F","AGE_YTHADULT_YGE15","2009",22.766,,,,"R1:3513"
"EGY","BA:582","EAP_DWAP_SEX_AGE_RT","SEX_F","AGE_YTHADULT_Y15-64","2009",24.18,,,,"R1:3513"
"EGY","BA:582","EAP_DWAP_SEX_AGE_RT","SEX_F","AGE_YTHADULT_Y15-24","2009",19.214,,,,"R1:3513"
"EGY","BA:582","EAP_DWAP_SEX_AGE_RT","SEX_F","AGE_YTHADULT_YGE25","2009",24.155,,,,"R1:3513"
"EGY","BA:582","EAP_DWAP_SEX_AGE_RT","SEX_T","AGE_AGGREGATE_YGE15","2009",47.902,,,,"R1:3513"
"EGY","BA:582","EAP_DWAP_SEX_AGE_RT","SEX_T","AGE_AGGREGATE_Y15-24","2009",35.347,,,,"R1:3513"
"EGY","BA:582","EAP_DWAP_SEX_AGE_RT","SEX_T","AGE_AGGREGATE_Y25-54","2009",60.76,,,,"R1:3513"
"EGY","BA:582","EAP_DWAP_SEX_AGE_RT","SEX_T","AGE_AGGREGATE_Y55-64","2009",44.154,,,,"R1:3513"
"EGY","BA:582","EAP_DWAP_SEX_AGE_RT","SEX_T","AGE_AGGREGATE_YGE65","2009",11.756,,,,"R1:3513"
"EGY","BA:582","EAP_DWAP_SEX_AGE_RT","SEX_M","AGE_AGGREGATE_YGE15","2009",72.158,,,,"R1:3513"
"EGY","BA:582","EAP_DWAP_SEX_AGE_RT","SEX_M","AGE_AGGREGATE_Y15-24","2009",48.26,,,,"R1:3513"
"EGY","BA:582","EAP_DWAP_SEX_AGE_RT","SEX_M","AGE_AGGREGATE_Y25-54","2009",96.452,,,,"R1:3513"
"EGY","BA:582","EAP_DWAP_SEX_AGE_RT","SEX_M","AGE_AGGREGATE_Y55-64","2009",69.504,,,,"R1:3513"
"EGY","BA:582","EAP_DWAP_SEX_AGE_RT","SEX_M","AGE_AGGREGATE_YGE65","2009",20.38,,,,"R1:3513"
"EGY","BA:582","EAP_DWAP_SEX_AGE_RT","SEX_F","AGE_AGGREGATE_YGE15","2009",22.766,,,,"R1:3513"
"EGY","BA:582","EAP_DWAP_SEX_AGE_RT","SEX_F","AGE_AGGREGATE_Y15-24","2009",19.214,,,,"R1:3513"
"EGY","BA:582","EAP_DWAP_SEX_AGE_RT","SEX_F","AGE_AGGREGATE_Y25-54","2009",28.052,,,,"R1:3513"
"EGY","BA:582","EAP_DWAP_SEX_AGE_RT","SEX_F","AGE_AGGREGATE_Y55-64","2009",16.823,,,,"R1:3513"
"EGY","BA:582","EAP_DWAP_SEX_AGE_RT","SEX_F","AGE_AGGREGATE_YGE65","2009",2.546,,,,"R1:3513"
"EGY","BA:582","EAP_DWAP_SEX_AGE_RT","SEX_T","AGE_10YRBANDS_YGE15","2009",47.902,,,,"R1:3513"
"EGY","BA:582","EAP_DWAP_SEX_AGE_RT","SEX_T","AGE_10YRBANDS_Y15-24","2009",35.347,,,,"R1:3513"
"EGY","BA:582","EAP_DWAP_SEX_AGE_RT","SEX_T","AGE_10YRBANDS_Y25-34","2009",60.194,,,,"R1:3513"
"EGY","BA:582","EAP_DWAP_SEX_AGE_RT","SEX_T","AGE_10YRBANDS_Y35-44","2009",61.005,,,,"R1:3513"
"EGY","BA:582","EAP_DWAP_SEX_AGE_RT","SEX_T","AGE_10YRBANDS_Y45-54","2009",61.19,,,,"R1:3513"
"EGY","BA:582","EAP_DWAP_SEX_AGE_RT","SEX_T","AGE_10YRBANDS_Y55-64","2009",44.154,,,,"R1:3513"
"EGY","BA:582","EAP_DWAP_SEX_AGE_RT","SEX_T","AGE_10YRBANDS_YGE65","2009",11.756,,,,"R1:3513"
"EGY","BA:582","EAP_DWAP_SEX_AGE_RT","SEX_M","AGE_10YRBANDS_YGE15","2009",72.158,,,,"R1:3513"
"EGY","BA:582","EAP_DWAP_SEX_AGE_RT","SEX_M","AGE_10YRBANDS_Y15-24","2009",48.26,,,,"R1:3513"
"EGY","BA:582","EAP_DWAP_SEX_AGE_RT","SEX_M","AGE_10YRBANDS_Y25-34","2009",96.395,,,,"R1:3513"
"EGY","BA:582","EAP_DWAP_SEX_AGE_RT","SEX_M","AGE_10YRBANDS_Y35-44","2009",98.355,,,,"R1:3513"
"EGY","BA:582","EAP_DWAP_SEX_AGE_RT","SEX_M","AGE_10YRBANDS_Y45-54","2009",94.456,,,,"R1:3513"
"EGY","BA:582","EAP_DWAP_SEX_AGE_RT","SEX_M","AGE_10YRBANDS_Y55-64","2009",69.504,,,,"R1:3513"
"EGY","BA:582","EAP_DWAP_SEX_AGE_RT","SEX_M","AGE_10YRBANDS_YGE65","2009",20.38,,,,"R1:3513"
"EGY","BA:582","EAP_DWAP_SEX_AGE_RT","SEX_F","AGE_10YRBANDS_YGE15","2009",22.766,,,,"R1:3513"
"EGY","BA:582","EAP_DWAP_SEX_AGE_RT","SEX_F","AGE_10YRBANDS_Y15-24","2009",19.214,,,,"R1:3513"
"EGY","BA:582","EAP_DWAP_SEX_AGE_RT","SEX_F","AGE_10YRBANDS_Y25-34","2009",27.99,,,,"R1:3513"
"EGY","BA:582","EAP_DWAP_SEX_AGE_RT","SEX_F","AGE_10YRBANDS_Y35-44","2009",27.628,,,,"R1:3513"
"EGY","BA:582","EAP_DWAP_SEX_AGE_RT","SEX_F","AGE_10YRBANDS_Y45-54","2009",28.637,,,,"R1:3513"
"EGY","BA:582","EAP_DWAP_SEX_AGE_RT","SEX_F","AGE_10YRBANDS_Y55-64","2009",16.823,,,,"R1:3513"
"EGY","BA:582","EAP_DWAP_SEX_AGE_RT","SEX_F","AGE_10YRBANDS_YGE65","2009",2.546,,,,"R1:3513"
"EGY","BA:582","EAP_DWAP_SEX_AGE_RT","SEX_T","AGE_5YRBANDS_YGE15","2009",47.902,,,,"R1:3513"
"EGY","BA:582","EAP_DWAP_SEX_AGE_RT","SEX_T","AGE_5YRBANDS_Y15-19","2009",20.213,,,,"R1:3513"
"EGY","BA:582","EAP_DWAP_SEX_AGE_RT","SEX_T","AGE_5YRBANDS_Y20-24","2009",51.906,,,,"R1:3513"
"EGY","BA:582","EAP_DWAP_SEX_AGE_RT","SEX_T","AGE_5YRBANDS_Y25-29","2009",61.971,,,,"R1:3513"
"EGY","BA:582","EAP_DWAP_SEX_AGE_RT","SEX_T","AGE_5YRBANDS_Y30-34","2009",57.988,,,,"R1:3513"
"EGY","BA:582","EAP_DWAP_SEX_AGE_RT","SEX_T","AGE_5YRBANDS_Y35-39","2009",60.371,,,,"R1:3513"
"EGY","BA:582","EAP_DWAP_SEX_AGE_RT","SEX_T","AGE_5YRBANDS_Y40-44","2009",61.67,,,,"R1:3513"
"EGY","BA:582","EAP_DWAP_SEX_AGE_RT","SEX_T","AGE_5YRBANDS_Y45-49","2009",63.351,,,,"R1:3513"
"EGY","BA:582","EAP_DWAP_SEX_AGE_RT","SEX_T","AGE_5YRBANDS_Y50-54","2009",58.643,,,,"R1:3513"
"EGY","BA:582","EAP_DWAP_SEX_AGE_RT","SEX_T","AGE_5YRBANDS_Y55-59","2009",55.362,,,,"R1:3513"
"EGY","BA:582","EAP_DWAP_SEX_AGE_RT","SEX_T","AGE_5YRBANDS_Y60-64","2009",29.423,,,,"R1:3513"
"EGY","BA:582","EAP_DWAP_SEX_AGE_RT","SEX_T","AGE_5YRBANDS_YGE65","2009",11.756,,,,"R1:3513"
"EGY","BA:582","EAP_DWAP_SEX_AGE_RT","SEX_M","AGE_5YRBANDS_YGE15","2009",72.158,,,,"R1:3513"
"EGY","BA:582","EAP_DWAP_SEX_AGE_RT","SEX_M","AGE_5YRBANDS_Y15-19","2009",29.638,,,,"R1:3513"
"EGY","BA:582","EAP_DWAP_SEX_AGE_RT","SEX_M","AGE_5YRBANDS_Y20-24","2009",66.859,,,,"R1:3513"
"EGY","BA:582","EAP_DWAP_SEX_AGE_RT","SEX_M","AGE_5YRBANDS_Y25-29","2009",95.127,,,,"R1:3513"
"EGY","BA:582","EAP_DWAP_SEX_AGE_RT","SEX_M","AGE_5YRBANDS_Y30-34","2009",98.141,,,,"R1:3513"
"EGY","BA:582","EAP_DWAP_SEX_AGE_RT","SEX_M","AGE_5YRBANDS_Y35-39","2009",98.484,,,,"R1:3513"
"EGY","BA:582","EAP_DWAP_SEX_AGE_RT","SEX_M","AGE_5YRBANDS_Y40-44","2009",98.225,,,,"R1:3513"
"EGY","BA:582","EAP_DWAP_SEX_AGE_RT","SEX_M","AGE_5YRBANDS_Y45-49","2009",96.418,,,,"R1:3513"
"EGY","BA:582","EAP_DWAP_SEX_AGE_RT","SEX_M","AGE_5YRBANDS_Y50-54","2009",92.164,,,,"R1:3513"
"EGY","BA:582","EAP_DWAP_SEX_AGE_RT","SEX_M","AGE_5YRBANDS_Y55-59","2009",85.775,,,,"R1:3513"
"EGY","BA:582","EAP_DWAP_SEX_AGE_RT","SEX_M","AGE_5YRBANDS_Y60-64","2009",48.317,,,,"R1:3513"
"EGY","BA:582","EAP_DWAP_SEX_AGE_RT","SEX_M","AGE_5YRBANDS_YGE65","2009",20.38,,,,"R1:3513"
"EGY","BA:582","EAP_DWAP_SEX_AGE_RT","SEX_F","AGE_5YRBANDS_YGE15","2009",22.766,,,,"R1:3513"
"EGY","BA:582","EAP_DWAP_SEX_AGE_RT","SEX_F","AGE_5YRBANDS_Y15-19","2009",9.532,,,,"R1:3513"
"EGY","BA:582","EAP_DWAP_SEX_AGE_RT","SEX_F","AGE_5YRBANDS_Y20-24","2009",31.093,,,,"R1:3513"
"EGY","BA:582","EAP_DWAP_SEX_AGE_RT","SEX_F","AGE_5YRBANDS_Y25-29","2009",29.817,,,,"R1:3513"
"EGY","BA:582","EAP_DWAP_SEX_AGE_RT","SEX_F","AGE_5YRBANDS_Y30-34","2009",25.918,,,,"R1:3513"
"EGY","BA:582","EAP_DWAP_SEX_AGE_RT","SEX_F","AGE_5YRBANDS_Y35-39","2009",27.592,,,,"R1:3513"
"EGY","BA:582","EAP_DWAP_SEX_AGE_RT","SEX_F","AGE_5YRBANDS_Y40-44","2009",27.667,,,,"R1:3513"
"EGY","BA:582","EAP_DWAP_SEX_AGE_RT","SEX_F","AGE_5YRBANDS_Y45-49","2009",31.238,,,,"R1:3513"
"EGY","BA:582","EAP_DWAP_SEX_AGE_RT","SEX_F","AGE_5YRBANDS_Y50-54","2009",25.547,,,,"R1:3513"
"EGY","BA:582","EAP_DWAP_SEX_AGE_RT","SEX_F","AGE_5YRBANDS_Y55-59","2009",22.844,,,,"R1:3513"
"EGY","BA:582","EAP_DWAP_SEX_AGE_RT","SEX_F","AGE_5YRBANDS_Y60-64","2009",8.829,,,,"R1:3513"
"EGY","BA:582","EAP_DWAP_SEX_AGE_RT","SEX_F","AGE_5YRBANDS_YGE65","2009",2.546,,,,"R1:3513"
"EGY","BA:582","EAP_DWAP_SEX_AGE_RT","SEX_T","AGE_YTHADULT_YGE15","2008",47.551,"B",,"I11:264","R1:3513"
"EGY","BA:582","EAP_DWAP_SEX_AGE_RT","SEX_T","AGE_YTHADULT_Y15-64","2008",49.974,"B",,"I11:264","R1:3513"
"EGY","BA:582","EAP_DWAP_SEX_AGE_RT","SEX_T","AGE_YTHADULT_Y15-24","2008",35.487,"B",,"I11:264","R1:3513"
"EGY","BA:582","EAP_DWAP_SEX_AGE_RT","SEX_T","AGE_YTHADULT_YGE25","2008",53.158,"B",,"I11:264","R1:3513"
"EGY","BA:582","EAP_DWAP_SEX_AGE_RT","SEX_M","AGE_YTHADULT_YGE15","2008",72.34,"B",,"I11:264","R1:3513"
"EGY","BA:582","EAP_DWAP_SEX_AGE_RT","SEX_M","AGE_YTHADULT_Y15-64","2008",76.031,"B",,"I11:264","R1:3513"
"EGY","BA:582","EAP_DWAP_SEX_AGE_RT","SEX_M","AGE_YTHADULT_Y15-24","2008",49.329,"B",,"I11:264","R1:3513"
"EGY","BA:582","EAP_DWAP_SEX_AGE_RT","SEX_M","AGE_YTHADULT_YGE25","2008",84.388,"B",,"I11:264","R1:3513"
"EGY","BA:582","EAP_DWAP_SEX_AGE_RT","SEX_F","AGE_YTHADULT_YGE15","2008",21.724,"B",,"I11:264","R1:3513"
"EGY","BA:582","EAP_DWAP_SEX_AGE_RT","SEX_F","AGE_YTHADULT_Y15-64","2008",22.968,"B",,"I11:264","R1:3513"
"EGY","BA:582","EAP_DWAP_SEX_AGE_RT","SEX_F","AGE_YTHADULT_Y15-24","2008",18.394,"B",,"I11:264","R1:3513"
"EGY","BA:582","EAP_DWAP_SEX_AGE_RT","SEX_F","AGE_YTHADULT_YGE25","2008",23.084,"B",,"I11:264","R1:3513"
"EGY","BA:582","EAP_DWAP_SEX_AGE_RT","SEX_T","AGE_AGGREGATE_YGE15","2008",47.551,"B",,"I11:264","R1:3513"
"EGY","BA:582","EAP_DWAP_SEX_AGE_RT","SEX_T","AGE_AGGREGATE_Y15-24","2008",35.487,"B",,"I11:264","R1:3513"
"EGY","BA:582","EAP_DWAP_SEX_AGE_RT","SEX_T","AGE_AGGREGATE_Y25-54","2008",60.055,"B",,"I11:264","R1:3513"
"EGY","BA:582","EAP_DWAP_SEX_AGE_RT","SEX_T","AGE_AGGREGATE_Y55-64","2008",43.412,"B",,"I11:264","R1:3513"
"EGY","BA:582","EAP_DWAP_SEX_AGE_RT","SEX_T","AGE_AGGREGATE_YGE65","2008",10.959,"B",,"I11:264","R1:3513"
"EGY","BA:582","EAP_DWAP_SEX_AGE_RT","SEX_M","AGE_AGGREGATE_YGE15","2008",72.34,"B",,"I11:264","R1:3513"
"EGY","BA:582","EAP_DWAP_SEX_AGE_RT","SEX_M","AGE_AGGREGATE_Y15-24","2008",49.329,"B",,"I11:264","R1:3513"
"EGY","BA:582","EAP_DWAP_SEX_AGE_RT","SEX_M","AGE_AGGREGATE_Y25-54","2008",96.261,"B",,"I11:264","R1:3513"
"EGY","BA:582","EAP_DWAP_SEX_AGE_RT","SEX_M","AGE_AGGREGATE_Y55-64","2008",69.19,"B",,"I11:264","R1:3513"
"EGY","BA:582","EAP_DWAP_SEX_AGE_RT","SEX_M","AGE_AGGREGATE_YGE65","2008",18.808,"B",,"I11:264","R1:3513"
"EGY","BA:582","EAP_DWAP_SEX_AGE_RT","SEX_F","AGE_AGGREGATE_YGE15","2008",21.724,"B",,"I11:264","R1:3513"
"EGY","BA:582","EAP_DWAP_SEX_AGE_RT","SEX_F","AGE_AGGREGATE_Y15-24","2008",18.394,"B",,"I11:264","R1:3513"
"EGY","BA:582","EAP_DWAP_SEX_AGE_RT","SEX_F","AGE_AGGREGATE_Y25-54","2008",26.829,"B",,"I11:264","R1:3513"
"EGY","BA:582","EAP_DWAP_SEX_AGE_RT","SEX_F","AGE_AGGREGATE_Y55-64","2008",14.456,"B",,"I11:264","R1:3513"
"EGY","BA:582","EAP_DWAP_SEX_AGE_RT","SEX_F","AGE_AGGREGATE_YGE65","2008",2.112,"B",,"I11:264","R1:3513"
"EGY","BA:582","EAP_DWAP_SEX_AGE_RT","SEX_T","AGE_10YRBANDS_YGE15","2008",47.551,"B",,"I11:264","R1:3513"
"EGY","BA:582","EAP_DWAP_SEX_AGE_RT","SEX_T","AGE_10YRBANDS_Y15-24","2008",35.487,"B",,"I11:264","R1:3513"
"EGY","BA:582","EAP_DWAP_SEX_AGE_RT","SEX_T","AGE_10YRBANDS_Y25-34","2008",59.728,"B",,"I11:264","R1:3513"
"EGY","BA:582","EAP_DWAP_SEX_AGE_RT","SEX_T","AGE_10YRBANDS_Y35-44","2008",60.27,"B",,"I11:264","R1:3513"
"EGY","BA:582","EAP_DWAP_SEX_AGE_RT","SEX_T","AGE_10YRBANDS_Y45-54","2008",60.219,"B",,"I11:264","R1:3513"
"EGY","BA:582","EAP_DWAP_SEX_AGE_RT","SEX_T","AGE_10YRBANDS_Y55-64","2008",43.412,"B",,"I11:264","R1:3513"
"EGY","BA:582","EAP_DWAP_SEX_AGE_RT","SEX_T","AGE_10YRBANDS_YGE65","2008",10.959,"B",,"I11:264","R1:3513"
"EGY","BA:582","EAP_DWAP_SEX_AGE_RT","SEX_M","AGE_10YRBANDS_YGE15","2008",72.34,"B",,"I11:264","R1:3513"
"EGY","BA:582","EAP_DWAP_SEX_AGE_RT","SEX_M","AGE_10YRBANDS_Y15-24","2008",49.329,"B",,"I11:264","R1:3513"
"EGY","BA:582","EAP_DWAP_SEX_AGE_RT","SEX_M","AGE_10YRBANDS_Y25-34","2008",96.313,"B",,"I11:264","R1:3513"
"EGY","BA:582","EAP_DWAP_SEX_AGE_RT","SEX_M","AGE_10YRBANDS_Y35-44","2008",98.096,"B",,"I11:264","R1:3513"
"EGY","BA:582","EAP_DWAP_SEX_AGE_RT","SEX_M","AGE_10YRBANDS_Y45-54","2008",94.177,"B",,"I11:264","R1:3513"
"EGY","BA:582","EAP_DWAP_SEX_AGE_RT","SEX_M","AGE_10YRBANDS_Y55-64","2008",69.19,"B",,"I11:264","R1:3513"
"EGY","BA:582","EAP_DWAP_SEX_AGE_RT","SEX_M","AGE_10YRBANDS_YGE65","2008",18.808,"B",,"I11:264","R1:3513"
"EGY","BA:582","EAP_DWAP_SEX_AGE_RT","SEX_F","AGE_10YRBANDS_YGE15","2008",21.724,"B",,"I11:264","R1:3513"
"EGY","BA:582","EAP_DWAP_SEX_AGE_RT","SEX_F","AGE_10YRBANDS_Y15-24","2008",18.394,"B",,"I11:264","R1:3513"
"EGY","BA:582","EAP_DWAP_SEX_AGE_RT","SEX_F","AGE_10YRBANDS_Y25-34","2008",26.671,"B",,"I11:264","R1:3513"
"EGY","BA:582","EAP_DWAP_SEX_AGE_RT","SEX_F","AGE_10YRBANDS_Y35-44","2008",26.994,"B",,"I11:264","R1:3513"
"EGY","BA:582","EAP_DWAP_SEX_AGE_RT","SEX_F","AGE_10YRBANDS_Y45-54","2008",26.834,"B",,"I11:264","R1:3513"
"EGY","BA:582","EAP_DWAP_SEX_AGE_RT","SEX_F","AGE_10YRBANDS_Y55-64","2008",14.456,"B",,"I11:264","R1:3513"
"EGY","BA:582","EAP_DWAP_SEX_AGE_RT","SEX_F","AGE_10YRBANDS_YGE65","2008",2.112,"B",,"I11:264","R1:3513"
"EGY","BA:582","EAP_DWAP_SEX_AGE_RT","SEX_T","AGE_5YRBANDS_YGE15","2008",47.551,"B",,"I11:264","R1:3513"
"EGY","BA:582","EAP_DWAP_SEX_AGE_RT","SEX_T","AGE_5YRBANDS_Y15-19","2008",20.626,"B",,"I11:264","R1:3513"
"EGY","BA:582","EAP_DWAP_SEX_AGE_RT","SEX_T","AGE_5YRBANDS_Y20-24","2008",52.316,"B",,"I11:264","R1:3513"
"EGY","BA:582","EAP_DWAP_SEX_AGE_RT","SEX_T","AGE_5YRBANDS_Y25-29","2008",60.93,"B",,"I11:264","R1:3513"
"EGY","BA:582","EAP_DWAP_SEX_AGE_RT","SEX_T","AGE_5YRBANDS_Y30-34","2008",58.167,"B",,"I11:264","R1:3513"
"EGY","BA:582","EAP_DWAP_SEX_AGE_RT","SEX_T","AGE_5YRBANDS_Y35-39","2008",59.659,"B",,"I11:264","R1:3513"
"EGY","BA:582","EAP_DWAP_SEX_AGE_RT","SEX_T","AGE_5YRBANDS_Y40-44","2008",60.888,"B",,"I11:264","R1:3513"
"EGY","BA:582","EAP_DWAP_SEX_AGE_RT","SEX_T","AGE_5YRBANDS_Y45-49","2008",62.47,"B",,"I11:264","R1:3513"
"EGY","BA:582","EAP_DWAP_SEX_AGE_RT","SEX_T","AGE_5YRBANDS_Y50-54","2008",57.543,"B",,"I11:264","R1:3513"
"EGY","BA:582","EAP_DWAP_SEX_AGE_RT","SEX_T","AGE_5YRBANDS_Y55-59","2008",53.916,"B",,"I11:264","R1:3513"
"EGY","BA:582","EAP_DWAP_SEX_AGE_RT","SEX_T","AGE_5YRBANDS_Y60-64","2008",29.564,"B",,"I11:264","R1:3513"
"EGY","BA:582","EAP_DWAP_SEX_AGE_RT","SEX_T","AGE_5YRBANDS_YGE65","2008",10.959,"B",,"I11:264","R1:3513"
"EGY","BA:582","EAP_DWAP_SEX_AGE_RT","SEX_M","AGE_5YRBANDS_YGE15","2008",72.34,"B",,"I11:264","R1:3513"
"EGY","BA:582","EAP_DWAP_SEX_AGE_RT","SEX_M","AGE_5YRBANDS_Y15-19","2008",30.822,"B",,"I11:264","R1:3513"
"EGY","BA:582","EAP_DWAP_SEX_AGE_RT","SEX_M","AGE_5YRBANDS_Y20-24","2008",68.445,"B",,"I11:264","R1:3513"
"EGY","BA:582","EAP_DWAP_SEX_AGE_RT","SEX_M","AGE_5YRBANDS_Y25-29","2008",95.055,"B",,"I11:264","R1:3513"
"EGY","BA:582","EAP_DWAP_SEX_AGE_RT","SEX_M","AGE_5YRBANDS_Y30-34","2008",98.084,"B",,"I11:264","R1:3513"
"EGY","BA:582","EAP_DWAP_SEX_AGE_RT","SEX_M","AGE_5YRBANDS_Y35-39","2008",98.296,"B",,"I11:264","R1:3513"
"EGY","BA:582","EAP_DWAP_SEX_AGE_RT","SEX_M","AGE_5YRBANDS_Y40-44","2008",97.894,"B",,"I11:264","R1:3513"
"EGY","BA:582","EAP_DWAP_SEX_AGE_RT","SEX_M","AGE_5YRBANDS_Y45-49","2008",96.74,"B",,"I11:264","R1:3513"
"EGY","BA:582","EAP_DWAP_SEX_AGE_RT","SEX_M","AGE_5YRBANDS_Y50-54","2008",91.14,"B",,"I11:264","R1:3513"
"EGY","BA:582","EAP_DWAP_SEX_AGE_RT","SEX_M","AGE_5YRBANDS_Y55-59","2008",85.716,"B",,"I11:264","R1:3513"
"EGY","BA:582","EAP_DWAP_SEX_AGE_RT","SEX_M","AGE_5YRBANDS_Y60-64","2008",47.471,"B",,"I11:264","R1:3513"
"EGY","BA:582","EAP_DWAP_SEX_AGE_RT","SEX_M","AGE_5YRBANDS_YGE65","2008",18.808,"B",,"I11:264","R1:3513"
"EGY","BA:582","EAP_DWAP_SEX_AGE_RT","SEX_F","AGE_5YRBANDS_YGE15","2008",21.724,"B",,"I11:264","R1:3513"
"EGY","BA:582","EAP_DWAP_SEX_AGE_RT","SEX_F","AGE_5YRBANDS_Y15-19","2008",9.189,"B",,"I11:264","R1:3513"
"EGY","BA:582","EAP_DWAP_SEX_AGE_RT","SEX_F","AGE_5YRBANDS_Y20-24","2008",30.08,"B",,"I11:264","R1:3513"
"EGY","BA:582","EAP_DWAP_SEX_AGE_RT","SEX_F","AGE_5YRBANDS_Y25-29","2008",27.999,"B",,"I11:264","R1:3513"
"EGY","BA:582","EAP_DWAP_SEX_AGE_RT","SEX_F","AGE_5YRBANDS_Y30-34","2008",25.066,"B",,"I11:264","R1:3513"
"EGY","BA:582","EAP_DWAP_SEX_AGE_RT","SEX_F","AGE_5YRBANDS_Y35-39","2008",25.959,"B",,"I11:264","R1:3513"
"EGY","BA:582","EAP_DWAP_SEX_AGE_RT","SEX_F","AGE_5YRBANDS_Y40-44","2008",28.05,"B",,"I11:264","R1:3513"
"EGY","BA:582","EAP_DWAP_SEX_AGE_RT","SEX_F","AGE_5YRBANDS_Y45-49","2008",28.869,"B",,"I11:264","R1:3513"
"EGY","BA:582","EAP_DWAP_SEX_AGE_RT","SEX_F","AGE_5YRBANDS_Y50-54","2008",24.408,"B",,"I11:264","R1:3513"
"EGY","BA:582","EAP_DWAP_SEX_AGE_RT","SEX_F","AGE_5YRBANDS_Y55-59","2008",18.296,"B",,"I11:264","R1:3513"
"EGY","BA:582","EAP_DWAP_SEX_AGE_RT","SEX_F","AGE_5YRBANDS_Y60-64","2008",9.378,"B",,"I11:264","R1:3513"
"EGY","BA:582","EAP_DWAP_SEX_AGE_RT","SEX_F","AGE_5YRBANDS_YGE65","2008",2.112,"B",,"I11:264","R1:3513"
"EGY","BA:582","EAP_DWAP_SEX_AGE_RT","SEX_T","AGE_YTHADULT_YGE15","2007",47.926,,,,"S5:41_T3:94"
"EGY","BA:582","EAP_DWAP_SEX_AGE_RT","SEX_T","AGE_YTHADULT_Y15-24","2007",33.639,,,,"S5:41_T3:94"
"EGY","BA:582","EAP_DWAP_SEX_AGE_RT","SEX_T","AGE_YTHADULT_YGE25","2007",54.593,,,,"S5:41_T3:94"
"EGY","BA:582","EAP_DWAP_SEX_AGE_RT","SEX_M","AGE_YTHADULT_YGE15","2007",71.695,,,,"S5:41_T3:94"
"EGY","BA:582","EAP_DWAP_SEX_AGE_RT","SEX_M","AGE_YTHADULT_Y15-24","2007",46.461,,,,"S5:41_T3:94"
"EGY","BA:582","EAP_DWAP_SEX_AGE_RT","SEX_M","AGE_YTHADULT_YGE25","2007",84.653,,,,"S5:41_T3:94"
"EGY","BA:582","EAP_DWAP_SEX_AGE_RT","SEX_F","AGE_YTHADULT_YGE15","2007",23.162,,,,"S5:41_T3:94"
"EGY","BA:582","EAP_DWAP_SEX_AGE_RT","SEX_F","AGE_YTHADULT_Y15-24","2007",18.331,,,,"S5:41_T3:94"
"EGY","BA:582","EAP_DWAP_SEX_AGE_RT","SEX_F","AGE_YTHADULT_YGE25","2007",25.194,,,,"S5:41_T3:94"
"EGY","BA:582","EAP_DWAP_SEX_AGE_RT","SEX_T","AGE_AGGREGATE_YGE15","2007",47.926,,,,"S5:41_T3:94"
"EGY","BA:582","EAP_DWAP_SEX_AGE_RT","SEX_T","AGE_AGGREGATE_Y15-24","2007",33.639,,,,"S5:41_T3:94"
"EGY","BA:582","EAP_DWAP_SEX_AGE_RT","SEX_T","AGE_AGGREGATE_YGE65","2007",12.467,,,,"S5:41_T3:94"
"EGY","BA:582","EAP_DWAP_SEX_AGE_RT","SEX_M","AGE_AGGREGATE_YGE15","2007",71.695,,,,"S5:41_T3:94"
"EGY","BA:582","EAP_DWAP_SEX_AGE_RT","SEX_M","AGE_AGGREGATE_Y15-24","2007",46.461,,,,"S5:41_T3:94"
"EGY","BA:582","EAP_DWAP_SEX_AGE_RT","SEX_M","AGE_AGGREGATE_YGE65","2007",20.149,,,,"S5:41_T3:94"
"EGY","BA:582","EAP_DWAP_SEX_AGE_RT","SEX_F","AGE_AGGREGATE_YGE15","2007",23.162,,,,"S5:41_T3:94"
"EGY","BA:582","EAP_DWAP_SEX_AGE_RT","SEX_F","AGE_AGGREGATE_Y15-24","2007",18.331,,,,"S5:41_T3:94"
"EGY","BA:582","EAP_DWAP_SEX_AGE_RT","SEX_F","AGE_AGGREGATE_YGE65","2007",3.341,,,,"S5:41_T3:94"
"EGY","BA:582","EAP_DWAP_SEX_AGE_RT","SEX_T","AGE_10YRBANDS_YGE15","2007",47.926,,,,"S5:41_T3:94"
"EGY","BA:582","EAP_DWAP_SEX_AGE_RT","SEX_T","AGE_10YRBANDS_Y15-24","2007",33.639,,,,"S5:41_T3:94"
"EGY","BA:582","EAP_DWAP_SEX_AGE_RT","SEX_T","AGE_10YRBANDS_Y25-34","2007",61.153,,,,"S5:41_T3:94"
"EGY","BA:582","EAP_DWAP_SEX_AGE_RT","SEX_T","AGE_10YRBANDS_YGE65","2007",12.467,,,,"S5:41_T3:94"
"EGY","BA:582","EAP_DWAP_SEX_AGE_RT","SEX_M","AGE_10YRBANDS_YGE15","2007",71.695,,,,"S5:41_T3:94"
"EGY","BA:582","EAP_DWAP_SEX_AGE_RT","SEX_M","AGE_10YRBANDS_Y15-24","2007",46.461,,,,"S5:41_T3:94"
"EGY","BA:582","EAP_DWAP_SEX_AGE_RT","SEX_M","AGE_10YRBANDS_Y25-34","2007",96.67,,,,"S5:41_T3:94"
"EGY","BA:582","EAP_DWAP_SEX_AGE_RT","SEX_M","AGE_10YRBANDS_YGE65","2007",20.149,,,,"S5:41_T3:94"
"EGY","BA:582","EAP_DWAP_SEX_AGE_RT","SEX_F","AGE_10YRBANDS_YGE15","2007",23.162,,,,"S5:41_T3:94"
"EGY","BA:582","EAP_DWAP_SEX_AGE_RT","SEX_F","AGE_10YRBANDS_Y15-24","2007",18.331,,,,"S5:41_T3:94"
"EGY","BA:582","EAP_DWAP_SEX_AGE_RT","SEX_F","AGE_10YRBANDS_Y25-34","2007",29.372,,,,"S5:41_T3:94"
"EGY","BA:582","EAP_DWAP_SEX_AGE_RT","SEX_F","AGE_10YRBANDS_YGE65","2007",3.341,,,,"S5:41_T3:94"
"EGY","BA:582","EAP_DWAP_SEX_AGE_RT","SEX_T","AGE_5YRBANDS_YGE15","2007",47.926,,,,"S5:41_T3:94"
"EGY","BA:582","EAP_DWAP_SEX_AGE_RT","SEX_T","AGE_5YRBANDS_Y15-19","2007",19.911,,,,"S5:41_T3:94"
"EGY","BA:582","EAP_DWAP_SEX_AGE_RT","SEX_T","AGE_5YRBANDS_Y20-24","2007",49.754,,,,"S5:41_T3:94"
"EGY","BA:582","EAP_DWAP_SEX_AGE_RT","SEX_T","AGE_5YRBANDS_Y25-29","2007",60.366,,,,"S5:41_T3:94"
"EGY","BA:582","EAP_DWAP_SEX_AGE_RT","SEX_T","AGE_5YRBANDS_Y30-34","2007",61.634,,"C6:1629",,"S5:41_T3:94"
"EGY","BA:582","EAP_DWAP_SEX_AGE_RT","SEX_T","AGE_5YRBANDS_Y40-44","2007",63.457,,"C6:1630",,"S5:41_T3:94"
"EGY","BA:582","EAP_DWAP_SEX_AGE_RT","SEX_T","AGE_5YRBANDS_Y50-54","2007",56.628,,"C6:1631",,"S5:41_T3:94"
"EGY","BA:582","EAP_DWAP_SEX_AGE_RT","SEX_T","AGE_5YRBANDS_Y60-64","2007",29.154,,,,"S5:41_T3:94"
"EGY","BA:582","EAP_DWAP_SEX_AGE_RT","SEX_T","AGE_5YRBANDS_YGE65","2007",12.467,,,,"S5:41_T3:94"
"EGY","BA:582","EAP_DWAP_SEX_AGE_RT","SEX_M","AGE_5YRBANDS_YGE15","2007",71.695,,,,"S5:41_T3:94"
"EGY","BA:582","EAP_DWAP_SEX_AGE_RT","SEX_M","AGE_5YRBANDS_Y15-19","2007",28.866,,,,"S5:41_T3:94"
"EGY","BA:582","EAP_DWAP_SEX_AGE_RT","SEX_M","AGE_5YRBANDS_Y20-24","2007",66.182,,,,"S5:41_T3:94"
"EGY","BA:582","EAP_DWAP_SEX_AGE_RT","SEX_M","AGE_5YRBANDS_Y25-29","2007",94.042,,,,"S5:41_T3:94"
"EGY","BA:582","EAP_DWAP_SEX_AGE_RT","SEX_M","AGE_5YRBANDS_Y30-34","2007",98.309,,"C6:1629",,"S5:41_T3:94"
"EGY","BA:582","EAP_DWAP_SEX_AGE_RT","SEX_M","AGE_5YRBANDS_Y40-44","2007",97.478,,"C6:1630",,"S5:41_T3:94"
"EGY","BA:582","EAP_DWAP_SEX_AGE_RT","SEX_M","AGE_5YRBANDS_Y50-54","2007",88.844,,"C6:1631",,"S5:41_T3:94"
"EGY","BA:582","EAP_DWAP_SEX_AGE_RT","SEX_M","AGE_5YRBANDS_Y60-64","2007",47.502,,,,"S5:41_T3:94"
"EGY","BA:582","EAP_DWAP_SEX_AGE_RT","SEX_M","AGE_5YRBANDS_YGE65","2007",20.149,,,,"S5:41_T3:94"
"EGY","BA:582","EAP_DWAP_SEX_AGE_RT","SEX_F","AGE_5YRBANDS_YGE15","2007",23.162,,,,"S5:41_T3:94"
"EGY","BA:582","EAP_DWAP_SEX_AGE_RT","SEX_F","AGE_5YRBANDS_Y15-19","2007",9.709,,,,"S5:41_T3:94"
"EGY","BA:582","EAP_DWAP_SEX_AGE_RT","SEX_F","AGE_5YRBANDS_Y20-24","2007",29.031,,,,"S5:41_T3:94"
"EGY","BA:582","EAP_DWAP_SEX_AGE_RT","SEX_F","AGE_5YRBANDS_Y25-29","2007",29.45,,,,"S5:41_T3:94"
"EGY","BA:582","EAP_DWAP_SEX_AGE_RT","SEX_F","AGE_5YRBANDS_Y30-34","2007",29.326,,"C6:1629",,"S5:41_T3:94"
"EGY","BA:582","EAP_DWAP_SEX_AGE_RT","SEX_F","AGE_5YRBANDS_Y40-44","2007",30.777,,"C6:1630",,"S5:41_T3:94"
"EGY","BA:582","EAP_DWAP_SEX_AGE_RT","SEX_F","AGE_5YRBANDS_Y50-54","2007",22.1,,"C6:1631",,"S5:41_T3:94"
"EGY","BA:582","EAP_DWAP_SEX_AGE_RT","SEX_F","AGE_5YRBANDS_Y60-64","2007",8.731,,,,"S5:41_T3:94"
"EGY","BA:582","EAP_DWAP_SEX_AGE_RT","SEX_F","AGE_5YRBANDS_YGE65","2007",3.341,,,,"S5:41_T3:94"
"EGY","BA:582","EAP_DWAP_SEX_AGE_RT","SEX_T","AGE_YTHADULT_YGE15","2006",46.97,,,,"S5:41_T3:94"
"EGY","BA:582","EAP_DWAP_SEX_AGE_RT","SEX_T","AGE_YTHADULT_Y15-24","2006",33.762,,,,"S5:41_T3:94"
"EGY","BA:582","EAP_DWAP_SEX_AGE_RT","SEX_T","AGE_YTHADULT_YGE25","2006",53.408,,,,"S5:41_T3:94"
"EGY","BA:582","EAP_DWAP_SEX_AGE_RT","SEX_M","AGE_YTHADULT_YGE15","2006",71.879,,,,"S5:41_T3:94"
"EGY","BA:582","EAP_DWAP_SEX_AGE_RT","SEX_M","AGE_YTHADULT_Y15-24","2006",46.21,,,,"S5:41_T3:94"
"EGY","BA:582","EAP_DWAP_SEX_AGE_RT","SEX_M","AGE_YTHADULT_YGE25","2006",85.334,,,,"S5:41_T3:94"
"EGY","BA:582","EAP_DWAP_SEX_AGE_RT","SEX_F","AGE_YTHADULT_YGE15","2006",21.132,,,,"S5:41_T3:94"
"EGY","BA:582","EAP_DWAP_SEX_AGE_RT","SEX_F","AGE_YTHADULT_Y15-24","2006",19.476,,,,"S5:41_T3:94"
"EGY","BA:582","EAP_DWAP_SEX_AGE_RT","SEX_F","AGE_YTHADULT_YGE25","2006",21.88,,,,"S5:41_T3:94"
"EGY","BA:582","EAP_DWAP_SEX_AGE_RT","SEX_T","AGE_AGGREGATE_YGE15","2006",46.97,,,,"S5:41_T3:94"
"EGY","BA:582","EAP_DWAP_SEX_AGE_RT","SEX_T","AGE_AGGREGATE_Y15-24","2006",33.762,,,,"S5:41_T3:94"
"EGY","BA:582","EAP_DWAP_SEX_AGE_RT","SEX_T","AGE_AGGREGATE_YGE65","2006",11.746,,,,"S5:41_T3:94"
"EGY","BA:582","EAP_DWAP_SEX_AGE_RT","SEX_M","AGE_AGGREGATE_YGE15","2006",71.879,,,,"S5:41_T3:94"
"EGY","BA:582","EAP_DWAP_SEX_AGE_RT","SEX_M","AGE_AGGREGATE_Y15-24","2006",46.21,,,,"S5:41_T3:94"
"EGY","BA:582","EAP_DWAP_SEX_AGE_RT","SEX_M","AGE_AGGREGATE_YGE65","2006",20.086,,,,"S5:41_T3:94"
"EGY","BA:582","EAP_DWAP_SEX_AGE_RT","SEX_F","AGE_AGGREGATE_YGE15","2006",21.132,,,,"S5:41_T3:94"
"EGY","BA:582","EAP_DWAP_SEX_AGE_RT","SEX_F","AGE_AGGREGATE_Y15-24","2006",19.476,,,,"S5:41_T3:94"
"EGY","BA:582","EAP_DWAP_SEX_AGE_RT","SEX_F","AGE_AGGREGATE_YGE65","2006",1.11,,,,"S5:41_T3:94"
"EGY","BA:582","EAP_DWAP_SEX_AGE_RT","SEX_T","AGE_10YRBANDS_YGE15","2006",46.97,,,,"S5:41_T3:94"
"EGY","BA:582","EAP_DWAP_SEX_AGE_RT","SEX_T","AGE_10YRBANDS_Y15-24","2006",33.762,,,,"S5:41_T3:94"
"EGY","BA:582","EAP_DWAP_SEX_AGE_RT","SEX_T","AGE_10YRBANDS_Y25-34","2006",60.234,,,,"S5:41_T3:94"
"EGY","BA:582","EAP_DWAP_SEX_AGE_RT","SEX_T","AGE_10YRBANDS_YGE65","2006",11.746,,,,"S5:41_T3:94"
"EGY","BA:582","EAP_DWAP_SEX_AGE_RT","SEX_M","AGE_10YRBANDS_YGE15","2006",71.879,,,,"S5:41_T3:94"
"EGY","BA:582","EAP_DWAP_SEX_AGE_RT","SEX_M","AGE_10YRBANDS_Y15-24","2006",46.21,,,,"S5:41_T3:94"
"EGY","BA:582","EAP_DWAP_SEX_AGE_RT","SEX_M","AGE_10YRBANDS_Y25-34","2006",96.993,,,,"S5:41_T3:94"
"EGY","BA:582","EAP_DWAP_SEX_AGE_RT","SEX_M","AGE_10YRBANDS_YGE65","2006",20.086,,,,"S5:41_T3:94"
"EGY","BA:582","EAP_DWAP_SEX_AGE_RT","SEX_F","AGE_10YRBANDS_YGE15","2006",21.132,,,,"S5:41_T3:94"
"EGY","BA:582","EAP_DWAP_SEX_AGE_RT","SEX_F","AGE_10YRBANDS_Y15-24","2006",19.476,,,,"S5:41_T3:94"
"EGY","BA:582","EAP_DWAP_SEX_AGE_RT","SEX_F","AGE_10YRBANDS_Y25-34","2006",26.781,,,,"S5:41_T3:94"
"EGY","BA:582","EAP_DWAP_SEX_AGE_RT","SEX_F","AGE_10YRBANDS_YGE65","2006",1.11,,,,"S5:41_T3:94"
"EGY","BA:582","EAP_DWAP_SEX_AGE_RT","SEX_T","AGE_5YRBANDS_YGE15","2006",46.97,,,,"S5:41_T3:94"
"EGY","BA:582","EAP_DWAP_SEX_AGE_RT","SEX_T","AGE_5YRBANDS_Y15-19","2006",19.994,,,,"S5:41_T3:94"
"EGY","BA:582","EAP_DWAP_SEX_AGE_RT","SEX_T","AGE_5YRBANDS_Y20-24","2006",50.742,,,,"S5:41_T3:94"
"EGY","BA:582","EAP_DWAP_SEX_AGE_RT","SEX_T","AGE_5YRBANDS_Y25-29","2006",60.643,,,,"S5:41_T3:94"
"EGY","BA:582","EAP_DWAP_SEX_AGE_RT","SEX_T","AGE_5YRBANDS_Y30-34","2006",59.982,,"C6:1629",,"S5:41_T3:94"
"EGY","BA:582","EAP_DWAP_SEX_AGE_RT","SEX_T","AGE_5YRBANDS_Y40-44","2006",62.235,,"C6:1630",,"S5:41_T3:94"
"EGY","BA:582","EAP_DWAP_SEX_AGE_RT","SEX_T","AGE_5YRBANDS_Y50-54","2006",52.829,,"C6:1631",,"S5:41_T3:94"
"EGY","BA:582","EAP_DWAP_SEX_AGE_RT","SEX_T","AGE_5YRBANDS_Y60-64","2006",26.28,,,,"S5:41_T3:94"
"EGY","BA:582","EAP_DWAP_SEX_AGE_RT","SEX_T","AGE_5YRBANDS_YGE65","2006",11.746,,,,"S5:41_T3:94"
"EGY","BA:582","EAP_DWAP_SEX_AGE_RT","SEX_M","AGE_5YRBANDS_YGE15","2006",71.879,,,,"S5:41_T3:94"
"EGY","BA:582","EAP_DWAP_SEX_AGE_RT","SEX_M","AGE_5YRBANDS_Y15-19","2006",28.789,,,,"S5:41_T3:94"
"EGY","BA:582","EAP_DWAP_SEX_AGE_RT","SEX_M","AGE_5YRBANDS_Y20-24","2006",66.644,,,,"S5:41_T3:94"
"EGY","BA:582","EAP_DWAP_SEX_AGE_RT","SEX_M","AGE_5YRBANDS_Y25-29","2006",94.712,,,,"S5:41_T3:94"
"EGY","BA:582","EAP_DWAP_SEX_AGE_RT","SEX_M","AGE_5YRBANDS_Y30-34","2006",98.424,,"C6:1629",,"S5:41_T3:94"
"EGY","BA:582","EAP_DWAP_SEX_AGE_RT","SEX_M","AGE_5YRBANDS_Y40-44","2006",97.16,,"C6:1630",,"S5:41_T3:94"
"EGY","BA:582","EAP_DWAP_SEX_AGE_RT","SEX_M","AGE_5YRBANDS_Y50-54","2006",88.673,,"C6:1631",,"S5:41_T3:94"
"EGY","BA:582","EAP_DWAP_SEX_AGE_RT","SEX_M","AGE_5YRBANDS_Y60-64","2006",47.785,,,,"S5:41_T3:94"
"EGY","BA:582","EAP_DWAP_SEX_AGE_RT","SEX_M","AGE_5YRBANDS_YGE65","2006",20.086,,,,"S5:41_T3:94"
"EGY","BA:582","EAP_DWAP_SEX_AGE_RT","SEX_F","AGE_5YRBANDS_YGE15","2006",21.132,,,,"S5:41_T3:94"
"EGY","BA:582","EAP_DWAP_SEX_AGE_RT","SEX_F","AGE_5YRBANDS_Y15-19","2006",10.375,,,,"S5:41_T3:94"
"EGY","BA:582","EAP_DWAP_SEX_AGE_RT","SEX_F","AGE_5YRBANDS_Y20-24","2006",31.37,,,,"S5:41_T3:94"
"EGY","BA:582","EAP_DWAP_SEX_AGE_RT","SEX_F","AGE_5YRBANDS_Y25-29","2006",28.863,,,,"S5:41_T3:94"
"EGY","BA:582","EAP_DWAP_SEX_AGE_RT","SEX_F","AGE_5YRBANDS_Y30-34","2006",25.527,,"C6:1629",,"S5:41_T3:94"
"EGY","BA:582","EAP_DWAP_SEX_AGE_RT","SEX_F","AGE_5YRBANDS_Y40-44","2006",27.464,,"C6:1630",,"S5:41_T3:94"
"EGY","BA:582","EAP_DWAP_SEX_AGE_RT","SEX_F","AGE_5YRBANDS_Y50-54","2006",15.839,,"C6:1631",,"S5:41_T3:94"
"EGY","BA:582","EAP_DWAP_SEX_AGE_RT","SEX_F","AGE_5YRBANDS_Y60-64","2006",3.334,,,,"S5:41_T3:94"
"EGY","BA:582","EAP_DWAP_SEX_AGE_RT","SEX_F","AGE_5YRBANDS_YGE65","2006",1.11,,,,"S5:41_T3:94"
"EGY","BA:582","EAP_DWAP_SEX_AGE_RT","SEX_T","AGE_YTHADULT_YGE15","2005",49.515,,,,"S5:41_T3:94"
"EGY","BA:582","EAP_DWAP_SEX_AGE_RT","SEX_T","AGE_YTHADULT_Y15-64","2005",49.515,,,,"S5:41_T3:94"
"EGY","BA:582","EAP_DWAP_SEX_AGE_RT","SEX_T","AGE_YTHADULT_Y15-24","2005",36.266,,,,"S5:41_T3:94"
"EGY","BA:582","EAP_DWAP_SEX_AGE_RT","SEX_T","AGE_YTHADULT_YGE25","2005",55.865,,"C6:2351",,"S5:41_T3:94"
"EGY","BA:582","EAP_DWAP_SEX_AGE_RT","SEX_M","AGE_YTHADULT_YGE15","2005",75.171,,,,"S5:41_T3:94"
"EGY","BA:582","EAP_DWAP_SEX_AGE_RT","SEX_M","AGE_YTHADULT_Y15-64","2005",75.171,,,,"S5:41_T3:94"
"EGY","BA:582","EAP_DWAP_SEX_AGE_RT","SEX_M","AGE_YTHADULT_Y15-24","2005",50.346,,,,"S5:41_T3:94"
"EGY","BA:582","EAP_DWAP_SEX_AGE_RT","SEX_M","AGE_YTHADULT_YGE25","2005",87.53,,"C6:2351",,"S5:41_T3:94"
"EGY","BA:582","EAP_DWAP_SEX_AGE_RT","SEX_F","AGE_YTHADULT_YGE15","2005",23.086,,,,"S5:41_T3:94"
"EGY","BA:582","EAP_DWAP_SEX_AGE_RT","SEX_F","AGE_YTHADULT_Y15-64","2005",23.086,,,,"S5:41_T3:94"
"EGY","BA:582","EAP_DWAP_SEX_AGE_RT","SEX_F","AGE_YTHADULT_Y15-24","2005",20.979,,,,"S5:41_T3:94"
"EGY","BA:582","EAP_DWAP_SEX_AGE_RT","SEX_F","AGE_YTHADULT_YGE25","2005",24.056,,"C6:2351",,"S5:41_T3:94"
"EGY","BA:582","EAP_DWAP_SEX_AGE_RT","SEX_T","AGE_YTHADULT_YGE15","2002",43.192,,,,"S3:25_S5:41_T3:94"
"EGY","BA:582","EAP_DWAP_SEX_AGE_RT","SEX_T","AGE_YTHADULT_Y15-24","2002",29.905,,,,"S3:25_S5:41_T3:94"
"EGY","BA:582","EAP_DWAP_SEX_AGE_RT","SEX_T","AGE_YTHADULT_YGE25","2002",49.008,,,,"S3:25_S5:41_T3:94"
"EGY","BA:582","EAP_DWAP_SEX_AGE_RT","SEX_M","AGE_YTHADULT_YGE15","2002",68.662,,,,"S3:25_S5:41_T3:94"
"EGY","BA:582","EAP_DWAP_SEX_AGE_RT","SEX_M","AGE_YTHADULT_Y15-24","2002",38.999,,,,"S3:25_S5:41_T3:94"
"EGY","BA:582","EAP_DWAP_SEX_AGE_RT","SEX_M","AGE_YTHADULT_YGE25","2002",83.17,,,,"S3:25_S5:41_T3:94"
"EGY","BA:582","EAP_DWAP_SEX_AGE_RT","SEX_F","AGE_YTHADULT_YGE15","2002",18.407,,,,"S3:25_S5:41_T3:94"
"EGY","BA:582","EAP_DWAP_SEX_AGE_RT","SEX_F","AGE_YTHADULT_Y15-24","2002",19.566,,,,"S3:25_S5:41_T3:94"
"EGY","BA:582","EAP_DWAP_SEX_AGE_RT","SEX_F","AGE_YTHADULT_YGE25","2002",17.954,,,,"S3:25_S5:41_T3:94"
"EGY","BA:582","EAP_DWAP_SEX_AGE_RT","SEX_T","AGE_AGGREGATE_YGE15","2002",43.192,,,,"S3:25_S5:41_T3:94"
"EGY","BA:582","EAP_DWAP_SEX_AGE_RT","SEX_T","AGE_AGGREGATE_Y15-24","2002",29.905,,,,"S3:25_S5:41_T3:94"
"EGY","BA:582","EAP_DWAP_SEX_AGE_RT","SEX_T","AGE_AGGREGATE_YGE65","2002",10.813,,,,"S3:25_S5:41_T3:94"
"EGY","BA:582","EAP_DWAP_SEX_AGE_RT","SEX_M","AGE_AGGREGATE_YGE15","2002",68.662,,,,"S3:25_S5:41_T3:94"
"EGY","BA:582","EAP_DWAP_SEX_AGE_RT","SEX_M","AGE_AGGREGATE_Y15-24","2002",38.999,,,,"S3:25_S5:41_T3:94"
"EGY","BA:582","EAP_DWAP_SEX_AGE_RT","SEX_M","AGE_AGGREGATE_YGE65","2002",16.255,,,,"S3:25_S5:41_T3:94"
"EGY","BA:582","EAP_DWAP_SEX_AGE_RT","SEX_F","AGE_AGGREGATE_YGE15","2002",18.407,,,,"S3:25_S5:41_T3:94"
"EGY","BA:582","EAP_DWAP_SEX_AGE_RT","SEX_F","AGE_AGGREGATE_Y15-24","2002",19.566,,,,"S3:25_S5:41_T3:94"
"EGY","BA:582","EAP_DWAP_SEX_AGE_RT","SEX_F","AGE_AGGREGATE_YGE65","2002",1.439,,,,"S3:25_S5:41_T3:94"
"EGY","BA:582","EAP_DWAP_SEX_AGE_RT","SEX_T","AGE_10YRBANDS_YGE15","2002",43.192,,,,"S3:25_S5:41_T3:94"
"EGY","BA:582","EAP_DWAP_SEX_AGE_RT","SEX_T","AGE_10YRBANDS_Y15-24","2002",29.905,,,,"S3:25_S5:41_T3:94"
"EGY","BA:582","EAP_DWAP_SEX_AGE_RT","SEX_T","AGE_10YRBANDS_Y25-34","2002",56.848,,,,"S3:25_S5:41_T3:94"
"EGY","BA:582","EAP_DWAP_SEX_AGE_RT","SEX_T","AGE_10YRBANDS_YGE65","2002",10.813,,,,"S3:25_S5:41_T3:94"
"EGY","BA:582","EAP_DWAP_SEX_AGE_RT","SEX_M","AGE_10YRBANDS_YGE15","2002",68.662,,,,"S3:25_S5:41_T3:94"
"EGY","BA:582","EAP_DWAP_SEX_AGE_RT","SEX_M","AGE_10YRBANDS_Y15-24","2002",38.999,,,,"S3:25_S5:41_T3:94"
"EGY","BA:582","EAP_DWAP_SEX_AGE_RT","SEX_M","AGE_10YRBANDS_Y25-34","2002",97.751,,,,"S3:25_S5:41_T3:94"
"EGY","BA:582","EAP_DWAP_SEX_AGE_RT","SEX_M","AGE_10YRBANDS_YGE65","2002",16.255,,,,"S3:25_S5:41_T3:94"
"EGY","BA:582","EAP_DWAP_SEX_AGE_RT","SEX_F","AGE_10YRBANDS_YGE15","2002",18.407,,,,"S3:25_S5:41_T3:94"
"EGY","BA:582","EAP_DWAP_SEX_AGE_RT","SEX_F","AGE_10YRBANDS_Y15-24","2002",19.566,,,,"S3:25_S5:41_T3:94"
"EGY","BA:582","EAP_DWAP_SEX_AGE_RT","SEX_F","AGE_10YRBANDS_Y25-34","2002",25.048,,,,"S3:25_S5:41_T3:94"
"EGY","BA:582","EAP_DWAP_SEX_AGE_RT","SEX_F","AGE_10YRBANDS_YGE65","2002",1.439,,,,"S3:25_S5:41_T3:94"
"EGY","BA:582","EAP_DWAP_SEX_AGE_RT","SEX_T","AGE_5YRBANDS_YGE15","2002",43.192,,,,"S3:25_S5:41_T3:94"
"EGY","BA:582","EAP_DWAP_SEX_AGE_RT","SEX_T","AGE_5YRBANDS_Y15-19","2002",17.177,,,,"S3:25_S5:41_T3:94"
"EGY","BA:582","EAP_DWAP_SEX_AGE_RT","SEX_T","AGE_5YRBANDS_Y20-24","2002",49.41,,,,"S3:25_S5:41_T3:94"
"EGY","BA:582","EAP_DWAP_SEX_AGE_RT","SEX_T","AGE_5YRBANDS_Y25-29","2002",59.132,,,,"S3:25_S5:41_T3:94"
"EGY","BA:582","EAP_DWAP_SEX_AGE_RT","SEX_T","AGE_5YRBANDS_Y30-34","2002",55.71,,"C6:1629",,"S3:25_S5:41_T3:94"
"EGY","BA:582","EAP_DWAP_SEX_AGE_RT","SEX_T","AGE_5YRBANDS_Y40-44","2002",57.371,,"C6:1630",,"S3:25_S5:41_T3:94"
"EGY","BA:582","EAP_DWAP_SEX_AGE_RT","SEX_T","AGE_5YRBANDS_Y50-54","2002",50.957,,"C6:1631",,"S3:25_S5:41_T3:94"
"EGY","BA:582","EAP_DWAP_SEX_AGE_RT","SEX_T","AGE_5YRBANDS_Y60-64","2002",19.063,,,,"S3:25_S5:41_T3:94"
"EGY","BA:582","EAP_DWAP_SEX_AGE_RT","SEX_T","AGE_5YRBANDS_YGE65","2002",10.813,,,,"S3:25_S5:41_T3:94"
"EGY","BA:582","EAP_DWAP_SEX_AGE_RT","SEX_M","AGE_5YRBANDS_YGE15","2002",68.662,,,,"S3:25_S5:41_T3:94"
"EGY","BA:582","EAP_DWAP_SEX_AGE_RT","SEX_M","AGE_5YRBANDS_Y15-19","2002",23.508,,,,"S3:25_S5:41_T3:94"
"EGY","BA:582","EAP_DWAP_SEX_AGE_RT","SEX_M","AGE_5YRBANDS_Y20-24","2002",61.567,,,,"S3:25_S5:41_T3:94"
"EGY","BA:582","EAP_DWAP_SEX_AGE_RT","SEX_M","AGE_5YRBANDS_Y25-29","2002",95.319,,,,"S3:25_S5:41_T3:94"
"EGY","BA:582","EAP_DWAP_SEX_AGE_RT","SEX_M","AGE_5YRBANDS_Y30-34","2002",98.995,,"C6:1629",,"S3:25_S5:41_T3:94"
"EGY","BA:582","EAP_DWAP_SEX_AGE_RT","SEX_M","AGE_5YRBANDS_Y40-44","2002",99.074,,"C6:1630",,"S3:25_S5:41_T3:94"
"EGY","BA:582","EAP_DWAP_SEX_AGE_RT","SEX_M","AGE_5YRBANDS_Y50-54","2002",98.341,,"C6:1631",,"S3:25_S5:41_T3:94"
"EGY","BA:582","EAP_DWAP_SEX_AGE_RT","SEX_M","AGE_5YRBANDS_Y60-64","2002",33.706,,,,"S3:25_S5:41_T3:94"
"EGY","BA:582","EAP_DWAP_SEX_AGE_RT","SEX_M","AGE_5YRBANDS_YGE65","2002",16.255,,,,"S3:25_S5:41_T3:94"
"EGY","BA:582","EAP_DWAP_SEX_AGE_RT","SEX_F","AGE_5YRBANDS_YGE15","2002",18.407,,,,"S3:25_S5:41_T3:94"
"EGY","BA:582","EAP_DWAP_SEX_AGE_RT","SEX_F","AGE_5YRBANDS_Y15-19","2002",10.281,,,,"S3:25_S5:41_T3:94"
"EGY","BA:582","EAP_DWAP_SEX_AGE_RT","SEX_F","AGE_5YRBANDS_Y20-24","2002",34.646,,,,"S3:25_S5:41_T3:94"
"EGY","BA:582","EAP_DWAP_SEX_AGE_RT","SEX_F","AGE_5YRBANDS_Y25-29","2002",30.096,,,,"S3:25_S5:41_T3:94"
"EGY","BA:582","EAP_DWAP_SEX_AGE_RT","SEX_F","AGE_5YRBANDS_Y30-34","2002",22.586,,"C6:1629",,"S3:25_S5:41_T3:94"
"EGY","BA:582","EAP_DWAP_SEX_AGE_RT","SEX_F","AGE_5YRBANDS_Y40-44","2002",19.523,,"C6:1630",,"S3:25_S5:41_T3:94"
"EGY","BA:582","EAP_DWAP_SEX_AGE_RT","SEX_F","AGE_5YRBANDS_Y50-54","2002",10.282,,"C6:1631",,"S3:25_S5:41_T3:94"
"EGY","BA:582","EAP_DWAP_SEX_AGE_RT","SEX_F","AGE_5YRBANDS_Y60-64","2002",2.125,,,,"S3:25_S5:41_T3:94"
"EGY","BA:582","EAP_DWAP_SEX_AGE_RT","SEX_F","AGE_5YRBANDS_YGE65","2002",1.439,,,,"S3:25_S5:41_T3:94"
"EGY","BA:582","EAP_DWAP_SEX_AGE_RT","SEX_T","AGE_YTHADULT_YGE15","2001",44.933,,,,"S3:25_S5:41_T3:94"
"EGY","BA:582","EAP_DWAP_SEX_AGE_RT","SEX_T","AGE_YTHADULT_Y15-24","2001",28.207,,,,"S3:25_S5:41_T3:94"
"EGY","BA:582","EAP_DWAP_SEX_AGE_RT","SEX_T","AGE_YTHADULT_YGE25","2001",52.842,,,,"S3:25_S5:41_T3:94"
"EGY","BA:582","EAP_DWAP_SEX_AGE_RT","SEX_M","AGE_YTHADULT_YGE15","2001",68.589,,,,"S3:25_S5:41_T3:94"
"EGY","BA:582","EAP_DWAP_SEX_AGE_RT","SEX_M","AGE_YTHADULT_Y15-24","2001",38.328,,,,"S3:25_S5:41_T3:94"
"EGY","BA:582","EAP_DWAP_SEX_AGE_RT","SEX_M","AGE_YTHADULT_YGE25","2001",84.062,,,,"S3:25_S5:41_T3:94"
"EGY","BA:582","EAP_DWAP_SEX_AGE_RT","SEX_F","AGE_YTHADULT_YGE15","2001",20.164,,,,"S3:25_S5:41_T3:94"
"EGY","BA:582","EAP_DWAP_SEX_AGE_RT","SEX_F","AGE_YTHADULT_Y15-24","2001",16.371,,,,"S3:25_S5:41_T3:94"
"EGY","BA:582","EAP_DWAP_SEX_AGE_RT","SEX_F","AGE_YTHADULT_YGE25","2001",21.812,,,,"S3:25_S5:41_T3:94"
"EGY","BA:582","EAP_DWAP_SEX_AGE_RT","SEX_T","AGE_AGGREGATE_YGE15","2001",44.933,,,,"S3:25_S5:41_T3:94"
"EGY","BA:582","EAP_DWAP_SEX_AGE_RT","SEX_T","AGE_AGGREGATE_Y15-24","2001",28.207,,,,"S3:25_S5:41_T3:94"
"EGY","BA:582","EAP_DWAP_SEX_AGE_RT","SEX_T","AGE_AGGREGATE_YGE65","2001",13.96,,,,"S3:25_S5:41_T3:94"
"EGY","BA:582","EAP_DWAP_SEX_AGE_RT","SEX_M","AGE_AGGREGATE_YGE15","2001",68.589,,,,"S3:25_S5:41_T3:94"
"EGY","BA:582","EAP_DWAP_SEX_AGE_RT","SEX_M","AGE_AGGREGATE_Y15-24","2001",38.328,,,,"S3:25_S5:41_T3:94"
"EGY","BA:582","EAP_DWAP_SEX_AGE_RT","SEX_M","AGE_AGGREGATE_YGE65","2001",20.914,,,,"S3:25_S5:41_T3:94"
"EGY","BA:582","EAP_DWAP_SEX_AGE_RT","SEX_F","AGE_AGGREGATE_YGE15","2001",20.164,,,,"S3:25_S5:41_T3:94"
"EGY","BA:582","EAP_DWAP_SEX_AGE_RT","SEX_F","AGE_AGGREGATE_Y15-24","2001",16.371,,,,"S3:25_S5:41_T3:94"
"EGY","BA:582","EAP_DWAP_SEX_AGE_RT","SEX_F","AGE_AGGREGATE_YGE65","2001",2.285,,,,"S3:25_S5:41_T3:94"
"EGY","BA:582","EAP_DWAP_SEX_AGE_RT","SEX_T","AGE_10YRBANDS_YGE15","2001",44.933,,,,"S3:25_S5:41_T3:94"
"EGY","BA:582","EAP_DWAP_SEX_AGE_RT","SEX_T","AGE_10YRBANDS_Y15-24","2001",28.207,,,,"S3:25_S5:41_T3:94"
"EGY","BA:582","EAP_DWAP_SEX_AGE_RT","SEX_T","AGE_10YRBANDS_Y25-34","2001",61.745,,,,"S3:25_S5:41_T3:94"
"EGY","BA:582","EAP_DWAP_SEX_AGE_RT","SEX_T","AGE_10YRBANDS_YGE65","2001",13.96,,,,"S3:25_S5:41_T3:94"
"EGY","BA:582","EAP_DWAP_SEX_AGE_RT","SEX_M","AGE_10YRBANDS_YGE15","2001",68.589,,,,"S3:25_S5:41_T3:94"
"EGY","BA:582","EAP_DWAP_SEX_AGE_RT","SEX_M","AGE_10YRBANDS_Y15-24","2001",38.328,,,,"S3:25_S5:41_T3:94"
"EGY","BA:582","EAP_DWAP_SEX_AGE_RT","SEX_M","AGE_10YRBANDS_Y25-34","2001",97.364,,,,"S3:25_S5:41_T3:94"
"EGY","BA:582","EAP_DWAP_SEX_AGE_RT","SEX_M","AGE_10YRBANDS_YGE65","2001",20.914,,,,"S3:25_S5:41_T3:94"
"EGY","BA:582","EAP_DWAP_SEX_AGE_RT","SEX_F","AGE_10YRBANDS_YGE15","2001",20.164,,,,"S3:25_S5:41_T3:94"
"EGY","BA:582","EAP_DWAP_SEX_AGE_RT","SEX_F","AGE_10YRBANDS_Y15-24","2001",16.371,,,,"S3:25_S5:41_T3:94"
"EGY","BA:582","EAP_DWAP_SEX_AGE_RT","SEX_F","AGE_10YRBANDS_Y25-34","2001",29.66,,,,"S3:25_S5:41_T3:94"
"EGY","BA:582","EAP_DWAP_SEX_AGE_RT","SEX_F","AGE_10YRBANDS_YGE65","2001",2.285,,,,"S3:25_S5:41_T3:94"
"EGY","BA:582","EAP_DWAP_SEX_AGE_RT","SEX_T","AGE_5YRBANDS_YGE15","2001",44.933,,,,"S3:25_S5:41_T3:94"
"EGY","BA:582","EAP_DWAP_SEX_AGE_RT","SEX_T","AGE_5YRBANDS_Y15-19","2001",18.153,,,,"S3:25_S5:41_T3:94"
"EGY","BA:582","EAP_DWAP_SEX_AGE_RT","SEX_T","AGE_5YRBANDS_Y20-24","2001",43.033,,,,"S3:25_S5:41_T3:94"
"EGY","BA:582","EAP_DWAP_SEX_AGE_RT","SEX_T","AGE_5YRBANDS_Y25-29","2001",62.169,,,,"S3:25_S5:41_T3:94"
"EGY","BA:582","EAP_DWAP_SEX_AGE_RT","SEX_T","AGE_5YRBANDS_Y30-34","2001",61.52,,"C6:1629",,"S3:25_S5:41_T3:94"
"EGY","BA:582","EAP_DWAP_SEX_AGE_RT","SEX_T","AGE_5YRBANDS_Y40-44","2001",60.771,,"C6:1630",,"S3:25_S5:41_T3:94"
"EGY","BA:582","EAP_DWAP_SEX_AGE_RT","SEX_T","AGE_5YRBANDS_Y50-54","2001",53.98,,"C6:1631",,"S3:25_S5:41_T3:94"
"EGY","BA:582","EAP_DWAP_SEX_AGE_RT","SEX_T","AGE_5YRBANDS_Y60-64","2001",21.686,,,,"S3:25_S5:41_T3:94"
"EGY","BA:582","EAP_DWAP_SEX_AGE_RT","SEX_T","AGE_5YRBANDS_YGE65","2001",13.96,,,,"S3:25_S5:41_T3:94"
"EGY","BA:582","EAP_DWAP_SEX_AGE_RT","SEX_M","AGE_5YRBANDS_YGE15","2001",68.589,,,,"S3:25_S5:41_T3:94"
"EGY","BA:582","EAP_DWAP_SEX_AGE_RT","SEX_M","AGE_5YRBANDS_Y15-19","2001",26.223,,,,"S3:25_S5:41_T3:94"
"EGY","BA:582","EAP_DWAP_SEX_AGE_RT","SEX_M","AGE_5YRBANDS_Y20-24","2001",55.687,,,,"S3:25_S5:41_T3:94"
"EGY","BA:582","EAP_DWAP_SEX_AGE_RT","SEX_M","AGE_5YRBANDS_Y25-29","2001",94.481,,,,"S3:25_S5:41_T3:94"
"EGY","BA:582","EAP_DWAP_SEX_AGE_RT","SEX_M","AGE_5YRBANDS_Y30-34","2001",98.927,,"C6:1629",,"S3:25_S5:41_T3:94"
"EGY","BA:582","EAP_DWAP_SEX_AGE_RT","SEX_M","AGE_5YRBANDS_Y40-44","2001",99.16,,"C6:1630",,"S3:25_S5:41_T3:94"
"EGY","BA:582","EAP_DWAP_SEX_AGE_RT","SEX_M","AGE_5YRBANDS_Y50-54","2001",98.533,,"C6:1631",,"S3:25_S5:41_T3:94"
"EGY","BA:582","EAP_DWAP_SEX_AGE_RT","SEX_M","AGE_5YRBANDS_Y60-64","2001",35.389,,,,"S3:25_S5:41_T3:94"
"EGY","BA:582","EAP_DWAP_SEX_AGE_RT","SEX_M","AGE_5YRBANDS_YGE65","2001",20.914,,,,"S3:25_S5:41_T3:94"
"EGY","BA:582","EAP_DWAP_SEX_AGE_RT","SEX_F","AGE_5YRBANDS_YGE15","2001",20.164,,,,"S3:25_S5:41_T3:94"
"EGY","BA:582","EAP_DWAP_SEX_AGE_RT","SEX_F","AGE_5YRBANDS_Y15-19","2001",8.944,,,,"S3:25_S5:41_T3:94"
"EGY","BA:582","EAP_DWAP_SEX_AGE_RT","SEX_F","AGE_5YRBANDS_Y20-24","2001",27.688,,,,"S3:25_S5:41_T3:94"
"EGY","BA:582","EAP_DWAP_SEX_AGE_RT","SEX_F","AGE_5YRBANDS_Y25-29","2001",32.142,,,,"S3:25_S5:41_T3:94"
"EGY","BA:582","EAP_DWAP_SEX_AGE_RT","SEX_F","AGE_5YRBANDS_Y30-34","2001",28.377,,"C6:1629",,"S3:25_S5:41_T3:94"
"EGY","BA:582","EAP_DWAP_SEX_AGE_RT","SEX_F","AGE_5YRBANDS_Y40-44","2001",23.949,,"C6:1630",,"S3:25_S5:41_T3:94"
"EGY","BA:582","EAP_DWAP_SEX_AGE_RT","SEX_F","AGE_5YRBANDS_Y50-54","2001",13.796,,"C6:1631",,"S3:25_S5:41_T3:94"
"EGY","BA:582","EAP_DWAP_SEX_AGE_RT","SEX_F","AGE_5YRBANDS_Y60-64","2001",3.817,,,,"S3:25_S5:41_T3:94"
"EGY","BA:582","EAP_DWAP_SEX_AGE_RT","SEX_F","AGE_5YRBANDS_YGE65","2001",2.285,,,,"S3:25_S5:41_T3:94"
"EGY","BA:582","EAP_DWAP_SEX_AGE_RT","SEX_T","AGE_YTHADULT_YGE15","2000",29.6,,,,"S3:25_S5:41_T3:94"
"EGY","BA:582","EAP_DWAP_SEX_AGE_RT","SEX_M","AGE_YTHADULT_YGE15","2000",45,,,,"S3:25_S5:41_T3:94"
"EGY","BA:582","EAP_DWAP_SEX_AGE_RT","SEX_F","AGE_YTHADULT_YGE15","2000",13.5,,,,"S3:25_S5:41_T3:94"
"EGY","BA:582","EAP_DWAP_SEX_AGE_RT","SEX_T","AGE_AGGREGATE_YGE15","2000",29.6,,,,"S3:25_S5:41_T3:94"
"EGY","BA:582","EAP_DWAP_SEX_AGE_RT","SEX_M","AGE_AGGREGATE_YGE15","2000",45,,,,"S3:25_S5:41_T3:94"
"EGY","BA:582","EAP_DWAP_SEX_AGE_RT","SEX_F","AGE_AGGREGATE_YGE15","2000",13.5,,,,"S3:25_S5:41_T3:94"
"EGY","BA:582","EAP_DWAP_SEX_AGE_RT","SEX_T","AGE_YTHADULT_YGE15","1999",47.518,,,,"S5:41_T2:79"
"EGY","BA:582","EAP_DWAP_SEX_AGE_RT","SEX_T","AGE_YTHADULT_Y15-24","1999",34.027,,,,"S5:41_T2:79"
"EGY","BA:582","EAP_DWAP_SEX_AGE_RT","SEX_T","AGE_YTHADULT_YGE25","1999",53.987,,,,"S5:41_T2:79"
"EGY","BA:582","EAP_DWAP_SEX_AGE_RT","SEX_M","AGE_YTHADULT_YGE15","1999",73.687,,,,"S5:41_T2:79"
"EGY","BA:582","EAP_DWAP_SEX_AGE_RT","SEX_M","AGE_YTHADULT_Y15-24","1999",46.593,,,,"S5:41_T2:79"
"EGY","BA:582","EAP_DWAP_SEX_AGE_RT","SEX_M","AGE_YTHADULT_YGE25","1999",87.157,,,,"S5:41_T2:79"
"EGY","BA:582","EAP_DWAP_SEX_AGE_RT","SEX_F","AGE_YTHADULT_YGE15","1999",20.369,,,,"S5:41_T2:79"
"EGY","BA:582","EAP_DWAP_SEX_AGE_RT","SEX_F","AGE_YTHADULT_Y15-24","1999",20.32,,,,"S5:41_T2:79"
"EGY","BA:582","EAP_DWAP_SEX_AGE_RT","SEX_F","AGE_YTHADULT_YGE25","1999",20.392,,,,"S5:41_T2:79"
"EGY","BA:582","EAP_DWAP_SEX_AGE_RT","SEX_T","AGE_AGGREGATE_YGE15","1999",47.518,,,,"S5:41_T2:79"
"EGY","BA:582","EAP_DWAP_SEX_AGE_RT","SEX_T","AGE_AGGREGATE_Y15-24","1999",34.027,,,,"S5:41_T2:79"
"EGY","BA:582","EAP_DWAP_SEX_AGE_RT","SEX_T","AGE_AGGREGATE_YGE65","1999",18.017,,,,"S5:41_T2:79"
"EGY","BA:582","EAP_DWAP_SEX_AGE_RT","SEX_M","AGE_AGGREGATE_YGE15","1999",73.687,,,,"S5:41_T2:79"
"EGY","BA:582","EAP_DWAP_SEX_AGE_RT","SEX_M","AGE_AGGREGATE_Y15-24","1999",46.593,,,,"S5:41_T2:79"
"EGY","BA:582","EAP_DWAP_SEX_AGE_RT","SEX_M","AGE_AGGREGATE_YGE65","1999",32.14,,,,"S5:41_T2:79"
"EGY","BA:582","EAP_DWAP_SEX_AGE_RT","SEX_F","AGE_AGGREGATE_YGE15","1999",20.369,,,,"S5:41_T2:79"
"EGY","BA:582","EAP_DWAP_SEX_AGE_RT","SEX_F","AGE_AGGREGATE_Y15-24","1999",20.32,,,,"S5:41_T2:79"
"EGY","BA:582","EAP_DWAP_SEX_AGE_RT","SEX_F","AGE_AGGREGATE_YGE65","1999",2.302,,,,"S5:41_T2:79"
"EGY","BA:582","EAP_DWAP_SEX_AGE_RT","SEX_T","AGE_10YRBANDS_YGE15","1999",47.518,,,,"S5:41_T2:79"
"EGY","BA:582","EAP_DWAP_SEX_AGE_RT","SEX_T","AGE_10YRBANDS_Y15-24","1999",34.027,,,,"S5:41_T2:79"
"EGY","BA:582","EAP_DWAP_SEX_AGE_RT","SEX_T","AGE_10YRBANDS_Y25-34","1999",57.187,,,,"S5:41_T2:79"
"EGY","BA:582","EAP_DWAP_SEX_AGE_RT","SEX_T","AGE_10YRBANDS_YGE65","1999",18.017,,,,"S5:41_T2:79"
"EGY","BA:582","EAP_DWAP_SEX_AGE_RT","SEX_M","AGE_10YRBANDS_YGE15","1999",73.687,,,,"S5:41_T2:79"
"EGY","BA:582","EAP_DWAP_SEX_AGE_RT","SEX_M","AGE_10YRBANDS_Y15-24","1999",46.593,,,,"S5:41_T2:79"
"EGY","BA:582","EAP_DWAP_SEX_AGE_RT","SEX_M","AGE_10YRBANDS_Y25-34","1999",90.167,,,,"S5:41_T2:79"
"EGY","BA:582","EAP_DWAP_SEX_AGE_RT","SEX_M","AGE_10YRBANDS_YGE65","1999",32.14,,,,"S5:41_T2:79"
"EGY","BA:582","EAP_DWAP_SEX_AGE_RT","SEX_F","AGE_10YRBANDS_YGE15","1999",20.369,,,,"S5:41_T2:79"
"EGY","BA:582","EAP_DWAP_SEX_AGE_RT","SEX_F","AGE_10YRBANDS_Y15-24","1999",20.32,,,,"S5:41_T2:79"
"EGY","BA:582","EAP_DWAP_SEX_AGE_RT","SEX_F","AGE_10YRBANDS_Y25-34","1999",26.242,,,,"S5:41_T2:79"
"EGY","BA:582","EAP_DWAP_SEX_AGE_RT","SEX_F","AGE_10YRBANDS_YGE65","1999",2.302,,,,"S5:41_T2:79"
"EGY","BA:582","EAP_DWAP_SEX_AGE_RT","SEX_T","AGE_5YRBANDS_YGE15","1999",47.518,,,,"S5:41_T2:79"
"EGY","BA:582","EAP_DWAP_SEX_AGE_RT","SEX_T","AGE_5YRBANDS_Y15-19","1999",22.625,,,,"S5:41_T2:79"
"EGY","BA:582","EAP_DWAP_SEX_AGE_RT","SEX_T","AGE_5YRBANDS_Y20-24","1999",49.548,,,,"S5:41_T2:79"
"EGY","BA:582","EAP_DWAP_SEX_AGE_RT","SEX_T","AGE_5YRBANDS_Y25-29","1999",48.96,,,,"S5:41_T2:79"
"EGY","BA:582","EAP_DWAP_SEX_AGE_RT","SEX_T","AGE_5YRBANDS_Y30-34","1999",62.542,,"C6:1629",,"S5:41_T2:79"
"EGY","BA:582","EAP_DWAP_SEX_AGE_RT","SEX_T","AGE_5YRBANDS_Y40-44","1999",61.138,,"C6:1630",,"S5:41_T2:79"
"EGY","BA:582","EAP_DWAP_SEX_AGE_RT","SEX_T","AGE_5YRBANDS_Y50-54","1999",58.416,,"C6:1631",,"S5:41_T2:79"
"EGY","BA:582","EAP_DWAP_SEX_AGE_RT","SEX_T","AGE_5YRBANDS_Y60-64","1999",34.804,,,,"S5:41_T2:79"
"EGY","BA:582","EAP_DWAP_SEX_AGE_RT","SEX_T","AGE_5YRBANDS_YGE65","1999",18.017,,,,"S5:41_T2:79"
"EGY","BA:582","EAP_DWAP_SEX_AGE_RT","SEX_M","AGE_5YRBANDS_YGE15","1999",73.687,,,,"S5:41_T2:79"
"EGY","BA:582","EAP_DWAP_SEX_AGE_RT","SEX_M","AGE_5YRBANDS_Y15-19","1999",31.962,,,,"S5:41_T2:79"
"EGY","BA:582","EAP_DWAP_SEX_AGE_RT","SEX_M","AGE_5YRBANDS_Y20-24","1999",66.549,,,,"S5:41_T2:79"
"EGY","BA:582","EAP_DWAP_SEX_AGE_RT","SEX_M","AGE_5YRBANDS_Y25-29","1999",76.54,,,,"S5:41_T2:79"
"EGY","BA:582","EAP_DWAP_SEX_AGE_RT","SEX_M","AGE_5YRBANDS_Y30-34","1999",98.956,,"C6:1629",,"S5:41_T2:79"
"EGY","BA:582","EAP_DWAP_SEX_AGE_RT","SEX_M","AGE_5YRBANDS_Y40-44","1999",98.095,,"C6:1630",,"S5:41_T2:79"
"EGY","BA:582","EAP_DWAP_SEX_AGE_RT","SEX_M","AGE_5YRBANDS_Y50-54","1999",97.894,,"C6:1631",,"S5:41_T2:79"
"EGY","BA:582","EAP_DWAP_SEX_AGE_RT","SEX_M","AGE_5YRBANDS_Y60-64","1999",63.463,,,,"S5:41_T2:79"
"EGY","BA:582","EAP_DWAP_SEX_AGE_RT","SEX_M","AGE_5YRBANDS_YGE65","1999",32.14,,,,"S5:41_T2:79"
"EGY","BA:582","EAP_DWAP_SEX_AGE_RT","SEX_F","AGE_5YRBANDS_YGE15","1999",20.369,,,,"S5:41_T2:79"
"EGY","BA:582","EAP_DWAP_SEX_AGE_RT","SEX_F","AGE_5YRBANDS_Y15-19","1999",12.419,,,,"S5:41_T2:79"
"EGY","BA:582","EAP_DWAP_SEX_AGE_RT","SEX_F","AGE_5YRBANDS_Y20-24","1999",31.049,,,,"S5:41_T2:79"
"EGY","BA:582","EAP_DWAP_SEX_AGE_RT","SEX_F","AGE_5YRBANDS_Y25-29","1999",23.354,,,,"S5:41_T2:79"
"EGY","BA:582","EAP_DWAP_SEX_AGE_RT","SEX_F","AGE_5YRBANDS_Y30-34","1999",28.137,,"C6:1629",,"S5:41_T2:79"
"EGY","BA:582","EAP_DWAP_SEX_AGE_RT","SEX_F","AGE_5YRBANDS_Y40-44","1999",22.287,,"C6:1630",,"S5:41_T2:79"
"EGY","BA:582","EAP_DWAP_SEX_AGE_RT","SEX_F","AGE_5YRBANDS_Y50-54","1999",14.195,,"C6:1631",,"S5:41_T2:79"
"EGY","BA:582","EAP_DWAP_SEX_AGE_RT","SEX_F","AGE_5YRBANDS_Y60-64","1999",5.6,,,,"S5:41_T2:79"
"EGY","BA:582","EAP_DWAP_SEX_AGE_RT","SEX_F","AGE_5YRBANDS_YGE65","1999",2.302,,,,"S5:41_T2:79"
"EGY","BA:582","EAP_DWAP_SEX_AGE_RT","SEX_T","AGE_YTHADULT_YGE15","1998",46.003,,,,"S5:41_T2:79"
"EGY","BA:582","EAP_DWAP_SEX_AGE_RT","SEX_T","AGE_YTHADULT_Y15-24","1998",30.323,,,,"S5:41_T2:79"
"EGY","BA:582","EAP_DWAP_SEX_AGE_RT","SEX_T","AGE_YTHADULT_YGE25","1998",53.519,,,,"S5:41_T2:79"
"EGY","BA:582","EAP_DWAP_SEX_AGE_RT","SEX_M","AGE_YTHADULT_YGE15","1998",71.501,,,,"S5:41_T2:79"
"EGY","BA:582","EAP_DWAP_SEX_AGE_RT","SEX_M","AGE_YTHADULT_Y15-24","1998",42.4,,,,"S5:41_T2:79"
"EGY","BA:582","EAP_DWAP_SEX_AGE_RT","SEX_M","AGE_YTHADULT_YGE25","1998",85.953,,,,"S5:41_T2:79"
"EGY","BA:582","EAP_DWAP_SEX_AGE_RT","SEX_F","AGE_YTHADULT_YGE15","1998",19.553,,,,"S5:41_T2:79"
"EGY","BA:582","EAP_DWAP_SEX_AGE_RT","SEX_F","AGE_YTHADULT_Y15-24","1998",17.163,,,,"S5:41_T2:79"
"EGY","BA:582","EAP_DWAP_SEX_AGE_RT","SEX_F","AGE_YTHADULT_YGE25","1998",20.657,,,,"S5:41_T2:79"
"EGY","BA:582","EAP_DWAP_SEX_AGE_RT","SEX_T","AGE_AGGREGATE_YGE15","1998",46.003,,,,"S5:41_T2:79"
"EGY","BA:582","EAP_DWAP_SEX_AGE_RT","SEX_T","AGE_AGGREGATE_Y15-24","1998",30.323,,,,"S5:41_T2:79"
"EGY","BA:582","EAP_DWAP_SEX_AGE_RT","SEX_T","AGE_AGGREGATE_YGE65","1998",18.626,,,,"S5:41_T2:79"
"EGY","BA:582","EAP_DWAP_SEX_AGE_RT","SEX_M","AGE_AGGREGATE_YGE15","1998",71.501,,,,"S5:41_T2:79"
"EGY","BA:582","EAP_DWAP_SEX_AGE_RT","SEX_M","AGE_AGGREGATE_Y15-24","1998",42.4,,,,"S5:41_T2:79"
"EGY","BA:582","EAP_DWAP_SEX_AGE_RT","SEX_M","AGE_AGGREGATE_YGE65","1998",33.446,,,,"S5:41_T2:79"
"EGY","BA:582","EAP_DWAP_SEX_AGE_RT","SEX_F","AGE_AGGREGATE_YGE15","1998",19.553,,,,"S5:41_T2:79"
"EGY","BA:582","EAP_DWAP_SEX_AGE_RT","SEX_F","AGE_AGGREGATE_Y15-24","1998",17.163,,,,"S5:41_T2:79"
"EGY","BA:582","EAP_DWAP_SEX_AGE_RT","SEX_F","AGE_AGGREGATE_YGE65","1998",2.056,,,,"S5:41_T2:79"
"EGY","BA:582","EAP_DWAP_SEX_AGE_RT","SEX_T","AGE_10YRBANDS_YGE15","1998",46.003,,,,"S5:41_T2:79"
"EGY","BA:582","EAP_DWAP_SEX_AGE_RT","SEX_T","AGE_10YRBANDS_Y15-24","1998",30.323,,,,"S5:41_T2:79"
"EGY","BA:582","EAP_DWAP_SEX_AGE_RT","SEX_T","AGE_10YRBANDS_Y25-34","1998",54.349,,,,"S5:41_T2:79"
"EGY","BA:582","EAP_DWAP_SEX_AGE_RT","SEX_T","AGE_10YRBANDS_YGE65","1998",18.626,,,,"S5:41_T2:79"
"EGY","BA:582","EAP_DWAP_SEX_AGE_RT","SEX_M","AGE_10YRBANDS_YGE15","1998",71.501,,,,"S5:41_T2:79"
"EGY","BA:582","EAP_DWAP_SEX_AGE_RT","SEX_M","AGE_10YRBANDS_Y15-24","1998",42.4,,,,"S5:41_T2:79"
"EGY","BA:582","EAP_DWAP_SEX_AGE_RT","SEX_M","AGE_10YRBANDS_Y25-34","1998",87.159,,,,"S5:41_T2:79"
"EGY","BA:582","EAP_DWAP_SEX_AGE_RT","SEX_M","AGE_10YRBANDS_YGE65","1998",33.446,,,,"S5:41_T2:79"
"EGY","BA:582","EAP_DWAP_SEX_AGE_RT","SEX_F","AGE_10YRBANDS_YGE15","1998",19.553,,,,"S5:41_T2:79"
"EGY","BA:582","EAP_DWAP_SEX_AGE_RT","SEX_F","AGE_10YRBANDS_Y15-24","1998",17.163,,,,"S5:41_T2:79"
"EGY","BA:582","EAP_DWAP_SEX_AGE_RT","SEX_F","AGE_10YRBANDS_Y25-34","1998",25.219,,,,"S5:41_T2:79"
"EGY","BA:582","EAP_DWAP_SEX_AGE_RT","SEX_F","AGE_10YRBANDS_YGE65","1998",2.056,,,,"S5:41_T2:79"
"EGY","BA:582","EAP_DWAP_SEX_AGE_RT","SEX_T","AGE_5YRBANDS_YGE15","1998",46.003,,,,"S5:41_T2:79"
"EGY","BA:582","EAP_DWAP_SEX_AGE_RT","SEX_T","AGE_5YRBANDS_Y15-19","1998",21.102,,,,"S5:41_T2:79"
"EGY","BA:582","EAP_DWAP_SEX_AGE_RT","SEX_T","AGE_5YRBANDS_Y20-24","1998",42.86,,,,"S5:41_T2:79"
"EGY","BA:582","EAP_DWAP_SEX_AGE_RT","SEX_T","AGE_5YRBANDS_Y25-29","1998",49.203,,,,"S5:41_T2:79"
"EGY","BA:582","EAP_DWAP_SEX_AGE_RT","SEX_T","AGE_5YRBANDS_Y30-34","1998",57.416,,"C6:1629",,"S5:41_T2:79"
"EGY","BA:582","EAP_DWAP_SEX_AGE_RT","SEX_T","AGE_5YRBANDS_Y40-44","1998",63.597,,"C6:1630",,"S5:41_T2:79"
"EGY","BA:582","EAP_DWAP_SEX_AGE_RT","SEX_T","AGE_5YRBANDS_Y50-54","1998",60.333,,"C6:1631",,"S5:41_T2:79"
"EGY","BA:582","EAP_DWAP_SEX_AGE_RT","SEX_T","AGE_5YRBANDS_Y60-64","1998",34.397,,,,"S5:41_T2:79"
"EGY","BA:582","EAP_DWAP_SEX_AGE_RT","SEX_T","AGE_5YRBANDS_YGE65","1998",18.626,,,,"S5:41_T2:79"
"EGY","BA:582","EAP_DWAP_SEX_AGE_RT","SEX_M","AGE_5YRBANDS_YGE15","1998",71.501,,,,"S5:41_T2:79"
"EGY","BA:582","EAP_DWAP_SEX_AGE_RT","SEX_M","AGE_5YRBANDS_Y15-19","1998",30.189,,,,"S5:41_T2:79"
"EGY","BA:582","EAP_DWAP_SEX_AGE_RT","SEX_M","AGE_5YRBANDS_Y20-24","1998",59.044,,,,"S5:41_T2:79"
"EGY","BA:582","EAP_DWAP_SEX_AGE_RT","SEX_M","AGE_5YRBANDS_Y25-29","1998",75.625,,,,"S5:41_T2:79"
"EGY","BA:582","EAP_DWAP_SEX_AGE_RT","SEX_M","AGE_5YRBANDS_Y30-34","1998",94.303,,"C6:1629",,"S5:41_T2:79"
"EGY","BA:582","EAP_DWAP_SEX_AGE_RT","SEX_M","AGE_5YRBANDS_Y40-44","1998",98.513,,"C6:1630",,"S5:41_T2:79"
"EGY","BA:582","EAP_DWAP_SEX_AGE_RT","SEX_M","AGE_5YRBANDS_Y50-54","1998",98.294,,"C6:1631",,"S5:41_T2:79"
"EGY","BA:582","EAP_DWAP_SEX_AGE_RT","SEX_M","AGE_5YRBANDS_Y60-64","1998",61.778,,,,"S5:41_T2:79"
"EGY","BA:582","EAP_DWAP_SEX_AGE_RT","SEX_M","AGE_5YRBANDS_YGE65","1998",33.446,,,,"S5:41_T2:79"
"EGY","BA:582","EAP_DWAP_SEX_AGE_RT","SEX_F","AGE_5YRBANDS_YGE15","1998",19.553,,,,"S5:41_T2:79"
"EGY","BA:582","EAP_DWAP_SEX_AGE_RT","SEX_F","AGE_5YRBANDS_Y15-19","1998",11.178,,,,"S5:41_T2:79"
"EGY","BA:582","EAP_DWAP_SEX_AGE_RT","SEX_F","AGE_5YRBANDS_Y20-24","1998",25.277,,,,"S5:41_T2:79"
"EGY","BA:582","EAP_DWAP_SEX_AGE_RT","SEX_F","AGE_5YRBANDS_Y25-29","1998",24.652,,,,"S5:41_T2:79"
"EGY","BA:582","EAP_DWAP_SEX_AGE_RT","SEX_F","AGE_5YRBANDS_Y30-34","1998",25.546,,"C6:1629",,"S5:41_T2:79"
"EGY","BA:582","EAP_DWAP_SEX_AGE_RT","SEX_F","AGE_5YRBANDS_Y40-44","1998",23.587,,"C6:1630",,"S5:41_T2:79"
"EGY","BA:582","EAP_DWAP_SEX_AGE_RT","SEX_F","AGE_5YRBANDS_Y50-54","1998",15.363,,"C6:1631",,"S5:41_T2:79"
"EGY","BA:582","EAP_DWAP_SEX_AGE_RT","SEX_F","AGE_5YRBANDS_Y60-64","1998",6.531,,,,"S5:41_T2:79"
"EGY","BA:582","EAP_DWAP_SEX_AGE_RT","SEX_F","AGE_5YRBANDS_YGE65","1998",2.056,,,,"S5:41_T2:79"
"EGY","AA:1101","EAP_DWAP_SEX_AGE_RT","SEX_T","AGE_YTHADULT_YGE15","1996",46.599,,,,"S3:22_S5:41"
"EGY","AA:1101","EAP_DWAP_SEX_AGE_RT","SEX_M","AGE_YTHADULT_YGE15","1996",77.555,,,,"S3:22_S5:41"
"EGY","AA:1101","EAP_DWAP_SEX_AGE_RT","SEX_F","AGE_YTHADULT_YGE15","1996",14.498,,,,"S3:22_S5:41"
"EGY","BA:582","EAP_DWAP_SEX_AGE_RT","SEX_T","AGE_YTHADULT_YGE15","1995",47.925,,,,"S5:41_T2:79"
"EGY","BA:582","EAP_DWAP_SEX_AGE_RT","SEX_T","AGE_YTHADULT_Y15-24","1995",33.537,,,,"S5:41_T2:79"
"EGY","BA:582","EAP_DWAP_SEX_AGE_RT","SEX_T","AGE_YTHADULT_YGE25","1995",54.488,,,,"S5:41_T2:79"
"EGY","BA:582","EAP_DWAP_SEX_AGE_RT","SEX_M","AGE_YTHADULT_YGE15","1995",73.366,,,,"S5:41_T2:79"
"EGY","BA:582","EAP_DWAP_SEX_AGE_RT","SEX_M","AGE_YTHADULT_Y15-24","1995",46.508,,,,"S5:41_T2:79"
"EGY","BA:582","EAP_DWAP_SEX_AGE_RT","SEX_M","AGE_YTHADULT_YGE25","1995",85.763,,,,"S5:41_T2:79"
"EGY","BA:582","EAP_DWAP_SEX_AGE_RT","SEX_F","AGE_YTHADULT_YGE15","1995",21.599,,,,"S5:41_T2:79"
"EGY","BA:582","EAP_DWAP_SEX_AGE_RT","SEX_F","AGE_YTHADULT_Y15-24","1995",19.893,,,,"S5:41_T2:79"
"EGY","BA:582","EAP_DWAP_SEX_AGE_RT","SEX_F","AGE_YTHADULT_YGE25","1995",22.368,,,,"S5:41_T2:79"
"EGY","BA:582","EAP_DWAP_SEX_AGE_RT","SEX_T","AGE_AGGREGATE_YGE15","1995",47.925,,,,"S5:41_T2:79"
"EGY","BA:582","EAP_DWAP_SEX_AGE_RT","SEX_T","AGE_AGGREGATE_Y15-24","1995",33.537,,,,"S5:41_T2:79"
"EGY","BA:582","EAP_DWAP_SEX_AGE_RT","SEX_T","AGE_AGGREGATE_YGE65","1995",18.123,,,,"S5:41_T2:79"
"EGY","BA:582","EAP_DWAP_SEX_AGE_RT","SEX_M","AGE_AGGREGATE_YGE15","1995",73.366,,,,"S5:41_T2:79"
"EGY","BA:582","EAP_DWAP_SEX_AGE_RT","SEX_M","AGE_AGGREGATE_Y15-24","1995",46.508,,,,"S5:41_T2:79"
"EGY","BA:582","EAP_DWAP_SEX_AGE_RT","SEX_M","AGE_AGGREGATE_YGE65","1995",36.503,,,,"S5:41_T2:79"
"EGY","BA:582","EAP_DWAP_SEX_AGE_RT","SEX_F","AGE_AGGREGATE_YGE15","1995",21.599,,,,"S5:41_T2:79"
"EGY","BA:582","EAP_DWAP_SEX_AGE_RT","SEX_F","AGE_AGGREGATE_Y15-24","1995",19.893,,,,"S5:41_T2:79"
"EGY","BA:582","EAP_DWAP_SEX_AGE_RT","SEX_F","AGE_AGGREGATE_YGE65","1995",2.075,,,,"S5:41_T2:79"
"EGY","BA:582","EAP_DWAP_SEX_AGE_RT","SEX_T","AGE_10YRBANDS_YGE15","1995",47.925,,,,"S5:41_T2:79"
"EGY","BA:582","EAP_DWAP_SEX_AGE_RT","SEX_T","AGE_10YRBANDS_Y15-24","1995",33.537,,,,"S5:41_T2:79"
"EGY","BA:582","EAP_DWAP_SEX_AGE_RT","SEX_T","AGE_10YRBANDS_Y25-34","1995",56.699,,,,"S5:41_T2:79"
"EGY","BA:582","EAP_DWAP_SEX_AGE_RT","SEX_T","AGE_10YRBANDS_YGE65","1995",18.123,,,,"S5:41_T2:79"
"EGY","BA:582","EAP_DWAP_SEX_AGE_RT","SEX_M","AGE_10YRBANDS_YGE15","1995",73.366,,,,"S5:41_T2:79"
"EGY","BA:582","EAP_DWAP_SEX_AGE_RT","SEX_M","AGE_10YRBANDS_Y15-24","1995",46.508,,,,"S5:41_T2:79"
"EGY","BA:582","EAP_DWAP_SEX_AGE_RT","SEX_M","AGE_10YRBANDS_Y25-34","1995",84.637,,,,"S5:41_T2:79"
"EGY","BA:582","EAP_DWAP_SEX_AGE_RT","SEX_M","AGE_10YRBANDS_YGE65","1995",36.503,,,,"S5:41_T2:79"
"EGY","BA:582","EAP_DWAP_SEX_AGE_RT","SEX_F","AGE_10YRBANDS_YGE15","1995",21.599,,,,"S5:41_T2:79"
"EGY","BA:582","EAP_DWAP_SEX_AGE_RT","SEX_F","AGE_10YRBANDS_Y15-24","1995",19.893,,,,"S5:41_T2:79"
"EGY","BA:582","EAP_DWAP_SEX_AGE_RT","SEX_F","AGE_10YRBANDS_Y25-34","1995",28.827,,,,"S5:41_T2:79"
"EGY","BA:582","EAP_DWAP_SEX_AGE_RT","SEX_F","AGE_10YRBANDS_YGE65","1995",2.075,,,,"S5:41_T2:79"
"EGY","BA:582","EAP_DWAP_SEX_AGE_RT","SEX_T","AGE_5YRBANDS_YGE15","1995",47.925,,,,"S5:41_T2:79"
"EGY","BA:582","EAP_DWAP_SEX_AGE_RT","SEX_T","AGE_5YRBANDS_Y15-19","1995",25.475,,,,"S5:41_T2:79"
"EGY","BA:582","EAP_DWAP_SEX_AGE_RT","SEX_T","AGE_5YRBANDS_Y20-24","1995",42.742,,,,"S5:41_T2:79"
"EGY","BA:582","EAP_DWAP_SEX_AGE_RT","SEX_T","AGE_5YRBANDS_Y25-29","1995",52.73,,,,"S5:41_T2:79"
"EGY","BA:582","EAP_DWAP_SEX_AGE_RT","SEX_T","AGE_5YRBANDS_Y30-34","1995",59.163,,"C6:1629",,"S5:41_T2:79"
"EGY","BA:582","EAP_DWAP_SEX_AGE_RT","SEX_T","AGE_5YRBANDS_Y40-44","1995",64.601,,"C6:1630",,"S5:41_T2:79"
"EGY","BA:582","EAP_DWAP_SEX_AGE_RT","SEX_T","AGE_5YRBANDS_Y50-54","1995",58.149,,"C6:1631",,"S5:41_T2:79"
"EGY","BA:582","EAP_DWAP_SEX_AGE_RT","SEX_T","AGE_5YRBANDS_Y60-64","1995",39.839,,,,"S5:41_T2:79"
"EGY","BA:582","EAP_DWAP_SEX_AGE_RT","SEX_T","AGE_5YRBANDS_YGE65","1995",18.123,,,,"S5:41_T2:79"
"EGY","BA:582","EAP_DWAP_SEX_AGE_RT","SEX_M","AGE_5YRBANDS_YGE15","1995",73.366,,,,"S5:41_T2:79"
"EGY","BA:582","EAP_DWAP_SEX_AGE_RT","SEX_M","AGE_5YRBANDS_Y15-19","1995",37.667,,,,"S5:41_T2:79"
"EGY","BA:582","EAP_DWAP_SEX_AGE_RT","SEX_M","AGE_5YRBANDS_Y20-24","1995",56.609,,,,"S5:41_T2:79"
"EGY","BA:582","EAP_DWAP_SEX_AGE_RT","SEX_M","AGE_5YRBANDS_Y25-29","1995",76.782,,,,"S5:41_T2:79"
"EGY","BA:582","EAP_DWAP_SEX_AGE_RT","SEX_M","AGE_5YRBANDS_Y30-34","1995",89.511,,"C6:1629",,"S5:41_T2:79"
"EGY","BA:582","EAP_DWAP_SEX_AGE_RT","SEX_M","AGE_5YRBANDS_Y40-44","1995",98.092,,"C6:1630",,"S5:41_T2:79"
"EGY","BA:582","EAP_DWAP_SEX_AGE_RT","SEX_M","AGE_5YRBANDS_Y50-54","1995",97.88,,"C6:1631",,"S5:41_T2:79"
"EGY","BA:582","EAP_DWAP_SEX_AGE_RT","SEX_M","AGE_5YRBANDS_Y60-64","1995",76.387,,,,"S5:41_T2:79"
"EGY","BA:582","EAP_DWAP_SEX_AGE_RT","SEX_M","AGE_5YRBANDS_YGE65","1995",36.503,,,,"S5:41_T2:79"
"EGY","BA:582","EAP_DWAP_SEX_AGE_RT","SEX_F","AGE_5YRBANDS_YGE15","1995",21.599,,,,"S5:41_T2:79"
"EGY","BA:582","EAP_DWAP_SEX_AGE_RT","SEX_F","AGE_5YRBANDS_Y15-19","1995",12.642,,,,"S5:41_T2:79"
"EGY","BA:582","EAP_DWAP_SEX_AGE_RT","SEX_F","AGE_5YRBANDS_Y20-24","1995",28.166,,,,"S5:41_T2:79"
"EGY","BA:582","EAP_DWAP_SEX_AGE_RT","SEX_F","AGE_5YRBANDS_Y25-29","1995",28.752,,,,"S5:41_T2:79"
"EGY","BA:582","EAP_DWAP_SEX_AGE_RT","SEX_F","AGE_5YRBANDS_Y30-34","1995",28.874,,"C6:1629",,"S5:41_T2:79"
"EGY","BA:582","EAP_DWAP_SEX_AGE_RT","SEX_F","AGE_5YRBANDS_Y40-44","1995",25.547,,"C6:1630",,"S5:41_T2:79"
"EGY","BA:582","EAP_DWAP_SEX_AGE_RT","SEX_F","AGE_5YRBANDS_Y50-54","1995",16.023,,"C6:1631",,"S5:41_T2:79"
"EGY","BA:582","EAP_DWAP_SEX_AGE_RT","SEX_F","AGE_5YRBANDS_Y60-64","1995",6.613,,,,"S5:41_T2:79"
"EGY","BA:582","EAP_DWAP_SEX_AGE_RT","SEX_F","AGE_5YRBANDS_YGE65","1995",2.075,,,,"S5:41_T2:79"
"EGY","BA:582","EAP_DWAP_SEX_AGE_RT","SEX_T","AGE_YTHADULT_YGE15","1994",48.879,,,,"S5:41_T2:79"
"EGY","BA:582","EAP_DWAP_SEX_AGE_RT","SEX_T","AGE_YTHADULT_Y15-24","1994",33.276,,,,"S5:41_T2:79"
"EGY","BA:582","EAP_DWAP_SEX_AGE_RT","SEX_T","AGE_YTHADULT_YGE25","1994",56.074,,,,"S5:41_T2:79"
"EGY","BA:582","EAP_DWAP_SEX_AGE_RT","SEX_M","AGE_YTHADULT_YGE15","1994",74.037,,,,"S5:41_T2:79"
"EGY","BA:582","EAP_DWAP_SEX_AGE_RT","SEX_M","AGE_YTHADULT_Y15-24","1994",45.004,,,,"S5:41_T2:79"
"EGY","BA:582","EAP_DWAP_SEX_AGE_RT","SEX_M","AGE_YTHADULT_YGE25","1994",87.703,,,,"S5:41_T2:79"
"EGY","BA:582","EAP_DWAP_SEX_AGE_RT","SEX_F","AGE_YTHADULT_YGE15","1994",22.983,,,,"S5:41_T2:79"
"EGY","BA:582","EAP_DWAP_SEX_AGE_RT","SEX_F","AGE_YTHADULT_Y15-24","1994",20.854,,,,"S5:41_T2:79"
"EGY","BA:582","EAP_DWAP_SEX_AGE_RT","SEX_F","AGE_YTHADULT_YGE25","1994",23.944,,,,"S5:41_T2:79"
"EGY","BA:582","EAP_DWAP_SEX_AGE_RT","SEX_T","AGE_AGGREGATE_YGE15","1994",48.879,,,,"S5:41_T2:79"
"EGY","BA:582","EAP_DWAP_SEX_AGE_RT","SEX_T","AGE_AGGREGATE_Y15-24","1994",33.276,,,,"S5:41_T2:79"
"EGY","BA:582","EAP_DWAP_SEX_AGE_RT","SEX_T","AGE_AGGREGATE_YGE65","1994",17.112,,,,"S5:41_T2:79"
"EGY","BA:582","EAP_DWAP_SEX_AGE_RT","SEX_M","AGE_AGGREGATE_YGE15","1994",74.037,,,,"S5:41_T2:79"
"EGY","BA:582","EAP_DWAP_SEX_AGE_RT","SEX_M","AGE_AGGREGATE_Y15-24","1994",45.004,,,,"S5:41_T2:79"
"EGY","BA:582","EAP_DWAP_SEX_AGE_RT","SEX_M","AGE_AGGREGATE_YGE65","1994",34.743,,,,"S5:41_T2:79"
"EGY","BA:582","EAP_DWAP_SEX_AGE_RT","SEX_F","AGE_AGGREGATE_YGE15","1994",22.983,,,,"S5:41_T2:79"
"EGY","BA:582","EAP_DWAP_SEX_AGE_RT","SEX_F","AGE_AGGREGATE_Y15-24","1994",20.854,,,,"S5:41_T2:79"
"EGY","BA:582","EAP_DWAP_SEX_AGE_RT","SEX_F","AGE_AGGREGATE_YGE65","1994",1.622,,,,"S5:41_T2:79"
"EGY","BA:582","EAP_DWAP_SEX_AGE_RT","SEX_T","AGE_10YRBANDS_YGE15","1994",48.879,,,,"S5:41_T2:79"
"EGY","BA:582","EAP_DWAP_SEX_AGE_RT","SEX_T","AGE_10YRBANDS_Y15-24","1994",33.276,,,,"S5:41_T2:79"
"EGY","BA:582","EAP_DWAP_SEX_AGE_RT","SEX_T","AGE_10YRBANDS_Y25-34","1994",59.642,,,,"S5:41_T2:79"
"EGY","BA:582","EAP_DWAP_SEX_AGE_RT","SEX_T","AGE_10YRBANDS_YGE65","1994",17.112,,,,"S5:41_T2:79"
"EGY","BA:582","EAP_DWAP_SEX_AGE_RT","SEX_M","AGE_10YRBANDS_YGE15","1994",74.037,,,,"S5:41_T2:79"
"EGY","BA:582","EAP_DWAP_SEX_AGE_RT","SEX_M","AGE_10YRBANDS_Y15-24","1994",45.004,,,,"S5:41_T2:79"
"EGY","BA:582","EAP_DWAP_SEX_AGE_RT","SEX_M","AGE_10YRBANDS_Y25-34","1994",88.317,,,,"S5:41_T2:79"
"EGY","BA:582","EAP_DWAP_SEX_AGE_RT","SEX_M","AGE_10YRBANDS_YGE65","1994",34.743,,,,"S5:41_T2:79"
"EGY","BA:582","EAP_DWAP_SEX_AGE_RT","SEX_F","AGE_10YRBANDS_YGE15","1994",22.983,,,,"S5:41_T2:79"
"EGY","BA:582","EAP_DWAP_SEX_AGE_RT","SEX_F","AGE_10YRBANDS_Y15-24","1994",20.854,,,,"S5:41_T2:79"
"EGY","BA:582","EAP_DWAP_SEX_AGE_RT","SEX_F","AGE_10YRBANDS_Y25-34","1994",30.793,,,,"S5:41_T2:79"
"EGY","BA:582","EAP_DWAP_SEX_AGE_RT","SEX_F","AGE_10YRBANDS_YGE65","1994",1.622,,,,"S5:41_T2:79"
"EGY","BA:582","EAP_DWAP_SEX_AGE_RT","SEX_T","AGE_5YRBANDS_YGE15","1994",48.879,,,,"S5:41_T2:79"
"EGY","BA:582","EAP_DWAP_SEX_AGE_RT","SEX_T","AGE_5YRBANDS_Y15-19","1994",23.688,,,,"S5:41_T2:79"
"EGY","BA:582","EAP_DWAP_SEX_AGE_RT","SEX_T","AGE_5YRBANDS_Y20-24","1994",44.202,,,,"S5:41_T2:79"
"EGY","BA:582","EAP_DWAP_SEX_AGE_RT","SEX_T","AGE_5YRBANDS_Y25-29","1994",55.856,,,,"S5:41_T2:79"
"EGY","BA:582","EAP_DWAP_SEX_AGE_RT","SEX_T","AGE_5YRBANDS_Y30-34","1994",62,,"C6:1629",,"S5:41_T2:79"
"EGY","BA:582","EAP_DWAP_SEX_AGE_RT","SEX_T","AGE_5YRBANDS_Y40-44","1994",65.423,,"C6:1630",,"S5:41_T2:79"
"EGY","BA:582","EAP_DWAP_SEX_AGE_RT","SEX_T","AGE_5YRBANDS_Y50-54","1994",58.216,,"C6:1631",,"S5:41_T2:79"
"EGY","BA:582","EAP_DWAP_SEX_AGE_RT","SEX_T","AGE_5YRBANDS_Y60-64","1994",42.342,,,,"S5:41_T2:79"
"EGY","BA:582","EAP_DWAP_SEX_AGE_RT","SEX_T","AGE_5YRBANDS_YGE65","1994",17.112,,,,"S5:41_T2:79"
"EGY","BA:582","EAP_DWAP_SEX_AGE_RT","SEX_M","AGE_5YRBANDS_YGE15","1994",74.037,,,,"S5:41_T2:79"
"EGY","BA:582","EAP_DWAP_SEX_AGE_RT","SEX_M","AGE_5YRBANDS_Y15-19","1994",35.35,,,,"S5:41_T2:79"
"EGY","BA:582","EAP_DWAP_SEX_AGE_RT","SEX_M","AGE_5YRBANDS_Y20-24","1994",56.011,,,,"S5:41_T2:79"
"EGY","BA:582","EAP_DWAP_SEX_AGE_RT","SEX_M","AGE_5YRBANDS_Y25-29","1994",79.389,,,,"S5:41_T2:79"
"EGY","BA:582","EAP_DWAP_SEX_AGE_RT","SEX_M","AGE_5YRBANDS_Y30-34","1994",93.886,,"C6:1629",,"S5:41_T2:79"
"EGY","BA:582","EAP_DWAP_SEX_AGE_RT","SEX_M","AGE_5YRBANDS_Y40-44","1994",99.346,,"C6:1630",,"S5:41_T2:79"
"EGY","BA:582","EAP_DWAP_SEX_AGE_RT","SEX_M","AGE_5YRBANDS_Y50-54","1994",98.229,,"C6:1631",,"S5:41_T2:79"
"EGY","BA:582","EAP_DWAP_SEX_AGE_RT","SEX_M","AGE_5YRBANDS_Y60-64","1994",80.281,,,,"S5:41_T2:79"
"EGY","BA:582","EAP_DWAP_SEX_AGE_RT","SEX_M","AGE_5YRBANDS_YGE65","1994",34.743,,,,"S5:41_T2:79"
"EGY","BA:582","EAP_DWAP_SEX_AGE_RT","SEX_F","AGE_5YRBANDS_YGE15","1994",22.983,,,,"S5:41_T2:79"
"EGY","BA:582","EAP_DWAP_SEX_AGE_RT","SEX_F","AGE_5YRBANDS_Y15-19","1994",11.325,,,,"S5:41_T2:79"
"EGY","BA:582","EAP_DWAP_SEX_AGE_RT","SEX_F","AGE_5YRBANDS_Y20-24","1994",31.704,,,,"S5:41_T2:79"
"EGY","BA:582","EAP_DWAP_SEX_AGE_RT","SEX_F","AGE_5YRBANDS_Y25-29","1994",32.119,,,,"S5:41_T2:79"
"EGY","BA:582","EAP_DWAP_SEX_AGE_RT","SEX_F","AGE_5YRBANDS_Y30-34","1994",29.969,,"C6:1629",,"S5:41_T2:79"
"EGY","BA:582","EAP_DWAP_SEX_AGE_RT","SEX_F","AGE_5YRBANDS_Y40-44","1994",27.723,,"C6:1630",,"S5:41_T2:79"
"EGY","BA:582","EAP_DWAP_SEX_AGE_RT","SEX_F","AGE_5YRBANDS_Y50-54","1994",16.874,,"C6:1631",,"S5:41_T2:79"
"EGY","BA:582","EAP_DWAP_SEX_AGE_RT","SEX_F","AGE_5YRBANDS_Y60-64","1994",7.722,,,,"S5:41_T2:79"
"EGY","BA:582","EAP_DWAP_SEX_AGE_RT","SEX_F","AGE_5YRBANDS_YGE65","1994",1.622,,,,"S5:41_T2:79"
"EGY","BA:582","EAP_DWAP_SEX_AGE_RT","SEX_T","AGE_YTHADULT_YGE15","1993",47.885,,,,"S5:41_T2:79"
"EGY","BA:582","EAP_DWAP_SEX_AGE_RT","SEX_T","AGE_YTHADULT_Y15-24","1993",32.652,,,,"S5:41_T2:79"
"EGY","BA:582","EAP_DWAP_SEX_AGE_RT","SEX_T","AGE_YTHADULT_YGE25","1993",54.946,,,,"S5:41_T2:79"
"EGY","BA:582","EAP_DWAP_SEX_AGE_RT","SEX_M","AGE_YTHADULT_YGE15","1993",72.822,,,,"S5:41_T2:79"
"EGY","BA:582","EAP_DWAP_SEX_AGE_RT","SEX_M","AGE_YTHADULT_Y15-24","1993",44.311,,,,"S5:41_T2:79"
"EGY","BA:582","EAP_DWAP_SEX_AGE_RT","SEX_M","AGE_YTHADULT_YGE25","1993",86.337,,,,"S5:41_T2:79"
"EGY","BA:582","EAP_DWAP_SEX_AGE_RT","SEX_F","AGE_YTHADULT_YGE15","1993",22.129,,,,"S5:41_T2:79"
"EGY","BA:582","EAP_DWAP_SEX_AGE_RT","SEX_F","AGE_YTHADULT_Y15-24","1993",20.227,,,,"S5:41_T2:79"
"EGY","BA:582","EAP_DWAP_SEX_AGE_RT","SEX_F","AGE_YTHADULT_YGE25","1993",22.99,,,,"S5:41_T2:79"
"EGY","BA:582","EAP_DWAP_SEX_AGE_RT","SEX_T","AGE_AGGREGATE_YGE15","1993",47.885,,,,"S5:41_T2:79"
"EGY","BA:582","EAP_DWAP_SEX_AGE_RT","SEX_T","AGE_AGGREGATE_Y15-24","1993",32.652,,,,"S5:41_T2:79"
"EGY","BA:582","EAP_DWAP_SEX_AGE_RT","SEX_T","AGE_AGGREGATE_YGE65","1993",15.498,,,,"S5:41_T2:79"
"EGY","BA:582","EAP_DWAP_SEX_AGE_RT","SEX_M","AGE_AGGREGATE_YGE15","1993",72.822,,,,"S5:41_T2:79"
"EGY","BA:582","EAP_DWAP_SEX_AGE_RT","SEX_M","AGE_AGGREGATE_Y15-24","1993",44.311,,,,"S5:41_T2:79"
"EGY","BA:582","EAP_DWAP_SEX_AGE_RT","SEX_M","AGE_AGGREGATE_YGE65","1993",30.849,,,,"S5:41_T2:79"
"EGY","BA:582","EAP_DWAP_SEX_AGE_RT","SEX_F","AGE_AGGREGATE_YGE15","1993",22.129,,,,"S5:41_T2:79"
"EGY","BA:582","EAP_DWAP_SEX_AGE_RT","SEX_F","AGE_AGGREGATE_Y15-24","1993",20.227,,,,"S5:41_T2:79"
"EGY","BA:582","EAP_DWAP_SEX_AGE_RT","SEX_F","AGE_AGGREGATE_YGE65","1993",1.888,,,,"S5:41_T2:79"
"EGY","BA:582","EAP_DWAP_SEX_AGE_RT","SEX_T","AGE_10YRBANDS_YGE15","1993",47.885,,,,"S5:41_T2:79"
"EGY","BA:582","EAP_DWAP_SEX_AGE_RT","SEX_T","AGE_10YRBANDS_Y15-24","1993",32.652,,,,"S5:41_T2:79"
"EGY","BA:582","EAP_DWAP_SEX_AGE_RT","SEX_T","AGE_10YRBANDS_Y25-34","1993",58.926,,,,"S5:41_T2:79"
"EGY","BA:582","EAP_DWAP_SEX_AGE_RT","SEX_T","AGE_10YRBANDS_YGE65","1993",15.498,,,,"S5:41_T2:79"
"EGY","BA:582","EAP_DWAP_SEX_AGE_RT","SEX_M","AGE_10YRBANDS_YGE15","1993",72.822,,,,"S5:41_T2:79"
"EGY","BA:582","EAP_DWAP_SEX_AGE_RT","SEX_M","AGE_10YRBANDS_Y15-24","1993",44.311,,,,"S5:41_T2:79"
"EGY","BA:582","EAP_DWAP_SEX_AGE_RT","SEX_M","AGE_10YRBANDS_Y25-34","1993",87.222,,,,"S5:41_T2:79"
"EGY","BA:582","EAP_DWAP_SEX_AGE_RT","SEX_M","AGE_10YRBANDS_YGE65","1993",30.849,,,,"S5:41_T2:79"
"EGY","BA:582","EAP_DWAP_SEX_AGE_RT","SEX_F","AGE_10YRBANDS_YGE15","1993",22.129,,,,"S5:41_T2:79"
"EGY","BA:582","EAP_DWAP_SEX_AGE_RT","SEX_F","AGE_10YRBANDS_Y15-24","1993",20.227,,,,"S5:41_T2:79"
"EGY","BA:582","EAP_DWAP_SEX_AGE_RT","SEX_F","AGE_10YRBANDS_Y25-34","1993",30.064,,,,"S5:41_T2:79"
"EGY","BA:582","EAP_DWAP_SEX_AGE_RT","SEX_F","AGE_10YRBANDS_YGE65","1993",1.888,,,,"S5:41_T2:79"
"EGY","BA:582","EAP_DWAP_SEX_AGE_RT","SEX_T","AGE_5YRBANDS_YGE15","1993",47.885,,,,"S5:41_T2:79"
"EGY","BA:582","EAP_DWAP_SEX_AGE_RT","SEX_T","AGE_5YRBANDS_Y15-19","1993",23.337,,,,"S5:41_T2:79"
"EGY","BA:582","EAP_DWAP_SEX_AGE_RT","SEX_T","AGE_5YRBANDS_Y20-24","1993",43.289,,,,"S5:41_T2:79"
"EGY","BA:582","EAP_DWAP_SEX_AGE_RT","SEX_T","AGE_5YRBANDS_Y25-29","1993",57.302,,,,"S5:41_T2:79"
"EGY","BA:582","EAP_DWAP_SEX_AGE_RT","SEX_T","AGE_5YRBANDS_Y30-34","1993",59.931,,"C6:1629",,"S5:41_T2:79"
"EGY","BA:582","EAP_DWAP_SEX_AGE_RT","SEX_T","AGE_5YRBANDS_Y40-44","1993",62.932,,"C6:1630",,"S5:41_T2:79"
"EGY","BA:582","EAP_DWAP_SEX_AGE_RT","SEX_T","AGE_5YRBANDS_Y50-54","1993",57.476,,"C6:1631",,"S5:41_T2:79"
"EGY","BA:582","EAP_DWAP_SEX_AGE_RT","SEX_T","AGE_5YRBANDS_Y60-64","1993",43.555,,,,"S5:41_T2:79"
"EGY","BA:582","EAP_DWAP_SEX_AGE_RT","SEX_T","AGE_5YRBANDS_YGE65","1993",15.498,,,,"S5:41_T2:79"
"EGY","BA:582","EAP_DWAP_SEX_AGE_RT","SEX_M","AGE_5YRBANDS_YGE15","1993",72.822,,,,"S5:41_T2:79"
"EGY","BA:582","EAP_DWAP_SEX_AGE_RT","SEX_M","AGE_5YRBANDS_Y15-19","1993",34.72,,,,"S5:41_T2:79"
"EGY","BA:582","EAP_DWAP_SEX_AGE_RT","SEX_M","AGE_5YRBANDS_Y20-24","1993",55.274,,,,"S5:41_T2:79"
"EGY","BA:582","EAP_DWAP_SEX_AGE_RT","SEX_M","AGE_5YRBANDS_Y25-29","1993",82.79,,,,"S5:41_T2:79"
"EGY","BA:582","EAP_DWAP_SEX_AGE_RT","SEX_M","AGE_5YRBANDS_Y30-34","1993",89.949,,"C6:1629",,"S5:41_T2:79"
"EGY","BA:582","EAP_DWAP_SEX_AGE_RT","SEX_M","AGE_5YRBANDS_Y40-44","1993",97.784,,"C6:1630",,"S5:41_T2:79"
"EGY","BA:582","EAP_DWAP_SEX_AGE_RT","SEX_M","AGE_5YRBANDS_Y50-54","1993",97.156,,"C6:1631",,"S5:41_T2:79"
"EGY","BA:582","EAP_DWAP_SEX_AGE_RT","SEX_M","AGE_5YRBANDS_Y60-64","1993",82.525,,,,"S5:41_T2:79"
"EGY","BA:582","EAP_DWAP_SEX_AGE_RT","SEX_M","AGE_5YRBANDS_YGE65","1993",30.849,,,,"S5:41_T2:79"
"EGY","BA:582","EAP_DWAP_SEX_AGE_RT","SEX_F","AGE_5YRBANDS_YGE15","1993",22.129,,,,"S5:41_T2:79"
"EGY","BA:582","EAP_DWAP_SEX_AGE_RT","SEX_F","AGE_5YRBANDS_Y15-19","1993",11.194,,,,"S5:41_T2:79"
"EGY","BA:582","EAP_DWAP_SEX_AGE_RT","SEX_F","AGE_5YRBANDS_Y20-24","1993",30.531,,,,"S5:41_T2:79"
"EGY","BA:582","EAP_DWAP_SEX_AGE_RT","SEX_F","AGE_5YRBANDS_Y25-29","1993",31.457,,,,"S5:41_T2:79"
"EGY","BA:582","EAP_DWAP_SEX_AGE_RT","SEX_F","AGE_5YRBANDS_Y30-34","1993",29.199,,"C6:1629",,"S5:41_T2:79"
"EGY","BA:582","EAP_DWAP_SEX_AGE_RT","SEX_F","AGE_5YRBANDS_Y40-44","1993",25.324,,"C6:1630",,"S5:41_T2:79"
"EGY","BA:582","EAP_DWAP_SEX_AGE_RT","SEX_F","AGE_5YRBANDS_Y50-54","1993",16.182,,"C6:1631",,"S5:41_T2:79"
"EGY","BA:582","EAP_DWAP_SEX_AGE_RT","SEX_F","AGE_5YRBANDS_Y60-64","1993",7.593,,,,"S5:41_T2:79"
"EGY","BA:582","EAP_DWAP_SEX_AGE_RT","SEX_F","AGE_5YRBANDS_YGE65","1993",1.888,,,,"S5:41_T2:79"
"EGY","BA:582","EAP_DWAP_SEX_AGE_RT","SEX_T","AGE_YTHADULT_YGE15","1992",47.186,,,,"S3:25_S5:41_T2:79"
"EGY","BA:582","EAP_DWAP_SEX_AGE_RT","SEX_T","AGE_YTHADULT_Y15-24","1992",31.841,,,,"S3:25_S5:41_T2:79"
"EGY","BA:582","EAP_DWAP_SEX_AGE_RT","SEX_T","AGE_YTHADULT_YGE25","1992",54.317,,,,"S3:25_S5:41_T2:79"
"EGY","BA:582","EAP_DWAP_SEX_AGE_RT","SEX_M","AGE_YTHADULT_YGE15","1992",70.782,,,,"S3:25_S5:41_T2:79"
"EGY","BA:582","EAP_DWAP_SEX_AGE_RT","SEX_M","AGE_YTHADULT_Y15-24","1992",42.684,,,,"S3:25_S5:41_T2:79"
"EGY","BA:582","EAP_DWAP_SEX_AGE_RT","SEX_M","AGE_YTHADULT_YGE25","1992",84.13,,,,"S3:25_S5:41_T2:79"
"EGY","BA:582","EAP_DWAP_SEX_AGE_RT","SEX_F","AGE_YTHADULT_YGE15","1992",22.803,,,,"S3:25_S5:41_T2:79"
"EGY","BA:582","EAP_DWAP_SEX_AGE_RT","SEX_F","AGE_YTHADULT_Y15-24","1992",20.288,,,,"S3:25_S5:41_T2:79"
"EGY","BA:582","EAP_DWAP_SEX_AGE_RT","SEX_F","AGE_YTHADULT_YGE25","1992",23.945,,,,"S3:25_S5:41_T2:79"
"EGY","BA:582","EAP_DWAP_SEX_AGE_RT","SEX_T","AGE_AGGREGATE_YGE15","1992",47.186,,,,"S3:25_S5:41_T2:79"
"EGY","BA:582","EAP_DWAP_SEX_AGE_RT","SEX_T","AGE_AGGREGATE_Y15-24","1992",31.841,,,,"S3:25_S5:41_T2:79"
"EGY","BA:582","EAP_DWAP_SEX_AGE_RT","SEX_T","AGE_AGGREGATE_YGE65","1992",18.833,,,,"S3:25_S5:41_T2:79"
"EGY","BA:582","EAP_DWAP_SEX_AGE_RT","SEX_M","AGE_AGGREGATE_YGE15","1992",70.782,,,,"S3:25_S5:41_T2:79"
"EGY","BA:582","EAP_DWAP_SEX_AGE_RT","SEX_M","AGE_AGGREGATE_Y15-24","1992",42.684,,,,"S3:25_S5:41_T2:79"
"EGY","BA:582","EAP_DWAP_SEX_AGE_RT","SEX_M","AGE_AGGREGATE_YGE65","1992",36.033,,,,"S3:25_S5:41_T2:79"
"EGY","BA:582","EAP_DWAP_SEX_AGE_RT","SEX_F","AGE_AGGREGATE_YGE15","1992",22.803,,,,"S3:25_S5:41_T2:79"
"EGY","BA:582","EAP_DWAP_SEX_AGE_RT","SEX_F","AGE_AGGREGATE_Y15-24","1992",20.288,,,,"S3:25_S5:41_T2:79"
"EGY","BA:582","EAP_DWAP_SEX_AGE_RT","SEX_F","AGE_AGGREGATE_YGE65","1992",3.476,,,,"S3:25_S5:41_T2:79"
"EGY","BA:582","EAP_DWAP_SEX_AGE_RT","SEX_T","AGE_10YRBANDS_YGE15","1992",47.186,,,,"S3:25_S5:41_T2:79"
"EGY","BA:582","EAP_DWAP_SEX_AGE_RT","SEX_T","AGE_10YRBANDS_Y15-24","1992",31.841,,,,"S3:25_S5:41_T2:79"
"EGY","BA:582","EAP_DWAP_SEX_AGE_RT","SEX_T","AGE_10YRBANDS_Y25-34","1992",58.594,,,,"S3:25_S5:41_T2:79"
"EGY","BA:582","EAP_DWAP_SEX_AGE_RT","SEX_T","AGE_10YRBANDS_YGE65","1992",18.833,,,,"S3:25_S5:41_T2:79"
"EGY","BA:582","EAP_DWAP_SEX_AGE_RT","SEX_M","AGE_10YRBANDS_YGE15","1992",70.782,,,,"S3:25_S5:41_T2:79"
"EGY","BA:582","EAP_DWAP_SEX_AGE_RT","SEX_M","AGE_10YRBANDS_Y15-24","1992",42.684,,,,"S3:25_S5:41_T2:79"
"EGY","BA:582","EAP_DWAP_SEX_AGE_RT","SEX_M","AGE_10YRBANDS_Y25-34","1992",86.552,,,,"S3:25_S5:41_T2:79"
"EGY","BA:582","EAP_DWAP_SEX_AGE_RT","SEX_M","AGE_10YRBANDS_YGE65","1992",36.033,,,,"S3:25_S5:41_T2:79"
"EGY","BA:582","EAP_DWAP_SEX_AGE_RT","SEX_F","AGE_10YRBANDS_YGE15","1992",22.803,,,,"S3:25_S5:41_T2:79"
"EGY","BA:582","EAP_DWAP_SEX_AGE_RT","SEX_F","AGE_10YRBANDS_Y15-24","1992",20.288,,,,"S3:25_S5:41_T2:79"
"EGY","BA:582","EAP_DWAP_SEX_AGE_RT","SEX_F","AGE_10YRBANDS_Y25-34","1992",29.227,,,,"S3:25_S5:41_T2:79"
"EGY","BA:582","EAP_DWAP_SEX_AGE_RT","SEX_F","AGE_10YRBANDS_YGE65","1992",3.476,,,,"S3:25_S5:41_T2:79"
"EGY","BA:582","EAP_DWAP_SEX_AGE_RT","SEX_T","AGE_5YRBANDS_YGE15","1992",47.186,,,,"S3:25_S5:41_T2:79"
"EGY","BA:582","EAP_DWAP_SEX_AGE_RT","SEX_T","AGE_5YRBANDS_Y15-19","1992",23.929,,,,"S3:25_S5:41_T2:79"
"EGY","BA:582","EAP_DWAP_SEX_AGE_RT","SEX_T","AGE_5YRBANDS_Y20-24","1992",40.903,,,,"S3:25_S5:41_T2:79"
"EGY","BA:582","EAP_DWAP_SEX_AGE_RT","SEX_T","AGE_5YRBANDS_Y25-29","1992",53.806,,,,"S3:25_S5:41_T2:79"
"EGY","BA:582","EAP_DWAP_SEX_AGE_RT","SEX_T","AGE_5YRBANDS_Y30-34","1992",60.322,,"C6:2309",,"S3:25_S5:41_T2:79"
"EGY","BA:582","EAP_DWAP_SEX_AGE_RT","SEX_T","AGE_5YRBANDS_Y50-54","1992",58.319,,"C6:1631",,"S3:25_S5:41_T2:79"
"EGY","BA:582","EAP_DWAP_SEX_AGE_RT","SEX_T","AGE_5YRBANDS_Y60-64","1992",45.074,,,,"S3:25_S5:41_T2:79"
"EGY","BA:582","EAP_DWAP_SEX_AGE_RT","SEX_T","AGE_5YRBANDS_YGE65","1992",18.833,,,,"S3:25_S5:41_T2:79"
"EGY","BA:582","EAP_DWAP_SEX_AGE_RT","SEX_M","AGE_5YRBANDS_YGE15","1992",70.782,,,,"S3:25_S5:41_T2:79"
"EGY","BA:582","EAP_DWAP_SEX_AGE_RT","SEX_M","AGE_5YRBANDS_Y15-19","1992",34.696,,,,"S3:25_S5:41_T2:79"
"EGY","BA:582","EAP_DWAP_SEX_AGE_RT","SEX_M","AGE_5YRBANDS_Y20-24","1992",51.846,,,,"S3:25_S5:41_T2:79"
"EGY","BA:582","EAP_DWAP_SEX_AGE_RT","SEX_M","AGE_5YRBANDS_Y25-29","1992",77.201,,,,"S3:25_S5:41_T2:79"
"EGY","BA:582","EAP_DWAP_SEX_AGE_RT","SEX_M","AGE_5YRBANDS_Y30-34","1992",89.948,,"C6:2309",,"S3:25_S5:41_T2:79"
"EGY","BA:582","EAP_DWAP_SEX_AGE_RT","SEX_M","AGE_5YRBANDS_Y50-54","1992",99.297,,"C6:1631",,"S3:25_S5:41_T2:79"
"EGY","BA:582","EAP_DWAP_SEX_AGE_RT","SEX_M","AGE_5YRBANDS_Y60-64","1992",83.805,,,,"S3:25_S5:41_T2:79"
"EGY","BA:582","EAP_DWAP_SEX_AGE_RT","SEX_M","AGE_5YRBANDS_YGE65","1992",36.033,,,,"S3:25_S5:41_T2:79"
"EGY","BA:582","EAP_DWAP_SEX_AGE_RT","SEX_F","AGE_5YRBANDS_YGE15","1992",22.803,,,,"S3:25_S5:41_T2:79"
"EGY","BA:582","EAP_DWAP_SEX_AGE_RT","SEX_F","AGE_5YRBANDS_Y15-19","1992",12.443,,,,"S3:25_S5:41_T2:79"
"EGY","BA:582","EAP_DWAP_SEX_AGE_RT","SEX_F","AGE_5YRBANDS_Y20-24","1992",29.261,,,,"S3:25_S5:41_T2:79"
"EGY","BA:582","EAP_DWAP_SEX_AGE_RT","SEX_F","AGE_5YRBANDS_Y25-29","1992",29,,,,"S3:25_S5:41_T2:79"
"EGY","BA:582","EAP_DWAP_SEX_AGE_RT","SEX_F","AGE_5YRBANDS_Y30-34","1992",29.308,,"C6:2309",,"S3:25_S5:41_T2:79"
"EGY","BA:582","EAP_DWAP_SEX_AGE_RT","SEX_F","AGE_5YRBANDS_Y50-54","1992",17.928,,"C6:1631",,"S3:25_S5:41_T2:79"
"EGY","BA:582","EAP_DWAP_SEX_AGE_RT","SEX_F","AGE_5YRBANDS_Y60-64","1992",9.161,,,,"S3:25_S5:41_T2:79"
"EGY","BA:582","EAP_DWAP_SEX_AGE_RT","SEX_F","AGE_5YRBANDS_YGE65","1992",3.476,,,,"S3:25_S5:41_T2:79"
"EGY","BA:582","EAP_DWAP_SEX_AGE_RT","SEX_T","AGE_YTHADULT_YGE15","1991",46.716,,,,"S3:23_S5:41"
"EGY","BA:582","EAP_DWAP_SEX_AGE_RT","SEX_T","AGE_YTHADULT_Y15-64","1991",47.916,,,,"S3:23_S5:41"
"EGY","BA:582","EAP_DWAP_SEX_AGE_RT","SEX_T","AGE_YTHADULT_Y15-24","1991",30.432,,,,"S3:23_S5:41"
"EGY","BA:582","EAP_DWAP_SEX_AGE_RT","SEX_T","AGE_YTHADULT_YGE25","1991",54.082,,,,"S3:23_S5:41"
"EGY","BA:582","EAP_DWAP_SEX_AGE_RT","SEX_M","AGE_YTHADULT_YGE15","1991",70.815,,,,"S3:23_S5:41"
"EGY","BA:582","EAP_DWAP_SEX_AGE_RT","SEX_M","AGE_YTHADULT_Y15-64","1991",73.503,,,,"S3:23_S5:41"
"EGY","BA:582","EAP_DWAP_SEX_AGE_RT","SEX_M","AGE_YTHADULT_Y15-24","1991",38.707,,,,"S3:23_S5:41"
"EGY","BA:582","EAP_DWAP_SEX_AGE_RT","SEX_M","AGE_YTHADULT_YGE25","1991",86.653,,,,"S3:23_S5:41"
"EGY","BA:582","EAP_DWAP_SEX_AGE_RT","SEX_F","AGE_YTHADULT_YGE15","1991",22.034,,,,"S3:23_S5:41"
"EGY","BA:582","EAP_DWAP_SEX_AGE_RT","SEX_F","AGE_YTHADULT_Y15-64","1991",22.684,,,,"S3:23_S5:41"
"EGY","BA:582","EAP_DWAP_SEX_AGE_RT","SEX_F","AGE_YTHADULT_Y15-24","1991",20.849,,,,"S3:23_S5:41"
"EGY","BA:582","EAP_DWAP_SEX_AGE_RT","SEX_F","AGE_YTHADULT_YGE25","1991",22.523,,,,"S3:23_S5:41"
"EGY","BA:582","EAP_DWAP_SEX_AGE_RT","SEX_T","AGE_YTHADULT_YGE15","1990",50.384,,,,"S3:23_S5:41"
"EGY","BA:582","EAP_DWAP_SEX_AGE_RT","SEX_T","AGE_YTHADULT_Y15-64","1990",51.59,,,,"S3:23_S5:41"
"EGY","BA:582","EAP_DWAP_SEX_AGE_RT","SEX_T","AGE_YTHADULT_Y15-24","1990",33.236,,,,"S3:23_S5:41"
"EGY","BA:582","EAP_DWAP_SEX_AGE_RT","SEX_T","AGE_YTHADULT_YGE25","1990",58.004,,,,"S3:23_S5:41"
"EGY","BA:582","EAP_DWAP_SEX_AGE_RT","SEX_M","AGE_YTHADULT_YGE15","1990",73.19,,,,"S3:23_S5:41"
"EGY","BA:582","EAP_DWAP_SEX_AGE_RT","SEX_M","AGE_YTHADULT_Y15-64","1990",75.644,,,,"S3:23_S5:41"
"EGY","BA:582","EAP_DWAP_SEX_AGE_RT","SEX_M","AGE_YTHADULT_Y15-24","1990",40.572,,,,"S3:23_S5:41"
"EGY","BA:582","EAP_DWAP_SEX_AGE_RT","SEX_M","AGE_YTHADULT_YGE25","1990",88.499,,,,"S3:23_S5:41"
"EGY","BA:582","EAP_DWAP_SEX_AGE_RT","SEX_F","AGE_YTHADULT_YGE15","1990",26.741,,,,"S3:23_S5:41"
"EGY","BA:582","EAP_DWAP_SEX_AGE_RT","SEX_F","AGE_YTHADULT_Y15-64","1990",27.386,,,,"S3:23_S5:41"
"EGY","BA:582","EAP_DWAP_SEX_AGE_RT","SEX_F","AGE_YTHADULT_Y15-24","1990",25.016,,,,"S3:23_S5:41"
"EGY","BA:582","EAP_DWAP_SEX_AGE_RT","SEX_F","AGE_YTHADULT_YGE25","1990",27.465,,,,"S3:23_S5:41"
