"ref_area","source","indicator","sex","classif1","time","obs_value","obs_status","note_classif","note_indicator","note_source"
"TUR","BA:622","EAP_DWAP_SEX_AGE_RT","SEX_T","AGE_YTHADULT_YGE15","2025",53.517,,,,"R1:3513"
"TUR","BA:622","EAP_DWAP_SEX_AGE_RT","SEX_T","AGE_YTHADULT_Y15-64","2025",60.124,,,,"R1:3513"
"TUR","BA:622","EAP_DWAP_SEX_AGE_RT","SEX_T","AGE_YTHADULT_Y15-24","2025",47.609,,,,"R1:3513"
"TUR","BA:622","EAP_DWAP_SEX_AGE_RT","SEX_T","AGE_YTHADULT_YGE25","2025",54.755,,,,"R1:3513"
"TUR","BA:622","EAP_DWAP_SEX_AGE_RT","SEX_M","AGE_YTHADULT_YGE15","2025",71.255,,,,"R1:3513"
"TUR","BA:622","EAP_DWAP_SEX_AGE_RT","SEX_M","AGE_YTHADULT_Y15-64","2025",78.488,,,,"R1:3513"
"TUR","BA:622","EAP_DWAP_SEX_AGE_RT","SEX_M","AGE_YTHADULT_Y15-24","2025",60.075,,,,"R1:3513"
"TUR","BA:622","EAP_DWAP_SEX_AGE_RT","SEX_M","AGE_YTHADULT_YGE25","2025",73.728,,,,"R1:3513"
"TUR","BA:622","EAP_DWAP_SEX_AGE_RT","SEX_F","AGE_YTHADULT_YGE15","2025",36.157,,,,"R1:3513"
"TUR","BA:622","EAP_DWAP_SEX_AGE_RT","SEX_F","AGE_YTHADULT_Y15-64","2025",41.576,,,,"R1:3513"
"TUR","BA:622","EAP_DWAP_SEX_AGE_RT","SEX_F","AGE_YTHADULT_Y15-24","2025",34.271,,,,"R1:3513"
"TUR","BA:622","EAP_DWAP_SEX_AGE_RT","SEX_F","AGE_YTHADULT_YGE25","2025",36.531,,,,"R1:3513"
"TUR","BA:622","EAP_DWAP_SEX_AGE_RT","SEX_T","AGE_AGGREGATE_YGE15","2025",53.517,,,,"R1:3513"
"TUR","BA:622","EAP_DWAP_SEX_AGE_RT","SEX_T","AGE_AGGREGATE_Y15-24","2025",47.609,,,,"R1:3513"
"TUR","BA:622","EAP_DWAP_SEX_AGE_RT","SEX_T","AGE_AGGREGATE_Y25-54","2025",68.789,,,,"R1:3513"
"TUR","BA:622","EAP_DWAP_SEX_AGE_RT","SEX_T","AGE_AGGREGATE_Y55-64","2025",40.389,,,,"R1:3513"
"TUR","BA:622","EAP_DWAP_SEX_AGE_RT","SEX_T","AGE_AGGREGATE_YGE65","2025",12.877,,,,"R1:3513"
"TUR","BA:622","EAP_DWAP_SEX_AGE_RT","SEX_M","AGE_AGGREGATE_YGE15","2025",71.255,,,,"R1:3513"
"TUR","BA:622","EAP_DWAP_SEX_AGE_RT","SEX_M","AGE_AGGREGATE_Y15-24","2025",60.075,,,,"R1:3513"
"TUR","BA:622","EAP_DWAP_SEX_AGE_RT","SEX_M","AGE_AGGREGATE_Y25-54","2025",89.192,,,,"R1:3513"
"TUR","BA:622","EAP_DWAP_SEX_AGE_RT","SEX_M","AGE_AGGREGATE_Y55-64","2025",58.601,,,,"R1:3513"
"TUR","BA:622","EAP_DWAP_SEX_AGE_RT","SEX_M","AGE_AGGREGATE_YGE65","2025",21.156,,,,"R1:3513"
"TUR","BA:622","EAP_DWAP_SEX_AGE_RT","SEX_F","AGE_AGGREGATE_YGE15","2025",36.157,,,,"R1:3513"
"TUR","BA:622","EAP_DWAP_SEX_AGE_RT","SEX_F","AGE_AGGREGATE_Y15-24","2025",34.271,,,,"R1:3513"
"TUR","BA:622","EAP_DWAP_SEX_AGE_RT","SEX_F","AGE_AGGREGATE_Y25-54","2025",48.409,,,,"R1:3513"
"TUR","BA:622","EAP_DWAP_SEX_AGE_RT","SEX_F","AGE_AGGREGATE_Y55-64","2025",22.522,,,,"R1:3513"
"TUR","BA:622","EAP_DWAP_SEX_AGE_RT","SEX_F","AGE_AGGREGATE_YGE65","2025",6.204,,,,"R1:3513"
"TUR","BA:622","EAP_DWAP_SEX_AGE_RT","SEX_T","AGE_10YRBANDS_YGE15","2025",53.517,,,,"R1:3513"
"TUR","BA:622","EAP_DWAP_SEX_AGE_RT","SEX_T","AGE_10YRBANDS_Y15-24","2025",47.609,,,,"R1:3513"
"TUR","BA:622","EAP_DWAP_SEX_AGE_RT","SEX_T","AGE_10YRBANDS_Y25-34","2025",71.498,,,,"R1:3513"
"TUR","BA:622","EAP_DWAP_SEX_AGE_RT","SEX_T","AGE_10YRBANDS_Y35-44","2025",71.723,,,,"R1:3513"
"TUR","BA:622","EAP_DWAP_SEX_AGE_RT","SEX_T","AGE_10YRBANDS_Y45-54","2025",62.574,,,,"R1:3513"
"TUR","BA:622","EAP_DWAP_SEX_AGE_RT","SEX_T","AGE_10YRBANDS_Y55-64","2025",40.389,,,,"R1:3513"
"TUR","BA:622","EAP_DWAP_SEX_AGE_RT","SEX_T","AGE_10YRBANDS_YGE65","2025",12.877,,,,"R1:3513"
"TUR","BA:622","EAP_DWAP_SEX_AGE_RT","SEX_M","AGE_10YRBANDS_YGE15","2025",71.255,,,,"R1:3513"
"TUR","BA:622","EAP_DWAP_SEX_AGE_RT","SEX_M","AGE_10YRBANDS_Y15-24","2025",60.075,,,,"R1:3513"
"TUR","BA:622","EAP_DWAP_SEX_AGE_RT","SEX_M","AGE_10YRBANDS_Y25-34","2025",90.798,,,,"R1:3513"
"TUR","BA:622","EAP_DWAP_SEX_AGE_RT","SEX_M","AGE_10YRBANDS_Y35-44","2025",92.818,,,,"R1:3513"
"TUR","BA:622","EAP_DWAP_SEX_AGE_RT","SEX_M","AGE_10YRBANDS_Y45-54","2025",83.413,,,,"R1:3513"
"TUR","BA:622","EAP_DWAP_SEX_AGE_RT","SEX_M","AGE_10YRBANDS_Y55-64","2025",58.601,,,,"R1:3513"
"TUR","BA:622","EAP_DWAP_SEX_AGE_RT","SEX_M","AGE_10YRBANDS_YGE65","2025",21.156,,,,"R1:3513"
"TUR","BA:622","EAP_DWAP_SEX_AGE_RT","SEX_F","AGE_10YRBANDS_YGE15","2025",36.157,,,,"R1:3513"
"TUR","BA:622","EAP_DWAP_SEX_AGE_RT","SEX_F","AGE_10YRBANDS_Y15-24","2025",34.271,,,,"R1:3513"
"TUR","BA:622","EAP_DWAP_SEX_AGE_RT","SEX_F","AGE_10YRBANDS_Y25-34","2025",52.177,,,,"R1:3513"
"TUR","BA:622","EAP_DWAP_SEX_AGE_RT","SEX_F","AGE_10YRBANDS_Y35-44","2025",50.633,,,,"R1:3513"
"TUR","BA:622","EAP_DWAP_SEX_AGE_RT","SEX_F","AGE_10YRBANDS_Y45-54","2025",41.833,,,,"R1:3513"
"TUR","BA:622","EAP_DWAP_SEX_AGE_RT","SEX_F","AGE_10YRBANDS_Y55-64","2025",22.522,,,,"R1:3513"
"TUR","BA:622","EAP_DWAP_SEX_AGE_RT","SEX_F","AGE_10YRBANDS_YGE65","2025",6.204,,,,"R1:3513"
"TUR","BA:622","EAP_DWAP_SEX_AGE_RT","SEX_T","AGE_5YRBANDS_YGE15","2025",53.517,,,,"R1:3513"
"TUR","BA:622","EAP_DWAP_SEX_AGE_RT","SEX_T","AGE_5YRBANDS_Y15-19","2025",33.416,,,,"R1:3513"
"TUR","BA:622","EAP_DWAP_SEX_AGE_RT","SEX_T","AGE_5YRBANDS_Y20-24","2025",63.681,,,,"R1:3513"
"TUR","BA:622","EAP_DWAP_SEX_AGE_RT","SEX_T","AGE_5YRBANDS_Y25-29","2025",71.666,,,,"R1:3513"
"TUR","BA:622","EAP_DWAP_SEX_AGE_RT","SEX_T","AGE_5YRBANDS_Y30-34","2025",71.325,,,,"R1:3513"
"TUR","BA:622","EAP_DWAP_SEX_AGE_RT","SEX_T","AGE_5YRBANDS_Y35-39","2025",72.488,,,,"R1:3513"
"TUR","BA:622","EAP_DWAP_SEX_AGE_RT","SEX_T","AGE_5YRBANDS_Y40-44","2025",70.982,,,,"R1:3513"
"TUR","BA:622","EAP_DWAP_SEX_AGE_RT","SEX_T","AGE_5YRBANDS_Y45-49","2025",67.062,,,,"R1:3513"
"TUR","BA:622","EAP_DWAP_SEX_AGE_RT","SEX_T","AGE_5YRBANDS_Y50-54","2025",57.63,,,,"R1:3513"
"TUR","BA:622","EAP_DWAP_SEX_AGE_RT","SEX_T","AGE_5YRBANDS_Y55-59","2025",46.405,,,,"R1:3513"
"TUR","BA:622","EAP_DWAP_SEX_AGE_RT","SEX_T","AGE_5YRBANDS_Y60-64","2025",34.087,,,,"R1:3513"
"TUR","BA:622","EAP_DWAP_SEX_AGE_RT","SEX_T","AGE_5YRBANDS_YGE65","2025",12.877,,,,"R1:3513"
"TUR","BA:622","EAP_DWAP_SEX_AGE_RT","SEX_M","AGE_5YRBANDS_YGE15","2025",71.255,,,,"R1:3513"
"TUR","BA:622","EAP_DWAP_SEX_AGE_RT","SEX_M","AGE_5YRBANDS_Y15-19","2025",45.934,,,,"R1:3513"
"TUR","BA:622","EAP_DWAP_SEX_AGE_RT","SEX_M","AGE_5YRBANDS_Y20-24","2025",76.5,,,,"R1:3513"
"TUR","BA:622","EAP_DWAP_SEX_AGE_RT","SEX_M","AGE_5YRBANDS_Y25-29","2025",89.185,,,,"R1:3513"
"TUR","BA:622","EAP_DWAP_SEX_AGE_RT","SEX_M","AGE_5YRBANDS_Y30-34","2025",92.466,,,,"R1:3513"
"TUR","BA:622","EAP_DWAP_SEX_AGE_RT","SEX_M","AGE_5YRBANDS_Y35-39","2025",93.443,,,,"R1:3513"
"TUR","BA:622","EAP_DWAP_SEX_AGE_RT","SEX_M","AGE_5YRBANDS_Y40-44","2025",92.213,,,,"R1:3513"
"TUR","BA:622","EAP_DWAP_SEX_AGE_RT","SEX_M","AGE_5YRBANDS_Y45-49","2025",87.352,,,,"R1:3513"
"TUR","BA:622","EAP_DWAP_SEX_AGE_RT","SEX_M","AGE_5YRBANDS_Y50-54","2025",79.041,,,,"R1:3513"
"TUR","BA:622","EAP_DWAP_SEX_AGE_RT","SEX_M","AGE_5YRBANDS_Y55-59","2025",65.867,,,,"R1:3513"
"TUR","BA:622","EAP_DWAP_SEX_AGE_RT","SEX_M","AGE_5YRBANDS_Y60-64","2025",50.792,,,,"R1:3513"
"TUR","BA:622","EAP_DWAP_SEX_AGE_RT","SEX_M","AGE_5YRBANDS_YGE65","2025",21.156,,,,"R1:3513"
"TUR","BA:622","EAP_DWAP_SEX_AGE_RT","SEX_F","AGE_5YRBANDS_YGE15","2025",36.157,,,,"R1:3513"
"TUR","BA:622","EAP_DWAP_SEX_AGE_RT","SEX_F","AGE_5YRBANDS_Y15-19","2025",19.687,,,,"R1:3513"
"TUR","BA:622","EAP_DWAP_SEX_AGE_RT","SEX_F","AGE_5YRBANDS_Y20-24","2025",50.342,,,,"R1:3513"
"TUR","BA:622","EAP_DWAP_SEX_AGE_RT","SEX_F","AGE_5YRBANDS_Y25-29","2025",54.106,,,,"R1:3513"
"TUR","BA:622","EAP_DWAP_SEX_AGE_RT","SEX_F","AGE_5YRBANDS_Y30-34","2025",50.186,,,,"R1:3513"
"TUR","BA:622","EAP_DWAP_SEX_AGE_RT","SEX_F","AGE_5YRBANDS_Y35-39","2025",51.535,,,,"R1:3513"
"TUR","BA:622","EAP_DWAP_SEX_AGE_RT","SEX_F","AGE_5YRBANDS_Y40-44","2025",49.759,,,,"R1:3513"
"TUR","BA:622","EAP_DWAP_SEX_AGE_RT","SEX_F","AGE_5YRBANDS_Y45-49","2025",46.719,,,,"R1:3513"
"TUR","BA:622","EAP_DWAP_SEX_AGE_RT","SEX_F","AGE_5YRBANDS_Y50-54","2025",36.493,,,,"R1:3513"
"TUR","BA:622","EAP_DWAP_SEX_AGE_RT","SEX_F","AGE_5YRBANDS_Y55-59","2025",26.833,,,,"R1:3513"
"TUR","BA:622","EAP_DWAP_SEX_AGE_RT","SEX_F","AGE_5YRBANDS_Y60-64","2025",18.115,,,,"R1:3513"
"TUR","BA:622","EAP_DWAP_SEX_AGE_RT","SEX_F","AGE_5YRBANDS_YGE65","2025",6.204,,,,"R1:3513"
"TUR","BA:622","EAP_DWAP_SEX_AGE_RT","SEX_T","AGE_YTHADULT_YGE15","2024",54.202,,,,"R1:3513"
"TUR","BA:622","EAP_DWAP_SEX_AGE_RT","SEX_T","AGE_YTHADULT_Y15-64","2024",60.592,,,,"R1:3513"
"TUR","BA:622","EAP_DWAP_SEX_AGE_RT","SEX_T","AGE_YTHADULT_Y15-24","2024",47.151,,,,"R1:3513"
"TUR","BA:622","EAP_DWAP_SEX_AGE_RT","SEX_T","AGE_YTHADULT_YGE25","2024",55.72,,,,"R1:3513"
"TUR","BA:622","EAP_DWAP_SEX_AGE_RT","SEX_M","AGE_YTHADULT_YGE15","2024",71.966,,,,"R1:3513"
"TUR","BA:622","EAP_DWAP_SEX_AGE_RT","SEX_M","AGE_YTHADULT_Y15-64","2024",78.934,,,,"R1:3513"
"TUR","BA:622","EAP_DWAP_SEX_AGE_RT","SEX_M","AGE_YTHADULT_Y15-24","2024",59.514,,,,"R1:3513"
"TUR","BA:622","EAP_DWAP_SEX_AGE_RT","SEX_M","AGE_YTHADULT_YGE25","2024",74.789,,,,"R1:3513"
"TUR","BA:622","EAP_DWAP_SEX_AGE_RT","SEX_F","AGE_YTHADULT_YGE15","2024",36.799,,,,"R1:3513"
"TUR","BA:622","EAP_DWAP_SEX_AGE_RT","SEX_F","AGE_YTHADULT_Y15-64","2024",42.058,,,,"R1:3513"
"TUR","BA:622","EAP_DWAP_SEX_AGE_RT","SEX_F","AGE_YTHADULT_Y15-24","2024",33.959,,,,"R1:3513"
"TUR","BA:622","EAP_DWAP_SEX_AGE_RT","SEX_F","AGE_YTHADULT_YGE25","2024",37.38,,,,"R1:3513"
"TUR","BA:622","EAP_DWAP_SEX_AGE_RT","SEX_T","AGE_AGGREGATE_YGE15","2024",54.202,,,,"R1:3513"
"TUR","BA:622","EAP_DWAP_SEX_AGE_RT","SEX_T","AGE_AGGREGATE_Y15-24","2024",47.151,,,,"R1:3513"
"TUR","BA:622","EAP_DWAP_SEX_AGE_RT","SEX_T","AGE_AGGREGATE_Y25-54","2024",69.541,,,,"R1:3513"
"TUR","BA:622","EAP_DWAP_SEX_AGE_RT","SEX_T","AGE_AGGREGATE_Y55-64","2024",41.011,,,,"R1:3513"
"TUR","BA:622","EAP_DWAP_SEX_AGE_RT","SEX_T","AGE_AGGREGATE_YGE65","2024",13.126,,,,"R1:3513"
"TUR","BA:622","EAP_DWAP_SEX_AGE_RT","SEX_M","AGE_AGGREGATE_YGE15","2024",71.966,,,,"R1:3513"
"TUR","BA:622","EAP_DWAP_SEX_AGE_RT","SEX_M","AGE_AGGREGATE_Y15-24","2024",59.514,,,,"R1:3513"
"TUR","BA:622","EAP_DWAP_SEX_AGE_RT","SEX_M","AGE_AGGREGATE_Y25-54","2024",89.998,,,,"R1:3513"
"TUR","BA:622","EAP_DWAP_SEX_AGE_RT","SEX_M","AGE_AGGREGATE_Y55-64","2024",59.089,,,,"R1:3513"
"TUR","BA:622","EAP_DWAP_SEX_AGE_RT","SEX_M","AGE_AGGREGATE_YGE65","2024",21.391,,,,"R1:3513"
"TUR","BA:622","EAP_DWAP_SEX_AGE_RT","SEX_F","AGE_AGGREGATE_YGE15","2024",36.799,,,,"R1:3513"
"TUR","BA:622","EAP_DWAP_SEX_AGE_RT","SEX_F","AGE_AGGREGATE_Y15-24","2024",33.959,,,,"R1:3513"
"TUR","BA:622","EAP_DWAP_SEX_AGE_RT","SEX_F","AGE_AGGREGATE_Y25-54","2024",49.071,,,,"R1:3513"
"TUR","BA:622","EAP_DWAP_SEX_AGE_RT","SEX_F","AGE_AGGREGATE_Y55-64","2024",23.316,,,,"R1:3513"
"TUR","BA:622","EAP_DWAP_SEX_AGE_RT","SEX_F","AGE_AGGREGATE_YGE65","2024",6.497,,,,"R1:3513"
"TUR","BA:622","EAP_DWAP_SEX_AGE_RT","SEX_T","AGE_10YRBANDS_YGE15","2024",54.202,,,,"R1:3513"
"TUR","BA:622","EAP_DWAP_SEX_AGE_RT","SEX_T","AGE_10YRBANDS_Y15-24","2024",47.151,,,,"R1:3513"
"TUR","BA:622","EAP_DWAP_SEX_AGE_RT","SEX_T","AGE_10YRBANDS_Y25-34","2024",72.146,,,,"R1:3513"
"TUR","BA:622","EAP_DWAP_SEX_AGE_RT","SEX_T","AGE_10YRBANDS_Y35-44","2024",72.27,,,,"R1:3513"
"TUR","BA:622","EAP_DWAP_SEX_AGE_RT","SEX_T","AGE_10YRBANDS_Y45-54","2024",63.492,,,,"R1:3513"
"TUR","BA:622","EAP_DWAP_SEX_AGE_RT","SEX_T","AGE_10YRBANDS_Y55-64","2024",41.011,,,,"R1:3513"
"TUR","BA:622","EAP_DWAP_SEX_AGE_RT","SEX_T","AGE_10YRBANDS_YGE65","2024",13.126,,,,"R1:3513"
"TUR","BA:622","EAP_DWAP_SEX_AGE_RT","SEX_M","AGE_10YRBANDS_YGE15","2024",71.966,,,,"R1:3513"
"TUR","BA:622","EAP_DWAP_SEX_AGE_RT","SEX_M","AGE_10YRBANDS_Y15-24","2024",59.514,,,,"R1:3513"
"TUR","BA:622","EAP_DWAP_SEX_AGE_RT","SEX_M","AGE_10YRBANDS_Y25-34","2024",91.744,,,,"R1:3513"
"TUR","BA:622","EAP_DWAP_SEX_AGE_RT","SEX_M","AGE_10YRBANDS_Y35-44","2024",93.306,,,,"R1:3513"
"TUR","BA:622","EAP_DWAP_SEX_AGE_RT","SEX_M","AGE_10YRBANDS_Y45-54","2024",84.244,,,,"R1:3513"
"TUR","BA:622","EAP_DWAP_SEX_AGE_RT","SEX_M","AGE_10YRBANDS_Y55-64","2024",59.089,,,,"R1:3513"
"TUR","BA:622","EAP_DWAP_SEX_AGE_RT","SEX_M","AGE_10YRBANDS_YGE65","2024",21.391,,,,"R1:3513"
"TUR","BA:622","EAP_DWAP_SEX_AGE_RT","SEX_F","AGE_10YRBANDS_YGE15","2024",36.799,,,,"R1:3513"
"TUR","BA:622","EAP_DWAP_SEX_AGE_RT","SEX_F","AGE_10YRBANDS_Y15-24","2024",33.959,,,,"R1:3513"
"TUR","BA:622","EAP_DWAP_SEX_AGE_RT","SEX_F","AGE_10YRBANDS_Y25-34","2024",52.459,,,,"R1:3513"
"TUR","BA:622","EAP_DWAP_SEX_AGE_RT","SEX_F","AGE_10YRBANDS_Y35-44","2024",51.242,,,,"R1:3513"
"TUR","BA:622","EAP_DWAP_SEX_AGE_RT","SEX_F","AGE_10YRBANDS_Y45-54","2024",42.798,,,,"R1:3513"
"TUR","BA:622","EAP_DWAP_SEX_AGE_RT","SEX_F","AGE_10YRBANDS_Y55-64","2024",23.316,,,,"R1:3513"
"TUR","BA:622","EAP_DWAP_SEX_AGE_RT","SEX_F","AGE_10YRBANDS_YGE65","2024",6.497,,,,"R1:3513"
"TUR","BA:622","EAP_DWAP_SEX_AGE_RT","SEX_T","AGE_5YRBANDS_YGE15","2024",54.202,,,,"R1:3513"
"TUR","BA:622","EAP_DWAP_SEX_AGE_RT","SEX_T","AGE_5YRBANDS_Y15-19","2024",32.63,,,,"R1:3513"
"TUR","BA:622","EAP_DWAP_SEX_AGE_RT","SEX_T","AGE_5YRBANDS_Y20-24","2024",63.424,,,,"R1:3513"
"TUR","BA:622","EAP_DWAP_SEX_AGE_RT","SEX_T","AGE_5YRBANDS_Y25-29","2024",72.294,,,,"R1:3513"
"TUR","BA:622","EAP_DWAP_SEX_AGE_RT","SEX_T","AGE_5YRBANDS_Y30-34","2024",71.994,,,,"R1:3513"
"TUR","BA:622","EAP_DWAP_SEX_AGE_RT","SEX_T","AGE_5YRBANDS_Y35-39","2024",72.77,,,,"R1:3513"
"TUR","BA:622","EAP_DWAP_SEX_AGE_RT","SEX_T","AGE_5YRBANDS_Y40-44","2024",71.788,,,,"R1:3513"
"TUR","BA:622","EAP_DWAP_SEX_AGE_RT","SEX_T","AGE_5YRBANDS_Y45-49","2024",67.988,,,,"R1:3513"
"TUR","BA:622","EAP_DWAP_SEX_AGE_RT","SEX_T","AGE_5YRBANDS_Y50-54","2024",58.582,,,,"R1:3513"
"TUR","BA:622","EAP_DWAP_SEX_AGE_RT","SEX_T","AGE_5YRBANDS_Y55-59","2024",46.988,,,,"R1:3513"
"TUR","BA:622","EAP_DWAP_SEX_AGE_RT","SEX_T","AGE_5YRBANDS_Y60-64","2024",34.359,,,,"R1:3513"
"TUR","BA:622","EAP_DWAP_SEX_AGE_RT","SEX_T","AGE_5YRBANDS_YGE65","2024",13.126,,,,"R1:3513"
"TUR","BA:622","EAP_DWAP_SEX_AGE_RT","SEX_M","AGE_5YRBANDS_YGE15","2024",71.966,,,,"R1:3513"
"TUR","BA:622","EAP_DWAP_SEX_AGE_RT","SEX_M","AGE_5YRBANDS_Y15-19","2024",44.398,,,,"R1:3513"
"TUR","BA:622","EAP_DWAP_SEX_AGE_RT","SEX_M","AGE_5YRBANDS_Y20-24","2024",76.552,,,,"R1:3513"
"TUR","BA:622","EAP_DWAP_SEX_AGE_RT","SEX_M","AGE_5YRBANDS_Y25-29","2024",90.125,,,,"R1:3513"
"TUR","BA:622","EAP_DWAP_SEX_AGE_RT","SEX_M","AGE_5YRBANDS_Y30-34","2024",93.417,,,,"R1:3513"
"TUR","BA:622","EAP_DWAP_SEX_AGE_RT","SEX_M","AGE_5YRBANDS_Y35-39","2024",93.947,,,,"R1:3513"
"TUR","BA:622","EAP_DWAP_SEX_AGE_RT","SEX_M","AGE_5YRBANDS_Y40-44","2024",92.687,,,,"R1:3513"
"TUR","BA:622","EAP_DWAP_SEX_AGE_RT","SEX_M","AGE_5YRBANDS_Y45-49","2024",88.467,,,,"R1:3513"
"TUR","BA:622","EAP_DWAP_SEX_AGE_RT","SEX_M","AGE_5YRBANDS_Y50-54","2024",79.6,,,,"R1:3513"
"TUR","BA:622","EAP_DWAP_SEX_AGE_RT","SEX_M","AGE_5YRBANDS_Y55-59","2024",66.426,,,,"R1:3513"
"TUR","BA:622","EAP_DWAP_SEX_AGE_RT","SEX_M","AGE_5YRBANDS_Y60-64","2024",50.739,,,,"R1:3513"
"TUR","BA:622","EAP_DWAP_SEX_AGE_RT","SEX_M","AGE_5YRBANDS_YGE65","2024",21.391,,,,"R1:3513"
"TUR","BA:622","EAP_DWAP_SEX_AGE_RT","SEX_F","AGE_5YRBANDS_YGE15","2024",36.799,,,,"R1:3513"
"TUR","BA:622","EAP_DWAP_SEX_AGE_RT","SEX_F","AGE_5YRBANDS_Y15-19","2024",19.998,,,,"R1:3513"
"TUR","BA:622","EAP_DWAP_SEX_AGE_RT","SEX_F","AGE_5YRBANDS_Y20-24","2024",49.504,,,,"R1:3513"
"TUR","BA:622","EAP_DWAP_SEX_AGE_RT","SEX_F","AGE_5YRBANDS_Y25-29","2024",54.347,,,,"R1:3513"
"TUR","BA:622","EAP_DWAP_SEX_AGE_RT","SEX_F","AGE_5YRBANDS_Y30-34","2024",50.515,,,,"R1:3513"
"TUR","BA:622","EAP_DWAP_SEX_AGE_RT","SEX_F","AGE_5YRBANDS_Y35-39","2024",51.579,,,,"R1:3513"
"TUR","BA:622","EAP_DWAP_SEX_AGE_RT","SEX_F","AGE_5YRBANDS_Y40-44","2024",50.917,,,,"R1:3513"
"TUR","BA:622","EAP_DWAP_SEX_AGE_RT","SEX_F","AGE_5YRBANDS_Y45-49","2024",47.43,,,,"R1:3513"
"TUR","BA:622","EAP_DWAP_SEX_AGE_RT","SEX_F","AGE_5YRBANDS_Y50-54","2024",37.774,,,,"R1:3513"
"TUR","BA:622","EAP_DWAP_SEX_AGE_RT","SEX_F","AGE_5YRBANDS_Y55-59","2024",27.56,,,,"R1:3513"
"TUR","BA:622","EAP_DWAP_SEX_AGE_RT","SEX_F","AGE_5YRBANDS_Y60-64","2024",18.693,,,,"R1:3513"
"TUR","BA:622","EAP_DWAP_SEX_AGE_RT","SEX_F","AGE_5YRBANDS_YGE65","2024",6.497,,,,"R1:3513"
"TUR","BA:622","EAP_DWAP_SEX_AGE_RT","SEX_T","AGE_YTHADULT_YGE15","2023",53.338,,,,"R1:3513"
"TUR","BA:622","EAP_DWAP_SEX_AGE_RT","SEX_T","AGE_YTHADULT_Y15-64","2023",59.534,,,,"R1:3513"
"TUR","BA:622","EAP_DWAP_SEX_AGE_RT","SEX_T","AGE_YTHADULT_Y15-24","2023",45.598,,,,"R1:3513"
"TUR","BA:622","EAP_DWAP_SEX_AGE_RT","SEX_T","AGE_YTHADULT_YGE25","2023",55.047,,,,"R1:3513"
"TUR","BA:622","EAP_DWAP_SEX_AGE_RT","SEX_M","AGE_YTHADULT_YGE15","2023",71.187,,,,"R1:3513"
"TUR","BA:622","EAP_DWAP_SEX_AGE_RT","SEX_M","AGE_YTHADULT_Y15-64","2023",78.007,,,,"R1:3513"
"TUR","BA:622","EAP_DWAP_SEX_AGE_RT","SEX_M","AGE_YTHADULT_Y15-24","2023",57.447,,,,"R1:3513"
"TUR","BA:622","EAP_DWAP_SEX_AGE_RT","SEX_M","AGE_YTHADULT_YGE25","2023",74.366,,,,"R1:3513"
"TUR","BA:622","EAP_DWAP_SEX_AGE_RT","SEX_F","AGE_YTHADULT_YGE15","2023",35.846,,,,"R1:3513"
"TUR","BA:622","EAP_DWAP_SEX_AGE_RT","SEX_F","AGE_YTHADULT_Y15-64","2023",40.864,,,,"R1:3513"
"TUR","BA:622","EAP_DWAP_SEX_AGE_RT","SEX_F","AGE_YTHADULT_Y15-24","2023",33.054,,,,"R1:3513"
"TUR","BA:622","EAP_DWAP_SEX_AGE_RT","SEX_F","AGE_YTHADULT_YGE25","2023",36.434,,,,"R1:3513"
"TUR","BA:622","EAP_DWAP_SEX_AGE_RT","SEX_T","AGE_AGGREGATE_YGE15","2023",53.338,,,,"R1:3513"
"TUR","BA:622","EAP_DWAP_SEX_AGE_RT","SEX_T","AGE_AGGREGATE_Y15-24","2023",45.598,,,,"R1:3513"
"TUR","BA:622","EAP_DWAP_SEX_AGE_RT","SEX_T","AGE_AGGREGATE_Y25-54","2023",68.952,,,,"R1:3513"
"TUR","BA:622","EAP_DWAP_SEX_AGE_RT","SEX_T","AGE_AGGREGATE_Y55-64","2023",38.708,,,,"R1:3513"
"TUR","BA:622","EAP_DWAP_SEX_AGE_RT","SEX_T","AGE_AGGREGATE_YGE65","2023",12.243,,,,"R1:3513"
"TUR","BA:622","EAP_DWAP_SEX_AGE_RT","SEX_M","AGE_AGGREGATE_YGE15","2023",71.187,,,,"R1:3513"
"TUR","BA:622","EAP_DWAP_SEX_AGE_RT","SEX_M","AGE_AGGREGATE_Y15-24","2023",57.447,,,,"R1:3513"
"TUR","BA:622","EAP_DWAP_SEX_AGE_RT","SEX_M","AGE_AGGREGATE_Y25-54","2023",89.868,,,,"R1:3513"
"TUR","BA:622","EAP_DWAP_SEX_AGE_RT","SEX_M","AGE_AGGREGATE_Y55-64","2023",56.397,,,,"R1:3513"
"TUR","BA:622","EAP_DWAP_SEX_AGE_RT","SEX_M","AGE_AGGREGATE_YGE65","2023",19.971,,,,"R1:3513"
"TUR","BA:622","EAP_DWAP_SEX_AGE_RT","SEX_F","AGE_AGGREGATE_YGE15","2023",35.846,,,,"R1:3513"
"TUR","BA:622","EAP_DWAP_SEX_AGE_RT","SEX_F","AGE_AGGREGATE_Y15-24","2023",33.054,,,,"R1:3513"
"TUR","BA:622","EAP_DWAP_SEX_AGE_RT","SEX_F","AGE_AGGREGATE_Y25-54","2023",47.96,,,,"R1:3513"
"TUR","BA:622","EAP_DWAP_SEX_AGE_RT","SEX_F","AGE_AGGREGATE_Y55-64","2023",21.434,,,,"R1:3513"
"TUR","BA:622","EAP_DWAP_SEX_AGE_RT","SEX_F","AGE_AGGREGATE_YGE65","2023",6.072,,,,"R1:3513"
"TUR","BA:622","EAP_DWAP_SEX_AGE_RT","SEX_T","AGE_10YRBANDS_YGE15","2023",53.338,,,,"R1:3513"
"TUR","BA:622","EAP_DWAP_SEX_AGE_RT","SEX_T","AGE_10YRBANDS_Y15-24","2023",45.598,,,,"R1:3513"
"TUR","BA:622","EAP_DWAP_SEX_AGE_RT","SEX_T","AGE_10YRBANDS_Y25-34","2023",71.91,,,,"R1:3513"
"TUR","BA:622","EAP_DWAP_SEX_AGE_RT","SEX_T","AGE_10YRBANDS_Y35-44","2023",71.871,,,,"R1:3513"
"TUR","BA:622","EAP_DWAP_SEX_AGE_RT","SEX_T","AGE_10YRBANDS_Y45-54","2023",62.099,,,,"R1:3513"
"TUR","BA:622","EAP_DWAP_SEX_AGE_RT","SEX_T","AGE_10YRBANDS_Y55-64","2023",38.708,,,,"R1:3513"
"TUR","BA:622","EAP_DWAP_SEX_AGE_RT","SEX_T","AGE_10YRBANDS_YGE65","2023",12.243,,,,"R1:3513"
"TUR","BA:622","EAP_DWAP_SEX_AGE_RT","SEX_M","AGE_10YRBANDS_YGE15","2023",71.187,,,,"R1:3513"
"TUR","BA:622","EAP_DWAP_SEX_AGE_RT","SEX_M","AGE_10YRBANDS_Y15-24","2023",57.447,,,,"R1:3513"
"TUR","BA:622","EAP_DWAP_SEX_AGE_RT","SEX_M","AGE_10YRBANDS_Y25-34","2023",91.963,,,,"R1:3513"
"TUR","BA:622","EAP_DWAP_SEX_AGE_RT","SEX_M","AGE_10YRBANDS_Y35-44","2023",93.269,,,,"R1:3513"
"TUR","BA:622","EAP_DWAP_SEX_AGE_RT","SEX_M","AGE_10YRBANDS_Y45-54","2023",83.431,,,,"R1:3513"
"TUR","BA:622","EAP_DWAP_SEX_AGE_RT","SEX_M","AGE_10YRBANDS_Y55-64","2023",56.397,,,,"R1:3513"
"TUR","BA:622","EAP_DWAP_SEX_AGE_RT","SEX_M","AGE_10YRBANDS_YGE65","2023",19.971,,,,"R1:3513"
"TUR","BA:622","EAP_DWAP_SEX_AGE_RT","SEX_F","AGE_10YRBANDS_YGE15","2023",35.846,,,,"R1:3513"
"TUR","BA:622","EAP_DWAP_SEX_AGE_RT","SEX_F","AGE_10YRBANDS_Y15-24","2023",33.054,,,,"R1:3513"
"TUR","BA:622","EAP_DWAP_SEX_AGE_RT","SEX_F","AGE_10YRBANDS_Y25-34","2023",51.688,,,,"R1:3513"
"TUR","BA:622","EAP_DWAP_SEX_AGE_RT","SEX_F","AGE_10YRBANDS_Y35-44","2023",50.434,,,,"R1:3513"
"TUR","BA:622","EAP_DWAP_SEX_AGE_RT","SEX_F","AGE_10YRBANDS_Y45-54","2023",40.764,,,,"R1:3513"
"TUR","BA:622","EAP_DWAP_SEX_AGE_RT","SEX_F","AGE_10YRBANDS_Y55-64","2023",21.434,,,,"R1:3513"
"TUR","BA:622","EAP_DWAP_SEX_AGE_RT","SEX_F","AGE_10YRBANDS_YGE65","2023",6.072,,,,"R1:3513"
"TUR","BA:622","EAP_DWAP_SEX_AGE_RT","SEX_T","AGE_5YRBANDS_YGE15","2023",53.338,,,,"R1:3513"
"TUR","BA:622","EAP_DWAP_SEX_AGE_RT","SEX_T","AGE_5YRBANDS_Y15-19","2023",29.639,,,,"R1:3513"
"TUR","BA:622","EAP_DWAP_SEX_AGE_RT","SEX_T","AGE_5YRBANDS_Y20-24","2023",62.548,,,,"R1:3513"
"TUR","BA:622","EAP_DWAP_SEX_AGE_RT","SEX_T","AGE_5YRBANDS_Y25-29","2023",72.262,,,,"R1:3513"
"TUR","BA:622","EAP_DWAP_SEX_AGE_RT","SEX_T","AGE_5YRBANDS_Y30-34","2023",71.548,,,,"R1:3513"
"TUR","BA:622","EAP_DWAP_SEX_AGE_RT","SEX_T","AGE_5YRBANDS_Y35-39","2023",72.285,,,,"R1:3513"
"TUR","BA:622","EAP_DWAP_SEX_AGE_RT","SEX_T","AGE_5YRBANDS_Y40-44","2023",71.472,,,,"R1:3513"
"TUR","BA:622","EAP_DWAP_SEX_AGE_RT","SEX_T","AGE_5YRBANDS_Y45-49","2023",66.492,,,,"R1:3513"
"TUR","BA:622","EAP_DWAP_SEX_AGE_RT","SEX_T","AGE_5YRBANDS_Y50-54","2023",57.172,,,,"R1:3513"
"TUR","BA:622","EAP_DWAP_SEX_AGE_RT","SEX_T","AGE_5YRBANDS_Y55-59","2023",44.674,,,,"R1:3513"
"TUR","BA:622","EAP_DWAP_SEX_AGE_RT","SEX_T","AGE_5YRBANDS_Y60-64","2023",31.715,,,,"R1:3513"
"TUR","BA:622","EAP_DWAP_SEX_AGE_RT","SEX_T","AGE_5YRBANDS_YGE65","2023",12.243,,,,"R1:3513"
"TUR","BA:622","EAP_DWAP_SEX_AGE_RT","SEX_M","AGE_5YRBANDS_YGE15","2023",71.187,,,,"R1:3513"
"TUR","BA:622","EAP_DWAP_SEX_AGE_RT","SEX_M","AGE_5YRBANDS_Y15-19","2023",40.764,,,,"R1:3513"
"TUR","BA:622","EAP_DWAP_SEX_AGE_RT","SEX_M","AGE_5YRBANDS_Y20-24","2023",75.49,,,,"R1:3513"
"TUR","BA:622","EAP_DWAP_SEX_AGE_RT","SEX_M","AGE_5YRBANDS_Y25-29","2023",90.524,,,,"R1:3513"
"TUR","BA:622","EAP_DWAP_SEX_AGE_RT","SEX_M","AGE_5YRBANDS_Y30-34","2023",93.444,,,,"R1:3513"
"TUR","BA:622","EAP_DWAP_SEX_AGE_RT","SEX_M","AGE_5YRBANDS_Y35-39","2023",94.06,,,,"R1:3513"
"TUR","BA:622","EAP_DWAP_SEX_AGE_RT","SEX_M","AGE_5YRBANDS_Y40-44","2023",92.507,,,,"R1:3513"
"TUR","BA:622","EAP_DWAP_SEX_AGE_RT","SEX_M","AGE_5YRBANDS_Y45-49","2023",87.831,,,,"R1:3513"
"TUR","BA:622","EAP_DWAP_SEX_AGE_RT","SEX_M","AGE_5YRBANDS_Y50-54","2023",78.492,,,,"R1:3513"
"TUR","BA:622","EAP_DWAP_SEX_AGE_RT","SEX_M","AGE_5YRBANDS_Y55-59","2023",64.505,,,,"R1:3513"
"TUR","BA:622","EAP_DWAP_SEX_AGE_RT","SEX_M","AGE_5YRBANDS_Y60-64","2023",46.736,,,,"R1:3513"
"TUR","BA:622","EAP_DWAP_SEX_AGE_RT","SEX_M","AGE_5YRBANDS_YGE65","2023",19.971,,,,"R1:3513"
"TUR","BA:622","EAP_DWAP_SEX_AGE_RT","SEX_F","AGE_5YRBANDS_YGE15","2023",35.846,,,,"R1:3513"
"TUR","BA:622","EAP_DWAP_SEX_AGE_RT","SEX_F","AGE_5YRBANDS_Y15-19","2023",17.648,,,,"R1:3513"
"TUR","BA:622","EAP_DWAP_SEX_AGE_RT","SEX_F","AGE_5YRBANDS_Y20-24","2023",49.107,,,,"R1:3513"
"TUR","BA:622","EAP_DWAP_SEX_AGE_RT","SEX_F","AGE_5YRBANDS_Y25-29","2023",53.822,,,,"R1:3513"
"TUR","BA:622","EAP_DWAP_SEX_AGE_RT","SEX_F","AGE_5YRBANDS_Y30-34","2023",49.497,,,,"R1:3513"
"TUR","BA:622","EAP_DWAP_SEX_AGE_RT","SEX_F","AGE_5YRBANDS_Y35-39","2023",50.416,,,,"R1:3513"
"TUR","BA:622","EAP_DWAP_SEX_AGE_RT","SEX_F","AGE_5YRBANDS_Y40-44","2023",50.451,,,,"R1:3513"
"TUR","BA:622","EAP_DWAP_SEX_AGE_RT","SEX_F","AGE_5YRBANDS_Y45-49","2023",45.134,,,,"R1:3513"
"TUR","BA:622","EAP_DWAP_SEX_AGE_RT","SEX_F","AGE_5YRBANDS_Y50-54","2023",35.868,,,,"R1:3513"
"TUR","BA:622","EAP_DWAP_SEX_AGE_RT","SEX_F","AGE_5YRBANDS_Y55-59","2023",25.019,,,,"R1:3513"
"TUR","BA:622","EAP_DWAP_SEX_AGE_RT","SEX_F","AGE_5YRBANDS_Y60-64","2023",17.298,,,,"R1:3513"
"TUR","BA:622","EAP_DWAP_SEX_AGE_RT","SEX_F","AGE_5YRBANDS_YGE65","2023",6.072,,,,"R1:3513"
"TUR","BA:622","EAP_DWAP_SEX_AGE_RT","SEX_T","AGE_YTHADULT_YGE15","2022",53.084,,,,"R1:3513"
"TUR","BA:622","EAP_DWAP_SEX_AGE_RT","SEX_T","AGE_YTHADULT_Y15-64","2022",59.169,,,,"R1:3513"
"TUR","BA:622","EAP_DWAP_SEX_AGE_RT","SEX_T","AGE_YTHADULT_Y15-24","2022",43.844,,,,"R1:3513"
"TUR","BA:622","EAP_DWAP_SEX_AGE_RT","SEX_T","AGE_YTHADULT_YGE25","2022",55.19,,,,"R1:3513"
"TUR","BA:622","EAP_DWAP_SEX_AGE_RT","SEX_M","AGE_YTHADULT_YGE15","2022",71.429,,,,"R1:3513"
"TUR","BA:622","EAP_DWAP_SEX_AGE_RT","SEX_M","AGE_YTHADULT_Y15-64","2022",78.174,,,,"R1:3513"
"TUR","BA:622","EAP_DWAP_SEX_AGE_RT","SEX_M","AGE_YTHADULT_Y15-24","2022",56.152,,,,"R1:3513"
"TUR","BA:622","EAP_DWAP_SEX_AGE_RT","SEX_M","AGE_YTHADULT_YGE25","2022",75.054,,,,"R1:3513"
"TUR","BA:622","EAP_DWAP_SEX_AGE_RT","SEX_F","AGE_YTHADULT_YGE15","2022",35.114,,,,"R1:3513"
"TUR","BA:622","EAP_DWAP_SEX_AGE_RT","SEX_F","AGE_YTHADULT_Y15-64","2022",39.976,,,,"R1:3513"
"TUR","BA:622","EAP_DWAP_SEX_AGE_RT","SEX_F","AGE_YTHADULT_Y15-24","2022",30.971,,,,"R1:3513"
"TUR","BA:622","EAP_DWAP_SEX_AGE_RT","SEX_F","AGE_YTHADULT_YGE25","2022",36.02,,,,"R1:3513"
"TUR","BA:622","EAP_DWAP_SEX_AGE_RT","SEX_T","AGE_AGGREGATE_YGE15","2022",53.084,,,,"R1:3513"
"TUR","BA:622","EAP_DWAP_SEX_AGE_RT","SEX_T","AGE_AGGREGATE_Y15-24","2022",43.844,,,,"R1:3513"
"TUR","BA:622","EAP_DWAP_SEX_AGE_RT","SEX_T","AGE_AGGREGATE_Y25-54","2022",69.322,,,,"R1:3513"
"TUR","BA:622","EAP_DWAP_SEX_AGE_RT","SEX_T","AGE_AGGREGATE_Y55-64","2022",37.569,,,,"R1:3513"
"TUR","BA:622","EAP_DWAP_SEX_AGE_RT","SEX_T","AGE_AGGREGATE_YGE65","2022",12.072,,,,"R1:3513"
"TUR","BA:622","EAP_DWAP_SEX_AGE_RT","SEX_M","AGE_AGGREGATE_YGE15","2022",71.429,,,,"R1:3513"
"TUR","BA:622","EAP_DWAP_SEX_AGE_RT","SEX_M","AGE_AGGREGATE_Y15-24","2022",56.152,,,,"R1:3513"
"TUR","BA:622","EAP_DWAP_SEX_AGE_RT","SEX_M","AGE_AGGREGATE_Y25-54","2022",90.932,,,,"R1:3513"
"TUR","BA:622","EAP_DWAP_SEX_AGE_RT","SEX_M","AGE_AGGREGATE_Y55-64","2022",55.253,,,,"R1:3513"
"TUR","BA:622","EAP_DWAP_SEX_AGE_RT","SEX_M","AGE_AGGREGATE_YGE65","2022",19.934,,,,"R1:3513"
"TUR","BA:622","EAP_DWAP_SEX_AGE_RT","SEX_F","AGE_AGGREGATE_YGE15","2022",35.114,,,,"R1:3513"
"TUR","BA:622","EAP_DWAP_SEX_AGE_RT","SEX_F","AGE_AGGREGATE_Y15-24","2022",30.971,,,,"R1:3513"
"TUR","BA:622","EAP_DWAP_SEX_AGE_RT","SEX_F","AGE_AGGREGATE_Y25-54","2022",47.579,,,,"R1:3513"
"TUR","BA:622","EAP_DWAP_SEX_AGE_RT","SEX_F","AGE_AGGREGATE_Y55-64","2022",20.318,,,,"R1:3513"
"TUR","BA:622","EAP_DWAP_SEX_AGE_RT","SEX_F","AGE_AGGREGATE_YGE65","2022",5.804,,,,"R1:3513"
"TUR","BA:622","EAP_DWAP_SEX_AGE_RT","SEX_T","AGE_10YRBANDS_YGE15","2022",53.084,,,,"R1:3513"
"TUR","BA:622","EAP_DWAP_SEX_AGE_RT","SEX_T","AGE_10YRBANDS_Y15-24","2022",43.844,,,,"R1:3513"
"TUR","BA:622","EAP_DWAP_SEX_AGE_RT","SEX_T","AGE_10YRBANDS_Y25-34","2022",71.879,,,,"R1:3513"
"TUR","BA:622","EAP_DWAP_SEX_AGE_RT","SEX_T","AGE_10YRBANDS_Y35-44","2022",71.81,,,,"R1:3513"
"TUR","BA:622","EAP_DWAP_SEX_AGE_RT","SEX_T","AGE_10YRBANDS_Y45-54","2022",63.264,,,,"R1:3513"
"TUR","BA:622","EAP_DWAP_SEX_AGE_RT","SEX_T","AGE_10YRBANDS_Y55-64","2022",37.569,,,,"R1:3513"
"TUR","BA:622","EAP_DWAP_SEX_AGE_RT","SEX_T","AGE_10YRBANDS_YGE65","2022",12.072,,,,"R1:3513"
"TUR","BA:622","EAP_DWAP_SEX_AGE_RT","SEX_M","AGE_10YRBANDS_YGE15","2022",71.429,,,,"R1:3513"
"TUR","BA:622","EAP_DWAP_SEX_AGE_RT","SEX_M","AGE_10YRBANDS_Y15-24","2022",56.152,,,,"R1:3513"
"TUR","BA:622","EAP_DWAP_SEX_AGE_RT","SEX_M","AGE_10YRBANDS_Y25-34","2022",92.347,,,,"R1:3513"
"TUR","BA:622","EAP_DWAP_SEX_AGE_RT","SEX_M","AGE_10YRBANDS_Y35-44","2022",93.886,,,,"R1:3513"
"TUR","BA:622","EAP_DWAP_SEX_AGE_RT","SEX_M","AGE_10YRBANDS_Y45-54","2022",85.657,,,,"R1:3513"
"TUR","BA:622","EAP_DWAP_SEX_AGE_RT","SEX_M","AGE_10YRBANDS_Y55-64","2022",55.253,,,,"R1:3513"
"TUR","BA:622","EAP_DWAP_SEX_AGE_RT","SEX_M","AGE_10YRBANDS_YGE65","2022",19.934,,,,"R1:3513"
"TUR","BA:622","EAP_DWAP_SEX_AGE_RT","SEX_F","AGE_10YRBANDS_YGE15","2022",35.114,,,,"R1:3513"
"TUR","BA:622","EAP_DWAP_SEX_AGE_RT","SEX_F","AGE_10YRBANDS_Y15-24","2022",30.971,,,,"R1:3513"
"TUR","BA:622","EAP_DWAP_SEX_AGE_RT","SEX_F","AGE_10YRBANDS_Y25-34","2022",51.237,,,,"R1:3513"
"TUR","BA:622","EAP_DWAP_SEX_AGE_RT","SEX_F","AGE_10YRBANDS_Y35-44","2022",49.617,,,,"R1:3513"
"TUR","BA:622","EAP_DWAP_SEX_AGE_RT","SEX_F","AGE_10YRBANDS_Y45-54","2022",40.771,,,,"R1:3513"
"TUR","BA:622","EAP_DWAP_SEX_AGE_RT","SEX_F","AGE_10YRBANDS_Y55-64","2022",20.318,,,,"R1:3513"
"TUR","BA:622","EAP_DWAP_SEX_AGE_RT","SEX_F","AGE_10YRBANDS_YGE65","2022",5.804,,,,"R1:3513"
"TUR","BA:622","EAP_DWAP_SEX_AGE_RT","SEX_T","AGE_5YRBANDS_YGE15","2022",53.084,,,,"R1:3513"
"TUR","BA:622","EAP_DWAP_SEX_AGE_RT","SEX_T","AGE_5YRBANDS_Y15-19","2022",26.938,,,,"R1:3513"
"TUR","BA:622","EAP_DWAP_SEX_AGE_RT","SEX_T","AGE_5YRBANDS_Y20-24","2022",61.348,,,,"R1:3513"
"TUR","BA:622","EAP_DWAP_SEX_AGE_RT","SEX_T","AGE_5YRBANDS_Y25-29","2022",71.615,,,,"R1:3513"
"TUR","BA:622","EAP_DWAP_SEX_AGE_RT","SEX_T","AGE_5YRBANDS_Y30-34","2022",72.146,,,,"R1:3513"
"TUR","BA:622","EAP_DWAP_SEX_AGE_RT","SEX_T","AGE_5YRBANDS_Y35-39","2022",72.067,,,,"R1:3513"
"TUR","BA:622","EAP_DWAP_SEX_AGE_RT","SEX_T","AGE_5YRBANDS_Y40-44","2022",71.561,,,,"R1:3513"
"TUR","BA:622","EAP_DWAP_SEX_AGE_RT","SEX_T","AGE_5YRBANDS_Y45-49","2022",68.056,,,,"R1:3513"
"TUR","BA:622","EAP_DWAP_SEX_AGE_RT","SEX_T","AGE_5YRBANDS_Y50-54","2022",57.689,,,,"R1:3513"
"TUR","BA:622","EAP_DWAP_SEX_AGE_RT","SEX_T","AGE_5YRBANDS_Y55-59","2022",43.149,,,,"R1:3513"
"TUR","BA:622","EAP_DWAP_SEX_AGE_RT","SEX_T","AGE_5YRBANDS_Y60-64","2022",30.602,,,,"R1:3513"
"TUR","BA:622","EAP_DWAP_SEX_AGE_RT","SEX_T","AGE_5YRBANDS_YGE65","2022",12.072,,,,"R1:3513"
"TUR","BA:622","EAP_DWAP_SEX_AGE_RT","SEX_M","AGE_5YRBANDS_YGE15","2022",71.429,,,,"R1:3513"
"TUR","BA:622","EAP_DWAP_SEX_AGE_RT","SEX_M","AGE_5YRBANDS_Y15-19","2022",37.428,,,,"R1:3513"
"TUR","BA:622","EAP_DWAP_SEX_AGE_RT","SEX_M","AGE_5YRBANDS_Y20-24","2022",75.984,,,,"R1:3513"
"TUR","BA:622","EAP_DWAP_SEX_AGE_RT","SEX_M","AGE_5YRBANDS_Y25-29","2022",90.265,,,,"R1:3513"
"TUR","BA:622","EAP_DWAP_SEX_AGE_RT","SEX_M","AGE_5YRBANDS_Y30-34","2022",94.453,,,,"R1:3513"
"TUR","BA:622","EAP_DWAP_SEX_AGE_RT","SEX_M","AGE_5YRBANDS_Y35-39","2022",94.464,,,,"R1:3513"
"TUR","BA:622","EAP_DWAP_SEX_AGE_RT","SEX_M","AGE_5YRBANDS_Y40-44","2022",93.326,,,,"R1:3513"
"TUR","BA:622","EAP_DWAP_SEX_AGE_RT","SEX_M","AGE_5YRBANDS_Y45-49","2022",90.744,,,,"R1:3513"
"TUR","BA:622","EAP_DWAP_SEX_AGE_RT","SEX_M","AGE_5YRBANDS_Y50-54","2022",79.777,,,,"R1:3513"
"TUR","BA:622","EAP_DWAP_SEX_AGE_RT","SEX_M","AGE_5YRBANDS_Y55-59","2022",62.548,,,,"R1:3513"
"TUR","BA:622","EAP_DWAP_SEX_AGE_RT","SEX_M","AGE_5YRBANDS_Y60-64","2022",46.044,,,,"R1:3513"
"TUR","BA:622","EAP_DWAP_SEX_AGE_RT","SEX_M","AGE_5YRBANDS_YGE65","2022",19.934,,,,"R1:3513"
"TUR","BA:622","EAP_DWAP_SEX_AGE_RT","SEX_F","AGE_5YRBANDS_YGE15","2022",35.114,,,,"R1:3513"
"TUR","BA:622","EAP_DWAP_SEX_AGE_RT","SEX_F","AGE_5YRBANDS_Y15-19","2022",15.712,,,,"R1:3513"
"TUR","BA:622","EAP_DWAP_SEX_AGE_RT","SEX_F","AGE_5YRBANDS_Y20-24","2022",46.398,,,,"R1:3513"
"TUR","BA:622","EAP_DWAP_SEX_AGE_RT","SEX_F","AGE_5YRBANDS_Y25-29","2022",52.818,,,,"R1:3513"
"TUR","BA:622","EAP_DWAP_SEX_AGE_RT","SEX_F","AGE_5YRBANDS_Y30-34","2022",49.637,,,,"R1:3513"
"TUR","BA:622","EAP_DWAP_SEX_AGE_RT","SEX_F","AGE_5YRBANDS_Y35-39","2022",49.48,,,,"R1:3513"
"TUR","BA:622","EAP_DWAP_SEX_AGE_RT","SEX_F","AGE_5YRBANDS_Y40-44","2022",49.75,,,,"R1:3513"
"TUR","BA:622","EAP_DWAP_SEX_AGE_RT","SEX_F","AGE_5YRBANDS_Y45-49","2022",45.406,,,,"R1:3513"
"TUR","BA:622","EAP_DWAP_SEX_AGE_RT","SEX_F","AGE_5YRBANDS_Y50-54","2022",35.342,,,,"R1:3513"
"TUR","BA:622","EAP_DWAP_SEX_AGE_RT","SEX_F","AGE_5YRBANDS_Y55-59","2022",24.039,,,,"R1:3513"
"TUR","BA:622","EAP_DWAP_SEX_AGE_RT","SEX_F","AGE_5YRBANDS_Y60-64","2022",15.723,,,,"R1:3513"
"TUR","BA:622","EAP_DWAP_SEX_AGE_RT","SEX_F","AGE_5YRBANDS_YGE65","2022",5.804,,,,"R1:3513"
"TUR","BA:622","EAP_DWAP_SEX_AGE_RT","SEX_T","AGE_YTHADULT_YGE15","2021",51.356,,,,"R1:3513"
"TUR","BA:622","EAP_DWAP_SEX_AGE_RT","SEX_T","AGE_YTHADULT_Y15-64","2021",57.222,,,,"R1:3513"
"TUR","BA:622","EAP_DWAP_SEX_AGE_RT","SEX_T","AGE_YTHADULT_Y15-24","2021",41.678,,,,"R1:3513"
"TUR","BA:622","EAP_DWAP_SEX_AGE_RT","SEX_T","AGE_YTHADULT_YGE25","2021",53.592,,,,"R1:3513"
"TUR","BA:622","EAP_DWAP_SEX_AGE_RT","SEX_M","AGE_YTHADULT_YGE15","2021",70.263,,,,"R1:3513"
"TUR","BA:622","EAP_DWAP_SEX_AGE_RT","SEX_M","AGE_YTHADULT_Y15-64","2021",76.933,,,,"R1:3513"
"TUR","BA:622","EAP_DWAP_SEX_AGE_RT","SEX_M","AGE_YTHADULT_Y15-24","2021",53.132,,,,"R1:3513"
"TUR","BA:622","EAP_DWAP_SEX_AGE_RT","SEX_M","AGE_YTHADULT_YGE25","2021",74.38,,,,"R1:3513"
"TUR","BA:622","EAP_DWAP_SEX_AGE_RT","SEX_F","AGE_YTHADULT_YGE15","2021",32.823,,,,"R1:3513"
"TUR","BA:622","EAP_DWAP_SEX_AGE_RT","SEX_F","AGE_YTHADULT_Y15-64","2021",37.309,,,,"R1:3513"
"TUR","BA:622","EAP_DWAP_SEX_AGE_RT","SEX_F","AGE_YTHADULT_Y15-24","2021",29.707,,,,"R1:3513"
"TUR","BA:622","EAP_DWAP_SEX_AGE_RT","SEX_F","AGE_YTHADULT_YGE25","2021",33.515,,,,"R1:3513"
"TUR","BA:622","EAP_DWAP_SEX_AGE_RT","SEX_T","AGE_AGGREGATE_YGE15","2021",51.356,,,,"R1:3513"
"TUR","BA:622","EAP_DWAP_SEX_AGE_RT","SEX_T","AGE_AGGREGATE_Y15-24","2021",41.678,,,,"R1:3513"
"TUR","BA:622","EAP_DWAP_SEX_AGE_RT","SEX_T","AGE_AGGREGATE_Y25-54","2021",67.378,,,,"R1:3513"
"TUR","BA:622","EAP_DWAP_SEX_AGE_RT","SEX_T","AGE_AGGREGATE_Y55-64","2021",36.097,,,,"R1:3513"
"TUR","BA:622","EAP_DWAP_SEX_AGE_RT","SEX_T","AGE_AGGREGATE_YGE65","2021",11.265,,,,"R1:3513"
"TUR","BA:622","EAP_DWAP_SEX_AGE_RT","SEX_M","AGE_AGGREGATE_YGE15","2021",70.263,,,,"R1:3513"
"TUR","BA:622","EAP_DWAP_SEX_AGE_RT","SEX_M","AGE_AGGREGATE_Y15-24","2021",53.132,,,,"R1:3513"
"TUR","BA:622","EAP_DWAP_SEX_AGE_RT","SEX_M","AGE_AGGREGATE_Y25-54","2021",90.452,,,,"R1:3513"
"TUR","BA:622","EAP_DWAP_SEX_AGE_RT","SEX_M","AGE_AGGREGATE_Y55-64","2021",53.639,,,,"R1:3513"
"TUR","BA:622","EAP_DWAP_SEX_AGE_RT","SEX_M","AGE_AGGREGATE_YGE65","2021",18.589,,,,"R1:3513"
"TUR","BA:622","EAP_DWAP_SEX_AGE_RT","SEX_F","AGE_AGGREGATE_YGE15","2021",32.823,,,,"R1:3513"
"TUR","BA:622","EAP_DWAP_SEX_AGE_RT","SEX_F","AGE_AGGREGATE_Y15-24","2021",29.707,,,,"R1:3513"
"TUR","BA:622","EAP_DWAP_SEX_AGE_RT","SEX_F","AGE_AGGREGATE_Y25-54","2021",44.153,,,,"R1:3513"
"TUR","BA:622","EAP_DWAP_SEX_AGE_RT","SEX_F","AGE_AGGREGATE_Y55-64","2021",18.957,,,,"R1:3513"
"TUR","BA:622","EAP_DWAP_SEX_AGE_RT","SEX_F","AGE_AGGREGATE_YGE65","2021",5.433,,,,"R1:3513"
"TUR","BA:622","EAP_DWAP_SEX_AGE_RT","SEX_T","AGE_10YRBANDS_YGE15","2021",51.356,,,,"R1:3513"
"TUR","BA:622","EAP_DWAP_SEX_AGE_RT","SEX_T","AGE_10YRBANDS_Y15-24","2021",41.678,,,,"R1:3513"
"TUR","BA:622","EAP_DWAP_SEX_AGE_RT","SEX_T","AGE_10YRBANDS_Y25-34","2021",69.798,,,,"R1:3513"
"TUR","BA:622","EAP_DWAP_SEX_AGE_RT","SEX_T","AGE_10YRBANDS_Y35-44","2021",69.874,,,,"R1:3513"
"TUR","BA:622","EAP_DWAP_SEX_AGE_RT","SEX_T","AGE_10YRBANDS_Y45-54","2021",61.335,,,,"R1:3513"
"TUR","BA:622","EAP_DWAP_SEX_AGE_RT","SEX_T","AGE_10YRBANDS_Y55-64","2021",36.097,,,,"R1:3513"
"TUR","BA:622","EAP_DWAP_SEX_AGE_RT","SEX_T","AGE_10YRBANDS_YGE65","2021",11.265,,,,"R1:3513"
"TUR","BA:622","EAP_DWAP_SEX_AGE_RT","SEX_M","AGE_10YRBANDS_YGE15","2021",70.263,,,,"R1:3513"
"TUR","BA:622","EAP_DWAP_SEX_AGE_RT","SEX_M","AGE_10YRBANDS_Y15-24","2021",53.132,,,,"R1:3513"
"TUR","BA:622","EAP_DWAP_SEX_AGE_RT","SEX_M","AGE_10YRBANDS_Y25-34","2021",92.232,,,,"R1:3513"
"TUR","BA:622","EAP_DWAP_SEX_AGE_RT","SEX_M","AGE_10YRBANDS_Y35-44","2021",93.561,,,,"R1:3513"
"TUR","BA:622","EAP_DWAP_SEX_AGE_RT","SEX_M","AGE_10YRBANDS_Y45-54","2021",84.426,,,,"R1:3513"
"TUR","BA:622","EAP_DWAP_SEX_AGE_RT","SEX_M","AGE_10YRBANDS_Y55-64","2021",53.639,,,,"R1:3513"
"TUR","BA:622","EAP_DWAP_SEX_AGE_RT","SEX_M","AGE_10YRBANDS_YGE65","2021",18.589,,,,"R1:3513"
"TUR","BA:622","EAP_DWAP_SEX_AGE_RT","SEX_F","AGE_10YRBANDS_YGE15","2021",32.823,,,,"R1:3513"
"TUR","BA:622","EAP_DWAP_SEX_AGE_RT","SEX_F","AGE_10YRBANDS_Y15-24","2021",29.707,,,,"R1:3513"
"TUR","BA:622","EAP_DWAP_SEX_AGE_RT","SEX_F","AGE_10YRBANDS_Y25-34","2021",47.248,,,,"R1:3513"
"TUR","BA:622","EAP_DWAP_SEX_AGE_RT","SEX_F","AGE_10YRBANDS_Y35-44","2021",46.011,,,,"R1:3513"
"TUR","BA:622","EAP_DWAP_SEX_AGE_RT","SEX_F","AGE_10YRBANDS_Y45-54","2021",38.078,,,,"R1:3513"
"TUR","BA:622","EAP_DWAP_SEX_AGE_RT","SEX_F","AGE_10YRBANDS_Y55-64","2021",18.957,,,,"R1:3513"
"TUR","BA:622","EAP_DWAP_SEX_AGE_RT","SEX_F","AGE_10YRBANDS_YGE65","2021",5.433,,,,"R1:3513"
"TUR","BA:622","EAP_DWAP_SEX_AGE_RT","SEX_T","AGE_5YRBANDS_YGE15","2021",51.356,,,,"R1:3513"
"TUR","BA:622","EAP_DWAP_SEX_AGE_RT","SEX_T","AGE_5YRBANDS_Y15-19","2021",24.894,,,,"R1:3513"
"TUR","BA:622","EAP_DWAP_SEX_AGE_RT","SEX_T","AGE_5YRBANDS_Y20-24","2021",58.974,,,,"R1:3513"
"TUR","BA:622","EAP_DWAP_SEX_AGE_RT","SEX_T","AGE_5YRBANDS_Y25-29","2021",69.912,,,,"R1:3513"
"TUR","BA:622","EAP_DWAP_SEX_AGE_RT","SEX_T","AGE_5YRBANDS_Y30-34","2021",69.685,,,,"R1:3513"
"TUR","BA:622","EAP_DWAP_SEX_AGE_RT","SEX_T","AGE_5YRBANDS_Y35-39","2021",70.099,,,,"R1:3513"
"TUR","BA:622","EAP_DWAP_SEX_AGE_RT","SEX_T","AGE_5YRBANDS_Y40-44","2021",69.647,,,,"R1:3513"
"TUR","BA:622","EAP_DWAP_SEX_AGE_RT","SEX_T","AGE_5YRBANDS_Y45-49","2021",66.189,,,,"R1:3513"
"TUR","BA:622","EAP_DWAP_SEX_AGE_RT","SEX_T","AGE_5YRBANDS_Y50-54","2021",55.507,,,,"R1:3513"
"TUR","BA:622","EAP_DWAP_SEX_AGE_RT","SEX_T","AGE_5YRBANDS_Y55-59","2021",41.261,,,,"R1:3513"
"TUR","BA:622","EAP_DWAP_SEX_AGE_RT","SEX_T","AGE_5YRBANDS_Y60-64","2021",29.438,,,,"R1:3513"
"TUR","BA:622","EAP_DWAP_SEX_AGE_RT","SEX_T","AGE_5YRBANDS_YGE65","2021",11.265,,,,"R1:3513"
"TUR","BA:622","EAP_DWAP_SEX_AGE_RT","SEX_M","AGE_5YRBANDS_YGE15","2021",70.263,,,,"R1:3513"
"TUR","BA:622","EAP_DWAP_SEX_AGE_RT","SEX_M","AGE_5YRBANDS_Y15-19","2021",34.503,,,,"R1:3513"
"TUR","BA:622","EAP_DWAP_SEX_AGE_RT","SEX_M","AGE_5YRBANDS_Y20-24","2021",72.873,,,,"R1:3513"
"TUR","BA:622","EAP_DWAP_SEX_AGE_RT","SEX_M","AGE_5YRBANDS_Y25-29","2021",90.403,,,,"R1:3513"
"TUR","BA:622","EAP_DWAP_SEX_AGE_RT","SEX_M","AGE_5YRBANDS_Y30-34","2021",94.042,,,,"R1:3513"
"TUR","BA:622","EAP_DWAP_SEX_AGE_RT","SEX_M","AGE_5YRBANDS_Y35-39","2021",94.08,,,,"R1:3513"
"TUR","BA:622","EAP_DWAP_SEX_AGE_RT","SEX_M","AGE_5YRBANDS_Y40-44","2021",93.038,,,,"R1:3513"
"TUR","BA:622","EAP_DWAP_SEX_AGE_RT","SEX_M","AGE_5YRBANDS_Y45-49","2021",90.313,,,,"R1:3513"
"TUR","BA:622","EAP_DWAP_SEX_AGE_RT","SEX_M","AGE_5YRBANDS_Y50-54","2021",77.439,,,,"R1:3513"
"TUR","BA:622","EAP_DWAP_SEX_AGE_RT","SEX_M","AGE_5YRBANDS_Y55-59","2021",60.644,,,,"R1:3513"
"TUR","BA:622","EAP_DWAP_SEX_AGE_RT","SEX_M","AGE_5YRBANDS_Y60-64","2021",44.544,,,,"R1:3513"
"TUR","BA:622","EAP_DWAP_SEX_AGE_RT","SEX_M","AGE_5YRBANDS_YGE65","2021",18.589,,,,"R1:3513"
"TUR","BA:622","EAP_DWAP_SEX_AGE_RT","SEX_F","AGE_5YRBANDS_YGE15","2021",32.823,,,,"R1:3513"
"TUR","BA:622","EAP_DWAP_SEX_AGE_RT","SEX_F","AGE_5YRBANDS_Y15-19","2021",14.567,,,,"R1:3513"
"TUR","BA:622","EAP_DWAP_SEX_AGE_RT","SEX_F","AGE_5YRBANDS_Y20-24","2021",44.862,,,,"R1:3513"
"TUR","BA:622","EAP_DWAP_SEX_AGE_RT","SEX_F","AGE_5YRBANDS_Y25-29","2021",49.376,,,,"R1:3513"
"TUR","BA:622","EAP_DWAP_SEX_AGE_RT","SEX_F","AGE_5YRBANDS_Y30-34","2021",45.129,,,,"R1:3513"
"TUR","BA:622","EAP_DWAP_SEX_AGE_RT","SEX_F","AGE_5YRBANDS_Y35-39","2021",45.898,,,,"R1:3513"
"TUR","BA:622","EAP_DWAP_SEX_AGE_RT","SEX_F","AGE_5YRBANDS_Y40-44","2021",46.125,,,,"R1:3513"
"TUR","BA:622","EAP_DWAP_SEX_AGE_RT","SEX_F","AGE_5YRBANDS_Y45-49","2021",42.149,,,,"R1:3513"
"TUR","BA:622","EAP_DWAP_SEX_AGE_RT","SEX_F","AGE_5YRBANDS_Y50-54","2021",33.134,,,,"R1:3513"
"TUR","BA:622","EAP_DWAP_SEX_AGE_RT","SEX_F","AGE_5YRBANDS_Y55-59","2021",22.212,,,,"R1:3513"
"TUR","BA:622","EAP_DWAP_SEX_AGE_RT","SEX_F","AGE_5YRBANDS_Y60-64","2021",14.785,,,,"R1:3513"
"TUR","BA:622","EAP_DWAP_SEX_AGE_RT","SEX_F","AGE_5YRBANDS_YGE65","2021",5.433,,,,"R1:3513"
"TUR","BA:622","EAP_DWAP_SEX_AGE_RT","SEX_T","AGE_YTHADULT_YGE15","2020",49.335,,,,"R1:3513"
"TUR","BA:622","EAP_DWAP_SEX_AGE_RT","SEX_T","AGE_YTHADULT_Y15-64","2020",54.894,,,,"R1:3513"
"TUR","BA:622","EAP_DWAP_SEX_AGE_RT","SEX_T","AGE_YTHADULT_Y15-24","2020",39.059,,,,"R1:3513"
"TUR","BA:622","EAP_DWAP_SEX_AGE_RT","SEX_T","AGE_YTHADULT_YGE25","2020",51.701,,,,"R1:3513"
"TUR","BA:622","EAP_DWAP_SEX_AGE_RT","SEX_M","AGE_YTHADULT_YGE15","2020",68.179,,,,"R1:3513"
"TUR","BA:622","EAP_DWAP_SEX_AGE_RT","SEX_M","AGE_YTHADULT_Y15-64","2020",74.579,,,,"R1:3513"
"TUR","BA:622","EAP_DWAP_SEX_AGE_RT","SEX_M","AGE_YTHADULT_Y15-24","2020",50.127,,,,"R1:3513"
"TUR","BA:622","EAP_DWAP_SEX_AGE_RT","SEX_M","AGE_YTHADULT_YGE25","2020",72.493,,,,"R1:3513"
"TUR","BA:622","EAP_DWAP_SEX_AGE_RT","SEX_F","AGE_YTHADULT_YGE15","2020",30.89,,,,"R1:3513"
"TUR","BA:622","EAP_DWAP_SEX_AGE_RT","SEX_F","AGE_YTHADULT_Y15-64","2020",35.047,,,,"R1:3513"
"TUR","BA:622","EAP_DWAP_SEX_AGE_RT","SEX_F","AGE_YTHADULT_Y15-24","2020",27.544,,,,"R1:3513"
"TUR","BA:622","EAP_DWAP_SEX_AGE_RT","SEX_F","AGE_YTHADULT_YGE25","2020",31.632,,,,"R1:3513"
"TUR","BA:622","EAP_DWAP_SEX_AGE_RT","SEX_T","AGE_AGGREGATE_YGE15","2020",49.335,,,,"R1:3513"
"TUR","BA:622","EAP_DWAP_SEX_AGE_RT","SEX_T","AGE_AGGREGATE_Y15-24","2020",39.059,,,,"R1:3513"
"TUR","BA:622","EAP_DWAP_SEX_AGE_RT","SEX_T","AGE_AGGREGATE_Y25-54","2020",65.07,,,,"R1:3513"
"TUR","BA:622","EAP_DWAP_SEX_AGE_RT","SEX_T","AGE_AGGREGATE_Y55-64","2020",33.533,,,,"R1:3513"
"TUR","BA:622","EAP_DWAP_SEX_AGE_RT","SEX_T","AGE_AGGREGATE_YGE65","2020",10.002,,,,"R1:3513"
"TUR","BA:622","EAP_DWAP_SEX_AGE_RT","SEX_M","AGE_AGGREGATE_YGE15","2020",68.179,,,,"R1:3513"
"TUR","BA:622","EAP_DWAP_SEX_AGE_RT","SEX_M","AGE_AGGREGATE_Y15-24","2020",50.127,,,,"R1:3513"
"TUR","BA:622","EAP_DWAP_SEX_AGE_RT","SEX_M","AGE_AGGREGATE_Y25-54","2020",88.418,,,,"R1:3513"
"TUR","BA:622","EAP_DWAP_SEX_AGE_RT","SEX_M","AGE_AGGREGATE_Y55-64","2020",50.054,,,,"R1:3513"
"TUR","BA:622","EAP_DWAP_SEX_AGE_RT","SEX_M","AGE_AGGREGATE_YGE65","2020",16.783,,,,"R1:3513"
"TUR","BA:622","EAP_DWAP_SEX_AGE_RT","SEX_F","AGE_AGGREGATE_YGE15","2020",30.89,,,,"R1:3513"
"TUR","BA:622","EAP_DWAP_SEX_AGE_RT","SEX_F","AGE_AGGREGATE_Y15-24","2020",27.544,,,,"R1:3513"
"TUR","BA:622","EAP_DWAP_SEX_AGE_RT","SEX_F","AGE_AGGREGATE_Y25-54","2020",41.607,,,,"R1:3513"
"TUR","BA:622","EAP_DWAP_SEX_AGE_RT","SEX_F","AGE_AGGREGATE_Y55-64","2020",17.384,,,,"R1:3513"
"TUR","BA:622","EAP_DWAP_SEX_AGE_RT","SEX_F","AGE_AGGREGATE_YGE65","2020",4.622,,,,"R1:3513"
"TUR","BA:622","EAP_DWAP_SEX_AGE_RT","SEX_T","AGE_10YRBANDS_YGE15","2020",49.335,,,,"R1:3513"
"TUR","BA:622","EAP_DWAP_SEX_AGE_RT","SEX_T","AGE_10YRBANDS_Y15-24","2020",39.059,,,,"R1:3513"
"TUR","BA:622","EAP_DWAP_SEX_AGE_RT","SEX_T","AGE_10YRBANDS_Y25-34","2020",66.864,,,,"R1:3513"
"TUR","BA:622","EAP_DWAP_SEX_AGE_RT","SEX_T","AGE_10YRBANDS_Y35-44","2020",68.45,,,,"R1:3513"
"TUR","BA:622","EAP_DWAP_SEX_AGE_RT","SEX_T","AGE_10YRBANDS_Y45-54","2020",58.691,,,,"R1:3513"
"TUR","BA:622","EAP_DWAP_SEX_AGE_RT","SEX_T","AGE_10YRBANDS_Y55-64","2020",33.533,,,,"R1:3513"
"TUR","BA:622","EAP_DWAP_SEX_AGE_RT","SEX_T","AGE_10YRBANDS_YGE65","2020",10.002,,,,"R1:3513"
"TUR","BA:622","EAP_DWAP_SEX_AGE_RT","SEX_M","AGE_10YRBANDS_YGE15","2020",68.179,,,,"R1:3513"
"TUR","BA:622","EAP_DWAP_SEX_AGE_RT","SEX_M","AGE_10YRBANDS_Y15-24","2020",50.127,,,,"R1:3513"
"TUR","BA:622","EAP_DWAP_SEX_AGE_RT","SEX_M","AGE_10YRBANDS_Y25-34","2020",89.83,,,,"R1:3513"
"TUR","BA:622","EAP_DWAP_SEX_AGE_RT","SEX_M","AGE_10YRBANDS_Y35-44","2020",92.161,,,,"R1:3513"
"TUR","BA:622","EAP_DWAP_SEX_AGE_RT","SEX_M","AGE_10YRBANDS_Y45-54","2020",82.062,,,,"R1:3513"
"TUR","BA:622","EAP_DWAP_SEX_AGE_RT","SEX_M","AGE_10YRBANDS_Y55-64","2020",50.054,,,,"R1:3513"
"TUR","BA:622","EAP_DWAP_SEX_AGE_RT","SEX_M","AGE_10YRBANDS_YGE65","2020",16.783,,,,"R1:3513"
"TUR","BA:622","EAP_DWAP_SEX_AGE_RT","SEX_F","AGE_10YRBANDS_YGE15","2020",30.89,,,,"R1:3513"
"TUR","BA:622","EAP_DWAP_SEX_AGE_RT","SEX_F","AGE_10YRBANDS_Y15-24","2020",27.544,,,,"R1:3513"
"TUR","BA:622","EAP_DWAP_SEX_AGE_RT","SEX_F","AGE_10YRBANDS_Y25-34","2020",43.917,,,,"R1:3513"
"TUR","BA:622","EAP_DWAP_SEX_AGE_RT","SEX_F","AGE_10YRBANDS_Y35-44","2020",44.535,,,,"R1:3513"
"TUR","BA:622","EAP_DWAP_SEX_AGE_RT","SEX_F","AGE_10YRBANDS_Y45-54","2020",35.149,,,,"R1:3513"
"TUR","BA:622","EAP_DWAP_SEX_AGE_RT","SEX_F","AGE_10YRBANDS_Y55-64","2020",17.384,,,,"R1:3513"
"TUR","BA:622","EAP_DWAP_SEX_AGE_RT","SEX_F","AGE_10YRBANDS_YGE65","2020",4.622,,,,"R1:3513"
"TUR","BA:622","EAP_DWAP_SEX_AGE_RT","SEX_T","AGE_5YRBANDS_YGE15","2020",49.335,,,,"R1:3513"
"TUR","BA:622","EAP_DWAP_SEX_AGE_RT","SEX_T","AGE_5YRBANDS_Y15-19","2020",23.584,,,,"R1:3513"
"TUR","BA:622","EAP_DWAP_SEX_AGE_RT","SEX_T","AGE_5YRBANDS_Y20-24","2020",55.127,,,,"R1:3513"
"TUR","BA:622","EAP_DWAP_SEX_AGE_RT","SEX_T","AGE_5YRBANDS_Y25-29","2020",66.537,,,,"R1:3513"
"TUR","BA:622","EAP_DWAP_SEX_AGE_RT","SEX_T","AGE_5YRBANDS_Y30-34","2020",67.183,,,,"R1:3513"
"TUR","BA:622","EAP_DWAP_SEX_AGE_RT","SEX_T","AGE_5YRBANDS_Y35-39","2020",68.64,,,,"R1:3513"
"TUR","BA:622","EAP_DWAP_SEX_AGE_RT","SEX_T","AGE_5YRBANDS_Y40-44","2020",68.247,,,,"R1:3513"
"TUR","BA:622","EAP_DWAP_SEX_AGE_RT","SEX_T","AGE_5YRBANDS_Y45-49","2020",64.034,,,,"R1:3513"
"TUR","BA:622","EAP_DWAP_SEX_AGE_RT","SEX_T","AGE_5YRBANDS_Y50-54","2020",52.293,,,,"R1:3513"
"TUR","BA:622","EAP_DWAP_SEX_AGE_RT","SEX_T","AGE_5YRBANDS_Y55-59","2020",38.38,,,,"R1:3513"
"TUR","BA:622","EAP_DWAP_SEX_AGE_RT","SEX_T","AGE_5YRBANDS_Y60-64","2020",27.441,,,,"R1:3513"
"TUR","BA:622","EAP_DWAP_SEX_AGE_RT","SEX_T","AGE_5YRBANDS_YGE65","2020",10.002,,,,"R1:3513"
"TUR","BA:622","EAP_DWAP_SEX_AGE_RT","SEX_M","AGE_5YRBANDS_YGE15","2020",68.179,,,,"R1:3513"
"TUR","BA:622","EAP_DWAP_SEX_AGE_RT","SEX_M","AGE_5YRBANDS_Y15-19","2020",32.805,,,,"R1:3513"
"TUR","BA:622","EAP_DWAP_SEX_AGE_RT","SEX_M","AGE_5YRBANDS_Y20-24","2020",68.583,,,,"R1:3513"
"TUR","BA:622","EAP_DWAP_SEX_AGE_RT","SEX_M","AGE_5YRBANDS_Y25-29","2020",87.477,,,,"R1:3513"
"TUR","BA:622","EAP_DWAP_SEX_AGE_RT","SEX_M","AGE_5YRBANDS_Y30-34","2020",92.114,,,,"R1:3513"
"TUR","BA:622","EAP_DWAP_SEX_AGE_RT","SEX_M","AGE_5YRBANDS_Y35-39","2020",92.586,,,,"R1:3513"
"TUR","BA:622","EAP_DWAP_SEX_AGE_RT","SEX_M","AGE_5YRBANDS_Y40-44","2020",91.708,,,,"R1:3513"
"TUR","BA:622","EAP_DWAP_SEX_AGE_RT","SEX_M","AGE_5YRBANDS_Y45-49","2020",88.65,,,,"R1:3513"
"TUR","BA:622","EAP_DWAP_SEX_AGE_RT","SEX_M","AGE_5YRBANDS_Y50-54","2020",74.272,,,,"R1:3513"
"TUR","BA:622","EAP_DWAP_SEX_AGE_RT","SEX_M","AGE_5YRBANDS_Y55-59","2020",56.685,,,,"R1:3513"
"TUR","BA:622","EAP_DWAP_SEX_AGE_RT","SEX_M","AGE_5YRBANDS_Y60-64","2020",41.681,,,,"R1:3513"
"TUR","BA:622","EAP_DWAP_SEX_AGE_RT","SEX_M","AGE_5YRBANDS_YGE65","2020",16.783,,,,"R1:3513"
"TUR","BA:622","EAP_DWAP_SEX_AGE_RT","SEX_F","AGE_5YRBANDS_YGE15","2020",30.89,,,,"R1:3513"
"TUR","BA:622","EAP_DWAP_SEX_AGE_RT","SEX_F","AGE_5YRBANDS_Y15-19","2020",13.74,,,,"R1:3513"
"TUR","BA:622","EAP_DWAP_SEX_AGE_RT","SEX_F","AGE_5YRBANDS_Y20-24","2020",41.498,,,,"R1:3513"
"TUR","BA:622","EAP_DWAP_SEX_AGE_RT","SEX_F","AGE_5YRBANDS_Y25-29","2020",45.762,,,,"R1:3513"
"TUR","BA:622","EAP_DWAP_SEX_AGE_RT","SEX_F","AGE_5YRBANDS_Y30-34","2020",42.101,,,,"R1:3513"
"TUR","BA:622","EAP_DWAP_SEX_AGE_RT","SEX_F","AGE_5YRBANDS_Y35-39","2020",44.514,,,,"R1:3513"
"TUR","BA:622","EAP_DWAP_SEX_AGE_RT","SEX_F","AGE_5YRBANDS_Y40-44","2020",44.558,,,,"R1:3513"
"TUR","BA:622","EAP_DWAP_SEX_AGE_RT","SEX_F","AGE_5YRBANDS_Y45-49","2020",39.523,,,,"R1:3513"
"TUR","BA:622","EAP_DWAP_SEX_AGE_RT","SEX_F","AGE_5YRBANDS_Y50-54","2020",29.844,,,,"R1:3513"
"TUR","BA:622","EAP_DWAP_SEX_AGE_RT","SEX_F","AGE_5YRBANDS_Y55-59","2020",20.412,,,,"R1:3513"
"TUR","BA:622","EAP_DWAP_SEX_AGE_RT","SEX_F","AGE_5YRBANDS_Y60-64","2020",13.595,,,,"R1:3513"
"TUR","BA:622","EAP_DWAP_SEX_AGE_RT","SEX_F","AGE_5YRBANDS_YGE65","2020",4.622,,,,"R1:3513"
"TUR","BA:622","EAP_DWAP_SEX_AGE_RT","SEX_T","AGE_YTHADULT_YGE15","2019",52.952,,,,"R1:3513"
"TUR","BA:622","EAP_DWAP_SEX_AGE_RT","SEX_T","AGE_YTHADULT_Y15-64","2019",58.484,,,,"R1:3513"
"TUR","BA:622","EAP_DWAP_SEX_AGE_RT","SEX_T","AGE_YTHADULT_Y15-24","2019",44.418,,,,"R1:3513"
"TUR","BA:622","EAP_DWAP_SEX_AGE_RT","SEX_T","AGE_YTHADULT_YGE25","2019",54.951,,,,"R1:3513"
"TUR","BA:622","EAP_DWAP_SEX_AGE_RT","SEX_M","AGE_YTHADULT_YGE15","2019",71.985,,,,"R1:3513"
"TUR","BA:622","EAP_DWAP_SEX_AGE_RT","SEX_M","AGE_YTHADULT_Y15-64","2019",78.154,,,,"R1:3513"
"TUR","BA:622","EAP_DWAP_SEX_AGE_RT","SEX_M","AGE_YTHADULT_Y15-24","2019",55.933,,,,"R1:3513"
"TUR","BA:622","EAP_DWAP_SEX_AGE_RT","SEX_M","AGE_YTHADULT_YGE25","2019",75.864,,,,"R1:3513"
"TUR","BA:622","EAP_DWAP_SEX_AGE_RT","SEX_F","AGE_YTHADULT_YGE15","2019",34.363,,,,"R1:3513"
"TUR","BA:622","EAP_DWAP_SEX_AGE_RT","SEX_F","AGE_YTHADULT_Y15-64","2019",38.715,,,,"R1:3513"
"TUR","BA:622","EAP_DWAP_SEX_AGE_RT","SEX_F","AGE_YTHADULT_Y15-24","2019",32.59,,,,"R1:3513"
"TUR","BA:622","EAP_DWAP_SEX_AGE_RT","SEX_F","AGE_YTHADULT_YGE25","2019",34.766,,,,"R1:3513"
"TUR","BA:622","EAP_DWAP_SEX_AGE_RT","SEX_T","AGE_AGGREGATE_YGE15","2019",52.952,,,,"R1:3513"
"TUR","BA:622","EAP_DWAP_SEX_AGE_RT","SEX_T","AGE_AGGREGATE_Y15-24","2019",44.418,,,,"R1:3513"
"TUR","BA:622","EAP_DWAP_SEX_AGE_RT","SEX_T","AGE_AGGREGATE_Y25-54","2019",68.1,,,,"R1:3513"
"TUR","BA:622","EAP_DWAP_SEX_AGE_RT","SEX_T","AGE_AGGREGATE_Y55-64","2019",36.539,,,,"R1:3513"
"TUR","BA:622","EAP_DWAP_SEX_AGE_RT","SEX_T","AGE_AGGREGATE_YGE65","2019",11.995,,,,"R1:3513"
"TUR","BA:622","EAP_DWAP_SEX_AGE_RT","SEX_M","AGE_AGGREGATE_YGE15","2019",71.985,,,,"R1:3513"
"TUR","BA:622","EAP_DWAP_SEX_AGE_RT","SEX_M","AGE_AGGREGATE_Y15-24","2019",55.933,,,,"R1:3513"
"TUR","BA:622","EAP_DWAP_SEX_AGE_RT","SEX_M","AGE_AGGREGATE_Y25-54","2019",91.038,,,,"R1:3513"
"TUR","BA:622","EAP_DWAP_SEX_AGE_RT","SEX_M","AGE_AGGREGATE_Y55-64","2019",53.86,,,,"R1:3513"
"TUR","BA:622","EAP_DWAP_SEX_AGE_RT","SEX_M","AGE_AGGREGATE_YGE65","2019",20.082,,,,"R1:3513"
"TUR","BA:622","EAP_DWAP_SEX_AGE_RT","SEX_F","AGE_AGGREGATE_YGE15","2019",34.363,,,,"R1:3513"
"TUR","BA:622","EAP_DWAP_SEX_AGE_RT","SEX_F","AGE_AGGREGATE_Y15-24","2019",32.59,,,,"R1:3513"
"TUR","BA:622","EAP_DWAP_SEX_AGE_RT","SEX_F","AGE_AGGREGATE_Y25-54","2019",45.063,,,,"R1:3513"
"TUR","BA:622","EAP_DWAP_SEX_AGE_RT","SEX_F","AGE_AGGREGATE_Y55-64","2019",19.636,,,,"R1:3513"
"TUR","BA:622","EAP_DWAP_SEX_AGE_RT","SEX_F","AGE_AGGREGATE_YGE65","2019",5.614,,,,"R1:3513"
"TUR","BA:622","EAP_DWAP_SEX_AGE_RT","SEX_T","AGE_10YRBANDS_YGE15","2019",52.952,,,,"R1:3513"
"TUR","BA:622","EAP_DWAP_SEX_AGE_RT","SEX_T","AGE_10YRBANDS_Y15-24","2019",44.418,,,,"R1:3513"
"TUR","BA:622","EAP_DWAP_SEX_AGE_RT","SEX_T","AGE_10YRBANDS_Y25-34","2019",70.697,,,,"R1:3513"
"TUR","BA:622","EAP_DWAP_SEX_AGE_RT","SEX_T","AGE_10YRBANDS_Y35-44","2019",71.14,,,,"R1:3513"
"TUR","BA:622","EAP_DWAP_SEX_AGE_RT","SEX_T","AGE_10YRBANDS_Y45-54","2019",61.171,,,,"R1:3513"
"TUR","BA:622","EAP_DWAP_SEX_AGE_RT","SEX_T","AGE_10YRBANDS_Y55-64","2019",36.539,,,,"R1:3513"
"TUR","BA:622","EAP_DWAP_SEX_AGE_RT","SEX_T","AGE_10YRBANDS_YGE65","2019",11.995,,,,"R1:3513"
"TUR","BA:622","EAP_DWAP_SEX_AGE_RT","SEX_M","AGE_10YRBANDS_YGE15","2019",71.985,,,,"R1:3513"
"TUR","BA:622","EAP_DWAP_SEX_AGE_RT","SEX_M","AGE_10YRBANDS_Y15-24","2019",55.933,,,,"R1:3513"
"TUR","BA:622","EAP_DWAP_SEX_AGE_RT","SEX_M","AGE_10YRBANDS_Y25-34","2019",92.813,,,,"R1:3513"
"TUR","BA:622","EAP_DWAP_SEX_AGE_RT","SEX_M","AGE_10YRBANDS_Y35-44","2019",94.406,,,,"R1:3513"
"TUR","BA:622","EAP_DWAP_SEX_AGE_RT","SEX_M","AGE_10YRBANDS_Y45-54","2019",84.722,,,,"R1:3513"
"TUR","BA:622","EAP_DWAP_SEX_AGE_RT","SEX_M","AGE_10YRBANDS_Y55-64","2019",53.86,,,,"R1:3513"
"TUR","BA:622","EAP_DWAP_SEX_AGE_RT","SEX_M","AGE_10YRBANDS_YGE65","2019",20.082,,,,"R1:3513"
"TUR","BA:622","EAP_DWAP_SEX_AGE_RT","SEX_F","AGE_10YRBANDS_YGE15","2019",34.363,,,,"R1:3513"
"TUR","BA:622","EAP_DWAP_SEX_AGE_RT","SEX_F","AGE_10YRBANDS_Y15-24","2019",32.59,,,,"R1:3513"
"TUR","BA:622","EAP_DWAP_SEX_AGE_RT","SEX_F","AGE_10YRBANDS_Y25-34","2019",48.64,,,,"R1:3513"
"TUR","BA:622","EAP_DWAP_SEX_AGE_RT","SEX_F","AGE_10YRBANDS_Y35-44","2019",47.669,,,,"R1:3513"
"TUR","BA:622","EAP_DWAP_SEX_AGE_RT","SEX_F","AGE_10YRBANDS_Y45-54","2019",37.449,,,,"R1:3513"
"TUR","BA:622","EAP_DWAP_SEX_AGE_RT","SEX_F","AGE_10YRBANDS_Y55-64","2019",19.636,,,,"R1:3513"
"TUR","BA:622","EAP_DWAP_SEX_AGE_RT","SEX_F","AGE_10YRBANDS_YGE65","2019",5.614,,,,"R1:3513"
"TUR","BA:622","EAP_DWAP_SEX_AGE_RT","SEX_T","AGE_5YRBANDS_YGE15","2019",52.952,,,,"R1:3513"
"TUR","BA:622","EAP_DWAP_SEX_AGE_RT","SEX_T","AGE_5YRBANDS_Y15-19","2019",28.898,,,,"R1:3513"
"TUR","BA:622","EAP_DWAP_SEX_AGE_RT","SEX_T","AGE_5YRBANDS_Y20-24","2019",61.292,,,,"R1:3513"
"TUR","BA:622","EAP_DWAP_SEX_AGE_RT","SEX_T","AGE_5YRBANDS_Y25-29","2019",70.316,,,,"R1:3513"
"TUR","BA:622","EAP_DWAP_SEX_AGE_RT","SEX_T","AGE_5YRBANDS_Y30-34","2019",71.066,,,,"R1:3513"
"TUR","BA:622","EAP_DWAP_SEX_AGE_RT","SEX_T","AGE_5YRBANDS_Y35-39","2019",71.198,,,,"R1:3513"
"TUR","BA:622","EAP_DWAP_SEX_AGE_RT","SEX_T","AGE_5YRBANDS_Y40-44","2019",71.075,,,,"R1:3513"
"TUR","BA:622","EAP_DWAP_SEX_AGE_RT","SEX_T","AGE_5YRBANDS_Y45-49","2019",66.576,,,,"R1:3513"
"TUR","BA:622","EAP_DWAP_SEX_AGE_RT","SEX_T","AGE_5YRBANDS_Y50-54","2019",54.926,,,,"R1:3513"
"TUR","BA:622","EAP_DWAP_SEX_AGE_RT","SEX_T","AGE_5YRBANDS_Y55-59","2019",41.898,,,,"R1:3513"
"TUR","BA:622","EAP_DWAP_SEX_AGE_RT","SEX_T","AGE_5YRBANDS_Y60-64","2019",29.986,,,,"R1:3513"
"TUR","BA:622","EAP_DWAP_SEX_AGE_RT","SEX_T","AGE_5YRBANDS_YGE65","2019",11.995,,,,"R1:3513"
"TUR","BA:622","EAP_DWAP_SEX_AGE_RT","SEX_M","AGE_5YRBANDS_YGE15","2019",71.985,,,,"R1:3513"
"TUR","BA:622","EAP_DWAP_SEX_AGE_RT","SEX_M","AGE_5YRBANDS_Y15-19","2019",38.669,,,,"R1:3513"
"TUR","BA:622","EAP_DWAP_SEX_AGE_RT","SEX_M","AGE_5YRBANDS_Y20-24","2019",75.571,,,,"R1:3513"
"TUR","BA:622","EAP_DWAP_SEX_AGE_RT","SEX_M","AGE_5YRBANDS_Y25-29","2019",90.905,,,,"R1:3513"
"TUR","BA:622","EAP_DWAP_SEX_AGE_RT","SEX_M","AGE_5YRBANDS_Y30-34","2019",94.64,,,,"R1:3513"
"TUR","BA:622","EAP_DWAP_SEX_AGE_RT","SEX_M","AGE_5YRBANDS_Y35-39","2019",94.876,,,,"R1:3513"
"TUR","BA:622","EAP_DWAP_SEX_AGE_RT","SEX_M","AGE_5YRBANDS_Y40-44","2019",93.884,,,,"R1:3513"
"TUR","BA:622","EAP_DWAP_SEX_AGE_RT","SEX_M","AGE_5YRBANDS_Y45-49","2019",90.667,,,,"R1:3513"
"TUR","BA:622","EAP_DWAP_SEX_AGE_RT","SEX_M","AGE_5YRBANDS_Y50-54","2019",77.909,,,,"R1:3513"
"TUR","BA:622","EAP_DWAP_SEX_AGE_RT","SEX_M","AGE_5YRBANDS_Y55-59","2019",61.211,,,,"R1:3513"
"TUR","BA:622","EAP_DWAP_SEX_AGE_RT","SEX_M","AGE_5YRBANDS_Y60-64","2019",44.788,,,,"R1:3513"
"TUR","BA:622","EAP_DWAP_SEX_AGE_RT","SEX_M","AGE_5YRBANDS_YGE65","2019",20.082,,,,"R1:3513"
"TUR","BA:622","EAP_DWAP_SEX_AGE_RT","SEX_F","AGE_5YRBANDS_YGE15","2019",34.363,,,,"R1:3513"
"TUR","BA:622","EAP_DWAP_SEX_AGE_RT","SEX_F","AGE_5YRBANDS_Y15-19","2019",18.41,,,,"R1:3513"
"TUR","BA:622","EAP_DWAP_SEX_AGE_RT","SEX_F","AGE_5YRBANDS_Y20-24","2019",47.308,,,,"R1:3513"
"TUR","BA:622","EAP_DWAP_SEX_AGE_RT","SEX_F","AGE_5YRBANDS_Y25-29","2019",49.987,,,,"R1:3513"
"TUR","BA:622","EAP_DWAP_SEX_AGE_RT","SEX_F","AGE_5YRBANDS_Y30-34","2019",47.323,,,,"R1:3513"
"TUR","BA:622","EAP_DWAP_SEX_AGE_RT","SEX_F","AGE_5YRBANDS_Y35-39","2019",47.365,,,,"R1:3513"
"TUR","BA:622","EAP_DWAP_SEX_AGE_RT","SEX_F","AGE_5YRBANDS_Y40-44","2019",48.009,,,,"R1:3513"
"TUR","BA:622","EAP_DWAP_SEX_AGE_RT","SEX_F","AGE_5YRBANDS_Y45-49","2019",42.496,,,,"R1:3513"
"TUR","BA:622","EAP_DWAP_SEX_AGE_RT","SEX_F","AGE_5YRBANDS_Y50-54","2019",31.568,,,,"R1:3513"
"TUR","BA:622","EAP_DWAP_SEX_AGE_RT","SEX_F","AGE_5YRBANDS_Y55-59","2019",22.897,,,,"R1:3513"
"TUR","BA:622","EAP_DWAP_SEX_AGE_RT","SEX_F","AGE_5YRBANDS_Y60-64","2019",15.682,,,,"R1:3513"
"TUR","BA:622","EAP_DWAP_SEX_AGE_RT","SEX_F","AGE_5YRBANDS_YGE65","2019",5.614,,,,"R1:3513"
"TUR","BA:622","EAP_DWAP_SEX_AGE_RT","SEX_T","AGE_YTHADULT_YGE15","2018",53.21,,,,"R1:3513"
"TUR","BA:622","EAP_DWAP_SEX_AGE_RT","SEX_T","AGE_YTHADULT_Y15-64","2018",58.525,,,,"R1:3513"
"TUR","BA:622","EAP_DWAP_SEX_AGE_RT","SEX_T","AGE_YTHADULT_Y15-24","2018",43.974,,,,"R1:3513"
"TUR","BA:622","EAP_DWAP_SEX_AGE_RT","SEX_T","AGE_YTHADULT_YGE25","2018",55.437,,,,"R1:3513"
"TUR","BA:622","EAP_DWAP_SEX_AGE_RT","SEX_M","AGE_YTHADULT_YGE15","2018",72.654,,,,"R1:3513"
"TUR","BA:622","EAP_DWAP_SEX_AGE_RT","SEX_M","AGE_YTHADULT_Y15-64","2018",78.576,,,,"R1:3513"
"TUR","BA:622","EAP_DWAP_SEX_AGE_RT","SEX_M","AGE_YTHADULT_Y15-24","2018",56.292,,,,"R1:3513"
"TUR","BA:622","EAP_DWAP_SEX_AGE_RT","SEX_M","AGE_YTHADULT_YGE25","2018",76.728,,,,"R1:3513"
"TUR","BA:622","EAP_DWAP_SEX_AGE_RT","SEX_F","AGE_YTHADULT_YGE15","2018",34.172,,,,"R1:3513"
"TUR","BA:622","EAP_DWAP_SEX_AGE_RT","SEX_F","AGE_YTHADULT_Y15-64","2018",38.325,,,,"R1:3513"
"TUR","BA:622","EAP_DWAP_SEX_AGE_RT","SEX_F","AGE_YTHADULT_Y15-24","2018",31.272,,,,"R1:3513"
"TUR","BA:622","EAP_DWAP_SEX_AGE_RT","SEX_F","AGE_YTHADULT_YGE25","2018",34.849,,,,"R1:3513"
"TUR","BA:622","EAP_DWAP_SEX_AGE_RT","SEX_T","AGE_AGGREGATE_YGE15","2018",53.21,,,,"R1:3513"
"TUR","BA:622","EAP_DWAP_SEX_AGE_RT","SEX_T","AGE_AGGREGATE_Y15-24","2018",43.974,,,,"R1:3513"
"TUR","BA:622","EAP_DWAP_SEX_AGE_RT","SEX_T","AGE_AGGREGATE_Y25-54","2018",67.996,,,,"R1:3513"
"TUR","BA:622","EAP_DWAP_SEX_AGE_RT","SEX_T","AGE_AGGREGATE_Y55-64","2018",37.793,,,,"R1:3513"
"TUR","BA:622","EAP_DWAP_SEX_AGE_RT","SEX_T","AGE_AGGREGATE_YGE65","2018",12.482,,,,"R1:3513"
"TUR","BA:622","EAP_DWAP_SEX_AGE_RT","SEX_M","AGE_AGGREGATE_YGE15","2018",72.654,,,,"R1:3513"
"TUR","BA:622","EAP_DWAP_SEX_AGE_RT","SEX_M","AGE_AGGREGATE_Y15-24","2018",56.292,,,,"R1:3513"
"TUR","BA:622","EAP_DWAP_SEX_AGE_RT","SEX_M","AGE_AGGREGATE_Y25-54","2018",91.162,,,,"R1:3513"
"TUR","BA:622","EAP_DWAP_SEX_AGE_RT","SEX_M","AGE_AGGREGATE_Y55-64","2018",55.752,,,,"R1:3513"
"TUR","BA:622","EAP_DWAP_SEX_AGE_RT","SEX_M","AGE_AGGREGATE_YGE65","2018",20.914,,,,"R1:3513"
"TUR","BA:622","EAP_DWAP_SEX_AGE_RT","SEX_F","AGE_AGGREGATE_YGE15","2018",34.172,,,,"R1:3513"
"TUR","BA:622","EAP_DWAP_SEX_AGE_RT","SEX_F","AGE_AGGREGATE_Y15-24","2018",31.272,,,,"R1:3513"
"TUR","BA:622","EAP_DWAP_SEX_AGE_RT","SEX_F","AGE_AGGREGATE_Y25-54","2018",44.679,,,,"R1:3513"
"TUR","BA:622","EAP_DWAP_SEX_AGE_RT","SEX_F","AGE_AGGREGATE_Y55-64","2018",20.284,,,,"R1:3513"
"TUR","BA:622","EAP_DWAP_SEX_AGE_RT","SEX_F","AGE_AGGREGATE_YGE65","2018",5.852,,,,"R1:3513"
"TUR","BA:622","EAP_DWAP_SEX_AGE_RT","SEX_T","AGE_10YRBANDS_YGE15","2018",53.21,,,,"R1:3513"
"TUR","BA:622","EAP_DWAP_SEX_AGE_RT","SEX_T","AGE_10YRBANDS_Y15-24","2018",43.974,,,,"R1:3513"
"TUR","BA:622","EAP_DWAP_SEX_AGE_RT","SEX_T","AGE_10YRBANDS_Y25-34","2018",70.41,,,,"R1:3513"
"TUR","BA:622","EAP_DWAP_SEX_AGE_RT","SEX_T","AGE_10YRBANDS_Y35-44","2018",71.358,,,,"R1:3513"
"TUR","BA:622","EAP_DWAP_SEX_AGE_RT","SEX_T","AGE_10YRBANDS_Y45-54","2018",60.77,,,,"R1:3513"
"TUR","BA:622","EAP_DWAP_SEX_AGE_RT","SEX_T","AGE_10YRBANDS_Y55-64","2018",37.793,,,,"R1:3513"
"TUR","BA:622","EAP_DWAP_SEX_AGE_RT","SEX_T","AGE_10YRBANDS_YGE65","2018",12.482,,,,"R1:3513"
"TUR","BA:622","EAP_DWAP_SEX_AGE_RT","SEX_M","AGE_10YRBANDS_YGE15","2018",72.654,,,,"R1:3513"
"TUR","BA:622","EAP_DWAP_SEX_AGE_RT","SEX_M","AGE_10YRBANDS_Y15-24","2018",56.292,,,,"R1:3513"
"TUR","BA:622","EAP_DWAP_SEX_AGE_RT","SEX_M","AGE_10YRBANDS_Y25-34","2018",93.359,,,,"R1:3513"
"TUR","BA:622","EAP_DWAP_SEX_AGE_RT","SEX_M","AGE_10YRBANDS_Y35-44","2018",94.715,,,,"R1:3513"
"TUR","BA:622","EAP_DWAP_SEX_AGE_RT","SEX_M","AGE_10YRBANDS_Y45-54","2018",83.979,,,,"R1:3513"
"TUR","BA:622","EAP_DWAP_SEX_AGE_RT","SEX_M","AGE_10YRBANDS_Y55-64","2018",55.752,,,,"R1:3513"
"TUR","BA:622","EAP_DWAP_SEX_AGE_RT","SEX_M","AGE_10YRBANDS_YGE65","2018",20.914,,,,"R1:3513"
"TUR","BA:622","EAP_DWAP_SEX_AGE_RT","SEX_F","AGE_10YRBANDS_YGE15","2018",34.172,,,,"R1:3513"
"TUR","BA:622","EAP_DWAP_SEX_AGE_RT","SEX_F","AGE_10YRBANDS_Y15-24","2018",31.272,,,,"R1:3513"
"TUR","BA:622","EAP_DWAP_SEX_AGE_RT","SEX_F","AGE_10YRBANDS_Y25-34","2018",47.382,,,,"R1:3513"
"TUR","BA:622","EAP_DWAP_SEX_AGE_RT","SEX_F","AGE_10YRBANDS_Y35-44","2018",47.823,,,,"R1:3513"
"TUR","BA:622","EAP_DWAP_SEX_AGE_RT","SEX_F","AGE_10YRBANDS_Y45-54","2018",37.353,,,,"R1:3513"
"TUR","BA:622","EAP_DWAP_SEX_AGE_RT","SEX_F","AGE_10YRBANDS_Y55-64","2018",20.284,,,,"R1:3513"
"TUR","BA:622","EAP_DWAP_SEX_AGE_RT","SEX_F","AGE_10YRBANDS_YGE65","2018",5.852,,,,"R1:3513"
"TUR","BA:622","EAP_DWAP_SEX_AGE_RT","SEX_T","AGE_5YRBANDS_YGE15","2018",53.21,,,,"R1:3513"
"TUR","BA:622","EAP_DWAP_SEX_AGE_RT","SEX_T","AGE_5YRBANDS_Y15-19","2018",29.136,,,,"R1:3513"
"TUR","BA:622","EAP_DWAP_SEX_AGE_RT","SEX_T","AGE_5YRBANDS_Y20-24","2018",60.376,,,,"R1:3513"
"TUR","BA:622","EAP_DWAP_SEX_AGE_RT","SEX_T","AGE_5YRBANDS_Y25-29","2018",70.159,,,,"R1:3513"
"TUR","BA:622","EAP_DWAP_SEX_AGE_RT","SEX_T","AGE_5YRBANDS_Y30-34","2018",70.653,,,,"R1:3513"
"TUR","BA:622","EAP_DWAP_SEX_AGE_RT","SEX_T","AGE_5YRBANDS_Y35-39","2018",71.67,,,,"R1:3513"
"TUR","BA:622","EAP_DWAP_SEX_AGE_RT","SEX_T","AGE_5YRBANDS_Y40-44","2018",71.004,,,,"R1:3513"
"TUR","BA:622","EAP_DWAP_SEX_AGE_RT","SEX_T","AGE_5YRBANDS_Y45-49","2018",66.533,,,,"R1:3513"
"TUR","BA:622","EAP_DWAP_SEX_AGE_RT","SEX_T","AGE_5YRBANDS_Y50-54","2018",54.405,,,,"R1:3513"
"TUR","BA:622","EAP_DWAP_SEX_AGE_RT","SEX_T","AGE_5YRBANDS_Y55-59","2018",42.945,,,,"R1:3513"
"TUR","BA:622","EAP_DWAP_SEX_AGE_RT","SEX_T","AGE_5YRBANDS_Y60-64","2018",31.643,,,,"R1:3513"
"TUR","BA:622","EAP_DWAP_SEX_AGE_RT","SEX_T","AGE_5YRBANDS_YGE65","2018",12.482,,,,"R1:3513"
"TUR","BA:622","EAP_DWAP_SEX_AGE_RT","SEX_M","AGE_5YRBANDS_YGE15","2018",72.654,,,,"R1:3513"
"TUR","BA:622","EAP_DWAP_SEX_AGE_RT","SEX_M","AGE_5YRBANDS_Y15-19","2018",39.574,,,,"R1:3513"
"TUR","BA:622","EAP_DWAP_SEX_AGE_RT","SEX_M","AGE_5YRBANDS_Y20-24","2018",75.57,,,,"R1:3513"
"TUR","BA:622","EAP_DWAP_SEX_AGE_RT","SEX_M","AGE_5YRBANDS_Y25-29","2018",91.592,,,,"R1:3513"
"TUR","BA:622","EAP_DWAP_SEX_AGE_RT","SEX_M","AGE_5YRBANDS_Y30-34","2018",95.054,,,,"R1:3513"
"TUR","BA:622","EAP_DWAP_SEX_AGE_RT","SEX_M","AGE_5YRBANDS_Y35-39","2018",94.968,,,,"R1:3513"
"TUR","BA:622","EAP_DWAP_SEX_AGE_RT","SEX_M","AGE_5YRBANDS_Y40-44","2018",94.429,,,,"R1:3513"
"TUR","BA:622","EAP_DWAP_SEX_AGE_RT","SEX_M","AGE_5YRBANDS_Y45-49","2018",90.397,,,,"R1:3513"
"TUR","BA:622","EAP_DWAP_SEX_AGE_RT","SEX_M","AGE_5YRBANDS_Y50-54","2018",76.886,,,,"R1:3513"
"TUR","BA:622","EAP_DWAP_SEX_AGE_RT","SEX_M","AGE_5YRBANDS_Y55-59","2018",63.303,,,,"R1:3513"
"TUR","BA:622","EAP_DWAP_SEX_AGE_RT","SEX_M","AGE_5YRBANDS_Y60-64","2018",46.597,,,,"R1:3513"
"TUR","BA:622","EAP_DWAP_SEX_AGE_RT","SEX_M","AGE_5YRBANDS_YGE65","2018",20.914,,,,"R1:3513"
"TUR","BA:622","EAP_DWAP_SEX_AGE_RT","SEX_F","AGE_5YRBANDS_YGE15","2018",34.172,,,,"R1:3513"
"TUR","BA:622","EAP_DWAP_SEX_AGE_RT","SEX_F","AGE_5YRBANDS_Y15-19","2018",17.925,,,,"R1:3513"
"TUR","BA:622","EAP_DWAP_SEX_AGE_RT","SEX_F","AGE_5YRBANDS_Y20-24","2018",45.398,,,,"R1:3513"
"TUR","BA:622","EAP_DWAP_SEX_AGE_RT","SEX_F","AGE_5YRBANDS_Y25-29","2018",48.831,,,,"R1:3513"
"TUR","BA:622","EAP_DWAP_SEX_AGE_RT","SEX_F","AGE_5YRBANDS_Y30-34","2018",45.969,,,,"R1:3513"
"TUR","BA:622","EAP_DWAP_SEX_AGE_RT","SEX_F","AGE_5YRBANDS_Y35-39","2018",48.21,,,,"R1:3513"
"TUR","BA:622","EAP_DWAP_SEX_AGE_RT","SEX_F","AGE_5YRBANDS_Y40-44","2018",47.384,,,,"R1:3513"
"TUR","BA:622","EAP_DWAP_SEX_AGE_RT","SEX_F","AGE_5YRBANDS_Y45-49","2018",42.442,,,,"R1:3513"
"TUR","BA:622","EAP_DWAP_SEX_AGE_RT","SEX_F","AGE_5YRBANDS_Y50-54","2018",31.736,,,,"R1:3513"
"TUR","BA:622","EAP_DWAP_SEX_AGE_RT","SEX_F","AGE_5YRBANDS_Y55-59","2018",22.82,,,,"R1:3513"
"TUR","BA:622","EAP_DWAP_SEX_AGE_RT","SEX_F","AGE_5YRBANDS_Y60-64","2018",17.302,,,,"R1:3513"
"TUR","BA:622","EAP_DWAP_SEX_AGE_RT","SEX_F","AGE_5YRBANDS_YGE65","2018",5.852,,,,"R1:3513"
"TUR","BA:622","EAP_DWAP_SEX_AGE_RT","SEX_T","AGE_YTHADULT_YGE15","2017",52.832,,,,"R1:3513"
"TUR","BA:622","EAP_DWAP_SEX_AGE_RT","SEX_T","AGE_YTHADULT_Y15-64","2017",57.995,,,,"R1:3513"
"TUR","BA:622","EAP_DWAP_SEX_AGE_RT","SEX_T","AGE_YTHADULT_Y15-24","2017",43.336,,,,"R1:3513"
"TUR","BA:622","EAP_DWAP_SEX_AGE_RT","SEX_T","AGE_YTHADULT_YGE25","2017",55.181,,,,"R1:3513"
"TUR","BA:622","EAP_DWAP_SEX_AGE_RT","SEX_M","AGE_YTHADULT_YGE15","2017",72.46,,,,"R1:3513"
"TUR","BA:622","EAP_DWAP_SEX_AGE_RT","SEX_M","AGE_YTHADULT_Y15-64","2017",78.222,,,,"R1:3513"
"TUR","BA:622","EAP_DWAP_SEX_AGE_RT","SEX_M","AGE_YTHADULT_Y15-24","2017",55.202,,,,"R1:3513"
"TUR","BA:622","EAP_DWAP_SEX_AGE_RT","SEX_M","AGE_YTHADULT_YGE25","2017",76.857,,,,"R1:3513"
"TUR","BA:622","EAP_DWAP_SEX_AGE_RT","SEX_F","AGE_YTHADULT_YGE15","2017",33.591,,,,"R1:3513"
"TUR","BA:622","EAP_DWAP_SEX_AGE_RT","SEX_F","AGE_YTHADULT_Y15-64","2017",37.595,,,,"R1:3513"
"TUR","BA:622","EAP_DWAP_SEX_AGE_RT","SEX_F","AGE_YTHADULT_Y15-24","2017",31.133,,,,"R1:3513"
"TUR","BA:622","EAP_DWAP_SEX_AGE_RT","SEX_F","AGE_YTHADULT_YGE25","2017",34.181,,,,"R1:3513"
"TUR","BA:622","EAP_DWAP_SEX_AGE_RT","SEX_T","AGE_AGGREGATE_YGE15","2017",52.832,,,,"R1:3513"
"TUR","BA:622","EAP_DWAP_SEX_AGE_RT","SEX_T","AGE_AGGREGATE_Y15-24","2017",43.336,,,,"R1:3513"
"TUR","BA:622","EAP_DWAP_SEX_AGE_RT","SEX_T","AGE_AGGREGATE_Y25-54","2017",67.568,,,,"R1:3513"
"TUR","BA:622","EAP_DWAP_SEX_AGE_RT","SEX_T","AGE_AGGREGATE_Y55-64","2017",36.797,,,,"R1:3513"
"TUR","BA:622","EAP_DWAP_SEX_AGE_RT","SEX_T","AGE_AGGREGATE_YGE65","2017",12.165,,,,"R1:3513"
"TUR","BA:622","EAP_DWAP_SEX_AGE_RT","SEX_M","AGE_AGGREGATE_YGE15","2017",72.46,,,,"R1:3513"
"TUR","BA:622","EAP_DWAP_SEX_AGE_RT","SEX_M","AGE_AGGREGATE_Y15-24","2017",55.202,,,,"R1:3513"
"TUR","BA:622","EAP_DWAP_SEX_AGE_RT","SEX_M","AGE_AGGREGATE_Y25-54","2017",91.175,,,,"R1:3513"
"TUR","BA:622","EAP_DWAP_SEX_AGE_RT","SEX_M","AGE_AGGREGATE_Y55-64","2017",54.772,,,,"R1:3513"
"TUR","BA:622","EAP_DWAP_SEX_AGE_RT","SEX_M","AGE_AGGREGATE_YGE65","2017",20.564,,,,"R1:3513"
"TUR","BA:622","EAP_DWAP_SEX_AGE_RT","SEX_F","AGE_AGGREGATE_YGE15","2017",33.591,,,,"R1:3513"
"TUR","BA:622","EAP_DWAP_SEX_AGE_RT","SEX_F","AGE_AGGREGATE_Y15-24","2017",31.133,,,,"R1:3513"
"TUR","BA:622","EAP_DWAP_SEX_AGE_RT","SEX_F","AGE_AGGREGATE_Y25-54","2017",43.752,,,,"R1:3513"
"TUR","BA:622","EAP_DWAP_SEX_AGE_RT","SEX_F","AGE_AGGREGATE_Y55-64","2017",19.266,,,,"R1:3513"
"TUR","BA:622","EAP_DWAP_SEX_AGE_RT","SEX_F","AGE_AGGREGATE_YGE65","2017",5.588,,,,"R1:3513"
"TUR","BA:622","EAP_DWAP_SEX_AGE_RT","SEX_T","AGE_10YRBANDS_YGE15","2017",52.832,,,,"R1:3513"
"TUR","BA:622","EAP_DWAP_SEX_AGE_RT","SEX_T","AGE_10YRBANDS_Y15-24","2017",43.336,,,,"R1:3513"
"TUR","BA:622","EAP_DWAP_SEX_AGE_RT","SEX_T","AGE_10YRBANDS_Y25-34","2017",70.317,,,,"R1:3513"
"TUR","BA:622","EAP_DWAP_SEX_AGE_RT","SEX_T","AGE_10YRBANDS_Y35-44","2017",70.941,,,,"R1:3513"
"TUR","BA:622","EAP_DWAP_SEX_AGE_RT","SEX_T","AGE_10YRBANDS_Y45-54","2017",59.747,,,,"R1:3513"
"TUR","BA:622","EAP_DWAP_SEX_AGE_RT","SEX_T","AGE_10YRBANDS_Y55-64","2017",36.797,,,,"R1:3513"
"TUR","BA:622","EAP_DWAP_SEX_AGE_RT","SEX_T","AGE_10YRBANDS_YGE65","2017",12.165,,,,"R1:3513"
"TUR","BA:622","EAP_DWAP_SEX_AGE_RT","SEX_M","AGE_10YRBANDS_YGE15","2017",72.46,,,,"R1:3513"
"TUR","BA:622","EAP_DWAP_SEX_AGE_RT","SEX_M","AGE_10YRBANDS_Y15-24","2017",55.202,,,,"R1:3513"
"TUR","BA:622","EAP_DWAP_SEX_AGE_RT","SEX_M","AGE_10YRBANDS_Y25-34","2017",93.433,,,,"R1:3513"
"TUR","BA:622","EAP_DWAP_SEX_AGE_RT","SEX_M","AGE_10YRBANDS_Y35-44","2017",94.824,,,,"R1:3513"
"TUR","BA:622","EAP_DWAP_SEX_AGE_RT","SEX_M","AGE_10YRBANDS_Y45-54","2017",83.655,,,,"R1:3513"
"TUR","BA:622","EAP_DWAP_SEX_AGE_RT","SEX_M","AGE_10YRBANDS_Y55-64","2017",54.772,,,,"R1:3513"
"TUR","BA:622","EAP_DWAP_SEX_AGE_RT","SEX_M","AGE_10YRBANDS_YGE65","2017",20.564,,,,"R1:3513"
"TUR","BA:622","EAP_DWAP_SEX_AGE_RT","SEX_F","AGE_10YRBANDS_YGE15","2017",33.591,,,,"R1:3513"
"TUR","BA:622","EAP_DWAP_SEX_AGE_RT","SEX_F","AGE_10YRBANDS_Y15-24","2017",31.133,,,,"R1:3513"
"TUR","BA:622","EAP_DWAP_SEX_AGE_RT","SEX_F","AGE_10YRBANDS_Y25-34","2017",47.008,,,,"R1:3513"
"TUR","BA:622","EAP_DWAP_SEX_AGE_RT","SEX_F","AGE_10YRBANDS_Y35-44","2017",46.891,,,,"R1:3513"
"TUR","BA:622","EAP_DWAP_SEX_AGE_RT","SEX_F","AGE_10YRBANDS_Y45-54","2017",35.559,,,,"R1:3513"
"TUR","BA:622","EAP_DWAP_SEX_AGE_RT","SEX_F","AGE_10YRBANDS_Y55-64","2017",19.266,,,,"R1:3513"
"TUR","BA:622","EAP_DWAP_SEX_AGE_RT","SEX_F","AGE_10YRBANDS_YGE65","2017",5.588,,,,"R1:3513"
"TUR","BA:622","EAP_DWAP_SEX_AGE_RT","SEX_T","AGE_5YRBANDS_YGE15","2017",52.832,,,,"R1:3513"
"TUR","BA:622","EAP_DWAP_SEX_AGE_RT","SEX_T","AGE_5YRBANDS_Y15-19","2017",28.518,,,,"R1:3513"
"TUR","BA:622","EAP_DWAP_SEX_AGE_RT","SEX_T","AGE_5YRBANDS_Y20-24","2017",59.968,,,,"R1:3513"
"TUR","BA:622","EAP_DWAP_SEX_AGE_RT","SEX_T","AGE_5YRBANDS_Y25-29","2017",70.114,,,,"R1:3513"
"TUR","BA:622","EAP_DWAP_SEX_AGE_RT","SEX_T","AGE_5YRBANDS_Y30-34","2017",70.513,,,,"R1:3513"
"TUR","BA:622","EAP_DWAP_SEX_AGE_RT","SEX_T","AGE_5YRBANDS_Y35-39","2017",71.385,,,,"R1:3513"
"TUR","BA:622","EAP_DWAP_SEX_AGE_RT","SEX_T","AGE_5YRBANDS_Y40-44","2017",70.432,,,,"R1:3513"
"TUR","BA:622","EAP_DWAP_SEX_AGE_RT","SEX_T","AGE_5YRBANDS_Y45-49","2017",65.837,,,,"R1:3513"
"TUR","BA:622","EAP_DWAP_SEX_AGE_RT","SEX_T","AGE_5YRBANDS_Y50-54","2017",53.422,,,,"R1:3513"
"TUR","BA:622","EAP_DWAP_SEX_AGE_RT","SEX_T","AGE_5YRBANDS_Y55-59","2017",42.043,,,,"R1:3513"
"TUR","BA:622","EAP_DWAP_SEX_AGE_RT","SEX_T","AGE_5YRBANDS_Y60-64","2017",30.795,,,,"R1:3513"
"TUR","BA:622","EAP_DWAP_SEX_AGE_RT","SEX_T","AGE_5YRBANDS_YGE65","2017",12.165,,,,"R1:3513"
"TUR","BA:622","EAP_DWAP_SEX_AGE_RT","SEX_M","AGE_5YRBANDS_YGE15","2017",72.46,,,,"R1:3513"
"TUR","BA:622","EAP_DWAP_SEX_AGE_RT","SEX_M","AGE_5YRBANDS_Y15-19","2017",38.213,,,,"R1:3513"
"TUR","BA:622","EAP_DWAP_SEX_AGE_RT","SEX_M","AGE_5YRBANDS_Y20-24","2017",75.132,,,,"R1:3513"
"TUR","BA:622","EAP_DWAP_SEX_AGE_RT","SEX_M","AGE_5YRBANDS_Y25-29","2017",91.808,,,,"R1:3513"
"TUR","BA:622","EAP_DWAP_SEX_AGE_RT","SEX_M","AGE_5YRBANDS_Y30-34","2017",95.002,,,,"R1:3513"
"TUR","BA:622","EAP_DWAP_SEX_AGE_RT","SEX_M","AGE_5YRBANDS_Y35-39","2017",95.067,,,,"R1:3513"
"TUR","BA:622","EAP_DWAP_SEX_AGE_RT","SEX_M","AGE_5YRBANDS_Y40-44","2017",94.544,,,,"R1:3513"
"TUR","BA:622","EAP_DWAP_SEX_AGE_RT","SEX_M","AGE_5YRBANDS_Y45-49","2017",90.575,,,,"R1:3513"
"TUR","BA:622","EAP_DWAP_SEX_AGE_RT","SEX_M","AGE_5YRBANDS_Y50-54","2017",76.396,,,,"R1:3513"
"TUR","BA:622","EAP_DWAP_SEX_AGE_RT","SEX_M","AGE_5YRBANDS_Y55-59","2017",62.499,,,,"R1:3513"
"TUR","BA:622","EAP_DWAP_SEX_AGE_RT","SEX_M","AGE_5YRBANDS_Y60-64","2017",45.768,,,,"R1:3513"
"TUR","BA:622","EAP_DWAP_SEX_AGE_RT","SEX_M","AGE_5YRBANDS_YGE65","2017",20.564,,,,"R1:3513"
"TUR","BA:622","EAP_DWAP_SEX_AGE_RT","SEX_F","AGE_5YRBANDS_YGE15","2017",33.591,,,,"R1:3513"
"TUR","BA:622","EAP_DWAP_SEX_AGE_RT","SEX_F","AGE_5YRBANDS_Y15-19","2017",18.118,,,,"R1:3513"
"TUR","BA:622","EAP_DWAP_SEX_AGE_RT","SEX_F","AGE_5YRBANDS_Y20-24","2017",45.094,,,,"R1:3513"
"TUR","BA:622","EAP_DWAP_SEX_AGE_RT","SEX_F","AGE_5YRBANDS_Y25-29","2017",48.386,,,,"R1:3513"
"TUR","BA:622","EAP_DWAP_SEX_AGE_RT","SEX_F","AGE_5YRBANDS_Y30-34","2017",45.661,,,,"R1:3513"
"TUR","BA:622","EAP_DWAP_SEX_AGE_RT","SEX_F","AGE_5YRBANDS_Y35-39","2017",47.503,,,,"R1:3513"
"TUR","BA:622","EAP_DWAP_SEX_AGE_RT","SEX_F","AGE_5YRBANDS_Y40-44","2017",46.19,,,,"R1:3513"
"TUR","BA:622","EAP_DWAP_SEX_AGE_RT","SEX_F","AGE_5YRBANDS_Y45-49","2017",40.564,,,,"R1:3513"
"TUR","BA:622","EAP_DWAP_SEX_AGE_RT","SEX_F","AGE_5YRBANDS_Y50-54","2017",30.413,,,,"R1:3513"
"TUR","BA:622","EAP_DWAP_SEX_AGE_RT","SEX_F","AGE_5YRBANDS_Y55-59","2017",21.752,,,,"R1:3513"
"TUR","BA:622","EAP_DWAP_SEX_AGE_RT","SEX_F","AGE_5YRBANDS_Y60-64","2017",16.472,,,,"R1:3513"
"TUR","BA:622","EAP_DWAP_SEX_AGE_RT","SEX_F","AGE_5YRBANDS_YGE65","2017",5.588,,,,"R1:3513"
"TUR","BA:622","EAP_DWAP_SEX_AGE_RT","SEX_T","AGE_YTHADULT_YGE15","2016",52.001,,,,"R1:3513"
"TUR","BA:622","EAP_DWAP_SEX_AGE_RT","SEX_T","AGE_YTHADULT_Y15-64","2016",56.983,,,,"R1:3513"
"TUR","BA:622","EAP_DWAP_SEX_AGE_RT","SEX_T","AGE_YTHADULT_Y15-24","2016",42.425,,,,"R1:3513"
"TUR","BA:622","EAP_DWAP_SEX_AGE_RT","SEX_T","AGE_YTHADULT_YGE25","2016",54.421,,,,"R1:3513"
"TUR","BA:622","EAP_DWAP_SEX_AGE_RT","SEX_M","AGE_YTHADULT_YGE15","2016",71.986,,,,"R1:3513"
"TUR","BA:622","EAP_DWAP_SEX_AGE_RT","SEX_M","AGE_YTHADULT_Y15-64","2016",77.595,,,,"R1:3513"
"TUR","BA:622","EAP_DWAP_SEX_AGE_RT","SEX_M","AGE_YTHADULT_Y15-24","2016",54.268,,,,"R1:3513"
"TUR","BA:622","EAP_DWAP_SEX_AGE_RT","SEX_M","AGE_YTHADULT_YGE25","2016",76.567,,,,"R1:3513"
"TUR","BA:622","EAP_DWAP_SEX_AGE_RT","SEX_F","AGE_YTHADULT_YGE15","2016",32.459,,,,"R1:3513"
"TUR","BA:622","EAP_DWAP_SEX_AGE_RT","SEX_F","AGE_YTHADULT_Y15-64","2016",36.237,,,,"R1:3513"
"TUR","BA:622","EAP_DWAP_SEX_AGE_RT","SEX_F","AGE_YTHADULT_Y15-24","2016",30.413,,,,"R1:3513"
"TUR","BA:622","EAP_DWAP_SEX_AGE_RT","SEX_F","AGE_YTHADULT_YGE25","2016",32.964,,,,"R1:3513"
"TUR","BA:622","EAP_DWAP_SEX_AGE_RT","SEX_T","AGE_AGGREGATE_YGE15","2016",52.001,,,,"R1:3513"
"TUR","BA:622","EAP_DWAP_SEX_AGE_RT","SEX_T","AGE_AGGREGATE_Y15-24","2016",42.425,,,,"R1:3513"
"TUR","BA:622","EAP_DWAP_SEX_AGE_RT","SEX_T","AGE_AGGREGATE_Y25-54","2016",66.508,,,,"R1:3513"
"TUR","BA:622","EAP_DWAP_SEX_AGE_RT","SEX_T","AGE_AGGREGATE_Y55-64","2016",35.642,,,,"R1:3513"
"TUR","BA:622","EAP_DWAP_SEX_AGE_RT","SEX_T","AGE_AGGREGATE_YGE65","2016",11.783,,,,"R1:3513"
"TUR","BA:622","EAP_DWAP_SEX_AGE_RT","SEX_M","AGE_AGGREGATE_YGE15","2016",71.986,,,,"R1:3513"
"TUR","BA:622","EAP_DWAP_SEX_AGE_RT","SEX_M","AGE_AGGREGATE_Y15-24","2016",54.268,,,,"R1:3513"
"TUR","BA:622","EAP_DWAP_SEX_AGE_RT","SEX_M","AGE_AGGREGATE_Y25-54","2016",90.819,,,,"R1:3513"
"TUR","BA:622","EAP_DWAP_SEX_AGE_RT","SEX_M","AGE_AGGREGATE_Y55-64","2016",53.028,,,,"R1:3513"
"TUR","BA:622","EAP_DWAP_SEX_AGE_RT","SEX_M","AGE_AGGREGATE_YGE65","2016",19.917,,,,"R1:3513"
"TUR","BA:622","EAP_DWAP_SEX_AGE_RT","SEX_F","AGE_AGGREGATE_YGE15","2016",32.459,,,,"R1:3513"
"TUR","BA:622","EAP_DWAP_SEX_AGE_RT","SEX_F","AGE_AGGREGATE_Y15-24","2016",30.413,,,,"R1:3513"
"TUR","BA:622","EAP_DWAP_SEX_AGE_RT","SEX_F","AGE_AGGREGATE_Y25-54","2016",41.961,,,,"R1:3513"
"TUR","BA:622","EAP_DWAP_SEX_AGE_RT","SEX_F","AGE_AGGREGATE_Y55-64","2016",18.65,,,,"R1:3513"
"TUR","BA:622","EAP_DWAP_SEX_AGE_RT","SEX_F","AGE_AGGREGATE_YGE65","2016",5.489,,,,"R1:3513"
"TUR","BA:622","EAP_DWAP_SEX_AGE_RT","SEX_T","AGE_10YRBANDS_YGE15","2016",52.001,,,,"R1:3513"
"TUR","BA:622","EAP_DWAP_SEX_AGE_RT","SEX_T","AGE_10YRBANDS_Y15-24","2016",42.425,,,,"R1:3513"
"TUR","BA:622","EAP_DWAP_SEX_AGE_RT","SEX_T","AGE_10YRBANDS_Y25-34","2016",69.534,,,,"R1:3513"
"TUR","BA:622","EAP_DWAP_SEX_AGE_RT","SEX_T","AGE_10YRBANDS_Y35-44","2016",70.034,,,,"R1:3513"
"TUR","BA:622","EAP_DWAP_SEX_AGE_RT","SEX_T","AGE_10YRBANDS_Y45-54","2016",57.985,,,,"R1:3513"
"TUR","BA:622","EAP_DWAP_SEX_AGE_RT","SEX_T","AGE_10YRBANDS_Y55-64","2016",35.642,,,,"R1:3513"
"TUR","BA:622","EAP_DWAP_SEX_AGE_RT","SEX_T","AGE_10YRBANDS_YGE65","2016",11.783,,,,"R1:3513"
"TUR","BA:622","EAP_DWAP_SEX_AGE_RT","SEX_M","AGE_10YRBANDS_YGE15","2016",71.986,,,,"R1:3513"
"TUR","BA:622","EAP_DWAP_SEX_AGE_RT","SEX_M","AGE_10YRBANDS_Y15-24","2016",54.268,,,,"R1:3513"
"TUR","BA:622","EAP_DWAP_SEX_AGE_RT","SEX_M","AGE_10YRBANDS_Y25-34","2016",93.391,,,,"R1:3513"
"TUR","BA:622","EAP_DWAP_SEX_AGE_RT","SEX_M","AGE_10YRBANDS_Y35-44","2016",94.545,,,,"R1:3513"
"TUR","BA:622","EAP_DWAP_SEX_AGE_RT","SEX_M","AGE_10YRBANDS_Y45-54","2016",82.663,,,,"R1:3513"
"TUR","BA:622","EAP_DWAP_SEX_AGE_RT","SEX_M","AGE_10YRBANDS_Y55-64","2016",53.028,,,,"R1:3513"
"TUR","BA:622","EAP_DWAP_SEX_AGE_RT","SEX_M","AGE_10YRBANDS_YGE65","2016",19.917,,,,"R1:3513"
"TUR","BA:622","EAP_DWAP_SEX_AGE_RT","SEX_F","AGE_10YRBANDS_YGE15","2016",32.459,,,,"R1:3513"
"TUR","BA:622","EAP_DWAP_SEX_AGE_RT","SEX_F","AGE_10YRBANDS_Y15-24","2016",30.413,,,,"R1:3513"
"TUR","BA:622","EAP_DWAP_SEX_AGE_RT","SEX_F","AGE_10YRBANDS_Y25-34","2016",45.46,,,,"R1:3513"
"TUR","BA:622","EAP_DWAP_SEX_AGE_RT","SEX_F","AGE_10YRBANDS_Y35-44","2016",45.323,,,,"R1:3513"
"TUR","BA:622","EAP_DWAP_SEX_AGE_RT","SEX_F","AGE_10YRBANDS_Y45-54","2016",32.998,,,,"R1:3513"
"TUR","BA:622","EAP_DWAP_SEX_AGE_RT","SEX_F","AGE_10YRBANDS_Y55-64","2016",18.65,,,,"R1:3513"
"TUR","BA:622","EAP_DWAP_SEX_AGE_RT","SEX_F","AGE_10YRBANDS_YGE65","2016",5.489,,,,"R1:3513"
"TUR","BA:622","EAP_DWAP_SEX_AGE_RT","SEX_T","AGE_5YRBANDS_YGE15","2016",52.001,,,,"R1:3513"
"TUR","BA:622","EAP_DWAP_SEX_AGE_RT","SEX_T","AGE_5YRBANDS_Y15-19","2016",28.206,,,,"R1:3513"
"TUR","BA:622","EAP_DWAP_SEX_AGE_RT","SEX_T","AGE_5YRBANDS_Y20-24","2016",58.576,,,,"R1:3513"
"TUR","BA:622","EAP_DWAP_SEX_AGE_RT","SEX_T","AGE_5YRBANDS_Y25-29","2016",68.84,,,,"R1:3513"
"TUR","BA:622","EAP_DWAP_SEX_AGE_RT","SEX_T","AGE_5YRBANDS_Y30-34","2016",70.206,,,,"R1:3513"
"TUR","BA:622","EAP_DWAP_SEX_AGE_RT","SEX_T","AGE_5YRBANDS_Y35-39","2016",70.393,,,,"R1:3513"
"TUR","BA:622","EAP_DWAP_SEX_AGE_RT","SEX_T","AGE_5YRBANDS_Y40-44","2016",69.626,,,,"R1:3513"
"TUR","BA:622","EAP_DWAP_SEX_AGE_RT","SEX_T","AGE_5YRBANDS_Y45-49","2016",64.782,,,,"R1:3513"
"TUR","BA:622","EAP_DWAP_SEX_AGE_RT","SEX_T","AGE_5YRBANDS_Y50-54","2016",51.244,,,,"R1:3513"
"TUR","BA:622","EAP_DWAP_SEX_AGE_RT","SEX_T","AGE_5YRBANDS_Y55-59","2016",40.681,,,,"R1:3513"
"TUR","BA:622","EAP_DWAP_SEX_AGE_RT","SEX_T","AGE_5YRBANDS_Y60-64","2016",29.926,,,,"R1:3513"
"TUR","BA:622","EAP_DWAP_SEX_AGE_RT","SEX_T","AGE_5YRBANDS_YGE65","2016",11.783,,,,"R1:3513"
"TUR","BA:622","EAP_DWAP_SEX_AGE_RT","SEX_M","AGE_5YRBANDS_YGE15","2016",71.986,,,,"R1:3513"
"TUR","BA:622","EAP_DWAP_SEX_AGE_RT","SEX_M","AGE_5YRBANDS_Y15-19","2016",37.104,,,,"R1:3513"
"TUR","BA:622","EAP_DWAP_SEX_AGE_RT","SEX_M","AGE_5YRBANDS_Y20-24","2016",74.603,,,,"R1:3513"
"TUR","BA:622","EAP_DWAP_SEX_AGE_RT","SEX_M","AGE_5YRBANDS_Y25-29","2016",91.434,,,,"R1:3513"
"TUR","BA:622","EAP_DWAP_SEX_AGE_RT","SEX_M","AGE_5YRBANDS_Y30-34","2016",95.264,,,,"R1:3513"
"TUR","BA:622","EAP_DWAP_SEX_AGE_RT","SEX_M","AGE_5YRBANDS_Y35-39","2016",94.889,,,,"R1:3513"
"TUR","BA:622","EAP_DWAP_SEX_AGE_RT","SEX_M","AGE_5YRBANDS_Y40-44","2016",94.152,,,,"R1:3513"
"TUR","BA:622","EAP_DWAP_SEX_AGE_RT","SEX_M","AGE_5YRBANDS_Y45-49","2016",90.609,,,,"R1:3513"
"TUR","BA:622","EAP_DWAP_SEX_AGE_RT","SEX_M","AGE_5YRBANDS_Y50-54","2016",74.655,,,,"R1:3513"
"TUR","BA:622","EAP_DWAP_SEX_AGE_RT","SEX_M","AGE_5YRBANDS_Y55-59","2016",60.08,,,,"R1:3513"
"TUR","BA:622","EAP_DWAP_SEX_AGE_RT","SEX_M","AGE_5YRBANDS_Y60-64","2016",44.845,,,,"R1:3513"
"TUR","BA:622","EAP_DWAP_SEX_AGE_RT","SEX_M","AGE_5YRBANDS_YGE65","2016",19.917,,,,"R1:3513"
"TUR","BA:622","EAP_DWAP_SEX_AGE_RT","SEX_F","AGE_5YRBANDS_YGE15","2016",32.459,,,,"R1:3513"
"TUR","BA:622","EAP_DWAP_SEX_AGE_RT","SEX_F","AGE_5YRBANDS_Y15-19","2016",18.815,,,,"R1:3513"
"TUR","BA:622","EAP_DWAP_SEX_AGE_RT","SEX_F","AGE_5YRBANDS_Y20-24","2016",43.037,,,,"R1:3513"
"TUR","BA:622","EAP_DWAP_SEX_AGE_RT","SEX_F","AGE_5YRBANDS_Y25-29","2016",46.263,,,,"R1:3513"
"TUR","BA:622","EAP_DWAP_SEX_AGE_RT","SEX_F","AGE_5YRBANDS_Y30-34","2016",44.677,,,,"R1:3513"
"TUR","BA:622","EAP_DWAP_SEX_AGE_RT","SEX_F","AGE_5YRBANDS_Y35-39","2016",45.584,,,,"R1:3513"
"TUR","BA:622","EAP_DWAP_SEX_AGE_RT","SEX_F","AGE_5YRBANDS_Y40-44","2016",45.028,,,,"R1:3513"
"TUR","BA:622","EAP_DWAP_SEX_AGE_RT","SEX_F","AGE_5YRBANDS_Y45-49","2016",38.206,,,,"R1:3513"
"TUR","BA:622","EAP_DWAP_SEX_AGE_RT","SEX_F","AGE_5YRBANDS_Y50-54","2016",27.916,,,,"R1:3513"
"TUR","BA:622","EAP_DWAP_SEX_AGE_RT","SEX_F","AGE_5YRBANDS_Y55-59","2016",21.32,,,,"R1:3513"
"TUR","BA:622","EAP_DWAP_SEX_AGE_RT","SEX_F","AGE_5YRBANDS_Y60-64","2016",15.687,,,,"R1:3513"
"TUR","BA:622","EAP_DWAP_SEX_AGE_RT","SEX_F","AGE_5YRBANDS_YGE65","2016",5.489,,,,"R1:3513"
"TUR","BA:622","EAP_DWAP_SEX_AGE_RT","SEX_T","AGE_YTHADULT_YGE15","2015",51.298,,,,"R1:3513"
"TUR","BA:622","EAP_DWAP_SEX_AGE_RT","SEX_T","AGE_YTHADULT_Y15-64","2015",56.085,,,,"R1:3513"
"TUR","BA:622","EAP_DWAP_SEX_AGE_RT","SEX_T","AGE_YTHADULT_Y15-24","2015",42.013,,,,"R1:3513"
"TUR","BA:622","EAP_DWAP_SEX_AGE_RT","SEX_T","AGE_YTHADULT_YGE25","2015",53.677,,,,"R1:3513"
"TUR","BA:622","EAP_DWAP_SEX_AGE_RT","SEX_M","AGE_YTHADULT_YGE15","2015",71.581,,,,"R1:3513"
"TUR","BA:622","EAP_DWAP_SEX_AGE_RT","SEX_M","AGE_YTHADULT_Y15-64","2015",77.045,,,,"R1:3513"
"TUR","BA:622","EAP_DWAP_SEX_AGE_RT","SEX_M","AGE_YTHADULT_Y15-24","2015",54.188,,,,"R1:3513"
"TUR","BA:622","EAP_DWAP_SEX_AGE_RT","SEX_M","AGE_YTHADULT_YGE25","2015",76.116,,,,"R1:3513"
"TUR","BA:622","EAP_DWAP_SEX_AGE_RT","SEX_F","AGE_YTHADULT_YGE15","2015",31.505,,,,"R1:3513"
"TUR","BA:622","EAP_DWAP_SEX_AGE_RT","SEX_F","AGE_YTHADULT_Y15-64","2015",35.041,,,,"R1:3513"
"TUR","BA:622","EAP_DWAP_SEX_AGE_RT","SEX_F","AGE_YTHADULT_Y15-24","2015",29.799,,,,"R1:3513"
"TUR","BA:622","EAP_DWAP_SEX_AGE_RT","SEX_F","AGE_YTHADULT_YGE25","2015",31.934,,,,"R1:3513"
"TUR","BA:622","EAP_DWAP_SEX_AGE_RT","SEX_T","AGE_AGGREGATE_YGE15","2015",51.298,,,,"R1:3513"
"TUR","BA:622","EAP_DWAP_SEX_AGE_RT","SEX_T","AGE_AGGREGATE_Y15-24","2015",42.013,,,,"R1:3513"
"TUR","BA:622","EAP_DWAP_SEX_AGE_RT","SEX_T","AGE_AGGREGATE_Y25-54","2015",65.473,,,,"R1:3513"
"TUR","BA:622","EAP_DWAP_SEX_AGE_RT","SEX_T","AGE_AGGREGATE_Y55-64","2015",34.145,,,,"R1:3513"
"TUR","BA:622","EAP_DWAP_SEX_AGE_RT","SEX_T","AGE_AGGREGATE_YGE65","2015",11.936,,,,"R1:3513"
"TUR","BA:622","EAP_DWAP_SEX_AGE_RT","SEX_M","AGE_AGGREGATE_YGE15","2015",71.581,,,,"R1:3513"
"TUR","BA:622","EAP_DWAP_SEX_AGE_RT","SEX_M","AGE_AGGREGATE_Y15-24","2015",54.188,,,,"R1:3513"
"TUR","BA:622","EAP_DWAP_SEX_AGE_RT","SEX_M","AGE_AGGREGATE_Y25-54","2015",90.405,,,,"R1:3513"
"TUR","BA:622","EAP_DWAP_SEX_AGE_RT","SEX_M","AGE_AGGREGATE_Y55-64","2015",50.327,,,,"R1:3513"
"TUR","BA:622","EAP_DWAP_SEX_AGE_RT","SEX_M","AGE_AGGREGATE_YGE65","2015",19.889,,,,"R1:3513"
"TUR","BA:622","EAP_DWAP_SEX_AGE_RT","SEX_F","AGE_AGGREGATE_YGE15","2015",31.505,,,,"R1:3513"
"TUR","BA:622","EAP_DWAP_SEX_AGE_RT","SEX_F","AGE_AGGREGATE_Y15-24","2015",29.799,,,,"R1:3513"
"TUR","BA:622","EAP_DWAP_SEX_AGE_RT","SEX_F","AGE_AGGREGATE_Y25-54","2015",40.305,,,,"R1:3513"
"TUR","BA:622","EAP_DWAP_SEX_AGE_RT","SEX_F","AGE_AGGREGATE_Y55-64","2015",18.314,,,,"R1:3513"
"TUR","BA:622","EAP_DWAP_SEX_AGE_RT","SEX_F","AGE_AGGREGATE_YGE65","2015",5.801,,,,"R1:3513"
"TUR","BA:622","EAP_DWAP_SEX_AGE_RT","SEX_T","AGE_10YRBANDS_YGE15","2015",51.298,,,,"R1:3513"
"TUR","BA:622","EAP_DWAP_SEX_AGE_RT","SEX_T","AGE_10YRBANDS_Y15-24","2015",42.013,,,,"R1:3513"
"TUR","BA:622","EAP_DWAP_SEX_AGE_RT","SEX_T","AGE_10YRBANDS_Y25-34","2015",68.446,,,,"R1:3513"
"TUR","BA:622","EAP_DWAP_SEX_AGE_RT","SEX_T","AGE_10YRBANDS_Y35-44","2015",69.15,,,,"R1:3513"
"TUR","BA:622","EAP_DWAP_SEX_AGE_RT","SEX_T","AGE_10YRBANDS_Y45-54","2015",56.738,,,,"R1:3513"
"TUR","BA:622","EAP_DWAP_SEX_AGE_RT","SEX_T","AGE_10YRBANDS_Y55-64","2015",34.145,,,,"R1:3513"
"TUR","BA:622","EAP_DWAP_SEX_AGE_RT","SEX_T","AGE_10YRBANDS_YGE65","2015",11.936,,,,"R1:3513"
"TUR","BA:622","EAP_DWAP_SEX_AGE_RT","SEX_M","AGE_10YRBANDS_YGE15","2015",71.581,,,,"R1:3513"
"TUR","BA:622","EAP_DWAP_SEX_AGE_RT","SEX_M","AGE_10YRBANDS_Y15-24","2015",54.188,,,,"R1:3513"
"TUR","BA:622","EAP_DWAP_SEX_AGE_RT","SEX_M","AGE_10YRBANDS_Y25-34","2015",93.245,,,,"R1:3513"
"TUR","BA:622","EAP_DWAP_SEX_AGE_RT","SEX_M","AGE_10YRBANDS_Y35-44","2015",94.484,,,,"R1:3513"
"TUR","BA:622","EAP_DWAP_SEX_AGE_RT","SEX_M","AGE_10YRBANDS_Y45-54","2015",81.363,,,,"R1:3513"
"TUR","BA:622","EAP_DWAP_SEX_AGE_RT","SEX_M","AGE_10YRBANDS_Y55-64","2015",50.327,,,,"R1:3513"
"TUR","BA:622","EAP_DWAP_SEX_AGE_RT","SEX_M","AGE_10YRBANDS_YGE65","2015",19.889,,,,"R1:3513"
"TUR","BA:622","EAP_DWAP_SEX_AGE_RT","SEX_F","AGE_10YRBANDS_YGE15","2015",31.505,,,,"R1:3513"
"TUR","BA:622","EAP_DWAP_SEX_AGE_RT","SEX_F","AGE_10YRBANDS_Y15-24","2015",29.799,,,,"R1:3513"
"TUR","BA:622","EAP_DWAP_SEX_AGE_RT","SEX_F","AGE_10YRBANDS_Y25-34","2015",43.476,,,,"R1:3513"
"TUR","BA:622","EAP_DWAP_SEX_AGE_RT","SEX_F","AGE_10YRBANDS_Y35-44","2015",43.57,,,,"R1:3513"
"TUR","BA:622","EAP_DWAP_SEX_AGE_RT","SEX_F","AGE_10YRBANDS_Y45-54","2015",31.799,,,,"R1:3513"
"TUR","BA:622","EAP_DWAP_SEX_AGE_RT","SEX_F","AGE_10YRBANDS_Y55-64","2015",18.314,,,,"R1:3513"
"TUR","BA:622","EAP_DWAP_SEX_AGE_RT","SEX_F","AGE_10YRBANDS_YGE65","2015",5.801,,,,"R1:3513"
"TUR","BA:622","EAP_DWAP_SEX_AGE_RT","SEX_T","AGE_5YRBANDS_YGE15","2015",51.298,,,,"R1:3513"
"TUR","BA:622","EAP_DWAP_SEX_AGE_RT","SEX_T","AGE_5YRBANDS_Y15-19","2015",28.224,,,,"R1:3513"
"TUR","BA:622","EAP_DWAP_SEX_AGE_RT","SEX_T","AGE_5YRBANDS_Y20-24","2015",57.92,,,,"R1:3513"
"TUR","BA:622","EAP_DWAP_SEX_AGE_RT","SEX_T","AGE_5YRBANDS_Y25-29","2015",67.769,,,,"R1:3513"
"TUR","BA:622","EAP_DWAP_SEX_AGE_RT","SEX_T","AGE_5YRBANDS_Y30-34","2015",69.093,,,,"R1:3513"
"TUR","BA:622","EAP_DWAP_SEX_AGE_RT","SEX_T","AGE_5YRBANDS_Y35-39","2015",69.794,,,,"R1:3513"
"TUR","BA:622","EAP_DWAP_SEX_AGE_RT","SEX_T","AGE_5YRBANDS_Y40-44","2015",68.445,,,,"R1:3513"
"TUR","BA:622","EAP_DWAP_SEX_AGE_RT","SEX_T","AGE_5YRBANDS_Y45-49","2015",62.955,,,,"R1:3513"
"TUR","BA:622","EAP_DWAP_SEX_AGE_RT","SEX_T","AGE_5YRBANDS_Y50-54","2015",50.426,,,,"R1:3513"
"TUR","BA:622","EAP_DWAP_SEX_AGE_RT","SEX_T","AGE_5YRBANDS_Y55-59","2015",38.95,,,,"R1:3513"
"TUR","BA:622","EAP_DWAP_SEX_AGE_RT","SEX_T","AGE_5YRBANDS_Y60-64","2015",28.313,,,,"R1:3513"
"TUR","BA:622","EAP_DWAP_SEX_AGE_RT","SEX_T","AGE_5YRBANDS_YGE65","2015",11.936,,,,"R1:3513"
"TUR","BA:622","EAP_DWAP_SEX_AGE_RT","SEX_M","AGE_5YRBANDS_YGE15","2015",71.581,,,,"R1:3513"
"TUR","BA:622","EAP_DWAP_SEX_AGE_RT","SEX_M","AGE_5YRBANDS_Y15-19","2015",37.517,,,,"R1:3513"
"TUR","BA:622","EAP_DWAP_SEX_AGE_RT","SEX_M","AGE_5YRBANDS_Y20-24","2015",74.46,,,,"R1:3513"
"TUR","BA:622","EAP_DWAP_SEX_AGE_RT","SEX_M","AGE_5YRBANDS_Y25-29","2015",91.361,,,,"R1:3513"
"TUR","BA:622","EAP_DWAP_SEX_AGE_RT","SEX_M","AGE_5YRBANDS_Y30-34","2015",95.028,,,,"R1:3513"
"TUR","BA:622","EAP_DWAP_SEX_AGE_RT","SEX_M","AGE_5YRBANDS_Y35-39","2015",94.955,,,,"R1:3513"
"TUR","BA:622","EAP_DWAP_SEX_AGE_RT","SEX_M","AGE_5YRBANDS_Y40-44","2015",93.966,,,,"R1:3513"
"TUR","BA:622","EAP_DWAP_SEX_AGE_RT","SEX_M","AGE_5YRBANDS_Y45-49","2015",89.173,,,,"R1:3513"
"TUR","BA:622","EAP_DWAP_SEX_AGE_RT","SEX_M","AGE_5YRBANDS_Y50-54","2015",73.299,,,,"R1:3513"
"TUR","BA:622","EAP_DWAP_SEX_AGE_RT","SEX_M","AGE_5YRBANDS_Y55-59","2015",56.71,,,,"R1:3513"
"TUR","BA:622","EAP_DWAP_SEX_AGE_RT","SEX_M","AGE_5YRBANDS_Y60-64","2015",42.386,,,,"R1:3513"
"TUR","BA:622","EAP_DWAP_SEX_AGE_RT","SEX_M","AGE_5YRBANDS_YGE65","2015",19.889,,,,"R1:3513"
"TUR","BA:622","EAP_DWAP_SEX_AGE_RT","SEX_F","AGE_5YRBANDS_YGE15","2015",31.505,,,,"R1:3513"
"TUR","BA:622","EAP_DWAP_SEX_AGE_RT","SEX_F","AGE_5YRBANDS_Y15-19","2015",18.435,,,,"R1:3513"
"TUR","BA:622","EAP_DWAP_SEX_AGE_RT","SEX_F","AGE_5YRBANDS_Y20-24","2015",42.238,,,,"R1:3513"
"TUR","BA:622","EAP_DWAP_SEX_AGE_RT","SEX_F","AGE_5YRBANDS_Y25-29","2015",44.231,,,,"R1:3513"
"TUR","BA:622","EAP_DWAP_SEX_AGE_RT","SEX_F","AGE_5YRBANDS_Y30-34","2015",42.749,,,,"R1:3513"
"TUR","BA:622","EAP_DWAP_SEX_AGE_RT","SEX_F","AGE_5YRBANDS_Y35-39","2015",44.214,,,,"R1:3513"
"TUR","BA:622","EAP_DWAP_SEX_AGE_RT","SEX_F","AGE_5YRBANDS_Y40-44","2015",42.871,,,,"R1:3513"
"TUR","BA:622","EAP_DWAP_SEX_AGE_RT","SEX_F","AGE_5YRBANDS_Y45-49","2015",35.954,,,,"R1:3513"
"TUR","BA:622","EAP_DWAP_SEX_AGE_RT","SEX_F","AGE_5YRBANDS_Y50-54","2015",27.651,,,,"R1:3513"
"TUR","BA:622","EAP_DWAP_SEX_AGE_RT","SEX_F","AGE_5YRBANDS_Y55-59","2015",21.189,,,,"R1:3513"
"TUR","BA:622","EAP_DWAP_SEX_AGE_RT","SEX_F","AGE_5YRBANDS_Y60-64","2015",14.908,,,,"R1:3513"
"TUR","BA:622","EAP_DWAP_SEX_AGE_RT","SEX_F","AGE_5YRBANDS_YGE65","2015",5.801,,,,"R1:3513"
"TUR","BA:622","EAP_DWAP_SEX_AGE_RT","SEX_T","AGE_YTHADULT_YGE15","2014",50.514,,,,"R1:3513"
"TUR","BA:622","EAP_DWAP_SEX_AGE_RT","SEX_T","AGE_YTHADULT_Y15-64","2014",55.117,,,,"R1:3513"
"TUR","BA:622","EAP_DWAP_SEX_AGE_RT","SEX_T","AGE_YTHADULT_Y15-24","2014",40.843,,,,"R1:3513"
"TUR","BA:622","EAP_DWAP_SEX_AGE_RT","SEX_T","AGE_YTHADULT_YGE25","2014",53.019,,,,"R1:3513"
"TUR","BA:622","EAP_DWAP_SEX_AGE_RT","SEX_M","AGE_YTHADULT_YGE15","2014",71.261,,,,"R1:3513"
"TUR","BA:622","EAP_DWAP_SEX_AGE_RT","SEX_M","AGE_YTHADULT_Y15-64","2014",76.57,,,,"R1:3513"
"TUR","BA:622","EAP_DWAP_SEX_AGE_RT","SEX_M","AGE_YTHADULT_Y15-24","2014",53.978,,,,"R1:3513"
"TUR","BA:622","EAP_DWAP_SEX_AGE_RT","SEX_M","AGE_YTHADULT_YGE25","2014",75.812,,,,"R1:3513"
"TUR","BA:622","EAP_DWAP_SEX_AGE_RT","SEX_F","AGE_YTHADULT_YGE15","2014",30.266,,,,"R1:3513"
"TUR","BA:622","EAP_DWAP_SEX_AGE_RT","SEX_F","AGE_YTHADULT_Y15-64","2014",33.588,,,,"R1:3513"
"TUR","BA:622","EAP_DWAP_SEX_AGE_RT","SEX_F","AGE_YTHADULT_Y15-24","2014",27.691,,,,"R1:3513"
"TUR","BA:622","EAP_DWAP_SEX_AGE_RT","SEX_F","AGE_YTHADULT_YGE25","2014",30.922,,,,"R1:3513"
"TUR","BA:622","EAP_DWAP_SEX_AGE_RT","SEX_T","AGE_AGGREGATE_YGE15","2014",50.514,,,,"R1:3513"
"TUR","BA:622","EAP_DWAP_SEX_AGE_RT","SEX_T","AGE_AGGREGATE_Y15-24","2014",40.843,,,,"R1:3513"
"TUR","BA:622","EAP_DWAP_SEX_AGE_RT","SEX_T","AGE_AGGREGATE_Y25-54","2014",64.438,,,,"R1:3513"
"TUR","BA:622","EAP_DWAP_SEX_AGE_RT","SEX_T","AGE_AGGREGATE_Y55-64","2014",33.394,,,,"R1:3513"
"TUR","BA:622","EAP_DWAP_SEX_AGE_RT","SEX_T","AGE_AGGREGATE_YGE65","2014",11.454,,,,"R1:3513"
"TUR","BA:622","EAP_DWAP_SEX_AGE_RT","SEX_M","AGE_AGGREGATE_YGE15","2014",71.261,,,,"R1:3513"
"TUR","BA:622","EAP_DWAP_SEX_AGE_RT","SEX_M","AGE_AGGREGATE_Y15-24","2014",53.978,,,,"R1:3513"
"TUR","BA:622","EAP_DWAP_SEX_AGE_RT","SEX_M","AGE_AGGREGATE_Y25-54","2014",89.822,,,,"R1:3513"
"TUR","BA:622","EAP_DWAP_SEX_AGE_RT","SEX_M","AGE_AGGREGATE_Y55-64","2014",49.244,,,,"R1:3513"
"TUR","BA:622","EAP_DWAP_SEX_AGE_RT","SEX_M","AGE_AGGREGATE_YGE65","2014",19.348,,,,"R1:3513"
"TUR","BA:622","EAP_DWAP_SEX_AGE_RT","SEX_F","AGE_AGGREGATE_YGE15","2014",30.266,,,,"R1:3513"
"TUR","BA:622","EAP_DWAP_SEX_AGE_RT","SEX_F","AGE_AGGREGATE_Y15-24","2014",27.691,,,,"R1:3513"
"TUR","BA:622","EAP_DWAP_SEX_AGE_RT","SEX_F","AGE_AGGREGATE_Y25-54","2014",38.8,,,,"R1:3513"
"TUR","BA:622","EAP_DWAP_SEX_AGE_RT","SEX_F","AGE_AGGREGATE_Y55-64","2014",17.939,,,,"R1:3513"
"TUR","BA:622","EAP_DWAP_SEX_AGE_RT","SEX_F","AGE_AGGREGATE_YGE65","2014",5.388,,,,"R1:3513"
"TUR","BA:622","EAP_DWAP_SEX_AGE_RT","SEX_T","AGE_10YRBANDS_YGE15","2014",50.514,,,,"R1:3513"
"TUR","BA:622","EAP_DWAP_SEX_AGE_RT","SEX_T","AGE_10YRBANDS_Y15-24","2014",40.843,,,,"R1:3513"
"TUR","BA:622","EAP_DWAP_SEX_AGE_RT","SEX_T","AGE_10YRBANDS_Y25-34","2014",67.751,,,,"R1:3513"
"TUR","BA:622","EAP_DWAP_SEX_AGE_RT","SEX_T","AGE_10YRBANDS_Y35-44","2014",68.12,,,,"R1:3513"
"TUR","BA:622","EAP_DWAP_SEX_AGE_RT","SEX_T","AGE_10YRBANDS_Y45-54","2014",55.182,,,,"R1:3513"
"TUR","BA:622","EAP_DWAP_SEX_AGE_RT","SEX_T","AGE_10YRBANDS_Y55-64","2014",33.394,,,,"R1:3513"
"TUR","BA:622","EAP_DWAP_SEX_AGE_RT","SEX_T","AGE_10YRBANDS_YGE65","2014",11.454,,,,"R1:3513"
"TUR","BA:622","EAP_DWAP_SEX_AGE_RT","SEX_M","AGE_10YRBANDS_YGE15","2014",71.261,,,,"R1:3513"
"TUR","BA:622","EAP_DWAP_SEX_AGE_RT","SEX_M","AGE_10YRBANDS_Y15-24","2014",53.978,,,,"R1:3513"
"TUR","BA:622","EAP_DWAP_SEX_AGE_RT","SEX_M","AGE_10YRBANDS_Y25-34","2014",92.71,,,,"R1:3513"
"TUR","BA:622","EAP_DWAP_SEX_AGE_RT","SEX_M","AGE_10YRBANDS_Y35-44","2014",94.405,,,,"R1:3513"
"TUR","BA:622","EAP_DWAP_SEX_AGE_RT","SEX_M","AGE_10YRBANDS_Y45-54","2014",80.049,,,,"R1:3513"
"TUR","BA:622","EAP_DWAP_SEX_AGE_RT","SEX_M","AGE_10YRBANDS_Y55-64","2014",49.244,,,,"R1:3513"
"TUR","BA:622","EAP_DWAP_SEX_AGE_RT","SEX_M","AGE_10YRBANDS_YGE65","2014",19.348,,,,"R1:3513"
"TUR","BA:622","EAP_DWAP_SEX_AGE_RT","SEX_F","AGE_10YRBANDS_YGE15","2014",30.266,,,,"R1:3513"
"TUR","BA:622","EAP_DWAP_SEX_AGE_RT","SEX_F","AGE_10YRBANDS_Y15-24","2014",27.691,,,,"R1:3513"
"TUR","BA:622","EAP_DWAP_SEX_AGE_RT","SEX_F","AGE_10YRBANDS_Y25-34","2014",42.596,,,,"R1:3513"
"TUR","BA:622","EAP_DWAP_SEX_AGE_RT","SEX_F","AGE_10YRBANDS_Y35-44","2014",41.543,,,,"R1:3513"
"TUR","BA:622","EAP_DWAP_SEX_AGE_RT","SEX_F","AGE_10YRBANDS_Y45-54","2014",30.026,,,,"R1:3513"
"TUR","BA:622","EAP_DWAP_SEX_AGE_RT","SEX_F","AGE_10YRBANDS_Y55-64","2014",17.939,,,,"R1:3513"
"TUR","BA:622","EAP_DWAP_SEX_AGE_RT","SEX_F","AGE_10YRBANDS_YGE65","2014",5.388,,,,"R1:3513"
"TUR","BA:622","EAP_DWAP_SEX_AGE_RT","SEX_T","AGE_5YRBANDS_YGE15","2014",50.514,,,,"R1:3513"
"TUR","BA:622","EAP_DWAP_SEX_AGE_RT","SEX_T","AGE_5YRBANDS_Y15-19","2014",27.765,,,,"R1:3513"
"TUR","BA:622","EAP_DWAP_SEX_AGE_RT","SEX_T","AGE_5YRBANDS_Y20-24","2014",55.874,,,,"R1:3513"
"TUR","BA:622","EAP_DWAP_SEX_AGE_RT","SEX_T","AGE_5YRBANDS_Y25-29","2014",66.982,,,,"R1:3513"
"TUR","BA:622","EAP_DWAP_SEX_AGE_RT","SEX_T","AGE_5YRBANDS_Y30-34","2014",68.483,,,,"R1:3513"
"TUR","BA:622","EAP_DWAP_SEX_AGE_RT","SEX_T","AGE_5YRBANDS_Y35-39","2014",68.903,,,,"R1:3513"
"TUR","BA:622","EAP_DWAP_SEX_AGE_RT","SEX_T","AGE_5YRBANDS_Y40-44","2014",67.271,,,,"R1:3513"
"TUR","BA:622","EAP_DWAP_SEX_AGE_RT","SEX_T","AGE_5YRBANDS_Y45-49","2014",61.361,,,,"R1:3513"
"TUR","BA:622","EAP_DWAP_SEX_AGE_RT","SEX_T","AGE_5YRBANDS_Y50-54","2014",48.498,,,,"R1:3513"
"TUR","BA:622","EAP_DWAP_SEX_AGE_RT","SEX_T","AGE_5YRBANDS_Y55-59","2014",37.22,,,,"R1:3513"
"TUR","BA:622","EAP_DWAP_SEX_AGE_RT","SEX_T","AGE_5YRBANDS_Y60-64","2014",28.483,,,,"R1:3513"
"TUR","BA:622","EAP_DWAP_SEX_AGE_RT","SEX_T","AGE_5YRBANDS_YGE65","2014",11.454,,,,"R1:3513"
"TUR","BA:622","EAP_DWAP_SEX_AGE_RT","SEX_M","AGE_5YRBANDS_YGE15","2014",71.261,,,,"R1:3513"
"TUR","BA:622","EAP_DWAP_SEX_AGE_RT","SEX_M","AGE_5YRBANDS_Y15-19","2014",37.806,,,,"R1:3513"
"TUR","BA:622","EAP_DWAP_SEX_AGE_RT","SEX_M","AGE_5YRBANDS_Y20-24","2014",73.813,,,,"R1:3513"
"TUR","BA:622","EAP_DWAP_SEX_AGE_RT","SEX_M","AGE_5YRBANDS_Y25-29","2014",90.614,,,,"R1:3513"
"TUR","BA:622","EAP_DWAP_SEX_AGE_RT","SEX_M","AGE_5YRBANDS_Y30-34","2014",94.694,,,,"R1:3513"
"TUR","BA:622","EAP_DWAP_SEX_AGE_RT","SEX_M","AGE_5YRBANDS_Y35-39","2014",95.063,,,,"R1:3513"
"TUR","BA:622","EAP_DWAP_SEX_AGE_RT","SEX_M","AGE_5YRBANDS_Y40-44","2014",93.686,,,,"R1:3513"
"TUR","BA:622","EAP_DWAP_SEX_AGE_RT","SEX_M","AGE_5YRBANDS_Y45-49","2014",88.144,,,,"R1:3513"
"TUR","BA:622","EAP_DWAP_SEX_AGE_RT","SEX_M","AGE_5YRBANDS_Y50-54","2014",71.183,,,,"R1:3513"
"TUR","BA:622","EAP_DWAP_SEX_AGE_RT","SEX_M","AGE_5YRBANDS_Y55-59","2014",54.38,,,,"R1:3513"
"TUR","BA:622","EAP_DWAP_SEX_AGE_RT","SEX_M","AGE_5YRBANDS_Y60-64","2014",42.507,,,,"R1:3513"
"TUR","BA:622","EAP_DWAP_SEX_AGE_RT","SEX_M","AGE_5YRBANDS_YGE65","2014",19.348,,,,"R1:3513"
"TUR","BA:622","EAP_DWAP_SEX_AGE_RT","SEX_F","AGE_5YRBANDS_YGE15","2014",30.266,,,,"R1:3513"
"TUR","BA:622","EAP_DWAP_SEX_AGE_RT","SEX_F","AGE_5YRBANDS_Y15-19","2014",17.086,,,,"R1:3513"
"TUR","BA:622","EAP_DWAP_SEX_AGE_RT","SEX_F","AGE_5YRBANDS_Y20-24","2014",39.116,,,,"R1:3513"
"TUR","BA:622","EAP_DWAP_SEX_AGE_RT","SEX_F","AGE_5YRBANDS_Y25-29","2014",43.277,,,,"R1:3513"
"TUR","BA:622","EAP_DWAP_SEX_AGE_RT","SEX_F","AGE_5YRBANDS_Y30-34","2014",41.946,,,,"R1:3513"
"TUR","BA:622","EAP_DWAP_SEX_AGE_RT","SEX_F","AGE_5YRBANDS_Y35-39","2014",42.305,,,,"R1:3513"
"TUR","BA:622","EAP_DWAP_SEX_AGE_RT","SEX_F","AGE_5YRBANDS_Y40-44","2014",40.722,,,,"R1:3513"
"TUR","BA:622","EAP_DWAP_SEX_AGE_RT","SEX_F","AGE_5YRBANDS_Y45-49","2014",33.941,,,,"R1:3513"
"TUR","BA:622","EAP_DWAP_SEX_AGE_RT","SEX_F","AGE_5YRBANDS_Y50-54","2014",25.843,,,,"R1:3513"
"TUR","BA:622","EAP_DWAP_SEX_AGE_RT","SEX_F","AGE_5YRBANDS_Y55-59","2014",20.172,,,,"R1:3513"
"TUR","BA:622","EAP_DWAP_SEX_AGE_RT","SEX_F","AGE_5YRBANDS_Y60-64","2014",15.132,,,,"R1:3513"
"TUR","BA:622","EAP_DWAP_SEX_AGE_RT","SEX_F","AGE_5YRBANDS_YGE65","2014",5.388,,,,"R1:3513"
"TUR","BA:622","EAP_DWAP_SEX_AGE_RT","SEX_T","AGE_YTHADULT_YGE15","2013",50.839,,,,"R1:3513"
"TUR","BA:622","EAP_DWAP_SEX_AGE_RT","SEX_T","AGE_YTHADULT_Y15-64","2013",54.977,,,,"R1:3513"
"TUR","BA:622","EAP_DWAP_SEX_AGE_RT","SEX_T","AGE_YTHADULT_Y15-24","2013",39.642,,,,"R1:3513"
"TUR","BA:622","EAP_DWAP_SEX_AGE_RT","SEX_T","AGE_YTHADULT_YGE25","2013",53.779,,,,"R1:3513"
"TUR","BA:622","EAP_DWAP_SEX_AGE_RT","SEX_M","AGE_YTHADULT_YGE15","2013",71.493,,,,"R1:3513"
"TUR","BA:622","EAP_DWAP_SEX_AGE_RT","SEX_M","AGE_YTHADULT_Y15-64","2013",76.271,,,,"R1:3513"
"TUR","BA:622","EAP_DWAP_SEX_AGE_RT","SEX_M","AGE_YTHADULT_Y15-24","2013",51.9,,,,"R1:3513"
"TUR","BA:622","EAP_DWAP_SEX_AGE_RT","SEX_M","AGE_YTHADULT_YGE25","2013",76.688,,,,"R1:3513"
"TUR","BA:622","EAP_DWAP_SEX_AGE_RT","SEX_F","AGE_YTHADULT_YGE15","2013",30.761,,,,"R1:3513"
"TUR","BA:622","EAP_DWAP_SEX_AGE_RT","SEX_F","AGE_YTHADULT_Y15-64","2013",33.749,,,,"R1:3513"
"TUR","BA:622","EAP_DWAP_SEX_AGE_RT","SEX_F","AGE_YTHADULT_Y15-24","2013",27.541,,,,"R1:3513"
"TUR","BA:622","EAP_DWAP_SEX_AGE_RT","SEX_F","AGE_YTHADULT_YGE25","2013",31.599,,,,"R1:3513"
"TUR","BA:622","EAP_DWAP_SEX_AGE_RT","SEX_T","AGE_AGGREGATE_YGE15","2013",50.839,,,,"R1:3513"
"TUR","BA:622","EAP_DWAP_SEX_AGE_RT","SEX_T","AGE_AGGREGATE_Y15-24","2013",39.642,,,,"R1:3513"
"TUR","BA:622","EAP_DWAP_SEX_AGE_RT","SEX_T","AGE_AGGREGATE_Y25-54","2013",64.551,,,,"R1:3513"
"TUR","BA:622","EAP_DWAP_SEX_AGE_RT","SEX_T","AGE_AGGREGATE_Y55-64","2013",33.207,,,,"R1:3513"
"TUR","BA:622","EAP_DWAP_SEX_AGE_RT","SEX_T","AGE_AGGREGATE_YGE65","2013",12.419,,,,"R1:3513"
"TUR","BA:622","EAP_DWAP_SEX_AGE_RT","SEX_M","AGE_AGGREGATE_YGE15","2013",71.493,,,,"R1:3513"
"TUR","BA:622","EAP_DWAP_SEX_AGE_RT","SEX_M","AGE_AGGREGATE_Y15-24","2013",51.9,,,,"R1:3513"
"TUR","BA:622","EAP_DWAP_SEX_AGE_RT","SEX_M","AGE_AGGREGATE_Y25-54","2013",90.05,,,,"R1:3513"
"TUR","BA:622","EAP_DWAP_SEX_AGE_RT","SEX_M","AGE_AGGREGATE_Y55-64","2013",48.219,,,,"R1:3513"
"TUR","BA:622","EAP_DWAP_SEX_AGE_RT","SEX_M","AGE_AGGREGATE_YGE65","2013",20.528,,,,"R1:3513"
"TUR","BA:622","EAP_DWAP_SEX_AGE_RT","SEX_F","AGE_AGGREGATE_YGE15","2013",30.761,,,,"R1:3513"
"TUR","BA:622","EAP_DWAP_SEX_AGE_RT","SEX_F","AGE_AGGREGATE_Y15-24","2013",27.541,,,,"R1:3513"
"TUR","BA:622","EAP_DWAP_SEX_AGE_RT","SEX_F","AGE_AGGREGATE_Y25-54","2013",38.882,,,,"R1:3513"
"TUR","BA:622","EAP_DWAP_SEX_AGE_RT","SEX_F","AGE_AGGREGATE_Y55-64","2013",18.733,,,,"R1:3513"
"TUR","BA:622","EAP_DWAP_SEX_AGE_RT","SEX_F","AGE_AGGREGATE_YGE65","2013",6.188,,,,"R1:3513"
"TUR","BA:622","EAP_DWAP_SEX_AGE_RT","SEX_T","AGE_10YRBANDS_YGE15","2013",50.839,,,,"R1:3513"
"TUR","BA:622","EAP_DWAP_SEX_AGE_RT","SEX_T","AGE_10YRBANDS_Y15-24","2013",39.642,,,,"R1:3513"
"TUR","BA:622","EAP_DWAP_SEX_AGE_RT","SEX_T","AGE_10YRBANDS_Y25-34","2013",67.528,,,,"R1:3513"
"TUR","BA:622","EAP_DWAP_SEX_AGE_RT","SEX_T","AGE_10YRBANDS_Y35-44","2013",68.407,,,,"R1:3513"
"TUR","BA:622","EAP_DWAP_SEX_AGE_RT","SEX_T","AGE_10YRBANDS_Y45-54","2013",55.432,,,,"R1:3513"
"TUR","BA:622","EAP_DWAP_SEX_AGE_RT","SEX_T","AGE_10YRBANDS_Y55-64","2013",33.207,,,,"R1:3513"
"TUR","BA:622","EAP_DWAP_SEX_AGE_RT","SEX_T","AGE_10YRBANDS_YGE65","2013",12.419,,,,"R1:3513"
"TUR","BA:622","EAP_DWAP_SEX_AGE_RT","SEX_M","AGE_10YRBANDS_YGE15","2013",71.493,,,,"R1:3513"
"TUR","BA:622","EAP_DWAP_SEX_AGE_RT","SEX_M","AGE_10YRBANDS_Y15-24","2013",51.9,,,,"R1:3513"
"TUR","BA:622","EAP_DWAP_SEX_AGE_RT","SEX_M","AGE_10YRBANDS_Y25-34","2013",93.521,,,,"R1:3513"
"TUR","BA:622","EAP_DWAP_SEX_AGE_RT","SEX_M","AGE_10YRBANDS_Y35-44","2013",94.513,,,,"R1:3513"
"TUR","BA:622","EAP_DWAP_SEX_AGE_RT","SEX_M","AGE_10YRBANDS_Y45-54","2013",79.452,,,,"R1:3513"
"TUR","BA:622","EAP_DWAP_SEX_AGE_RT","SEX_M","AGE_10YRBANDS_Y55-64","2013",48.219,,,,"R1:3513"
"TUR","BA:622","EAP_DWAP_SEX_AGE_RT","SEX_M","AGE_10YRBANDS_YGE65","2013",20.528,,,,"R1:3513"
"TUR","BA:622","EAP_DWAP_SEX_AGE_RT","SEX_F","AGE_10YRBANDS_YGE15","2013",30.761,,,,"R1:3513"
"TUR","BA:622","EAP_DWAP_SEX_AGE_RT","SEX_F","AGE_10YRBANDS_Y15-24","2013",27.541,,,,"R1:3513"
"TUR","BA:622","EAP_DWAP_SEX_AGE_RT","SEX_F","AGE_10YRBANDS_Y25-34","2013",41.338,,,,"R1:3513"
"TUR","BA:622","EAP_DWAP_SEX_AGE_RT","SEX_F","AGE_10YRBANDS_Y35-44","2013",42.134,,,,"R1:3513"
"TUR","BA:622","EAP_DWAP_SEX_AGE_RT","SEX_F","AGE_10YRBANDS_Y45-54","2013",31.272,,,,"R1:3513"
"TUR","BA:622","EAP_DWAP_SEX_AGE_RT","SEX_F","AGE_10YRBANDS_Y55-64","2013",18.733,,,,"R1:3513"
"TUR","BA:622","EAP_DWAP_SEX_AGE_RT","SEX_F","AGE_10YRBANDS_YGE65","2013",6.188,,,,"R1:3513"
"TUR","BA:622","EAP_DWAP_SEX_AGE_RT","SEX_T","AGE_5YRBANDS_YGE15","2013",50.839,,,,"R1:3513"
"TUR","BA:622","EAP_DWAP_SEX_AGE_RT","SEX_T","AGE_5YRBANDS_Y15-19","2013",26.187,,,,"R1:3513"
"TUR","BA:622","EAP_DWAP_SEX_AGE_RT","SEX_T","AGE_5YRBANDS_Y20-24","2013",55.369,,,,"R1:3513"
"TUR","BA:622","EAP_DWAP_SEX_AGE_RT","SEX_T","AGE_5YRBANDS_Y25-29","2013",66.728,,,,"R1:3513"
"TUR","BA:622","EAP_DWAP_SEX_AGE_RT","SEX_T","AGE_5YRBANDS_Y30-34","2013",68.287,,,,"R1:3513"
"TUR","BA:622","EAP_DWAP_SEX_AGE_RT","SEX_T","AGE_5YRBANDS_Y35-39","2013",68.856,,,,"R1:3513"
"TUR","BA:622","EAP_DWAP_SEX_AGE_RT","SEX_T","AGE_5YRBANDS_Y40-44","2013",67.917,,,,"R1:3513"
"TUR","BA:622","EAP_DWAP_SEX_AGE_RT","SEX_T","AGE_5YRBANDS_Y45-49","2013",61.741,,,,"R1:3513"
"TUR","BA:622","EAP_DWAP_SEX_AGE_RT","SEX_T","AGE_5YRBANDS_Y50-54","2013",48.404,,,,"R1:3513"
"TUR","BA:622","EAP_DWAP_SEX_AGE_RT","SEX_T","AGE_5YRBANDS_Y55-59","2013",37.266,,,,"R1:3513"
"TUR","BA:622","EAP_DWAP_SEX_AGE_RT","SEX_T","AGE_5YRBANDS_Y60-64","2013",27.94,,,,"R1:3513"
"TUR","BA:622","EAP_DWAP_SEX_AGE_RT","SEX_T","AGE_5YRBANDS_YGE65","2013",12.419,,,,"R1:3513"
"TUR","BA:622","EAP_DWAP_SEX_AGE_RT","SEX_M","AGE_5YRBANDS_YGE15","2013",71.493,,,,"R1:3513"
"TUR","BA:622","EAP_DWAP_SEX_AGE_RT","SEX_M","AGE_5YRBANDS_Y15-19","2013",35.276,,,,"R1:3513"
"TUR","BA:622","EAP_DWAP_SEX_AGE_RT","SEX_M","AGE_5YRBANDS_Y20-24","2013",72.731,,,,"R1:3513"
"TUR","BA:622","EAP_DWAP_SEX_AGE_RT","SEX_M","AGE_5YRBANDS_Y25-29","2013",91.874,,,,"R1:3513"
"TUR","BA:622","EAP_DWAP_SEX_AGE_RT","SEX_M","AGE_5YRBANDS_Y30-34","2013",95.086,,,,"R1:3513"
"TUR","BA:622","EAP_DWAP_SEX_AGE_RT","SEX_M","AGE_5YRBANDS_Y35-39","2013",95.027,,,,"R1:3513"
"TUR","BA:622","EAP_DWAP_SEX_AGE_RT","SEX_M","AGE_5YRBANDS_Y40-44","2013",93.952,,,,"R1:3513"
"TUR","BA:622","EAP_DWAP_SEX_AGE_RT","SEX_M","AGE_5YRBANDS_Y45-49","2013",87.842,,,,"R1:3513"
"TUR","BA:622","EAP_DWAP_SEX_AGE_RT","SEX_M","AGE_5YRBANDS_Y50-54","2013",70.014,,,,"R1:3513"
"TUR","BA:622","EAP_DWAP_SEX_AGE_RT","SEX_M","AGE_5YRBANDS_Y55-59","2013",54.143,,,,"R1:3513"
"TUR","BA:622","EAP_DWAP_SEX_AGE_RT","SEX_M","AGE_5YRBANDS_Y60-64","2013",40.379,,,,"R1:3513"
"TUR","BA:622","EAP_DWAP_SEX_AGE_RT","SEX_M","AGE_5YRBANDS_YGE65","2013",20.528,,,,"R1:3513"
"TUR","BA:622","EAP_DWAP_SEX_AGE_RT","SEX_F","AGE_5YRBANDS_YGE15","2013",30.761,,,,"R1:3513"
"TUR","BA:622","EAP_DWAP_SEX_AGE_RT","SEX_F","AGE_5YRBANDS_Y15-19","2013",16.628,,,,"R1:3513"
"TUR","BA:622","EAP_DWAP_SEX_AGE_RT","SEX_F","AGE_5YRBANDS_Y20-24","2013",39.458,,,,"R1:3513"
"TUR","BA:622","EAP_DWAP_SEX_AGE_RT","SEX_F","AGE_5YRBANDS_Y25-29","2013",41.376,,,,"R1:3513"
"TUR","BA:622","EAP_DWAP_SEX_AGE_RT","SEX_F","AGE_5YRBANDS_Y30-34","2013",41.301,,,,"R1:3513"
"TUR","BA:622","EAP_DWAP_SEX_AGE_RT","SEX_F","AGE_5YRBANDS_Y35-39","2013",42.402,,,,"R1:3513"
"TUR","BA:622","EAP_DWAP_SEX_AGE_RT","SEX_F","AGE_5YRBANDS_Y40-44","2013",41.844,,,,"R1:3513"
"TUR","BA:622","EAP_DWAP_SEX_AGE_RT","SEX_F","AGE_5YRBANDS_Y45-49","2013",35.248,,,,"R1:3513"
"TUR","BA:622","EAP_DWAP_SEX_AGE_RT","SEX_F","AGE_5YRBANDS_Y50-54","2013",26.885,,,,"R1:3513"
"TUR","BA:622","EAP_DWAP_SEX_AGE_RT","SEX_F","AGE_5YRBANDS_Y55-59","2013",20.718,,,,"R1:3513"
"TUR","BA:622","EAP_DWAP_SEX_AGE_RT","SEX_F","AGE_5YRBANDS_Y60-64","2013",16.204,,,,"R1:3513"
"TUR","BA:622","EAP_DWAP_SEX_AGE_RT","SEX_F","AGE_5YRBANDS_YGE65","2013",6.188,,,,"R1:3513"
"TUR","BA:622","EAP_DWAP_SEX_AGE_RT","SEX_T","AGE_YTHADULT_YGE15","2012",49.957,,,,"R1:3513"
"TUR","BA:622","EAP_DWAP_SEX_AGE_RT","SEX_T","AGE_YTHADULT_Y15-64","2012",53.979,,,,"R1:3513"
"TUR","BA:622","EAP_DWAP_SEX_AGE_RT","SEX_T","AGE_YTHADULT_Y15-24","2012",38.205,,,,"R1:3513"
"TUR","BA:622","EAP_DWAP_SEX_AGE_RT","SEX_T","AGE_YTHADULT_YGE25","2012",53.11,,,,"R1:3513"
"TUR","BA:622","EAP_DWAP_SEX_AGE_RT","SEX_M","AGE_YTHADULT_YGE15","2012",71.042,,,,"R1:3513"
"TUR","BA:622","EAP_DWAP_SEX_AGE_RT","SEX_M","AGE_YTHADULT_Y15-64","2012",75.783,,,,"R1:3513"
"TUR","BA:622","EAP_DWAP_SEX_AGE_RT","SEX_M","AGE_YTHADULT_Y15-24","2012",50.781,,,,"R1:3513"
"TUR","BA:622","EAP_DWAP_SEX_AGE_RT","SEX_M","AGE_YTHADULT_YGE25","2012",76.512,,,,"R1:3513"
"TUR","BA:622","EAP_DWAP_SEX_AGE_RT","SEX_F","AGE_YTHADULT_YGE15","2012",29.497,,,,"R1:3513"
"TUR","BA:622","EAP_DWAP_SEX_AGE_RT","SEX_F","AGE_YTHADULT_Y15-64","2012",32.286,,,,"R1:3513"
"TUR","BA:622","EAP_DWAP_SEX_AGE_RT","SEX_F","AGE_YTHADULT_Y15-24","2012",25.877,,,,"R1:3513"
"TUR","BA:622","EAP_DWAP_SEX_AGE_RT","SEX_F","AGE_YTHADULT_YGE25","2012",30.461,,,,"R1:3513"
"TUR","BA:622","EAP_DWAP_SEX_AGE_RT","SEX_T","AGE_AGGREGATE_YGE15","2012",49.957,,,,"R1:3513"
"TUR","BA:622","EAP_DWAP_SEX_AGE_RT","SEX_T","AGE_AGGREGATE_Y15-24","2012",38.205,,,,"R1:3513"
"TUR","BA:622","EAP_DWAP_SEX_AGE_RT","SEX_T","AGE_AGGREGATE_Y25-54","2012",63.473,,,,"R1:3513"
"TUR","BA:622","EAP_DWAP_SEX_AGE_RT","SEX_T","AGE_AGGREGATE_Y55-64","2012",33.418,,,,"R1:3513"
"TUR","BA:622","EAP_DWAP_SEX_AGE_RT","SEX_T","AGE_AGGREGATE_YGE65","2012",12.369,,,,"R1:3513"
"TUR","BA:622","EAP_DWAP_SEX_AGE_RT","SEX_M","AGE_AGGREGATE_YGE15","2012",71.042,,,,"R1:3513"
"TUR","BA:622","EAP_DWAP_SEX_AGE_RT","SEX_M","AGE_AGGREGATE_Y15-24","2012",50.781,,,,"R1:3513"
"TUR","BA:622","EAP_DWAP_SEX_AGE_RT","SEX_M","AGE_AGGREGATE_Y25-54","2012",89.509,,,,"R1:3513"
"TUR","BA:622","EAP_DWAP_SEX_AGE_RT","SEX_M","AGE_AGGREGATE_Y55-64","2012",49.119,,,,"R1:3513"
"TUR","BA:622","EAP_DWAP_SEX_AGE_RT","SEX_M","AGE_AGGREGATE_YGE65","2012",20.155,,,,"R1:3513"
"TUR","BA:622","EAP_DWAP_SEX_AGE_RT","SEX_F","AGE_AGGREGATE_YGE15","2012",29.497,,,,"R1:3513"
"TUR","BA:622","EAP_DWAP_SEX_AGE_RT","SEX_F","AGE_AGGREGATE_Y15-24","2012",25.877,,,,"R1:3513"
"TUR","BA:622","EAP_DWAP_SEX_AGE_RT","SEX_F","AGE_AGGREGATE_Y25-54","2012",37.266,,,,"R1:3513"
"TUR","BA:622","EAP_DWAP_SEX_AGE_RT","SEX_F","AGE_AGGREGATE_Y55-64","2012",18.323,,,,"R1:3513"
"TUR","BA:622","EAP_DWAP_SEX_AGE_RT","SEX_F","AGE_AGGREGATE_YGE65","2012",6.392,,,,"R1:3513"
"TUR","BA:622","EAP_DWAP_SEX_AGE_RT","SEX_T","AGE_10YRBANDS_YGE15","2012",49.957,,,,"R1:3513"
"TUR","BA:622","EAP_DWAP_SEX_AGE_RT","SEX_T","AGE_10YRBANDS_Y15-24","2012",38.205,,,,"R1:3513"
"TUR","BA:622","EAP_DWAP_SEX_AGE_RT","SEX_T","AGE_10YRBANDS_Y25-34","2012",66.466,,,,"R1:3513"
"TUR","BA:622","EAP_DWAP_SEX_AGE_RT","SEX_T","AGE_10YRBANDS_Y35-44","2012",67.231,,,,"R1:3513"
"TUR","BA:622","EAP_DWAP_SEX_AGE_RT","SEX_T","AGE_10YRBANDS_Y45-54","2012",54.37,,,,"R1:3513"
"TUR","BA:622","EAP_DWAP_SEX_AGE_RT","SEX_T","AGE_10YRBANDS_Y55-64","2012",33.418,,,,"R1:3513"
"TUR","BA:622","EAP_DWAP_SEX_AGE_RT","SEX_T","AGE_10YRBANDS_YGE65","2012",12.369,,,,"R1:3513"
"TUR","BA:622","EAP_DWAP_SEX_AGE_RT","SEX_M","AGE_10YRBANDS_YGE15","2012",71.042,,,,"R1:3513"
"TUR","BA:622","EAP_DWAP_SEX_AGE_RT","SEX_M","AGE_10YRBANDS_Y15-24","2012",50.781,,,,"R1:3513"
"TUR","BA:622","EAP_DWAP_SEX_AGE_RT","SEX_M","AGE_10YRBANDS_Y25-34","2012",92.822,,,,"R1:3513"
"TUR","BA:622","EAP_DWAP_SEX_AGE_RT","SEX_M","AGE_10YRBANDS_Y35-44","2012",94.335,,,,"R1:3513"
"TUR","BA:622","EAP_DWAP_SEX_AGE_RT","SEX_M","AGE_10YRBANDS_Y45-54","2012",78.591,,,,"R1:3513"
"TUR","BA:622","EAP_DWAP_SEX_AGE_RT","SEX_M","AGE_10YRBANDS_Y55-64","2012",49.119,,,,"R1:3513"
"TUR","BA:622","EAP_DWAP_SEX_AGE_RT","SEX_M","AGE_10YRBANDS_YGE65","2012",20.155,,,,"R1:3513"
"TUR","BA:622","EAP_DWAP_SEX_AGE_RT","SEX_F","AGE_10YRBANDS_YGE15","2012",29.497,,,,"R1:3513"
"TUR","BA:622","EAP_DWAP_SEX_AGE_RT","SEX_F","AGE_10YRBANDS_Y15-24","2012",25.877,,,,"R1:3513"
"TUR","BA:622","EAP_DWAP_SEX_AGE_RT","SEX_F","AGE_10YRBANDS_Y25-34","2012",39.926,,,,"R1:3513"
"TUR","BA:622","EAP_DWAP_SEX_AGE_RT","SEX_F","AGE_10YRBANDS_Y35-44","2012",39.938,,,,"R1:3513"
"TUR","BA:622","EAP_DWAP_SEX_AGE_RT","SEX_F","AGE_10YRBANDS_Y45-54","2012",30.016,,,,"R1:3513"
"TUR","BA:622","EAP_DWAP_SEX_AGE_RT","SEX_F","AGE_10YRBANDS_Y55-64","2012",18.323,,,,"R1:3513"
"TUR","BA:622","EAP_DWAP_SEX_AGE_RT","SEX_F","AGE_10YRBANDS_YGE65","2012",6.392,,,,"R1:3513"
"TUR","BA:622","EAP_DWAP_SEX_AGE_RT","SEX_T","AGE_5YRBANDS_YGE15","2012",49.957,,,,"R1:3513"
"TUR","BA:622","EAP_DWAP_SEX_AGE_RT","SEX_T","AGE_5YRBANDS_Y15-19","2012",25.401,,,,"R1:3513"
"TUR","BA:622","EAP_DWAP_SEX_AGE_RT","SEX_T","AGE_5YRBANDS_Y20-24","2012",52.931,,,,"R1:3513"
"TUR","BA:622","EAP_DWAP_SEX_AGE_RT","SEX_T","AGE_5YRBANDS_Y25-29","2012",65.631,,,,"R1:3513"
"TUR","BA:622","EAP_DWAP_SEX_AGE_RT","SEX_T","AGE_5YRBANDS_Y30-34","2012",67.276,,,,"R1:3513"
"TUR","BA:622","EAP_DWAP_SEX_AGE_RT","SEX_T","AGE_5YRBANDS_Y35-39","2012",67.474,,,,"R1:3513"
"TUR","BA:622","EAP_DWAP_SEX_AGE_RT","SEX_T","AGE_5YRBANDS_Y40-44","2012",66.968,,,,"R1:3513"
"TUR","BA:622","EAP_DWAP_SEX_AGE_RT","SEX_T","AGE_5YRBANDS_Y45-49","2012",60.279,,,,"R1:3513"
"TUR","BA:622","EAP_DWAP_SEX_AGE_RT","SEX_T","AGE_5YRBANDS_Y50-54","2012",47.76,,,,"R1:3513"
"TUR","BA:622","EAP_DWAP_SEX_AGE_RT","SEX_T","AGE_5YRBANDS_Y55-59","2012",37.045,,,,"R1:3513"
"TUR","BA:622","EAP_DWAP_SEX_AGE_RT","SEX_T","AGE_5YRBANDS_Y60-64","2012",28.671,,,,"R1:3513"
"TUR","BA:622","EAP_DWAP_SEX_AGE_RT","SEX_T","AGE_5YRBANDS_YGE65","2012",12.369,,,,"R1:3513"
"TUR","BA:622","EAP_DWAP_SEX_AGE_RT","SEX_M","AGE_5YRBANDS_YGE15","2012",71.042,,,,"R1:3513"
"TUR","BA:622","EAP_DWAP_SEX_AGE_RT","SEX_M","AGE_5YRBANDS_Y15-19","2012",34.617,,,,"R1:3513"
"TUR","BA:622","EAP_DWAP_SEX_AGE_RT","SEX_M","AGE_5YRBANDS_Y20-24","2012",70.688,,,,"R1:3513"
"TUR","BA:622","EAP_DWAP_SEX_AGE_RT","SEX_M","AGE_5YRBANDS_Y25-29","2012",90.85,,,,"R1:3513"
"TUR","BA:622","EAP_DWAP_SEX_AGE_RT","SEX_M","AGE_5YRBANDS_Y30-34","2012",94.734,,,,"R1:3513"
"TUR","BA:622","EAP_DWAP_SEX_AGE_RT","SEX_M","AGE_5YRBANDS_Y35-39","2012",94.685,,,,"R1:3513"
"TUR","BA:622","EAP_DWAP_SEX_AGE_RT","SEX_M","AGE_5YRBANDS_Y40-44","2012",93.953,,,,"R1:3513"
"TUR","BA:622","EAP_DWAP_SEX_AGE_RT","SEX_M","AGE_5YRBANDS_Y45-49","2012",86.829,,,,"R1:3513"
"TUR","BA:622","EAP_DWAP_SEX_AGE_RT","SEX_M","AGE_5YRBANDS_Y50-54","2012",69.282,,,,"R1:3513"
"TUR","BA:622","EAP_DWAP_SEX_AGE_RT","SEX_M","AGE_5YRBANDS_Y55-59","2012",54.266,,,,"R1:3513"
"TUR","BA:622","EAP_DWAP_SEX_AGE_RT","SEX_M","AGE_5YRBANDS_Y60-64","2012",42.218,,,,"R1:3513"
"TUR","BA:622","EAP_DWAP_SEX_AGE_RT","SEX_M","AGE_5YRBANDS_YGE65","2012",20.155,,,,"R1:3513"
"TUR","BA:622","EAP_DWAP_SEX_AGE_RT","SEX_F","AGE_5YRBANDS_YGE15","2012",29.497,,,,"R1:3513"
"TUR","BA:622","EAP_DWAP_SEX_AGE_RT","SEX_F","AGE_5YRBANDS_Y15-19","2012",15.782,,,,"R1:3513"
"TUR","BA:622","EAP_DWAP_SEX_AGE_RT","SEX_F","AGE_5YRBANDS_Y20-24","2012",36.738,,,,"R1:3513"
"TUR","BA:622","EAP_DWAP_SEX_AGE_RT","SEX_F","AGE_5YRBANDS_Y25-29","2012",40.269,,,,"R1:3513"
"TUR","BA:622","EAP_DWAP_SEX_AGE_RT","SEX_F","AGE_5YRBANDS_Y30-34","2012",39.593,,,,"R1:3513"
"TUR","BA:622","EAP_DWAP_SEX_AGE_RT","SEX_F","AGE_5YRBANDS_Y35-39","2012",39.975,,,,"R1:3513"
"TUR","BA:622","EAP_DWAP_SEX_AGE_RT","SEX_F","AGE_5YRBANDS_Y40-44","2012",39.897,,,,"R1:3513"
"TUR","BA:622","EAP_DWAP_SEX_AGE_RT","SEX_F","AGE_5YRBANDS_Y45-49","2012",33.324,,,,"R1:3513"
"TUR","BA:622","EAP_DWAP_SEX_AGE_RT","SEX_F","AGE_5YRBANDS_Y50-54","2012",26.354,,,,"R1:3513"
"TUR","BA:622","EAP_DWAP_SEX_AGE_RT","SEX_F","AGE_5YRBANDS_Y55-59","2012",20.147,,,,"R1:3513"
"TUR","BA:622","EAP_DWAP_SEX_AGE_RT","SEX_F","AGE_5YRBANDS_Y60-64","2012",15.99,,,,"R1:3513"
"TUR","BA:622","EAP_DWAP_SEX_AGE_RT","SEX_F","AGE_5YRBANDS_YGE65","2012",6.392,,,,"R1:3513"
"TUR","BA:622","EAP_DWAP_SEX_AGE_RT","SEX_T","AGE_YTHADULT_YGE15","2011",49.868,,,,"R1:3513"
"TUR","BA:622","EAP_DWAP_SEX_AGE_RT","SEX_T","AGE_YTHADULT_Y15-64","2011",53.818,,,,"R1:3513"
"TUR","BA:622","EAP_DWAP_SEX_AGE_RT","SEX_T","AGE_YTHADULT_Y15-24","2011",39.266,,,,"R1:3513"
"TUR","BA:622","EAP_DWAP_SEX_AGE_RT","SEX_T","AGE_YTHADULT_YGE25","2011",52.775,,,,"R1:3513"
"TUR","BA:622","EAP_DWAP_SEX_AGE_RT","SEX_M","AGE_YTHADULT_YGE15","2011",71.683,,,,"R1:3513"
"TUR","BA:622","EAP_DWAP_SEX_AGE_RT","SEX_M","AGE_YTHADULT_Y15-64","2011",76.407,,,,"R1:3513"
"TUR","BA:622","EAP_DWAP_SEX_AGE_RT","SEX_M","AGE_YTHADULT_Y15-24","2011",52.32,,,,"R1:3513"
"TUR","BA:622","EAP_DWAP_SEX_AGE_RT","SEX_M","AGE_YTHADULT_YGE25","2011",76.965,,,,"R1:3513"
"TUR","BA:622","EAP_DWAP_SEX_AGE_RT","SEX_F","AGE_YTHADULT_YGE15","2011",28.814,,,,"R1:3513"
"TUR","BA:622","EAP_DWAP_SEX_AGE_RT","SEX_F","AGE_YTHADULT_Y15-64","2011",31.482,,,,"R1:3513"
"TUR","BA:622","EAP_DWAP_SEX_AGE_RT","SEX_F","AGE_YTHADULT_Y15-24","2011",26.771,,,,"R1:3513"
"TUR","BA:622","EAP_DWAP_SEX_AGE_RT","SEX_F","AGE_YTHADULT_YGE25","2011",29.378,,,,"R1:3513"
"TUR","BA:622","EAP_DWAP_SEX_AGE_RT","SEX_T","AGE_AGGREGATE_YGE15","2011",49.868,,,,"R1:3513"
"TUR","BA:622","EAP_DWAP_SEX_AGE_RT","SEX_T","AGE_AGGREGATE_Y15-24","2011",39.266,,,,"R1:3513"
"TUR","BA:622","EAP_DWAP_SEX_AGE_RT","SEX_T","AGE_AGGREGATE_Y25-54","2011",62.919,,,,"R1:3513"
"TUR","BA:622","EAP_DWAP_SEX_AGE_RT","SEX_T","AGE_AGGREGATE_Y55-64","2011",32.983,,,,"R1:3513"
"TUR","BA:622","EAP_DWAP_SEX_AGE_RT","SEX_T","AGE_AGGREGATE_YGE65","2011",12.764,,,,"R1:3513"
"TUR","BA:622","EAP_DWAP_SEX_AGE_RT","SEX_M","AGE_AGGREGATE_YGE15","2011",71.683,,,,"R1:3513"
"TUR","BA:622","EAP_DWAP_SEX_AGE_RT","SEX_M","AGE_AGGREGATE_Y15-24","2011",52.32,,,,"R1:3513"
"TUR","BA:622","EAP_DWAP_SEX_AGE_RT","SEX_M","AGE_AGGREGATE_Y25-54","2011",89.963,,,,"R1:3513"
"TUR","BA:622","EAP_DWAP_SEX_AGE_RT","SEX_M","AGE_AGGREGATE_Y55-64","2011",48.398,,,,"R1:3513"
"TUR","BA:622","EAP_DWAP_SEX_AGE_RT","SEX_M","AGE_AGGREGATE_YGE65","2011",20.862,,,,"R1:3513"
"TUR","BA:622","EAP_DWAP_SEX_AGE_RT","SEX_F","AGE_AGGREGATE_YGE15","2011",28.814,,,,"R1:3513"
"TUR","BA:622","EAP_DWAP_SEX_AGE_RT","SEX_F","AGE_AGGREGATE_Y15-24","2011",26.771,,,,"R1:3513"
"TUR","BA:622","EAP_DWAP_SEX_AGE_RT","SEX_F","AGE_AGGREGATE_Y25-54","2011",35.7,,,,"R1:3513"
"TUR","BA:622","EAP_DWAP_SEX_AGE_RT","SEX_F","AGE_AGGREGATE_Y55-64","2011",18.226,,,,"R1:3513"
"TUR","BA:622","EAP_DWAP_SEX_AGE_RT","SEX_F","AGE_AGGREGATE_YGE65","2011",6.551,,,,"R1:3513"
"TUR","BA:622","EAP_DWAP_SEX_AGE_RT","SEX_T","AGE_10YRBANDS_YGE15","2011",49.868,,,,"R1:3513"
"TUR","BA:622","EAP_DWAP_SEX_AGE_RT","SEX_T","AGE_10YRBANDS_Y15-24","2011",39.266,,,,"R1:3513"
"TUR","BA:622","EAP_DWAP_SEX_AGE_RT","SEX_T","AGE_10YRBANDS_Y25-34","2011",65.981,,,,"R1:3513"
"TUR","BA:622","EAP_DWAP_SEX_AGE_RT","SEX_T","AGE_10YRBANDS_Y35-44","2011",66.617,,,,"R1:3513"
"TUR","BA:622","EAP_DWAP_SEX_AGE_RT","SEX_T","AGE_10YRBANDS_Y45-54","2011",53.725,,,,"R1:3513"
"TUR","BA:622","EAP_DWAP_SEX_AGE_RT","SEX_T","AGE_10YRBANDS_Y55-64","2011",32.983,,,,"R1:3513"
"TUR","BA:622","EAP_DWAP_SEX_AGE_RT","SEX_T","AGE_10YRBANDS_YGE65","2011",12.764,,,,"R1:3513"
"TUR","BA:622","EAP_DWAP_SEX_AGE_RT","SEX_M","AGE_10YRBANDS_YGE15","2011",71.683,,,,"R1:3513"
"TUR","BA:622","EAP_DWAP_SEX_AGE_RT","SEX_M","AGE_10YRBANDS_Y15-24","2011",52.32,,,,"R1:3513"
"TUR","BA:622","EAP_DWAP_SEX_AGE_RT","SEX_M","AGE_10YRBANDS_Y25-34","2011",93.844,,,,"R1:3513"
"TUR","BA:622","EAP_DWAP_SEX_AGE_RT","SEX_M","AGE_10YRBANDS_Y35-44","2011",94.61,,,,"R1:3513"
"TUR","BA:622","EAP_DWAP_SEX_AGE_RT","SEX_M","AGE_10YRBANDS_Y45-54","2011",78.343,,,,"R1:3513"
"TUR","BA:622","EAP_DWAP_SEX_AGE_RT","SEX_M","AGE_10YRBANDS_Y55-64","2011",48.398,,,,"R1:3513"
"TUR","BA:622","EAP_DWAP_SEX_AGE_RT","SEX_M","AGE_10YRBANDS_YGE65","2011",20.862,,,,"R1:3513"
"TUR","BA:622","EAP_DWAP_SEX_AGE_RT","SEX_F","AGE_10YRBANDS_YGE15","2011",28.814,,,,"R1:3513"
"TUR","BA:622","EAP_DWAP_SEX_AGE_RT","SEX_F","AGE_10YRBANDS_Y15-24","2011",26.771,,,,"R1:3513"
"TUR","BA:622","EAP_DWAP_SEX_AGE_RT","SEX_F","AGE_10YRBANDS_Y25-34","2011",37.928,,,,"R1:3513"
"TUR","BA:622","EAP_DWAP_SEX_AGE_RT","SEX_F","AGE_10YRBANDS_Y35-44","2011",38.409,,,,"R1:3513"
"TUR","BA:622","EAP_DWAP_SEX_AGE_RT","SEX_F","AGE_10YRBANDS_Y45-54","2011",28.994,,,,"R1:3513"
"TUR","BA:622","EAP_DWAP_SEX_AGE_RT","SEX_F","AGE_10YRBANDS_Y55-64","2011",18.226,,,,"R1:3513"
"TUR","BA:622","EAP_DWAP_SEX_AGE_RT","SEX_F","AGE_10YRBANDS_YGE65","2011",6.551,,,,"R1:3513"
"TUR","BA:622","EAP_DWAP_SEX_AGE_RT","SEX_T","AGE_5YRBANDS_YGE15","2011",49.868,,,,"R1:3513"
"TUR","BA:622","EAP_DWAP_SEX_AGE_RT","SEX_T","AGE_5YRBANDS_Y15-19","2011",26.56,,,,"R1:3513"
"TUR","BA:622","EAP_DWAP_SEX_AGE_RT","SEX_T","AGE_5YRBANDS_Y20-24","2011",53.839,,,,"R1:3513"
"TUR","BA:622","EAP_DWAP_SEX_AGE_RT","SEX_T","AGE_5YRBANDS_Y25-29","2011",65.286,,,,"R1:3513"
"TUR","BA:622","EAP_DWAP_SEX_AGE_RT","SEX_T","AGE_5YRBANDS_Y30-34","2011",66.679,,,,"R1:3513"
"TUR","BA:622","EAP_DWAP_SEX_AGE_RT","SEX_T","AGE_5YRBANDS_Y35-39","2011",67.32,,,,"R1:3513"
"TUR","BA:622","EAP_DWAP_SEX_AGE_RT","SEX_T","AGE_5YRBANDS_Y40-44","2011",65.847,,,,"R1:3513"
"TUR","BA:622","EAP_DWAP_SEX_AGE_RT","SEX_T","AGE_5YRBANDS_Y45-49","2011",59.615,,,,"R1:3513"
"TUR","BA:622","EAP_DWAP_SEX_AGE_RT","SEX_T","AGE_5YRBANDS_Y50-54","2011",47.074,,,,"R1:3513"
"TUR","BA:622","EAP_DWAP_SEX_AGE_RT","SEX_T","AGE_5YRBANDS_Y55-59","2011",36.774,,,,"R1:3513"
"TUR","BA:622","EAP_DWAP_SEX_AGE_RT","SEX_T","AGE_5YRBANDS_Y60-64","2011",27.994,,,,"R1:3513"
"TUR","BA:622","EAP_DWAP_SEX_AGE_RT","SEX_T","AGE_5YRBANDS_YGE65","2011",12.764,,,,"R1:3513"
"TUR","BA:622","EAP_DWAP_SEX_AGE_RT","SEX_M","AGE_5YRBANDS_YGE15","2011",71.683,,,,"R1:3513"
"TUR","BA:622","EAP_DWAP_SEX_AGE_RT","SEX_M","AGE_5YRBANDS_Y15-19","2011",35.815,,,,"R1:3513"
"TUR","BA:622","EAP_DWAP_SEX_AGE_RT","SEX_M","AGE_5YRBANDS_Y20-24","2011",72.939,,,,"R1:3513"
"TUR","BA:622","EAP_DWAP_SEX_AGE_RT","SEX_M","AGE_5YRBANDS_Y25-29","2011",92.125,,,,"R1:3513"
"TUR","BA:622","EAP_DWAP_SEX_AGE_RT","SEX_M","AGE_5YRBANDS_Y30-34","2011",95.568,,,,"R1:3513"
"TUR","BA:622","EAP_DWAP_SEX_AGE_RT","SEX_M","AGE_5YRBANDS_Y35-39","2011",95.365,,,,"R1:3513"
"TUR","BA:622","EAP_DWAP_SEX_AGE_RT","SEX_M","AGE_5YRBANDS_Y40-44","2011",93.784,,,,"R1:3513"
"TUR","BA:622","EAP_DWAP_SEX_AGE_RT","SEX_M","AGE_5YRBANDS_Y45-49","2011",86.439,,,,"R1:3513"
"TUR","BA:622","EAP_DWAP_SEX_AGE_RT","SEX_M","AGE_5YRBANDS_Y50-54","2011",69.124,,,,"R1:3513"
"TUR","BA:622","EAP_DWAP_SEX_AGE_RT","SEX_M","AGE_5YRBANDS_Y55-59","2011",53.665,,,,"R1:3513"
"TUR","BA:622","EAP_DWAP_SEX_AGE_RT","SEX_M","AGE_5YRBANDS_Y60-64","2011",41.258,,,,"R1:3513"
"TUR","BA:622","EAP_DWAP_SEX_AGE_RT","SEX_M","AGE_5YRBANDS_YGE65","2011",20.862,,,,"R1:3513"
"TUR","BA:622","EAP_DWAP_SEX_AGE_RT","SEX_F","AGE_5YRBANDS_YGE15","2011",28.814,,,,"R1:3513"
"TUR","BA:622","EAP_DWAP_SEX_AGE_RT","SEX_F","AGE_5YRBANDS_Y15-19","2011",16.986,,,,"R1:3513"
"TUR","BA:622","EAP_DWAP_SEX_AGE_RT","SEX_F","AGE_5YRBANDS_Y20-24","2011",37.117,,,,"R1:3513"
"TUR","BA:622","EAP_DWAP_SEX_AGE_RT","SEX_F","AGE_5YRBANDS_Y25-29","2011",38.327,,,,"R1:3513"
"TUR","BA:622","EAP_DWAP_SEX_AGE_RT","SEX_F","AGE_5YRBANDS_Y30-34","2011",37.527,,,,"R1:3513"
"TUR","BA:622","EAP_DWAP_SEX_AGE_RT","SEX_F","AGE_5YRBANDS_Y35-39","2011",39.041,,,,"R1:3513"
"TUR","BA:622","EAP_DWAP_SEX_AGE_RT","SEX_F","AGE_5YRBANDS_Y40-44","2011",37.718,,,,"R1:3513"
"TUR","BA:622","EAP_DWAP_SEX_AGE_RT","SEX_F","AGE_5YRBANDS_Y45-49","2011",32.456,,,,"R1:3513"
"TUR","BA:622","EAP_DWAP_SEX_AGE_RT","SEX_F","AGE_5YRBANDS_Y50-54","2011",25.118,,,,"R1:3513"
"TUR","BA:622","EAP_DWAP_SEX_AGE_RT","SEX_F","AGE_5YRBANDS_Y55-59","2011",20.196,,,,"R1:3513"
"TUR","BA:622","EAP_DWAP_SEX_AGE_RT","SEX_F","AGE_5YRBANDS_Y60-64","2011",15.707,,,,"R1:3513"
"TUR","BA:622","EAP_DWAP_SEX_AGE_RT","SEX_F","AGE_5YRBANDS_YGE65","2011",6.551,,,,"R1:3513"
"TUR","BA:622","EAP_DWAP_SEX_AGE_RT","SEX_T","AGE_YTHADULT_YGE15","2010",48.801,,,,"R1:3513"
"TUR","BA:622","EAP_DWAP_SEX_AGE_RT","SEX_T","AGE_YTHADULT_Y15-64","2010",52.679,,,,"R1:3513"
"TUR","BA:622","EAP_DWAP_SEX_AGE_RT","SEX_T","AGE_YTHADULT_Y15-24","2010",38.325,,,,"R1:3513"
"TUR","BA:622","EAP_DWAP_SEX_AGE_RT","SEX_T","AGE_YTHADULT_YGE25","2010",51.752,,,,"R1:3513"
"TUR","BA:622","EAP_DWAP_SEX_AGE_RT","SEX_M","AGE_YTHADULT_YGE15","2010",70.762,,,,"R1:3513"
"TUR","BA:622","EAP_DWAP_SEX_AGE_RT","SEX_M","AGE_YTHADULT_Y15-64","2010",75.456,,,,"R1:3513"
"TUR","BA:622","EAP_DWAP_SEX_AGE_RT","SEX_M","AGE_YTHADULT_Y15-24","2010",50.901,,,,"R1:3513"
"TUR","BA:622","EAP_DWAP_SEX_AGE_RT","SEX_M","AGE_YTHADULT_YGE25","2010",76.321,,,,"R1:3513"
"TUR","BA:622","EAP_DWAP_SEX_AGE_RT","SEX_F","AGE_YTHADULT_YGE15","2010",27.611,,,,"R1:3513"
"TUR","BA:622","EAP_DWAP_SEX_AGE_RT","SEX_F","AGE_YTHADULT_Y15-64","2010",30.18,,,,"R1:3513"
"TUR","BA:622","EAP_DWAP_SEX_AGE_RT","SEX_F","AGE_YTHADULT_Y15-24","2010",26.307,,,,"R1:3513"
"TUR","BA:622","EAP_DWAP_SEX_AGE_RT","SEX_F","AGE_YTHADULT_YGE25","2010",27.981,,,,"R1:3513"
"TUR","BA:622","EAP_DWAP_SEX_AGE_RT","SEX_T","AGE_AGGREGATE_YGE15","2010",48.801,,,,"R1:3513"
"TUR","BA:622","EAP_DWAP_SEX_AGE_RT","SEX_T","AGE_AGGREGATE_Y15-24","2010",38.325,,,,"R1:3513"
"TUR","BA:622","EAP_DWAP_SEX_AGE_RT","SEX_T","AGE_AGGREGATE_Y25-54","2010",61.807,,,,"R1:3513"
"TUR","BA:622","EAP_DWAP_SEX_AGE_RT","SEX_T","AGE_AGGREGATE_Y55-64","2010",31.412,,,,"R1:3513"
"TUR","BA:622","EAP_DWAP_SEX_AGE_RT","SEX_T","AGE_AGGREGATE_YGE65","2010",11.975,,,,"R1:3513"
"TUR","BA:622","EAP_DWAP_SEX_AGE_RT","SEX_M","AGE_AGGREGATE_YGE15","2010",70.762,,,,"R1:3513"
"TUR","BA:622","EAP_DWAP_SEX_AGE_RT","SEX_M","AGE_AGGREGATE_Y15-24","2010",50.901,,,,"R1:3513"
"TUR","BA:622","EAP_DWAP_SEX_AGE_RT","SEX_M","AGE_AGGREGATE_Y25-54","2010",89.455,,,,"R1:3513"
"TUR","BA:622","EAP_DWAP_SEX_AGE_RT","SEX_M","AGE_AGGREGATE_Y55-64","2010",46.169,,,,"R1:3513"
"TUR","BA:622","EAP_DWAP_SEX_AGE_RT","SEX_M","AGE_AGGREGATE_YGE65","2010",19.886,,,,"R1:3513"
"TUR","BA:622","EAP_DWAP_SEX_AGE_RT","SEX_F","AGE_AGGREGATE_YGE15","2010",27.611,,,,"R1:3513"
"TUR","BA:622","EAP_DWAP_SEX_AGE_RT","SEX_F","AGE_AGGREGATE_Y15-24","2010",26.307,,,,"R1:3513"
"TUR","BA:622","EAP_DWAP_SEX_AGE_RT","SEX_F","AGE_AGGREGATE_Y25-54","2010",33.984,,,,"R1:3513"
"TUR","BA:622","EAP_DWAP_SEX_AGE_RT","SEX_F","AGE_AGGREGATE_Y55-64","2010",17.338,,,,"R1:3513"
"TUR","BA:622","EAP_DWAP_SEX_AGE_RT","SEX_F","AGE_AGGREGATE_YGE65","2010",5.876,,,,"R1:3513"
"TUR","BA:622","EAP_DWAP_SEX_AGE_RT","SEX_T","AGE_10YRBANDS_YGE15","2010",48.801,,,,"R1:3513"
"TUR","BA:622","EAP_DWAP_SEX_AGE_RT","SEX_T","AGE_10YRBANDS_Y15-24","2010",38.325,,,,"R1:3513"
"TUR","BA:622","EAP_DWAP_SEX_AGE_RT","SEX_T","AGE_10YRBANDS_Y25-34","2010",65.432,,,,"R1:3513"
"TUR","BA:622","EAP_DWAP_SEX_AGE_RT","SEX_T","AGE_10YRBANDS_Y35-44","2010",65.801,,,,"R1:3513"
"TUR","BA:622","EAP_DWAP_SEX_AGE_RT","SEX_T","AGE_10YRBANDS_Y45-54","2010",51.341,,,,"R1:3513"
"TUR","BA:622","EAP_DWAP_SEX_AGE_RT","SEX_T","AGE_10YRBANDS_Y55-64","2010",31.412,,,,"R1:3513"
"TUR","BA:622","EAP_DWAP_SEX_AGE_RT","SEX_T","AGE_10YRBANDS_YGE65","2010",11.975,,,,"R1:3513"
"TUR","BA:622","EAP_DWAP_SEX_AGE_RT","SEX_M","AGE_10YRBANDS_YGE15","2010",70.762,,,,"R1:3513"
"TUR","BA:622","EAP_DWAP_SEX_AGE_RT","SEX_M","AGE_10YRBANDS_Y15-24","2010",50.901,,,,"R1:3513"
"TUR","BA:622","EAP_DWAP_SEX_AGE_RT","SEX_M","AGE_10YRBANDS_Y25-34","2010",93.869,,,,"R1:3513"
"TUR","BA:622","EAP_DWAP_SEX_AGE_RT","SEX_M","AGE_10YRBANDS_Y35-44","2010",94.57,,,,"R1:3513"
"TUR","BA:622","EAP_DWAP_SEX_AGE_RT","SEX_M","AGE_10YRBANDS_Y45-54","2010",76.375,,,,"R1:3513"
"TUR","BA:622","EAP_DWAP_SEX_AGE_RT","SEX_M","AGE_10YRBANDS_Y55-64","2010",46.169,,,,"R1:3513"
"TUR","BA:622","EAP_DWAP_SEX_AGE_RT","SEX_M","AGE_10YRBANDS_YGE65","2010",19.886,,,,"R1:3513"
"TUR","BA:622","EAP_DWAP_SEX_AGE_RT","SEX_F","AGE_10YRBANDS_YGE15","2010",27.611,,,,"R1:3513"
"TUR","BA:622","EAP_DWAP_SEX_AGE_RT","SEX_F","AGE_10YRBANDS_Y15-24","2010",26.307,,,,"R1:3513"
"TUR","BA:622","EAP_DWAP_SEX_AGE_RT","SEX_F","AGE_10YRBANDS_Y25-34","2010",36.869,,,,"R1:3513"
"TUR","BA:622","EAP_DWAP_SEX_AGE_RT","SEX_F","AGE_10YRBANDS_Y35-44","2010",36.736,,,,"R1:3513"
"TUR","BA:622","EAP_DWAP_SEX_AGE_RT","SEX_F","AGE_10YRBANDS_Y45-54","2010",26.196,,,,"R1:3513"
"TUR","BA:622","EAP_DWAP_SEX_AGE_RT","SEX_F","AGE_10YRBANDS_Y55-64","2010",17.338,,,,"R1:3513"
"TUR","BA:622","EAP_DWAP_SEX_AGE_RT","SEX_F","AGE_10YRBANDS_YGE65","2010",5.876,,,,"R1:3513"
"TUR","BA:622","EAP_DWAP_SEX_AGE_RT","SEX_T","AGE_5YRBANDS_YGE15","2010",48.801,,,,"R1:3513"
"TUR","BA:622","EAP_DWAP_SEX_AGE_RT","SEX_T","AGE_5YRBANDS_Y15-19","2010",26.608,,,,"R1:3513"
"TUR","BA:622","EAP_DWAP_SEX_AGE_RT","SEX_T","AGE_5YRBANDS_Y20-24","2010",52.163,,,,"R1:3513"
"TUR","BA:622","EAP_DWAP_SEX_AGE_RT","SEX_T","AGE_5YRBANDS_Y25-29","2010",65.017,,,,"R1:3513"
"TUR","BA:622","EAP_DWAP_SEX_AGE_RT","SEX_T","AGE_5YRBANDS_Y30-34","2010",65.861,,,,"R1:3513"
"TUR","BA:622","EAP_DWAP_SEX_AGE_RT","SEX_T","AGE_5YRBANDS_Y35-39","2010",66.495,,,,"R1:3513"
"TUR","BA:622","EAP_DWAP_SEX_AGE_RT","SEX_T","AGE_5YRBANDS_Y40-44","2010",65.03,,,,"R1:3513"
"TUR","BA:622","EAP_DWAP_SEX_AGE_RT","SEX_T","AGE_5YRBANDS_Y45-49","2010",57.025,,,,"R1:3513"
"TUR","BA:622","EAP_DWAP_SEX_AGE_RT","SEX_T","AGE_5YRBANDS_Y50-54","2010",44.826,,,,"R1:3513"
"TUR","BA:622","EAP_DWAP_SEX_AGE_RT","SEX_T","AGE_5YRBANDS_Y55-59","2010",34.767,,,,"R1:3513"
"TUR","BA:622","EAP_DWAP_SEX_AGE_RT","SEX_T","AGE_5YRBANDS_Y60-64","2010",26.979,,,,"R1:3513"
"TUR","BA:622","EAP_DWAP_SEX_AGE_RT","SEX_T","AGE_5YRBANDS_YGE65","2010",11.975,,,,"R1:3513"
"TUR","BA:622","EAP_DWAP_SEX_AGE_RT","SEX_M","AGE_5YRBANDS_YGE15","2010",70.762,,,,"R1:3513"
"TUR","BA:622","EAP_DWAP_SEX_AGE_RT","SEX_M","AGE_5YRBANDS_Y15-19","2010",35.566,,,,"R1:3513"
"TUR","BA:622","EAP_DWAP_SEX_AGE_RT","SEX_M","AGE_5YRBANDS_Y20-24","2010",71.601,,,,"R1:3513"
"TUR","BA:622","EAP_DWAP_SEX_AGE_RT","SEX_M","AGE_5YRBANDS_Y25-29","2010",92.26,,,,"R1:3513"
"TUR","BA:622","EAP_DWAP_SEX_AGE_RT","SEX_M","AGE_5YRBANDS_Y30-34","2010",95.511,,,,"R1:3513"
"TUR","BA:622","EAP_DWAP_SEX_AGE_RT","SEX_M","AGE_5YRBANDS_Y35-39","2010",95.388,,,,"R1:3513"
"TUR","BA:622","EAP_DWAP_SEX_AGE_RT","SEX_M","AGE_5YRBANDS_Y40-44","2010",93.663,,,,"R1:3513"
"TUR","BA:622","EAP_DWAP_SEX_AGE_RT","SEX_M","AGE_5YRBANDS_Y45-49","2010",85.048,,,,"R1:3513"
"TUR","BA:622","EAP_DWAP_SEX_AGE_RT","SEX_M","AGE_5YRBANDS_Y50-54","2010",66.364,,,,"R1:3513"
"TUR","BA:622","EAP_DWAP_SEX_AGE_RT","SEX_M","AGE_5YRBANDS_Y55-59","2010",50.653,,,,"R1:3513"
"TUR","BA:622","EAP_DWAP_SEX_AGE_RT","SEX_M","AGE_5YRBANDS_Y60-64","2010",40.025,,,,"R1:3513"
"TUR","BA:622","EAP_DWAP_SEX_AGE_RT","SEX_M","AGE_5YRBANDS_YGE65","2010",19.886,,,,"R1:3513"
"TUR","BA:622","EAP_DWAP_SEX_AGE_RT","SEX_F","AGE_5YRBANDS_YGE15","2010",27.611,,,,"R1:3513"
"TUR","BA:622","EAP_DWAP_SEX_AGE_RT","SEX_F","AGE_5YRBANDS_Y15-19","2010",16.967,,,,"R1:3513"
"TUR","BA:622","EAP_DWAP_SEX_AGE_RT","SEX_F","AGE_5YRBANDS_Y20-24","2010",36.03,,,,"R1:3513"
"TUR","BA:622","EAP_DWAP_SEX_AGE_RT","SEX_F","AGE_5YRBANDS_Y25-29","2010",38.008,,,,"R1:3513"
"TUR","BA:622","EAP_DWAP_SEX_AGE_RT","SEX_F","AGE_5YRBANDS_Y30-34","2010",35.675,,,,"R1:3513"
"TUR","BA:622","EAP_DWAP_SEX_AGE_RT","SEX_F","AGE_5YRBANDS_Y35-39","2010",37.369,,,,"R1:3513"
"TUR","BA:622","EAP_DWAP_SEX_AGE_RT","SEX_F","AGE_5YRBANDS_Y40-44","2010",36.033,,,,"R1:3513"
"TUR","BA:622","EAP_DWAP_SEX_AGE_RT","SEX_F","AGE_5YRBANDS_Y45-49","2010",28.691,,,,"R1:3513"
"TUR","BA:622","EAP_DWAP_SEX_AGE_RT","SEX_F","AGE_5YRBANDS_Y50-54","2010",23.355,,,,"R1:3513"
"TUR","BA:622","EAP_DWAP_SEX_AGE_RT","SEX_F","AGE_5YRBANDS_Y55-59","2010",19.146,,,,"R1:3513"
"TUR","BA:622","EAP_DWAP_SEX_AGE_RT","SEX_F","AGE_5YRBANDS_Y60-64","2010",15.03,,,,"R1:3513"
"TUR","BA:622","EAP_DWAP_SEX_AGE_RT","SEX_F","AGE_5YRBANDS_YGE65","2010",5.876,,,,"R1:3513"
"TUR","BA:622","EAP_DWAP_SEX_AGE_RT","SEX_T","AGE_YTHADULT_YGE15","2009",47.882,,,,"R1:3513"
"TUR","BA:622","EAP_DWAP_SEX_AGE_RT","SEX_T","AGE_YTHADULT_Y15-64","2009",51.662,,,,"R1:3513"
"TUR","BA:622","EAP_DWAP_SEX_AGE_RT","SEX_T","AGE_YTHADULT_Y15-24","2009",38.683,,,,"R1:3513"
"TUR","BA:622","EAP_DWAP_SEX_AGE_RT","SEX_T","AGE_YTHADULT_YGE25","2009",50.518,,,,"R1:3513"
"TUR","BA:622","EAP_DWAP_SEX_AGE_RT","SEX_M","AGE_YTHADULT_YGE15","2009",70.55,,,,"R1:3513"
"TUR","BA:622","EAP_DWAP_SEX_AGE_RT","SEX_M","AGE_YTHADULT_Y15-64","2009",75.244,,,,"R1:3513"
"TUR","BA:622","EAP_DWAP_SEX_AGE_RT","SEX_M","AGE_YTHADULT_Y15-24","2009",52.228,,,,"R1:3513"
"TUR","BA:622","EAP_DWAP_SEX_AGE_RT","SEX_M","AGE_YTHADULT_YGE25","2009",75.767,,,,"R1:3513"
"TUR","BA:622","EAP_DWAP_SEX_AGE_RT","SEX_F","AGE_YTHADULT_YGE15","2009",26.031,,,,"R1:3513"
"TUR","BA:622","EAP_DWAP_SEX_AGE_RT","SEX_F","AGE_YTHADULT_Y15-64","2009",28.399,,,,"R1:3513"
"TUR","BA:622","EAP_DWAP_SEX_AGE_RT","SEX_F","AGE_YTHADULT_Y15-24","2009",25.754,,,,"R1:3513"
"TUR","BA:622","EAP_DWAP_SEX_AGE_RT","SEX_F","AGE_YTHADULT_YGE25","2009",26.111,,,,"R1:3513"
"TUR","BA:622","EAP_DWAP_SEX_AGE_RT","SEX_T","AGE_AGGREGATE_YGE15","2009",47.882,,,,"R1:3513"
"TUR","BA:622","EAP_DWAP_SEX_AGE_RT","SEX_T","AGE_AGGREGATE_Y15-24","2009",38.683,,,,"R1:3513"
"TUR","BA:622","EAP_DWAP_SEX_AGE_RT","SEX_T","AGE_AGGREGATE_Y25-54","2009",60.288,,,,"R1:3513"
"TUR","BA:622","EAP_DWAP_SEX_AGE_RT","SEX_T","AGE_AGGREGATE_Y55-64","2009",30.142,,,,"R1:3513"
"TUR","BA:622","EAP_DWAP_SEX_AGE_RT","SEX_T","AGE_AGGREGATE_YGE65","2009",11.864,,,,"R1:3513"
"TUR","BA:622","EAP_DWAP_SEX_AGE_RT","SEX_M","AGE_AGGREGATE_YGE15","2009",70.55,,,,"R1:3513"
"TUR","BA:622","EAP_DWAP_SEX_AGE_RT","SEX_M","AGE_AGGREGATE_Y15-24","2009",52.228,,,,"R1:3513"
"TUR","BA:622","EAP_DWAP_SEX_AGE_RT","SEX_M","AGE_AGGREGATE_Y25-54","2009",88.829,,,,"R1:3513"
"TUR","BA:622","EAP_DWAP_SEX_AGE_RT","SEX_M","AGE_AGGREGATE_Y55-64","2009",44.826,,,,"R1:3513"
"TUR","BA:622","EAP_DWAP_SEX_AGE_RT","SEX_M","AGE_AGGREGATE_YGE65","2009",19.584,,,,"R1:3513"
"TUR","BA:622","EAP_DWAP_SEX_AGE_RT","SEX_F","AGE_AGGREGATE_YGE15","2009",26.031,,,,"R1:3513"
"TUR","BA:622","EAP_DWAP_SEX_AGE_RT","SEX_F","AGE_AGGREGATE_Y15-24","2009",25.754,,,,"R1:3513"
"TUR","BA:622","EAP_DWAP_SEX_AGE_RT","SEX_F","AGE_AGGREGATE_Y25-54","2009",31.568,,,,"R1:3513"
"TUR","BA:622","EAP_DWAP_SEX_AGE_RT","SEX_F","AGE_AGGREGATE_Y55-64","2009",16.262,,,,"R1:3513"
"TUR","BA:622","EAP_DWAP_SEX_AGE_RT","SEX_F","AGE_AGGREGATE_YGE65","2009",5.9,,,,"R1:3513"
"TUR","BA:622","EAP_DWAP_SEX_AGE_RT","SEX_T","AGE_10YRBANDS_YGE15","2009",47.882,,,,"R1:3513"
"TUR","BA:622","EAP_DWAP_SEX_AGE_RT","SEX_T","AGE_10YRBANDS_Y15-24","2009",38.683,,,,"R1:3513"
"TUR","BA:622","EAP_DWAP_SEX_AGE_RT","SEX_T","AGE_10YRBANDS_Y25-34","2009",64.551,,,,"R1:3513"
"TUR","BA:622","EAP_DWAP_SEX_AGE_RT","SEX_T","AGE_10YRBANDS_Y35-44","2009",63.916,,,,"R1:3513"
"TUR","BA:622","EAP_DWAP_SEX_AGE_RT","SEX_T","AGE_10YRBANDS_Y45-54","2009",49.205,,,,"R1:3513"
"TUR","BA:622","EAP_DWAP_SEX_AGE_RT","SEX_T","AGE_10YRBANDS_Y55-64","2009",30.142,,,,"R1:3513"
"TUR","BA:622","EAP_DWAP_SEX_AGE_RT","SEX_T","AGE_10YRBANDS_YGE65","2009",11.864,,,,"R1:3513"
"TUR","BA:622","EAP_DWAP_SEX_AGE_RT","SEX_M","AGE_10YRBANDS_YGE15","2009",70.55,,,,"R1:3513"
"TUR","BA:622","EAP_DWAP_SEX_AGE_RT","SEX_M","AGE_10YRBANDS_Y15-24","2009",52.228,,,,"R1:3513"
"TUR","BA:622","EAP_DWAP_SEX_AGE_RT","SEX_M","AGE_10YRBANDS_Y25-34","2009",93.667,,,,"R1:3513"
"TUR","BA:622","EAP_DWAP_SEX_AGE_RT","SEX_M","AGE_10YRBANDS_Y35-44","2009",94.337,,,,"R1:3513"
"TUR","BA:622","EAP_DWAP_SEX_AGE_RT","SEX_M","AGE_10YRBANDS_Y45-54","2009",74.468,,,,"R1:3513"
"TUR","BA:622","EAP_DWAP_SEX_AGE_RT","SEX_M","AGE_10YRBANDS_Y55-64","2009",44.826,,,,"R1:3513"
"TUR","BA:622","EAP_DWAP_SEX_AGE_RT","SEX_M","AGE_10YRBANDS_YGE65","2009",19.584,,,,"R1:3513"
"TUR","BA:622","EAP_DWAP_SEX_AGE_RT","SEX_F","AGE_10YRBANDS_YGE15","2009",26.031,,,,"R1:3513"
"TUR","BA:622","EAP_DWAP_SEX_AGE_RT","SEX_F","AGE_10YRBANDS_Y15-24","2009",25.754,,,,"R1:3513"
"TUR","BA:622","EAP_DWAP_SEX_AGE_RT","SEX_F","AGE_10YRBANDS_Y25-34","2009",35.331,,,,"R1:3513"
"TUR","BA:622","EAP_DWAP_SEX_AGE_RT","SEX_F","AGE_10YRBANDS_Y35-44","2009",33.137,,,,"R1:3513"
"TUR","BA:622","EAP_DWAP_SEX_AGE_RT","SEX_F","AGE_10YRBANDS_Y45-54","2009",23.856,,,,"R1:3513"
"TUR","BA:622","EAP_DWAP_SEX_AGE_RT","SEX_F","AGE_10YRBANDS_Y55-64","2009",16.262,,,,"R1:3513"
"TUR","BA:622","EAP_DWAP_SEX_AGE_RT","SEX_F","AGE_10YRBANDS_YGE65","2009",5.9,,,,"R1:3513"
"TUR","BA:622","EAP_DWAP_SEX_AGE_RT","SEX_T","AGE_5YRBANDS_YGE15","2009",47.882,,,,"R1:3513"
"TUR","BA:622","EAP_DWAP_SEX_AGE_RT","SEX_T","AGE_5YRBANDS_Y15-19","2009",27.46,,,,"R1:3513"
"TUR","BA:622","EAP_DWAP_SEX_AGE_RT","SEX_T","AGE_5YRBANDS_Y20-24","2009",51.718,,,,"R1:3513"
"TUR","BA:622","EAP_DWAP_SEX_AGE_RT","SEX_T","AGE_5YRBANDS_Y25-29","2009",64.078,,,,"R1:3513"
"TUR","BA:622","EAP_DWAP_SEX_AGE_RT","SEX_T","AGE_5YRBANDS_Y30-34","2009",65.06,,,,"R1:3513"
"TUR","BA:622","EAP_DWAP_SEX_AGE_RT","SEX_T","AGE_5YRBANDS_Y35-39","2009",64.624,,,,"R1:3513"
"TUR","BA:622","EAP_DWAP_SEX_AGE_RT","SEX_T","AGE_5YRBANDS_Y40-44","2009",63.122,,,,"R1:3513"
"TUR","BA:622","EAP_DWAP_SEX_AGE_RT","SEX_T","AGE_5YRBANDS_Y45-49","2009",54.218,,,,"R1:3513"
"TUR","BA:622","EAP_DWAP_SEX_AGE_RT","SEX_T","AGE_5YRBANDS_Y50-54","2009",43.37,,,,"R1:3513"
"TUR","BA:622","EAP_DWAP_SEX_AGE_RT","SEX_T","AGE_5YRBANDS_Y55-59","2009",33.584,,,,"R1:3513"
"TUR","BA:622","EAP_DWAP_SEX_AGE_RT","SEX_T","AGE_5YRBANDS_Y60-64","2009",25.601,,,,"R1:3513"
"TUR","BA:622","EAP_DWAP_SEX_AGE_RT","SEX_T","AGE_5YRBANDS_YGE65","2009",11.864,,,,"R1:3513"
"TUR","BA:622","EAP_DWAP_SEX_AGE_RT","SEX_M","AGE_5YRBANDS_YGE15","2009",70.55,,,,"R1:3513"
"TUR","BA:622","EAP_DWAP_SEX_AGE_RT","SEX_M","AGE_5YRBANDS_Y15-19","2009",36.954,,,,"R1:3513"
"TUR","BA:622","EAP_DWAP_SEX_AGE_RT","SEX_M","AGE_5YRBANDS_Y20-24","2009",72.307,,,,"R1:3513"
"TUR","BA:622","EAP_DWAP_SEX_AGE_RT","SEX_M","AGE_5YRBANDS_Y25-29","2009",92.664,,,,"R1:3513"
"TUR","BA:622","EAP_DWAP_SEX_AGE_RT","SEX_M","AGE_5YRBANDS_Y30-34","2009",94.731,,,,"R1:3513"
"TUR","BA:622","EAP_DWAP_SEX_AGE_RT","SEX_M","AGE_5YRBANDS_Y35-39","2009",94.966,,,,"R1:3513"
"TUR","BA:622","EAP_DWAP_SEX_AGE_RT","SEX_M","AGE_5YRBANDS_Y40-44","2009",93.635,,,,"R1:3513"
"TUR","BA:622","EAP_DWAP_SEX_AGE_RT","SEX_M","AGE_5YRBANDS_Y45-49","2009",82.5,,,,"R1:3513"
"TUR","BA:622","EAP_DWAP_SEX_AGE_RT","SEX_M","AGE_5YRBANDS_Y50-54","2009",65.078,,,,"R1:3513"
"TUR","BA:622","EAP_DWAP_SEX_AGE_RT","SEX_M","AGE_5YRBANDS_Y55-59","2009",49.719,,,,"R1:3513"
"TUR","BA:622","EAP_DWAP_SEX_AGE_RT","SEX_M","AGE_5YRBANDS_Y60-64","2009",38.08,,,,"R1:3513"
"TUR","BA:622","EAP_DWAP_SEX_AGE_RT","SEX_M","AGE_5YRBANDS_YGE65","2009",19.584,,,,"R1:3513"
"TUR","BA:622","EAP_DWAP_SEX_AGE_RT","SEX_F","AGE_5YRBANDS_YGE15","2009",26.031,,,,"R1:3513"
"TUR","BA:622","EAP_DWAP_SEX_AGE_RT","SEX_F","AGE_5YRBANDS_Y15-19","2009",17.331,,,,"R1:3513"
"TUR","BA:622","EAP_DWAP_SEX_AGE_RT","SEX_F","AGE_5YRBANDS_Y20-24","2009",34.455,,,,"R1:3513"
"TUR","BA:622","EAP_DWAP_SEX_AGE_RT","SEX_F","AGE_5YRBANDS_Y25-29","2009",35.783,,,,"R1:3513"
"TUR","BA:622","EAP_DWAP_SEX_AGE_RT","SEX_F","AGE_5YRBANDS_Y30-34","2009",34.838,,,,"R1:3513"
"TUR","BA:622","EAP_DWAP_SEX_AGE_RT","SEX_F","AGE_5YRBANDS_Y35-39","2009",34.094,,,,"R1:3513"
"TUR","BA:622","EAP_DWAP_SEX_AGE_RT","SEX_F","AGE_5YRBANDS_Y40-44","2009",32.058,,,,"R1:3513"
"TUR","BA:622","EAP_DWAP_SEX_AGE_RT","SEX_F","AGE_5YRBANDS_Y45-49","2009",25.721,,,,"R1:3513"
"TUR","BA:622","EAP_DWAP_SEX_AGE_RT","SEX_F","AGE_5YRBANDS_Y50-54","2009",21.695,,,,"R1:3513"
"TUR","BA:622","EAP_DWAP_SEX_AGE_RT","SEX_F","AGE_5YRBANDS_Y55-59","2009",17.763,,,,"R1:3513"
"TUR","BA:622","EAP_DWAP_SEX_AGE_RT","SEX_F","AGE_5YRBANDS_Y60-64","2009",14.363,,,,"R1:3513"
"TUR","BA:622","EAP_DWAP_SEX_AGE_RT","SEX_F","AGE_5YRBANDS_YGE65","2009",5.9,,,,"R1:3513"
"TUR","BA:622","EAP_DWAP_SEX_AGE_RT","SEX_T","AGE_YTHADULT_YGE15","2008",46.886,,,,"R1:3513"
"TUR","BA:622","EAP_DWAP_SEX_AGE_RT","SEX_T","AGE_YTHADULT_Y15-64","2008",50.566,,,,"R1:3513"
"TUR","BA:622","EAP_DWAP_SEX_AGE_RT","SEX_T","AGE_YTHADULT_Y15-24","2008",38.13,,,,"R1:3513"
"TUR","BA:622","EAP_DWAP_SEX_AGE_RT","SEX_T","AGE_YTHADULT_YGE25","2008",49.448,,,,"R1:3513"
"TUR","BA:622","EAP_DWAP_SEX_AGE_RT","SEX_M","AGE_YTHADULT_YGE15","2008",70.137,,,,"R1:3513"
"TUR","BA:622","EAP_DWAP_SEX_AGE_RT","SEX_M","AGE_YTHADULT_Y15-64","2008",74.784,,,,"R1:3513"
"TUR","BA:622","EAP_DWAP_SEX_AGE_RT","SEX_M","AGE_YTHADULT_Y15-24","2008",51.718,,,,"R1:3513"
"TUR","BA:622","EAP_DWAP_SEX_AGE_RT","SEX_M","AGE_YTHADULT_YGE25","2008",75.497,,,,"R1:3513"
"TUR","BA:622","EAP_DWAP_SEX_AGE_RT","SEX_F","AGE_YTHADULT_YGE15","2008",24.48,,,,"R1:3513"
"TUR","BA:622","EAP_DWAP_SEX_AGE_RT","SEX_F","AGE_YTHADULT_Y15-64","2008",26.676,,,,"R1:3513"
"TUR","BA:622","EAP_DWAP_SEX_AGE_RT","SEX_F","AGE_YTHADULT_Y15-24","2008",25.137,,,,"R1:3513"
"TUR","BA:622","EAP_DWAP_SEX_AGE_RT","SEX_F","AGE_YTHADULT_YGE25","2008",24.286,,,,"R1:3513"
"TUR","BA:622","EAP_DWAP_SEX_AGE_RT","SEX_T","AGE_AGGREGATE_YGE15","2008",46.886,,,,"R1:3513"
"TUR","BA:622","EAP_DWAP_SEX_AGE_RT","SEX_T","AGE_AGGREGATE_Y15-24","2008",38.13,,,,"R1:3513"
"TUR","BA:622","EAP_DWAP_SEX_AGE_RT","SEX_T","AGE_AGGREGATE_Y25-54","2008",58.988,,,,"R1:3513"
"TUR","BA:622","EAP_DWAP_SEX_AGE_RT","SEX_T","AGE_AGGREGATE_Y55-64","2008",28.908,,,,"R1:3513"
"TUR","BA:622","EAP_DWAP_SEX_AGE_RT","SEX_T","AGE_AGGREGATE_YGE65","2008",11.716,,,,"R1:3513"
"TUR","BA:622","EAP_DWAP_SEX_AGE_RT","SEX_M","AGE_AGGREGATE_YGE15","2008",70.137,,,,"R1:3513"
"TUR","BA:622","EAP_DWAP_SEX_AGE_RT","SEX_M","AGE_AGGREGATE_Y15-24","2008",51.718,,,,"R1:3513"
"TUR","BA:622","EAP_DWAP_SEX_AGE_RT","SEX_M","AGE_AGGREGATE_Y25-54","2008",88.466,,,,"R1:3513"
"TUR","BA:622","EAP_DWAP_SEX_AGE_RT","SEX_M","AGE_AGGREGATE_Y55-64","2008",43.794,,,,"R1:3513"
"TUR","BA:622","EAP_DWAP_SEX_AGE_RT","SEX_M","AGE_AGGREGATE_YGE65","2008",19.437,,,,"R1:3513"
"TUR","BA:622","EAP_DWAP_SEX_AGE_RT","SEX_F","AGE_AGGREGATE_YGE15","2008",24.48,,,,"R1:3513"
"TUR","BA:622","EAP_DWAP_SEX_AGE_RT","SEX_F","AGE_AGGREGATE_Y15-24","2008",25.137,,,,"R1:3513"
"TUR","BA:622","EAP_DWAP_SEX_AGE_RT","SEX_F","AGE_AGGREGATE_Y25-54","2008",29.302,,,,"R1:3513"
"TUR","BA:622","EAP_DWAP_SEX_AGE_RT","SEX_F","AGE_AGGREGATE_Y55-64","2008",14.968,,,,"R1:3513"
"TUR","BA:622","EAP_DWAP_SEX_AGE_RT","SEX_F","AGE_AGGREGATE_YGE65","2008",5.77,,,,"R1:3513"
"TUR","BA:622","EAP_DWAP_SEX_AGE_RT","SEX_T","AGE_10YRBANDS_YGE15","2008",46.886,,,,"R1:3513"
"TUR","BA:622","EAP_DWAP_SEX_AGE_RT","SEX_T","AGE_10YRBANDS_Y15-24","2008",38.13,,,,"R1:3513"
"TUR","BA:622","EAP_DWAP_SEX_AGE_RT","SEX_T","AGE_10YRBANDS_Y25-34","2008",63.063,,,,"R1:3513"
"TUR","BA:622","EAP_DWAP_SEX_AGE_RT","SEX_T","AGE_10YRBANDS_Y35-44","2008",62.602,,,,"R1:3513"
"TUR","BA:622","EAP_DWAP_SEX_AGE_RT","SEX_T","AGE_10YRBANDS_Y45-54","2008",48.043,,,,"R1:3513"
"TUR","BA:622","EAP_DWAP_SEX_AGE_RT","SEX_T","AGE_10YRBANDS_Y55-64","2008",28.908,,,,"R1:3513"
"TUR","BA:622","EAP_DWAP_SEX_AGE_RT","SEX_T","AGE_10YRBANDS_YGE65","2008",11.716,,,,"R1:3513"
"TUR","BA:622","EAP_DWAP_SEX_AGE_RT","SEX_M","AGE_10YRBANDS_YGE15","2008",70.137,,,,"R1:3513"
"TUR","BA:622","EAP_DWAP_SEX_AGE_RT","SEX_M","AGE_10YRBANDS_Y15-24","2008",51.718,,,,"R1:3513"
"TUR","BA:622","EAP_DWAP_SEX_AGE_RT","SEX_M","AGE_10YRBANDS_Y25-34","2008",93.497,,,,"R1:3513"
"TUR","BA:622","EAP_DWAP_SEX_AGE_RT","SEX_M","AGE_10YRBANDS_Y35-44","2008",94.14,,,,"R1:3513"
"TUR","BA:622","EAP_DWAP_SEX_AGE_RT","SEX_M","AGE_10YRBANDS_Y45-54","2008",73.359,,,,"R1:3513"
"TUR","BA:622","EAP_DWAP_SEX_AGE_RT","SEX_M","AGE_10YRBANDS_Y55-64","2008",43.794,,,,"R1:3513"
"TUR","BA:622","EAP_DWAP_SEX_AGE_RT","SEX_M","AGE_10YRBANDS_YGE65","2008",19.437,,,,"R1:3513"
"TUR","BA:622","EAP_DWAP_SEX_AGE_RT","SEX_F","AGE_10YRBANDS_YGE15","2008",24.48,,,,"R1:3513"
"TUR","BA:622","EAP_DWAP_SEX_AGE_RT","SEX_F","AGE_10YRBANDS_Y15-24","2008",25.137,,,,"R1:3513"
"TUR","BA:622","EAP_DWAP_SEX_AGE_RT","SEX_F","AGE_10YRBANDS_Y25-34","2008",32.45,,,,"R1:3513"
"TUR","BA:622","EAP_DWAP_SEX_AGE_RT","SEX_F","AGE_10YRBANDS_Y35-44","2008",30.677,,,,"R1:3513"
"TUR","BA:622","EAP_DWAP_SEX_AGE_RT","SEX_F","AGE_10YRBANDS_Y45-54","2008",22.667,,,,"R1:3513"
"TUR","BA:622","EAP_DWAP_SEX_AGE_RT","SEX_F","AGE_10YRBANDS_Y55-64","2008",14.968,,,,"R1:3513"
"TUR","BA:622","EAP_DWAP_SEX_AGE_RT","SEX_F","AGE_10YRBANDS_YGE65","2008",5.77,,,,"R1:3513"
"TUR","BA:622","EAP_DWAP_SEX_AGE_RT","SEX_T","AGE_5YRBANDS_YGE15","2008",46.886,,,,"R1:3513"
"TUR","BA:622","EAP_DWAP_SEX_AGE_RT","SEX_T","AGE_5YRBANDS_Y15-19","2008",27.327,,,,"R1:3513"
"TUR","BA:622","EAP_DWAP_SEX_AGE_RT","SEX_T","AGE_5YRBANDS_Y20-24","2008",50.574,,,,"R1:3513"
"TUR","BA:622","EAP_DWAP_SEX_AGE_RT","SEX_T","AGE_5YRBANDS_Y25-29","2008",62.653,,,,"R1:3513"
"TUR","BA:622","EAP_DWAP_SEX_AGE_RT","SEX_T","AGE_5YRBANDS_Y30-34","2008",63.522,,,,"R1:3513"
"TUR","BA:622","EAP_DWAP_SEX_AGE_RT","SEX_T","AGE_5YRBANDS_Y35-39","2008",63.677,,,,"R1:3513"
"TUR","BA:622","EAP_DWAP_SEX_AGE_RT","SEX_T","AGE_5YRBANDS_Y40-44","2008",61.385,,,,"R1:3513"
"TUR","BA:622","EAP_DWAP_SEX_AGE_RT","SEX_T","AGE_5YRBANDS_Y45-49","2008",52.796,,,,"R1:3513"
"TUR","BA:622","EAP_DWAP_SEX_AGE_RT","SEX_T","AGE_5YRBANDS_Y50-54","2008",42.419,,,,"R1:3513"
"TUR","BA:622","EAP_DWAP_SEX_AGE_RT","SEX_T","AGE_5YRBANDS_Y55-59","2008",32.14,,,,"R1:3513"
"TUR","BA:622","EAP_DWAP_SEX_AGE_RT","SEX_T","AGE_5YRBANDS_Y60-64","2008",24.666,,,,"R1:3513"
"TUR","BA:622","EAP_DWAP_SEX_AGE_RT","SEX_T","AGE_5YRBANDS_YGE65","2008",11.716,,,,"R1:3513"
"TUR","BA:622","EAP_DWAP_SEX_AGE_RT","SEX_M","AGE_5YRBANDS_YGE15","2008",70.137,,,,"R1:3513"
"TUR","BA:622","EAP_DWAP_SEX_AGE_RT","SEX_M","AGE_5YRBANDS_Y15-19","2008",36.674,,,,"R1:3513"
"TUR","BA:622","EAP_DWAP_SEX_AGE_RT","SEX_M","AGE_5YRBANDS_Y20-24","2008",71.772,,,,"R1:3513"
"TUR","BA:622","EAP_DWAP_SEX_AGE_RT","SEX_M","AGE_5YRBANDS_Y25-29","2008",92.314,,,,"R1:3513"
"TUR","BA:622","EAP_DWAP_SEX_AGE_RT","SEX_M","AGE_5YRBANDS_Y30-34","2008",94.802,,,,"R1:3513"
"TUR","BA:622","EAP_DWAP_SEX_AGE_RT","SEX_M","AGE_5YRBANDS_Y35-39","2008",94.796,,,,"R1:3513"
"TUR","BA:622","EAP_DWAP_SEX_AGE_RT","SEX_M","AGE_5YRBANDS_Y40-44","2008",93.405,,,,"R1:3513"
"TUR","BA:622","EAP_DWAP_SEX_AGE_RT","SEX_M","AGE_5YRBANDS_Y45-49","2008",80.743,,,,"R1:3513"
"TUR","BA:622","EAP_DWAP_SEX_AGE_RT","SEX_M","AGE_5YRBANDS_Y50-54","2008",64.586,,,,"R1:3513"
"TUR","BA:622","EAP_DWAP_SEX_AGE_RT","SEX_M","AGE_5YRBANDS_Y55-59","2008",48.249,,,,"R1:3513"
"TUR","BA:622","EAP_DWAP_SEX_AGE_RT","SEX_M","AGE_5YRBANDS_Y60-64","2008",37.651,,,,"R1:3513"
"TUR","BA:622","EAP_DWAP_SEX_AGE_RT","SEX_M","AGE_5YRBANDS_YGE65","2008",19.437,,,,"R1:3513"
"TUR","BA:622","EAP_DWAP_SEX_AGE_RT","SEX_F","AGE_5YRBANDS_YGE15","2008",24.48,,,,"R1:3513"
"TUR","BA:622","EAP_DWAP_SEX_AGE_RT","SEX_F","AGE_5YRBANDS_Y15-19","2008",17.131,,,,"R1:3513"
"TUR","BA:622","EAP_DWAP_SEX_AGE_RT","SEX_F","AGE_5YRBANDS_Y20-24","2008",33.168,,,,"R1:3513"
"TUR","BA:622","EAP_DWAP_SEX_AGE_RT","SEX_F","AGE_5YRBANDS_Y25-29","2008",33.257,,,,"R1:3513"
"TUR","BA:622","EAP_DWAP_SEX_AGE_RT","SEX_F","AGE_5YRBANDS_Y30-34","2008",31.531,,,,"R1:3513"
"TUR","BA:622","EAP_DWAP_SEX_AGE_RT","SEX_F","AGE_5YRBANDS_Y35-39","2008",32.412,,,,"R1:3513"
"TUR","BA:622","EAP_DWAP_SEX_AGE_RT","SEX_F","AGE_5YRBANDS_Y40-44","2008",28.699,,,,"R1:3513"
"TUR","BA:622","EAP_DWAP_SEX_AGE_RT","SEX_F","AGE_5YRBANDS_Y45-49","2008",24.674,,,,"R1:3513"
"TUR","BA:622","EAP_DWAP_SEX_AGE_RT","SEX_F","AGE_5YRBANDS_Y50-54","2008",20.301,,,,"R1:3513"
"TUR","BA:622","EAP_DWAP_SEX_AGE_RT","SEX_F","AGE_5YRBANDS_Y55-59","2008",16.421,,,,"R1:3513"
"TUR","BA:622","EAP_DWAP_SEX_AGE_RT","SEX_F","AGE_5YRBANDS_Y60-64","2008",13.146,,,,"R1:3513"
"TUR","BA:622","EAP_DWAP_SEX_AGE_RT","SEX_F","AGE_5YRBANDS_YGE65","2008",5.77,,,,"R1:3513"
"TUR","BA:622","EAP_DWAP_SEX_AGE_RT","SEX_T","AGE_YTHADULT_YGE15","2007",46.234,,,,"R1:3513"
"TUR","BA:622","EAP_DWAP_SEX_AGE_RT","SEX_T","AGE_YTHADULT_Y15-64","2007",49.827,,,,"R1:3513"
"TUR","BA:622","EAP_DWAP_SEX_AGE_RT","SEX_T","AGE_YTHADULT_Y15-24","2007",37.678,,,,"R1:3513"
"TUR","BA:622","EAP_DWAP_SEX_AGE_RT","SEX_T","AGE_YTHADULT_YGE25","2007",48.814,,,,"R1:3513"
"TUR","BA:622","EAP_DWAP_SEX_AGE_RT","SEX_M","AGE_YTHADULT_YGE15","2007",69.75,,,,"R1:3513"
"TUR","BA:622","EAP_DWAP_SEX_AGE_RT","SEX_M","AGE_YTHADULT_Y15-64","2007",74.383,,,,"R1:3513"
"TUR","BA:622","EAP_DWAP_SEX_AGE_RT","SEX_M","AGE_YTHADULT_Y15-24","2007",51.633,,,,"R1:3513"
"TUR","BA:622","EAP_DWAP_SEX_AGE_RT","SEX_M","AGE_YTHADULT_YGE25","2007",75.172,,,,"R1:3513"
"TUR","BA:622","EAP_DWAP_SEX_AGE_RT","SEX_F","AGE_YTHADULT_YGE15","2007",23.611,,,,"R1:3513"
"TUR","BA:622","EAP_DWAP_SEX_AGE_RT","SEX_F","AGE_YTHADULT_Y15-64","2007",25.673,,,,"R1:3513"
"TUR","BA:622","EAP_DWAP_SEX_AGE_RT","SEX_F","AGE_YTHADULT_Y15-24","2007",24.403,,,,"R1:3513"
"TUR","BA:622","EAP_DWAP_SEX_AGE_RT","SEX_F","AGE_YTHADULT_YGE25","2007",23.371,,,,"R1:3513"
"TUR","BA:622","EAP_DWAP_SEX_AGE_RT","SEX_T","AGE_AGGREGATE_YGE15","2007",46.234,,,,"R1:3513"
"TUR","BA:622","EAP_DWAP_SEX_AGE_RT","SEX_T","AGE_AGGREGATE_Y15-24","2007",37.678,,,,"R1:3513"
"TUR","BA:622","EAP_DWAP_SEX_AGE_RT","SEX_T","AGE_AGGREGATE_Y25-54","2007",58.177,,,,"R1:3513"
"TUR","BA:622","EAP_DWAP_SEX_AGE_RT","SEX_T","AGE_AGGREGATE_Y55-64","2007",28.309,,,,"R1:3513"
"TUR","BA:622","EAP_DWAP_SEX_AGE_RT","SEX_T","AGE_AGGREGATE_YGE65","2007",11.475,,,,"R1:3513"
"TUR","BA:622","EAP_DWAP_SEX_AGE_RT","SEX_M","AGE_AGGREGATE_YGE15","2007",69.75,,,,"R1:3513"
"TUR","BA:622","EAP_DWAP_SEX_AGE_RT","SEX_M","AGE_AGGREGATE_Y15-24","2007",51.633,,,,"R1:3513"
"TUR","BA:622","EAP_DWAP_SEX_AGE_RT","SEX_M","AGE_AGGREGATE_Y25-54","2007",88.134,,,,"R1:3513"
"TUR","BA:622","EAP_DWAP_SEX_AGE_RT","SEX_M","AGE_AGGREGATE_Y55-64","2007",42.874,,,,"R1:3513"
"TUR","BA:622","EAP_DWAP_SEX_AGE_RT","SEX_M","AGE_AGGREGATE_YGE65","2007",18.854,,,,"R1:3513"
"TUR","BA:622","EAP_DWAP_SEX_AGE_RT","SEX_F","AGE_AGGREGATE_YGE15","2007",23.611,,,,"R1:3513"
"TUR","BA:622","EAP_DWAP_SEX_AGE_RT","SEX_F","AGE_AGGREGATE_Y15-24","2007",24.403,,,,"R1:3513"
"TUR","BA:622","EAP_DWAP_SEX_AGE_RT","SEX_F","AGE_AGGREGATE_Y25-54","2007",28.038,,,,"R1:3513"
"TUR","BA:622","EAP_DWAP_SEX_AGE_RT","SEX_F","AGE_AGGREGATE_Y55-64","2007",14.776,,,,"R1:3513"
"TUR","BA:622","EAP_DWAP_SEX_AGE_RT","SEX_F","AGE_AGGREGATE_YGE65","2007",5.752,,,,"R1:3513"
"TUR","BA:622","EAP_DWAP_SEX_AGE_RT","SEX_T","AGE_10YRBANDS_YGE15","2007",46.234,,,,"R1:3513"
"TUR","BA:622","EAP_DWAP_SEX_AGE_RT","SEX_T","AGE_10YRBANDS_Y15-24","2007",37.678,,,,"R1:3513"
"TUR","BA:622","EAP_DWAP_SEX_AGE_RT","SEX_T","AGE_10YRBANDS_Y25-34","2007",62.253,,,,"R1:3513"
"TUR","BA:622","EAP_DWAP_SEX_AGE_RT","SEX_T","AGE_10YRBANDS_Y35-44","2007",61.831,,,,"R1:3513"
"TUR","BA:622","EAP_DWAP_SEX_AGE_RT","SEX_T","AGE_10YRBANDS_Y45-54","2007",47.085,,,,"R1:3513"
"TUR","BA:622","EAP_DWAP_SEX_AGE_RT","SEX_T","AGE_10YRBANDS_Y55-64","2007",28.309,,,,"R1:3513"
"TUR","BA:622","EAP_DWAP_SEX_AGE_RT","SEX_T","AGE_10YRBANDS_YGE65","2007",11.475,,,,"R1:3513"
"TUR","BA:622","EAP_DWAP_SEX_AGE_RT","SEX_M","AGE_10YRBANDS_YGE15","2007",69.75,,,,"R1:3513"
"TUR","BA:622","EAP_DWAP_SEX_AGE_RT","SEX_M","AGE_10YRBANDS_Y15-24","2007",51.633,,,,"R1:3513"
"TUR","BA:622","EAP_DWAP_SEX_AGE_RT","SEX_M","AGE_10YRBANDS_Y25-34","2007",93.307,,,,"R1:3513"
"TUR","BA:622","EAP_DWAP_SEX_AGE_RT","SEX_M","AGE_10YRBANDS_Y35-44","2007",93.788,,,,"R1:3513"
"TUR","BA:622","EAP_DWAP_SEX_AGE_RT","SEX_M","AGE_10YRBANDS_Y45-54","2007",72.721,,,,"R1:3513"
"TUR","BA:622","EAP_DWAP_SEX_AGE_RT","SEX_M","AGE_10YRBANDS_Y55-64","2007",42.874,,,,"R1:3513"
"TUR","BA:622","EAP_DWAP_SEX_AGE_RT","SEX_M","AGE_10YRBANDS_YGE65","2007",18.854,,,,"R1:3513"
"TUR","BA:622","EAP_DWAP_SEX_AGE_RT","SEX_F","AGE_10YRBANDS_YGE15","2007",23.611,,,,"R1:3513"
"TUR","BA:622","EAP_DWAP_SEX_AGE_RT","SEX_F","AGE_10YRBANDS_Y15-24","2007",24.403,,,,"R1:3513"
"TUR","BA:622","EAP_DWAP_SEX_AGE_RT","SEX_F","AGE_10YRBANDS_Y25-34","2007",31.14,,,,"R1:3513"
"TUR","BA:622","EAP_DWAP_SEX_AGE_RT","SEX_F","AGE_10YRBANDS_Y35-44","2007",29.444,,,,"R1:3513"
"TUR","BA:622","EAP_DWAP_SEX_AGE_RT","SEX_F","AGE_10YRBANDS_Y45-54","2007",21.368,,,,"R1:3513"
"TUR","BA:622","EAP_DWAP_SEX_AGE_RT","SEX_F","AGE_10YRBANDS_Y55-64","2007",14.776,,,,"R1:3513"
"TUR","BA:622","EAP_DWAP_SEX_AGE_RT","SEX_F","AGE_10YRBANDS_YGE65","2007",5.752,,,,"R1:3513"
"TUR","BA:622","EAP_DWAP_SEX_AGE_RT","SEX_T","AGE_5YRBANDS_YGE15","2007",46.234,,,,"R1:3513"
"TUR","BA:622","EAP_DWAP_SEX_AGE_RT","SEX_T","AGE_5YRBANDS_Y15-19","2007",26.849,,,,"R1:3513"
"TUR","BA:622","EAP_DWAP_SEX_AGE_RT","SEX_T","AGE_5YRBANDS_Y20-24","2007",49.904,,,,"R1:3513"
"TUR","BA:622","EAP_DWAP_SEX_AGE_RT","SEX_T","AGE_5YRBANDS_Y25-29","2007",61.747,,,,"R1:3513"
"TUR","BA:622","EAP_DWAP_SEX_AGE_RT","SEX_T","AGE_5YRBANDS_Y30-34","2007",62.823,,,,"R1:3513"
"TUR","BA:622","EAP_DWAP_SEX_AGE_RT","SEX_T","AGE_5YRBANDS_Y35-39","2007",62.629,,,,"R1:3513"
"TUR","BA:622","EAP_DWAP_SEX_AGE_RT","SEX_T","AGE_5YRBANDS_Y40-44","2007",60.932,,,,"R1:3513"
"TUR","BA:622","EAP_DWAP_SEX_AGE_RT","SEX_T","AGE_5YRBANDS_Y45-49","2007",51.971,,,,"R1:3513"
"TUR","BA:622","EAP_DWAP_SEX_AGE_RT","SEX_T","AGE_5YRBANDS_Y50-54","2007",41.222,,,,"R1:3513"
"TUR","BA:622","EAP_DWAP_SEX_AGE_RT","SEX_T","AGE_5YRBANDS_Y55-59","2007",31.29,,,,"R1:3513"
"TUR","BA:622","EAP_DWAP_SEX_AGE_RT","SEX_T","AGE_5YRBANDS_Y60-64","2007",24.422,,,,"R1:3513"
"TUR","BA:622","EAP_DWAP_SEX_AGE_RT","SEX_T","AGE_5YRBANDS_YGE65","2007",11.475,,,,"R1:3513"
"TUR","BA:622","EAP_DWAP_SEX_AGE_RT","SEX_M","AGE_5YRBANDS_YGE15","2007",69.75,,,,"R1:3513"
"TUR","BA:622","EAP_DWAP_SEX_AGE_RT","SEX_M","AGE_5YRBANDS_Y15-19","2007",36.335,,,,"R1:3513"
"TUR","BA:622","EAP_DWAP_SEX_AGE_RT","SEX_M","AGE_5YRBANDS_Y20-24","2007",71.411,,,,"R1:3513"
"TUR","BA:622","EAP_DWAP_SEX_AGE_RT","SEX_M","AGE_5YRBANDS_Y25-29","2007",91.967,,,,"R1:3513"
"TUR","BA:622","EAP_DWAP_SEX_AGE_RT","SEX_M","AGE_5YRBANDS_Y30-34","2007",94.795,,,,"R1:3513"
"TUR","BA:622","EAP_DWAP_SEX_AGE_RT","SEX_M","AGE_5YRBANDS_Y35-39","2007",94.371,,,,"R1:3513"
"TUR","BA:622","EAP_DWAP_SEX_AGE_RT","SEX_M","AGE_5YRBANDS_Y40-44","2007",93.136,,,,"R1:3513"
"TUR","BA:622","EAP_DWAP_SEX_AGE_RT","SEX_M","AGE_5YRBANDS_Y45-49","2007",80.7,,,,"R1:3513"
"TUR","BA:622","EAP_DWAP_SEX_AGE_RT","SEX_M","AGE_5YRBANDS_Y50-54","2007",63.133,,,,"R1:3513"
"TUR","BA:622","EAP_DWAP_SEX_AGE_RT","SEX_M","AGE_5YRBANDS_Y55-59","2007",47.187,,,,"R1:3513"
"TUR","BA:622","EAP_DWAP_SEX_AGE_RT","SEX_M","AGE_5YRBANDS_Y60-64","2007",36.984,,,,"R1:3513"
"TUR","BA:622","EAP_DWAP_SEX_AGE_RT","SEX_M","AGE_5YRBANDS_YGE65","2007",18.854,,,,"R1:3513"
"TUR","BA:622","EAP_DWAP_SEX_AGE_RT","SEX_F","AGE_5YRBANDS_YGE15","2007",23.611,,,,"R1:3513"
"TUR","BA:622","EAP_DWAP_SEX_AGE_RT","SEX_F","AGE_5YRBANDS_Y15-19","2007",16.639,,,,"R1:3513"
"TUR","BA:622","EAP_DWAP_SEX_AGE_RT","SEX_F","AGE_5YRBANDS_Y20-24","2007",32.116,,,,"R1:3513"
"TUR","BA:622","EAP_DWAP_SEX_AGE_RT","SEX_F","AGE_5YRBANDS_Y25-29","2007",31.839,,,,"R1:3513"
"TUR","BA:622","EAP_DWAP_SEX_AGE_RT","SEX_F","AGE_5YRBANDS_Y30-34","2007",30.344,,,,"R1:3513"
"TUR","BA:622","EAP_DWAP_SEX_AGE_RT","SEX_F","AGE_5YRBANDS_Y35-39","2007",30.673,,,,"R1:3513"
"TUR","BA:622","EAP_DWAP_SEX_AGE_RT","SEX_F","AGE_5YRBANDS_Y40-44","2007",28.048,,,,"R1:3513"
"TUR","BA:622","EAP_DWAP_SEX_AGE_RT","SEX_F","AGE_5YRBANDS_Y45-49","2007",23.115,,,,"R1:3513"
"TUR","BA:622","EAP_DWAP_SEX_AGE_RT","SEX_F","AGE_5YRBANDS_Y50-54","2007",19.275,,,,"R1:3513"
"TUR","BA:622","EAP_DWAP_SEX_AGE_RT","SEX_F","AGE_5YRBANDS_Y55-59","2007",15.94,,,,"R1:3513"
"TUR","BA:622","EAP_DWAP_SEX_AGE_RT","SEX_F","AGE_5YRBANDS_Y60-64","2007",13.321,,,,"R1:3513"
"TUR","BA:622","EAP_DWAP_SEX_AGE_RT","SEX_F","AGE_5YRBANDS_YGE65","2007",5.752,,,,"R1:3513"
"TUR","BA:622","EAP_DWAP_SEX_AGE_RT","SEX_T","AGE_YTHADULT_YGE15","2006",46.266,,,,"R1:3513"
"TUR","BA:622","EAP_DWAP_SEX_AGE_RT","SEX_T","AGE_YTHADULT_Y15-64","2006",49.786,,,,"R1:3513"
"TUR","BA:622","EAP_DWAP_SEX_AGE_RT","SEX_T","AGE_YTHADULT_Y15-24","2006",37.404,,,,"R1:3513"
"TUR","BA:622","EAP_DWAP_SEX_AGE_RT","SEX_T","AGE_YTHADULT_YGE25","2006",49.024,,,,"R1:3513"
"TUR","BA:622","EAP_DWAP_SEX_AGE_RT","SEX_M","AGE_YTHADULT_YGE15","2006",69.874,,,,"R1:3513"
"TUR","BA:622","EAP_DWAP_SEX_AGE_RT","SEX_M","AGE_YTHADULT_Y15-64","2006",74.381,,,,"R1:3513"
"TUR","BA:622","EAP_DWAP_SEX_AGE_RT","SEX_M","AGE_YTHADULT_Y15-24","2006",51.143,,,,"R1:3513"
"TUR","BA:622","EAP_DWAP_SEX_AGE_RT","SEX_M","AGE_YTHADULT_YGE25","2006",75.659,,,,"R1:3513"
"TUR","BA:622","EAP_DWAP_SEX_AGE_RT","SEX_F","AGE_YTHADULT_YGE15","2006",23.587,,,,"R1:3513"
"TUR","BA:622","EAP_DWAP_SEX_AGE_RT","SEX_F","AGE_YTHADULT_Y15-64","2006",25.637,,,,"R1:3513"
"TUR","BA:622","EAP_DWAP_SEX_AGE_RT","SEX_F","AGE_YTHADULT_Y15-24","2006",24.354,,,,"R1:3513"
"TUR","BA:622","EAP_DWAP_SEX_AGE_RT","SEX_F","AGE_YTHADULT_YGE25","2006",23.346,,,,"R1:3513"
"TUR","BA:622","EAP_DWAP_SEX_AGE_RT","SEX_T","AGE_AGGREGATE_YGE15","2006",46.266,,,,"R1:3513"
"TUR","BA:622","EAP_DWAP_SEX_AGE_RT","SEX_T","AGE_AGGREGATE_Y15-24","2006",37.404,,,,"R1:3513"
"TUR","BA:622","EAP_DWAP_SEX_AGE_RT","SEX_T","AGE_AGGREGATE_Y25-54","2006",58.221,,,,"R1:3513"
"TUR","BA:622","EAP_DWAP_SEX_AGE_RT","SEX_T","AGE_AGGREGATE_Y55-64","2006",28.893,,,,"R1:3513"
"TUR","BA:622","EAP_DWAP_SEX_AGE_RT","SEX_T","AGE_AGGREGATE_YGE65","2006",12.04,,,,"R1:3513"
"TUR","BA:622","EAP_DWAP_SEX_AGE_RT","SEX_M","AGE_AGGREGATE_YGE15","2006",69.874,,,,"R1:3513"
"TUR","BA:622","EAP_DWAP_SEX_AGE_RT","SEX_M","AGE_AGGREGATE_Y15-24","2006",51.143,,,,"R1:3513"
"TUR","BA:622","EAP_DWAP_SEX_AGE_RT","SEX_M","AGE_AGGREGATE_Y25-54","2006",88.301,,,,"R1:3513"
"TUR","BA:622","EAP_DWAP_SEX_AGE_RT","SEX_M","AGE_AGGREGATE_Y55-64","2006",44.066,,,,"R1:3513"
"TUR","BA:622","EAP_DWAP_SEX_AGE_RT","SEX_M","AGE_AGGREGATE_YGE65","2006",20.18,,,,"R1:3513"
"TUR","BA:622","EAP_DWAP_SEX_AGE_RT","SEX_F","AGE_AGGREGATE_YGE15","2006",23.587,,,,"R1:3513"
"TUR","BA:622","EAP_DWAP_SEX_AGE_RT","SEX_F","AGE_AGGREGATE_Y15-24","2006",24.354,,,,"R1:3513"
"TUR","BA:622","EAP_DWAP_SEX_AGE_RT","SEX_F","AGE_AGGREGATE_Y25-54","2006",27.969,,,,"R1:3513"
"TUR","BA:622","EAP_DWAP_SEX_AGE_RT","SEX_F","AGE_AGGREGATE_Y55-64","2006",14.927,,,,"R1:3513"
"TUR","BA:622","EAP_DWAP_SEX_AGE_RT","SEX_F","AGE_AGGREGATE_YGE65","2006",5.722,,,,"R1:3513"
"TUR","BA:622","EAP_DWAP_SEX_AGE_RT","SEX_T","AGE_10YRBANDS_YGE15","2006",46.266,,,,"R1:3513"
"TUR","BA:622","EAP_DWAP_SEX_AGE_RT","SEX_T","AGE_10YRBANDS_Y15-24","2006",37.404,,,,"R1:3513"
"TUR","BA:622","EAP_DWAP_SEX_AGE_RT","SEX_T","AGE_10YRBANDS_Y25-34","2006",62.04,,,,"R1:3513"
"TUR","BA:622","EAP_DWAP_SEX_AGE_RT","SEX_T","AGE_10YRBANDS_Y35-44","2006",61.706,,,,"R1:3513"
"TUR","BA:622","EAP_DWAP_SEX_AGE_RT","SEX_T","AGE_10YRBANDS_Y45-54","2006",47.616,,,,"R1:3513"
"TUR","BA:622","EAP_DWAP_SEX_AGE_RT","SEX_T","AGE_10YRBANDS_Y55-64","2006",28.893,,,,"R1:3513"
"TUR","BA:622","EAP_DWAP_SEX_AGE_RT","SEX_T","AGE_10YRBANDS_YGE65","2006",12.04,,,,"R1:3513"
"TUR","BA:622","EAP_DWAP_SEX_AGE_RT","SEX_M","AGE_10YRBANDS_YGE15","2006",69.874,,,,"R1:3513"
"TUR","BA:622","EAP_DWAP_SEX_AGE_RT","SEX_M","AGE_10YRBANDS_Y15-24","2006",51.143,,,,"R1:3513"
"TUR","BA:622","EAP_DWAP_SEX_AGE_RT","SEX_M","AGE_10YRBANDS_Y25-34","2006",93.224,,,,"R1:3513"
"TUR","BA:622","EAP_DWAP_SEX_AGE_RT","SEX_M","AGE_10YRBANDS_Y35-44","2006",93.544,,,,"R1:3513"
"TUR","BA:622","EAP_DWAP_SEX_AGE_RT","SEX_M","AGE_10YRBANDS_Y45-54","2006",73.621,,,,"R1:3513"
"TUR","BA:622","EAP_DWAP_SEX_AGE_RT","SEX_M","AGE_10YRBANDS_Y55-64","2006",44.066,,,,"R1:3513"
"TUR","BA:622","EAP_DWAP_SEX_AGE_RT","SEX_M","AGE_10YRBANDS_YGE65","2006",20.18,,,,"R1:3513"
"TUR","BA:622","EAP_DWAP_SEX_AGE_RT","SEX_F","AGE_10YRBANDS_YGE15","2006",23.587,,,,"R1:3513"
"TUR","BA:622","EAP_DWAP_SEX_AGE_RT","SEX_F","AGE_10YRBANDS_Y15-24","2006",24.354,,,,"R1:3513"
"TUR","BA:622","EAP_DWAP_SEX_AGE_RT","SEX_F","AGE_10YRBANDS_Y25-34","2006",30.83,,,,"R1:3513"
"TUR","BA:622","EAP_DWAP_SEX_AGE_RT","SEX_F","AGE_10YRBANDS_Y35-44","2006",29.405,,,,"R1:3513"
"TUR","BA:622","EAP_DWAP_SEX_AGE_RT","SEX_F","AGE_10YRBANDS_Y45-54","2006",21.56,,,,"R1:3513"
"TUR","BA:622","EAP_DWAP_SEX_AGE_RT","SEX_F","AGE_10YRBANDS_Y55-64","2006",14.927,,,,"R1:3513"
"TUR","BA:622","EAP_DWAP_SEX_AGE_RT","SEX_F","AGE_10YRBANDS_YGE65","2006",5.722,,,,"R1:3513"
"TUR","BA:622","EAP_DWAP_SEX_AGE_RT","SEX_T","AGE_5YRBANDS_YGE15","2006",46.266,,,,"R1:3513"
"TUR","BA:622","EAP_DWAP_SEX_AGE_RT","SEX_T","AGE_5YRBANDS_Y15-19","2006",26.606,,,,"R1:3513"
"TUR","BA:622","EAP_DWAP_SEX_AGE_RT","SEX_T","AGE_5YRBANDS_Y20-24","2006",49.46,,,,"R1:3513"
"TUR","BA:622","EAP_DWAP_SEX_AGE_RT","SEX_T","AGE_5YRBANDS_Y25-29","2006",61.651,,,,"R1:3513"
"TUR","BA:622","EAP_DWAP_SEX_AGE_RT","SEX_T","AGE_5YRBANDS_Y30-34","2006",62.472,,,,"R1:3513"
"TUR","BA:622","EAP_DWAP_SEX_AGE_RT","SEX_T","AGE_5YRBANDS_Y35-39","2006",62.575,,,,"R1:3513"
"TUR","BA:622","EAP_DWAP_SEX_AGE_RT","SEX_T","AGE_5YRBANDS_Y40-44","2006",60.733,,,,"R1:3513"
"TUR","BA:622","EAP_DWAP_SEX_AGE_RT","SEX_T","AGE_5YRBANDS_Y45-49","2006",52.255,,,,"R1:3513"
"TUR","BA:622","EAP_DWAP_SEX_AGE_RT","SEX_T","AGE_5YRBANDS_Y50-54","2006",41.978,,,,"R1:3513"
"TUR","BA:622","EAP_DWAP_SEX_AGE_RT","SEX_T","AGE_5YRBANDS_Y55-59","2006",32.499,,,,"R1:3513"
"TUR","BA:622","EAP_DWAP_SEX_AGE_RT","SEX_T","AGE_5YRBANDS_Y60-64","2006",24.248,,,,"R1:3513"
"TUR","BA:622","EAP_DWAP_SEX_AGE_RT","SEX_T","AGE_5YRBANDS_YGE65","2006",12.04,,,,"R1:3513"
"TUR","BA:622","EAP_DWAP_SEX_AGE_RT","SEX_M","AGE_5YRBANDS_YGE15","2006",69.874,,,,"R1:3513"
"TUR","BA:622","EAP_DWAP_SEX_AGE_RT","SEX_M","AGE_5YRBANDS_Y15-19","2006",35.244,,,,"R1:3513"
"TUR","BA:622","EAP_DWAP_SEX_AGE_RT","SEX_M","AGE_5YRBANDS_Y20-24","2006",71.493,,,,"R1:3513"
"TUR","BA:622","EAP_DWAP_SEX_AGE_RT","SEX_M","AGE_5YRBANDS_Y25-29","2006",91.783,,,,"R1:3513"
"TUR","BA:622","EAP_DWAP_SEX_AGE_RT","SEX_M","AGE_5YRBANDS_Y30-34","2006",94.801,,,,"R1:3513"
"TUR","BA:622","EAP_DWAP_SEX_AGE_RT","SEX_M","AGE_5YRBANDS_Y35-39","2006",94.248,,,,"R1:3513"
"TUR","BA:622","EAP_DWAP_SEX_AGE_RT","SEX_M","AGE_5YRBANDS_Y40-44","2006",92.758,,,,"R1:3513"
"TUR","BA:622","EAP_DWAP_SEX_AGE_RT","SEX_M","AGE_5YRBANDS_Y45-49","2006",81.415,,,,"R1:3513"
"TUR","BA:622","EAP_DWAP_SEX_AGE_RT","SEX_M","AGE_5YRBANDS_Y50-54","2006",64.126,,,,"R1:3513"
"TUR","BA:622","EAP_DWAP_SEX_AGE_RT","SEX_M","AGE_5YRBANDS_Y55-59","2006",49.22,,,,"R1:3513"
"TUR","BA:622","EAP_DWAP_SEX_AGE_RT","SEX_M","AGE_5YRBANDS_Y60-64","2006",37.154,,,,"R1:3513"
"TUR","BA:622","EAP_DWAP_SEX_AGE_RT","SEX_M","AGE_5YRBANDS_YGE65","2006",20.18,,,,"R1:3513"
"TUR","BA:622","EAP_DWAP_SEX_AGE_RT","SEX_F","AGE_5YRBANDS_YGE15","2006",23.587,,,,"R1:3513"
"TUR","BA:622","EAP_DWAP_SEX_AGE_RT","SEX_F","AGE_5YRBANDS_Y15-19","2006",17.307,,,,"R1:3513"
"TUR","BA:622","EAP_DWAP_SEX_AGE_RT","SEX_F","AGE_5YRBANDS_Y20-24","2006",31.272,,,,"R1:3513"
"TUR","BA:622","EAP_DWAP_SEX_AGE_RT","SEX_F","AGE_5YRBANDS_Y25-29","2006",31.85,,,,"R1:3513"
"TUR","BA:622","EAP_DWAP_SEX_AGE_RT","SEX_F","AGE_5YRBANDS_Y30-34","2006",29.685,,,,"R1:3513"
"TUR","BA:622","EAP_DWAP_SEX_AGE_RT","SEX_F","AGE_5YRBANDS_Y35-39","2006",30.546,,,,"R1:3513"
"TUR","BA:622","EAP_DWAP_SEX_AGE_RT","SEX_F","AGE_5YRBANDS_Y40-44","2006",28.123,,,,"R1:3513"
"TUR","BA:622","EAP_DWAP_SEX_AGE_RT","SEX_F","AGE_5YRBANDS_Y45-49","2006",22.978,,,,"R1:3513"
"TUR","BA:622","EAP_DWAP_SEX_AGE_RT","SEX_F","AGE_5YRBANDS_Y50-54","2006",19.841,,,,"R1:3513"
"TUR","BA:622","EAP_DWAP_SEX_AGE_RT","SEX_F","AGE_5YRBANDS_Y55-59","2006",16.58,,,,"R1:3513"
"TUR","BA:622","EAP_DWAP_SEX_AGE_RT","SEX_F","AGE_5YRBANDS_Y60-64","2006",12.876,,,,"R1:3513"
"TUR","BA:622","EAP_DWAP_SEX_AGE_RT","SEX_F","AGE_5YRBANDS_YGE65","2006",5.722,,,,"R1:3513"
"TUR","BA:622","EAP_DWAP_SEX_AGE_RT","SEX_T","AGE_YTHADULT_YGE15","2005",46.433,,,,"R1:3513"
"TUR","BA:622","EAP_DWAP_SEX_AGE_RT","SEX_T","AGE_YTHADULT_Y15-64","2005",49.844,,,,"R1:3513"
"TUR","BA:622","EAP_DWAP_SEX_AGE_RT","SEX_T","AGE_YTHADULT_Y15-24","2005",37.729,,,,"R1:3513"
"TUR","BA:622","EAP_DWAP_SEX_AGE_RT","SEX_T","AGE_YTHADULT_YGE25","2005",49.228,,,,"R1:3513"
"TUR","BA:622","EAP_DWAP_SEX_AGE_RT","SEX_M","AGE_YTHADULT_YGE15","2005",70.561,,,,"R1:3513"
"TUR","BA:622","EAP_DWAP_SEX_AGE_RT","SEX_M","AGE_YTHADULT_Y15-64","2005",74.966,,,,"R1:3513"
"TUR","BA:622","EAP_DWAP_SEX_AGE_RT","SEX_M","AGE_YTHADULT_Y15-24","2005",51.717,,,,"R1:3513"
"TUR","BA:622","EAP_DWAP_SEX_AGE_RT","SEX_M","AGE_YTHADULT_YGE25","2005",76.568,,,,"R1:3513"
"TUR","BA:622","EAP_DWAP_SEX_AGE_RT","SEX_F","AGE_YTHADULT_YGE15","2005",23.294,,,,"R1:3513"
"TUR","BA:622","EAP_DWAP_SEX_AGE_RT","SEX_F","AGE_YTHADULT_Y15-64","2005",25.222,,,,"R1:3513"
"TUR","BA:622","EAP_DWAP_SEX_AGE_RT","SEX_F","AGE_YTHADULT_Y15-24","2005",24.466,,,,"R1:3513"
"TUR","BA:622","EAP_DWAP_SEX_AGE_RT","SEX_F","AGE_YTHADULT_YGE25","2005",22.914,,,,"R1:3513"
"TUR","BA:622","EAP_DWAP_SEX_AGE_RT","SEX_T","AGE_AGGREGATE_YGE15","2005",46.433,,,,"R1:3513"
"TUR","BA:622","EAP_DWAP_SEX_AGE_RT","SEX_T","AGE_AGGREGATE_Y15-24","2005",37.729,,,,"R1:3513"
"TUR","BA:622","EAP_DWAP_SEX_AGE_RT","SEX_T","AGE_AGGREGATE_Y25-54","2005",58.267,,,,"R1:3513"
"TUR","BA:622","EAP_DWAP_SEX_AGE_RT","SEX_T","AGE_AGGREGATE_Y55-64","2005",29.089,,,,"R1:3513"
"TUR","BA:622","EAP_DWAP_SEX_AGE_RT","SEX_T","AGE_AGGREGATE_YGE65","2005",13.351,,,,"R1:3513"
"TUR","BA:622","EAP_DWAP_SEX_AGE_RT","SEX_M","AGE_AGGREGATE_YGE15","2005",70.561,,,,"R1:3513"
"TUR","BA:622","EAP_DWAP_SEX_AGE_RT","SEX_M","AGE_AGGREGATE_Y15-24","2005",51.717,,,,"R1:3513"
"TUR","BA:622","EAP_DWAP_SEX_AGE_RT","SEX_M","AGE_AGGREGATE_Y25-54","2005",89.089,,,,"R1:3513"
"TUR","BA:622","EAP_DWAP_SEX_AGE_RT","SEX_M","AGE_AGGREGATE_Y55-64","2005",44.771,,,,"R1:3513"
"TUR","BA:622","EAP_DWAP_SEX_AGE_RT","SEX_M","AGE_AGGREGATE_YGE65","2005",22.148,,,,"R1:3513"
"TUR","BA:622","EAP_DWAP_SEX_AGE_RT","SEX_F","AGE_AGGREGATE_YGE15","2005",23.294,,,,"R1:3513"
"TUR","BA:622","EAP_DWAP_SEX_AGE_RT","SEX_F","AGE_AGGREGATE_Y15-24","2005",24.466,,,,"R1:3513"
"TUR","BA:622","EAP_DWAP_SEX_AGE_RT","SEX_F","AGE_AGGREGATE_Y25-54","2005",27.283,,,,"R1:3513"
"TUR","BA:622","EAP_DWAP_SEX_AGE_RT","SEX_F","AGE_AGGREGATE_Y55-64","2005",14.775,,,,"R1:3513"
"TUR","BA:622","EAP_DWAP_SEX_AGE_RT","SEX_F","AGE_AGGREGATE_YGE65","2005",6.531,,,,"R1:3513"
"TUR","BA:622","EAP_DWAP_SEX_AGE_RT","SEX_T","AGE_10YRBANDS_YGE15","2005",46.433,,,,"R1:3513"
"TUR","BA:622","EAP_DWAP_SEX_AGE_RT","SEX_T","AGE_10YRBANDS_Y15-24","2005",37.729,,,,"R1:3513"
"TUR","BA:622","EAP_DWAP_SEX_AGE_RT","SEX_T","AGE_10YRBANDS_Y25-34","2005",61.969,,,,"R1:3513"
"TUR","BA:622","EAP_DWAP_SEX_AGE_RT","SEX_T","AGE_10YRBANDS_Y35-44","2005",61.642,,,,"R1:3513"
"TUR","BA:622","EAP_DWAP_SEX_AGE_RT","SEX_T","AGE_10YRBANDS_Y45-54","2005",47.835,,,,"R1:3513"
"TUR","BA:622","EAP_DWAP_SEX_AGE_RT","SEX_T","AGE_10YRBANDS_Y55-64","2005",29.089,,,,"R1:3513"
"TUR","BA:622","EAP_DWAP_SEX_AGE_RT","SEX_T","AGE_10YRBANDS_YGE65","2005",13.351,,,,"R1:3513"
"TUR","BA:622","EAP_DWAP_SEX_AGE_RT","SEX_M","AGE_10YRBANDS_YGE15","2005",70.561,,,,"R1:3513"
"TUR","BA:622","EAP_DWAP_SEX_AGE_RT","SEX_M","AGE_10YRBANDS_Y15-24","2005",51.717,,,,"R1:3513"
"TUR","BA:622","EAP_DWAP_SEX_AGE_RT","SEX_M","AGE_10YRBANDS_Y25-34","2005",94.127,,,,"R1:3513"
"TUR","BA:622","EAP_DWAP_SEX_AGE_RT","SEX_M","AGE_10YRBANDS_Y35-44","2005",94.429,,,,"R1:3513"
"TUR","BA:622","EAP_DWAP_SEX_AGE_RT","SEX_M","AGE_10YRBANDS_Y45-54","2005",73.874,,,,"R1:3513"
"TUR","BA:622","EAP_DWAP_SEX_AGE_RT","SEX_M","AGE_10YRBANDS_Y55-64","2005",44.771,,,,"R1:3513"
"TUR","BA:622","EAP_DWAP_SEX_AGE_RT","SEX_M","AGE_10YRBANDS_YGE65","2005",22.148,,,,"R1:3513"
"TUR","BA:622","EAP_DWAP_SEX_AGE_RT","SEX_F","AGE_10YRBANDS_YGE15","2005",23.294,,,,"R1:3513"
"TUR","BA:622","EAP_DWAP_SEX_AGE_RT","SEX_F","AGE_10YRBANDS_Y15-24","2005",24.466,,,,"R1:3513"
"TUR","BA:622","EAP_DWAP_SEX_AGE_RT","SEX_F","AGE_10YRBANDS_Y25-34","2005",29.833,,,,"R1:3513"
"TUR","BA:622","EAP_DWAP_SEX_AGE_RT","SEX_F","AGE_10YRBANDS_Y35-44","2005",28.367,,,,"R1:3513"
"TUR","BA:622","EAP_DWAP_SEX_AGE_RT","SEX_F","AGE_10YRBANDS_Y45-54","2005",21.738,,,,"R1:3513"
"TUR","BA:622","EAP_DWAP_SEX_AGE_RT","SEX_F","AGE_10YRBANDS_Y55-64","2005",14.775,,,,"R1:3513"
"TUR","BA:622","EAP_DWAP_SEX_AGE_RT","SEX_F","AGE_10YRBANDS_YGE65","2005",6.531,,,,"R1:3513"
"TUR","BA:622","EAP_DWAP_SEX_AGE_RT","SEX_T","AGE_5YRBANDS_YGE15","2005",46.433,,,,"R1:3513"
"TUR","BA:622","EAP_DWAP_SEX_AGE_RT","SEX_T","AGE_5YRBANDS_Y15-19","2005",26.571,,,,"R1:3513"
"TUR","BA:622","EAP_DWAP_SEX_AGE_RT","SEX_T","AGE_5YRBANDS_Y20-24","2005",50.165,,,,"R1:3513"
"TUR","BA:622","EAP_DWAP_SEX_AGE_RT","SEX_T","AGE_5YRBANDS_Y25-29","2005",62.063,,,,"R1:3513"
"TUR","BA:622","EAP_DWAP_SEX_AGE_RT","SEX_T","AGE_5YRBANDS_Y30-34","2005",61.866,,,,"R1:3513"
"TUR","BA:622","EAP_DWAP_SEX_AGE_RT","SEX_T","AGE_5YRBANDS_Y35-39","2005",62.612,,,,"R1:3513"
"TUR","BA:622","EAP_DWAP_SEX_AGE_RT","SEX_T","AGE_5YRBANDS_Y40-44","2005",60.565,,,,"R1:3513"
"TUR","BA:622","EAP_DWAP_SEX_AGE_RT","SEX_T","AGE_5YRBANDS_Y45-49","2005",52.808,,,,"R1:3513"
"TUR","BA:622","EAP_DWAP_SEX_AGE_RT","SEX_T","AGE_5YRBANDS_Y50-54","2005",41.721,,,,"R1:3513"
"TUR","BA:622","EAP_DWAP_SEX_AGE_RT","SEX_T","AGE_5YRBANDS_Y55-59","2005",32.763,,,,"R1:3513"
"TUR","BA:622","EAP_DWAP_SEX_AGE_RT","SEX_T","AGE_5YRBANDS_Y60-64","2005",24.44,,,,"R1:3513"
"TUR","BA:622","EAP_DWAP_SEX_AGE_RT","SEX_T","AGE_5YRBANDS_YGE65","2005",13.351,,,,"R1:3513"
"TUR","BA:622","EAP_DWAP_SEX_AGE_RT","SEX_M","AGE_5YRBANDS_YGE15","2005",70.561,,,,"R1:3513"
"TUR","BA:622","EAP_DWAP_SEX_AGE_RT","SEX_M","AGE_5YRBANDS_Y15-19","2005",35.355,,,,"R1:3513"
"TUR","BA:622","EAP_DWAP_SEX_AGE_RT","SEX_M","AGE_5YRBANDS_Y20-24","2005",72.688,,,,"R1:3513"
"TUR","BA:622","EAP_DWAP_SEX_AGE_RT","SEX_M","AGE_5YRBANDS_Y25-29","2005",93.14,,,,"R1:3513"
"TUR","BA:622","EAP_DWAP_SEX_AGE_RT","SEX_M","AGE_5YRBANDS_Y30-34","2005",95.188,,,,"R1:3513"
"TUR","BA:622","EAP_DWAP_SEX_AGE_RT","SEX_M","AGE_5YRBANDS_Y35-39","2005",95.254,,,,"R1:3513"
"TUR","BA:622","EAP_DWAP_SEX_AGE_RT","SEX_M","AGE_5YRBANDS_Y40-44","2005",93.514,,,,"R1:3513"
"TUR","BA:622","EAP_DWAP_SEX_AGE_RT","SEX_M","AGE_5YRBANDS_Y45-49","2005",81.863,,,,"R1:3513"
"TUR","BA:622","EAP_DWAP_SEX_AGE_RT","SEX_M","AGE_5YRBANDS_Y50-54","2005",64.023,,,,"R1:3513"
"TUR","BA:622","EAP_DWAP_SEX_AGE_RT","SEX_M","AGE_5YRBANDS_Y55-59","2005",50.629,,,,"R1:3513"
"TUR","BA:622","EAP_DWAP_SEX_AGE_RT","SEX_M","AGE_5YRBANDS_Y60-64","2005",37.119,,,,"R1:3513"
"TUR","BA:622","EAP_DWAP_SEX_AGE_RT","SEX_M","AGE_5YRBANDS_YGE65","2005",22.148,,,,"R1:3513"
"TUR","BA:622","EAP_DWAP_SEX_AGE_RT","SEX_F","AGE_5YRBANDS_YGE15","2005",23.294,,,,"R1:3513"
"TUR","BA:622","EAP_DWAP_SEX_AGE_RT","SEX_F","AGE_5YRBANDS_Y15-19","2005",17.105,,,,"R1:3513"
"TUR","BA:622","EAP_DWAP_SEX_AGE_RT","SEX_F","AGE_5YRBANDS_Y20-24","2005",31.66,,,,"R1:3513"
"TUR","BA:622","EAP_DWAP_SEX_AGE_RT","SEX_F","AGE_5YRBANDS_Y25-29","2005",31.336,,,,"R1:3513"
"TUR","BA:622","EAP_DWAP_SEX_AGE_RT","SEX_F","AGE_5YRBANDS_Y30-34","2005",28.182,,,,"R1:3513"
"TUR","BA:622","EAP_DWAP_SEX_AGE_RT","SEX_F","AGE_5YRBANDS_Y35-39","2005",29.455,,,,"R1:3513"
"TUR","BA:622","EAP_DWAP_SEX_AGE_RT","SEX_F","AGE_5YRBANDS_Y40-44","2005",27.162,,,,"R1:3513"
"TUR","BA:622","EAP_DWAP_SEX_AGE_RT","SEX_F","AGE_5YRBANDS_Y45-49","2005",23.606,,,,"R1:3513"
"TUR","BA:622","EAP_DWAP_SEX_AGE_RT","SEX_F","AGE_5YRBANDS_Y50-54","2005",19.448,,,,"R1:3513"
"TUR","BA:622","EAP_DWAP_SEX_AGE_RT","SEX_F","AGE_5YRBANDS_Y55-59","2005",16.011,,,,"R1:3513"
"TUR","BA:622","EAP_DWAP_SEX_AGE_RT","SEX_F","AGE_5YRBANDS_Y60-64","2005",13.255,,,,"R1:3513"
"TUR","BA:622","EAP_DWAP_SEX_AGE_RT","SEX_F","AGE_5YRBANDS_YGE65","2005",6.531,,,,"R1:3513"
"TUR","BA:622","EAP_DWAP_SEX_AGE_RT","SEX_T","AGE_YTHADULT_YGE15","2004",46.308,,,,"R1:3513"
"TUR","BA:622","EAP_DWAP_SEX_AGE_RT","SEX_T","AGE_YTHADULT_Y15-64","2004",49.641,,,,"R1:3513"
"TUR","BA:622","EAP_DWAP_SEX_AGE_RT","SEX_T","AGE_YTHADULT_Y15-24","2004",37.784,,,,"R1:3513"
"TUR","BA:622","EAP_DWAP_SEX_AGE_RT","SEX_T","AGE_YTHADULT_YGE25","2004",49.134,,,,"R1:3513"
"TUR","BA:622","EAP_DWAP_SEX_AGE_RT","SEX_M","AGE_YTHADULT_YGE15","2004",70.31,,,,"R1:3513"
"TUR","BA:622","EAP_DWAP_SEX_AGE_RT","SEX_M","AGE_YTHADULT_Y15-64","2004",74.621,,,,"R1:3513"
"TUR","BA:622","EAP_DWAP_SEX_AGE_RT","SEX_M","AGE_YTHADULT_Y15-24","2004",51.307,,,,"R1:3513"
"TUR","BA:622","EAP_DWAP_SEX_AGE_RT","SEX_M","AGE_YTHADULT_YGE25","2004",76.564,,,,"R1:3513"
"TUR","BA:622","EAP_DWAP_SEX_AGE_RT","SEX_F","AGE_YTHADULT_YGE15","2004",23.335,,,,"R1:3513"
"TUR","BA:622","EAP_DWAP_SEX_AGE_RT","SEX_F","AGE_YTHADULT_Y15-64","2004",25.198,,,,"R1:3513"
"TUR","BA:622","EAP_DWAP_SEX_AGE_RT","SEX_F","AGE_YTHADULT_Y15-24","2004",24.985,,,,"R1:3513"
"TUR","BA:622","EAP_DWAP_SEX_AGE_RT","SEX_F","AGE_YTHADULT_YGE25","2004",22.783,,,,"R1:3513"
"TUR","BA:622","EAP_DWAP_SEX_AGE_RT","SEX_T","AGE_AGGREGATE_YGE15","2004",46.308,,,,"R1:3513"
"TUR","BA:622","EAP_DWAP_SEX_AGE_RT","SEX_T","AGE_AGGREGATE_Y15-24","2004",37.784,,,,"R1:3513"
"TUR","BA:622","EAP_DWAP_SEX_AGE_RT","SEX_T","AGE_AGGREGATE_Y25-54","2004",57.825,,,,"R1:3513"
"TUR","BA:622","EAP_DWAP_SEX_AGE_RT","SEX_T","AGE_AGGREGATE_Y55-64","2004",30.564,,,,"R1:3513"
"TUR","BA:622","EAP_DWAP_SEX_AGE_RT","SEX_T","AGE_AGGREGATE_YGE65","2004",14.254,,,,"R1:3513"
"TUR","BA:622","EAP_DWAP_SEX_AGE_RT","SEX_M","AGE_AGGREGATE_YGE15","2004",70.31,,,,"R1:3513"
"TUR","BA:622","EAP_DWAP_SEX_AGE_RT","SEX_M","AGE_AGGREGATE_Y15-24","2004",51.307,,,,"R1:3513"
"TUR","BA:622","EAP_DWAP_SEX_AGE_RT","SEX_M","AGE_AGGREGATE_Y25-54","2004",88.804,,,,"R1:3513"
"TUR","BA:622","EAP_DWAP_SEX_AGE_RT","SEX_M","AGE_AGGREGATE_Y55-64","2004",45.892,,,,"R1:3513"
"TUR","BA:622","EAP_DWAP_SEX_AGE_RT","SEX_M","AGE_AGGREGATE_YGE65","2004",23.277,,,,"R1:3513"
"TUR","BA:622","EAP_DWAP_SEX_AGE_RT","SEX_F","AGE_AGGREGATE_YGE15","2004",23.335,,,,"R1:3513"
"TUR","BA:622","EAP_DWAP_SEX_AGE_RT","SEX_F","AGE_AGGREGATE_Y15-24","2004",24.985,,,,"R1:3513"
"TUR","BA:622","EAP_DWAP_SEX_AGE_RT","SEX_F","AGE_AGGREGATE_Y25-54","2004",26.697,,,,"R1:3513"
"TUR","BA:622","EAP_DWAP_SEX_AGE_RT","SEX_F","AGE_AGGREGATE_Y55-64","2004",16.671,,,,"R1:3513"
"TUR","BA:622","EAP_DWAP_SEX_AGE_RT","SEX_F","AGE_AGGREGATE_YGE65","2004",7.282,,,,"R1:3513"
"TUR","BA:622","EAP_DWAP_SEX_AGE_RT","SEX_T","AGE_10YRBANDS_YGE15","2004",46.308,,,,"R1:3513"
"TUR","BA:622","EAP_DWAP_SEX_AGE_RT","SEX_T","AGE_10YRBANDS_Y15-24","2004",37.784,,,,"R1:3513"
"TUR","BA:622","EAP_DWAP_SEX_AGE_RT","SEX_T","AGE_10YRBANDS_Y25-34","2004",61.627,,,,"R1:3513"
"TUR","BA:622","EAP_DWAP_SEX_AGE_RT","SEX_T","AGE_10YRBANDS_Y35-44","2004",61.313,,,,"R1:3513"
"TUR","BA:622","EAP_DWAP_SEX_AGE_RT","SEX_T","AGE_10YRBANDS_Y45-54","2004",46.916,,,,"R1:3513"
"TUR","BA:622","EAP_DWAP_SEX_AGE_RT","SEX_T","AGE_10YRBANDS_Y55-64","2004",30.564,,,,"R1:3513"
"TUR","BA:622","EAP_DWAP_SEX_AGE_RT","SEX_T","AGE_10YRBANDS_YGE65","2004",14.254,,,,"R1:3513"
"TUR","BA:622","EAP_DWAP_SEX_AGE_RT","SEX_M","AGE_10YRBANDS_YGE15","2004",70.31,,,,"R1:3513"
"TUR","BA:622","EAP_DWAP_SEX_AGE_RT","SEX_M","AGE_10YRBANDS_Y15-24","2004",51.307,,,,"R1:3513"
"TUR","BA:622","EAP_DWAP_SEX_AGE_RT","SEX_M","AGE_10YRBANDS_Y25-34","2004",93.989,,,,"R1:3513"
"TUR","BA:622","EAP_DWAP_SEX_AGE_RT","SEX_M","AGE_10YRBANDS_Y35-44","2004",94.445,,,,"R1:3513"
"TUR","BA:622","EAP_DWAP_SEX_AGE_RT","SEX_M","AGE_10YRBANDS_Y45-54","2004",72.698,,,,"R1:3513"
"TUR","BA:622","EAP_DWAP_SEX_AGE_RT","SEX_M","AGE_10YRBANDS_Y55-64","2004",45.892,,,,"R1:3513"
"TUR","BA:622","EAP_DWAP_SEX_AGE_RT","SEX_M","AGE_10YRBANDS_YGE65","2004",23.277,,,,"R1:3513"
"TUR","BA:622","EAP_DWAP_SEX_AGE_RT","SEX_F","AGE_10YRBANDS_YGE15","2004",23.335,,,,"R1:3513"
"TUR","BA:622","EAP_DWAP_SEX_AGE_RT","SEX_F","AGE_10YRBANDS_Y15-24","2004",24.985,,,,"R1:3513"
"TUR","BA:622","EAP_DWAP_SEX_AGE_RT","SEX_F","AGE_10YRBANDS_Y25-34","2004",29.34,,,,"R1:3513"
"TUR","BA:622","EAP_DWAP_SEX_AGE_RT","SEX_F","AGE_10YRBANDS_Y35-44","2004",27.639,,,,"R1:3513"
"TUR","BA:622","EAP_DWAP_SEX_AGE_RT","SEX_F","AGE_10YRBANDS_Y45-54","2004",21.106,,,,"R1:3513"
"TUR","BA:622","EAP_DWAP_SEX_AGE_RT","SEX_F","AGE_10YRBANDS_Y55-64","2004",16.671,,,,"R1:3513"
"TUR","BA:622","EAP_DWAP_SEX_AGE_RT","SEX_F","AGE_10YRBANDS_YGE65","2004",7.282,,,,"R1:3513"
"TUR","BA:622","EAP_DWAP_SEX_AGE_RT","SEX_T","AGE_5YRBANDS_YGE15","2004",46.308,,,,"R1:3513"
"TUR","BA:622","EAP_DWAP_SEX_AGE_RT","SEX_T","AGE_5YRBANDS_Y15-19","2004",26.19,,,,"R1:3513"
"TUR","BA:622","EAP_DWAP_SEX_AGE_RT","SEX_T","AGE_5YRBANDS_Y20-24","2004",50.501,,,,"R1:3513"
"TUR","BA:622","EAP_DWAP_SEX_AGE_RT","SEX_T","AGE_5YRBANDS_Y25-29","2004",61.485,,,,"R1:3513"
"TUR","BA:622","EAP_DWAP_SEX_AGE_RT","SEX_T","AGE_5YRBANDS_Y30-34","2004",61.779,,,,"R1:3513"
"TUR","BA:622","EAP_DWAP_SEX_AGE_RT","SEX_T","AGE_5YRBANDS_Y35-39","2004",62.74,,,,"R1:3513"
"TUR","BA:622","EAP_DWAP_SEX_AGE_RT","SEX_T","AGE_5YRBANDS_Y40-44","2004",59.745,,,,"R1:3513"
"TUR","BA:622","EAP_DWAP_SEX_AGE_RT","SEX_T","AGE_5YRBANDS_Y45-49","2004",51.629,,,,"R1:3513"
"TUR","BA:622","EAP_DWAP_SEX_AGE_RT","SEX_T","AGE_5YRBANDS_Y50-54","2004",41.064,,,,"R1:3513"
"TUR","BA:622","EAP_DWAP_SEX_AGE_RT","SEX_T","AGE_5YRBANDS_Y55-59","2004",33.906,,,,"R1:3513"
"TUR","BA:622","EAP_DWAP_SEX_AGE_RT","SEX_T","AGE_5YRBANDS_Y60-64","2004",26.406,,,,"R1:3513"
"TUR","BA:622","EAP_DWAP_SEX_AGE_RT","SEX_T","AGE_5YRBANDS_YGE65","2004",14.254,,,,"R1:3513"
"TUR","BA:622","EAP_DWAP_SEX_AGE_RT","SEX_M","AGE_5YRBANDS_YGE15","2004",70.31,,,,"R1:3513"
"TUR","BA:622","EAP_DWAP_SEX_AGE_RT","SEX_M","AGE_5YRBANDS_Y15-19","2004",34.189,,,,"R1:3513"
"TUR","BA:622","EAP_DWAP_SEX_AGE_RT","SEX_M","AGE_5YRBANDS_Y20-24","2004",72.732,,,,"R1:3513"
"TUR","BA:622","EAP_DWAP_SEX_AGE_RT","SEX_M","AGE_5YRBANDS_Y25-29","2004",92.799,,,,"R1:3513"
"TUR","BA:622","EAP_DWAP_SEX_AGE_RT","SEX_M","AGE_5YRBANDS_Y30-34","2004",95.251,,,,"R1:3513"
"TUR","BA:622","EAP_DWAP_SEX_AGE_RT","SEX_M","AGE_5YRBANDS_Y35-39","2004",95.724,,,,"R1:3513"
"TUR","BA:622","EAP_DWAP_SEX_AGE_RT","SEX_M","AGE_5YRBANDS_Y40-44","2004",93.033,,,,"R1:3513"
"TUR","BA:622","EAP_DWAP_SEX_AGE_RT","SEX_M","AGE_5YRBANDS_Y45-49","2004",80.377,,,,"R1:3513"
"TUR","BA:622","EAP_DWAP_SEX_AGE_RT","SEX_M","AGE_5YRBANDS_Y50-54","2004",63.104,,,,"R1:3513"
"TUR","BA:622","EAP_DWAP_SEX_AGE_RT","SEX_M","AGE_5YRBANDS_Y55-59","2004",51.055,,,,"R1:3513"
"TUR","BA:622","EAP_DWAP_SEX_AGE_RT","SEX_M","AGE_5YRBANDS_Y60-64","2004",39.306,,,,"R1:3513"
"TUR","BA:622","EAP_DWAP_SEX_AGE_RT","SEX_M","AGE_5YRBANDS_YGE65","2004",23.277,,,,"R1:3513"
"TUR","BA:622","EAP_DWAP_SEX_AGE_RT","SEX_F","AGE_5YRBANDS_YGE15","2004",23.335,,,,"R1:3513"
"TUR","BA:622","EAP_DWAP_SEX_AGE_RT","SEX_F","AGE_5YRBANDS_Y15-19","2004",17.636,,,,"R1:3513"
"TUR","BA:622","EAP_DWAP_SEX_AGE_RT","SEX_F","AGE_5YRBANDS_Y20-24","2004",32.104,,,,"R1:3513"
"TUR","BA:622","EAP_DWAP_SEX_AGE_RT","SEX_F","AGE_5YRBANDS_Y25-29","2004",30.549,,,,"R1:3513"
"TUR","BA:622","EAP_DWAP_SEX_AGE_RT","SEX_F","AGE_5YRBANDS_Y30-34","2004",28.031,,,,"R1:3513"
"TUR","BA:622","EAP_DWAP_SEX_AGE_RT","SEX_F","AGE_5YRBANDS_Y35-39","2004",29.072,,,,"R1:3513"
"TUR","BA:622","EAP_DWAP_SEX_AGE_RT","SEX_F","AGE_5YRBANDS_Y40-44","2004",26.072,,,,"R1:3513"
"TUR","BA:622","EAP_DWAP_SEX_AGE_RT","SEX_F","AGE_5YRBANDS_Y45-49","2004",22.69,,,,"R1:3513"
"TUR","BA:622","EAP_DWAP_SEX_AGE_RT","SEX_F","AGE_5YRBANDS_Y50-54","2004",19.151,,,,"R1:3513"
"TUR","BA:622","EAP_DWAP_SEX_AGE_RT","SEX_F","AGE_5YRBANDS_Y55-59","2004",18.037,,,,"R1:3513"
"TUR","BA:622","EAP_DWAP_SEX_AGE_RT","SEX_F","AGE_5YRBANDS_Y60-64","2004",15.008,,,,"R1:3513"
"TUR","BA:622","EAP_DWAP_SEX_AGE_RT","SEX_F","AGE_5YRBANDS_YGE65","2004",7.282,,,,"R1:3513"
"TUR","BA:622","EAP_DWAP_SEX_AGE_RT","SEX_T","AGE_YTHADULT_YGE15","2003",48.332,,,,"R1:3513"
"TUR","BA:622","EAP_DWAP_SEX_AGE_RT","SEX_T","AGE_YTHADULT_Y15-64","2003",51.057,,,,"R1:3513"
"TUR","BA:622","EAP_DWAP_SEX_AGE_RT","SEX_T","AGE_YTHADULT_Y15-24","2003",38.393,,,,"R1:3513"
"TUR","BA:622","EAP_DWAP_SEX_AGE_RT","SEX_T","AGE_YTHADULT_YGE25","2003",51.7,,,,"R1:3513"
"TUR","BA:622","EAP_DWAP_SEX_AGE_RT","SEX_M","AGE_YTHADULT_YGE15","2003",70.428,,,,"R1:3513"
"TUR","BA:622","EAP_DWAP_SEX_AGE_RT","SEX_M","AGE_YTHADULT_Y15-64","2003",74.006,,,,"R1:3513"
"TUR","BA:622","EAP_DWAP_SEX_AGE_RT","SEX_M","AGE_YTHADULT_Y15-24","2003",50.572,,,,"R1:3513"
"TUR","BA:622","EAP_DWAP_SEX_AGE_RT","SEX_M","AGE_YTHADULT_YGE25","2003",77.018,,,,"R1:3513"
"TUR","BA:622","EAP_DWAP_SEX_AGE_RT","SEX_F","AGE_YTHADULT_YGE15","2003",26.588,,,,"R1:3513"
"TUR","BA:622","EAP_DWAP_SEX_AGE_RT","SEX_F","AGE_YTHADULT_Y15-64","2003",28.132,,,,"R1:3513"
"TUR","BA:622","EAP_DWAP_SEX_AGE_RT","SEX_F","AGE_YTHADULT_Y15-24","2003",26.772,,,,"R1:3513"
"TUR","BA:622","EAP_DWAP_SEX_AGE_RT","SEX_F","AGE_YTHADULT_YGE25","2003",26.524,,,,"R1:3513"
"TUR","BA:622","EAP_DWAP_SEX_AGE_RT","SEX_T","AGE_AGGREGATE_YGE15","2003",48.332,,,,"R1:3513"
"TUR","BA:622","EAP_DWAP_SEX_AGE_RT","SEX_T","AGE_AGGREGATE_Y15-24","2003",38.393,,,,"R1:3513"
"TUR","BA:622","EAP_DWAP_SEX_AGE_RT","SEX_T","AGE_AGGREGATE_Y25-54","2003",59.1,,,,"R1:3513"
"TUR","BA:622","EAP_DWAP_SEX_AGE_RT","SEX_T","AGE_AGGREGATE_Y55-64","2003",33.955,,,,"R1:3513"
"TUR","BA:622","EAP_DWAP_SEX_AGE_RT","SEX_T","AGE_AGGREGATE_YGE65","2003",17.193,,,,"R1:3513"
"TUR","BA:622","EAP_DWAP_SEX_AGE_RT","SEX_M","AGE_AGGREGATE_YGE15","2003",70.428,,,,"R1:3513"
"TUR","BA:622","EAP_DWAP_SEX_AGE_RT","SEX_M","AGE_AGGREGATE_Y15-24","2003",50.572,,,,"R1:3513"
"TUR","BA:622","EAP_DWAP_SEX_AGE_RT","SEX_M","AGE_AGGREGATE_Y25-54","2003",87.714,,,,"R1:3513"
"TUR","BA:622","EAP_DWAP_SEX_AGE_RT","SEX_M","AGE_AGGREGATE_Y55-64","2003",47.026,,,,"R1:3513"
"TUR","BA:622","EAP_DWAP_SEX_AGE_RT","SEX_M","AGE_AGGREGATE_YGE65","2003",25.328,,,,"R1:3513"
"TUR","BA:622","EAP_DWAP_SEX_AGE_RT","SEX_F","AGE_AGGREGATE_YGE15","2003",26.588,,,,"R1:3513"
"TUR","BA:622","EAP_DWAP_SEX_AGE_RT","SEX_F","AGE_AGGREGATE_Y15-24","2003",26.772,,,,"R1:3513"
"TUR","BA:622","EAP_DWAP_SEX_AGE_RT","SEX_F","AGE_AGGREGATE_Y25-54","2003",29.773,,,,"R1:3513"
"TUR","BA:622","EAP_DWAP_SEX_AGE_RT","SEX_F","AGE_AGGREGATE_Y55-64","2003",21.388,,,,"R1:3513"
"TUR","BA:622","EAP_DWAP_SEX_AGE_RT","SEX_F","AGE_AGGREGATE_YGE65","2003",10.455,,,,"R1:3513"
"TUR","BA:622","EAP_DWAP_SEX_AGE_RT","SEX_T","AGE_10YRBANDS_YGE15","2003",48.332,,,,"R1:3513"
"TUR","BA:622","EAP_DWAP_SEX_AGE_RT","SEX_T","AGE_10YRBANDS_Y15-24","2003",38.393,,,,"R1:3513"
"TUR","BA:622","EAP_DWAP_SEX_AGE_RT","SEX_T","AGE_10YRBANDS_Y25-34","2003",62.135,,,,"R1:3513"
"TUR","BA:622","EAP_DWAP_SEX_AGE_RT","SEX_T","AGE_10YRBANDS_Y35-44","2003",61.702,,,,"R1:3513"
"TUR","BA:622","EAP_DWAP_SEX_AGE_RT","SEX_T","AGE_10YRBANDS_Y45-54","2003",49.922,,,,"R1:3513"
"TUR","BA:622","EAP_DWAP_SEX_AGE_RT","SEX_T","AGE_10YRBANDS_Y55-64","2003",33.955,,,,"R1:3513"
"TUR","BA:622","EAP_DWAP_SEX_AGE_RT","SEX_T","AGE_10YRBANDS_YGE65","2003",17.193,,,,"R1:3513"
"TUR","BA:622","EAP_DWAP_SEX_AGE_RT","SEX_M","AGE_10YRBANDS_YGE15","2003",70.428,,,,"R1:3513"
"TUR","BA:622","EAP_DWAP_SEX_AGE_RT","SEX_M","AGE_10YRBANDS_Y15-24","2003",50.572,,,,"R1:3513"
"TUR","BA:622","EAP_DWAP_SEX_AGE_RT","SEX_M","AGE_10YRBANDS_Y25-34","2003",91.815,,,,"R1:3513"
"TUR","BA:622","EAP_DWAP_SEX_AGE_RT","SEX_M","AGE_10YRBANDS_Y35-44","2003",92.586,,,,"R1:3513"
"TUR","BA:622","EAP_DWAP_SEX_AGE_RT","SEX_M","AGE_10YRBANDS_Y45-54","2003",73.504,,,,"R1:3513"
"TUR","BA:622","EAP_DWAP_SEX_AGE_RT","SEX_M","AGE_10YRBANDS_Y55-64","2003",47.026,,,,"R1:3513"
"TUR","BA:622","EAP_DWAP_SEX_AGE_RT","SEX_M","AGE_10YRBANDS_YGE65","2003",25.328,,,,"R1:3513"
"TUR","BA:622","EAP_DWAP_SEX_AGE_RT","SEX_F","AGE_10YRBANDS_YGE15","2003",26.588,,,,"R1:3513"
"TUR","BA:622","EAP_DWAP_SEX_AGE_RT","SEX_F","AGE_10YRBANDS_Y15-24","2003",26.772,,,,"R1:3513"
"TUR","BA:622","EAP_DWAP_SEX_AGE_RT","SEX_F","AGE_10YRBANDS_Y25-34","2003",31.609,,,,"R1:3513"
"TUR","BA:622","EAP_DWAP_SEX_AGE_RT","SEX_F","AGE_10YRBANDS_Y35-44","2003",30.328,,,,"R1:3513"
"TUR","BA:622","EAP_DWAP_SEX_AGE_RT","SEX_F","AGE_10YRBANDS_Y45-54","2003",25.61,,,,"R1:3513"
"TUR","BA:622","EAP_DWAP_SEX_AGE_RT","SEX_F","AGE_10YRBANDS_Y55-64","2003",21.388,,,,"R1:3513"
"TUR","BA:622","EAP_DWAP_SEX_AGE_RT","SEX_F","AGE_10YRBANDS_YGE65","2003",10.455,,,,"R1:3513"
"TUR","BA:622","EAP_DWAP_SEX_AGE_RT","SEX_T","AGE_5YRBANDS_YGE15","2003",48.332,,,,"R1:3513"
"TUR","BA:622","EAP_DWAP_SEX_AGE_RT","SEX_T","AGE_5YRBANDS_Y15-19","2003",28.419,,,,"R1:3513"
"TUR","BA:622","EAP_DWAP_SEX_AGE_RT","SEX_T","AGE_5YRBANDS_Y20-24","2003",48.802,,,,"R1:3513"
"TUR","BA:622","EAP_DWAP_SEX_AGE_RT","SEX_T","AGE_5YRBANDS_Y25-29","2003",61.634,,,,"R1:3513"
"TUR","BA:622","EAP_DWAP_SEX_AGE_RT","SEX_T","AGE_5YRBANDS_Y30-34","2003",62.7,,,,"R1:3513"
"TUR","BA:622","EAP_DWAP_SEX_AGE_RT","SEX_T","AGE_5YRBANDS_Y35-39","2003",62.508,,,,"R1:3513"
"TUR","BA:622","EAP_DWAP_SEX_AGE_RT","SEX_T","AGE_5YRBANDS_Y40-44","2003",60.79,,,,"R1:3513"
"TUR","BA:622","EAP_DWAP_SEX_AGE_RT","SEX_T","AGE_5YRBANDS_Y45-49","2003",53.997,,,,"R1:3513"
"TUR","BA:622","EAP_DWAP_SEX_AGE_RT","SEX_T","AGE_5YRBANDS_Y50-54","2003",44.785,,,,"R1:3513"
"TUR","BA:622","EAP_DWAP_SEX_AGE_RT","SEX_T","AGE_5YRBANDS_Y55-59","2003",36.826,,,,"R1:3513"
"TUR","BA:622","EAP_DWAP_SEX_AGE_RT","SEX_T","AGE_5YRBANDS_Y60-64","2003",30.59,,,,"R1:3513"
"TUR","BA:622","EAP_DWAP_SEX_AGE_RT","SEX_T","AGE_5YRBANDS_YGE65","2003",17.193,,,,"R1:3513"
"TUR","BA:622","EAP_DWAP_SEX_AGE_RT","SEX_M","AGE_5YRBANDS_YGE15","2003",70.428,,,,"R1:3513"
"TUR","BA:622","EAP_DWAP_SEX_AGE_RT","SEX_M","AGE_5YRBANDS_Y15-19","2003",35.455,,,,"R1:3513"
"TUR","BA:622","EAP_DWAP_SEX_AGE_RT","SEX_M","AGE_5YRBANDS_Y20-24","2003",68.44,,,,"R1:3513"
"TUR","BA:622","EAP_DWAP_SEX_AGE_RT","SEX_M","AGE_5YRBANDS_Y25-29","2003",90.234,,,,"R1:3513"
"TUR","BA:622","EAP_DWAP_SEX_AGE_RT","SEX_M","AGE_5YRBANDS_Y30-34","2003",93.607,,,,"R1:3513"
"TUR","BA:622","EAP_DWAP_SEX_AGE_RT","SEX_M","AGE_5YRBANDS_Y35-39","2003",93.652,,,,"R1:3513"
"TUR","BA:622","EAP_DWAP_SEX_AGE_RT","SEX_M","AGE_5YRBANDS_Y40-44","2003",91.389,,,,"R1:3513"
"TUR","BA:622","EAP_DWAP_SEX_AGE_RT","SEX_M","AGE_5YRBANDS_Y45-49","2003",79.841,,,,"R1:3513"
"TUR","BA:622","EAP_DWAP_SEX_AGE_RT","SEX_M","AGE_5YRBANDS_Y50-54","2003",65.439,,,,"R1:3513"
"TUR","BA:622","EAP_DWAP_SEX_AGE_RT","SEX_M","AGE_5YRBANDS_Y55-59","2003",50.804,,,,"R1:3513"
"TUR","BA:622","EAP_DWAP_SEX_AGE_RT","SEX_M","AGE_5YRBANDS_Y60-64","2003",42.5,,,,"R1:3513"
"TUR","BA:622","EAP_DWAP_SEX_AGE_RT","SEX_M","AGE_5YRBANDS_YGE65","2003",25.328,,,,"R1:3513"
"TUR","BA:622","EAP_DWAP_SEX_AGE_RT","SEX_F","AGE_5YRBANDS_YGE15","2003",26.588,,,,"R1:3513"
"TUR","BA:622","EAP_DWAP_SEX_AGE_RT","SEX_F","AGE_5YRBANDS_Y15-19","2003",20.856,,,,"R1:3513"
"TUR","BA:622","EAP_DWAP_SEX_AGE_RT","SEX_F","AGE_5YRBANDS_Y20-24","2003",32.255,,,,"R1:3513"
"TUR","BA:622","EAP_DWAP_SEX_AGE_RT","SEX_F","AGE_5YRBANDS_Y25-29","2003",32.12,,,,"R1:3513"
"TUR","BA:622","EAP_DWAP_SEX_AGE_RT","SEX_F","AGE_5YRBANDS_Y30-34","2003",31.035,,,,"R1:3513"
"TUR","BA:622","EAP_DWAP_SEX_AGE_RT","SEX_F","AGE_5YRBANDS_Y35-39","2003",31.093,,,,"R1:3513"
"TUR","BA:622","EAP_DWAP_SEX_AGE_RT","SEX_F","AGE_5YRBANDS_Y40-44","2003",29.457,,,,"R1:3513"
"TUR","BA:622","EAP_DWAP_SEX_AGE_RT","SEX_F","AGE_5YRBANDS_Y45-49","2003",27.126,,,,"R1:3513"
"TUR","BA:622","EAP_DWAP_SEX_AGE_RT","SEX_F","AGE_5YRBANDS_Y50-54","2003",23.718,,,,"R1:3513"
"TUR","BA:622","EAP_DWAP_SEX_AGE_RT","SEX_F","AGE_5YRBANDS_Y55-59","2003",23.116,,,,"R1:3513"
"TUR","BA:622","EAP_DWAP_SEX_AGE_RT","SEX_F","AGE_5YRBANDS_Y60-64","2003",19.406,,,,"R1:3513"
"TUR","BA:622","EAP_DWAP_SEX_AGE_RT","SEX_F","AGE_5YRBANDS_YGE65","2003",10.455,,,,"R1:3513"
"TUR","BA:622","EAP_DWAP_SEX_AGE_RT","SEX_T","AGE_YTHADULT_YGE15","2002",49.578,,,,"R1:3513"
"TUR","BA:622","EAP_DWAP_SEX_AGE_RT","SEX_T","AGE_YTHADULT_Y15-64","2002",52.272,,,,"R1:3513"
"TUR","BA:622","EAP_DWAP_SEX_AGE_RT","SEX_T","AGE_YTHADULT_Y15-24","2002",40.86,,,,"R1:3513"
"TUR","BA:622","EAP_DWAP_SEX_AGE_RT","SEX_T","AGE_YTHADULT_YGE25","2002",52.651,,,,"R1:3513"
"TUR","BA:622","EAP_DWAP_SEX_AGE_RT","SEX_M","AGE_YTHADULT_YGE15","2002",71.593,,,,"R1:3513"
"TUR","BA:622","EAP_DWAP_SEX_AGE_RT","SEX_M","AGE_YTHADULT_Y15-64","2002",75.112,,,,"R1:3513"
"TUR","BA:622","EAP_DWAP_SEX_AGE_RT","SEX_M","AGE_YTHADULT_Y15-24","2002",53.256,,,,"R1:3513"
"TUR","BA:622","EAP_DWAP_SEX_AGE_RT","SEX_M","AGE_YTHADULT_YGE25","2002",77.929,,,,"R1:3513"
"TUR","BA:622","EAP_DWAP_SEX_AGE_RT","SEX_F","AGE_YTHADULT_YGE15","2002",27.916,,,,"R1:3513"
"TUR","BA:622","EAP_DWAP_SEX_AGE_RT","SEX_F","AGE_YTHADULT_Y15-64","2002",29.462,,,,"R1:3513"
"TUR","BA:622","EAP_DWAP_SEX_AGE_RT","SEX_F","AGE_YTHADULT_Y15-24","2002",29.012,,,,"R1:3513"
"TUR","BA:622","EAP_DWAP_SEX_AGE_RT","SEX_F","AGE_YTHADULT_YGE25","2002",27.522,,,,"R1:3513"
"TUR","BA:622","EAP_DWAP_SEX_AGE_RT","SEX_T","AGE_AGGREGATE_YGE15","2002",49.578,,,,"R1:3513"
"TUR","BA:622","EAP_DWAP_SEX_AGE_RT","SEX_T","AGE_AGGREGATE_Y15-24","2002",40.86,,,,"R1:3513"
"TUR","BA:622","EAP_DWAP_SEX_AGE_RT","SEX_T","AGE_AGGREGATE_Y25-54","2002",59.792,,,,"R1:3513"
"TUR","BA:622","EAP_DWAP_SEX_AGE_RT","SEX_T","AGE_AGGREGATE_Y55-64","2002",36.604,,,,"R1:3513"
"TUR","BA:622","EAP_DWAP_SEX_AGE_RT","SEX_T","AGE_AGGREGATE_YGE65","2002",18.358,,,,"R1:3513"
"TUR","BA:622","EAP_DWAP_SEX_AGE_RT","SEX_M","AGE_AGGREGATE_YGE15","2002",71.593,,,,"R1:3513"
"TUR","BA:622","EAP_DWAP_SEX_AGE_RT","SEX_M","AGE_AGGREGATE_Y15-24","2002",53.256,,,,"R1:3513"
"TUR","BA:622","EAP_DWAP_SEX_AGE_RT","SEX_M","AGE_AGGREGATE_Y25-54","2002",88.206,,,,"R1:3513"
"TUR","BA:622","EAP_DWAP_SEX_AGE_RT","SEX_M","AGE_AGGREGATE_Y55-64","2002",50.817,,,,"R1:3513"
"TUR","BA:622","EAP_DWAP_SEX_AGE_RT","SEX_M","AGE_AGGREGATE_YGE65","2002",26.621,,,,"R1:3513"
"TUR","BA:622","EAP_DWAP_SEX_AGE_RT","SEX_F","AGE_AGGREGATE_YGE15","2002",27.916,,,,"R1:3513"
"TUR","BA:622","EAP_DWAP_SEX_AGE_RT","SEX_F","AGE_AGGREGATE_Y15-24","2002",29.012,,,,"R1:3513"
"TUR","BA:622","EAP_DWAP_SEX_AGE_RT","SEX_F","AGE_AGGREGATE_Y25-54","2002",30.679,,,,"R1:3513"
"TUR","BA:622","EAP_DWAP_SEX_AGE_RT","SEX_F","AGE_AGGREGATE_Y55-64","2002",22.95,,,,"R1:3513"
"TUR","BA:622","EAP_DWAP_SEX_AGE_RT","SEX_F","AGE_AGGREGATE_YGE65","2002",11.512,,,,"R1:3513"
"TUR","BA:622","EAP_DWAP_SEX_AGE_RT","SEX_T","AGE_10YRBANDS_YGE15","2002",49.578,,,,"R1:3513"
"TUR","BA:622","EAP_DWAP_SEX_AGE_RT","SEX_T","AGE_10YRBANDS_Y15-24","2002",40.86,,,,"R1:3513"
"TUR","BA:622","EAP_DWAP_SEX_AGE_RT","SEX_T","AGE_10YRBANDS_Y25-34","2002",62.62,,,,"R1:3513"
"TUR","BA:622","EAP_DWAP_SEX_AGE_RT","SEX_T","AGE_10YRBANDS_Y35-44","2002",62.176,,,,"R1:3513"
"TUR","BA:622","EAP_DWAP_SEX_AGE_RT","SEX_T","AGE_10YRBANDS_Y45-54","2002",51.154,,,,"R1:3513"
"TUR","BA:622","EAP_DWAP_SEX_AGE_RT","SEX_T","AGE_10YRBANDS_Y55-64","2002",36.604,,,,"R1:3513"
"TUR","BA:622","EAP_DWAP_SEX_AGE_RT","SEX_T","AGE_10YRBANDS_YGE65","2002",18.358,,,,"R1:3513"
"TUR","BA:622","EAP_DWAP_SEX_AGE_RT","SEX_M","AGE_10YRBANDS_YGE15","2002",71.593,,,,"R1:3513"
"TUR","BA:622","EAP_DWAP_SEX_AGE_RT","SEX_M","AGE_10YRBANDS_Y15-24","2002",53.256,,,,"R1:3513"
"TUR","BA:622","EAP_DWAP_SEX_AGE_RT","SEX_M","AGE_10YRBANDS_Y25-34","2002",91.975,,,,"R1:3513"
"TUR","BA:622","EAP_DWAP_SEX_AGE_RT","SEX_M","AGE_10YRBANDS_Y35-44","2002",93.017,,,,"R1:3513"
"TUR","BA:622","EAP_DWAP_SEX_AGE_RT","SEX_M","AGE_10YRBANDS_Y45-54","2002",74.455,,,,"R1:3513"
"TUR","BA:622","EAP_DWAP_SEX_AGE_RT","SEX_M","AGE_10YRBANDS_Y55-64","2002",50.817,,,,"R1:3513"
"TUR","BA:622","EAP_DWAP_SEX_AGE_RT","SEX_M","AGE_10YRBANDS_YGE65","2002",26.621,,,,"R1:3513"
"TUR","BA:622","EAP_DWAP_SEX_AGE_RT","SEX_F","AGE_10YRBANDS_YGE15","2002",27.916,,,,"R1:3513"
"TUR","BA:622","EAP_DWAP_SEX_AGE_RT","SEX_F","AGE_10YRBANDS_Y15-24","2002",29.012,,,,"R1:3513"
"TUR","BA:622","EAP_DWAP_SEX_AGE_RT","SEX_F","AGE_10YRBANDS_Y25-34","2002",32.507,,,,"R1:3513"
"TUR","BA:622","EAP_DWAP_SEX_AGE_RT","SEX_F","AGE_10YRBANDS_Y35-44","2002",30.738,,,,"R1:3513"
"TUR","BA:622","EAP_DWAP_SEX_AGE_RT","SEX_F","AGE_10YRBANDS_Y45-54","2002",27.161,,,,"R1:3513"
"TUR","BA:622","EAP_DWAP_SEX_AGE_RT","SEX_F","AGE_10YRBANDS_Y55-64","2002",22.95,,,,"R1:3513"
"TUR","BA:622","EAP_DWAP_SEX_AGE_RT","SEX_F","AGE_10YRBANDS_YGE65","2002",11.512,,,,"R1:3513"
"TUR","BA:622","EAP_DWAP_SEX_AGE_RT","SEX_T","AGE_5YRBANDS_YGE15","2002",49.578,,,,"R1:3513"
"TUR","BA:622","EAP_DWAP_SEX_AGE_RT","SEX_T","AGE_5YRBANDS_Y15-19","2002",31.733,,,,"R1:3513"
"TUR","BA:622","EAP_DWAP_SEX_AGE_RT","SEX_T","AGE_5YRBANDS_Y20-24","2002",50.447,,,,"R1:3513"
"TUR","BA:622","EAP_DWAP_SEX_AGE_RT","SEX_T","AGE_5YRBANDS_Y25-29","2002",61.965,,,,"R1:3513"
"TUR","BA:622","EAP_DWAP_SEX_AGE_RT","SEX_T","AGE_5YRBANDS_Y30-34","2002",63.376,,,,"R1:3513"
"TUR","BA:622","EAP_DWAP_SEX_AGE_RT","SEX_T","AGE_5YRBANDS_Y35-39","2002",62.931,,,,"R1:3513"
"TUR","BA:622","EAP_DWAP_SEX_AGE_RT","SEX_T","AGE_5YRBANDS_Y40-44","2002",61.321,,,,"R1:3513"
"TUR","BA:622","EAP_DWAP_SEX_AGE_RT","SEX_T","AGE_5YRBANDS_Y45-49","2002",55.497,,,,"R1:3513"
"TUR","BA:622","EAP_DWAP_SEX_AGE_RT","SEX_T","AGE_5YRBANDS_Y50-54","2002",45.55,,,,"R1:3513"
"TUR","BA:622","EAP_DWAP_SEX_AGE_RT","SEX_T","AGE_5YRBANDS_Y55-59","2002",39.392,,,,"R1:3513"
"TUR","BA:622","EAP_DWAP_SEX_AGE_RT","SEX_T","AGE_5YRBANDS_Y60-64","2002",33.403,,,,"R1:3513"
"TUR","BA:622","EAP_DWAP_SEX_AGE_RT","SEX_T","AGE_5YRBANDS_YGE65","2002",18.358,,,,"R1:3513"
"TUR","BA:622","EAP_DWAP_SEX_AGE_RT","SEX_M","AGE_5YRBANDS_YGE15","2002",71.593,,,,"R1:3513"
"TUR","BA:622","EAP_DWAP_SEX_AGE_RT","SEX_M","AGE_5YRBANDS_Y15-19","2002",39.707,,,,"R1:3513"
"TUR","BA:622","EAP_DWAP_SEX_AGE_RT","SEX_M","AGE_5YRBANDS_Y20-24","2002",69.416,,,,"R1:3513"
"TUR","BA:622","EAP_DWAP_SEX_AGE_RT","SEX_M","AGE_5YRBANDS_Y25-29","2002",90.488,,,,"R1:3513"
"TUR","BA:622","EAP_DWAP_SEX_AGE_RT","SEX_M","AGE_5YRBANDS_Y30-34","2002",93.699,,,,"R1:3513"
"TUR","BA:622","EAP_DWAP_SEX_AGE_RT","SEX_M","AGE_5YRBANDS_Y35-39","2002",94.316,,,,"R1:3513"
"TUR","BA:622","EAP_DWAP_SEX_AGE_RT","SEX_M","AGE_5YRBANDS_Y40-44","2002",91.563,,,,"R1:3513"
"TUR","BA:622","EAP_DWAP_SEX_AGE_RT","SEX_M","AGE_5YRBANDS_Y45-49","2002",81.493,,,,"R1:3513"
"TUR","BA:622","EAP_DWAP_SEX_AGE_RT","SEX_M","AGE_5YRBANDS_Y50-54","2002",65.271,,,,"R1:3513"
"TUR","BA:622","EAP_DWAP_SEX_AGE_RT","SEX_M","AGE_5YRBANDS_Y55-59","2002",55.884,,,,"R1:3513"
"TUR","BA:622","EAP_DWAP_SEX_AGE_RT","SEX_M","AGE_5YRBANDS_Y60-64","2002",44.875,,,,"R1:3513"
"TUR","BA:622","EAP_DWAP_SEX_AGE_RT","SEX_M","AGE_5YRBANDS_YGE65","2002",26.621,,,,"R1:3513"
"TUR","BA:622","EAP_DWAP_SEX_AGE_RT","SEX_F","AGE_5YRBANDS_YGE15","2002",27.916,,,,"R1:3513"
"TUR","BA:622","EAP_DWAP_SEX_AGE_RT","SEX_F","AGE_5YRBANDS_Y15-19","2002",23.131,,,,"R1:3513"
"TUR","BA:622","EAP_DWAP_SEX_AGE_RT","SEX_F","AGE_5YRBANDS_Y20-24","2002",34.484,,,,"R1:3513"
"TUR","BA:622","EAP_DWAP_SEX_AGE_RT","SEX_F","AGE_5YRBANDS_Y25-29","2002",32.56,,,,"R1:3513"
"TUR","BA:622","EAP_DWAP_SEX_AGE_RT","SEX_F","AGE_5YRBANDS_Y30-34","2002",32.446,,,,"R1:3513"
"TUR","BA:622","EAP_DWAP_SEX_AGE_RT","SEX_F","AGE_5YRBANDS_Y35-39","2002",31.241,,,,"R1:3513"
"TUR","BA:622","EAP_DWAP_SEX_AGE_RT","SEX_F","AGE_5YRBANDS_Y40-44","2002",30.163,,,,"R1:3513"
"TUR","BA:622","EAP_DWAP_SEX_AGE_RT","SEX_F","AGE_5YRBANDS_Y45-49","2002",28.465,,,,"R1:3513"
"TUR","BA:622","EAP_DWAP_SEX_AGE_RT","SEX_F","AGE_5YRBANDS_Y50-54","2002",25.498,,,,"R1:3513"
"TUR","BA:622","EAP_DWAP_SEX_AGE_RT","SEX_F","AGE_5YRBANDS_Y55-59","2002",23.24,,,,"R1:3513"
"TUR","BA:622","EAP_DWAP_SEX_AGE_RT","SEX_F","AGE_5YRBANDS_Y60-64","2002",22.623,,,,"R1:3513"
"TUR","BA:622","EAP_DWAP_SEX_AGE_RT","SEX_F","AGE_5YRBANDS_YGE65","2002",11.512,,,,"R1:3513"
"TUR","BA:622","EAP_DWAP_SEX_AGE_RT","SEX_T","AGE_YTHADULT_YGE15","2001",49.814,,,,"R1:3513"
"TUR","BA:622","EAP_DWAP_SEX_AGE_RT","SEX_T","AGE_YTHADULT_Y15-64","2001",52.309,,,,"R1:3513"
"TUR","BA:622","EAP_DWAP_SEX_AGE_RT","SEX_T","AGE_YTHADULT_Y15-24","2001",42.106,,,,"R1:3513"
"TUR","BA:622","EAP_DWAP_SEX_AGE_RT","SEX_T","AGE_YTHADULT_YGE25","2001",52.636,,,,"R1:3513"
"TUR","BA:622","EAP_DWAP_SEX_AGE_RT","SEX_M","AGE_YTHADULT_YGE15","2001",72.855,,,,"R1:3513"
"TUR","BA:622","EAP_DWAP_SEX_AGE_RT","SEX_M","AGE_YTHADULT_Y15-64","2001",76.134,,,,"R1:3513"
"TUR","BA:622","EAP_DWAP_SEX_AGE_RT","SEX_M","AGE_YTHADULT_Y15-24","2001",56.329,,,,"R1:3513"
"TUR","BA:622","EAP_DWAP_SEX_AGE_RT","SEX_M","AGE_YTHADULT_YGE25","2001",78.796,,,,"R1:3513"
"TUR","BA:622","EAP_DWAP_SEX_AGE_RT","SEX_F","AGE_YTHADULT_YGE15","2001",27.141,,,,"R1:3513"
"TUR","BA:622","EAP_DWAP_SEX_AGE_RT","SEX_F","AGE_YTHADULT_Y15-64","2001",28.516,,,,"R1:3513"
"TUR","BA:622","EAP_DWAP_SEX_AGE_RT","SEX_F","AGE_YTHADULT_Y15-24","2001",28.481,,,,"R1:3513"
"TUR","BA:622","EAP_DWAP_SEX_AGE_RT","SEX_F","AGE_YTHADULT_YGE25","2001",26.642,,,,"R1:3513"
"TUR","BA:622","EAP_DWAP_SEX_AGE_RT","SEX_T","AGE_AGGREGATE_YGE15","2001",49.814,,,,"R1:3513"
"TUR","BA:622","EAP_DWAP_SEX_AGE_RT","SEX_T","AGE_AGGREGATE_Y15-24","2001",42.106,,,,"R1:3513"
"TUR","BA:622","EAP_DWAP_SEX_AGE_RT","SEX_T","AGE_AGGREGATE_Y25-54","2001",59.496,,,,"R1:3513"
"TUR","BA:622","EAP_DWAP_SEX_AGE_RT","SEX_T","AGE_AGGREGATE_Y55-64","2001",36.746,,,,"R1:3513"
"TUR","BA:622","EAP_DWAP_SEX_AGE_RT","SEX_T","AGE_AGGREGATE_YGE65","2001",20.515,,,,"R1:3513"
"TUR","BA:622","EAP_DWAP_SEX_AGE_RT","SEX_M","AGE_AGGREGATE_YGE15","2001",72.855,,,,"R1:3513"
"TUR","BA:622","EAP_DWAP_SEX_AGE_RT","SEX_M","AGE_AGGREGATE_Y15-24","2001",56.329,,,,"R1:3513"
"TUR","BA:622","EAP_DWAP_SEX_AGE_RT","SEX_M","AGE_AGGREGATE_Y25-54","2001",88.637,,,,"R1:3513"
"TUR","BA:622","EAP_DWAP_SEX_AGE_RT","SEX_M","AGE_AGGREGATE_Y55-64","2001",52.65,,,,"R1:3513"
"TUR","BA:622","EAP_DWAP_SEX_AGE_RT","SEX_M","AGE_AGGREGATE_YGE65","2001",30.341,,,,"R1:3513"
"TUR","BA:622","EAP_DWAP_SEX_AGE_RT","SEX_F","AGE_AGGREGATE_YGE15","2001",27.141,,,,"R1:3513"
"TUR","BA:622","EAP_DWAP_SEX_AGE_RT","SEX_F","AGE_AGGREGATE_Y15-24","2001",28.481,,,,"R1:3513"
"TUR","BA:622","EAP_DWAP_SEX_AGE_RT","SEX_F","AGE_AGGREGATE_Y25-54","2001",29.639,,,,"R1:3513"
"TUR","BA:622","EAP_DWAP_SEX_AGE_RT","SEX_F","AGE_AGGREGATE_Y55-64","2001",21.466,,,,"R1:3513"
"TUR","BA:622","EAP_DWAP_SEX_AGE_RT","SEX_F","AGE_AGGREGATE_YGE65","2001",12.394,,,,"R1:3513"
"TUR","BA:622","EAP_DWAP_SEX_AGE_RT","SEX_T","AGE_10YRBANDS_YGE15","2001",49.814,,,,"R1:3513"
"TUR","BA:622","EAP_DWAP_SEX_AGE_RT","SEX_T","AGE_10YRBANDS_Y15-24","2001",42.106,,,,"R1:3513"
"TUR","BA:622","EAP_DWAP_SEX_AGE_RT","SEX_T","AGE_10YRBANDS_Y25-34","2001",61.826,,,,"R1:3513"
"TUR","BA:622","EAP_DWAP_SEX_AGE_RT","SEX_T","AGE_10YRBANDS_Y35-44","2001",61.972,,,,"R1:3513"
"TUR","BA:622","EAP_DWAP_SEX_AGE_RT","SEX_T","AGE_10YRBANDS_Y45-54","2001",51.529,,,,"R1:3513"
"TUR","BA:622","EAP_DWAP_SEX_AGE_RT","SEX_T","AGE_10YRBANDS_Y55-64","2001",36.746,,,,"R1:3513"
"TUR","BA:622","EAP_DWAP_SEX_AGE_RT","SEX_T","AGE_10YRBANDS_YGE65","2001",20.515,,,,"R1:3513"
"TUR","BA:622","EAP_DWAP_SEX_AGE_RT","SEX_M","AGE_10YRBANDS_YGE15","2001",72.855,,,,"R1:3513"
"TUR","BA:622","EAP_DWAP_SEX_AGE_RT","SEX_M","AGE_10YRBANDS_Y15-24","2001",56.329,,,,"R1:3513"
"TUR","BA:622","EAP_DWAP_SEX_AGE_RT","SEX_M","AGE_10YRBANDS_Y25-34","2001",92.031,,,,"R1:3513"
"TUR","BA:622","EAP_DWAP_SEX_AGE_RT","SEX_M","AGE_10YRBANDS_Y35-44","2001",93.219,,,,"R1:3513"
"TUR","BA:622","EAP_DWAP_SEX_AGE_RT","SEX_M","AGE_10YRBANDS_Y45-54","2001",75.67,,,,"R1:3513"
"TUR","BA:622","EAP_DWAP_SEX_AGE_RT","SEX_M","AGE_10YRBANDS_Y55-64","2001",52.65,,,,"R1:3513"
"TUR","BA:622","EAP_DWAP_SEX_AGE_RT","SEX_M","AGE_10YRBANDS_YGE65","2001",30.341,,,,"R1:3513"
"TUR","BA:622","EAP_DWAP_SEX_AGE_RT","SEX_F","AGE_10YRBANDS_YGE15","2001",27.141,,,,"R1:3513"
"TUR","BA:622","EAP_DWAP_SEX_AGE_RT","SEX_F","AGE_10YRBANDS_Y15-24","2001",28.481,,,,"R1:3513"
"TUR","BA:622","EAP_DWAP_SEX_AGE_RT","SEX_F","AGE_10YRBANDS_Y25-34","2001",30.912,,,,"R1:3513"
"TUR","BA:622","EAP_DWAP_SEX_AGE_RT","SEX_F","AGE_10YRBANDS_Y35-44","2001",29.99,,,,"R1:3513"
"TUR","BA:622","EAP_DWAP_SEX_AGE_RT","SEX_F","AGE_10YRBANDS_Y45-54","2001",26.711,,,,"R1:3513"
"TUR","BA:622","EAP_DWAP_SEX_AGE_RT","SEX_F","AGE_10YRBANDS_Y55-64","2001",21.466,,,,"R1:3513"
"TUR","BA:622","EAP_DWAP_SEX_AGE_RT","SEX_F","AGE_10YRBANDS_YGE65","2001",12.394,,,,"R1:3513"
"TUR","BA:622","EAP_DWAP_SEX_AGE_RT","SEX_T","AGE_5YRBANDS_YGE15","2001",49.814,,,,"R1:3513"
"TUR","BA:622","EAP_DWAP_SEX_AGE_RT","SEX_T","AGE_5YRBANDS_Y15-19","2001",33.492,,,,"R1:3513"
"TUR","BA:622","EAP_DWAP_SEX_AGE_RT","SEX_T","AGE_5YRBANDS_Y20-24","2001",51.108,,,,"R1:3513"
"TUR","BA:622","EAP_DWAP_SEX_AGE_RT","SEX_T","AGE_5YRBANDS_Y25-29","2001",61.047,,,,"R1:3513"
"TUR","BA:622","EAP_DWAP_SEX_AGE_RT","SEX_T","AGE_5YRBANDS_Y30-34","2001",62.741,,,,"R1:3513"
"TUR","BA:622","EAP_DWAP_SEX_AGE_RT","SEX_T","AGE_5YRBANDS_Y35-39","2001",62.714,,,,"R1:3513"
"TUR","BA:622","EAP_DWAP_SEX_AGE_RT","SEX_T","AGE_5YRBANDS_Y40-44","2001",61.133,,,,"R1:3513"
"TUR","BA:622","EAP_DWAP_SEX_AGE_RT","SEX_T","AGE_5YRBANDS_Y45-49","2001",55.412,,,,"R1:3513"
"TUR","BA:622","EAP_DWAP_SEX_AGE_RT","SEX_T","AGE_5YRBANDS_Y50-54","2001",46.429,,,,"R1:3513"
"TUR","BA:622","EAP_DWAP_SEX_AGE_RT","SEX_T","AGE_5YRBANDS_Y55-59","2001",40.173,,,,"R1:3513"
"TUR","BA:622","EAP_DWAP_SEX_AGE_RT","SEX_T","AGE_5YRBANDS_Y60-64","2001",32.871,,,,"R1:3513"
"TUR","BA:622","EAP_DWAP_SEX_AGE_RT","SEX_T","AGE_5YRBANDS_YGE65","2001",20.515,,,,"R1:3513"
"TUR","BA:622","EAP_DWAP_SEX_AGE_RT","SEX_M","AGE_5YRBANDS_YGE15","2001",72.855,,,,"R1:3513"
"TUR","BA:622","EAP_DWAP_SEX_AGE_RT","SEX_M","AGE_5YRBANDS_Y15-19","2001",43.151,,,,"R1:3513"
"TUR","BA:622","EAP_DWAP_SEX_AGE_RT","SEX_M","AGE_5YRBANDS_Y20-24","2001",71.86,,,,"R1:3513"
"TUR","BA:622","EAP_DWAP_SEX_AGE_RT","SEX_M","AGE_5YRBANDS_Y25-29","2001",90.304,,,,"R1:3513"
"TUR","BA:622","EAP_DWAP_SEX_AGE_RT","SEX_M","AGE_5YRBANDS_Y30-34","2001",94.07,,,,"R1:3513"
"TUR","BA:622","EAP_DWAP_SEX_AGE_RT","SEX_M","AGE_5YRBANDS_Y35-39","2001",94.573,,,,"R1:3513"
"TUR","BA:622","EAP_DWAP_SEX_AGE_RT","SEX_M","AGE_5YRBANDS_Y40-44","2001",91.704,,,,"R1:3513"
"TUR","BA:622","EAP_DWAP_SEX_AGE_RT","SEX_M","AGE_5YRBANDS_Y45-49","2001",82.633,,,,"R1:3513"
"TUR","BA:622","EAP_DWAP_SEX_AGE_RT","SEX_M","AGE_5YRBANDS_Y50-54","2001",66.413,,,,"R1:3513"
"TUR","BA:622","EAP_DWAP_SEX_AGE_RT","SEX_M","AGE_5YRBANDS_Y55-59","2001",57.663,,,,"R1:3513"
"TUR","BA:622","EAP_DWAP_SEX_AGE_RT","SEX_M","AGE_5YRBANDS_Y60-64","2001",46.867,,,,"R1:3513"
"TUR","BA:622","EAP_DWAP_SEX_AGE_RT","SEX_M","AGE_5YRBANDS_YGE65","2001",30.341,,,,"R1:3513"
"TUR","BA:622","EAP_DWAP_SEX_AGE_RT","SEX_F","AGE_5YRBANDS_YGE15","2001",27.141,,,,"R1:3513"
"TUR","BA:622","EAP_DWAP_SEX_AGE_RT","SEX_F","AGE_5YRBANDS_Y15-19","2001",23.114,,,,"R1:3513"
"TUR","BA:622","EAP_DWAP_SEX_AGE_RT","SEX_F","AGE_5YRBANDS_Y20-24","2001",33.481,,,,"R1:3513"
"TUR","BA:622","EAP_DWAP_SEX_AGE_RT","SEX_F","AGE_5YRBANDS_Y25-29","2001",30.921,,,,"R1:3513"
"TUR","BA:622","EAP_DWAP_SEX_AGE_RT","SEX_F","AGE_5YRBANDS_Y30-34","2001",30.901,,,,"R1:3513"
"TUR","BA:622","EAP_DWAP_SEX_AGE_RT","SEX_F","AGE_5YRBANDS_Y35-39","2001",30.468,,,,"R1:3513"
"TUR","BA:622","EAP_DWAP_SEX_AGE_RT","SEX_F","AGE_5YRBANDS_Y40-44","2001",29.442,,,,"R1:3513"
"TUR","BA:622","EAP_DWAP_SEX_AGE_RT","SEX_F","AGE_5YRBANDS_Y45-49","2001",27.13,,,,"R1:3513"
"TUR","BA:622","EAP_DWAP_SEX_AGE_RT","SEX_F","AGE_5YRBANDS_Y50-54","2001",26.167,,,,"R1:3513"
"TUR","BA:622","EAP_DWAP_SEX_AGE_RT","SEX_F","AGE_5YRBANDS_Y55-59","2001",23.051,,,,"R1:3513"
"TUR","BA:622","EAP_DWAP_SEX_AGE_RT","SEX_F","AGE_5YRBANDS_Y60-64","2001",19.71,,,,"R1:3513"
"TUR","BA:622","EAP_DWAP_SEX_AGE_RT","SEX_F","AGE_5YRBANDS_YGE65","2001",12.394,,,,"R1:3513"
"TUR","BA:622","EAP_DWAP_SEX_AGE_RT","SEX_T","AGE_YTHADULT_YGE15","2000",49.941,,,,"R1:3513"
"TUR","BA:622","EAP_DWAP_SEX_AGE_RT","SEX_T","AGE_YTHADULT_Y15-64","2000",52.4,,,,"R1:3513"
"TUR","BA:622","EAP_DWAP_SEX_AGE_RT","SEX_T","AGE_YTHADULT_Y15-24","2000",42.518,,,,"R1:3513"
"TUR","BA:622","EAP_DWAP_SEX_AGE_RT","SEX_T","AGE_YTHADULT_YGE25","2000",52.755,,,,"R1:3513"
"TUR","BA:622","EAP_DWAP_SEX_AGE_RT","SEX_M","AGE_YTHADULT_YGE15","2000",73.707,,,,"R1:3513"
"TUR","BA:622","EAP_DWAP_SEX_AGE_RT","SEX_M","AGE_YTHADULT_Y15-64","2000",76.868,,,,"R1:3513"
"TUR","BA:622","EAP_DWAP_SEX_AGE_RT","SEX_M","AGE_YTHADULT_Y15-24","2000",57.58,,,,"R1:3513"
"TUR","BA:622","EAP_DWAP_SEX_AGE_RT","SEX_M","AGE_YTHADULT_YGE25","2000",79.71,,,,"R1:3513"
"TUR","BA:622","EAP_DWAP_SEX_AGE_RT","SEX_F","AGE_YTHADULT_YGE15","2000",26.562,,,,"R1:3513"
"TUR","BA:622","EAP_DWAP_SEX_AGE_RT","SEX_F","AGE_YTHADULT_Y15-64","2000",27.974,,,,"R1:3513"
"TUR","BA:622","EAP_DWAP_SEX_AGE_RT","SEX_F","AGE_YTHADULT_Y15-24","2000",28.082,,,,"R1:3513"
"TUR","BA:622","EAP_DWAP_SEX_AGE_RT","SEX_F","AGE_YTHADULT_YGE25","2000",25.975,,,,"R1:3513"
"TUR","BA:622","EAP_DWAP_SEX_AGE_RT","SEX_T","AGE_AGGREGATE_YGE15","2000",49.941,,,,"R1:3513"
"TUR","BA:622","EAP_DWAP_SEX_AGE_RT","SEX_T","AGE_AGGREGATE_Y15-24","2000",42.518,,,,"R1:3513"
"TUR","BA:622","EAP_DWAP_SEX_AGE_RT","SEX_T","AGE_AGGREGATE_Y25-54","2000",59.595,,,,"R1:3513"
"TUR","BA:622","EAP_DWAP_SEX_AGE_RT","SEX_T","AGE_AGGREGATE_Y55-64","2000",37.206,,,,"R1:3513"
"TUR","BA:622","EAP_DWAP_SEX_AGE_RT","SEX_T","AGE_AGGREGATE_YGE65","2000",20.806,,,,"R1:3513"
"TUR","BA:622","EAP_DWAP_SEX_AGE_RT","SEX_M","AGE_AGGREGATE_YGE15","2000",73.707,,,,"R1:3513"
"TUR","BA:622","EAP_DWAP_SEX_AGE_RT","SEX_M","AGE_AGGREGATE_Y15-24","2000",57.58,,,,"R1:3513"
"TUR","BA:622","EAP_DWAP_SEX_AGE_RT","SEX_M","AGE_AGGREGATE_Y25-54","2000",89.515,,,,"R1:3513"
"TUR","BA:622","EAP_DWAP_SEX_AGE_RT","SEX_M","AGE_AGGREGATE_Y55-64","2000",53.483,,,,"R1:3513"
"TUR","BA:622","EAP_DWAP_SEX_AGE_RT","SEX_M","AGE_AGGREGATE_YGE65","2000",32.344,,,,"R1:3513"
"TUR","BA:622","EAP_DWAP_SEX_AGE_RT","SEX_F","AGE_AGGREGATE_YGE15","2000",26.562,,,,"R1:3513"
"TUR","BA:622","EAP_DWAP_SEX_AGE_RT","SEX_F","AGE_AGGREGATE_Y15-24","2000",28.082,,,,"R1:3513"
"TUR","BA:622","EAP_DWAP_SEX_AGE_RT","SEX_F","AGE_AGGREGATE_Y25-54","2000",28.942,,,,"R1:3513"
"TUR","BA:622","EAP_DWAP_SEX_AGE_RT","SEX_F","AGE_AGGREGATE_Y55-64","2000",21.564,,,,"R1:3513"
"TUR","BA:622","EAP_DWAP_SEX_AGE_RT","SEX_F","AGE_AGGREGATE_YGE65","2000",11.281,,,,"R1:3513"
"TUR","BA:622","EAP_DWAP_SEX_AGE_RT","SEX_T","AGE_10YRBANDS_YGE15","2000",49.941,,,,"R1:3513"
"TUR","BA:622","EAP_DWAP_SEX_AGE_RT","SEX_T","AGE_10YRBANDS_Y15-24","2000",42.518,,,,"R1:3513"
"TUR","BA:622","EAP_DWAP_SEX_AGE_RT","SEX_T","AGE_10YRBANDS_Y25-34","2000",61.88,,,,"R1:3513"
"TUR","BA:622","EAP_DWAP_SEX_AGE_RT","SEX_T","AGE_10YRBANDS_Y35-44","2000",62.127,,,,"R1:3513"
"TUR","BA:622","EAP_DWAP_SEX_AGE_RT","SEX_T","AGE_10YRBANDS_Y45-54","2000",51.508,,,,"R1:3513"
"TUR","BA:622","EAP_DWAP_SEX_AGE_RT","SEX_T","AGE_10YRBANDS_Y55-64","2000",37.206,,,,"R1:3513"
"TUR","BA:622","EAP_DWAP_SEX_AGE_RT","SEX_T","AGE_10YRBANDS_YGE65","2000",20.806,,,,"R1:3513"
"TUR","BA:622","EAP_DWAP_SEX_AGE_RT","SEX_M","AGE_10YRBANDS_YGE15","2000",73.707,,,,"R1:3513"
"TUR","BA:622","EAP_DWAP_SEX_AGE_RT","SEX_M","AGE_10YRBANDS_Y15-24","2000",57.58,,,,"R1:3513"
"TUR","BA:622","EAP_DWAP_SEX_AGE_RT","SEX_M","AGE_10YRBANDS_Y25-34","2000",92.471,,,,"R1:3513"
"TUR","BA:622","EAP_DWAP_SEX_AGE_RT","SEX_M","AGE_10YRBANDS_Y35-44","2000",94.353,,,,"R1:3513"
"TUR","BA:622","EAP_DWAP_SEX_AGE_RT","SEX_M","AGE_10YRBANDS_Y45-54","2000",76.794,,,,"R1:3513"
"TUR","BA:622","EAP_DWAP_SEX_AGE_RT","SEX_M","AGE_10YRBANDS_Y55-64","2000",53.483,,,,"R1:3513"
"TUR","BA:622","EAP_DWAP_SEX_AGE_RT","SEX_M","AGE_10YRBANDS_YGE65","2000",32.344,,,,"R1:3513"
"TUR","BA:622","EAP_DWAP_SEX_AGE_RT","SEX_F","AGE_10YRBANDS_YGE15","2000",26.562,,,,"R1:3513"
"TUR","BA:622","EAP_DWAP_SEX_AGE_RT","SEX_F","AGE_10YRBANDS_Y15-24","2000",28.082,,,,"R1:3513"
"TUR","BA:622","EAP_DWAP_SEX_AGE_RT","SEX_F","AGE_10YRBANDS_Y25-34","2000",30.645,,,,"R1:3513"
"TUR","BA:622","EAP_DWAP_SEX_AGE_RT","SEX_F","AGE_10YRBANDS_Y35-44","2000",29.015,,,,"R1:3513"
"TUR","BA:622","EAP_DWAP_SEX_AGE_RT","SEX_F","AGE_10YRBANDS_Y45-54","2000",25.543,,,,"R1:3513"
"TUR","BA:622","EAP_DWAP_SEX_AGE_RT","SEX_F","AGE_10YRBANDS_Y55-64","2000",21.564,,,,"R1:3513"
"TUR","BA:622","EAP_DWAP_SEX_AGE_RT","SEX_F","AGE_10YRBANDS_YGE65","2000",11.281,,,,"R1:3513"
"TUR","BA:622","EAP_DWAP_SEX_AGE_RT","SEX_T","AGE_5YRBANDS_YGE15","2000",49.941,,,,"R1:3513"
"TUR","BA:622","EAP_DWAP_SEX_AGE_RT","SEX_T","AGE_5YRBANDS_Y15-19","2000",35.457,,,,"R1:3513"
"TUR","BA:622","EAP_DWAP_SEX_AGE_RT","SEX_T","AGE_5YRBANDS_Y20-24","2000",49.943,,,,"R1:3513"
"TUR","BA:622","EAP_DWAP_SEX_AGE_RT","SEX_T","AGE_5YRBANDS_Y25-29","2000",61.689,,,,"R1:3513"
"TUR","BA:622","EAP_DWAP_SEX_AGE_RT","SEX_T","AGE_5YRBANDS_Y30-34","2000",62.106,,,,"R1:3513"
"TUR","BA:622","EAP_DWAP_SEX_AGE_RT","SEX_T","AGE_5YRBANDS_Y35-39","2000",62.747,,,,"R1:3513"
"TUR","BA:622","EAP_DWAP_SEX_AGE_RT","SEX_T","AGE_5YRBANDS_Y40-44","2000",61.425,,,,"R1:3513"
"TUR","BA:622","EAP_DWAP_SEX_AGE_RT","SEX_T","AGE_5YRBANDS_Y45-49","2000",54.591,,,,"R1:3513"
"TUR","BA:622","EAP_DWAP_SEX_AGE_RT","SEX_T","AGE_5YRBANDS_Y50-54","2000",47.429,,,,"R1:3513"
"TUR","BA:622","EAP_DWAP_SEX_AGE_RT","SEX_T","AGE_5YRBANDS_Y55-59","2000",41.153,,,,"R1:3513"
"TUR","BA:622","EAP_DWAP_SEX_AGE_RT","SEX_T","AGE_5YRBANDS_Y60-64","2000",32.781,,,,"R1:3513"
"TUR","BA:622","EAP_DWAP_SEX_AGE_RT","SEX_T","AGE_5YRBANDS_YGE65","2000",20.806,,,,"R1:3513"
"TUR","BA:622","EAP_DWAP_SEX_AGE_RT","SEX_M","AGE_5YRBANDS_YGE15","2000",73.707,,,,"R1:3513"
"TUR","BA:622","EAP_DWAP_SEX_AGE_RT","SEX_M","AGE_5YRBANDS_Y15-19","2000",45.638,,,,"R1:3513"
"TUR","BA:622","EAP_DWAP_SEX_AGE_RT","SEX_M","AGE_5YRBANDS_Y20-24","2000",71.874,,,,"R1:3513"
"TUR","BA:622","EAP_DWAP_SEX_AGE_RT","SEX_M","AGE_5YRBANDS_Y25-29","2000",90.851,,,,"R1:3513"
"TUR","BA:622","EAP_DWAP_SEX_AGE_RT","SEX_M","AGE_5YRBANDS_Y30-34","2000",94.404,,,,"R1:3513"
"TUR","BA:622","EAP_DWAP_SEX_AGE_RT","SEX_M","AGE_5YRBANDS_Y35-39","2000",95.32,,,,"R1:3513"
"TUR","BA:622","EAP_DWAP_SEX_AGE_RT","SEX_M","AGE_5YRBANDS_Y40-44","2000",93.27,,,,"R1:3513"
"TUR","BA:622","EAP_DWAP_SEX_AGE_RT","SEX_M","AGE_5YRBANDS_Y45-49","2000",82.606,,,,"R1:3513"
"TUR","BA:622","EAP_DWAP_SEX_AGE_RT","SEX_M","AGE_5YRBANDS_Y50-54","2000",69.002,,,,"R1:3513"
"TUR","BA:622","EAP_DWAP_SEX_AGE_RT","SEX_M","AGE_5YRBANDS_Y55-59","2000",58.416,,,,"R1:3513"
"TUR","BA:622","EAP_DWAP_SEX_AGE_RT","SEX_M","AGE_5YRBANDS_Y60-64","2000",47.843,,,,"R1:3513"
"TUR","BA:622","EAP_DWAP_SEX_AGE_RT","SEX_M","AGE_5YRBANDS_YGE65","2000",32.344,,,,"R1:3513"
"TUR","BA:622","EAP_DWAP_SEX_AGE_RT","SEX_F","AGE_5YRBANDS_YGE15","2000",26.562,,,,"R1:3513"
"TUR","BA:622","EAP_DWAP_SEX_AGE_RT","SEX_F","AGE_5YRBANDS_Y15-19","2000",24.419,,,,"R1:3513"
"TUR","BA:622","EAP_DWAP_SEX_AGE_RT","SEX_F","AGE_5YRBANDS_Y20-24","2000",31.485,,,,"R1:3513"
"TUR","BA:622","EAP_DWAP_SEX_AGE_RT","SEX_F","AGE_5YRBANDS_Y25-29","2000",31.726,,,,"R1:3513"
"TUR","BA:622","EAP_DWAP_SEX_AGE_RT","SEX_F","AGE_5YRBANDS_Y30-34","2000",29.374,,,,"R1:3513"
"TUR","BA:622","EAP_DWAP_SEX_AGE_RT","SEX_F","AGE_5YRBANDS_Y35-39","2000",29.667,,,,"R1:3513"
"TUR","BA:622","EAP_DWAP_SEX_AGE_RT","SEX_F","AGE_5YRBANDS_Y40-44","2000",28.266,,,,"R1:3513"
"TUR","BA:622","EAP_DWAP_SEX_AGE_RT","SEX_F","AGE_5YRBANDS_Y45-49","2000",25.49,,,,"R1:3513"
"TUR","BA:622","EAP_DWAP_SEX_AGE_RT","SEX_F","AGE_5YRBANDS_Y50-54","2000",25.611,,,,"R1:3513"
"TUR","BA:622","EAP_DWAP_SEX_AGE_RT","SEX_F","AGE_5YRBANDS_Y55-59","2000",24.261,,,,"R1:3513"
"TUR","BA:622","EAP_DWAP_SEX_AGE_RT","SEX_F","AGE_5YRBANDS_Y60-64","2000",18.596,,,,"R1:3513"
"TUR","BA:622","EAP_DWAP_SEX_AGE_RT","SEX_F","AGE_5YRBANDS_YGE65","2000",11.281,,,,"R1:3513"
"TUR","BA:622","EAP_DWAP_SEX_AGE_RT","SEX_T","AGE_YTHADULT_YGE15","1990",56.614,,,,"R1:2382"
"TUR","BA:622","EAP_DWAP_SEX_AGE_RT","SEX_T","AGE_YTHADULT_Y15-64","1990",59.399,,,,"R1:2382"
"TUR","BA:622","EAP_DWAP_SEX_AGE_RT","SEX_T","AGE_YTHADULT_Y15-24","1990",54.67,,,,"R1:2382"
"TUR","BA:622","EAP_DWAP_SEX_AGE_RT","SEX_T","AGE_YTHADULT_YGE25","1990",57.386,,,,"R1:2382"
"TUR","BA:622","EAP_DWAP_SEX_AGE_RT","SEX_M","AGE_YTHADULT_YGE15","1990",79.703,,,,"R1:2382"
"TUR","BA:622","EAP_DWAP_SEX_AGE_RT","SEX_M","AGE_YTHADULT_Y15-64","1990",83.603,,,,"R1:2382"
"TUR","BA:622","EAP_DWAP_SEX_AGE_RT","SEX_M","AGE_YTHADULT_Y15-24","1990",71.84,,,,"R1:2382"
"TUR","BA:622","EAP_DWAP_SEX_AGE_RT","SEX_M","AGE_YTHADULT_YGE25","1990",82.63,,,,"R1:2382"
"TUR","BA:622","EAP_DWAP_SEX_AGE_RT","SEX_F","AGE_YTHADULT_YGE15","1990",34.152,,,,"R1:2382"
"TUR","BA:622","EAP_DWAP_SEX_AGE_RT","SEX_F","AGE_YTHADULT_Y15-64","1990",35.985,,,,"R1:2382"
"TUR","BA:622","EAP_DWAP_SEX_AGE_RT","SEX_F","AGE_YTHADULT_Y15-24","1990",39.402,,,,"R1:2382"
"TUR","BA:622","EAP_DWAP_SEX_AGE_RT","SEX_F","AGE_YTHADULT_YGE25","1990",31.937,,,,"R1:2382"
"TUR","BA:622","EAP_DWAP_SEX_AGE_RT","SEX_T","AGE_AGGREGATE_YGE15","1990",56.614,,,,"R1:2382"
"TUR","BA:622","EAP_DWAP_SEX_AGE_RT","SEX_T","AGE_AGGREGATE_Y15-24","1990",54.67,,,,"R1:2382"
"TUR","BA:622","EAP_DWAP_SEX_AGE_RT","SEX_T","AGE_AGGREGATE_Y25-54","1990",65.129,,,,"R1:2382"
"TUR","BA:622","EAP_DWAP_SEX_AGE_RT","SEX_T","AGE_AGGREGATE_Y55-64","1990",44.107,,,,"R1:2382"
"TUR","BA:622","EAP_DWAP_SEX_AGE_RT","SEX_T","AGE_AGGREGATE_YGE65","1990",20.331,,,,"R1:2382"
"TUR","BA:622","EAP_DWAP_SEX_AGE_RT","SEX_M","AGE_AGGREGATE_YGE15","1990",79.703,,,,"R1:2382"
"TUR","BA:622","EAP_DWAP_SEX_AGE_RT","SEX_M","AGE_AGGREGATE_Y15-24","1990",71.84,,,,"R1:2382"
"TUR","BA:622","EAP_DWAP_SEX_AGE_RT","SEX_M","AGE_AGGREGATE_Y25-54","1990",94.235,,,,"R1:2382"
"TUR","BA:622","EAP_DWAP_SEX_AGE_RT","SEX_M","AGE_AGGREGATE_Y55-64","1990",61.255,,,,"R1:2382"
"TUR","BA:622","EAP_DWAP_SEX_AGE_RT","SEX_M","AGE_AGGREGATE_YGE65","1990",30.855,,,,"R1:2382"
"TUR","BA:622","EAP_DWAP_SEX_AGE_RT","SEX_F","AGE_AGGREGATE_YGE15","1990",34.152,,,,"R1:2382"
"TUR","BA:622","EAP_DWAP_SEX_AGE_RT","SEX_F","AGE_AGGREGATE_Y15-24","1990",39.402,,,,"R1:2382"
"TUR","BA:622","EAP_DWAP_SEX_AGE_RT","SEX_F","AGE_AGGREGATE_Y25-54","1990",35.998,,,,"R1:2382"
"TUR","BA:622","EAP_DWAP_SEX_AGE_RT","SEX_F","AGE_AGGREGATE_Y55-64","1990",26.636,,,,"R1:2382"
"TUR","BA:622","EAP_DWAP_SEX_AGE_RT","SEX_F","AGE_AGGREGATE_YGE65","1990",9.315,,,,"R1:2382"
"TUR","BA:622","EAP_DWAP_SEX_AGE_RT","SEX_T","AGE_10YRBANDS_YGE15","1990",56.614,,,,"R1:2382"
"TUR","BA:622","EAP_DWAP_SEX_AGE_RT","SEX_T","AGE_10YRBANDS_Y15-24","1990",54.67,,,,"R1:2382"
"TUR","BA:622","EAP_DWAP_SEX_AGE_RT","SEX_T","AGE_10YRBANDS_Y25-34","1990",66.563,,,,"R1:2382"
"TUR","BA:622","EAP_DWAP_SEX_AGE_RT","SEX_T","AGE_10YRBANDS_Y35-44","1990",67.728,,,,"R1:2382"
"TUR","BA:622","EAP_DWAP_SEX_AGE_RT","SEX_T","AGE_10YRBANDS_Y45-54","1990",59.111,,,,"R1:2382"
"TUR","BA:622","EAP_DWAP_SEX_AGE_RT","SEX_T","AGE_10YRBANDS_Y55-64","1990",44.107,,,,"R1:2382"
"TUR","BA:622","EAP_DWAP_SEX_AGE_RT","SEX_T","AGE_10YRBANDS_YGE65","1990",20.331,,,,"R1:2382"
"TUR","BA:622","EAP_DWAP_SEX_AGE_RT","SEX_M","AGE_10YRBANDS_YGE15","1990",79.703,,,,"R1:2382"
"TUR","BA:622","EAP_DWAP_SEX_AGE_RT","SEX_M","AGE_10YRBANDS_Y15-24","1990",71.84,,,,"R1:2382"
"TUR","BA:622","EAP_DWAP_SEX_AGE_RT","SEX_M","AGE_10YRBANDS_Y25-34","1990",97.379,,,,"R1:2382"
"TUR","BA:622","EAP_DWAP_SEX_AGE_RT","SEX_M","AGE_10YRBANDS_Y35-44","1990",97.184,,,,"R1:2382"
"TUR","BA:622","EAP_DWAP_SEX_AGE_RT","SEX_M","AGE_10YRBANDS_Y45-54","1990",84.609,,,,"R1:2382"
"TUR","BA:622","EAP_DWAP_SEX_AGE_RT","SEX_M","AGE_10YRBANDS_Y55-64","1990",61.255,,,,"R1:2382"
"TUR","BA:622","EAP_DWAP_SEX_AGE_RT","SEX_M","AGE_10YRBANDS_YGE65","1990",30.855,,,,"R1:2382"
"TUR","BA:622","EAP_DWAP_SEX_AGE_RT","SEX_F","AGE_10YRBANDS_YGE15","1990",34.152,,,,"R1:2382"
"TUR","BA:622","EAP_DWAP_SEX_AGE_RT","SEX_F","AGE_10YRBANDS_Y15-24","1990",39.402,,,,"R1:2382"
"TUR","BA:622","EAP_DWAP_SEX_AGE_RT","SEX_F","AGE_10YRBANDS_Y25-34","1990",36.067,,,,"R1:2382"
"TUR","BA:622","EAP_DWAP_SEX_AGE_RT","SEX_F","AGE_10YRBANDS_Y35-44","1990",37.241,,,,"R1:2382"
"TUR","BA:622","EAP_DWAP_SEX_AGE_RT","SEX_F","AGE_10YRBANDS_Y45-54","1990",34.243,,,,"R1:2382"
"TUR","BA:622","EAP_DWAP_SEX_AGE_RT","SEX_F","AGE_10YRBANDS_Y55-64","1990",26.636,,,,"R1:2382"
"TUR","BA:622","EAP_DWAP_SEX_AGE_RT","SEX_F","AGE_10YRBANDS_YGE65","1990",9.315,,,,"R1:2382"
"TUR","BA:622","EAP_DWAP_SEX_AGE_RT","SEX_T","AGE_5YRBANDS_YGE15","1990",56.614,,,,"R1:2382"
"TUR","BA:622","EAP_DWAP_SEX_AGE_RT","SEX_T","AGE_5YRBANDS_Y15-19","1990",49.983,,,,"R1:2382"
"TUR","BA:622","EAP_DWAP_SEX_AGE_RT","SEX_T","AGE_5YRBANDS_Y20-24","1990",61.287,,,,"R1:2382"
"TUR","BA:622","EAP_DWAP_SEX_AGE_RT","SEX_T","AGE_5YRBANDS_Y25-29","1990",66.136,,,,"R1:2382"
"TUR","BA:622","EAP_DWAP_SEX_AGE_RT","SEX_T","AGE_5YRBANDS_Y30-34","1990",67.046,,,,"R1:2382"
"TUR","BA:622","EAP_DWAP_SEX_AGE_RT","SEX_T","AGE_5YRBANDS_Y35-39","1990",68.138,,,,"R1:2382"
"TUR","BA:622","EAP_DWAP_SEX_AGE_RT","SEX_T","AGE_5YRBANDS_Y40-44","1990",67.2,,,,"R1:2382"
"TUR","BA:622","EAP_DWAP_SEX_AGE_RT","SEX_T","AGE_5YRBANDS_Y45-49","1990",62.969,,,,"R1:2382"
"TUR","BA:622","EAP_DWAP_SEX_AGE_RT","SEX_T","AGE_5YRBANDS_Y50-54","1990",55.248,,,,"R1:2382"
"TUR","BA:622","EAP_DWAP_SEX_AGE_RT","SEX_T","AGE_5YRBANDS_Y55-59","1990",48.583,,,,"R1:2382"
"TUR","BA:622","EAP_DWAP_SEX_AGE_RT","SEX_T","AGE_5YRBANDS_Y60-64","1990",38.828,,,,"R1:2382"
"TUR","BA:622","EAP_DWAP_SEX_AGE_RT","SEX_T","AGE_5YRBANDS_YGE65","1990",20.331,,,,"R1:2382"
"TUR","BA:622","EAP_DWAP_SEX_AGE_RT","SEX_M","AGE_5YRBANDS_YGE15","1990",79.703,,,,"R1:2382"
"TUR","BA:622","EAP_DWAP_SEX_AGE_RT","SEX_M","AGE_5YRBANDS_Y15-19","1990",61.759,,,,"R1:2382"
"TUR","BA:622","EAP_DWAP_SEX_AGE_RT","SEX_M","AGE_5YRBANDS_Y20-24","1990",88.02,,,,"R1:2382"
"TUR","BA:622","EAP_DWAP_SEX_AGE_RT","SEX_M","AGE_5YRBANDS_Y25-29","1990",96.844,,,,"R1:2382"
"TUR","BA:622","EAP_DWAP_SEX_AGE_RT","SEX_M","AGE_5YRBANDS_Y30-34","1990",97.982,,,,"R1:2382"
"TUR","BA:622","EAP_DWAP_SEX_AGE_RT","SEX_M","AGE_5YRBANDS_Y35-39","1990",98.207,,,,"R1:2382"
"TUR","BA:622","EAP_DWAP_SEX_AGE_RT","SEX_M","AGE_5YRBANDS_Y40-44","1990",95.889,,,,"R1:2382"
"TUR","BA:622","EAP_DWAP_SEX_AGE_RT","SEX_M","AGE_5YRBANDS_Y45-49","1990",90.361,,,,"R1:2382"
"TUR","BA:622","EAP_DWAP_SEX_AGE_RT","SEX_M","AGE_5YRBANDS_Y50-54","1990",78.667,,,,"R1:2382"
"TUR","BA:622","EAP_DWAP_SEX_AGE_RT","SEX_M","AGE_5YRBANDS_Y55-59","1990",66.884,,,,"R1:2382"
"TUR","BA:622","EAP_DWAP_SEX_AGE_RT","SEX_M","AGE_5YRBANDS_Y60-64","1990",54.77,,,,"R1:2382"
"TUR","BA:622","EAP_DWAP_SEX_AGE_RT","SEX_M","AGE_5YRBANDS_YGE65","1990",30.855,,,,"R1:2382"
"TUR","BA:622","EAP_DWAP_SEX_AGE_RT","SEX_F","AGE_5YRBANDS_YGE15","1990",34.152,,,,"R1:2382"
"TUR","BA:622","EAP_DWAP_SEX_AGE_RT","SEX_F","AGE_5YRBANDS_Y15-19","1990",38.42,,,,"R1:2382"
"TUR","BA:622","EAP_DWAP_SEX_AGE_RT","SEX_F","AGE_5YRBANDS_Y20-24","1990",40.642,,,,"R1:2382"
"TUR","BA:622","EAP_DWAP_SEX_AGE_RT","SEX_F","AGE_5YRBANDS_Y25-29","1990",35.814,,,,"R1:2382"
"TUR","BA:622","EAP_DWAP_SEX_AGE_RT","SEX_F","AGE_5YRBANDS_Y30-34","1990",36.354,,,,"R1:2382"
"TUR","BA:622","EAP_DWAP_SEX_AGE_RT","SEX_F","AGE_5YRBANDS_Y35-39","1990",37.45,,,,"R1:2382"
"TUR","BA:622","EAP_DWAP_SEX_AGE_RT","SEX_F","AGE_5YRBANDS_Y40-44","1990",36.968,,,,"R1:2382"
"TUR","BA:622","EAP_DWAP_SEX_AGE_RT","SEX_F","AGE_5YRBANDS_Y45-49","1990",35.411,,,,"R1:2382"
"TUR","BA:622","EAP_DWAP_SEX_AGE_RT","SEX_F","AGE_5YRBANDS_Y50-54","1990",33.109,,,,"R1:2382"
"TUR","BA:622","EAP_DWAP_SEX_AGE_RT","SEX_F","AGE_5YRBANDS_Y55-59","1990",30.334,,,,"R1:2382"
"TUR","BA:622","EAP_DWAP_SEX_AGE_RT","SEX_F","AGE_5YRBANDS_Y60-64","1990",22.172,,,,"R1:2382"
"TUR","BA:622","EAP_DWAP_SEX_AGE_RT","SEX_F","AGE_5YRBANDS_YGE65","1990",9.315,,,,"R1:2382"
