"ref_area","source","indicator","sex","classif1","time","obs_value","obs_status","note_classif","note_indicator","note_source"
"TUR","BA:622","EMP_DWAP_SEX_AGE_RT","SEX_T","AGE_YTHADULT_YGE15","2025",49.049,,,,"R1:3513"
"TUR","BA:622","EMP_DWAP_SEX_AGE_RT","SEX_T","AGE_YTHADULT_Y15-64","2025",54.99,,,,"R1:3513"
"TUR","BA:622","EMP_DWAP_SEX_AGE_RT","SEX_T","AGE_YTHADULT_Y15-24","2025",40.311,,,,"R1:3513"
"TUR","BA:622","EMP_DWAP_SEX_AGE_RT","SEX_T","AGE_YTHADULT_YGE25","2025",50.881,,,,"R1:3513"
"TUR","BA:622","EMP_DWAP_SEX_AGE_RT","SEX_M","AGE_YTHADULT_YGE15","2025",66.388,,,,"R1:3513"
"TUR","BA:622","EMP_DWAP_SEX_AGE_RT","SEX_M","AGE_YTHADULT_Y15-64","2025",73.026,,,,"R1:3513"
"TUR","BA:622","EMP_DWAP_SEX_AGE_RT","SEX_M","AGE_YTHADULT_Y15-24","2025",53.041,,,,"R1:3513"
"TUR","BA:622","EMP_DWAP_SEX_AGE_RT","SEX_M","AGE_YTHADULT_YGE25","2025",69.34,,,,"R1:3513"
"TUR","BA:622","EMP_DWAP_SEX_AGE_RT","SEX_F","AGE_YTHADULT_YGE15","2025",32.079,,,,"R1:3513"
"TUR","BA:622","EMP_DWAP_SEX_AGE_RT","SEX_F","AGE_YTHADULT_Y15-64","2025",36.775,,,,"R1:3513"
"TUR","BA:622","EMP_DWAP_SEX_AGE_RT","SEX_F","AGE_YTHADULT_Y15-24","2025",26.69,,,,"R1:3513"
"TUR","BA:622","EMP_DWAP_SEX_AGE_RT","SEX_F","AGE_YTHADULT_YGE25","2025",33.149,,,,"R1:3513"
"TUR","BA:622","EMP_DWAP_SEX_AGE_RT","SEX_T","AGE_AGGREGATE_YGE15","2025",49.049,,,,"R1:3513"
"TUR","BA:622","EMP_DWAP_SEX_AGE_RT","SEX_T","AGE_AGGREGATE_Y15-24","2025",40.311,,,,"R1:3513"
"TUR","BA:622","EMP_DWAP_SEX_AGE_RT","SEX_T","AGE_AGGREGATE_Y25-54","2025",63.614,,,,"R1:3513"
"TUR","BA:622","EMP_DWAP_SEX_AGE_RT","SEX_T","AGE_AGGREGATE_Y55-64","2025",38.247,,,,"R1:3513"
"TUR","BA:622","EMP_DWAP_SEX_AGE_RT","SEX_T","AGE_AGGREGATE_YGE65","2025",12.501,,,,"R1:3513"
"TUR","BA:622","EMP_DWAP_SEX_AGE_RT","SEX_M","AGE_AGGREGATE_YGE15","2025",66.388,,,,"R1:3513"
"TUR","BA:622","EMP_DWAP_SEX_AGE_RT","SEX_M","AGE_AGGREGATE_Y15-24","2025",53.041,,,,"R1:3513"
"TUR","BA:622","EMP_DWAP_SEX_AGE_RT","SEX_M","AGE_AGGREGATE_Y25-54","2025",83.754,,,,"R1:3513"
"TUR","BA:622","EMP_DWAP_SEX_AGE_RT","SEX_M","AGE_AGGREGATE_Y55-64","2025",55.177,,,,"R1:3513"
"TUR","BA:622","EMP_DWAP_SEX_AGE_RT","SEX_M","AGE_AGGREGATE_YGE65","2025",20.411,,,,"R1:3513"
"TUR","BA:622","EMP_DWAP_SEX_AGE_RT","SEX_F","AGE_AGGREGATE_YGE15","2025",32.079,,,,"R1:3513"
"TUR","BA:622","EMP_DWAP_SEX_AGE_RT","SEX_F","AGE_AGGREGATE_Y15-24","2025",26.69,,,,"R1:3513"
"TUR","BA:622","EMP_DWAP_SEX_AGE_RT","SEX_F","AGE_AGGREGATE_Y25-54","2025",43.498,,,,"R1:3513"
"TUR","BA:622","EMP_DWAP_SEX_AGE_RT","SEX_F","AGE_AGGREGATE_Y55-64","2025",21.636,,,,"R1:3513"
"TUR","BA:622","EMP_DWAP_SEX_AGE_RT","SEX_F","AGE_AGGREGATE_YGE65","2025",6.126,,,,"R1:3513"
"TUR","BA:622","EMP_DWAP_SEX_AGE_RT","SEX_T","AGE_10YRBANDS_YGE15","2025",49.049,,,,"R1:3513"
"TUR","BA:622","EMP_DWAP_SEX_AGE_RT","SEX_T","AGE_10YRBANDS_Y15-24","2025",40.311,,,,"R1:3513"
"TUR","BA:622","EMP_DWAP_SEX_AGE_RT","SEX_T","AGE_10YRBANDS_Y25-34","2025",64.266,,,,"R1:3513"
"TUR","BA:622","EMP_DWAP_SEX_AGE_RT","SEX_T","AGE_10YRBANDS_Y35-44","2025",67.004,,,,"R1:3513"
"TUR","BA:622","EMP_DWAP_SEX_AGE_RT","SEX_T","AGE_10YRBANDS_Y45-54","2025",59.155,,,,"R1:3513"
"TUR","BA:622","EMP_DWAP_SEX_AGE_RT","SEX_T","AGE_10YRBANDS_Y55-64","2025",38.247,,,,"R1:3513"
"TUR","BA:622","EMP_DWAP_SEX_AGE_RT","SEX_T","AGE_10YRBANDS_YGE65","2025",12.501,,,,"R1:3513"
"TUR","BA:622","EMP_DWAP_SEX_AGE_RT","SEX_M","AGE_10YRBANDS_YGE15","2025",66.388,,,,"R1:3513"
"TUR","BA:622","EMP_DWAP_SEX_AGE_RT","SEX_M","AGE_10YRBANDS_Y15-24","2025",53.041,,,,"R1:3513"
"TUR","BA:622","EMP_DWAP_SEX_AGE_RT","SEX_M","AGE_10YRBANDS_Y25-34","2025",83.657,,,,"R1:3513"
"TUR","BA:622","EMP_DWAP_SEX_AGE_RT","SEX_M","AGE_10YRBANDS_Y35-44","2025",87.978,,,,"R1:3513"
"TUR","BA:622","EMP_DWAP_SEX_AGE_RT","SEX_M","AGE_10YRBANDS_Y45-54","2025",79.187,,,,"R1:3513"
"TUR","BA:622","EMP_DWAP_SEX_AGE_RT","SEX_M","AGE_10YRBANDS_Y55-64","2025",55.177,,,,"R1:3513"
"TUR","BA:622","EMP_DWAP_SEX_AGE_RT","SEX_M","AGE_10YRBANDS_YGE65","2025",20.411,,,,"R1:3513"
"TUR","BA:622","EMP_DWAP_SEX_AGE_RT","SEX_F","AGE_10YRBANDS_YGE15","2025",32.079,,,,"R1:3513"
"TUR","BA:622","EMP_DWAP_SEX_AGE_RT","SEX_F","AGE_10YRBANDS_Y15-24","2025",26.69,,,,"R1:3513"
"TUR","BA:622","EMP_DWAP_SEX_AGE_RT","SEX_F","AGE_10YRBANDS_Y25-34","2025",44.854,,,,"R1:3513"
"TUR","BA:622","EMP_DWAP_SEX_AGE_RT","SEX_F","AGE_10YRBANDS_Y35-44","2025",46.036,,,,"R1:3513"
"TUR","BA:622","EMP_DWAP_SEX_AGE_RT","SEX_F","AGE_10YRBANDS_Y45-54","2025",39.217,,,,"R1:3513"
"TUR","BA:622","EMP_DWAP_SEX_AGE_RT","SEX_F","AGE_10YRBANDS_Y55-64","2025",21.636,,,,"R1:3513"
"TUR","BA:622","EMP_DWAP_SEX_AGE_RT","SEX_F","AGE_10YRBANDS_YGE65","2025",6.126,,,,"R1:3513"
"TUR","BA:622","EMP_DWAP_SEX_AGE_RT","SEX_T","AGE_5YRBANDS_YGE15","2025",49.049,,,,"R1:3513"
"TUR","BA:622","EMP_DWAP_SEX_AGE_RT","SEX_T","AGE_5YRBANDS_Y15-19","2025",29.051,,,,"R1:3513"
"TUR","BA:622","EMP_DWAP_SEX_AGE_RT","SEX_T","AGE_5YRBANDS_Y20-24","2025",53.06,,,,"R1:3513"
"TUR","BA:622","EMP_DWAP_SEX_AGE_RT","SEX_T","AGE_5YRBANDS_Y25-29","2025",63.272,,,,"R1:3513"
"TUR","BA:622","EMP_DWAP_SEX_AGE_RT","SEX_T","AGE_5YRBANDS_Y30-34","2025",65.294,,,,"R1:3513"
"TUR","BA:622","EMP_DWAP_SEX_AGE_RT","SEX_T","AGE_5YRBANDS_Y35-39","2025",67.367,,,,"R1:3513"
"TUR","BA:622","EMP_DWAP_SEX_AGE_RT","SEX_T","AGE_5YRBANDS_Y40-44","2025",66.653,,,,"R1:3513"
"TUR","BA:622","EMP_DWAP_SEX_AGE_RT","SEX_T","AGE_5YRBANDS_Y45-49","2025",63.481,,,,"R1:3513"
"TUR","BA:622","EMP_DWAP_SEX_AGE_RT","SEX_T","AGE_5YRBANDS_Y50-54","2025",54.389,,,,"R1:3513"
"TUR","BA:622","EMP_DWAP_SEX_AGE_RT","SEX_T","AGE_5YRBANDS_Y55-59","2025",43.793,,,,"R1:3513"
"TUR","BA:622","EMP_DWAP_SEX_AGE_RT","SEX_T","AGE_5YRBANDS_Y60-64","2025",32.437,,,,"R1:3513"
"TUR","BA:622","EMP_DWAP_SEX_AGE_RT","SEX_T","AGE_5YRBANDS_YGE65","2025",12.501,,,,"R1:3513"
"TUR","BA:622","EMP_DWAP_SEX_AGE_RT","SEX_M","AGE_5YRBANDS_YGE15","2025",66.388,,,,"R1:3513"
"TUR","BA:622","EMP_DWAP_SEX_AGE_RT","SEX_M","AGE_5YRBANDS_Y15-19","2025",41.015,,,,"R1:3513"
"TUR","BA:622","EMP_DWAP_SEX_AGE_RT","SEX_M","AGE_5YRBANDS_Y20-24","2025",67.008,,,,"R1:3513"
"TUR","BA:622","EMP_DWAP_SEX_AGE_RT","SEX_M","AGE_5YRBANDS_Y25-29","2025",80.938,,,,"R1:3513"
"TUR","BA:622","EMP_DWAP_SEX_AGE_RT","SEX_M","AGE_5YRBANDS_Y30-34","2025",86.471,,,,"R1:3513"
"TUR","BA:622","EMP_DWAP_SEX_AGE_RT","SEX_M","AGE_5YRBANDS_Y35-39","2025",88.44,,,,"R1:3513"
"TUR","BA:622","EMP_DWAP_SEX_AGE_RT","SEX_M","AGE_5YRBANDS_Y40-44","2025",87.53,,,,"R1:3513"
"TUR","BA:622","EMP_DWAP_SEX_AGE_RT","SEX_M","AGE_5YRBANDS_Y45-49","2025",83.234,,,,"R1:3513"
"TUR","BA:622","EMP_DWAP_SEX_AGE_RT","SEX_M","AGE_5YRBANDS_Y50-54","2025",74.695,,,,"R1:3513"
"TUR","BA:622","EMP_DWAP_SEX_AGE_RT","SEX_M","AGE_5YRBANDS_Y55-59","2025",61.868,,,,"R1:3513"
"TUR","BA:622","EMP_DWAP_SEX_AGE_RT","SEX_M","AGE_5YRBANDS_Y60-64","2025",47.987,,,,"R1:3513"
"TUR","BA:622","EMP_DWAP_SEX_AGE_RT","SEX_M","AGE_5YRBANDS_YGE65","2025",20.411,,,,"R1:3513"
"TUR","BA:622","EMP_DWAP_SEX_AGE_RT","SEX_F","AGE_5YRBANDS_YGE15","2025",32.079,,,,"R1:3513"
"TUR","BA:622","EMP_DWAP_SEX_AGE_RT","SEX_F","AGE_5YRBANDS_Y15-19","2025",15.93,,,,"R1:3513"
"TUR","BA:622","EMP_DWAP_SEX_AGE_RT","SEX_F","AGE_5YRBANDS_Y20-24","2025",38.546,,,,"R1:3513"
"TUR","BA:622","EMP_DWAP_SEX_AGE_RT","SEX_F","AGE_5YRBANDS_Y25-29","2025",45.564,,,,"R1:3513"
"TUR","BA:622","EMP_DWAP_SEX_AGE_RT","SEX_F","AGE_5YRBANDS_Y30-34","2025",44.121,,,,"R1:3513"
"TUR","BA:622","EMP_DWAP_SEX_AGE_RT","SEX_F","AGE_5YRBANDS_Y35-39","2025",46.297,,,,"R1:3513"
"TUR","BA:622","EMP_DWAP_SEX_AGE_RT","SEX_F","AGE_5YRBANDS_Y40-44","2025",45.784,,,,"R1:3513"
"TUR","BA:622","EMP_DWAP_SEX_AGE_RT","SEX_F","AGE_5YRBANDS_Y45-49","2025",43.676,,,,"R1:3513"
"TUR","BA:622","EMP_DWAP_SEX_AGE_RT","SEX_F","AGE_5YRBANDS_Y50-54","2025",34.343,,,,"R1:3513"
"TUR","BA:622","EMP_DWAP_SEX_AGE_RT","SEX_F","AGE_5YRBANDS_Y55-59","2025",25.616,,,,"R1:3513"
"TUR","BA:622","EMP_DWAP_SEX_AGE_RT","SEX_F","AGE_5YRBANDS_Y60-64","2025",17.569,,,,"R1:3513"
"TUR","BA:622","EMP_DWAP_SEX_AGE_RT","SEX_F","AGE_5YRBANDS_YGE65","2025",6.126,,,,"R1:3513"
"TUR","BA:622","EMP_DWAP_SEX_AGE_RT","SEX_T","AGE_YTHADULT_YGE15","2024",49.481,,,,"R1:3513"
"TUR","BA:622","EMP_DWAP_SEX_AGE_RT","SEX_T","AGE_YTHADULT_Y15-64","2024",55.195,,,,"R1:3513"
"TUR","BA:622","EMP_DWAP_SEX_AGE_RT","SEX_T","AGE_YTHADULT_Y15-24","2024",39.467,,,,"R1:3513"
"TUR","BA:622","EMP_DWAP_SEX_AGE_RT","SEX_T","AGE_YTHADULT_YGE25","2024",51.636,,,,"R1:3513"
"TUR","BA:622","EMP_DWAP_SEX_AGE_RT","SEX_M","AGE_YTHADULT_YGE15","2024",66.851,,,,"R1:3513"
"TUR","BA:622","EMP_DWAP_SEX_AGE_RT","SEX_M","AGE_YTHADULT_Y15-64","2024",73.216,,,,"R1:3513"
"TUR","BA:622","EMP_DWAP_SEX_AGE_RT","SEX_M","AGE_YTHADULT_Y15-24","2024",51.734,,,,"R1:3513"
"TUR","BA:622","EMP_DWAP_SEX_AGE_RT","SEX_M","AGE_YTHADULT_YGE25","2024",70.278,,,,"R1:3513"
"TUR","BA:622","EMP_DWAP_SEX_AGE_RT","SEX_F","AGE_YTHADULT_YGE15","2024",32.464,,,,"R1:3513"
"TUR","BA:622","EMP_DWAP_SEX_AGE_RT","SEX_F","AGE_YTHADULT_Y15-64","2024",36.985,,,,"R1:3513"
"TUR","BA:622","EMP_DWAP_SEX_AGE_RT","SEX_F","AGE_YTHADULT_Y15-24","2024",26.375,,,,"R1:3513"
"TUR","BA:622","EMP_DWAP_SEX_AGE_RT","SEX_F","AGE_YTHADULT_YGE25","2024",33.708,,,,"R1:3513"
"TUR","BA:622","EMP_DWAP_SEX_AGE_RT","SEX_T","AGE_AGGREGATE_YGE15","2024",49.481,,,,"R1:3513"
"TUR","BA:622","EMP_DWAP_SEX_AGE_RT","SEX_T","AGE_AGGREGATE_Y15-24","2024",39.467,,,,"R1:3513"
"TUR","BA:622","EMP_DWAP_SEX_AGE_RT","SEX_T","AGE_AGGREGATE_Y25-54","2024",64.113,,,,"R1:3513"
"TUR","BA:622","EMP_DWAP_SEX_AGE_RT","SEX_T","AGE_AGGREGATE_Y55-64","2024",38.805,,,,"R1:3513"
"TUR","BA:622","EMP_DWAP_SEX_AGE_RT","SEX_T","AGE_AGGREGATE_YGE65","2024",12.746,,,,"R1:3513"
"TUR","BA:622","EMP_DWAP_SEX_AGE_RT","SEX_M","AGE_AGGREGATE_YGE15","2024",66.851,,,,"R1:3513"
"TUR","BA:622","EMP_DWAP_SEX_AGE_RT","SEX_M","AGE_AGGREGATE_Y15-24","2024",51.734,,,,"R1:3513"
"TUR","BA:622","EMP_DWAP_SEX_AGE_RT","SEX_M","AGE_AGGREGATE_Y25-54","2024",84.419,,,,"R1:3513"
"TUR","BA:622","EMP_DWAP_SEX_AGE_RT","SEX_M","AGE_AGGREGATE_Y55-64","2024",55.664,,,,"R1:3513"
"TUR","BA:622","EMP_DWAP_SEX_AGE_RT","SEX_M","AGE_AGGREGATE_YGE65","2024",20.644,,,,"R1:3513"
"TUR","BA:622","EMP_DWAP_SEX_AGE_RT","SEX_F","AGE_AGGREGATE_YGE15","2024",32.464,,,,"R1:3513"
"TUR","BA:622","EMP_DWAP_SEX_AGE_RT","SEX_F","AGE_AGGREGATE_Y15-24","2024",26.375,,,,"R1:3513"
"TUR","BA:622","EMP_DWAP_SEX_AGE_RT","SEX_F","AGE_AGGREGATE_Y25-54","2024",43.794,,,,"R1:3513"
"TUR","BA:622","EMP_DWAP_SEX_AGE_RT","SEX_F","AGE_AGGREGATE_Y55-64","2024",22.303,,,,"R1:3513"
"TUR","BA:622","EMP_DWAP_SEX_AGE_RT","SEX_F","AGE_AGGREGATE_YGE65","2024",6.411,,,,"R1:3513"
"TUR","BA:622","EMP_DWAP_SEX_AGE_RT","SEX_T","AGE_10YRBANDS_YGE15","2024",49.481,,,,"R1:3513"
"TUR","BA:622","EMP_DWAP_SEX_AGE_RT","SEX_T","AGE_10YRBANDS_Y15-24","2024",39.467,,,,"R1:3513"
"TUR","BA:622","EMP_DWAP_SEX_AGE_RT","SEX_T","AGE_10YRBANDS_Y25-34","2024",64.497,,,,"R1:3513"
"TUR","BA:622","EMP_DWAP_SEX_AGE_RT","SEX_T","AGE_10YRBANDS_Y35-44","2024",67.577,,,,"R1:3513"
"TUR","BA:622","EMP_DWAP_SEX_AGE_RT","SEX_T","AGE_10YRBANDS_Y45-54","2024",59.723,,,,"R1:3513"
"TUR","BA:622","EMP_DWAP_SEX_AGE_RT","SEX_T","AGE_10YRBANDS_Y55-64","2024",38.805,,,,"R1:3513"
"TUR","BA:622","EMP_DWAP_SEX_AGE_RT","SEX_T","AGE_10YRBANDS_YGE65","2024",12.746,,,,"R1:3513"
"TUR","BA:622","EMP_DWAP_SEX_AGE_RT","SEX_M","AGE_10YRBANDS_YGE15","2024",66.851,,,,"R1:3513"
"TUR","BA:622","EMP_DWAP_SEX_AGE_RT","SEX_M","AGE_10YRBANDS_Y15-24","2024",51.734,,,,"R1:3513"
"TUR","BA:622","EMP_DWAP_SEX_AGE_RT","SEX_M","AGE_10YRBANDS_Y25-34","2024",84.501,,,,"R1:3513"
"TUR","BA:622","EMP_DWAP_SEX_AGE_RT","SEX_M","AGE_10YRBANDS_Y35-44","2024",88.512,,,,"R1:3513"
"TUR","BA:622","EMP_DWAP_SEX_AGE_RT","SEX_M","AGE_10YRBANDS_Y45-54","2024",79.644,,,,"R1:3513"
"TUR","BA:622","EMP_DWAP_SEX_AGE_RT","SEX_M","AGE_10YRBANDS_Y55-64","2024",55.664,,,,"R1:3513"
"TUR","BA:622","EMP_DWAP_SEX_AGE_RT","SEX_M","AGE_10YRBANDS_YGE65","2024",20.644,,,,"R1:3513"
"TUR","BA:622","EMP_DWAP_SEX_AGE_RT","SEX_F","AGE_10YRBANDS_YGE15","2024",32.464,,,,"R1:3513"
"TUR","BA:622","EMP_DWAP_SEX_AGE_RT","SEX_F","AGE_10YRBANDS_Y15-24","2024",26.375,,,,"R1:3513"
"TUR","BA:622","EMP_DWAP_SEX_AGE_RT","SEX_F","AGE_10YRBANDS_Y25-34","2024",44.402,,,,"R1:3513"
"TUR","BA:622","EMP_DWAP_SEX_AGE_RT","SEX_F","AGE_10YRBANDS_Y35-44","2024",46.648,,,,"R1:3513"
"TUR","BA:622","EMP_DWAP_SEX_AGE_RT","SEX_F","AGE_10YRBANDS_Y45-54","2024",39.857,,,,"R1:3513"
"TUR","BA:622","EMP_DWAP_SEX_AGE_RT","SEX_F","AGE_10YRBANDS_Y55-64","2024",22.303,,,,"R1:3513"
"TUR","BA:622","EMP_DWAP_SEX_AGE_RT","SEX_F","AGE_10YRBANDS_YGE65","2024",6.411,,,,"R1:3513"
"TUR","BA:622","EMP_DWAP_SEX_AGE_RT","SEX_T","AGE_5YRBANDS_YGE15","2024",49.481,,,,"R1:3513"
"TUR","BA:622","EMP_DWAP_SEX_AGE_RT","SEX_T","AGE_5YRBANDS_Y15-19","2024",28.125,,,,"R1:3513"
"TUR","BA:622","EMP_DWAP_SEX_AGE_RT","SEX_T","AGE_5YRBANDS_Y20-24","2024",52.176,,,,"R1:3513"
"TUR","BA:622","EMP_DWAP_SEX_AGE_RT","SEX_T","AGE_5YRBANDS_Y25-29","2024",63.328,,,,"R1:3513"
"TUR","BA:622","EMP_DWAP_SEX_AGE_RT","SEX_T","AGE_5YRBANDS_Y30-34","2024",65.703,,,,"R1:3513"
"TUR","BA:622","EMP_DWAP_SEX_AGE_RT","SEX_T","AGE_5YRBANDS_Y35-39","2024",67.748,,,,"R1:3513"
"TUR","BA:622","EMP_DWAP_SEX_AGE_RT","SEX_T","AGE_5YRBANDS_Y40-44","2024",67.412,,,,"R1:3513"
"TUR","BA:622","EMP_DWAP_SEX_AGE_RT","SEX_T","AGE_5YRBANDS_Y45-49","2024",64,,,,"R1:3513"
"TUR","BA:622","EMP_DWAP_SEX_AGE_RT","SEX_T","AGE_5YRBANDS_Y50-54","2024",55.051,,,,"R1:3513"
"TUR","BA:622","EMP_DWAP_SEX_AGE_RT","SEX_T","AGE_5YRBANDS_Y55-59","2024",44.309,,,,"R1:3513"
"TUR","BA:622","EMP_DWAP_SEX_AGE_RT","SEX_T","AGE_5YRBANDS_Y60-64","2024",32.68,,,,"R1:3513"
"TUR","BA:622","EMP_DWAP_SEX_AGE_RT","SEX_T","AGE_5YRBANDS_YGE65","2024",12.746,,,,"R1:3513"
"TUR","BA:622","EMP_DWAP_SEX_AGE_RT","SEX_M","AGE_5YRBANDS_YGE15","2024",66.851,,,,"R1:3513"
"TUR","BA:622","EMP_DWAP_SEX_AGE_RT","SEX_M","AGE_5YRBANDS_Y15-19","2024",39.197,,,,"R1:3513"
"TUR","BA:622","EMP_DWAP_SEX_AGE_RT","SEX_M","AGE_5YRBANDS_Y20-24","2024",65.866,,,,"R1:3513"
"TUR","BA:622","EMP_DWAP_SEX_AGE_RT","SEX_M","AGE_5YRBANDS_Y25-29","2024",81.785,,,,"R1:3513"
"TUR","BA:622","EMP_DWAP_SEX_AGE_RT","SEX_M","AGE_5YRBANDS_Y30-34","2024",87.308,,,,"R1:3513"
"TUR","BA:622","EMP_DWAP_SEX_AGE_RT","SEX_M","AGE_5YRBANDS_Y35-39","2024",89.09,,,,"R1:3513"
"TUR","BA:622","EMP_DWAP_SEX_AGE_RT","SEX_M","AGE_5YRBANDS_Y40-44","2024",87.956,,,,"R1:3513"
"TUR","BA:622","EMP_DWAP_SEX_AGE_RT","SEX_M","AGE_5YRBANDS_Y45-49","2024",83.909,,,,"R1:3513"
"TUR","BA:622","EMP_DWAP_SEX_AGE_RT","SEX_M","AGE_5YRBANDS_Y50-54","2024",74.953,,,,"R1:3513"
"TUR","BA:622","EMP_DWAP_SEX_AGE_RT","SEX_M","AGE_5YRBANDS_Y55-59","2024",62.408,,,,"R1:3513"
"TUR","BA:622","EMP_DWAP_SEX_AGE_RT","SEX_M","AGE_5YRBANDS_Y60-64","2024",47.989,,,,"R1:3513"
"TUR","BA:622","EMP_DWAP_SEX_AGE_RT","SEX_M","AGE_5YRBANDS_YGE65","2024",20.644,,,,"R1:3513"
"TUR","BA:622","EMP_DWAP_SEX_AGE_RT","SEX_F","AGE_5YRBANDS_YGE15","2024",32.464,,,,"R1:3513"
"TUR","BA:622","EMP_DWAP_SEX_AGE_RT","SEX_F","AGE_5YRBANDS_Y15-19","2024",16.242,,,,"R1:3513"
"TUR","BA:622","EMP_DWAP_SEX_AGE_RT","SEX_F","AGE_5YRBANDS_Y20-24","2024",37.66,,,,"R1:3513"
"TUR","BA:622","EMP_DWAP_SEX_AGE_RT","SEX_F","AGE_5YRBANDS_Y25-29","2024",44.751,,,,"R1:3513"
"TUR","BA:622","EMP_DWAP_SEX_AGE_RT","SEX_F","AGE_5YRBANDS_Y30-34","2024",44.042,,,,"R1:3513"
"TUR","BA:622","EMP_DWAP_SEX_AGE_RT","SEX_F","AGE_5YRBANDS_Y35-39","2024",46.392,,,,"R1:3513"
"TUR","BA:622","EMP_DWAP_SEX_AGE_RT","SEX_F","AGE_5YRBANDS_Y40-44","2024",46.895,,,,"R1:3513"
"TUR","BA:622","EMP_DWAP_SEX_AGE_RT","SEX_F","AGE_5YRBANDS_Y45-49","2024",44.015,,,,"R1:3513"
"TUR","BA:622","EMP_DWAP_SEX_AGE_RT","SEX_F","AGE_5YRBANDS_Y50-54","2024",35.349,,,,"R1:3513"
"TUR","BA:622","EMP_DWAP_SEX_AGE_RT","SEX_F","AGE_5YRBANDS_Y55-59","2024",26.22,,,,"R1:3513"
"TUR","BA:622","EMP_DWAP_SEX_AGE_RT","SEX_F","AGE_5YRBANDS_Y60-64","2024",18.038,,,,"R1:3513"
"TUR","BA:622","EMP_DWAP_SEX_AGE_RT","SEX_F","AGE_5YRBANDS_YGE65","2024",6.411,,,,"R1:3513"
"TUR","BA:622","EMP_DWAP_SEX_AGE_RT","SEX_T","AGE_YTHADULT_YGE15","2023",48.349,,,,"R1:3513"
"TUR","BA:622","EMP_DWAP_SEX_AGE_RT","SEX_T","AGE_YTHADULT_Y15-64","2023",53.842,,,,"R1:3513"
"TUR","BA:622","EMP_DWAP_SEX_AGE_RT","SEX_T","AGE_YTHADULT_Y15-24","2023",37.652,,,,"R1:3513"
"TUR","BA:622","EMP_DWAP_SEX_AGE_RT","SEX_T","AGE_YTHADULT_YGE25","2023",50.711,,,,"R1:3513"
"TUR","BA:622","EMP_DWAP_SEX_AGE_RT","SEX_M","AGE_YTHADULT_YGE15","2023",65.733,,,,"R1:3513"
"TUR","BA:622","EMP_DWAP_SEX_AGE_RT","SEX_M","AGE_YTHADULT_Y15-64","2023",71.91,,,,"R1:3513"
"TUR","BA:622","EMP_DWAP_SEX_AGE_RT","SEX_M","AGE_YTHADULT_Y15-24","2023",49.244,,,,"R1:3513"
"TUR","BA:622","EMP_DWAP_SEX_AGE_RT","SEX_M","AGE_YTHADULT_YGE25","2023",69.548,,,,"R1:3513"
"TUR","BA:622","EMP_DWAP_SEX_AGE_RT","SEX_F","AGE_YTHADULT_YGE15","2023",31.312,,,,"R1:3513"
"TUR","BA:622","EMP_DWAP_SEX_AGE_RT","SEX_F","AGE_YTHADULT_Y15-64","2023",35.582,,,,"R1:3513"
"TUR","BA:622","EMP_DWAP_SEX_AGE_RT","SEX_F","AGE_YTHADULT_Y15-24","2023",25.379,,,,"R1:3513"
"TUR","BA:622","EMP_DWAP_SEX_AGE_RT","SEX_F","AGE_YTHADULT_YGE25","2023",32.562,,,,"R1:3513"
"TUR","BA:622","EMP_DWAP_SEX_AGE_RT","SEX_T","AGE_AGGREGATE_YGE15","2023",48.349,,,,"R1:3513"
"TUR","BA:622","EMP_DWAP_SEX_AGE_RT","SEX_T","AGE_AGGREGATE_Y15-24","2023",37.652,,,,"R1:3513"
"TUR","BA:622","EMP_DWAP_SEX_AGE_RT","SEX_T","AGE_AGGREGATE_Y25-54","2023",63.155,,,,"R1:3513"
"TUR","BA:622","EMP_DWAP_SEX_AGE_RT","SEX_T","AGE_AGGREGATE_Y55-64","2023",36.577,,,,"R1:3513"
"TUR","BA:622","EMP_DWAP_SEX_AGE_RT","SEX_T","AGE_AGGREGATE_YGE65","2023",11.914,,,,"R1:3513"
"TUR","BA:622","EMP_DWAP_SEX_AGE_RT","SEX_M","AGE_AGGREGATE_YGE15","2023",65.733,,,,"R1:3513"
"TUR","BA:622","EMP_DWAP_SEX_AGE_RT","SEX_M","AGE_AGGREGATE_Y15-24","2023",49.244,,,,"R1:3513"
"TUR","BA:622","EMP_DWAP_SEX_AGE_RT","SEX_M","AGE_AGGREGATE_Y25-54","2023",83.834,,,,"R1:3513"
"TUR","BA:622","EMP_DWAP_SEX_AGE_RT","SEX_M","AGE_AGGREGATE_Y55-64","2023",53.056,,,,"R1:3513"
"TUR","BA:622","EMP_DWAP_SEX_AGE_RT","SEX_M","AGE_AGGREGATE_YGE65","2023",19.346,,,,"R1:3513"
"TUR","BA:622","EMP_DWAP_SEX_AGE_RT","SEX_F","AGE_AGGREGATE_YGE15","2023",31.312,,,,"R1:3513"
"TUR","BA:622","EMP_DWAP_SEX_AGE_RT","SEX_F","AGE_AGGREGATE_Y15-24","2023",25.379,,,,"R1:3513"
"TUR","BA:622","EMP_DWAP_SEX_AGE_RT","SEX_F","AGE_AGGREGATE_Y25-54","2023",42.402,,,,"R1:3513"
"TUR","BA:622","EMP_DWAP_SEX_AGE_RT","SEX_F","AGE_AGGREGATE_Y55-64","2023",20.484,,,,"R1:3513"
"TUR","BA:622","EMP_DWAP_SEX_AGE_RT","SEX_F","AGE_AGGREGATE_YGE65","2023",5.98,,,,"R1:3513"
"TUR","BA:622","EMP_DWAP_SEX_AGE_RT","SEX_T","AGE_10YRBANDS_YGE15","2023",48.349,,,,"R1:3513"
"TUR","BA:622","EMP_DWAP_SEX_AGE_RT","SEX_T","AGE_10YRBANDS_Y15-24","2023",37.652,,,,"R1:3513"
"TUR","BA:622","EMP_DWAP_SEX_AGE_RT","SEX_T","AGE_10YRBANDS_Y25-34","2023",63.831,,,,"R1:3513"
"TUR","BA:622","EMP_DWAP_SEX_AGE_RT","SEX_T","AGE_10YRBANDS_Y35-44","2023",66.732,,,,"R1:3513"
"TUR","BA:622","EMP_DWAP_SEX_AGE_RT","SEX_T","AGE_10YRBANDS_Y45-54","2023",58.159,,,,"R1:3513"
"TUR","BA:622","EMP_DWAP_SEX_AGE_RT","SEX_T","AGE_10YRBANDS_Y55-64","2023",36.577,,,,"R1:3513"
"TUR","BA:622","EMP_DWAP_SEX_AGE_RT","SEX_T","AGE_10YRBANDS_YGE65","2023",11.914,,,,"R1:3513"
"TUR","BA:622","EMP_DWAP_SEX_AGE_RT","SEX_M","AGE_10YRBANDS_YGE15","2023",65.733,,,,"R1:3513"
"TUR","BA:622","EMP_DWAP_SEX_AGE_RT","SEX_M","AGE_10YRBANDS_Y15-24","2023",49.244,,,,"R1:3513"
"TUR","BA:622","EMP_DWAP_SEX_AGE_RT","SEX_M","AGE_10YRBANDS_Y25-34","2023",83.918,,,,"R1:3513"
"TUR","BA:622","EMP_DWAP_SEX_AGE_RT","SEX_M","AGE_10YRBANDS_Y35-44","2023",88.19,,,,"R1:3513"
"TUR","BA:622","EMP_DWAP_SEX_AGE_RT","SEX_M","AGE_10YRBANDS_Y45-54","2023",78.599,,,,"R1:3513"
"TUR","BA:622","EMP_DWAP_SEX_AGE_RT","SEX_M","AGE_10YRBANDS_Y55-64","2023",53.056,,,,"R1:3513"
"TUR","BA:622","EMP_DWAP_SEX_AGE_RT","SEX_M","AGE_10YRBANDS_YGE65","2023",19.346,,,,"R1:3513"
"TUR","BA:622","EMP_DWAP_SEX_AGE_RT","SEX_F","AGE_10YRBANDS_YGE15","2023",31.312,,,,"R1:3513"
"TUR","BA:622","EMP_DWAP_SEX_AGE_RT","SEX_F","AGE_10YRBANDS_Y15-24","2023",25.379,,,,"R1:3513"
"TUR","BA:622","EMP_DWAP_SEX_AGE_RT","SEX_F","AGE_10YRBANDS_Y25-34","2023",43.574,,,,"R1:3513"
"TUR","BA:622","EMP_DWAP_SEX_AGE_RT","SEX_F","AGE_10YRBANDS_Y35-44","2023",45.236,,,,"R1:3513"
"TUR","BA:622","EMP_DWAP_SEX_AGE_RT","SEX_F","AGE_10YRBANDS_Y45-54","2023",37.717,,,,"R1:3513"
"TUR","BA:622","EMP_DWAP_SEX_AGE_RT","SEX_F","AGE_10YRBANDS_Y55-64","2023",20.484,,,,"R1:3513"
"TUR","BA:622","EMP_DWAP_SEX_AGE_RT","SEX_F","AGE_10YRBANDS_YGE65","2023",5.98,,,,"R1:3513"
"TUR","BA:622","EMP_DWAP_SEX_AGE_RT","SEX_T","AGE_5YRBANDS_YGE15","2023",48.349,,,,"R1:3513"
"TUR","BA:622","EMP_DWAP_SEX_AGE_RT","SEX_T","AGE_5YRBANDS_Y15-19","2023",25.309,,,,"R1:3513"
"TUR","BA:622","EMP_DWAP_SEX_AGE_RT","SEX_T","AGE_5YRBANDS_Y20-24","2023",50.762,,,,"R1:3513"
"TUR","BA:622","EMP_DWAP_SEX_AGE_RT","SEX_T","AGE_5YRBANDS_Y25-29","2023",62.654,,,,"R1:3513"
"TUR","BA:622","EMP_DWAP_SEX_AGE_RT","SEX_T","AGE_5YRBANDS_Y30-34","2023",65.04,,,,"R1:3513"
"TUR","BA:622","EMP_DWAP_SEX_AGE_RT","SEX_T","AGE_5YRBANDS_Y35-39","2023",66.655,,,,"R1:3513"
"TUR","BA:622","EMP_DWAP_SEX_AGE_RT","SEX_T","AGE_5YRBANDS_Y40-44","2023",66.806,,,,"R1:3513"
"TUR","BA:622","EMP_DWAP_SEX_AGE_RT","SEX_T","AGE_5YRBANDS_Y45-49","2023",62.164,,,,"R1:3513"
"TUR","BA:622","EMP_DWAP_SEX_AGE_RT","SEX_T","AGE_5YRBANDS_Y50-54","2023",53.668,,,,"R1:3513"
"TUR","BA:622","EMP_DWAP_SEX_AGE_RT","SEX_T","AGE_5YRBANDS_Y55-59","2023",42.019,,,,"R1:3513"
"TUR","BA:622","EMP_DWAP_SEX_AGE_RT","SEX_T","AGE_5YRBANDS_Y60-64","2023",30.198,,,,"R1:3513"
"TUR","BA:622","EMP_DWAP_SEX_AGE_RT","SEX_T","AGE_5YRBANDS_YGE65","2023",11.914,,,,"R1:3513"
"TUR","BA:622","EMP_DWAP_SEX_AGE_RT","SEX_M","AGE_5YRBANDS_YGE15","2023",65.733,,,,"R1:3513"
"TUR","BA:622","EMP_DWAP_SEX_AGE_RT","SEX_M","AGE_5YRBANDS_Y15-19","2023",35.564,,,,"R1:3513"
"TUR","BA:622","EMP_DWAP_SEX_AGE_RT","SEX_M","AGE_5YRBANDS_Y20-24","2023",64.038,,,,"R1:3513"
"TUR","BA:622","EMP_DWAP_SEX_AGE_RT","SEX_M","AGE_5YRBANDS_Y25-29","2023",80.841,,,,"R1:3513"
"TUR","BA:622","EMP_DWAP_SEX_AGE_RT","SEX_M","AGE_5YRBANDS_Y30-34","2023",87.084,,,,"R1:3513"
"TUR","BA:622","EMP_DWAP_SEX_AGE_RT","SEX_M","AGE_5YRBANDS_Y35-39","2023",88.648,,,,"R1:3513"
"TUR","BA:622","EMP_DWAP_SEX_AGE_RT","SEX_M","AGE_5YRBANDS_Y40-44","2023",87.748,,,,"R1:3513"
"TUR","BA:622","EMP_DWAP_SEX_AGE_RT","SEX_M","AGE_5YRBANDS_Y45-49","2023",82.888,,,,"R1:3513"
"TUR","BA:622","EMP_DWAP_SEX_AGE_RT","SEX_M","AGE_5YRBANDS_Y50-54","2023",73.785,,,,"R1:3513"
"TUR","BA:622","EMP_DWAP_SEX_AGE_RT","SEX_M","AGE_5YRBANDS_Y55-59","2023",60.506,,,,"R1:3513"
"TUR","BA:622","EMP_DWAP_SEX_AGE_RT","SEX_M","AGE_5YRBANDS_Y60-64","2023",44.18,,,,"R1:3513"
"TUR","BA:622","EMP_DWAP_SEX_AGE_RT","SEX_M","AGE_5YRBANDS_YGE65","2023",19.346,,,,"R1:3513"
"TUR","BA:622","EMP_DWAP_SEX_AGE_RT","SEX_F","AGE_5YRBANDS_YGE15","2023",31.312,,,,"R1:3513"
"TUR","BA:622","EMP_DWAP_SEX_AGE_RT","SEX_F","AGE_5YRBANDS_Y15-19","2023",14.254,,,,"R1:3513"
"TUR","BA:622","EMP_DWAP_SEX_AGE_RT","SEX_F","AGE_5YRBANDS_Y20-24","2023",36.972,,,,"R1:3513"
"TUR","BA:622","EMP_DWAP_SEX_AGE_RT","SEX_F","AGE_5YRBANDS_Y25-29","2023",44.289,,,,"R1:3513"
"TUR","BA:622","EMP_DWAP_SEX_AGE_RT","SEX_F","AGE_5YRBANDS_Y30-34","2023",42.841,,,,"R1:3513"
"TUR","BA:622","EMP_DWAP_SEX_AGE_RT","SEX_F","AGE_5YRBANDS_Y35-39","2023",44.568,,,,"R1:3513"
"TUR","BA:622","EMP_DWAP_SEX_AGE_RT","SEX_F","AGE_5YRBANDS_Y40-44","2023",45.877,,,,"R1:3513"
"TUR","BA:622","EMP_DWAP_SEX_AGE_RT","SEX_F","AGE_5YRBANDS_Y45-49","2023",41.422,,,,"R1:3513"
"TUR","BA:622","EMP_DWAP_SEX_AGE_RT","SEX_F","AGE_5YRBANDS_Y50-54","2023",33.566,,,,"R1:3513"
"TUR","BA:622","EMP_DWAP_SEX_AGE_RT","SEX_F","AGE_5YRBANDS_Y55-59","2023",23.696,,,,"R1:3513"
"TUR","BA:622","EMP_DWAP_SEX_AGE_RT","SEX_F","AGE_5YRBANDS_Y60-64","2023",16.779,,,,"R1:3513"
"TUR","BA:622","EMP_DWAP_SEX_AGE_RT","SEX_F","AGE_5YRBANDS_YGE65","2023",5.98,,,,"R1:3513"
"TUR","BA:622","EMP_DWAP_SEX_AGE_RT","SEX_T","AGE_YTHADULT_YGE15","2022",47.546,,,,"R1:3513"
"TUR","BA:622","EMP_DWAP_SEX_AGE_RT","SEX_T","AGE_YTHADULT_Y15-64","2022",52.867,,,,"R1:3513"
"TUR","BA:622","EMP_DWAP_SEX_AGE_RT","SEX_T","AGE_YTHADULT_Y15-24","2022",35.318,,,,"R1:3513"
"TUR","BA:622","EMP_DWAP_SEX_AGE_RT","SEX_T","AGE_YTHADULT_YGE25","2022",50.333,,,,"R1:3513"
"TUR","BA:622","EMP_DWAP_SEX_AGE_RT","SEX_M","AGE_YTHADULT_YGE15","2022",65.044,,,,"R1:3513"
"TUR","BA:622","EMP_DWAP_SEX_AGE_RT","SEX_M","AGE_YTHADULT_Y15-64","2022",71.059,,,,"R1:3513"
"TUR","BA:622","EMP_DWAP_SEX_AGE_RT","SEX_M","AGE_YTHADULT_Y15-24","2022",46.941,,,,"R1:3513"
"TUR","BA:622","EMP_DWAP_SEX_AGE_RT","SEX_M","AGE_YTHADULT_YGE25","2022",69.339,,,,"R1:3513"
"TUR","BA:622","EMP_DWAP_SEX_AGE_RT","SEX_F","AGE_YTHADULT_YGE15","2022",30.406,,,,"R1:3513"
"TUR","BA:622","EMP_DWAP_SEX_AGE_RT","SEX_F","AGE_YTHADULT_Y15-64","2022",34.497,,,,"R1:3513"
"TUR","BA:622","EMP_DWAP_SEX_AGE_RT","SEX_F","AGE_YTHADULT_Y15-24","2022",23.162,,,,"R1:3513"
"TUR","BA:622","EMP_DWAP_SEX_AGE_RT","SEX_F","AGE_YTHADULT_YGE25","2022",31.992,,,,"R1:3513"
"TUR","BA:622","EMP_DWAP_SEX_AGE_RT","SEX_T","AGE_AGGREGATE_YGE15","2022",47.546,,,,"R1:3513"
"TUR","BA:622","EMP_DWAP_SEX_AGE_RT","SEX_T","AGE_AGGREGATE_Y15-24","2022",35.318,,,,"R1:3513"
"TUR","BA:622","EMP_DWAP_SEX_AGE_RT","SEX_T","AGE_AGGREGATE_Y25-54","2022",62.852,,,,"R1:3513"
"TUR","BA:622","EMP_DWAP_SEX_AGE_RT","SEX_T","AGE_AGGREGATE_Y55-64","2022",35.18,,,,"R1:3513"
"TUR","BA:622","EMP_DWAP_SEX_AGE_RT","SEX_T","AGE_AGGREGATE_YGE65","2022",11.682,,,,"R1:3513"
"TUR","BA:622","EMP_DWAP_SEX_AGE_RT","SEX_M","AGE_AGGREGATE_YGE15","2022",65.044,,,,"R1:3513"
"TUR","BA:622","EMP_DWAP_SEX_AGE_RT","SEX_M","AGE_AGGREGATE_Y15-24","2022",46.941,,,,"R1:3513"
"TUR","BA:622","EMP_DWAP_SEX_AGE_RT","SEX_M","AGE_AGGREGATE_Y25-54","2022",83.8,,,,"R1:3513"
"TUR","BA:622","EMP_DWAP_SEX_AGE_RT","SEX_M","AGE_AGGREGATE_Y55-64","2022",51.319,,,,"R1:3513"
"TUR","BA:622","EMP_DWAP_SEX_AGE_RT","SEX_M","AGE_AGGREGATE_YGE65","2022",19.123,,,,"R1:3513"
"TUR","BA:622","EMP_DWAP_SEX_AGE_RT","SEX_F","AGE_AGGREGATE_YGE15","2022",30.406,,,,"R1:3513"
"TUR","BA:622","EMP_DWAP_SEX_AGE_RT","SEX_F","AGE_AGGREGATE_Y15-24","2022",23.162,,,,"R1:3513"
"TUR","BA:622","EMP_DWAP_SEX_AGE_RT","SEX_F","AGE_AGGREGATE_Y25-54","2022",41.775,,,,"R1:3513"
"TUR","BA:622","EMP_DWAP_SEX_AGE_RT","SEX_F","AGE_AGGREGATE_Y55-64","2022",19.436,,,,"R1:3513"
"TUR","BA:622","EMP_DWAP_SEX_AGE_RT","SEX_F","AGE_AGGREGATE_YGE65","2022",5.751,,,,"R1:3513"
"TUR","BA:622","EMP_DWAP_SEX_AGE_RT","SEX_T","AGE_10YRBANDS_YGE15","2022",47.546,,,,"R1:3513"
"TUR","BA:622","EMP_DWAP_SEX_AGE_RT","SEX_T","AGE_10YRBANDS_Y15-24","2022",35.318,,,,"R1:3513"
"TUR","BA:622","EMP_DWAP_SEX_AGE_RT","SEX_T","AGE_10YRBANDS_Y25-34","2022",62.848,,,,"R1:3513"
"TUR","BA:622","EMP_DWAP_SEX_AGE_RT","SEX_T","AGE_10YRBANDS_Y35-44","2022",66.116,,,,"R1:3513"
"TUR","BA:622","EMP_DWAP_SEX_AGE_RT","SEX_T","AGE_10YRBANDS_Y45-54","2022",58.885,,,,"R1:3513"
"TUR","BA:622","EMP_DWAP_SEX_AGE_RT","SEX_T","AGE_10YRBANDS_Y55-64","2022",35.18,,,,"R1:3513"
"TUR","BA:622","EMP_DWAP_SEX_AGE_RT","SEX_T","AGE_10YRBANDS_YGE65","2022",11.682,,,,"R1:3513"
"TUR","BA:622","EMP_DWAP_SEX_AGE_RT","SEX_M","AGE_10YRBANDS_YGE15","2022",65.044,,,,"R1:3513"
"TUR","BA:622","EMP_DWAP_SEX_AGE_RT","SEX_M","AGE_10YRBANDS_Y15-24","2022",46.941,,,,"R1:3513"
"TUR","BA:622","EMP_DWAP_SEX_AGE_RT","SEX_M","AGE_10YRBANDS_Y25-34","2022",82.741,,,,"R1:3513"
"TUR","BA:622","EMP_DWAP_SEX_AGE_RT","SEX_M","AGE_10YRBANDS_Y35-44","2022",88.007,,,,"R1:3513"
"TUR","BA:622","EMP_DWAP_SEX_AGE_RT","SEX_M","AGE_10YRBANDS_Y45-54","2022",79.939,,,,"R1:3513"
"TUR","BA:622","EMP_DWAP_SEX_AGE_RT","SEX_M","AGE_10YRBANDS_Y55-64","2022",51.319,,,,"R1:3513"
"TUR","BA:622","EMP_DWAP_SEX_AGE_RT","SEX_M","AGE_10YRBANDS_YGE65","2022",19.123,,,,"R1:3513"
"TUR","BA:622","EMP_DWAP_SEX_AGE_RT","SEX_F","AGE_10YRBANDS_YGE15","2022",30.406,,,,"R1:3513"
"TUR","BA:622","EMP_DWAP_SEX_AGE_RT","SEX_F","AGE_10YRBANDS_Y15-24","2022",23.162,,,,"R1:3513"
"TUR","BA:622","EMP_DWAP_SEX_AGE_RT","SEX_F","AGE_10YRBANDS_Y25-34","2022",42.788,,,,"R1:3513"
"TUR","BA:622","EMP_DWAP_SEX_AGE_RT","SEX_F","AGE_10YRBANDS_Y35-44","2022",44.109,,,,"R1:3513"
"TUR","BA:622","EMP_DWAP_SEX_AGE_RT","SEX_F","AGE_10YRBANDS_Y45-54","2022",37.736,,,,"R1:3513"
"TUR","BA:622","EMP_DWAP_SEX_AGE_RT","SEX_F","AGE_10YRBANDS_Y55-64","2022",19.436,,,,"R1:3513"
"TUR","BA:622","EMP_DWAP_SEX_AGE_RT","SEX_F","AGE_10YRBANDS_YGE65","2022",5.751,,,,"R1:3513"
"TUR","BA:622","EMP_DWAP_SEX_AGE_RT","SEX_T","AGE_5YRBANDS_YGE15","2022",47.546,,,,"R1:3513"
"TUR","BA:622","EMP_DWAP_SEX_AGE_RT","SEX_T","AGE_5YRBANDS_Y15-19","2022",22.664,,,,"R1:3513"
"TUR","BA:622","EMP_DWAP_SEX_AGE_RT","SEX_T","AGE_5YRBANDS_Y20-24","2022",48.42,,,,"R1:3513"
"TUR","BA:622","EMP_DWAP_SEX_AGE_RT","SEX_T","AGE_5YRBANDS_Y25-29","2022",60.938,,,,"R1:3513"
"TUR","BA:622","EMP_DWAP_SEX_AGE_RT","SEX_T","AGE_5YRBANDS_Y30-34","2022",64.782,,,,"R1:3513"
"TUR","BA:622","EMP_DWAP_SEX_AGE_RT","SEX_T","AGE_5YRBANDS_Y35-39","2022",66.043,,,,"R1:3513"
"TUR","BA:622","EMP_DWAP_SEX_AGE_RT","SEX_T","AGE_5YRBANDS_Y40-44","2022",66.186,,,,"R1:3513"
"TUR","BA:622","EMP_DWAP_SEX_AGE_RT","SEX_T","AGE_5YRBANDS_Y45-49","2022",63.423,,,,"R1:3513"
"TUR","BA:622","EMP_DWAP_SEX_AGE_RT","SEX_T","AGE_5YRBANDS_Y50-54","2022",53.604,,,,"R1:3513"
"TUR","BA:622","EMP_DWAP_SEX_AGE_RT","SEX_T","AGE_5YRBANDS_Y55-59","2022",40.261,,,,"R1:3513"
"TUR","BA:622","EMP_DWAP_SEX_AGE_RT","SEX_T","AGE_5YRBANDS_Y60-64","2022",28.836,,,,"R1:3513"
"TUR","BA:622","EMP_DWAP_SEX_AGE_RT","SEX_T","AGE_5YRBANDS_YGE65","2022",11.682,,,,"R1:3513"
"TUR","BA:622","EMP_DWAP_SEX_AGE_RT","SEX_M","AGE_5YRBANDS_YGE15","2022",65.044,,,,"R1:3513"
"TUR","BA:622","EMP_DWAP_SEX_AGE_RT","SEX_M","AGE_5YRBANDS_Y15-19","2022",32.234,,,,"R1:3513"
"TUR","BA:622","EMP_DWAP_SEX_AGE_RT","SEX_M","AGE_5YRBANDS_Y20-24","2022",62.518,,,,"R1:3513"
"TUR","BA:622","EMP_DWAP_SEX_AGE_RT","SEX_M","AGE_5YRBANDS_Y25-29","2022",78.954,,,,"R1:3513"
"TUR","BA:622","EMP_DWAP_SEX_AGE_RT","SEX_M","AGE_5YRBANDS_Y30-34","2022",86.571,,,,"R1:3513"
"TUR","BA:622","EMP_DWAP_SEX_AGE_RT","SEX_M","AGE_5YRBANDS_Y35-39","2022",88.338,,,,"R1:3513"
"TUR","BA:622","EMP_DWAP_SEX_AGE_RT","SEX_M","AGE_5YRBANDS_Y40-44","2022",87.686,,,,"R1:3513"
"TUR","BA:622","EMP_DWAP_SEX_AGE_RT","SEX_M","AGE_5YRBANDS_Y45-49","2022",85.098,,,,"R1:3513"
"TUR","BA:622","EMP_DWAP_SEX_AGE_RT","SEX_M","AGE_5YRBANDS_Y50-54","2022",73.976,,,,"R1:3513"
"TUR","BA:622","EMP_DWAP_SEX_AGE_RT","SEX_M","AGE_5YRBANDS_Y55-59","2022",57.884,,,,"R1:3513"
"TUR","BA:622","EMP_DWAP_SEX_AGE_RT","SEX_M","AGE_5YRBANDS_Y60-64","2022",43.031,,,,"R1:3513"
"TUR","BA:622","EMP_DWAP_SEX_AGE_RT","SEX_M","AGE_5YRBANDS_YGE65","2022",19.123,,,,"R1:3513"
"TUR","BA:622","EMP_DWAP_SEX_AGE_RT","SEX_F","AGE_5YRBANDS_YGE15","2022",30.406,,,,"R1:3513"
"TUR","BA:622","EMP_DWAP_SEX_AGE_RT","SEX_F","AGE_5YRBANDS_Y15-19","2022",12.423,,,,"R1:3513"
"TUR","BA:622","EMP_DWAP_SEX_AGE_RT","SEX_F","AGE_5YRBANDS_Y20-24","2022",34.019,,,,"R1:3513"
"TUR","BA:622","EMP_DWAP_SEX_AGE_RT","SEX_F","AGE_5YRBANDS_Y25-29","2022",42.779,,,,"R1:3513"
"TUR","BA:622","EMP_DWAP_SEX_AGE_RT","SEX_F","AGE_5YRBANDS_Y30-34","2022",42.797,,,,"R1:3513"
"TUR","BA:622","EMP_DWAP_SEX_AGE_RT","SEX_F","AGE_5YRBANDS_Y35-39","2022",43.559,,,,"R1:3513"
"TUR","BA:622","EMP_DWAP_SEX_AGE_RT","SEX_F","AGE_5YRBANDS_Y40-44","2022",44.64,,,,"R1:3513"
"TUR","BA:622","EMP_DWAP_SEX_AGE_RT","SEX_F","AGE_5YRBANDS_Y45-49","2022",41.783,,,,"R1:3513"
"TUR","BA:622","EMP_DWAP_SEX_AGE_RT","SEX_F","AGE_5YRBANDS_Y50-54","2022",32.995,,,,"R1:3513"
"TUR","BA:622","EMP_DWAP_SEX_AGE_RT","SEX_F","AGE_5YRBANDS_Y55-59","2022",22.9,,,,"R1:3513"
"TUR","BA:622","EMP_DWAP_SEX_AGE_RT","SEX_F","AGE_5YRBANDS_Y60-64","2022",15.158,,,,"R1:3513"
"TUR","BA:622","EMP_DWAP_SEX_AGE_RT","SEX_F","AGE_5YRBANDS_YGE65","2022",5.751,,,,"R1:3513"
"TUR","BA:622","EMP_DWAP_SEX_AGE_RT","SEX_T","AGE_YTHADULT_YGE15","2021",45.204,,,,"R1:3513"
"TUR","BA:622","EMP_DWAP_SEX_AGE_RT","SEX_T","AGE_YTHADULT_Y15-64","2021",50.22,,,,"R1:3513"
"TUR","BA:622","EMP_DWAP_SEX_AGE_RT","SEX_T","AGE_YTHADULT_Y15-24","2021",32.244,,,,"R1:3513"
"TUR","BA:622","EMP_DWAP_SEX_AGE_RT","SEX_T","AGE_YTHADULT_YGE25","2021",48.198,,,,"R1:3513"
"TUR","BA:622","EMP_DWAP_SEX_AGE_RT","SEX_M","AGE_YTHADULT_YGE15","2021",62.765,,,,"R1:3513"
"TUR","BA:622","EMP_DWAP_SEX_AGE_RT","SEX_M","AGE_YTHADULT_Y15-64","2021",68.56,,,,"R1:3513"
"TUR","BA:622","EMP_DWAP_SEX_AGE_RT","SEX_M","AGE_YTHADULT_Y15-24","2021",42.835,,,,"R1:3513"
"TUR","BA:622","EMP_DWAP_SEX_AGE_RT","SEX_M","AGE_YTHADULT_YGE25","2021",67.555,,,,"R1:3513"
"TUR","BA:622","EMP_DWAP_SEX_AGE_RT","SEX_F","AGE_YTHADULT_YGE15","2021",27.991,,,,"R1:3513"
"TUR","BA:622","EMP_DWAP_SEX_AGE_RT","SEX_F","AGE_YTHADULT_Y15-64","2021",31.693,,,,"R1:3513"
"TUR","BA:622","EMP_DWAP_SEX_AGE_RT","SEX_F","AGE_YTHADULT_Y15-24","2021",21.175,,,,"R1:3513"
"TUR","BA:622","EMP_DWAP_SEX_AGE_RT","SEX_F","AGE_YTHADULT_YGE25","2021",29.505,,,,"R1:3513"
"TUR","BA:622","EMP_DWAP_SEX_AGE_RT","SEX_T","AGE_AGGREGATE_YGE15","2021",45.204,,,,"R1:3513"
"TUR","BA:622","EMP_DWAP_SEX_AGE_RT","SEX_T","AGE_AGGREGATE_Y15-24","2021",32.244,,,,"R1:3513"
"TUR","BA:622","EMP_DWAP_SEX_AGE_RT","SEX_T","AGE_AGGREGATE_Y25-54","2021",60.191,,,,"R1:3513"
"TUR","BA:622","EMP_DWAP_SEX_AGE_RT","SEX_T","AGE_AGGREGATE_Y55-64","2021",33.433,,,,"R1:3513"
"TUR","BA:622","EMP_DWAP_SEX_AGE_RT","SEX_T","AGE_AGGREGATE_YGE65","2021",10.923,,,,"R1:3513"
"TUR","BA:622","EMP_DWAP_SEX_AGE_RT","SEX_M","AGE_AGGREGATE_YGE15","2021",62.765,,,,"R1:3513"
"TUR","BA:622","EMP_DWAP_SEX_AGE_RT","SEX_M","AGE_AGGREGATE_Y15-24","2021",42.835,,,,"R1:3513"
"TUR","BA:622","EMP_DWAP_SEX_AGE_RT","SEX_M","AGE_AGGREGATE_Y25-54","2021",81.832,,,,"R1:3513"
"TUR","BA:622","EMP_DWAP_SEX_AGE_RT","SEX_M","AGE_AGGREGATE_Y55-64","2021",49.239,,,,"R1:3513"
"TUR","BA:622","EMP_DWAP_SEX_AGE_RT","SEX_M","AGE_AGGREGATE_YGE65","2021",17.872,,,,"R1:3513"
"TUR","BA:622","EMP_DWAP_SEX_AGE_RT","SEX_F","AGE_AGGREGATE_YGE15","2021",27.991,,,,"R1:3513"
"TUR","BA:622","EMP_DWAP_SEX_AGE_RT","SEX_F","AGE_AGGREGATE_Y15-24","2021",21.175,,,,"R1:3513"
"TUR","BA:622","EMP_DWAP_SEX_AGE_RT","SEX_F","AGE_AGGREGATE_Y25-54","2021",38.408,,,,"R1:3513"
"TUR","BA:622","EMP_DWAP_SEX_AGE_RT","SEX_F","AGE_AGGREGATE_Y55-64","2021",17.989,,,,"R1:3513"
"TUR","BA:622","EMP_DWAP_SEX_AGE_RT","SEX_F","AGE_AGGREGATE_YGE65","2021",5.391,,,,"R1:3513"
"TUR","BA:622","EMP_DWAP_SEX_AGE_RT","SEX_T","AGE_10YRBANDS_YGE15","2021",45.204,,,,"R1:3513"
"TUR","BA:622","EMP_DWAP_SEX_AGE_RT","SEX_T","AGE_10YRBANDS_Y15-24","2021",32.244,,,,"R1:3513"
"TUR","BA:622","EMP_DWAP_SEX_AGE_RT","SEX_T","AGE_10YRBANDS_Y25-34","2021",59.989,,,,"R1:3513"
"TUR","BA:622","EMP_DWAP_SEX_AGE_RT","SEX_T","AGE_10YRBANDS_Y35-44","2021",63.625,,,,"R1:3513"
"TUR","BA:622","EMP_DWAP_SEX_AGE_RT","SEX_T","AGE_10YRBANDS_Y45-54","2021",56.165,,,,"R1:3513"
"TUR","BA:622","EMP_DWAP_SEX_AGE_RT","SEX_T","AGE_10YRBANDS_Y55-64","2021",33.433,,,,"R1:3513"
"TUR","BA:622","EMP_DWAP_SEX_AGE_RT","SEX_T","AGE_10YRBANDS_YGE65","2021",10.923,,,,"R1:3513"
"TUR","BA:622","EMP_DWAP_SEX_AGE_RT","SEX_M","AGE_10YRBANDS_YGE15","2021",62.765,,,,"R1:3513"
"TUR","BA:622","EMP_DWAP_SEX_AGE_RT","SEX_M","AGE_10YRBANDS_Y15-24","2021",42.835,,,,"R1:3513"
"TUR","BA:622","EMP_DWAP_SEX_AGE_RT","SEX_M","AGE_10YRBANDS_Y25-34","2021",81.015,,,,"R1:3513"
"TUR","BA:622","EMP_DWAP_SEX_AGE_RT","SEX_M","AGE_10YRBANDS_Y35-44","2021",86.231,,,,"R1:3513"
"TUR","BA:622","EMP_DWAP_SEX_AGE_RT","SEX_M","AGE_10YRBANDS_Y45-54","2021",77.351,,,,"R1:3513"
"TUR","BA:622","EMP_DWAP_SEX_AGE_RT","SEX_M","AGE_10YRBANDS_Y55-64","2021",49.239,,,,"R1:3513"
"TUR","BA:622","EMP_DWAP_SEX_AGE_RT","SEX_M","AGE_10YRBANDS_YGE65","2021",17.872,,,,"R1:3513"
"TUR","BA:622","EMP_DWAP_SEX_AGE_RT","SEX_F","AGE_10YRBANDS_YGE15","2021",27.991,,,,"R1:3513"
"TUR","BA:622","EMP_DWAP_SEX_AGE_RT","SEX_F","AGE_10YRBANDS_Y15-24","2021",21.175,,,,"R1:3513"
"TUR","BA:622","EMP_DWAP_SEX_AGE_RT","SEX_F","AGE_10YRBANDS_Y25-34","2021",38.853,,,,"R1:3513"
"TUR","BA:622","EMP_DWAP_SEX_AGE_RT","SEX_F","AGE_10YRBANDS_Y35-44","2021",40.851,,,,"R1:3513"
"TUR","BA:622","EMP_DWAP_SEX_AGE_RT","SEX_F","AGE_10YRBANDS_Y45-54","2021",34.828,,,,"R1:3513"
"TUR","BA:622","EMP_DWAP_SEX_AGE_RT","SEX_F","AGE_10YRBANDS_Y55-64","2021",17.989,,,,"R1:3513"
"TUR","BA:622","EMP_DWAP_SEX_AGE_RT","SEX_F","AGE_10YRBANDS_YGE65","2021",5.391,,,,"R1:3513"
"TUR","BA:622","EMP_DWAP_SEX_AGE_RT","SEX_T","AGE_5YRBANDS_YGE15","2021",45.204,,,,"R1:3513"
"TUR","BA:622","EMP_DWAP_SEX_AGE_RT","SEX_T","AGE_5YRBANDS_Y15-19","2021",20.331,,,,"R1:3513"
"TUR","BA:622","EMP_DWAP_SEX_AGE_RT","SEX_T","AGE_5YRBANDS_Y20-24","2021",44.52,,,,"R1:3513"
"TUR","BA:622","EMP_DWAP_SEX_AGE_RT","SEX_T","AGE_5YRBANDS_Y25-29","2021",58.125,,,,"R1:3513"
"TUR","BA:622","EMP_DWAP_SEX_AGE_RT","SEX_T","AGE_5YRBANDS_Y30-34","2021",61.838,,,,"R1:3513"
"TUR","BA:622","EMP_DWAP_SEX_AGE_RT","SEX_T","AGE_5YRBANDS_Y35-39","2021",63.714,,,,"R1:3513"
"TUR","BA:622","EMP_DWAP_SEX_AGE_RT","SEX_T","AGE_5YRBANDS_Y40-44","2021",63.536,,,,"R1:3513"
"TUR","BA:622","EMP_DWAP_SEX_AGE_RT","SEX_T","AGE_5YRBANDS_Y45-49","2021",60.568,,,,"R1:3513"
"TUR","BA:622","EMP_DWAP_SEX_AGE_RT","SEX_T","AGE_5YRBANDS_Y50-54","2021",50.878,,,,"R1:3513"
"TUR","BA:622","EMP_DWAP_SEX_AGE_RT","SEX_T","AGE_5YRBANDS_Y55-59","2021",37.899,,,,"R1:3513"
"TUR","BA:622","EMP_DWAP_SEX_AGE_RT","SEX_T","AGE_5YRBANDS_Y60-64","2021",27.674,,,,"R1:3513"
"TUR","BA:622","EMP_DWAP_SEX_AGE_RT","SEX_T","AGE_5YRBANDS_YGE65","2021",10.923,,,,"R1:3513"
"TUR","BA:622","EMP_DWAP_SEX_AGE_RT","SEX_M","AGE_5YRBANDS_YGE15","2021",62.765,,,,"R1:3513"
"TUR","BA:622","EMP_DWAP_SEX_AGE_RT","SEX_M","AGE_5YRBANDS_Y15-19","2021",28.73,,,,"R1:3513"
"TUR","BA:622","EMP_DWAP_SEX_AGE_RT","SEX_M","AGE_5YRBANDS_Y20-24","2021",57.782,,,,"R1:3513"
"TUR","BA:622","EMP_DWAP_SEX_AGE_RT","SEX_M","AGE_5YRBANDS_Y25-29","2021",77.244,,,,"R1:3513"
"TUR","BA:622","EMP_DWAP_SEX_AGE_RT","SEX_M","AGE_5YRBANDS_Y30-34","2021",84.747,,,,"R1:3513"
"TUR","BA:622","EMP_DWAP_SEX_AGE_RT","SEX_M","AGE_5YRBANDS_Y35-39","2021",86.813,,,,"R1:3513"
"TUR","BA:622","EMP_DWAP_SEX_AGE_RT","SEX_M","AGE_5YRBANDS_Y40-44","2021",85.646,,,,"R1:3513"
"TUR","BA:622","EMP_DWAP_SEX_AGE_RT","SEX_M","AGE_5YRBANDS_Y45-49","2021",82.941,,,,"R1:3513"
"TUR","BA:622","EMP_DWAP_SEX_AGE_RT","SEX_M","AGE_5YRBANDS_Y50-54","2021",70.716,,,,"R1:3513"
"TUR","BA:622","EMP_DWAP_SEX_AGE_RT","SEX_M","AGE_5YRBANDS_Y55-59","2021",55.235,,,,"R1:3513"
"TUR","BA:622","EMP_DWAP_SEX_AGE_RT","SEX_M","AGE_5YRBANDS_Y60-64","2021",41.453,,,,"R1:3513"
"TUR","BA:622","EMP_DWAP_SEX_AGE_RT","SEX_M","AGE_5YRBANDS_YGE65","2021",17.872,,,,"R1:3513"
"TUR","BA:622","EMP_DWAP_SEX_AGE_RT","SEX_F","AGE_5YRBANDS_YGE15","2021",27.991,,,,"R1:3513"
"TUR","BA:622","EMP_DWAP_SEX_AGE_RT","SEX_F","AGE_5YRBANDS_Y15-19","2021",11.303,,,,"R1:3513"
"TUR","BA:622","EMP_DWAP_SEX_AGE_RT","SEX_F","AGE_5YRBANDS_Y20-24","2021",31.056,,,,"R1:3513"
"TUR","BA:622","EMP_DWAP_SEX_AGE_RT","SEX_F","AGE_5YRBANDS_Y25-29","2021",38.964,,,,"R1:3513"
"TUR","BA:622","EMP_DWAP_SEX_AGE_RT","SEX_F","AGE_5YRBANDS_Y30-34","2021",38.742,,,,"R1:3513"
"TUR","BA:622","EMP_DWAP_SEX_AGE_RT","SEX_F","AGE_5YRBANDS_Y35-39","2021",40.403,,,,"R1:3513"
"TUR","BA:622","EMP_DWAP_SEX_AGE_RT","SEX_F","AGE_5YRBANDS_Y40-44","2021",41.301,,,,"R1:3513"
"TUR","BA:622","EMP_DWAP_SEX_AGE_RT","SEX_F","AGE_5YRBANDS_Y45-49","2021",38.274,,,,"R1:3513"
"TUR","BA:622","EMP_DWAP_SEX_AGE_RT","SEX_F","AGE_5YRBANDS_Y50-54","2021",30.641,,,,"R1:3513"
"TUR","BA:622","EMP_DWAP_SEX_AGE_RT","SEX_F","AGE_5YRBANDS_Y55-59","2021",20.862,,,,"R1:3513"
"TUR","BA:622","EMP_DWAP_SEX_AGE_RT","SEX_F","AGE_5YRBANDS_Y60-64","2021",14.308,,,,"R1:3513"
"TUR","BA:622","EMP_DWAP_SEX_AGE_RT","SEX_F","AGE_5YRBANDS_YGE65","2021",5.391,,,,"R1:3513"
"TUR","BA:622","EMP_DWAP_SEX_AGE_RT","SEX_T","AGE_YTHADULT_YGE15","2020",42.845,,,,"R1:3513"
"TUR","BA:622","EMP_DWAP_SEX_AGE_RT","SEX_T","AGE_YTHADULT_Y15-64","2020",47.526,,,,"R1:3513"
"TUR","BA:622","EMP_DWAP_SEX_AGE_RT","SEX_T","AGE_YTHADULT_Y15-24","2020",29.186,,,,"R1:3513"
"TUR","BA:622","EMP_DWAP_SEX_AGE_RT","SEX_T","AGE_YTHADULT_YGE25","2020",45.99,,,,"R1:3513"
"TUR","BA:622","EMP_DWAP_SEX_AGE_RT","SEX_M","AGE_YTHADULT_YGE15","2020",59.782,,,,"R1:3513"
"TUR","BA:622","EMP_DWAP_SEX_AGE_RT","SEX_M","AGE_YTHADULT_Y15-64","2020",65.206,,,,"R1:3513"
"TUR","BA:622","EMP_DWAP_SEX_AGE_RT","SEX_M","AGE_YTHADULT_Y15-24","2020",38.785,,,,"R1:3513"
"TUR","BA:622","EMP_DWAP_SEX_AGE_RT","SEX_M","AGE_YTHADULT_YGE25","2020",64.801,,,,"R1:3513"
"TUR","BA:622","EMP_DWAP_SEX_AGE_RT","SEX_F","AGE_YTHADULT_YGE15","2020",26.266,,,,"R1:3513"
"TUR","BA:622","EMP_DWAP_SEX_AGE_RT","SEX_F","AGE_YTHADULT_Y15-64","2020",29.7,,,,"R1:3513"
"TUR","BA:622","EMP_DWAP_SEX_AGE_RT","SEX_F","AGE_YTHADULT_Y15-24","2020",19.2,,,,"R1:3513"
"TUR","BA:622","EMP_DWAP_SEX_AGE_RT","SEX_F","AGE_YTHADULT_YGE25","2020",27.833,,,,"R1:3513"
"TUR","BA:622","EMP_DWAP_SEX_AGE_RT","SEX_T","AGE_AGGREGATE_YGE15","2020",42.845,,,,"R1:3513"
"TUR","BA:622","EMP_DWAP_SEX_AGE_RT","SEX_T","AGE_AGGREGATE_Y15-24","2020",29.186,,,,"R1:3513"
"TUR","BA:622","EMP_DWAP_SEX_AGE_RT","SEX_T","AGE_AGGREGATE_Y25-54","2020",57.4,,,,"R1:3513"
"TUR","BA:622","EMP_DWAP_SEX_AGE_RT","SEX_T","AGE_AGGREGATE_Y55-64","2020",31.131,,,,"R1:3513"
"TUR","BA:622","EMP_DWAP_SEX_AGE_RT","SEX_T","AGE_AGGREGATE_YGE65","2020",9.727,,,,"R1:3513"
"TUR","BA:622","EMP_DWAP_SEX_AGE_RT","SEX_M","AGE_AGGREGATE_YGE15","2020",59.782,,,,"R1:3513"
"TUR","BA:622","EMP_DWAP_SEX_AGE_RT","SEX_M","AGE_AGGREGATE_Y15-24","2020",38.785,,,,"R1:3513"
"TUR","BA:622","EMP_DWAP_SEX_AGE_RT","SEX_M","AGE_AGGREGATE_Y25-54","2020",78.543,,,,"R1:3513"
"TUR","BA:622","EMP_DWAP_SEX_AGE_RT","SEX_M","AGE_AGGREGATE_Y55-64","2020",45.867,,,,"R1:3513"
"TUR","BA:622","EMP_DWAP_SEX_AGE_RT","SEX_M","AGE_AGGREGATE_YGE65","2020",16.233,,,,"R1:3513"
"TUR","BA:622","EMP_DWAP_SEX_AGE_RT","SEX_F","AGE_AGGREGATE_YGE15","2020",26.266,,,,"R1:3513"
"TUR","BA:622","EMP_DWAP_SEX_AGE_RT","SEX_F","AGE_AGGREGATE_Y15-24","2020",19.2,,,,"R1:3513"
"TUR","BA:622","EMP_DWAP_SEX_AGE_RT","SEX_F","AGE_AGGREGATE_Y25-54","2020",36.155,,,,"R1:3513"
"TUR","BA:622","EMP_DWAP_SEX_AGE_RT","SEX_F","AGE_AGGREGATE_Y55-64","2020",16.727,,,,"R1:3513"
"TUR","BA:622","EMP_DWAP_SEX_AGE_RT","SEX_F","AGE_AGGREGATE_YGE65","2020",4.566,,,,"R1:3513"
"TUR","BA:622","EMP_DWAP_SEX_AGE_RT","SEX_T","AGE_10YRBANDS_YGE15","2020",42.845,,,,"R1:3513"
"TUR","BA:622","EMP_DWAP_SEX_AGE_RT","SEX_T","AGE_10YRBANDS_Y15-24","2020",29.186,,,,"R1:3513"
"TUR","BA:622","EMP_DWAP_SEX_AGE_RT","SEX_T","AGE_10YRBANDS_Y25-34","2020",56.731,,,,"R1:3513"
"TUR","BA:622","EMP_DWAP_SEX_AGE_RT","SEX_T","AGE_10YRBANDS_Y35-44","2020",61.511,,,,"R1:3513"
"TUR","BA:622","EMP_DWAP_SEX_AGE_RT","SEX_T","AGE_10YRBANDS_Y45-54","2020",53.128,,,,"R1:3513"
"TUR","BA:622","EMP_DWAP_SEX_AGE_RT","SEX_T","AGE_10YRBANDS_Y55-64","2020",31.131,,,,"R1:3513"
"TUR","BA:622","EMP_DWAP_SEX_AGE_RT","SEX_T","AGE_10YRBANDS_YGE65","2020",9.727,,,,"R1:3513"
"TUR","BA:622","EMP_DWAP_SEX_AGE_RT","SEX_M","AGE_10YRBANDS_YGE15","2020",59.782,,,,"R1:3513"
"TUR","BA:622","EMP_DWAP_SEX_AGE_RT","SEX_M","AGE_10YRBANDS_Y15-24","2020",38.785,,,,"R1:3513"
"TUR","BA:622","EMP_DWAP_SEX_AGE_RT","SEX_M","AGE_10YRBANDS_Y25-34","2020",77.255,,,,"R1:3513"
"TUR","BA:622","EMP_DWAP_SEX_AGE_RT","SEX_M","AGE_10YRBANDS_Y35-44","2020",83.5,,,,"R1:3513"
"TUR","BA:622","EMP_DWAP_SEX_AGE_RT","SEX_M","AGE_10YRBANDS_Y45-54","2020",73.969,,,,"R1:3513"
"TUR","BA:622","EMP_DWAP_SEX_AGE_RT","SEX_M","AGE_10YRBANDS_Y55-64","2020",45.867,,,,"R1:3513"
"TUR","BA:622","EMP_DWAP_SEX_AGE_RT","SEX_M","AGE_10YRBANDS_YGE65","2020",16.233,,,,"R1:3513"
"TUR","BA:622","EMP_DWAP_SEX_AGE_RT","SEX_F","AGE_10YRBANDS_YGE15","2020",26.266,,,,"R1:3513"
"TUR","BA:622","EMP_DWAP_SEX_AGE_RT","SEX_F","AGE_10YRBANDS_Y15-24","2020",19.2,,,,"R1:3513"
"TUR","BA:622","EMP_DWAP_SEX_AGE_RT","SEX_F","AGE_10YRBANDS_Y25-34","2020",36.224,,,,"R1:3513"
"TUR","BA:622","EMP_DWAP_SEX_AGE_RT","SEX_F","AGE_10YRBANDS_Y35-44","2020",39.335,,,,"R1:3513"
"TUR","BA:622","EMP_DWAP_SEX_AGE_RT","SEX_F","AGE_10YRBANDS_Y45-54","2020",32.135,,,,"R1:3513"
"TUR","BA:622","EMP_DWAP_SEX_AGE_RT","SEX_F","AGE_10YRBANDS_Y55-64","2020",16.727,,,,"R1:3513"
"TUR","BA:622","EMP_DWAP_SEX_AGE_RT","SEX_F","AGE_10YRBANDS_YGE65","2020",4.566,,,,"R1:3513"
"TUR","BA:622","EMP_DWAP_SEX_AGE_RT","SEX_T","AGE_5YRBANDS_YGE15","2020",42.845,,,,"R1:3513"
"TUR","BA:622","EMP_DWAP_SEX_AGE_RT","SEX_T","AGE_5YRBANDS_Y15-19","2020",18.604,,,,"R1:3513"
"TUR","BA:622","EMP_DWAP_SEX_AGE_RT","SEX_T","AGE_5YRBANDS_Y20-24","2020",40.174,,,,"R1:3513"
"TUR","BA:622","EMP_DWAP_SEX_AGE_RT","SEX_T","AGE_5YRBANDS_Y25-29","2020",54.555,,,,"R1:3513"
"TUR","BA:622","EMP_DWAP_SEX_AGE_RT","SEX_T","AGE_5YRBANDS_Y30-34","2020",58.858,,,,"R1:3513"
"TUR","BA:622","EMP_DWAP_SEX_AGE_RT","SEX_T","AGE_5YRBANDS_Y35-39","2020",61.508,,,,"R1:3513"
"TUR","BA:622","EMP_DWAP_SEX_AGE_RT","SEX_T","AGE_5YRBANDS_Y40-44","2020",61.515,,,,"R1:3513"
"TUR","BA:622","EMP_DWAP_SEX_AGE_RT","SEX_T","AGE_5YRBANDS_Y45-49","2020",57.758,,,,"R1:3513"
"TUR","BA:622","EMP_DWAP_SEX_AGE_RT","SEX_T","AGE_5YRBANDS_Y50-54","2020",47.584,,,,"R1:3513"
"TUR","BA:622","EMP_DWAP_SEX_AGE_RT","SEX_T","AGE_5YRBANDS_Y55-59","2020",35.388,,,,"R1:3513"
"TUR","BA:622","EMP_DWAP_SEX_AGE_RT","SEX_T","AGE_5YRBANDS_Y60-64","2020",25.781,,,,"R1:3513"
"TUR","BA:622","EMP_DWAP_SEX_AGE_RT","SEX_T","AGE_5YRBANDS_YGE65","2020",9.727,,,,"R1:3513"
"TUR","BA:622","EMP_DWAP_SEX_AGE_RT","SEX_M","AGE_5YRBANDS_YGE15","2020",59.782,,,,"R1:3513"
"TUR","BA:622","EMP_DWAP_SEX_AGE_RT","SEX_M","AGE_5YRBANDS_Y15-19","2020",26.183,,,,"R1:3513"
"TUR","BA:622","EMP_DWAP_SEX_AGE_RT","SEX_M","AGE_5YRBANDS_Y20-24","2020",52.21,,,,"R1:3513"
"TUR","BA:622","EMP_DWAP_SEX_AGE_RT","SEX_M","AGE_5YRBANDS_Y25-29","2020",72.912,,,,"R1:3513"
"TUR","BA:622","EMP_DWAP_SEX_AGE_RT","SEX_M","AGE_5YRBANDS_Y30-34","2020",81.472,,,,"R1:3513"
"TUR","BA:622","EMP_DWAP_SEX_AGE_RT","SEX_M","AGE_5YRBANDS_Y35-39","2020",83.676,,,,"R1:3513"
"TUR","BA:622","EMP_DWAP_SEX_AGE_RT","SEX_M","AGE_5YRBANDS_Y40-44","2020",83.31,,,,"R1:3513"
"TUR","BA:622","EMP_DWAP_SEX_AGE_RT","SEX_M","AGE_5YRBANDS_Y45-49","2020",79.95,,,,"R1:3513"
"TUR","BA:622","EMP_DWAP_SEX_AGE_RT","SEX_M","AGE_5YRBANDS_Y50-54","2020",66.896,,,,"R1:3513"
"TUR","BA:622","EMP_DWAP_SEX_AGE_RT","SEX_M","AGE_5YRBANDS_Y55-59","2020",51.586,,,,"R1:3513"
"TUR","BA:622","EMP_DWAP_SEX_AGE_RT","SEX_M","AGE_5YRBANDS_Y60-64","2020",38.644,,,,"R1:3513"
"TUR","BA:622","EMP_DWAP_SEX_AGE_RT","SEX_M","AGE_5YRBANDS_YGE65","2020",16.233,,,,"R1:3513"
"TUR","BA:622","EMP_DWAP_SEX_AGE_RT","SEX_F","AGE_5YRBANDS_YGE15","2020",26.266,,,,"R1:3513"
"TUR","BA:622","EMP_DWAP_SEX_AGE_RT","SEX_F","AGE_5YRBANDS_Y15-19","2020",10.512,,,,"R1:3513"
"TUR","BA:622","EMP_DWAP_SEX_AGE_RT","SEX_F","AGE_5YRBANDS_Y20-24","2020",27.982,,,,"R1:3513"
"TUR","BA:622","EMP_DWAP_SEX_AGE_RT","SEX_F","AGE_5YRBANDS_Y25-29","2020",36.342,,,,"R1:3513"
"TUR","BA:622","EMP_DWAP_SEX_AGE_RT","SEX_F","AGE_5YRBANDS_Y30-34","2020",36.108,,,,"R1:3513"
"TUR","BA:622","EMP_DWAP_SEX_AGE_RT","SEX_F","AGE_5YRBANDS_Y35-39","2020",39.173,,,,"R1:3513"
"TUR","BA:622","EMP_DWAP_SEX_AGE_RT","SEX_F","AGE_5YRBANDS_Y40-44","2020",39.508,,,,"R1:3513"
"TUR","BA:622","EMP_DWAP_SEX_AGE_RT","SEX_F","AGE_5YRBANDS_Y45-49","2020",35.661,,,,"R1:3513"
"TUR","BA:622","EMP_DWAP_SEX_AGE_RT","SEX_F","AGE_5YRBANDS_Y50-54","2020",27.858,,,,"R1:3513"
"TUR","BA:622","EMP_DWAP_SEX_AGE_RT","SEX_F","AGE_5YRBANDS_Y55-59","2020",19.487,,,,"R1:3513"
"TUR","BA:622","EMP_DWAP_SEX_AGE_RT","SEX_F","AGE_5YRBANDS_Y60-64","2020",13.274,,,,"R1:3513"
"TUR","BA:622","EMP_DWAP_SEX_AGE_RT","SEX_F","AGE_5YRBANDS_YGE65","2020",4.566,,,,"R1:3513"
"TUR","BA:622","EMP_DWAP_SEX_AGE_RT","SEX_T","AGE_YTHADULT_YGE15","2019",45.681,,,,"R1:3513"
"TUR","BA:622","EMP_DWAP_SEX_AGE_RT","SEX_T","AGE_YTHADULT_Y15-64","2019",50.282,,,,"R1:3513"
"TUR","BA:622","EMP_DWAP_SEX_AGE_RT","SEX_T","AGE_YTHADULT_Y15-24","2019",33.133,,,,"R1:3513"
"TUR","BA:622","EMP_DWAP_SEX_AGE_RT","SEX_T","AGE_YTHADULT_YGE25","2019",48.62,,,,"R1:3513"
"TUR","BA:622","EMP_DWAP_SEX_AGE_RT","SEX_M","AGE_YTHADULT_YGE15","2019",63.07,,,,"R1:3513"
"TUR","BA:622","EMP_DWAP_SEX_AGE_RT","SEX_M","AGE_YTHADULT_Y15-64","2019",68.267,,,,"R1:3513"
"TUR","BA:622","EMP_DWAP_SEX_AGE_RT","SEX_M","AGE_YTHADULT_Y15-24","2019",43.365,,,,"R1:3513"
"TUR","BA:622","EMP_DWAP_SEX_AGE_RT","SEX_M","AGE_YTHADULT_YGE25","2019",67.833,,,,"R1:3513"
"TUR","BA:622","EMP_DWAP_SEX_AGE_RT","SEX_F","AGE_YTHADULT_YGE15","2019",28.697,,,,"R1:3513"
"TUR","BA:622","EMP_DWAP_SEX_AGE_RT","SEX_F","AGE_YTHADULT_Y15-64","2019",32.206,,,,"R1:3513"
"TUR","BA:622","EMP_DWAP_SEX_AGE_RT","SEX_F","AGE_YTHADULT_Y15-24","2019",22.624,,,,"R1:3513"
"TUR","BA:622","EMP_DWAP_SEX_AGE_RT","SEX_F","AGE_YTHADULT_YGE25","2019",30.077,,,,"R1:3513"
"TUR","BA:622","EMP_DWAP_SEX_AGE_RT","SEX_T","AGE_AGGREGATE_YGE15","2019",45.681,,,,"R1:3513"
"TUR","BA:622","EMP_DWAP_SEX_AGE_RT","SEX_T","AGE_AGGREGATE_Y15-24","2019",33.133,,,,"R1:3513"
"TUR","BA:622","EMP_DWAP_SEX_AGE_RT","SEX_T","AGE_AGGREGATE_Y25-54","2019",59.758,,,,"R1:3513"
"TUR","BA:622","EMP_DWAP_SEX_AGE_RT","SEX_T","AGE_AGGREGATE_Y55-64","2019",33.605,,,,"R1:3513"
"TUR","BA:622","EMP_DWAP_SEX_AGE_RT","SEX_T","AGE_AGGREGATE_YGE65","2019",11.62,,,,"R1:3513"
"TUR","BA:622","EMP_DWAP_SEX_AGE_RT","SEX_M","AGE_AGGREGATE_YGE15","2019",63.07,,,,"R1:3513"
"TUR","BA:622","EMP_DWAP_SEX_AGE_RT","SEX_M","AGE_AGGREGATE_Y15-24","2019",43.365,,,,"R1:3513"
"TUR","BA:622","EMP_DWAP_SEX_AGE_RT","SEX_M","AGE_AGGREGATE_Y25-54","2019",81.011,,,,"R1:3513"
"TUR","BA:622","EMP_DWAP_SEX_AGE_RT","SEX_M","AGE_AGGREGATE_Y55-64","2019",48.752,,,,"R1:3513"
"TUR","BA:622","EMP_DWAP_SEX_AGE_RT","SEX_M","AGE_AGGREGATE_YGE65","2019",19.354,,,,"R1:3513"
"TUR","BA:622","EMP_DWAP_SEX_AGE_RT","SEX_F","AGE_AGGREGATE_YGE15","2019",28.697,,,,"R1:3513"
"TUR","BA:622","EMP_DWAP_SEX_AGE_RT","SEX_F","AGE_AGGREGATE_Y15-24","2019",22.624,,,,"R1:3513"
"TUR","BA:622","EMP_DWAP_SEX_AGE_RT","SEX_F","AGE_AGGREGATE_Y25-54","2019",38.414,,,,"R1:3513"
"TUR","BA:622","EMP_DWAP_SEX_AGE_RT","SEX_F","AGE_AGGREGATE_Y55-64","2019",18.823,,,,"R1:3513"
"TUR","BA:622","EMP_DWAP_SEX_AGE_RT","SEX_F","AGE_AGGREGATE_YGE65","2019",5.517,,,,"R1:3513"
"TUR","BA:622","EMP_DWAP_SEX_AGE_RT","SEX_T","AGE_10YRBANDS_YGE15","2019",45.681,,,,"R1:3513"
"TUR","BA:622","EMP_DWAP_SEX_AGE_RT","SEX_T","AGE_10YRBANDS_Y15-24","2019",33.133,,,,"R1:3513"
"TUR","BA:622","EMP_DWAP_SEX_AGE_RT","SEX_T","AGE_10YRBANDS_Y25-34","2019",59.747,,,,"R1:3513"
"TUR","BA:622","EMP_DWAP_SEX_AGE_RT","SEX_T","AGE_10YRBANDS_Y35-44","2019",63.601,,,,"R1:3513"
"TUR","BA:622","EMP_DWAP_SEX_AGE_RT","SEX_T","AGE_10YRBANDS_Y45-54","2019",55.038,,,,"R1:3513"
"TUR","BA:622","EMP_DWAP_SEX_AGE_RT","SEX_T","AGE_10YRBANDS_Y55-64","2019",33.605,,,,"R1:3513"
"TUR","BA:622","EMP_DWAP_SEX_AGE_RT","SEX_T","AGE_10YRBANDS_YGE65","2019",11.62,,,,"R1:3513"
"TUR","BA:622","EMP_DWAP_SEX_AGE_RT","SEX_M","AGE_10YRBANDS_YGE15","2019",63.07,,,,"R1:3513"
"TUR","BA:622","EMP_DWAP_SEX_AGE_RT","SEX_M","AGE_10YRBANDS_Y15-24","2019",43.365,,,,"R1:3513"
"TUR","BA:622","EMP_DWAP_SEX_AGE_RT","SEX_M","AGE_10YRBANDS_Y25-34","2019",80.269,,,,"R1:3513"
"TUR","BA:622","EMP_DWAP_SEX_AGE_RT","SEX_M","AGE_10YRBANDS_Y35-44","2019",85.702,,,,"R1:3513"
"TUR","BA:622","EMP_DWAP_SEX_AGE_RT","SEX_M","AGE_10YRBANDS_Y45-54","2019",76.134,,,,"R1:3513"
"TUR","BA:622","EMP_DWAP_SEX_AGE_RT","SEX_M","AGE_10YRBANDS_Y55-64","2019",48.752,,,,"R1:3513"
"TUR","BA:622","EMP_DWAP_SEX_AGE_RT","SEX_M","AGE_10YRBANDS_YGE65","2019",19.354,,,,"R1:3513"
"TUR","BA:622","EMP_DWAP_SEX_AGE_RT","SEX_F","AGE_10YRBANDS_YGE15","2019",28.697,,,,"R1:3513"
"TUR","BA:622","EMP_DWAP_SEX_AGE_RT","SEX_F","AGE_10YRBANDS_Y15-24","2019",22.624,,,,"R1:3513"
"TUR","BA:622","EMP_DWAP_SEX_AGE_RT","SEX_F","AGE_10YRBANDS_Y25-34","2019",39.278,,,,"R1:3513"
"TUR","BA:622","EMP_DWAP_SEX_AGE_RT","SEX_F","AGE_10YRBANDS_Y35-44","2019",41.307,,,,"R1:3513"
"TUR","BA:622","EMP_DWAP_SEX_AGE_RT","SEX_F","AGE_10YRBANDS_Y45-54","2019",33.789,,,,"R1:3513"
"TUR","BA:622","EMP_DWAP_SEX_AGE_RT","SEX_F","AGE_10YRBANDS_Y55-64","2019",18.823,,,,"R1:3513"
"TUR","BA:622","EMP_DWAP_SEX_AGE_RT","SEX_F","AGE_10YRBANDS_YGE65","2019",5.517,,,,"R1:3513"
"TUR","BA:622","EMP_DWAP_SEX_AGE_RT","SEX_T","AGE_5YRBANDS_YGE15","2019",45.681,,,,"R1:3513"
"TUR","BA:622","EMP_DWAP_SEX_AGE_RT","SEX_T","AGE_5YRBANDS_Y15-19","2019",22.789,,,,"R1:3513"
"TUR","BA:622","EMP_DWAP_SEX_AGE_RT","SEX_T","AGE_5YRBANDS_Y20-24","2019",44.38,,,,"R1:3513"
"TUR","BA:622","EMP_DWAP_SEX_AGE_RT","SEX_T","AGE_5YRBANDS_Y25-29","2019",57.588,,,,"R1:3513"
"TUR","BA:622","EMP_DWAP_SEX_AGE_RT","SEX_T","AGE_5YRBANDS_Y30-34","2019",61.836,,,,"R1:3513"
"TUR","BA:622","EMP_DWAP_SEX_AGE_RT","SEX_T","AGE_5YRBANDS_Y35-39","2019",63.462,,,,"R1:3513"
"TUR","BA:622","EMP_DWAP_SEX_AGE_RT","SEX_T","AGE_5YRBANDS_Y40-44","2019",63.756,,,,"R1:3513"
"TUR","BA:622","EMP_DWAP_SEX_AGE_RT","SEX_T","AGE_5YRBANDS_Y45-49","2019",59.741,,,,"R1:3513"
"TUR","BA:622","EMP_DWAP_SEX_AGE_RT","SEX_T","AGE_5YRBANDS_Y50-54","2019",49.602,,,,"R1:3513"
"TUR","BA:622","EMP_DWAP_SEX_AGE_RT","SEX_T","AGE_5YRBANDS_Y55-59","2019",38.256,,,,"R1:3513"
"TUR","BA:622","EMP_DWAP_SEX_AGE_RT","SEX_T","AGE_5YRBANDS_Y60-64","2019",27.917,,,,"R1:3513"
"TUR","BA:622","EMP_DWAP_SEX_AGE_RT","SEX_T","AGE_5YRBANDS_YGE65","2019",11.62,,,,"R1:3513"
"TUR","BA:622","EMP_DWAP_SEX_AGE_RT","SEX_M","AGE_5YRBANDS_YGE15","2019",63.07,,,,"R1:3513"
"TUR","BA:622","EMP_DWAP_SEX_AGE_RT","SEX_M","AGE_5YRBANDS_Y15-19","2019",30.958,,,,"R1:3513"
"TUR","BA:622","EMP_DWAP_SEX_AGE_RT","SEX_M","AGE_5YRBANDS_Y20-24","2019",57.479,,,,"R1:3513"
"TUR","BA:622","EMP_DWAP_SEX_AGE_RT","SEX_M","AGE_5YRBANDS_Y25-29","2019",76.379,,,,"R1:3513"
"TUR","BA:622","EMP_DWAP_SEX_AGE_RT","SEX_M","AGE_5YRBANDS_Y30-34","2019",83.996,,,,"R1:3513"
"TUR","BA:622","EMP_DWAP_SEX_AGE_RT","SEX_M","AGE_5YRBANDS_Y35-39","2019",85.834,,,,"R1:3513"
"TUR","BA:622","EMP_DWAP_SEX_AGE_RT","SEX_M","AGE_5YRBANDS_Y40-44","2019",85.555,,,,"R1:3513"
"TUR","BA:622","EMP_DWAP_SEX_AGE_RT","SEX_M","AGE_5YRBANDS_Y45-49","2019",81.644,,,,"R1:3513"
"TUR","BA:622","EMP_DWAP_SEX_AGE_RT","SEX_M","AGE_5YRBANDS_Y50-54","2019",69.819,,,,"R1:3513"
"TUR","BA:622","EMP_DWAP_SEX_AGE_RT","SEX_M","AGE_5YRBANDS_Y55-59","2019",55.081,,,,"R1:3513"
"TUR","BA:622","EMP_DWAP_SEX_AGE_RT","SEX_M","AGE_5YRBANDS_Y60-64","2019",40.94,,,,"R1:3513"
"TUR","BA:622","EMP_DWAP_SEX_AGE_RT","SEX_M","AGE_5YRBANDS_YGE65","2019",19.354,,,,"R1:3513"
"TUR","BA:622","EMP_DWAP_SEX_AGE_RT","SEX_F","AGE_5YRBANDS_YGE15","2019",28.697,,,,"R1:3513"
"TUR","BA:622","EMP_DWAP_SEX_AGE_RT","SEX_F","AGE_5YRBANDS_Y15-19","2019",14.02,,,,"R1:3513"
"TUR","BA:622","EMP_DWAP_SEX_AGE_RT","SEX_F","AGE_5YRBANDS_Y20-24","2019",31.553,,,,"R1:3513"
"TUR","BA:622","EMP_DWAP_SEX_AGE_RT","SEX_F","AGE_5YRBANDS_Y25-29","2019",39.035,,,,"R1:3513"
"TUR","BA:622","EMP_DWAP_SEX_AGE_RT","SEX_F","AGE_5YRBANDS_Y30-34","2019",39.516,,,,"R1:3513"
"TUR","BA:622","EMP_DWAP_SEX_AGE_RT","SEX_F","AGE_5YRBANDS_Y35-39","2019",40.944,,,,"R1:3513"
"TUR","BA:622","EMP_DWAP_SEX_AGE_RT","SEX_F","AGE_5YRBANDS_Y40-44","2019",41.712,,,,"R1:3513"
"TUR","BA:622","EMP_DWAP_SEX_AGE_RT","SEX_F","AGE_5YRBANDS_Y45-49","2019",37.85,,,,"R1:3513"
"TUR","BA:622","EMP_DWAP_SEX_AGE_RT","SEX_F","AGE_5YRBANDS_Y50-54","2019",29.057,,,,"R1:3513"
"TUR","BA:622","EMP_DWAP_SEX_AGE_RT","SEX_F","AGE_5YRBANDS_Y55-59","2019",21.702,,,,"R1:3513"
"TUR","BA:622","EMP_DWAP_SEX_AGE_RT","SEX_F","AGE_5YRBANDS_Y60-64","2019",15.332,,,,"R1:3513"
"TUR","BA:622","EMP_DWAP_SEX_AGE_RT","SEX_F","AGE_5YRBANDS_YGE65","2019",5.517,,,,"R1:3513"
"TUR","BA:622","EMP_DWAP_SEX_AGE_RT","SEX_T","AGE_YTHADULT_YGE15","2018",47.379,,,,"R1:3513"
"TUR","BA:622","EMP_DWAP_SEX_AGE_RT","SEX_T","AGE_YTHADULT_Y15-64","2018",51.978,,,,"R1:3513"
"TUR","BA:622","EMP_DWAP_SEX_AGE_RT","SEX_T","AGE_YTHADULT_Y15-24","2018",35.046,,,,"R1:3513"
"TUR","BA:622","EMP_DWAP_SEX_AGE_RT","SEX_T","AGE_YTHADULT_YGE25","2018",50.354,,,,"R1:3513"
"TUR","BA:622","EMP_DWAP_SEX_AGE_RT","SEX_M","AGE_YTHADULT_YGE15","2018",65.716,,,,"R1:3513"
"TUR","BA:622","EMP_DWAP_SEX_AGE_RT","SEX_M","AGE_YTHADULT_Y15-64","2018",70.922,,,,"R1:3513"
"TUR","BA:622","EMP_DWAP_SEX_AGE_RT","SEX_M","AGE_YTHADULT_Y15-24","2018",46.38,,,,"R1:3513"
"TUR","BA:622","EMP_DWAP_SEX_AGE_RT","SEX_M","AGE_YTHADULT_YGE25","2018",70.532,,,,"R1:3513"
"TUR","BA:622","EMP_DWAP_SEX_AGE_RT","SEX_F","AGE_YTHADULT_YGE15","2018",29.425,,,,"R1:3513"
"TUR","BA:622","EMP_DWAP_SEX_AGE_RT","SEX_F","AGE_YTHADULT_Y15-64","2018",32.894,,,,"R1:3513"
"TUR","BA:622","EMP_DWAP_SEX_AGE_RT","SEX_F","AGE_YTHADULT_Y15-24","2018",23.358,,,,"R1:3513"
"TUR","BA:622","EMP_DWAP_SEX_AGE_RT","SEX_F","AGE_YTHADULT_YGE25","2018",30.842,,,,"R1:3513"
"TUR","BA:622","EMP_DWAP_SEX_AGE_RT","SEX_T","AGE_AGGREGATE_YGE15","2018",47.379,,,,"R1:3513"
"TUR","BA:622","EMP_DWAP_SEX_AGE_RT","SEX_T","AGE_AGGREGATE_Y15-24","2018",35.046,,,,"R1:3513"
"TUR","BA:622","EMP_DWAP_SEX_AGE_RT","SEX_T","AGE_AGGREGATE_Y25-54","2018",61.401,,,,"R1:3513"
"TUR","BA:622","EMP_DWAP_SEX_AGE_RT","SEX_T","AGE_AGGREGATE_Y55-64","2018",35.234,,,,"R1:3513"
"TUR","BA:622","EMP_DWAP_SEX_AGE_RT","SEX_T","AGE_AGGREGATE_YGE65","2018",12.139,,,,"R1:3513"
"TUR","BA:622","EMP_DWAP_SEX_AGE_RT","SEX_M","AGE_AGGREGATE_YGE15","2018",65.716,,,,"R1:3513"
"TUR","BA:622","EMP_DWAP_SEX_AGE_RT","SEX_M","AGE_AGGREGATE_Y15-24","2018",46.38,,,,"R1:3513"
"TUR","BA:622","EMP_DWAP_SEX_AGE_RT","SEX_M","AGE_AGGREGATE_Y25-54","2018",83.619,,,,"R1:3513"
"TUR","BA:622","EMP_DWAP_SEX_AGE_RT","SEX_M","AGE_AGGREGATE_Y55-64","2018",51.252,,,,"R1:3513"
"TUR","BA:622","EMP_DWAP_SEX_AGE_RT","SEX_M","AGE_AGGREGATE_YGE65","2018",20.237,,,,"R1:3513"
"TUR","BA:622","EMP_DWAP_SEX_AGE_RT","SEX_F","AGE_AGGREGATE_YGE15","2018",29.425,,,,"R1:3513"
"TUR","BA:622","EMP_DWAP_SEX_AGE_RT","SEX_F","AGE_AGGREGATE_Y15-24","2018",23.358,,,,"R1:3513"
"TUR","BA:622","EMP_DWAP_SEX_AGE_RT","SEX_F","AGE_AGGREGATE_Y25-54","2018",39.04,,,,"R1:3513"
"TUR","BA:622","EMP_DWAP_SEX_AGE_RT","SEX_F","AGE_AGGREGATE_Y55-64","2018",19.618,,,,"R1:3513"
"TUR","BA:622","EMP_DWAP_SEX_AGE_RT","SEX_F","AGE_AGGREGATE_YGE65","2018",5.771,,,,"R1:3513"
"TUR","BA:622","EMP_DWAP_SEX_AGE_RT","SEX_T","AGE_10YRBANDS_YGE15","2018",47.379,,,,"R1:3513"
"TUR","BA:622","EMP_DWAP_SEX_AGE_RT","SEX_T","AGE_10YRBANDS_Y15-24","2018",35.046,,,,"R1:3513"
"TUR","BA:622","EMP_DWAP_SEX_AGE_RT","SEX_T","AGE_10YRBANDS_Y25-34","2018",61.63,,,,"R1:3513"
"TUR","BA:622","EMP_DWAP_SEX_AGE_RT","SEX_T","AGE_10YRBANDS_Y35-44","2018",65.45,,,,"R1:3513"
"TUR","BA:622","EMP_DWAP_SEX_AGE_RT","SEX_T","AGE_10YRBANDS_Y45-54","2018",56.054,,,,"R1:3513"
"TUR","BA:622","EMP_DWAP_SEX_AGE_RT","SEX_T","AGE_10YRBANDS_Y55-64","2018",35.234,,,,"R1:3513"
"TUR","BA:622","EMP_DWAP_SEX_AGE_RT","SEX_T","AGE_10YRBANDS_YGE65","2018",12.139,,,,"R1:3513"
"TUR","BA:622","EMP_DWAP_SEX_AGE_RT","SEX_M","AGE_10YRBANDS_YGE15","2018",65.716,,,,"R1:3513"
"TUR","BA:622","EMP_DWAP_SEX_AGE_RT","SEX_M","AGE_10YRBANDS_Y15-24","2018",46.38,,,,"R1:3513"
"TUR","BA:622","EMP_DWAP_SEX_AGE_RT","SEX_M","AGE_10YRBANDS_Y25-34","2018",83.875,,,,"R1:3513"
"TUR","BA:622","EMP_DWAP_SEX_AGE_RT","SEX_M","AGE_10YRBANDS_Y35-44","2018",88.281,,,,"R1:3513"
"TUR","BA:622","EMP_DWAP_SEX_AGE_RT","SEX_M","AGE_10YRBANDS_Y45-54","2018",77.474,,,,"R1:3513"
"TUR","BA:622","EMP_DWAP_SEX_AGE_RT","SEX_M","AGE_10YRBANDS_Y55-64","2018",51.252,,,,"R1:3513"
"TUR","BA:622","EMP_DWAP_SEX_AGE_RT","SEX_M","AGE_10YRBANDS_YGE65","2018",20.237,,,,"R1:3513"
"TUR","BA:622","EMP_DWAP_SEX_AGE_RT","SEX_F","AGE_10YRBANDS_YGE15","2018",29.425,,,,"R1:3513"
"TUR","BA:622","EMP_DWAP_SEX_AGE_RT","SEX_F","AGE_10YRBANDS_Y15-24","2018",23.358,,,,"R1:3513"
"TUR","BA:622","EMP_DWAP_SEX_AGE_RT","SEX_F","AGE_10YRBANDS_Y25-34","2018",39.308,,,,"R1:3513"
"TUR","BA:622","EMP_DWAP_SEX_AGE_RT","SEX_F","AGE_10YRBANDS_Y35-44","2018",42.445,,,,"R1:3513"
"TUR","BA:622","EMP_DWAP_SEX_AGE_RT","SEX_F","AGE_10YRBANDS_Y45-54","2018",34.443,,,,"R1:3513"
"TUR","BA:622","EMP_DWAP_SEX_AGE_RT","SEX_F","AGE_10YRBANDS_Y55-64","2018",19.618,,,,"R1:3513"
"TUR","BA:622","EMP_DWAP_SEX_AGE_RT","SEX_F","AGE_10YRBANDS_YGE65","2018",5.771,,,,"R1:3513"
"TUR","BA:622","EMP_DWAP_SEX_AGE_RT","SEX_T","AGE_5YRBANDS_YGE15","2018",47.379,,,,"R1:3513"
"TUR","BA:622","EMP_DWAP_SEX_AGE_RT","SEX_T","AGE_5YRBANDS_Y15-19","2018",24.142,,,,"R1:3513"
"TUR","BA:622","EMP_DWAP_SEX_AGE_RT","SEX_T","AGE_5YRBANDS_Y20-24","2018",47.099,,,,"R1:3513"
"TUR","BA:622","EMP_DWAP_SEX_AGE_RT","SEX_T","AGE_5YRBANDS_Y25-29","2018",59.578,,,,"R1:3513"
"TUR","BA:622","EMP_DWAP_SEX_AGE_RT","SEX_T","AGE_5YRBANDS_Y30-34","2018",63.615,,,,"R1:3513"
"TUR","BA:622","EMP_DWAP_SEX_AGE_RT","SEX_T","AGE_5YRBANDS_Y35-39","2018",65.388,,,,"R1:3513"
"TUR","BA:622","EMP_DWAP_SEX_AGE_RT","SEX_T","AGE_5YRBANDS_Y40-44","2018",65.52,,,,"R1:3513"
"TUR","BA:622","EMP_DWAP_SEX_AGE_RT","SEX_T","AGE_5YRBANDS_Y45-49","2018",61.406,,,,"R1:3513"
"TUR","BA:622","EMP_DWAP_SEX_AGE_RT","SEX_T","AGE_5YRBANDS_Y50-54","2018",50.143,,,,"R1:3513"
"TUR","BA:622","EMP_DWAP_SEX_AGE_RT","SEX_T","AGE_5YRBANDS_Y55-59","2018",39.556,,,,"R1:3513"
"TUR","BA:622","EMP_DWAP_SEX_AGE_RT","SEX_T","AGE_5YRBANDS_Y60-64","2018",30.074,,,,"R1:3513"
"TUR","BA:622","EMP_DWAP_SEX_AGE_RT","SEX_T","AGE_5YRBANDS_YGE65","2018",12.139,,,,"R1:3513"
"TUR","BA:622","EMP_DWAP_SEX_AGE_RT","SEX_M","AGE_5YRBANDS_YGE15","2018",65.716,,,,"R1:3513"
"TUR","BA:622","EMP_DWAP_SEX_AGE_RT","SEX_M","AGE_5YRBANDS_Y15-19","2018",33.364,,,,"R1:3513"
"TUR","BA:622","EMP_DWAP_SEX_AGE_RT","SEX_M","AGE_5YRBANDS_Y20-24","2018",61.389,,,,"R1:3513"
"TUR","BA:622","EMP_DWAP_SEX_AGE_RT","SEX_M","AGE_5YRBANDS_Y25-29","2018",80.281,,,,"R1:3513"
"TUR","BA:622","EMP_DWAP_SEX_AGE_RT","SEX_M","AGE_5YRBANDS_Y30-34","2018",87.322,,,,"R1:3513"
"TUR","BA:622","EMP_DWAP_SEX_AGE_RT","SEX_M","AGE_5YRBANDS_Y35-39","2018",88.256,,,,"R1:3513"
"TUR","BA:622","EMP_DWAP_SEX_AGE_RT","SEX_M","AGE_5YRBANDS_Y40-44","2018",88.309,,,,"R1:3513"
"TUR","BA:622","EMP_DWAP_SEX_AGE_RT","SEX_M","AGE_5YRBANDS_Y45-49","2018",83.719,,,,"R1:3513"
"TUR","BA:622","EMP_DWAP_SEX_AGE_RT","SEX_M","AGE_5YRBANDS_Y50-54","2018",70.571,,,,"R1:3513"
"TUR","BA:622","EMP_DWAP_SEX_AGE_RT","SEX_M","AGE_5YRBANDS_Y55-59","2018",57.417,,,,"R1:3513"
"TUR","BA:622","EMP_DWAP_SEX_AGE_RT","SEX_M","AGE_5YRBANDS_Y60-64","2018",43.776,,,,"R1:3513"
"TUR","BA:622","EMP_DWAP_SEX_AGE_RT","SEX_M","AGE_5YRBANDS_YGE65","2018",20.237,,,,"R1:3513"
"TUR","BA:622","EMP_DWAP_SEX_AGE_RT","SEX_F","AGE_5YRBANDS_YGE15","2018",29.425,,,,"R1:3513"
"TUR","BA:622","EMP_DWAP_SEX_AGE_RT","SEX_F","AGE_5YRBANDS_Y15-19","2018",14.238,,,,"R1:3513"
"TUR","BA:622","EMP_DWAP_SEX_AGE_RT","SEX_F","AGE_5YRBANDS_Y20-24","2018",33.011,,,,"R1:3513"
"TUR","BA:622","EMP_DWAP_SEX_AGE_RT","SEX_F","AGE_5YRBANDS_Y25-29","2018",38.977,,,,"R1:3513"
"TUR","BA:622","EMP_DWAP_SEX_AGE_RT","SEX_F","AGE_5YRBANDS_Y30-34","2018",39.631,,,,"R1:3513"
"TUR","BA:622","EMP_DWAP_SEX_AGE_RT","SEX_F","AGE_5YRBANDS_Y35-39","2018",42.36,,,,"R1:3513"
"TUR","BA:622","EMP_DWAP_SEX_AGE_RT","SEX_F","AGE_5YRBANDS_Y40-44","2018",42.542,,,,"R1:3513"
"TUR","BA:622","EMP_DWAP_SEX_AGE_RT","SEX_F","AGE_5YRBANDS_Y45-49","2018",38.881,,,,"R1:3513"
"TUR","BA:622","EMP_DWAP_SEX_AGE_RT","SEX_F","AGE_5YRBANDS_Y50-54","2018",29.544,,,,"R1:3513"
"TUR","BA:622","EMP_DWAP_SEX_AGE_RT","SEX_F","AGE_5YRBANDS_Y55-59","2018",21.9,,,,"R1:3513"
"TUR","BA:622","EMP_DWAP_SEX_AGE_RT","SEX_F","AGE_5YRBANDS_Y60-64","2018",16.934,,,,"R1:3513"
"TUR","BA:622","EMP_DWAP_SEX_AGE_RT","SEX_F","AGE_5YRBANDS_YGE65","2018",5.771,,,,"R1:3513"
"TUR","BA:622","EMP_DWAP_SEX_AGE_RT","SEX_T","AGE_YTHADULT_YGE15","2017",47.065,,,,"R1:3513"
"TUR","BA:622","EMP_DWAP_SEX_AGE_RT","SEX_T","AGE_YTHADULT_Y15-64","2017",51.529,,,,"R1:3513"
"TUR","BA:622","EMP_DWAP_SEX_AGE_RT","SEX_T","AGE_YTHADULT_Y15-24","2017",34.335,,,,"R1:3513"
"TUR","BA:622","EMP_DWAP_SEX_AGE_RT","SEX_T","AGE_YTHADULT_YGE25","2017",50.213,,,,"R1:3513"
"TUR","BA:622","EMP_DWAP_SEX_AGE_RT","SEX_M","AGE_YTHADULT_YGE15","2017",65.634,,,,"R1:3513"
"TUR","BA:622","EMP_DWAP_SEX_AGE_RT","SEX_M","AGE_YTHADULT_Y15-64","2017",70.697,,,,"R1:3513"
"TUR","BA:622","EMP_DWAP_SEX_AGE_RT","SEX_M","AGE_YTHADULT_Y15-24","2017",45.353,,,,"R1:3513"
"TUR","BA:622","EMP_DWAP_SEX_AGE_RT","SEX_M","AGE_YTHADULT_YGE25","2017",70.802,,,,"R1:3513"
"TUR","BA:622","EMP_DWAP_SEX_AGE_RT","SEX_F","AGE_YTHADULT_YGE15","2017",28.86,,,,"R1:3513"
"TUR","BA:622","EMP_DWAP_SEX_AGE_RT","SEX_F","AGE_YTHADULT_Y15-64","2017",32.196,,,,"R1:3513"
"TUR","BA:622","EMP_DWAP_SEX_AGE_RT","SEX_F","AGE_YTHADULT_Y15-24","2017",23.003,,,,"R1:3513"
"TUR","BA:622","EMP_DWAP_SEX_AGE_RT","SEX_F","AGE_YTHADULT_YGE25","2017",30.267,,,,"R1:3513"
"TUR","BA:622","EMP_DWAP_SEX_AGE_RT","SEX_T","AGE_AGGREGATE_YGE15","2017",47.065,,,,"R1:3513"
"TUR","BA:622","EMP_DWAP_SEX_AGE_RT","SEX_T","AGE_AGGREGATE_Y15-24","2017",34.335,,,,"R1:3513"
"TUR","BA:622","EMP_DWAP_SEX_AGE_RT","SEX_T","AGE_AGGREGATE_Y25-54","2017",61.124,,,,"R1:3513"
"TUR","BA:622","EMP_DWAP_SEX_AGE_RT","SEX_T","AGE_AGGREGATE_Y55-64","2017",34.415,,,,"R1:3513"
"TUR","BA:622","EMP_DWAP_SEX_AGE_RT","SEX_T","AGE_AGGREGATE_YGE65","2017",11.903,,,,"R1:3513"
"TUR","BA:622","EMP_DWAP_SEX_AGE_RT","SEX_M","AGE_AGGREGATE_YGE15","2017",65.634,,,,"R1:3513"
"TUR","BA:622","EMP_DWAP_SEX_AGE_RT","SEX_M","AGE_AGGREGATE_Y15-24","2017",45.353,,,,"R1:3513"
"TUR","BA:622","EMP_DWAP_SEX_AGE_RT","SEX_M","AGE_AGGREGATE_Y25-54","2017",83.78,,,,"R1:3513"
"TUR","BA:622","EMP_DWAP_SEX_AGE_RT","SEX_M","AGE_AGGREGATE_Y55-64","2017",50.569,,,,"R1:3513"
"TUR","BA:622","EMP_DWAP_SEX_AGE_RT","SEX_M","AGE_AGGREGATE_YGE65","2017",20.037,,,,"R1:3513"
"TUR","BA:622","EMP_DWAP_SEX_AGE_RT","SEX_F","AGE_AGGREGATE_YGE15","2017",28.86,,,,"R1:3513"
"TUR","BA:622","EMP_DWAP_SEX_AGE_RT","SEX_F","AGE_AGGREGATE_Y15-24","2017",23.003,,,,"R1:3513"
"TUR","BA:622","EMP_DWAP_SEX_AGE_RT","SEX_F","AGE_AGGREGATE_Y25-54","2017",38.268,,,,"R1:3513"
"TUR","BA:622","EMP_DWAP_SEX_AGE_RT","SEX_F","AGE_AGGREGATE_Y55-64","2017",18.661,,,,"R1:3513"
"TUR","BA:622","EMP_DWAP_SEX_AGE_RT","SEX_F","AGE_AGGREGATE_YGE65","2017",5.533,,,,"R1:3513"
"TUR","BA:622","EMP_DWAP_SEX_AGE_RT","SEX_T","AGE_10YRBANDS_YGE15","2017",47.065,,,,"R1:3513"
"TUR","BA:622","EMP_DWAP_SEX_AGE_RT","SEX_T","AGE_10YRBANDS_Y15-24","2017",34.335,,,,"R1:3513"
"TUR","BA:622","EMP_DWAP_SEX_AGE_RT","SEX_T","AGE_10YRBANDS_Y25-34","2017",61.807,,,,"R1:3513"
"TUR","BA:622","EMP_DWAP_SEX_AGE_RT","SEX_T","AGE_10YRBANDS_Y35-44","2017",65.046,,,,"R1:3513"
"TUR","BA:622","EMP_DWAP_SEX_AGE_RT","SEX_T","AGE_10YRBANDS_Y45-54","2017",55.269,,,,"R1:3513"
"TUR","BA:622","EMP_DWAP_SEX_AGE_RT","SEX_T","AGE_10YRBANDS_Y55-64","2017",34.415,,,,"R1:3513"
"TUR","BA:622","EMP_DWAP_SEX_AGE_RT","SEX_T","AGE_10YRBANDS_YGE65","2017",11.903,,,,"R1:3513"
"TUR","BA:622","EMP_DWAP_SEX_AGE_RT","SEX_M","AGE_10YRBANDS_YGE15","2017",65.634,,,,"R1:3513"
"TUR","BA:622","EMP_DWAP_SEX_AGE_RT","SEX_M","AGE_10YRBANDS_Y15-24","2017",45.353,,,,"R1:3513"
"TUR","BA:622","EMP_DWAP_SEX_AGE_RT","SEX_M","AGE_10YRBANDS_Y25-34","2017",84.299,,,,"R1:3513"
"TUR","BA:622","EMP_DWAP_SEX_AGE_RT","SEX_M","AGE_10YRBANDS_Y35-44","2017",88.347,,,,"R1:3513"
"TUR","BA:622","EMP_DWAP_SEX_AGE_RT","SEX_M","AGE_10YRBANDS_Y45-54","2017",77.333,,,,"R1:3513"
"TUR","BA:622","EMP_DWAP_SEX_AGE_RT","SEX_M","AGE_10YRBANDS_Y55-64","2017",50.569,,,,"R1:3513"
"TUR","BA:622","EMP_DWAP_SEX_AGE_RT","SEX_M","AGE_10YRBANDS_YGE65","2017",20.037,,,,"R1:3513"
"TUR","BA:622","EMP_DWAP_SEX_AGE_RT","SEX_F","AGE_10YRBANDS_YGE15","2017",28.86,,,,"R1:3513"
"TUR","BA:622","EMP_DWAP_SEX_AGE_RT","SEX_F","AGE_10YRBANDS_Y15-24","2017",23.003,,,,"R1:3513"
"TUR","BA:622","EMP_DWAP_SEX_AGE_RT","SEX_F","AGE_10YRBANDS_Y25-34","2017",39.128,,,,"R1:3513"
"TUR","BA:622","EMP_DWAP_SEX_AGE_RT","SEX_F","AGE_10YRBANDS_Y35-44","2017",41.583,,,,"R1:3513"
"TUR","BA:622","EMP_DWAP_SEX_AGE_RT","SEX_F","AGE_10YRBANDS_Y45-54","2017",32.945,,,,"R1:3513"
"TUR","BA:622","EMP_DWAP_SEX_AGE_RT","SEX_F","AGE_10YRBANDS_Y55-64","2017",18.661,,,,"R1:3513"
"TUR","BA:622","EMP_DWAP_SEX_AGE_RT","SEX_F","AGE_10YRBANDS_YGE65","2017",5.533,,,,"R1:3513"
"TUR","BA:622","EMP_DWAP_SEX_AGE_RT","SEX_T","AGE_5YRBANDS_YGE15","2017",47.065,,,,"R1:3513"
"TUR","BA:622","EMP_DWAP_SEX_AGE_RT","SEX_T","AGE_5YRBANDS_Y15-19","2017",23.66,,,,"R1:3513"
"TUR","BA:622","EMP_DWAP_SEX_AGE_RT","SEX_T","AGE_5YRBANDS_Y20-24","2017",46.315,,,,"R1:3513"
"TUR","BA:622","EMP_DWAP_SEX_AGE_RT","SEX_T","AGE_5YRBANDS_Y25-29","2017",59.967,,,,"R1:3513"
"TUR","BA:622","EMP_DWAP_SEX_AGE_RT","SEX_T","AGE_5YRBANDS_Y30-34","2017",63.595,,,,"R1:3513"
"TUR","BA:622","EMP_DWAP_SEX_AGE_RT","SEX_T","AGE_5YRBANDS_Y35-39","2017",65.058,,,,"R1:3513"
"TUR","BA:622","EMP_DWAP_SEX_AGE_RT","SEX_T","AGE_5YRBANDS_Y40-44","2017",65.033,,,,"R1:3513"
"TUR","BA:622","EMP_DWAP_SEX_AGE_RT","SEX_T","AGE_5YRBANDS_Y45-49","2017",60.934,,,,"R1:3513"
"TUR","BA:622","EMP_DWAP_SEX_AGE_RT","SEX_T","AGE_5YRBANDS_Y50-54","2017",49.384,,,,"R1:3513"
"TUR","BA:622","EMP_DWAP_SEX_AGE_RT","SEX_T","AGE_5YRBANDS_Y55-59","2017",38.898,,,,"R1:3513"
"TUR","BA:622","EMP_DWAP_SEX_AGE_RT","SEX_T","AGE_5YRBANDS_Y60-64","2017",29.287,,,,"R1:3513"
"TUR","BA:622","EMP_DWAP_SEX_AGE_RT","SEX_T","AGE_5YRBANDS_YGE65","2017",11.903,,,,"R1:3513"
"TUR","BA:622","EMP_DWAP_SEX_AGE_RT","SEX_M","AGE_5YRBANDS_YGE15","2017",65.634,,,,"R1:3513"
"TUR","BA:622","EMP_DWAP_SEX_AGE_RT","SEX_M","AGE_5YRBANDS_Y15-19","2017",31.922,,,,"R1:3513"
"TUR","BA:622","EMP_DWAP_SEX_AGE_RT","SEX_M","AGE_5YRBANDS_Y20-24","2017",61.109,,,,"R1:3513"
"TUR","BA:622","EMP_DWAP_SEX_AGE_RT","SEX_M","AGE_5YRBANDS_Y25-29","2017",80.82,,,,"R1:3513"
"TUR","BA:622","EMP_DWAP_SEX_AGE_RT","SEX_M","AGE_5YRBANDS_Y30-34","2017",87.658,,,,"R1:3513"
"TUR","BA:622","EMP_DWAP_SEX_AGE_RT","SEX_M","AGE_5YRBANDS_Y35-39","2017",88.323,,,,"R1:3513"
"TUR","BA:622","EMP_DWAP_SEX_AGE_RT","SEX_M","AGE_5YRBANDS_Y40-44","2017",88.375,,,,"R1:3513"
"TUR","BA:622","EMP_DWAP_SEX_AGE_RT","SEX_M","AGE_5YRBANDS_Y45-49","2017",83.931,,,,"R1:3513"
"TUR","BA:622","EMP_DWAP_SEX_AGE_RT","SEX_M","AGE_5YRBANDS_Y50-54","2017",70.412,,,,"R1:3513"
"TUR","BA:622","EMP_DWAP_SEX_AGE_RT","SEX_M","AGE_5YRBANDS_Y55-59","2017",57.002,,,,"R1:3513"
"TUR","BA:622","EMP_DWAP_SEX_AGE_RT","SEX_M","AGE_5YRBANDS_Y60-64","2017",43.073,,,,"R1:3513"
"TUR","BA:622","EMP_DWAP_SEX_AGE_RT","SEX_M","AGE_5YRBANDS_YGE65","2017",20.037,,,,"R1:3513"
"TUR","BA:622","EMP_DWAP_SEX_AGE_RT","SEX_F","AGE_5YRBANDS_YGE15","2017",28.86,,,,"R1:3513"
"TUR","BA:622","EMP_DWAP_SEX_AGE_RT","SEX_F","AGE_5YRBANDS_Y15-19","2017",14.798,,,,"R1:3513"
"TUR","BA:622","EMP_DWAP_SEX_AGE_RT","SEX_F","AGE_5YRBANDS_Y20-24","2017",31.804,,,,"R1:3513"
"TUR","BA:622","EMP_DWAP_SEX_AGE_RT","SEX_F","AGE_5YRBANDS_Y25-29","2017",39.08,,,,"R1:3513"
"TUR","BA:622","EMP_DWAP_SEX_AGE_RT","SEX_F","AGE_5YRBANDS_Y30-34","2017",39.174,,,,"R1:3513"
"TUR","BA:622","EMP_DWAP_SEX_AGE_RT","SEX_F","AGE_5YRBANDS_Y35-39","2017",41.597,,,,"R1:3513"
"TUR","BA:622","EMP_DWAP_SEX_AGE_RT","SEX_F","AGE_5YRBANDS_Y40-44","2017",41.566,,,,"R1:3513"
"TUR","BA:622","EMP_DWAP_SEX_AGE_RT","SEX_F","AGE_5YRBANDS_Y45-49","2017",37.439,,,,"R1:3513"
"TUR","BA:622","EMP_DWAP_SEX_AGE_RT","SEX_F","AGE_5YRBANDS_Y50-54","2017",28.323,,,,"R1:3513"
"TUR","BA:622","EMP_DWAP_SEX_AGE_RT","SEX_F","AGE_5YRBANDS_Y55-59","2017",20.939,,,,"R1:3513"
"TUR","BA:622","EMP_DWAP_SEX_AGE_RT","SEX_F","AGE_5YRBANDS_Y60-64","2017",16.101,,,,"R1:3513"
"TUR","BA:622","EMP_DWAP_SEX_AGE_RT","SEX_F","AGE_5YRBANDS_YGE65","2017",5.533,,,,"R1:3513"
"TUR","BA:622","EMP_DWAP_SEX_AGE_RT","SEX_T","AGE_YTHADULT_YGE15","2016",46.33,,,,"R1:3513"
"TUR","BA:622","EMP_DWAP_SEX_AGE_RT","SEX_T","AGE_YTHADULT_Y15-64","2016",50.647,,,,"R1:3513"
"TUR","BA:622","EMP_DWAP_SEX_AGE_RT","SEX_T","AGE_YTHADULT_Y15-24","2016",34.106,,,,"R1:3513"
"TUR","BA:622","EMP_DWAP_SEX_AGE_RT","SEX_T","AGE_YTHADULT_YGE25","2016",49.419,,,,"R1:3513"
"TUR","BA:622","EMP_DWAP_SEX_AGE_RT","SEX_M","AGE_YTHADULT_YGE15","2016",65.078,,,,"R1:3513"
"TUR","BA:622","EMP_DWAP_SEX_AGE_RT","SEX_M","AGE_YTHADULT_Y15-64","2016",70.011,,,,"R1:3513"
"TUR","BA:622","EMP_DWAP_SEX_AGE_RT","SEX_M","AGE_YTHADULT_Y15-24","2016",44.849,,,,"R1:3513"
"TUR","BA:622","EMP_DWAP_SEX_AGE_RT","SEX_M","AGE_YTHADULT_YGE25","2016",70.308,,,,"R1:3513"
"TUR","BA:622","EMP_DWAP_SEX_AGE_RT","SEX_F","AGE_YTHADULT_YGE15","2016",27.998,,,,"R1:3513"
"TUR","BA:622","EMP_DWAP_SEX_AGE_RT","SEX_F","AGE_YTHADULT_Y15-64","2016",31.157,,,,"R1:3513"
"TUR","BA:622","EMP_DWAP_SEX_AGE_RT","SEX_F","AGE_YTHADULT_Y15-24","2016",23.209,,,,"R1:3513"
"TUR","BA:622","EMP_DWAP_SEX_AGE_RT","SEX_F","AGE_YTHADULT_YGE25","2016",29.181,,,,"R1:3513"
"TUR","BA:622","EMP_DWAP_SEX_AGE_RT","SEX_T","AGE_AGGREGATE_YGE15","2016",46.33,,,,"R1:3513"
"TUR","BA:622","EMP_DWAP_SEX_AGE_RT","SEX_T","AGE_AGGREGATE_Y15-24","2016",34.106,,,,"R1:3513"
"TUR","BA:622","EMP_DWAP_SEX_AGE_RT","SEX_T","AGE_AGGREGATE_Y25-54","2016",60.025,,,,"R1:3513"
"TUR","BA:622","EMP_DWAP_SEX_AGE_RT","SEX_T","AGE_AGGREGATE_Y55-64","2016",33.436,,,,"R1:3513"
"TUR","BA:622","EMP_DWAP_SEX_AGE_RT","SEX_T","AGE_AGGREGATE_YGE65","2016",11.482,,,,"R1:3513"
"TUR","BA:622","EMP_DWAP_SEX_AGE_RT","SEX_M","AGE_AGGREGATE_YGE15","2016",65.078,,,,"R1:3513"
"TUR","BA:622","EMP_DWAP_SEX_AGE_RT","SEX_M","AGE_AGGREGATE_Y15-24","2016",44.849,,,,"R1:3513"
"TUR","BA:622","EMP_DWAP_SEX_AGE_RT","SEX_M","AGE_AGGREGATE_Y25-54","2016",83.14,,,,"R1:3513"
"TUR","BA:622","EMP_DWAP_SEX_AGE_RT","SEX_M","AGE_AGGREGATE_Y55-64","2016",49.133,,,,"R1:3513"
"TUR","BA:622","EMP_DWAP_SEX_AGE_RT","SEX_M","AGE_AGGREGATE_YGE65","2016",19.279,,,,"R1:3513"
"TUR","BA:622","EMP_DWAP_SEX_AGE_RT","SEX_F","AGE_AGGREGATE_YGE15","2016",27.998,,,,"R1:3513"
"TUR","BA:622","EMP_DWAP_SEX_AGE_RT","SEX_F","AGE_AGGREGATE_Y15-24","2016",23.209,,,,"R1:3513"
"TUR","BA:622","EMP_DWAP_SEX_AGE_RT","SEX_F","AGE_AGGREGATE_Y25-54","2016",36.686,,,,"R1:3513"
"TUR","BA:622","EMP_DWAP_SEX_AGE_RT","SEX_F","AGE_AGGREGATE_Y55-64","2016",18.094,,,,"R1:3513"
"TUR","BA:622","EMP_DWAP_SEX_AGE_RT","SEX_F","AGE_AGGREGATE_YGE65","2016",5.448,,,,"R1:3513"
"TUR","BA:622","EMP_DWAP_SEX_AGE_RT","SEX_T","AGE_10YRBANDS_YGE15","2016",46.33,,,,"R1:3513"
"TUR","BA:622","EMP_DWAP_SEX_AGE_RT","SEX_T","AGE_10YRBANDS_Y15-24","2016",34.106,,,,"R1:3513"
"TUR","BA:622","EMP_DWAP_SEX_AGE_RT","SEX_T","AGE_10YRBANDS_Y25-34","2016",60.977,,,,"R1:3513"
"TUR","BA:622","EMP_DWAP_SEX_AGE_RT","SEX_T","AGE_10YRBANDS_Y35-44","2016",64.178,,,,"R1:3513"
"TUR","BA:622","EMP_DWAP_SEX_AGE_RT","SEX_T","AGE_10YRBANDS_Y45-54","2016",53.47,,,,"R1:3513"
"TUR","BA:622","EMP_DWAP_SEX_AGE_RT","SEX_T","AGE_10YRBANDS_Y55-64","2016",33.436,,,,"R1:3513"
"TUR","BA:622","EMP_DWAP_SEX_AGE_RT","SEX_T","AGE_10YRBANDS_YGE65","2016",11.482,,,,"R1:3513"
"TUR","BA:622","EMP_DWAP_SEX_AGE_RT","SEX_M","AGE_10YRBANDS_YGE15","2016",65.078,,,,"R1:3513"
"TUR","BA:622","EMP_DWAP_SEX_AGE_RT","SEX_M","AGE_10YRBANDS_Y15-24","2016",44.849,,,,"R1:3513"
"TUR","BA:622","EMP_DWAP_SEX_AGE_RT","SEX_M","AGE_10YRBANDS_Y25-34","2016",83.96,,,,"R1:3513"
"TUR","BA:622","EMP_DWAP_SEX_AGE_RT","SEX_M","AGE_10YRBANDS_Y35-44","2016",87.796,,,,"R1:3513"
"TUR","BA:622","EMP_DWAP_SEX_AGE_RT","SEX_M","AGE_10YRBANDS_Y45-54","2016",76.133,,,,"R1:3513"
"TUR","BA:622","EMP_DWAP_SEX_AGE_RT","SEX_M","AGE_10YRBANDS_Y55-64","2016",49.133,,,,"R1:3513"
"TUR","BA:622","EMP_DWAP_SEX_AGE_RT","SEX_M","AGE_10YRBANDS_YGE65","2016",19.279,,,,"R1:3513"
"TUR","BA:622","EMP_DWAP_SEX_AGE_RT","SEX_F","AGE_10YRBANDS_YGE15","2016",27.998,,,,"R1:3513"
"TUR","BA:622","EMP_DWAP_SEX_AGE_RT","SEX_F","AGE_10YRBANDS_Y15-24","2016",23.209,,,,"R1:3513"
"TUR","BA:622","EMP_DWAP_SEX_AGE_RT","SEX_F","AGE_10YRBANDS_Y25-34","2016",37.785,,,,"R1:3513"
"TUR","BA:622","EMP_DWAP_SEX_AGE_RT","SEX_F","AGE_10YRBANDS_Y35-44","2016",40.368,,,,"R1:3513"
"TUR","BA:622","EMP_DWAP_SEX_AGE_RT","SEX_F","AGE_10YRBANDS_Y45-54","2016",30.522,,,,"R1:3513"
"TUR","BA:622","EMP_DWAP_SEX_AGE_RT","SEX_F","AGE_10YRBANDS_Y55-64","2016",18.094,,,,"R1:3513"
"TUR","BA:622","EMP_DWAP_SEX_AGE_RT","SEX_F","AGE_10YRBANDS_YGE65","2016",5.448,,,,"R1:3513"
"TUR","BA:622","EMP_DWAP_SEX_AGE_RT","SEX_T","AGE_5YRBANDS_YGE15","2016",46.33,,,,"R1:3513"
"TUR","BA:622","EMP_DWAP_SEX_AGE_RT","SEX_T","AGE_5YRBANDS_Y15-19","2016",23.642,,,,"R1:3513"
"TUR","BA:622","EMP_DWAP_SEX_AGE_RT","SEX_T","AGE_5YRBANDS_Y20-24","2016",45.99,,,,"R1:3513"
"TUR","BA:622","EMP_DWAP_SEX_AGE_RT","SEX_T","AGE_5YRBANDS_Y25-29","2016",58.771,,,,"R1:3513"
"TUR","BA:622","EMP_DWAP_SEX_AGE_RT","SEX_T","AGE_5YRBANDS_Y30-34","2016",63.109,,,,"R1:3513"
"TUR","BA:622","EMP_DWAP_SEX_AGE_RT","SEX_T","AGE_5YRBANDS_Y35-39","2016",64.286,,,,"R1:3513"
"TUR","BA:622","EMP_DWAP_SEX_AGE_RT","SEX_T","AGE_5YRBANDS_Y40-44","2016",64.057,,,,"R1:3513"
"TUR","BA:622","EMP_DWAP_SEX_AGE_RT","SEX_T","AGE_5YRBANDS_Y45-49","2016",59.751,,,,"R1:3513"
"TUR","BA:622","EMP_DWAP_SEX_AGE_RT","SEX_T","AGE_5YRBANDS_Y50-54","2016",47.24,,,,"R1:3513"
"TUR","BA:622","EMP_DWAP_SEX_AGE_RT","SEX_T","AGE_5YRBANDS_Y55-59","2016",38.008,,,,"R1:3513"
"TUR","BA:622","EMP_DWAP_SEX_AGE_RT","SEX_T","AGE_5YRBANDS_Y60-64","2016",28.251,,,,"R1:3513"
"TUR","BA:622","EMP_DWAP_SEX_AGE_RT","SEX_T","AGE_5YRBANDS_YGE65","2016",11.482,,,,"R1:3513"
"TUR","BA:622","EMP_DWAP_SEX_AGE_RT","SEX_M","AGE_5YRBANDS_YGE15","2016",65.078,,,,"R1:3513"
"TUR","BA:622","EMP_DWAP_SEX_AGE_RT","SEX_M","AGE_5YRBANDS_Y15-19","2016",31.283,,,,"R1:3513"
"TUR","BA:622","EMP_DWAP_SEX_AGE_RT","SEX_M","AGE_5YRBANDS_Y20-24","2016",60.921,,,,"R1:3513"
"TUR","BA:622","EMP_DWAP_SEX_AGE_RT","SEX_M","AGE_5YRBANDS_Y25-29","2016",80.17,,,,"R1:3513"
"TUR","BA:622","EMP_DWAP_SEX_AGE_RT","SEX_M","AGE_5YRBANDS_Y30-34","2016",87.586,,,,"R1:3513"
"TUR","BA:622","EMP_DWAP_SEX_AGE_RT","SEX_M","AGE_5YRBANDS_Y35-39","2016",88.09,,,,"R1:3513"
"TUR","BA:622","EMP_DWAP_SEX_AGE_RT","SEX_M","AGE_5YRBANDS_Y40-44","2016",87.46,,,,"R1:3513"
"TUR","BA:622","EMP_DWAP_SEX_AGE_RT","SEX_M","AGE_5YRBANDS_Y45-49","2016",83.775,,,,"R1:3513"
"TUR","BA:622","EMP_DWAP_SEX_AGE_RT","SEX_M","AGE_5YRBANDS_Y50-54","2016",68.432,,,,"R1:3513"
"TUR","BA:622","EMP_DWAP_SEX_AGE_RT","SEX_M","AGE_5YRBANDS_Y55-59","2016",55.519,,,,"R1:3513"
"TUR","BA:622","EMP_DWAP_SEX_AGE_RT","SEX_M","AGE_5YRBANDS_Y60-64","2016",41.723,,,,"R1:3513"
"TUR","BA:622","EMP_DWAP_SEX_AGE_RT","SEX_M","AGE_5YRBANDS_YGE65","2016",19.279,,,,"R1:3513"
"TUR","BA:622","EMP_DWAP_SEX_AGE_RT","SEX_F","AGE_5YRBANDS_YGE15","2016",27.998,,,,"R1:3513"
"TUR","BA:622","EMP_DWAP_SEX_AGE_RT","SEX_F","AGE_5YRBANDS_Y15-19","2016",15.579,,,,"R1:3513"
"TUR","BA:622","EMP_DWAP_SEX_AGE_RT","SEX_F","AGE_5YRBANDS_Y20-24","2016",31.512,,,,"R1:3513"
"TUR","BA:622","EMP_DWAP_SEX_AGE_RT","SEX_F","AGE_5YRBANDS_Y25-29","2016",37.388,,,,"R1:3513"
"TUR","BA:622","EMP_DWAP_SEX_AGE_RT","SEX_F","AGE_5YRBANDS_Y30-34","2016",38.171,,,,"R1:3513"
"TUR","BA:622","EMP_DWAP_SEX_AGE_RT","SEX_F","AGE_5YRBANDS_Y35-39","2016",40.178,,,,"R1:3513"
"TUR","BA:622","EMP_DWAP_SEX_AGE_RT","SEX_F","AGE_5YRBANDS_Y40-44","2016",40.583,,,,"R1:3513"
"TUR","BA:622","EMP_DWAP_SEX_AGE_RT","SEX_F","AGE_5YRBANDS_Y45-49","2016",35.028,,,,"R1:3513"
"TUR","BA:622","EMP_DWAP_SEX_AGE_RT","SEX_F","AGE_5YRBANDS_Y50-54","2016",26.124,,,,"R1:3513"
"TUR","BA:622","EMP_DWAP_SEX_AGE_RT","SEX_F","AGE_5YRBANDS_Y55-59","2016",20.529,,,,"R1:3513"
"TUR","BA:622","EMP_DWAP_SEX_AGE_RT","SEX_F","AGE_5YRBANDS_Y60-64","2016",15.392,,,,"R1:3513"
"TUR","BA:622","EMP_DWAP_SEX_AGE_RT","SEX_F","AGE_5YRBANDS_YGE65","2016",5.448,,,,"R1:3513"
"TUR","BA:622","EMP_DWAP_SEX_AGE_RT","SEX_T","AGE_YTHADULT_YGE15","2015",46.013,,,,"R1:3513"
"TUR","BA:622","EMP_DWAP_SEX_AGE_RT","SEX_T","AGE_YTHADULT_Y15-64","2015",50.193,,,,"R1:3513"
"TUR","BA:622","EMP_DWAP_SEX_AGE_RT","SEX_T","AGE_YTHADULT_Y15-24","2015",34.226,,,,"R1:3513"
"TUR","BA:622","EMP_DWAP_SEX_AGE_RT","SEX_T","AGE_YTHADULT_YGE25","2015",49.033,,,,"R1:3513"
"TUR","BA:622","EMP_DWAP_SEX_AGE_RT","SEX_M","AGE_YTHADULT_YGE15","2015",64.964,,,,"R1:3513"
"TUR","BA:622","EMP_DWAP_SEX_AGE_RT","SEX_M","AGE_YTHADULT_Y15-64","2015",69.793,,,,"R1:3513"
"TUR","BA:622","EMP_DWAP_SEX_AGE_RT","SEX_M","AGE_YTHADULT_Y15-24","2015",45.243,,,,"R1:3513"
"TUR","BA:622","EMP_DWAP_SEX_AGE_RT","SEX_M","AGE_YTHADULT_YGE25","2015",70.105,,,,"R1:3513"
"TUR","BA:622","EMP_DWAP_SEX_AGE_RT","SEX_F","AGE_YTHADULT_YGE15","2015",27.521,,,,"R1:3513"
"TUR","BA:622","EMP_DWAP_SEX_AGE_RT","SEX_F","AGE_YTHADULT_Y15-64","2015",30.516,,,,"R1:3513"
"TUR","BA:622","EMP_DWAP_SEX_AGE_RT","SEX_F","AGE_YTHADULT_Y15-24","2015",23.175,,,,"R1:3513"
"TUR","BA:622","EMP_DWAP_SEX_AGE_RT","SEX_F","AGE_YTHADULT_YGE25","2015",28.615,,,,"R1:3513"
"TUR","BA:622","EMP_DWAP_SEX_AGE_RT","SEX_T","AGE_AGGREGATE_YGE15","2015",46.013,,,,"R1:3513"
"TUR","BA:622","EMP_DWAP_SEX_AGE_RT","SEX_T","AGE_AGGREGATE_Y15-24","2015",34.226,,,,"R1:3513"
"TUR","BA:622","EMP_DWAP_SEX_AGE_RT","SEX_T","AGE_AGGREGATE_Y25-54","2015",59.534,,,,"R1:3513"
"TUR","BA:622","EMP_DWAP_SEX_AGE_RT","SEX_T","AGE_AGGREGATE_Y55-64","2015",31.868,,,,"R1:3513"
"TUR","BA:622","EMP_DWAP_SEX_AGE_RT","SEX_T","AGE_AGGREGATE_YGE65","2015",11.642,,,,"R1:3513"
"TUR","BA:622","EMP_DWAP_SEX_AGE_RT","SEX_M","AGE_AGGREGATE_YGE15","2015",64.964,,,,"R1:3513"
"TUR","BA:622","EMP_DWAP_SEX_AGE_RT","SEX_M","AGE_AGGREGATE_Y15-24","2015",45.243,,,,"R1:3513"
"TUR","BA:622","EMP_DWAP_SEX_AGE_RT","SEX_M","AGE_AGGREGATE_Y25-54","2015",83.108,,,,"R1:3513"
"TUR","BA:622","EMP_DWAP_SEX_AGE_RT","SEX_M","AGE_AGGREGATE_Y55-64","2015",46.354,,,,"R1:3513"
"TUR","BA:622","EMP_DWAP_SEX_AGE_RT","SEX_M","AGE_AGGREGATE_YGE65","2015",19.279,,,,"R1:3513"
"TUR","BA:622","EMP_DWAP_SEX_AGE_RT","SEX_F","AGE_AGGREGATE_YGE15","2015",27.521,,,,"R1:3513"
"TUR","BA:622","EMP_DWAP_SEX_AGE_RT","SEX_F","AGE_AGGREGATE_Y15-24","2015",23.175,,,,"R1:3513"
"TUR","BA:622","EMP_DWAP_SEX_AGE_RT","SEX_F","AGE_AGGREGATE_Y25-54","2015",35.736,,,,"R1:3513"
"TUR","BA:622","EMP_DWAP_SEX_AGE_RT","SEX_F","AGE_AGGREGATE_Y55-64","2015",17.696,,,,"R1:3513"
"TUR","BA:622","EMP_DWAP_SEX_AGE_RT","SEX_F","AGE_AGGREGATE_YGE65","2015",5.752,,,,"R1:3513"
"TUR","BA:622","EMP_DWAP_SEX_AGE_RT","SEX_T","AGE_10YRBANDS_YGE15","2015",46.013,,,,"R1:3513"
"TUR","BA:622","EMP_DWAP_SEX_AGE_RT","SEX_T","AGE_10YRBANDS_Y15-24","2015",34.226,,,,"R1:3513"
"TUR","BA:622","EMP_DWAP_SEX_AGE_RT","SEX_T","AGE_10YRBANDS_Y25-34","2015",60.929,,,,"R1:3513"
"TUR","BA:622","EMP_DWAP_SEX_AGE_RT","SEX_T","AGE_10YRBANDS_Y35-44","2015",63.633,,,,"R1:3513"
"TUR","BA:622","EMP_DWAP_SEX_AGE_RT","SEX_T","AGE_10YRBANDS_Y45-54","2015",52.436,,,,"R1:3513"
"TUR","BA:622","EMP_DWAP_SEX_AGE_RT","SEX_T","AGE_10YRBANDS_Y55-64","2015",31.868,,,,"R1:3513"
"TUR","BA:622","EMP_DWAP_SEX_AGE_RT","SEX_T","AGE_10YRBANDS_YGE65","2015",11.642,,,,"R1:3513"
"TUR","BA:622","EMP_DWAP_SEX_AGE_RT","SEX_M","AGE_10YRBANDS_YGE15","2015",64.964,,,,"R1:3513"
"TUR","BA:622","EMP_DWAP_SEX_AGE_RT","SEX_M","AGE_10YRBANDS_Y15-24","2015",45.243,,,,"R1:3513"
"TUR","BA:622","EMP_DWAP_SEX_AGE_RT","SEX_M","AGE_10YRBANDS_Y25-34","2015",84.739,,,,"R1:3513"
"TUR","BA:622","EMP_DWAP_SEX_AGE_RT","SEX_M","AGE_10YRBANDS_Y35-44","2015",87.73,,,,"R1:3513"
"TUR","BA:622","EMP_DWAP_SEX_AGE_RT","SEX_M","AGE_10YRBANDS_Y45-54","2015",75.043,,,,"R1:3513"
"TUR","BA:622","EMP_DWAP_SEX_AGE_RT","SEX_M","AGE_10YRBANDS_Y55-64","2015",46.354,,,,"R1:3513"
"TUR","BA:622","EMP_DWAP_SEX_AGE_RT","SEX_M","AGE_10YRBANDS_YGE65","2015",19.279,,,,"R1:3513"
"TUR","BA:622","EMP_DWAP_SEX_AGE_RT","SEX_F","AGE_10YRBANDS_YGE15","2015",27.521,,,,"R1:3513"
"TUR","BA:622","EMP_DWAP_SEX_AGE_RT","SEX_F","AGE_10YRBANDS_Y15-24","2015",23.175,,,,"R1:3513"
"TUR","BA:622","EMP_DWAP_SEX_AGE_RT","SEX_F","AGE_10YRBANDS_Y25-34","2015",36.956,,,,"R1:3513"
"TUR","BA:622","EMP_DWAP_SEX_AGE_RT","SEX_F","AGE_10YRBANDS_Y35-44","2015",39.303,,,,"R1:3513"
"TUR","BA:622","EMP_DWAP_SEX_AGE_RT","SEX_F","AGE_10YRBANDS_Y45-54","2015",29.541,,,,"R1:3513"
"TUR","BA:622","EMP_DWAP_SEX_AGE_RT","SEX_F","AGE_10YRBANDS_Y55-64","2015",17.696,,,,"R1:3513"
"TUR","BA:622","EMP_DWAP_SEX_AGE_RT","SEX_F","AGE_10YRBANDS_YGE65","2015",5.752,,,,"R1:3513"
"TUR","BA:622","EMP_DWAP_SEX_AGE_RT","SEX_T","AGE_5YRBANDS_YGE15","2015",46.013,,,,"R1:3513"
"TUR","BA:622","EMP_DWAP_SEX_AGE_RT","SEX_T","AGE_5YRBANDS_Y15-19","2015",23.573,,,,"R1:3513"
"TUR","BA:622","EMP_DWAP_SEX_AGE_RT","SEX_T","AGE_5YRBANDS_Y20-24","2015",46.517,,,,"R1:3513"
"TUR","BA:622","EMP_DWAP_SEX_AGE_RT","SEX_T","AGE_5YRBANDS_Y25-29","2015",58.817,,,,"R1:3513"
"TUR","BA:622","EMP_DWAP_SEX_AGE_RT","SEX_T","AGE_5YRBANDS_Y30-34","2015",62.945,,,,"R1:3513"
"TUR","BA:622","EMP_DWAP_SEX_AGE_RT","SEX_T","AGE_5YRBANDS_Y35-39","2015",64.094,,,,"R1:3513"
"TUR","BA:622","EMP_DWAP_SEX_AGE_RT","SEX_T","AGE_5YRBANDS_Y40-44","2015",63.129,,,,"R1:3513"
"TUR","BA:622","EMP_DWAP_SEX_AGE_RT","SEX_T","AGE_5YRBANDS_Y45-49","2015",58.561,,,,"R1:3513"
"TUR","BA:622","EMP_DWAP_SEX_AGE_RT","SEX_T","AGE_5YRBANDS_Y50-54","2015",46.218,,,,"R1:3513"
"TUR","BA:622","EMP_DWAP_SEX_AGE_RT","SEX_T","AGE_5YRBANDS_Y55-59","2015",36.162,,,,"R1:3513"
"TUR","BA:622","EMP_DWAP_SEX_AGE_RT","SEX_T","AGE_5YRBANDS_Y60-64","2015",26.657,,,,"R1:3513"
"TUR","BA:622","EMP_DWAP_SEX_AGE_RT","SEX_T","AGE_5YRBANDS_YGE65","2015",11.642,,,,"R1:3513"
"TUR","BA:622","EMP_DWAP_SEX_AGE_RT","SEX_M","AGE_5YRBANDS_YGE15","2015",64.964,,,,"R1:3513"
"TUR","BA:622","EMP_DWAP_SEX_AGE_RT","SEX_M","AGE_5YRBANDS_Y15-19","2015",31.663,,,,"R1:3513"
"TUR","BA:622","EMP_DWAP_SEX_AGE_RT","SEX_M","AGE_5YRBANDS_Y20-24","2015",61.756,,,,"R1:3513"
"TUR","BA:622","EMP_DWAP_SEX_AGE_RT","SEX_M","AGE_5YRBANDS_Y25-29","2015",81.212,,,,"R1:3513"
"TUR","BA:622","EMP_DWAP_SEX_AGE_RT","SEX_M","AGE_5YRBANDS_Y30-34","2015",88.074,,,,"R1:3513"
"TUR","BA:622","EMP_DWAP_SEX_AGE_RT","SEX_M","AGE_5YRBANDS_Y35-39","2015",88.38,,,,"R1:3513"
"TUR","BA:622","EMP_DWAP_SEX_AGE_RT","SEX_M","AGE_5YRBANDS_Y40-44","2015",87.014,,,,"R1:3513"
"TUR","BA:622","EMP_DWAP_SEX_AGE_RT","SEX_M","AGE_5YRBANDS_Y45-49","2015",83.131,,,,"R1:3513"
"TUR","BA:622","EMP_DWAP_SEX_AGE_RT","SEX_M","AGE_5YRBANDS_Y50-54","2015",66.692,,,,"R1:3513"
"TUR","BA:622","EMP_DWAP_SEX_AGE_RT","SEX_M","AGE_5YRBANDS_Y55-59","2015",52.008,,,,"R1:3513"
"TUR","BA:622","EMP_DWAP_SEX_AGE_RT","SEX_M","AGE_5YRBANDS_Y60-64","2015",39.32,,,,"R1:3513"
"TUR","BA:622","EMP_DWAP_SEX_AGE_RT","SEX_M","AGE_5YRBANDS_YGE65","2015",19.279,,,,"R1:3513"
"TUR","BA:622","EMP_DWAP_SEX_AGE_RT","SEX_F","AGE_5YRBANDS_YGE15","2015",27.521,,,,"R1:3513"
"TUR","BA:622","EMP_DWAP_SEX_AGE_RT","SEX_F","AGE_5YRBANDS_Y15-19","2015",15.05,,,,"R1:3513"
"TUR","BA:622","EMP_DWAP_SEX_AGE_RT","SEX_F","AGE_5YRBANDS_Y20-24","2015",32.068,,,,"R1:3513"
"TUR","BA:622","EMP_DWAP_SEX_AGE_RT","SEX_F","AGE_5YRBANDS_Y25-29","2015",36.473,,,,"R1:3513"
"TUR","BA:622","EMP_DWAP_SEX_AGE_RT","SEX_F","AGE_5YRBANDS_Y30-34","2015",37.421,,,,"R1:3513"
"TUR","BA:622","EMP_DWAP_SEX_AGE_RT","SEX_F","AGE_5YRBANDS_Y35-39","2015",39.403,,,,"R1:3513"
"TUR","BA:622","EMP_DWAP_SEX_AGE_RT","SEX_F","AGE_5YRBANDS_Y40-44","2015",39.194,,,,"R1:3513"
"TUR","BA:622","EMP_DWAP_SEX_AGE_RT","SEX_F","AGE_5YRBANDS_Y45-49","2015",33.258,,,,"R1:3513"
"TUR","BA:622","EMP_DWAP_SEX_AGE_RT","SEX_F","AGE_5YRBANDS_Y50-54","2015",25.83,,,,"R1:3513"
"TUR","BA:622","EMP_DWAP_SEX_AGE_RT","SEX_F","AGE_5YRBANDS_Y55-59","2015",20.314,,,,"R1:3513"
"TUR","BA:622","EMP_DWAP_SEX_AGE_RT","SEX_F","AGE_5YRBANDS_Y60-64","2015",14.594,,,,"R1:3513"
"TUR","BA:622","EMP_DWAP_SEX_AGE_RT","SEX_F","AGE_5YRBANDS_YGE65","2015",5.752,,,,"R1:3513"
"TUR","BA:622","EMP_DWAP_SEX_AGE_RT","SEX_T","AGE_YTHADULT_YGE15","2014",45.507,,,,"R1:3513"
"TUR","BA:622","EMP_DWAP_SEX_AGE_RT","SEX_T","AGE_YTHADULT_Y15-64","2014",49.549,,,,"R1:3513"
"TUR","BA:622","EMP_DWAP_SEX_AGE_RT","SEX_T","AGE_YTHADULT_Y15-24","2014",33.522,,,,"R1:3513"
"TUR","BA:622","EMP_DWAP_SEX_AGE_RT","SEX_T","AGE_YTHADULT_YGE25","2014",48.611,,,,"R1:3513"
"TUR","BA:622","EMP_DWAP_SEX_AGE_RT","SEX_M","AGE_YTHADULT_YGE15","2014",64.82,,,,"R1:3513"
"TUR","BA:622","EMP_DWAP_SEX_AGE_RT","SEX_M","AGE_YTHADULT_Y15-64","2014",69.52,,,,"R1:3513"
"TUR","BA:622","EMP_DWAP_SEX_AGE_RT","SEX_M","AGE_YTHADULT_Y15-24","2014",44.996,,,,"R1:3513"
"TUR","BA:622","EMP_DWAP_SEX_AGE_RT","SEX_M","AGE_YTHADULT_YGE25","2014",70.04,,,,"R1:3513"
"TUR","BA:622","EMP_DWAP_SEX_AGE_RT","SEX_F","AGE_YTHADULT_YGE15","2014",26.659,,,,"R1:3513"
"TUR","BA:622","EMP_DWAP_SEX_AGE_RT","SEX_F","AGE_YTHADULT_Y15-64","2014",29.506,,,,"R1:3513"
"TUR","BA:622","EMP_DWAP_SEX_AGE_RT","SEX_F","AGE_YTHADULT_Y15-24","2014",22.033,,,,"R1:3513"
"TUR","BA:622","EMP_DWAP_SEX_AGE_RT","SEX_F","AGE_YTHADULT_YGE25","2014",27.838,,,,"R1:3513"
"TUR","BA:622","EMP_DWAP_SEX_AGE_RT","SEX_T","AGE_AGGREGATE_YGE15","2014",45.507,,,,"R1:3513"
"TUR","BA:622","EMP_DWAP_SEX_AGE_RT","SEX_T","AGE_AGGREGATE_Y15-24","2014",33.522,,,,"R1:3513"
"TUR","BA:622","EMP_DWAP_SEX_AGE_RT","SEX_T","AGE_AGGREGATE_Y25-54","2014",58.801,,,,"R1:3513"
"TUR","BA:622","EMP_DWAP_SEX_AGE_RT","SEX_T","AGE_AGGREGATE_Y55-64","2014",31.393,,,,"R1:3513"
"TUR","BA:622","EMP_DWAP_SEX_AGE_RT","SEX_T","AGE_AGGREGATE_YGE65","2014",11.213,,,,"R1:3513"
"TUR","BA:622","EMP_DWAP_SEX_AGE_RT","SEX_M","AGE_AGGREGATE_YGE15","2014",64.82,,,,"R1:3513"
"TUR","BA:622","EMP_DWAP_SEX_AGE_RT","SEX_M","AGE_AGGREGATE_Y15-24","2014",44.996,,,,"R1:3513"
"TUR","BA:622","EMP_DWAP_SEX_AGE_RT","SEX_M","AGE_AGGREGATE_Y25-54","2014",82.804,,,,"R1:3513"
"TUR","BA:622","EMP_DWAP_SEX_AGE_RT","SEX_M","AGE_AGGREGATE_Y55-64","2014",45.617,,,,"R1:3513"
"TUR","BA:622","EMP_DWAP_SEX_AGE_RT","SEX_M","AGE_AGGREGATE_YGE65","2014",18.855,,,,"R1:3513"
"TUR","BA:622","EMP_DWAP_SEX_AGE_RT","SEX_F","AGE_AGGREGATE_YGE15","2014",26.659,,,,"R1:3513"
"TUR","BA:622","EMP_DWAP_SEX_AGE_RT","SEX_F","AGE_AGGREGATE_Y15-24","2014",22.033,,,,"R1:3513"
"TUR","BA:622","EMP_DWAP_SEX_AGE_RT","SEX_F","AGE_AGGREGATE_Y25-54","2014",34.557,,,,"R1:3513"
"TUR","BA:622","EMP_DWAP_SEX_AGE_RT","SEX_F","AGE_AGGREGATE_Y55-64","2014",17.523,,,,"R1:3513"
"TUR","BA:622","EMP_DWAP_SEX_AGE_RT","SEX_F","AGE_AGGREGATE_YGE65","2014",5.339,,,,"R1:3513"
"TUR","BA:622","EMP_DWAP_SEX_AGE_RT","SEX_T","AGE_10YRBANDS_YGE15","2014",45.507,,,,"R1:3513"
"TUR","BA:622","EMP_DWAP_SEX_AGE_RT","SEX_T","AGE_10YRBANDS_Y15-24","2014",33.522,,,,"R1:3513"
"TUR","BA:622","EMP_DWAP_SEX_AGE_RT","SEX_T","AGE_10YRBANDS_Y25-34","2014",60.447,,,,"R1:3513"
"TUR","BA:622","EMP_DWAP_SEX_AGE_RT","SEX_T","AGE_10YRBANDS_Y35-44","2014",63.062,,,,"R1:3513"
"TUR","BA:622","EMP_DWAP_SEX_AGE_RT","SEX_T","AGE_10YRBANDS_Y45-54","2014",51.167,,,,"R1:3513"
"TUR","BA:622","EMP_DWAP_SEX_AGE_RT","SEX_T","AGE_10YRBANDS_Y55-64","2014",31.393,,,,"R1:3513"
"TUR","BA:622","EMP_DWAP_SEX_AGE_RT","SEX_T","AGE_10YRBANDS_YGE65","2014",11.213,,,,"R1:3513"
"TUR","BA:622","EMP_DWAP_SEX_AGE_RT","SEX_M","AGE_10YRBANDS_YGE15","2014",64.82,,,,"R1:3513"
"TUR","BA:622","EMP_DWAP_SEX_AGE_RT","SEX_M","AGE_10YRBANDS_Y15-24","2014",44.996,,,,"R1:3513"
"TUR","BA:622","EMP_DWAP_SEX_AGE_RT","SEX_M","AGE_10YRBANDS_Y25-34","2014",84.198,,,,"R1:3513"
"TUR","BA:622","EMP_DWAP_SEX_AGE_RT","SEX_M","AGE_10YRBANDS_Y35-44","2014",88.327,,,,"R1:3513"
"TUR","BA:622","EMP_DWAP_SEX_AGE_RT","SEX_M","AGE_10YRBANDS_Y45-54","2014",73.958,,,,"R1:3513"
"TUR","BA:622","EMP_DWAP_SEX_AGE_RT","SEX_M","AGE_10YRBANDS_Y55-64","2014",45.617,,,,"R1:3513"
"TUR","BA:622","EMP_DWAP_SEX_AGE_RT","SEX_M","AGE_10YRBANDS_YGE65","2014",18.855,,,,"R1:3513"
"TUR","BA:622","EMP_DWAP_SEX_AGE_RT","SEX_F","AGE_10YRBANDS_YGE15","2014",26.659,,,,"R1:3513"
"TUR","BA:622","EMP_DWAP_SEX_AGE_RT","SEX_F","AGE_10YRBANDS_Y15-24","2014",22.033,,,,"R1:3513"
"TUR","BA:622","EMP_DWAP_SEX_AGE_RT","SEX_F","AGE_10YRBANDS_Y25-34","2014",36.51,,,,"R1:3513"
"TUR","BA:622","EMP_DWAP_SEX_AGE_RT","SEX_F","AGE_10YRBANDS_Y35-44","2014",37.517,,,,"R1:3513"
"TUR","BA:622","EMP_DWAP_SEX_AGE_RT","SEX_F","AGE_10YRBANDS_Y45-54","2014",28.109,,,,"R1:3513"
"TUR","BA:622","EMP_DWAP_SEX_AGE_RT","SEX_F","AGE_10YRBANDS_Y55-64","2014",17.523,,,,"R1:3513"
"TUR","BA:622","EMP_DWAP_SEX_AGE_RT","SEX_F","AGE_10YRBANDS_YGE65","2014",5.339,,,,"R1:3513"
"TUR","BA:622","EMP_DWAP_SEX_AGE_RT","SEX_T","AGE_5YRBANDS_YGE15","2014",45.507,,,,"R1:3513"
"TUR","BA:622","EMP_DWAP_SEX_AGE_RT","SEX_T","AGE_5YRBANDS_Y15-19","2014",23.287,,,,"R1:3513"
"TUR","BA:622","EMP_DWAP_SEX_AGE_RT","SEX_T","AGE_5YRBANDS_Y20-24","2014",45.286,,,,"R1:3513"
"TUR","BA:622","EMP_DWAP_SEX_AGE_RT","SEX_T","AGE_5YRBANDS_Y25-29","2014",58.307,,,,"R1:3513"
"TUR","BA:622","EMP_DWAP_SEX_AGE_RT","SEX_T","AGE_5YRBANDS_Y30-34","2014",62.483,,,,"R1:3513"
"TUR","BA:622","EMP_DWAP_SEX_AGE_RT","SEX_T","AGE_5YRBANDS_Y35-39","2014",63.572,,,,"R1:3513"
"TUR","BA:622","EMP_DWAP_SEX_AGE_RT","SEX_T","AGE_5YRBANDS_Y40-44","2014",62.508,,,,"R1:3513"
"TUR","BA:622","EMP_DWAP_SEX_AGE_RT","SEX_T","AGE_5YRBANDS_Y45-49","2014",57.134,,,,"R1:3513"
"TUR","BA:622","EMP_DWAP_SEX_AGE_RT","SEX_T","AGE_5YRBANDS_Y50-54","2014",44.711,,,,"R1:3513"
"TUR","BA:622","EMP_DWAP_SEX_AGE_RT","SEX_T","AGE_5YRBANDS_Y55-59","2014",34.713,,,,"R1:3513"
"TUR","BA:622","EMP_DWAP_SEX_AGE_RT","SEX_T","AGE_5YRBANDS_Y60-64","2014",27.132,,,,"R1:3513"
"TUR","BA:622","EMP_DWAP_SEX_AGE_RT","SEX_T","AGE_5YRBANDS_YGE65","2014",11.213,,,,"R1:3513"
"TUR","BA:622","EMP_DWAP_SEX_AGE_RT","SEX_M","AGE_5YRBANDS_YGE15","2014",64.82,,,,"R1:3513"
"TUR","BA:622","EMP_DWAP_SEX_AGE_RT","SEX_M","AGE_5YRBANDS_Y15-19","2014",31.699,,,,"R1:3513"
"TUR","BA:622","EMP_DWAP_SEX_AGE_RT","SEX_M","AGE_5YRBANDS_Y20-24","2014",61.305,,,,"R1:3513"
"TUR","BA:622","EMP_DWAP_SEX_AGE_RT","SEX_M","AGE_5YRBANDS_Y25-29","2014",80.446,,,,"R1:3513"
"TUR","BA:622","EMP_DWAP_SEX_AGE_RT","SEX_M","AGE_5YRBANDS_Y30-34","2014",87.749,,,,"R1:3513"
"TUR","BA:622","EMP_DWAP_SEX_AGE_RT","SEX_M","AGE_5YRBANDS_Y35-39","2014",89.056,,,,"R1:3513"
"TUR","BA:622","EMP_DWAP_SEX_AGE_RT","SEX_M","AGE_5YRBANDS_Y40-44","2014",87.53,,,,"R1:3513"
"TUR","BA:622","EMP_DWAP_SEX_AGE_RT","SEX_M","AGE_5YRBANDS_Y45-49","2014",82.209,,,,"R1:3513"
"TUR","BA:622","EMP_DWAP_SEX_AGE_RT","SEX_M","AGE_5YRBANDS_Y50-54","2014",64.921,,,,"R1:3513"
"TUR","BA:622","EMP_DWAP_SEX_AGE_RT","SEX_M","AGE_5YRBANDS_Y55-59","2014",49.92,,,,"R1:3513"
"TUR","BA:622","EMP_DWAP_SEX_AGE_RT","SEX_M","AGE_5YRBANDS_Y60-64","2014",39.972,,,,"R1:3513"
"TUR","BA:622","EMP_DWAP_SEX_AGE_RT","SEX_M","AGE_5YRBANDS_YGE65","2014",18.855,,,,"R1:3513"
"TUR","BA:622","EMP_DWAP_SEX_AGE_RT","SEX_F","AGE_5YRBANDS_YGE15","2014",26.659,,,,"R1:3513"
"TUR","BA:622","EMP_DWAP_SEX_AGE_RT","SEX_F","AGE_5YRBANDS_Y15-19","2014",14.339,,,,"R1:3513"
"TUR","BA:622","EMP_DWAP_SEX_AGE_RT","SEX_F","AGE_5YRBANDS_Y20-24","2014",30.322,,,,"R1:3513"
"TUR","BA:622","EMP_DWAP_SEX_AGE_RT","SEX_F","AGE_5YRBANDS_Y25-29","2014",36.1,,,,"R1:3513"
"TUR","BA:622","EMP_DWAP_SEX_AGE_RT","SEX_F","AGE_5YRBANDS_Y30-34","2014",36.901,,,,"R1:3513"
"TUR","BA:622","EMP_DWAP_SEX_AGE_RT","SEX_F","AGE_5YRBANDS_Y35-39","2014",37.662,,,,"R1:3513"
"TUR","BA:622","EMP_DWAP_SEX_AGE_RT","SEX_F","AGE_5YRBANDS_Y40-44","2014",37.36,,,,"R1:3513"
"TUR","BA:622","EMP_DWAP_SEX_AGE_RT","SEX_F","AGE_5YRBANDS_Y45-49","2014",31.462,,,,"R1:3513"
"TUR","BA:622","EMP_DWAP_SEX_AGE_RT","SEX_F","AGE_5YRBANDS_Y50-54","2014",24.527,,,,"R1:3513"
"TUR","BA:622","EMP_DWAP_SEX_AGE_RT","SEX_F","AGE_5YRBANDS_Y55-59","2014",19.605,,,,"R1:3513"
"TUR","BA:622","EMP_DWAP_SEX_AGE_RT","SEX_F","AGE_5YRBANDS_Y60-64","2014",14.906,,,,"R1:3513"
"TUR","BA:622","EMP_DWAP_SEX_AGE_RT","SEX_F","AGE_5YRBANDS_YGE65","2014",5.339,,,,"R1:3513"
"TUR","BA:622","EMP_DWAP_SEX_AGE_RT","SEX_T","AGE_YTHADULT_YGE15","2013",45.899,,,,"R1:3513"
"TUR","BA:622","EMP_DWAP_SEX_AGE_RT","SEX_T","AGE_YTHADULT_Y15-64","2013",49.52,,,,"R1:3513"
"TUR","BA:622","EMP_DWAP_SEX_AGE_RT","SEX_T","AGE_YTHADULT_Y15-24","2013",32.234,,,,"R1:3513"
"TUR","BA:622","EMP_DWAP_SEX_AGE_RT","SEX_T","AGE_YTHADULT_YGE25","2013",49.487,,,,"R1:3513"
"TUR","BA:622","EMP_DWAP_SEX_AGE_RT","SEX_M","AGE_YTHADULT_YGE15","2013",65.239,,,,"R1:3513"
"TUR","BA:622","EMP_DWAP_SEX_AGE_RT","SEX_M","AGE_YTHADULT_Y15-64","2013",69.459,,,,"R1:3513"
"TUR","BA:622","EMP_DWAP_SEX_AGE_RT","SEX_M","AGE_YTHADULT_Y15-24","2013",43.098,,,,"R1:3513"
"TUR","BA:622","EMP_DWAP_SEX_AGE_RT","SEX_M","AGE_YTHADULT_YGE25","2013",71.109,,,,"R1:3513"
"TUR","BA:622","EMP_DWAP_SEX_AGE_RT","SEX_F","AGE_YTHADULT_YGE15","2013",27.099,,,,"R1:3513"
"TUR","BA:622","EMP_DWAP_SEX_AGE_RT","SEX_F","AGE_YTHADULT_Y15-64","2013",29.643,,,,"R1:3513"
"TUR","BA:622","EMP_DWAP_SEX_AGE_RT","SEX_F","AGE_YTHADULT_Y15-24","2013",21.51,,,,"R1:3513"
"TUR","BA:622","EMP_DWAP_SEX_AGE_RT","SEX_F","AGE_YTHADULT_YGE25","2013",28.552,,,,"R1:3513"
"TUR","BA:622","EMP_DWAP_SEX_AGE_RT","SEX_T","AGE_AGGREGATE_YGE15","2013",45.899,,,,"R1:3513"
"TUR","BA:622","EMP_DWAP_SEX_AGE_RT","SEX_T","AGE_AGGREGATE_Y15-24","2013",32.234,,,,"R1:3513"
"TUR","BA:622","EMP_DWAP_SEX_AGE_RT","SEX_T","AGE_AGGREGATE_Y25-54","2013",59.084,,,,"R1:3513"
"TUR","BA:622","EMP_DWAP_SEX_AGE_RT","SEX_T","AGE_AGGREGATE_Y55-64","2013",31.471,,,,"R1:3513"
"TUR","BA:622","EMP_DWAP_SEX_AGE_RT","SEX_T","AGE_AGGREGATE_YGE65","2013",12.28,,,,"R1:3513"
"TUR","BA:622","EMP_DWAP_SEX_AGE_RT","SEX_M","AGE_AGGREGATE_YGE15","2013",65.239,,,,"R1:3513"
"TUR","BA:622","EMP_DWAP_SEX_AGE_RT","SEX_M","AGE_AGGREGATE_Y15-24","2013",43.098,,,,"R1:3513"
"TUR","BA:622","EMP_DWAP_SEX_AGE_RT","SEX_M","AGE_AGGREGATE_Y25-54","2013",83.241,,,,"R1:3513"
"TUR","BA:622","EMP_DWAP_SEX_AGE_RT","SEX_M","AGE_AGGREGATE_Y55-64","2013",45.184,,,,"R1:3513"
"TUR","BA:622","EMP_DWAP_SEX_AGE_RT","SEX_M","AGE_AGGREGATE_YGE65","2013",20.217,,,,"R1:3513"
"TUR","BA:622","EMP_DWAP_SEX_AGE_RT","SEX_F","AGE_AGGREGATE_YGE15","2013",27.099,,,,"R1:3513"
"TUR","BA:622","EMP_DWAP_SEX_AGE_RT","SEX_F","AGE_AGGREGATE_Y15-24","2013",21.51,,,,"R1:3513"
"TUR","BA:622","EMP_DWAP_SEX_AGE_RT","SEX_F","AGE_AGGREGATE_Y25-54","2013",34.767,,,,"R1:3513"
"TUR","BA:622","EMP_DWAP_SEX_AGE_RT","SEX_F","AGE_AGGREGATE_Y55-64","2013",18.249,,,,"R1:3513"
"TUR","BA:622","EMP_DWAP_SEX_AGE_RT","SEX_F","AGE_AGGREGATE_YGE65","2013",6.179,,,,"R1:3513"
"TUR","BA:622","EMP_DWAP_SEX_AGE_RT","SEX_T","AGE_10YRBANDS_YGE15","2013",45.899,,,,"R1:3513"
"TUR","BA:622","EMP_DWAP_SEX_AGE_RT","SEX_T","AGE_10YRBANDS_Y15-24","2013",32.234,,,,"R1:3513"
"TUR","BA:622","EMP_DWAP_SEX_AGE_RT","SEX_T","AGE_10YRBANDS_Y25-34","2013",60.346,,,,"R1:3513"
"TUR","BA:622","EMP_DWAP_SEX_AGE_RT","SEX_T","AGE_10YRBANDS_Y35-44","2013",63.441,,,,"R1:3513"
"TUR","BA:622","EMP_DWAP_SEX_AGE_RT","SEX_T","AGE_10YRBANDS_Y45-54","2013",51.822,,,,"R1:3513"
"TUR","BA:622","EMP_DWAP_SEX_AGE_RT","SEX_T","AGE_10YRBANDS_Y55-64","2013",31.471,,,,"R1:3513"
"TUR","BA:622","EMP_DWAP_SEX_AGE_RT","SEX_T","AGE_10YRBANDS_YGE65","2013",12.28,,,,"R1:3513"
"TUR","BA:622","EMP_DWAP_SEX_AGE_RT","SEX_M","AGE_10YRBANDS_YGE15","2013",65.239,,,,"R1:3513"
"TUR","BA:622","EMP_DWAP_SEX_AGE_RT","SEX_M","AGE_10YRBANDS_Y15-24","2013",43.098,,,,"R1:3513"
"TUR","BA:622","EMP_DWAP_SEX_AGE_RT","SEX_M","AGE_10YRBANDS_Y25-34","2013",85.129,,,,"R1:3513"
"TUR","BA:622","EMP_DWAP_SEX_AGE_RT","SEX_M","AGE_10YRBANDS_Y35-44","2013",88.484,,,,"R1:3513"
"TUR","BA:622","EMP_DWAP_SEX_AGE_RT","SEX_M","AGE_10YRBANDS_Y45-54","2013",73.962,,,,"R1:3513"
"TUR","BA:622","EMP_DWAP_SEX_AGE_RT","SEX_M","AGE_10YRBANDS_Y55-64","2013",45.184,,,,"R1:3513"
"TUR","BA:622","EMP_DWAP_SEX_AGE_RT","SEX_M","AGE_10YRBANDS_YGE65","2013",20.217,,,,"R1:3513"
"TUR","BA:622","EMP_DWAP_SEX_AGE_RT","SEX_F","AGE_10YRBANDS_YGE15","2013",27.099,,,,"R1:3513"
"TUR","BA:622","EMP_DWAP_SEX_AGE_RT","SEX_F","AGE_10YRBANDS_Y15-24","2013",21.51,,,,"R1:3513"
"TUR","BA:622","EMP_DWAP_SEX_AGE_RT","SEX_F","AGE_10YRBANDS_Y25-34","2013",35.376,,,,"R1:3513"
"TUR","BA:622","EMP_DWAP_SEX_AGE_RT","SEX_F","AGE_10YRBANDS_Y35-44","2013",38.239,,,,"R1:3513"
"TUR","BA:622","EMP_DWAP_SEX_AGE_RT","SEX_F","AGE_10YRBANDS_Y45-54","2013",29.553,,,,"R1:3513"
"TUR","BA:622","EMP_DWAP_SEX_AGE_RT","SEX_F","AGE_10YRBANDS_Y55-64","2013",18.249,,,,"R1:3513"
"TUR","BA:622","EMP_DWAP_SEX_AGE_RT","SEX_F","AGE_10YRBANDS_YGE65","2013",6.179,,,,"R1:3513"
"TUR","BA:622","EMP_DWAP_SEX_AGE_RT","SEX_T","AGE_5YRBANDS_YGE15","2013",45.899,,,,"R1:3513"
"TUR","BA:622","EMP_DWAP_SEX_AGE_RT","SEX_T","AGE_5YRBANDS_Y15-19","2013",21.894,,,,"R1:3513"
"TUR","BA:622","EMP_DWAP_SEX_AGE_RT","SEX_T","AGE_5YRBANDS_Y20-24","2013",44.322,,,,"R1:3513"
"TUR","BA:622","EMP_DWAP_SEX_AGE_RT","SEX_T","AGE_5YRBANDS_Y25-29","2013",58.291,,,,"R1:3513"
"TUR","BA:622","EMP_DWAP_SEX_AGE_RT","SEX_T","AGE_5YRBANDS_Y30-34","2013",62.299,,,,"R1:3513"
"TUR","BA:622","EMP_DWAP_SEX_AGE_RT","SEX_T","AGE_5YRBANDS_Y35-39","2013",63.495,,,,"R1:3513"
"TUR","BA:622","EMP_DWAP_SEX_AGE_RT","SEX_T","AGE_5YRBANDS_Y40-44","2013",63.382,,,,"R1:3513"
"TUR","BA:622","EMP_DWAP_SEX_AGE_RT","SEX_T","AGE_5YRBANDS_Y45-49","2013",57.805,,,,"R1:3513"
"TUR","BA:622","EMP_DWAP_SEX_AGE_RT","SEX_T","AGE_5YRBANDS_Y50-54","2013",45.157,,,,"R1:3513"
"TUR","BA:622","EMP_DWAP_SEX_AGE_RT","SEX_T","AGE_5YRBANDS_Y55-59","2013",35.1,,,,"R1:3513"
"TUR","BA:622","EMP_DWAP_SEX_AGE_RT","SEX_T","AGE_5YRBANDS_Y60-64","2013",26.761,,,,"R1:3513"
"TUR","BA:622","EMP_DWAP_SEX_AGE_RT","SEX_T","AGE_5YRBANDS_YGE65","2013",12.28,,,,"R1:3513"
"TUR","BA:622","EMP_DWAP_SEX_AGE_RT","SEX_M","AGE_5YRBANDS_YGE15","2013",65.239,,,,"R1:3513"
"TUR","BA:622","EMP_DWAP_SEX_AGE_RT","SEX_M","AGE_5YRBANDS_Y15-19","2013",29.664,,,,"R1:3513"
"TUR","BA:622","EMP_DWAP_SEX_AGE_RT","SEX_M","AGE_5YRBANDS_Y20-24","2013",59.931,,,,"R1:3513"
"TUR","BA:622","EMP_DWAP_SEX_AGE_RT","SEX_M","AGE_5YRBANDS_Y25-29","2013",82.08,,,,"R1:3513"
"TUR","BA:622","EMP_DWAP_SEX_AGE_RT","SEX_M","AGE_5YRBANDS_Y30-34","2013",88.028,,,,"R1:3513"
"TUR","BA:622","EMP_DWAP_SEX_AGE_RT","SEX_M","AGE_5YRBANDS_Y35-39","2013",88.753,,,,"R1:3513"
"TUR","BA:622","EMP_DWAP_SEX_AGE_RT","SEX_M","AGE_5YRBANDS_Y40-44","2013",88.189,,,,"R1:3513"
"TUR","BA:622","EMP_DWAP_SEX_AGE_RT","SEX_M","AGE_5YRBANDS_Y45-49","2013",82.139,,,,"R1:3513"
"TUR","BA:622","EMP_DWAP_SEX_AGE_RT","SEX_M","AGE_5YRBANDS_Y50-54","2013",64.765,,,,"R1:3513"
"TUR","BA:622","EMP_DWAP_SEX_AGE_RT","SEX_M","AGE_5YRBANDS_Y55-59","2013",50.438,,,,"R1:3513"
"TUR","BA:622","EMP_DWAP_SEX_AGE_RT","SEX_M","AGE_5YRBANDS_Y60-64","2013",38.23,,,,"R1:3513"
"TUR","BA:622","EMP_DWAP_SEX_AGE_RT","SEX_M","AGE_5YRBANDS_YGE65","2013",20.217,,,,"R1:3513"
"TUR","BA:622","EMP_DWAP_SEX_AGE_RT","SEX_F","AGE_5YRBANDS_YGE15","2013",27.099,,,,"R1:3513"
"TUR","BA:622","EMP_DWAP_SEX_AGE_RT","SEX_F","AGE_5YRBANDS_Y15-19","2013",13.72,,,,"R1:3513"
"TUR","BA:622","EMP_DWAP_SEX_AGE_RT","SEX_F","AGE_5YRBANDS_Y20-24","2013",30.016,,,,"R1:3513"
"TUR","BA:622","EMP_DWAP_SEX_AGE_RT","SEX_F","AGE_5YRBANDS_Y25-29","2013",34.308,,,,"R1:3513"
"TUR","BA:622","EMP_DWAP_SEX_AGE_RT","SEX_F","AGE_5YRBANDS_Y30-34","2013",36.391,,,,"R1:3513"
"TUR","BA:622","EMP_DWAP_SEX_AGE_RT","SEX_F","AGE_5YRBANDS_Y35-39","2013",37.963,,,,"R1:3513"
"TUR","BA:622","EMP_DWAP_SEX_AGE_RT","SEX_F","AGE_5YRBANDS_Y40-44","2013",38.538,,,,"R1:3513"
"TUR","BA:622","EMP_DWAP_SEX_AGE_RT","SEX_F","AGE_5YRBANDS_Y45-49","2013",33.106,,,,"R1:3513"
"TUR","BA:622","EMP_DWAP_SEX_AGE_RT","SEX_F","AGE_5YRBANDS_Y50-54","2013",25.633,,,,"R1:3513"
"TUR","BA:622","EMP_DWAP_SEX_AGE_RT","SEX_F","AGE_5YRBANDS_Y55-59","2013",20.061,,,,"R1:3513"
"TUR","BA:622","EMP_DWAP_SEX_AGE_RT","SEX_F","AGE_5YRBANDS_Y60-64","2013",15.94,,,,"R1:3513"
"TUR","BA:622","EMP_DWAP_SEX_AGE_RT","SEX_F","AGE_5YRBANDS_YGE65","2013",6.179,,,,"R1:3513"
"TUR","BA:622","EMP_DWAP_SEX_AGE_RT","SEX_T","AGE_YTHADULT_YGE15","2012",45.356,,,,"R1:3513"
"TUR","BA:622","EMP_DWAP_SEX_AGE_RT","SEX_T","AGE_YTHADULT_Y15-64","2012",48.898,,,,"R1:3513"
"TUR","BA:622","EMP_DWAP_SEX_AGE_RT","SEX_T","AGE_YTHADULT_Y15-24","2012",31.508,,,,"R1:3513"
"TUR","BA:622","EMP_DWAP_SEX_AGE_RT","SEX_T","AGE_YTHADULT_YGE25","2012",49.071,,,,"R1:3513"
"TUR","BA:622","EMP_DWAP_SEX_AGE_RT","SEX_M","AGE_YTHADULT_YGE15","2012",64.977,,,,"R1:3513"
"TUR","BA:622","EMP_DWAP_SEX_AGE_RT","SEX_M","AGE_YTHADULT_Y15-64","2012",69.176,,,,"R1:3513"
"TUR","BA:622","EMP_DWAP_SEX_AGE_RT","SEX_M","AGE_YTHADULT_Y15-24","2012",42.503,,,,"R1:3513"
"TUR","BA:622","EMP_DWAP_SEX_AGE_RT","SEX_M","AGE_YTHADULT_YGE25","2012",71.044,,,,"R1:3513"
"TUR","BA:622","EMP_DWAP_SEX_AGE_RT","SEX_F","AGE_YTHADULT_YGE15","2012",26.317,,,,"R1:3513"
"TUR","BA:622","EMP_DWAP_SEX_AGE_RT","SEX_F","AGE_YTHADULT_Y15-64","2012",28.724,,,,"R1:3513"
"TUR","BA:622","EMP_DWAP_SEX_AGE_RT","SEX_F","AGE_YTHADULT_Y15-24","2012",20.73,,,,"R1:3513"
"TUR","BA:622","EMP_DWAP_SEX_AGE_RT","SEX_F","AGE_YTHADULT_YGE25","2012",27.806,,,,"R1:3513"
"TUR","BA:622","EMP_DWAP_SEX_AGE_RT","SEX_T","AGE_AGGREGATE_YGE15","2012",45.356,,,,"R1:3513"
"TUR","BA:622","EMP_DWAP_SEX_AGE_RT","SEX_T","AGE_AGGREGATE_Y15-24","2012",31.508,,,,"R1:3513"
"TUR","BA:622","EMP_DWAP_SEX_AGE_RT","SEX_T","AGE_AGGREGATE_Y25-54","2012",58.323,,,,"R1:3513"
"TUR","BA:622","EMP_DWAP_SEX_AGE_RT","SEX_T","AGE_AGGREGATE_Y55-64","2012",31.89,,,,"R1:3513"
"TUR","BA:622","EMP_DWAP_SEX_AGE_RT","SEX_T","AGE_AGGREGATE_YGE65","2012",12.256,,,,"R1:3513"
"TUR","BA:622","EMP_DWAP_SEX_AGE_RT","SEX_M","AGE_AGGREGATE_YGE15","2012",64.977,,,,"R1:3513"
"TUR","BA:622","EMP_DWAP_SEX_AGE_RT","SEX_M","AGE_AGGREGATE_Y15-24","2012",42.503,,,,"R1:3513"
"TUR","BA:622","EMP_DWAP_SEX_AGE_RT","SEX_M","AGE_AGGREGATE_Y25-54","2012",82.806,,,,"R1:3513"
"TUR","BA:622","EMP_DWAP_SEX_AGE_RT","SEX_M","AGE_AGGREGATE_Y55-64","2012",46.359,,,,"R1:3513"
"TUR","BA:622","EMP_DWAP_SEX_AGE_RT","SEX_M","AGE_AGGREGATE_YGE65","2012",19.913,,,,"R1:3513"
"TUR","BA:622","EMP_DWAP_SEX_AGE_RT","SEX_F","AGE_AGGREGATE_YGE15","2012",26.317,,,,"R1:3513"
"TUR","BA:622","EMP_DWAP_SEX_AGE_RT","SEX_F","AGE_AGGREGATE_Y15-24","2012",20.73,,,,"R1:3513"
"TUR","BA:622","EMP_DWAP_SEX_AGE_RT","SEX_F","AGE_AGGREGATE_Y25-54","2012",33.679,,,,"R1:3513"
"TUR","BA:622","EMP_DWAP_SEX_AGE_RT","SEX_F","AGE_AGGREGATE_Y55-64","2012",17.979,,,,"R1:3513"
"TUR","BA:622","EMP_DWAP_SEX_AGE_RT","SEX_F","AGE_AGGREGATE_YGE65","2012",6.378,,,,"R1:3513"
"TUR","BA:622","EMP_DWAP_SEX_AGE_RT","SEX_T","AGE_10YRBANDS_YGE15","2012",45.356,,,,"R1:3513"
"TUR","BA:622","EMP_DWAP_SEX_AGE_RT","SEX_T","AGE_10YRBANDS_Y15-24","2012",31.508,,,,"R1:3513"
"TUR","BA:622","EMP_DWAP_SEX_AGE_RT","SEX_T","AGE_10YRBANDS_Y25-34","2012",59.689,,,,"R1:3513"
"TUR","BA:622","EMP_DWAP_SEX_AGE_RT","SEX_T","AGE_10YRBANDS_Y35-44","2012",62.727,,,,"R1:3513"
"TUR","BA:622","EMP_DWAP_SEX_AGE_RT","SEX_T","AGE_10YRBANDS_Y45-54","2012",50.811,,,,"R1:3513"
"TUR","BA:622","EMP_DWAP_SEX_AGE_RT","SEX_T","AGE_10YRBANDS_Y55-64","2012",31.89,,,,"R1:3513"
"TUR","BA:622","EMP_DWAP_SEX_AGE_RT","SEX_T","AGE_10YRBANDS_YGE65","2012",12.256,,,,"R1:3513"
"TUR","BA:622","EMP_DWAP_SEX_AGE_RT","SEX_M","AGE_10YRBANDS_YGE15","2012",64.977,,,,"R1:3513"
"TUR","BA:622","EMP_DWAP_SEX_AGE_RT","SEX_M","AGE_10YRBANDS_Y15-24","2012",42.503,,,,"R1:3513"
"TUR","BA:622","EMP_DWAP_SEX_AGE_RT","SEX_M","AGE_10YRBANDS_Y25-34","2012",84.753,,,,"R1:3513"
"TUR","BA:622","EMP_DWAP_SEX_AGE_RT","SEX_M","AGE_10YRBANDS_Y35-44","2012",88.467,,,,"R1:3513"
"TUR","BA:622","EMP_DWAP_SEX_AGE_RT","SEX_M","AGE_10YRBANDS_Y45-54","2012",72.86,,,,"R1:3513"
"TUR","BA:622","EMP_DWAP_SEX_AGE_RT","SEX_M","AGE_10YRBANDS_Y55-64","2012",46.359,,,,"R1:3513"
"TUR","BA:622","EMP_DWAP_SEX_AGE_RT","SEX_M","AGE_10YRBANDS_YGE65","2012",19.913,,,,"R1:3513"
"TUR","BA:622","EMP_DWAP_SEX_AGE_RT","SEX_F","AGE_10YRBANDS_YGE15","2012",26.317,,,,"R1:3513"
"TUR","BA:622","EMP_DWAP_SEX_AGE_RT","SEX_F","AGE_10YRBANDS_Y15-24","2012",20.73,,,,"R1:3513"
"TUR","BA:622","EMP_DWAP_SEX_AGE_RT","SEX_F","AGE_10YRBANDS_Y25-34","2012",34.452,,,,"R1:3513"
"TUR","BA:622","EMP_DWAP_SEX_AGE_RT","SEX_F","AGE_10YRBANDS_Y35-44","2012",36.806,,,,"R1:3513"
"TUR","BA:622","EMP_DWAP_SEX_AGE_RT","SEX_F","AGE_10YRBANDS_Y45-54","2012",28.64,,,,"R1:3513"
"TUR","BA:622","EMP_DWAP_SEX_AGE_RT","SEX_F","AGE_10YRBANDS_Y55-64","2012",17.979,,,,"R1:3513"
"TUR","BA:622","EMP_DWAP_SEX_AGE_RT","SEX_F","AGE_10YRBANDS_YGE65","2012",6.378,,,,"R1:3513"
"TUR","BA:622","EMP_DWAP_SEX_AGE_RT","SEX_T","AGE_5YRBANDS_YGE15","2012",45.356,,,,"R1:3513"
"TUR","BA:622","EMP_DWAP_SEX_AGE_RT","SEX_T","AGE_5YRBANDS_Y15-19","2012",21.614,,,,"R1:3513"
"TUR","BA:622","EMP_DWAP_SEX_AGE_RT","SEX_T","AGE_5YRBANDS_Y20-24","2012",42.887,,,,"R1:3513"
"TUR","BA:622","EMP_DWAP_SEX_AGE_RT","SEX_T","AGE_5YRBANDS_Y25-29","2012",57.595,,,,"R1:3513"
"TUR","BA:622","EMP_DWAP_SEX_AGE_RT","SEX_T","AGE_5YRBANDS_Y30-34","2012",61.722,,,,"R1:3513"
"TUR","BA:622","EMP_DWAP_SEX_AGE_RT","SEX_T","AGE_5YRBANDS_Y35-39","2012",62.815,,,,"R1:3513"
"TUR","BA:622","EMP_DWAP_SEX_AGE_RT","SEX_T","AGE_5YRBANDS_Y40-44","2012",62.631,,,,"R1:3513"
"TUR","BA:622","EMP_DWAP_SEX_AGE_RT","SEX_T","AGE_5YRBANDS_Y45-49","2012",56.254,,,,"R1:3513"
"TUR","BA:622","EMP_DWAP_SEX_AGE_RT","SEX_T","AGE_5YRBANDS_Y50-54","2012",44.723,,,,"R1:3513"
"TUR","BA:622","EMP_DWAP_SEX_AGE_RT","SEX_T","AGE_5YRBANDS_Y55-59","2012",35.065,,,,"R1:3513"
"TUR","BA:622","EMP_DWAP_SEX_AGE_RT","SEX_T","AGE_5YRBANDS_Y60-64","2012",27.734,,,,"R1:3513"
"TUR","BA:622","EMP_DWAP_SEX_AGE_RT","SEX_T","AGE_5YRBANDS_YGE65","2012",12.256,,,,"R1:3513"
"TUR","BA:622","EMP_DWAP_SEX_AGE_RT","SEX_M","AGE_5YRBANDS_YGE15","2012",64.977,,,,"R1:3513"
"TUR","BA:622","EMP_DWAP_SEX_AGE_RT","SEX_M","AGE_5YRBANDS_Y15-19","2012",29.455,,,,"R1:3513"
"TUR","BA:622","EMP_DWAP_SEX_AGE_RT","SEX_M","AGE_5YRBANDS_Y20-24","2012",58.572,,,,"R1:3513"
"TUR","BA:622","EMP_DWAP_SEX_AGE_RT","SEX_M","AGE_5YRBANDS_Y25-29","2012",81.433,,,,"R1:3513"
"TUR","BA:622","EMP_DWAP_SEX_AGE_RT","SEX_M","AGE_5YRBANDS_Y30-34","2012",87.97,,,,"R1:3513"
"TUR","BA:622","EMP_DWAP_SEX_AGE_RT","SEX_M","AGE_5YRBANDS_Y35-39","2012",88.884,,,,"R1:3513"
"TUR","BA:622","EMP_DWAP_SEX_AGE_RT","SEX_M","AGE_5YRBANDS_Y40-44","2012",88.01,,,,"R1:3513"
"TUR","BA:622","EMP_DWAP_SEX_AGE_RT","SEX_M","AGE_5YRBANDS_Y45-49","2012",80.494,,,,"R1:3513"
"TUR","BA:622","EMP_DWAP_SEX_AGE_RT","SEX_M","AGE_5YRBANDS_Y50-54","2012",64.234,,,,"R1:3513"
"TUR","BA:622","EMP_DWAP_SEX_AGE_RT","SEX_M","AGE_5YRBANDS_Y55-59","2012",50.801,,,,"R1:3513"
"TUR","BA:622","EMP_DWAP_SEX_AGE_RT","SEX_M","AGE_5YRBANDS_Y60-64","2012",40.402,,,,"R1:3513"
"TUR","BA:622","EMP_DWAP_SEX_AGE_RT","SEX_M","AGE_5YRBANDS_YGE65","2012",19.913,,,,"R1:3513"
"TUR","BA:622","EMP_DWAP_SEX_AGE_RT","SEX_F","AGE_5YRBANDS_YGE15","2012",26.317,,,,"R1:3513"
"TUR","BA:622","EMP_DWAP_SEX_AGE_RT","SEX_F","AGE_5YRBANDS_Y15-19","2012",13.43,,,,"R1:3513"
"TUR","BA:622","EMP_DWAP_SEX_AGE_RT","SEX_F","AGE_5YRBANDS_Y20-24","2012",28.584,,,,"R1:3513"
"TUR","BA:622","EMP_DWAP_SEX_AGE_RT","SEX_F","AGE_5YRBANDS_Y25-29","2012",33.623,,,,"R1:3513"
"TUR","BA:622","EMP_DWAP_SEX_AGE_RT","SEX_F","AGE_5YRBANDS_Y30-34","2012",35.258,,,,"R1:3513"
"TUR","BA:622","EMP_DWAP_SEX_AGE_RT","SEX_F","AGE_5YRBANDS_Y35-39","2012",36.469,,,,"R1:3513"
"TUR","BA:622","EMP_DWAP_SEX_AGE_RT","SEX_F","AGE_5YRBANDS_Y40-44","2012",37.171,,,,"R1:3513"
"TUR","BA:622","EMP_DWAP_SEX_AGE_RT","SEX_F","AGE_5YRBANDS_Y45-49","2012",31.642,,,,"R1:3513"
"TUR","BA:622","EMP_DWAP_SEX_AGE_RT","SEX_F","AGE_5YRBANDS_Y50-54","2012",25.318,,,,"R1:3513"
"TUR","BA:622","EMP_DWAP_SEX_AGE_RT","SEX_F","AGE_5YRBANDS_Y55-59","2012",19.623,,,,"R1:3513"
"TUR","BA:622","EMP_DWAP_SEX_AGE_RT","SEX_F","AGE_5YRBANDS_Y60-64","2012",15.876,,,,"R1:3513"
"TUR","BA:622","EMP_DWAP_SEX_AGE_RT","SEX_F","AGE_5YRBANDS_YGE65","2012",6.378,,,,"R1:3513"
"TUR","BA:622","EMP_DWAP_SEX_AGE_RT","SEX_T","AGE_YTHADULT_YGE15","2011",44.989,,,,"R1:3513"
"TUR","BA:622","EMP_DWAP_SEX_AGE_RT","SEX_T","AGE_YTHADULT_Y15-64","2011",48.435,,,,"R1:3513"
"TUR","BA:622","EMP_DWAP_SEX_AGE_RT","SEX_T","AGE_YTHADULT_Y15-24","2011",32.052,,,,"R1:3513"
"TUR","BA:622","EMP_DWAP_SEX_AGE_RT","SEX_T","AGE_YTHADULT_YGE25","2011",48.536,,,,"R1:3513"
"TUR","BA:622","EMP_DWAP_SEX_AGE_RT","SEX_M","AGE_YTHADULT_YGE15","2011",65.112,,,,"R1:3513"
"TUR","BA:622","EMP_DWAP_SEX_AGE_RT","SEX_M","AGE_YTHADULT_Y15-64","2011",69.257,,,,"R1:3513"
"TUR","BA:622","EMP_DWAP_SEX_AGE_RT","SEX_M","AGE_YTHADULT_Y15-24","2011",43.365,,,,"R1:3513"
"TUR","BA:622","EMP_DWAP_SEX_AGE_RT","SEX_M","AGE_YTHADULT_YGE25","2011",71.044,,,,"R1:3513"
"TUR","BA:622","EMP_DWAP_SEX_AGE_RT","SEX_F","AGE_YTHADULT_YGE15","2011",25.568,,,,"R1:3513"
"TUR","BA:622","EMP_DWAP_SEX_AGE_RT","SEX_F","AGE_YTHADULT_Y15-64","2011",27.848,,,,"R1:3513"
"TUR","BA:622","EMP_DWAP_SEX_AGE_RT","SEX_F","AGE_YTHADULT_Y15-24","2011",21.223,,,,"R1:3513"
"TUR","BA:622","EMP_DWAP_SEX_AGE_RT","SEX_F","AGE_YTHADULT_YGE25","2011",26.766,,,,"R1:3513"
"TUR","BA:622","EMP_DWAP_SEX_AGE_RT","SEX_T","AGE_AGGREGATE_YGE15","2011",44.989,,,,"R1:3513"
"TUR","BA:622","EMP_DWAP_SEX_AGE_RT","SEX_T","AGE_AGGREGATE_Y15-24","2011",32.052,,,,"R1:3513"
"TUR","BA:622","EMP_DWAP_SEX_AGE_RT","SEX_T","AGE_AGGREGATE_Y25-54","2011",57.535,,,,"R1:3513"
"TUR","BA:622","EMP_DWAP_SEX_AGE_RT","SEX_T","AGE_AGGREGATE_Y55-64","2011",31.375,,,,"R1:3513"
"TUR","BA:622","EMP_DWAP_SEX_AGE_RT","SEX_T","AGE_AGGREGATE_YGE65","2011",12.611,,,,"R1:3513"
"TUR","BA:622","EMP_DWAP_SEX_AGE_RT","SEX_M","AGE_AGGREGATE_YGE15","2011",65.112,,,,"R1:3513"
"TUR","BA:622","EMP_DWAP_SEX_AGE_RT","SEX_M","AGE_AGGREGATE_Y15-24","2011",43.365,,,,"R1:3513"
"TUR","BA:622","EMP_DWAP_SEX_AGE_RT","SEX_M","AGE_AGGREGATE_Y25-54","2011",82.731,,,,"R1:3513"
"TUR","BA:622","EMP_DWAP_SEX_AGE_RT","SEX_M","AGE_AGGREGATE_Y55-64","2011",45.421,,,,"R1:3513"
"TUR","BA:622","EMP_DWAP_SEX_AGE_RT","SEX_M","AGE_AGGREGATE_YGE65","2011",20.522,,,,"R1:3513"
"TUR","BA:622","EMP_DWAP_SEX_AGE_RT","SEX_F","AGE_AGGREGATE_YGE15","2011",25.568,,,,"R1:3513"
"TUR","BA:622","EMP_DWAP_SEX_AGE_RT","SEX_F","AGE_AGGREGATE_Y15-24","2011",21.223,,,,"R1:3513"
"TUR","BA:622","EMP_DWAP_SEX_AGE_RT","SEX_F","AGE_AGGREGATE_Y25-54","2011",32.176,,,,"R1:3513"
"TUR","BA:622","EMP_DWAP_SEX_AGE_RT","SEX_F","AGE_AGGREGATE_Y55-64","2011",17.928,,,,"R1:3513"
"TUR","BA:622","EMP_DWAP_SEX_AGE_RT","SEX_F","AGE_AGGREGATE_YGE65","2011",6.542,,,,"R1:3513"
"TUR","BA:622","EMP_DWAP_SEX_AGE_RT","SEX_T","AGE_10YRBANDS_YGE15","2011",44.989,,,,"R1:3513"
"TUR","BA:622","EMP_DWAP_SEX_AGE_RT","SEX_T","AGE_10YRBANDS_Y15-24","2011",32.052,,,,"R1:3513"
"TUR","BA:622","EMP_DWAP_SEX_AGE_RT","SEX_T","AGE_10YRBANDS_Y25-34","2011",59.025,,,,"R1:3513"
"TUR","BA:622","EMP_DWAP_SEX_AGE_RT","SEX_T","AGE_10YRBANDS_Y35-44","2011",61.762,,,,"R1:3513"
"TUR","BA:622","EMP_DWAP_SEX_AGE_RT","SEX_T","AGE_10YRBANDS_Y45-54","2011",50.027,,,,"R1:3513"
"TUR","BA:622","EMP_DWAP_SEX_AGE_RT","SEX_T","AGE_10YRBANDS_Y55-64","2011",31.375,,,,"R1:3513"
"TUR","BA:622","EMP_DWAP_SEX_AGE_RT","SEX_T","AGE_10YRBANDS_YGE65","2011",12.611,,,,"R1:3513"
"TUR","BA:622","EMP_DWAP_SEX_AGE_RT","SEX_M","AGE_10YRBANDS_YGE15","2011",65.112,,,,"R1:3513"
"TUR","BA:622","EMP_DWAP_SEX_AGE_RT","SEX_M","AGE_10YRBANDS_Y15-24","2011",43.365,,,,"R1:3513"
"TUR","BA:622","EMP_DWAP_SEX_AGE_RT","SEX_M","AGE_10YRBANDS_Y25-34","2011",85.102,,,,"R1:3513"
"TUR","BA:622","EMP_DWAP_SEX_AGE_RT","SEX_M","AGE_10YRBANDS_Y35-44","2011",88.112,,,,"R1:3513"
"TUR","BA:622","EMP_DWAP_SEX_AGE_RT","SEX_M","AGE_10YRBANDS_Y45-54","2011",72.45,,,,"R1:3513"
"TUR","BA:622","EMP_DWAP_SEX_AGE_RT","SEX_M","AGE_10YRBANDS_Y55-64","2011",45.421,,,,"R1:3513"
"TUR","BA:622","EMP_DWAP_SEX_AGE_RT","SEX_M","AGE_10YRBANDS_YGE65","2011",20.522,,,,"R1:3513"
"TUR","BA:622","EMP_DWAP_SEX_AGE_RT","SEX_F","AGE_10YRBANDS_YGE15","2011",25.568,,,,"R1:3513"
"TUR","BA:622","EMP_DWAP_SEX_AGE_RT","SEX_F","AGE_10YRBANDS_Y15-24","2011",21.223,,,,"R1:3513"
"TUR","BA:622","EMP_DWAP_SEX_AGE_RT","SEX_F","AGE_10YRBANDS_Y25-34","2011",32.771,,,,"R1:3513"
"TUR","BA:622","EMP_DWAP_SEX_AGE_RT","SEX_F","AGE_10YRBANDS_Y35-44","2011",35.21,,,,"R1:3513"
"TUR","BA:622","EMP_DWAP_SEX_AGE_RT","SEX_F","AGE_10YRBANDS_Y45-54","2011",27.501,,,,"R1:3513"
"TUR","BA:622","EMP_DWAP_SEX_AGE_RT","SEX_F","AGE_10YRBANDS_Y55-64","2011",17.928,,,,"R1:3513"
"TUR","BA:622","EMP_DWAP_SEX_AGE_RT","SEX_F","AGE_10YRBANDS_YGE65","2011",6.542,,,,"R1:3513"
"TUR","BA:622","EMP_DWAP_SEX_AGE_RT","SEX_T","AGE_5YRBANDS_YGE15","2011",44.989,,,,"R1:3513"
"TUR","BA:622","EMP_DWAP_SEX_AGE_RT","SEX_T","AGE_5YRBANDS_Y15-19","2011",22.368,,,,"R1:3513"
"TUR","BA:622","EMP_DWAP_SEX_AGE_RT","SEX_T","AGE_5YRBANDS_Y20-24","2011",43.159,,,,"R1:3513"
"TUR","BA:622","EMP_DWAP_SEX_AGE_RT","SEX_T","AGE_5YRBANDS_Y25-29","2011",57.123,,,,"R1:3513"
"TUR","BA:622","EMP_DWAP_SEX_AGE_RT","SEX_T","AGE_5YRBANDS_Y30-34","2011",60.936,,,,"R1:3513"
"TUR","BA:622","EMP_DWAP_SEX_AGE_RT","SEX_T","AGE_5YRBANDS_Y35-39","2011",62.245,,,,"R1:3513"
"TUR","BA:622","EMP_DWAP_SEX_AGE_RT","SEX_T","AGE_5YRBANDS_Y40-44","2011",61.233,,,,"R1:3513"
"TUR","BA:622","EMP_DWAP_SEX_AGE_RT","SEX_T","AGE_5YRBANDS_Y45-49","2011",55.472,,,,"R1:3513"
"TUR","BA:622","EMP_DWAP_SEX_AGE_RT","SEX_T","AGE_5YRBANDS_Y50-54","2011",43.879,,,,"R1:3513"
"TUR","BA:622","EMP_DWAP_SEX_AGE_RT","SEX_T","AGE_5YRBANDS_Y55-59","2011",34.602,,,,"R1:3513"
"TUR","BA:622","EMP_DWAP_SEX_AGE_RT","SEX_T","AGE_5YRBANDS_Y60-64","2011",27.127,,,,"R1:3513"
"TUR","BA:622","EMP_DWAP_SEX_AGE_RT","SEX_T","AGE_5YRBANDS_YGE65","2011",12.611,,,,"R1:3513"
"TUR","BA:622","EMP_DWAP_SEX_AGE_RT","SEX_M","AGE_5YRBANDS_YGE15","2011",65.112,,,,"R1:3513"
"TUR","BA:622","EMP_DWAP_SEX_AGE_RT","SEX_M","AGE_5YRBANDS_Y15-19","2011",30.112,,,,"R1:3513"
"TUR","BA:622","EMP_DWAP_SEX_AGE_RT","SEX_M","AGE_5YRBANDS_Y20-24","2011",59.922,,,,"R1:3513"
"TUR","BA:622","EMP_DWAP_SEX_AGE_RT","SEX_M","AGE_5YRBANDS_Y25-29","2011",81.867,,,,"R1:3513"
"TUR","BA:622","EMP_DWAP_SEX_AGE_RT","SEX_M","AGE_5YRBANDS_Y30-34","2011",88.344,,,,"R1:3513"
"TUR","BA:622","EMP_DWAP_SEX_AGE_RT","SEX_M","AGE_5YRBANDS_Y35-39","2011",88.904,,,,"R1:3513"
"TUR","BA:622","EMP_DWAP_SEX_AGE_RT","SEX_M","AGE_5YRBANDS_Y40-44","2011",87.246,,,,"R1:3513"
"TUR","BA:622","EMP_DWAP_SEX_AGE_RT","SEX_M","AGE_5YRBANDS_Y45-49","2011",80.036,,,,"R1:3513"
"TUR","BA:622","EMP_DWAP_SEX_AGE_RT","SEX_M","AGE_5YRBANDS_Y50-54","2011",63.811,,,,"R1:3513"
"TUR","BA:622","EMP_DWAP_SEX_AGE_RT","SEX_M","AGE_5YRBANDS_Y55-59","2011",49.715,,,,"R1:3513"
"TUR","BA:622","EMP_DWAP_SEX_AGE_RT","SEX_M","AGE_5YRBANDS_Y60-64","2011",39.601,,,,"R1:3513"
"TUR","BA:622","EMP_DWAP_SEX_AGE_RT","SEX_M","AGE_5YRBANDS_YGE65","2011",20.522,,,,"R1:3513"
"TUR","BA:622","EMP_DWAP_SEX_AGE_RT","SEX_F","AGE_5YRBANDS_YGE15","2011",25.568,,,,"R1:3513"
"TUR","BA:622","EMP_DWAP_SEX_AGE_RT","SEX_F","AGE_5YRBANDS_Y15-19","2011",14.356,,,,"R1:3513"
"TUR","BA:622","EMP_DWAP_SEX_AGE_RT","SEX_F","AGE_5YRBANDS_Y20-24","2011",28.484,,,,"R1:3513"
"TUR","BA:622","EMP_DWAP_SEX_AGE_RT","SEX_F","AGE_5YRBANDS_Y25-29","2011",32.267,,,,"R1:3513"
"TUR","BA:622","EMP_DWAP_SEX_AGE_RT","SEX_F","AGE_5YRBANDS_Y30-34","2011",33.278,,,,"R1:3513"
"TUR","BA:622","EMP_DWAP_SEX_AGE_RT","SEX_F","AGE_5YRBANDS_Y35-39","2011",35.363,,,,"R1:3513"
"TUR","BA:622","EMP_DWAP_SEX_AGE_RT","SEX_F","AGE_5YRBANDS_Y40-44","2011",35.042,,,,"R1:3513"
"TUR","BA:622","EMP_DWAP_SEX_AGE_RT","SEX_F","AGE_5YRBANDS_Y45-49","2011",30.6,,,,"R1:3513"
"TUR","BA:622","EMP_DWAP_SEX_AGE_RT","SEX_F","AGE_5YRBANDS_Y50-54","2011",24.031,,,,"R1:3513"
"TUR","BA:622","EMP_DWAP_SEX_AGE_RT","SEX_F","AGE_5YRBANDS_Y55-59","2011",19.77,,,,"R1:3513"
"TUR","BA:622","EMP_DWAP_SEX_AGE_RT","SEX_F","AGE_5YRBANDS_Y60-64","2011",15.572,,,,"R1:3513"
"TUR","BA:622","EMP_DWAP_SEX_AGE_RT","SEX_F","AGE_5YRBANDS_YGE65","2011",6.542,,,,"R1:3513"
"TUR","BA:622","EMP_DWAP_SEX_AGE_RT","SEX_T","AGE_YTHADULT_YGE15","2010",43.003,,,,"R1:3513"
"TUR","BA:622","EMP_DWAP_SEX_AGE_RT","SEX_T","AGE_YTHADULT_Y15-64","2010",46.29,,,,"R1:3513"
"TUR","BA:622","EMP_DWAP_SEX_AGE_RT","SEX_T","AGE_YTHADULT_Y15-24","2010",30.001,,,,"R1:3513"
"TUR","BA:622","EMP_DWAP_SEX_AGE_RT","SEX_T","AGE_YTHADULT_YGE25","2010",46.665,,,,"R1:3513"
"TUR","BA:622","EMP_DWAP_SEX_AGE_RT","SEX_M","AGE_YTHADULT_YGE15","2010",62.67,,,,"R1:3513"
"TUR","BA:622","EMP_DWAP_SEX_AGE_RT","SEX_M","AGE_YTHADULT_Y15-64","2010",66.656,,,,"R1:3513"
"TUR","BA:622","EMP_DWAP_SEX_AGE_RT","SEX_M","AGE_YTHADULT_Y15-24","2010",40.206,,,,"R1:3513"
"TUR","BA:622","EMP_DWAP_SEX_AGE_RT","SEX_M","AGE_YTHADULT_YGE25","2010",68.958,,,,"R1:3513"
"TUR","BA:622","EMP_DWAP_SEX_AGE_RT","SEX_F","AGE_YTHADULT_YGE15","2010",24.026,,,,"R1:3513"
"TUR","BA:622","EMP_DWAP_SEX_AGE_RT","SEX_F","AGE_YTHADULT_Y15-64","2010",26.173,,,,"R1:3513"
"TUR","BA:622","EMP_DWAP_SEX_AGE_RT","SEX_F","AGE_YTHADULT_Y15-24","2010",20.251,,,,"R1:3513"
"TUR","BA:622","EMP_DWAP_SEX_AGE_RT","SEX_F","AGE_YTHADULT_YGE25","2010",25.096,,,,"R1:3513"
"TUR","BA:622","EMP_DWAP_SEX_AGE_RT","SEX_T","AGE_AGGREGATE_YGE15","2010",43.003,,,,"R1:3513"
"TUR","BA:622","EMP_DWAP_SEX_AGE_RT","SEX_T","AGE_AGGREGATE_Y15-24","2010",30.001,,,,"R1:3513"
"TUR","BA:622","EMP_DWAP_SEX_AGE_RT","SEX_T","AGE_AGGREGATE_Y25-54","2010",55.353,,,,"R1:3513"
"TUR","BA:622","EMP_DWAP_SEX_AGE_RT","SEX_T","AGE_AGGREGATE_Y55-64","2010",29.569,,,,"R1:3513"
"TUR","BA:622","EMP_DWAP_SEX_AGE_RT","SEX_T","AGE_AGGREGATE_YGE65","2010",11.791,,,,"R1:3513"
"TUR","BA:622","EMP_DWAP_SEX_AGE_RT","SEX_M","AGE_AGGREGATE_YGE15","2010",62.67,,,,"R1:3513"
"TUR","BA:622","EMP_DWAP_SEX_AGE_RT","SEX_M","AGE_AGGREGATE_Y15-24","2010",40.206,,,,"R1:3513"
"TUR","BA:622","EMP_DWAP_SEX_AGE_RT","SEX_M","AGE_AGGREGATE_Y25-54","2010",80.45,,,,"R1:3513"
"TUR","BA:622","EMP_DWAP_SEX_AGE_RT","SEX_M","AGE_AGGREGATE_Y55-64","2010",42.665,,,,"R1:3513"
"TUR","BA:622","EMP_DWAP_SEX_AGE_RT","SEX_M","AGE_AGGREGATE_YGE65","2010",19.471,,,,"R1:3513"
"TUR","BA:622","EMP_DWAP_SEX_AGE_RT","SEX_F","AGE_AGGREGATE_YGE15","2010",24.026,,,,"R1:3513"
"TUR","BA:622","EMP_DWAP_SEX_AGE_RT","SEX_F","AGE_AGGREGATE_Y15-24","2010",20.251,,,,"R1:3513"
"TUR","BA:622","EMP_DWAP_SEX_AGE_RT","SEX_F","AGE_AGGREGATE_Y25-54","2010",30.095,,,,"R1:3513"
"TUR","BA:622","EMP_DWAP_SEX_AGE_RT","SEX_F","AGE_AGGREGATE_Y55-64","2010",17.079,,,,"R1:3513"
"TUR","BA:622","EMP_DWAP_SEX_AGE_RT","SEX_F","AGE_AGGREGATE_YGE65","2010",5.87,,,,"R1:3513"
"TUR","BA:622","EMP_DWAP_SEX_AGE_RT","SEX_T","AGE_10YRBANDS_YGE15","2010",43.003,,,,"R1:3513"
"TUR","BA:622","EMP_DWAP_SEX_AGE_RT","SEX_T","AGE_10YRBANDS_Y15-24","2010",30.001,,,,"R1:3513"
"TUR","BA:622","EMP_DWAP_SEX_AGE_RT","SEX_T","AGE_10YRBANDS_Y25-34","2010",57.187,,,,"R1:3513"
"TUR","BA:622","EMP_DWAP_SEX_AGE_RT","SEX_T","AGE_10YRBANDS_Y35-44","2010",59.814,,,,"R1:3513"
"TUR","BA:622","EMP_DWAP_SEX_AGE_RT","SEX_T","AGE_10YRBANDS_Y45-54","2010",46.995,,,,"R1:3513"
"TUR","BA:622","EMP_DWAP_SEX_AGE_RT","SEX_T","AGE_10YRBANDS_Y55-64","2010",29.569,,,,"R1:3513"
"TUR","BA:622","EMP_DWAP_SEX_AGE_RT","SEX_T","AGE_10YRBANDS_YGE65","2010",11.791,,,,"R1:3513"
"TUR","BA:622","EMP_DWAP_SEX_AGE_RT","SEX_M","AGE_10YRBANDS_YGE15","2010",62.67,,,,"R1:3513"
"TUR","BA:622","EMP_DWAP_SEX_AGE_RT","SEX_M","AGE_10YRBANDS_Y15-24","2010",40.206,,,,"R1:3513"
"TUR","BA:622","EMP_DWAP_SEX_AGE_RT","SEX_M","AGE_10YRBANDS_Y25-34","2010",83.066,,,,"R1:3513"
"TUR","BA:622","EMP_DWAP_SEX_AGE_RT","SEX_M","AGE_10YRBANDS_Y35-44","2010",86.197,,,,"R1:3513"
"TUR","BA:622","EMP_DWAP_SEX_AGE_RT","SEX_M","AGE_10YRBANDS_Y45-54","2010",69.282,,,,"R1:3513"
"TUR","BA:622","EMP_DWAP_SEX_AGE_RT","SEX_M","AGE_10YRBANDS_Y55-64","2010",42.665,,,,"R1:3513"
"TUR","BA:622","EMP_DWAP_SEX_AGE_RT","SEX_M","AGE_10YRBANDS_YGE65","2010",19.471,,,,"R1:3513"
"TUR","BA:622","EMP_DWAP_SEX_AGE_RT","SEX_F","AGE_10YRBANDS_YGE15","2010",24.026,,,,"R1:3513"
"TUR","BA:622","EMP_DWAP_SEX_AGE_RT","SEX_F","AGE_10YRBANDS_Y15-24","2010",20.251,,,,"R1:3513"
"TUR","BA:622","EMP_DWAP_SEX_AGE_RT","SEX_F","AGE_10YRBANDS_Y25-34","2010",31.194,,,,"R1:3513"
"TUR","BA:622","EMP_DWAP_SEX_AGE_RT","SEX_F","AGE_10YRBANDS_Y35-44","2010",33.16,,,,"R1:3513"
"TUR","BA:622","EMP_DWAP_SEX_AGE_RT","SEX_F","AGE_10YRBANDS_Y45-54","2010",24.609,,,,"R1:3513"
"TUR","BA:622","EMP_DWAP_SEX_AGE_RT","SEX_F","AGE_10YRBANDS_Y55-64","2010",17.079,,,,"R1:3513"
"TUR","BA:622","EMP_DWAP_SEX_AGE_RT","SEX_F","AGE_10YRBANDS_YGE65","2010",5.87,,,,"R1:3513"
"TUR","BA:622","EMP_DWAP_SEX_AGE_RT","SEX_T","AGE_5YRBANDS_YGE15","2010",43.003,,,,"R1:3513"
"TUR","BA:622","EMP_DWAP_SEX_AGE_RT","SEX_T","AGE_5YRBANDS_Y15-19","2010",21.602,,,,"R1:3513"
"TUR","BA:622","EMP_DWAP_SEX_AGE_RT","SEX_T","AGE_5YRBANDS_Y20-24","2010",39.922,,,,"R1:3513"
"TUR","BA:622","EMP_DWAP_SEX_AGE_RT","SEX_T","AGE_5YRBANDS_Y25-29","2010",55.359,,,,"R1:3513"
"TUR","BA:622","EMP_DWAP_SEX_AGE_RT","SEX_T","AGE_5YRBANDS_Y30-34","2010",59.079,,,,"R1:3513"
"TUR","BA:622","EMP_DWAP_SEX_AGE_RT","SEX_T","AGE_5YRBANDS_Y35-39","2010",60.111,,,,"R1:3513"
"TUR","BA:622","EMP_DWAP_SEX_AGE_RT","SEX_T","AGE_5YRBANDS_Y40-44","2010",59.483,,,,"R1:3513"
"TUR","BA:622","EMP_DWAP_SEX_AGE_RT","SEX_T","AGE_5YRBANDS_Y45-49","2010",52.137,,,,"R1:3513"
"TUR","BA:622","EMP_DWAP_SEX_AGE_RT","SEX_T","AGE_5YRBANDS_Y50-54","2010",41.101,,,,"R1:3513"
"TUR","BA:622","EMP_DWAP_SEX_AGE_RT","SEX_T","AGE_5YRBANDS_Y55-59","2010",32.421,,,,"R1:3513"
"TUR","BA:622","EMP_DWAP_SEX_AGE_RT","SEX_T","AGE_5YRBANDS_Y60-64","2010",25.801,,,,"R1:3513"
"TUR","BA:622","EMP_DWAP_SEX_AGE_RT","SEX_T","AGE_5YRBANDS_YGE65","2010",11.791,,,,"R1:3513"
"TUR","BA:622","EMP_DWAP_SEX_AGE_RT","SEX_M","AGE_5YRBANDS_YGE15","2010",62.67,,,,"R1:3513"
"TUR","BA:622","EMP_DWAP_SEX_AGE_RT","SEX_M","AGE_5YRBANDS_Y15-19","2010",28.824,,,,"R1:3513"
"TUR","BA:622","EMP_DWAP_SEX_AGE_RT","SEX_M","AGE_5YRBANDS_Y20-24","2010",55.568,,,,"R1:3513"
"TUR","BA:622","EMP_DWAP_SEX_AGE_RT","SEX_M","AGE_5YRBANDS_Y25-29","2010",79.74,,,,"R1:3513"
"TUR","BA:622","EMP_DWAP_SEX_AGE_RT","SEX_M","AGE_5YRBANDS_Y30-34","2010",86.462,,,,"R1:3513"
"TUR","BA:622","EMP_DWAP_SEX_AGE_RT","SEX_M","AGE_5YRBANDS_Y35-39","2010",86.832,,,,"R1:3513"
"TUR","BA:622","EMP_DWAP_SEX_AGE_RT","SEX_M","AGE_5YRBANDS_Y40-44","2010",85.495,,,,"R1:3513"
"TUR","BA:622","EMP_DWAP_SEX_AGE_RT","SEX_M","AGE_5YRBANDS_Y45-49","2010",77.12,,,,"R1:3513"
"TUR","BA:622","EMP_DWAP_SEX_AGE_RT","SEX_M","AGE_5YRBANDS_Y50-54","2010",60.235,,,,"R1:3513"
"TUR","BA:622","EMP_DWAP_SEX_AGE_RT","SEX_M","AGE_5YRBANDS_Y55-59","2010",46.261,,,,"R1:3513"
"TUR","BA:622","EMP_DWAP_SEX_AGE_RT","SEX_M","AGE_5YRBANDS_Y60-64","2010",37.737,,,,"R1:3513"
"TUR","BA:622","EMP_DWAP_SEX_AGE_RT","SEX_M","AGE_5YRBANDS_YGE65","2010",19.471,,,,"R1:3513"
"TUR","BA:622","EMP_DWAP_SEX_AGE_RT","SEX_F","AGE_5YRBANDS_YGE15","2010",24.026,,,,"R1:3513"
"TUR","BA:622","EMP_DWAP_SEX_AGE_RT","SEX_F","AGE_5YRBANDS_Y15-19","2010",13.829,,,,"R1:3513"
"TUR","BA:622","EMP_DWAP_SEX_AGE_RT","SEX_F","AGE_5YRBANDS_Y20-24","2010",26.936,,,,"R1:3513"
"TUR","BA:622","EMP_DWAP_SEX_AGE_RT","SEX_F","AGE_5YRBANDS_Y25-29","2010",31.187,,,,"R1:3513"
"TUR","BA:622","EMP_DWAP_SEX_AGE_RT","SEX_F","AGE_5YRBANDS_Y30-34","2010",31.201,,,,"R1:3513"
"TUR","BA:622","EMP_DWAP_SEX_AGE_RT","SEX_F","AGE_5YRBANDS_Y35-39","2010",33.175,,,,"R1:3513"
"TUR","BA:622","EMP_DWAP_SEX_AGE_RT","SEX_F","AGE_5YRBANDS_Y40-44","2010",33.142,,,,"R1:3513"
"TUR","BA:622","EMP_DWAP_SEX_AGE_RT","SEX_F","AGE_5YRBANDS_Y45-49","2010",26.878,,,,"R1:3513"
"TUR","BA:622","EMP_DWAP_SEX_AGE_RT","SEX_F","AGE_5YRBANDS_Y50-54","2010",22.026,,,,"R1:3513"
"TUR","BA:622","EMP_DWAP_SEX_AGE_RT","SEX_F","AGE_5YRBANDS_Y55-59","2010",18.81,,,,"R1:3513"
"TUR","BA:622","EMP_DWAP_SEX_AGE_RT","SEX_F","AGE_5YRBANDS_Y60-64","2010",14.868,,,,"R1:3513"
"TUR","BA:622","EMP_DWAP_SEX_AGE_RT","SEX_F","AGE_5YRBANDS_YGE65","2010",5.87,,,,"R1:3513"
"TUR","BA:622","EMP_DWAP_SEX_AGE_RT","SEX_T","AGE_YTHADULT_YGE15","2009",41.167,,,,"R1:3513"
"TUR","BA:622","EMP_DWAP_SEX_AGE_RT","SEX_T","AGE_YTHADULT_Y15-64","2009",44.26,,,,"R1:3513"
"TUR","BA:622","EMP_DWAP_SEX_AGE_RT","SEX_T","AGE_YTHADULT_Y15-24","2009",28.905,,,,"R1:3513"
"TUR","BA:622","EMP_DWAP_SEX_AGE_RT","SEX_T","AGE_YTHADULT_YGE25","2009",44.681,,,,"R1:3513"
"TUR","BA:622","EMP_DWAP_SEX_AGE_RT","SEX_M","AGE_YTHADULT_YGE15","2009",60.73,,,,"R1:3513"
"TUR","BA:622","EMP_DWAP_SEX_AGE_RT","SEX_M","AGE_YTHADULT_Y15-64","2009",64.553,,,,"R1:3513"
"TUR","BA:622","EMP_DWAP_SEX_AGE_RT","SEX_M","AGE_YTHADULT_Y15-24","2009",38.956,,,,"R1:3513"
"TUR","BA:622","EMP_DWAP_SEX_AGE_RT","SEX_M","AGE_YTHADULT_YGE25","2009",66.93,,,,"R1:3513"
"TUR","BA:622","EMP_DWAP_SEX_AGE_RT","SEX_F","AGE_YTHADULT_YGE15","2009",22.309,,,,"R1:3513"
"TUR","BA:622","EMP_DWAP_SEX_AGE_RT","SEX_F","AGE_YTHADULT_Y15-64","2009",24.241,,,,"R1:3513"
"TUR","BA:622","EMP_DWAP_SEX_AGE_RT","SEX_F","AGE_YTHADULT_Y15-24","2009",19.311,,,,"R1:3513"
"TUR","BA:622","EMP_DWAP_SEX_AGE_RT","SEX_F","AGE_YTHADULT_YGE25","2009",23.173,,,,"R1:3513"
"TUR","BA:622","EMP_DWAP_SEX_AGE_RT","SEX_T","AGE_AGGREGATE_YGE15","2009",41.167,,,,"R1:3513"
"TUR","BA:622","EMP_DWAP_SEX_AGE_RT","SEX_T","AGE_AGGREGATE_Y15-24","2009",28.905,,,,"R1:3513"
"TUR","BA:622","EMP_DWAP_SEX_AGE_RT","SEX_T","AGE_AGGREGATE_Y25-54","2009",52.862,,,,"R1:3513"
"TUR","BA:622","EMP_DWAP_SEX_AGE_RT","SEX_T","AGE_AGGREGATE_Y55-64","2009",28.209,,,,"R1:3513"
"TUR","BA:622","EMP_DWAP_SEX_AGE_RT","SEX_T","AGE_AGGREGATE_YGE65","2009",11.698,,,,"R1:3513"
"TUR","BA:622","EMP_DWAP_SEX_AGE_RT","SEX_M","AGE_AGGREGATE_YGE15","2009",60.73,,,,"R1:3513"
"TUR","BA:622","EMP_DWAP_SEX_AGE_RT","SEX_M","AGE_AGGREGATE_Y15-24","2009",38.956,,,,"R1:3513"
"TUR","BA:622","EMP_DWAP_SEX_AGE_RT","SEX_M","AGE_AGGREGATE_Y25-54","2009",77.947,,,,"R1:3513"
"TUR","BA:622","EMP_DWAP_SEX_AGE_RT","SEX_M","AGE_AGGREGATE_Y55-64","2009",41.108,,,,"R1:3513"
"TUR","BA:622","EMP_DWAP_SEX_AGE_RT","SEX_M","AGE_AGGREGATE_YGE65","2009",19.224,,,,"R1:3513"
"TUR","BA:622","EMP_DWAP_SEX_AGE_RT","SEX_F","AGE_AGGREGATE_YGE15","2009",22.309,,,,"R1:3513"
"TUR","BA:622","EMP_DWAP_SEX_AGE_RT","SEX_F","AGE_AGGREGATE_Y15-24","2009",19.311,,,,"R1:3513"
"TUR","BA:622","EMP_DWAP_SEX_AGE_RT","SEX_F","AGE_AGGREGATE_Y25-54","2009",27.62,,,,"R1:3513"
"TUR","BA:622","EMP_DWAP_SEX_AGE_RT","SEX_F","AGE_AGGREGATE_Y55-64","2009",16.016,,,,"R1:3513"
"TUR","BA:622","EMP_DWAP_SEX_AGE_RT","SEX_F","AGE_AGGREGATE_YGE65","2009",5.884,,,,"R1:3513"
"TUR","BA:622","EMP_DWAP_SEX_AGE_RT","SEX_T","AGE_10YRBANDS_YGE15","2009",41.167,,,,"R1:3513"
"TUR","BA:622","EMP_DWAP_SEX_AGE_RT","SEX_T","AGE_10YRBANDS_Y15-24","2009",28.905,,,,"R1:3513"
"TUR","BA:622","EMP_DWAP_SEX_AGE_RT","SEX_T","AGE_10YRBANDS_Y25-34","2009",54.804,,,,"R1:3513"
"TUR","BA:622","EMP_DWAP_SEX_AGE_RT","SEX_T","AGE_10YRBANDS_Y35-44","2009",57.068,,,,"R1:3513"
"TUR","BA:622","EMP_DWAP_SEX_AGE_RT","SEX_T","AGE_10YRBANDS_Y45-54","2009",44.592,,,,"R1:3513"
"TUR","BA:622","EMP_DWAP_SEX_AGE_RT","SEX_T","AGE_10YRBANDS_Y55-64","2009",28.209,,,,"R1:3513"
"TUR","BA:622","EMP_DWAP_SEX_AGE_RT","SEX_T","AGE_10YRBANDS_YGE65","2009",11.698,,,,"R1:3513"
"TUR","BA:622","EMP_DWAP_SEX_AGE_RT","SEX_M","AGE_10YRBANDS_YGE15","2009",60.73,,,,"R1:3513"
"TUR","BA:622","EMP_DWAP_SEX_AGE_RT","SEX_M","AGE_10YRBANDS_Y15-24","2009",38.956,,,,"R1:3513"
"TUR","BA:622","EMP_DWAP_SEX_AGE_RT","SEX_M","AGE_10YRBANDS_Y25-34","2009",80.109,,,,"R1:3513"
"TUR","BA:622","EMP_DWAP_SEX_AGE_RT","SEX_M","AGE_10YRBANDS_Y35-44","2009",84.245,,,,"R1:3513"
"TUR","BA:622","EMP_DWAP_SEX_AGE_RT","SEX_M","AGE_10YRBANDS_Y45-54","2009",66.673,,,,"R1:3513"
"TUR","BA:622","EMP_DWAP_SEX_AGE_RT","SEX_M","AGE_10YRBANDS_Y55-64","2009",41.108,,,,"R1:3513"
"TUR","BA:622","EMP_DWAP_SEX_AGE_RT","SEX_M","AGE_10YRBANDS_YGE65","2009",19.224,,,,"R1:3513"
"TUR","BA:622","EMP_DWAP_SEX_AGE_RT","SEX_F","AGE_10YRBANDS_YGE15","2009",22.309,,,,"R1:3513"
"TUR","BA:622","EMP_DWAP_SEX_AGE_RT","SEX_F","AGE_10YRBANDS_Y15-24","2009",19.311,,,,"R1:3513"
"TUR","BA:622","EMP_DWAP_SEX_AGE_RT","SEX_F","AGE_10YRBANDS_Y25-34","2009",29.41,,,,"R1:3513"
"TUR","BA:622","EMP_DWAP_SEX_AGE_RT","SEX_F","AGE_10YRBANDS_Y35-44","2009",29.572,,,,"R1:3513"
"TUR","BA:622","EMP_DWAP_SEX_AGE_RT","SEX_F","AGE_10YRBANDS_Y45-54","2009",22.436,,,,"R1:3513"
"TUR","BA:622","EMP_DWAP_SEX_AGE_RT","SEX_F","AGE_10YRBANDS_Y55-64","2009",16.016,,,,"R1:3513"
"TUR","BA:622","EMP_DWAP_SEX_AGE_RT","SEX_F","AGE_10YRBANDS_YGE65","2009",5.884,,,,"R1:3513"
"TUR","BA:622","EMP_DWAP_SEX_AGE_RT","SEX_T","AGE_5YRBANDS_YGE15","2009",41.167,,,,"R1:3513"
"TUR","BA:622","EMP_DWAP_SEX_AGE_RT","SEX_T","AGE_5YRBANDS_Y15-19","2009",20.978,,,,"R1:3513"
"TUR","BA:622","EMP_DWAP_SEX_AGE_RT","SEX_T","AGE_5YRBANDS_Y20-24","2009",38.112,,,,"R1:3513"
"TUR","BA:622","EMP_DWAP_SEX_AGE_RT","SEX_T","AGE_5YRBANDS_Y25-29","2009",52.888,,,,"R1:3513"
"TUR","BA:622","EMP_DWAP_SEX_AGE_RT","SEX_T","AGE_5YRBANDS_Y30-34","2009",56.865,,,,"R1:3513"
"TUR","BA:622","EMP_DWAP_SEX_AGE_RT","SEX_T","AGE_5YRBANDS_Y35-39","2009",57.393,,,,"R1:3513"
"TUR","BA:622","EMP_DWAP_SEX_AGE_RT","SEX_T","AGE_5YRBANDS_Y40-44","2009",56.704,,,,"R1:3513"
"TUR","BA:622","EMP_DWAP_SEX_AGE_RT","SEX_T","AGE_5YRBANDS_Y45-49","2009",49.072,,,,"R1:3513"
"TUR","BA:622","EMP_DWAP_SEX_AGE_RT","SEX_T","AGE_5YRBANDS_Y50-54","2009",39.377,,,,"R1:3513"
"TUR","BA:622","EMP_DWAP_SEX_AGE_RT","SEX_T","AGE_5YRBANDS_Y55-59","2009",30.988,,,,"R1:3513"
"TUR","BA:622","EMP_DWAP_SEX_AGE_RT","SEX_T","AGE_5YRBANDS_Y60-64","2009",24.542,,,,"R1:3513"
"TUR","BA:622","EMP_DWAP_SEX_AGE_RT","SEX_T","AGE_5YRBANDS_YGE65","2009",11.698,,,,"R1:3513"
"TUR","BA:622","EMP_DWAP_SEX_AGE_RT","SEX_M","AGE_5YRBANDS_YGE15","2009",60.73,,,,"R1:3513"
"TUR","BA:622","EMP_DWAP_SEX_AGE_RT","SEX_M","AGE_5YRBANDS_Y15-19","2009",27.995,,,,"R1:3513"
"TUR","BA:622","EMP_DWAP_SEX_AGE_RT","SEX_M","AGE_5YRBANDS_Y20-24","2009",53.365,,,,"R1:3513"
"TUR","BA:622","EMP_DWAP_SEX_AGE_RT","SEX_M","AGE_5YRBANDS_Y25-29","2009",77.193,,,,"R1:3513"
"TUR","BA:622","EMP_DWAP_SEX_AGE_RT","SEX_M","AGE_5YRBANDS_Y30-34","2009",83.201,,,,"R1:3513"
"TUR","BA:622","EMP_DWAP_SEX_AGE_RT","SEX_M","AGE_5YRBANDS_Y35-39","2009",84.496,,,,"R1:3513"
"TUR","BA:622","EMP_DWAP_SEX_AGE_RT","SEX_M","AGE_5YRBANDS_Y40-44","2009",83.965,,,,"R1:3513"
"TUR","BA:622","EMP_DWAP_SEX_AGE_RT","SEX_M","AGE_5YRBANDS_Y45-49","2009",74.041,,,,"R1:3513"
"TUR","BA:622","EMP_DWAP_SEX_AGE_RT","SEX_M","AGE_5YRBANDS_Y50-54","2009",58.059,,,,"R1:3513"
"TUR","BA:622","EMP_DWAP_SEX_AGE_RT","SEX_M","AGE_5YRBANDS_Y55-59","2009",44.859,,,,"R1:3513"
"TUR","BA:622","EMP_DWAP_SEX_AGE_RT","SEX_M","AGE_5YRBANDS_Y60-64","2009",35.937,,,,"R1:3513"
"TUR","BA:622","EMP_DWAP_SEX_AGE_RT","SEX_M","AGE_5YRBANDS_YGE65","2009",19.224,,,,"R1:3513"
"TUR","BA:622","EMP_DWAP_SEX_AGE_RT","SEX_F","AGE_5YRBANDS_YGE15","2009",22.309,,,,"R1:3513"
"TUR","BA:622","EMP_DWAP_SEX_AGE_RT","SEX_F","AGE_5YRBANDS_Y15-19","2009",13.49,,,,"R1:3513"
"TUR","BA:622","EMP_DWAP_SEX_AGE_RT","SEX_F","AGE_5YRBANDS_Y20-24","2009",25.324,,,,"R1:3513"
"TUR","BA:622","EMP_DWAP_SEX_AGE_RT","SEX_F","AGE_5YRBANDS_Y25-29","2009",28.832,,,,"R1:3513"
"TUR","BA:622","EMP_DWAP_SEX_AGE_RT","SEX_F","AGE_5YRBANDS_Y30-34","2009",30.04,,,,"R1:3513"
"TUR","BA:622","EMP_DWAP_SEX_AGE_RT","SEX_F","AGE_5YRBANDS_Y35-39","2009",30.122,,,,"R1:3513"
"TUR","BA:622","EMP_DWAP_SEX_AGE_RT","SEX_F","AGE_5YRBANDS_Y40-44","2009",28.951,,,,"R1:3513"
"TUR","BA:622","EMP_DWAP_SEX_AGE_RT","SEX_F","AGE_5YRBANDS_Y45-49","2009",23.913,,,,"R1:3513"
"TUR","BA:622","EMP_DWAP_SEX_AGE_RT","SEX_F","AGE_5YRBANDS_Y50-54","2009",20.724,,,,"R1:3513"
"TUR","BA:622","EMP_DWAP_SEX_AGE_RT","SEX_F","AGE_5YRBANDS_Y55-59","2009",17.387,,,,"R1:3513"
"TUR","BA:622","EMP_DWAP_SEX_AGE_RT","SEX_F","AGE_5YRBANDS_Y60-64","2009",14.28,,,,"R1:3513"
"TUR","BA:622","EMP_DWAP_SEX_AGE_RT","SEX_F","AGE_5YRBANDS_YGE65","2009",5.884,,,,"R1:3513"
"TUR","BA:622","EMP_DWAP_SEX_AGE_RT","SEX_T","AGE_YTHADULT_YGE15","2008",41.743,,,,"R1:3513"
"TUR","BA:622","EMP_DWAP_SEX_AGE_RT","SEX_T","AGE_YTHADULT_Y15-64","2008",44.897,,,,"R1:3513"
"TUR","BA:622","EMP_DWAP_SEX_AGE_RT","SEX_T","AGE_YTHADULT_Y15-24","2008",30.319,,,,"R1:3513"
"TUR","BA:622","EMP_DWAP_SEX_AGE_RT","SEX_T","AGE_YTHADULT_YGE25","2008",45.085,,,,"R1:3513"
"TUR","BA:622","EMP_DWAP_SEX_AGE_RT","SEX_M","AGE_YTHADULT_YGE15","2008",62.602,,,,"R1:3513"
"TUR","BA:622","EMP_DWAP_SEX_AGE_RT","SEX_M","AGE_YTHADULT_Y15-64","2008",66.58,,,,"R1:3513"
"TUR","BA:622","EMP_DWAP_SEX_AGE_RT","SEX_M","AGE_YTHADULT_Y15-24","2008",41.319,,,,"R1:3513"
"TUR","BA:622","EMP_DWAP_SEX_AGE_RT","SEX_M","AGE_YTHADULT_YGE25","2008",68.796,,,,"R1:3513"
"TUR","BA:622","EMP_DWAP_SEX_AGE_RT","SEX_F","AGE_YTHADULT_YGE15","2008",21.641,,,,"R1:3513"
"TUR","BA:622","EMP_DWAP_SEX_AGE_RT","SEX_F","AGE_YTHADULT_Y15-64","2008",23.508,,,,"R1:3513"
"TUR","BA:622","EMP_DWAP_SEX_AGE_RT","SEX_F","AGE_YTHADULT_Y15-24","2008",19.801,,,,"R1:3513"
"TUR","BA:622","EMP_DWAP_SEX_AGE_RT","SEX_F","AGE_YTHADULT_YGE25","2008",22.182,,,,"R1:3513"
"TUR","BA:622","EMP_DWAP_SEX_AGE_RT","SEX_T","AGE_AGGREGATE_YGE15","2008",41.743,,,,"R1:3513"
"TUR","BA:622","EMP_DWAP_SEX_AGE_RT","SEX_T","AGE_AGGREGATE_Y15-24","2008",30.319,,,,"R1:3513"
"TUR","BA:622","EMP_DWAP_SEX_AGE_RT","SEX_T","AGE_AGGREGATE_Y25-54","2008",53.458,,,,"R1:3513"
"TUR","BA:622","EMP_DWAP_SEX_AGE_RT","SEX_T","AGE_AGGREGATE_Y55-64","2008",27.423,,,,"R1:3513"
"TUR","BA:622","EMP_DWAP_SEX_AGE_RT","SEX_T","AGE_AGGREGATE_YGE65","2008",11.597,,,,"R1:3513"
"TUR","BA:622","EMP_DWAP_SEX_AGE_RT","SEX_M","AGE_AGGREGATE_YGE15","2008",62.602,,,,"R1:3513"
"TUR","BA:622","EMP_DWAP_SEX_AGE_RT","SEX_M","AGE_AGGREGATE_Y15-24","2008",41.319,,,,"R1:3513"
"TUR","BA:622","EMP_DWAP_SEX_AGE_RT","SEX_M","AGE_AGGREGATE_Y25-54","2008",80.24,,,,"R1:3513"
"TUR","BA:622","EMP_DWAP_SEX_AGE_RT","SEX_M","AGE_AGGREGATE_Y55-64","2008",40.925,,,,"R1:3513"
"TUR","BA:622","EMP_DWAP_SEX_AGE_RT","SEX_M","AGE_AGGREGATE_YGE65","2008",19.209,,,,"R1:3513"
"TUR","BA:622","EMP_DWAP_SEX_AGE_RT","SEX_F","AGE_AGGREGATE_YGE15","2008",21.641,,,,"R1:3513"
"TUR","BA:622","EMP_DWAP_SEX_AGE_RT","SEX_F","AGE_AGGREGATE_Y15-24","2008",19.801,,,,"R1:3513"
"TUR","BA:622","EMP_DWAP_SEX_AGE_RT","SEX_F","AGE_AGGREGATE_Y25-54","2008",26.486,,,,"R1:3513"
"TUR","BA:622","EMP_DWAP_SEX_AGE_RT","SEX_F","AGE_AGGREGATE_Y55-64","2008",14.78,,,,"R1:3513"
"TUR","BA:622","EMP_DWAP_SEX_AGE_RT","SEX_F","AGE_AGGREGATE_YGE65","2008",5.734,,,,"R1:3513"
"TUR","BA:622","EMP_DWAP_SEX_AGE_RT","SEX_T","AGE_10YRBANDS_YGE15","2008",41.743,,,,"R1:3513"
"TUR","BA:622","EMP_DWAP_SEX_AGE_RT","SEX_T","AGE_10YRBANDS_Y15-24","2008",30.319,,,,"R1:3513"
"TUR","BA:622","EMP_DWAP_SEX_AGE_RT","SEX_T","AGE_10YRBANDS_Y25-34","2008",55.791,,,,"R1:3513"
"TUR","BA:622","EMP_DWAP_SEX_AGE_RT","SEX_T","AGE_10YRBANDS_Y35-44","2008",57.597,,,,"R1:3513"
"TUR","BA:622","EMP_DWAP_SEX_AGE_RT","SEX_T","AGE_10YRBANDS_Y45-54","2008",44.554,,,,"R1:3513"
"TUR","BA:622","EMP_DWAP_SEX_AGE_RT","SEX_T","AGE_10YRBANDS_Y55-64","2008",27.423,,,,"R1:3513"
"TUR","BA:622","EMP_DWAP_SEX_AGE_RT","SEX_T","AGE_10YRBANDS_YGE65","2008",11.597,,,,"R1:3513"
"TUR","BA:622","EMP_DWAP_SEX_AGE_RT","SEX_M","AGE_10YRBANDS_YGE15","2008",62.602,,,,"R1:3513"
"TUR","BA:622","EMP_DWAP_SEX_AGE_RT","SEX_M","AGE_10YRBANDS_Y15-24","2008",41.319,,,,"R1:3513"
"TUR","BA:622","EMP_DWAP_SEX_AGE_RT","SEX_M","AGE_10YRBANDS_Y25-34","2008",83.247,,,,"R1:3513"
"TUR","BA:622","EMP_DWAP_SEX_AGE_RT","SEX_M","AGE_10YRBANDS_Y35-44","2008",86.588,,,,"R1:3513"
"TUR","BA:622","EMP_DWAP_SEX_AGE_RT","SEX_M","AGE_10YRBANDS_Y45-54","2008",67.427,,,,"R1:3513"
"TUR","BA:622","EMP_DWAP_SEX_AGE_RT","SEX_M","AGE_10YRBANDS_Y55-64","2008",40.925,,,,"R1:3513"
"TUR","BA:622","EMP_DWAP_SEX_AGE_RT","SEX_M","AGE_10YRBANDS_YGE65","2008",19.209,,,,"R1:3513"
"TUR","BA:622","EMP_DWAP_SEX_AGE_RT","SEX_F","AGE_10YRBANDS_YGE15","2008",21.641,,,,"R1:3513"
"TUR","BA:622","EMP_DWAP_SEX_AGE_RT","SEX_F","AGE_10YRBANDS_Y15-24","2008",19.801,,,,"R1:3513"
"TUR","BA:622","EMP_DWAP_SEX_AGE_RT","SEX_F","AGE_10YRBANDS_Y25-34","2008",28.172,,,,"R1:3513"
"TUR","BA:622","EMP_DWAP_SEX_AGE_RT","SEX_F","AGE_10YRBANDS_Y35-44","2008",28.252,,,,"R1:3513"
"TUR","BA:622","EMP_DWAP_SEX_AGE_RT","SEX_F","AGE_10YRBANDS_Y45-54","2008",21.627,,,,"R1:3513"
"TUR","BA:622","EMP_DWAP_SEX_AGE_RT","SEX_F","AGE_10YRBANDS_Y55-64","2008",14.78,,,,"R1:3513"
"TUR","BA:622","EMP_DWAP_SEX_AGE_RT","SEX_F","AGE_10YRBANDS_YGE65","2008",5.734,,,,"R1:3513"
"TUR","BA:622","EMP_DWAP_SEX_AGE_RT","SEX_T","AGE_5YRBANDS_YGE15","2008",41.743,,,,"R1:3513"
"TUR","BA:622","EMP_DWAP_SEX_AGE_RT","SEX_T","AGE_5YRBANDS_Y15-19","2008",21.96,,,,"R1:3513"
"TUR","BA:622","EMP_DWAP_SEX_AGE_RT","SEX_T","AGE_5YRBANDS_Y20-24","2008",39.948,,,,"R1:3513"
"TUR","BA:622","EMP_DWAP_SEX_AGE_RT","SEX_T","AGE_5YRBANDS_Y25-29","2008",54.384,,,,"R1:3513"
"TUR","BA:622","EMP_DWAP_SEX_AGE_RT","SEX_T","AGE_5YRBANDS_Y30-34","2008",57.367,,,,"R1:3513"
"TUR","BA:622","EMP_DWAP_SEX_AGE_RT","SEX_T","AGE_5YRBANDS_Y35-39","2008",58.429,,,,"R1:3513"
"TUR","BA:622","EMP_DWAP_SEX_AGE_RT","SEX_T","AGE_5YRBANDS_Y40-44","2008",56.656,,,,"R1:3513"
"TUR","BA:622","EMP_DWAP_SEX_AGE_RT","SEX_T","AGE_5YRBANDS_Y45-49","2008",48.809,,,,"R1:3513"
"TUR","BA:622","EMP_DWAP_SEX_AGE_RT","SEX_T","AGE_5YRBANDS_Y50-54","2008",39.52,,,,"R1:3513"
"TUR","BA:622","EMP_DWAP_SEX_AGE_RT","SEX_T","AGE_5YRBANDS_Y55-59","2008",30.224,,,,"R1:3513"
"TUR","BA:622","EMP_DWAP_SEX_AGE_RT","SEX_T","AGE_5YRBANDS_Y60-64","2008",23.747,,,,"R1:3513"
"TUR","BA:622","EMP_DWAP_SEX_AGE_RT","SEX_T","AGE_5YRBANDS_YGE65","2008",11.597,,,,"R1:3513"
"TUR","BA:622","EMP_DWAP_SEX_AGE_RT","SEX_M","AGE_5YRBANDS_YGE15","2008",62.602,,,,"R1:3513"
"TUR","BA:622","EMP_DWAP_SEX_AGE_RT","SEX_M","AGE_5YRBANDS_Y15-19","2008",29.305,,,,"R1:3513"
"TUR","BA:622","EMP_DWAP_SEX_AGE_RT","SEX_M","AGE_5YRBANDS_Y20-24","2008",57.333,,,,"R1:3513"
"TUR","BA:622","EMP_DWAP_SEX_AGE_RT","SEX_M","AGE_5YRBANDS_Y25-29","2008",80.722,,,,"R1:3513"
"TUR","BA:622","EMP_DWAP_SEX_AGE_RT","SEX_M","AGE_5YRBANDS_Y30-34","2008",86.034,,,,"R1:3513"
"TUR","BA:622","EMP_DWAP_SEX_AGE_RT","SEX_M","AGE_5YRBANDS_Y35-39","2008",87.158,,,,"R1:3513"
"TUR","BA:622","EMP_DWAP_SEX_AGE_RT","SEX_M","AGE_5YRBANDS_Y40-44","2008",85.948,,,,"R1:3513"
"TUR","BA:622","EMP_DWAP_SEX_AGE_RT","SEX_M","AGE_5YRBANDS_Y45-49","2008",74.121,,,,"R1:3513"
"TUR","BA:622","EMP_DWAP_SEX_AGE_RT","SEX_M","AGE_5YRBANDS_Y50-54","2008",59.474,,,,"R1:3513"
"TUR","BA:622","EMP_DWAP_SEX_AGE_RT","SEX_M","AGE_5YRBANDS_Y55-59","2008",44.632,,,,"R1:3513"
"TUR","BA:622","EMP_DWAP_SEX_AGE_RT","SEX_M","AGE_5YRBANDS_Y60-64","2008",35.813,,,,"R1:3513"
"TUR","BA:622","EMP_DWAP_SEX_AGE_RT","SEX_M","AGE_5YRBANDS_YGE65","2008",19.209,,,,"R1:3513"
"TUR","BA:622","EMP_DWAP_SEX_AGE_RT","SEX_F","AGE_5YRBANDS_YGE15","2008",21.641,,,,"R1:3513"
"TUR","BA:622","EMP_DWAP_SEX_AGE_RT","SEX_F","AGE_5YRBANDS_Y15-19","2008",13.947,,,,"R1:3513"
"TUR","BA:622","EMP_DWAP_SEX_AGE_RT","SEX_F","AGE_5YRBANDS_Y20-24","2008",25.675,,,,"R1:3513"
"TUR","BA:622","EMP_DWAP_SEX_AGE_RT","SEX_F","AGE_5YRBANDS_Y25-29","2008",28.281,,,,"R1:3513"
"TUR","BA:622","EMP_DWAP_SEX_AGE_RT","SEX_F","AGE_5YRBANDS_Y30-34","2008",28.049,,,,"R1:3513"
"TUR","BA:622","EMP_DWAP_SEX_AGE_RT","SEX_F","AGE_5YRBANDS_Y35-39","2008",29.564,,,,"R1:3513"
"TUR","BA:622","EMP_DWAP_SEX_AGE_RT","SEX_F","AGE_5YRBANDS_Y40-44","2008",26.755,,,,"R1:3513"
"TUR","BA:622","EMP_DWAP_SEX_AGE_RT","SEX_F","AGE_5YRBANDS_Y45-49","2008",23.339,,,,"R1:3513"
"TUR","BA:622","EMP_DWAP_SEX_AGE_RT","SEX_F","AGE_5YRBANDS_Y50-54","2008",19.609,,,,"R1:3513"
"TUR","BA:622","EMP_DWAP_SEX_AGE_RT","SEX_F","AGE_5YRBANDS_Y55-59","2008",16.165,,,,"R1:3513"
"TUR","BA:622","EMP_DWAP_SEX_AGE_RT","SEX_F","AGE_5YRBANDS_Y60-64","2008",13.043,,,,"R1:3513"
"TUR","BA:622","EMP_DWAP_SEX_AGE_RT","SEX_F","AGE_5YRBANDS_YGE65","2008",5.734,,,,"R1:3513"
"TUR","BA:622","EMP_DWAP_SEX_AGE_RT","SEX_T","AGE_YTHADULT_YGE15","2007",41.481,,,,"R1:3513"
"TUR","BA:622","EMP_DWAP_SEX_AGE_RT","SEX_T","AGE_YTHADULT_Y15-64","2007",44.592,,,,"R1:3513"
"TUR","BA:622","EMP_DWAP_SEX_AGE_RT","SEX_T","AGE_YTHADULT_Y15-24","2007",30.155,,,,"R1:3513"
"TUR","BA:622","EMP_DWAP_SEX_AGE_RT","SEX_T","AGE_YTHADULT_YGE25","2007",44.896,,,,"R1:3513"
"TUR","BA:622","EMP_DWAP_SEX_AGE_RT","SEX_M","AGE_YTHADULT_YGE15","2007",62.75,,,,"R1:3513"
"TUR","BA:622","EMP_DWAP_SEX_AGE_RT","SEX_M","AGE_YTHADULT_Y15-64","2007",66.766,,,,"R1:3513"
"TUR","BA:622","EMP_DWAP_SEX_AGE_RT","SEX_M","AGE_YTHADULT_Y15-24","2007",41.529,,,,"R1:3513"
"TUR","BA:622","EMP_DWAP_SEX_AGE_RT","SEX_M","AGE_YTHADULT_YGE25","2007",69.101,,,,"R1:3513"
"TUR","BA:622","EMP_DWAP_SEX_AGE_RT","SEX_F","AGE_YTHADULT_YGE15","2007",21.019,,,,"R1:3513"
"TUR","BA:622","EMP_DWAP_SEX_AGE_RT","SEX_F","AGE_YTHADULT_Y15-64","2007",22.782,,,,"R1:3513"
"TUR","BA:622","EMP_DWAP_SEX_AGE_RT","SEX_F","AGE_YTHADULT_Y15-24","2007",19.336,,,,"R1:3513"
"TUR","BA:622","EMP_DWAP_SEX_AGE_RT","SEX_F","AGE_YTHADULT_YGE25","2007",21.53,,,,"R1:3513"
"TUR","BA:622","EMP_DWAP_SEX_AGE_RT","SEX_T","AGE_AGGREGATE_YGE15","2007",41.481,,,,"R1:3513"
"TUR","BA:622","EMP_DWAP_SEX_AGE_RT","SEX_T","AGE_AGGREGATE_Y15-24","2007",30.155,,,,"R1:3513"
"TUR","BA:622","EMP_DWAP_SEX_AGE_RT","SEX_T","AGE_AGGREGATE_Y25-54","2007",53.203,,,,"R1:3513"
"TUR","BA:622","EMP_DWAP_SEX_AGE_RT","SEX_T","AGE_AGGREGATE_Y55-64","2007",27.084,,,,"R1:3513"
"TUR","BA:622","EMP_DWAP_SEX_AGE_RT","SEX_T","AGE_AGGREGATE_YGE65","2007",11.379,,,,"R1:3513"
"TUR","BA:622","EMP_DWAP_SEX_AGE_RT","SEX_M","AGE_AGGREGATE_YGE15","2007",62.75,,,,"R1:3513"
"TUR","BA:622","EMP_DWAP_SEX_AGE_RT","SEX_M","AGE_AGGREGATE_Y15-24","2007",41.529,,,,"R1:3513"
"TUR","BA:622","EMP_DWAP_SEX_AGE_RT","SEX_M","AGE_AGGREGATE_Y25-54","2007",80.658,,,,"R1:3513"
"TUR","BA:622","EMP_DWAP_SEX_AGE_RT","SEX_M","AGE_AGGREGATE_Y55-64","2007",40.534,,,,"R1:3513"
"TUR","BA:622","EMP_DWAP_SEX_AGE_RT","SEX_M","AGE_AGGREGATE_YGE65","2007",18.634,,,,"R1:3513"
"TUR","BA:622","EMP_DWAP_SEX_AGE_RT","SEX_F","AGE_AGGREGATE_YGE15","2007",21.019,,,,"R1:3513"
"TUR","BA:622","EMP_DWAP_SEX_AGE_RT","SEX_F","AGE_AGGREGATE_Y15-24","2007",19.336,,,,"R1:3513"
"TUR","BA:622","EMP_DWAP_SEX_AGE_RT","SEX_F","AGE_AGGREGATE_Y25-54","2007",25.582,,,,"R1:3513"
"TUR","BA:622","EMP_DWAP_SEX_AGE_RT","SEX_F","AGE_AGGREGATE_Y55-64","2007",14.587,,,,"R1:3513"
"TUR","BA:622","EMP_DWAP_SEX_AGE_RT","SEX_F","AGE_AGGREGATE_YGE65","2007",5.752,,,,"R1:3513"
"TUR","BA:622","EMP_DWAP_SEX_AGE_RT","SEX_T","AGE_10YRBANDS_YGE15","2007",41.481,,,,"R1:3513"
"TUR","BA:622","EMP_DWAP_SEX_AGE_RT","SEX_T","AGE_10YRBANDS_Y15-24","2007",30.155,,,,"R1:3513"
"TUR","BA:622","EMP_DWAP_SEX_AGE_RT","SEX_T","AGE_10YRBANDS_Y25-34","2007",55.627,,,,"R1:3513"
"TUR","BA:622","EMP_DWAP_SEX_AGE_RT","SEX_T","AGE_10YRBANDS_Y35-44","2007",57.455,,,,"R1:3513"
"TUR","BA:622","EMP_DWAP_SEX_AGE_RT","SEX_T","AGE_10YRBANDS_Y45-54","2007",43.938,,,,"R1:3513"
"TUR","BA:622","EMP_DWAP_SEX_AGE_RT","SEX_T","AGE_10YRBANDS_Y55-64","2007",27.084,,,,"R1:3513"
"TUR","BA:622","EMP_DWAP_SEX_AGE_RT","SEX_T","AGE_10YRBANDS_YGE65","2007",11.379,,,,"R1:3513"
"TUR","BA:622","EMP_DWAP_SEX_AGE_RT","SEX_M","AGE_10YRBANDS_YGE15","2007",62.75,,,,"R1:3513"
"TUR","BA:622","EMP_DWAP_SEX_AGE_RT","SEX_M","AGE_10YRBANDS_Y15-24","2007",41.529,,,,"R1:3513"
"TUR","BA:622","EMP_DWAP_SEX_AGE_RT","SEX_M","AGE_10YRBANDS_Y25-34","2007",83.906,,,,"R1:3513"
"TUR","BA:622","EMP_DWAP_SEX_AGE_RT","SEX_M","AGE_10YRBANDS_Y35-44","2007",87.163,,,,"R1:3513"
"TUR","BA:622","EMP_DWAP_SEX_AGE_RT","SEX_M","AGE_10YRBANDS_Y45-54","2007",67.165,,,,"R1:3513"
"TUR","BA:622","EMP_DWAP_SEX_AGE_RT","SEX_M","AGE_10YRBANDS_Y55-64","2007",40.534,,,,"R1:3513"
"TUR","BA:622","EMP_DWAP_SEX_AGE_RT","SEX_M","AGE_10YRBANDS_YGE65","2007",18.634,,,,"R1:3513"
"TUR","BA:622","EMP_DWAP_SEX_AGE_RT","SEX_F","AGE_10YRBANDS_YGE15","2007",21.019,,,,"R1:3513"
"TUR","BA:622","EMP_DWAP_SEX_AGE_RT","SEX_F","AGE_10YRBANDS_Y15-24","2007",19.336,,,,"R1:3513"
"TUR","BA:622","EMP_DWAP_SEX_AGE_RT","SEX_F","AGE_10YRBANDS_Y25-34","2007",27.295,,,,"R1:3513"
"TUR","BA:622","EMP_DWAP_SEX_AGE_RT","SEX_F","AGE_10YRBANDS_Y35-44","2007",27.347,,,,"R1:3513"
"TUR","BA:622","EMP_DWAP_SEX_AGE_RT","SEX_F","AGE_10YRBANDS_Y45-54","2007",20.638,,,,"R1:3513"
"TUR","BA:622","EMP_DWAP_SEX_AGE_RT","SEX_F","AGE_10YRBANDS_Y55-64","2007",14.587,,,,"R1:3513"
"TUR","BA:622","EMP_DWAP_SEX_AGE_RT","SEX_F","AGE_10YRBANDS_YGE65","2007",5.752,,,,"R1:3513"
"TUR","BA:622","EMP_DWAP_SEX_AGE_RT","SEX_T","AGE_5YRBANDS_YGE15","2007",41.481,,,,"R1:3513"
"TUR","BA:622","EMP_DWAP_SEX_AGE_RT","SEX_T","AGE_5YRBANDS_Y15-19","2007",21.561,,,,"R1:3513"
"TUR","BA:622","EMP_DWAP_SEX_AGE_RT","SEX_T","AGE_5YRBANDS_Y20-24","2007",39.858,,,,"R1:3513"
"TUR","BA:622","EMP_DWAP_SEX_AGE_RT","SEX_T","AGE_5YRBANDS_Y25-29","2007",54.082,,,,"R1:3513"
"TUR","BA:622","EMP_DWAP_SEX_AGE_RT","SEX_T","AGE_5YRBANDS_Y30-34","2007",57.365,,,,"R1:3513"
"TUR","BA:622","EMP_DWAP_SEX_AGE_RT","SEX_T","AGE_5YRBANDS_Y35-39","2007",58.021,,,,"R1:3513"
"TUR","BA:622","EMP_DWAP_SEX_AGE_RT","SEX_T","AGE_5YRBANDS_Y40-44","2007",56.817,,,,"R1:3513"
"TUR","BA:622","EMP_DWAP_SEX_AGE_RT","SEX_T","AGE_5YRBANDS_Y45-49","2007",48.315,,,,"R1:3513"
"TUR","BA:622","EMP_DWAP_SEX_AGE_RT","SEX_T","AGE_5YRBANDS_Y50-54","2007",38.685,,,,"R1:3513"
"TUR","BA:622","EMP_DWAP_SEX_AGE_RT","SEX_T","AGE_5YRBANDS_Y55-59","2007",29.72,,,,"R1:3513"
"TUR","BA:622","EMP_DWAP_SEX_AGE_RT","SEX_T","AGE_5YRBANDS_Y60-64","2007",23.646,,,,"R1:3513"
"TUR","BA:622","EMP_DWAP_SEX_AGE_RT","SEX_T","AGE_5YRBANDS_YGE65","2007",11.379,,,,"R1:3513"
"TUR","BA:622","EMP_DWAP_SEX_AGE_RT","SEX_M","AGE_5YRBANDS_YGE15","2007",62.75,,,,"R1:3513"
"TUR","BA:622","EMP_DWAP_SEX_AGE_RT","SEX_M","AGE_5YRBANDS_Y15-19","2007",29.056,,,,"R1:3513"
"TUR","BA:622","EMP_DWAP_SEX_AGE_RT","SEX_M","AGE_5YRBANDS_Y20-24","2007",57.655,,,,"R1:3513"
"TUR","BA:622","EMP_DWAP_SEX_AGE_RT","SEX_M","AGE_5YRBANDS_Y25-29","2007",81.15,,,,"R1:3513"
"TUR","BA:622","EMP_DWAP_SEX_AGE_RT","SEX_M","AGE_5YRBANDS_Y30-34","2007",86.964,,,,"R1:3513"
"TUR","BA:622","EMP_DWAP_SEX_AGE_RT","SEX_M","AGE_5YRBANDS_Y35-39","2007",87.659,,,,"R1:3513"
"TUR","BA:622","EMP_DWAP_SEX_AGE_RT","SEX_M","AGE_5YRBANDS_Y40-44","2007",86.607,,,,"R1:3513"
"TUR","BA:622","EMP_DWAP_SEX_AGE_RT","SEX_M","AGE_5YRBANDS_Y45-49","2007",74.394,,,,"R1:3513"
"TUR","BA:622","EMP_DWAP_SEX_AGE_RT","SEX_M","AGE_5YRBANDS_Y50-54","2007",58.478,,,,"R1:3513"
"TUR","BA:622","EMP_DWAP_SEX_AGE_RT","SEX_M","AGE_5YRBANDS_Y55-59","2007",44.255,,,,"R1:3513"
"TUR","BA:622","EMP_DWAP_SEX_AGE_RT","SEX_M","AGE_5YRBANDS_Y60-64","2007",35.453,,,,"R1:3513"
"TUR","BA:622","EMP_DWAP_SEX_AGE_RT","SEX_M","AGE_5YRBANDS_YGE65","2007",18.634,,,,"R1:3513"
"TUR","BA:622","EMP_DWAP_SEX_AGE_RT","SEX_F","AGE_5YRBANDS_YGE15","2007",21.019,,,,"R1:3513"
"TUR","BA:622","EMP_DWAP_SEX_AGE_RT","SEX_F","AGE_5YRBANDS_Y15-19","2007",13.494,,,,"R1:3513"
"TUR","BA:622","EMP_DWAP_SEX_AGE_RT","SEX_F","AGE_5YRBANDS_Y20-24","2007",25.14,,,,"R1:3513"
"TUR","BA:622","EMP_DWAP_SEX_AGE_RT","SEX_F","AGE_5YRBANDS_Y25-29","2007",27.293,,,,"R1:3513"
"TUR","BA:622","EMP_DWAP_SEX_AGE_RT","SEX_F","AGE_5YRBANDS_Y30-34","2007",27.297,,,,"R1:3513"
"TUR","BA:622","EMP_DWAP_SEX_AGE_RT","SEX_F","AGE_5YRBANDS_Y35-39","2007",28.183,,,,"R1:3513"
"TUR","BA:622","EMP_DWAP_SEX_AGE_RT","SEX_F","AGE_5YRBANDS_Y40-44","2007",26.399,,,,"R1:3513"
"TUR","BA:622","EMP_DWAP_SEX_AGE_RT","SEX_F","AGE_5YRBANDS_Y45-49","2007",22.121,,,,"R1:3513"
"TUR","BA:622","EMP_DWAP_SEX_AGE_RT","SEX_F","AGE_5YRBANDS_Y50-54","2007",18.86,,,,"R1:3513"
"TUR","BA:622","EMP_DWAP_SEX_AGE_RT","SEX_F","AGE_5YRBANDS_Y55-59","2007",15.686,,,,"R1:3513"
"TUR","BA:622","EMP_DWAP_SEX_AGE_RT","SEX_F","AGE_5YRBANDS_Y60-64","2007",13.214,,,,"R1:3513"
"TUR","BA:622","EMP_DWAP_SEX_AGE_RT","SEX_F","AGE_5YRBANDS_YGE65","2007",5.752,,,,"R1:3513"
"TUR","BA:622","EMP_DWAP_SEX_AGE_RT","SEX_T","AGE_YTHADULT_YGE15","2006",41.532,,,,"R1:3513"
"TUR","BA:622","EMP_DWAP_SEX_AGE_RT","SEX_T","AGE_YTHADULT_Y15-64","2006",44.575,,,,"R1:3513"
"TUR","BA:622","EMP_DWAP_SEX_AGE_RT","SEX_T","AGE_YTHADULT_Y15-24","2006",30.277,,,,"R1:3513"
"TUR","BA:622","EMP_DWAP_SEX_AGE_RT","SEX_T","AGE_YTHADULT_YGE25","2006",45.034,,,,"R1:3513"
"TUR","BA:622","EMP_DWAP_SEX_AGE_RT","SEX_M","AGE_YTHADULT_YGE15","2006",62.941,,,,"R1:3513"
"TUR","BA:622","EMP_DWAP_SEX_AGE_RT","SEX_M","AGE_YTHADULT_Y15-64","2006",66.838,,,,"R1:3513"
"TUR","BA:622","EMP_DWAP_SEX_AGE_RT","SEX_M","AGE_YTHADULT_Y15-24","2006",41.808,,,,"R1:3513"
"TUR","BA:622","EMP_DWAP_SEX_AGE_RT","SEX_M","AGE_YTHADULT_YGE25","2006",69.467,,,,"R1:3513"
"TUR","BA:622","EMP_DWAP_SEX_AGE_RT","SEX_F","AGE_YTHADULT_YGE15","2006",20.965,,,,"R1:3513"
"TUR","BA:622","EMP_DWAP_SEX_AGE_RT","SEX_F","AGE_YTHADULT_Y15-64","2006",22.716,,,,"R1:3513"
"TUR","BA:622","EMP_DWAP_SEX_AGE_RT","SEX_F","AGE_YTHADULT_Y15-24","2006",19.325,,,,"R1:3513"
"TUR","BA:622","EMP_DWAP_SEX_AGE_RT","SEX_F","AGE_YTHADULT_YGE25","2006",21.479,,,,"R1:3513"
"TUR","BA:622","EMP_DWAP_SEX_AGE_RT","SEX_T","AGE_AGGREGATE_YGE15","2006",41.532,,,,"R1:3513"
"TUR","BA:622","EMP_DWAP_SEX_AGE_RT","SEX_T","AGE_AGGREGATE_Y15-24","2006",30.277,,,,"R1:3513"
"TUR","BA:622","EMP_DWAP_SEX_AGE_RT","SEX_T","AGE_AGGREGATE_Y25-54","2006",53.166,,,,"R1:3513"
"TUR","BA:622","EMP_DWAP_SEX_AGE_RT","SEX_T","AGE_AGGREGATE_Y55-64","2006",27.635,,,,"R1:3513"
"TUR","BA:622","EMP_DWAP_SEX_AGE_RT","SEX_T","AGE_AGGREGATE_YGE65","2006",11.938,,,,"R1:3513"
"TUR","BA:622","EMP_DWAP_SEX_AGE_RT","SEX_M","AGE_AGGREGATE_YGE15","2006",62.941,,,,"R1:3513"
"TUR","BA:622","EMP_DWAP_SEX_AGE_RT","SEX_M","AGE_AGGREGATE_Y15-24","2006",41.808,,,,"R1:3513"
"TUR","BA:622","EMP_DWAP_SEX_AGE_RT","SEX_M","AGE_AGGREGATE_Y25-54","2006",80.697,,,,"R1:3513"
"TUR","BA:622","EMP_DWAP_SEX_AGE_RT","SEX_M","AGE_AGGREGATE_Y55-64","2006",41.608,,,,"R1:3513"
"TUR","BA:622","EMP_DWAP_SEX_AGE_RT","SEX_M","AGE_AGGREGATE_YGE65","2006",19.969,,,,"R1:3513"
"TUR","BA:622","EMP_DWAP_SEX_AGE_RT","SEX_F","AGE_AGGREGATE_YGE15","2006",20.965,,,,"R1:3513"
"TUR","BA:622","EMP_DWAP_SEX_AGE_RT","SEX_F","AGE_AGGREGATE_Y15-24","2006",19.325,,,,"R1:3513"
"TUR","BA:622","EMP_DWAP_SEX_AGE_RT","SEX_F","AGE_AGGREGATE_Y25-54","2006",25.477,,,,"R1:3513"
"TUR","BA:622","EMP_DWAP_SEX_AGE_RT","SEX_F","AGE_AGGREGATE_Y55-64","2006",14.774,,,,"R1:3513"
"TUR","BA:622","EMP_DWAP_SEX_AGE_RT","SEX_F","AGE_AGGREGATE_YGE65","2006",5.706,,,,"R1:3513"
"TUR","BA:622","EMP_DWAP_SEX_AGE_RT","SEX_T","AGE_10YRBANDS_YGE15","2006",41.532,,,,"R1:3513"
"TUR","BA:622","EMP_DWAP_SEX_AGE_RT","SEX_T","AGE_10YRBANDS_Y15-24","2006",30.277,,,,"R1:3513"
"TUR","BA:622","EMP_DWAP_SEX_AGE_RT","SEX_T","AGE_10YRBANDS_Y25-34","2006",55.291,,,,"R1:3513"
"TUR","BA:622","EMP_DWAP_SEX_AGE_RT","SEX_T","AGE_10YRBANDS_Y35-44","2006",57.282,,,,"R1:3513"
"TUR","BA:622","EMP_DWAP_SEX_AGE_RT","SEX_T","AGE_10YRBANDS_Y45-54","2006",44.434,,,,"R1:3513"
"TUR","BA:622","EMP_DWAP_SEX_AGE_RT","SEX_T","AGE_10YRBANDS_Y55-64","2006",27.635,,,,"R1:3513"
"TUR","BA:622","EMP_DWAP_SEX_AGE_RT","SEX_T","AGE_10YRBANDS_YGE65","2006",11.938,,,,"R1:3513"
"TUR","BA:622","EMP_DWAP_SEX_AGE_RT","SEX_M","AGE_10YRBANDS_YGE15","2006",62.941,,,,"R1:3513"
"TUR","BA:622","EMP_DWAP_SEX_AGE_RT","SEX_M","AGE_10YRBANDS_Y15-24","2006",41.808,,,,"R1:3513"
"TUR","BA:622","EMP_DWAP_SEX_AGE_RT","SEX_M","AGE_10YRBANDS_Y25-34","2006",83.716,,,,"R1:3513"
"TUR","BA:622","EMP_DWAP_SEX_AGE_RT","SEX_M","AGE_10YRBANDS_Y35-44","2006",86.763,,,,"R1:3513"
"TUR","BA:622","EMP_DWAP_SEX_AGE_RT","SEX_M","AGE_10YRBANDS_Y45-54","2006",67.964,,,,"R1:3513"
"TUR","BA:622","EMP_DWAP_SEX_AGE_RT","SEX_M","AGE_10YRBANDS_Y55-64","2006",41.608,,,,"R1:3513"
"TUR","BA:622","EMP_DWAP_SEX_AGE_RT","SEX_M","AGE_10YRBANDS_YGE65","2006",19.969,,,,"R1:3513"
"TUR","BA:622","EMP_DWAP_SEX_AGE_RT","SEX_F","AGE_10YRBANDS_YGE15","2006",20.965,,,,"R1:3513"
"TUR","BA:622","EMP_DWAP_SEX_AGE_RT","SEX_F","AGE_10YRBANDS_Y15-24","2006",19.325,,,,"R1:3513"
"TUR","BA:622","EMP_DWAP_SEX_AGE_RT","SEX_F","AGE_10YRBANDS_Y25-34","2006",26.842,,,,"R1:3513"
"TUR","BA:622","EMP_DWAP_SEX_AGE_RT","SEX_F","AGE_10YRBANDS_Y35-44","2006",27.372,,,,"R1:3513"
"TUR","BA:622","EMP_DWAP_SEX_AGE_RT","SEX_F","AGE_10YRBANDS_Y45-54","2006",20.858,,,,"R1:3513"
"TUR","BA:622","EMP_DWAP_SEX_AGE_RT","SEX_F","AGE_10YRBANDS_Y55-64","2006",14.774,,,,"R1:3513"
"TUR","BA:622","EMP_DWAP_SEX_AGE_RT","SEX_F","AGE_10YRBANDS_YGE65","2006",5.706,,,,"R1:3513"
"TUR","BA:622","EMP_DWAP_SEX_AGE_RT","SEX_T","AGE_5YRBANDS_YGE15","2006",41.532,,,,"R1:3513"
"TUR","BA:622","EMP_DWAP_SEX_AGE_RT","SEX_T","AGE_5YRBANDS_Y15-19","2006",21.985,,,,"R1:3513"
"TUR","BA:622","EMP_DWAP_SEX_AGE_RT","SEX_T","AGE_5YRBANDS_Y20-24","2006",39.536,,,,"R1:3513"
"TUR","BA:622","EMP_DWAP_SEX_AGE_RT","SEX_T","AGE_5YRBANDS_Y25-29","2006",53.673,,,,"R1:3513"
"TUR","BA:622","EMP_DWAP_SEX_AGE_RT","SEX_T","AGE_5YRBANDS_Y30-34","2006",57.086,,,,"R1:3513"
"TUR","BA:622","EMP_DWAP_SEX_AGE_RT","SEX_T","AGE_5YRBANDS_Y35-39","2006",57.954,,,,"R1:3513"
"TUR","BA:622","EMP_DWAP_SEX_AGE_RT","SEX_T","AGE_5YRBANDS_Y40-44","2006",56.529,,,,"R1:3513"
"TUR","BA:622","EMP_DWAP_SEX_AGE_RT","SEX_T","AGE_5YRBANDS_Y45-49","2006",48.795,,,,"R1:3513"
"TUR","BA:622","EMP_DWAP_SEX_AGE_RT","SEX_T","AGE_5YRBANDS_Y50-54","2006",39.135,,,,"R1:3513"
"TUR","BA:622","EMP_DWAP_SEX_AGE_RT","SEX_T","AGE_5YRBANDS_Y55-59","2006",30.79,,,,"R1:3513"
"TUR","BA:622","EMP_DWAP_SEX_AGE_RT","SEX_T","AGE_5YRBANDS_Y60-64","2006",23.571,,,,"R1:3513"
"TUR","BA:622","EMP_DWAP_SEX_AGE_RT","SEX_T","AGE_5YRBANDS_YGE65","2006",11.938,,,,"R1:3513"
"TUR","BA:622","EMP_DWAP_SEX_AGE_RT","SEX_M","AGE_5YRBANDS_YGE15","2006",62.941,,,,"R1:3513"
"TUR","BA:622","EMP_DWAP_SEX_AGE_RT","SEX_M","AGE_5YRBANDS_Y15-19","2006",29.233,,,,"R1:3513"
"TUR","BA:622","EMP_DWAP_SEX_AGE_RT","SEX_M","AGE_5YRBANDS_Y20-24","2006",57.904,,,,"R1:3513"
"TUR","BA:622","EMP_DWAP_SEX_AGE_RT","SEX_M","AGE_5YRBANDS_Y25-29","2006",80.437,,,,"R1:3513"
"TUR","BA:622","EMP_DWAP_SEX_AGE_RT","SEX_M","AGE_5YRBANDS_Y30-34","2006",87.308,,,,"R1:3513"
"TUR","BA:622","EMP_DWAP_SEX_AGE_RT","SEX_M","AGE_5YRBANDS_Y35-39","2006",87.382,,,,"R1:3513"
"TUR","BA:622","EMP_DWAP_SEX_AGE_RT","SEX_M","AGE_5YRBANDS_Y40-44","2006",86.072,,,,"R1:3513"
"TUR","BA:622","EMP_DWAP_SEX_AGE_RT","SEX_M","AGE_5YRBANDS_Y45-49","2006",75.415,,,,"R1:3513"
"TUR","BA:622","EMP_DWAP_SEX_AGE_RT","SEX_M","AGE_5YRBANDS_Y50-54","2006",58.887,,,,"R1:3513"
"TUR","BA:622","EMP_DWAP_SEX_AGE_RT","SEX_M","AGE_5YRBANDS_Y55-59","2006",45.972,,,,"R1:3513"
"TUR","BA:622","EMP_DWAP_SEX_AGE_RT","SEX_M","AGE_5YRBANDS_Y60-64","2006",35.754,,,,"R1:3513"
"TUR","BA:622","EMP_DWAP_SEX_AGE_RT","SEX_M","AGE_5YRBANDS_YGE65","2006",19.969,,,,"R1:3513"
"TUR","BA:622","EMP_DWAP_SEX_AGE_RT","SEX_F","AGE_5YRBANDS_YGE15","2006",20.965,,,,"R1:3513"
"TUR","BA:622","EMP_DWAP_SEX_AGE_RT","SEX_F","AGE_5YRBANDS_Y15-19","2006",14.182,,,,"R1:3513"
"TUR","BA:622","EMP_DWAP_SEX_AGE_RT","SEX_F","AGE_5YRBANDS_Y20-24","2006",24.374,,,,"R1:3513"
"TUR","BA:622","EMP_DWAP_SEX_AGE_RT","SEX_F","AGE_5YRBANDS_Y25-29","2006",27.202,,,,"R1:3513"
"TUR","BA:622","EMP_DWAP_SEX_AGE_RT","SEX_F","AGE_5YRBANDS_Y30-34","2006",26.437,,,,"R1:3513"
"TUR","BA:622","EMP_DWAP_SEX_AGE_RT","SEX_F","AGE_5YRBANDS_Y35-39","2006",28.194,,,,"R1:3513"
"TUR","BA:622","EMP_DWAP_SEX_AGE_RT","SEX_F","AGE_5YRBANDS_Y40-44","2006",26.447,,,,"R1:3513"
"TUR","BA:622","EMP_DWAP_SEX_AGE_RT","SEX_F","AGE_5YRBANDS_Y45-49","2006",22.068,,,,"R1:3513"
"TUR","BA:622","EMP_DWAP_SEX_AGE_RT","SEX_F","AGE_5YRBANDS_Y50-54","2006",19.392,,,,"R1:3513"
"TUR","BA:622","EMP_DWAP_SEX_AGE_RT","SEX_F","AGE_5YRBANDS_Y55-59","2006",16.335,,,,"R1:3513"
"TUR","BA:622","EMP_DWAP_SEX_AGE_RT","SEX_F","AGE_5YRBANDS_Y60-64","2006",12.837,,,,"R1:3513"
"TUR","BA:622","EMP_DWAP_SEX_AGE_RT","SEX_F","AGE_5YRBANDS_YGE65","2006",5.706,,,,"R1:3513"
"TUR","BA:622","EMP_DWAP_SEX_AGE_RT","SEX_T","AGE_YTHADULT_YGE15","2005",41.495,,,,"R1:3513"
"TUR","BA:622","EMP_DWAP_SEX_AGE_RT","SEX_T","AGE_YTHADULT_Y15-64","2005",44.409,,,,"R1:3513"
"TUR","BA:622","EMP_DWAP_SEX_AGE_RT","SEX_T","AGE_YTHADULT_Y15-24","2005",30.233,,,,"R1:3513"
"TUR","BA:622","EMP_DWAP_SEX_AGE_RT","SEX_T","AGE_YTHADULT_YGE25","2005",45.112,,,,"R1:3513"
"TUR","BA:622","EMP_DWAP_SEX_AGE_RT","SEX_M","AGE_YTHADULT_YGE15","2005",63.188,,,,"R1:3513"
"TUR","BA:622","EMP_DWAP_SEX_AGE_RT","SEX_M","AGE_YTHADULT_Y15-64","2005",66.944,,,,"R1:3513"
"TUR","BA:622","EMP_DWAP_SEX_AGE_RT","SEX_M","AGE_YTHADULT_Y15-24","2005",41.615,,,,"R1:3513"
"TUR","BA:622","EMP_DWAP_SEX_AGE_RT","SEX_M","AGE_YTHADULT_YGE25","2005",70.064,,,,"R1:3513"
"TUR","BA:622","EMP_DWAP_SEX_AGE_RT","SEX_F","AGE_YTHADULT_YGE15","2005",20.692,,,,"R1:3513"
"TUR","BA:622","EMP_DWAP_SEX_AGE_RT","SEX_F","AGE_YTHADULT_Y15-64","2005",22.322,,,,"R1:3513"
"TUR","BA:622","EMP_DWAP_SEX_AGE_RT","SEX_F","AGE_YTHADULT_Y15-24","2005",19.441,,,,"R1:3513"
"TUR","BA:622","EMP_DWAP_SEX_AGE_RT","SEX_F","AGE_YTHADULT_YGE25","2005",21.097,,,,"R1:3513"
"TUR","BA:622","EMP_DWAP_SEX_AGE_RT","SEX_T","AGE_AGGREGATE_YGE15","2005",41.495,,,,"R1:3513"
"TUR","BA:622","EMP_DWAP_SEX_AGE_RT","SEX_T","AGE_AGGREGATE_Y15-24","2005",30.233,,,,"R1:3513"
"TUR","BA:622","EMP_DWAP_SEX_AGE_RT","SEX_T","AGE_AGGREGATE_Y25-54","2005",53.028,,,,"R1:3513"
"TUR","BA:622","EMP_DWAP_SEX_AGE_RT","SEX_T","AGE_AGGREGATE_Y55-64","2005",27.941,,,,"R1:3513"
"TUR","BA:622","EMP_DWAP_SEX_AGE_RT","SEX_T","AGE_AGGREGATE_YGE65","2005",13.239,,,,"R1:3513"
"TUR","BA:622","EMP_DWAP_SEX_AGE_RT","SEX_M","AGE_AGGREGATE_YGE15","2005",63.188,,,,"R1:3513"
"TUR","BA:622","EMP_DWAP_SEX_AGE_RT","SEX_M","AGE_AGGREGATE_Y15-24","2005",41.615,,,,"R1:3513"
"TUR","BA:622","EMP_DWAP_SEX_AGE_RT","SEX_M","AGE_AGGREGATE_Y25-54","2005",81.06,,,,"R1:3513"
"TUR","BA:622","EMP_DWAP_SEX_AGE_RT","SEX_M","AGE_AGGREGATE_Y55-64","2005",42.487,,,,"R1:3513"
"TUR","BA:622","EMP_DWAP_SEX_AGE_RT","SEX_M","AGE_AGGREGATE_YGE65","2005",21.905,,,,"R1:3513"
"TUR","BA:622","EMP_DWAP_SEX_AGE_RT","SEX_F","AGE_AGGREGATE_YGE15","2005",20.692,,,,"R1:3513"
"TUR","BA:622","EMP_DWAP_SEX_AGE_RT","SEX_F","AGE_AGGREGATE_Y15-24","2005",19.441,,,,"R1:3513"
"TUR","BA:622","EMP_DWAP_SEX_AGE_RT","SEX_F","AGE_AGGREGATE_Y25-54","2005",24.85,,,,"R1:3513"
"TUR","BA:622","EMP_DWAP_SEX_AGE_RT","SEX_F","AGE_AGGREGATE_Y55-64","2005",14.662,,,,"R1:3513"
"TUR","BA:622","EMP_DWAP_SEX_AGE_RT","SEX_F","AGE_AGGREGATE_YGE65","2005",6.522,,,,"R1:3513"
"TUR","BA:622","EMP_DWAP_SEX_AGE_RT","SEX_T","AGE_10YRBANDS_YGE15","2005",41.495,,,,"R1:3513"
"TUR","BA:622","EMP_DWAP_SEX_AGE_RT","SEX_T","AGE_10YRBANDS_Y15-24","2005",30.233,,,,"R1:3513"
"TUR","BA:622","EMP_DWAP_SEX_AGE_RT","SEX_T","AGE_10YRBANDS_Y25-34","2005",54.931,,,,"R1:3513"
"TUR","BA:622","EMP_DWAP_SEX_AGE_RT","SEX_T","AGE_10YRBANDS_Y35-44","2005",57.128,,,,"R1:3513"
"TUR","BA:622","EMP_DWAP_SEX_AGE_RT","SEX_T","AGE_10YRBANDS_Y45-54","2005",44.545,,,,"R1:3513"
"TUR","BA:622","EMP_DWAP_SEX_AGE_RT","SEX_T","AGE_10YRBANDS_Y55-64","2005",27.941,,,,"R1:3513"
"TUR","BA:622","EMP_DWAP_SEX_AGE_RT","SEX_T","AGE_10YRBANDS_YGE65","2005",13.239,,,,"R1:3513"
"TUR","BA:622","EMP_DWAP_SEX_AGE_RT","SEX_M","AGE_10YRBANDS_YGE15","2005",63.188,,,,"R1:3513"
"TUR","BA:622","EMP_DWAP_SEX_AGE_RT","SEX_M","AGE_10YRBANDS_Y15-24","2005",41.615,,,,"R1:3513"
"TUR","BA:622","EMP_DWAP_SEX_AGE_RT","SEX_M","AGE_10YRBANDS_Y25-34","2005",83.968,,,,"R1:3513"
"TUR","BA:622","EMP_DWAP_SEX_AGE_RT","SEX_M","AGE_10YRBANDS_Y35-44","2005",87.342,,,,"R1:3513"
"TUR","BA:622","EMP_DWAP_SEX_AGE_RT","SEX_M","AGE_10YRBANDS_Y45-54","2005",68.028,,,,"R1:3513"
"TUR","BA:622","EMP_DWAP_SEX_AGE_RT","SEX_M","AGE_10YRBANDS_Y55-64","2005",42.487,,,,"R1:3513"
"TUR","BA:622","EMP_DWAP_SEX_AGE_RT","SEX_M","AGE_10YRBANDS_YGE65","2005",21.905,,,,"R1:3513"
"TUR","BA:622","EMP_DWAP_SEX_AGE_RT","SEX_F","AGE_10YRBANDS_YGE15","2005",20.692,,,,"R1:3513"
"TUR","BA:622","EMP_DWAP_SEX_AGE_RT","SEX_F","AGE_10YRBANDS_Y15-24","2005",19.441,,,,"R1:3513"
"TUR","BA:622","EMP_DWAP_SEX_AGE_RT","SEX_F","AGE_10YRBANDS_Y25-34","2005",25.914,,,,"R1:3513"
"TUR","BA:622","EMP_DWAP_SEX_AGE_RT","SEX_F","AGE_10YRBANDS_Y35-44","2005",26.466,,,,"R1:3513"
"TUR","BA:622","EMP_DWAP_SEX_AGE_RT","SEX_F","AGE_10YRBANDS_Y45-54","2005",21.011,,,,"R1:3513"
"TUR","BA:622","EMP_DWAP_SEX_AGE_RT","SEX_F","AGE_10YRBANDS_Y55-64","2005",14.662,,,,"R1:3513"
"TUR","BA:622","EMP_DWAP_SEX_AGE_RT","SEX_F","AGE_10YRBANDS_YGE65","2005",6.522,,,,"R1:3513"
"TUR","BA:622","EMP_DWAP_SEX_AGE_RT","SEX_T","AGE_5YRBANDS_YGE15","2005",41.495,,,,"R1:3513"
"TUR","BA:622","EMP_DWAP_SEX_AGE_RT","SEX_T","AGE_5YRBANDS_Y15-19","2005",21.746,,,,"R1:3513"
"TUR","BA:622","EMP_DWAP_SEX_AGE_RT","SEX_T","AGE_5YRBANDS_Y20-24","2005",39.692,,,,"R1:3513"
"TUR","BA:622","EMP_DWAP_SEX_AGE_RT","SEX_T","AGE_5YRBANDS_Y25-29","2005",53.856,,,,"R1:3513"
"TUR","BA:622","EMP_DWAP_SEX_AGE_RT","SEX_T","AGE_5YRBANDS_Y30-34","2005",56.099,,,,"R1:3513"
"TUR","BA:622","EMP_DWAP_SEX_AGE_RT","SEX_T","AGE_5YRBANDS_Y35-39","2005",57.77,,,,"R1:3513"
"TUR","BA:622","EMP_DWAP_SEX_AGE_RT","SEX_T","AGE_5YRBANDS_Y40-44","2005",56.415,,,,"R1:3513"
"TUR","BA:622","EMP_DWAP_SEX_AGE_RT","SEX_T","AGE_5YRBANDS_Y45-49","2005",49.182,,,,"R1:3513"
"TUR","BA:622","EMP_DWAP_SEX_AGE_RT","SEX_T","AGE_5YRBANDS_Y50-54","2005",38.845,,,,"R1:3513"
"TUR","BA:622","EMP_DWAP_SEX_AGE_RT","SEX_T","AGE_5YRBANDS_Y55-59","2005",31.267,,,,"R1:3513"
"TUR","BA:622","EMP_DWAP_SEX_AGE_RT","SEX_T","AGE_5YRBANDS_Y60-64","2005",23.732,,,,"R1:3513"
"TUR","BA:622","EMP_DWAP_SEX_AGE_RT","SEX_T","AGE_5YRBANDS_YGE65","2005",13.239,,,,"R1:3513"
"TUR","BA:622","EMP_DWAP_SEX_AGE_RT","SEX_M","AGE_5YRBANDS_YGE15","2005",63.188,,,,"R1:3513"
"TUR","BA:622","EMP_DWAP_SEX_AGE_RT","SEX_M","AGE_5YRBANDS_Y15-19","2005",28.844,,,,"R1:3513"
"TUR","BA:622","EMP_DWAP_SEX_AGE_RT","SEX_M","AGE_5YRBANDS_Y20-24","2005",57.984,,,,"R1:3513"
"TUR","BA:622","EMP_DWAP_SEX_AGE_RT","SEX_M","AGE_5YRBANDS_Y25-29","2005",81.547,,,,"R1:3513"
"TUR","BA:622","EMP_DWAP_SEX_AGE_RT","SEX_M","AGE_5YRBANDS_Y30-34","2005",86.571,,,,"R1:3513"
"TUR","BA:622","EMP_DWAP_SEX_AGE_RT","SEX_M","AGE_5YRBANDS_Y35-39","2005",87.925,,,,"R1:3513"
"TUR","BA:622","EMP_DWAP_SEX_AGE_RT","SEX_M","AGE_5YRBANDS_Y40-44","2005",86.694,,,,"R1:3513"
"TUR","BA:622","EMP_DWAP_SEX_AGE_RT","SEX_M","AGE_5YRBANDS_Y45-49","2005",75.534,,,,"R1:3513"
"TUR","BA:622","EMP_DWAP_SEX_AGE_RT","SEX_M","AGE_5YRBANDS_Y50-54","2005",58.772,,,,"R1:3513"
"TUR","BA:622","EMP_DWAP_SEX_AGE_RT","SEX_M","AGE_5YRBANDS_Y55-59","2005",47.648,,,,"R1:3513"
"TUR","BA:622","EMP_DWAP_SEX_AGE_RT","SEX_M","AGE_5YRBANDS_Y60-64","2005",35.745,,,,"R1:3513"
"TUR","BA:622","EMP_DWAP_SEX_AGE_RT","SEX_M","AGE_5YRBANDS_YGE65","2005",21.905,,,,"R1:3513"
"TUR","BA:622","EMP_DWAP_SEX_AGE_RT","SEX_F","AGE_5YRBANDS_YGE15","2005",20.692,,,,"R1:3513"
"TUR","BA:622","EMP_DWAP_SEX_AGE_RT","SEX_F","AGE_5YRBANDS_Y15-19","2005",14.096,,,,"R1:3513"
"TUR","BA:622","EMP_DWAP_SEX_AGE_RT","SEX_F","AGE_5YRBANDS_Y20-24","2005",24.663,,,,"R1:3513"
"TUR","BA:622","EMP_DWAP_SEX_AGE_RT","SEX_F","AGE_5YRBANDS_Y25-29","2005",26.476,,,,"R1:3513"
"TUR","BA:622","EMP_DWAP_SEX_AGE_RT","SEX_F","AGE_5YRBANDS_Y30-34","2005",25.296,,,,"R1:3513"
"TUR","BA:622","EMP_DWAP_SEX_AGE_RT","SEX_F","AGE_5YRBANDS_Y35-39","2005",27.138,,,,"R1:3513"
"TUR","BA:622","EMP_DWAP_SEX_AGE_RT","SEX_F","AGE_5YRBANDS_Y40-44","2005",25.721,,,,"R1:3513"
"TUR","BA:622","EMP_DWAP_SEX_AGE_RT","SEX_F","AGE_5YRBANDS_Y45-49","2005",22.697,,,,"R1:3513"
"TUR","BA:622","EMP_DWAP_SEX_AGE_RT","SEX_F","AGE_5YRBANDS_Y50-54","2005",18.945,,,,"R1:3513"
"TUR","BA:622","EMP_DWAP_SEX_AGE_RT","SEX_F","AGE_5YRBANDS_Y55-59","2005",15.906,,,,"R1:3513"
"TUR","BA:622","EMP_DWAP_SEX_AGE_RT","SEX_F","AGE_5YRBANDS_Y60-64","2005",13.133,,,,"R1:3513"
"TUR","BA:622","EMP_DWAP_SEX_AGE_RT","SEX_F","AGE_5YRBANDS_YGE65","2005",6.522,,,,"R1:3513"
"TUR","BA:622","EMP_DWAP_SEX_AGE_RT","SEX_T","AGE_YTHADULT_YGE15","2004",41.292,,,,"R1:3513"
"TUR","BA:622","EMP_DWAP_SEX_AGE_RT","SEX_T","AGE_YTHADULT_Y15-64","2004",44.12,,,,"R1:3513"
"TUR","BA:622","EMP_DWAP_SEX_AGE_RT","SEX_T","AGE_YTHADULT_Y15-24","2004",30.018,,,,"R1:3513"
"TUR","BA:622","EMP_DWAP_SEX_AGE_RT","SEX_T","AGE_YTHADULT_YGE25","2004",45.031,,,,"R1:3513"
"TUR","BA:622","EMP_DWAP_SEX_AGE_RT","SEX_M","AGE_YTHADULT_YGE15","2004",62.73,,,,"R1:3513"
"TUR","BA:622","EMP_DWAP_SEX_AGE_RT","SEX_M","AGE_YTHADULT_Y15-64","2004",66.377,,,,"R1:3513"
"TUR","BA:622","EMP_DWAP_SEX_AGE_RT","SEX_M","AGE_YTHADULT_Y15-24","2004",40.799,,,,"R1:3513"
"TUR","BA:622","EMP_DWAP_SEX_AGE_RT","SEX_M","AGE_YTHADULT_YGE25","2004",69.948,,,,"R1:3513"
"TUR","BA:622","EMP_DWAP_SEX_AGE_RT","SEX_F","AGE_YTHADULT_YGE15","2004",20.774,,,,"R1:3513"
"TUR","BA:622","EMP_DWAP_SEX_AGE_RT","SEX_F","AGE_YTHADULT_Y15-64","2004",22.342,,,,"R1:3513"
"TUR","BA:622","EMP_DWAP_SEX_AGE_RT","SEX_F","AGE_YTHADULT_Y15-24","2004",19.815,,,,"R1:3513"
"TUR","BA:622","EMP_DWAP_SEX_AGE_RT","SEX_F","AGE_YTHADULT_YGE25","2004",21.094,,,,"R1:3513"
"TUR","BA:622","EMP_DWAP_SEX_AGE_RT","SEX_T","AGE_AGGREGATE_YGE15","2004",41.292,,,,"R1:3513"
"TUR","BA:622","EMP_DWAP_SEX_AGE_RT","SEX_T","AGE_AGGREGATE_Y15-24","2004",30.018,,,,"R1:3513"
"TUR","BA:622","EMP_DWAP_SEX_AGE_RT","SEX_T","AGE_AGGREGATE_Y25-54","2004",52.594,,,,"R1:3513"
"TUR","BA:622","EMP_DWAP_SEX_AGE_RT","SEX_T","AGE_AGGREGATE_Y55-64","2004",29.48,,,,"R1:3513"
"TUR","BA:622","EMP_DWAP_SEX_AGE_RT","SEX_T","AGE_AGGREGATE_YGE65","2004",14.099,,,,"R1:3513"
"TUR","BA:622","EMP_DWAP_SEX_AGE_RT","SEX_M","AGE_AGGREGATE_YGE15","2004",62.73,,,,"R1:3513"
"TUR","BA:622","EMP_DWAP_SEX_AGE_RT","SEX_M","AGE_AGGREGATE_Y15-24","2004",40.799,,,,"R1:3513"
"TUR","BA:622","EMP_DWAP_SEX_AGE_RT","SEX_M","AGE_AGGREGATE_Y25-54","2004",80.621,,,,"R1:3513"
"TUR","BA:622","EMP_DWAP_SEX_AGE_RT","SEX_M","AGE_AGGREGATE_Y55-64","2004",43.723,,,,"R1:3513"
"TUR","BA:622","EMP_DWAP_SEX_AGE_RT","SEX_M","AGE_AGGREGATE_YGE65","2004",22.941,,,,"R1:3513"
"TUR","BA:622","EMP_DWAP_SEX_AGE_RT","SEX_F","AGE_AGGREGATE_YGE15","2004",20.774,,,,"R1:3513"
"TUR","BA:622","EMP_DWAP_SEX_AGE_RT","SEX_F","AGE_AGGREGATE_Y15-24","2004",19.815,,,,"R1:3513"
"TUR","BA:622","EMP_DWAP_SEX_AGE_RT","SEX_F","AGE_AGGREGATE_Y25-54","2004",24.433,,,,"R1:3513"
"TUR","BA:622","EMP_DWAP_SEX_AGE_RT","SEX_F","AGE_AGGREGATE_Y55-64","2004",16.57,,,,"R1:3513"
"TUR","BA:622","EMP_DWAP_SEX_AGE_RT","SEX_F","AGE_AGGREGATE_YGE65","2004",7.266,,,,"R1:3513"
"TUR","BA:622","EMP_DWAP_SEX_AGE_RT","SEX_T","AGE_10YRBANDS_YGE15","2004",41.292,,,,"R1:3513"
"TUR","BA:622","EMP_DWAP_SEX_AGE_RT","SEX_T","AGE_10YRBANDS_Y15-24","2004",30.018,,,,"R1:3513"
"TUR","BA:622","EMP_DWAP_SEX_AGE_RT","SEX_T","AGE_10YRBANDS_Y25-34","2004",54.419,,,,"R1:3513"
"TUR","BA:622","EMP_DWAP_SEX_AGE_RT","SEX_T","AGE_10YRBANDS_Y35-44","2004",56.835,,,,"R1:3513"
"TUR","BA:622","EMP_DWAP_SEX_AGE_RT","SEX_T","AGE_10YRBANDS_Y45-54","2004",43.915,,,,"R1:3513"
"TUR","BA:622","EMP_DWAP_SEX_AGE_RT","SEX_T","AGE_10YRBANDS_Y55-64","2004",29.48,,,,"R1:3513"
"TUR","BA:622","EMP_DWAP_SEX_AGE_RT","SEX_T","AGE_10YRBANDS_YGE65","2004",14.099,,,,"R1:3513"
"TUR","BA:622","EMP_DWAP_SEX_AGE_RT","SEX_M","AGE_10YRBANDS_YGE15","2004",62.73,,,,"R1:3513"
"TUR","BA:622","EMP_DWAP_SEX_AGE_RT","SEX_M","AGE_10YRBANDS_Y15-24","2004",40.799,,,,"R1:3513"
"TUR","BA:622","EMP_DWAP_SEX_AGE_RT","SEX_M","AGE_10YRBANDS_Y25-34","2004",83.246,,,,"R1:3513"
"TUR","BA:622","EMP_DWAP_SEX_AGE_RT","SEX_M","AGE_10YRBANDS_Y35-44","2004",87.299,,,,"R1:3513"
"TUR","BA:622","EMP_DWAP_SEX_AGE_RT","SEX_M","AGE_10YRBANDS_Y45-54","2004",67.298,,,,"R1:3513"
"TUR","BA:622","EMP_DWAP_SEX_AGE_RT","SEX_M","AGE_10YRBANDS_Y55-64","2004",43.723,,,,"R1:3513"
"TUR","BA:622","EMP_DWAP_SEX_AGE_RT","SEX_M","AGE_10YRBANDS_YGE65","2004",22.941,,,,"R1:3513"
"TUR","BA:622","EMP_DWAP_SEX_AGE_RT","SEX_F","AGE_10YRBANDS_YGE15","2004",20.774,,,,"R1:3513"
"TUR","BA:622","EMP_DWAP_SEX_AGE_RT","SEX_F","AGE_10YRBANDS_Y15-24","2004",19.815,,,,"R1:3513"
"TUR","BA:622","EMP_DWAP_SEX_AGE_RT","SEX_F","AGE_10YRBANDS_Y25-34","2004",25.659,,,,"R1:3513"
"TUR","BA:622","EMP_DWAP_SEX_AGE_RT","SEX_F","AGE_10YRBANDS_Y35-44","2004",25.872,,,,"R1:3513"
"TUR","BA:622","EMP_DWAP_SEX_AGE_RT","SEX_F","AGE_10YRBANDS_Y45-54","2004",20.505,,,,"R1:3513"
"TUR","BA:622","EMP_DWAP_SEX_AGE_RT","SEX_F","AGE_10YRBANDS_Y55-64","2004",16.57,,,,"R1:3513"
"TUR","BA:622","EMP_DWAP_SEX_AGE_RT","SEX_F","AGE_10YRBANDS_YGE65","2004",7.266,,,,"R1:3513"
"TUR","BA:622","EMP_DWAP_SEX_AGE_RT","SEX_T","AGE_5YRBANDS_YGE15","2004",41.292,,,,"R1:3513"
"TUR","BA:622","EMP_DWAP_SEX_AGE_RT","SEX_T","AGE_5YRBANDS_Y15-19","2004",21.559,,,,"R1:3513"
"TUR","BA:622","EMP_DWAP_SEX_AGE_RT","SEX_T","AGE_5YRBANDS_Y20-24","2004",39.296,,,,"R1:3513"
"TUR","BA:622","EMP_DWAP_SEX_AGE_RT","SEX_T","AGE_5YRBANDS_Y25-29","2004",52.916,,,,"R1:3513"
"TUR","BA:622","EMP_DWAP_SEX_AGE_RT","SEX_T","AGE_5YRBANDS_Y30-34","2004",56.029,,,,"R1:3513"
"TUR","BA:622","EMP_DWAP_SEX_AGE_RT","SEX_T","AGE_5YRBANDS_Y35-39","2004",57.865,,,,"R1:3513"
"TUR","BA:622","EMP_DWAP_SEX_AGE_RT","SEX_T","AGE_5YRBANDS_Y40-44","2004",55.703,,,,"R1:3513"
"TUR","BA:622","EMP_DWAP_SEX_AGE_RT","SEX_T","AGE_5YRBANDS_Y45-49","2004",48.358,,,,"R1:3513"
"TUR","BA:622","EMP_DWAP_SEX_AGE_RT","SEX_T","AGE_5YRBANDS_Y50-54","2004",38.398,,,,"R1:3513"
"TUR","BA:622","EMP_DWAP_SEX_AGE_RT","SEX_T","AGE_5YRBANDS_Y55-59","2004",32.559,,,,"R1:3513"
"TUR","BA:622","EMP_DWAP_SEX_AGE_RT","SEX_T","AGE_5YRBANDS_Y60-64","2004",25.648,,,,"R1:3513"
"TUR","BA:622","EMP_DWAP_SEX_AGE_RT","SEX_T","AGE_5YRBANDS_YGE65","2004",14.099,,,,"R1:3513"
"TUR","BA:622","EMP_DWAP_SEX_AGE_RT","SEX_M","AGE_5YRBANDS_YGE15","2004",62.73,,,,"R1:3513"
"TUR","BA:622","EMP_DWAP_SEX_AGE_RT","SEX_M","AGE_5YRBANDS_Y15-19","2004",27.965,,,,"R1:3513"
"TUR","BA:622","EMP_DWAP_SEX_AGE_RT","SEX_M","AGE_5YRBANDS_Y20-24","2004",56.861,,,,"R1:3513"
"TUR","BA:622","EMP_DWAP_SEX_AGE_RT","SEX_M","AGE_5YRBANDS_Y25-29","2004",80.138,,,,"R1:3513"
"TUR","BA:622","EMP_DWAP_SEX_AGE_RT","SEX_M","AGE_5YRBANDS_Y30-34","2004",86.542,,,,"R1:3513"
"TUR","BA:622","EMP_DWAP_SEX_AGE_RT","SEX_M","AGE_5YRBANDS_Y35-39","2004",88.078,,,,"R1:3513"
"TUR","BA:622","EMP_DWAP_SEX_AGE_RT","SEX_M","AGE_5YRBANDS_Y40-44","2004",86.439,,,,"R1:3513"
"TUR","BA:622","EMP_DWAP_SEX_AGE_RT","SEX_M","AGE_5YRBANDS_Y45-49","2004",74.504,,,,"R1:3513"
"TUR","BA:622","EMP_DWAP_SEX_AGE_RT","SEX_M","AGE_5YRBANDS_Y50-54","2004",58.295,,,,"R1:3513"
"TUR","BA:622","EMP_DWAP_SEX_AGE_RT","SEX_M","AGE_5YRBANDS_Y55-59","2004",48.4,,,,"R1:3513"
"TUR","BA:622","EMP_DWAP_SEX_AGE_RT","SEX_M","AGE_5YRBANDS_Y60-64","2004",37.758,,,,"R1:3513"
"TUR","BA:622","EMP_DWAP_SEX_AGE_RT","SEX_M","AGE_5YRBANDS_YGE65","2004",22.941,,,,"R1:3513"
"TUR","BA:622","EMP_DWAP_SEX_AGE_RT","SEX_F","AGE_5YRBANDS_YGE15","2004",20.774,,,,"R1:3513"
"TUR","BA:622","EMP_DWAP_SEX_AGE_RT","SEX_F","AGE_5YRBANDS_Y15-19","2004",14.709,,,,"R1:3513"
"TUR","BA:622","EMP_DWAP_SEX_AGE_RT","SEX_F","AGE_5YRBANDS_Y20-24","2004",24.76,,,,"R1:3513"
"TUR","BA:622","EMP_DWAP_SEX_AGE_RT","SEX_F","AGE_5YRBANDS_Y25-29","2004",26.024,,,,"R1:3513"
"TUR","BA:622","EMP_DWAP_SEX_AGE_RT","SEX_F","AGE_5YRBANDS_Y30-34","2004",25.264,,,,"R1:3513"
"TUR","BA:622","EMP_DWAP_SEX_AGE_RT","SEX_F","AGE_5YRBANDS_Y35-39","2004",27.024,,,,"R1:3513"
"TUR","BA:622","EMP_DWAP_SEX_AGE_RT","SEX_F","AGE_5YRBANDS_Y40-44","2004",24.611,,,,"R1:3513"
"TUR","BA:622","EMP_DWAP_SEX_AGE_RT","SEX_F","AGE_5YRBANDS_Y45-49","2004",22.037,,,,"R1:3513"
"TUR","BA:622","EMP_DWAP_SEX_AGE_RT","SEX_F","AGE_5YRBANDS_Y50-54","2004",18.615,,,,"R1:3513"
"TUR","BA:622","EMP_DWAP_SEX_AGE_RT","SEX_F","AGE_5YRBANDS_Y55-59","2004",17.901,,,,"R1:3513"
"TUR","BA:622","EMP_DWAP_SEX_AGE_RT","SEX_F","AGE_5YRBANDS_Y60-64","2004",14.948,,,,"R1:3513"
"TUR","BA:622","EMP_DWAP_SEX_AGE_RT","SEX_F","AGE_5YRBANDS_YGE65","2004",7.266,,,,"R1:3513"
"TUR","BA:622","EMP_DWAP_SEX_AGE_RT","SEX_T","AGE_YTHADULT_YGE15","2003",43.235,,,,"R1:3513"
"TUR","BA:622","EMP_DWAP_SEX_AGE_RT","SEX_T","AGE_YTHADULT_Y15-64","2003",45.524,,,,"R1:3513"
"TUR","BA:622","EMP_DWAP_SEX_AGE_RT","SEX_T","AGE_YTHADULT_Y15-24","2003",30.513,,,,"R1:3513"
"TUR","BA:622","EMP_DWAP_SEX_AGE_RT","SEX_T","AGE_YTHADULT_YGE25","2003",47.546,,,,"R1:3513"
"TUR","BA:622","EMP_DWAP_SEX_AGE_RT","SEX_M","AGE_YTHADULT_YGE15","2003",62.885,,,,"R1:3513"
"TUR","BA:622","EMP_DWAP_SEX_AGE_RT","SEX_M","AGE_YTHADULT_Y15-64","2003",65.88,,,,"R1:3513"
"TUR","BA:622","EMP_DWAP_SEX_AGE_RT","SEX_M","AGE_YTHADULT_Y15-24","2003",39.729,,,,"R1:3513"
"TUR","BA:622","EMP_DWAP_SEX_AGE_RT","SEX_M","AGE_YTHADULT_YGE25","2003",70.57,,,,"R1:3513"
"TUR","BA:622","EMP_DWAP_SEX_AGE_RT","SEX_F","AGE_YTHADULT_YGE15","2003",23.898,,,,"R1:3513"
"TUR","BA:622","EMP_DWAP_SEX_AGE_RT","SEX_F","AGE_YTHADULT_Y15-64","2003",25.189,,,,"R1:3513"
"TUR","BA:622","EMP_DWAP_SEX_AGE_RT","SEX_F","AGE_YTHADULT_Y15-24","2003",21.719,,,,"R1:3513"
"TUR","BA:622","EMP_DWAP_SEX_AGE_RT","SEX_F","AGE_YTHADULT_YGE25","2003",24.651,,,,"R1:3513"
"TUR","BA:622","EMP_DWAP_SEX_AGE_RT","SEX_T","AGE_AGGREGATE_YGE15","2003",43.235,,,,"R1:3513"
"TUR","BA:622","EMP_DWAP_SEX_AGE_RT","SEX_T","AGE_AGGREGATE_Y15-24","2003",30.513,,,,"R1:3513"
"TUR","BA:622","EMP_DWAP_SEX_AGE_RT","SEX_T","AGE_AGGREGATE_Y25-54","2003",53.959,,,,"R1:3513"
"TUR","BA:622","EMP_DWAP_SEX_AGE_RT","SEX_T","AGE_AGGREGATE_Y55-64","2003",32.7,,,,"R1:3513"
"TUR","BA:622","EMP_DWAP_SEX_AGE_RT","SEX_T","AGE_AGGREGATE_YGE65","2003",17.076,,,,"R1:3513"
"TUR","BA:622","EMP_DWAP_SEX_AGE_RT","SEX_M","AGE_AGGREGATE_YGE15","2003",62.885,,,,"R1:3513"
"TUR","BA:622","EMP_DWAP_SEX_AGE_RT","SEX_M","AGE_AGGREGATE_Y15-24","2003",39.729,,,,"R1:3513"
"TUR","BA:622","EMP_DWAP_SEX_AGE_RT","SEX_M","AGE_AGGREGATE_Y25-54","2003",79.9,,,,"R1:3513"
"TUR","BA:622","EMP_DWAP_SEX_AGE_RT","SEX_M","AGE_AGGREGATE_Y55-64","2003",44.715,,,,"R1:3513"
"TUR","BA:622","EMP_DWAP_SEX_AGE_RT","SEX_M","AGE_AGGREGATE_YGE65","2003",25.126,,,,"R1:3513"
"TUR","BA:622","EMP_DWAP_SEX_AGE_RT","SEX_F","AGE_AGGREGATE_YGE15","2003",23.898,,,,"R1:3513"
"TUR","BA:622","EMP_DWAP_SEX_AGE_RT","SEX_F","AGE_AGGREGATE_Y15-24","2003",21.719,,,,"R1:3513"
"TUR","BA:622","EMP_DWAP_SEX_AGE_RT","SEX_F","AGE_AGGREGATE_Y25-54","2003",27.371,,,,"R1:3513"
"TUR","BA:622","EMP_DWAP_SEX_AGE_RT","SEX_F","AGE_AGGREGATE_Y55-64","2003",21.149,,,,"R1:3513"
"TUR","BA:622","EMP_DWAP_SEX_AGE_RT","SEX_F","AGE_AGGREGATE_YGE65","2003",10.408,,,,"R1:3513"
"TUR","BA:622","EMP_DWAP_SEX_AGE_RT","SEX_T","AGE_10YRBANDS_YGE15","2003",43.235,,,,"R1:3513"
"TUR","BA:622","EMP_DWAP_SEX_AGE_RT","SEX_T","AGE_10YRBANDS_Y15-24","2003",30.513,,,,"R1:3513"
"TUR","BA:622","EMP_DWAP_SEX_AGE_RT","SEX_T","AGE_10YRBANDS_Y25-34","2003",55.322,,,,"R1:3513"
"TUR","BA:622","EMP_DWAP_SEX_AGE_RT","SEX_T","AGE_10YRBANDS_Y35-44","2003",57.364,,,,"R1:3513"
"TUR","BA:622","EMP_DWAP_SEX_AGE_RT","SEX_T","AGE_10YRBANDS_Y45-54","2003",46.765,,,,"R1:3513"
"TUR","BA:622","EMP_DWAP_SEX_AGE_RT","SEX_T","AGE_10YRBANDS_Y55-64","2003",32.7,,,,"R1:3513"
"TUR","BA:622","EMP_DWAP_SEX_AGE_RT","SEX_T","AGE_10YRBANDS_YGE65","2003",17.076,,,,"R1:3513"
"TUR","BA:622","EMP_DWAP_SEX_AGE_RT","SEX_M","AGE_10YRBANDS_YGE15","2003",62.885,,,,"R1:3513"
"TUR","BA:622","EMP_DWAP_SEX_AGE_RT","SEX_M","AGE_10YRBANDS_Y15-24","2003",39.729,,,,"R1:3513"
"TUR","BA:622","EMP_DWAP_SEX_AGE_RT","SEX_M","AGE_10YRBANDS_Y25-34","2003",81.946,,,,"R1:3513"
"TUR","BA:622","EMP_DWAP_SEX_AGE_RT","SEX_M","AGE_10YRBANDS_Y35-44","2003",85.768,,,,"R1:3513"
"TUR","BA:622","EMP_DWAP_SEX_AGE_RT","SEX_M","AGE_10YRBANDS_Y45-54","2003",68.123,,,,"R1:3513"
"TUR","BA:622","EMP_DWAP_SEX_AGE_RT","SEX_M","AGE_10YRBANDS_Y55-64","2003",44.715,,,,"R1:3513"
"TUR","BA:622","EMP_DWAP_SEX_AGE_RT","SEX_M","AGE_10YRBANDS_YGE65","2003",25.126,,,,"R1:3513"
"TUR","BA:622","EMP_DWAP_SEX_AGE_RT","SEX_F","AGE_10YRBANDS_YGE15","2003",23.898,,,,"R1:3513"
"TUR","BA:622","EMP_DWAP_SEX_AGE_RT","SEX_F","AGE_10YRBANDS_Y15-24","2003",21.719,,,,"R1:3513"
"TUR","BA:622","EMP_DWAP_SEX_AGE_RT","SEX_F","AGE_10YRBANDS_Y25-34","2003",27.939,,,,"R1:3513"
"TUR","BA:622","EMP_DWAP_SEX_AGE_RT","SEX_F","AGE_10YRBANDS_Y35-44","2003",28.509,,,,"R1:3513"
"TUR","BA:622","EMP_DWAP_SEX_AGE_RT","SEX_F","AGE_10YRBANDS_Y45-54","2003",24.746,,,,"R1:3513"
"TUR","BA:622","EMP_DWAP_SEX_AGE_RT","SEX_F","AGE_10YRBANDS_Y55-64","2003",21.149,,,,"R1:3513"
"TUR","BA:622","EMP_DWAP_SEX_AGE_RT","SEX_F","AGE_10YRBANDS_YGE65","2003",10.408,,,,"R1:3513"
"TUR","BA:622","EMP_DWAP_SEX_AGE_RT","SEX_T","AGE_5YRBANDS_YGE15","2003",43.235,,,,"R1:3513"
"TUR","BA:622","EMP_DWAP_SEX_AGE_RT","SEX_T","AGE_5YRBANDS_Y15-19","2003",23.334,,,,"R1:3513"
"TUR","BA:622","EMP_DWAP_SEX_AGE_RT","SEX_T","AGE_5YRBANDS_Y20-24","2003",38.005,,,,"R1:3513"
"TUR","BA:622","EMP_DWAP_SEX_AGE_RT","SEX_T","AGE_5YRBANDS_Y25-29","2003",53.782,,,,"R1:3513"
"TUR","BA:622","EMP_DWAP_SEX_AGE_RT","SEX_T","AGE_5YRBANDS_Y30-34","2003",57.06,,,,"R1:3513"
"TUR","BA:622","EMP_DWAP_SEX_AGE_RT","SEX_T","AGE_5YRBANDS_Y35-39","2003",57.853,,,,"R1:3513"
"TUR","BA:622","EMP_DWAP_SEX_AGE_RT","SEX_T","AGE_5YRBANDS_Y40-44","2003",56.809,,,,"R1:3513"
"TUR","BA:622","EMP_DWAP_SEX_AGE_RT","SEX_T","AGE_5YRBANDS_Y45-49","2003",50.469,,,,"R1:3513"
"TUR","BA:622","EMP_DWAP_SEX_AGE_RT","SEX_T","AGE_5YRBANDS_Y50-54","2003",42.095,,,,"R1:3513"
"TUR","BA:622","EMP_DWAP_SEX_AGE_RT","SEX_T","AGE_5YRBANDS_Y55-59","2003",35.157,,,,"R1:3513"
"TUR","BA:622","EMP_DWAP_SEX_AGE_RT","SEX_T","AGE_5YRBANDS_Y60-64","2003",29.82,,,,"R1:3513"
"TUR","BA:622","EMP_DWAP_SEX_AGE_RT","SEX_T","AGE_5YRBANDS_YGE65","2003",17.076,,,,"R1:3513"
"TUR","BA:622","EMP_DWAP_SEX_AGE_RT","SEX_M","AGE_5YRBANDS_YGE15","2003",62.885,,,,"R1:3513"
"TUR","BA:622","EMP_DWAP_SEX_AGE_RT","SEX_M","AGE_5YRBANDS_Y15-19","2003",28.809,,,,"R1:3513"
"TUR","BA:622","EMP_DWAP_SEX_AGE_RT","SEX_M","AGE_5YRBANDS_Y20-24","2003",52.636,,,,"R1:3513"
"TUR","BA:622","EMP_DWAP_SEX_AGE_RT","SEX_M","AGE_5YRBANDS_Y25-29","2003",78.869,,,,"R1:3513"
"TUR","BA:622","EMP_DWAP_SEX_AGE_RT","SEX_M","AGE_5YRBANDS_Y30-34","2003",85.433,,,,"R1:3513"
"TUR","BA:622","EMP_DWAP_SEX_AGE_RT","SEX_M","AGE_5YRBANDS_Y35-39","2003",86.501,,,,"R1:3513"
"TUR","BA:622","EMP_DWAP_SEX_AGE_RT","SEX_M","AGE_5YRBANDS_Y40-44","2003",84.946,,,,"R1:3513"
"TUR","BA:622","EMP_DWAP_SEX_AGE_RT","SEX_M","AGE_5YRBANDS_Y45-49","2003",73.95,,,,"R1:3513"
"TUR","BA:622","EMP_DWAP_SEX_AGE_RT","SEX_M","AGE_5YRBANDS_Y50-54","2003",60.707,,,,"R1:3513"
"TUR","BA:622","EMP_DWAP_SEX_AGE_RT","SEX_M","AGE_5YRBANDS_Y55-59","2003",47.683,,,,"R1:3513"
"TUR","BA:622","EMP_DWAP_SEX_AGE_RT","SEX_M","AGE_5YRBANDS_Y60-64","2003",41.158,,,,"R1:3513"
"TUR","BA:622","EMP_DWAP_SEX_AGE_RT","SEX_M","AGE_5YRBANDS_YGE65","2003",25.126,,,,"R1:3513"
"TUR","BA:622","EMP_DWAP_SEX_AGE_RT","SEX_F","AGE_5YRBANDS_YGE15","2003",23.898,,,,"R1:3513"
"TUR","BA:622","EMP_DWAP_SEX_AGE_RT","SEX_F","AGE_5YRBANDS_Y15-19","2003",17.449,,,,"R1:3513"
"TUR","BA:622","EMP_DWAP_SEX_AGE_RT","SEX_F","AGE_5YRBANDS_Y20-24","2003",25.676,,,,"R1:3513"
"TUR","BA:622","EMP_DWAP_SEX_AGE_RT","SEX_F","AGE_5YRBANDS_Y25-29","2003",27.892,,,,"R1:3513"
"TUR","BA:622","EMP_DWAP_SEX_AGE_RT","SEX_F","AGE_5YRBANDS_Y30-34","2003",27.991,,,,"R1:3513"
"TUR","BA:622","EMP_DWAP_SEX_AGE_RT","SEX_F","AGE_5YRBANDS_Y35-39","2003",28.956,,,,"R1:3513"
"TUR","BA:622","EMP_DWAP_SEX_AGE_RT","SEX_F","AGE_5YRBANDS_Y40-44","2003",27.998,,,,"R1:3513"
"TUR","BA:622","EMP_DWAP_SEX_AGE_RT","SEX_F","AGE_5YRBANDS_Y45-49","2003",26.056,,,,"R1:3513"
"TUR","BA:622","EMP_DWAP_SEX_AGE_RT","SEX_F","AGE_5YRBANDS_Y50-54","2003",23.112,,,,"R1:3513"
"TUR","BA:622","EMP_DWAP_SEX_AGE_RT","SEX_F","AGE_5YRBANDS_Y55-59","2003",22.872,,,,"R1:3513"
"TUR","BA:622","EMP_DWAP_SEX_AGE_RT","SEX_F","AGE_5YRBANDS_Y60-64","2003",19.173,,,,"R1:3513"
"TUR","BA:622","EMP_DWAP_SEX_AGE_RT","SEX_F","AGE_5YRBANDS_YGE65","2003",10.408,,,,"R1:3513"
"TUR","BA:622","EMP_DWAP_SEX_AGE_RT","SEX_T","AGE_YTHADULT_YGE15","2002",44.449,,,,"R1:3513"
"TUR","BA:622","EMP_DWAP_SEX_AGE_RT","SEX_T","AGE_YTHADULT_Y15-64","2002",46.713,,,,"R1:3513"
"TUR","BA:622","EMP_DWAP_SEX_AGE_RT","SEX_T","AGE_YTHADULT_Y15-24","2002",33.031,,,,"R1:3513"
"TUR","BA:622","EMP_DWAP_SEX_AGE_RT","SEX_T","AGE_YTHADULT_YGE25","2002",48.473,,,,"R1:3513"
"TUR","BA:622","EMP_DWAP_SEX_AGE_RT","SEX_M","AGE_YTHADULT_YGE15","2002",63.929,,,,"R1:3513"
"TUR","BA:622","EMP_DWAP_SEX_AGE_RT","SEX_M","AGE_YTHADULT_Y15-64","2002",66.868,,,,"R1:3513"
"TUR","BA:622","EMP_DWAP_SEX_AGE_RT","SEX_M","AGE_YTHADULT_Y15-24","2002",42.427,,,,"R1:3513"
"TUR","BA:622","EMP_DWAP_SEX_AGE_RT","SEX_M","AGE_YTHADULT_YGE25","2002",71.359,,,,"R1:3513"
"TUR","BA:622","EMP_DWAP_SEX_AGE_RT","SEX_F","AGE_YTHADULT_YGE15","2002",25.281,,,,"R1:3513"
"TUR","BA:622","EMP_DWAP_SEX_AGE_RT","SEX_F","AGE_YTHADULT_Y15-64","2002",26.584,,,,"R1:3513"
"TUR","BA:622","EMP_DWAP_SEX_AGE_RT","SEX_F","AGE_YTHADULT_Y15-24","2002",24.051,,,,"R1:3513"
"TUR","BA:622","EMP_DWAP_SEX_AGE_RT","SEX_F","AGE_YTHADULT_YGE25","2002",25.723,,,,"R1:3513"
"TUR","BA:622","EMP_DWAP_SEX_AGE_RT","SEX_T","AGE_AGGREGATE_YGE15","2002",44.449,,,,"R1:3513"
"TUR","BA:622","EMP_DWAP_SEX_AGE_RT","SEX_T","AGE_AGGREGATE_Y15-24","2002",33.031,,,,"R1:3513"
"TUR","BA:622","EMP_DWAP_SEX_AGE_RT","SEX_T","AGE_AGGREGATE_Y25-54","2002",54.623,,,,"R1:3513"
"TUR","BA:622","EMP_DWAP_SEX_AGE_RT","SEX_T","AGE_AGGREGATE_Y55-64","2002",35.334,,,,"R1:3513"
"TUR","BA:622","EMP_DWAP_SEX_AGE_RT","SEX_T","AGE_AGGREGATE_YGE65","2002",18.212,,,,"R1:3513"
"TUR","BA:622","EMP_DWAP_SEX_AGE_RT","SEX_M","AGE_AGGREGATE_YGE15","2002",63.929,,,,"R1:3513"
"TUR","BA:622","EMP_DWAP_SEX_AGE_RT","SEX_M","AGE_AGGREGATE_Y15-24","2002",42.427,,,,"R1:3513"
"TUR","BA:622","EMP_DWAP_SEX_AGE_RT","SEX_M","AGE_AGGREGATE_Y25-54","2002",80.236,,,,"R1:3513"
"TUR","BA:622","EMP_DWAP_SEX_AGE_RT","SEX_M","AGE_AGGREGATE_Y55-64","2002",48.518,,,,"R1:3513"
"TUR","BA:622","EMP_DWAP_SEX_AGE_RT","SEX_M","AGE_AGGREGATE_YGE65","2002",26.363,,,,"R1:3513"
"TUR","BA:622","EMP_DWAP_SEX_AGE_RT","SEX_F","AGE_AGGREGATE_YGE15","2002",25.281,,,,"R1:3513"
"TUR","BA:622","EMP_DWAP_SEX_AGE_RT","SEX_F","AGE_AGGREGATE_Y15-24","2002",24.051,,,,"R1:3513"
"TUR","BA:622","EMP_DWAP_SEX_AGE_RT","SEX_F","AGE_AGGREGATE_Y25-54","2002",28.379,,,,"R1:3513"
"TUR","BA:622","EMP_DWAP_SEX_AGE_RT","SEX_F","AGE_AGGREGATE_Y55-64","2002",22.669,,,,"R1:3513"
"TUR","BA:622","EMP_DWAP_SEX_AGE_RT","SEX_F","AGE_AGGREGATE_YGE65","2002",11.459,,,,"R1:3513"
"TUR","BA:622","EMP_DWAP_SEX_AGE_RT","SEX_T","AGE_10YRBANDS_YGE15","2002",44.449,,,,"R1:3513"
"TUR","BA:622","EMP_DWAP_SEX_AGE_RT","SEX_T","AGE_10YRBANDS_Y15-24","2002",33.031,,,,"R1:3513"
"TUR","BA:622","EMP_DWAP_SEX_AGE_RT","SEX_T","AGE_10YRBANDS_Y25-34","2002",56.136,,,,"R1:3513"
"TUR","BA:622","EMP_DWAP_SEX_AGE_RT","SEX_T","AGE_10YRBANDS_Y35-44","2002",57.368,,,,"R1:3513"
"TUR","BA:622","EMP_DWAP_SEX_AGE_RT","SEX_T","AGE_10YRBANDS_Y45-54","2002",47.944,,,,"R1:3513"
"TUR","BA:622","EMP_DWAP_SEX_AGE_RT","SEX_T","AGE_10YRBANDS_Y55-64","2002",35.334,,,,"R1:3513"
"TUR","BA:622","EMP_DWAP_SEX_AGE_RT","SEX_T","AGE_10YRBANDS_YGE65","2002",18.212,,,,"R1:3513"
"TUR","BA:622","EMP_DWAP_SEX_AGE_RT","SEX_M","AGE_10YRBANDS_YGE15","2002",63.929,,,,"R1:3513"
"TUR","BA:622","EMP_DWAP_SEX_AGE_RT","SEX_M","AGE_10YRBANDS_Y15-24","2002",42.427,,,,"R1:3513"
"TUR","BA:622","EMP_DWAP_SEX_AGE_RT","SEX_M","AGE_10YRBANDS_Y25-34","2002",82.582,,,,"R1:3513"
"TUR","BA:622","EMP_DWAP_SEX_AGE_RT","SEX_M","AGE_10YRBANDS_Y35-44","2002",85.368,,,,"R1:3513"
"TUR","BA:622","EMP_DWAP_SEX_AGE_RT","SEX_M","AGE_10YRBANDS_Y45-54","2002",68.702,,,,"R1:3513"
"TUR","BA:622","EMP_DWAP_SEX_AGE_RT","SEX_M","AGE_10YRBANDS_Y55-64","2002",48.518,,,,"R1:3513"
"TUR","BA:622","EMP_DWAP_SEX_AGE_RT","SEX_M","AGE_10YRBANDS_YGE65","2002",26.363,,,,"R1:3513"
"TUR","BA:622","EMP_DWAP_SEX_AGE_RT","SEX_F","AGE_10YRBANDS_YGE15","2002",25.281,,,,"R1:3513"
"TUR","BA:622","EMP_DWAP_SEX_AGE_RT","SEX_F","AGE_10YRBANDS_Y15-24","2002",24.051,,,,"R1:3513"
"TUR","BA:622","EMP_DWAP_SEX_AGE_RT","SEX_F","AGE_10YRBANDS_Y25-34","2002",29.007,,,,"R1:3513"
"TUR","BA:622","EMP_DWAP_SEX_AGE_RT","SEX_F","AGE_10YRBANDS_Y35-44","2002",28.826,,,,"R1:3513"
"TUR","BA:622","EMP_DWAP_SEX_AGE_RT","SEX_F","AGE_10YRBANDS_Y45-54","2002",26.57,,,,"R1:3513"
"TUR","BA:622","EMP_DWAP_SEX_AGE_RT","SEX_F","AGE_10YRBANDS_Y55-64","2002",22.669,,,,"R1:3513"
"TUR","BA:622","EMP_DWAP_SEX_AGE_RT","SEX_F","AGE_10YRBANDS_YGE65","2002",11.459,,,,"R1:3513"
"TUR","BA:622","EMP_DWAP_SEX_AGE_RT","SEX_T","AGE_5YRBANDS_YGE15","2002",44.449,,,,"R1:3513"
"TUR","BA:622","EMP_DWAP_SEX_AGE_RT","SEX_T","AGE_5YRBANDS_Y15-19","2002",26.445,,,,"R1:3513"
"TUR","BA:622","EMP_DWAP_SEX_AGE_RT","SEX_T","AGE_5YRBANDS_Y20-24","2002",39.949,,,,"R1:3513"
"TUR","BA:622","EMP_DWAP_SEX_AGE_RT","SEX_T","AGE_5YRBANDS_Y25-29","2002",54.587,,,,"R1:3513"
"TUR","BA:622","EMP_DWAP_SEX_AGE_RT","SEX_T","AGE_5YRBANDS_Y30-34","2002",57.924,,,,"R1:3513"
"TUR","BA:622","EMP_DWAP_SEX_AGE_RT","SEX_T","AGE_5YRBANDS_Y35-39","2002",57.854,,,,"R1:3513"
"TUR","BA:622","EMP_DWAP_SEX_AGE_RT","SEX_T","AGE_5YRBANDS_Y40-44","2002",56.818,,,,"R1:3513"
"TUR","BA:622","EMP_DWAP_SEX_AGE_RT","SEX_T","AGE_5YRBANDS_Y45-49","2002",51.834,,,,"R1:3513"
"TUR","BA:622","EMP_DWAP_SEX_AGE_RT","SEX_T","AGE_5YRBANDS_Y50-54","2002",42.924,,,,"R1:3513"
"TUR","BA:622","EMP_DWAP_SEX_AGE_RT","SEX_T","AGE_5YRBANDS_Y55-59","2002",37.492,,,,"R1:3513"
"TUR","BA:622","EMP_DWAP_SEX_AGE_RT","SEX_T","AGE_5YRBANDS_Y60-64","2002",32.857,,,,"R1:3513"
"TUR","BA:622","EMP_DWAP_SEX_AGE_RT","SEX_T","AGE_5YRBANDS_YGE65","2002",18.212,,,,"R1:3513"
"TUR","BA:622","EMP_DWAP_SEX_AGE_RT","SEX_M","AGE_5YRBANDS_YGE15","2002",63.929,,,,"R1:3513"
"TUR","BA:622","EMP_DWAP_SEX_AGE_RT","SEX_M","AGE_5YRBANDS_Y15-19","2002",32.831,,,,"R1:3513"
"TUR","BA:622","EMP_DWAP_SEX_AGE_RT","SEX_M","AGE_5YRBANDS_Y20-24","2002",53.872,,,,"R1:3513"
"TUR","BA:622","EMP_DWAP_SEX_AGE_RT","SEX_M","AGE_5YRBANDS_Y25-29","2002",79.827,,,,"R1:3513"
"TUR","BA:622","EMP_DWAP_SEX_AGE_RT","SEX_M","AGE_5YRBANDS_Y30-34","2002",85.777,,,,"R1:3513"
"TUR","BA:622","EMP_DWAP_SEX_AGE_RT","SEX_M","AGE_5YRBANDS_Y35-39","2002",86.227,,,,"R1:3513"
"TUR","BA:622","EMP_DWAP_SEX_AGE_RT","SEX_M","AGE_5YRBANDS_Y40-44","2002",84.407,,,,"R1:3513"
"TUR","BA:622","EMP_DWAP_SEX_AGE_RT","SEX_M","AGE_5YRBANDS_Y45-49","2002",74.945,,,,"R1:3513"
"TUR","BA:622","EMP_DWAP_SEX_AGE_RT","SEX_M","AGE_5YRBANDS_Y50-54","2002",60.554,,,,"R1:3513"
"TUR","BA:622","EMP_DWAP_SEX_AGE_RT","SEX_M","AGE_5YRBANDS_Y55-59","2002",52.519,,,,"R1:3513"
"TUR","BA:622","EMP_DWAP_SEX_AGE_RT","SEX_M","AGE_5YRBANDS_Y60-64","2002",43.827,,,,"R1:3513"
"TUR","BA:622","EMP_DWAP_SEX_AGE_RT","SEX_M","AGE_5YRBANDS_YGE65","2002",26.363,,,,"R1:3513"
"TUR","BA:622","EMP_DWAP_SEX_AGE_RT","SEX_F","AGE_5YRBANDS_YGE15","2002",25.281,,,,"R1:3513"
"TUR","BA:622","EMP_DWAP_SEX_AGE_RT","SEX_F","AGE_5YRBANDS_Y15-19","2002",19.555,,,,"R1:3513"
"TUR","BA:622","EMP_DWAP_SEX_AGE_RT","SEX_F","AGE_5YRBANDS_Y20-24","2002",28.233,,,,"R1:3513"
"TUR","BA:622","EMP_DWAP_SEX_AGE_RT","SEX_F","AGE_5YRBANDS_Y25-29","2002",28.567,,,,"R1:3513"
"TUR","BA:622","EMP_DWAP_SEX_AGE_RT","SEX_F","AGE_5YRBANDS_Y30-34","2002",29.513,,,,"R1:3513"
"TUR","BA:622","EMP_DWAP_SEX_AGE_RT","SEX_F","AGE_5YRBANDS_Y35-39","2002",29.204,,,,"R1:3513"
"TUR","BA:622","EMP_DWAP_SEX_AGE_RT","SEX_F","AGE_5YRBANDS_Y40-44","2002",28.394,,,,"R1:3513"
"TUR","BA:622","EMP_DWAP_SEX_AGE_RT","SEX_F","AGE_5YRBANDS_Y45-49","2002",27.801,,,,"R1:3513"
"TUR","BA:622","EMP_DWAP_SEX_AGE_RT","SEX_F","AGE_5YRBANDS_Y50-54","2002",24.998,,,,"R1:3513"
"TUR","BA:622","EMP_DWAP_SEX_AGE_RT","SEX_F","AGE_5YRBANDS_Y55-59","2002",22.774,,,,"R1:3513"
"TUR","BA:622","EMP_DWAP_SEX_AGE_RT","SEX_F","AGE_5YRBANDS_Y60-64","2002",22.55,,,,"R1:3513"
"TUR","BA:622","EMP_DWAP_SEX_AGE_RT","SEX_F","AGE_5YRBANDS_YGE65","2002",11.459,,,,"R1:3513"
"TUR","BA:622","EMP_DWAP_SEX_AGE_RT","SEX_T","AGE_YTHADULT_YGE15","2001",45.643,,,,"R1:3513"
"TUR","BA:622","EMP_DWAP_SEX_AGE_RT","SEX_T","AGE_YTHADULT_Y15-64","2001",47.797,,,,"R1:3513"
"TUR","BA:622","EMP_DWAP_SEX_AGE_RT","SEX_T","AGE_YTHADULT_Y15-24","2001",35.283,,,,"R1:3513"
"TUR","BA:622","EMP_DWAP_SEX_AGE_RT","SEX_T","AGE_YTHADULT_YGE25","2001",49.437,,,,"R1:3513"
"TUR","BA:622","EMP_DWAP_SEX_AGE_RT","SEX_M","AGE_YTHADULT_YGE15","2001",66.507,,,,"R1:3513"
"TUR","BA:622","EMP_DWAP_SEX_AGE_RT","SEX_M","AGE_YTHADULT_Y15-64","2001",69.322,,,,"R1:3513"
"TUR","BA:622","EMP_DWAP_SEX_AGE_RT","SEX_M","AGE_YTHADULT_Y15-24","2001",46.667,,,,"R1:3513"
"TUR","BA:622","EMP_DWAP_SEX_AGE_RT","SEX_M","AGE_YTHADULT_YGE25","2001",73.639,,,,"R1:3513"
"TUR","BA:622","EMP_DWAP_SEX_AGE_RT","SEX_F","AGE_YTHADULT_YGE15","2001",25.113,,,,"R1:3513"
"TUR","BA:622","EMP_DWAP_SEX_AGE_RT","SEX_F","AGE_YTHADULT_Y15-64","2001",26.301,,,,"R1:3513"
"TUR","BA:622","EMP_DWAP_SEX_AGE_RT","SEX_F","AGE_YTHADULT_Y15-24","2001",24.378,,,,"R1:3513"
"TUR","BA:622","EMP_DWAP_SEX_AGE_RT","SEX_F","AGE_YTHADULT_YGE25","2001",25.387,,,,"R1:3513"
"TUR","BA:622","EMP_DWAP_SEX_AGE_RT","SEX_T","AGE_AGGREGATE_YGE15","2001",45.643,,,,"R1:3513"
"TUR","BA:622","EMP_DWAP_SEX_AGE_RT","SEX_T","AGE_AGGREGATE_Y15-24","2001",35.283,,,,"R1:3513"
"TUR","BA:622","EMP_DWAP_SEX_AGE_RT","SEX_T","AGE_AGGREGATE_Y25-54","2001",55.517,,,,"R1:3513"
"TUR","BA:622","EMP_DWAP_SEX_AGE_RT","SEX_T","AGE_AGGREGATE_Y55-64","2001",35.908,,,,"R1:3513"
"TUR","BA:622","EMP_DWAP_SEX_AGE_RT","SEX_T","AGE_AGGREGATE_YGE65","2001",20.354,,,,"R1:3513"
"TUR","BA:622","EMP_DWAP_SEX_AGE_RT","SEX_M","AGE_AGGREGATE_YGE15","2001",66.507,,,,"R1:3513"
"TUR","BA:622","EMP_DWAP_SEX_AGE_RT","SEX_M","AGE_AGGREGATE_Y15-24","2001",46.667,,,,"R1:3513"
"TUR","BA:622","EMP_DWAP_SEX_AGE_RT","SEX_M","AGE_AGGREGATE_Y25-54","2001",82.357,,,,"R1:3513"
"TUR","BA:622","EMP_DWAP_SEX_AGE_RT","SEX_M","AGE_AGGREGATE_Y55-64","2001",51.065,,,,"R1:3513"
"TUR","BA:622","EMP_DWAP_SEX_AGE_RT","SEX_M","AGE_AGGREGATE_YGE65","2001",30.021,,,,"R1:3513"
"TUR","BA:622","EMP_DWAP_SEX_AGE_RT","SEX_F","AGE_AGGREGATE_YGE15","2001",25.113,,,,"R1:3513"
"TUR","BA:622","EMP_DWAP_SEX_AGE_RT","SEX_F","AGE_AGGREGATE_Y15-24","2001",24.378,,,,"R1:3513"
"TUR","BA:622","EMP_DWAP_SEX_AGE_RT","SEX_F","AGE_AGGREGATE_Y25-54","2001",28.017,,,,"R1:3513"
"TUR","BA:622","EMP_DWAP_SEX_AGE_RT","SEX_F","AGE_AGGREGATE_Y55-64","2001",21.348,,,,"R1:3513"
"TUR","BA:622","EMP_DWAP_SEX_AGE_RT","SEX_F","AGE_AGGREGATE_YGE65","2001",12.365,,,,"R1:3513"
"TUR","BA:622","EMP_DWAP_SEX_AGE_RT","SEX_T","AGE_10YRBANDS_YGE15","2001",45.643,,,,"R1:3513"
"TUR","BA:622","EMP_DWAP_SEX_AGE_RT","SEX_T","AGE_10YRBANDS_Y15-24","2001",35.283,,,,"R1:3513"
"TUR","BA:622","EMP_DWAP_SEX_AGE_RT","SEX_T","AGE_10YRBANDS_Y25-34","2001",56.734,,,,"R1:3513"
"TUR","BA:622","EMP_DWAP_SEX_AGE_RT","SEX_T","AGE_10YRBANDS_Y35-44","2001",58.404,,,,"R1:3513"
"TUR","BA:622","EMP_DWAP_SEX_AGE_RT","SEX_T","AGE_10YRBANDS_Y45-54","2001",49.082,,,,"R1:3513"
"TUR","BA:622","EMP_DWAP_SEX_AGE_RT","SEX_T","AGE_10YRBANDS_Y55-64","2001",35.908,,,,"R1:3513"
"TUR","BA:622","EMP_DWAP_SEX_AGE_RT","SEX_T","AGE_10YRBANDS_YGE65","2001",20.354,,,,"R1:3513"
"TUR","BA:622","EMP_DWAP_SEX_AGE_RT","SEX_M","AGE_10YRBANDS_YGE15","2001",66.507,,,,"R1:3513"
"TUR","BA:622","EMP_DWAP_SEX_AGE_RT","SEX_M","AGE_10YRBANDS_Y15-24","2001",46.667,,,,"R1:3513"
"TUR","BA:622","EMP_DWAP_SEX_AGE_RT","SEX_M","AGE_10YRBANDS_Y25-34","2001",84.375,,,,"R1:3513"
"TUR","BA:622","EMP_DWAP_SEX_AGE_RT","SEX_M","AGE_10YRBANDS_Y35-44","2001",87.435,,,,"R1:3513"
"TUR","BA:622","EMP_DWAP_SEX_AGE_RT","SEX_M","AGE_10YRBANDS_Y45-54","2001",71.297,,,,"R1:3513"
"TUR","BA:622","EMP_DWAP_SEX_AGE_RT","SEX_M","AGE_10YRBANDS_Y55-64","2001",51.065,,,,"R1:3513"
"TUR","BA:622","EMP_DWAP_SEX_AGE_RT","SEX_M","AGE_10YRBANDS_YGE65","2001",30.021,,,,"R1:3513"
"TUR","BA:622","EMP_DWAP_SEX_AGE_RT","SEX_F","AGE_10YRBANDS_YGE15","2001",25.113,,,,"R1:3513"
"TUR","BA:622","EMP_DWAP_SEX_AGE_RT","SEX_F","AGE_10YRBANDS_Y15-24","2001",24.378,,,,"R1:3513"
"TUR","BA:622","EMP_DWAP_SEX_AGE_RT","SEX_F","AGE_10YRBANDS_Y25-34","2001",28.444,,,,"R1:3513"
"TUR","BA:622","EMP_DWAP_SEX_AGE_RT","SEX_F","AGE_10YRBANDS_Y35-44","2001",28.689,,,,"R1:3513"
"TUR","BA:622","EMP_DWAP_SEX_AGE_RT","SEX_F","AGE_10YRBANDS_Y45-54","2001",26.244,,,,"R1:3513"
"TUR","BA:622","EMP_DWAP_SEX_AGE_RT","SEX_F","AGE_10YRBANDS_Y55-64","2001",21.348,,,,"R1:3513"
"TUR","BA:622","EMP_DWAP_SEX_AGE_RT","SEX_F","AGE_10YRBANDS_YGE65","2001",12.365,,,,"R1:3513"
"TUR","BA:622","EMP_DWAP_SEX_AGE_RT","SEX_T","AGE_5YRBANDS_YGE15","2001",45.643,,,,"R1:3513"
"TUR","BA:622","EMP_DWAP_SEX_AGE_RT","SEX_T","AGE_5YRBANDS_Y15-19","2001",28.59,,,,"R1:3513"
"TUR","BA:622","EMP_DWAP_SEX_AGE_RT","SEX_T","AGE_5YRBANDS_Y20-24","2001",42.278,,,,"R1:3513"
"TUR","BA:622","EMP_DWAP_SEX_AGE_RT","SEX_T","AGE_5YRBANDS_Y25-29","2001",55.216,,,,"R1:3513"
"TUR","BA:622","EMP_DWAP_SEX_AGE_RT","SEX_T","AGE_5YRBANDS_Y30-34","2001",58.516,,,,"R1:3513"
"TUR","BA:622","EMP_DWAP_SEX_AGE_RT","SEX_T","AGE_5YRBANDS_Y35-39","2001",58.647,,,,"R1:3513"
"TUR","BA:622","EMP_DWAP_SEX_AGE_RT","SEX_T","AGE_5YRBANDS_Y40-44","2001",58.129,,,,"R1:3513"
"TUR","BA:622","EMP_DWAP_SEX_AGE_RT","SEX_T","AGE_5YRBANDS_Y45-49","2001",52.564,,,,"R1:3513"
"TUR","BA:622","EMP_DWAP_SEX_AGE_RT","SEX_T","AGE_5YRBANDS_Y50-54","2001",44.508,,,,"R1:3513"
"TUR","BA:622","EMP_DWAP_SEX_AGE_RT","SEX_T","AGE_5YRBANDS_Y55-59","2001",39.026,,,,"R1:3513"
"TUR","BA:622","EMP_DWAP_SEX_AGE_RT","SEX_T","AGE_5YRBANDS_Y60-64","2001",32.384,,,,"R1:3513"
"TUR","BA:622","EMP_DWAP_SEX_AGE_RT","SEX_T","AGE_5YRBANDS_YGE65","2001",20.354,,,,"R1:3513"
"TUR","BA:622","EMP_DWAP_SEX_AGE_RT","SEX_M","AGE_5YRBANDS_YGE15","2001",66.507,,,,"R1:3513"
"TUR","BA:622","EMP_DWAP_SEX_AGE_RT","SEX_M","AGE_5YRBANDS_Y15-19","2001",36.708,,,,"R1:3513"
"TUR","BA:622","EMP_DWAP_SEX_AGE_RT","SEX_M","AGE_5YRBANDS_Y20-24","2001",58.405,,,,"R1:3513"
"TUR","BA:622","EMP_DWAP_SEX_AGE_RT","SEX_M","AGE_5YRBANDS_Y25-29","2001",81.658,,,,"R1:3513"
"TUR","BA:622","EMP_DWAP_SEX_AGE_RT","SEX_M","AGE_5YRBANDS_Y30-34","2001",87.585,,,,"R1:3513"
"TUR","BA:622","EMP_DWAP_SEX_AGE_RT","SEX_M","AGE_5YRBANDS_Y35-39","2001",88.021,,,,"R1:3513"
"TUR","BA:622","EMP_DWAP_SEX_AGE_RT","SEX_M","AGE_5YRBANDS_Y40-44","2001",86.78,,,,"R1:3513"
"TUR","BA:622","EMP_DWAP_SEX_AGE_RT","SEX_M","AGE_5YRBANDS_Y45-49","2001",77.59,,,,"R1:3513"
"TUR","BA:622","EMP_DWAP_SEX_AGE_RT","SEX_M","AGE_5YRBANDS_Y50-54","2001",62.93,,,,"R1:3513"
"TUR","BA:622","EMP_DWAP_SEX_AGE_RT","SEX_M","AGE_5YRBANDS_Y55-59","2001",55.542,,,,"R1:3513"
"TUR","BA:622","EMP_DWAP_SEX_AGE_RT","SEX_M","AGE_5YRBANDS_Y60-64","2001",45.898,,,,"R1:3513"
"TUR","BA:622","EMP_DWAP_SEX_AGE_RT","SEX_M","AGE_5YRBANDS_YGE65","2001",30.021,,,,"R1:3513"
"TUR","BA:622","EMP_DWAP_SEX_AGE_RT","SEX_F","AGE_5YRBANDS_YGE15","2001",25.113,,,,"R1:3513"
"TUR","BA:622","EMP_DWAP_SEX_AGE_RT","SEX_F","AGE_5YRBANDS_Y15-19","2001",19.869,,,,"R1:3513"
"TUR","BA:622","EMP_DWAP_SEX_AGE_RT","SEX_F","AGE_5YRBANDS_Y20-24","2001",28.58,,,,"R1:3513"
"TUR","BA:622","EMP_DWAP_SEX_AGE_RT","SEX_F","AGE_5YRBANDS_Y25-29","2001",27.991,,,,"R1:3513"
"TUR","BA:622","EMP_DWAP_SEX_AGE_RT","SEX_F","AGE_5YRBANDS_Y30-34","2001",28.973,,,,"R1:3513"
"TUR","BA:622","EMP_DWAP_SEX_AGE_RT","SEX_F","AGE_5YRBANDS_Y35-39","2001",28.916,,,,"R1:3513"
"TUR","BA:622","EMP_DWAP_SEX_AGE_RT","SEX_F","AGE_5YRBANDS_Y40-44","2001",28.429,,,,"R1:3513"
"TUR","BA:622","EMP_DWAP_SEX_AGE_RT","SEX_F","AGE_5YRBANDS_Y45-49","2001",26.561,,,,"R1:3513"
"TUR","BA:622","EMP_DWAP_SEX_AGE_RT","SEX_F","AGE_5YRBANDS_Y50-54","2001",25.831,,,,"R1:3513"
"TUR","BA:622","EMP_DWAP_SEX_AGE_RT","SEX_F","AGE_5YRBANDS_Y55-59","2001",22.857,,,,"R1:3513"
"TUR","BA:622","EMP_DWAP_SEX_AGE_RT","SEX_F","AGE_5YRBANDS_Y60-64","2001",19.676,,,,"R1:3513"
"TUR","BA:622","EMP_DWAP_SEX_AGE_RT","SEX_F","AGE_5YRBANDS_YGE65","2001",12.365,,,,"R1:3513"
"TUR","BA:622","EMP_DWAP_SEX_AGE_RT","SEX_T","AGE_YTHADULT_YGE15","2000",46.7,,,,"R1:3513"
"TUR","BA:622","EMP_DWAP_SEX_AGE_RT","SEX_T","AGE_YTHADULT_Y15-64","2000",48.895,,,,"R1:3513"
"TUR","BA:622","EMP_DWAP_SEX_AGE_RT","SEX_T","AGE_YTHADULT_Y15-24","2000",36.968,,,,"R1:3513"
"TUR","BA:622","EMP_DWAP_SEX_AGE_RT","SEX_T","AGE_YTHADULT_YGE25","2000",50.39,,,,"R1:3513"
"TUR","BA:622","EMP_DWAP_SEX_AGE_RT","SEX_M","AGE_YTHADULT_YGE15","2000",68.86,,,,"R1:3513"
"TUR","BA:622","EMP_DWAP_SEX_AGE_RT","SEX_M","AGE_YTHADULT_Y15-64","2000",71.667,,,,"R1:3513"
"TUR","BA:622","EMP_DWAP_SEX_AGE_RT","SEX_M","AGE_YTHADULT_Y15-24","2000",49.711,,,,"R1:3513"
"TUR","BA:622","EMP_DWAP_SEX_AGE_RT","SEX_M","AGE_YTHADULT_YGE25","2000",75.989,,,,"R1:3513"
"TUR","BA:622","EMP_DWAP_SEX_AGE_RT","SEX_F","AGE_YTHADULT_YGE15","2000",24.901,,,,"R1:3513"
"TUR","BA:622","EMP_DWAP_SEX_AGE_RT","SEX_F","AGE_YTHADULT_Y15-64","2000",26.162,,,,"R1:3513"
"TUR","BA:622","EMP_DWAP_SEX_AGE_RT","SEX_F","AGE_YTHADULT_Y15-24","2000",24.754,,,,"R1:3513"
"TUR","BA:622","EMP_DWAP_SEX_AGE_RT","SEX_F","AGE_YTHADULT_YGE25","2000",24.959,,,,"R1:3513"
"TUR","BA:622","EMP_DWAP_SEX_AGE_RT","SEX_T","AGE_AGGREGATE_YGE15","2000",46.7,,,,"R1:3513"
"TUR","BA:622","EMP_DWAP_SEX_AGE_RT","SEX_T","AGE_AGGREGATE_Y15-24","2000",36.968,,,,"R1:3513"
"TUR","BA:622","EMP_DWAP_SEX_AGE_RT","SEX_T","AGE_AGGREGATE_Y25-54","2000",56.673,,,,"R1:3513"
"TUR","BA:622","EMP_DWAP_SEX_AGE_RT","SEX_T","AGE_AGGREGATE_Y55-64","2000",36.418,,,,"R1:3513"
"TUR","BA:622","EMP_DWAP_SEX_AGE_RT","SEX_T","AGE_AGGREGATE_YGE65","2000",20.701,,,,"R1:3513"
"TUR","BA:622","EMP_DWAP_SEX_AGE_RT","SEX_M","AGE_AGGREGATE_YGE15","2000",68.86,,,,"R1:3513"
"TUR","BA:622","EMP_DWAP_SEX_AGE_RT","SEX_M","AGE_AGGREGATE_Y15-24","2000",49.711,,,,"R1:3513"
"TUR","BA:622","EMP_DWAP_SEX_AGE_RT","SEX_M","AGE_AGGREGATE_Y25-54","2000",85.032,,,,"R1:3513"
"TUR","BA:622","EMP_DWAP_SEX_AGE_RT","SEX_M","AGE_AGGREGATE_Y55-64","2000",51.946,,,,"R1:3513"
"TUR","BA:622","EMP_DWAP_SEX_AGE_RT","SEX_M","AGE_AGGREGATE_YGE65","2000",32.13,,,,"R1:3513"
"TUR","BA:622","EMP_DWAP_SEX_AGE_RT","SEX_F","AGE_AGGREGATE_YGE15","2000",24.901,,,,"R1:3513"
"TUR","BA:622","EMP_DWAP_SEX_AGE_RT","SEX_F","AGE_AGGREGATE_Y15-24","2000",24.754,,,,"R1:3513"
"TUR","BA:622","EMP_DWAP_SEX_AGE_RT","SEX_F","AGE_AGGREGATE_Y25-54","2000",27.62,,,,"R1:3513"
"TUR","BA:622","EMP_DWAP_SEX_AGE_RT","SEX_F","AGE_AGGREGATE_Y55-64","2000",21.496,,,,"R1:3513"
"TUR","BA:622","EMP_DWAP_SEX_AGE_RT","SEX_F","AGE_AGGREGATE_YGE65","2000",11.266,,,,"R1:3513"
"TUR","BA:622","EMP_DWAP_SEX_AGE_RT","SEX_T","AGE_10YRBANDS_YGE15","2000",46.7,,,,"R1:3513"
"TUR","BA:622","EMP_DWAP_SEX_AGE_RT","SEX_T","AGE_10YRBANDS_Y15-24","2000",36.968,,,,"R1:3513"
"TUR","BA:622","EMP_DWAP_SEX_AGE_RT","SEX_T","AGE_10YRBANDS_Y25-34","2000",58.027,,,,"R1:3513"
"TUR","BA:622","EMP_DWAP_SEX_AGE_RT","SEX_T","AGE_10YRBANDS_Y35-44","2000",59.62,,,,"R1:3513"
"TUR","BA:622","EMP_DWAP_SEX_AGE_RT","SEX_T","AGE_10YRBANDS_Y45-54","2000",49.78,,,,"R1:3513"
"TUR","BA:622","EMP_DWAP_SEX_AGE_RT","SEX_T","AGE_10YRBANDS_Y55-64","2000",36.418,,,,"R1:3513"
"TUR","BA:622","EMP_DWAP_SEX_AGE_RT","SEX_T","AGE_10YRBANDS_YGE65","2000",20.701,,,,"R1:3513"
"TUR","BA:622","EMP_DWAP_SEX_AGE_RT","SEX_M","AGE_10YRBANDS_YGE15","2000",68.86,,,,"R1:3513"
"TUR","BA:622","EMP_DWAP_SEX_AGE_RT","SEX_M","AGE_10YRBANDS_Y15-24","2000",49.711,,,,"R1:3513"
"TUR","BA:622","EMP_DWAP_SEX_AGE_RT","SEX_M","AGE_10YRBANDS_Y25-34","2000",86.784,,,,"R1:3513"
"TUR","BA:622","EMP_DWAP_SEX_AGE_RT","SEX_M","AGE_10YRBANDS_Y35-44","2000",90.359,,,,"R1:3513"
"TUR","BA:622","EMP_DWAP_SEX_AGE_RT","SEX_M","AGE_10YRBANDS_Y45-54","2000",73.917,,,,"R1:3513"
"TUR","BA:622","EMP_DWAP_SEX_AGE_RT","SEX_M","AGE_10YRBANDS_Y55-64","2000",51.946,,,,"R1:3513"
"TUR","BA:622","EMP_DWAP_SEX_AGE_RT","SEX_M","AGE_10YRBANDS_YGE65","2000",32.13,,,,"R1:3513"
"TUR","BA:622","EMP_DWAP_SEX_AGE_RT","SEX_F","AGE_10YRBANDS_YGE15","2000",24.901,,,,"R1:3513"
"TUR","BA:622","EMP_DWAP_SEX_AGE_RT","SEX_F","AGE_10YRBANDS_Y15-24","2000",24.754,,,,"R1:3513"
"TUR","BA:622","EMP_DWAP_SEX_AGE_RT","SEX_F","AGE_10YRBANDS_Y25-34","2000",28.666,,,,"R1:3513"
"TUR","BA:622","EMP_DWAP_SEX_AGE_RT","SEX_F","AGE_10YRBANDS_Y35-44","2000",28.036,,,,"R1:3513"
"TUR","BA:622","EMP_DWAP_SEX_AGE_RT","SEX_F","AGE_10YRBANDS_Y45-54","2000",24.993,,,,"R1:3513"
"TUR","BA:622","EMP_DWAP_SEX_AGE_RT","SEX_F","AGE_10YRBANDS_Y55-64","2000",21.496,,,,"R1:3513"
"TUR","BA:622","EMP_DWAP_SEX_AGE_RT","SEX_F","AGE_10YRBANDS_YGE65","2000",11.266,,,,"R1:3513"
"TUR","BA:622","EMP_DWAP_SEX_AGE_RT","SEX_T","AGE_5YRBANDS_YGE15","2000",46.7,,,,"R1:3513"
"TUR","BA:622","EMP_DWAP_SEX_AGE_RT","SEX_T","AGE_5YRBANDS_Y15-19","2000",31.657,,,,"R1:3513"
"TUR","BA:622","EMP_DWAP_SEX_AGE_RT","SEX_T","AGE_5YRBANDS_Y20-24","2000",42.552,,,,"R1:3513"
"TUR","BA:622","EMP_DWAP_SEX_AGE_RT","SEX_T","AGE_5YRBANDS_Y25-29","2000",57.222,,,,"R1:3513"
"TUR","BA:622","EMP_DWAP_SEX_AGE_RT","SEX_T","AGE_5YRBANDS_Y30-34","2000",58.98,,,,"R1:3513"
"TUR","BA:622","EMP_DWAP_SEX_AGE_RT","SEX_T","AGE_5YRBANDS_Y35-39","2000",59.948,,,,"R1:3513"
"TUR","BA:622","EMP_DWAP_SEX_AGE_RT","SEX_T","AGE_5YRBANDS_Y40-44","2000",59.249,,,,"R1:3513"
"TUR","BA:622","EMP_DWAP_SEX_AGE_RT","SEX_T","AGE_5YRBANDS_Y45-49","2000",52.932,,,,"R1:3513"
"TUR","BA:622","EMP_DWAP_SEX_AGE_RT","SEX_T","AGE_5YRBANDS_Y50-54","2000",45.608,,,,"R1:3513"
"TUR","BA:622","EMP_DWAP_SEX_AGE_RT","SEX_T","AGE_5YRBANDS_Y55-59","2000",40.247,,,,"R1:3513"
"TUR","BA:622","EMP_DWAP_SEX_AGE_RT","SEX_T","AGE_5YRBANDS_Y60-64","2000",32.126,,,,"R1:3513"
"TUR","BA:622","EMP_DWAP_SEX_AGE_RT","SEX_T","AGE_5YRBANDS_YGE65","2000",20.701,,,,"R1:3513"
"TUR","BA:622","EMP_DWAP_SEX_AGE_RT","SEX_M","AGE_5YRBANDS_YGE15","2000",68.86,,,,"R1:3513"
"TUR","BA:622","EMP_DWAP_SEX_AGE_RT","SEX_M","AGE_5YRBANDS_Y15-19","2000",40.609,,,,"R1:3513"
"TUR","BA:622","EMP_DWAP_SEX_AGE_RT","SEX_M","AGE_5YRBANDS_Y20-24","2000",60.607,,,,"R1:3513"
"TUR","BA:622","EMP_DWAP_SEX_AGE_RT","SEX_M","AGE_5YRBANDS_Y25-29","2000",84.353,,,,"R1:3513"
"TUR","BA:622","EMP_DWAP_SEX_AGE_RT","SEX_M","AGE_5YRBANDS_Y30-34","2000",89.685,,,,"R1:3513"
"TUR","BA:622","EMP_DWAP_SEX_AGE_RT","SEX_M","AGE_5YRBANDS_Y35-39","2000",90.974,,,,"R1:3513"
"TUR","BA:622","EMP_DWAP_SEX_AGE_RT","SEX_M","AGE_5YRBANDS_Y40-44","2000",89.669,,,,"R1:3513"
"TUR","BA:622","EMP_DWAP_SEX_AGE_RT","SEX_M","AGE_5YRBANDS_Y45-49","2000",79.755,,,,"R1:3513"
"TUR","BA:622","EMP_DWAP_SEX_AGE_RT","SEX_M","AGE_5YRBANDS_Y50-54","2000",66.09,,,,"R1:3513"
"TUR","BA:622","EMP_DWAP_SEX_AGE_RT","SEX_M","AGE_5YRBANDS_Y55-59","2000",56.652,,,,"R1:3513"
"TUR","BA:622","EMP_DWAP_SEX_AGE_RT","SEX_M","AGE_5YRBANDS_Y60-64","2000",46.564,,,,"R1:3513"
"TUR","BA:622","EMP_DWAP_SEX_AGE_RT","SEX_M","AGE_5YRBANDS_YGE65","2000",32.13,,,,"R1:3513"
"TUR","BA:622","EMP_DWAP_SEX_AGE_RT","SEX_F","AGE_5YRBANDS_YGE15","2000",24.901,,,,"R1:3513"
"TUR","BA:622","EMP_DWAP_SEX_AGE_RT","SEX_F","AGE_5YRBANDS_Y15-19","2000",21.953,,,,"R1:3513"
"TUR","BA:622","EMP_DWAP_SEX_AGE_RT","SEX_F","AGE_5YRBANDS_Y20-24","2000",27.357,,,,"R1:3513"
"TUR","BA:622","EMP_DWAP_SEX_AGE_RT","SEX_F","AGE_5YRBANDS_Y25-29","2000",29.347,,,,"R1:3513"
"TUR","BA:622","EMP_DWAP_SEX_AGE_RT","SEX_F","AGE_5YRBANDS_Y30-34","2000",27.864,,,,"R1:3513"
"TUR","BA:622","EMP_DWAP_SEX_AGE_RT","SEX_F","AGE_5YRBANDS_Y35-39","2000",28.438,,,,"R1:3513"
"TUR","BA:622","EMP_DWAP_SEX_AGE_RT","SEX_F","AGE_5YRBANDS_Y40-44","2000",27.573,,,,"R1:3513"
"TUR","BA:622","EMP_DWAP_SEX_AGE_RT","SEX_F","AGE_5YRBANDS_Y45-49","2000",25.068,,,,"R1:3513"
"TUR","BA:622","EMP_DWAP_SEX_AGE_RT","SEX_F","AGE_5YRBANDS_Y50-54","2000",24.894,,,,"R1:3513"
"TUR","BA:622","EMP_DWAP_SEX_AGE_RT","SEX_F","AGE_5YRBANDS_Y55-59","2000",24.193,,,,"R1:3513"
"TUR","BA:622","EMP_DWAP_SEX_AGE_RT","SEX_F","AGE_5YRBANDS_Y60-64","2000",18.529,,,,"R1:3513"
"TUR","BA:622","EMP_DWAP_SEX_AGE_RT","SEX_F","AGE_5YRBANDS_YGE65","2000",11.266,,,,"R1:3513"
"TUR","BA:622","EMP_DWAP_SEX_AGE_RT","SEX_T","AGE_YTHADULT_YGE15","1990",52.077,,,,"R1:2382"
"TUR","BA:622","EMP_DWAP_SEX_AGE_RT","SEX_T","AGE_YTHADULT_Y15-64","1990",54.536,,,,"R1:2382"
"TUR","BA:622","EMP_DWAP_SEX_AGE_RT","SEX_T","AGE_YTHADULT_Y15-24","1990",45.913,,,,"R1:2382"
"TUR","BA:622","EMP_DWAP_SEX_AGE_RT","SEX_T","AGE_YTHADULT_YGE25","1990",54.524,,,,"R1:2382"
"TUR","BA:622","EMP_DWAP_SEX_AGE_RT","SEX_M","AGE_YTHADULT_YGE15","1990",73.486,,,,"R1:2382"
"TUR","BA:622","EMP_DWAP_SEX_AGE_RT","SEX_M","AGE_YTHADULT_Y15-64","1990",76.936,,,,"R1:2382"
"TUR","BA:622","EMP_DWAP_SEX_AGE_RT","SEX_M","AGE_YTHADULT_Y15-24","1990",59.891,,,,"R1:2382"
"TUR","BA:622","EMP_DWAP_SEX_AGE_RT","SEX_M","AGE_YTHADULT_YGE25","1990",78.546,,,,"R1:2382"
"TUR","BA:622","EMP_DWAP_SEX_AGE_RT","SEX_F","AGE_YTHADULT_YGE15","1990",31.249,,,,"R1:2382"
"TUR","BA:622","EMP_DWAP_SEX_AGE_RT","SEX_F","AGE_YTHADULT_Y15-64","1990",32.867,,,,"R1:2382"
"TUR","BA:622","EMP_DWAP_SEX_AGE_RT","SEX_F","AGE_YTHADULT_Y15-24","1990",33.483,,,,"R1:2382"
"TUR","BA:622","EMP_DWAP_SEX_AGE_RT","SEX_F","AGE_YTHADULT_YGE25","1990",30.306,,,,"R1:2382"
"TUR","BA:622","EMP_DWAP_SEX_AGE_RT","SEX_T","AGE_AGGREGATE_YGE15","1990",52.077,,,,"R1:2382"
"TUR","BA:622","EMP_DWAP_SEX_AGE_RT","SEX_T","AGE_AGGREGATE_Y15-24","1990",45.913,,,,"R1:2382"
"TUR","BA:622","EMP_DWAP_SEX_AGE_RT","SEX_T","AGE_AGGREGATE_Y25-54","1990",61.608,,,,"R1:2382"
"TUR","BA:622","EMP_DWAP_SEX_AGE_RT","SEX_T","AGE_AGGREGATE_Y55-64","1990",42.749,,,,"R1:2382"
"TUR","BA:622","EMP_DWAP_SEX_AGE_RT","SEX_T","AGE_AGGREGATE_YGE65","1990",20.035,,,,"R1:2382"
"TUR","BA:622","EMP_DWAP_SEX_AGE_RT","SEX_M","AGE_AGGREGATE_YGE15","1990",73.486,,,,"R1:2382"
"TUR","BA:622","EMP_DWAP_SEX_AGE_RT","SEX_M","AGE_AGGREGATE_Y15-24","1990",59.891,,,,"R1:2382"
"TUR","BA:622","EMP_DWAP_SEX_AGE_RT","SEX_M","AGE_AGGREGATE_Y25-54","1990",89.324,,,,"R1:2382"
"TUR","BA:622","EMP_DWAP_SEX_AGE_RT","SEX_M","AGE_AGGREGATE_Y55-64","1990",58.815,,,,"R1:2382"
"TUR","BA:622","EMP_DWAP_SEX_AGE_RT","SEX_M","AGE_AGGREGATE_YGE65","1990",30.277,,,,"R1:2382"
"TUR","BA:622","EMP_DWAP_SEX_AGE_RT","SEX_F","AGE_AGGREGATE_YGE15","1990",31.249,,,,"R1:2382"
"TUR","BA:622","EMP_DWAP_SEX_AGE_RT","SEX_F","AGE_AGGREGATE_Y15-24","1990",33.483,,,,"R1:2382"
"TUR","BA:622","EMP_DWAP_SEX_AGE_RT","SEX_F","AGE_AGGREGATE_Y25-54","1990",33.868,,,,"R1:2382"
"TUR","BA:622","EMP_DWAP_SEX_AGE_RT","SEX_F","AGE_AGGREGATE_Y55-64","1990",26.383,,,,"R1:2382"
"TUR","BA:622","EMP_DWAP_SEX_AGE_RT","SEX_F","AGE_AGGREGATE_YGE65","1990",9.315,,,,"R1:2382"
"TUR","BA:622","EMP_DWAP_SEX_AGE_RT","SEX_T","AGE_10YRBANDS_YGE15","1990",52.077,,,,"R1:2382"
"TUR","BA:622","EMP_DWAP_SEX_AGE_RT","SEX_T","AGE_10YRBANDS_Y15-24","1990",45.913,,,,"R1:2382"
"TUR","BA:622","EMP_DWAP_SEX_AGE_RT","SEX_T","AGE_10YRBANDS_Y25-34","1990",61.684,,,,"R1:2382"
"TUR","BA:622","EMP_DWAP_SEX_AGE_RT","SEX_T","AGE_10YRBANDS_Y35-44","1990",65.086,,,,"R1:2382"
"TUR","BA:622","EMP_DWAP_SEX_AGE_RT","SEX_T","AGE_10YRBANDS_Y45-54","1990",56.757,,,,"R1:2382"
"TUR","BA:622","EMP_DWAP_SEX_AGE_RT","SEX_T","AGE_10YRBANDS_Y55-64","1990",42.749,,,,"R1:2382"
"TUR","BA:622","EMP_DWAP_SEX_AGE_RT","SEX_T","AGE_10YRBANDS_YGE65","1990",20.035,,,,"R1:2382"
"TUR","BA:622","EMP_DWAP_SEX_AGE_RT","SEX_M","AGE_10YRBANDS_YGE15","1990",73.486,,,,"R1:2382"
"TUR","BA:622","EMP_DWAP_SEX_AGE_RT","SEX_M","AGE_10YRBANDS_Y15-24","1990",59.891,,,,"R1:2382"
"TUR","BA:622","EMP_DWAP_SEX_AGE_RT","SEX_M","AGE_10YRBANDS_Y25-34","1990",90.739,,,,"R1:2382"
"TUR","BA:622","EMP_DWAP_SEX_AGE_RT","SEX_M","AGE_10YRBANDS_Y35-44","1990",93.836,,,,"R1:2382"
"TUR","BA:622","EMP_DWAP_SEX_AGE_RT","SEX_M","AGE_10YRBANDS_Y45-54","1990",80.542,,,,"R1:2382"
"TUR","BA:622","EMP_DWAP_SEX_AGE_RT","SEX_M","AGE_10YRBANDS_Y55-64","1990",58.815,,,,"R1:2382"
"TUR","BA:622","EMP_DWAP_SEX_AGE_RT","SEX_M","AGE_10YRBANDS_YGE65","1990",30.277,,,,"R1:2382"
"TUR","BA:622","EMP_DWAP_SEX_AGE_RT","SEX_F","AGE_10YRBANDS_YGE15","1990",31.249,,,,"R1:2382"
"TUR","BA:622","EMP_DWAP_SEX_AGE_RT","SEX_F","AGE_10YRBANDS_Y15-24","1990",33.483,,,,"R1:2382"
"TUR","BA:622","EMP_DWAP_SEX_AGE_RT","SEX_F","AGE_10YRBANDS_Y25-34","1990",32.93,,,,"R1:2382"
"TUR","BA:622","EMP_DWAP_SEX_AGE_RT","SEX_F","AGE_10YRBANDS_Y35-44","1990",35.33,,,,"R1:2382"
"TUR","BA:622","EMP_DWAP_SEX_AGE_RT","SEX_F","AGE_10YRBANDS_Y45-54","1990",33.561,,,,"R1:2382"
"TUR","BA:622","EMP_DWAP_SEX_AGE_RT","SEX_F","AGE_10YRBANDS_Y55-64","1990",26.383,,,,"R1:2382"
"TUR","BA:622","EMP_DWAP_SEX_AGE_RT","SEX_F","AGE_10YRBANDS_YGE65","1990",9.315,,,,"R1:2382"
"TUR","BA:622","EMP_DWAP_SEX_AGE_RT","SEX_T","AGE_5YRBANDS_YGE15","1990",52.077,,,,"R1:2382"
"TUR","BA:622","EMP_DWAP_SEX_AGE_RT","SEX_T","AGE_5YRBANDS_Y15-19","1990",42.249,,,,"R1:2382"
"TUR","BA:622","EMP_DWAP_SEX_AGE_RT","SEX_T","AGE_5YRBANDS_Y20-24","1990",51.085,,,,"R1:2382"
"TUR","BA:622","EMP_DWAP_SEX_AGE_RT","SEX_T","AGE_5YRBANDS_Y25-29","1990",60.215,,,,"R1:2382"
"TUR","BA:622","EMP_DWAP_SEX_AGE_RT","SEX_T","AGE_5YRBANDS_Y30-34","1990",63.343,,,,"R1:2382"
"TUR","BA:622","EMP_DWAP_SEX_AGE_RT","SEX_T","AGE_5YRBANDS_Y35-39","1990",65.28,,,,"R1:2382"
"TUR","BA:622","EMP_DWAP_SEX_AGE_RT","SEX_T","AGE_5YRBANDS_Y40-44","1990",64.836,,,,"R1:2382"
"TUR","BA:622","EMP_DWAP_SEX_AGE_RT","SEX_T","AGE_5YRBANDS_Y45-49","1990",60.509,,,,"R1:2382"
"TUR","BA:622","EMP_DWAP_SEX_AGE_RT","SEX_T","AGE_5YRBANDS_Y50-54","1990",53.002,,,,"R1:2382"
"TUR","BA:622","EMP_DWAP_SEX_AGE_RT","SEX_T","AGE_5YRBANDS_Y55-59","1990",47.051,,,,"R1:2382"
"TUR","BA:622","EMP_DWAP_SEX_AGE_RT","SEX_T","AGE_5YRBANDS_Y60-64","1990",37.678,,,,"R1:2382"
"TUR","BA:622","EMP_DWAP_SEX_AGE_RT","SEX_T","AGE_5YRBANDS_YGE65","1990",20.035,,,,"R1:2382"
"TUR","BA:622","EMP_DWAP_SEX_AGE_RT","SEX_M","AGE_5YRBANDS_YGE15","1990",73.486,,,,"R1:2382"
"TUR","BA:622","EMP_DWAP_SEX_AGE_RT","SEX_M","AGE_5YRBANDS_Y15-19","1990",51.636,,,,"R1:2382"
"TUR","BA:622","EMP_DWAP_SEX_AGE_RT","SEX_M","AGE_5YRBANDS_Y20-24","1990",73.14,,,,"R1:2382"
"TUR","BA:622","EMP_DWAP_SEX_AGE_RT","SEX_M","AGE_5YRBANDS_Y25-29","1990",88.742,,,,"R1:2382"
"TUR","BA:622","EMP_DWAP_SEX_AGE_RT","SEX_M","AGE_5YRBANDS_Y30-34","1990",92.99,,,,"R1:2382"
"TUR","BA:622","EMP_DWAP_SEX_AGE_RT","SEX_M","AGE_5YRBANDS_Y35-39","1990",94.734,,,,"R1:2382"
"TUR","BA:622","EMP_DWAP_SEX_AGE_RT","SEX_M","AGE_5YRBANDS_Y40-44","1990",92.7,,,,"R1:2382"
"TUR","BA:622","EMP_DWAP_SEX_AGE_RT","SEX_M","AGE_5YRBANDS_Y45-49","1990",86.317,,,,"R1:2382"
"TUR","BA:622","EMP_DWAP_SEX_AGE_RT","SEX_M","AGE_5YRBANDS_Y50-54","1990",74.578,,,,"R1:2382"
"TUR","BA:622","EMP_DWAP_SEX_AGE_RT","SEX_M","AGE_5YRBANDS_Y55-59","1990",64,,,,"R1:2382"
"TUR","BA:622","EMP_DWAP_SEX_AGE_RT","SEX_M","AGE_5YRBANDS_Y60-64","1990",52.84,,,,"R1:2382"
"TUR","BA:622","EMP_DWAP_SEX_AGE_RT","SEX_M","AGE_5YRBANDS_YGE65","1990",30.277,,,,"R1:2382"
"TUR","BA:622","EMP_DWAP_SEX_AGE_RT","SEX_F","AGE_5YRBANDS_YGE15","1990",31.249,,,,"R1:2382"
"TUR","BA:622","EMP_DWAP_SEX_AGE_RT","SEX_F","AGE_5YRBANDS_Y15-19","1990",33.032,,,,"R1:2382"
"TUR","BA:622","EMP_DWAP_SEX_AGE_RT","SEX_F","AGE_5YRBANDS_Y20-24","1990",34.052,,,,"R1:2382"
"TUR","BA:622","EMP_DWAP_SEX_AGE_RT","SEX_F","AGE_5YRBANDS_Y25-29","1990",32.047,,,,"R1:2382"
"TUR","BA:622","EMP_DWAP_SEX_AGE_RT","SEX_F","AGE_5YRBANDS_Y30-34","1990",33.93,,,,"R1:2382"
"TUR","BA:622","EMP_DWAP_SEX_AGE_RT","SEX_F","AGE_5YRBANDS_Y35-39","1990",35.22,,,,"R1:2382"
"TUR","BA:622","EMP_DWAP_SEX_AGE_RT","SEX_F","AGE_5YRBANDS_Y40-44","1990",35.474,,,,"R1:2382"
"TUR","BA:622","EMP_DWAP_SEX_AGE_RT","SEX_F","AGE_5YRBANDS_Y45-49","1990",34.545,,,,"R1:2382"
"TUR","BA:622","EMP_DWAP_SEX_AGE_RT","SEX_F","AGE_5YRBANDS_Y50-54","1990",32.605,,,,"R1:2382"
"TUR","BA:622","EMP_DWAP_SEX_AGE_RT","SEX_F","AGE_5YRBANDS_Y55-59","1990",30.148,,,,"R1:2382"
"TUR","BA:622","EMP_DWAP_SEX_AGE_RT","SEX_F","AGE_5YRBANDS_Y60-64","1990",21.837,,,,"R1:2382"
"TUR","BA:622","EMP_DWAP_SEX_AGE_RT","SEX_F","AGE_5YRBANDS_YGE65","1990",9.315,,,,"R1:2382"
