"ref_area","source","indicator","sex","classif1","time","obs_value","obs_status","note_classif","note_indicator","note_source"
"EGY","BA:582","EMP_DWAP_SEX_AGE_RT","SEX_T","AGE_YTHADULT_YGE15","2024",45.104,"B",,"I11:264","R1:3513"
"EGY","BA:582","EMP_DWAP_SEX_AGE_RT","SEX_T","AGE_YTHADULT_Y15-64","2024",47.012,"B",,"I11:264","R1:3513"
"EGY","BA:582","EMP_DWAP_SEX_AGE_RT","SEX_T","AGE_YTHADULT_Y15-24","2024",24.329,"B",,"I11:264","R1:3513"
"EGY","BA:582","EMP_DWAP_SEX_AGE_RT","SEX_T","AGE_YTHADULT_YGE25","2024",52.889,"B",,"I11:264","R1:3513"
"EGY","BA:582","EMP_DWAP_SEX_AGE_RT","SEX_M","AGE_YTHADULT_YGE15","2024",68.096,"B",,"I11:264","R1:3513"
"EGY","BA:582","EMP_DWAP_SEX_AGE_RT","SEX_M","AGE_YTHADULT_Y15-64","2024",71.075,"B",,"I11:264","R1:3513"
"EGY","BA:582","EMP_DWAP_SEX_AGE_RT","SEX_M","AGE_YTHADULT_Y15-24","2024",35.856,"B",,"I11:264","R1:3513"
"EGY","BA:582","EMP_DWAP_SEX_AGE_RT","SEX_M","AGE_YTHADULT_YGE25","2024",81.427,"B",,"I11:264","R1:3513"
"EGY","BA:582","EMP_DWAP_SEX_AGE_RT","SEX_F","AGE_YTHADULT_YGE15","2024",20.993,"B",,"I11:264","R1:3513"
"EGY","BA:582","EMP_DWAP_SEX_AGE_RT","SEX_F","AGE_YTHADULT_Y15-64","2024",21.85,"B",,"I11:264","R1:3513"
"EGY","BA:582","EMP_DWAP_SEX_AGE_RT","SEX_F","AGE_YTHADULT_Y15-24","2024",10.28,"B",,"I11:264","R1:3513"
"EGY","BA:582","EMP_DWAP_SEX_AGE_RT","SEX_F","AGE_YTHADULT_YGE25","2024",24.597,"B",,"I11:264","R1:3513"
"EGY","BA:582","EMP_DWAP_SEX_AGE_RT","SEX_T","AGE_AGGREGATE_YGE15","2024",45.104,"B",,"I11:264","R1:3513"
"EGY","BA:582","EMP_DWAP_SEX_AGE_RT","SEX_T","AGE_AGGREGATE_Y15-24","2024",24.329,"B",,"I11:264","R1:3513"
"EGY","BA:582","EMP_DWAP_SEX_AGE_RT","SEX_T","AGE_AGGREGATE_Y25-54","2024",59.581,"B",,"I11:264","R1:3513"
"EGY","BA:582","EMP_DWAP_SEX_AGE_RT","SEX_T","AGE_AGGREGATE_Y55-64","2024",40.707,"B",,"I11:264","R1:3513"
"EGY","BA:582","EMP_DWAP_SEX_AGE_RT","SEX_T","AGE_AGGREGATE_YGE65","2024",12.546,"B",,"I11:264","R1:3513"
"EGY","BA:582","EMP_DWAP_SEX_AGE_RT","SEX_M","AGE_AGGREGATE_YGE15","2024",68.096,"B",,"I11:264","R1:3513"
"EGY","BA:582","EMP_DWAP_SEX_AGE_RT","SEX_M","AGE_AGGREGATE_Y15-24","2024",35.856,"B",,"I11:264","R1:3513"
"EGY","BA:582","EMP_DWAP_SEX_AGE_RT","SEX_M","AGE_AGGREGATE_Y25-54","2024",92.569,"B",,"I11:264","R1:3513"
"EGY","BA:582","EMP_DWAP_SEX_AGE_RT","SEX_M","AGE_AGGREGATE_Y55-64","2024",61.384,"B",,"I11:264","R1:3513"
"EGY","BA:582","EMP_DWAP_SEX_AGE_RT","SEX_M","AGE_AGGREGATE_YGE65","2024",18.518,"B",,"I11:264","R1:3513"
"EGY","BA:582","EMP_DWAP_SEX_AGE_RT","SEX_F","AGE_AGGREGATE_YGE15","2024",20.993,"B",,"I11:264","R1:3513"
"EGY","BA:582","EMP_DWAP_SEX_AGE_RT","SEX_F","AGE_AGGREGATE_Y15-24","2024",10.28,"B",,"I11:264","R1:3513"
"EGY","BA:582","EMP_DWAP_SEX_AGE_RT","SEX_F","AGE_AGGREGATE_Y25-54","2024",27.398,"B",,"I11:264","R1:3513"
"EGY","BA:582","EMP_DWAP_SEX_AGE_RT","SEX_F","AGE_AGGREGATE_Y55-64","2024",19.681,"B",,"I11:264","R1:3513"
"EGY","BA:582","EMP_DWAP_SEX_AGE_RT","SEX_F","AGE_AGGREGATE_YGE65","2024",5.965,"B",,"I11:264","R1:3513"
"EGY","BA:582","EMP_DWAP_SEX_AGE_RT","SEX_T","AGE_10YRBANDS_YGE15","2024",45.104,"B",,"I11:264","R1:3513"
"EGY","BA:582","EMP_DWAP_SEX_AGE_RT","SEX_T","AGE_10YRBANDS_Y15-24","2024",24.329,"B",,"I11:264","R1:3513"
"EGY","BA:582","EMP_DWAP_SEX_AGE_RT","SEX_T","AGE_10YRBANDS_Y25-34","2024",56.123,"B",,"I11:264","R1:3513"
"EGY","BA:582","EMP_DWAP_SEX_AGE_RT","SEX_T","AGE_10YRBANDS_Y35-44","2024",61.562,"B",,"I11:264","R1:3513"
"EGY","BA:582","EMP_DWAP_SEX_AGE_RT","SEX_T","AGE_10YRBANDS_Y45-54","2024",61.359,"B",,"I11:264","R1:3513"
"EGY","BA:582","EMP_DWAP_SEX_AGE_RT","SEX_T","AGE_10YRBANDS_Y55-64","2024",40.707,"B",,"I11:264","R1:3513"
"EGY","BA:582","EMP_DWAP_SEX_AGE_RT","SEX_T","AGE_10YRBANDS_YGE65","2024",12.546,"B",,"I11:264","R1:3513"
"EGY","BA:582","EMP_DWAP_SEX_AGE_RT","SEX_M","AGE_10YRBANDS_YGE15","2024",68.096,"B",,"I11:264","R1:3513"
"EGY","BA:582","EMP_DWAP_SEX_AGE_RT","SEX_M","AGE_10YRBANDS_Y15-24","2024",35.856,"B",,"I11:264","R1:3513"
"EGY","BA:582","EMP_DWAP_SEX_AGE_RT","SEX_M","AGE_10YRBANDS_Y25-34","2024",89.868,"B",,"I11:264","R1:3513"
"EGY","BA:582","EMP_DWAP_SEX_AGE_RT","SEX_M","AGE_10YRBANDS_Y35-44","2024",94.734,"B",,"I11:264","R1:3513"
"EGY","BA:582","EMP_DWAP_SEX_AGE_RT","SEX_M","AGE_10YRBANDS_Y45-54","2024",93.077,"B",,"I11:264","R1:3513"
"EGY","BA:582","EMP_DWAP_SEX_AGE_RT","SEX_M","AGE_10YRBANDS_Y55-64","2024",61.384,"B",,"I11:264","R1:3513"
"EGY","BA:582","EMP_DWAP_SEX_AGE_RT","SEX_M","AGE_10YRBANDS_YGE65","2024",18.518,"B",,"I11:264","R1:3513"
"EGY","BA:582","EMP_DWAP_SEX_AGE_RT","SEX_F","AGE_10YRBANDS_YGE15","2024",20.993,"B",,"I11:264","R1:3513"
"EGY","BA:582","EMP_DWAP_SEX_AGE_RT","SEX_F","AGE_10YRBANDS_Y15-24","2024",10.28,"B",,"I11:264","R1:3513"
"EGY","BA:582","EMP_DWAP_SEX_AGE_RT","SEX_F","AGE_10YRBANDS_Y25-34","2024",23.708,"B",,"I11:264","R1:3513"
"EGY","BA:582","EMP_DWAP_SEX_AGE_RT","SEX_F","AGE_10YRBANDS_Y35-44","2024",29.584,"B",,"I11:264","R1:3513"
"EGY","BA:582","EMP_DWAP_SEX_AGE_RT","SEX_F","AGE_10YRBANDS_Y45-54","2024",29.25,"B",,"I11:264","R1:3513"
"EGY","BA:582","EMP_DWAP_SEX_AGE_RT","SEX_F","AGE_10YRBANDS_Y55-64","2024",19.681,"B",,"I11:264","R1:3513"
"EGY","BA:582","EMP_DWAP_SEX_AGE_RT","SEX_F","AGE_10YRBANDS_YGE65","2024",5.965,"B",,"I11:264","R1:3513"
"EGY","BA:582","EMP_DWAP_SEX_AGE_RT","SEX_T","AGE_5YRBANDS_YGE15","2024",45.104,"B",,"I11:264","R1:3513"
"EGY","BA:582","EMP_DWAP_SEX_AGE_RT","SEX_T","AGE_5YRBANDS_Y15-19","2024",14.86,"B",,"I11:264","R1:3513"
"EGY","BA:582","EMP_DWAP_SEX_AGE_RT","SEX_T","AGE_5YRBANDS_Y20-24","2024",35.861,"B",,"I11:264","R1:3513"
"EGY","BA:582","EMP_DWAP_SEX_AGE_RT","SEX_T","AGE_5YRBANDS_Y25-29","2024",53.874,"B",,"I11:264","R1:3513"
"EGY","BA:582","EMP_DWAP_SEX_AGE_RT","SEX_T","AGE_5YRBANDS_Y30-34","2024",58.361,"B",,"I11:264","R1:3513"
"EGY","BA:582","EMP_DWAP_SEX_AGE_RT","SEX_T","AGE_5YRBANDS_Y35-39","2024",61.068,"B",,"I11:264","R1:3513"
"EGY","BA:582","EMP_DWAP_SEX_AGE_RT","SEX_T","AGE_5YRBANDS_Y40-44","2024",62.123,"B",,"I11:264","R1:3513"
"EGY","BA:582","EMP_DWAP_SEX_AGE_RT","SEX_T","AGE_5YRBANDS_Y45-49","2024",62.458,"B",,"I11:264","R1:3513"
"EGY","BA:582","EMP_DWAP_SEX_AGE_RT","SEX_T","AGE_5YRBANDS_Y50-54","2024",60.105,"B",,"I11:264","R1:3513"
"EGY","BA:582","EMP_DWAP_SEX_AGE_RT","SEX_T","AGE_5YRBANDS_Y55-59","2024",55.928,"B",,"I11:264","R1:3513"
"EGY","BA:582","EMP_DWAP_SEX_AGE_RT","SEX_T","AGE_5YRBANDS_Y60-64","2024",25.26,"B",,"I11:264","R1:3513"
"EGY","BA:582","EMP_DWAP_SEX_AGE_RT","SEX_T","AGE_5YRBANDS_YGE65","2024",12.546,"B",,"I11:264","R1:3513"
"EGY","BA:582","EMP_DWAP_SEX_AGE_RT","SEX_M","AGE_5YRBANDS_YGE15","2024",68.096,"B",,"I11:264","R1:3513"
"EGY","BA:582","EMP_DWAP_SEX_AGE_RT","SEX_M","AGE_5YRBANDS_Y15-19","2024",22.713,"B",,"I11:264","R1:3513"
"EGY","BA:582","EMP_DWAP_SEX_AGE_RT","SEX_M","AGE_5YRBANDS_Y20-24","2024",51.451,"B",,"I11:264","R1:3513"
"EGY","BA:582","EMP_DWAP_SEX_AGE_RT","SEX_M","AGE_5YRBANDS_Y25-29","2024",86.388,"B",,"I11:264","R1:3513"
"EGY","BA:582","EMP_DWAP_SEX_AGE_RT","SEX_M","AGE_5YRBANDS_Y30-34","2024",93.33,"B",,"I11:264","R1:3513"
"EGY","BA:582","EMP_DWAP_SEX_AGE_RT","SEX_M","AGE_5YRBANDS_Y35-39","2024",94.903,"B",,"I11:264","R1:3513"
"EGY","BA:582","EMP_DWAP_SEX_AGE_RT","SEX_M","AGE_5YRBANDS_Y40-44","2024",94.545,"B",,"I11:264","R1:3513"
"EGY","BA:582","EMP_DWAP_SEX_AGE_RT","SEX_M","AGE_5YRBANDS_Y45-49","2024",94.403,"B",,"I11:264","R1:3513"
"EGY","BA:582","EMP_DWAP_SEX_AGE_RT","SEX_M","AGE_5YRBANDS_Y50-54","2024",91.555,"B",,"I11:264","R1:3513"
"EGY","BA:582","EMP_DWAP_SEX_AGE_RT","SEX_M","AGE_5YRBANDS_Y55-59","2024",83.286,"B",,"I11:264","R1:3513"
"EGY","BA:582","EMP_DWAP_SEX_AGE_RT","SEX_M","AGE_5YRBANDS_Y60-64","2024",39.02,"B",,"I11:264","R1:3513"
"EGY","BA:582","EMP_DWAP_SEX_AGE_RT","SEX_M","AGE_5YRBANDS_YGE65","2024",18.518,"B",,"I11:264","R1:3513"
"EGY","BA:582","EMP_DWAP_SEX_AGE_RT","SEX_F","AGE_5YRBANDS_YGE15","2024",20.993,"B",,"I11:264","R1:3513"
"EGY","BA:582","EMP_DWAP_SEX_AGE_RT","SEX_F","AGE_5YRBANDS_Y15-19","2024",5.533,"B",,"I11:264","R1:3513"
"EGY","BA:582","EMP_DWAP_SEX_AGE_RT","SEX_F","AGE_5YRBANDS_Y20-24","2024",16.247,"B",,"I11:264","R1:3513"
"EGY","BA:582","EMP_DWAP_SEX_AGE_RT","SEX_F","AGE_5YRBANDS_Y25-29","2024",22.634,"B",,"I11:264","R1:3513"
"EGY","BA:582","EMP_DWAP_SEX_AGE_RT","SEX_F","AGE_5YRBANDS_Y30-34","2024",24.776,"B",,"I11:264","R1:3513"
"EGY","BA:582","EMP_DWAP_SEX_AGE_RT","SEX_F","AGE_5YRBANDS_Y35-39","2024",28.896,"B",,"I11:264","R1:3513"
"EGY","BA:582","EMP_DWAP_SEX_AGE_RT","SEX_F","AGE_5YRBANDS_Y40-44","2024",30.376,"B",,"I11:264","R1:3513"
"EGY","BA:582","EMP_DWAP_SEX_AGE_RT","SEX_F","AGE_5YRBANDS_Y45-49","2024",29.939,"B",,"I11:264","R1:3513"
"EGY","BA:582","EMP_DWAP_SEX_AGE_RT","SEX_F","AGE_5YRBANDS_Y50-54","2024",28.468,"B",,"I11:264","R1:3513"
"EGY","BA:582","EMP_DWAP_SEX_AGE_RT","SEX_F","AGE_5YRBANDS_Y55-59","2024",27.936,"B",,"I11:264","R1:3513"
"EGY","BA:582","EMP_DWAP_SEX_AGE_RT","SEX_F","AGE_5YRBANDS_Y60-64","2024",11.356,"B",,"I11:264","R1:3513"
"EGY","BA:582","EMP_DWAP_SEX_AGE_RT","SEX_F","AGE_5YRBANDS_YGE65","2024",5.965,"B",,"I11:264","R1:3513"
"EGY","BA:582","EMP_DWAP_SEX_AGE_RT","SEX_T","AGE_YTHADULT_YGE15","2023",41.653,,,,"R1:3513"
"EGY","BA:582","EMP_DWAP_SEX_AGE_RT","SEX_T","AGE_YTHADULT_Y15-64","2023",43.448,,,,"R1:3513"
"EGY","BA:582","EMP_DWAP_SEX_AGE_RT","SEX_T","AGE_YTHADULT_Y15-24","2023",19.537,,,,"R1:3513"
"EGY","BA:582","EMP_DWAP_SEX_AGE_RT","SEX_T","AGE_YTHADULT_YGE25","2023",49.998,,,,"R1:3513"
"EGY","BA:582","EMP_DWAP_SEX_AGE_RT","SEX_M","AGE_YTHADULT_YGE15","2023",66.618,,,,"R1:3513"
"EGY","BA:582","EMP_DWAP_SEX_AGE_RT","SEX_M","AGE_YTHADULT_Y15-64","2023",69.531,,,,"R1:3513"
"EGY","BA:582","EMP_DWAP_SEX_AGE_RT","SEX_M","AGE_YTHADULT_Y15-24","2023",31.294,,,,"R1:3513"
"EGY","BA:582","EMP_DWAP_SEX_AGE_RT","SEX_M","AGE_YTHADULT_YGE25","2023",80.904,,,,"R1:3513"
"EGY","BA:582","EMP_DWAP_SEX_AGE_RT","SEX_F","AGE_YTHADULT_YGE15","2023",15.456,,,,"R1:3513"
"EGY","BA:582","EMP_DWAP_SEX_AGE_RT","SEX_F","AGE_YTHADULT_Y15-64","2023",16.159,,,,"R1:3513"
"EGY","BA:582","EMP_DWAP_SEX_AGE_RT","SEX_F","AGE_YTHADULT_Y15-24","2023",5.834,,,,"R1:3513"
"EGY","BA:582","EMP_DWAP_SEX_AGE_RT","SEX_F","AGE_YTHADULT_YGE25","2023",18.824,,,,"R1:3513"
"EGY","BA:582","EMP_DWAP_SEX_AGE_RT","SEX_T","AGE_AGGREGATE_YGE15","2023",41.653,,,,"R1:3513"
"EGY","BA:582","EMP_DWAP_SEX_AGE_RT","SEX_T","AGE_AGGREGATE_Y15-24","2023",19.537,,,,"R1:3513"
"EGY","BA:582","EMP_DWAP_SEX_AGE_RT","SEX_T","AGE_AGGREGATE_Y25-54","2023",55.988,,,,"R1:3513"
"EGY","BA:582","EMP_DWAP_SEX_AGE_RT","SEX_T","AGE_AGGREGATE_Y55-64","2023",40.193,,,,"R1:3513"
"EGY","BA:582","EMP_DWAP_SEX_AGE_RT","SEX_T","AGE_AGGREGATE_YGE65","2023",11.12,,,,"R1:3513"
"EGY","BA:582","EMP_DWAP_SEX_AGE_RT","SEX_M","AGE_AGGREGATE_YGE15","2023",66.618,,,,"R1:3513"
"EGY","BA:582","EMP_DWAP_SEX_AGE_RT","SEX_M","AGE_AGGREGATE_Y15-24","2023",31.294,,,,"R1:3513"
"EGY","BA:582","EMP_DWAP_SEX_AGE_RT","SEX_M","AGE_AGGREGATE_Y25-54","2023",91.042,,,,"R1:3513"
"EGY","BA:582","EMP_DWAP_SEX_AGE_RT","SEX_M","AGE_AGGREGATE_Y55-64","2023",64.536,,,,"R1:3513"
"EGY","BA:582","EMP_DWAP_SEX_AGE_RT","SEX_M","AGE_AGGREGATE_YGE65","2023",18.327,,,,"R1:3513"
"EGY","BA:582","EMP_DWAP_SEX_AGE_RT","SEX_F","AGE_AGGREGATE_YGE15","2023",15.456,,,,"R1:3513"
"EGY","BA:582","EMP_DWAP_SEX_AGE_RT","SEX_F","AGE_AGGREGATE_Y15-24","2023",5.834,,,,"R1:3513"
"EGY","BA:582","EMP_DWAP_SEX_AGE_RT","SEX_F","AGE_AGGREGATE_Y25-54","2023",21.068,,,,"R1:3513"
"EGY","BA:582","EMP_DWAP_SEX_AGE_RT","SEX_F","AGE_AGGREGATE_Y55-64","2023",15.237,,,,"R1:3513"
"EGY","BA:582","EMP_DWAP_SEX_AGE_RT","SEX_F","AGE_AGGREGATE_YGE65","2023",3.167,,,,"R1:3513"
"EGY","BA:582","EMP_DWAP_SEX_AGE_RT","SEX_T","AGE_10YRBANDS_YGE15","2023",41.653,,,,"R1:3513"
"EGY","BA:582","EMP_DWAP_SEX_AGE_RT","SEX_T","AGE_10YRBANDS_Y15-24","2023",19.537,,,,"R1:3513"
"EGY","BA:582","EMP_DWAP_SEX_AGE_RT","SEX_T","AGE_10YRBANDS_Y25-34","2023",52.06,,,,"R1:3513"
"EGY","BA:582","EMP_DWAP_SEX_AGE_RT","SEX_T","AGE_10YRBANDS_Y35-44","2023",58.303,,,,"R1:3513"
"EGY","BA:582","EMP_DWAP_SEX_AGE_RT","SEX_T","AGE_10YRBANDS_Y45-54","2023",58.157,,,,"R1:3513"
"EGY","BA:582","EMP_DWAP_SEX_AGE_RT","SEX_T","AGE_10YRBANDS_Y55-64","2023",40.193,,,,"R1:3513"
"EGY","BA:582","EMP_DWAP_SEX_AGE_RT","SEX_T","AGE_10YRBANDS_YGE65","2023",11.12,,,,"R1:3513"
"EGY","BA:582","EMP_DWAP_SEX_AGE_RT","SEX_M","AGE_10YRBANDS_YGE15","2023",66.618,,,,"R1:3513"
"EGY","BA:582","EMP_DWAP_SEX_AGE_RT","SEX_M","AGE_10YRBANDS_Y15-24","2023",31.294,,,,"R1:3513"
"EGY","BA:582","EMP_DWAP_SEX_AGE_RT","SEX_M","AGE_10YRBANDS_Y25-34","2023",87.487,,,,"R1:3513"
"EGY","BA:582","EMP_DWAP_SEX_AGE_RT","SEX_M","AGE_10YRBANDS_Y35-44","2023",93.681,,,,"R1:3513"
"EGY","BA:582","EMP_DWAP_SEX_AGE_RT","SEX_M","AGE_10YRBANDS_Y45-54","2023",92.15,,,,"R1:3513"
"EGY","BA:582","EMP_DWAP_SEX_AGE_RT","SEX_M","AGE_10YRBANDS_Y55-64","2023",64.536,,,,"R1:3513"
"EGY","BA:582","EMP_DWAP_SEX_AGE_RT","SEX_M","AGE_10YRBANDS_YGE65","2023",18.327,,,,"R1:3513"
"EGY","BA:582","EMP_DWAP_SEX_AGE_RT","SEX_F","AGE_10YRBANDS_YGE15","2023",15.456,,,,"R1:3513"
"EGY","BA:582","EMP_DWAP_SEX_AGE_RT","SEX_F","AGE_10YRBANDS_Y15-24","2023",5.834,,,,"R1:3513"
"EGY","BA:582","EMP_DWAP_SEX_AGE_RT","SEX_F","AGE_10YRBANDS_Y25-34","2023",17.469,,,,"R1:3513"
"EGY","BA:582","EMP_DWAP_SEX_AGE_RT","SEX_F","AGE_10YRBANDS_Y35-44","2023",22.98,,,,"R1:3513"
"EGY","BA:582","EMP_DWAP_SEX_AGE_RT","SEX_F","AGE_10YRBANDS_Y45-54","2023",23.439,,,,"R1:3513"
"EGY","BA:582","EMP_DWAP_SEX_AGE_RT","SEX_F","AGE_10YRBANDS_Y55-64","2023",15.237,,,,"R1:3513"
"EGY","BA:582","EMP_DWAP_SEX_AGE_RT","SEX_F","AGE_10YRBANDS_YGE65","2023",3.167,,,,"R1:3513"
"EGY","BA:582","EMP_DWAP_SEX_AGE_RT","SEX_T","AGE_5YRBANDS_YGE15","2023",41.653,,,,"R1:3513"
"EGY","BA:582","EMP_DWAP_SEX_AGE_RT","SEX_T","AGE_5YRBANDS_Y15-19","2023",11.398,,,,"R1:3513"
"EGY","BA:582","EMP_DWAP_SEX_AGE_RT","SEX_T","AGE_5YRBANDS_Y20-24","2023",29.237,,,,"R1:3513"
"EGY","BA:582","EMP_DWAP_SEX_AGE_RT","SEX_T","AGE_5YRBANDS_Y25-29","2023",49.968,,,,"R1:3513"
"EGY","BA:582","EMP_DWAP_SEX_AGE_RT","SEX_T","AGE_5YRBANDS_Y30-34","2023",54.195,,,,"R1:3513"
"EGY","BA:582","EMP_DWAP_SEX_AGE_RT","SEX_T","AGE_5YRBANDS_Y35-39","2023",57.413,,,,"R1:3513"
"EGY","BA:582","EMP_DWAP_SEX_AGE_RT","SEX_T","AGE_5YRBANDS_Y40-44","2023",59.33,,,,"R1:3513"
"EGY","BA:582","EMP_DWAP_SEX_AGE_RT","SEX_T","AGE_5YRBANDS_Y45-49","2023",58.838,,,,"R1:3513"
"EGY","BA:582","EMP_DWAP_SEX_AGE_RT","SEX_T","AGE_5YRBANDS_Y50-54","2023",57.387,,,,"R1:3513"
"EGY","BA:582","EMP_DWAP_SEX_AGE_RT","SEX_T","AGE_5YRBANDS_Y55-59","2023",55.166,,,,"R1:3513"
"EGY","BA:582","EMP_DWAP_SEX_AGE_RT","SEX_T","AGE_5YRBANDS_Y60-64","2023",23.649,,,,"R1:3513"
"EGY","BA:582","EMP_DWAP_SEX_AGE_RT","SEX_T","AGE_5YRBANDS_YGE65","2023",11.12,,,,"R1:3513"
"EGY","BA:582","EMP_DWAP_SEX_AGE_RT","SEX_M","AGE_5YRBANDS_YGE15","2023",66.618,,,,"R1:3513"
"EGY","BA:582","EMP_DWAP_SEX_AGE_RT","SEX_M","AGE_5YRBANDS_Y15-19","2023",18.564,,,,"R1:3513"
"EGY","BA:582","EMP_DWAP_SEX_AGE_RT","SEX_M","AGE_5YRBANDS_Y20-24","2023",46.566,,,,"R1:3513"
"EGY","BA:582","EMP_DWAP_SEX_AGE_RT","SEX_M","AGE_5YRBANDS_Y25-29","2023",82.906,,,,"R1:3513"
"EGY","BA:582","EMP_DWAP_SEX_AGE_RT","SEX_M","AGE_5YRBANDS_Y30-34","2023",92.315,,,,"R1:3513"
"EGY","BA:582","EMP_DWAP_SEX_AGE_RT","SEX_M","AGE_5YRBANDS_Y35-39","2023",93.793,,,,"R1:3513"
"EGY","BA:582","EMP_DWAP_SEX_AGE_RT","SEX_M","AGE_5YRBANDS_Y40-44","2023",93.555,,,,"R1:3513"
"EGY","BA:582","EMP_DWAP_SEX_AGE_RT","SEX_M","AGE_5YRBANDS_Y45-49","2023",93.728,,,,"R1:3513"
"EGY","BA:582","EMP_DWAP_SEX_AGE_RT","SEX_M","AGE_5YRBANDS_Y50-54","2023",90.384,,,,"R1:3513"
"EGY","BA:582","EMP_DWAP_SEX_AGE_RT","SEX_M","AGE_5YRBANDS_Y55-59","2023",85.779,,,,"R1:3513"
"EGY","BA:582","EMP_DWAP_SEX_AGE_RT","SEX_M","AGE_5YRBANDS_Y60-64","2023",40.028,,,,"R1:3513"
"EGY","BA:582","EMP_DWAP_SEX_AGE_RT","SEX_M","AGE_5YRBANDS_YGE65","2023",18.327,,,,"R1:3513"
"EGY","BA:582","EMP_DWAP_SEX_AGE_RT","SEX_F","AGE_5YRBANDS_YGE15","2023",15.456,,,,"R1:3513"
"EGY","BA:582","EMP_DWAP_SEX_AGE_RT","SEX_F","AGE_5YRBANDS_Y15-19","2023",2.992,,,,"R1:3513"
"EGY","BA:582","EMP_DWAP_SEX_AGE_RT","SEX_F","AGE_5YRBANDS_Y20-24","2023",9.195,,,,"R1:3513"
"EGY","BA:582","EMP_DWAP_SEX_AGE_RT","SEX_F","AGE_5YRBANDS_Y25-29","2023",16.792,,,,"R1:3513"
"EGY","BA:582","EMP_DWAP_SEX_AGE_RT","SEX_F","AGE_5YRBANDS_Y30-34","2023",18.139,,,,"R1:3513"
"EGY","BA:582","EMP_DWAP_SEX_AGE_RT","SEX_F","AGE_5YRBANDS_Y35-39","2023",21.839,,,,"R1:3513"
"EGY","BA:582","EMP_DWAP_SEX_AGE_RT","SEX_F","AGE_5YRBANDS_Y40-44","2023",24.327,,,,"R1:3513"
"EGY","BA:582","EMP_DWAP_SEX_AGE_RT","SEX_F","AGE_5YRBANDS_Y45-49","2023",23.615,,,,"R1:3513"
"EGY","BA:582","EMP_DWAP_SEX_AGE_RT","SEX_F","AGE_5YRBANDS_Y50-54","2023",23.236,,,,"R1:3513"
"EGY","BA:582","EMP_DWAP_SEX_AGE_RT","SEX_F","AGE_5YRBANDS_Y55-59","2023",22.451,,,,"R1:3513"
"EGY","BA:582","EMP_DWAP_SEX_AGE_RT","SEX_F","AGE_5YRBANDS_Y60-64","2023",7.61,,,,"R1:3513"
"EGY","BA:582","EMP_DWAP_SEX_AGE_RT","SEX_F","AGE_5YRBANDS_YGE65","2023",3.167,,,,"R1:3513"
"EGY","BA:582","EMP_DWAP_SEX_AGE_RT","SEX_T","AGE_YTHADULT_YGE15","2022",39.691,,,,"R1:3513"
"EGY","BA:582","EMP_DWAP_SEX_AGE_RT","SEX_T","AGE_YTHADULT_Y15-64","2022",41.441,,,,"R1:3513"
"EGY","BA:582","EMP_DWAP_SEX_AGE_RT","SEX_T","AGE_YTHADULT_Y15-24","2022",18.324,,,,"R1:3513"
"EGY","BA:582","EMP_DWAP_SEX_AGE_RT","SEX_T","AGE_YTHADULT_YGE25","2022",47.624,,,,"R1:3513"
"EGY","BA:582","EMP_DWAP_SEX_AGE_RT","SEX_M","AGE_YTHADULT_YGE15","2022",65.705,,,,"R1:3513"
"EGY","BA:582","EMP_DWAP_SEX_AGE_RT","SEX_M","AGE_YTHADULT_Y15-64","2022",68.645,,,,"R1:3513"
"EGY","BA:582","EMP_DWAP_SEX_AGE_RT","SEX_M","AGE_YTHADULT_Y15-24","2022",30.466,,,,"R1:3513"
"EGY","BA:582","EMP_DWAP_SEX_AGE_RT","SEX_M","AGE_YTHADULT_YGE25","2022",79.854,,,,"R1:3513"
"EGY","BA:582","EMP_DWAP_SEX_AGE_RT","SEX_F","AGE_YTHADULT_YGE15","2022",12.223,,,,"R1:3513"
"EGY","BA:582","EMP_DWAP_SEX_AGE_RT","SEX_F","AGE_YTHADULT_Y15-64","2022",12.801,,,,"R1:3513"
"EGY","BA:582","EMP_DWAP_SEX_AGE_RT","SEX_F","AGE_YTHADULT_Y15-24","2022",3.87,,,,"R1:3513"
"EGY","BA:582","EMP_DWAP_SEX_AGE_RT","SEX_F","AGE_YTHADULT_YGE25","2022",15.069,,,,"R1:3513"
"EGY","BA:582","EMP_DWAP_SEX_AGE_RT","SEX_T","AGE_AGGREGATE_YGE15","2022",39.691,,,,"R1:3513"
"EGY","BA:582","EMP_DWAP_SEX_AGE_RT","SEX_T","AGE_AGGREGATE_Y15-24","2022",18.324,,,,"R1:3513"
"EGY","BA:582","EMP_DWAP_SEX_AGE_RT","SEX_T","AGE_AGGREGATE_Y25-54","2022",53.437,,,,"R1:3513"
"EGY","BA:582","EMP_DWAP_SEX_AGE_RT","SEX_T","AGE_AGGREGATE_Y55-64","2022",37.615,,,,"R1:3513"
"EGY","BA:582","EMP_DWAP_SEX_AGE_RT","SEX_T","AGE_AGGREGATE_YGE65","2022",9.478,,,,"R1:3513"
"EGY","BA:582","EMP_DWAP_SEX_AGE_RT","SEX_M","AGE_AGGREGATE_YGE15","2022",65.705,,,,"R1:3513"
"EGY","BA:582","EMP_DWAP_SEX_AGE_RT","SEX_M","AGE_AGGREGATE_Y15-24","2022",30.466,,,,"R1:3513"
"EGY","BA:582","EMP_DWAP_SEX_AGE_RT","SEX_M","AGE_AGGREGATE_Y25-54","2022",90.378,,,,"R1:3513"
"EGY","BA:582","EMP_DWAP_SEX_AGE_RT","SEX_M","AGE_AGGREGATE_Y55-64","2022",61.283,,,,"R1:3513"
"EGY","BA:582","EMP_DWAP_SEX_AGE_RT","SEX_M","AGE_AGGREGATE_YGE65","2022",16.236,,,,"R1:3513"
"EGY","BA:582","EMP_DWAP_SEX_AGE_RT","SEX_F","AGE_AGGREGATE_YGE15","2022",12.223,,,,"R1:3513"
"EGY","BA:582","EMP_DWAP_SEX_AGE_RT","SEX_F","AGE_AGGREGATE_Y15-24","2022",3.87,,,,"R1:3513"
"EGY","BA:582","EMP_DWAP_SEX_AGE_RT","SEX_F","AGE_AGGREGATE_Y25-54","2022",16.714,,,,"R1:3513"
"EGY","BA:582","EMP_DWAP_SEX_AGE_RT","SEX_F","AGE_AGGREGATE_Y55-64","2022",12.934,,,,"R1:3513"
"EGY","BA:582","EMP_DWAP_SEX_AGE_RT","SEX_F","AGE_AGGREGATE_YGE65","2022",1.971,,,,"R1:3513"
"EGY","BA:582","EMP_DWAP_SEX_AGE_RT","SEX_T","AGE_10YRBANDS_YGE15","2022",39.691,,,,"R1:3513"
"EGY","BA:582","EMP_DWAP_SEX_AGE_RT","SEX_T","AGE_10YRBANDS_Y15-24","2022",18.324,,,,"R1:3513"
"EGY","BA:582","EMP_DWAP_SEX_AGE_RT","SEX_T","AGE_10YRBANDS_Y25-34","2022",49.638,,,,"R1:3513"
"EGY","BA:582","EMP_DWAP_SEX_AGE_RT","SEX_T","AGE_10YRBANDS_Y35-44","2022",55.719,,,,"R1:3513"
"EGY","BA:582","EMP_DWAP_SEX_AGE_RT","SEX_T","AGE_10YRBANDS_Y45-54","2022",55.71,,,,"R1:3513"
"EGY","BA:582","EMP_DWAP_SEX_AGE_RT","SEX_T","AGE_10YRBANDS_Y55-64","2022",37.615,,,,"R1:3513"
"EGY","BA:582","EMP_DWAP_SEX_AGE_RT","SEX_T","AGE_10YRBANDS_YGE65","2022",9.478,,,,"R1:3513"
"EGY","BA:582","EMP_DWAP_SEX_AGE_RT","SEX_M","AGE_10YRBANDS_YGE15","2022",65.705,,,,"R1:3513"
"EGY","BA:582","EMP_DWAP_SEX_AGE_RT","SEX_M","AGE_10YRBANDS_Y15-24","2022",30.466,,,,"R1:3513"
"EGY","BA:582","EMP_DWAP_SEX_AGE_RT","SEX_M","AGE_10YRBANDS_Y25-34","2022",86.732,,,,"R1:3513"
"EGY","BA:582","EMP_DWAP_SEX_AGE_RT","SEX_M","AGE_10YRBANDS_Y35-44","2022",93.63,,,,"R1:3513"
"EGY","BA:582","EMP_DWAP_SEX_AGE_RT","SEX_M","AGE_10YRBANDS_Y45-54","2022",91.016,,,,"R1:3513"
"EGY","BA:582","EMP_DWAP_SEX_AGE_RT","SEX_M","AGE_10YRBANDS_Y55-64","2022",61.283,,,,"R1:3513"
"EGY","BA:582","EMP_DWAP_SEX_AGE_RT","SEX_M","AGE_10YRBANDS_YGE65","2022",16.236,,,,"R1:3513"
"EGY","BA:582","EMP_DWAP_SEX_AGE_RT","SEX_F","AGE_10YRBANDS_YGE15","2022",12.223,,,,"R1:3513"
"EGY","BA:582","EMP_DWAP_SEX_AGE_RT","SEX_F","AGE_10YRBANDS_Y15-24","2022",3.87,,,,"R1:3513"
"EGY","BA:582","EMP_DWAP_SEX_AGE_RT","SEX_F","AGE_10YRBANDS_Y25-34","2022",13.331,,,,"R1:3513"
"EGY","BA:582","EMP_DWAP_SEX_AGE_RT","SEX_F","AGE_10YRBANDS_Y35-44","2022",18.193,,,,"R1:3513"
"EGY","BA:582","EMP_DWAP_SEX_AGE_RT","SEX_F","AGE_10YRBANDS_Y45-54","2022",19.593,,,,"R1:3513"
"EGY","BA:582","EMP_DWAP_SEX_AGE_RT","SEX_F","AGE_10YRBANDS_Y55-64","2022",12.934,,,,"R1:3513"
"EGY","BA:582","EMP_DWAP_SEX_AGE_RT","SEX_F","AGE_10YRBANDS_YGE65","2022",1.971,,,,"R1:3513"
"EGY","BA:582","EMP_DWAP_SEX_AGE_RT","SEX_T","AGE_5YRBANDS_YGE15","2022",39.691,,,,"R1:3513"
"EGY","BA:582","EMP_DWAP_SEX_AGE_RT","SEX_T","AGE_5YRBANDS_Y15-19","2022",10.258,,,,"R1:3513"
"EGY","BA:582","EMP_DWAP_SEX_AGE_RT","SEX_T","AGE_5YRBANDS_Y20-24","2022",27.536,,,,"R1:3513"
"EGY","BA:582","EMP_DWAP_SEX_AGE_RT","SEX_T","AGE_5YRBANDS_Y25-29","2022",46.753,,,,"R1:3513"
"EGY","BA:582","EMP_DWAP_SEX_AGE_RT","SEX_T","AGE_5YRBANDS_Y30-34","2022",52.468,,,,"R1:3513"
"EGY","BA:582","EMP_DWAP_SEX_AGE_RT","SEX_T","AGE_5YRBANDS_Y35-39","2022",54.718,,,,"R1:3513"
"EGY","BA:582","EMP_DWAP_SEX_AGE_RT","SEX_T","AGE_5YRBANDS_Y40-44","2022",56.91,,,,"R1:3513"
"EGY","BA:582","EMP_DWAP_SEX_AGE_RT","SEX_T","AGE_5YRBANDS_Y45-49","2022",57.107,,,,"R1:3513"
"EGY","BA:582","EMP_DWAP_SEX_AGE_RT","SEX_T","AGE_5YRBANDS_Y50-54","2022",54.124,,,,"R1:3513"
"EGY","BA:582","EMP_DWAP_SEX_AGE_RT","SEX_T","AGE_5YRBANDS_Y55-59","2022",51.885,,,,"R1:3513"
"EGY","BA:582","EMP_DWAP_SEX_AGE_RT","SEX_T","AGE_5YRBANDS_Y60-64","2022",20.907,,,,"R1:3513"
"EGY","BA:582","EMP_DWAP_SEX_AGE_RT","SEX_T","AGE_5YRBANDS_YGE65","2022",9.478,,,,"R1:3513"
"EGY","BA:582","EMP_DWAP_SEX_AGE_RT","SEX_M","AGE_5YRBANDS_YGE15","2022",65.705,,,,"R1:3513"
"EGY","BA:582","EMP_DWAP_SEX_AGE_RT","SEX_M","AGE_5YRBANDS_Y15-19","2022",17.601,,,,"R1:3513"
"EGY","BA:582","EMP_DWAP_SEX_AGE_RT","SEX_M","AGE_5YRBANDS_Y20-24","2022",45.187,,,,"R1:3513"
"EGY","BA:582","EMP_DWAP_SEX_AGE_RT","SEX_M","AGE_5YRBANDS_Y25-29","2022",81.626,,,,"R1:3513"
"EGY","BA:582","EMP_DWAP_SEX_AGE_RT","SEX_M","AGE_5YRBANDS_Y30-34","2022",91.696,,,,"R1:3513"
"EGY","BA:582","EMP_DWAP_SEX_AGE_RT","SEX_M","AGE_5YRBANDS_Y35-39","2022",93.473,,,,"R1:3513"
"EGY","BA:582","EMP_DWAP_SEX_AGE_RT","SEX_M","AGE_5YRBANDS_Y40-44","2022",93.812,,,,"R1:3513"
"EGY","BA:582","EMP_DWAP_SEX_AGE_RT","SEX_M","AGE_5YRBANDS_Y45-49","2022",92.728,,,,"R1:3513"
"EGY","BA:582","EMP_DWAP_SEX_AGE_RT","SEX_M","AGE_5YRBANDS_Y50-54","2022",89.034,,,,"R1:3513"
"EGY","BA:582","EMP_DWAP_SEX_AGE_RT","SEX_M","AGE_5YRBANDS_Y55-59","2022",82.964,,,,"R1:3513"
"EGY","BA:582","EMP_DWAP_SEX_AGE_RT","SEX_M","AGE_5YRBANDS_Y60-64","2022",36.459,,,,"R1:3513"
"EGY","BA:582","EMP_DWAP_SEX_AGE_RT","SEX_M","AGE_5YRBANDS_YGE65","2022",16.236,,,,"R1:3513"
"EGY","BA:582","EMP_DWAP_SEX_AGE_RT","SEX_F","AGE_5YRBANDS_YGE15","2022",12.223,,,,"R1:3513"
"EGY","BA:582","EMP_DWAP_SEX_AGE_RT","SEX_F","AGE_5YRBANDS_Y15-19","2022",1.502,,,,"R1:3513"
"EGY","BA:582","EMP_DWAP_SEX_AGE_RT","SEX_F","AGE_5YRBANDS_Y20-24","2022",6.569,,,,"R1:3513"
"EGY","BA:582","EMP_DWAP_SEX_AGE_RT","SEX_F","AGE_5YRBANDS_Y25-29","2022",12.931,,,,"R1:3513"
"EGY","BA:582","EMP_DWAP_SEX_AGE_RT","SEX_F","AGE_5YRBANDS_Y30-34","2022",13.727,,,,"R1:3513"
"EGY","BA:582","EMP_DWAP_SEX_AGE_RT","SEX_F","AGE_5YRBANDS_Y35-39","2022",17.078,,,,"R1:3513"
"EGY","BA:582","EMP_DWAP_SEX_AGE_RT","SEX_F","AGE_5YRBANDS_Y40-44","2022",19.547,,,,"R1:3513"
"EGY","BA:582","EMP_DWAP_SEX_AGE_RT","SEX_F","AGE_5YRBANDS_Y45-49","2022",19.981,,,,"R1:3513"
"EGY","BA:582","EMP_DWAP_SEX_AGE_RT","SEX_F","AGE_5YRBANDS_Y50-54","2022",19.162,,,,"R1:3513"
"EGY","BA:582","EMP_DWAP_SEX_AGE_RT","SEX_F","AGE_5YRBANDS_Y55-59","2022",20.15,,,,"R1:3513"
"EGY","BA:582","EMP_DWAP_SEX_AGE_RT","SEX_F","AGE_5YRBANDS_Y60-64","2022",4.286,,,,"R1:3513"
"EGY","BA:582","EMP_DWAP_SEX_AGE_RT","SEX_F","AGE_5YRBANDS_YGE65","2022",1.971,,,,"R1:3513"
"EGY","BA:582","EMP_DWAP_SEX_AGE_RT","SEX_T","AGE_YTHADULT_YGE15","2021",39.788,,,,"R1:3513"
"EGY","BA:582","EMP_DWAP_SEX_AGE_RT","SEX_T","AGE_YTHADULT_Y15-64","2021",41.924,,,,"R1:3513"
"EGY","BA:582","EMP_DWAP_SEX_AGE_RT","SEX_T","AGE_YTHADULT_Y15-24","2021",19.863,,,,"R1:3513"
"EGY","BA:582","EMP_DWAP_SEX_AGE_RT","SEX_T","AGE_YTHADULT_YGE25","2021",48.152,,,,"R1:3513"
"EGY","BA:582","EMP_DWAP_SEX_AGE_RT","SEX_M","AGE_YTHADULT_YGE15","2021",65.214,,,,"R1:3513"
"EGY","BA:582","EMP_DWAP_SEX_AGE_RT","SEX_M","AGE_YTHADULT_Y15-64","2021",68.594,,,,"R1:3513"
"EGY","BA:582","EMP_DWAP_SEX_AGE_RT","SEX_M","AGE_YTHADULT_Y15-24","2021",33.434,,,,"R1:3513"
"EGY","BA:582","EMP_DWAP_SEX_AGE_RT","SEX_M","AGE_YTHADULT_YGE25","2021",79.064,,,,"R1:3513"
"EGY","BA:582","EMP_DWAP_SEX_AGE_RT","SEX_F","AGE_YTHADULT_YGE15","2021",12.873,,,,"R1:3513"
"EGY","BA:582","EMP_DWAP_SEX_AGE_RT","SEX_F","AGE_YTHADULT_Y15-64","2021",13.666,,,,"R1:3513"
"EGY","BA:582","EMP_DWAP_SEX_AGE_RT","SEX_F","AGE_YTHADULT_Y15-24","2021",4.684,,,,"R1:3513"
"EGY","BA:582","EMP_DWAP_SEX_AGE_RT","SEX_F","AGE_YTHADULT_YGE25","2021",16.173,,,,"R1:3513"
"EGY","BA:582","EMP_DWAP_SEX_AGE_RT","SEX_T","AGE_AGGREGATE_YGE15","2021",39.788,,,,"R1:3513"
"EGY","BA:582","EMP_DWAP_SEX_AGE_RT","SEX_T","AGE_AGGREGATE_Y15-24","2021",19.863,,,,"R1:3513"
"EGY","BA:582","EMP_DWAP_SEX_AGE_RT","SEX_T","AGE_AGGREGATE_Y25-54","2021",54.815,,,,"R1:3513"
"EGY","BA:582","EMP_DWAP_SEX_AGE_RT","SEX_T","AGE_AGGREGATE_Y55-64","2021",38.829,,,,"R1:3513"
"EGY","BA:582","EMP_DWAP_SEX_AGE_RT","SEX_T","AGE_AGGREGATE_YGE65","2021",9.954,,,,"R1:3513"
"EGY","BA:582","EMP_DWAP_SEX_AGE_RT","SEX_M","AGE_AGGREGATE_YGE15","2021",65.214,,,,"R1:3513"
"EGY","BA:582","EMP_DWAP_SEX_AGE_RT","SEX_M","AGE_AGGREGATE_Y15-24","2021",33.434,,,,"R1:3513"
"EGY","BA:582","EMP_DWAP_SEX_AGE_RT","SEX_M","AGE_AGGREGATE_Y25-54","2021",90.269,,,,"R1:3513"
"EGY","BA:582","EMP_DWAP_SEX_AGE_RT","SEX_M","AGE_AGGREGATE_Y55-64","2021",62.289,,,,"R1:3513"
"EGY","BA:582","EMP_DWAP_SEX_AGE_RT","SEX_M","AGE_AGGREGATE_YGE65","2021",17.698,,,,"R1:3513"
"EGY","BA:582","EMP_DWAP_SEX_AGE_RT","SEX_F","AGE_AGGREGATE_YGE15","2021",12.873,,,,"R1:3513"
"EGY","BA:582","EMP_DWAP_SEX_AGE_RT","SEX_F","AGE_AGGREGATE_Y15-24","2021",4.684,,,,"R1:3513"
"EGY","BA:582","EMP_DWAP_SEX_AGE_RT","SEX_F","AGE_AGGREGATE_Y25-54","2021",18.432,,,,"R1:3513"
"EGY","BA:582","EMP_DWAP_SEX_AGE_RT","SEX_F","AGE_AGGREGATE_Y55-64","2021",13.737,,,,"R1:3513"
"EGY","BA:582","EMP_DWAP_SEX_AGE_RT","SEX_F","AGE_AGGREGATE_YGE65","2021",1.857,,,,"R1:3513"
"EGY","BA:582","EMP_DWAP_SEX_AGE_RT","SEX_T","AGE_10YRBANDS_YGE15","2021",39.788,,,,"R1:3513"
"EGY","BA:582","EMP_DWAP_SEX_AGE_RT","SEX_T","AGE_10YRBANDS_Y15-24","2021",19.863,,,,"R1:3513"
"EGY","BA:582","EMP_DWAP_SEX_AGE_RT","SEX_T","AGE_10YRBANDS_Y25-34","2021",51.514,,,,"R1:3513"
"EGY","BA:582","EMP_DWAP_SEX_AGE_RT","SEX_T","AGE_10YRBANDS_Y35-44","2021",57.11,,,,"R1:3513"
"EGY","BA:582","EMP_DWAP_SEX_AGE_RT","SEX_T","AGE_10YRBANDS_Y45-54","2021",57.05,,,,"R1:3513"
"EGY","BA:582","EMP_DWAP_SEX_AGE_RT","SEX_T","AGE_10YRBANDS_Y55-64","2021",38.829,,,,"R1:3513"
"EGY","BA:582","EMP_DWAP_SEX_AGE_RT","SEX_T","AGE_10YRBANDS_YGE65","2021",9.954,,,,"R1:3513"
"EGY","BA:582","EMP_DWAP_SEX_AGE_RT","SEX_M","AGE_10YRBANDS_YGE15","2021",65.214,,,,"R1:3513"
"EGY","BA:582","EMP_DWAP_SEX_AGE_RT","SEX_M","AGE_10YRBANDS_Y15-24","2021",33.434,,,,"R1:3513"
"EGY","BA:582","EMP_DWAP_SEX_AGE_RT","SEX_M","AGE_10YRBANDS_Y25-34","2021",87.686,,,,"R1:3513"
"EGY","BA:582","EMP_DWAP_SEX_AGE_RT","SEX_M","AGE_10YRBANDS_Y35-44","2021",92.954,,,,"R1:3513"
"EGY","BA:582","EMP_DWAP_SEX_AGE_RT","SEX_M","AGE_10YRBANDS_Y45-54","2021",90.747,,,,"R1:3513"
"EGY","BA:582","EMP_DWAP_SEX_AGE_RT","SEX_M","AGE_10YRBANDS_Y55-64","2021",62.289,,,,"R1:3513"
"EGY","BA:582","EMP_DWAP_SEX_AGE_RT","SEX_M","AGE_10YRBANDS_YGE65","2021",17.698,,,,"R1:3513"
"EGY","BA:582","EMP_DWAP_SEX_AGE_RT","SEX_F","AGE_10YRBANDS_YGE15","2021",12.873,,,,"R1:3513"
"EGY","BA:582","EMP_DWAP_SEX_AGE_RT","SEX_F","AGE_10YRBANDS_Y15-24","2021",4.684,,,,"R1:3513"
"EGY","BA:582","EMP_DWAP_SEX_AGE_RT","SEX_F","AGE_10YRBANDS_Y25-34","2021",14.783,,,,"R1:3513"
"EGY","BA:582","EMP_DWAP_SEX_AGE_RT","SEX_F","AGE_10YRBANDS_Y35-44","2021",20.215,,,,"R1:3513"
"EGY","BA:582","EMP_DWAP_SEX_AGE_RT","SEX_F","AGE_10YRBANDS_Y45-54","2021",22.01,,,,"R1:3513"
"EGY","BA:582","EMP_DWAP_SEX_AGE_RT","SEX_F","AGE_10YRBANDS_Y55-64","2021",13.737,,,,"R1:3513"
"EGY","BA:582","EMP_DWAP_SEX_AGE_RT","SEX_F","AGE_10YRBANDS_YGE65","2021",1.857,,,,"R1:3513"
"EGY","BA:582","EMP_DWAP_SEX_AGE_RT","SEX_T","AGE_5YRBANDS_YGE15","2021",39.788,,,,"R1:3513"
"EGY","BA:582","EMP_DWAP_SEX_AGE_RT","SEX_T","AGE_5YRBANDS_Y15-19","2021",11.791,,,,"R1:3513"
"EGY","BA:582","EMP_DWAP_SEX_AGE_RT","SEX_T","AGE_5YRBANDS_Y20-24","2021",28.828,,,,"R1:3513"
"EGY","BA:582","EMP_DWAP_SEX_AGE_RT","SEX_T","AGE_5YRBANDS_Y25-29","2021",48.744,,,,"R1:3513"
"EGY","BA:582","EMP_DWAP_SEX_AGE_RT","SEX_T","AGE_5YRBANDS_Y30-34","2021",54.599,,,,"R1:3513"
"EGY","BA:582","EMP_DWAP_SEX_AGE_RT","SEX_T","AGE_5YRBANDS_Y35-39","2021",56.066,,,,"R1:3513"
"EGY","BA:582","EMP_DWAP_SEX_AGE_RT","SEX_T","AGE_5YRBANDS_Y40-44","2021",58.332,,,,"R1:3513"
"EGY","BA:582","EMP_DWAP_SEX_AGE_RT","SEX_T","AGE_5YRBANDS_Y45-49","2021",58.125,,,,"R1:3513"
"EGY","BA:582","EMP_DWAP_SEX_AGE_RT","SEX_T","AGE_5YRBANDS_Y50-54","2021",55.884,,,,"R1:3513"
"EGY","BA:582","EMP_DWAP_SEX_AGE_RT","SEX_T","AGE_5YRBANDS_Y55-59","2021",53.296,,,,"R1:3513"
"EGY","BA:582","EMP_DWAP_SEX_AGE_RT","SEX_T","AGE_5YRBANDS_Y60-64","2021",20.782,,,,"R1:3513"
"EGY","BA:582","EMP_DWAP_SEX_AGE_RT","SEX_T","AGE_5YRBANDS_YGE65","2021",9.954,,,,"R1:3513"
"EGY","BA:582","EMP_DWAP_SEX_AGE_RT","SEX_M","AGE_5YRBANDS_YGE15","2021",65.214,,,,"R1:3513"
"EGY","BA:582","EMP_DWAP_SEX_AGE_RT","SEX_M","AGE_5YRBANDS_Y15-19","2021",20.911,,,,"R1:3513"
"EGY","BA:582","EMP_DWAP_SEX_AGE_RT","SEX_M","AGE_5YRBANDS_Y20-24","2021",47.272,,,,"R1:3513"
"EGY","BA:582","EMP_DWAP_SEX_AGE_RT","SEX_M","AGE_5YRBANDS_Y25-29","2021",84.024,,,,"R1:3513"
"EGY","BA:582","EMP_DWAP_SEX_AGE_RT","SEX_M","AGE_5YRBANDS_Y30-34","2021",91.679,,,,"R1:3513"
"EGY","BA:582","EMP_DWAP_SEX_AGE_RT","SEX_M","AGE_5YRBANDS_Y35-39","2021",92.93,,,,"R1:3513"
"EGY","BA:582","EMP_DWAP_SEX_AGE_RT","SEX_M","AGE_5YRBANDS_Y40-44","2021",92.982,,,,"R1:3513"
"EGY","BA:582","EMP_DWAP_SEX_AGE_RT","SEX_M","AGE_5YRBANDS_Y45-49","2021",92.576,,,,"R1:3513"
"EGY","BA:582","EMP_DWAP_SEX_AGE_RT","SEX_M","AGE_5YRBANDS_Y50-54","2021",88.783,,,,"R1:3513"
"EGY","BA:582","EMP_DWAP_SEX_AGE_RT","SEX_M","AGE_5YRBANDS_Y55-59","2021",82.066,,,,"R1:3513"
"EGY","BA:582","EMP_DWAP_SEX_AGE_RT","SEX_M","AGE_5YRBANDS_Y60-64","2021",36.892,,,,"R1:3513"
"EGY","BA:582","EMP_DWAP_SEX_AGE_RT","SEX_M","AGE_5YRBANDS_YGE65","2021",17.698,,,,"R1:3513"
"EGY","BA:582","EMP_DWAP_SEX_AGE_RT","SEX_F","AGE_5YRBANDS_YGE15","2021",12.873,,,,"R1:3513"
"EGY","BA:582","EMP_DWAP_SEX_AGE_RT","SEX_F","AGE_5YRBANDS_Y15-19","2021",1.643,,,,"R1:3513"
"EGY","BA:582","EMP_DWAP_SEX_AGE_RT","SEX_F","AGE_5YRBANDS_Y20-24","2021",8.08,,,,"R1:3513"
"EGY","BA:582","EMP_DWAP_SEX_AGE_RT","SEX_F","AGE_5YRBANDS_Y25-29","2021",13.656,,,,"R1:3513"
"EGY","BA:582","EMP_DWAP_SEX_AGE_RT","SEX_F","AGE_5YRBANDS_Y30-34","2021",16.068,,,,"R1:3513"
"EGY","BA:582","EMP_DWAP_SEX_AGE_RT","SEX_F","AGE_5YRBANDS_Y35-39","2021",19.238,,,,"R1:3513"
"EGY","BA:582","EMP_DWAP_SEX_AGE_RT","SEX_F","AGE_5YRBANDS_Y40-44","2021",21.397,,,,"R1:3513"
"EGY","BA:582","EMP_DWAP_SEX_AGE_RT","SEX_F","AGE_5YRBANDS_Y45-49","2021",22.646,,,,"R1:3513"
"EGY","BA:582","EMP_DWAP_SEX_AGE_RT","SEX_F","AGE_5YRBANDS_Y50-54","2021",21.314,,,,"R1:3513"
"EGY","BA:582","EMP_DWAP_SEX_AGE_RT","SEX_F","AGE_5YRBANDS_Y55-59","2021",21.692,,,,"R1:3513"
"EGY","BA:582","EMP_DWAP_SEX_AGE_RT","SEX_F","AGE_5YRBANDS_Y60-64","2021",4.116,,,,"R1:3513"
"EGY","BA:582","EMP_DWAP_SEX_AGE_RT","SEX_F","AGE_5YRBANDS_YGE65","2021",1.857,,,,"R1:3513"
"EGY","BA:582","EMP_DWAP_SEX_AGE_RT","SEX_T","AGE_YTHADULT_YGE15","2020",38.297,,,,"R1:3513"
"EGY","BA:582","EMP_DWAP_SEX_AGE_RT","SEX_T","AGE_YTHADULT_Y15-64","2020",39.907,,,,"R1:3513"
"EGY","BA:582","EMP_DWAP_SEX_AGE_RT","SEX_T","AGE_YTHADULT_Y15-24","2020",18.801,,,,"R1:3513"
"EGY","BA:582","EMP_DWAP_SEX_AGE_RT","SEX_T","AGE_YTHADULT_YGE25","2020",47.915,,,,"R1:3513"
"EGY","BA:582","EMP_DWAP_SEX_AGE_RT","SEX_M","AGE_YTHADULT_YGE15","2020",63.454,,,,"R1:3513"
"EGY","BA:582","EMP_DWAP_SEX_AGE_RT","SEX_M","AGE_YTHADULT_Y15-64","2020",66.126,,,,"R1:3513"
"EGY","BA:582","EMP_DWAP_SEX_AGE_RT","SEX_M","AGE_YTHADULT_Y15-24","2020",32.577,,,,"R1:3513"
"EGY","BA:582","EMP_DWAP_SEX_AGE_RT","SEX_M","AGE_YTHADULT_YGE25","2020",78.787,,,,"R1:3513"
"EGY","BA:582","EMP_DWAP_SEX_AGE_RT","SEX_F","AGE_YTHADULT_YGE15","2020",11.837,,,,"R1:3513"
"EGY","BA:582","EMP_DWAP_SEX_AGE_RT","SEX_F","AGE_YTHADULT_Y15-64","2020",12.398,,,,"R1:3513"
"EGY","BA:582","EMP_DWAP_SEX_AGE_RT","SEX_F","AGE_YTHADULT_Y15-24","2020",4.18,,,,"R1:3513"
"EGY","BA:582","EMP_DWAP_SEX_AGE_RT","SEX_F","AGE_YTHADULT_YGE25","2020",15.589,,,,"R1:3513"
"EGY","BA:582","EMP_DWAP_SEX_AGE_RT","SEX_T","AGE_AGGREGATE_YGE15","2020",38.297,,,,"R1:3513"
"EGY","BA:582","EMP_DWAP_SEX_AGE_RT","SEX_T","AGE_AGGREGATE_Y15-24","2020",18.801,,,,"R1:3513"
"EGY","BA:582","EMP_DWAP_SEX_AGE_RT","SEX_T","AGE_AGGREGATE_Y25-54","2020",53.74,,,,"R1:3513"
"EGY","BA:582","EMP_DWAP_SEX_AGE_RT","SEX_T","AGE_AGGREGATE_Y55-64","2020",38.022,,,,"R1:3513"
"EGY","BA:582","EMP_DWAP_SEX_AGE_RT","SEX_T","AGE_AGGREGATE_YGE65","2020",10.378,,,,"R1:3513"
"EGY","BA:582","EMP_DWAP_SEX_AGE_RT","SEX_M","AGE_AGGREGATE_YGE15","2020",63.454,,,,"R1:3513"
"EGY","BA:582","EMP_DWAP_SEX_AGE_RT","SEX_M","AGE_AGGREGATE_Y15-24","2020",32.577,,,,"R1:3513"
"EGY","BA:582","EMP_DWAP_SEX_AGE_RT","SEX_M","AGE_AGGREGATE_Y25-54","2020",88.84,,,,"R1:3513"
"EGY","BA:582","EMP_DWAP_SEX_AGE_RT","SEX_M","AGE_AGGREGATE_Y55-64","2020",60.732,,,,"R1:3513"
"EGY","BA:582","EMP_DWAP_SEX_AGE_RT","SEX_M","AGE_AGGREGATE_YGE65","2020",18.116,,,,"R1:3513"
"EGY","BA:582","EMP_DWAP_SEX_AGE_RT","SEX_F","AGE_AGGREGATE_YGE15","2020",11.837,,,,"R1:3513"
"EGY","BA:582","EMP_DWAP_SEX_AGE_RT","SEX_F","AGE_AGGREGATE_Y15-24","2020",4.18,,,,"R1:3513"
"EGY","BA:582","EMP_DWAP_SEX_AGE_RT","SEX_F","AGE_AGGREGATE_Y25-54","2020",17.368,,,,"R1:3513"
"EGY","BA:582","EMP_DWAP_SEX_AGE_RT","SEX_F","AGE_AGGREGATE_Y55-64","2020",13.55,,,,"R1:3513"
"EGY","BA:582","EMP_DWAP_SEX_AGE_RT","SEX_F","AGE_AGGREGATE_YGE65","2020",1.88,,,,"R1:3513"
"EGY","BA:582","EMP_DWAP_SEX_AGE_RT","SEX_T","AGE_10YRBANDS_YGE15","2020",38.297,,,,"R1:3513"
"EGY","BA:582","EMP_DWAP_SEX_AGE_RT","SEX_T","AGE_10YRBANDS_Y15-24","2020",18.801,,,,"R1:3513"
"EGY","BA:582","EMP_DWAP_SEX_AGE_RT","SEX_T","AGE_10YRBANDS_Y25-34","2020",50.23,,,,"R1:3513"
"EGY","BA:582","EMP_DWAP_SEX_AGE_RT","SEX_T","AGE_10YRBANDS_Y35-44","2020",56.619,,,,"R1:3513"
"EGY","BA:582","EMP_DWAP_SEX_AGE_RT","SEX_T","AGE_10YRBANDS_Y45-54","2020",56.145,,,,"R1:3513"
"EGY","BA:582","EMP_DWAP_SEX_AGE_RT","SEX_T","AGE_10YRBANDS_Y55-64","2020",38.022,,,,"R1:3513"
"EGY","BA:582","EMP_DWAP_SEX_AGE_RT","SEX_T","AGE_10YRBANDS_YGE65","2020",10.378,,,,"R1:3513"
"EGY","BA:582","EMP_DWAP_SEX_AGE_RT","SEX_M","AGE_10YRBANDS_YGE15","2020",63.454,,,,"R1:3513"
"EGY","BA:582","EMP_DWAP_SEX_AGE_RT","SEX_M","AGE_10YRBANDS_Y15-24","2020",32.577,,,,"R1:3513"
"EGY","BA:582","EMP_DWAP_SEX_AGE_RT","SEX_M","AGE_10YRBANDS_Y25-34","2020",85.86,,,,"R1:3513"
"EGY","BA:582","EMP_DWAP_SEX_AGE_RT","SEX_M","AGE_10YRBANDS_Y35-44","2020",92.355,,,,"R1:3513"
"EGY","BA:582","EMP_DWAP_SEX_AGE_RT","SEX_M","AGE_10YRBANDS_Y45-54","2020",89.376,,,,"R1:3513"
"EGY","BA:582","EMP_DWAP_SEX_AGE_RT","SEX_M","AGE_10YRBANDS_Y55-64","2020",60.732,,,,"R1:3513"
"EGY","BA:582","EMP_DWAP_SEX_AGE_RT","SEX_M","AGE_10YRBANDS_YGE65","2020",18.116,,,,"R1:3513"
"EGY","BA:582","EMP_DWAP_SEX_AGE_RT","SEX_F","AGE_10YRBANDS_YGE15","2020",11.837,,,,"R1:3513"
"EGY","BA:582","EMP_DWAP_SEX_AGE_RT","SEX_F","AGE_10YRBANDS_Y15-24","2020",4.18,,,,"R1:3513"
"EGY","BA:582","EMP_DWAP_SEX_AGE_RT","SEX_F","AGE_10YRBANDS_Y25-34","2020",13.931,,,,"R1:3513"
"EGY","BA:582","EMP_DWAP_SEX_AGE_RT","SEX_F","AGE_10YRBANDS_Y35-44","2020",19.697,,,,"R1:3513"
"EGY","BA:582","EMP_DWAP_SEX_AGE_RT","SEX_F","AGE_10YRBANDS_Y45-54","2020",20.498,,,,"R1:3513"
"EGY","BA:582","EMP_DWAP_SEX_AGE_RT","SEX_F","AGE_10YRBANDS_Y55-64","2020",13.55,,,,"R1:3513"
"EGY","BA:582","EMP_DWAP_SEX_AGE_RT","SEX_F","AGE_10YRBANDS_YGE65","2020",1.88,,,,"R1:3513"
"EGY","BA:582","EMP_DWAP_SEX_AGE_RT","SEX_T","AGE_5YRBANDS_YGE15","2020",38.297,,,,"R1:3513"
"EGY","BA:582","EMP_DWAP_SEX_AGE_RT","SEX_T","AGE_5YRBANDS_Y15-19","2020",11.129,,,,"R1:3513"
"EGY","BA:582","EMP_DWAP_SEX_AGE_RT","SEX_T","AGE_5YRBANDS_Y20-24","2020",27.135,,,,"R1:3513"
"EGY","BA:582","EMP_DWAP_SEX_AGE_RT","SEX_T","AGE_5YRBANDS_Y25-29","2020",47.679,,,,"R1:3513"
"EGY","BA:582","EMP_DWAP_SEX_AGE_RT","SEX_T","AGE_5YRBANDS_Y30-34","2020",53.676,,,,"R1:3513"
"EGY","BA:582","EMP_DWAP_SEX_AGE_RT","SEX_T","AGE_5YRBANDS_Y35-39","2020",55.904,,,,"R1:3513"
"EGY","BA:582","EMP_DWAP_SEX_AGE_RT","SEX_T","AGE_5YRBANDS_Y40-44","2020",57.454,,,,"R1:3513"
"EGY","BA:582","EMP_DWAP_SEX_AGE_RT","SEX_T","AGE_5YRBANDS_Y45-49","2020",57.425,,,,"R1:3513"
"EGY","BA:582","EMP_DWAP_SEX_AGE_RT","SEX_T","AGE_5YRBANDS_Y50-54","2020",54.81,,,,"R1:3513"
"EGY","BA:582","EMP_DWAP_SEX_AGE_RT","SEX_T","AGE_5YRBANDS_Y55-59","2020",52.102,,,,"R1:3513"
"EGY","BA:582","EMP_DWAP_SEX_AGE_RT","SEX_T","AGE_5YRBANDS_Y60-64","2020",20.794,,,,"R1:3513"
"EGY","BA:582","EMP_DWAP_SEX_AGE_RT","SEX_T","AGE_5YRBANDS_YGE65","2020",10.378,,,,"R1:3513"
"EGY","BA:582","EMP_DWAP_SEX_AGE_RT","SEX_M","AGE_5YRBANDS_YGE15","2020",63.454,,,,"R1:3513"
"EGY","BA:582","EMP_DWAP_SEX_AGE_RT","SEX_M","AGE_5YRBANDS_Y15-19","2020",20.096,,,,"R1:3513"
"EGY","BA:582","EMP_DWAP_SEX_AGE_RT","SEX_M","AGE_5YRBANDS_Y20-24","2020",46.121,,,,"R1:3513"
"EGY","BA:582","EMP_DWAP_SEX_AGE_RT","SEX_M","AGE_5YRBANDS_Y25-29","2020",82.767,,,,"R1:3513"
"EGY","BA:582","EMP_DWAP_SEX_AGE_RT","SEX_M","AGE_5YRBANDS_Y30-34","2020",89.894,,,,"R1:3513"
"EGY","BA:582","EMP_DWAP_SEX_AGE_RT","SEX_M","AGE_5YRBANDS_Y35-39","2020",92.323,,,,"R1:3513"
"EGY","BA:582","EMP_DWAP_SEX_AGE_RT","SEX_M","AGE_5YRBANDS_Y40-44","2020",92.391,,,,"R1:3513"
"EGY","BA:582","EMP_DWAP_SEX_AGE_RT","SEX_M","AGE_5YRBANDS_Y45-49","2020",90.873,,,,"R1:3513"
"EGY","BA:582","EMP_DWAP_SEX_AGE_RT","SEX_M","AGE_5YRBANDS_Y50-54","2020",87.784,,,,"R1:3513"
"EGY","BA:582","EMP_DWAP_SEX_AGE_RT","SEX_M","AGE_5YRBANDS_Y55-59","2020",81.146,,,,"R1:3513"
"EGY","BA:582","EMP_DWAP_SEX_AGE_RT","SEX_M","AGE_5YRBANDS_Y60-64","2020",35.749,,,,"R1:3513"
"EGY","BA:582","EMP_DWAP_SEX_AGE_RT","SEX_M","AGE_5YRBANDS_YGE65","2020",18.116,,,,"R1:3513"
"EGY","BA:582","EMP_DWAP_SEX_AGE_RT","SEX_F","AGE_5YRBANDS_YGE15","2020",11.837,,,,"R1:3513"
"EGY","BA:582","EMP_DWAP_SEX_AGE_RT","SEX_F","AGE_5YRBANDS_Y15-19","2020",1.619,,,,"R1:3513"
"EGY","BA:582","EMP_DWAP_SEX_AGE_RT","SEX_F","AGE_5YRBANDS_Y20-24","2020",6.964,,,,"R1:3513"
"EGY","BA:582","EMP_DWAP_SEX_AGE_RT","SEX_F","AGE_5YRBANDS_Y25-29","2020",12.981,,,,"R1:3513"
"EGY","BA:582","EMP_DWAP_SEX_AGE_RT","SEX_F","AGE_5YRBANDS_Y30-34","2020",15.261,,,,"R1:3513"
"EGY","BA:582","EMP_DWAP_SEX_AGE_RT","SEX_F","AGE_5YRBANDS_Y35-39","2020",18.695,,,,"R1:3513"
"EGY","BA:582","EMP_DWAP_SEX_AGE_RT","SEX_F","AGE_5YRBANDS_Y40-44","2020",20.883,,,,"R1:3513"
"EGY","BA:582","EMP_DWAP_SEX_AGE_RT","SEX_F","AGE_5YRBANDS_Y45-49","2020",20.871,,,,"R1:3513"
"EGY","BA:582","EMP_DWAP_SEX_AGE_RT","SEX_F","AGE_5YRBANDS_Y50-54","2020",20.117,,,,"R1:3513"
"EGY","BA:582","EMP_DWAP_SEX_AGE_RT","SEX_F","AGE_5YRBANDS_Y55-59","2020",20.8,,,,"R1:3513"
"EGY","BA:582","EMP_DWAP_SEX_AGE_RT","SEX_F","AGE_5YRBANDS_Y60-64","2020",4.681,,,,"R1:3513"
"EGY","BA:582","EMP_DWAP_SEX_AGE_RT","SEX_F","AGE_5YRBANDS_YGE65","2020",1.88,,,,"R1:3513"
"EGY","BA:582","EMP_DWAP_SEX_AGE_RT","SEX_T","AGE_YTHADULT_YGE15","2019",38.885,,,,"R1:3513"
"EGY","BA:582","EMP_DWAP_SEX_AGE_RT","SEX_T","AGE_YTHADULT_Y15-64","2019",40.496,,,,"R1:3513"
"EGY","BA:582","EMP_DWAP_SEX_AGE_RT","SEX_T","AGE_YTHADULT_Y15-24","2019",18.41,,,,"R1:3513"
"EGY","BA:582","EMP_DWAP_SEX_AGE_RT","SEX_T","AGE_YTHADULT_YGE25","2019",49.031,,,,"R1:3513"
"EGY","BA:582","EMP_DWAP_SEX_AGE_RT","SEX_M","AGE_YTHADULT_YGE15","2019",64.061,,,,"R1:3513"
"EGY","BA:582","EMP_DWAP_SEX_AGE_RT","SEX_M","AGE_YTHADULT_Y15-64","2019",66.735,,,,"R1:3513"
"EGY","BA:582","EMP_DWAP_SEX_AGE_RT","SEX_M","AGE_YTHADULT_Y15-24","2019",31.313,,,,"R1:3513"
"EGY","BA:582","EMP_DWAP_SEX_AGE_RT","SEX_M","AGE_YTHADULT_YGE25","2019",80.466,,,,"R1:3513"
"EGY","BA:582","EMP_DWAP_SEX_AGE_RT","SEX_F","AGE_YTHADULT_YGE15","2019",12.227,,,,"R1:3513"
"EGY","BA:582","EMP_DWAP_SEX_AGE_RT","SEX_F","AGE_YTHADULT_Y15-64","2019",12.786,,,,"R1:3513"
"EGY","BA:582","EMP_DWAP_SEX_AGE_RT","SEX_F","AGE_YTHADULT_Y15-24","2019",4.54,,,,"R1:3513"
"EGY","BA:582","EMP_DWAP_SEX_AGE_RT","SEX_F","AGE_YTHADULT_YGE25","2019",15.992,,,,"R1:3513"
"EGY","BA:582","EMP_DWAP_SEX_AGE_RT","SEX_T","AGE_AGGREGATE_YGE15","2019",38.885,,,,"R1:3513"
"EGY","BA:582","EMP_DWAP_SEX_AGE_RT","SEX_T","AGE_AGGREGATE_Y15-24","2019",18.41,,,,"R1:3513"
"EGY","BA:582","EMP_DWAP_SEX_AGE_RT","SEX_T","AGE_AGGREGATE_Y25-54","2019",54.633,,,,"R1:3513"
"EGY","BA:582","EMP_DWAP_SEX_AGE_RT","SEX_T","AGE_AGGREGATE_Y55-64","2019",40.993,,,,"R1:3513"
"EGY","BA:582","EMP_DWAP_SEX_AGE_RT","SEX_T","AGE_AGGREGATE_YGE65","2019",11.026,,,,"R1:3513"
"EGY","BA:582","EMP_DWAP_SEX_AGE_RT","SEX_M","AGE_AGGREGATE_YGE15","2019",64.061,,,,"R1:3513"
"EGY","BA:582","EMP_DWAP_SEX_AGE_RT","SEX_M","AGE_AGGREGATE_Y15-24","2019",31.313,,,,"R1:3513"
"EGY","BA:582","EMP_DWAP_SEX_AGE_RT","SEX_M","AGE_AGGREGATE_Y25-54","2019",90.524,,,,"R1:3513"
"EGY","BA:582","EMP_DWAP_SEX_AGE_RT","SEX_M","AGE_AGGREGATE_Y55-64","2019",64.36,,,,"R1:3513"
"EGY","BA:582","EMP_DWAP_SEX_AGE_RT","SEX_M","AGE_AGGREGATE_YGE65","2019",18.876,,,,"R1:3513"
"EGY","BA:582","EMP_DWAP_SEX_AGE_RT","SEX_F","AGE_AGGREGATE_YGE15","2019",12.227,,,,"R1:3513"
"EGY","BA:582","EMP_DWAP_SEX_AGE_RT","SEX_F","AGE_AGGREGATE_Y15-24","2019",4.54,,,,"R1:3513"
"EGY","BA:582","EMP_DWAP_SEX_AGE_RT","SEX_F","AGE_AGGREGATE_Y25-54","2019",17.657,,,,"R1:3513"
"EGY","BA:582","EMP_DWAP_SEX_AGE_RT","SEX_F","AGE_AGGREGATE_Y55-64","2019",14.556,,,,"R1:3513"
"EGY","BA:582","EMP_DWAP_SEX_AGE_RT","SEX_F","AGE_AGGREGATE_YGE65","2019",2.323,,,,"R1:3513"
"EGY","BA:582","EMP_DWAP_SEX_AGE_RT","SEX_T","AGE_10YRBANDS_YGE15","2019",38.885,,,,"R1:3513"
"EGY","BA:582","EMP_DWAP_SEX_AGE_RT","SEX_T","AGE_10YRBANDS_Y15-24","2019",18.41,,,,"R1:3513"
"EGY","BA:582","EMP_DWAP_SEX_AGE_RT","SEX_T","AGE_10YRBANDS_Y25-34","2019",51.265,,,,"R1:3513"
"EGY","BA:582","EMP_DWAP_SEX_AGE_RT","SEX_T","AGE_10YRBANDS_Y35-44","2019",56.676,,,,"R1:3513"
"EGY","BA:582","EMP_DWAP_SEX_AGE_RT","SEX_T","AGE_10YRBANDS_Y45-54","2019",57.923,,,,"R1:3513"
"EGY","BA:582","EMP_DWAP_SEX_AGE_RT","SEX_T","AGE_10YRBANDS_Y55-64","2019",40.993,,,,"R1:3513"
"EGY","BA:582","EMP_DWAP_SEX_AGE_RT","SEX_T","AGE_10YRBANDS_YGE65","2019",11.026,,,,"R1:3513"
"EGY","BA:582","EMP_DWAP_SEX_AGE_RT","SEX_M","AGE_10YRBANDS_YGE15","2019",64.061,,,,"R1:3513"
"EGY","BA:582","EMP_DWAP_SEX_AGE_RT","SEX_M","AGE_10YRBANDS_Y15-24","2019",31.313,,,,"R1:3513"
"EGY","BA:582","EMP_DWAP_SEX_AGE_RT","SEX_M","AGE_10YRBANDS_Y25-34","2019",87.04,,,,"R1:3513"
"EGY","BA:582","EMP_DWAP_SEX_AGE_RT","SEX_M","AGE_10YRBANDS_Y35-44","2019",94.464,,,,"R1:3513"
"EGY","BA:582","EMP_DWAP_SEX_AGE_RT","SEX_M","AGE_10YRBANDS_Y45-54","2019",91.687,,,,"R1:3513"
"EGY","BA:582","EMP_DWAP_SEX_AGE_RT","SEX_M","AGE_10YRBANDS_Y55-64","2019",64.36,,,,"R1:3513"
"EGY","BA:582","EMP_DWAP_SEX_AGE_RT","SEX_M","AGE_10YRBANDS_YGE65","2019",18.876,,,,"R1:3513"
"EGY","BA:582","EMP_DWAP_SEX_AGE_RT","SEX_F","AGE_10YRBANDS_YGE15","2019",12.227,,,,"R1:3513"
"EGY","BA:582","EMP_DWAP_SEX_AGE_RT","SEX_F","AGE_10YRBANDS_Y15-24","2019",4.54,,,,"R1:3513"
"EGY","BA:582","EMP_DWAP_SEX_AGE_RT","SEX_F","AGE_10YRBANDS_Y25-34","2019",14.554,,,,"R1:3513"
"EGY","BA:582","EMP_DWAP_SEX_AGE_RT","SEX_F","AGE_10YRBANDS_Y35-44","2019",19.27,,,,"R1:3513"
"EGY","BA:582","EMP_DWAP_SEX_AGE_RT","SEX_F","AGE_10YRBANDS_Y45-54","2019",21.098,,,,"R1:3513"
"EGY","BA:582","EMP_DWAP_SEX_AGE_RT","SEX_F","AGE_10YRBANDS_Y55-64","2019",14.556,,,,"R1:3513"
"EGY","BA:582","EMP_DWAP_SEX_AGE_RT","SEX_F","AGE_10YRBANDS_YGE65","2019",2.323,,,,"R1:3513"
"EGY","BA:582","EMP_DWAP_SEX_AGE_RT","SEX_T","AGE_5YRBANDS_YGE15","2019",38.885,,,,"R1:3513"
"EGY","BA:582","EMP_DWAP_SEX_AGE_RT","SEX_T","AGE_5YRBANDS_Y15-19","2019",10.794,,,,"R1:3513"
"EGY","BA:582","EMP_DWAP_SEX_AGE_RT","SEX_T","AGE_5YRBANDS_Y20-24","2019",26.682,,,,"R1:3513"
"EGY","BA:582","EMP_DWAP_SEX_AGE_RT","SEX_T","AGE_5YRBANDS_Y25-29","2019",48.443,,,,"R1:3513"
"EGY","BA:582","EMP_DWAP_SEX_AGE_RT","SEX_T","AGE_5YRBANDS_Y30-34","2019",55.089,,,,"R1:3513"
"EGY","BA:582","EMP_DWAP_SEX_AGE_RT","SEX_T","AGE_5YRBANDS_Y35-39","2019",56.068,,,,"R1:3513"
"EGY","BA:582","EMP_DWAP_SEX_AGE_RT","SEX_T","AGE_5YRBANDS_Y40-44","2019",57.368,,,,"R1:3513"
"EGY","BA:582","EMP_DWAP_SEX_AGE_RT","SEX_T","AGE_5YRBANDS_Y45-49","2019",59.131,,,,"R1:3513"
"EGY","BA:582","EMP_DWAP_SEX_AGE_RT","SEX_T","AGE_5YRBANDS_Y50-54","2019",56.639,,,,"R1:3513"
"EGY","BA:582","EMP_DWAP_SEX_AGE_RT","SEX_T","AGE_5YRBANDS_Y55-59","2019",55.548,,,,"R1:3513"
"EGY","BA:582","EMP_DWAP_SEX_AGE_RT","SEX_T","AGE_5YRBANDS_Y60-64","2019",23.148,,,,"R1:3513"
"EGY","BA:582","EMP_DWAP_SEX_AGE_RT","SEX_T","AGE_5YRBANDS_YGE65","2019",11.026,,,,"R1:3513"
"EGY","BA:582","EMP_DWAP_SEX_AGE_RT","SEX_M","AGE_5YRBANDS_YGE15","2019",64.061,,,,"R1:3513"
"EGY","BA:582","EMP_DWAP_SEX_AGE_RT","SEX_M","AGE_5YRBANDS_Y15-19","2019",18.984,,,,"R1:3513"
"EGY","BA:582","EMP_DWAP_SEX_AGE_RT","SEX_M","AGE_5YRBANDS_Y20-24","2019",44.676,,,,"R1:3513"
"EGY","BA:582","EMP_DWAP_SEX_AGE_RT","SEX_M","AGE_5YRBANDS_Y25-29","2019",83.114,,,,"R1:3513"
"EGY","BA:582","EMP_DWAP_SEX_AGE_RT","SEX_M","AGE_5YRBANDS_Y30-34","2019",92.203,,,,"R1:3513"
"EGY","BA:582","EMP_DWAP_SEX_AGE_RT","SEX_M","AGE_5YRBANDS_Y35-39","2019",94.188,,,,"R1:3513"
"EGY","BA:582","EMP_DWAP_SEX_AGE_RT","SEX_M","AGE_5YRBANDS_Y40-44","2019",94.773,,,,"R1:3513"
"EGY","BA:582","EMP_DWAP_SEX_AGE_RT","SEX_M","AGE_5YRBANDS_Y45-49","2019",93.509,,,,"R1:3513"
"EGY","BA:582","EMP_DWAP_SEX_AGE_RT","SEX_M","AGE_5YRBANDS_Y50-54","2019",89.751,,,,"R1:3513"
"EGY","BA:582","EMP_DWAP_SEX_AGE_RT","SEX_M","AGE_5YRBANDS_Y55-59","2019",84.815,,,,"R1:3513"
"EGY","BA:582","EMP_DWAP_SEX_AGE_RT","SEX_M","AGE_5YRBANDS_Y60-64","2019",39.14,,,,"R1:3513"
"EGY","BA:582","EMP_DWAP_SEX_AGE_RT","SEX_M","AGE_5YRBANDS_YGE65","2019",18.876,,,,"R1:3513"
"EGY","BA:582","EMP_DWAP_SEX_AGE_RT","SEX_F","AGE_5YRBANDS_YGE15","2019",12.227,,,,"R1:3513"
"EGY","BA:582","EMP_DWAP_SEX_AGE_RT","SEX_F","AGE_5YRBANDS_Y15-19","2019",2.007,,,,"R1:3513"
"EGY","BA:582","EMP_DWAP_SEX_AGE_RT","SEX_F","AGE_5YRBANDS_Y20-24","2019",7.296,,,,"R1:3513"
"EGY","BA:582","EMP_DWAP_SEX_AGE_RT","SEX_F","AGE_5YRBANDS_Y25-29","2019",13.775,,,,"R1:3513"
"EGY","BA:582","EMP_DWAP_SEX_AGE_RT","SEX_F","AGE_5YRBANDS_Y30-34","2019",15.643,,,,"R1:3513"
"EGY","BA:582","EMP_DWAP_SEX_AGE_RT","SEX_F","AGE_5YRBANDS_Y35-39","2019",18.872,,,,"R1:3513"
"EGY","BA:582","EMP_DWAP_SEX_AGE_RT","SEX_F","AGE_5YRBANDS_Y40-44","2019",19.73,,,,"R1:3513"
"EGY","BA:582","EMP_DWAP_SEX_AGE_RT","SEX_F","AGE_5YRBANDS_Y45-49","2019",21.662,,,,"R1:3513"
"EGY","BA:582","EMP_DWAP_SEX_AGE_RT","SEX_F","AGE_5YRBANDS_Y50-54","2019",20.498,,,,"R1:3513"
"EGY","BA:582","EMP_DWAP_SEX_AGE_RT","SEX_F","AGE_5YRBANDS_Y55-59","2019",22.256,,,,"R1:3513"
"EGY","BA:582","EMP_DWAP_SEX_AGE_RT","SEX_F","AGE_5YRBANDS_Y60-64","2019",5.176,,,,"R1:3513"
"EGY","BA:582","EMP_DWAP_SEX_AGE_RT","SEX_F","AGE_5YRBANDS_YGE65","2019",2.323,,,,"R1:3513"
"EGY","BA:582","EMP_DWAP_SEX_AGE_RT","SEX_T","AGE_YTHADULT_YGE15","2018",39.031,,,,"R1:3513"
"EGY","BA:582","EMP_DWAP_SEX_AGE_RT","SEX_T","AGE_YTHADULT_Y15-64","2018",40.715,,,,"R1:3513"
"EGY","BA:582","EMP_DWAP_SEX_AGE_RT","SEX_T","AGE_YTHADULT_Y15-24","2018",18.39,,,,"R1:3513"
"EGY","BA:582","EMP_DWAP_SEX_AGE_RT","SEX_T","AGE_YTHADULT_YGE25","2018",48.604,,,,"R1:3513"
"EGY","BA:582","EMP_DWAP_SEX_AGE_RT","SEX_M","AGE_YTHADULT_YGE15","2018",63.042,,,,"R1:3513"
"EGY","BA:582","EMP_DWAP_SEX_AGE_RT","SEX_M","AGE_YTHADULT_Y15-64","2018",65.742,,,,"R1:3513"
"EGY","BA:582","EMP_DWAP_SEX_AGE_RT","SEX_M","AGE_YTHADULT_Y15-24","2018",29.946,,,,"R1:3513"
"EGY","BA:582","EMP_DWAP_SEX_AGE_RT","SEX_M","AGE_YTHADULT_YGE25","2018",79.363,,,,"R1:3513"
"EGY","BA:582","EMP_DWAP_SEX_AGE_RT","SEX_F","AGE_YTHADULT_YGE15","2018",14.382,,,,"R1:3513"
"EGY","BA:582","EMP_DWAP_SEX_AGE_RT","SEX_F","AGE_YTHADULT_Y15-64","2018",15.091,,,,"R1:3513"
"EGY","BA:582","EMP_DWAP_SEX_AGE_RT","SEX_F","AGE_YTHADULT_Y15-24","2018",5.46,,,,"R1:3513"
"EGY","BA:582","EMP_DWAP_SEX_AGE_RT","SEX_F","AGE_YTHADULT_YGE25","2018",18.261,,,,"R1:3513"
"EGY","BA:582","EMP_DWAP_SEX_AGE_RT","SEX_T","AGE_AGGREGATE_YGE15","2018",39.031,,,,"R1:3513"
"EGY","BA:582","EMP_DWAP_SEX_AGE_RT","SEX_T","AGE_AGGREGATE_Y15-24","2018",18.39,,,,"R1:3513"
"EGY","BA:582","EMP_DWAP_SEX_AGE_RT","SEX_T","AGE_AGGREGATE_Y25-54","2018",54.061,,,,"R1:3513"
"EGY","BA:582","EMP_DWAP_SEX_AGE_RT","SEX_T","AGE_AGGREGATE_Y55-64","2018",42.041,,,,"R1:3513"
"EGY","BA:582","EMP_DWAP_SEX_AGE_RT","SEX_T","AGE_AGGREGATE_YGE65","2018",11.466,,,,"R1:3513"
"EGY","BA:582","EMP_DWAP_SEX_AGE_RT","SEX_M","AGE_AGGREGATE_YGE15","2018",63.042,,,,"R1:3513"
"EGY","BA:582","EMP_DWAP_SEX_AGE_RT","SEX_M","AGE_AGGREGATE_Y15-24","2018",29.946,,,,"R1:3513"
"EGY","BA:582","EMP_DWAP_SEX_AGE_RT","SEX_M","AGE_AGGREGATE_Y25-54","2018",89.327,,,,"R1:3513"
"EGY","BA:582","EMP_DWAP_SEX_AGE_RT","SEX_M","AGE_AGGREGATE_Y55-64","2018",65.649,,,,"R1:3513"
"EGY","BA:582","EMP_DWAP_SEX_AGE_RT","SEX_M","AGE_AGGREGATE_YGE65","2018",19.825,,,,"R1:3513"
"EGY","BA:582","EMP_DWAP_SEX_AGE_RT","SEX_F","AGE_AGGREGATE_YGE15","2018",14.382,,,,"R1:3513"
"EGY","BA:582","EMP_DWAP_SEX_AGE_RT","SEX_F","AGE_AGGREGATE_Y15-24","2018",5.46,,,,"R1:3513"
"EGY","BA:582","EMP_DWAP_SEX_AGE_RT","SEX_F","AGE_AGGREGATE_Y25-54","2018",20.268,,,,"R1:3513"
"EGY","BA:582","EMP_DWAP_SEX_AGE_RT","SEX_F","AGE_AGGREGATE_Y55-64","2018",16.404,,,,"R1:3513"
"EGY","BA:582","EMP_DWAP_SEX_AGE_RT","SEX_F","AGE_AGGREGATE_YGE65","2018",2.493,,,,"R1:3513"
"EGY","BA:582","EMP_DWAP_SEX_AGE_RT","SEX_T","AGE_10YRBANDS_YGE15","2018",39.031,,,,"R1:3513"
"EGY","BA:582","EMP_DWAP_SEX_AGE_RT","SEX_T","AGE_10YRBANDS_Y15-24","2018",18.39,,,,"R1:3513"
"EGY","BA:582","EMP_DWAP_SEX_AGE_RT","SEX_T","AGE_10YRBANDS_Y25-34","2018",49.27,,,,"R1:3513"
"EGY","BA:582","EMP_DWAP_SEX_AGE_RT","SEX_T","AGE_10YRBANDS_Y35-44","2018",56.275,,,,"R1:3513"
"EGY","BA:582","EMP_DWAP_SEX_AGE_RT","SEX_T","AGE_10YRBANDS_Y45-54","2018",58.762,,,,"R1:3513"
"EGY","BA:582","EMP_DWAP_SEX_AGE_RT","SEX_T","AGE_10YRBANDS_Y55-64","2018",42.041,,,,"R1:3513"
"EGY","BA:582","EMP_DWAP_SEX_AGE_RT","SEX_T","AGE_10YRBANDS_YGE65","2018",11.466,,,,"R1:3513"
"EGY","BA:582","EMP_DWAP_SEX_AGE_RT","SEX_M","AGE_10YRBANDS_YGE15","2018",63.042,,,,"R1:3513"
"EGY","BA:582","EMP_DWAP_SEX_AGE_RT","SEX_M","AGE_10YRBANDS_Y15-24","2018",29.946,,,,"R1:3513"
"EGY","BA:582","EMP_DWAP_SEX_AGE_RT","SEX_M","AGE_10YRBANDS_Y25-34","2018",83.246,,,,"R1:3513"
"EGY","BA:582","EMP_DWAP_SEX_AGE_RT","SEX_M","AGE_10YRBANDS_Y35-44","2018",94.806,,,,"R1:3513"
"EGY","BA:582","EMP_DWAP_SEX_AGE_RT","SEX_M","AGE_10YRBANDS_Y45-54","2018",92.243,,,,"R1:3513"
"EGY","BA:582","EMP_DWAP_SEX_AGE_RT","SEX_M","AGE_10YRBANDS_Y55-64","2018",65.649,,,,"R1:3513"
"EGY","BA:582","EMP_DWAP_SEX_AGE_RT","SEX_M","AGE_10YRBANDS_YGE65","2018",19.825,,,,"R1:3513"
"EGY","BA:582","EMP_DWAP_SEX_AGE_RT","SEX_F","AGE_10YRBANDS_YGE15","2018",14.382,,,,"R1:3513"
"EGY","BA:582","EMP_DWAP_SEX_AGE_RT","SEX_F","AGE_10YRBANDS_Y15-24","2018",5.46,,,,"R1:3513"
"EGY","BA:582","EMP_DWAP_SEX_AGE_RT","SEX_F","AGE_10YRBANDS_Y25-34","2018",16.765,,,,"R1:3513"
"EGY","BA:582","EMP_DWAP_SEX_AGE_RT","SEX_F","AGE_10YRBANDS_Y35-44","2018",21.956,,,,"R1:3513"
"EGY","BA:582","EMP_DWAP_SEX_AGE_RT","SEX_F","AGE_10YRBANDS_Y45-54","2018",23.704,,,,"R1:3513"
"EGY","BA:582","EMP_DWAP_SEX_AGE_RT","SEX_F","AGE_10YRBANDS_Y55-64","2018",16.404,,,,"R1:3513"
"EGY","BA:582","EMP_DWAP_SEX_AGE_RT","SEX_F","AGE_10YRBANDS_YGE65","2018",2.493,,,,"R1:3513"
"EGY","BA:582","EMP_DWAP_SEX_AGE_RT","SEX_T","AGE_5YRBANDS_YGE15","2018",39.031,,,,"R1:3513"
"EGY","BA:582","EMP_DWAP_SEX_AGE_RT","SEX_T","AGE_5YRBANDS_Y15-19","2018",10.929,,,,"R1:3513"
"EGY","BA:582","EMP_DWAP_SEX_AGE_RT","SEX_T","AGE_5YRBANDS_Y20-24","2018",26.755,,,,"R1:3513"
"EGY","BA:582","EMP_DWAP_SEX_AGE_RT","SEX_T","AGE_5YRBANDS_Y25-29","2018",46.839,,,,"R1:3513"
"EGY","BA:582","EMP_DWAP_SEX_AGE_RT","SEX_T","AGE_5YRBANDS_Y30-34","2018",52.307,,,,"R1:3513"
"EGY","BA:582","EMP_DWAP_SEX_AGE_RT","SEX_T","AGE_5YRBANDS_Y35-39","2018",54.41,,,,"R1:3513"
"EGY","BA:582","EMP_DWAP_SEX_AGE_RT","SEX_T","AGE_5YRBANDS_Y40-44","2018",58.33,,,,"R1:3513"
"EGY","BA:582","EMP_DWAP_SEX_AGE_RT","SEX_T","AGE_5YRBANDS_Y45-49","2018",59.601,,,,"R1:3513"
"EGY","BA:582","EMP_DWAP_SEX_AGE_RT","SEX_T","AGE_5YRBANDS_Y50-54","2018",57.915,,,,"R1:3513"
"EGY","BA:582","EMP_DWAP_SEX_AGE_RT","SEX_T","AGE_5YRBANDS_Y55-59","2018",56.258,,,,"R1:3513"
"EGY","BA:582","EMP_DWAP_SEX_AGE_RT","SEX_T","AGE_5YRBANDS_Y60-64","2018",24.509,,,,"R1:3513"
"EGY","BA:582","EMP_DWAP_SEX_AGE_RT","SEX_T","AGE_5YRBANDS_YGE65","2018",11.466,,,,"R1:3513"
"EGY","BA:582","EMP_DWAP_SEX_AGE_RT","SEX_M","AGE_5YRBANDS_YGE15","2018",63.042,,,,"R1:3513"
"EGY","BA:582","EMP_DWAP_SEX_AGE_RT","SEX_M","AGE_5YRBANDS_Y15-19","2018",18.702,,,,"R1:3513"
"EGY","BA:582","EMP_DWAP_SEX_AGE_RT","SEX_M","AGE_5YRBANDS_Y20-24","2018",42.342,,,,"R1:3513"
"EGY","BA:582","EMP_DWAP_SEX_AGE_RT","SEX_M","AGE_5YRBANDS_Y25-29","2018",77.63,,,,"R1:3513"
"EGY","BA:582","EMP_DWAP_SEX_AGE_RT","SEX_M","AGE_5YRBANDS_Y30-34","2018",90.631,,,,"R1:3513"
"EGY","BA:582","EMP_DWAP_SEX_AGE_RT","SEX_M","AGE_5YRBANDS_Y35-39","2018",94.675,,,,"R1:3513"
"EGY","BA:582","EMP_DWAP_SEX_AGE_RT","SEX_M","AGE_5YRBANDS_Y40-44","2018",94.939,,,,"R1:3513"
"EGY","BA:582","EMP_DWAP_SEX_AGE_RT","SEX_M","AGE_5YRBANDS_Y45-49","2018",93.703,,,,"R1:3513"
"EGY","BA:582","EMP_DWAP_SEX_AGE_RT","SEX_M","AGE_5YRBANDS_Y50-54","2018",90.777,,,,"R1:3513"
"EGY","BA:582","EMP_DWAP_SEX_AGE_RT","SEX_M","AGE_5YRBANDS_Y55-59","2018",85.043,,,,"R1:3513"
"EGY","BA:582","EMP_DWAP_SEX_AGE_RT","SEX_M","AGE_5YRBANDS_Y60-64","2018",41.452,,,,"R1:3513"
"EGY","BA:582","EMP_DWAP_SEX_AGE_RT","SEX_M","AGE_5YRBANDS_YGE65","2018",19.825,,,,"R1:3513"
"EGY","BA:582","EMP_DWAP_SEX_AGE_RT","SEX_F","AGE_5YRBANDS_YGE15","2018",14.382,,,,"R1:3513"
"EGY","BA:582","EMP_DWAP_SEX_AGE_RT","SEX_F","AGE_5YRBANDS_Y15-19","2018",2.374,,,,"R1:3513"
"EGY","BA:582","EMP_DWAP_SEX_AGE_RT","SEX_F","AGE_5YRBANDS_Y20-24","2018",8.985,,,,"R1:3513"
"EGY","BA:582","EMP_DWAP_SEX_AGE_RT","SEX_F","AGE_5YRBANDS_Y25-29","2018",16.028,,,,"R1:3513"
"EGY","BA:582","EMP_DWAP_SEX_AGE_RT","SEX_F","AGE_5YRBANDS_Y30-34","2018",17.641,,,,"R1:3513"
"EGY","BA:582","EMP_DWAP_SEX_AGE_RT","SEX_F","AGE_5YRBANDS_Y35-39","2018",20.797,,,,"R1:3513"
"EGY","BA:582","EMP_DWAP_SEX_AGE_RT","SEX_F","AGE_5YRBANDS_Y40-44","2018",23.317,,,,"R1:3513"
"EGY","BA:582","EMP_DWAP_SEX_AGE_RT","SEX_F","AGE_5YRBANDS_Y45-49","2018",24.08,,,,"R1:3513"
"EGY","BA:582","EMP_DWAP_SEX_AGE_RT","SEX_F","AGE_5YRBANDS_Y50-54","2018",23.324,,,,"R1:3513"
"EGY","BA:582","EMP_DWAP_SEX_AGE_RT","SEX_F","AGE_5YRBANDS_Y55-59","2018",24.657,,,,"R1:3513"
"EGY","BA:582","EMP_DWAP_SEX_AGE_RT","SEX_F","AGE_5YRBANDS_Y60-64","2018",6.353,,,,"R1:3513"
"EGY","BA:582","EMP_DWAP_SEX_AGE_RT","SEX_F","AGE_5YRBANDS_YGE65","2018",2.493,,,,"R1:3513"
"EGY","BA:582","EMP_DWAP_SEX_AGE_RT","SEX_T","AGE_YTHADULT_YGE15","2017",39.661,,,,"R1:3513"
"EGY","BA:582","EMP_DWAP_SEX_AGE_RT","SEX_T","AGE_YTHADULT_Y15-64","2017",41.194,,,,"R1:3513"
"EGY","BA:582","EMP_DWAP_SEX_AGE_RT","SEX_T","AGE_YTHADULT_Y15-24","2017",20.384,,,,"R1:3513"
"EGY","BA:582","EMP_DWAP_SEX_AGE_RT","SEX_T","AGE_YTHADULT_YGE25","2017",49.463,,,,"R1:3513"
"EGY","BA:582","EMP_DWAP_SEX_AGE_RT","SEX_M","AGE_YTHADULT_YGE15","2017",61.292,,,,"R1:3513"
"EGY","BA:582","EMP_DWAP_SEX_AGE_RT","SEX_M","AGE_YTHADULT_Y15-64","2017",63.617,,,,"R1:3513"
"EGY","BA:582","EMP_DWAP_SEX_AGE_RT","SEX_M","AGE_YTHADULT_Y15-24","2017",28.391,,,,"R1:3513"
"EGY","BA:582","EMP_DWAP_SEX_AGE_RT","SEX_M","AGE_YTHADULT_YGE25","2017",78.622,,,,"R1:3513"
"EGY","BA:582","EMP_DWAP_SEX_AGE_RT","SEX_F","AGE_YTHADULT_YGE15","2017",16.869,,,,"R1:3513"
"EGY","BA:582","EMP_DWAP_SEX_AGE_RT","SEX_F","AGE_YTHADULT_Y15-64","2017",17.656,,,,"R1:3513"
"EGY","BA:582","EMP_DWAP_SEX_AGE_RT","SEX_F","AGE_YTHADULT_Y15-24","2017",11.529,,,,"R1:3513"
"EGY","BA:582","EMP_DWAP_SEX_AGE_RT","SEX_F","AGE_YTHADULT_YGE25","2017",19.485,,,,"R1:3513"
"EGY","BA:582","EMP_DWAP_SEX_AGE_RT","SEX_T","AGE_AGGREGATE_YGE15","2017",39.661,,,,"R1:3513"
"EGY","BA:582","EMP_DWAP_SEX_AGE_RT","SEX_T","AGE_AGGREGATE_Y15-24","2017",20.384,,,,"R1:3513"
"EGY","BA:582","EMP_DWAP_SEX_AGE_RT","SEX_T","AGE_AGGREGATE_Y25-54","2017",55.086,,,,"R1:3513"
"EGY","BA:582","EMP_DWAP_SEX_AGE_RT","SEX_T","AGE_AGGREGATE_Y55-64","2017",40.958,,,,"R1:3513"
"EGY","BA:582","EMP_DWAP_SEX_AGE_RT","SEX_T","AGE_AGGREGATE_YGE65","2017",13.055,,,,"R1:3513"
"EGY","BA:582","EMP_DWAP_SEX_AGE_RT","SEX_M","AGE_AGGREGATE_YGE15","2017",61.292,,,,"R1:3513"
"EGY","BA:582","EMP_DWAP_SEX_AGE_RT","SEX_M","AGE_AGGREGATE_Y15-24","2017",28.391,,,,"R1:3513"
"EGY","BA:582","EMP_DWAP_SEX_AGE_RT","SEX_M","AGE_AGGREGATE_Y25-54","2017",88.15,,,,"R1:3513"
"EGY","BA:582","EMP_DWAP_SEX_AGE_RT","SEX_M","AGE_AGGREGATE_Y55-64","2017",63.748,,,,"R1:3513"
"EGY","BA:582","EMP_DWAP_SEX_AGE_RT","SEX_M","AGE_AGGREGATE_YGE65","2017",22.25,,,,"R1:3513"
"EGY","BA:582","EMP_DWAP_SEX_AGE_RT","SEX_F","AGE_AGGREGATE_YGE15","2017",16.869,,,,"R1:3513"
"EGY","BA:582","EMP_DWAP_SEX_AGE_RT","SEX_F","AGE_AGGREGATE_Y15-24","2017",11.529,,,,"R1:3513"
"EGY","BA:582","EMP_DWAP_SEX_AGE_RT","SEX_F","AGE_AGGREGATE_Y25-54","2017",21.881,,,,"R1:3513"
"EGY","BA:582","EMP_DWAP_SEX_AGE_RT","SEX_F","AGE_AGGREGATE_Y55-64","2017",15.857,,,,"R1:3513"
"EGY","BA:582","EMP_DWAP_SEX_AGE_RT","SEX_F","AGE_AGGREGATE_YGE65","2017",2.712,,,,"R1:3513"
"EGY","BA:582","EMP_DWAP_SEX_AGE_RT","SEX_T","AGE_10YRBANDS_YGE15","2017",39.661,,,,"R1:3513"
"EGY","BA:582","EMP_DWAP_SEX_AGE_RT","SEX_T","AGE_10YRBANDS_Y15-24","2017",20.384,,,,"R1:3513"
"EGY","BA:582","EMP_DWAP_SEX_AGE_RT","SEX_T","AGE_10YRBANDS_Y25-34","2017",51.671,,,,"R1:3513"
"EGY","BA:582","EMP_DWAP_SEX_AGE_RT","SEX_T","AGE_10YRBANDS_Y35-44","2017",57.611,,,,"R1:3513"
"EGY","BA:582","EMP_DWAP_SEX_AGE_RT","SEX_T","AGE_10YRBANDS_Y45-54","2017",57.852,,,,"R1:3513"
"EGY","BA:582","EMP_DWAP_SEX_AGE_RT","SEX_T","AGE_10YRBANDS_Y55-64","2017",40.958,,,,"R1:3513"
"EGY","BA:582","EMP_DWAP_SEX_AGE_RT","SEX_T","AGE_10YRBANDS_YGE65","2017",13.055,,,,"R1:3513"
"EGY","BA:582","EMP_DWAP_SEX_AGE_RT","SEX_M","AGE_10YRBANDS_YGE15","2017",61.292,,,,"R1:3513"
"EGY","BA:582","EMP_DWAP_SEX_AGE_RT","SEX_M","AGE_10YRBANDS_Y15-24","2017",28.391,,,,"R1:3513"
"EGY","BA:582","EMP_DWAP_SEX_AGE_RT","SEX_M","AGE_10YRBANDS_Y25-34","2017",83.457,,,,"R1:3513"
"EGY","BA:582","EMP_DWAP_SEX_AGE_RT","SEX_M","AGE_10YRBANDS_Y35-44","2017",94.035,,,,"R1:3513"
"EGY","BA:582","EMP_DWAP_SEX_AGE_RT","SEX_M","AGE_10YRBANDS_Y45-54","2017",89.295,,,,"R1:3513"
"EGY","BA:582","EMP_DWAP_SEX_AGE_RT","SEX_M","AGE_10YRBANDS_Y55-64","2017",63.748,,,,"R1:3513"
"EGY","BA:582","EMP_DWAP_SEX_AGE_RT","SEX_M","AGE_10YRBANDS_YGE65","2017",22.25,,,,"R1:3513"
"EGY","BA:582","EMP_DWAP_SEX_AGE_RT","SEX_F","AGE_10YRBANDS_YGE15","2017",16.869,,,,"R1:3513"
"EGY","BA:582","EMP_DWAP_SEX_AGE_RT","SEX_F","AGE_10YRBANDS_Y15-24","2017",11.529,,,,"R1:3513"
"EGY","BA:582","EMP_DWAP_SEX_AGE_RT","SEX_F","AGE_10YRBANDS_Y25-34","2017",19.746,,,,"R1:3513"
"EGY","BA:582","EMP_DWAP_SEX_AGE_RT","SEX_F","AGE_10YRBANDS_Y35-44","2017",23.279,,,,"R1:3513"
"EGY","BA:582","EMP_DWAP_SEX_AGE_RT","SEX_F","AGE_10YRBANDS_Y45-54","2017",23.839,,,,"R1:3513"
"EGY","BA:582","EMP_DWAP_SEX_AGE_RT","SEX_F","AGE_10YRBANDS_Y55-64","2017",15.857,,,,"R1:3513"
"EGY","BA:582","EMP_DWAP_SEX_AGE_RT","SEX_F","AGE_10YRBANDS_YGE65","2017",2.712,,,,"R1:3513"
"EGY","BA:582","EMP_DWAP_SEX_AGE_RT","SEX_T","AGE_5YRBANDS_YGE15","2017",39.661,,,,"R1:3513"
"EGY","BA:582","EMP_DWAP_SEX_AGE_RT","SEX_T","AGE_5YRBANDS_Y15-19","2017",12.677,,,,"R1:3513"
"EGY","BA:582","EMP_DWAP_SEX_AGE_RT","SEX_T","AGE_5YRBANDS_Y20-24","2017",28.774,,,,"R1:3513"
"EGY","BA:582","EMP_DWAP_SEX_AGE_RT","SEX_T","AGE_5YRBANDS_Y25-29","2017",48.984,,,,"R1:3513"
"EGY","BA:582","EMP_DWAP_SEX_AGE_RT","SEX_T","AGE_5YRBANDS_Y30-34","2017",55.316,,,,"R1:3513"
"EGY","BA:582","EMP_DWAP_SEX_AGE_RT","SEX_T","AGE_5YRBANDS_Y35-39","2017",57.023,,,,"R1:3513"
"EGY","BA:582","EMP_DWAP_SEX_AGE_RT","SEX_T","AGE_5YRBANDS_Y40-44","2017",58.298,,,,"R1:3513"
"EGY","BA:582","EMP_DWAP_SEX_AGE_RT","SEX_T","AGE_5YRBANDS_Y45-49","2017",57.93,,,,"R1:3513"
"EGY","BA:582","EMP_DWAP_SEX_AGE_RT","SEX_T","AGE_5YRBANDS_Y50-54","2017",57.771,,,,"R1:3513"
"EGY","BA:582","EMP_DWAP_SEX_AGE_RT","SEX_T","AGE_5YRBANDS_Y55-59","2017",54.368,,,,"R1:3513"
"EGY","BA:582","EMP_DWAP_SEX_AGE_RT","SEX_T","AGE_5YRBANDS_Y60-64","2017",25.483,,,,"R1:3513"
"EGY","BA:582","EMP_DWAP_SEX_AGE_RT","SEX_T","AGE_5YRBANDS_YGE65","2017",13.055,,,,"R1:3513"
"EGY","BA:582","EMP_DWAP_SEX_AGE_RT","SEX_M","AGE_5YRBANDS_YGE15","2017",61.292,,,,"R1:3513"
"EGY","BA:582","EMP_DWAP_SEX_AGE_RT","SEX_M","AGE_5YRBANDS_Y15-19","2017",17.941,,,,"R1:3513"
"EGY","BA:582","EMP_DWAP_SEX_AGE_RT","SEX_M","AGE_5YRBANDS_Y20-24","2017",39.83,,,,"R1:3513"
"EGY","BA:582","EMP_DWAP_SEX_AGE_RT","SEX_M","AGE_5YRBANDS_Y25-29","2017",77.703,,,,"R1:3513"
"EGY","BA:582","EMP_DWAP_SEX_AGE_RT","SEX_M","AGE_5YRBANDS_Y30-34","2017",91.047,,,,"R1:3513"
"EGY","BA:582","EMP_DWAP_SEX_AGE_RT","SEX_M","AGE_5YRBANDS_Y35-39","2017",95.069,,,,"R1:3513"
"EGY","BA:582","EMP_DWAP_SEX_AGE_RT","SEX_M","AGE_5YRBANDS_Y40-44","2017",92.892,,,,"R1:3513"
"EGY","BA:582","EMP_DWAP_SEX_AGE_RT","SEX_M","AGE_5YRBANDS_Y45-49","2017",91.313,,,,"R1:3513"
"EGY","BA:582","EMP_DWAP_SEX_AGE_RT","SEX_M","AGE_5YRBANDS_Y50-54","2017",87.27,,,,"R1:3513"
"EGY","BA:582","EMP_DWAP_SEX_AGE_RT","SEX_M","AGE_5YRBANDS_Y55-59","2017",84.233,,,,"R1:3513"
"EGY","BA:582","EMP_DWAP_SEX_AGE_RT","SEX_M","AGE_5YRBANDS_Y60-64","2017",41.347,,,,"R1:3513"
"EGY","BA:582","EMP_DWAP_SEX_AGE_RT","SEX_M","AGE_5YRBANDS_YGE65","2017",22.25,,,,"R1:3513"
"EGY","BA:582","EMP_DWAP_SEX_AGE_RT","SEX_F","AGE_5YRBANDS_YGE15","2017",16.869,,,,"R1:3513"
"EGY","BA:582","EMP_DWAP_SEX_AGE_RT","SEX_F","AGE_5YRBANDS_Y15-19","2017",6.826,,,,"R1:3513"
"EGY","BA:582","EMP_DWAP_SEX_AGE_RT","SEX_F","AGE_5YRBANDS_Y20-24","2017",16.62,,,,"R1:3513"
"EGY","BA:582","EMP_DWAP_SEX_AGE_RT","SEX_F","AGE_5YRBANDS_Y25-29","2017",20.824,,,,"R1:3513"
"EGY","BA:582","EMP_DWAP_SEX_AGE_RT","SEX_F","AGE_5YRBANDS_Y30-34","2017",18.242,,,,"R1:3513"
"EGY","BA:582","EMP_DWAP_SEX_AGE_RT","SEX_F","AGE_5YRBANDS_Y35-39","2017",22.937,,,,"R1:3513"
"EGY","BA:582","EMP_DWAP_SEX_AGE_RT","SEX_F","AGE_5YRBANDS_Y40-44","2017",23.701,,,,"R1:3513"
"EGY","BA:582","EMP_DWAP_SEX_AGE_RT","SEX_F","AGE_5YRBANDS_Y45-49","2017",22.758,,,,"R1:3513"
"EGY","BA:582","EMP_DWAP_SEX_AGE_RT","SEX_F","AGE_5YRBANDS_Y50-54","2017",24.983,,,,"R1:3513"
"EGY","BA:582","EMP_DWAP_SEX_AGE_RT","SEX_F","AGE_5YRBANDS_Y55-59","2017",23.157,,,,"R1:3513"
"EGY","BA:582","EMP_DWAP_SEX_AGE_RT","SEX_F","AGE_5YRBANDS_Y60-64","2017",6.916,,,,"R1:3513"
"EGY","BA:582","EMP_DWAP_SEX_AGE_RT","SEX_F","AGE_5YRBANDS_YGE65","2017",2.712,,,,"R1:3513"
"EGY","BA:582","EMP_DWAP_SEX_AGE_RT","SEX_T","AGE_YTHADULT_YGE15","2016",40.825,"B",,"I11:264","R1:3513"
"EGY","BA:582","EMP_DWAP_SEX_AGE_RT","SEX_T","AGE_YTHADULT_Y15-64","2016",42.389,"B",,"I11:264","R1:3513"
"EGY","BA:582","EMP_DWAP_SEX_AGE_RT","SEX_T","AGE_YTHADULT_Y15-24","2016",21.673,"B",,"I11:264","R1:3513"
"EGY","BA:582","EMP_DWAP_SEX_AGE_RT","SEX_T","AGE_YTHADULT_YGE25","2016",50.282,"B",,"I11:264","R1:3513"
"EGY","BA:582","EMP_DWAP_SEX_AGE_RT","SEX_M","AGE_YTHADULT_YGE15","2016",63.417,"B",,"I11:264","R1:3513"
"EGY","BA:582","EMP_DWAP_SEX_AGE_RT","SEX_M","AGE_YTHADULT_Y15-64","2016",65.775,"B",,"I11:264","R1:3513"
"EGY","BA:582","EMP_DWAP_SEX_AGE_RT","SEX_M","AGE_YTHADULT_Y15-24","2016",30.486,"B",,"I11:264","R1:3513"
"EGY","BA:582","EMP_DWAP_SEX_AGE_RT","SEX_M","AGE_YTHADULT_YGE25","2016",79.83,"B",,"I11:264","R1:3513"
"EGY","BA:582","EMP_DWAP_SEX_AGE_RT","SEX_F","AGE_YTHADULT_YGE15","2016",17.505,"B",,"I11:264","R1:3513"
"EGY","BA:582","EMP_DWAP_SEX_AGE_RT","SEX_F","AGE_YTHADULT_Y15-64","2016",18.32,"B",,"I11:264","R1:3513"
"EGY","BA:582","EMP_DWAP_SEX_AGE_RT","SEX_F","AGE_YTHADULT_Y15-24","2016",12.461,"B",,"I11:264","R1:3513"
"EGY","BA:582","EMP_DWAP_SEX_AGE_RT","SEX_F","AGE_YTHADULT_YGE25","2016",19.972,"B",,"I11:264","R1:3513"
"EGY","BA:582","EMP_DWAP_SEX_AGE_RT","SEX_T","AGE_AGGREGATE_YGE15","2016",40.825,"B",,"I11:264","R1:3513"
"EGY","BA:582","EMP_DWAP_SEX_AGE_RT","SEX_T","AGE_AGGREGATE_Y15-24","2016",21.673,"B",,"I11:264","R1:3513"
"EGY","BA:582","EMP_DWAP_SEX_AGE_RT","SEX_T","AGE_AGGREGATE_Y25-54","2016",55.748,"B",,"I11:264","R1:3513"
"EGY","BA:582","EMP_DWAP_SEX_AGE_RT","SEX_T","AGE_AGGREGATE_Y55-64","2016",42.07,"B",,"I11:264","R1:3513"
"EGY","BA:582","EMP_DWAP_SEX_AGE_RT","SEX_T","AGE_AGGREGATE_YGE65","2016",13.797,"B",,"I11:264","R1:3513"
"EGY","BA:582","EMP_DWAP_SEX_AGE_RT","SEX_M","AGE_AGGREGATE_YGE15","2016",63.417,"B",,"I11:264","R1:3513"
"EGY","BA:582","EMP_DWAP_SEX_AGE_RT","SEX_M","AGE_AGGREGATE_Y15-24","2016",30.486,"B",,"I11:264","R1:3513"
"EGY","BA:582","EMP_DWAP_SEX_AGE_RT","SEX_M","AGE_AGGREGATE_Y25-54","2016",88.77,"B",,"I11:264","R1:3513"
"EGY","BA:582","EMP_DWAP_SEX_AGE_RT","SEX_M","AGE_AGGREGATE_Y55-64","2016",66.082,"B",,"I11:264","R1:3513"
"EGY","BA:582","EMP_DWAP_SEX_AGE_RT","SEX_M","AGE_AGGREGATE_YGE65","2016",23.7,"B",,"I11:264","R1:3513"
"EGY","BA:582","EMP_DWAP_SEX_AGE_RT","SEX_F","AGE_AGGREGATE_YGE15","2016",17.505,"B",,"I11:264","R1:3513"
"EGY","BA:582","EMP_DWAP_SEX_AGE_RT","SEX_F","AGE_AGGREGATE_Y15-24","2016",12.461,"B",,"I11:264","R1:3513"
"EGY","BA:582","EMP_DWAP_SEX_AGE_RT","SEX_F","AGE_AGGREGATE_Y25-54","2016",22.449,"B",,"I11:264","R1:3513"
"EGY","BA:582","EMP_DWAP_SEX_AGE_RT","SEX_F","AGE_AGGREGATE_Y55-64","2016",15.975,"B",,"I11:264","R1:3513"
"EGY","BA:582","EMP_DWAP_SEX_AGE_RT","SEX_F","AGE_AGGREGATE_YGE65","2016",3.063,"B",,"I11:264","R1:3513"
"EGY","BA:582","EMP_DWAP_SEX_AGE_RT","SEX_T","AGE_10YRBANDS_YGE15","2016",40.825,"B",,"I11:264","R1:3513"
"EGY","BA:582","EMP_DWAP_SEX_AGE_RT","SEX_T","AGE_10YRBANDS_Y15-24","2016",21.673,"B",,"I11:264","R1:3513"
"EGY","BA:582","EMP_DWAP_SEX_AGE_RT","SEX_T","AGE_10YRBANDS_Y25-34","2016",52.468,"B",,"I11:264","R1:3513"
"EGY","BA:582","EMP_DWAP_SEX_AGE_RT","SEX_T","AGE_10YRBANDS_Y35-44","2016",58.709,"B",,"I11:264","R1:3513"
"EGY","BA:582","EMP_DWAP_SEX_AGE_RT","SEX_T","AGE_10YRBANDS_Y45-54","2016",57.757,"B",,"I11:264","R1:3513"
"EGY","BA:582","EMP_DWAP_SEX_AGE_RT","SEX_T","AGE_10YRBANDS_Y55-64","2016",42.07,"B",,"I11:264","R1:3513"
"EGY","BA:582","EMP_DWAP_SEX_AGE_RT","SEX_T","AGE_10YRBANDS_YGE65","2016",13.797,"B",,"I11:264","R1:3513"
"EGY","BA:582","EMP_DWAP_SEX_AGE_RT","SEX_M","AGE_10YRBANDS_YGE15","2016",63.417,"B",,"I11:264","R1:3513"
"EGY","BA:582","EMP_DWAP_SEX_AGE_RT","SEX_M","AGE_10YRBANDS_Y15-24","2016",30.486,"B",,"I11:264","R1:3513"
"EGY","BA:582","EMP_DWAP_SEX_AGE_RT","SEX_M","AGE_10YRBANDS_Y25-34","2016",84.421,"B",,"I11:264","R1:3513"
"EGY","BA:582","EMP_DWAP_SEX_AGE_RT","SEX_M","AGE_10YRBANDS_Y35-44","2016",94.479,"B",,"I11:264","R1:3513"
"EGY","BA:582","EMP_DWAP_SEX_AGE_RT","SEX_M","AGE_10YRBANDS_Y45-54","2016",89.447,"B",,"I11:264","R1:3513"
"EGY","BA:582","EMP_DWAP_SEX_AGE_RT","SEX_M","AGE_10YRBANDS_Y55-64","2016",66.082,"B",,"I11:264","R1:3513"
"EGY","BA:582","EMP_DWAP_SEX_AGE_RT","SEX_M","AGE_10YRBANDS_YGE65","2016",23.7,"B",,"I11:264","R1:3513"
"EGY","BA:582","EMP_DWAP_SEX_AGE_RT","SEX_F","AGE_10YRBANDS_YGE15","2016",17.505,"B",,"I11:264","R1:3513"
"EGY","BA:582","EMP_DWAP_SEX_AGE_RT","SEX_F","AGE_10YRBANDS_Y15-24","2016",12.461,"B",,"I11:264","R1:3513"
"EGY","BA:582","EMP_DWAP_SEX_AGE_RT","SEX_F","AGE_10YRBANDS_Y25-34","2016",20.568,"B",,"I11:264","R1:3513"
"EGY","BA:582","EMP_DWAP_SEX_AGE_RT","SEX_F","AGE_10YRBANDS_Y35-44","2016",24.254,"B",,"I11:264","R1:3513"
"EGY","BA:582","EMP_DWAP_SEX_AGE_RT","SEX_F","AGE_10YRBANDS_Y45-54","2016",23.48,"B",,"I11:264","R1:3513"
"EGY","BA:582","EMP_DWAP_SEX_AGE_RT","SEX_F","AGE_10YRBANDS_Y55-64","2016",15.975,"B",,"I11:264","R1:3513"
"EGY","BA:582","EMP_DWAP_SEX_AGE_RT","SEX_F","AGE_10YRBANDS_YGE65","2016",3.063,"B",,"I11:264","R1:3513"
"EGY","BA:582","EMP_DWAP_SEX_AGE_RT","SEX_T","AGE_5YRBANDS_YGE15","2016",40.825,"B",,"I11:264","R1:3513"
"EGY","BA:582","EMP_DWAP_SEX_AGE_RT","SEX_T","AGE_5YRBANDS_Y15-19","2016",13.673,"B",,"I11:264","R1:3513"
"EGY","BA:582","EMP_DWAP_SEX_AGE_RT","SEX_T","AGE_5YRBANDS_Y20-24","2016",30.363,"B",,"I11:264","R1:3513"
"EGY","BA:582","EMP_DWAP_SEX_AGE_RT","SEX_T","AGE_5YRBANDS_Y25-29","2016",49.742,"B",,"I11:264","R1:3513"
"EGY","BA:582","EMP_DWAP_SEX_AGE_RT","SEX_T","AGE_5YRBANDS_Y30-34","2016",56.151,"B",,"I11:264","R1:3513"
"EGY","BA:582","EMP_DWAP_SEX_AGE_RT","SEX_T","AGE_5YRBANDS_Y35-39","2016",56.943,"B",,"I11:264","R1:3513"
"EGY","BA:582","EMP_DWAP_SEX_AGE_RT","SEX_T","AGE_5YRBANDS_Y40-44","2016",60.722,"B",,"I11:264","R1:3513"
"EGY","BA:582","EMP_DWAP_SEX_AGE_RT","SEX_T","AGE_5YRBANDS_Y45-49","2016",56.032,"B",,"I11:264","R1:3513"
"EGY","BA:582","EMP_DWAP_SEX_AGE_RT","SEX_T","AGE_5YRBANDS_Y50-54","2016",59.534,"B",,"I11:264","R1:3513"
"EGY","BA:582","EMP_DWAP_SEX_AGE_RT","SEX_T","AGE_5YRBANDS_Y55-59","2016",54.717,"B",,"I11:264","R1:3513"
"EGY","BA:582","EMP_DWAP_SEX_AGE_RT","SEX_T","AGE_5YRBANDS_Y60-64","2016",27.375,"B",,"I11:264","R1:3513"
"EGY","BA:582","EMP_DWAP_SEX_AGE_RT","SEX_T","AGE_5YRBANDS_YGE65","2016",13.797,"B",,"I11:264","R1:3513"
"EGY","BA:582","EMP_DWAP_SEX_AGE_RT","SEX_M","AGE_5YRBANDS_YGE15","2016",63.417,"B",,"I11:264","R1:3513"
"EGY","BA:582","EMP_DWAP_SEX_AGE_RT","SEX_M","AGE_5YRBANDS_Y15-19","2016",19.45,"B",,"I11:264","R1:3513"
"EGY","BA:582","EMP_DWAP_SEX_AGE_RT","SEX_M","AGE_5YRBANDS_Y20-24","2016",42.496,"B",,"I11:264","R1:3513"
"EGY","BA:582","EMP_DWAP_SEX_AGE_RT","SEX_M","AGE_5YRBANDS_Y25-29","2016",78.731,"B",,"I11:264","R1:3513"
"EGY","BA:582","EMP_DWAP_SEX_AGE_RT","SEX_M","AGE_5YRBANDS_Y30-34","2016",91.849,"B",,"I11:264","R1:3513"
"EGY","BA:582","EMP_DWAP_SEX_AGE_RT","SEX_M","AGE_5YRBANDS_Y35-39","2016",94.514,"B",,"I11:264","R1:3513"
"EGY","BA:582","EMP_DWAP_SEX_AGE_RT","SEX_M","AGE_5YRBANDS_Y40-44","2016",94.442,"B",,"I11:264","R1:3513"
"EGY","BA:582","EMP_DWAP_SEX_AGE_RT","SEX_M","AGE_5YRBANDS_Y45-49","2016",88.279,"B",,"I11:264","R1:3513"
"EGY","BA:582","EMP_DWAP_SEX_AGE_RT","SEX_M","AGE_5YRBANDS_Y50-54","2016",90.656,"B",,"I11:264","R1:3513"
"EGY","BA:582","EMP_DWAP_SEX_AGE_RT","SEX_M","AGE_5YRBANDS_Y55-59","2016",84.339,"B",,"I11:264","R1:3513"
"EGY","BA:582","EMP_DWAP_SEX_AGE_RT","SEX_M","AGE_5YRBANDS_Y60-64","2016",45.2,"B",,"I11:264","R1:3513"
"EGY","BA:582","EMP_DWAP_SEX_AGE_RT","SEX_M","AGE_5YRBANDS_YGE65","2016",23.7,"B",,"I11:264","R1:3513"
"EGY","BA:582","EMP_DWAP_SEX_AGE_RT","SEX_F","AGE_5YRBANDS_YGE15","2016",17.505,"B",,"I11:264","R1:3513"
"EGY","BA:582","EMP_DWAP_SEX_AGE_RT","SEX_F","AGE_5YRBANDS_Y15-19","2016",7.623,"B",,"I11:264","R1:3513"
"EGY","BA:582","EMP_DWAP_SEX_AGE_RT","SEX_F","AGE_5YRBANDS_Y20-24","2016",17.706,"B",,"I11:264","R1:3513"
"EGY","BA:582","EMP_DWAP_SEX_AGE_RT","SEX_F","AGE_5YRBANDS_Y25-29","2016",21.635,"B",,"I11:264","R1:3513"
"EGY","BA:582","EMP_DWAP_SEX_AGE_RT","SEX_F","AGE_5YRBANDS_Y30-34","2016",19.078,"B",,"I11:264","R1:3513"
"EGY","BA:582","EMP_DWAP_SEX_AGE_RT","SEX_F","AGE_5YRBANDS_Y35-39","2016",22.864,"B",,"I11:264","R1:3513"
"EGY","BA:582","EMP_DWAP_SEX_AGE_RT","SEX_F","AGE_5YRBANDS_Y40-44","2016",25.941,"B",,"I11:264","R1:3513"
"EGY","BA:582","EMP_DWAP_SEX_AGE_RT","SEX_F","AGE_5YRBANDS_Y45-49","2016",20.954,"B",,"I11:264","R1:3513"
"EGY","BA:582","EMP_DWAP_SEX_AGE_RT","SEX_F","AGE_5YRBANDS_Y50-54","2016",26.066,"B",,"I11:264","R1:3513"
"EGY","BA:582","EMP_DWAP_SEX_AGE_RT","SEX_F","AGE_5YRBANDS_Y55-59","2016",23.012,"B",,"I11:264","R1:3513"
"EGY","BA:582","EMP_DWAP_SEX_AGE_RT","SEX_F","AGE_5YRBANDS_Y60-64","2016",7.654,"B",,"I11:264","R1:3513"
"EGY","BA:582","EMP_DWAP_SEX_AGE_RT","SEX_F","AGE_5YRBANDS_YGE65","2016",3.063,"B",,"I11:264","R1:3513"
"EGY","BA:582","EMP_DWAP_SEX_AGE_RT","SEX_T","AGE_YTHADULT_YGE15","2015",40.846,,,,"R1:3513"
"EGY","BA:582","EMP_DWAP_SEX_AGE_RT","SEX_T","AGE_YTHADULT_Y15-64","2015",42.555,,,,"R1:3513"
"EGY","BA:582","EMP_DWAP_SEX_AGE_RT","SEX_T","AGE_YTHADULT_Y15-24","2015",21.924,,,,"R1:3513"
"EGY","BA:582","EMP_DWAP_SEX_AGE_RT","SEX_T","AGE_YTHADULT_YGE25","2015",50.186,,,,"R1:3513"
"EGY","BA:582","EMP_DWAP_SEX_AGE_RT","SEX_M","AGE_YTHADULT_YGE15","2015",63.89,,,,"R1:3513"
"EGY","BA:582","EMP_DWAP_SEX_AGE_RT","SEX_M","AGE_YTHADULT_Y15-64","2015",66.501,,,,"R1:3513"
"EGY","BA:582","EMP_DWAP_SEX_AGE_RT","SEX_M","AGE_YTHADULT_Y15-24","2015",30.697,,,,"R1:3513"
"EGY","BA:582","EMP_DWAP_SEX_AGE_RT","SEX_M","AGE_YTHADULT_YGE25","2015",80.424,,,,"R1:3513"
"EGY","BA:582","EMP_DWAP_SEX_AGE_RT","SEX_F","AGE_YTHADULT_YGE15","2015",17.041,,,,"R1:3513"
"EGY","BA:582","EMP_DWAP_SEX_AGE_RT","SEX_F","AGE_YTHADULT_Y15-64","2015",17.889,,,,"R1:3513"
"EGY","BA:582","EMP_DWAP_SEX_AGE_RT","SEX_F","AGE_YTHADULT_Y15-24","2015",12.746,,,,"R1:3513"
"EGY","BA:582","EMP_DWAP_SEX_AGE_RT","SEX_F","AGE_YTHADULT_YGE25","2015",19.141,,,,"R1:3513"
"EGY","BA:582","EMP_DWAP_SEX_AGE_RT","SEX_T","AGE_AGGREGATE_YGE15","2015",40.846,,,,"R1:3513"
"EGY","BA:582","EMP_DWAP_SEX_AGE_RT","SEX_T","AGE_AGGREGATE_Y15-24","2015",21.924,,,,"R1:3513"
"EGY","BA:582","EMP_DWAP_SEX_AGE_RT","SEX_T","AGE_AGGREGATE_Y25-54","2015",56.167,,,,"R1:3513"
"EGY","BA:582","EMP_DWAP_SEX_AGE_RT","SEX_T","AGE_AGGREGATE_Y55-64","2015",40.455,,,,"R1:3513"
"EGY","BA:582","EMP_DWAP_SEX_AGE_RT","SEX_T","AGE_AGGREGATE_YGE65","2015",11.319,,,,"R1:3513"
"EGY","BA:582","EMP_DWAP_SEX_AGE_RT","SEX_M","AGE_AGGREGATE_YGE15","2015",63.89,,,,"R1:3513"
"EGY","BA:582","EMP_DWAP_SEX_AGE_RT","SEX_M","AGE_AGGREGATE_Y15-24","2015",30.697,,,,"R1:3513"
"EGY","BA:582","EMP_DWAP_SEX_AGE_RT","SEX_M","AGE_AGGREGATE_Y25-54","2015",90.29,,,,"R1:3513"
"EGY","BA:582","EMP_DWAP_SEX_AGE_RT","SEX_M","AGE_AGGREGATE_Y55-64","2015",64.386,,,,"R1:3513"
"EGY","BA:582","EMP_DWAP_SEX_AGE_RT","SEX_M","AGE_AGGREGATE_YGE65","2015",19.91,,,,"R1:3513"
"EGY","BA:582","EMP_DWAP_SEX_AGE_RT","SEX_F","AGE_AGGREGATE_YGE15","2015",17.041,,,,"R1:3513"
"EGY","BA:582","EMP_DWAP_SEX_AGE_RT","SEX_F","AGE_AGGREGATE_Y15-24","2015",12.746,,,,"R1:3513"
"EGY","BA:582","EMP_DWAP_SEX_AGE_RT","SEX_F","AGE_AGGREGATE_Y25-54","2015",21.827,,,,"R1:3513"
"EGY","BA:582","EMP_DWAP_SEX_AGE_RT","SEX_F","AGE_AGGREGATE_Y55-64","2015",13.998,,,,"R1:3513"
"EGY","BA:582","EMP_DWAP_SEX_AGE_RT","SEX_F","AGE_AGGREGATE_YGE65","2015",1.997,,,,"R1:3513"
"EGY","BA:582","EMP_DWAP_SEX_AGE_RT","SEX_T","AGE_10YRBANDS_YGE15","2015",40.846,,,,"R1:3513"
"EGY","BA:582","EMP_DWAP_SEX_AGE_RT","SEX_T","AGE_10YRBANDS_Y15-24","2015",21.924,,,,"R1:3513"
"EGY","BA:582","EMP_DWAP_SEX_AGE_RT","SEX_T","AGE_10YRBANDS_Y25-34","2015",52.849,,,,"R1:3513"
"EGY","BA:582","EMP_DWAP_SEX_AGE_RT","SEX_T","AGE_10YRBANDS_Y35-44","2015",58.489,,,,"R1:3513"
"EGY","BA:582","EMP_DWAP_SEX_AGE_RT","SEX_T","AGE_10YRBANDS_Y45-54","2015",58.955,,,,"R1:3513"
"EGY","BA:582","EMP_DWAP_SEX_AGE_RT","SEX_T","AGE_10YRBANDS_Y55-64","2015",40.455,,,,"R1:3513"
"EGY","BA:582","EMP_DWAP_SEX_AGE_RT","SEX_T","AGE_10YRBANDS_YGE65","2015",11.319,,,,"R1:3513"
"EGY","BA:582","EMP_DWAP_SEX_AGE_RT","SEX_M","AGE_10YRBANDS_YGE15","2015",63.89,,,,"R1:3513"
"EGY","BA:582","EMP_DWAP_SEX_AGE_RT","SEX_M","AGE_10YRBANDS_Y15-24","2015",30.697,,,,"R1:3513"
"EGY","BA:582","EMP_DWAP_SEX_AGE_RT","SEX_M","AGE_10YRBANDS_Y25-34","2015",85.138,,,,"R1:3513"
"EGY","BA:582","EMP_DWAP_SEX_AGE_RT","SEX_M","AGE_10YRBANDS_Y35-44","2015",95.325,,,,"R1:3513"
"EGY","BA:582","EMP_DWAP_SEX_AGE_RT","SEX_M","AGE_10YRBANDS_Y45-54","2015",92.995,,,,"R1:3513"
"EGY","BA:582","EMP_DWAP_SEX_AGE_RT","SEX_M","AGE_10YRBANDS_Y55-64","2015",64.386,,,,"R1:3513"
"EGY","BA:582","EMP_DWAP_SEX_AGE_RT","SEX_M","AGE_10YRBANDS_YGE65","2015",19.91,,,,"R1:3513"
"EGY","BA:582","EMP_DWAP_SEX_AGE_RT","SEX_F","AGE_10YRBANDS_YGE15","2015",17.041,,,,"R1:3513"
"EGY","BA:582","EMP_DWAP_SEX_AGE_RT","SEX_F","AGE_10YRBANDS_Y15-24","2015",12.746,,,,"R1:3513"
"EGY","BA:582","EMP_DWAP_SEX_AGE_RT","SEX_F","AGE_10YRBANDS_Y25-34","2015",20.586,,,,"R1:3513"
"EGY","BA:582","EMP_DWAP_SEX_AGE_RT","SEX_F","AGE_10YRBANDS_Y35-44","2015",22.52,,,,"R1:3513"
"EGY","BA:582","EMP_DWAP_SEX_AGE_RT","SEX_F","AGE_10YRBANDS_Y45-54","2015",23.095,,,,"R1:3513"
"EGY","BA:582","EMP_DWAP_SEX_AGE_RT","SEX_F","AGE_10YRBANDS_Y55-64","2015",13.998,,,,"R1:3513"
"EGY","BA:582","EMP_DWAP_SEX_AGE_RT","SEX_F","AGE_10YRBANDS_YGE65","2015",1.997,,,,"R1:3513"
"EGY","BA:582","EMP_DWAP_SEX_AGE_RT","SEX_T","AGE_5YRBANDS_YGE15","2015",40.846,,,,"R1:3513"
"EGY","BA:582","EMP_DWAP_SEX_AGE_RT","SEX_T","AGE_5YRBANDS_Y15-19","2015",13.756,,,,"R1:3513"
"EGY","BA:582","EMP_DWAP_SEX_AGE_RT","SEX_T","AGE_5YRBANDS_Y20-24","2015",30.792,,,,"R1:3513"
"EGY","BA:582","EMP_DWAP_SEX_AGE_RT","SEX_T","AGE_5YRBANDS_Y25-29","2015",49.666,,,,"R1:3513"
"EGY","BA:582","EMP_DWAP_SEX_AGE_RT","SEX_T","AGE_5YRBANDS_Y30-34","2015",57.148,,,,"R1:3513"
"EGY","BA:582","EMP_DWAP_SEX_AGE_RT","SEX_T","AGE_5YRBANDS_Y35-39","2015",57.465,,,,"R1:3513"
"EGY","BA:582","EMP_DWAP_SEX_AGE_RT","SEX_T","AGE_5YRBANDS_Y40-44","2015",59.666,,,,"R1:3513"
"EGY","BA:582","EMP_DWAP_SEX_AGE_RT","SEX_T","AGE_5YRBANDS_Y45-49","2015",58.892,,,,"R1:3513"
"EGY","BA:582","EMP_DWAP_SEX_AGE_RT","SEX_T","AGE_5YRBANDS_Y50-54","2015",59.021,,,,"R1:3513"
"EGY","BA:582","EMP_DWAP_SEX_AGE_RT","SEX_T","AGE_5YRBANDS_Y55-59","2015",54.009,,,,"R1:3513"
"EGY","BA:582","EMP_DWAP_SEX_AGE_RT","SEX_T","AGE_5YRBANDS_Y60-64","2015",24.837,,,,"R1:3513"
"EGY","BA:582","EMP_DWAP_SEX_AGE_RT","SEX_T","AGE_5YRBANDS_YGE65","2015",11.319,,,,"R1:3513"
"EGY","BA:582","EMP_DWAP_SEX_AGE_RT","SEX_M","AGE_5YRBANDS_YGE15","2015",63.89,,,,"R1:3513"
"EGY","BA:582","EMP_DWAP_SEX_AGE_RT","SEX_M","AGE_5YRBANDS_Y15-19","2015",19.465,,,,"R1:3513"
"EGY","BA:582","EMP_DWAP_SEX_AGE_RT","SEX_M","AGE_5YRBANDS_Y20-24","2015",42.915,,,,"R1:3513"
"EGY","BA:582","EMP_DWAP_SEX_AGE_RT","SEX_M","AGE_5YRBANDS_Y25-29","2015",79.657,,,,"R1:3513"
"EGY","BA:582","EMP_DWAP_SEX_AGE_RT","SEX_M","AGE_5YRBANDS_Y30-34","2015",92.292,,,,"R1:3513"
"EGY","BA:582","EMP_DWAP_SEX_AGE_RT","SEX_M","AGE_5YRBANDS_Y35-39","2015",95.759,,,,"R1:3513"
"EGY","BA:582","EMP_DWAP_SEX_AGE_RT","SEX_M","AGE_5YRBANDS_Y40-44","2015",94.838,,,,"R1:3513"
"EGY","BA:582","EMP_DWAP_SEX_AGE_RT","SEX_M","AGE_5YRBANDS_Y45-49","2015",94.66,,,,"R1:3513"
"EGY","BA:582","EMP_DWAP_SEX_AGE_RT","SEX_M","AGE_5YRBANDS_Y50-54","2015",91.315,,,,"R1:3513"
"EGY","BA:582","EMP_DWAP_SEX_AGE_RT","SEX_M","AGE_5YRBANDS_Y55-59","2015",84.086,,,,"R1:3513"
"EGY","BA:582","EMP_DWAP_SEX_AGE_RT","SEX_M","AGE_5YRBANDS_Y60-64","2015",42.08,,,,"R1:3513"
"EGY","BA:582","EMP_DWAP_SEX_AGE_RT","SEX_M","AGE_5YRBANDS_YGE65","2015",19.91,,,,"R1:3513"
"EGY","BA:582","EMP_DWAP_SEX_AGE_RT","SEX_F","AGE_5YRBANDS_YGE15","2015",17.041,,,,"R1:3513"
"EGY","BA:582","EMP_DWAP_SEX_AGE_RT","SEX_F","AGE_5YRBANDS_Y15-19","2015",7.773,,,,"R1:3513"
"EGY","BA:582","EMP_DWAP_SEX_AGE_RT","SEX_F","AGE_5YRBANDS_Y20-24","2015",18.136,,,,"R1:3513"
"EGY","BA:582","EMP_DWAP_SEX_AGE_RT","SEX_F","AGE_5YRBANDS_Y25-29","2015",20.562,,,,"R1:3513"
"EGY","BA:582","EMP_DWAP_SEX_AGE_RT","SEX_F","AGE_5YRBANDS_Y30-34","2015",20.618,,,,"R1:3513"
"EGY","BA:582","EMP_DWAP_SEX_AGE_RT","SEX_F","AGE_5YRBANDS_Y35-39","2015",20.939,,,,"R1:3513"
"EGY","BA:582","EMP_DWAP_SEX_AGE_RT","SEX_F","AGE_5YRBANDS_Y40-44","2015",24.382,,,,"R1:3513"
"EGY","BA:582","EMP_DWAP_SEX_AGE_RT","SEX_F","AGE_5YRBANDS_Y45-49","2015",22.354,,,,"R1:3513"
"EGY","BA:582","EMP_DWAP_SEX_AGE_RT","SEX_F","AGE_5YRBANDS_Y50-54","2015",23.892,,,,"R1:3513"
"EGY","BA:582","EMP_DWAP_SEX_AGE_RT","SEX_F","AGE_5YRBANDS_Y55-59","2015",21.323,,,,"R1:3513"
"EGY","BA:582","EMP_DWAP_SEX_AGE_RT","SEX_F","AGE_5YRBANDS_Y60-64","2015",5.392,,,,"R1:3513"
"EGY","BA:582","EMP_DWAP_SEX_AGE_RT","SEX_F","AGE_5YRBANDS_YGE65","2015",1.997,,,,"R1:3513"
"EGY","BA:582","EMP_DWAP_SEX_AGE_RT","SEX_T","AGE_YTHADULT_YGE15","2014",41.811,,,,"R1:3513"
"EGY","BA:582","EMP_DWAP_SEX_AGE_RT","SEX_T","AGE_YTHADULT_Y15-64","2014",44.393,,,,"R1:3513"
"EGY","BA:582","EMP_DWAP_SEX_AGE_RT","SEX_T","AGE_YTHADULT_Y15-24","2014",22.896,,,,"R1:3513"
"EGY","BA:582","EMP_DWAP_SEX_AGE_RT","SEX_T","AGE_YTHADULT_YGE25","2014",48.92,,,,"R1:3513"
"EGY","BA:582","EMP_DWAP_SEX_AGE_RT","SEX_M","AGE_YTHADULT_YGE15","2014",65.479,,,,"R1:3513"
"EGY","BA:582","EMP_DWAP_SEX_AGE_RT","SEX_M","AGE_YTHADULT_Y15-64","2014",69.234,,,,"R1:3513"
"EGY","BA:582","EMP_DWAP_SEX_AGE_RT","SEX_M","AGE_YTHADULT_Y15-24","2014",33.61,,,,"R1:3513"
"EGY","BA:582","EMP_DWAP_SEX_AGE_RT","SEX_M","AGE_YTHADULT_YGE25","2014",79.234,,,,"R1:3513"
"EGY","BA:582","EMP_DWAP_SEX_AGE_RT","SEX_F","AGE_YTHADULT_YGE15","2014",17.529,,,,"R1:3513"
"EGY","BA:582","EMP_DWAP_SEX_AGE_RT","SEX_F","AGE_YTHADULT_Y15-64","2014",18.873,,,,"R1:3513"
"EGY","BA:582","EMP_DWAP_SEX_AGE_RT","SEX_F","AGE_YTHADULT_Y15-24","2014",9.318,,,,"R1:3513"
"EGY","BA:582","EMP_DWAP_SEX_AGE_RT","SEX_F","AGE_YTHADULT_YGE25","2014",20.18,,,,"R1:3513"
"EGY","BA:582","EMP_DWAP_SEX_AGE_RT","SEX_T","AGE_AGGREGATE_YGE15","2014",41.811,,,,"R1:3513"
"EGY","BA:582","EMP_DWAP_SEX_AGE_RT","SEX_T","AGE_AGGREGATE_Y15-24","2014",22.896,,,,"R1:3513"
"EGY","BA:582","EMP_DWAP_SEX_AGE_RT","SEX_T","AGE_AGGREGATE_Y25-54","2014",55.957,,,,"R1:3513"
"EGY","BA:582","EMP_DWAP_SEX_AGE_RT","SEX_T","AGE_AGGREGATE_Y55-64","2014",40.863,,,,"R1:3513"
"EGY","BA:582","EMP_DWAP_SEX_AGE_RT","SEX_T","AGE_AGGREGATE_YGE65","2014",10.73,,,,"R1:3513"
"EGY","BA:582","EMP_DWAP_SEX_AGE_RT","SEX_M","AGE_AGGREGATE_YGE15","2014",65.479,,,,"R1:3513"
"EGY","BA:582","EMP_DWAP_SEX_AGE_RT","SEX_M","AGE_AGGREGATE_Y15-24","2014",33.61,,,,"R1:3513"
"EGY","BA:582","EMP_DWAP_SEX_AGE_RT","SEX_M","AGE_AGGREGATE_Y25-54","2014",90.871,,,,"R1:3513"
"EGY","BA:582","EMP_DWAP_SEX_AGE_RT","SEX_M","AGE_AGGREGATE_Y55-64","2014",66.25,,,,"R1:3513"
"EGY","BA:582","EMP_DWAP_SEX_AGE_RT","SEX_M","AGE_AGGREGATE_YGE65","2014",19.886,,,,"R1:3513"
"EGY","BA:582","EMP_DWAP_SEX_AGE_RT","SEX_F","AGE_AGGREGATE_YGE15","2014",17.529,,,,"R1:3513"
"EGY","BA:582","EMP_DWAP_SEX_AGE_RT","SEX_F","AGE_AGGREGATE_Y15-24","2014",9.318,,,,"R1:3513"
"EGY","BA:582","EMP_DWAP_SEX_AGE_RT","SEX_F","AGE_AGGREGATE_Y25-54","2014",23.876,,,,"R1:3513"
"EGY","BA:582","EMP_DWAP_SEX_AGE_RT","SEX_F","AGE_AGGREGATE_Y55-64","2014",13.968,,,,"R1:3513"
"EGY","BA:582","EMP_DWAP_SEX_AGE_RT","SEX_F","AGE_AGGREGATE_YGE65","2014",1.486,,,,"R1:3513"
"EGY","BA:582","EMP_DWAP_SEX_AGE_RT","SEX_T","AGE_10YRBANDS_YGE15","2014",41.811,,,,"R1:3513"
"EGY","BA:582","EMP_DWAP_SEX_AGE_RT","SEX_T","AGE_10YRBANDS_Y15-24","2014",22.896,,,,"R1:3513"
"EGY","BA:582","EMP_DWAP_SEX_AGE_RT","SEX_T","AGE_10YRBANDS_Y25-34","2014",52.79,,,,"R1:3513"
"EGY","BA:582","EMP_DWAP_SEX_AGE_RT","SEX_T","AGE_10YRBANDS_Y35-44","2014",57.147,,,,"R1:3513"
"EGY","BA:582","EMP_DWAP_SEX_AGE_RT","SEX_T","AGE_10YRBANDS_Y45-54","2014",58.86,,,,"R1:3513"
"EGY","BA:582","EMP_DWAP_SEX_AGE_RT","SEX_T","AGE_10YRBANDS_Y55-64","2014",40.863,,,,"R1:3513"
"EGY","BA:582","EMP_DWAP_SEX_AGE_RT","SEX_T","AGE_10YRBANDS_YGE65","2014",10.73,,,,"R1:3513"
"EGY","BA:582","EMP_DWAP_SEX_AGE_RT","SEX_M","AGE_10YRBANDS_YGE15","2014",65.479,,,,"R1:3513"
"EGY","BA:582","EMP_DWAP_SEX_AGE_RT","SEX_M","AGE_10YRBANDS_Y15-24","2014",33.61,,,,"R1:3513"
"EGY","BA:582","EMP_DWAP_SEX_AGE_RT","SEX_M","AGE_10YRBANDS_Y25-34","2014",87.502,,,,"R1:3513"
"EGY","BA:582","EMP_DWAP_SEX_AGE_RT","SEX_M","AGE_10YRBANDS_Y35-44","2014",92.913,,,,"R1:3513"
"EGY","BA:582","EMP_DWAP_SEX_AGE_RT","SEX_M","AGE_10YRBANDS_Y45-54","2014",92.84,,,,"R1:3513"
"EGY","BA:582","EMP_DWAP_SEX_AGE_RT","SEX_M","AGE_10YRBANDS_Y55-64","2014",66.25,,,,"R1:3513"
"EGY","BA:582","EMP_DWAP_SEX_AGE_RT","SEX_M","AGE_10YRBANDS_YGE65","2014",19.886,,,,"R1:3513"
"EGY","BA:582","EMP_DWAP_SEX_AGE_RT","SEX_F","AGE_10YRBANDS_YGE15","2014",17.529,,,,"R1:3513"
"EGY","BA:582","EMP_DWAP_SEX_AGE_RT","SEX_F","AGE_10YRBANDS_Y15-24","2014",9.318,,,,"R1:3513"
"EGY","BA:582","EMP_DWAP_SEX_AGE_RT","SEX_F","AGE_10YRBANDS_Y25-34","2014",22.73,,,,"R1:3513"
"EGY","BA:582","EMP_DWAP_SEX_AGE_RT","SEX_F","AGE_10YRBANDS_Y35-44","2014",24.338,,,,"R1:3513"
"EGY","BA:582","EMP_DWAP_SEX_AGE_RT","SEX_F","AGE_10YRBANDS_Y45-54","2014",24.977,,,,"R1:3513"
"EGY","BA:582","EMP_DWAP_SEX_AGE_RT","SEX_F","AGE_10YRBANDS_Y55-64","2014",13.968,,,,"R1:3513"
"EGY","BA:582","EMP_DWAP_SEX_AGE_RT","SEX_F","AGE_10YRBANDS_YGE65","2014",1.486,,,,"R1:3513"
"EGY","BA:582","EMP_DWAP_SEX_AGE_RT","SEX_T","AGE_5YRBANDS_YGE15","2014",41.811,,,,"R1:3513"
"EGY","BA:582","EMP_DWAP_SEX_AGE_RT","SEX_T","AGE_5YRBANDS_Y15-19","2014",12.684,,,,"R1:3513"
"EGY","BA:582","EMP_DWAP_SEX_AGE_RT","SEX_T","AGE_5YRBANDS_Y20-24","2014",36.141,,,,"R1:3513"
"EGY","BA:582","EMP_DWAP_SEX_AGE_RT","SEX_T","AGE_5YRBANDS_Y25-29","2014",49.984,,,,"R1:3513"
"EGY","BA:582","EMP_DWAP_SEX_AGE_RT","SEX_T","AGE_5YRBANDS_Y30-34","2014",55.816,,,,"R1:3513"
"EGY","BA:582","EMP_DWAP_SEX_AGE_RT","SEX_T","AGE_5YRBANDS_Y35-39","2014",56.614,,,,"R1:3513"
"EGY","BA:582","EMP_DWAP_SEX_AGE_RT","SEX_T","AGE_5YRBANDS_Y40-44","2014",57.755,,,,"R1:3513"
"EGY","BA:582","EMP_DWAP_SEX_AGE_RT","SEX_T","AGE_5YRBANDS_Y45-49","2014",59.524,,,,"R1:3513"
"EGY","BA:582","EMP_DWAP_SEX_AGE_RT","SEX_T","AGE_5YRBANDS_Y50-54","2014",58.148,,,,"R1:3513"
"EGY","BA:582","EMP_DWAP_SEX_AGE_RT","SEX_T","AGE_5YRBANDS_Y55-59","2014",54.266,,,,"R1:3513"
"EGY","BA:582","EMP_DWAP_SEX_AGE_RT","SEX_T","AGE_5YRBANDS_Y60-64","2014",25.291,,,,"R1:3513"
"EGY","BA:582","EMP_DWAP_SEX_AGE_RT","SEX_T","AGE_5YRBANDS_YGE65","2014",10.73,,,,"R1:3513"
"EGY","BA:582","EMP_DWAP_SEX_AGE_RT","SEX_M","AGE_5YRBANDS_YGE15","2014",65.479,,,,"R1:3513"
"EGY","BA:582","EMP_DWAP_SEX_AGE_RT","SEX_M","AGE_5YRBANDS_Y15-19","2014",19.445,,,,"R1:3513"
"EGY","BA:582","EMP_DWAP_SEX_AGE_RT","SEX_M","AGE_5YRBANDS_Y20-24","2014",50.294,,,,"R1:3513"
"EGY","BA:582","EMP_DWAP_SEX_AGE_RT","SEX_M","AGE_5YRBANDS_Y25-29","2014",84.576,,,,"R1:3513"
"EGY","BA:582","EMP_DWAP_SEX_AGE_RT","SEX_M","AGE_5YRBANDS_Y30-34","2014",90.746,,,,"R1:3513"
"EGY","BA:582","EMP_DWAP_SEX_AGE_RT","SEX_M","AGE_5YRBANDS_Y35-39","2014",96.22,,,,"R1:3513"
"EGY","BA:582","EMP_DWAP_SEX_AGE_RT","SEX_M","AGE_5YRBANDS_Y40-44","2014",89.281,,,,"R1:3513"
"EGY","BA:582","EMP_DWAP_SEX_AGE_RT","SEX_M","AGE_5YRBANDS_Y45-49","2014",94.937,,,,"R1:3513"
"EGY","BA:582","EMP_DWAP_SEX_AGE_RT","SEX_M","AGE_5YRBANDS_Y50-54","2014",90.583,,,,"R1:3513"
"EGY","BA:582","EMP_DWAP_SEX_AGE_RT","SEX_M","AGE_5YRBANDS_Y55-59","2014",86.887,,,,"R1:3513"
"EGY","BA:582","EMP_DWAP_SEX_AGE_RT","SEX_M","AGE_5YRBANDS_Y60-64","2014",42.792,,,,"R1:3513"
"EGY","BA:582","EMP_DWAP_SEX_AGE_RT","SEX_M","AGE_5YRBANDS_YGE65","2014",19.886,,,,"R1:3513"
"EGY","BA:582","EMP_DWAP_SEX_AGE_RT","SEX_F","AGE_5YRBANDS_YGE15","2014",17.529,,,,"R1:3513"
"EGY","BA:582","EMP_DWAP_SEX_AGE_RT","SEX_F","AGE_5YRBANDS_Y15-19","2014",4.896,,,,"R1:3513"
"EGY","BA:582","EMP_DWAP_SEX_AGE_RT","SEX_F","AGE_5YRBANDS_Y20-24","2014",15.813,,,,"R1:3513"
"EGY","BA:582","EMP_DWAP_SEX_AGE_RT","SEX_F","AGE_5YRBANDS_Y25-29","2014",19.281,,,,"R1:3513"
"EGY","BA:582","EMP_DWAP_SEX_AGE_RT","SEX_F","AGE_5YRBANDS_Y30-34","2014",26.364,,,,"R1:3513"
"EGY","BA:582","EMP_DWAP_SEX_AGE_RT","SEX_F","AGE_5YRBANDS_Y35-39","2014",21.465,,,,"R1:3513"
"EGY","BA:582","EMP_DWAP_SEX_AGE_RT","SEX_F","AGE_5YRBANDS_Y40-44","2014",27.725,,,,"R1:3513"
"EGY","BA:582","EMP_DWAP_SEX_AGE_RT","SEX_F","AGE_5YRBANDS_Y45-49","2014",24.093,,,,"R1:3513"
"EGY","BA:582","EMP_DWAP_SEX_AGE_RT","SEX_F","AGE_5YRBANDS_Y50-54","2014",25.922,,,,"R1:3513"
"EGY","BA:582","EMP_DWAP_SEX_AGE_RT","SEX_F","AGE_5YRBANDS_Y55-59","2014",20.423,,,,"R1:3513"
"EGY","BA:582","EMP_DWAP_SEX_AGE_RT","SEX_F","AGE_5YRBANDS_Y60-64","2014",6.291,,,,"R1:3513"
"EGY","BA:582","EMP_DWAP_SEX_AGE_RT","SEX_F","AGE_5YRBANDS_YGE65","2014",1.486,,,,"R1:3513"
"EGY","BA:582","EMP_DWAP_SEX_AGE_RT","SEX_T","AGE_YTHADULT_YGE15","2013",42.065,,,,"R1:3513"
"EGY","BA:582","EMP_DWAP_SEX_AGE_RT","SEX_T","AGE_YTHADULT_Y15-64","2013",44.468,,,,"R1:3513"
"EGY","BA:582","EMP_DWAP_SEX_AGE_RT","SEX_T","AGE_YTHADULT_Y15-24","2013",22.708,,,,"R1:3513"
"EGY","BA:582","EMP_DWAP_SEX_AGE_RT","SEX_T","AGE_YTHADULT_YGE25","2013",49.55,,,,"R1:3513"
"EGY","BA:582","EMP_DWAP_SEX_AGE_RT","SEX_M","AGE_YTHADULT_YGE15","2013",66.154,,,,"R1:3513"
"EGY","BA:582","EMP_DWAP_SEX_AGE_RT","SEX_M","AGE_YTHADULT_Y15-64","2013",69.825,,,,"R1:3513"
"EGY","BA:582","EMP_DWAP_SEX_AGE_RT","SEX_M","AGE_YTHADULT_Y15-24","2013",34.344,,,,"R1:3513"
"EGY","BA:582","EMP_DWAP_SEX_AGE_RT","SEX_M","AGE_YTHADULT_YGE25","2013",79.922,,,,"R1:3513"
"EGY","BA:582","EMP_DWAP_SEX_AGE_RT","SEX_F","AGE_YTHADULT_YGE15","2013",17.378,,,,"R1:3513"
"EGY","BA:582","EMP_DWAP_SEX_AGE_RT","SEX_F","AGE_YTHADULT_Y15-64","2013",18.524,,,,"R1:3513"
"EGY","BA:582","EMP_DWAP_SEX_AGE_RT","SEX_F","AGE_YTHADULT_Y15-24","2013",8.581,,,,"R1:3513"
"EGY","BA:582","EMP_DWAP_SEX_AGE_RT","SEX_F","AGE_YTHADULT_YGE25","2013",20.39,,,,"R1:3513"
"EGY","BA:582","EMP_DWAP_SEX_AGE_RT","SEX_T","AGE_AGGREGATE_YGE15","2013",42.065,,,,"R1:3513"
"EGY","BA:582","EMP_DWAP_SEX_AGE_RT","SEX_T","AGE_AGGREGATE_Y15-24","2013",22.708,,,,"R1:3513"
"EGY","BA:582","EMP_DWAP_SEX_AGE_RT","SEX_T","AGE_AGGREGATE_Y25-54","2013",56.261,,,,"R1:3513"
"EGY","BA:582","EMP_DWAP_SEX_AGE_RT","SEX_T","AGE_AGGREGATE_Y55-64","2013",41.407,,,,"R1:3513"
"EGY","BA:582","EMP_DWAP_SEX_AGE_RT","SEX_T","AGE_AGGREGATE_YGE65","2013",11.448,,,,"R1:3513"
"EGY","BA:582","EMP_DWAP_SEX_AGE_RT","SEX_M","AGE_AGGREGATE_YGE15","2013",66.154,,,,"R1:3513"
"EGY","BA:582","EMP_DWAP_SEX_AGE_RT","SEX_M","AGE_AGGREGATE_Y15-24","2013",34.344,,,,"R1:3513"
"EGY","BA:582","EMP_DWAP_SEX_AGE_RT","SEX_M","AGE_AGGREGATE_Y25-54","2013",91.015,,,,"R1:3513"
"EGY","BA:582","EMP_DWAP_SEX_AGE_RT","SEX_M","AGE_AGGREGATE_Y55-64","2013",67.664,,,,"R1:3513"
"EGY","BA:582","EMP_DWAP_SEX_AGE_RT","SEX_M","AGE_AGGREGATE_YGE65","2013",19.897,,,,"R1:3513"
"EGY","BA:582","EMP_DWAP_SEX_AGE_RT","SEX_F","AGE_AGGREGATE_YGE15","2013",17.378,,,,"R1:3513"
"EGY","BA:582","EMP_DWAP_SEX_AGE_RT","SEX_F","AGE_AGGREGATE_Y15-24","2013",8.581,,,,"R1:3513"
"EGY","BA:582","EMP_DWAP_SEX_AGE_RT","SEX_F","AGE_AGGREGATE_Y25-54","2013",23.86,,,,"R1:3513"
"EGY","BA:582","EMP_DWAP_SEX_AGE_RT","SEX_F","AGE_AGGREGATE_Y55-64","2013",13.807,,,,"R1:3513"
"EGY","BA:582","EMP_DWAP_SEX_AGE_RT","SEX_F","AGE_AGGREGATE_YGE65","2013",2.608,,,,"R1:3513"
"EGY","BA:582","EMP_DWAP_SEX_AGE_RT","SEX_T","AGE_10YRBANDS_YGE15","2013",42.065,,,,"R1:3513"
"EGY","BA:582","EMP_DWAP_SEX_AGE_RT","SEX_T","AGE_10YRBANDS_Y15-24","2013",22.708,,,,"R1:3513"
"EGY","BA:582","EMP_DWAP_SEX_AGE_RT","SEX_T","AGE_10YRBANDS_Y25-34","2013",53.032,,,,"R1:3513"
"EGY","BA:582","EMP_DWAP_SEX_AGE_RT","SEX_T","AGE_10YRBANDS_Y35-44","2013",57.939,,,,"R1:3513"
"EGY","BA:582","EMP_DWAP_SEX_AGE_RT","SEX_T","AGE_10YRBANDS_Y45-54","2013",58.886,,,,"R1:3513"
"EGY","BA:582","EMP_DWAP_SEX_AGE_RT","SEX_T","AGE_10YRBANDS_Y55-64","2013",41.407,,,,"R1:3513"
"EGY","BA:582","EMP_DWAP_SEX_AGE_RT","SEX_T","AGE_10YRBANDS_YGE65","2013",11.448,,,,"R1:3513"
"EGY","BA:582","EMP_DWAP_SEX_AGE_RT","SEX_M","AGE_10YRBANDS_YGE15","2013",66.154,,,,"R1:3513"
"EGY","BA:582","EMP_DWAP_SEX_AGE_RT","SEX_M","AGE_10YRBANDS_Y15-24","2013",34.344,,,,"R1:3513"
"EGY","BA:582","EMP_DWAP_SEX_AGE_RT","SEX_M","AGE_10YRBANDS_Y25-34","2013",88.791,,,,"R1:3513"
"EGY","BA:582","EMP_DWAP_SEX_AGE_RT","SEX_M","AGE_10YRBANDS_Y35-44","2013",93.121,,,,"R1:3513"
"EGY","BA:582","EMP_DWAP_SEX_AGE_RT","SEX_M","AGE_10YRBANDS_Y45-54","2013",91.607,,,,"R1:3513"
"EGY","BA:582","EMP_DWAP_SEX_AGE_RT","SEX_M","AGE_10YRBANDS_Y55-64","2013",67.664,,,,"R1:3513"
"EGY","BA:582","EMP_DWAP_SEX_AGE_RT","SEX_M","AGE_10YRBANDS_YGE65","2013",19.897,,,,"R1:3513"
"EGY","BA:582","EMP_DWAP_SEX_AGE_RT","SEX_F","AGE_10YRBANDS_YGE15","2013",17.378,,,,"R1:3513"
"EGY","BA:582","EMP_DWAP_SEX_AGE_RT","SEX_F","AGE_10YRBANDS_Y15-24","2013",8.581,,,,"R1:3513"
"EGY","BA:582","EMP_DWAP_SEX_AGE_RT","SEX_F","AGE_10YRBANDS_Y25-34","2013",21.549,,,,"R1:3513"
"EGY","BA:582","EMP_DWAP_SEX_AGE_RT","SEX_F","AGE_10YRBANDS_Y35-44","2013",24.905,,,,"R1:3513"
"EGY","BA:582","EMP_DWAP_SEX_AGE_RT","SEX_F","AGE_10YRBANDS_Y45-54","2013",26.089,,,,"R1:3513"
"EGY","BA:582","EMP_DWAP_SEX_AGE_RT","SEX_F","AGE_10YRBANDS_Y55-64","2013",13.807,,,,"R1:3513"
"EGY","BA:582","EMP_DWAP_SEX_AGE_RT","SEX_F","AGE_10YRBANDS_YGE65","2013",2.608,,,,"R1:3513"
"EGY","BA:582","EMP_DWAP_SEX_AGE_RT","SEX_T","AGE_5YRBANDS_YGE15","2013",42.065,,,,"R1:3513"
"EGY","BA:582","EMP_DWAP_SEX_AGE_RT","SEX_T","AGE_5YRBANDS_Y15-19","2013",12.76,,,,"R1:3513"
"EGY","BA:582","EMP_DWAP_SEX_AGE_RT","SEX_T","AGE_5YRBANDS_Y20-24","2013",35.073,,,,"R1:3513"
"EGY","BA:582","EMP_DWAP_SEX_AGE_RT","SEX_T","AGE_5YRBANDS_Y25-29","2013",49.569,,,,"R1:3513"
"EGY","BA:582","EMP_DWAP_SEX_AGE_RT","SEX_T","AGE_5YRBANDS_Y30-34","2013",57.039,,,,"R1:3513"
"EGY","BA:582","EMP_DWAP_SEX_AGE_RT","SEX_T","AGE_5YRBANDS_Y35-39","2013",57.218,,,,"R1:3513"
"EGY","BA:582","EMP_DWAP_SEX_AGE_RT","SEX_T","AGE_5YRBANDS_Y40-44","2013",58.772,,,,"R1:3513"
"EGY","BA:582","EMP_DWAP_SEX_AGE_RT","SEX_T","AGE_5YRBANDS_Y45-49","2013",59.741,,,,"R1:3513"
"EGY","BA:582","EMP_DWAP_SEX_AGE_RT","SEX_T","AGE_5YRBANDS_Y50-54","2013",57.923,,,,"R1:3513"
"EGY","BA:582","EMP_DWAP_SEX_AGE_RT","SEX_T","AGE_5YRBANDS_Y55-59","2013",54.022,,,,"R1:3513"
"EGY","BA:582","EMP_DWAP_SEX_AGE_RT","SEX_T","AGE_5YRBANDS_Y60-64","2013",26.414,,,,"R1:3513"
"EGY","BA:582","EMP_DWAP_SEX_AGE_RT","SEX_T","AGE_5YRBANDS_YGE65","2013",11.448,,,,"R1:3513"
"EGY","BA:582","EMP_DWAP_SEX_AGE_RT","SEX_M","AGE_5YRBANDS_YGE15","2013",66.154,,,,"R1:3513"
"EGY","BA:582","EMP_DWAP_SEX_AGE_RT","SEX_M","AGE_5YRBANDS_Y15-19","2013",20.335,,,,"R1:3513"
"EGY","BA:582","EMP_DWAP_SEX_AGE_RT","SEX_M","AGE_5YRBANDS_Y20-24","2013",50.504,,,,"R1:3513"
"EGY","BA:582","EMP_DWAP_SEX_AGE_RT","SEX_M","AGE_5YRBANDS_Y25-29","2013",85.84,,,,"R1:3513"
"EGY","BA:582","EMP_DWAP_SEX_AGE_RT","SEX_M","AGE_5YRBANDS_Y30-34","2013",92.193,,,,"R1:3513"
"EGY","BA:582","EMP_DWAP_SEX_AGE_RT","SEX_M","AGE_5YRBANDS_Y35-39","2013",94.088,,,,"R1:3513"
"EGY","BA:582","EMP_DWAP_SEX_AGE_RT","SEX_M","AGE_5YRBANDS_Y40-44","2013",92.018,,,,"R1:3513"
"EGY","BA:582","EMP_DWAP_SEX_AGE_RT","SEX_M","AGE_5YRBANDS_Y45-49","2013",93.888,,,,"R1:3513"
"EGY","BA:582","EMP_DWAP_SEX_AGE_RT","SEX_M","AGE_5YRBANDS_Y50-54","2013",89.114,,,,"R1:3513"
"EGY","BA:582","EMP_DWAP_SEX_AGE_RT","SEX_M","AGE_5YRBANDS_Y55-59","2013",86.533,,,,"R1:3513"
"EGY","BA:582","EMP_DWAP_SEX_AGE_RT","SEX_M","AGE_5YRBANDS_Y60-64","2013",45.66,,,,"R1:3513"
"EGY","BA:582","EMP_DWAP_SEX_AGE_RT","SEX_M","AGE_5YRBANDS_YGE65","2013",19.897,,,,"R1:3513"
"EGY","BA:582","EMP_DWAP_SEX_AGE_RT","SEX_F","AGE_5YRBANDS_YGE15","2013",17.378,,,,"R1:3513"
"EGY","BA:582","EMP_DWAP_SEX_AGE_RT","SEX_F","AGE_5YRBANDS_Y15-19","2013",4.219,,,,"R1:3513"
"EGY","BA:582","EMP_DWAP_SEX_AGE_RT","SEX_F","AGE_5YRBANDS_Y20-24","2013",14.522,,,,"R1:3513"
"EGY","BA:582","EMP_DWAP_SEX_AGE_RT","SEX_F","AGE_5YRBANDS_Y25-29","2013",17.754,,,,"R1:3513"
"EGY","BA:582","EMP_DWAP_SEX_AGE_RT","SEX_F","AGE_5YRBANDS_Y30-34","2013",25.958,,,,"R1:3513"
"EGY","BA:582","EMP_DWAP_SEX_AGE_RT","SEX_F","AGE_5YRBANDS_Y35-39","2013",23.028,,,,"R1:3513"
"EGY","BA:582","EMP_DWAP_SEX_AGE_RT","SEX_F","AGE_5YRBANDS_Y40-44","2013",27.105,,,,"R1:3513"
"EGY","BA:582","EMP_DWAP_SEX_AGE_RT","SEX_F","AGE_5YRBANDS_Y45-49","2013",26.485,,,,"R1:3513"
"EGY","BA:582","EMP_DWAP_SEX_AGE_RT","SEX_F","AGE_5YRBANDS_Y50-54","2013",25.629,,,,"R1:3513"
"EGY","BA:582","EMP_DWAP_SEX_AGE_RT","SEX_F","AGE_5YRBANDS_Y55-59","2013",20.449,,,,"R1:3513"
"EGY","BA:582","EMP_DWAP_SEX_AGE_RT","SEX_F","AGE_5YRBANDS_Y60-64","2013",5.754,,,,"R1:3513"
"EGY","BA:582","EMP_DWAP_SEX_AGE_RT","SEX_F","AGE_5YRBANDS_YGE65","2013",2.608,,,,"R1:3513"
"EGY","BA:582","EMP_DWAP_SEX_AGE_RT","SEX_T","AGE_YTHADULT_YGE15","2012",42.385,,,,"R1:3513"
"EGY","BA:582","EMP_DWAP_SEX_AGE_RT","SEX_T","AGE_YTHADULT_Y15-64","2012",44.643,,,,"R1:3513"
"EGY","BA:582","EMP_DWAP_SEX_AGE_RT","SEX_T","AGE_YTHADULT_Y15-24","2012",22.011,,,,"R1:3513"
"EGY","BA:582","EMP_DWAP_SEX_AGE_RT","SEX_T","AGE_YTHADULT_YGE25","2012",50.461,,,,"R1:3513"
"EGY","BA:582","EMP_DWAP_SEX_AGE_RT","SEX_M","AGE_YTHADULT_YGE15","2012",67.038,,,,"R1:3513"
"EGY","BA:582","EMP_DWAP_SEX_AGE_RT","SEX_M","AGE_YTHADULT_Y15-64","2012",70.502,,,,"R1:3513"
"EGY","BA:582","EMP_DWAP_SEX_AGE_RT","SEX_M","AGE_YTHADULT_Y15-24","2012",34.581,,,,"R1:3513"
"EGY","BA:582","EMP_DWAP_SEX_AGE_RT","SEX_M","AGE_YTHADULT_YGE25","2012",81.169,,,,"R1:3513"
"EGY","BA:582","EMP_DWAP_SEX_AGE_RT","SEX_F","AGE_YTHADULT_YGE15","2012",17.014,,,,"R1:3513"
"EGY","BA:582","EMP_DWAP_SEX_AGE_RT","SEX_F","AGE_YTHADULT_Y15-64","2012",18.089,,,,"R1:3513"
"EGY","BA:582","EMP_DWAP_SEX_AGE_RT","SEX_F","AGE_YTHADULT_Y15-24","2012",7.143,,,,"R1:3513"
"EGY","BA:582","EMP_DWAP_SEX_AGE_RT","SEX_F","AGE_YTHADULT_YGE25","2012",20.552,,,,"R1:3513"
"EGY","BA:582","EMP_DWAP_SEX_AGE_RT","SEX_T","AGE_AGGREGATE_YGE15","2012",42.385,,,,"R1:3513"
"EGY","BA:582","EMP_DWAP_SEX_AGE_RT","SEX_T","AGE_AGGREGATE_Y15-24","2012",22.011,,,,"R1:3513"
"EGY","BA:582","EMP_DWAP_SEX_AGE_RT","SEX_T","AGE_AGGREGATE_Y25-54","2012",56.861,,,,"R1:3513"
"EGY","BA:582","EMP_DWAP_SEX_AGE_RT","SEX_T","AGE_AGGREGATE_Y55-64","2012",42.774,,,,"R1:3513"
"EGY","BA:582","EMP_DWAP_SEX_AGE_RT","SEX_T","AGE_AGGREGATE_YGE65","2012",12.261,,,,"R1:3513"
"EGY","BA:582","EMP_DWAP_SEX_AGE_RT","SEX_M","AGE_AGGREGATE_YGE15","2012",67.038,,,,"R1:3513"
"EGY","BA:582","EMP_DWAP_SEX_AGE_RT","SEX_M","AGE_AGGREGATE_Y15-24","2012",34.581,,,,"R1:3513"
"EGY","BA:582","EMP_DWAP_SEX_AGE_RT","SEX_M","AGE_AGGREGATE_Y25-54","2012",91.779,,,,"R1:3513"
"EGY","BA:582","EMP_DWAP_SEX_AGE_RT","SEX_M","AGE_AGGREGATE_Y55-64","2012",68.818,,,,"R1:3513"
"EGY","BA:582","EMP_DWAP_SEX_AGE_RT","SEX_M","AGE_AGGREGATE_YGE65","2012",21.529,,,,"R1:3513"
"EGY","BA:582","EMP_DWAP_SEX_AGE_RT","SEX_F","AGE_AGGREGATE_YGE15","2012",17.014,,,,"R1:3513"
"EGY","BA:582","EMP_DWAP_SEX_AGE_RT","SEX_F","AGE_AGGREGATE_Y15-24","2012",7.143,,,,"R1:3513"
"EGY","BA:582","EMP_DWAP_SEX_AGE_RT","SEX_F","AGE_AGGREGATE_Y25-54","2012",23.698,,,,"R1:3513"
"EGY","BA:582","EMP_DWAP_SEX_AGE_RT","SEX_F","AGE_AGGREGATE_Y55-64","2012",15.436,,,,"R1:3513"
"EGY","BA:582","EMP_DWAP_SEX_AGE_RT","SEX_F","AGE_AGGREGATE_YGE65","2012",2.445,,,,"R1:3513"
"EGY","BA:582","EMP_DWAP_SEX_AGE_RT","SEX_T","AGE_10YRBANDS_YGE15","2012",42.385,,,,"R1:3513"
"EGY","BA:582","EMP_DWAP_SEX_AGE_RT","SEX_T","AGE_10YRBANDS_Y15-24","2012",22.011,,,,"R1:3513"
"EGY","BA:582","EMP_DWAP_SEX_AGE_RT","SEX_T","AGE_10YRBANDS_Y25-34","2012",52.618,,,,"R1:3513"
"EGY","BA:582","EMP_DWAP_SEX_AGE_RT","SEX_T","AGE_10YRBANDS_Y35-44","2012",58.991,,,,"R1:3513"
"EGY","BA:582","EMP_DWAP_SEX_AGE_RT","SEX_T","AGE_10YRBANDS_Y45-54","2012",60.649,,,,"R1:3513"
"EGY","BA:582","EMP_DWAP_SEX_AGE_RT","SEX_T","AGE_10YRBANDS_Y55-64","2012",42.774,,,,"R1:3513"
"EGY","BA:582","EMP_DWAP_SEX_AGE_RT","SEX_T","AGE_10YRBANDS_YGE65","2012",12.261,,,,"R1:3513"
"EGY","BA:582","EMP_DWAP_SEX_AGE_RT","SEX_M","AGE_10YRBANDS_YGE15","2012",67.038,,,,"R1:3513"
"EGY","BA:582","EMP_DWAP_SEX_AGE_RT","SEX_M","AGE_10YRBANDS_Y15-24","2012",34.581,,,,"R1:3513"
"EGY","BA:582","EMP_DWAP_SEX_AGE_RT","SEX_M","AGE_10YRBANDS_Y25-34","2012",87.938,,,,"R1:3513"
"EGY","BA:582","EMP_DWAP_SEX_AGE_RT","SEX_M","AGE_10YRBANDS_Y35-44","2012",94.809,,,,"R1:3513"
"EGY","BA:582","EMP_DWAP_SEX_AGE_RT","SEX_M","AGE_10YRBANDS_Y45-54","2012",93.796,,,,"R1:3513"
"EGY","BA:582","EMP_DWAP_SEX_AGE_RT","SEX_M","AGE_10YRBANDS_Y55-64","2012",68.818,,,,"R1:3513"
"EGY","BA:582","EMP_DWAP_SEX_AGE_RT","SEX_M","AGE_10YRBANDS_YGE65","2012",21.529,,,,"R1:3513"
"EGY","BA:582","EMP_DWAP_SEX_AGE_RT","SEX_F","AGE_10YRBANDS_YGE15","2012",17.014,,,,"R1:3513"
"EGY","BA:582","EMP_DWAP_SEX_AGE_RT","SEX_F","AGE_10YRBANDS_Y15-24","2012",7.143,,,,"R1:3513"
"EGY","BA:582","EMP_DWAP_SEX_AGE_RT","SEX_F","AGE_10YRBANDS_Y25-34","2012",20.13,,,,"R1:3513"
"EGY","BA:582","EMP_DWAP_SEX_AGE_RT","SEX_F","AGE_10YRBANDS_Y35-44","2012",24.825,,,,"R1:3513"
"EGY","BA:582","EMP_DWAP_SEX_AGE_RT","SEX_F","AGE_10YRBANDS_Y45-54","2012",27.821,,,,"R1:3513"
"EGY","BA:582","EMP_DWAP_SEX_AGE_RT","SEX_F","AGE_10YRBANDS_Y55-64","2012",15.436,,,,"R1:3513"
"EGY","BA:582","EMP_DWAP_SEX_AGE_RT","SEX_F","AGE_10YRBANDS_YGE65","2012",2.445,,,,"R1:3513"
"EGY","BA:582","EMP_DWAP_SEX_AGE_RT","SEX_T","AGE_5YRBANDS_YGE15","2012",42.385,,,,"R1:3513"
"EGY","BA:582","EMP_DWAP_SEX_AGE_RT","SEX_T","AGE_5YRBANDS_Y15-19","2012",12.472,,,,"R1:3513"
"EGY","BA:582","EMP_DWAP_SEX_AGE_RT","SEX_T","AGE_5YRBANDS_Y20-24","2012",33.06,,,,"R1:3513"
"EGY","BA:582","EMP_DWAP_SEX_AGE_RT","SEX_T","AGE_5YRBANDS_Y25-29","2012",50.936,,,,"R1:3513"
"EGY","BA:582","EMP_DWAP_SEX_AGE_RT","SEX_T","AGE_5YRBANDS_Y30-34","2012",54.647,,,,"R1:3513"
"EGY","BA:582","EMP_DWAP_SEX_AGE_RT","SEX_T","AGE_5YRBANDS_Y35-39","2012",58.288,,,,"R1:3513"
"EGY","BA:582","EMP_DWAP_SEX_AGE_RT","SEX_T","AGE_5YRBANDS_Y40-44","2012",59.804,,,,"R1:3513"
"EGY","BA:582","EMP_DWAP_SEX_AGE_RT","SEX_T","AGE_5YRBANDS_Y45-49","2012",61.05,,,,"R1:3513"
"EGY","BA:582","EMP_DWAP_SEX_AGE_RT","SEX_T","AGE_5YRBANDS_Y50-54","2012",60.182,,,,"R1:3513"
"EGY","BA:582","EMP_DWAP_SEX_AGE_RT","SEX_T","AGE_5YRBANDS_Y55-59","2012",55.043,,,,"R1:3513"
"EGY","BA:582","EMP_DWAP_SEX_AGE_RT","SEX_T","AGE_5YRBANDS_Y60-64","2012",27.711,,,,"R1:3513"
"EGY","BA:582","EMP_DWAP_SEX_AGE_RT","SEX_T","AGE_5YRBANDS_YGE65","2012",12.261,,,,"R1:3513"
"EGY","BA:582","EMP_DWAP_SEX_AGE_RT","SEX_M","AGE_5YRBANDS_YGE15","2012",67.038,,,,"R1:3513"
"EGY","BA:582","EMP_DWAP_SEX_AGE_RT","SEX_M","AGE_5YRBANDS_Y15-19","2012",20.659,,,,"R1:3513"
"EGY","BA:582","EMP_DWAP_SEX_AGE_RT","SEX_M","AGE_5YRBANDS_Y20-24","2012",49.891,,,,"R1:3513"
"EGY","BA:582","EMP_DWAP_SEX_AGE_RT","SEX_M","AGE_5YRBANDS_Y25-29","2012",85.809,,,,"R1:3513"
"EGY","BA:582","EMP_DWAP_SEX_AGE_RT","SEX_M","AGE_5YRBANDS_Y30-34","2012",90.518,,,,"R1:3513"
"EGY","BA:582","EMP_DWAP_SEX_AGE_RT","SEX_M","AGE_5YRBANDS_Y35-39","2012",95.114,,,,"R1:3513"
"EGY","BA:582","EMP_DWAP_SEX_AGE_RT","SEX_M","AGE_5YRBANDS_Y40-44","2012",94.465,,,,"R1:3513"
"EGY","BA:582","EMP_DWAP_SEX_AGE_RT","SEX_M","AGE_5YRBANDS_Y45-49","2012",95.109,,,,"R1:3513"
"EGY","BA:582","EMP_DWAP_SEX_AGE_RT","SEX_M","AGE_5YRBANDS_Y50-54","2012",92.285,,,,"R1:3513"
"EGY","BA:582","EMP_DWAP_SEX_AGE_RT","SEX_M","AGE_5YRBANDS_Y55-59","2012",86.383,,,,"R1:3513"
"EGY","BA:582","EMP_DWAP_SEX_AGE_RT","SEX_M","AGE_5YRBANDS_Y60-64","2012",47.388,,,,"R1:3513"
"EGY","BA:582","EMP_DWAP_SEX_AGE_RT","SEX_M","AGE_5YRBANDS_YGE65","2012",21.529,,,,"R1:3513"
"EGY","BA:582","EMP_DWAP_SEX_AGE_RT","SEX_F","AGE_5YRBANDS_YGE15","2012",17.014,,,,"R1:3513"
"EGY","BA:582","EMP_DWAP_SEX_AGE_RT","SEX_F","AGE_5YRBANDS_Y15-19","2012",3.283,,,,"R1:3513"
"EGY","BA:582","EMP_DWAP_SEX_AGE_RT","SEX_F","AGE_5YRBANDS_Y20-24","2012",11.897,,,,"R1:3513"
"EGY","BA:582","EMP_DWAP_SEX_AGE_RT","SEX_F","AGE_5YRBANDS_Y25-29","2012",18.708,,,,"R1:3513"
"EGY","BA:582","EMP_DWAP_SEX_AGE_RT","SEX_F","AGE_5YRBANDS_Y30-34","2012",21.836,,,,"R1:3513"
"EGY","BA:582","EMP_DWAP_SEX_AGE_RT","SEX_F","AGE_5YRBANDS_Y35-39","2012",24.023,,,,"R1:3513"
"EGY","BA:582","EMP_DWAP_SEX_AGE_RT","SEX_F","AGE_5YRBANDS_Y40-44","2012",25.778,,,,"R1:3513"
"EGY","BA:582","EMP_DWAP_SEX_AGE_RT","SEX_F","AGE_5YRBANDS_Y45-49","2012",27.762,,,,"R1:3513"
"EGY","BA:582","EMP_DWAP_SEX_AGE_RT","SEX_F","AGE_5YRBANDS_Y50-54","2012",27.89,,,,"R1:3513"
"EGY","BA:582","EMP_DWAP_SEX_AGE_RT","SEX_F","AGE_5YRBANDS_Y55-59","2012",22.333,,,,"R1:3513"
"EGY","BA:582","EMP_DWAP_SEX_AGE_RT","SEX_F","AGE_5YRBANDS_Y60-64","2012",6.914,,,,"R1:3513"
"EGY","BA:582","EMP_DWAP_SEX_AGE_RT","SEX_F","AGE_5YRBANDS_YGE65","2012",2.445,,,,"R1:3513"
"EGY","BA:582","EMP_DWAP_SEX_AGE_RT","SEX_T","AGE_YTHADULT_YGE15","2011",43.005,,,,"R1:3513"
"EGY","BA:582","EMP_DWAP_SEX_AGE_RT","SEX_T","AGE_YTHADULT_Y15-64","2011",45.118,,,,"R1:3513"
"EGY","BA:582","EMP_DWAP_SEX_AGE_RT","SEX_T","AGE_YTHADULT_Y15-24","2011",23.667,,,,"R1:3513"
"EGY","BA:582","EMP_DWAP_SEX_AGE_RT","SEX_T","AGE_YTHADULT_YGE25","2011",51.049,,,,"R1:3513"
"EGY","BA:582","EMP_DWAP_SEX_AGE_RT","SEX_M","AGE_YTHADULT_YGE15","2011",67.765,,,,"R1:3513"
"EGY","BA:582","EMP_DWAP_SEX_AGE_RT","SEX_M","AGE_YTHADULT_Y15-64","2011",71.057,,,,"R1:3513"
"EGY","BA:582","EMP_DWAP_SEX_AGE_RT","SEX_M","AGE_YTHADULT_Y15-24","2011",37.28,,,,"R1:3513"
"EGY","BA:582","EMP_DWAP_SEX_AGE_RT","SEX_M","AGE_YTHADULT_YGE25","2011",81.446,,,,"R1:3513"
"EGY","BA:582","EMP_DWAP_SEX_AGE_RT","SEX_F","AGE_YTHADULT_YGE15","2011",17.354,,,,"R1:3513"
"EGY","BA:582","EMP_DWAP_SEX_AGE_RT","SEX_F","AGE_YTHADULT_Y15-64","2011",18.349,,,,"R1:3513"
"EGY","BA:582","EMP_DWAP_SEX_AGE_RT","SEX_F","AGE_YTHADULT_Y15-24","2011",7.911,,,,"R1:3513"
"EGY","BA:582","EMP_DWAP_SEX_AGE_RT","SEX_F","AGE_YTHADULT_YGE25","2011",20.976,,,,"R1:3513"
"EGY","BA:582","EMP_DWAP_SEX_AGE_RT","SEX_T","AGE_AGGREGATE_YGE15","2011",43.005,,,,"R1:3513"
"EGY","BA:582","EMP_DWAP_SEX_AGE_RT","SEX_T","AGE_AGGREGATE_Y15-24","2011",23.667,,,,"R1:3513"
"EGY","BA:582","EMP_DWAP_SEX_AGE_RT","SEX_T","AGE_AGGREGATE_Y25-54","2011",57.021,,,,"R1:3513"
"EGY","BA:582","EMP_DWAP_SEX_AGE_RT","SEX_T","AGE_AGGREGATE_Y55-64","2011",43.548,,,,"R1:3513"
"EGY","BA:582","EMP_DWAP_SEX_AGE_RT","SEX_T","AGE_AGGREGATE_YGE65","2011",11.756,,,,"R1:3513"
"EGY","BA:582","EMP_DWAP_SEX_AGE_RT","SEX_M","AGE_AGGREGATE_YGE15","2011",67.765,,,,"R1:3513"
"EGY","BA:582","EMP_DWAP_SEX_AGE_RT","SEX_M","AGE_AGGREGATE_Y15-24","2011",37.28,,,,"R1:3513"
"EGY","BA:582","EMP_DWAP_SEX_AGE_RT","SEX_M","AGE_AGGREGATE_Y25-54","2011",91.396,,,,"R1:3513"
"EGY","BA:582","EMP_DWAP_SEX_AGE_RT","SEX_M","AGE_AGGREGATE_Y55-64","2011",69.349,,,,"R1:3513"
"EGY","BA:582","EMP_DWAP_SEX_AGE_RT","SEX_M","AGE_AGGREGATE_YGE65","2011",20.509,,,,"R1:3513"
"EGY","BA:582","EMP_DWAP_SEX_AGE_RT","SEX_F","AGE_AGGREGATE_YGE15","2011",17.354,,,,"R1:3513"
"EGY","BA:582","EMP_DWAP_SEX_AGE_RT","SEX_F","AGE_AGGREGATE_Y15-24","2011",7.911,,,,"R1:3513"
"EGY","BA:582","EMP_DWAP_SEX_AGE_RT","SEX_F","AGE_AGGREGATE_Y25-54","2011",23.938,,,,"R1:3513"
"EGY","BA:582","EMP_DWAP_SEX_AGE_RT","SEX_F","AGE_AGGREGATE_Y55-64","2011",15.786,,,,"R1:3513"
"EGY","BA:582","EMP_DWAP_SEX_AGE_RT","SEX_F","AGE_AGGREGATE_YGE65","2011",2.149,,,,"R1:3513"
"EGY","BA:582","EMP_DWAP_SEX_AGE_RT","SEX_T","AGE_10YRBANDS_YGE15","2011",43.005,,,,"R1:3513"
"EGY","BA:582","EMP_DWAP_SEX_AGE_RT","SEX_T","AGE_10YRBANDS_Y15-24","2011",23.667,,,,"R1:3513"
"EGY","BA:582","EMP_DWAP_SEX_AGE_RT","SEX_T","AGE_10YRBANDS_Y25-34","2011",53.196,,,,"R1:3513"
"EGY","BA:582","EMP_DWAP_SEX_AGE_RT","SEX_T","AGE_10YRBANDS_Y35-44","2011",59.289,,,,"R1:3513"
"EGY","BA:582","EMP_DWAP_SEX_AGE_RT","SEX_T","AGE_10YRBANDS_Y45-54","2011",60.259,,,,"R1:3513"
"EGY","BA:582","EMP_DWAP_SEX_AGE_RT","SEX_T","AGE_10YRBANDS_Y55-64","2011",43.548,,,,"R1:3513"
"EGY","BA:582","EMP_DWAP_SEX_AGE_RT","SEX_T","AGE_10YRBANDS_YGE65","2011",11.756,,,,"R1:3513"
"EGY","BA:582","EMP_DWAP_SEX_AGE_RT","SEX_M","AGE_10YRBANDS_YGE15","2011",67.765,,,,"R1:3513"
"EGY","BA:582","EMP_DWAP_SEX_AGE_RT","SEX_M","AGE_10YRBANDS_Y15-24","2011",37.28,,,,"R1:3513"
"EGY","BA:582","EMP_DWAP_SEX_AGE_RT","SEX_M","AGE_10YRBANDS_Y25-34","2011",88.287,,,,"R1:3513"
"EGY","BA:582","EMP_DWAP_SEX_AGE_RT","SEX_M","AGE_10YRBANDS_Y35-44","2011",94.112,,,,"R1:3513"
"EGY","BA:582","EMP_DWAP_SEX_AGE_RT","SEX_M","AGE_10YRBANDS_Y45-54","2011",92.954,,,,"R1:3513"
"EGY","BA:582","EMP_DWAP_SEX_AGE_RT","SEX_M","AGE_10YRBANDS_Y55-64","2011",69.349,,,,"R1:3513"
"EGY","BA:582","EMP_DWAP_SEX_AGE_RT","SEX_M","AGE_10YRBANDS_YGE65","2011",20.509,,,,"R1:3513"
"EGY","BA:582","EMP_DWAP_SEX_AGE_RT","SEX_F","AGE_10YRBANDS_YGE15","2011",17.354,,,,"R1:3513"
"EGY","BA:582","EMP_DWAP_SEX_AGE_RT","SEX_F","AGE_10YRBANDS_Y15-24","2011",7.911,,,,"R1:3513"
"EGY","BA:582","EMP_DWAP_SEX_AGE_RT","SEX_F","AGE_10YRBANDS_Y25-34","2011",19.815,,,,"R1:3513"
"EGY","BA:582","EMP_DWAP_SEX_AGE_RT","SEX_F","AGE_10YRBANDS_Y35-44","2011",25.875,,,,"R1:3513"
"EGY","BA:582","EMP_DWAP_SEX_AGE_RT","SEX_F","AGE_10YRBANDS_Y45-54","2011",28.105,,,,"R1:3513"
"EGY","BA:582","EMP_DWAP_SEX_AGE_RT","SEX_F","AGE_10YRBANDS_Y55-64","2011",15.786,,,,"R1:3513"
"EGY","BA:582","EMP_DWAP_SEX_AGE_RT","SEX_F","AGE_10YRBANDS_YGE65","2011",2.149,,,,"R1:3513"
"EGY","BA:582","EMP_DWAP_SEX_AGE_RT","SEX_T","AGE_5YRBANDS_YGE15","2011",43.005,,,,"R1:3513"
"EGY","BA:582","EMP_DWAP_SEX_AGE_RT","SEX_T","AGE_5YRBANDS_Y15-19","2011",13.145,,,,"R1:3513"
"EGY","BA:582","EMP_DWAP_SEX_AGE_RT","SEX_T","AGE_5YRBANDS_Y20-24","2011",34.877,,,,"R1:3513"
"EGY","BA:582","EMP_DWAP_SEX_AGE_RT","SEX_T","AGE_5YRBANDS_Y25-29","2011",50.901,,,,"R1:3513"
"EGY","BA:582","EMP_DWAP_SEX_AGE_RT","SEX_T","AGE_5YRBANDS_Y30-34","2011",56.119,,,,"R1:3513"
"EGY","BA:582","EMP_DWAP_SEX_AGE_RT","SEX_T","AGE_5YRBANDS_Y35-39","2011",58.472,,,,"R1:3513"
"EGY","BA:582","EMP_DWAP_SEX_AGE_RT","SEX_T","AGE_5YRBANDS_Y40-44","2011",60.219,,,,"R1:3513"
"EGY","BA:582","EMP_DWAP_SEX_AGE_RT","SEX_T","AGE_5YRBANDS_Y45-49","2011",61.829,,,,"R1:3513"
"EGY","BA:582","EMP_DWAP_SEX_AGE_RT","SEX_T","AGE_5YRBANDS_Y50-54","2011",58.345,,,,"R1:3513"
"EGY","BA:582","EMP_DWAP_SEX_AGE_RT","SEX_T","AGE_5YRBANDS_Y55-59","2011",54.695,,,,"R1:3513"
"EGY","BA:582","EMP_DWAP_SEX_AGE_RT","SEX_T","AGE_5YRBANDS_Y60-64","2011",29.322,,,,"R1:3513"
"EGY","BA:582","EMP_DWAP_SEX_AGE_RT","SEX_T","AGE_5YRBANDS_YGE65","2011",11.756,,,,"R1:3513"
"EGY","BA:582","EMP_DWAP_SEX_AGE_RT","SEX_M","AGE_5YRBANDS_YGE15","2011",67.765,,,,"R1:3513"
"EGY","BA:582","EMP_DWAP_SEX_AGE_RT","SEX_M","AGE_5YRBANDS_Y15-19","2011",21.661,,,,"R1:3513"
"EGY","BA:582","EMP_DWAP_SEX_AGE_RT","SEX_M","AGE_5YRBANDS_Y20-24","2011",53.332,,,,"R1:3513"
"EGY","BA:582","EMP_DWAP_SEX_AGE_RT","SEX_M","AGE_5YRBANDS_Y25-29","2011",84.826,,,,"R1:3513"
"EGY","BA:582","EMP_DWAP_SEX_AGE_RT","SEX_M","AGE_5YRBANDS_Y30-34","2011",92.655,,,,"R1:3513"
"EGY","BA:582","EMP_DWAP_SEX_AGE_RT","SEX_M","AGE_5YRBANDS_Y35-39","2011",94.17,,,,"R1:3513"
"EGY","BA:582","EMP_DWAP_SEX_AGE_RT","SEX_M","AGE_5YRBANDS_Y40-44","2011",94.047,,,,"R1:3513"
"EGY","BA:582","EMP_DWAP_SEX_AGE_RT","SEX_M","AGE_5YRBANDS_Y45-49","2011",94.554,,,,"R1:3513"
"EGY","BA:582","EMP_DWAP_SEX_AGE_RT","SEX_M","AGE_5YRBANDS_Y50-54","2011",90.999,,,,"R1:3513"
"EGY","BA:582","EMP_DWAP_SEX_AGE_RT","SEX_M","AGE_5YRBANDS_Y55-59","2011",84.698,,,,"R1:3513"
"EGY","BA:582","EMP_DWAP_SEX_AGE_RT","SEX_M","AGE_5YRBANDS_Y60-64","2011",49.361,,,,"R1:3513"
"EGY","BA:582","EMP_DWAP_SEX_AGE_RT","SEX_M","AGE_5YRBANDS_YGE65","2011",20.509,,,,"R1:3513"
"EGY","BA:582","EMP_DWAP_SEX_AGE_RT","SEX_F","AGE_5YRBANDS_YGE15","2011",17.354,,,,"R1:3513"
"EGY","BA:582","EMP_DWAP_SEX_AGE_RT","SEX_F","AGE_5YRBANDS_Y15-19","2011",3.652,,,,"R1:3513"
"EGY","BA:582","EMP_DWAP_SEX_AGE_RT","SEX_F","AGE_5YRBANDS_Y20-24","2011",12.642,,,,"R1:3513"
"EGY","BA:582","EMP_DWAP_SEX_AGE_RT","SEX_F","AGE_5YRBANDS_Y25-29","2011",18.894,,,,"R1:3513"
"EGY","BA:582","EMP_DWAP_SEX_AGE_RT","SEX_F","AGE_5YRBANDS_Y30-34","2011",20.999,,,,"R1:3513"
"EGY","BA:582","EMP_DWAP_SEX_AGE_RT","SEX_F","AGE_5YRBANDS_Y35-39","2011",25.149,,,,"R1:3513"
"EGY","BA:582","EMP_DWAP_SEX_AGE_RT","SEX_F","AGE_5YRBANDS_Y40-44","2011",26.725,,,,"R1:3513"
"EGY","BA:582","EMP_DWAP_SEX_AGE_RT","SEX_F","AGE_5YRBANDS_Y45-49","2011",29.588,,,,"R1:3513"
"EGY","BA:582","EMP_DWAP_SEX_AGE_RT","SEX_F","AGE_5YRBANDS_Y50-54","2011",26.301,,,,"R1:3513"
"EGY","BA:582","EMP_DWAP_SEX_AGE_RT","SEX_F","AGE_5YRBANDS_Y55-59","2011",21.814,,,,"R1:3513"
"EGY","BA:582","EMP_DWAP_SEX_AGE_RT","SEX_F","AGE_5YRBANDS_Y60-64","2011",8.26,,,,"R1:3513"
"EGY","BA:582","EMP_DWAP_SEX_AGE_RT","SEX_F","AGE_5YRBANDS_YGE65","2011",2.149,,,,"R1:3513"
"EGY","BA:582","EMP_DWAP_SEX_AGE_RT","SEX_T","AGE_YTHADULT_YGE15","2010",45.045,,,,"R1:3513"
"EGY","BA:582","EMP_DWAP_SEX_AGE_RT","SEX_T","AGE_YTHADULT_Y15-64","2010",47.154,,,,"R1:3513"
"EGY","BA:582","EMP_DWAP_SEX_AGE_RT","SEX_T","AGE_YTHADULT_Y15-24","2010",26.292,,,,"R1:3513"
"EGY","BA:582","EMP_DWAP_SEX_AGE_RT","SEX_T","AGE_YTHADULT_YGE25","2010",53.17,,,,"R1:3513"
"EGY","BA:582","EMP_DWAP_SEX_AGE_RT","SEX_M","AGE_YTHADULT_YGE15","2010",71.306,,,,"R1:3513"
"EGY","BA:582","EMP_DWAP_SEX_AGE_RT","SEX_M","AGE_YTHADULT_Y15-64","2010",74.593,,,,"R1:3513"
"EGY","BA:582","EMP_DWAP_SEX_AGE_RT","SEX_M","AGE_YTHADULT_Y15-24","2010",42.381,,,,"R1:3513"
"EGY","BA:582","EMP_DWAP_SEX_AGE_RT","SEX_M","AGE_YTHADULT_YGE25","2010",84.368,,,,"R1:3513"
"EGY","BA:582","EMP_DWAP_SEX_AGE_RT","SEX_F","AGE_YTHADULT_YGE15","2010",17.957,,,,"R1:3513"
"EGY","BA:582","EMP_DWAP_SEX_AGE_RT","SEX_F","AGE_YTHADULT_Y15-64","2010",18.911,,,,"R1:3513"
"EGY","BA:582","EMP_DWAP_SEX_AGE_RT","SEX_F","AGE_YTHADULT_Y15-24","2010",8.682,,,,"R1:3513"
"EGY","BA:582","EMP_DWAP_SEX_AGE_RT","SEX_F","AGE_YTHADULT_YGE25","2010",21.804,,,,"R1:3513"
"EGY","BA:582","EMP_DWAP_SEX_AGE_RT","SEX_T","AGE_AGGREGATE_YGE15","2010",45.045,,,,"R1:3513"
"EGY","BA:582","EMP_DWAP_SEX_AGE_RT","SEX_T","AGE_AGGREGATE_Y15-24","2010",26.292,,,,"R1:3513"
"EGY","BA:582","EMP_DWAP_SEX_AGE_RT","SEX_T","AGE_AGGREGATE_Y25-54","2010",59.194,,,,"R1:3513"
"EGY","BA:582","EMP_DWAP_SEX_AGE_RT","SEX_T","AGE_AGGREGATE_Y55-64","2010",45.224,,,,"R1:3513"
"EGY","BA:582","EMP_DWAP_SEX_AGE_RT","SEX_T","AGE_AGGREGATE_YGE65","2010",13.026,,,,"R1:3513"
"EGY","BA:582","EMP_DWAP_SEX_AGE_RT","SEX_M","AGE_AGGREGATE_YGE15","2010",71.306,,,,"R1:3513"
"EGY","BA:582","EMP_DWAP_SEX_AGE_RT","SEX_M","AGE_AGGREGATE_Y15-24","2010",42.381,,,,"R1:3513"
"EGY","BA:582","EMP_DWAP_SEX_AGE_RT","SEX_M","AGE_AGGREGATE_Y25-54","2010",94.182,,,,"R1:3513"
"EGY","BA:582","EMP_DWAP_SEX_AGE_RT","SEX_M","AGE_AGGREGATE_Y55-64","2010",71.472,,,,"R1:3513"
"EGY","BA:582","EMP_DWAP_SEX_AGE_RT","SEX_M","AGE_AGGREGATE_YGE65","2010",22.237,,,,"R1:3513"
"EGY","BA:582","EMP_DWAP_SEX_AGE_RT","SEX_F","AGE_AGGREGATE_YGE15","2010",17.957,,,,"R1:3513"
"EGY","BA:582","EMP_DWAP_SEX_AGE_RT","SEX_F","AGE_AGGREGATE_Y15-24","2010",8.682,,,,"R1:3513"
"EGY","BA:582","EMP_DWAP_SEX_AGE_RT","SEX_F","AGE_AGGREGATE_Y25-54","2010",24.691,,,,"R1:3513"
"EGY","BA:582","EMP_DWAP_SEX_AGE_RT","SEX_F","AGE_AGGREGATE_Y55-64","2010",16.916,,,,"R1:3513"
"EGY","BA:582","EMP_DWAP_SEX_AGE_RT","SEX_F","AGE_AGGREGATE_YGE65","2010",3.212,,,,"R1:3513"
"EGY","BA:582","EMP_DWAP_SEX_AGE_RT","SEX_T","AGE_10YRBANDS_YGE15","2010",45.045,,,,"R1:3513"
"EGY","BA:582","EMP_DWAP_SEX_AGE_RT","SEX_T","AGE_10YRBANDS_Y15-24","2010",26.292,,,,"R1:3513"
"EGY","BA:582","EMP_DWAP_SEX_AGE_RT","SEX_T","AGE_10YRBANDS_Y25-34","2010",56.269,,,,"R1:3513"
"EGY","BA:582","EMP_DWAP_SEX_AGE_RT","SEX_T","AGE_10YRBANDS_Y35-44","2010",61.943,,,,"R1:3513"
"EGY","BA:582","EMP_DWAP_SEX_AGE_RT","SEX_T","AGE_10YRBANDS_Y45-54","2010",60.626,,,,"R1:3513"
"EGY","BA:582","EMP_DWAP_SEX_AGE_RT","SEX_T","AGE_10YRBANDS_Y55-64","2010",45.224,,,,"R1:3513"
"EGY","BA:582","EMP_DWAP_SEX_AGE_RT","SEX_T","AGE_10YRBANDS_YGE65","2010",13.026,,,,"R1:3513"
"EGY","BA:582","EMP_DWAP_SEX_AGE_RT","SEX_M","AGE_10YRBANDS_YGE15","2010",71.306,,,,"R1:3513"
"EGY","BA:582","EMP_DWAP_SEX_AGE_RT","SEX_M","AGE_10YRBANDS_Y15-24","2010",42.381,,,,"R1:3513"
"EGY","BA:582","EMP_DWAP_SEX_AGE_RT","SEX_M","AGE_10YRBANDS_Y25-34","2010",92.494,,,,"R1:3513"
"EGY","BA:582","EMP_DWAP_SEX_AGE_RT","SEX_M","AGE_10YRBANDS_Y35-44","2010",97.306,,,,"R1:3513"
"EGY","BA:582","EMP_DWAP_SEX_AGE_RT","SEX_M","AGE_10YRBANDS_Y45-54","2010",93.194,,,,"R1:3513"
"EGY","BA:582","EMP_DWAP_SEX_AGE_RT","SEX_M","AGE_10YRBANDS_Y55-64","2010",71.472,,,,"R1:3513"
"EGY","BA:582","EMP_DWAP_SEX_AGE_RT","SEX_M","AGE_10YRBANDS_YGE65","2010",22.237,,,,"R1:3513"
"EGY","BA:582","EMP_DWAP_SEX_AGE_RT","SEX_F","AGE_10YRBANDS_YGE15","2010",17.957,,,,"R1:3513"
"EGY","BA:582","EMP_DWAP_SEX_AGE_RT","SEX_F","AGE_10YRBANDS_Y15-24","2010",8.682,,,,"R1:3513"
"EGY","BA:582","EMP_DWAP_SEX_AGE_RT","SEX_F","AGE_10YRBANDS_Y25-34","2010",20.41,,,,"R1:3513"
"EGY","BA:582","EMP_DWAP_SEX_AGE_RT","SEX_F","AGE_10YRBANDS_Y35-44","2010",27.368,,,,"R1:3513"
"EGY","BA:582","EMP_DWAP_SEX_AGE_RT","SEX_F","AGE_10YRBANDS_Y45-54","2010",28.373,,,,"R1:3513"
"EGY","BA:582","EMP_DWAP_SEX_AGE_RT","SEX_F","AGE_10YRBANDS_Y55-64","2010",16.916,,,,"R1:3513"
"EGY","BA:582","EMP_DWAP_SEX_AGE_RT","SEX_F","AGE_10YRBANDS_YGE65","2010",3.212,,,,"R1:3513"
"EGY","BA:582","EMP_DWAP_SEX_AGE_RT","SEX_T","AGE_5YRBANDS_YGE15","2010",45.045,,,,"R1:3513"
"EGY","BA:582","EMP_DWAP_SEX_AGE_RT","SEX_T","AGE_5YRBANDS_Y15-19","2010",16.337,,,,"R1:3513"
"EGY","BA:582","EMP_DWAP_SEX_AGE_RT","SEX_T","AGE_5YRBANDS_Y20-24","2010",36.247,,,,"R1:3513"
"EGY","BA:582","EMP_DWAP_SEX_AGE_RT","SEX_T","AGE_5YRBANDS_Y25-29","2010",54.473,,,,"R1:3513"
"EGY","BA:582","EMP_DWAP_SEX_AGE_RT","SEX_T","AGE_5YRBANDS_Y30-34","2010",58.664,,,,"R1:3513"
"EGY","BA:582","EMP_DWAP_SEX_AGE_RT","SEX_T","AGE_5YRBANDS_Y35-39","2010",61.619,,,,"R1:3513"
"EGY","BA:582","EMP_DWAP_SEX_AGE_RT","SEX_T","AGE_5YRBANDS_Y40-44","2010",62.322,,,,"R1:3513"
"EGY","BA:582","EMP_DWAP_SEX_AGE_RT","SEX_T","AGE_5YRBANDS_Y45-49","2010",62.403,,,,"R1:3513"
"EGY","BA:582","EMP_DWAP_SEX_AGE_RT","SEX_T","AGE_5YRBANDS_Y50-54","2010",58.472,,,,"R1:3513"
"EGY","BA:582","EMP_DWAP_SEX_AGE_RT","SEX_T","AGE_5YRBANDS_Y55-59","2010",56.418,,,,"R1:3513"
"EGY","BA:582","EMP_DWAP_SEX_AGE_RT","SEX_T","AGE_5YRBANDS_Y60-64","2010",30.457,,,,"R1:3513"
"EGY","BA:582","EMP_DWAP_SEX_AGE_RT","SEX_T","AGE_5YRBANDS_YGE65","2010",13.026,,,,"R1:3513"
"EGY","BA:582","EMP_DWAP_SEX_AGE_RT","SEX_M","AGE_5YRBANDS_YGE15","2010",71.306,,,,"R1:3513"
"EGY","BA:582","EMP_DWAP_SEX_AGE_RT","SEX_M","AGE_5YRBANDS_Y15-19","2010",27.317,,,,"R1:3513"
"EGY","BA:582","EMP_DWAP_SEX_AGE_RT","SEX_M","AGE_5YRBANDS_Y20-24","2010",57.316,,,,"R1:3513"
"EGY","BA:582","EMP_DWAP_SEX_AGE_RT","SEX_M","AGE_5YRBANDS_Y25-29","2010",89.927,,,,"R1:3513"
"EGY","BA:582","EMP_DWAP_SEX_AGE_RT","SEX_M","AGE_5YRBANDS_Y30-34","2010",95.905,,,,"R1:3513"
"EGY","BA:582","EMP_DWAP_SEX_AGE_RT","SEX_M","AGE_5YRBANDS_Y35-39","2010",97.613,,,,"R1:3513"
"EGY","BA:582","EMP_DWAP_SEX_AGE_RT","SEX_M","AGE_5YRBANDS_Y40-44","2010",96.953,,,,"R1:3513"
"EGY","BA:582","EMP_DWAP_SEX_AGE_RT","SEX_M","AGE_5YRBANDS_Y45-49","2010",94.418,,,,"R1:3513"
"EGY","BA:582","EMP_DWAP_SEX_AGE_RT","SEX_M","AGE_5YRBANDS_Y50-54","2010",91.69,,,,"R1:3513"
"EGY","BA:582","EMP_DWAP_SEX_AGE_RT","SEX_M","AGE_5YRBANDS_Y55-59","2010",86.155,,,,"R1:3513"
"EGY","BA:582","EMP_DWAP_SEX_AGE_RT","SEX_M","AGE_5YRBANDS_Y60-64","2010",51.57,,,,"R1:3513"
"EGY","BA:582","EMP_DWAP_SEX_AGE_RT","SEX_M","AGE_5YRBANDS_YGE65","2010",22.237,,,,"R1:3513"
"EGY","BA:582","EMP_DWAP_SEX_AGE_RT","SEX_F","AGE_5YRBANDS_YGE15","2010",17.957,,,,"R1:3513"
"EGY","BA:582","EMP_DWAP_SEX_AGE_RT","SEX_F","AGE_5YRBANDS_Y15-19","2010",4.428,,,,"R1:3513"
"EGY","BA:582","EMP_DWAP_SEX_AGE_RT","SEX_F","AGE_5YRBANDS_Y20-24","2010",12.976,,,,"R1:3513"
"EGY","BA:582","EMP_DWAP_SEX_AGE_RT","SEX_F","AGE_5YRBANDS_Y25-29","2010",19.486,,,,"R1:3513"
"EGY","BA:582","EMP_DWAP_SEX_AGE_RT","SEX_F","AGE_5YRBANDS_Y30-34","2010",21.647,,,,"R1:3513"
"EGY","BA:582","EMP_DWAP_SEX_AGE_RT","SEX_F","AGE_5YRBANDS_Y35-39","2010",26.952,,,,"R1:3513"
"EGY","BA:582","EMP_DWAP_SEX_AGE_RT","SEX_F","AGE_5YRBANDS_Y40-44","2010",27.862,,,,"R1:3513"
"EGY","BA:582","EMP_DWAP_SEX_AGE_RT","SEX_F","AGE_5YRBANDS_Y45-49","2010",30.313,,,,"R1:3513"
"EGY","BA:582","EMP_DWAP_SEX_AGE_RT","SEX_F","AGE_5YRBANDS_Y50-54","2010",26.051,,,,"R1:3513"
"EGY","BA:582","EMP_DWAP_SEX_AGE_RT","SEX_F","AGE_5YRBANDS_Y55-59","2010",23.559,,,,"R1:3513"
"EGY","BA:582","EMP_DWAP_SEX_AGE_RT","SEX_F","AGE_5YRBANDS_Y60-64","2010",8.403,,,,"R1:3513"
"EGY","BA:582","EMP_DWAP_SEX_AGE_RT","SEX_F","AGE_5YRBANDS_YGE65","2010",3.212,,,,"R1:3513"
"EGY","BA:582","EMP_DWAP_SEX_AGE_RT","SEX_T","AGE_YTHADULT_YGE15","2009",43.549,,,,"R1:3513"
"EGY","BA:582","EMP_DWAP_SEX_AGE_RT","SEX_T","AGE_YTHADULT_Y15-64","2009",45.809,,,,"R1:3513"
"EGY","BA:582","EMP_DWAP_SEX_AGE_RT","SEX_T","AGE_YTHADULT_Y15-24","2009",26.587,,,,"R1:3513"
"EGY","BA:582","EMP_DWAP_SEX_AGE_RT","SEX_T","AGE_YTHADULT_YGE25","2009",51.192,,,,"R1:3513"
"EGY","BA:582","EMP_DWAP_SEX_AGE_RT","SEX_M","AGE_YTHADULT_YGE15","2009",68.521,,,,"R1:3513"
"EGY","BA:582","EMP_DWAP_SEX_AGE_RT","SEX_M","AGE_YTHADULT_Y15-64","2009",71.998,,,,"R1:3513"
"EGY","BA:582","EMP_DWAP_SEX_AGE_RT","SEX_M","AGE_YTHADULT_Y15-24","2009",40.967,,,,"R1:3513"
"EGY","BA:582","EMP_DWAP_SEX_AGE_RT","SEX_M","AGE_YTHADULT_YGE25","2009",82.656,,,,"R1:3513"
"EGY","BA:582","EMP_DWAP_SEX_AGE_RT","SEX_F","AGE_YTHADULT_YGE15","2009",17.671,,,,"R1:3513"
"EGY","BA:582","EMP_DWAP_SEX_AGE_RT","SEX_F","AGE_YTHADULT_Y15-64","2009",18.728,,,,"R1:3513"
"EGY","BA:582","EMP_DWAP_SEX_AGE_RT","SEX_F","AGE_YTHADULT_Y15-24","2009",8.621,,,,"R1:3513"
"EGY","BA:582","EMP_DWAP_SEX_AGE_RT","SEX_F","AGE_YTHADULT_YGE25","2009",21.211,,,,"R1:3513"
"EGY","BA:582","EMP_DWAP_SEX_AGE_RT","SEX_T","AGE_AGGREGATE_YGE15","2009",43.549,,,,"R1:3513"
"EGY","BA:582","EMP_DWAP_SEX_AGE_RT","SEX_T","AGE_AGGREGATE_Y15-24","2009",26.587,,,,"R1:3513"
"EGY","BA:582","EMP_DWAP_SEX_AGE_RT","SEX_T","AGE_AGGREGATE_Y25-54","2009",57.664,,,,"R1:3513"
"EGY","BA:582","EMP_DWAP_SEX_AGE_RT","SEX_T","AGE_AGGREGATE_Y55-64","2009",43.941,,,,"R1:3513"
"EGY","BA:582","EMP_DWAP_SEX_AGE_RT","SEX_T","AGE_AGGREGATE_YGE65","2009",11.756,,,,"R1:3513"
"EGY","BA:582","EMP_DWAP_SEX_AGE_RT","SEX_M","AGE_AGGREGATE_YGE15","2009",68.521,,,,"R1:3513"
"EGY","BA:582","EMP_DWAP_SEX_AGE_RT","SEX_M","AGE_AGGREGATE_Y15-24","2009",40.967,,,,"R1:3513"
"EGY","BA:582","EMP_DWAP_SEX_AGE_RT","SEX_M","AGE_AGGREGATE_Y25-54","2009",94.083,,,,"R1:3513"
"EGY","BA:582","EMP_DWAP_SEX_AGE_RT","SEX_M","AGE_AGGREGATE_Y55-64","2009",69.441,,,,"R1:3513"
"EGY","BA:582","EMP_DWAP_SEX_AGE_RT","SEX_M","AGE_AGGREGATE_YGE65","2009",20.38,,,,"R1:3513"
"EGY","BA:582","EMP_DWAP_SEX_AGE_RT","SEX_F","AGE_AGGREGATE_YGE15","2009",17.671,,,,"R1:3513"
"EGY","BA:582","EMP_DWAP_SEX_AGE_RT","SEX_F","AGE_AGGREGATE_Y15-24","2009",8.621,,,,"R1:3513"
"EGY","BA:582","EMP_DWAP_SEX_AGE_RT","SEX_F","AGE_AGGREGATE_Y25-54","2009",24.29,,,,"R1:3513"
"EGY","BA:582","EMP_DWAP_SEX_AGE_RT","SEX_F","AGE_AGGREGATE_Y55-64","2009",16.448,,,,"R1:3513"
"EGY","BA:582","EMP_DWAP_SEX_AGE_RT","SEX_F","AGE_AGGREGATE_YGE65","2009",2.546,,,,"R1:3513"
"EGY","BA:582","EMP_DWAP_SEX_AGE_RT","SEX_T","AGE_10YRBANDS_YGE15","2009",43.549,,,,"R1:3513"
"EGY","BA:582","EMP_DWAP_SEX_AGE_RT","SEX_T","AGE_10YRBANDS_Y15-24","2009",26.587,,,,"R1:3513"
"EGY","BA:582","EMP_DWAP_SEX_AGE_RT","SEX_T","AGE_10YRBANDS_Y25-34","2009",54.089,,,,"R1:3513"
"EGY","BA:582","EMP_DWAP_SEX_AGE_RT","SEX_T","AGE_10YRBANDS_Y35-44","2009",59.871,,,,"R1:3513"
"EGY","BA:582","EMP_DWAP_SEX_AGE_RT","SEX_T","AGE_10YRBANDS_Y45-54","2009",59.629,,,,"R1:3513"
"EGY","BA:582","EMP_DWAP_SEX_AGE_RT","SEX_T","AGE_10YRBANDS_Y55-64","2009",43.941,,,,"R1:3513"
"EGY","BA:582","EMP_DWAP_SEX_AGE_RT","SEX_T","AGE_10YRBANDS_YGE65","2009",11.756,,,,"R1:3513"
"EGY","BA:582","EMP_DWAP_SEX_AGE_RT","SEX_M","AGE_10YRBANDS_YGE15","2009",68.521,,,,"R1:3513"
"EGY","BA:582","EMP_DWAP_SEX_AGE_RT","SEX_M","AGE_10YRBANDS_Y15-24","2009",40.967,,,,"R1:3513"
"EGY","BA:582","EMP_DWAP_SEX_AGE_RT","SEX_M","AGE_10YRBANDS_Y25-34","2009",90.582,,,,"R1:3513"
"EGY","BA:582","EMP_DWAP_SEX_AGE_RT","SEX_M","AGE_10YRBANDS_Y35-44","2009",97.78,,,,"R1:3513"
"EGY","BA:582","EMP_DWAP_SEX_AGE_RT","SEX_M","AGE_10YRBANDS_Y45-54","2009",94.243,,,,"R1:3513"
"EGY","BA:582","EMP_DWAP_SEX_AGE_RT","SEX_M","AGE_10YRBANDS_Y55-64","2009",69.441,,,,"R1:3513"
"EGY","BA:582","EMP_DWAP_SEX_AGE_RT","SEX_M","AGE_10YRBANDS_YGE65","2009",20.38,,,,"R1:3513"
"EGY","BA:582","EMP_DWAP_SEX_AGE_RT","SEX_F","AGE_10YRBANDS_YGE15","2009",17.671,,,,"R1:3513"
"EGY","BA:582","EMP_DWAP_SEX_AGE_RT","SEX_F","AGE_10YRBANDS_Y15-24","2009",8.621,,,,"R1:3513"
"EGY","BA:582","EMP_DWAP_SEX_AGE_RT","SEX_F","AGE_10YRBANDS_Y25-34","2009",21.624,,,,"R1:3513"
"EGY","BA:582","EMP_DWAP_SEX_AGE_RT","SEX_F","AGE_10YRBANDS_Y35-44","2009",25.994,,,,"R1:3513"
"EGY","BA:582","EMP_DWAP_SEX_AGE_RT","SEX_F","AGE_10YRBANDS_Y45-54","2009",25.757,,,,"R1:3513"
"EGY","BA:582","EMP_DWAP_SEX_AGE_RT","SEX_F","AGE_10YRBANDS_Y55-64","2009",16.448,,,,"R1:3513"
"EGY","BA:582","EMP_DWAP_SEX_AGE_RT","SEX_F","AGE_10YRBANDS_YGE65","2009",2.546,,,,"R1:3513"
"EGY","BA:582","EMP_DWAP_SEX_AGE_RT","SEX_T","AGE_5YRBANDS_YGE15","2009",43.549,,,,"R1:3513"
"EGY","BA:582","EMP_DWAP_SEX_AGE_RT","SEX_T","AGE_5YRBANDS_Y15-19","2009",15.936,,,,"R1:3513"
"EGY","BA:582","EMP_DWAP_SEX_AGE_RT","SEX_T","AGE_5YRBANDS_Y20-24","2009",38.241,,,,"R1:3513"
"EGY","BA:582","EMP_DWAP_SEX_AGE_RT","SEX_T","AGE_5YRBANDS_Y25-29","2009",53.287,,,,"R1:3513"
"EGY","BA:582","EMP_DWAP_SEX_AGE_RT","SEX_T","AGE_5YRBANDS_Y30-34","2009",55.085,,,,"R1:3513"
"EGY","BA:582","EMP_DWAP_SEX_AGE_RT","SEX_T","AGE_5YRBANDS_Y35-39","2009",59.41,,,,"R1:3513"
"EGY","BA:582","EMP_DWAP_SEX_AGE_RT","SEX_T","AGE_5YRBANDS_Y40-44","2009",60.354,,,,"R1:3513"
"EGY","BA:582","EMP_DWAP_SEX_AGE_RT","SEX_T","AGE_5YRBANDS_Y45-49","2009",62.386,,,,"R1:3513"
"EGY","BA:582","EMP_DWAP_SEX_AGE_RT","SEX_T","AGE_5YRBANDS_Y50-54","2009",56.38,,,,"R1:3513"
"EGY","BA:582","EMP_DWAP_SEX_AGE_RT","SEX_T","AGE_5YRBANDS_Y55-59","2009",55.011,,,,"R1:3513"
"EGY","BA:582","EMP_DWAP_SEX_AGE_RT","SEX_T","AGE_5YRBANDS_Y60-64","2009",29.392,,,,"R1:3513"
"EGY","BA:582","EMP_DWAP_SEX_AGE_RT","SEX_T","AGE_5YRBANDS_YGE65","2009",11.756,,,,"R1:3513"
"EGY","BA:582","EMP_DWAP_SEX_AGE_RT","SEX_M","AGE_5YRBANDS_YGE15","2009",68.521,,,,"R1:3513"
"EGY","BA:582","EMP_DWAP_SEX_AGE_RT","SEX_M","AGE_5YRBANDS_Y15-19","2009",26.042,,,,"R1:3513"
"EGY","BA:582","EMP_DWAP_SEX_AGE_RT","SEX_M","AGE_5YRBANDS_Y20-24","2009",55.874,,,,"R1:3513"
"EGY","BA:582","EMP_DWAP_SEX_AGE_RT","SEX_M","AGE_5YRBANDS_Y25-29","2009",86.747,,,,"R1:3513"
"EGY","BA:582","EMP_DWAP_SEX_AGE_RT","SEX_M","AGE_5YRBANDS_Y30-34","2009",95.862,,,,"R1:3513"
"EGY","BA:582","EMP_DWAP_SEX_AGE_RT","SEX_M","AGE_5YRBANDS_Y35-39","2009",97.749,,,,"R1:3513"
"EGY","BA:582","EMP_DWAP_SEX_AGE_RT","SEX_M","AGE_5YRBANDS_Y40-44","2009",97.811,,,,"R1:3513"
"EGY","BA:582","EMP_DWAP_SEX_AGE_RT","SEX_M","AGE_5YRBANDS_Y45-49","2009",96.242,,,,"R1:3513"
"EGY","BA:582","EMP_DWAP_SEX_AGE_RT","SEX_M","AGE_5YRBANDS_Y50-54","2009",91.907,,,,"R1:3513"
"EGY","BA:582","EMP_DWAP_SEX_AGE_RT","SEX_M","AGE_5YRBANDS_Y55-59","2009",85.682,,,,"R1:3513"
"EGY","BA:582","EMP_DWAP_SEX_AGE_RT","SEX_M","AGE_5YRBANDS_Y60-64","2009",48.294,,,,"R1:3513"
"EGY","BA:582","EMP_DWAP_SEX_AGE_RT","SEX_M","AGE_5YRBANDS_YGE65","2009",20.38,,,,"R1:3513"
"EGY","BA:582","EMP_DWAP_SEX_AGE_RT","SEX_F","AGE_5YRBANDS_YGE15","2009",17.671,,,,"R1:3513"
"EGY","BA:582","EMP_DWAP_SEX_AGE_RT","SEX_F","AGE_5YRBANDS_Y15-19","2009",4.485,,,,"R1:3513"
"EGY","BA:582","EMP_DWAP_SEX_AGE_RT","SEX_F","AGE_5YRBANDS_Y20-24","2009",13.696,,,,"R1:3513"
"EGY","BA:582","EMP_DWAP_SEX_AGE_RT","SEX_F","AGE_5YRBANDS_Y25-29","2009",20.838,,,,"R1:3513"
"EGY","BA:582","EMP_DWAP_SEX_AGE_RT","SEX_F","AGE_5YRBANDS_Y30-34","2009",22.516,,,,"R1:3513"
"EGY","BA:582","EMP_DWAP_SEX_AGE_RT","SEX_F","AGE_5YRBANDS_Y35-39","2009",26.436,,,,"R1:3513"
"EGY","BA:582","EMP_DWAP_SEX_AGE_RT","SEX_F","AGE_5YRBANDS_Y40-44","2009",25.513,,,,"R1:3513"
"EGY","BA:582","EMP_DWAP_SEX_AGE_RT","SEX_F","AGE_5YRBANDS_Y45-49","2009",29.506,,,,"R1:3513"
"EGY","BA:582","EMP_DWAP_SEX_AGE_RT","SEX_F","AGE_5YRBANDS_Y50-54","2009",21.303,,,,"R1:3513"
"EGY","BA:582","EMP_DWAP_SEX_AGE_RT","SEX_F","AGE_5YRBANDS_Y55-59","2009",22.217,,,,"R1:3513"
"EGY","BA:582","EMP_DWAP_SEX_AGE_RT","SEX_F","AGE_5YRBANDS_Y60-64","2009",8.79,,,,"R1:3513"
"EGY","BA:582","EMP_DWAP_SEX_AGE_RT","SEX_F","AGE_5YRBANDS_YGE65","2009",2.546,,,,"R1:3513"
"EGY","BA:582","EMP_DWAP_SEX_AGE_RT","SEX_T","AGE_YTHADULT_YGE15","2008",43.501,"B",,"I11:264","R1:3513"
"EGY","BA:582","EMP_DWAP_SEX_AGE_RT","SEX_T","AGE_YTHADULT_Y15-64","2008",45.656,"B",,"I11:264","R1:3513"
"EGY","BA:582","EMP_DWAP_SEX_AGE_RT","SEX_T","AGE_YTHADULT_Y15-24","2008",26.603,"B",,"I11:264","R1:3513"
"EGY","BA:582","EMP_DWAP_SEX_AGE_RT","SEX_T","AGE_YTHADULT_YGE25","2008",51.356,"B",,"I11:264","R1:3513"
"EGY","BA:582","EMP_DWAP_SEX_AGE_RT","SEX_M","AGE_YTHADULT_YGE15","2008",68.338,"B",,"I11:264","R1:3513"
"EGY","BA:582","EMP_DWAP_SEX_AGE_RT","SEX_M","AGE_YTHADULT_Y15-64","2008",71.754,"B",,"I11:264","R1:3513"
"EGY","BA:582","EMP_DWAP_SEX_AGE_RT","SEX_M","AGE_YTHADULT_Y15-24","2008",41.194,"B",,"I11:264","R1:3513"
"EGY","BA:582","EMP_DWAP_SEX_AGE_RT","SEX_M","AGE_YTHADULT_YGE25","2008",82.55,"B",,"I11:264","R1:3513"
"EGY","BA:582","EMP_DWAP_SEX_AGE_RT","SEX_F","AGE_YTHADULT_YGE15","2008",17.624,"B",,"I11:264","R1:3513"
"EGY","BA:582","EMP_DWAP_SEX_AGE_RT","SEX_F","AGE_YTHADULT_Y15-64","2008",18.607,"B",,"I11:264","R1:3513"
"EGY","BA:582","EMP_DWAP_SEX_AGE_RT","SEX_F","AGE_YTHADULT_Y15-24","2008",8.582,"B",,"I11:264","R1:3513"
"EGY","BA:582","EMP_DWAP_SEX_AGE_RT","SEX_F","AGE_YTHADULT_YGE25","2008",21.315,"B",,"I11:264","R1:3513"
"EGY","BA:582","EMP_DWAP_SEX_AGE_RT","SEX_T","AGE_AGGREGATE_YGE15","2008",43.501,"B",,"I11:264","R1:3513"
"EGY","BA:582","EMP_DWAP_SEX_AGE_RT","SEX_T","AGE_AGGREGATE_Y15-24","2008",26.603,"B",,"I11:264","R1:3513"
"EGY","BA:582","EMP_DWAP_SEX_AGE_RT","SEX_T","AGE_AGGREGATE_Y25-54","2008",57.703,"B",,"I11:264","R1:3513"
"EGY","BA:582","EMP_DWAP_SEX_AGE_RT","SEX_T","AGE_AGGREGATE_Y55-64","2008",43.356,"B",,"I11:264","R1:3513"
"EGY","BA:582","EMP_DWAP_SEX_AGE_RT","SEX_T","AGE_AGGREGATE_YGE65","2008",10.959,"B",,"I11:264","R1:3513"
"EGY","BA:582","EMP_DWAP_SEX_AGE_RT","SEX_M","AGE_AGGREGATE_YGE15","2008",68.338,"B",,"I11:264","R1:3513"
"EGY","BA:582","EMP_DWAP_SEX_AGE_RT","SEX_M","AGE_AGGREGATE_Y15-24","2008",41.194,"B",,"I11:264","R1:3513"
"EGY","BA:582","EMP_DWAP_SEX_AGE_RT","SEX_M","AGE_AGGREGATE_Y25-54","2008",93.811,"B",,"I11:264","R1:3513"
"EGY","BA:582","EMP_DWAP_SEX_AGE_RT","SEX_M","AGE_AGGREGATE_Y55-64","2008",69.101,"B",,"I11:264","R1:3513"
"EGY","BA:582","EMP_DWAP_SEX_AGE_RT","SEX_M","AGE_AGGREGATE_YGE65","2008",18.808,"B",,"I11:264","R1:3513"
"EGY","BA:582","EMP_DWAP_SEX_AGE_RT","SEX_F","AGE_AGGREGATE_YGE15","2008",17.624,"B",,"I11:264","R1:3513"
"EGY","BA:582","EMP_DWAP_SEX_AGE_RT","SEX_F","AGE_AGGREGATE_Y15-24","2008",8.582,"B",,"I11:264","R1:3513"
"EGY","BA:582","EMP_DWAP_SEX_AGE_RT","SEX_F","AGE_AGGREGATE_Y25-54","2008",24.567,"B",,"I11:264","R1:3513"
"EGY","BA:582","EMP_DWAP_SEX_AGE_RT","SEX_F","AGE_AGGREGATE_Y55-64","2008",14.438,"B",,"I11:264","R1:3513"
"EGY","BA:582","EMP_DWAP_SEX_AGE_RT","SEX_F","AGE_AGGREGATE_YGE65","2008",2.112,"B",,"I11:264","R1:3513"
"EGY","BA:582","EMP_DWAP_SEX_AGE_RT","SEX_T","AGE_10YRBANDS_YGE15","2008",43.501,"B",,"I11:264","R1:3513"
"EGY","BA:582","EMP_DWAP_SEX_AGE_RT","SEX_T","AGE_10YRBANDS_Y15-24","2008",26.603,"B",,"I11:264","R1:3513"
"EGY","BA:582","EMP_DWAP_SEX_AGE_RT","SEX_T","AGE_10YRBANDS_Y25-34","2008",54.048,"B",,"I11:264","R1:3513"
"EGY","BA:582","EMP_DWAP_SEX_AGE_RT","SEX_T","AGE_10YRBANDS_Y35-44","2008",59.64,"B",,"I11:264","R1:3513"
"EGY","BA:582","EMP_DWAP_SEX_AGE_RT","SEX_T","AGE_10YRBANDS_Y45-54","2008",60.083,"B",,"I11:264","R1:3513"
"EGY","BA:582","EMP_DWAP_SEX_AGE_RT","SEX_T","AGE_10YRBANDS_Y55-64","2008",43.356,"B",,"I11:264","R1:3513"
"EGY","BA:582","EMP_DWAP_SEX_AGE_RT","SEX_T","AGE_10YRBANDS_YGE65","2008",10.959,"B",,"I11:264","R1:3513"
"EGY","BA:582","EMP_DWAP_SEX_AGE_RT","SEX_M","AGE_10YRBANDS_YGE15","2008",68.338,"B",,"I11:264","R1:3513"
"EGY","BA:582","EMP_DWAP_SEX_AGE_RT","SEX_M","AGE_10YRBANDS_Y15-24","2008",41.194,"B",,"I11:264","R1:3513"
"EGY","BA:582","EMP_DWAP_SEX_AGE_RT","SEX_M","AGE_10YRBANDS_Y25-34","2008",90.283,"B",,"I11:264","R1:3513"
"EGY","BA:582","EMP_DWAP_SEX_AGE_RT","SEX_M","AGE_10YRBANDS_Y35-44","2008",97.57,"B",,"I11:264","R1:3513"
"EGY","BA:582","EMP_DWAP_SEX_AGE_RT","SEX_M","AGE_10YRBANDS_Y45-54","2008",93.958,"B",,"I11:264","R1:3513"
"EGY","BA:582","EMP_DWAP_SEX_AGE_RT","SEX_M","AGE_10YRBANDS_Y55-64","2008",69.101,"B",,"I11:264","R1:3513"
"EGY","BA:582","EMP_DWAP_SEX_AGE_RT","SEX_M","AGE_10YRBANDS_YGE65","2008",18.808,"B",,"I11:264","R1:3513"
"EGY","BA:582","EMP_DWAP_SEX_AGE_RT","SEX_F","AGE_10YRBANDS_YGE15","2008",17.624,"B",,"I11:264","R1:3513"
"EGY","BA:582","EMP_DWAP_SEX_AGE_RT","SEX_F","AGE_10YRBANDS_Y15-24","2008",8.582,"B",,"I11:264","R1:3513"
"EGY","BA:582","EMP_DWAP_SEX_AGE_RT","SEX_F","AGE_10YRBANDS_Y25-34","2008",21.307,"B",,"I11:264","R1:3513"
"EGY","BA:582","EMP_DWAP_SEX_AGE_RT","SEX_F","AGE_10YRBANDS_Y35-44","2008",26.272,"B",,"I11:264","R1:3513"
"EGY","BA:582","EMP_DWAP_SEX_AGE_RT","SEX_F","AGE_10YRBANDS_Y45-54","2008",26.778,"B",,"I11:264","R1:3513"
"EGY","BA:582","EMP_DWAP_SEX_AGE_RT","SEX_F","AGE_10YRBANDS_Y55-64","2008",14.438,"B",,"I11:264","R1:3513"
"EGY","BA:582","EMP_DWAP_SEX_AGE_RT","SEX_F","AGE_10YRBANDS_YGE65","2008",2.112,"B",,"I11:264","R1:3513"
"EGY","BA:582","EMP_DWAP_SEX_AGE_RT","SEX_T","AGE_5YRBANDS_YGE15","2008",43.501,"B",,"I11:264","R1:3513"
"EGY","BA:582","EMP_DWAP_SEX_AGE_RT","SEX_T","AGE_5YRBANDS_Y15-19","2008",16.189,"B",,"I11:264","R1:3513"
"EGY","BA:582","EMP_DWAP_SEX_AGE_RT","SEX_T","AGE_5YRBANDS_Y20-24","2008",38.395,"B",,"I11:264","R1:3513"
"EGY","BA:582","EMP_DWAP_SEX_AGE_RT","SEX_T","AGE_5YRBANDS_Y25-29","2008",52.823,"B",,"I11:264","R1:3513"
"EGY","BA:582","EMP_DWAP_SEX_AGE_RT","SEX_T","AGE_5YRBANDS_Y30-34","2008",55.639,"B",,"I11:264","R1:3513"
"EGY","BA:582","EMP_DWAP_SEX_AGE_RT","SEX_T","AGE_5YRBANDS_Y35-39","2008",58.759,"B",,"I11:264","R1:3513"
"EGY","BA:582","EMP_DWAP_SEX_AGE_RT","SEX_T","AGE_5YRBANDS_Y40-44","2008",60.531,"B",,"I11:264","R1:3513"
"EGY","BA:582","EMP_DWAP_SEX_AGE_RT","SEX_T","AGE_5YRBANDS_Y45-49","2008",62.315,"B",,"I11:264","R1:3513"
"EGY","BA:582","EMP_DWAP_SEX_AGE_RT","SEX_T","AGE_5YRBANDS_Y50-54","2008",57.428,"B",,"I11:264","R1:3513"
"EGY","BA:582","EMP_DWAP_SEX_AGE_RT","SEX_T","AGE_5YRBANDS_Y55-59","2008",53.818,"B",,"I11:264","R1:3513"
"EGY","BA:582","EMP_DWAP_SEX_AGE_RT","SEX_T","AGE_5YRBANDS_Y60-64","2008",29.564,"B",,"I11:264","R1:3513"
"EGY","BA:582","EMP_DWAP_SEX_AGE_RT","SEX_T","AGE_5YRBANDS_YGE65","2008",10.959,"B",,"I11:264","R1:3513"
"EGY","BA:582","EMP_DWAP_SEX_AGE_RT","SEX_M","AGE_5YRBANDS_YGE15","2008",68.338,"B",,"I11:264","R1:3513"
"EGY","BA:582","EMP_DWAP_SEX_AGE_RT","SEX_M","AGE_5YRBANDS_Y15-19","2008",26.576,"B",,"I11:264","R1:3513"
"EGY","BA:582","EMP_DWAP_SEX_AGE_RT","SEX_M","AGE_5YRBANDS_Y20-24","2008",56.294,"B",,"I11:264","R1:3513"
"EGY","BA:582","EMP_DWAP_SEX_AGE_RT","SEX_M","AGE_5YRBANDS_Y25-29","2008",86.442,"B",,"I11:264","R1:3513"
"EGY","BA:582","EMP_DWAP_SEX_AGE_RT","SEX_M","AGE_5YRBANDS_Y30-34","2008",95.69,"B",,"I11:264","R1:3513"
"EGY","BA:582","EMP_DWAP_SEX_AGE_RT","SEX_M","AGE_5YRBANDS_Y35-39","2008",97.608,"B",,"I11:264","R1:3513"
"EGY","BA:582","EMP_DWAP_SEX_AGE_RT","SEX_M","AGE_5YRBANDS_Y40-44","2008",97.533,"B",,"I11:264","R1:3513"
"EGY","BA:582","EMP_DWAP_SEX_AGE_RT","SEX_M","AGE_5YRBANDS_Y45-49","2008",96.531,"B",,"I11:264","R1:3513"
"EGY","BA:582","EMP_DWAP_SEX_AGE_RT","SEX_M","AGE_5YRBANDS_Y50-54","2008",90.909,"B",,"I11:264","R1:3513"
"EGY","BA:582","EMP_DWAP_SEX_AGE_RT","SEX_M","AGE_5YRBANDS_Y55-59","2008",85.559,"B",,"I11:264","R1:3513"
"EGY","BA:582","EMP_DWAP_SEX_AGE_RT","SEX_M","AGE_5YRBANDS_Y60-64","2008",47.471,"B",,"I11:264","R1:3513"
"EGY","BA:582","EMP_DWAP_SEX_AGE_RT","SEX_M","AGE_5YRBANDS_YGE65","2008",18.808,"B",,"I11:264","R1:3513"
"EGY","BA:582","EMP_DWAP_SEX_AGE_RT","SEX_F","AGE_5YRBANDS_YGE15","2008",17.624,"B",,"I11:264","R1:3513"
"EGY","BA:582","EMP_DWAP_SEX_AGE_RT","SEX_F","AGE_5YRBANDS_Y15-19","2008",4.537,"B",,"I11:264","R1:3513"
"EGY","BA:582","EMP_DWAP_SEX_AGE_RT","SEX_F","AGE_5YRBANDS_Y20-24","2008",13.719,"B",,"I11:264","R1:3513"
"EGY","BA:582","EMP_DWAP_SEX_AGE_RT","SEX_F","AGE_5YRBANDS_Y25-29","2008",20.381,"B",,"I11:264","R1:3513"
"EGY","BA:582","EMP_DWAP_SEX_AGE_RT","SEX_F","AGE_5YRBANDS_Y30-34","2008",22.427,"B",,"I11:264","R1:3513"
"EGY","BA:582","EMP_DWAP_SEX_AGE_RT","SEX_F","AGE_5YRBANDS_Y35-39","2008",24.875,"B",,"I11:264","R1:3513"
"EGY","BA:582","EMP_DWAP_SEX_AGE_RT","SEX_F","AGE_5YRBANDS_Y40-44","2008",27.697,"B",,"I11:264","R1:3513"
"EGY","BA:582","EMP_DWAP_SEX_AGE_RT","SEX_F","AGE_5YRBANDS_Y45-49","2008",28.767,"B",,"I11:264","R1:3513"
"EGY","BA:582","EMP_DWAP_SEX_AGE_RT","SEX_F","AGE_5YRBANDS_Y50-54","2008",24.408,"B",,"I11:264","R1:3513"
"EGY","BA:582","EMP_DWAP_SEX_AGE_RT","SEX_F","AGE_5YRBANDS_Y55-59","2008",18.264,"B",,"I11:264","R1:3513"
"EGY","BA:582","EMP_DWAP_SEX_AGE_RT","SEX_F","AGE_5YRBANDS_Y60-64","2008",9.378,"B",,"I11:264","R1:3513"
"EGY","BA:582","EMP_DWAP_SEX_AGE_RT","SEX_F","AGE_5YRBANDS_YGE65","2008",2.112,"B",,"I11:264","R1:3513"
"EGY","BA:582","EMP_DWAP_SEX_AGE_RT","SEX_T","AGE_YTHADULT_YGE15","2007",43.707,,,,"S5:41_T3:94"
"EGY","BA:582","EMP_DWAP_SEX_AGE_RT","SEX_T","AGE_YTHADULT_Y15-24","2007",25.298,,,,"S5:41_T3:94"
"EGY","BA:582","EMP_DWAP_SEX_AGE_RT","SEX_T","AGE_YTHADULT_YGE25","2007",52.296,,,,"S5:41_T3:94"
"EGY","BA:582","EMP_DWAP_SEX_AGE_RT","SEX_M","AGE_YTHADULT_YGE15","2007",67.521,,,,"S5:41_T3:94"
"EGY","BA:582","EMP_DWAP_SEX_AGE_RT","SEX_M","AGE_YTHADULT_Y15-24","2007",38.487,,,,"S5:41_T3:94"
"EGY","BA:582","EMP_DWAP_SEX_AGE_RT","SEX_M","AGE_YTHADULT_YGE25","2007",82.43,,,,"S5:41_T3:94"
"EGY","BA:582","EMP_DWAP_SEX_AGE_RT","SEX_F","AGE_YTHADULT_YGE15","2007",18.894,,,,"S5:41_T3:94"
"EGY","BA:582","EMP_DWAP_SEX_AGE_RT","SEX_F","AGE_YTHADULT_Y15-24","2007",9.552,,,,"S5:41_T3:94"
"EGY","BA:582","EMP_DWAP_SEX_AGE_RT","SEX_F","AGE_YTHADULT_YGE25","2007",22.824,,,,"S5:41_T3:94"
"EGY","BA:582","EMP_DWAP_SEX_AGE_RT","SEX_T","AGE_AGGREGATE_Y15-24","2007",25.298,,,,"S5:41_T3:94"
"EGY","BA:582","EMP_DWAP_SEX_AGE_RT","SEX_M","AGE_AGGREGATE_Y15-24","2007",38.487,,,,"S5:41_T3:94"
"EGY","BA:582","EMP_DWAP_SEX_AGE_RT","SEX_F","AGE_AGGREGATE_Y15-24","2007",9.552,,,,"S5:41_T3:94"
"EGY","BA:582","EMP_DWAP_SEX_AGE_RT","SEX_T","AGE_10YRBANDS_YGE15","2007",43.707,,,,"S5:41_T3:94"
"EGY","BA:582","EMP_DWAP_SEX_AGE_RT","SEX_T","AGE_10YRBANDS_Y15-24","2007",25.298,,,,"S5:41_T3:94"
"EGY","BA:582","EMP_DWAP_SEX_AGE_RT","SEX_T","AGE_10YRBANDS_Y25-34","2007",55.882,,,,"S5:41_T3:94"
"EGY","BA:582","EMP_DWAP_SEX_AGE_RT","SEX_M","AGE_10YRBANDS_YGE15","2007",67.521,,,,"S5:41_T3:94"
"EGY","BA:582","EMP_DWAP_SEX_AGE_RT","SEX_M","AGE_10YRBANDS_Y15-24","2007",38.487,,,,"S5:41_T3:94"
"EGY","BA:582","EMP_DWAP_SEX_AGE_RT","SEX_M","AGE_10YRBANDS_Y25-34","2007",91.376,,,,"S5:41_T3:94"
"EGY","BA:582","EMP_DWAP_SEX_AGE_RT","SEX_F","AGE_10YRBANDS_YGE15","2007",18.894,,,,"S5:41_T3:94"
"EGY","BA:582","EMP_DWAP_SEX_AGE_RT","SEX_F","AGE_10YRBANDS_Y15-24","2007",9.552,,,,"S5:41_T3:94"
"EGY","BA:582","EMP_DWAP_SEX_AGE_RT","SEX_F","AGE_10YRBANDS_Y25-34","2007",24.122,,,,"S5:41_T3:94"
"EGY","BA:582","EMP_DWAP_SEX_AGE_RT","SEX_T","AGE_5YRBANDS_YGE15","2007",43.707,,,,"S5:41_T3:94"
"EGY","BA:582","EMP_DWAP_SEX_AGE_RT","SEX_T","AGE_5YRBANDS_Y15-19","2007",16.122,,,,"S5:41_T3:94"
"EGY","BA:582","EMP_DWAP_SEX_AGE_RT","SEX_T","AGE_5YRBANDS_Y20-24","2007",36.069,,,,"S5:41_T3:94"
"EGY","BA:582","EMP_DWAP_SEX_AGE_RT","SEX_T","AGE_5YRBANDS_Y25-29","2007",50.339,,,,"S5:41_T3:94"
"EGY","BA:582","EMP_DWAP_SEX_AGE_RT","SEX_T","AGE_5YRBANDS_Y30-34","2007",59.266,,"C6:1629",,"S5:41_T3:94"
"EGY","BA:582","EMP_DWAP_SEX_AGE_RT","SEX_T","AGE_5YRBANDS_Y40-44","2007",63.143,,"C6:1630",,"S5:41_T3:94"
"EGY","BA:582","EMP_DWAP_SEX_AGE_RT","SEX_T","AGE_5YRBANDS_Y50-54","2007",56.609,,"C6:1631",,"S5:41_T3:94"
"EGY","BA:582","EMP_DWAP_SEX_AGE_RT","SEX_M","AGE_5YRBANDS_YGE15","2007",67.521,,,,"S5:41_T3:94"
"EGY","BA:582","EMP_DWAP_SEX_AGE_RT","SEX_M","AGE_5YRBANDS_Y15-19","2007",25.317,,,,"S5:41_T3:94"
"EGY","BA:582","EMP_DWAP_SEX_AGE_RT","SEX_M","AGE_5YRBANDS_Y20-24","2007",53.249,,,,"S5:41_T3:94"
"EGY","BA:582","EMP_DWAP_SEX_AGE_RT","SEX_M","AGE_5YRBANDS_Y25-29","2007",83.162,,,,"S5:41_T3:94"
"EGY","BA:582","EMP_DWAP_SEX_AGE_RT","SEX_M","AGE_5YRBANDS_Y30-34","2007",96.501,,"C6:1629",,"S5:41_T3:94"
"EGY","BA:582","EMP_DWAP_SEX_AGE_RT","SEX_M","AGE_5YRBANDS_Y40-44","2007",97.108,,"C6:1630",,"S5:41_T3:94"
"EGY","BA:582","EMP_DWAP_SEX_AGE_RT","SEX_M","AGE_5YRBANDS_Y50-54","2007",88.806,,"C6:1631",,"S5:41_T3:94"
"EGY","BA:582","EMP_DWAP_SEX_AGE_RT","SEX_F","AGE_5YRBANDS_YGE15","2007",18.894,,,,"S5:41_T3:94"
"EGY","BA:582","EMP_DWAP_SEX_AGE_RT","SEX_F","AGE_5YRBANDS_Y15-19","2007",5.648,,,,"S5:41_T3:94"
"EGY","BA:582","EMP_DWAP_SEX_AGE_RT","SEX_F","AGE_5YRBANDS_Y20-24","2007",14.396,,,,"S5:41_T3:94"
"EGY","BA:582","EMP_DWAP_SEX_AGE_RT","SEX_F","AGE_5YRBANDS_Y25-29","2007",20.208,,,,"S5:41_T3:94"
"EGY","BA:582","EMP_DWAP_SEX_AGE_RT","SEX_F","AGE_5YRBANDS_Y30-34","2007",26.465,,"C6:1629",,"S5:41_T3:94"
"EGY","BA:582","EMP_DWAP_SEX_AGE_RT","SEX_F","AGE_5YRBANDS_Y40-44","2007",30.515,,"C6:1630",,"S5:41_T3:94"
"EGY","BA:582","EMP_DWAP_SEX_AGE_RT","SEX_F","AGE_5YRBANDS_Y50-54","2007",22.1,,"C6:1631",,"S5:41_T3:94"
"EGY","BA:582","EMP_DWAP_SEX_AGE_RT","SEX_T","AGE_YTHADULT_YGE15","2006",42.043,,,,"S5:41_T3:94"
"EGY","BA:582","EMP_DWAP_SEX_AGE_RT","SEX_T","AGE_YTHADULT_Y15-24","2006",23.678,,,,"S5:41_T3:94"
"EGY","BA:582","EMP_DWAP_SEX_AGE_RT","SEX_T","AGE_YTHADULT_YGE25","2006",50.994,,,,"S5:41_T3:94"
"EGY","BA:582","EMP_DWAP_SEX_AGE_RT","SEX_M","AGE_YTHADULT_YGE15","2006",67.078,,,,"S5:41_T3:94"
"EGY","BA:582","EMP_DWAP_SEX_AGE_RT","SEX_M","AGE_YTHADULT_Y15-24","2006",36.703,,,,"S5:41_T3:94"
"EGY","BA:582","EMP_DWAP_SEX_AGE_RT","SEX_M","AGE_YTHADULT_YGE25","2006",83,,,,"S5:41_T3:94"
"EGY","BA:582","EMP_DWAP_SEX_AGE_RT","SEX_F","AGE_YTHADULT_YGE15","2006",16.074,,,,"S5:41_T3:94"
"EGY","BA:582","EMP_DWAP_SEX_AGE_RT","SEX_F","AGE_YTHADULT_Y15-24","2006",8.73,,,,"S5:41_T3:94"
"EGY","BA:582","EMP_DWAP_SEX_AGE_RT","SEX_F","AGE_YTHADULT_YGE25","2006",19.386,,,,"S5:41_T3:94"
"EGY","BA:582","EMP_DWAP_SEX_AGE_RT","SEX_T","AGE_AGGREGATE_Y15-24","2006",23.678,,,,"S5:41_T3:94"
"EGY","BA:582","EMP_DWAP_SEX_AGE_RT","SEX_M","AGE_AGGREGATE_Y15-24","2006",36.703,,,,"S5:41_T3:94"
"EGY","BA:582","EMP_DWAP_SEX_AGE_RT","SEX_F","AGE_AGGREGATE_Y15-24","2006",8.73,,,,"S5:41_T3:94"
"EGY","BA:582","EMP_DWAP_SEX_AGE_RT","SEX_T","AGE_10YRBANDS_YGE15","2006",42.043,,,,"S5:41_T3:94"
"EGY","BA:582","EMP_DWAP_SEX_AGE_RT","SEX_T","AGE_10YRBANDS_Y15-24","2006",23.678,,,,"S5:41_T3:94"
"EGY","BA:582","EMP_DWAP_SEX_AGE_RT","SEX_T","AGE_10YRBANDS_Y25-34","2006",54.91,,,,"S5:41_T3:94"
"EGY","BA:582","EMP_DWAP_SEX_AGE_RT","SEX_M","AGE_10YRBANDS_YGE15","2006",67.078,,,,"S5:41_T3:94"
"EGY","BA:582","EMP_DWAP_SEX_AGE_RT","SEX_M","AGE_10YRBANDS_Y15-24","2006",36.703,,,,"S5:41_T3:94"
"EGY","BA:582","EMP_DWAP_SEX_AGE_RT","SEX_M","AGE_10YRBANDS_Y25-34","2006",91.779,,,,"S5:41_T3:94"
"EGY","BA:582","EMP_DWAP_SEX_AGE_RT","SEX_F","AGE_10YRBANDS_YGE15","2006",16.074,,,,"S5:41_T3:94"
"EGY","BA:582","EMP_DWAP_SEX_AGE_RT","SEX_F","AGE_10YRBANDS_Y15-24","2006",8.73,,,,"S5:41_T3:94"
"EGY","BA:582","EMP_DWAP_SEX_AGE_RT","SEX_F","AGE_10YRBANDS_Y25-34","2006",21.359,,,,"S5:41_T3:94"
"EGY","BA:582","EMP_DWAP_SEX_AGE_RT","SEX_T","AGE_5YRBANDS_YGE15","2006",42.043,,,,"S5:41_T3:94"
"EGY","BA:582","EMP_DWAP_SEX_AGE_RT","SEX_T","AGE_5YRBANDS_Y15-19","2006",14.337,,,,"S5:41_T3:94"
"EGY","BA:582","EMP_DWAP_SEX_AGE_RT","SEX_T","AGE_5YRBANDS_Y20-24","2006",35.197,,,,"S5:41_T3:94"
"EGY","BA:582","EMP_DWAP_SEX_AGE_RT","SEX_T","AGE_5YRBANDS_Y25-29","2006",50.536,,,,"S5:41_T3:94"
"EGY","BA:582","EMP_DWAP_SEX_AGE_RT","SEX_T","AGE_5YRBANDS_Y30-34","2006",57.598,,"C6:1629",,"S5:41_T3:94"
"EGY","BA:582","EMP_DWAP_SEX_AGE_RT","SEX_T","AGE_5YRBANDS_Y40-44","2006",61.922,,"C6:1630",,"S5:41_T3:94"
"EGY","BA:582","EMP_DWAP_SEX_AGE_RT","SEX_T","AGE_5YRBANDS_Y50-54","2006",52.728,,"C6:1631",,"S5:41_T3:94"
"EGY","BA:582","EMP_DWAP_SEX_AGE_RT","SEX_M","AGE_5YRBANDS_YGE15","2006",67.078,,,,"S5:41_T3:94"
"EGY","BA:582","EMP_DWAP_SEX_AGE_RT","SEX_M","AGE_5YRBANDS_Y15-19","2006",23.506,,,,"S5:41_T3:94"
"EGY","BA:582","EMP_DWAP_SEX_AGE_RT","SEX_M","AGE_5YRBANDS_Y20-24","2006",52.181,,,,"S5:41_T3:94"
"EGY","BA:582","EMP_DWAP_SEX_AGE_RT","SEX_M","AGE_5YRBANDS_Y25-29","2006",84.373,,,,"S5:41_T3:94"
"EGY","BA:582","EMP_DWAP_SEX_AGE_RT","SEX_M","AGE_5YRBANDS_Y30-34","2006",96.425,,"C6:1629",,"S5:41_T3:94"
"EGY","BA:582","EMP_DWAP_SEX_AGE_RT","SEX_M","AGE_5YRBANDS_Y40-44","2006",96.671,,"C6:1630",,"S5:41_T3:94"
"EGY","BA:582","EMP_DWAP_SEX_AGE_RT","SEX_M","AGE_5YRBANDS_Y50-54","2006",88.48,,"C6:1631",,"S5:41_T3:94"
"EGY","BA:582","EMP_DWAP_SEX_AGE_RT","SEX_F","AGE_5YRBANDS_YGE15","2006",16.074,,,,"S5:41_T3:94"
"EGY","BA:582","EMP_DWAP_SEX_AGE_RT","SEX_F","AGE_5YRBANDS_Y15-19","2006",4.311,,,,"S5:41_T3:94"
"EGY","BA:582","EMP_DWAP_SEX_AGE_RT","SEX_F","AGE_5YRBANDS_Y20-24","2006",14.507,,,,"S5:41_T3:94"
"EGY","BA:582","EMP_DWAP_SEX_AGE_RT","SEX_F","AGE_5YRBANDS_Y25-29","2006",18.973,,,,"S5:41_T3:94"
"EGY","BA:582","EMP_DWAP_SEX_AGE_RT","SEX_F","AGE_5YRBANDS_Y30-34","2006",22.798,,"C6:1629",,"S5:41_T3:94"
"EGY","BA:582","EMP_DWAP_SEX_AGE_RT","SEX_F","AGE_5YRBANDS_Y40-44","2006",27.326,,"C6:1630",,"S5:41_T3:94"
"EGY","BA:582","EMP_DWAP_SEX_AGE_RT","SEX_F","AGE_5YRBANDS_Y50-54","2006",15.832,,"C6:1631",,"S5:41_T3:94"
"EGY","BA:582","EMP_DWAP_SEX_AGE_RT","SEX_T","AGE_YTHADULT_YGE15","2005",43.948,,,,"S5:41_T3:94"
"EGY","BA:582","EMP_DWAP_SEX_AGE_RT","SEX_T","AGE_YTHADULT_Y15-24","2005",23.905,,,,"S5:41_T3:94"
"EGY","BA:582","EMP_DWAP_SEX_AGE_RT","SEX_T","AGE_YTHADULT_YGE25","2005",53.554,,"C6:2351",,"S5:41_T3:94"
"EGY","BA:582","EMP_DWAP_SEX_AGE_RT","SEX_M","AGE_YTHADULT_YGE15","2005",69.822,,,,"S5:41_T3:94"
"EGY","BA:582","EMP_DWAP_SEX_AGE_RT","SEX_M","AGE_YTHADULT_Y15-24","2005",38.616,,,,"S5:41_T3:94"
"EGY","BA:582","EMP_DWAP_SEX_AGE_RT","SEX_M","AGE_YTHADULT_YGE25","2005",85.358,,"C6:2351",,"S5:41_T3:94"
"EGY","BA:582","EMP_DWAP_SEX_AGE_RT","SEX_F","AGE_YTHADULT_YGE15","2005",17.294,,,,"S5:41_T3:94"
"EGY","BA:582","EMP_DWAP_SEX_AGE_RT","SEX_F","AGE_YTHADULT_Y15-24","2005",7.933,,,,"S5:41_T3:94"
"EGY","BA:582","EMP_DWAP_SEX_AGE_RT","SEX_F","AGE_YTHADULT_YGE25","2005",21.606,,"C6:2351",,"S5:41_T3:94"
"EGY","BA:582","EMP_DWAP_SEX_AGE_RT","SEX_T","AGE_YTHADULT_YGE15","2002",38.867,,,,"S3:25_S5:41_T3:94"
"EGY","BA:582","EMP_DWAP_SEX_AGE_RT","SEX_T","AGE_YTHADULT_Y15-24","2002",21.8,,,,"S3:25_S5:41_T3:94"
"EGY","BA:582","EMP_DWAP_SEX_AGE_RT","SEX_T","AGE_YTHADULT_YGE25","2002",46.337,,,,"S3:25_S5:41_T3:94"
"EGY","BA:582","EMP_DWAP_SEX_AGE_RT","SEX_M","AGE_YTHADULT_YGE15","2002",64.394,,,,"S3:25_S5:41_T3:94"
"EGY","BA:582","EMP_DWAP_SEX_AGE_RT","SEX_M","AGE_YTHADULT_Y15-24","2002",30.658,,,,"S3:25_S5:41_T3:94"
"EGY","BA:582","EMP_DWAP_SEX_AGE_RT","SEX_M","AGE_YTHADULT_YGE25","2002",80.894,,,,"S3:25_S5:41_T3:94"
"EGY","BA:582","EMP_DWAP_SEX_AGE_RT","SEX_F","AGE_YTHADULT_YGE15","2002",14.025,,,,"S3:25_S5:41_T3:94"
"EGY","BA:582","EMP_DWAP_SEX_AGE_RT","SEX_F","AGE_YTHADULT_Y15-24","2002",11.73,,,,"S3:25_S5:41_T3:94"
"EGY","BA:582","EMP_DWAP_SEX_AGE_RT","SEX_F","AGE_YTHADULT_YGE25","2002",14.922,,,,"S3:25_S5:41_T3:94"
"EGY","BA:582","EMP_DWAP_SEX_AGE_RT","SEX_T","AGE_AGGREGATE_Y15-24","2002",21.8,,,,"S3:25_S5:41_T3:94"
"EGY","BA:582","EMP_DWAP_SEX_AGE_RT","SEX_M","AGE_AGGREGATE_Y15-24","2002",30.658,,,,"S3:25_S5:41_T3:94"
"EGY","BA:582","EMP_DWAP_SEX_AGE_RT","SEX_F","AGE_AGGREGATE_Y15-24","2002",11.73,,,,"S3:25_S5:41_T3:94"
"EGY","BA:582","EMP_DWAP_SEX_AGE_RT","SEX_T","AGE_10YRBANDS_YGE15","2002",38.867,,,,"S3:25_S5:41_T3:94"
"EGY","BA:582","EMP_DWAP_SEX_AGE_RT","SEX_T","AGE_10YRBANDS_Y15-24","2002",21.8,,,,"S3:25_S5:41_T3:94"
"EGY","BA:582","EMP_DWAP_SEX_AGE_RT","SEX_T","AGE_10YRBANDS_Y25-34","2002",50.305,,,,"S3:25_S5:41_T3:94"
"EGY","BA:582","EMP_DWAP_SEX_AGE_RT","SEX_M","AGE_10YRBANDS_YGE15","2002",64.394,,,,"S3:25_S5:41_T3:94"
"EGY","BA:582","EMP_DWAP_SEX_AGE_RT","SEX_M","AGE_10YRBANDS_Y15-24","2002",30.658,,,,"S3:25_S5:41_T3:94"
"EGY","BA:582","EMP_DWAP_SEX_AGE_RT","SEX_M","AGE_10YRBANDS_Y25-34","2002",91.736,,,,"S3:25_S5:41_T3:94"
"EGY","BA:582","EMP_DWAP_SEX_AGE_RT","SEX_F","AGE_10YRBANDS_YGE15","2002",14.025,,,,"S3:25_S5:41_T3:94"
"EGY","BA:582","EMP_DWAP_SEX_AGE_RT","SEX_F","AGE_10YRBANDS_Y15-24","2002",11.73,,,,"S3:25_S5:41_T3:94"
"EGY","BA:582","EMP_DWAP_SEX_AGE_RT","SEX_F","AGE_10YRBANDS_Y25-34","2002",18.095,,,,"S3:25_S5:41_T3:94"
"EGY","BA:582","EMP_DWAP_SEX_AGE_RT","SEX_T","AGE_5YRBANDS_YGE15","2002",38.867,,,,"S3:25_S5:41_T3:94"
"EGY","BA:582","EMP_DWAP_SEX_AGE_RT","SEX_T","AGE_5YRBANDS_Y15-19","2002",12.771,,,,"S3:25_S5:41_T3:94"
"EGY","BA:582","EMP_DWAP_SEX_AGE_RT","SEX_T","AGE_5YRBANDS_Y20-24","2002",35.637,,,,"S3:25_S5:41_T3:94"
"EGY","BA:582","EMP_DWAP_SEX_AGE_RT","SEX_T","AGE_5YRBANDS_Y25-29","2002",45.068,,,,"S3:25_S5:41_T3:94"
"EGY","BA:582","EMP_DWAP_SEX_AGE_RT","SEX_T","AGE_5YRBANDS_Y30-34","2002",52.913,,"C6:1629",,"S3:25_S5:41_T3:94"
"EGY","BA:582","EMP_DWAP_SEX_AGE_RT","SEX_T","AGE_5YRBANDS_Y40-44","2002",57.251,,"C6:1630",,"S3:25_S5:41_T3:94"
"EGY","BA:582","EMP_DWAP_SEX_AGE_RT","SEX_T","AGE_5YRBANDS_Y50-54","2002",50.901,,"C6:1631",,"S3:25_S5:41_T3:94"
"EGY","BA:582","EMP_DWAP_SEX_AGE_RT","SEX_M","AGE_5YRBANDS_YGE15","2002",64.394,,,,"S3:25_S5:41_T3:94"
"EGY","BA:582","EMP_DWAP_SEX_AGE_RT","SEX_M","AGE_5YRBANDS_Y15-19","2002",18.964,,,,"S3:25_S5:41_T3:94"
"EGY","BA:582","EMP_DWAP_SEX_AGE_RT","SEX_M","AGE_5YRBANDS_Y20-24","2002",47.693,,,,"S3:25_S5:41_T3:94"
"EGY","BA:582","EMP_DWAP_SEX_AGE_RT","SEX_M","AGE_5YRBANDS_Y25-29","2002",80.904,,,,"S3:25_S5:41_T3:94"
"EGY","BA:582","EMP_DWAP_SEX_AGE_RT","SEX_M","AGE_5YRBANDS_Y30-34","2002",97.275,,"C6:1629",,"S3:25_S5:41_T3:94"
"EGY","BA:582","EMP_DWAP_SEX_AGE_RT","SEX_M","AGE_5YRBANDS_Y40-44","2002",98.91,,"C6:1630",,"S3:25_S5:41_T3:94"
"EGY","BA:582","EMP_DWAP_SEX_AGE_RT","SEX_M","AGE_5YRBANDS_Y50-54","2002",98.275,,"C6:1631",,"S3:25_S5:41_T3:94"
"EGY","BA:582","EMP_DWAP_SEX_AGE_RT","SEX_F","AGE_5YRBANDS_YGE15","2002",14.025,,,,"S3:25_S5:41_T3:94"
"EGY","BA:582","EMP_DWAP_SEX_AGE_RT","SEX_F","AGE_5YRBANDS_Y15-19","2002",6.025,,,,"S3:25_S5:41_T3:94"
"EGY","BA:582","EMP_DWAP_SEX_AGE_RT","SEX_F","AGE_5YRBANDS_Y20-24","2002",20.996,,,,"S3:25_S5:41_T3:94"
"EGY","BA:582","EMP_DWAP_SEX_AGE_RT","SEX_F","AGE_5YRBANDS_Y25-29","2002",16.314,,,,"S3:25_S5:41_T3:94"
"EGY","BA:582","EMP_DWAP_SEX_AGE_RT","SEX_F","AGE_5YRBANDS_Y30-34","2002",18.964,,"C6:1629",,"S3:25_S5:41_T3:94"
"EGY","BA:582","EMP_DWAP_SEX_AGE_RT","SEX_F","AGE_5YRBANDS_Y40-44","2002",19.444,,"C6:1630",,"S3:25_S5:41_T3:94"
"EGY","BA:582","EMP_DWAP_SEX_AGE_RT","SEX_F","AGE_5YRBANDS_Y50-54","2002",10.236,,"C6:1631",,"S3:25_S5:41_T3:94"
"EGY","BA:582","EMP_DWAP_SEX_AGE_RT","SEX_T","AGE_YTHADULT_YGE15","2001",40.772,,,,"S3:25_S5:41_T3:94"
"EGY","BA:582","EMP_DWAP_SEX_AGE_RT","SEX_T","AGE_YTHADULT_Y15-24","2001",20.394,,,,"S3:25_S5:41_T3:94"
"EGY","BA:582","EMP_DWAP_SEX_AGE_RT","SEX_T","AGE_YTHADULT_YGE25","2001",50.408,,,,"S3:25_S5:41_T3:94"
"EGY","BA:582","EMP_DWAP_SEX_AGE_RT","SEX_M","AGE_YTHADULT_YGE15","2001",64.702,,,,"S3:25_S5:41_T3:94"
"EGY","BA:582","EMP_DWAP_SEX_AGE_RT","SEX_M","AGE_YTHADULT_Y15-24","2001",30.986,,,,"S3:25_S5:41_T3:94"
"EGY","BA:582","EMP_DWAP_SEX_AGE_RT","SEX_M","AGE_YTHADULT_YGE25","2001",81.943,,,,"S3:25_S5:41_T3:94"
"EGY","BA:582","EMP_DWAP_SEX_AGE_RT","SEX_F","AGE_YTHADULT_YGE15","2001",15.715,,,,"S3:25_S5:41_T3:94"
"EGY","BA:582","EMP_DWAP_SEX_AGE_RT","SEX_F","AGE_YTHADULT_Y15-24","2001",8.006,,,,"S3:25_S5:41_T3:94"
"EGY","BA:582","EMP_DWAP_SEX_AGE_RT","SEX_F","AGE_YTHADULT_YGE25","2001",19.065,,,,"S3:25_S5:41_T3:94"
"EGY","BA:582","EMP_DWAP_SEX_AGE_RT","SEX_T","AGE_AGGREGATE_Y15-24","2001",20.394,,,,"S3:25_S5:41_T3:94"
"EGY","BA:582","EMP_DWAP_SEX_AGE_RT","SEX_M","AGE_AGGREGATE_Y15-24","2001",30.986,,,,"S3:25_S5:41_T3:94"
"EGY","BA:582","EMP_DWAP_SEX_AGE_RT","SEX_F","AGE_AGGREGATE_Y15-24","2001",8.006,,,,"S3:25_S5:41_T3:94"
"EGY","BA:582","EMP_DWAP_SEX_AGE_RT","SEX_T","AGE_10YRBANDS_YGE15","2001",40.772,,,,"S3:25_S5:41_T3:94"
"EGY","BA:582","EMP_DWAP_SEX_AGE_RT","SEX_T","AGE_10YRBANDS_Y15-24","2001",20.394,,,,"S3:25_S5:41_T3:94"
"EGY","BA:582","EMP_DWAP_SEX_AGE_RT","SEX_T","AGE_10YRBANDS_Y25-34","2001",55.959,,,,"S3:25_S5:41_T3:94"
"EGY","BA:582","EMP_DWAP_SEX_AGE_RT","SEX_M","AGE_10YRBANDS_YGE15","2001",64.702,,,,"S3:25_S5:41_T3:94"
"EGY","BA:582","EMP_DWAP_SEX_AGE_RT","SEX_M","AGE_10YRBANDS_Y15-24","2001",30.986,,,,"S3:25_S5:41_T3:94"
"EGY","BA:582","EMP_DWAP_SEX_AGE_RT","SEX_M","AGE_10YRBANDS_Y25-34","2001",92.119,,,,"S3:25_S5:41_T3:94"
"EGY","BA:582","EMP_DWAP_SEX_AGE_RT","SEX_F","AGE_10YRBANDS_YGE15","2001",15.715,,,,"S3:25_S5:41_T3:94"
"EGY","BA:582","EMP_DWAP_SEX_AGE_RT","SEX_F","AGE_10YRBANDS_Y15-24","2001",8.006,,,,"S3:25_S5:41_T3:94"
"EGY","BA:582","EMP_DWAP_SEX_AGE_RT","SEX_F","AGE_10YRBANDS_Y25-34","2001",23.386,,,,"S3:25_S5:41_T3:94"
"EGY","BA:582","EMP_DWAP_SEX_AGE_RT","SEX_T","AGE_5YRBANDS_YGE15","2001",40.772,,,,"S3:25_S5:41_T3:94"
"EGY","BA:582","EMP_DWAP_SEX_AGE_RT","SEX_T","AGE_5YRBANDS_Y15-19","2001",13.815,,,,"S3:25_S5:41_T3:94"
"EGY","BA:582","EMP_DWAP_SEX_AGE_RT","SEX_T","AGE_5YRBANDS_Y20-24","2001",30.095,,,,"S3:25_S5:41_T3:94"
"EGY","BA:582","EMP_DWAP_SEX_AGE_RT","SEX_T","AGE_5YRBANDS_Y25-29","2001",50.154,,,,"S3:25_S5:41_T3:94"
"EGY","BA:582","EMP_DWAP_SEX_AGE_RT","SEX_T","AGE_5YRBANDS_Y30-34","2001",59.029,,"C6:1629",,"S3:25_S5:41_T3:94"
"EGY","BA:582","EMP_DWAP_SEX_AGE_RT","SEX_T","AGE_5YRBANDS_Y40-44","2001",60.621,,"C6:1630",,"S3:25_S5:41_T3:94"
"EGY","BA:582","EMP_DWAP_SEX_AGE_RT","SEX_T","AGE_5YRBANDS_Y50-54","2001",53.901,,"C6:1631",,"S3:25_S5:41_T3:94"
"EGY","BA:582","EMP_DWAP_SEX_AGE_RT","SEX_M","AGE_5YRBANDS_YGE15","2001",64.702,,,,"S3:25_S5:41_T3:94"
"EGY","BA:582","EMP_DWAP_SEX_AGE_RT","SEX_M","AGE_5YRBANDS_Y15-19","2001",22.231,,,,"S3:25_S5:41_T3:94"
"EGY","BA:582","EMP_DWAP_SEX_AGE_RT","SEX_M","AGE_5YRBANDS_Y20-24","2001",43.542,,,,"S3:25_S5:41_T3:94"
"EGY","BA:582","EMP_DWAP_SEX_AGE_RT","SEX_M","AGE_5YRBANDS_Y25-29","2001",82.803,,,,"S3:25_S5:41_T3:94"
"EGY","BA:582","EMP_DWAP_SEX_AGE_RT","SEX_M","AGE_5YRBANDS_Y30-34","2001",97.172,,"C6:1629",,"S3:25_S5:41_T3:94"
"EGY","BA:582","EMP_DWAP_SEX_AGE_RT","SEX_M","AGE_5YRBANDS_Y40-44","2001",98.954,,"C6:1630",,"S3:25_S5:41_T3:94"
"EGY","BA:582","EMP_DWAP_SEX_AGE_RT","SEX_M","AGE_5YRBANDS_Y50-54","2001",98.439,,"C6:1631",,"S3:25_S5:41_T3:94"
"EGY","BA:582","EMP_DWAP_SEX_AGE_RT","SEX_F","AGE_5YRBANDS_YGE15","2001",15.715,,,,"S3:25_S5:41_T3:94"
"EGY","BA:582","EMP_DWAP_SEX_AGE_RT","SEX_F","AGE_5YRBANDS_Y15-19","2001",4.211,,,,"S3:25_S5:41_T3:94"
"EGY","BA:582","EMP_DWAP_SEX_AGE_RT","SEX_F","AGE_5YRBANDS_Y20-24","2001",13.788,,,,"S3:25_S5:41_T3:94"
"EGY","BA:582","EMP_DWAP_SEX_AGE_RT","SEX_F","AGE_5YRBANDS_Y25-29","2001",19.815,,,,"S3:25_S5:41_T3:94"
"EGY","BA:582","EMP_DWAP_SEX_AGE_RT","SEX_F","AGE_5YRBANDS_Y30-34","2001",25.233,,"C6:1629",,"S3:25_S5:41_T3:94"
"EGY","BA:582","EMP_DWAP_SEX_AGE_RT","SEX_F","AGE_5YRBANDS_Y40-44","2001",23.853,,"C6:1630",,"S3:25_S5:41_T3:94"
"EGY","BA:582","EMP_DWAP_SEX_AGE_RT","SEX_F","AGE_5YRBANDS_Y50-54","2001",13.731,,"C6:1631",,"S3:25_S5:41_T3:94"
"EGY","BA:582","EMP_DWAP_SEX_AGE_RT","SEX_T","AGE_YTHADULT_YGE15","2000",26.939,,,,"S3:25_S5:41_T3:94"
"EGY","BA:582","EMP_DWAP_SEX_AGE_RT","SEX_M","AGE_YTHADULT_YGE15","2000",42.753,,,,"S3:25_S5:41_T3:94"
"EGY","BA:582","EMP_DWAP_SEX_AGE_RT","SEX_F","AGE_YTHADULT_YGE15","2000",10.396,,,,"S3:25_S5:41_T3:94"
"EGY","BA:582","EMP_DWAP_SEX_AGE_RT","SEX_T","AGE_YTHADULT_YGE15","1999",43.739,,,,"S5:41_T2:79"
"EGY","BA:582","EMP_DWAP_SEX_AGE_RT","SEX_T","AGE_YTHADULT_Y15-24","1999",27.094,,,,"S5:41_T2:79"
"EGY","BA:582","EMP_DWAP_SEX_AGE_RT","SEX_T","AGE_YTHADULT_YGE25","1999",51.72,,,,"S5:41_T2:79"
"EGY","BA:582","EMP_DWAP_SEX_AGE_RT","SEX_M","AGE_YTHADULT_YGE15","1999",70.047,,,,"S5:41_T2:79"
"EGY","BA:582","EMP_DWAP_SEX_AGE_RT","SEX_M","AGE_YTHADULT_Y15-24","1999",40.14,,,,"S5:41_T2:79"
"EGY","BA:582","EMP_DWAP_SEX_AGE_RT","SEX_M","AGE_YTHADULT_YGE25","1999",84.914,,,,"S5:41_T2:79"
"EGY","BA:582","EMP_DWAP_SEX_AGE_RT","SEX_F","AGE_YTHADULT_YGE15","1999",16.446,,,,"S5:41_T2:79"
"EGY","BA:582","EMP_DWAP_SEX_AGE_RT","SEX_F","AGE_YTHADULT_Y15-24","1999",12.861,,,,"S5:41_T2:79"
"EGY","BA:582","EMP_DWAP_SEX_AGE_RT","SEX_F","AGE_YTHADULT_YGE25","1999",18.101,,,,"S5:41_T2:79"
"EGY","BA:582","EMP_DWAP_SEX_AGE_RT","SEX_T","AGE_AGGREGATE_Y15-24","1999",27.094,,,,"S5:41_T2:79"
"EGY","BA:582","EMP_DWAP_SEX_AGE_RT","SEX_M","AGE_AGGREGATE_Y15-24","1999",40.14,,,,"S5:41_T2:79"
"EGY","BA:582","EMP_DWAP_SEX_AGE_RT","SEX_F","AGE_AGGREGATE_Y15-24","1999",12.861,,,,"S5:41_T2:79"
"EGY","BA:582","EMP_DWAP_SEX_AGE_RT","SEX_T","AGE_10YRBANDS_YGE15","1999",43.739,,,,"S5:41_T2:79"
"EGY","BA:582","EMP_DWAP_SEX_AGE_RT","SEX_T","AGE_10YRBANDS_Y15-24","1999",27.094,,,,"S5:41_T2:79"
"EGY","BA:582","EMP_DWAP_SEX_AGE_RT","SEX_T","AGE_10YRBANDS_Y25-34","1999",52.203,,,,"S5:41_T2:79"
"EGY","BA:582","EMP_DWAP_SEX_AGE_RT","SEX_M","AGE_10YRBANDS_YGE15","1999",70.047,,,,"S5:41_T2:79"
"EGY","BA:582","EMP_DWAP_SEX_AGE_RT","SEX_M","AGE_10YRBANDS_Y15-24","1999",40.14,,,,"S5:41_T2:79"
"EGY","BA:582","EMP_DWAP_SEX_AGE_RT","SEX_M","AGE_10YRBANDS_Y25-34","1999",85.126,,,,"S5:41_T2:79"
"EGY","BA:582","EMP_DWAP_SEX_AGE_RT","SEX_F","AGE_10YRBANDS_YGE15","1999",16.446,,,,"S5:41_T2:79"
"EGY","BA:582","EMP_DWAP_SEX_AGE_RT","SEX_F","AGE_10YRBANDS_Y15-24","1999",12.861,,,,"S5:41_T2:79"
"EGY","BA:582","EMP_DWAP_SEX_AGE_RT","SEX_F","AGE_10YRBANDS_Y25-34","1999",21.311,,,,"S5:41_T2:79"
"EGY","BA:582","EMP_DWAP_SEX_AGE_RT","SEX_T","AGE_5YRBANDS_YGE15","1999",43.739,,,,"S5:41_T2:79"
"EGY","BA:582","EMP_DWAP_SEX_AGE_RT","SEX_T","AGE_5YRBANDS_Y15-19","1999",18.377,,,,"S5:41_T2:79"
"EGY","BA:582","EMP_DWAP_SEX_AGE_RT","SEX_T","AGE_5YRBANDS_Y20-24","1999",38.958,,,,"S5:41_T2:79"
"EGY","BA:582","EMP_DWAP_SEX_AGE_RT","SEX_T","AGE_5YRBANDS_Y25-29","1999",39.581,,,,"S5:41_T2:79"
"EGY","BA:582","EMP_DWAP_SEX_AGE_RT","SEX_T","AGE_5YRBANDS_Y30-34","1999",60.419,,"C6:1629",,"S5:41_T2:79"
"EGY","BA:582","EMP_DWAP_SEX_AGE_RT","SEX_T","AGE_5YRBANDS_Y40-44","1999",61.007,,"C6:1630",,"S5:41_T2:79"
"EGY","BA:582","EMP_DWAP_SEX_AGE_RT","SEX_T","AGE_5YRBANDS_Y50-54","1999",58.288,,"C6:1631",,"S5:41_T2:79"
"EGY","BA:582","EMP_DWAP_SEX_AGE_RT","SEX_M","AGE_5YRBANDS_YGE15","1999",70.047,,,,"S5:41_T2:79"
"EGY","BA:582","EMP_DWAP_SEX_AGE_RT","SEX_M","AGE_5YRBANDS_Y15-19","1999",28.284,,,,"S5:41_T2:79"
"EGY","BA:582","EMP_DWAP_SEX_AGE_RT","SEX_M","AGE_5YRBANDS_Y20-24","1999",56.313,,,,"S5:41_T2:79"
"EGY","BA:582","EMP_DWAP_SEX_AGE_RT","SEX_M","AGE_5YRBANDS_Y25-29","1999",66.446,,,,"S5:41_T2:79"
"EGY","BA:582","EMP_DWAP_SEX_AGE_RT","SEX_M","AGE_5YRBANDS_Y30-34","1999",97.176,,"C6:1629",,"S5:41_T2:79"
"EGY","BA:582","EMP_DWAP_SEX_AGE_RT","SEX_M","AGE_5YRBANDS_Y40-44","1999",97.877,,"C6:1630",,"S5:41_T2:79"
"EGY","BA:582","EMP_DWAP_SEX_AGE_RT","SEX_M","AGE_5YRBANDS_Y50-54","1999",97.697,,"C6:1631",,"S5:41_T2:79"
"EGY","BA:582","EMP_DWAP_SEX_AGE_RT","SEX_F","AGE_5YRBANDS_YGE15","1999",16.446,,,,"S5:41_T2:79"
"EGY","BA:582","EMP_DWAP_SEX_AGE_RT","SEX_F","AGE_5YRBANDS_Y15-19","1999",7.549,,,,"S5:41_T2:79"
"EGY","BA:582","EMP_DWAP_SEX_AGE_RT","SEX_F","AGE_5YRBANDS_Y20-24","1999",20.074,,,,"S5:41_T2:79"
"EGY","BA:582","EMP_DWAP_SEX_AGE_RT","SEX_F","AGE_5YRBANDS_Y25-29","1999",14.64,,,,"S5:41_T2:79"
"EGY","BA:582","EMP_DWAP_SEX_AGE_RT","SEX_F","AGE_5YRBANDS_Y30-34","1999",25.69,,"C6:1629",,"S5:41_T2:79"
"EGY","BA:582","EMP_DWAP_SEX_AGE_RT","SEX_F","AGE_5YRBANDS_Y40-44","1999",22.247,,"C6:1630",,"S5:41_T2:79"
"EGY","BA:582","EMP_DWAP_SEX_AGE_RT","SEX_F","AGE_5YRBANDS_Y50-54","1999",14.146,,"C6:1631",,"S5:41_T2:79"
"EGY","BA:582","EMP_DWAP_SEX_AGE_RT","SEX_T","AGE_YTHADULT_YGE15","1998",42.309,,,,"S5:41_T2:79"
"EGY","BA:582","EMP_DWAP_SEX_AGE_RT","SEX_T","AGE_YTHADULT_Y15-24","1998",23.314,,,,"S5:41_T2:79"
"EGY","BA:582","EMP_DWAP_SEX_AGE_RT","SEX_T","AGE_YTHADULT_YGE25","1998",51.414,,,,"S5:41_T2:79"
"EGY","BA:582","EMP_DWAP_SEX_AGE_RT","SEX_M","AGE_YTHADULT_YGE15","1998",67.978,,,,"S5:41_T2:79"
"EGY","BA:582","EMP_DWAP_SEX_AGE_RT","SEX_M","AGE_YTHADULT_Y15-24","1998",35.696,,,,"S5:41_T2:79"
"EGY","BA:582","EMP_DWAP_SEX_AGE_RT","SEX_M","AGE_YTHADULT_YGE25","1998",84.01,,,,"S5:41_T2:79"
"EGY","BA:582","EMP_DWAP_SEX_AGE_RT","SEX_F","AGE_YTHADULT_YGE15","1998",15.683,,,,"S5:41_T2:79"
"EGY","BA:582","EMP_DWAP_SEX_AGE_RT","SEX_F","AGE_YTHADULT_Y15-24","1998",9.822,,,,"S5:41_T2:79"
"EGY","BA:582","EMP_DWAP_SEX_AGE_RT","SEX_F","AGE_YTHADULT_YGE25","1998",18.389,,,,"S5:41_T2:79"
"EGY","BA:582","EMP_DWAP_SEX_AGE_RT","SEX_T","AGE_AGGREGATE_Y15-24","1998",23.314,,,,"S5:41_T2:79"
"EGY","BA:582","EMP_DWAP_SEX_AGE_RT","SEX_M","AGE_AGGREGATE_Y15-24","1998",35.696,,,,"S5:41_T2:79"
"EGY","BA:582","EMP_DWAP_SEX_AGE_RT","SEX_F","AGE_AGGREGATE_Y15-24","1998",9.822,,,,"S5:41_T2:79"
"EGY","BA:582","EMP_DWAP_SEX_AGE_RT","SEX_T","AGE_10YRBANDS_YGE15","1998",42.309,,,,"S5:41_T2:79"
"EGY","BA:582","EMP_DWAP_SEX_AGE_RT","SEX_T","AGE_10YRBANDS_Y15-24","1998",23.314,,,,"S5:41_T2:79"
"EGY","BA:582","EMP_DWAP_SEX_AGE_RT","SEX_T","AGE_10YRBANDS_Y25-34","1998",49.886,,,,"S5:41_T2:79"
"EGY","BA:582","EMP_DWAP_SEX_AGE_RT","SEX_M","AGE_10YRBANDS_YGE15","1998",67.978,,,,"S5:41_T2:79"
"EGY","BA:582","EMP_DWAP_SEX_AGE_RT","SEX_M","AGE_10YRBANDS_Y15-24","1998",35.696,,,,"S5:41_T2:79"
"EGY","BA:582","EMP_DWAP_SEX_AGE_RT","SEX_M","AGE_10YRBANDS_Y25-34","1998",82.781,,,,"S5:41_T2:79"
"EGY","BA:582","EMP_DWAP_SEX_AGE_RT","SEX_F","AGE_10YRBANDS_YGE15","1998",15.683,,,,"S5:41_T2:79"
"EGY","BA:582","EMP_DWAP_SEX_AGE_RT","SEX_F","AGE_10YRBANDS_Y15-24","1998",9.822,,,,"S5:41_T2:79"
"EGY","BA:582","EMP_DWAP_SEX_AGE_RT","SEX_F","AGE_10YRBANDS_Y25-34","1998",20.68,,,,"S5:41_T2:79"
"EGY","BA:582","EMP_DWAP_SEX_AGE_RT","SEX_T","AGE_5YRBANDS_YGE15","1998",42.309,,,,"S5:41_T2:79"
"EGY","BA:582","EMP_DWAP_SEX_AGE_RT","SEX_T","AGE_5YRBANDS_Y15-19","1998",16.739,,,,"S5:41_T2:79"
"EGY","BA:582","EMP_DWAP_SEX_AGE_RT","SEX_T","AGE_5YRBANDS_Y20-24","1998",32.254,,,,"S5:41_T2:79"
"EGY","BA:582","EMP_DWAP_SEX_AGE_RT","SEX_T","AGE_5YRBANDS_Y25-29","1998",40.026,,,,"S5:41_T2:79"
"EGY","BA:582","EMP_DWAP_SEX_AGE_RT","SEX_T","AGE_5YRBANDS_Y30-34","1998",55.763,,"C6:1629",,"S5:41_T2:79"
"EGY","BA:582","EMP_DWAP_SEX_AGE_RT","SEX_T","AGE_5YRBANDS_Y40-44","1998",63.56,,"C6:1630",,"S5:41_T2:79"
"EGY","BA:582","EMP_DWAP_SEX_AGE_RT","SEX_T","AGE_5YRBANDS_Y50-54","1998",60.292,,"C6:1631",,"S5:41_T2:79"
"EGY","BA:582","EMP_DWAP_SEX_AGE_RT","SEX_M","AGE_5YRBANDS_YGE15","1998",67.978,,,,"S5:41_T2:79"
"EGY","BA:582","EMP_DWAP_SEX_AGE_RT","SEX_M","AGE_5YRBANDS_Y15-19","1998",26.279,,,,"S5:41_T2:79"
"EGY","BA:582","EMP_DWAP_SEX_AGE_RT","SEX_M","AGE_5YRBANDS_Y20-24","1998",48.53,,,,"S5:41_T2:79"
"EGY","BA:582","EMP_DWAP_SEX_AGE_RT","SEX_M","AGE_5YRBANDS_Y25-29","1998",66.41,,,,"S5:41_T2:79"
"EGY","BA:582","EMP_DWAP_SEX_AGE_RT","SEX_M","AGE_5YRBANDS_Y30-34","1998",92.921,,"C6:1629",,"S5:41_T2:79"
"EGY","BA:582","EMP_DWAP_SEX_AGE_RT","SEX_M","AGE_5YRBANDS_Y40-44","1998",98.452,,"C6:1630",,"S5:41_T2:79"
"EGY","BA:582","EMP_DWAP_SEX_AGE_RT","SEX_M","AGE_5YRBANDS_Y50-54","1998",98.22,,"C6:1631",,"S5:41_T2:79"
"EGY","BA:582","EMP_DWAP_SEX_AGE_RT","SEX_F","AGE_5YRBANDS_YGE15","1998",15.683,,,,"S5:41_T2:79"
"EGY","BA:582","EMP_DWAP_SEX_AGE_RT","SEX_F","AGE_5YRBANDS_Y15-19","1998",6.32,,,,"S5:41_T2:79"
"EGY","BA:582","EMP_DWAP_SEX_AGE_RT","SEX_F","AGE_5YRBANDS_Y20-24","1998",14.572,,,,"S5:41_T2:79"
"EGY","BA:582","EMP_DWAP_SEX_AGE_RT","SEX_F","AGE_5YRBANDS_Y25-29","1998",15.51,,,,"S5:41_T2:79"
"EGY","BA:582","EMP_DWAP_SEX_AGE_RT","SEX_F","AGE_5YRBANDS_Y30-34","1998",23.658,,"C6:1629",,"S5:41_T2:79"
"EGY","BA:582","EMP_DWAP_SEX_AGE_RT","SEX_F","AGE_5YRBANDS_Y40-44","1998",23.578,,"C6:1630",,"S5:41_T2:79"
"EGY","BA:582","EMP_DWAP_SEX_AGE_RT","SEX_F","AGE_5YRBANDS_Y50-54","1998",15.363,,"C6:1631",,"S5:41_T2:79"
"EGY","AA:1101","EMP_DWAP_SEX_AGE_RT","SEX_T","AGE_YTHADULT_YGE15","1996",42.644,,,,"S3:22"
"EGY","AA:1101","EMP_DWAP_SEX_AGE_RT","SEX_M","AGE_YTHADULT_YGE15","1996",72.604,,,,"S3:22"
"EGY","AA:1101","EMP_DWAP_SEX_AGE_RT","SEX_F","AGE_YTHADULT_YGE15","1996",11.576,,,,"S3:22"
"EGY","BA:582","EMP_DWAP_SEX_AGE_RT","SEX_T","AGE_YTHADULT_YGE15","1995",42.349,,,,"S3:25_S5:41_T2:81_T3:94"
"EGY","BA:582","EMP_DWAP_SEX_AGE_RT","SEX_M","AGE_YTHADULT_YGE15","1995",67.273,,,,"S3:25_S5:41_T2:81_T3:94"
"EGY","BA:582","EMP_DWAP_SEX_AGE_RT","SEX_F","AGE_YTHADULT_YGE15","1995",16.558,,,,"S3:25_S5:41_T2:81_T3:94"
"EGY","BA:582","EMP_DWAP_SEX_AGE_RT","SEX_T","AGE_YTHADULT_YGE15","1994",43.378,,,,"S3:25_S5:41_T2:81_T3:94"
"EGY","BA:582","EMP_DWAP_SEX_AGE_RT","SEX_M","AGE_YTHADULT_YGE15","1994",68.14,,,,"S3:25_S5:41_T2:81_T3:94"
"EGY","BA:582","EMP_DWAP_SEX_AGE_RT","SEX_F","AGE_YTHADULT_YGE15","1994",17.89,,,,"S3:25_S5:41_T2:81_T3:94"
"EGY","BA:582","EMP_DWAP_SEX_AGE_RT","SEX_T","AGE_YTHADULT_YGE15","1993",42.687,,,,"S3:25_S5:41_T2:81_T3:94"
"EGY","BA:582","EMP_DWAP_SEX_AGE_RT","SEX_M","AGE_YTHADULT_YGE15","1993",67.212,,,,"S3:25_S5:41_T2:81_T3:94"
"EGY","BA:582","EMP_DWAP_SEX_AGE_RT","SEX_F","AGE_YTHADULT_YGE15","1993",17.355,,,,"S3:25_S5:41_T2:81_T3:94"
"EGY","BA:582","EMP_DWAP_SEX_AGE_RT","SEX_T","AGE_YTHADULT_YGE15","1992",42.832,,,,"S3:25_S5:41_T2:81_T3:94"
"EGY","BA:582","EMP_DWAP_SEX_AGE_RT","SEX_M","AGE_YTHADULT_YGE15","1992",65.746,,,,"S3:25_S5:41_T2:81_T3:94"
"EGY","BA:582","EMP_DWAP_SEX_AGE_RT","SEX_F","AGE_YTHADULT_YGE15","1992",19.154,,,,"S3:25_S5:41_T2:81_T3:94"
"EGY","BA:582","EMP_DWAP_SEX_AGE_RT","SEX_T","AGE_YTHADULT_YGE15","1991",41.409,,,,"S3:23_S5:41_T2:81_T3:94"
"EGY","BA:582","EMP_DWAP_SEX_AGE_RT","SEX_M","AGE_YTHADULT_YGE15","1991",64.942,,,,"S3:23_S5:41_T2:81_T3:94"
"EGY","BA:582","EMP_DWAP_SEX_AGE_RT","SEX_F","AGE_YTHADULT_YGE15","1991",17.308,,,,"S3:23_S5:41_T2:81_T3:94"
"EGY","BA:582","EMP_DWAP_SEX_AGE_RT","SEX_T","AGE_YTHADULT_YGE15","1990",45.326,,,,"S3:23_S5:41_T2:81_T3:94"
"EGY","BA:582","EMP_DWAP_SEX_AGE_RT","SEX_M","AGE_YTHADULT_YGE15","1990",67.904,,,,"S3:23_S5:41_T2:81_T3:94"
"EGY","BA:582","EMP_DWAP_SEX_AGE_RT","SEX_F","AGE_YTHADULT_YGE15","1990",21.921,,,,"S3:23_S5:41_T2:81_T3:94"
