"ref_area","source","indicator","sex","classif1","time","obs_value","obs_status","note_classif","note_indicator","note_source"
"TUR","BA:622","UNE_DEAP_SEX_AGE_RT","SEX_T","AGE_YTHADULT_YGE15","2025",8.348,,,,"R1:3513"
"TUR","BA:622","UNE_DEAP_SEX_AGE_RT","SEX_T","AGE_YTHADULT_Y15-64","2025",8.537,,,,"R1:3513"
"TUR","BA:622","UNE_DEAP_SEX_AGE_RT","SEX_T","AGE_YTHADULT_Y15-24","2025",15.331,,,,"R1:3513"
"TUR","BA:622","UNE_DEAP_SEX_AGE_RT","SEX_T","AGE_YTHADULT_YGE25","2025",7.076,,,,"R1:3513"
"TUR","BA:622","UNE_DEAP_SEX_AGE_RT","SEX_M","AGE_YTHADULT_YGE15","2025",6.83,,,,"R1:3513"
"TUR","BA:622","UNE_DEAP_SEX_AGE_RT","SEX_M","AGE_YTHADULT_Y15-64","2025",6.959,,,,"R1:3513"
"TUR","BA:622","UNE_DEAP_SEX_AGE_RT","SEX_M","AGE_YTHADULT_Y15-24","2025",11.71,,,,"R1:3513"
"TUR","BA:622","UNE_DEAP_SEX_AGE_RT","SEX_M","AGE_YTHADULT_YGE25","2025",5.951,,,,"R1:3513"
"TUR","BA:622","UNE_DEAP_SEX_AGE_RT","SEX_F","AGE_YTHADULT_YGE15","2025",11.277,,,,"R1:3513"
"TUR","BA:622","UNE_DEAP_SEX_AGE_RT","SEX_F","AGE_YTHADULT_Y15-64","2025",11.547,,,,"R1:3513"
"TUR","BA:622","UNE_DEAP_SEX_AGE_RT","SEX_F","AGE_YTHADULT_Y15-24","2025",22.122,,,,"R1:3513"
"TUR","BA:622","UNE_DEAP_SEX_AGE_RT","SEX_F","AGE_YTHADULT_YGE25","2025",9.257,,,,"R1:3513"
"TUR","BA:622","UNE_DEAP_SEX_AGE_RT","SEX_T","AGE_AGGREGATE_YGE15","2025",8.348,,,,"R1:3513"
"TUR","BA:622","UNE_DEAP_SEX_AGE_RT","SEX_T","AGE_AGGREGATE_Y15-24","2025",15.331,,,,"R1:3513"
"TUR","BA:622","UNE_DEAP_SEX_AGE_RT","SEX_T","AGE_AGGREGATE_Y25-54","2025",7.523,,,,"R1:3513"
"TUR","BA:622","UNE_DEAP_SEX_AGE_RT","SEX_T","AGE_AGGREGATE_Y55-64","2025",5.304,,,,"R1:3513"
"TUR","BA:622","UNE_DEAP_SEX_AGE_RT","SEX_T","AGE_AGGREGATE_YGE65","2025",2.918,,,,"R1:3513"
"TUR","BA:622","UNE_DEAP_SEX_AGE_RT","SEX_M","AGE_AGGREGATE_YGE15","2025",6.83,,,,"R1:3513"
"TUR","BA:622","UNE_DEAP_SEX_AGE_RT","SEX_M","AGE_AGGREGATE_Y15-24","2025",11.71,,,,"R1:3513"
"TUR","BA:622","UNE_DEAP_SEX_AGE_RT","SEX_M","AGE_AGGREGATE_Y25-54","2025",6.098,,,,"R1:3513"
"TUR","BA:622","UNE_DEAP_SEX_AGE_RT","SEX_M","AGE_AGGREGATE_Y55-64","2025",5.842,,,,"R1:3513"
"TUR","BA:622","UNE_DEAP_SEX_AGE_RT","SEX_M","AGE_AGGREGATE_YGE65","2025",3.52,,,,"R1:3513"
"TUR","BA:622","UNE_DEAP_SEX_AGE_RT","SEX_F","AGE_AGGREGATE_YGE15","2025",11.277,,,,"R1:3513"
"TUR","BA:622","UNE_DEAP_SEX_AGE_RT","SEX_F","AGE_AGGREGATE_Y15-24","2025",22.122,,,,"R1:3513"
"TUR","BA:622","UNE_DEAP_SEX_AGE_RT","SEX_F","AGE_AGGREGATE_Y25-54","2025",10.145,,,,"R1:3513"
"TUR","BA:622","UNE_DEAP_SEX_AGE_RT","SEX_F","AGE_AGGREGATE_Y55-64","2025",3.931,,,,"R1:3513"
"TUR","BA:622","UNE_DEAP_SEX_AGE_RT","SEX_F","AGE_AGGREGATE_YGE65","2025",1.266,,,,"R1:3513"
"TUR","BA:622","UNE_DEAP_SEX_AGE_RT","SEX_T","AGE_10YRBANDS_YGE15","2025",8.348,,,,"R1:3513"
"TUR","BA:622","UNE_DEAP_SEX_AGE_RT","SEX_T","AGE_10YRBANDS_Y15-24","2025",15.331,,,,"R1:3513"
"TUR","BA:622","UNE_DEAP_SEX_AGE_RT","SEX_T","AGE_10YRBANDS_Y25-34","2025",10.115,,,,"R1:3513"
"TUR","BA:622","UNE_DEAP_SEX_AGE_RT","SEX_T","AGE_10YRBANDS_Y35-44","2025",6.579,,,,"R1:3513"
"TUR","BA:622","UNE_DEAP_SEX_AGE_RT","SEX_T","AGE_10YRBANDS_Y45-54","2025",5.464,,,,"R1:3513"
"TUR","BA:622","UNE_DEAP_SEX_AGE_RT","SEX_T","AGE_10YRBANDS_Y55-64","2025",5.304,,,,"R1:3513"
"TUR","BA:622","UNE_DEAP_SEX_AGE_RT","SEX_T","AGE_10YRBANDS_YGE65","2025",2.918,,,,"R1:3513"
"TUR","BA:622","UNE_DEAP_SEX_AGE_RT","SEX_M","AGE_10YRBANDS_YGE15","2025",6.83,,,,"R1:3513"
"TUR","BA:622","UNE_DEAP_SEX_AGE_RT","SEX_M","AGE_10YRBANDS_Y15-24","2025",11.71,,,,"R1:3513"
"TUR","BA:622","UNE_DEAP_SEX_AGE_RT","SEX_M","AGE_10YRBANDS_Y25-34","2025",7.864,,,,"R1:3513"
"TUR","BA:622","UNE_DEAP_SEX_AGE_RT","SEX_M","AGE_10YRBANDS_Y35-44","2025",5.215,,,,"R1:3513"
"TUR","BA:622","UNE_DEAP_SEX_AGE_RT","SEX_M","AGE_10YRBANDS_Y45-54","2025",5.066,,,,"R1:3513"
"TUR","BA:622","UNE_DEAP_SEX_AGE_RT","SEX_M","AGE_10YRBANDS_Y55-64","2025",5.842,,,,"R1:3513"
"TUR","BA:622","UNE_DEAP_SEX_AGE_RT","SEX_M","AGE_10YRBANDS_YGE65","2025",3.52,,,,"R1:3513"
"TUR","BA:622","UNE_DEAP_SEX_AGE_RT","SEX_F","AGE_10YRBANDS_YGE15","2025",11.277,,,,"R1:3513"
"TUR","BA:622","UNE_DEAP_SEX_AGE_RT","SEX_F","AGE_10YRBANDS_Y15-24","2025",22.122,,,,"R1:3513"
"TUR","BA:622","UNE_DEAP_SEX_AGE_RT","SEX_F","AGE_10YRBANDS_Y25-34","2025",14.035,,,,"R1:3513"
"TUR","BA:622","UNE_DEAP_SEX_AGE_RT","SEX_F","AGE_10YRBANDS_Y35-44","2025",9.078,,,,"R1:3513"
"TUR","BA:622","UNE_DEAP_SEX_AGE_RT","SEX_F","AGE_10YRBANDS_Y45-54","2025",6.254,,,,"R1:3513"
"TUR","BA:622","UNE_DEAP_SEX_AGE_RT","SEX_F","AGE_10YRBANDS_Y55-64","2025",3.931,,,,"R1:3513"
"TUR","BA:622","UNE_DEAP_SEX_AGE_RT","SEX_F","AGE_10YRBANDS_YGE65","2025",1.266,,,,"R1:3513"
"TUR","BA:622","UNE_DEAP_SEX_AGE_RT","SEX_T","AGE_5YRBANDS_YGE15","2025",8.348,,,,"R1:3513"
"TUR","BA:622","UNE_DEAP_SEX_AGE_RT","SEX_T","AGE_5YRBANDS_Y15-19","2025",13.062,,,,"R1:3513"
"TUR","BA:622","UNE_DEAP_SEX_AGE_RT","SEX_T","AGE_5YRBANDS_Y20-24","2025",16.678,,,,"R1:3513"
"TUR","BA:622","UNE_DEAP_SEX_AGE_RT","SEX_T","AGE_5YRBANDS_Y25-29","2025",11.713,,,,"R1:3513"
"TUR","BA:622","UNE_DEAP_SEX_AGE_RT","SEX_T","AGE_5YRBANDS_Y30-34","2025",8.454,,,,"R1:3513"
"TUR","BA:622","UNE_DEAP_SEX_AGE_RT","SEX_T","AGE_5YRBANDS_Y35-39","2025",7.065,,,,"R1:3513"
"TUR","BA:622","UNE_DEAP_SEX_AGE_RT","SEX_T","AGE_5YRBANDS_Y40-44","2025",6.098,,,,"R1:3513"
"TUR","BA:622","UNE_DEAP_SEX_AGE_RT","SEX_T","AGE_5YRBANDS_Y45-49","2025",5.34,,,,"R1:3513"
"TUR","BA:622","UNE_DEAP_SEX_AGE_RT","SEX_T","AGE_5YRBANDS_Y50-54","2025",5.624,,,,"R1:3513"
"TUR","BA:622","UNE_DEAP_SEX_AGE_RT","SEX_T","AGE_5YRBANDS_Y55-59","2025",5.629,,,,"R1:3513"
"TUR","BA:622","UNE_DEAP_SEX_AGE_RT","SEX_T","AGE_5YRBANDS_Y60-64","2025",4.842,,,,"R1:3513"
"TUR","BA:622","UNE_DEAP_SEX_AGE_RT","SEX_T","AGE_5YRBANDS_YGE65","2025",2.918,,,,"R1:3513"
"TUR","BA:622","UNE_DEAP_SEX_AGE_RT","SEX_M","AGE_5YRBANDS_YGE15","2025",6.83,,,,"R1:3513"
"TUR","BA:622","UNE_DEAP_SEX_AGE_RT","SEX_M","AGE_5YRBANDS_Y15-19","2025",10.709,,,,"R1:3513"
"TUR","BA:622","UNE_DEAP_SEX_AGE_RT","SEX_M","AGE_5YRBANDS_Y20-24","2025",12.408,,,,"R1:3513"
"TUR","BA:622","UNE_DEAP_SEX_AGE_RT","SEX_M","AGE_5YRBANDS_Y25-29","2025",9.248,,,,"R1:3513"
"TUR","BA:622","UNE_DEAP_SEX_AGE_RT","SEX_M","AGE_5YRBANDS_Y30-34","2025",6.484,,,,"R1:3513"
"TUR","BA:622","UNE_DEAP_SEX_AGE_RT","SEX_M","AGE_5YRBANDS_Y35-39","2025",5.354,,,,"R1:3513"
"TUR","BA:622","UNE_DEAP_SEX_AGE_RT","SEX_M","AGE_5YRBANDS_Y40-44","2025",5.078,,,,"R1:3513"
"TUR","BA:622","UNE_DEAP_SEX_AGE_RT","SEX_M","AGE_5YRBANDS_Y45-49","2025",4.714,,,,"R1:3513"
"TUR","BA:622","UNE_DEAP_SEX_AGE_RT","SEX_M","AGE_5YRBANDS_Y50-54","2025",5.498,,,,"R1:3513"
"TUR","BA:622","UNE_DEAP_SEX_AGE_RT","SEX_M","AGE_5YRBANDS_Y55-59","2025",6.072,,,,"R1:3513"
"TUR","BA:622","UNE_DEAP_SEX_AGE_RT","SEX_M","AGE_5YRBANDS_Y60-64","2025",5.523,,,,"R1:3513"
"TUR","BA:622","UNE_DEAP_SEX_AGE_RT","SEX_M","AGE_5YRBANDS_YGE65","2025",3.52,,,,"R1:3513"
"TUR","BA:622","UNE_DEAP_SEX_AGE_RT","SEX_F","AGE_5YRBANDS_YGE15","2025",11.277,,,,"R1:3513"
"TUR","BA:622","UNE_DEAP_SEX_AGE_RT","SEX_F","AGE_5YRBANDS_Y15-19","2025",19.084,,,,"R1:3513"
"TUR","BA:622","UNE_DEAP_SEX_AGE_RT","SEX_F","AGE_5YRBANDS_Y20-24","2025",23.43,,,,"R1:3513"
"TUR","BA:622","UNE_DEAP_SEX_AGE_RT","SEX_F","AGE_5YRBANDS_Y25-29","2025",15.787,,,,"R1:3513"
"TUR","BA:622","UNE_DEAP_SEX_AGE_RT","SEX_F","AGE_5YRBANDS_Y30-34","2025",12.085,,,,"R1:3513"
"TUR","BA:622","UNE_DEAP_SEX_AGE_RT","SEX_F","AGE_5YRBANDS_Y35-39","2025",10.165,,,,"R1:3513"
"TUR","BA:622","UNE_DEAP_SEX_AGE_RT","SEX_F","AGE_5YRBANDS_Y40-44","2025",7.988,,,,"R1:3513"
"TUR","BA:622","UNE_DEAP_SEX_AGE_RT","SEX_F","AGE_5YRBANDS_Y45-49","2025",6.513,,,,"R1:3513"
"TUR","BA:622","UNE_DEAP_SEX_AGE_RT","SEX_F","AGE_5YRBANDS_Y50-54","2025",5.891,,,,"R1:3513"
"TUR","BA:622","UNE_DEAP_SEX_AGE_RT","SEX_F","AGE_5YRBANDS_Y55-59","2025",4.536,,,,"R1:3513"
"TUR","BA:622","UNE_DEAP_SEX_AGE_RT","SEX_F","AGE_5YRBANDS_Y60-64","2025",3.016,,,,"R1:3513"
"TUR","BA:622","UNE_DEAP_SEX_AGE_RT","SEX_F","AGE_5YRBANDS_YGE65","2025",1.266,,,,"R1:3513"
"TUR","BA:622","UNE_DEAP_SEX_AGE_RT","SEX_T","AGE_YTHADULT_YGE15","2024",8.711,,,,"R1:3513"
"TUR","BA:622","UNE_DEAP_SEX_AGE_RT","SEX_T","AGE_YTHADULT_Y15-64","2024",8.907,,,,"R1:3513"
"TUR","BA:622","UNE_DEAP_SEX_AGE_RT","SEX_T","AGE_YTHADULT_Y15-24","2024",16.298,,,,"R1:3513"
"TUR","BA:622","UNE_DEAP_SEX_AGE_RT","SEX_T","AGE_YTHADULT_YGE25","2024",7.329,,,,"R1:3513"
"TUR","BA:622","UNE_DEAP_SEX_AGE_RT","SEX_M","AGE_YTHADULT_YGE15","2024",7.108,,,,"R1:3513"
"TUR","BA:622","UNE_DEAP_SEX_AGE_RT","SEX_M","AGE_YTHADULT_Y15-64","2024",7.243,,,,"R1:3513"
"TUR","BA:622","UNE_DEAP_SEX_AGE_RT","SEX_M","AGE_YTHADULT_Y15-24","2024",13.072,,,,"R1:3513"
"TUR","BA:622","UNE_DEAP_SEX_AGE_RT","SEX_M","AGE_YTHADULT_YGE25","2024",6.032,,,,"R1:3513"
"TUR","BA:622","UNE_DEAP_SEX_AGE_RT","SEX_F","AGE_YTHADULT_YGE15","2024",11.781,,,,"R1:3513"
"TUR","BA:622","UNE_DEAP_SEX_AGE_RT","SEX_F","AGE_YTHADULT_Y15-64","2024",12.062,,,,"R1:3513"
"TUR","BA:622","UNE_DEAP_SEX_AGE_RT","SEX_F","AGE_YTHADULT_Y15-24","2024",22.331,,,,"R1:3513"
"TUR","BA:622","UNE_DEAP_SEX_AGE_RT","SEX_F","AGE_YTHADULT_YGE25","2024",9.823,,,,"R1:3513"
"TUR","BA:622","UNE_DEAP_SEX_AGE_RT","SEX_T","AGE_AGGREGATE_YGE15","2024",8.711,,,,"R1:3513"
"TUR","BA:622","UNE_DEAP_SEX_AGE_RT","SEX_T","AGE_AGGREGATE_Y15-24","2024",16.298,,,,"R1:3513"
"TUR","BA:622","UNE_DEAP_SEX_AGE_RT","SEX_T","AGE_AGGREGATE_Y25-54","2024",7.806,,,,"R1:3513"
"TUR","BA:622","UNE_DEAP_SEX_AGE_RT","SEX_T","AGE_AGGREGATE_Y55-64","2024",5.379,,,,"R1:3513"
"TUR","BA:622","UNE_DEAP_SEX_AGE_RT","SEX_T","AGE_AGGREGATE_YGE65","2024",2.896,,,,"R1:3513"
"TUR","BA:622","UNE_DEAP_SEX_AGE_RT","SEX_M","AGE_AGGREGATE_YGE15","2024",7.108,,,,"R1:3513"
"TUR","BA:622","UNE_DEAP_SEX_AGE_RT","SEX_M","AGE_AGGREGATE_Y15-24","2024",13.072,,,,"R1:3513"
"TUR","BA:622","UNE_DEAP_SEX_AGE_RT","SEX_M","AGE_AGGREGATE_Y25-54","2024",6.199,,,,"R1:3513"
"TUR","BA:622","UNE_DEAP_SEX_AGE_RT","SEX_M","AGE_AGGREGATE_Y55-64","2024",5.796,,,,"R1:3513"
"TUR","BA:622","UNE_DEAP_SEX_AGE_RT","SEX_M","AGE_AGGREGATE_YGE65","2024",3.49,,,,"R1:3513"
"TUR","BA:622","UNE_DEAP_SEX_AGE_RT","SEX_F","AGE_AGGREGATE_YGE15","2024",11.781,,,,"R1:3513"
"TUR","BA:622","UNE_DEAP_SEX_AGE_RT","SEX_F","AGE_AGGREGATE_Y15-24","2024",22.331,,,,"R1:3513"
"TUR","BA:622","UNE_DEAP_SEX_AGE_RT","SEX_F","AGE_AGGREGATE_Y25-54","2024",10.753,,,,"R1:3513"
"TUR","BA:622","UNE_DEAP_SEX_AGE_RT","SEX_F","AGE_AGGREGATE_Y55-64","2024",4.344,,,,"R1:3513"
"TUR","BA:622","UNE_DEAP_SEX_AGE_RT","SEX_F","AGE_AGGREGATE_YGE65","2024",1.327,,,,"R1:3513"
"TUR","BA:622","UNE_DEAP_SEX_AGE_RT","SEX_T","AGE_10YRBANDS_YGE15","2024",8.711,,,,"R1:3513"
"TUR","BA:622","UNE_DEAP_SEX_AGE_RT","SEX_T","AGE_10YRBANDS_Y15-24","2024",16.298,,,,"R1:3513"
"TUR","BA:622","UNE_DEAP_SEX_AGE_RT","SEX_T","AGE_10YRBANDS_Y25-34","2024",10.602,,,,"R1:3513"
"TUR","BA:622","UNE_DEAP_SEX_AGE_RT","SEX_T","AGE_10YRBANDS_Y35-44","2024",6.494,,,,"R1:3513"
"TUR","BA:622","UNE_DEAP_SEX_AGE_RT","SEX_T","AGE_10YRBANDS_Y45-54","2024",5.937,,,,"R1:3513"
"TUR","BA:622","UNE_DEAP_SEX_AGE_RT","SEX_T","AGE_10YRBANDS_Y55-64","2024",5.379,,,,"R1:3513"
"TUR","BA:622","UNE_DEAP_SEX_AGE_RT","SEX_T","AGE_10YRBANDS_YGE65","2024",2.896,,,,"R1:3513"
"TUR","BA:622","UNE_DEAP_SEX_AGE_RT","SEX_M","AGE_10YRBANDS_YGE15","2024",7.108,,,,"R1:3513"
"TUR","BA:622","UNE_DEAP_SEX_AGE_RT","SEX_M","AGE_10YRBANDS_Y15-24","2024",13.072,,,,"R1:3513"
"TUR","BA:622","UNE_DEAP_SEX_AGE_RT","SEX_M","AGE_10YRBANDS_Y25-34","2024",7.895,,,,"R1:3513"
"TUR","BA:622","UNE_DEAP_SEX_AGE_RT","SEX_M","AGE_10YRBANDS_Y35-44","2024",5.137,,,,"R1:3513"
"TUR","BA:622","UNE_DEAP_SEX_AGE_RT","SEX_M","AGE_10YRBANDS_Y45-54","2024",5.461,,,,"R1:3513"
"TUR","BA:622","UNE_DEAP_SEX_AGE_RT","SEX_M","AGE_10YRBANDS_Y55-64","2024",5.796,,,,"R1:3513"
"TUR","BA:622","UNE_DEAP_SEX_AGE_RT","SEX_M","AGE_10YRBANDS_YGE65","2024",3.49,,,,"R1:3513"
"TUR","BA:622","UNE_DEAP_SEX_AGE_RT","SEX_F","AGE_10YRBANDS_YGE15","2024",11.781,,,,"R1:3513"
"TUR","BA:622","UNE_DEAP_SEX_AGE_RT","SEX_F","AGE_10YRBANDS_Y15-24","2024",22.331,,,,"R1:3513"
"TUR","BA:622","UNE_DEAP_SEX_AGE_RT","SEX_F","AGE_10YRBANDS_Y25-34","2024",15.36,,,,"R1:3513"
"TUR","BA:622","UNE_DEAP_SEX_AGE_RT","SEX_F","AGE_10YRBANDS_Y35-44","2024",8.964,,,,"R1:3513"
"TUR","BA:622","UNE_DEAP_SEX_AGE_RT","SEX_F","AGE_10YRBANDS_Y45-54","2024",6.871,,,,"R1:3513"
"TUR","BA:622","UNE_DEAP_SEX_AGE_RT","SEX_F","AGE_10YRBANDS_Y55-64","2024",4.344,,,,"R1:3513"
"TUR","BA:622","UNE_DEAP_SEX_AGE_RT","SEX_F","AGE_10YRBANDS_YGE65","2024",1.327,,,,"R1:3513"
"TUR","BA:622","UNE_DEAP_SEX_AGE_RT","SEX_T","AGE_5YRBANDS_YGE15","2024",8.711,,,,"R1:3513"
"TUR","BA:622","UNE_DEAP_SEX_AGE_RT","SEX_T","AGE_5YRBANDS_Y15-19","2024",13.805,,,,"R1:3513"
"TUR","BA:622","UNE_DEAP_SEX_AGE_RT","SEX_T","AGE_5YRBANDS_Y20-24","2024",17.735,,,,"R1:3513"
"TUR","BA:622","UNE_DEAP_SEX_AGE_RT","SEX_T","AGE_5YRBANDS_Y25-29","2024",12.402,,,,"R1:3513"
"TUR","BA:622","UNE_DEAP_SEX_AGE_RT","SEX_T","AGE_5YRBANDS_Y30-34","2024",8.738,,,,"R1:3513"
"TUR","BA:622","UNE_DEAP_SEX_AGE_RT","SEX_T","AGE_5YRBANDS_Y35-39","2024",6.902,,,,"R1:3513"
"TUR","BA:622","UNE_DEAP_SEX_AGE_RT","SEX_T","AGE_5YRBANDS_Y40-44","2024",6.096,,,,"R1:3513"
"TUR","BA:622","UNE_DEAP_SEX_AGE_RT","SEX_T","AGE_5YRBANDS_Y45-49","2024",5.865,,,,"R1:3513"
"TUR","BA:622","UNE_DEAP_SEX_AGE_RT","SEX_T","AGE_5YRBANDS_Y50-54","2024",6.027,,,,"R1:3513"
"TUR","BA:622","UNE_DEAP_SEX_AGE_RT","SEX_T","AGE_5YRBANDS_Y55-59","2024",5.702,,,,"R1:3513"
"TUR","BA:622","UNE_DEAP_SEX_AGE_RT","SEX_T","AGE_5YRBANDS_Y60-64","2024",4.887,,,,"R1:3513"
"TUR","BA:622","UNE_DEAP_SEX_AGE_RT","SEX_T","AGE_5YRBANDS_YGE65","2024",2.896,,,,"R1:3513"
"TUR","BA:622","UNE_DEAP_SEX_AGE_RT","SEX_M","AGE_5YRBANDS_YGE15","2024",7.108,,,,"R1:3513"
"TUR","BA:622","UNE_DEAP_SEX_AGE_RT","SEX_M","AGE_5YRBANDS_Y15-19","2024",11.716,,,,"R1:3513"
"TUR","BA:622","UNE_DEAP_SEX_AGE_RT","SEX_M","AGE_5YRBANDS_Y20-24","2024",13.959,,,,"R1:3513"
"TUR","BA:622","UNE_DEAP_SEX_AGE_RT","SEX_M","AGE_5YRBANDS_Y25-29","2024",9.254,,,,"R1:3513"
"TUR","BA:622","UNE_DEAP_SEX_AGE_RT","SEX_M","AGE_5YRBANDS_Y30-34","2024",6.539,,,,"R1:3513"
"TUR","BA:622","UNE_DEAP_SEX_AGE_RT","SEX_M","AGE_5YRBANDS_Y35-39","2024",5.17,,,,"R1:3513"
"TUR","BA:622","UNE_DEAP_SEX_AGE_RT","SEX_M","AGE_5YRBANDS_Y40-44","2024",5.104,,,,"R1:3513"
"TUR","BA:622","UNE_DEAP_SEX_AGE_RT","SEX_M","AGE_5YRBANDS_Y45-49","2024",5.152,,,,"R1:3513"
"TUR","BA:622","UNE_DEAP_SEX_AGE_RT","SEX_M","AGE_5YRBANDS_Y50-54","2024",5.839,,,,"R1:3513"
"TUR","BA:622","UNE_DEAP_SEX_AGE_RT","SEX_M","AGE_5YRBANDS_Y55-59","2024",6.049,,,,"R1:3513"
"TUR","BA:622","UNE_DEAP_SEX_AGE_RT","SEX_M","AGE_5YRBANDS_Y60-64","2024",5.418,,,,"R1:3513"
"TUR","BA:622","UNE_DEAP_SEX_AGE_RT","SEX_M","AGE_5YRBANDS_YGE65","2024",3.49,,,,"R1:3513"
"TUR","BA:622","UNE_DEAP_SEX_AGE_RT","SEX_F","AGE_5YRBANDS_YGE15","2024",11.781,,,,"R1:3513"
"TUR","BA:622","UNE_DEAP_SEX_AGE_RT","SEX_F","AGE_5YRBANDS_Y15-19","2024",18.782,,,,"R1:3513"
"TUR","BA:622","UNE_DEAP_SEX_AGE_RT","SEX_F","AGE_5YRBANDS_Y20-24","2024",23.927,,,,"R1:3513"
"TUR","BA:622","UNE_DEAP_SEX_AGE_RT","SEX_F","AGE_5YRBANDS_Y25-29","2024",17.657,,,,"R1:3513"
"TUR","BA:622","UNE_DEAP_SEX_AGE_RT","SEX_F","AGE_5YRBANDS_Y30-34","2024",12.814,,,,"R1:3513"
"TUR","BA:622","UNE_DEAP_SEX_AGE_RT","SEX_F","AGE_5YRBANDS_Y35-39","2024",10.058,,,,"R1:3513"
"TUR","BA:622","UNE_DEAP_SEX_AGE_RT","SEX_F","AGE_5YRBANDS_Y40-44","2024",7.898,,,,"R1:3513"
"TUR","BA:622","UNE_DEAP_SEX_AGE_RT","SEX_F","AGE_5YRBANDS_Y45-49","2024",7.201,,,,"R1:3513"
"TUR","BA:622","UNE_DEAP_SEX_AGE_RT","SEX_F","AGE_5YRBANDS_Y50-54","2024",6.421,,,,"R1:3513"
"TUR","BA:622","UNE_DEAP_SEX_AGE_RT","SEX_F","AGE_5YRBANDS_Y55-59","2024",4.865,,,,"R1:3513"
"TUR","BA:622","UNE_DEAP_SEX_AGE_RT","SEX_F","AGE_5YRBANDS_Y60-64","2024",3.506,,,,"R1:3513"
"TUR","BA:622","UNE_DEAP_SEX_AGE_RT","SEX_F","AGE_5YRBANDS_YGE65","2024",1.327,,,,"R1:3513"
"TUR","BA:622","UNE_DEAP_SEX_AGE_RT","SEX_T","AGE_YTHADULT_YGE15","2023",9.354,,,,"R1:3513"
"TUR","BA:622","UNE_DEAP_SEX_AGE_RT","SEX_T","AGE_YTHADULT_Y15-64","2023",9.56,,,,"R1:3513"
"TUR","BA:622","UNE_DEAP_SEX_AGE_RT","SEX_T","AGE_YTHADULT_Y15-24","2023",17.427,,,,"R1:3513"
"TUR","BA:622","UNE_DEAP_SEX_AGE_RT","SEX_T","AGE_YTHADULT_YGE25","2023",7.877,,,,"R1:3513"
"TUR","BA:622","UNE_DEAP_SEX_AGE_RT","SEX_M","AGE_YTHADULT_YGE15","2023",7.662,,,,"R1:3513"
"TUR","BA:622","UNE_DEAP_SEX_AGE_RT","SEX_M","AGE_YTHADULT_Y15-64","2023",7.816,,,,"R1:3513"
"TUR","BA:622","UNE_DEAP_SEX_AGE_RT","SEX_M","AGE_YTHADULT_Y15-24","2023",14.279,,,,"R1:3513"
"TUR","BA:622","UNE_DEAP_SEX_AGE_RT","SEX_M","AGE_YTHADULT_YGE25","2023",6.479,,,,"R1:3513"
"TUR","BA:622","UNE_DEAP_SEX_AGE_RT","SEX_F","AGE_YTHADULT_YGE15","2023",12.647,,,,"R1:3513"
"TUR","BA:622","UNE_DEAP_SEX_AGE_RT","SEX_F","AGE_YTHADULT_Y15-64","2023",12.925,,,,"R1:3513"
"TUR","BA:622","UNE_DEAP_SEX_AGE_RT","SEX_F","AGE_YTHADULT_Y15-24","2023",23.219,,,,"R1:3513"
"TUR","BA:622","UNE_DEAP_SEX_AGE_RT","SEX_F","AGE_YTHADULT_YGE25","2023",10.627,,,,"R1:3513"
"TUR","BA:622","UNE_DEAP_SEX_AGE_RT","SEX_T","AGE_AGGREGATE_YGE15","2023",9.354,,,,"R1:3513"
"TUR","BA:622","UNE_DEAP_SEX_AGE_RT","SEX_T","AGE_AGGREGATE_Y15-24","2023",17.427,,,,"R1:3513"
"TUR","BA:622","UNE_DEAP_SEX_AGE_RT","SEX_T","AGE_AGGREGATE_Y25-54","2023",8.407,,,,"R1:3513"
"TUR","BA:622","UNE_DEAP_SEX_AGE_RT","SEX_T","AGE_AGGREGATE_Y55-64","2023",5.506,,,,"R1:3513"
"TUR","BA:622","UNE_DEAP_SEX_AGE_RT","SEX_T","AGE_AGGREGATE_YGE65","2023",2.686,,,,"R1:3513"
"TUR","BA:622","UNE_DEAP_SEX_AGE_RT","SEX_M","AGE_AGGREGATE_YGE15","2023",7.662,,,,"R1:3513"
"TUR","BA:622","UNE_DEAP_SEX_AGE_RT","SEX_M","AGE_AGGREGATE_Y15-24","2023",14.279,,,,"R1:3513"
"TUR","BA:622","UNE_DEAP_SEX_AGE_RT","SEX_M","AGE_AGGREGATE_Y25-54","2023",6.715,,,,"R1:3513"
"TUR","BA:622","UNE_DEAP_SEX_AGE_RT","SEX_M","AGE_AGGREGATE_Y55-64","2023",5.923,,,,"R1:3513"
"TUR","BA:622","UNE_DEAP_SEX_AGE_RT","SEX_M","AGE_AGGREGATE_YGE65","2023",3.13,,,,"R1:3513"
"TUR","BA:622","UNE_DEAP_SEX_AGE_RT","SEX_F","AGE_AGGREGATE_YGE15","2023",12.647,,,,"R1:3513"
"TUR","BA:622","UNE_DEAP_SEX_AGE_RT","SEX_F","AGE_AGGREGATE_Y15-24","2023",23.219,,,,"R1:3513"
"TUR","BA:622","UNE_DEAP_SEX_AGE_RT","SEX_F","AGE_AGGREGATE_Y25-54","2023",11.589,,,,"R1:3513"
"TUR","BA:622","UNE_DEAP_SEX_AGE_RT","SEX_F","AGE_AGGREGATE_Y55-64","2023",4.433,,,,"R1:3513"
"TUR","BA:622","UNE_DEAP_SEX_AGE_RT","SEX_F","AGE_AGGREGATE_YGE65","2023",1.521,,,,"R1:3513"
"TUR","BA:622","UNE_DEAP_SEX_AGE_RT","SEX_T","AGE_10YRBANDS_YGE15","2023",9.354,,,,"R1:3513"
"TUR","BA:622","UNE_DEAP_SEX_AGE_RT","SEX_T","AGE_10YRBANDS_Y15-24","2023",17.427,,,,"R1:3513"
"TUR","BA:622","UNE_DEAP_SEX_AGE_RT","SEX_T","AGE_10YRBANDS_Y25-34","2023",11.235,,,,"R1:3513"
"TUR","BA:622","UNE_DEAP_SEX_AGE_RT","SEX_T","AGE_10YRBANDS_Y35-44","2023",7.15,,,,"R1:3513"
"TUR","BA:622","UNE_DEAP_SEX_AGE_RT","SEX_T","AGE_10YRBANDS_Y45-54","2023",6.344,,,,"R1:3513"
"TUR","BA:622","UNE_DEAP_SEX_AGE_RT","SEX_T","AGE_10YRBANDS_Y55-64","2023",5.506,,,,"R1:3513"
"TUR","BA:622","UNE_DEAP_SEX_AGE_RT","SEX_T","AGE_10YRBANDS_YGE65","2023",2.686,,,,"R1:3513"
"TUR","BA:622","UNE_DEAP_SEX_AGE_RT","SEX_M","AGE_10YRBANDS_YGE15","2023",7.662,,,,"R1:3513"
"TUR","BA:622","UNE_DEAP_SEX_AGE_RT","SEX_M","AGE_10YRBANDS_Y15-24","2023",14.279,,,,"R1:3513"
"TUR","BA:622","UNE_DEAP_SEX_AGE_RT","SEX_M","AGE_10YRBANDS_Y25-34","2023",8.748,,,,"R1:3513"
"TUR","BA:622","UNE_DEAP_SEX_AGE_RT","SEX_M","AGE_10YRBANDS_Y35-44","2023",5.446,,,,"R1:3513"
"TUR","BA:622","UNE_DEAP_SEX_AGE_RT","SEX_M","AGE_10YRBANDS_Y45-54","2023",5.792,,,,"R1:3513"
"TUR","BA:622","UNE_DEAP_SEX_AGE_RT","SEX_M","AGE_10YRBANDS_Y55-64","2023",5.923,,,,"R1:3513"
"TUR","BA:622","UNE_DEAP_SEX_AGE_RT","SEX_M","AGE_10YRBANDS_YGE65","2023",3.13,,,,"R1:3513"
"TUR","BA:622","UNE_DEAP_SEX_AGE_RT","SEX_F","AGE_10YRBANDS_YGE15","2023",12.647,,,,"R1:3513"
"TUR","BA:622","UNE_DEAP_SEX_AGE_RT","SEX_F","AGE_10YRBANDS_Y15-24","2023",23.219,,,,"R1:3513"
"TUR","BA:622","UNE_DEAP_SEX_AGE_RT","SEX_F","AGE_10YRBANDS_Y25-34","2023",15.697,,,,"R1:3513"
"TUR","BA:622","UNE_DEAP_SEX_AGE_RT","SEX_F","AGE_10YRBANDS_Y35-44","2023",10.307,,,,"R1:3513"
"TUR","BA:622","UNE_DEAP_SEX_AGE_RT","SEX_F","AGE_10YRBANDS_Y45-54","2023",7.474,,,,"R1:3513"
"TUR","BA:622","UNE_DEAP_SEX_AGE_RT","SEX_F","AGE_10YRBANDS_Y55-64","2023",4.433,,,,"R1:3513"
"TUR","BA:622","UNE_DEAP_SEX_AGE_RT","SEX_F","AGE_10YRBANDS_YGE65","2023",1.521,,,,"R1:3513"
"TUR","BA:622","UNE_DEAP_SEX_AGE_RT","SEX_T","AGE_5YRBANDS_YGE15","2023",9.354,,,,"R1:3513"
"TUR","BA:622","UNE_DEAP_SEX_AGE_RT","SEX_T","AGE_5YRBANDS_Y15-19","2023",14.611,,,,"R1:3513"
"TUR","BA:622","UNE_DEAP_SEX_AGE_RT","SEX_T","AGE_5YRBANDS_Y20-24","2023",18.844,,,,"R1:3513"
"TUR","BA:622","UNE_DEAP_SEX_AGE_RT","SEX_T","AGE_5YRBANDS_Y25-29","2023",13.297,,,,"R1:3513"
"TUR","BA:622","UNE_DEAP_SEX_AGE_RT","SEX_T","AGE_5YRBANDS_Y30-34","2023",9.095,,,,"R1:3513"
"TUR","BA:622","UNE_DEAP_SEX_AGE_RT","SEX_T","AGE_5YRBANDS_Y35-39","2023",7.788,,,,"R1:3513"
"TUR","BA:622","UNE_DEAP_SEX_AGE_RT","SEX_T","AGE_5YRBANDS_Y40-44","2023",6.529,,,,"R1:3513"
"TUR","BA:622","UNE_DEAP_SEX_AGE_RT","SEX_T","AGE_5YRBANDS_Y45-49","2023",6.508,,,,"R1:3513"
"TUR","BA:622","UNE_DEAP_SEX_AGE_RT","SEX_T","AGE_5YRBANDS_Y50-54","2023",6.13,,,,"R1:3513"
"TUR","BA:622","UNE_DEAP_SEX_AGE_RT","SEX_T","AGE_5YRBANDS_Y55-59","2023",5.944,,,,"R1:3513"
"TUR","BA:622","UNE_DEAP_SEX_AGE_RT","SEX_T","AGE_5YRBANDS_Y60-64","2023",4.783,,,,"R1:3513"
"TUR","BA:622","UNE_DEAP_SEX_AGE_RT","SEX_T","AGE_5YRBANDS_YGE65","2023",2.686,,,,"R1:3513"
"TUR","BA:622","UNE_DEAP_SEX_AGE_RT","SEX_M","AGE_5YRBANDS_YGE15","2023",7.662,,,,"R1:3513"
"TUR","BA:622","UNE_DEAP_SEX_AGE_RT","SEX_M","AGE_5YRBANDS_Y15-19","2023",12.755,,,,"R1:3513"
"TUR","BA:622","UNE_DEAP_SEX_AGE_RT","SEX_M","AGE_5YRBANDS_Y20-24","2023",15.169,,,,"R1:3513"
"TUR","BA:622","UNE_DEAP_SEX_AGE_RT","SEX_M","AGE_5YRBANDS_Y25-29","2023",10.696,,,,"R1:3513"
"TUR","BA:622","UNE_DEAP_SEX_AGE_RT","SEX_M","AGE_5YRBANDS_Y30-34","2023",6.807,,,,"R1:3513"
"TUR","BA:622","UNE_DEAP_SEX_AGE_RT","SEX_M","AGE_5YRBANDS_Y35-39","2023",5.753,,,,"R1:3513"
"TUR","BA:622","UNE_DEAP_SEX_AGE_RT","SEX_M","AGE_5YRBANDS_Y40-44","2023",5.144,,,,"R1:3513"
"TUR","BA:622","UNE_DEAP_SEX_AGE_RT","SEX_M","AGE_5YRBANDS_Y45-49","2023",5.628,,,,"R1:3513"
"TUR","BA:622","UNE_DEAP_SEX_AGE_RT","SEX_M","AGE_5YRBANDS_Y50-54","2023",5.998,,,,"R1:3513"
"TUR","BA:622","UNE_DEAP_SEX_AGE_RT","SEX_M","AGE_5YRBANDS_Y55-59","2023",6.2,,,,"R1:3513"
"TUR","BA:622","UNE_DEAP_SEX_AGE_RT","SEX_M","AGE_5YRBANDS_Y60-64","2023",5.469,,,,"R1:3513"
"TUR","BA:622","UNE_DEAP_SEX_AGE_RT","SEX_M","AGE_5YRBANDS_YGE65","2023",3.13,,,,"R1:3513"
"TUR","BA:622","UNE_DEAP_SEX_AGE_RT","SEX_F","AGE_5YRBANDS_YGE15","2023",12.647,,,,"R1:3513"
"TUR","BA:622","UNE_DEAP_SEX_AGE_RT","SEX_F","AGE_5YRBANDS_Y15-19","2023",19.232,,,,"R1:3513"
"TUR","BA:622","UNE_DEAP_SEX_AGE_RT","SEX_F","AGE_5YRBANDS_Y20-24","2023",24.712,,,,"R1:3513"
"TUR","BA:622","UNE_DEAP_SEX_AGE_RT","SEX_F","AGE_5YRBANDS_Y25-29","2023",17.713,,,,"R1:3513"
"TUR","BA:622","UNE_DEAP_SEX_AGE_RT","SEX_F","AGE_5YRBANDS_Y30-34","2023",13.447,,,,"R1:3513"
"TUR","BA:622","UNE_DEAP_SEX_AGE_RT","SEX_F","AGE_5YRBANDS_Y35-39","2023",11.6,,,,"R1:3513"
"TUR","BA:622","UNE_DEAP_SEX_AGE_RT","SEX_F","AGE_5YRBANDS_Y40-44","2023",9.066,,,,"R1:3513"
"TUR","BA:622","UNE_DEAP_SEX_AGE_RT","SEX_F","AGE_5YRBANDS_Y45-49","2023",8.223,,,,"R1:3513"
"TUR","BA:622","UNE_DEAP_SEX_AGE_RT","SEX_F","AGE_5YRBANDS_Y50-54","2023",6.419,,,,"R1:3513"
"TUR","BA:622","UNE_DEAP_SEX_AGE_RT","SEX_F","AGE_5YRBANDS_Y55-59","2023",5.29,,,,"R1:3513"
"TUR","BA:622","UNE_DEAP_SEX_AGE_RT","SEX_F","AGE_5YRBANDS_Y60-64","2023",3.003,,,,"R1:3513"
"TUR","BA:622","UNE_DEAP_SEX_AGE_RT","SEX_F","AGE_5YRBANDS_YGE65","2023",1.521,,,,"R1:3513"
"TUR","BA:622","UNE_DEAP_SEX_AGE_RT","SEX_T","AGE_YTHADULT_YGE15","2022",10.432,,,,"R1:3513"
"TUR","BA:622","UNE_DEAP_SEX_AGE_RT","SEX_T","AGE_YTHADULT_Y15-64","2022",10.65,,,,"R1:3513"
"TUR","BA:622","UNE_DEAP_SEX_AGE_RT","SEX_T","AGE_YTHADULT_Y15-24","2022",19.446,,,,"R1:3513"
"TUR","BA:622","UNE_DEAP_SEX_AGE_RT","SEX_T","AGE_YTHADULT_YGE25","2022",8.8,,,,"R1:3513"
"TUR","BA:622","UNE_DEAP_SEX_AGE_RT","SEX_M","AGE_YTHADULT_YGE15","2022",8.94,,,,"R1:3513"
"TUR","BA:622","UNE_DEAP_SEX_AGE_RT","SEX_M","AGE_YTHADULT_Y15-64","2022",9.102,,,,"R1:3513"
"TUR","BA:622","UNE_DEAP_SEX_AGE_RT","SEX_M","AGE_YTHADULT_Y15-24","2022",16.404,,,,"R1:3513"
"TUR","BA:622","UNE_DEAP_SEX_AGE_RT","SEX_M","AGE_YTHADULT_YGE25","2022",7.615,,,,"R1:3513"
"TUR","BA:622","UNE_DEAP_SEX_AGE_RT","SEX_F","AGE_YTHADULT_YGE15","2022",13.406,,,,"R1:3513"
"TUR","BA:622","UNE_DEAP_SEX_AGE_RT","SEX_F","AGE_YTHADULT_Y15-64","2022",13.707,,,,"R1:3513"
"TUR","BA:622","UNE_DEAP_SEX_AGE_RT","SEX_F","AGE_YTHADULT_Y15-24","2022",25.215,,,,"R1:3513"
"TUR","BA:622","UNE_DEAP_SEX_AGE_RT","SEX_F","AGE_YTHADULT_YGE25","2022",11.183,,,,"R1:3513"
"TUR","BA:622","UNE_DEAP_SEX_AGE_RT","SEX_T","AGE_AGGREGATE_YGE15","2022",10.432,,,,"R1:3513"
"TUR","BA:622","UNE_DEAP_SEX_AGE_RT","SEX_T","AGE_AGGREGATE_Y15-24","2022",19.446,,,,"R1:3513"
"TUR","BA:622","UNE_DEAP_SEX_AGE_RT","SEX_T","AGE_AGGREGATE_Y25-54","2022",9.334,,,,"R1:3513"
"TUR","BA:622","UNE_DEAP_SEX_AGE_RT","SEX_T","AGE_AGGREGATE_Y55-64","2022",6.359,,,,"R1:3513"
"TUR","BA:622","UNE_DEAP_SEX_AGE_RT","SEX_T","AGE_AGGREGATE_YGE65","2022",3.227,,,,"R1:3513"
"TUR","BA:622","UNE_DEAP_SEX_AGE_RT","SEX_M","AGE_AGGREGATE_YGE15","2022",8.94,,,,"R1:3513"
"TUR","BA:622","UNE_DEAP_SEX_AGE_RT","SEX_M","AGE_AGGREGATE_Y15-24","2022",16.404,,,,"R1:3513"
"TUR","BA:622","UNE_DEAP_SEX_AGE_RT","SEX_M","AGE_AGGREGATE_Y25-54","2022",7.844,,,,"R1:3513"
"TUR","BA:622","UNE_DEAP_SEX_AGE_RT","SEX_M","AGE_AGGREGATE_Y55-64","2022",7.12,,,,"R1:3513"
"TUR","BA:622","UNE_DEAP_SEX_AGE_RT","SEX_M","AGE_AGGREGATE_YGE65","2022",4.07,,,,"R1:3513"
"TUR","BA:622","UNE_DEAP_SEX_AGE_RT","SEX_F","AGE_AGGREGATE_YGE15","2022",13.406,,,,"R1:3513"
"TUR","BA:622","UNE_DEAP_SEX_AGE_RT","SEX_F","AGE_AGGREGATE_Y15-24","2022",25.215,,,,"R1:3513"
"TUR","BA:622","UNE_DEAP_SEX_AGE_RT","SEX_F","AGE_AGGREGATE_Y25-54","2022",12.2,,,,"R1:3513"
"TUR","BA:622","UNE_DEAP_SEX_AGE_RT","SEX_F","AGE_AGGREGATE_Y55-64","2022",4.34,,,,"R1:3513"
"TUR","BA:622","UNE_DEAP_SEX_AGE_RT","SEX_F","AGE_AGGREGATE_YGE65","2022",0.92,,,,"R1:3513"
"TUR","BA:622","UNE_DEAP_SEX_AGE_RT","SEX_T","AGE_10YRBANDS_YGE15","2022",10.432,,,,"R1:3513"
"TUR","BA:622","UNE_DEAP_SEX_AGE_RT","SEX_T","AGE_10YRBANDS_Y15-24","2022",19.446,,,,"R1:3513"
"TUR","BA:622","UNE_DEAP_SEX_AGE_RT","SEX_T","AGE_10YRBANDS_Y25-34","2022",12.563,,,,"R1:3513"
"TUR","BA:622","UNE_DEAP_SEX_AGE_RT","SEX_T","AGE_10YRBANDS_Y35-44","2022",7.929,,,,"R1:3513"
"TUR","BA:622","UNE_DEAP_SEX_AGE_RT","SEX_T","AGE_10YRBANDS_Y45-54","2022",6.922,,,,"R1:3513"
"TUR","BA:622","UNE_DEAP_SEX_AGE_RT","SEX_T","AGE_10YRBANDS_Y55-64","2022",6.359,,,,"R1:3513"
"TUR","BA:622","UNE_DEAP_SEX_AGE_RT","SEX_T","AGE_10YRBANDS_YGE65","2022",3.227,,,,"R1:3513"
"TUR","BA:622","UNE_DEAP_SEX_AGE_RT","SEX_M","AGE_10YRBANDS_YGE15","2022",8.94,,,,"R1:3513"
"TUR","BA:622","UNE_DEAP_SEX_AGE_RT","SEX_M","AGE_10YRBANDS_Y15-24","2022",16.404,,,,"R1:3513"
"TUR","BA:622","UNE_DEAP_SEX_AGE_RT","SEX_M","AGE_10YRBANDS_Y25-34","2022",10.402,,,,"R1:3513"
"TUR","BA:622","UNE_DEAP_SEX_AGE_RT","SEX_M","AGE_10YRBANDS_Y35-44","2022",6.262,,,,"R1:3513"
"TUR","BA:622","UNE_DEAP_SEX_AGE_RT","SEX_M","AGE_10YRBANDS_Y45-54","2022",6.675,,,,"R1:3513"
"TUR","BA:622","UNE_DEAP_SEX_AGE_RT","SEX_M","AGE_10YRBANDS_Y55-64","2022",7.12,,,,"R1:3513"
"TUR","BA:622","UNE_DEAP_SEX_AGE_RT","SEX_M","AGE_10YRBANDS_YGE65","2022",4.07,,,,"R1:3513"
"TUR","BA:622","UNE_DEAP_SEX_AGE_RT","SEX_F","AGE_10YRBANDS_YGE15","2022",13.406,,,,"R1:3513"
"TUR","BA:622","UNE_DEAP_SEX_AGE_RT","SEX_F","AGE_10YRBANDS_Y15-24","2022",25.215,,,,"R1:3513"
"TUR","BA:622","UNE_DEAP_SEX_AGE_RT","SEX_F","AGE_10YRBANDS_Y25-34","2022",16.491,,,,"R1:3513"
"TUR","BA:622","UNE_DEAP_SEX_AGE_RT","SEX_F","AGE_10YRBANDS_Y35-44","2022",11.101,,,,"R1:3513"
"TUR","BA:622","UNE_DEAP_SEX_AGE_RT","SEX_F","AGE_10YRBANDS_Y45-54","2022",7.445,,,,"R1:3513"
"TUR","BA:622","UNE_DEAP_SEX_AGE_RT","SEX_F","AGE_10YRBANDS_Y55-64","2022",4.34,,,,"R1:3513"
"TUR","BA:622","UNE_DEAP_SEX_AGE_RT","SEX_F","AGE_10YRBANDS_YGE65","2022",0.92,,,,"R1:3513"
"TUR","BA:622","UNE_DEAP_SEX_AGE_RT","SEX_T","AGE_5YRBANDS_YGE15","2022",10.432,,,,"R1:3513"
"TUR","BA:622","UNE_DEAP_SEX_AGE_RT","SEX_T","AGE_5YRBANDS_Y15-19","2022",15.867,,,,"R1:3513"
"TUR","BA:622","UNE_DEAP_SEX_AGE_RT","SEX_T","AGE_5YRBANDS_Y20-24","2022",21.073,,,,"R1:3513"
"TUR","BA:622","UNE_DEAP_SEX_AGE_RT","SEX_T","AGE_5YRBANDS_Y25-29","2022",14.91,,,,"R1:3513"
"TUR","BA:622","UNE_DEAP_SEX_AGE_RT","SEX_T","AGE_5YRBANDS_Y30-34","2022",10.206,,,,"R1:3513"
"TUR","BA:622","UNE_DEAP_SEX_AGE_RT","SEX_T","AGE_5YRBANDS_Y35-39","2022",8.359,,,,"R1:3513"
"TUR","BA:622","UNE_DEAP_SEX_AGE_RT","SEX_T","AGE_5YRBANDS_Y40-44","2022",7.511,,,,"R1:3513"
"TUR","BA:622","UNE_DEAP_SEX_AGE_RT","SEX_T","AGE_5YRBANDS_Y45-49","2022",6.808,,,,"R1:3513"
"TUR","BA:622","UNE_DEAP_SEX_AGE_RT","SEX_T","AGE_5YRBANDS_Y50-54","2022",7.08,,,,"R1:3513"
"TUR","BA:622","UNE_DEAP_SEX_AGE_RT","SEX_T","AGE_5YRBANDS_Y55-59","2022",6.693,,,,"R1:3513"
"TUR","BA:622","UNE_DEAP_SEX_AGE_RT","SEX_T","AGE_5YRBANDS_Y60-64","2022",5.771,,,,"R1:3513"
"TUR","BA:622","UNE_DEAP_SEX_AGE_RT","SEX_T","AGE_5YRBANDS_YGE65","2022",3.227,,,,"R1:3513"
"TUR","BA:622","UNE_DEAP_SEX_AGE_RT","SEX_M","AGE_5YRBANDS_YGE15","2022",8.94,,,,"R1:3513"
"TUR","BA:622","UNE_DEAP_SEX_AGE_RT","SEX_M","AGE_5YRBANDS_Y15-19","2022",13.879,,,,"R1:3513"
"TUR","BA:622","UNE_DEAP_SEX_AGE_RT","SEX_M","AGE_5YRBANDS_Y20-24","2022",17.722,,,,"R1:3513"
"TUR","BA:622","UNE_DEAP_SEX_AGE_RT","SEX_M","AGE_5YRBANDS_Y25-29","2022",12.531,,,,"R1:3513"
"TUR","BA:622","UNE_DEAP_SEX_AGE_RT","SEX_M","AGE_5YRBANDS_Y30-34","2022",8.345,,,,"R1:3513"
"TUR","BA:622","UNE_DEAP_SEX_AGE_RT","SEX_M","AGE_5YRBANDS_Y35-39","2022",6.485,,,,"R1:3513"
"TUR","BA:622","UNE_DEAP_SEX_AGE_RT","SEX_M","AGE_5YRBANDS_Y40-44","2022",6.043,,,,"R1:3513"
"TUR","BA:622","UNE_DEAP_SEX_AGE_RT","SEX_M","AGE_5YRBANDS_Y45-49","2022",6.221,,,,"R1:3513"
"TUR","BA:622","UNE_DEAP_SEX_AGE_RT","SEX_M","AGE_5YRBANDS_Y50-54","2022",7.272,,,,"R1:3513"
"TUR","BA:622","UNE_DEAP_SEX_AGE_RT","SEX_M","AGE_5YRBANDS_Y55-59","2022",7.456,,,,"R1:3513"
"TUR","BA:622","UNE_DEAP_SEX_AGE_RT","SEX_M","AGE_5YRBANDS_Y60-64","2022",6.543,,,,"R1:3513"
"TUR","BA:622","UNE_DEAP_SEX_AGE_RT","SEX_M","AGE_5YRBANDS_YGE65","2022",4.07,,,,"R1:3513"
"TUR","BA:622","UNE_DEAP_SEX_AGE_RT","SEX_F","AGE_5YRBANDS_YGE15","2022",13.406,,,,"R1:3513"
"TUR","BA:622","UNE_DEAP_SEX_AGE_RT","SEX_F","AGE_5YRBANDS_Y15-19","2022",20.936,,,,"R1:3513"
"TUR","BA:622","UNE_DEAP_SEX_AGE_RT","SEX_F","AGE_5YRBANDS_Y20-24","2022",26.68,,,,"R1:3513"
"TUR","BA:622","UNE_DEAP_SEX_AGE_RT","SEX_F","AGE_5YRBANDS_Y25-29","2022",19.007,,,,"R1:3513"
"TUR","BA:622","UNE_DEAP_SEX_AGE_RT","SEX_F","AGE_5YRBANDS_Y30-34","2022",13.779,,,,"R1:3513"
"TUR","BA:622","UNE_DEAP_SEX_AGE_RT","SEX_F","AGE_5YRBANDS_Y35-39","2022",11.967,,,,"R1:3513"
"TUR","BA:622","UNE_DEAP_SEX_AGE_RT","SEX_F","AGE_5YRBANDS_Y40-44","2022",10.27,,,,"R1:3513"
"TUR","BA:622","UNE_DEAP_SEX_AGE_RT","SEX_F","AGE_5YRBANDS_Y45-49","2022",7.978,,,,"R1:3513"
"TUR","BA:622","UNE_DEAP_SEX_AGE_RT","SEX_F","AGE_5YRBANDS_Y50-54","2022",6.641,,,,"R1:3513"
"TUR","BA:622","UNE_DEAP_SEX_AGE_RT","SEX_F","AGE_5YRBANDS_Y55-59","2022",4.737,,,,"R1:3513"
"TUR","BA:622","UNE_DEAP_SEX_AGE_RT","SEX_F","AGE_5YRBANDS_Y60-64","2022",3.592,,,,"R1:3513"
"TUR","BA:622","UNE_DEAP_SEX_AGE_RT","SEX_F","AGE_5YRBANDS_YGE65","2022",0.92,,,,"R1:3513"
"TUR","BA:622","UNE_DEAP_SEX_AGE_RT","SEX_T","AGE_YTHADULT_YGE15","2021",11.979,,,,"R1:3513"
"TUR","BA:622","UNE_DEAP_SEX_AGE_RT","SEX_T","AGE_YTHADULT_Y15-64","2021",12.236,,,,"R1:3513"
"TUR","BA:622","UNE_DEAP_SEX_AGE_RT","SEX_T","AGE_YTHADULT_Y15-24","2021",22.636,,,,"R1:3513"
"TUR","BA:622","UNE_DEAP_SEX_AGE_RT","SEX_T","AGE_YTHADULT_YGE25","2021",10.064,,,,"R1:3513"
"TUR","BA:622","UNE_DEAP_SEX_AGE_RT","SEX_M","AGE_YTHADULT_YGE15","2021",10.671,,,,"R1:3513"
"TUR","BA:622","UNE_DEAP_SEX_AGE_RT","SEX_M","AGE_YTHADULT_Y15-64","2021",10.884,,,,"R1:3513"
"TUR","BA:622","UNE_DEAP_SEX_AGE_RT","SEX_M","AGE_YTHADULT_Y15-24","2021",19.38,,,,"R1:3513"
"TUR","BA:622","UNE_DEAP_SEX_AGE_RT","SEX_M","AGE_YTHADULT_YGE25","2021",9.176,,,,"R1:3513"
"TUR","BA:622","UNE_DEAP_SEX_AGE_RT","SEX_F","AGE_YTHADULT_YGE15","2021",14.721,,,,"R1:3513"
"TUR","BA:622","UNE_DEAP_SEX_AGE_RT","SEX_F","AGE_YTHADULT_Y15-64","2021",15.053,,,,"R1:3513"
"TUR","BA:622","UNE_DEAP_SEX_AGE_RT","SEX_F","AGE_YTHADULT_Y15-24","2021",28.721,,,,"R1:3513"
"TUR","BA:622","UNE_DEAP_SEX_AGE_RT","SEX_F","AGE_YTHADULT_YGE25","2021",11.965,,,,"R1:3513"
"TUR","BA:622","UNE_DEAP_SEX_AGE_RT","SEX_T","AGE_AGGREGATE_YGE15","2021",11.979,,,,"R1:3513"
"TUR","BA:622","UNE_DEAP_SEX_AGE_RT","SEX_T","AGE_AGGREGATE_Y15-24","2021",22.636,,,,"R1:3513"
"TUR","BA:622","UNE_DEAP_SEX_AGE_RT","SEX_T","AGE_AGGREGATE_Y25-54","2021",10.667,,,,"R1:3513"
"TUR","BA:622","UNE_DEAP_SEX_AGE_RT","SEX_T","AGE_AGGREGATE_Y55-64","2021",7.38,,,,"R1:3513"
"TUR","BA:622","UNE_DEAP_SEX_AGE_RT","SEX_T","AGE_AGGREGATE_YGE65","2021",3.033,,,,"R1:3513"
"TUR","BA:622","UNE_DEAP_SEX_AGE_RT","SEX_M","AGE_AGGREGATE_YGE15","2021",10.671,,,,"R1:3513"
"TUR","BA:622","UNE_DEAP_SEX_AGE_RT","SEX_M","AGE_AGGREGATE_Y15-24","2021",19.38,,,,"R1:3513"
"TUR","BA:622","UNE_DEAP_SEX_AGE_RT","SEX_M","AGE_AGGREGATE_Y25-54","2021",9.53,,,,"R1:3513"
"TUR","BA:622","UNE_DEAP_SEX_AGE_RT","SEX_M","AGE_AGGREGATE_Y55-64","2021",8.203,,,,"R1:3513"
"TUR","BA:622","UNE_DEAP_SEX_AGE_RT","SEX_M","AGE_AGGREGATE_YGE65","2021",3.859,,,,"R1:3513"
"TUR","BA:622","UNE_DEAP_SEX_AGE_RT","SEX_F","AGE_AGGREGATE_YGE15","2021",14.721,,,,"R1:3513"
"TUR","BA:622","UNE_DEAP_SEX_AGE_RT","SEX_F","AGE_AGGREGATE_Y15-24","2021",28.721,,,,"R1:3513"
"TUR","BA:622","UNE_DEAP_SEX_AGE_RT","SEX_F","AGE_AGGREGATE_Y25-54","2021",13.012,,,,"R1:3513"
"TUR","BA:622","UNE_DEAP_SEX_AGE_RT","SEX_F","AGE_AGGREGATE_Y55-64","2021",5.105,,,,"R1:3513"
"TUR","BA:622","UNE_DEAP_SEX_AGE_RT","SEX_F","AGE_AGGREGATE_YGE65","2021",0.784,,,,"R1:3513"
"TUR","BA:622","UNE_DEAP_SEX_AGE_RT","SEX_T","AGE_10YRBANDS_YGE15","2021",11.979,,,,"R1:3513"
"TUR","BA:622","UNE_DEAP_SEX_AGE_RT","SEX_T","AGE_10YRBANDS_Y15-24","2021",22.636,,,,"R1:3513"
"TUR","BA:622","UNE_DEAP_SEX_AGE_RT","SEX_T","AGE_10YRBANDS_Y25-34","2021",14.054,,,,"R1:3513"
"TUR","BA:622","UNE_DEAP_SEX_AGE_RT","SEX_T","AGE_10YRBANDS_Y35-44","2021",8.943,,,,"R1:3513"
"TUR","BA:622","UNE_DEAP_SEX_AGE_RT","SEX_T","AGE_10YRBANDS_Y45-54","2021",8.429,,,,"R1:3513"
"TUR","BA:622","UNE_DEAP_SEX_AGE_RT","SEX_T","AGE_10YRBANDS_Y55-64","2021",7.38,,,,"R1:3513"
"TUR","BA:622","UNE_DEAP_SEX_AGE_RT","SEX_T","AGE_10YRBANDS_YGE65","2021",3.033,,,,"R1:3513"
"TUR","BA:622","UNE_DEAP_SEX_AGE_RT","SEX_M","AGE_10YRBANDS_YGE15","2021",10.671,,,,"R1:3513"
"TUR","BA:622","UNE_DEAP_SEX_AGE_RT","SEX_M","AGE_10YRBANDS_Y15-24","2021",19.38,,,,"R1:3513"
"TUR","BA:622","UNE_DEAP_SEX_AGE_RT","SEX_M","AGE_10YRBANDS_Y25-34","2021",12.161,,,,"R1:3513"
"TUR","BA:622","UNE_DEAP_SEX_AGE_RT","SEX_M","AGE_10YRBANDS_Y35-44","2021",7.834,,,,"R1:3513"
"TUR","BA:622","UNE_DEAP_SEX_AGE_RT","SEX_M","AGE_10YRBANDS_Y45-54","2021",8.38,,,,"R1:3513"
"TUR","BA:622","UNE_DEAP_SEX_AGE_RT","SEX_M","AGE_10YRBANDS_Y55-64","2021",8.203,,,,"R1:3513"
"TUR","BA:622","UNE_DEAP_SEX_AGE_RT","SEX_M","AGE_10YRBANDS_YGE65","2021",3.859,,,,"R1:3513"
"TUR","BA:622","UNE_DEAP_SEX_AGE_RT","SEX_F","AGE_10YRBANDS_YGE15","2021",14.721,,,,"R1:3513"
"TUR","BA:622","UNE_DEAP_SEX_AGE_RT","SEX_F","AGE_10YRBANDS_Y15-24","2021",28.721,,,,"R1:3513"
"TUR","BA:622","UNE_DEAP_SEX_AGE_RT","SEX_F","AGE_10YRBANDS_Y25-34","2021",17.768,,,,"R1:3513"
"TUR","BA:622","UNE_DEAP_SEX_AGE_RT","SEX_F","AGE_10YRBANDS_Y35-44","2021",11.215,,,,"R1:3513"
"TUR","BA:622","UNE_DEAP_SEX_AGE_RT","SEX_F","AGE_10YRBANDS_Y45-54","2021",8.537,,,,"R1:3513"
"TUR","BA:622","UNE_DEAP_SEX_AGE_RT","SEX_F","AGE_10YRBANDS_Y55-64","2021",5.105,,,,"R1:3513"
"TUR","BA:622","UNE_DEAP_SEX_AGE_RT","SEX_F","AGE_10YRBANDS_YGE65","2021",0.784,,,,"R1:3513"
"TUR","BA:622","UNE_DEAP_SEX_AGE_RT","SEX_T","AGE_5YRBANDS_YGE15","2021",11.979,,,,"R1:3513"
"TUR","BA:622","UNE_DEAP_SEX_AGE_RT","SEX_T","AGE_5YRBANDS_Y15-19","2021",18.332,,,,"R1:3513"
"TUR","BA:622","UNE_DEAP_SEX_AGE_RT","SEX_T","AGE_5YRBANDS_Y20-24","2021",24.508,,,,"R1:3513"
"TUR","BA:622","UNE_DEAP_SEX_AGE_RT","SEX_T","AGE_5YRBANDS_Y25-29","2021",16.86,,,,"R1:3513"
"TUR","BA:622","UNE_DEAP_SEX_AGE_RT","SEX_T","AGE_5YRBANDS_Y30-34","2021",11.261,,,,"R1:3513"
"TUR","BA:622","UNE_DEAP_SEX_AGE_RT","SEX_T","AGE_5YRBANDS_Y35-39","2021",9.109,,,,"R1:3513"
"TUR","BA:622","UNE_DEAP_SEX_AGE_RT","SEX_T","AGE_5YRBANDS_Y40-44","2021",8.775,,,,"R1:3513"
"TUR","BA:622","UNE_DEAP_SEX_AGE_RT","SEX_T","AGE_5YRBANDS_Y45-49","2021",8.492,,,,"R1:3513"
"TUR","BA:622","UNE_DEAP_SEX_AGE_RT","SEX_T","AGE_5YRBANDS_Y50-54","2021",8.339,,,,"R1:3513"
"TUR","BA:622","UNE_DEAP_SEX_AGE_RT","SEX_T","AGE_5YRBANDS_Y55-59","2021",8.148,,,,"R1:3513"
"TUR","BA:622","UNE_DEAP_SEX_AGE_RT","SEX_T","AGE_5YRBANDS_Y60-64","2021",5.993,,,,"R1:3513"
"TUR","BA:622","UNE_DEAP_SEX_AGE_RT","SEX_T","AGE_5YRBANDS_YGE65","2021",3.033,,,,"R1:3513"
"TUR","BA:622","UNE_DEAP_SEX_AGE_RT","SEX_M","AGE_5YRBANDS_YGE15","2021",10.671,,,,"R1:3513"
"TUR","BA:622","UNE_DEAP_SEX_AGE_RT","SEX_M","AGE_5YRBANDS_Y15-19","2021",16.732,,,,"R1:3513"
"TUR","BA:622","UNE_DEAP_SEX_AGE_RT","SEX_M","AGE_5YRBANDS_Y20-24","2021",20.709,,,,"R1:3513"
"TUR","BA:622","UNE_DEAP_SEX_AGE_RT","SEX_M","AGE_5YRBANDS_Y25-29","2021",14.555,,,,"R1:3513"
"TUR","BA:622","UNE_DEAP_SEX_AGE_RT","SEX_M","AGE_5YRBANDS_Y30-34","2021",9.884,,,,"R1:3513"
"TUR","BA:622","UNE_DEAP_SEX_AGE_RT","SEX_M","AGE_5YRBANDS_Y35-39","2021",7.724,,,,"R1:3513"
"TUR","BA:622","UNE_DEAP_SEX_AGE_RT","SEX_M","AGE_5YRBANDS_Y40-44","2021",7.945,,,,"R1:3513"
"TUR","BA:622","UNE_DEAP_SEX_AGE_RT","SEX_M","AGE_5YRBANDS_Y45-49","2021",8.163,,,,"R1:3513"
"TUR","BA:622","UNE_DEAP_SEX_AGE_RT","SEX_M","AGE_5YRBANDS_Y50-54","2021",8.681,,,,"R1:3513"
"TUR","BA:622","UNE_DEAP_SEX_AGE_RT","SEX_M","AGE_5YRBANDS_Y55-59","2021",8.919,,,,"R1:3513"
"TUR","BA:622","UNE_DEAP_SEX_AGE_RT","SEX_M","AGE_5YRBANDS_Y60-64","2021",6.938,,,,"R1:3513"
"TUR","BA:622","UNE_DEAP_SEX_AGE_RT","SEX_M","AGE_5YRBANDS_YGE65","2021",3.859,,,,"R1:3513"
"TUR","BA:622","UNE_DEAP_SEX_AGE_RT","SEX_F","AGE_5YRBANDS_YGE15","2021",14.721,,,,"R1:3513"
"TUR","BA:622","UNE_DEAP_SEX_AGE_RT","SEX_F","AGE_5YRBANDS_Y15-19","2021",22.406,,,,"R1:3513"
"TUR","BA:622","UNE_DEAP_SEX_AGE_RT","SEX_F","AGE_5YRBANDS_Y20-24","2021",30.773,,,,"R1:3513"
"TUR","BA:622","UNE_DEAP_SEX_AGE_RT","SEX_F","AGE_5YRBANDS_Y25-29","2021",21.087,,,,"R1:3513"
"TUR","BA:622","UNE_DEAP_SEX_AGE_RT","SEX_F","AGE_5YRBANDS_Y30-34","2021",14.153,,,,"R1:3513"
"TUR","BA:622","UNE_DEAP_SEX_AGE_RT","SEX_F","AGE_5YRBANDS_Y35-39","2021",11.972,,,,"R1:3513"
"TUR","BA:622","UNE_DEAP_SEX_AGE_RT","SEX_F","AGE_5YRBANDS_Y40-44","2021",10.459,,,,"R1:3513"
"TUR","BA:622","UNE_DEAP_SEX_AGE_RT","SEX_F","AGE_5YRBANDS_Y45-49","2021",9.194,,,,"R1:3513"
"TUR","BA:622","UNE_DEAP_SEX_AGE_RT","SEX_F","AGE_5YRBANDS_Y50-54","2021",7.523,,,,"R1:3513"
"TUR","BA:622","UNE_DEAP_SEX_AGE_RT","SEX_F","AGE_5YRBANDS_Y55-59","2021",6.079,,,,"R1:3513"
"TUR","BA:622","UNE_DEAP_SEX_AGE_RT","SEX_F","AGE_5YRBANDS_Y60-64","2021",3.231,,,,"R1:3513"
"TUR","BA:622","UNE_DEAP_SEX_AGE_RT","SEX_F","AGE_5YRBANDS_YGE65","2021",0.784,,,,"R1:3513"
"TUR","BA:622","UNE_DEAP_SEX_AGE_RT","SEX_T","AGE_YTHADULT_YGE15","2020",13.155,,,,"R1:3513"
"TUR","BA:622","UNE_DEAP_SEX_AGE_RT","SEX_T","AGE_YTHADULT_Y15-64","2020",13.423,,,,"R1:3513"
"TUR","BA:622","UNE_DEAP_SEX_AGE_RT","SEX_T","AGE_YTHADULT_Y15-24","2020",25.277,,,,"R1:3513"
"TUR","BA:622","UNE_DEAP_SEX_AGE_RT","SEX_T","AGE_YTHADULT_YGE25","2020",11.046,,,,"R1:3513"
"TUR","BA:622","UNE_DEAP_SEX_AGE_RT","SEX_M","AGE_YTHADULT_YGE15","2020",12.315,,,,"R1:3513"
"TUR","BA:622","UNE_DEAP_SEX_AGE_RT","SEX_M","AGE_YTHADULT_Y15-64","2020",12.568,,,,"R1:3513"
"TUR","BA:622","UNE_DEAP_SEX_AGE_RT","SEX_M","AGE_YTHADULT_Y15-24","2020",22.627,,,,"R1:3513"
"TUR","BA:622","UNE_DEAP_SEX_AGE_RT","SEX_M","AGE_YTHADULT_YGE25","2020",10.611,,,,"R1:3513"
"TUR","BA:622","UNE_DEAP_SEX_AGE_RT","SEX_F","AGE_YTHADULT_YGE15","2020",14.969,,,,"R1:3513"
"TUR","BA:622","UNE_DEAP_SEX_AGE_RT","SEX_F","AGE_YTHADULT_Y15-64","2020",15.256,,,,"R1:3513"
"TUR","BA:622","UNE_DEAP_SEX_AGE_RT","SEX_F","AGE_YTHADULT_Y15-24","2020",30.295,,,,"R1:3513"
"TUR","BA:622","UNE_DEAP_SEX_AGE_RT","SEX_F","AGE_YTHADULT_YGE25","2020",12.009,,,,"R1:3513"
"TUR","BA:622","UNE_DEAP_SEX_AGE_RT","SEX_T","AGE_AGGREGATE_YGE15","2020",13.155,,,,"R1:3513"
"TUR","BA:622","UNE_DEAP_SEX_AGE_RT","SEX_T","AGE_AGGREGATE_Y15-24","2020",25.277,,,,"R1:3513"
"TUR","BA:622","UNE_DEAP_SEX_AGE_RT","SEX_T","AGE_AGGREGATE_Y25-54","2020",11.786,,,,"R1:3513"
"TUR","BA:622","UNE_DEAP_SEX_AGE_RT","SEX_T","AGE_AGGREGATE_Y55-64","2020",7.163,,,,"R1:3513"
"TUR","BA:622","UNE_DEAP_SEX_AGE_RT","SEX_T","AGE_AGGREGATE_YGE65","2020",2.746,,,,"R1:3513"
"TUR","BA:622","UNE_DEAP_SEX_AGE_RT","SEX_M","AGE_AGGREGATE_YGE15","2020",12.315,,,,"R1:3513"
"TUR","BA:622","UNE_DEAP_SEX_AGE_RT","SEX_M","AGE_AGGREGATE_Y15-24","2020",22.627,,,,"R1:3513"
"TUR","BA:622","UNE_DEAP_SEX_AGE_RT","SEX_M","AGE_AGGREGATE_Y25-54","2020",11.169,,,,"R1:3513"
"TUR","BA:622","UNE_DEAP_SEX_AGE_RT","SEX_M","AGE_AGGREGATE_Y55-64","2020",8.366,,,,"R1:3513"
"TUR","BA:622","UNE_DEAP_SEX_AGE_RT","SEX_M","AGE_AGGREGATE_YGE65","2020",3.278,,,,"R1:3513"
"TUR","BA:622","UNE_DEAP_SEX_AGE_RT","SEX_F","AGE_AGGREGATE_YGE15","2020",14.969,,,,"R1:3513"
"TUR","BA:622","UNE_DEAP_SEX_AGE_RT","SEX_F","AGE_AGGREGATE_Y15-24","2020",30.295,,,,"R1:3513"
"TUR","BA:622","UNE_DEAP_SEX_AGE_RT","SEX_F","AGE_AGGREGATE_Y25-54","2020",13.104,,,,"R1:3513"
"TUR","BA:622","UNE_DEAP_SEX_AGE_RT","SEX_F","AGE_AGGREGATE_Y55-64","2020",3.777,,,,"R1:3513"
"TUR","BA:622","UNE_DEAP_SEX_AGE_RT","SEX_F","AGE_AGGREGATE_YGE65","2020",1.212,,,,"R1:3513"
"TUR","BA:622","UNE_DEAP_SEX_AGE_RT","SEX_T","AGE_10YRBANDS_YGE15","2020",13.155,,,,"R1:3513"
"TUR","BA:622","UNE_DEAP_SEX_AGE_RT","SEX_T","AGE_10YRBANDS_Y15-24","2020",25.277,,,,"R1:3513"
"TUR","BA:622","UNE_DEAP_SEX_AGE_RT","SEX_T","AGE_10YRBANDS_Y25-34","2020",15.155,,,,"R1:3513"
"TUR","BA:622","UNE_DEAP_SEX_AGE_RT","SEX_T","AGE_10YRBANDS_Y35-44","2020",10.136,,,,"R1:3513"
"TUR","BA:622","UNE_DEAP_SEX_AGE_RT","SEX_T","AGE_10YRBANDS_Y45-54","2020",9.478,,,,"R1:3513"
"TUR","BA:622","UNE_DEAP_SEX_AGE_RT","SEX_T","AGE_10YRBANDS_Y55-64","2020",7.163,,,,"R1:3513"
"TUR","BA:622","UNE_DEAP_SEX_AGE_RT","SEX_T","AGE_10YRBANDS_YGE65","2020",2.746,,,,"R1:3513"
"TUR","BA:622","UNE_DEAP_SEX_AGE_RT","SEX_M","AGE_10YRBANDS_YGE15","2020",12.315,,,,"R1:3513"
"TUR","BA:622","UNE_DEAP_SEX_AGE_RT","SEX_M","AGE_10YRBANDS_Y15-24","2020",22.627,,,,"R1:3513"
"TUR","BA:622","UNE_DEAP_SEX_AGE_RT","SEX_M","AGE_10YRBANDS_Y25-34","2020",13.999,,,,"R1:3513"
"TUR","BA:622","UNE_DEAP_SEX_AGE_RT","SEX_M","AGE_10YRBANDS_Y35-44","2020",9.399,,,,"R1:3513"
"TUR","BA:622","UNE_DEAP_SEX_AGE_RT","SEX_M","AGE_10YRBANDS_Y45-54","2020",9.862,,,,"R1:3513"
"TUR","BA:622","UNE_DEAP_SEX_AGE_RT","SEX_M","AGE_10YRBANDS_Y55-64","2020",8.366,,,,"R1:3513"
"TUR","BA:622","UNE_DEAP_SEX_AGE_RT","SEX_M","AGE_10YRBANDS_YGE65","2020",3.278,,,,"R1:3513"
"TUR","BA:622","UNE_DEAP_SEX_AGE_RT","SEX_F","AGE_10YRBANDS_YGE15","2020",14.969,,,,"R1:3513"
"TUR","BA:622","UNE_DEAP_SEX_AGE_RT","SEX_F","AGE_10YRBANDS_Y15-24","2020",30.295,,,,"R1:3513"
"TUR","BA:622","UNE_DEAP_SEX_AGE_RT","SEX_F","AGE_10YRBANDS_Y25-34","2020",17.517,,,,"R1:3513"
"TUR","BA:622","UNE_DEAP_SEX_AGE_RT","SEX_F","AGE_10YRBANDS_Y35-44","2020",11.676,,,,"R1:3513"
"TUR","BA:622","UNE_DEAP_SEX_AGE_RT","SEX_F","AGE_10YRBANDS_Y45-54","2020",8.575,,,,"R1:3513"
"TUR","BA:622","UNE_DEAP_SEX_AGE_RT","SEX_F","AGE_10YRBANDS_Y55-64","2020",3.777,,,,"R1:3513"
"TUR","BA:622","UNE_DEAP_SEX_AGE_RT","SEX_F","AGE_10YRBANDS_YGE65","2020",1.212,,,,"R1:3513"
"TUR","BA:622","UNE_DEAP_SEX_AGE_RT","SEX_T","AGE_5YRBANDS_YGE15","2020",13.155,,,,"R1:3513"
"TUR","BA:622","UNE_DEAP_SEX_AGE_RT","SEX_T","AGE_5YRBANDS_Y15-19","2020",21.116,,,,"R1:3513"
"TUR","BA:622","UNE_DEAP_SEX_AGE_RT","SEX_T","AGE_5YRBANDS_Y20-24","2020",27.126,,,,"R1:3513"
"TUR","BA:622","UNE_DEAP_SEX_AGE_RT","SEX_T","AGE_5YRBANDS_Y25-29","2020",18.009,,,,"R1:3513"
"TUR","BA:622","UNE_DEAP_SEX_AGE_RT","SEX_T","AGE_5YRBANDS_Y30-34","2020",12.391,,,,"R1:3513"
"TUR","BA:622","UNE_DEAP_SEX_AGE_RT","SEX_T","AGE_5YRBANDS_Y35-39","2020",10.39,,,,"R1:3513"
"TUR","BA:622","UNE_DEAP_SEX_AGE_RT","SEX_T","AGE_5YRBANDS_Y40-44","2020",9.864,,,,"R1:3513"
"TUR","BA:622","UNE_DEAP_SEX_AGE_RT","SEX_T","AGE_5YRBANDS_Y45-49","2020",9.801,,,,"R1:3513"
"TUR","BA:622","UNE_DEAP_SEX_AGE_RT","SEX_T","AGE_5YRBANDS_Y50-54","2020",9.005,,,,"R1:3513"
"TUR","BA:622","UNE_DEAP_SEX_AGE_RT","SEX_T","AGE_5YRBANDS_Y55-59","2020",7.796,,,,"R1:3513"
"TUR","BA:622","UNE_DEAP_SEX_AGE_RT","SEX_T","AGE_5YRBANDS_Y60-64","2020",6.05,,,,"R1:3513"
"TUR","BA:622","UNE_DEAP_SEX_AGE_RT","SEX_T","AGE_5YRBANDS_YGE65","2020",2.746,,,,"R1:3513"
"TUR","BA:622","UNE_DEAP_SEX_AGE_RT","SEX_M","AGE_5YRBANDS_YGE15","2020",12.315,,,,"R1:3513"
"TUR","BA:622","UNE_DEAP_SEX_AGE_RT","SEX_M","AGE_5YRBANDS_Y15-19","2020",20.184,,,,"R1:3513"
"TUR","BA:622","UNE_DEAP_SEX_AGE_RT","SEX_M","AGE_5YRBANDS_Y20-24","2020",23.872,,,,"R1:3513"
"TUR","BA:622","UNE_DEAP_SEX_AGE_RT","SEX_M","AGE_5YRBANDS_Y25-29","2020",16.65,,,,"R1:3513"
"TUR","BA:622","UNE_DEAP_SEX_AGE_RT","SEX_M","AGE_5YRBANDS_Y30-34","2020",11.554,,,,"R1:3513"
"TUR","BA:622","UNE_DEAP_SEX_AGE_RT","SEX_M","AGE_5YRBANDS_Y35-39","2020",9.623,,,,"R1:3513"
"TUR","BA:622","UNE_DEAP_SEX_AGE_RT","SEX_M","AGE_5YRBANDS_Y40-44","2020",9.156,,,,"R1:3513"
"TUR","BA:622","UNE_DEAP_SEX_AGE_RT","SEX_M","AGE_5YRBANDS_Y45-49","2020",9.814,,,,"R1:3513"
"TUR","BA:622","UNE_DEAP_SEX_AGE_RT","SEX_M","AGE_5YRBANDS_Y50-54","2020",9.93,,,,"R1:3513"
"TUR","BA:622","UNE_DEAP_SEX_AGE_RT","SEX_M","AGE_5YRBANDS_Y55-59","2020",8.995,,,,"R1:3513"
"TUR","BA:622","UNE_DEAP_SEX_AGE_RT","SEX_M","AGE_5YRBANDS_Y60-64","2020",7.285,,,,"R1:3513"
"TUR","BA:622","UNE_DEAP_SEX_AGE_RT","SEX_M","AGE_5YRBANDS_YGE65","2020",3.278,,,,"R1:3513"
"TUR","BA:622","UNE_DEAP_SEX_AGE_RT","SEX_F","AGE_5YRBANDS_YGE15","2020",14.969,,,,"R1:3513"
"TUR","BA:622","UNE_DEAP_SEX_AGE_RT","SEX_F","AGE_5YRBANDS_Y15-19","2020",23.492,,,,"R1:3513"
"TUR","BA:622","UNE_DEAP_SEX_AGE_RT","SEX_F","AGE_5YRBANDS_Y20-24","2020",32.572,,,,"R1:3513"
"TUR","BA:622","UNE_DEAP_SEX_AGE_RT","SEX_F","AGE_5YRBANDS_Y25-29","2020",20.584,,,,"R1:3513"
"TUR","BA:622","UNE_DEAP_SEX_AGE_RT","SEX_F","AGE_5YRBANDS_Y30-34","2020",14.235,,,,"R1:3513"
"TUR","BA:622","UNE_DEAP_SEX_AGE_RT","SEX_F","AGE_5YRBANDS_Y35-39","2020",11.997,,,,"R1:3513"
"TUR","BA:622","UNE_DEAP_SEX_AGE_RT","SEX_F","AGE_5YRBANDS_Y40-44","2020",11.333,,,,"R1:3513"
"TUR","BA:622","UNE_DEAP_SEX_AGE_RT","SEX_F","AGE_5YRBANDS_Y45-49","2020",9.771,,,,"R1:3513"
"TUR","BA:622","UNE_DEAP_SEX_AGE_RT","SEX_F","AGE_5YRBANDS_Y50-54","2020",6.654,,,,"R1:3513"
"TUR","BA:622","UNE_DEAP_SEX_AGE_RT","SEX_F","AGE_5YRBANDS_Y55-59","2020",4.528,,,,"R1:3513"
"TUR","BA:622","UNE_DEAP_SEX_AGE_RT","SEX_F","AGE_5YRBANDS_Y60-64","2020",2.368,,,,"R1:3513"
"TUR","BA:622","UNE_DEAP_SEX_AGE_RT","SEX_F","AGE_5YRBANDS_YGE65","2020",1.212,,,,"R1:3513"
"TUR","BA:622","UNE_DEAP_SEX_AGE_RT","SEX_T","AGE_YTHADULT_YGE15","2019",13.731,,,,"R1:3513"
"TUR","BA:622","UNE_DEAP_SEX_AGE_RT","SEX_T","AGE_YTHADULT_Y15-64","2019",14.025,,,,"R1:3513"
"TUR","BA:622","UNE_DEAP_SEX_AGE_RT","SEX_T","AGE_YTHADULT_Y15-24","2019",25.406,,,,"R1:3513"
"TUR","BA:622","UNE_DEAP_SEX_AGE_RT","SEX_T","AGE_YTHADULT_YGE25","2019",11.521,,,,"R1:3513"
"TUR","BA:622","UNE_DEAP_SEX_AGE_RT","SEX_M","AGE_YTHADULT_YGE15","2019",12.384,,,,"R1:3513"
"TUR","BA:622","UNE_DEAP_SEX_AGE_RT","SEX_M","AGE_YTHADULT_Y15-64","2019",12.651,,,,"R1:3513"
"TUR","BA:622","UNE_DEAP_SEX_AGE_RT","SEX_M","AGE_YTHADULT_Y15-24","2019",22.469,,,,"R1:3513"
"TUR","BA:622","UNE_DEAP_SEX_AGE_RT","SEX_M","AGE_YTHADULT_YGE25","2019",10.586,,,,"R1:3513"
"TUR","BA:622","UNE_DEAP_SEX_AGE_RT","SEX_F","AGE_YTHADULT_YGE15","2019",16.488,,,,"R1:3513"
"TUR","BA:622","UNE_DEAP_SEX_AGE_RT","SEX_F","AGE_YTHADULT_Y15-64","2019",16.812,,,,"R1:3513"
"TUR","BA:622","UNE_DEAP_SEX_AGE_RT","SEX_F","AGE_YTHADULT_Y15-24","2019",30.581,,,,"R1:3513"
"TUR","BA:622","UNE_DEAP_SEX_AGE_RT","SEX_F","AGE_YTHADULT_YGE25","2019",13.488,,,,"R1:3513"
"TUR","BA:622","UNE_DEAP_SEX_AGE_RT","SEX_T","AGE_AGGREGATE_YGE15","2019",13.731,,,,"R1:3513"
"TUR","BA:622","UNE_DEAP_SEX_AGE_RT","SEX_T","AGE_AGGREGATE_Y15-24","2019",25.406,,,,"R1:3513"
"TUR","BA:622","UNE_DEAP_SEX_AGE_RT","SEX_T","AGE_AGGREGATE_Y25-54","2019",12.249,,,,"R1:3513"
"TUR","BA:622","UNE_DEAP_SEX_AGE_RT","SEX_T","AGE_AGGREGATE_Y55-64","2019",8.031,,,,"R1:3513"
"TUR","BA:622","UNE_DEAP_SEX_AGE_RT","SEX_T","AGE_AGGREGATE_YGE65","2019",3.127,,,,"R1:3513"
"TUR","BA:622","UNE_DEAP_SEX_AGE_RT","SEX_M","AGE_AGGREGATE_YGE15","2019",12.384,,,,"R1:3513"
"TUR","BA:622","UNE_DEAP_SEX_AGE_RT","SEX_M","AGE_AGGREGATE_Y15-24","2019",22.469,,,,"R1:3513"
"TUR","BA:622","UNE_DEAP_SEX_AGE_RT","SEX_M","AGE_AGGREGATE_Y25-54","2019",11.014,,,,"R1:3513"
"TUR","BA:622","UNE_DEAP_SEX_AGE_RT","SEX_M","AGE_AGGREGATE_Y55-64","2019",9.484,,,,"R1:3513"
"TUR","BA:622","UNE_DEAP_SEX_AGE_RT","SEX_M","AGE_AGGREGATE_YGE65","2019",3.624,,,,"R1:3513"
"TUR","BA:622","UNE_DEAP_SEX_AGE_RT","SEX_F","AGE_AGGREGATE_YGE15","2019",16.488,,,,"R1:3513"
"TUR","BA:622","UNE_DEAP_SEX_AGE_RT","SEX_F","AGE_AGGREGATE_Y15-24","2019",30.581,,,,"R1:3513"
"TUR","BA:622","UNE_DEAP_SEX_AGE_RT","SEX_F","AGE_AGGREGATE_Y25-54","2019",14.755,,,,"R1:3513"
"TUR","BA:622","UNE_DEAP_SEX_AGE_RT","SEX_F","AGE_AGGREGATE_Y55-64","2019",4.14,,,,"R1:3513"
"TUR","BA:622","UNE_DEAP_SEX_AGE_RT","SEX_F","AGE_AGGREGATE_YGE65","2019",1.723,,,,"R1:3513"
"TUR","BA:622","UNE_DEAP_SEX_AGE_RT","SEX_T","AGE_10YRBANDS_YGE15","2019",13.731,,,,"R1:3513"
"TUR","BA:622","UNE_DEAP_SEX_AGE_RT","SEX_T","AGE_10YRBANDS_Y15-24","2019",25.406,,,,"R1:3513"
"TUR","BA:622","UNE_DEAP_SEX_AGE_RT","SEX_T","AGE_10YRBANDS_Y25-34","2019",15.489,,,,"R1:3513"
"TUR","BA:622","UNE_DEAP_SEX_AGE_RT","SEX_T","AGE_10YRBANDS_Y35-44","2019",10.597,,,,"R1:3513"
"TUR","BA:622","UNE_DEAP_SEX_AGE_RT","SEX_T","AGE_10YRBANDS_Y45-54","2019",10.026,,,,"R1:3513"
"TUR","BA:622","UNE_DEAP_SEX_AGE_RT","SEX_T","AGE_10YRBANDS_Y55-64","2019",8.031,,,,"R1:3513"
"TUR","BA:622","UNE_DEAP_SEX_AGE_RT","SEX_T","AGE_10YRBANDS_YGE65","2019",3.127,,,,"R1:3513"
"TUR","BA:622","UNE_DEAP_SEX_AGE_RT","SEX_M","AGE_10YRBANDS_YGE15","2019",12.384,,,,"R1:3513"
"TUR","BA:622","UNE_DEAP_SEX_AGE_RT","SEX_M","AGE_10YRBANDS_Y15-24","2019",22.469,,,,"R1:3513"
"TUR","BA:622","UNE_DEAP_SEX_AGE_RT","SEX_M","AGE_10YRBANDS_Y25-34","2019",13.515,,,,"R1:3513"
"TUR","BA:622","UNE_DEAP_SEX_AGE_RT","SEX_M","AGE_10YRBANDS_Y35-44","2019",9.22,,,,"R1:3513"
"TUR","BA:622","UNE_DEAP_SEX_AGE_RT","SEX_M","AGE_10YRBANDS_Y45-54","2019",10.137,,,,"R1:3513"
"TUR","BA:622","UNE_DEAP_SEX_AGE_RT","SEX_M","AGE_10YRBANDS_Y55-64","2019",9.484,,,,"R1:3513"
"TUR","BA:622","UNE_DEAP_SEX_AGE_RT","SEX_M","AGE_10YRBANDS_YGE65","2019",3.624,,,,"R1:3513"
"TUR","BA:622","UNE_DEAP_SEX_AGE_RT","SEX_F","AGE_10YRBANDS_YGE15","2019",16.488,,,,"R1:3513"
"TUR","BA:622","UNE_DEAP_SEX_AGE_RT","SEX_F","AGE_10YRBANDS_Y15-24","2019",30.581,,,,"R1:3513"
"TUR","BA:622","UNE_DEAP_SEX_AGE_RT","SEX_F","AGE_10YRBANDS_Y25-34","2019",19.246,,,,"R1:3513"
"TUR","BA:622","UNE_DEAP_SEX_AGE_RT","SEX_F","AGE_10YRBANDS_Y35-44","2019",13.347,,,,"R1:3513"
"TUR","BA:622","UNE_DEAP_SEX_AGE_RT","SEX_F","AGE_10YRBANDS_Y45-54","2019",9.774,,,,"R1:3513"
"TUR","BA:622","UNE_DEAP_SEX_AGE_RT","SEX_F","AGE_10YRBANDS_Y55-64","2019",4.14,,,,"R1:3513"
"TUR","BA:622","UNE_DEAP_SEX_AGE_RT","SEX_F","AGE_10YRBANDS_YGE65","2019",1.723,,,,"R1:3513"
"TUR","BA:622","UNE_DEAP_SEX_AGE_RT","SEX_T","AGE_5YRBANDS_YGE15","2019",13.731,,,,"R1:3513"
"TUR","BA:622","UNE_DEAP_SEX_AGE_RT","SEX_T","AGE_5YRBANDS_Y15-19","2019",21.14,,,,"R1:3513"
"TUR","BA:622","UNE_DEAP_SEX_AGE_RT","SEX_T","AGE_5YRBANDS_Y20-24","2019",27.592,,,,"R1:3513"
"TUR","BA:622","UNE_DEAP_SEX_AGE_RT","SEX_T","AGE_5YRBANDS_Y25-29","2019",18.101,,,,"R1:3513"
"TUR","BA:622","UNE_DEAP_SEX_AGE_RT","SEX_T","AGE_5YRBANDS_Y30-34","2019",12.989,,,,"R1:3513"
"TUR","BA:622","UNE_DEAP_SEX_AGE_RT","SEX_T","AGE_5YRBANDS_Y35-39","2019",10.866,,,,"R1:3513"
"TUR","BA:622","UNE_DEAP_SEX_AGE_RT","SEX_T","AGE_5YRBANDS_Y40-44","2019",10.297,,,,"R1:3513"
"TUR","BA:622","UNE_DEAP_SEX_AGE_RT","SEX_T","AGE_5YRBANDS_Y45-49","2019",10.265,,,,"R1:3513"
"TUR","BA:622","UNE_DEAP_SEX_AGE_RT","SEX_T","AGE_5YRBANDS_Y50-54","2019",9.692,,,,"R1:3513"
"TUR","BA:622","UNE_DEAP_SEX_AGE_RT","SEX_T","AGE_5YRBANDS_Y55-59","2019",8.693,,,,"R1:3513"
"TUR","BA:622","UNE_DEAP_SEX_AGE_RT","SEX_T","AGE_5YRBANDS_Y60-64","2019",6.899,,,,"R1:3513"
"TUR","BA:622","UNE_DEAP_SEX_AGE_RT","SEX_T","AGE_5YRBANDS_YGE65","2019",3.127,,,,"R1:3513"
"TUR","BA:622","UNE_DEAP_SEX_AGE_RT","SEX_M","AGE_5YRBANDS_YGE15","2019",12.384,,,,"R1:3513"
"TUR","BA:622","UNE_DEAP_SEX_AGE_RT","SEX_M","AGE_5YRBANDS_Y15-19","2019",19.942,,,,"R1:3513"
"TUR","BA:622","UNE_DEAP_SEX_AGE_RT","SEX_M","AGE_5YRBANDS_Y20-24","2019",23.94,,,,"R1:3513"
"TUR","BA:622","UNE_DEAP_SEX_AGE_RT","SEX_M","AGE_5YRBANDS_Y25-29","2019",15.98,,,,"R1:3513"
"TUR","BA:622","UNE_DEAP_SEX_AGE_RT","SEX_M","AGE_5YRBANDS_Y30-34","2019",11.248,,,,"R1:3513"
"TUR","BA:622","UNE_DEAP_SEX_AGE_RT","SEX_M","AGE_5YRBANDS_Y35-39","2019",9.531,,,,"R1:3513"
"TUR","BA:622","UNE_DEAP_SEX_AGE_RT","SEX_M","AGE_5YRBANDS_Y40-44","2019",8.872,,,,"R1:3513"
"TUR","BA:622","UNE_DEAP_SEX_AGE_RT","SEX_M","AGE_5YRBANDS_Y45-49","2019",9.952,,,,"R1:3513"
"TUR","BA:622","UNE_DEAP_SEX_AGE_RT","SEX_M","AGE_5YRBANDS_Y50-54","2019",10.384,,,,"R1:3513"
"TUR","BA:622","UNE_DEAP_SEX_AGE_RT","SEX_M","AGE_5YRBANDS_Y55-59","2019",10.014,,,,"R1:3513"
"TUR","BA:622","UNE_DEAP_SEX_AGE_RT","SEX_M","AGE_5YRBANDS_Y60-64","2019",8.591,,,,"R1:3513"
"TUR","BA:622","UNE_DEAP_SEX_AGE_RT","SEX_M","AGE_5YRBANDS_YGE65","2019",3.624,,,,"R1:3513"
"TUR","BA:622","UNE_DEAP_SEX_AGE_RT","SEX_F","AGE_5YRBANDS_YGE15","2019",16.488,,,,"R1:3513"
"TUR","BA:622","UNE_DEAP_SEX_AGE_RT","SEX_F","AGE_5YRBANDS_Y15-19","2019",23.841,,,,"R1:3513"
"TUR","BA:622","UNE_DEAP_SEX_AGE_RT","SEX_F","AGE_5YRBANDS_Y20-24","2019",33.304,,,,"R1:3513"
"TUR","BA:622","UNE_DEAP_SEX_AGE_RT","SEX_F","AGE_5YRBANDS_Y25-29","2019",21.911,,,,"R1:3513"
"TUR","BA:622","UNE_DEAP_SEX_AGE_RT","SEX_F","AGE_5YRBANDS_Y30-34","2019",16.496,,,,"R1:3513"
"TUR","BA:622","UNE_DEAP_SEX_AGE_RT","SEX_F","AGE_5YRBANDS_Y35-39","2019",13.556,,,,"R1:3513"
"TUR","BA:622","UNE_DEAP_SEX_AGE_RT","SEX_F","AGE_5YRBANDS_Y40-44","2019",13.117,,,,"R1:3513"
"TUR","BA:622","UNE_DEAP_SEX_AGE_RT","SEX_F","AGE_5YRBANDS_Y45-49","2019",10.933,,,,"R1:3513"
"TUR","BA:622","UNE_DEAP_SEX_AGE_RT","SEX_F","AGE_5YRBANDS_Y50-54","2019",7.956,,,,"R1:3513"
"TUR","BA:622","UNE_DEAP_SEX_AGE_RT","SEX_F","AGE_5YRBANDS_Y55-59","2019",5.218,,,,"R1:3513"
"TUR","BA:622","UNE_DEAP_SEX_AGE_RT","SEX_F","AGE_5YRBANDS_Y60-64","2019",2.232,,,,"R1:3513"
"TUR","BA:622","UNE_DEAP_SEX_AGE_RT","SEX_F","AGE_5YRBANDS_YGE65","2019",1.723,,,,"R1:3513"
"TUR","BA:622","UNE_DEAP_SEX_AGE_RT","SEX_T","AGE_YTHADULT_YGE15","2018",10.958,,,,"R1:3513"
"TUR","BA:622","UNE_DEAP_SEX_AGE_RT","SEX_T","AGE_YTHADULT_Y15-64","2018",11.186,,,,"R1:3513"
"TUR","BA:622","UNE_DEAP_SEX_AGE_RT","SEX_T","AGE_YTHADULT_Y15-24","2018",20.303,,,,"R1:3513"
"TUR","BA:622","UNE_DEAP_SEX_AGE_RT","SEX_T","AGE_YTHADULT_YGE25","2018",9.17,,,,"R1:3513"
"TUR","BA:622","UNE_DEAP_SEX_AGE_RT","SEX_M","AGE_YTHADULT_YGE15","2018",9.549,,,,"R1:3513"
"TUR","BA:622","UNE_DEAP_SEX_AGE_RT","SEX_M","AGE_YTHADULT_Y15-64","2018",9.741,,,,"R1:3513"
"TUR","BA:622","UNE_DEAP_SEX_AGE_RT","SEX_M","AGE_YTHADULT_Y15-24","2018",17.608,,,,"R1:3513"
"TUR","BA:622","UNE_DEAP_SEX_AGE_RT","SEX_M","AGE_YTHADULT_YGE25","2018",8.076,,,,"R1:3513"
"TUR","BA:622","UNE_DEAP_SEX_AGE_RT","SEX_F","AGE_YTHADULT_YGE15","2018",13.891,,,,"R1:3513"
"TUR","BA:622","UNE_DEAP_SEX_AGE_RT","SEX_F","AGE_YTHADULT_Y15-64","2018",14.171,,,,"R1:3513"
"TUR","BA:622","UNE_DEAP_SEX_AGE_RT","SEX_F","AGE_YTHADULT_Y15-24","2018",25.306,,,,"R1:3513"
"TUR","BA:622","UNE_DEAP_SEX_AGE_RT","SEX_F","AGE_YTHADULT_YGE25","2018",11.499,,,,"R1:3513"
"TUR","BA:622","UNE_DEAP_SEX_AGE_RT","SEX_T","AGE_AGGREGATE_YGE15","2018",10.958,,,,"R1:3513"
"TUR","BA:622","UNE_DEAP_SEX_AGE_RT","SEX_T","AGE_AGGREGATE_Y15-24","2018",20.303,,,,"R1:3513"
"TUR","BA:622","UNE_DEAP_SEX_AGE_RT","SEX_T","AGE_AGGREGATE_Y25-54","2018",9.699,,,,"R1:3513"
"TUR","BA:622","UNE_DEAP_SEX_AGE_RT","SEX_T","AGE_AGGREGATE_Y55-64","2018",6.772,,,,"R1:3513"
"TUR","BA:622","UNE_DEAP_SEX_AGE_RT","SEX_T","AGE_AGGREGATE_YGE65","2018",2.749,,,,"R1:3513"
"TUR","BA:622","UNE_DEAP_SEX_AGE_RT","SEX_M","AGE_AGGREGATE_YGE15","2018",9.549,,,,"R1:3513"
"TUR","BA:622","UNE_DEAP_SEX_AGE_RT","SEX_M","AGE_AGGREGATE_Y15-24","2018",17.608,,,,"R1:3513"
"TUR","BA:622","UNE_DEAP_SEX_AGE_RT","SEX_M","AGE_AGGREGATE_Y25-54","2018",8.275,,,,"R1:3513"
"TUR","BA:622","UNE_DEAP_SEX_AGE_RT","SEX_M","AGE_AGGREGATE_Y55-64","2018",8.072,,,,"R1:3513"
"TUR","BA:622","UNE_DEAP_SEX_AGE_RT","SEX_M","AGE_AGGREGATE_YGE65","2018",3.236,,,,"R1:3513"
"TUR","BA:622","UNE_DEAP_SEX_AGE_RT","SEX_F","AGE_AGGREGATE_YGE15","2018",13.891,,,,"R1:3513"
"TUR","BA:622","UNE_DEAP_SEX_AGE_RT","SEX_F","AGE_AGGREGATE_Y15-24","2018",25.306,,,,"R1:3513"
"TUR","BA:622","UNE_DEAP_SEX_AGE_RT","SEX_F","AGE_AGGREGATE_Y25-54","2018",12.622,,,,"R1:3513"
"TUR","BA:622","UNE_DEAP_SEX_AGE_RT","SEX_F","AGE_AGGREGATE_Y55-64","2018",3.286,,,,"R1:3513"
"TUR","BA:622","UNE_DEAP_SEX_AGE_RT","SEX_F","AGE_AGGREGATE_YGE65","2018",1.382,"U",,,"R1:3513"
"TUR","BA:622","UNE_DEAP_SEX_AGE_RT","SEX_T","AGE_10YRBANDS_YGE15","2018",10.958,,,,"R1:3513"
"TUR","BA:622","UNE_DEAP_SEX_AGE_RT","SEX_T","AGE_10YRBANDS_Y15-24","2018",20.303,,,,"R1:3513"
"TUR","BA:622","UNE_DEAP_SEX_AGE_RT","SEX_T","AGE_10YRBANDS_Y25-34","2018",12.47,,,,"R1:3513"
"TUR","BA:622","UNE_DEAP_SEX_AGE_RT","SEX_T","AGE_10YRBANDS_Y35-44","2018",8.279,,,,"R1:3513"
"TUR","BA:622","UNE_DEAP_SEX_AGE_RT","SEX_T","AGE_10YRBANDS_Y45-54","2018",7.761,,,,"R1:3513"
"TUR","BA:622","UNE_DEAP_SEX_AGE_RT","SEX_T","AGE_10YRBANDS_Y55-64","2018",6.772,,,,"R1:3513"
"TUR","BA:622","UNE_DEAP_SEX_AGE_RT","SEX_T","AGE_10YRBANDS_YGE65","2018",2.749,,,,"R1:3513"
"TUR","BA:622","UNE_DEAP_SEX_AGE_RT","SEX_M","AGE_10YRBANDS_YGE15","2018",9.549,,,,"R1:3513"
"TUR","BA:622","UNE_DEAP_SEX_AGE_RT","SEX_M","AGE_10YRBANDS_Y15-24","2018",17.608,,,,"R1:3513"
"TUR","BA:622","UNE_DEAP_SEX_AGE_RT","SEX_M","AGE_10YRBANDS_Y25-34","2018",10.159,,,,"R1:3513"
"TUR","BA:622","UNE_DEAP_SEX_AGE_RT","SEX_M","AGE_10YRBANDS_Y35-44","2018",6.793,,,,"R1:3513"
"TUR","BA:622","UNE_DEAP_SEX_AGE_RT","SEX_M","AGE_10YRBANDS_Y45-54","2018",7.747,,,,"R1:3513"
"TUR","BA:622","UNE_DEAP_SEX_AGE_RT","SEX_M","AGE_10YRBANDS_Y55-64","2018",8.072,,,,"R1:3513"
"TUR","BA:622","UNE_DEAP_SEX_AGE_RT","SEX_M","AGE_10YRBANDS_YGE65","2018",3.236,,,,"R1:3513"
"TUR","BA:622","UNE_DEAP_SEX_AGE_RT","SEX_F","AGE_10YRBANDS_YGE15","2018",13.891,,,,"R1:3513"
"TUR","BA:622","UNE_DEAP_SEX_AGE_RT","SEX_F","AGE_10YRBANDS_Y15-24","2018",25.306,,,,"R1:3513"
"TUR","BA:622","UNE_DEAP_SEX_AGE_RT","SEX_F","AGE_10YRBANDS_Y25-34","2018",17.039,,,,"R1:3513"
"TUR","BA:622","UNE_DEAP_SEX_AGE_RT","SEX_F","AGE_10YRBANDS_Y35-44","2018",11.245,,,,"R1:3513"
"TUR","BA:622","UNE_DEAP_SEX_AGE_RT","SEX_F","AGE_10YRBANDS_Y45-54","2018",7.792,,,,"R1:3513"
"TUR","BA:622","UNE_DEAP_SEX_AGE_RT","SEX_F","AGE_10YRBANDS_Y55-64","2018",3.286,,,,"R1:3513"
"TUR","BA:622","UNE_DEAP_SEX_AGE_RT","SEX_F","AGE_10YRBANDS_YGE65","2018",1.382,"U",,,"R1:3513"
"TUR","BA:622","UNE_DEAP_SEX_AGE_RT","SEX_T","AGE_5YRBANDS_YGE15","2018",10.958,,,,"R1:3513"
"TUR","BA:622","UNE_DEAP_SEX_AGE_RT","SEX_T","AGE_5YRBANDS_Y15-19","2018",17.139,,,,"R1:3513"
"TUR","BA:622","UNE_DEAP_SEX_AGE_RT","SEX_T","AGE_5YRBANDS_Y20-24","2018",21.991,,,,"R1:3513"
"TUR","BA:622","UNE_DEAP_SEX_AGE_RT","SEX_T","AGE_5YRBANDS_Y25-29","2018",15.081,,,,"R1:3513"
"TUR","BA:622","UNE_DEAP_SEX_AGE_RT","SEX_T","AGE_5YRBANDS_Y30-34","2018",9.962,,,,"R1:3513"
"TUR","BA:622","UNE_DEAP_SEX_AGE_RT","SEX_T","AGE_5YRBANDS_Y35-39","2018",8.765,,,,"R1:3513"
"TUR","BA:622","UNE_DEAP_SEX_AGE_RT","SEX_T","AGE_5YRBANDS_Y40-44","2018",7.724,,,,"R1:3513"
"TUR","BA:622","UNE_DEAP_SEX_AGE_RT","SEX_T","AGE_5YRBANDS_Y45-49","2018",7.706,,,,"R1:3513"
"TUR","BA:622","UNE_DEAP_SEX_AGE_RT","SEX_T","AGE_5YRBANDS_Y50-54","2018",7.834,,,,"R1:3513"
"TUR","BA:622","UNE_DEAP_SEX_AGE_RT","SEX_T","AGE_5YRBANDS_Y55-59","2018",7.891,,,,"R1:3513"
"TUR","BA:622","UNE_DEAP_SEX_AGE_RT","SEX_T","AGE_5YRBANDS_Y60-64","2018",4.958,,,,"R1:3513"
"TUR","BA:622","UNE_DEAP_SEX_AGE_RT","SEX_T","AGE_5YRBANDS_YGE65","2018",2.749,,,,"R1:3513"
"TUR","BA:622","UNE_DEAP_SEX_AGE_RT","SEX_M","AGE_5YRBANDS_YGE15","2018",9.549,,,,"R1:3513"
"TUR","BA:622","UNE_DEAP_SEX_AGE_RT","SEX_M","AGE_5YRBANDS_Y15-19","2018",15.692,,,,"R1:3513"
"TUR","BA:622","UNE_DEAP_SEX_AGE_RT","SEX_M","AGE_5YRBANDS_Y20-24","2018",18.765,,,,"R1:3513"
"TUR","BA:622","UNE_DEAP_SEX_AGE_RT","SEX_M","AGE_5YRBANDS_Y25-29","2018",12.35,,,,"R1:3513"
"TUR","BA:622","UNE_DEAP_SEX_AGE_RT","SEX_M","AGE_5YRBANDS_Y30-34","2018",8.134,,,,"R1:3513"
"TUR","BA:622","UNE_DEAP_SEX_AGE_RT","SEX_M","AGE_5YRBANDS_Y35-39","2018",7.067,,,,"R1:3513"
"TUR","BA:622","UNE_DEAP_SEX_AGE_RT","SEX_M","AGE_5YRBANDS_Y40-44","2018",6.481,,,,"R1:3513"
"TUR","BA:622","UNE_DEAP_SEX_AGE_RT","SEX_M","AGE_5YRBANDS_Y45-49","2018",7.387,,,,"R1:3513"
"TUR","BA:622","UNE_DEAP_SEX_AGE_RT","SEX_M","AGE_5YRBANDS_Y50-54","2018",8.214,,,,"R1:3513"
"TUR","BA:622","UNE_DEAP_SEX_AGE_RT","SEX_M","AGE_5YRBANDS_Y55-59","2018",9.299,,,,"R1:3513"
"TUR","BA:622","UNE_DEAP_SEX_AGE_RT","SEX_M","AGE_5YRBANDS_Y60-64","2018",6.053,,,,"R1:3513"
"TUR","BA:622","UNE_DEAP_SEX_AGE_RT","SEX_M","AGE_5YRBANDS_YGE65","2018",3.236,,,,"R1:3513"
"TUR","BA:622","UNE_DEAP_SEX_AGE_RT","SEX_F","AGE_5YRBANDS_YGE15","2018",13.891,,,,"R1:3513"
"TUR","BA:622","UNE_DEAP_SEX_AGE_RT","SEX_F","AGE_5YRBANDS_Y15-19","2018",20.568,,,,"R1:3513"
"TUR","BA:622","UNE_DEAP_SEX_AGE_RT","SEX_F","AGE_5YRBANDS_Y20-24","2018",27.286,,,,"R1:3513"
"TUR","BA:622","UNE_DEAP_SEX_AGE_RT","SEX_F","AGE_5YRBANDS_Y25-29","2018",20.18,,,,"R1:3513"
"TUR","BA:622","UNE_DEAP_SEX_AGE_RT","SEX_F","AGE_5YRBANDS_Y30-34","2018",13.786,,,,"R1:3513"
"TUR","BA:622","UNE_DEAP_SEX_AGE_RT","SEX_F","AGE_5YRBANDS_Y35-39","2018",12.134,,,,"R1:3513"
"TUR","BA:622","UNE_DEAP_SEX_AGE_RT","SEX_F","AGE_5YRBANDS_Y40-44","2018",10.22,,,,"R1:3513"
"TUR","BA:622","UNE_DEAP_SEX_AGE_RT","SEX_F","AGE_5YRBANDS_Y45-49","2018",8.391,,,,"R1:3513"
"TUR","BA:622","UNE_DEAP_SEX_AGE_RT","SEX_F","AGE_5YRBANDS_Y50-54","2018",6.906,,,,"R1:3513"
"TUR","BA:622","UNE_DEAP_SEX_AGE_RT","SEX_F","AGE_5YRBANDS_Y55-59","2018",4.031,,,,"R1:3513"
"TUR","BA:622","UNE_DEAP_SEX_AGE_RT","SEX_F","AGE_5YRBANDS_Y60-64","2018",2.13,,,,"R1:3513"
"TUR","BA:622","UNE_DEAP_SEX_AGE_RT","SEX_F","AGE_5YRBANDS_YGE65","2018",1.382,"U",,,"R1:3513"
"TUR","BA:622","UNE_DEAP_SEX_AGE_RT","SEX_T","AGE_YTHADULT_YGE15","2017",10.916,,,,"R1:3513"
"TUR","BA:622","UNE_DEAP_SEX_AGE_RT","SEX_T","AGE_YTHADULT_Y15-64","2017",11.15,,,,"R1:3513"
"TUR","BA:622","UNE_DEAP_SEX_AGE_RT","SEX_T","AGE_YTHADULT_Y15-24","2017",20.772,,,,"R1:3513"
"TUR","BA:622","UNE_DEAP_SEX_AGE_RT","SEX_T","AGE_YTHADULT_YGE25","2017",9.002,,,,"R1:3513"
"TUR","BA:622","UNE_DEAP_SEX_AGE_RT","SEX_M","AGE_YTHADULT_YGE15","2017",9.419,,,,"R1:3513"
"TUR","BA:622","UNE_DEAP_SEX_AGE_RT","SEX_M","AGE_YTHADULT_Y15-64","2017",9.62,,,,"R1:3513"
"TUR","BA:622","UNE_DEAP_SEX_AGE_RT","SEX_M","AGE_YTHADULT_Y15-24","2017",17.842,,,,"R1:3513"
"TUR","BA:622","UNE_DEAP_SEX_AGE_RT","SEX_M","AGE_YTHADULT_YGE25","2017",7.878,,,,"R1:3513"
"TUR","BA:622","UNE_DEAP_SEX_AGE_RT","SEX_F","AGE_YTHADULT_YGE15","2017",14.082,,,,"R1:3513"
"TUR","BA:622","UNE_DEAP_SEX_AGE_RT","SEX_F","AGE_YTHADULT_Y15-64","2017",14.361,,,,"R1:3513"
"TUR","BA:622","UNE_DEAP_SEX_AGE_RT","SEX_F","AGE_YTHADULT_Y15-24","2017",26.115,,,,"R1:3513"
"TUR","BA:622","UNE_DEAP_SEX_AGE_RT","SEX_F","AGE_YTHADULT_YGE25","2017",11.451,,,,"R1:3513"
"TUR","BA:622","UNE_DEAP_SEX_AGE_RT","SEX_T","AGE_AGGREGATE_YGE15","2017",10.916,,,,"R1:3513"
"TUR","BA:622","UNE_DEAP_SEX_AGE_RT","SEX_T","AGE_AGGREGATE_Y15-24","2017",20.772,,,,"R1:3513"
"TUR","BA:622","UNE_DEAP_SEX_AGE_RT","SEX_T","AGE_AGGREGATE_Y25-54","2017",9.537,,,,"R1:3513"
"TUR","BA:622","UNE_DEAP_SEX_AGE_RT","SEX_T","AGE_AGGREGATE_Y55-64","2017",6.472,,,,"R1:3513"
"TUR","BA:622","UNE_DEAP_SEX_AGE_RT","SEX_T","AGE_AGGREGATE_YGE65","2017",2.155,,,,"R1:3513"
"TUR","BA:622","UNE_DEAP_SEX_AGE_RT","SEX_M","AGE_AGGREGATE_YGE15","2017",9.419,,,,"R1:3513"
"TUR","BA:622","UNE_DEAP_SEX_AGE_RT","SEX_M","AGE_AGGREGATE_Y15-24","2017",17.842,,,,"R1:3513"
"TUR","BA:622","UNE_DEAP_SEX_AGE_RT","SEX_M","AGE_AGGREGATE_Y25-54","2017",8.111,,,,"R1:3513"
"TUR","BA:622","UNE_DEAP_SEX_AGE_RT","SEX_M","AGE_AGGREGATE_Y55-64","2017",7.674,,,,"R1:3513"
"TUR","BA:622","UNE_DEAP_SEX_AGE_RT","SEX_M","AGE_AGGREGATE_YGE65","2017",2.562,,,,"R1:3513"
"TUR","BA:622","UNE_DEAP_SEX_AGE_RT","SEX_F","AGE_AGGREGATE_YGE15","2017",14.082,,,,"R1:3513"
"TUR","BA:622","UNE_DEAP_SEX_AGE_RT","SEX_F","AGE_AGGREGATE_Y15-24","2017",26.115,,,,"R1:3513"
"TUR","BA:622","UNE_DEAP_SEX_AGE_RT","SEX_F","AGE_AGGREGATE_Y25-54","2017",12.534,,,,"R1:3513"
"TUR","BA:622","UNE_DEAP_SEX_AGE_RT","SEX_F","AGE_AGGREGATE_Y55-64","2017",3.14,,,,"R1:3513"
"TUR","BA:622","UNE_DEAP_SEX_AGE_RT","SEX_F","AGE_AGGREGATE_YGE65","2017",0.981,"U",,,"R1:3513"
"TUR","BA:622","UNE_DEAP_SEX_AGE_RT","SEX_T","AGE_10YRBANDS_YGE15","2017",10.916,,,,"R1:3513"
"TUR","BA:622","UNE_DEAP_SEX_AGE_RT","SEX_T","AGE_10YRBANDS_Y15-24","2017",20.772,,,,"R1:3513"
"TUR","BA:622","UNE_DEAP_SEX_AGE_RT","SEX_T","AGE_10YRBANDS_Y25-34","2017",12.102,,,,"R1:3513"
"TUR","BA:622","UNE_DEAP_SEX_AGE_RT","SEX_T","AGE_10YRBANDS_Y35-44","2017",8.309,,,,"R1:3513"
"TUR","BA:622","UNE_DEAP_SEX_AGE_RT","SEX_T","AGE_10YRBANDS_Y45-54","2017",7.496,,,,"R1:3513"
"TUR","BA:622","UNE_DEAP_SEX_AGE_RT","SEX_T","AGE_10YRBANDS_Y55-64","2017",6.472,,,,"R1:3513"
"TUR","BA:622","UNE_DEAP_SEX_AGE_RT","SEX_T","AGE_10YRBANDS_YGE65","2017",2.155,,,,"R1:3513"
"TUR","BA:622","UNE_DEAP_SEX_AGE_RT","SEX_M","AGE_10YRBANDS_YGE15","2017",9.419,,,,"R1:3513"
"TUR","BA:622","UNE_DEAP_SEX_AGE_RT","SEX_M","AGE_10YRBANDS_Y15-24","2017",17.842,,,,"R1:3513"
"TUR","BA:622","UNE_DEAP_SEX_AGE_RT","SEX_M","AGE_10YRBANDS_Y25-34","2017",9.775,,,,"R1:3513"
"TUR","BA:622","UNE_DEAP_SEX_AGE_RT","SEX_M","AGE_10YRBANDS_Y35-44","2017",6.83,,,,"R1:3513"
"TUR","BA:622","UNE_DEAP_SEX_AGE_RT","SEX_M","AGE_10YRBANDS_Y45-54","2017",7.557,,,,"R1:3513"
"TUR","BA:622","UNE_DEAP_SEX_AGE_RT","SEX_M","AGE_10YRBANDS_Y55-64","2017",7.674,,,,"R1:3513"
"TUR","BA:622","UNE_DEAP_SEX_AGE_RT","SEX_M","AGE_10YRBANDS_YGE65","2017",2.562,,,,"R1:3513"
"TUR","BA:622","UNE_DEAP_SEX_AGE_RT","SEX_F","AGE_10YRBANDS_YGE15","2017",14.082,,,,"R1:3513"
"TUR","BA:622","UNE_DEAP_SEX_AGE_RT","SEX_F","AGE_10YRBANDS_Y15-24","2017",26.115,,,,"R1:3513"
"TUR","BA:622","UNE_DEAP_SEX_AGE_RT","SEX_F","AGE_10YRBANDS_Y25-34","2017",16.764,,,,"R1:3513"
"TUR","BA:622","UNE_DEAP_SEX_AGE_RT","SEX_F","AGE_10YRBANDS_Y35-44","2017",11.32,,,,"R1:3513"
"TUR","BA:622","UNE_DEAP_SEX_AGE_RT","SEX_F","AGE_10YRBANDS_Y45-54","2017",7.353,,,,"R1:3513"
"TUR","BA:622","UNE_DEAP_SEX_AGE_RT","SEX_F","AGE_10YRBANDS_Y55-64","2017",3.14,,,,"R1:3513"
"TUR","BA:622","UNE_DEAP_SEX_AGE_RT","SEX_F","AGE_10YRBANDS_YGE65","2017",0.981,"U",,,"R1:3513"
"TUR","BA:622","UNE_DEAP_SEX_AGE_RT","SEX_T","AGE_5YRBANDS_YGE15","2017",10.916,,,,"R1:3513"
"TUR","BA:622","UNE_DEAP_SEX_AGE_RT","SEX_T","AGE_5YRBANDS_Y15-19","2017",17.034,,,,"R1:3513"
"TUR","BA:622","UNE_DEAP_SEX_AGE_RT","SEX_T","AGE_5YRBANDS_Y20-24","2017",22.767,,,,"R1:3513"
"TUR","BA:622","UNE_DEAP_SEX_AGE_RT","SEX_T","AGE_5YRBANDS_Y25-29","2017",14.472,,,,"R1:3513"
"TUR","BA:622","UNE_DEAP_SEX_AGE_RT","SEX_T","AGE_5YRBANDS_Y30-34","2017",9.811,,,,"R1:3513"
"TUR","BA:622","UNE_DEAP_SEX_AGE_RT","SEX_T","AGE_5YRBANDS_Y35-39","2017",8.863,,,,"R1:3513"
"TUR","BA:622","UNE_DEAP_SEX_AGE_RT","SEX_T","AGE_5YRBANDS_Y40-44","2017",7.665,,,,"R1:3513"
"TUR","BA:622","UNE_DEAP_SEX_AGE_RT","SEX_T","AGE_5YRBANDS_Y45-49","2017",7.447,,,,"R1:3513"
"TUR","BA:622","UNE_DEAP_SEX_AGE_RT","SEX_T","AGE_5YRBANDS_Y50-54","2017",7.56,,,,"R1:3513"
"TUR","BA:622","UNE_DEAP_SEX_AGE_RT","SEX_T","AGE_5YRBANDS_Y55-59","2017",7.482,,,,"R1:3513"
"TUR","BA:622","UNE_DEAP_SEX_AGE_RT","SEX_T","AGE_5YRBANDS_Y60-64","2017",4.895,,,,"R1:3513"
"TUR","BA:622","UNE_DEAP_SEX_AGE_RT","SEX_T","AGE_5YRBANDS_YGE65","2017",2.155,,,,"R1:3513"
"TUR","BA:622","UNE_DEAP_SEX_AGE_RT","SEX_M","AGE_5YRBANDS_YGE15","2017",9.419,,,,"R1:3513"
"TUR","BA:622","UNE_DEAP_SEX_AGE_RT","SEX_M","AGE_5YRBANDS_Y15-19","2017",16.462,,,,"R1:3513"
"TUR","BA:622","UNE_DEAP_SEX_AGE_RT","SEX_M","AGE_5YRBANDS_Y20-24","2017",18.664,,,,"R1:3513"
"TUR","BA:622","UNE_DEAP_SEX_AGE_RT","SEX_M","AGE_5YRBANDS_Y25-29","2017",11.968,,,,"R1:3513"
"TUR","BA:622","UNE_DEAP_SEX_AGE_RT","SEX_M","AGE_5YRBANDS_Y30-34","2017",7.729,,,,"R1:3513"
"TUR","BA:622","UNE_DEAP_SEX_AGE_RT","SEX_M","AGE_5YRBANDS_Y35-39","2017",7.094,,,,"R1:3513"
"TUR","BA:622","UNE_DEAP_SEX_AGE_RT","SEX_M","AGE_5YRBANDS_Y40-44","2017",6.526,,,,"R1:3513"
"TUR","BA:622","UNE_DEAP_SEX_AGE_RT","SEX_M","AGE_5YRBANDS_Y45-49","2017",7.335,,,,"R1:3513"
"TUR","BA:622","UNE_DEAP_SEX_AGE_RT","SEX_M","AGE_5YRBANDS_Y50-54","2017",7.833,,,,"R1:3513"
"TUR","BA:622","UNE_DEAP_SEX_AGE_RT","SEX_M","AGE_5YRBANDS_Y55-59","2017",8.796,,,,"R1:3513"
"TUR","BA:622","UNE_DEAP_SEX_AGE_RT","SEX_M","AGE_5YRBANDS_Y60-64","2017",5.889,,,,"R1:3513"
"TUR","BA:622","UNE_DEAP_SEX_AGE_RT","SEX_M","AGE_5YRBANDS_YGE65","2017",2.562,,,,"R1:3513"
"TUR","BA:622","UNE_DEAP_SEX_AGE_RT","SEX_F","AGE_5YRBANDS_YGE15","2017",14.082,,,,"R1:3513"
"TUR","BA:622","UNE_DEAP_SEX_AGE_RT","SEX_F","AGE_5YRBANDS_Y15-19","2017",18.326,,,,"R1:3513"
"TUR","BA:622","UNE_DEAP_SEX_AGE_RT","SEX_F","AGE_5YRBANDS_Y20-24","2017",29.471,,,,"R1:3513"
"TUR","BA:622","UNE_DEAP_SEX_AGE_RT","SEX_F","AGE_5YRBANDS_Y25-29","2017",19.231,,,,"R1:3513"
"TUR","BA:622","UNE_DEAP_SEX_AGE_RT","SEX_F","AGE_5YRBANDS_Y30-34","2017",14.206,,,,"R1:3513"
"TUR","BA:622","UNE_DEAP_SEX_AGE_RT","SEX_F","AGE_5YRBANDS_Y35-39","2017",12.433,,,,"R1:3513"
"TUR","BA:622","UNE_DEAP_SEX_AGE_RT","SEX_F","AGE_5YRBANDS_Y40-44","2017",10.01,,,,"R1:3513"
"TUR","BA:622","UNE_DEAP_SEX_AGE_RT","SEX_F","AGE_5YRBANDS_Y45-49","2017",7.703,,,,"R1:3513"
"TUR","BA:622","UNE_DEAP_SEX_AGE_RT","SEX_F","AGE_5YRBANDS_Y50-54","2017",6.872,,,,"R1:3513"
"TUR","BA:622","UNE_DEAP_SEX_AGE_RT","SEX_F","AGE_5YRBANDS_Y55-59","2017",3.736,,,,"R1:3513"
"TUR","BA:622","UNE_DEAP_SEX_AGE_RT","SEX_F","AGE_5YRBANDS_Y60-64","2017",2.255,,,,"R1:3513"
"TUR","BA:622","UNE_DEAP_SEX_AGE_RT","SEX_F","AGE_5YRBANDS_YGE65","2017",0.981,"U",,,"R1:3513"
"TUR","BA:622","UNE_DEAP_SEX_AGE_RT","SEX_T","AGE_YTHADULT_YGE15","2016",10.905,,,,"R1:3513"
"TUR","BA:622","UNE_DEAP_SEX_AGE_RT","SEX_T","AGE_YTHADULT_Y15-64","2016",11.119,,,,"R1:3513"
"TUR","BA:622","UNE_DEAP_SEX_AGE_RT","SEX_T","AGE_YTHADULT_Y15-24","2016",19.61,,,,"R1:3513"
"TUR","BA:622","UNE_DEAP_SEX_AGE_RT","SEX_T","AGE_YTHADULT_YGE25","2016",9.19,,,,"R1:3513"
"TUR","BA:622","UNE_DEAP_SEX_AGE_RT","SEX_M","AGE_YTHADULT_YGE15","2016",9.597,,,,"R1:3513"
"TUR","BA:622","UNE_DEAP_SEX_AGE_RT","SEX_M","AGE_YTHADULT_Y15-64","2016",9.774,,,,"R1:3513"
"TUR","BA:622","UNE_DEAP_SEX_AGE_RT","SEX_M","AGE_YTHADULT_Y15-24","2016",17.357,,,,"R1:3513"
"TUR","BA:622","UNE_DEAP_SEX_AGE_RT","SEX_M","AGE_YTHADULT_YGE25","2016",8.175,,,,"R1:3513"
"TUR","BA:622","UNE_DEAP_SEX_AGE_RT","SEX_F","AGE_YTHADULT_YGE15","2016",13.742,,,,"R1:3513"
"TUR","BA:622","UNE_DEAP_SEX_AGE_RT","SEX_F","AGE_YTHADULT_Y15-64","2016",14.018,,,,"R1:3513"
"TUR","BA:622","UNE_DEAP_SEX_AGE_RT","SEX_F","AGE_YTHADULT_Y15-24","2016",23.689,,,,"R1:3513"
"TUR","BA:622","UNE_DEAP_SEX_AGE_RT","SEX_F","AGE_YTHADULT_YGE25","2016",11.475,,,,"R1:3513"
"TUR","BA:622","UNE_DEAP_SEX_AGE_RT","SEX_T","AGE_AGGREGATE_YGE15","2016",10.905,,,,"R1:3513"
"TUR","BA:622","UNE_DEAP_SEX_AGE_RT","SEX_T","AGE_AGGREGATE_Y15-24","2016",19.61,,,,"R1:3513"
"TUR","BA:622","UNE_DEAP_SEX_AGE_RT","SEX_T","AGE_AGGREGATE_Y25-54","2016",9.747,,,,"R1:3513"
"TUR","BA:622","UNE_DEAP_SEX_AGE_RT","SEX_T","AGE_AGGREGATE_Y55-64","2016",6.189,,,,"R1:3513"
"TUR","BA:622","UNE_DEAP_SEX_AGE_RT","SEX_T","AGE_AGGREGATE_YGE65","2016",2.559,,,,"R1:3513"
"TUR","BA:622","UNE_DEAP_SEX_AGE_RT","SEX_M","AGE_AGGREGATE_YGE15","2016",9.597,,,,"R1:3513"
"TUR","BA:622","UNE_DEAP_SEX_AGE_RT","SEX_M","AGE_AGGREGATE_Y15-24","2016",17.357,,,,"R1:3513"
"TUR","BA:622","UNE_DEAP_SEX_AGE_RT","SEX_M","AGE_AGGREGATE_Y25-54","2016",8.456,,,,"R1:3513"
"TUR","BA:622","UNE_DEAP_SEX_AGE_RT","SEX_M","AGE_AGGREGATE_Y55-64","2016",7.344,,,,"R1:3513"
"TUR","BA:622","UNE_DEAP_SEX_AGE_RT","SEX_M","AGE_AGGREGATE_YGE65","2016",3.202,,,,"R1:3513"
"TUR","BA:622","UNE_DEAP_SEX_AGE_RT","SEX_F","AGE_AGGREGATE_YGE15","2016",13.742,,,,"R1:3513"
"TUR","BA:622","UNE_DEAP_SEX_AGE_RT","SEX_F","AGE_AGGREGATE_Y15-24","2016",23.689,,,,"R1:3513"
"TUR","BA:622","UNE_DEAP_SEX_AGE_RT","SEX_F","AGE_AGGREGATE_Y25-54","2016",12.57,,,,"R1:3513"
"TUR","BA:622","UNE_DEAP_SEX_AGE_RT","SEX_F","AGE_AGGREGATE_Y55-64","2016",2.98,,,,"R1:3513"
"TUR","BA:622","UNE_DEAP_SEX_AGE_RT","SEX_F","AGE_AGGREGATE_YGE65","2016",0.753,"U",,,"R1:3513"
"TUR","BA:622","UNE_DEAP_SEX_AGE_RT","SEX_T","AGE_10YRBANDS_YGE15","2016",10.905,,,,"R1:3513"
"TUR","BA:622","UNE_DEAP_SEX_AGE_RT","SEX_T","AGE_10YRBANDS_Y15-24","2016",19.61,,,,"R1:3513"
"TUR","BA:622","UNE_DEAP_SEX_AGE_RT","SEX_T","AGE_10YRBANDS_Y25-34","2016",12.306,,,,"R1:3513"
"TUR","BA:622","UNE_DEAP_SEX_AGE_RT","SEX_T","AGE_10YRBANDS_Y35-44","2016",8.361,,,,"R1:3513"
"TUR","BA:622","UNE_DEAP_SEX_AGE_RT","SEX_T","AGE_10YRBANDS_Y45-54","2016",7.788,,,,"R1:3513"
"TUR","BA:622","UNE_DEAP_SEX_AGE_RT","SEX_T","AGE_10YRBANDS_Y55-64","2016",6.189,,,,"R1:3513"
"TUR","BA:622","UNE_DEAP_SEX_AGE_RT","SEX_T","AGE_10YRBANDS_YGE65","2016",2.559,,,,"R1:3513"
"TUR","BA:622","UNE_DEAP_SEX_AGE_RT","SEX_M","AGE_10YRBANDS_YGE15","2016",9.597,,,,"R1:3513"
"TUR","BA:622","UNE_DEAP_SEX_AGE_RT","SEX_M","AGE_10YRBANDS_Y15-24","2016",17.357,,,,"R1:3513"
"TUR","BA:622","UNE_DEAP_SEX_AGE_RT","SEX_M","AGE_10YRBANDS_Y25-34","2016",10.099,,,,"R1:3513"
"TUR","BA:622","UNE_DEAP_SEX_AGE_RT","SEX_M","AGE_10YRBANDS_Y35-44","2016",7.138,,,,"R1:3513"
"TUR","BA:622","UNE_DEAP_SEX_AGE_RT","SEX_M","AGE_10YRBANDS_Y45-54","2016",7.899,,,,"R1:3513"
"TUR","BA:622","UNE_DEAP_SEX_AGE_RT","SEX_M","AGE_10YRBANDS_Y55-64","2016",7.344,,,,"R1:3513"
"TUR","BA:622","UNE_DEAP_SEX_AGE_RT","SEX_M","AGE_10YRBANDS_YGE65","2016",3.202,,,,"R1:3513"
"TUR","BA:622","UNE_DEAP_SEX_AGE_RT","SEX_F","AGE_10YRBANDS_YGE15","2016",13.742,,,,"R1:3513"
"TUR","BA:622","UNE_DEAP_SEX_AGE_RT","SEX_F","AGE_10YRBANDS_Y15-24","2016",23.689,,,,"R1:3513"
"TUR","BA:622","UNE_DEAP_SEX_AGE_RT","SEX_F","AGE_10YRBANDS_Y25-34","2016",16.884,,,,"R1:3513"
"TUR","BA:622","UNE_DEAP_SEX_AGE_RT","SEX_F","AGE_10YRBANDS_Y35-44","2016",10.932,,,,"R1:3513"
"TUR","BA:622","UNE_DEAP_SEX_AGE_RT","SEX_F","AGE_10YRBANDS_Y45-54","2016",7.505,,,,"R1:3513"
"TUR","BA:622","UNE_DEAP_SEX_AGE_RT","SEX_F","AGE_10YRBANDS_Y55-64","2016",2.98,,,,"R1:3513"
"TUR","BA:622","UNE_DEAP_SEX_AGE_RT","SEX_F","AGE_10YRBANDS_YGE65","2016",0.753,"U",,,"R1:3513"
"TUR","BA:622","UNE_DEAP_SEX_AGE_RT","SEX_T","AGE_5YRBANDS_YGE15","2016",10.905,,,,"R1:3513"
"TUR","BA:622","UNE_DEAP_SEX_AGE_RT","SEX_T","AGE_5YRBANDS_Y15-19","2016",16.179,,,,"R1:3513"
"TUR","BA:622","UNE_DEAP_SEX_AGE_RT","SEX_T","AGE_5YRBANDS_Y20-24","2016",21.487,,,,"R1:3513"
"TUR","BA:622","UNE_DEAP_SEX_AGE_RT","SEX_T","AGE_5YRBANDS_Y25-29","2016",14.626,,,,"R1:3513"
"TUR","BA:622","UNE_DEAP_SEX_AGE_RT","SEX_T","AGE_5YRBANDS_Y30-34","2016",10.109,,,,"R1:3513"
"TUR","BA:622","UNE_DEAP_SEX_AGE_RT","SEX_T","AGE_5YRBANDS_Y35-39","2016",8.676,,,,"R1:3513"
"TUR","BA:622","UNE_DEAP_SEX_AGE_RT","SEX_T","AGE_5YRBANDS_Y40-44","2016",8,,,,"R1:3513"
"TUR","BA:622","UNE_DEAP_SEX_AGE_RT","SEX_T","AGE_5YRBANDS_Y45-49","2016",7.767,,,,"R1:3513"
"TUR","BA:622","UNE_DEAP_SEX_AGE_RT","SEX_T","AGE_5YRBANDS_Y50-54","2016",7.814,,,,"R1:3513"
"TUR","BA:622","UNE_DEAP_SEX_AGE_RT","SEX_T","AGE_5YRBANDS_Y55-59","2016",6.572,,,,"R1:3513"
"TUR","BA:622","UNE_DEAP_SEX_AGE_RT","SEX_T","AGE_5YRBANDS_Y60-64","2016",5.598,,,,"R1:3513"
"TUR","BA:622","UNE_DEAP_SEX_AGE_RT","SEX_T","AGE_5YRBANDS_YGE65","2016",2.559,,,,"R1:3513"
"TUR","BA:622","UNE_DEAP_SEX_AGE_RT","SEX_M","AGE_5YRBANDS_YGE15","2016",9.597,,,,"R1:3513"
"TUR","BA:622","UNE_DEAP_SEX_AGE_RT","SEX_M","AGE_5YRBANDS_Y15-19","2016",15.69,,,,"R1:3513"
"TUR","BA:622","UNE_DEAP_SEX_AGE_RT","SEX_M","AGE_5YRBANDS_Y20-24","2016",18.339,,,,"R1:3513"
"TUR","BA:622","UNE_DEAP_SEX_AGE_RT","SEX_M","AGE_5YRBANDS_Y25-29","2016",12.319,,,,"R1:3513"
"TUR","BA:622","UNE_DEAP_SEX_AGE_RT","SEX_M","AGE_5YRBANDS_Y30-34","2016",8.06,,,,"R1:3513"
"TUR","BA:622","UNE_DEAP_SEX_AGE_RT","SEX_M","AGE_5YRBANDS_Y35-39","2016",7.165,,,,"R1:3513"
"TUR","BA:622","UNE_DEAP_SEX_AGE_RT","SEX_M","AGE_5YRBANDS_Y40-44","2016",7.108,,,,"R1:3513"
"TUR","BA:622","UNE_DEAP_SEX_AGE_RT","SEX_M","AGE_5YRBANDS_Y45-49","2016",7.542,,,,"R1:3513"
"TUR","BA:622","UNE_DEAP_SEX_AGE_RT","SEX_M","AGE_5YRBANDS_Y50-54","2016",8.336,,,,"R1:3513"
"TUR","BA:622","UNE_DEAP_SEX_AGE_RT","SEX_M","AGE_5YRBANDS_Y55-59","2016",7.59,,,,"R1:3513"
"TUR","BA:622","UNE_DEAP_SEX_AGE_RT","SEX_M","AGE_5YRBANDS_Y60-64","2016",6.961,,,,"R1:3513"
"TUR","BA:622","UNE_DEAP_SEX_AGE_RT","SEX_M","AGE_5YRBANDS_YGE65","2016",3.202,,,,"R1:3513"
"TUR","BA:622","UNE_DEAP_SEX_AGE_RT","SEX_F","AGE_5YRBANDS_YGE15","2016",13.742,,,,"R1:3513"
"TUR","BA:622","UNE_DEAP_SEX_AGE_RT","SEX_F","AGE_5YRBANDS_Y15-19","2016",17.196,,,,"R1:3513"
"TUR","BA:622","UNE_DEAP_SEX_AGE_RT","SEX_F","AGE_5YRBANDS_Y20-24","2016",26.779,,,,"R1:3513"
"TUR","BA:622","UNE_DEAP_SEX_AGE_RT","SEX_F","AGE_5YRBANDS_Y25-29","2016",19.182,,,,"R1:3513"
"TUR","BA:622","UNE_DEAP_SEX_AGE_RT","SEX_F","AGE_5YRBANDS_Y30-34","2016",14.562,,,,"R1:3513"
"TUR","BA:622","UNE_DEAP_SEX_AGE_RT","SEX_F","AGE_5YRBANDS_Y35-39","2016",11.86,,,,"R1:3513"
"TUR","BA:622","UNE_DEAP_SEX_AGE_RT","SEX_F","AGE_5YRBANDS_Y40-44","2016",9.87,,,,"R1:3513"
"TUR","BA:622","UNE_DEAP_SEX_AGE_RT","SEX_F","AGE_5YRBANDS_Y45-49","2016",8.316,,,,"R1:3513"
"TUR","BA:622","UNE_DEAP_SEX_AGE_RT","SEX_F","AGE_5YRBANDS_Y50-54","2016",6.421,,,,"R1:3513"
"TUR","BA:622","UNE_DEAP_SEX_AGE_RT","SEX_F","AGE_5YRBANDS_Y55-59","2016",3.709,,,,"R1:3513"
"TUR","BA:622","UNE_DEAP_SEX_AGE_RT","SEX_F","AGE_5YRBANDS_Y60-64","2016",1.88,,,,"R1:3513"
"TUR","BA:622","UNE_DEAP_SEX_AGE_RT","SEX_F","AGE_5YRBANDS_YGE65","2016",0.753,"U",,,"R1:3513"
"TUR","BA:622","UNE_DEAP_SEX_AGE_RT","SEX_T","AGE_YTHADULT_YGE15","2015",10.302,,,,"R1:3513"
"TUR","BA:622","UNE_DEAP_SEX_AGE_RT","SEX_T","AGE_YTHADULT_Y15-64","2015",10.505,,,,"R1:3513"
"TUR","BA:622","UNE_DEAP_SEX_AGE_RT","SEX_T","AGE_YTHADULT_Y15-24","2015",18.533,,,,"R1:3513"
"TUR","BA:622","UNE_DEAP_SEX_AGE_RT","SEX_T","AGE_YTHADULT_YGE25","2015",8.651,,,,"R1:3513"
"TUR","BA:622","UNE_DEAP_SEX_AGE_RT","SEX_M","AGE_YTHADULT_YGE15","2015",9.245,,,,"R1:3513"
"TUR","BA:622","UNE_DEAP_SEX_AGE_RT","SEX_M","AGE_YTHADULT_Y15-64","2015",9.413,,,,"R1:3513"
"TUR","BA:622","UNE_DEAP_SEX_AGE_RT","SEX_M","AGE_YTHADULT_Y15-24","2015",16.507,,,,"R1:3513"
"TUR","BA:622","UNE_DEAP_SEX_AGE_RT","SEX_M","AGE_YTHADULT_YGE25","2015",7.896,,,,"R1:3513"
"TUR","BA:622","UNE_DEAP_SEX_AGE_RT","SEX_F","AGE_YTHADULT_YGE15","2015",12.646,,,,"R1:3513"
"TUR","BA:622","UNE_DEAP_SEX_AGE_RT","SEX_F","AGE_YTHADULT_Y15-64","2015",12.915,,,,"R1:3513"
"TUR","BA:622","UNE_DEAP_SEX_AGE_RT","SEX_F","AGE_YTHADULT_Y15-24","2015",22.228,,,,"R1:3513"
"TUR","BA:622","UNE_DEAP_SEX_AGE_RT","SEX_F","AGE_YTHADULT_YGE25","2015",10.394,,,,"R1:3513"
"TUR","BA:622","UNE_DEAP_SEX_AGE_RT","SEX_T","AGE_AGGREGATE_YGE15","2015",10.302,,,,"R1:3513"
"TUR","BA:622","UNE_DEAP_SEX_AGE_RT","SEX_T","AGE_AGGREGATE_Y15-24","2015",18.533,,,,"R1:3513"
"TUR","BA:622","UNE_DEAP_SEX_AGE_RT","SEX_T","AGE_AGGREGATE_Y25-54","2015",9.071,,,,"R1:3513"
"TUR","BA:622","UNE_DEAP_SEX_AGE_RT","SEX_T","AGE_AGGREGATE_Y55-64","2015",6.668,,,,"R1:3513"
"TUR","BA:622","UNE_DEAP_SEX_AGE_RT","SEX_T","AGE_AGGREGATE_YGE65","2015",2.464,,,,"R1:3513"
"TUR","BA:622","UNE_DEAP_SEX_AGE_RT","SEX_M","AGE_AGGREGATE_YGE15","2015",9.245,,,,"R1:3513"
"TUR","BA:622","UNE_DEAP_SEX_AGE_RT","SEX_M","AGE_AGGREGATE_Y15-24","2015",16.507,,,,"R1:3513"
"TUR","BA:622","UNE_DEAP_SEX_AGE_RT","SEX_M","AGE_AGGREGATE_Y25-54","2015",8.071,,,,"R1:3513"
"TUR","BA:622","UNE_DEAP_SEX_AGE_RT","SEX_M","AGE_AGGREGATE_Y55-64","2015",7.893,,,,"R1:3513"
"TUR","BA:622","UNE_DEAP_SEX_AGE_RT","SEX_M","AGE_AGGREGATE_YGE65","2015",3.071,,,,"R1:3513"
"TUR","BA:622","UNE_DEAP_SEX_AGE_RT","SEX_F","AGE_AGGREGATE_YGE15","2015",12.646,,,,"R1:3513"
"TUR","BA:622","UNE_DEAP_SEX_AGE_RT","SEX_F","AGE_AGGREGATE_Y15-24","2015",22.228,,,,"R1:3513"
"TUR","BA:622","UNE_DEAP_SEX_AGE_RT","SEX_F","AGE_AGGREGATE_Y25-54","2015",11.336,,,,"R1:3513"
"TUR","BA:622","UNE_DEAP_SEX_AGE_RT","SEX_F","AGE_AGGREGATE_Y55-64","2015",3.375,,,,"R1:3513"
"TUR","BA:622","UNE_DEAP_SEX_AGE_RT","SEX_F","AGE_AGGREGATE_YGE65","2015",0.858,"U",,,"R1:3513"
"TUR","BA:622","UNE_DEAP_SEX_AGE_RT","SEX_T","AGE_10YRBANDS_YGE15","2015",10.302,,,,"R1:3513"
"TUR","BA:622","UNE_DEAP_SEX_AGE_RT","SEX_T","AGE_10YRBANDS_Y15-24","2015",18.533,,,,"R1:3513"
"TUR","BA:622","UNE_DEAP_SEX_AGE_RT","SEX_T","AGE_10YRBANDS_Y25-34","2015",10.982,,,,"R1:3513"
"TUR","BA:622","UNE_DEAP_SEX_AGE_RT","SEX_T","AGE_10YRBANDS_Y35-44","2015",7.978,,,,"R1:3513"
"TUR","BA:622","UNE_DEAP_SEX_AGE_RT","SEX_T","AGE_10YRBANDS_Y45-54","2015",7.582,,,,"R1:3513"
"TUR","BA:622","UNE_DEAP_SEX_AGE_RT","SEX_T","AGE_10YRBANDS_Y55-64","2015",6.668,,,,"R1:3513"
"TUR","BA:622","UNE_DEAP_SEX_AGE_RT","SEX_T","AGE_10YRBANDS_YGE65","2015",2.464,,,,"R1:3513"
"TUR","BA:622","UNE_DEAP_SEX_AGE_RT","SEX_M","AGE_10YRBANDS_YGE15","2015",9.245,,,,"R1:3513"
"TUR","BA:622","UNE_DEAP_SEX_AGE_RT","SEX_M","AGE_10YRBANDS_Y15-24","2015",16.507,,,,"R1:3513"
"TUR","BA:622","UNE_DEAP_SEX_AGE_RT","SEX_M","AGE_10YRBANDS_Y25-34","2015",9.123,,,,"R1:3513"
"TUR","BA:622","UNE_DEAP_SEX_AGE_RT","SEX_M","AGE_10YRBANDS_Y35-44","2015",7.149,,,,"R1:3513"
"TUR","BA:622","UNE_DEAP_SEX_AGE_RT","SEX_M","AGE_10YRBANDS_Y45-54","2015",7.768,,,,"R1:3513"
"TUR","BA:622","UNE_DEAP_SEX_AGE_RT","SEX_M","AGE_10YRBANDS_Y55-64","2015",7.893,,,,"R1:3513"
"TUR","BA:622","UNE_DEAP_SEX_AGE_RT","SEX_M","AGE_10YRBANDS_YGE65","2015",3.071,,,,"R1:3513"
"TUR","BA:622","UNE_DEAP_SEX_AGE_RT","SEX_F","AGE_10YRBANDS_YGE15","2015",12.646,,,,"R1:3513"
"TUR","BA:622","UNE_DEAP_SEX_AGE_RT","SEX_F","AGE_10YRBANDS_Y15-24","2015",22.228,,,,"R1:3513"
"TUR","BA:622","UNE_DEAP_SEX_AGE_RT","SEX_F","AGE_10YRBANDS_Y25-34","2015",14.998,,,,"R1:3513"
"TUR","BA:622","UNE_DEAP_SEX_AGE_RT","SEX_F","AGE_10YRBANDS_Y35-44","2015",9.794,,,,"R1:3513"
"TUR","BA:622","UNE_DEAP_SEX_AGE_RT","SEX_F","AGE_10YRBANDS_Y45-54","2015",7.101,,,,"R1:3513"
"TUR","BA:622","UNE_DEAP_SEX_AGE_RT","SEX_F","AGE_10YRBANDS_Y55-64","2015",3.375,,,,"R1:3513"
"TUR","BA:622","UNE_DEAP_SEX_AGE_RT","SEX_F","AGE_10YRBANDS_YGE65","2015",0.858,"U",,,"R1:3513"
"TUR","BA:622","UNE_DEAP_SEX_AGE_RT","SEX_T","AGE_5YRBANDS_YGE15","2015",10.302,,,,"R1:3513"
"TUR","BA:622","UNE_DEAP_SEX_AGE_RT","SEX_T","AGE_5YRBANDS_Y15-19","2015",16.481,,,,"R1:3513"
"TUR","BA:622","UNE_DEAP_SEX_AGE_RT","SEX_T","AGE_5YRBANDS_Y20-24","2015",19.687,,,,"R1:3513"
"TUR","BA:622","UNE_DEAP_SEX_AGE_RT","SEX_T","AGE_5YRBANDS_Y25-29","2015",13.21,,,,"R1:3513"
"TUR","BA:622","UNE_DEAP_SEX_AGE_RT","SEX_T","AGE_5YRBANDS_Y30-34","2015",8.897,,,,"R1:3513"
"TUR","BA:622","UNE_DEAP_SEX_AGE_RT","SEX_T","AGE_5YRBANDS_Y35-39","2015",8.167,,,,"R1:3513"
"TUR","BA:622","UNE_DEAP_SEX_AGE_RT","SEX_T","AGE_5YRBANDS_Y40-44","2015",7.767,,,,"R1:3513"
"TUR","BA:622","UNE_DEAP_SEX_AGE_RT","SEX_T","AGE_5YRBANDS_Y45-49","2015",6.979,,,,"R1:3513"
"TUR","BA:622","UNE_DEAP_SEX_AGE_RT","SEX_T","AGE_5YRBANDS_Y50-54","2015",8.346,,,,"R1:3513"
"TUR","BA:622","UNE_DEAP_SEX_AGE_RT","SEX_T","AGE_5YRBANDS_Y55-59","2015",7.158,,,,"R1:3513"
"TUR","BA:622","UNE_DEAP_SEX_AGE_RT","SEX_T","AGE_5YRBANDS_Y60-64","2015",5.85,,,,"R1:3513"
"TUR","BA:622","UNE_DEAP_SEX_AGE_RT","SEX_T","AGE_5YRBANDS_YGE65","2015",2.464,,,,"R1:3513"
"TUR","BA:622","UNE_DEAP_SEX_AGE_RT","SEX_M","AGE_5YRBANDS_YGE15","2015",9.245,,,,"R1:3513"
"TUR","BA:622","UNE_DEAP_SEX_AGE_RT","SEX_M","AGE_5YRBANDS_Y15-19","2015",15.603,,,,"R1:3513"
"TUR","BA:622","UNE_DEAP_SEX_AGE_RT","SEX_M","AGE_5YRBANDS_Y20-24","2015",17.061,,,,"R1:3513"
"TUR","BA:622","UNE_DEAP_SEX_AGE_RT","SEX_M","AGE_5YRBANDS_Y25-29","2015",11.108,,,,"R1:3513"
"TUR","BA:622","UNE_DEAP_SEX_AGE_RT","SEX_M","AGE_5YRBANDS_Y30-34","2015",7.318,,,,"R1:3513"
"TUR","BA:622","UNE_DEAP_SEX_AGE_RT","SEX_M","AGE_5YRBANDS_Y35-39","2015",6.924,,,,"R1:3513"
"TUR","BA:622","UNE_DEAP_SEX_AGE_RT","SEX_M","AGE_5YRBANDS_Y40-44","2015",7.399,,,,"R1:3513"
"TUR","BA:622","UNE_DEAP_SEX_AGE_RT","SEX_M","AGE_5YRBANDS_Y45-49","2015",6.776,,,,"R1:3513"
"TUR","BA:622","UNE_DEAP_SEX_AGE_RT","SEX_M","AGE_5YRBANDS_Y50-54","2015",9.013,,,,"R1:3513"
"TUR","BA:622","UNE_DEAP_SEX_AGE_RT","SEX_M","AGE_5YRBANDS_Y55-59","2015",8.29,,,,"R1:3513"
"TUR","BA:622","UNE_DEAP_SEX_AGE_RT","SEX_M","AGE_5YRBANDS_Y60-64","2015",7.232,,,,"R1:3513"
"TUR","BA:622","UNE_DEAP_SEX_AGE_RT","SEX_M","AGE_5YRBANDS_YGE65","2015",3.071,,,,"R1:3513"
"TUR","BA:622","UNE_DEAP_SEX_AGE_RT","SEX_F","AGE_5YRBANDS_YGE15","2015",12.646,,,,"R1:3513"
"TUR","BA:622","UNE_DEAP_SEX_AGE_RT","SEX_F","AGE_5YRBANDS_Y15-19","2015",18.362,,,,"R1:3513"
"TUR","BA:622","UNE_DEAP_SEX_AGE_RT","SEX_F","AGE_5YRBANDS_Y20-24","2015",24.076,,,,"R1:3513"
"TUR","BA:622","UNE_DEAP_SEX_AGE_RT","SEX_F","AGE_5YRBANDS_Y25-29","2015",17.541,,,,"R1:3513"
"TUR","BA:622","UNE_DEAP_SEX_AGE_RT","SEX_F","AGE_5YRBANDS_Y30-34","2015",12.464,,,,"R1:3513"
"TUR","BA:622","UNE_DEAP_SEX_AGE_RT","SEX_F","AGE_5YRBANDS_Y35-39","2015",10.881,,,,"R1:3513"
"TUR","BA:622","UNE_DEAP_SEX_AGE_RT","SEX_F","AGE_5YRBANDS_Y40-44","2015",8.576,,,,"R1:3513"
"TUR","BA:622","UNE_DEAP_SEX_AGE_RT","SEX_F","AGE_5YRBANDS_Y45-49","2015",7.497,,,,"R1:3513"
"TUR","BA:622","UNE_DEAP_SEX_AGE_RT","SEX_F","AGE_5YRBANDS_Y50-54","2015",6.586,,,,"R1:3513"
"TUR","BA:622","UNE_DEAP_SEX_AGE_RT","SEX_F","AGE_5YRBANDS_Y55-59","2015",4.128,,,,"R1:3513"
"TUR","BA:622","UNE_DEAP_SEX_AGE_RT","SEX_F","AGE_5YRBANDS_Y60-64","2015",2.107,,,,"R1:3513"
"TUR","BA:622","UNE_DEAP_SEX_AGE_RT","SEX_F","AGE_5YRBANDS_YGE65","2015",0.858,"U",,,"R1:3513"
"TUR","BA:622","UNE_DEAP_SEX_AGE_RT","SEX_T","AGE_YTHADULT_YGE15","2014",9.912,,,,"R1:3513"
"TUR","BA:622","UNE_DEAP_SEX_AGE_RT","SEX_T","AGE_YTHADULT_Y15-64","2014",10.103,,,,"R1:3513"
"TUR","BA:622","UNE_DEAP_SEX_AGE_RT","SEX_T","AGE_YTHADULT_Y15-24","2014",17.925,,,,"R1:3513"
"TUR","BA:622","UNE_DEAP_SEX_AGE_RT","SEX_T","AGE_YTHADULT_YGE25","2014",8.313,,,,"R1:3513"
"TUR","BA:622","UNE_DEAP_SEX_AGE_RT","SEX_M","AGE_YTHADULT_YGE15","2014",9.039,,,,"R1:3513"
"TUR","BA:622","UNE_DEAP_SEX_AGE_RT","SEX_M","AGE_YTHADULT_Y15-64","2014",9.207,,,,"R1:3513"
"TUR","BA:622","UNE_DEAP_SEX_AGE_RT","SEX_M","AGE_YTHADULT_Y15-24","2014",16.64,,,,"R1:3513"
"TUR","BA:622","UNE_DEAP_SEX_AGE_RT","SEX_M","AGE_YTHADULT_YGE25","2014",7.614,,,,"R1:3513"
"TUR","BA:622","UNE_DEAP_SEX_AGE_RT","SEX_F","AGE_YTHADULT_YGE15","2014",11.917,,,,"R1:3513"
"TUR","BA:622","UNE_DEAP_SEX_AGE_RT","SEX_F","AGE_YTHADULT_Y15-64","2014",12.153,,,,"R1:3513"
"TUR","BA:622","UNE_DEAP_SEX_AGE_RT","SEX_F","AGE_YTHADULT_Y15-24","2014",20.433,,,,"R1:3513"
"TUR","BA:622","UNE_DEAP_SEX_AGE_RT","SEX_F","AGE_YTHADULT_YGE25","2014",9.973,,,,"R1:3513"
"TUR","BA:622","UNE_DEAP_SEX_AGE_RT","SEX_T","AGE_AGGREGATE_YGE15","2014",9.912,,,,"R1:3513"
"TUR","BA:622","UNE_DEAP_SEX_AGE_RT","SEX_T","AGE_AGGREGATE_Y15-24","2014",17.925,,,,"R1:3513"
"TUR","BA:622","UNE_DEAP_SEX_AGE_RT","SEX_T","AGE_AGGREGATE_Y25-54","2014",8.748,,,,"R1:3513"
"TUR","BA:622","UNE_DEAP_SEX_AGE_RT","SEX_T","AGE_AGGREGATE_Y55-64","2014",5.992,,,,"R1:3513"
"TUR","BA:622","UNE_DEAP_SEX_AGE_RT","SEX_T","AGE_AGGREGATE_YGE65","2014",2.107,,,,"R1:3513"
"TUR","BA:622","UNE_DEAP_SEX_AGE_RT","SEX_M","AGE_AGGREGATE_YGE15","2014",9.039,,,,"R1:3513"
"TUR","BA:622","UNE_DEAP_SEX_AGE_RT","SEX_M","AGE_AGGREGATE_Y15-24","2014",16.64,,,,"R1:3513"
"TUR","BA:622","UNE_DEAP_SEX_AGE_RT","SEX_M","AGE_AGGREGATE_Y25-54","2014",7.813,,,,"R1:3513"
"TUR","BA:622","UNE_DEAP_SEX_AGE_RT","SEX_M","AGE_AGGREGATE_Y55-64","2014",7.366,,,,"R1:3513"
"TUR","BA:622","UNE_DEAP_SEX_AGE_RT","SEX_M","AGE_AGGREGATE_YGE65","2014",2.545,,,,"R1:3513"
"TUR","BA:622","UNE_DEAP_SEX_AGE_RT","SEX_F","AGE_AGGREGATE_YGE15","2014",11.917,,,,"R1:3513"
"TUR","BA:622","UNE_DEAP_SEX_AGE_RT","SEX_F","AGE_AGGREGATE_Y15-24","2014",20.433,,,,"R1:3513"
"TUR","BA:622","UNE_DEAP_SEX_AGE_RT","SEX_F","AGE_AGGREGATE_Y25-54","2014",10.936,,,,"R1:3513"
"TUR","BA:622","UNE_DEAP_SEX_AGE_RT","SEX_F","AGE_AGGREGATE_Y55-64","2014",2.316,,,,"R1:3513"
"TUR","BA:622","UNE_DEAP_SEX_AGE_RT","SEX_F","AGE_AGGREGATE_YGE65","2014",0.9,"U",,,"R1:3513"
"TUR","BA:622","UNE_DEAP_SEX_AGE_RT","SEX_T","AGE_10YRBANDS_YGE15","2014",9.912,,,,"R1:3513"
"TUR","BA:622","UNE_DEAP_SEX_AGE_RT","SEX_T","AGE_10YRBANDS_Y15-24","2014",17.925,,,,"R1:3513"
"TUR","BA:622","UNE_DEAP_SEX_AGE_RT","SEX_T","AGE_10YRBANDS_Y25-34","2014",10.781,,,,"R1:3513"
"TUR","BA:622","UNE_DEAP_SEX_AGE_RT","SEX_T","AGE_10YRBANDS_Y35-44","2014",7.425,,,,"R1:3513"
"TUR","BA:622","UNE_DEAP_SEX_AGE_RT","SEX_T","AGE_10YRBANDS_Y45-54","2014",7.278,,,,"R1:3513"
"TUR","BA:622","UNE_DEAP_SEX_AGE_RT","SEX_T","AGE_10YRBANDS_Y55-64","2014",5.992,,,,"R1:3513"
"TUR","BA:622","UNE_DEAP_SEX_AGE_RT","SEX_T","AGE_10YRBANDS_YGE65","2014",2.107,,,,"R1:3513"
"TUR","BA:622","UNE_DEAP_SEX_AGE_RT","SEX_M","AGE_10YRBANDS_YGE15","2014",9.039,,,,"R1:3513"
"TUR","BA:622","UNE_DEAP_SEX_AGE_RT","SEX_M","AGE_10YRBANDS_Y15-24","2014",16.64,,,,"R1:3513"
"TUR","BA:622","UNE_DEAP_SEX_AGE_RT","SEX_M","AGE_10YRBANDS_Y25-34","2014",9.182,,,,"R1:3513"
"TUR","BA:622","UNE_DEAP_SEX_AGE_RT","SEX_M","AGE_10YRBANDS_Y35-44","2014",6.438,,,,"R1:3513"
"TUR","BA:622","UNE_DEAP_SEX_AGE_RT","SEX_M","AGE_10YRBANDS_Y45-54","2014",7.609,,,,"R1:3513"
"TUR","BA:622","UNE_DEAP_SEX_AGE_RT","SEX_M","AGE_10YRBANDS_Y55-64","2014",7.366,,,,"R1:3513"
"TUR","BA:622","UNE_DEAP_SEX_AGE_RT","SEX_M","AGE_10YRBANDS_YGE65","2014",2.545,,,,"R1:3513"
"TUR","BA:622","UNE_DEAP_SEX_AGE_RT","SEX_F","AGE_10YRBANDS_YGE15","2014",11.917,,,,"R1:3513"
"TUR","BA:622","UNE_DEAP_SEX_AGE_RT","SEX_F","AGE_10YRBANDS_Y15-24","2014",20.433,,,,"R1:3513"
"TUR","BA:622","UNE_DEAP_SEX_AGE_RT","SEX_F","AGE_10YRBANDS_Y25-34","2014",14.288,,,,"R1:3513"
"TUR","BA:622","UNE_DEAP_SEX_AGE_RT","SEX_F","AGE_10YRBANDS_Y35-44","2014",9.692,,,,"R1:3513"
"TUR","BA:622","UNE_DEAP_SEX_AGE_RT","SEX_F","AGE_10YRBANDS_Y45-54","2014",6.384,,,,"R1:3513"
"TUR","BA:622","UNE_DEAP_SEX_AGE_RT","SEX_F","AGE_10YRBANDS_Y55-64","2014",2.316,,,,"R1:3513"
"TUR","BA:622","UNE_DEAP_SEX_AGE_RT","SEX_F","AGE_10YRBANDS_YGE65","2014",0.9,"U",,,"R1:3513"
"TUR","BA:622","UNE_DEAP_SEX_AGE_RT","SEX_T","AGE_5YRBANDS_YGE15","2014",9.912,,,,"R1:3513"
"TUR","BA:622","UNE_DEAP_SEX_AGE_RT","SEX_T","AGE_5YRBANDS_Y15-19","2014",16.13,,,,"R1:3513"
"TUR","BA:622","UNE_DEAP_SEX_AGE_RT","SEX_T","AGE_5YRBANDS_Y20-24","2014",18.95,,,,"R1:3513"
"TUR","BA:622","UNE_DEAP_SEX_AGE_RT","SEX_T","AGE_5YRBANDS_Y25-29","2014",12.95,,,,"R1:3513"
"TUR","BA:622","UNE_DEAP_SEX_AGE_RT","SEX_T","AGE_5YRBANDS_Y30-34","2014",8.762,,,,"R1:3513"
"TUR","BA:622","UNE_DEAP_SEX_AGE_RT","SEX_T","AGE_5YRBANDS_Y35-39","2014",7.736,,,,"R1:3513"
"TUR","BA:622","UNE_DEAP_SEX_AGE_RT","SEX_T","AGE_5YRBANDS_Y40-44","2014",7.079,,,,"R1:3513"
"TUR","BA:622","UNE_DEAP_SEX_AGE_RT","SEX_T","AGE_5YRBANDS_Y45-49","2014",6.889,,,,"R1:3513"
"TUR","BA:622","UNE_DEAP_SEX_AGE_RT","SEX_T","AGE_5YRBANDS_Y50-54","2014",7.81,,,,"R1:3513"
"TUR","BA:622","UNE_DEAP_SEX_AGE_RT","SEX_T","AGE_5YRBANDS_Y55-59","2014",6.735,,,,"R1:3513"
"TUR","BA:622","UNE_DEAP_SEX_AGE_RT","SEX_T","AGE_5YRBANDS_Y60-64","2014",4.746,,,,"R1:3513"
"TUR","BA:622","UNE_DEAP_SEX_AGE_RT","SEX_T","AGE_5YRBANDS_YGE65","2014",2.107,,,,"R1:3513"
"TUR","BA:622","UNE_DEAP_SEX_AGE_RT","SEX_M","AGE_5YRBANDS_YGE15","2014",9.039,,,,"R1:3513"
"TUR","BA:622","UNE_DEAP_SEX_AGE_RT","SEX_M","AGE_5YRBANDS_Y15-19","2014",16.154,,,,"R1:3513"
"TUR","BA:622","UNE_DEAP_SEX_AGE_RT","SEX_M","AGE_5YRBANDS_Y20-24","2014",16.946,,,,"R1:3513"
"TUR","BA:622","UNE_DEAP_SEX_AGE_RT","SEX_M","AGE_5YRBANDS_Y25-29","2014",11.221,,,,"R1:3513"
"TUR","BA:622","UNE_DEAP_SEX_AGE_RT","SEX_M","AGE_5YRBANDS_Y30-34","2014",7.334,,,,"R1:3513"
"TUR","BA:622","UNE_DEAP_SEX_AGE_RT","SEX_M","AGE_5YRBANDS_Y35-39","2014",6.319,,,,"R1:3513"
"TUR","BA:622","UNE_DEAP_SEX_AGE_RT","SEX_M","AGE_5YRBANDS_Y40-44","2014",6.571,,,,"R1:3513"
"TUR","BA:622","UNE_DEAP_SEX_AGE_RT","SEX_M","AGE_5YRBANDS_Y45-49","2014",6.732,,,,"R1:3513"
"TUR","BA:622","UNE_DEAP_SEX_AGE_RT","SEX_M","AGE_5YRBANDS_Y50-54","2014",8.797,,,,"R1:3513"
"TUR","BA:622","UNE_DEAP_SEX_AGE_RT","SEX_M","AGE_5YRBANDS_Y55-59","2014",8.201,,,,"R1:3513"
"TUR","BA:622","UNE_DEAP_SEX_AGE_RT","SEX_M","AGE_5YRBANDS_Y60-64","2014",5.963,,,,"R1:3513"
"TUR","BA:622","UNE_DEAP_SEX_AGE_RT","SEX_M","AGE_5YRBANDS_YGE65","2014",2.545,,,,"R1:3513"
"TUR","BA:622","UNE_DEAP_SEX_AGE_RT","SEX_F","AGE_5YRBANDS_YGE15","2014",11.917,,,,"R1:3513"
"TUR","BA:622","UNE_DEAP_SEX_AGE_RT","SEX_F","AGE_5YRBANDS_Y15-19","2014",16.076,,,,"R1:3513"
"TUR","BA:622","UNE_DEAP_SEX_AGE_RT","SEX_F","AGE_5YRBANDS_Y20-24","2014",22.483,,,,"R1:3513"
"TUR","BA:622","UNE_DEAP_SEX_AGE_RT","SEX_F","AGE_5YRBANDS_Y25-29","2014",16.583,,,,"R1:3513"
"TUR","BA:622","UNE_DEAP_SEX_AGE_RT","SEX_F","AGE_5YRBANDS_Y30-34","2014",12.027,,,,"R1:3513"
"TUR","BA:622","UNE_DEAP_SEX_AGE_RT","SEX_F","AGE_5YRBANDS_Y35-39","2014",10.975,,,,"R1:3513"
"TUR","BA:622","UNE_DEAP_SEX_AGE_RT","SEX_F","AGE_5YRBANDS_Y40-44","2014",8.255,,,,"R1:3513"
"TUR","BA:622","UNE_DEAP_SEX_AGE_RT","SEX_F","AGE_5YRBANDS_Y45-49","2014",7.305,,,,"R1:3513"
"TUR","BA:622","UNE_DEAP_SEX_AGE_RT","SEX_F","AGE_5YRBANDS_Y50-54","2014",5.093,,,,"R1:3513"
"TUR","BA:622","UNE_DEAP_SEX_AGE_RT","SEX_F","AGE_5YRBANDS_Y55-59","2014",2.809,,,,"R1:3513"
"TUR","BA:622","UNE_DEAP_SEX_AGE_RT","SEX_F","AGE_5YRBANDS_Y60-64","2014",1.489,,,,"R1:3513"
"TUR","BA:622","UNE_DEAP_SEX_AGE_RT","SEX_F","AGE_5YRBANDS_YGE65","2014",0.9,"U",,,"R1:3513"
"TUR","BA:622","UNE_DEAP_SEX_AGE_RT","SEX_T","AGE_YTHADULT_YGE15","2013",9.717,,,,"R1:3513"
"TUR","BA:622","UNE_DEAP_SEX_AGE_RT","SEX_T","AGE_YTHADULT_Y15-64","2013",9.926,,,,"R1:3513"
"TUR","BA:622","UNE_DEAP_SEX_AGE_RT","SEX_T","AGE_YTHADULT_Y15-24","2013",18.686,,,,"R1:3513"
"TUR","BA:622","UNE_DEAP_SEX_AGE_RT","SEX_T","AGE_YTHADULT_YGE25","2013",7.981,,,,"R1:3513"
"TUR","BA:622","UNE_DEAP_SEX_AGE_RT","SEX_M","AGE_YTHADULT_YGE15","2013",8.748,,,,"R1:3513"
"TUR","BA:622","UNE_DEAP_SEX_AGE_RT","SEX_M","AGE_YTHADULT_Y15-64","2013",8.931,,,,"R1:3513"
"TUR","BA:622","UNE_DEAP_SEX_AGE_RT","SEX_M","AGE_YTHADULT_Y15-24","2013",16.959,,,,"R1:3513"
"TUR","BA:622","UNE_DEAP_SEX_AGE_RT","SEX_M","AGE_YTHADULT_YGE25","2013",7.275,,,,"R1:3513"
"TUR","BA:622","UNE_DEAP_SEX_AGE_RT","SEX_F","AGE_YTHADULT_YGE15","2013",11.906,,,,"R1:3513"
"TUR","BA:622","UNE_DEAP_SEX_AGE_RT","SEX_F","AGE_YTHADULT_Y15-64","2013",12.168,,,,"R1:3513"
"TUR","BA:622","UNE_DEAP_SEX_AGE_RT","SEX_F","AGE_YTHADULT_Y15-24","2013",21.898,,,,"R1:3513"
"TUR","BA:622","UNE_DEAP_SEX_AGE_RT","SEX_F","AGE_YTHADULT_YGE25","2013",9.641,,,,"R1:3513"
"TUR","BA:622","UNE_DEAP_SEX_AGE_RT","SEX_T","AGE_AGGREGATE_YGE15","2013",9.717,,,,"R1:3513"
"TUR","BA:622","UNE_DEAP_SEX_AGE_RT","SEX_T","AGE_AGGREGATE_Y15-24","2013",18.686,,,,"R1:3513"
"TUR","BA:622","UNE_DEAP_SEX_AGE_RT","SEX_T","AGE_AGGREGATE_Y25-54","2013",8.469,,,,"R1:3513"
"TUR","BA:622","UNE_DEAP_SEX_AGE_RT","SEX_T","AGE_AGGREGATE_Y55-64","2013",5.229,,,,"R1:3513"
"TUR","BA:622","UNE_DEAP_SEX_AGE_RT","SEX_T","AGE_AGGREGATE_YGE65","2013",1.125,,,,"R1:3513"
"TUR","BA:622","UNE_DEAP_SEX_AGE_RT","SEX_M","AGE_AGGREGATE_YGE15","2013",8.748,,,,"R1:3513"
"TUR","BA:622","UNE_DEAP_SEX_AGE_RT","SEX_M","AGE_AGGREGATE_Y15-24","2013",16.959,,,,"R1:3513"
"TUR","BA:622","UNE_DEAP_SEX_AGE_RT","SEX_M","AGE_AGGREGATE_Y25-54","2013",7.562,,,,"R1:3513"
"TUR","BA:622","UNE_DEAP_SEX_AGE_RT","SEX_M","AGE_AGGREGATE_Y55-64","2013",6.295,,,,"R1:3513"
"TUR","BA:622","UNE_DEAP_SEX_AGE_RT","SEX_M","AGE_AGGREGATE_YGE65","2013",1.514,,,,"R1:3513"
"TUR","BA:622","UNE_DEAP_SEX_AGE_RT","SEX_F","AGE_AGGREGATE_YGE15","2013",11.906,,,,"R1:3513"
"TUR","BA:622","UNE_DEAP_SEX_AGE_RT","SEX_F","AGE_AGGREGATE_Y15-24","2013",21.898,,,,"R1:3513"
"TUR","BA:622","UNE_DEAP_SEX_AGE_RT","SEX_F","AGE_AGGREGATE_Y25-54","2013",10.583,,,,"R1:3513"
"TUR","BA:622","UNE_DEAP_SEX_AGE_RT","SEX_F","AGE_AGGREGATE_Y55-64","2013",2.585,,,,"R1:3513"
"TUR","BA:622","UNE_DEAP_SEX_AGE_RT","SEX_F","AGE_AGGREGATE_YGE65","2013",,"U",,,"R1:3513"
"TUR","BA:622","UNE_DEAP_SEX_AGE_RT","SEX_T","AGE_10YRBANDS_YGE15","2013",9.717,,,,"R1:3513"
"TUR","BA:622","UNE_DEAP_SEX_AGE_RT","SEX_T","AGE_10YRBANDS_Y15-24","2013",18.686,,,,"R1:3513"
"TUR","BA:622","UNE_DEAP_SEX_AGE_RT","SEX_T","AGE_10YRBANDS_Y25-34","2013",10.635,,,,"R1:3513"
"TUR","BA:622","UNE_DEAP_SEX_AGE_RT","SEX_T","AGE_10YRBANDS_Y35-44","2013",7.26,,,,"R1:3513"
"TUR","BA:622","UNE_DEAP_SEX_AGE_RT","SEX_T","AGE_10YRBANDS_Y45-54","2013",6.512,,,,"R1:3513"
"TUR","BA:622","UNE_DEAP_SEX_AGE_RT","SEX_T","AGE_10YRBANDS_Y55-64","2013",5.229,,,,"R1:3513"
"TUR","BA:622","UNE_DEAP_SEX_AGE_RT","SEX_T","AGE_10YRBANDS_YGE65","2013",1.125,,,,"R1:3513"
"TUR","BA:622","UNE_DEAP_SEX_AGE_RT","SEX_M","AGE_10YRBANDS_YGE15","2013",8.748,,,,"R1:3513"
"TUR","BA:622","UNE_DEAP_SEX_AGE_RT","SEX_M","AGE_10YRBANDS_Y15-24","2013",16.959,,,,"R1:3513"
"TUR","BA:622","UNE_DEAP_SEX_AGE_RT","SEX_M","AGE_10YRBANDS_Y25-34","2013",8.973,,,,"R1:3513"
"TUR","BA:622","UNE_DEAP_SEX_AGE_RT","SEX_M","AGE_10YRBANDS_Y35-44","2013",6.38,,,,"R1:3513"
"TUR","BA:622","UNE_DEAP_SEX_AGE_RT","SEX_M","AGE_10YRBANDS_Y45-54","2013",6.909,,,,"R1:3513"
"TUR","BA:622","UNE_DEAP_SEX_AGE_RT","SEX_M","AGE_10YRBANDS_Y55-64","2013",6.295,,,,"R1:3513"
"TUR","BA:622","UNE_DEAP_SEX_AGE_RT","SEX_M","AGE_10YRBANDS_YGE65","2013",1.514,,,,"R1:3513"
"TUR","BA:622","UNE_DEAP_SEX_AGE_RT","SEX_F","AGE_10YRBANDS_YGE15","2013",11.906,,,,"R1:3513"
"TUR","BA:622","UNE_DEAP_SEX_AGE_RT","SEX_F","AGE_10YRBANDS_Y15-24","2013",21.898,,,,"R1:3513"
"TUR","BA:622","UNE_DEAP_SEX_AGE_RT","SEX_F","AGE_10YRBANDS_Y25-34","2013",14.421,,,,"R1:3513"
"TUR","BA:622","UNE_DEAP_SEX_AGE_RT","SEX_F","AGE_10YRBANDS_Y35-44","2013",9.246,,,,"R1:3513"
"TUR","BA:622","UNE_DEAP_SEX_AGE_RT","SEX_F","AGE_10YRBANDS_Y45-54","2013",5.497,,,,"R1:3513"
"TUR","BA:622","UNE_DEAP_SEX_AGE_RT","SEX_F","AGE_10YRBANDS_Y55-64","2013",2.585,,,,"R1:3513"
"TUR","BA:622","UNE_DEAP_SEX_AGE_RT","SEX_F","AGE_10YRBANDS_YGE65","2013",,"U",,,"R1:3513"
"TUR","BA:622","UNE_DEAP_SEX_AGE_RT","SEX_T","AGE_5YRBANDS_YGE15","2013",9.717,,,,"R1:3513"
"TUR","BA:622","UNE_DEAP_SEX_AGE_RT","SEX_T","AGE_5YRBANDS_Y15-19","2013",16.396,,,,"R1:3513"
"TUR","BA:622","UNE_DEAP_SEX_AGE_RT","SEX_T","AGE_5YRBANDS_Y20-24","2013",19.952,,,,"R1:3513"
"TUR","BA:622","UNE_DEAP_SEX_AGE_RT","SEX_T","AGE_5YRBANDS_Y25-29","2013",12.644,,,,"R1:3513"
"TUR","BA:622","UNE_DEAP_SEX_AGE_RT","SEX_T","AGE_5YRBANDS_Y30-34","2013",8.769,,,,"R1:3513"
"TUR","BA:622","UNE_DEAP_SEX_AGE_RT","SEX_T","AGE_5YRBANDS_Y35-39","2013",7.787,,,,"R1:3513"
"TUR","BA:622","UNE_DEAP_SEX_AGE_RT","SEX_T","AGE_5YRBANDS_Y40-44","2013",6.677,,,,"R1:3513"
"TUR","BA:622","UNE_DEAP_SEX_AGE_RT","SEX_T","AGE_5YRBANDS_Y45-49","2013",6.375,,,,"R1:3513"
"TUR","BA:622","UNE_DEAP_SEX_AGE_RT","SEX_T","AGE_5YRBANDS_Y50-54","2013",6.707,,,,"R1:3513"
"TUR","BA:622","UNE_DEAP_SEX_AGE_RT","SEX_T","AGE_5YRBANDS_Y55-59","2013",5.812,,,,"R1:3513"
"TUR","BA:622","UNE_DEAP_SEX_AGE_RT","SEX_T","AGE_5YRBANDS_Y60-64","2013",4.22,,,,"R1:3513"
"TUR","BA:622","UNE_DEAP_SEX_AGE_RT","SEX_T","AGE_5YRBANDS_YGE65","2013",1.125,,,,"R1:3513"
"TUR","BA:622","UNE_DEAP_SEX_AGE_RT","SEX_M","AGE_5YRBANDS_YGE15","2013",8.748,,,,"R1:3513"
"TUR","BA:622","UNE_DEAP_SEX_AGE_RT","SEX_M","AGE_5YRBANDS_Y15-19","2013",15.907,,,,"R1:3513"
"TUR","BA:622","UNE_DEAP_SEX_AGE_RT","SEX_M","AGE_5YRBANDS_Y20-24","2013",17.599,,,,"R1:3513"
"TUR","BA:622","UNE_DEAP_SEX_AGE_RT","SEX_M","AGE_5YRBANDS_Y25-29","2013",10.661,,,,"R1:3513"
"TUR","BA:622","UNE_DEAP_SEX_AGE_RT","SEX_M","AGE_5YRBANDS_Y30-34","2013",7.423,,,,"R1:3513"
"TUR","BA:622","UNE_DEAP_SEX_AGE_RT","SEX_M","AGE_5YRBANDS_Y35-39","2013",6.602,,,,"R1:3513"
"TUR","BA:622","UNE_DEAP_SEX_AGE_RT","SEX_M","AGE_5YRBANDS_Y40-44","2013",6.133,,,,"R1:3513"
"TUR","BA:622","UNE_DEAP_SEX_AGE_RT","SEX_M","AGE_5YRBANDS_Y45-49","2013",6.492,,,,"R1:3513"
"TUR","BA:622","UNE_DEAP_SEX_AGE_RT","SEX_M","AGE_5YRBANDS_Y50-54","2013",7.498,,,,"R1:3513"
"TUR","BA:622","UNE_DEAP_SEX_AGE_RT","SEX_M","AGE_5YRBANDS_Y55-59","2013",6.843,,,,"R1:3513"
"TUR","BA:622","UNE_DEAP_SEX_AGE_RT","SEX_M","AGE_5YRBANDS_Y60-64","2013",5.322,,,,"R1:3513"
"TUR","BA:622","UNE_DEAP_SEX_AGE_RT","SEX_M","AGE_5YRBANDS_YGE65","2013",1.514,,,,"R1:3513"
"TUR","BA:622","UNE_DEAP_SEX_AGE_RT","SEX_F","AGE_5YRBANDS_YGE15","2013",11.906,,,,"R1:3513"
"TUR","BA:622","UNE_DEAP_SEX_AGE_RT","SEX_F","AGE_5YRBANDS_Y15-19","2013",17.488,,,,"R1:3513"
"TUR","BA:622","UNE_DEAP_SEX_AGE_RT","SEX_F","AGE_5YRBANDS_Y20-24","2013",23.928,,,,"R1:3513"
"TUR","BA:622","UNE_DEAP_SEX_AGE_RT","SEX_F","AGE_5YRBANDS_Y25-29","2013",17.082,,,,"R1:3513"
"TUR","BA:622","UNE_DEAP_SEX_AGE_RT","SEX_F","AGE_5YRBANDS_Y30-34","2013",11.89,,,,"R1:3513"
"TUR","BA:622","UNE_DEAP_SEX_AGE_RT","SEX_F","AGE_5YRBANDS_Y35-39","2013",10.47,,,,"R1:3513"
"TUR","BA:622","UNE_DEAP_SEX_AGE_RT","SEX_F","AGE_5YRBANDS_Y40-44","2013",7.9,,,,"R1:3513"
"TUR","BA:622","UNE_DEAP_SEX_AGE_RT","SEX_F","AGE_5YRBANDS_Y45-49","2013",6.078,,,,"R1:3513"
"TUR","BA:622","UNE_DEAP_SEX_AGE_RT","SEX_F","AGE_5YRBANDS_Y50-54","2013",4.656,,,,"R1:3513"
"TUR","BA:622","UNE_DEAP_SEX_AGE_RT","SEX_F","AGE_5YRBANDS_Y55-59","2013",3.171,,,,"R1:3513"
"TUR","BA:622","UNE_DEAP_SEX_AGE_RT","SEX_F","AGE_5YRBANDS_Y60-64","2013",1.631,,,,"R1:3513"
"TUR","BA:622","UNE_DEAP_SEX_AGE_RT","SEX_F","AGE_5YRBANDS_YGE65","2013",,"U",,,"R1:3513"
"TUR","BA:622","UNE_DEAP_SEX_AGE_RT","SEX_T","AGE_YTHADULT_YGE15","2012",9.21,,,,"R1:3513"
"TUR","BA:622","UNE_DEAP_SEX_AGE_RT","SEX_T","AGE_YTHADULT_Y15-64","2012",9.413,,,,"R1:3513"
"TUR","BA:622","UNE_DEAP_SEX_AGE_RT","SEX_T","AGE_YTHADULT_Y15-24","2012",17.529,,,,"R1:3513"
"TUR","BA:622","UNE_DEAP_SEX_AGE_RT","SEX_T","AGE_YTHADULT_YGE25","2012",7.604,,,,"R1:3513"
"TUR","BA:622","UNE_DEAP_SEX_AGE_RT","SEX_M","AGE_YTHADULT_YGE15","2012",8.537,,,,"R1:3513"
"TUR","BA:622","UNE_DEAP_SEX_AGE_RT","SEX_M","AGE_YTHADULT_Y15-64","2012",8.719,,,,"R1:3513"
"TUR","BA:622","UNE_DEAP_SEX_AGE_RT","SEX_M","AGE_YTHADULT_Y15-24","2012",16.302,,,,"R1:3513"
"TUR","BA:622","UNE_DEAP_SEX_AGE_RT","SEX_M","AGE_YTHADULT_YGE25","2012",7.146,,,,"R1:3513"
"TUR","BA:622","UNE_DEAP_SEX_AGE_RT","SEX_F","AGE_YTHADULT_YGE15","2012",10.781,,,,"R1:3513"
"TUR","BA:622","UNE_DEAP_SEX_AGE_RT","SEX_F","AGE_YTHADULT_Y15-64","2012",11.033,,,,"R1:3513"
"TUR","BA:622","UNE_DEAP_SEX_AGE_RT","SEX_F","AGE_YTHADULT_Y15-24","2012",19.892,,,,"R1:3513"
"TUR","BA:622","UNE_DEAP_SEX_AGE_RT","SEX_F","AGE_YTHADULT_YGE25","2012",8.718,,,,"R1:3513"
"TUR","BA:622","UNE_DEAP_SEX_AGE_RT","SEX_T","AGE_AGGREGATE_YGE15","2012",9.21,,,,"R1:3513"
"TUR","BA:622","UNE_DEAP_SEX_AGE_RT","SEX_T","AGE_AGGREGATE_Y15-24","2012",17.529,,,,"R1:3513"
"TUR","BA:622","UNE_DEAP_SEX_AGE_RT","SEX_T","AGE_AGGREGATE_Y25-54","2012",8.114,,,,"R1:3513"
"TUR","BA:622","UNE_DEAP_SEX_AGE_RT","SEX_T","AGE_AGGREGATE_Y55-64","2012",4.574,,,,"R1:3513"
"TUR","BA:622","UNE_DEAP_SEX_AGE_RT","SEX_T","AGE_AGGREGATE_YGE65","2012",0.915,,,,"R1:3513"
"TUR","BA:622","UNE_DEAP_SEX_AGE_RT","SEX_M","AGE_AGGREGATE_YGE15","2012",8.537,,,,"R1:3513"
"TUR","BA:622","UNE_DEAP_SEX_AGE_RT","SEX_M","AGE_AGGREGATE_Y15-24","2012",16.302,,,,"R1:3513"
"TUR","BA:622","UNE_DEAP_SEX_AGE_RT","SEX_M","AGE_AGGREGATE_Y25-54","2012",7.489,,,,"R1:3513"
"TUR","BA:622","UNE_DEAP_SEX_AGE_RT","SEX_M","AGE_AGGREGATE_Y55-64","2012",5.62,,,,"R1:3513"
"TUR","BA:622","UNE_DEAP_SEX_AGE_RT","SEX_M","AGE_AGGREGATE_YGE65","2012",1.201,,,,"R1:3513"
"TUR","BA:622","UNE_DEAP_SEX_AGE_RT","SEX_F","AGE_AGGREGATE_YGE15","2012",10.781,,,,"R1:3513"
"TUR","BA:622","UNE_DEAP_SEX_AGE_RT","SEX_F","AGE_AGGREGATE_Y15-24","2012",19.892,,,,"R1:3513"
"TUR","BA:622","UNE_DEAP_SEX_AGE_RT","SEX_F","AGE_AGGREGATE_Y25-54","2012",9.625,,,,"R1:3513"
"TUR","BA:622","UNE_DEAP_SEX_AGE_RT","SEX_F","AGE_AGGREGATE_Y55-64","2012",1.877,,,,"R1:3513"
"TUR","BA:622","UNE_DEAP_SEX_AGE_RT","SEX_F","AGE_AGGREGATE_YGE65","2012",,"U",,,"R1:3513"
"TUR","BA:622","UNE_DEAP_SEX_AGE_RT","SEX_T","AGE_10YRBANDS_YGE15","2012",9.21,,,,"R1:3513"
"TUR","BA:622","UNE_DEAP_SEX_AGE_RT","SEX_T","AGE_10YRBANDS_Y15-24","2012",17.529,,,,"R1:3513"
"TUR","BA:622","UNE_DEAP_SEX_AGE_RT","SEX_T","AGE_10YRBANDS_Y25-34","2012",10.195,,,,"R1:3513"
"TUR","BA:622","UNE_DEAP_SEX_AGE_RT","SEX_T","AGE_10YRBANDS_Y35-44","2012",6.7,,,,"R1:3513"
"TUR","BA:622","UNE_DEAP_SEX_AGE_RT","SEX_T","AGE_10YRBANDS_Y45-54","2012",6.546,,,,"R1:3513"
"TUR","BA:622","UNE_DEAP_SEX_AGE_RT","SEX_T","AGE_10YRBANDS_Y55-64","2012",4.574,,,,"R1:3513"
"TUR","BA:622","UNE_DEAP_SEX_AGE_RT","SEX_T","AGE_10YRBANDS_YGE65","2012",0.915,,,,"R1:3513"
"TUR","BA:622","UNE_DEAP_SEX_AGE_RT","SEX_M","AGE_10YRBANDS_YGE15","2012",8.537,,,,"R1:3513"
"TUR","BA:622","UNE_DEAP_SEX_AGE_RT","SEX_M","AGE_10YRBANDS_Y15-24","2012",16.302,,,,"R1:3513"
"TUR","BA:622","UNE_DEAP_SEX_AGE_RT","SEX_M","AGE_10YRBANDS_Y25-34","2012",8.694,,,,"R1:3513"
"TUR","BA:622","UNE_DEAP_SEX_AGE_RT","SEX_M","AGE_10YRBANDS_Y35-44","2012",6.221,,,,"R1:3513"
"TUR","BA:622","UNE_DEAP_SEX_AGE_RT","SEX_M","AGE_10YRBANDS_Y45-54","2012",7.292,,,,"R1:3513"
"TUR","BA:622","UNE_DEAP_SEX_AGE_RT","SEX_M","AGE_10YRBANDS_Y55-64","2012",5.62,,,,"R1:3513"
"TUR","BA:622","UNE_DEAP_SEX_AGE_RT","SEX_M","AGE_10YRBANDS_YGE65","2012",1.201,,,,"R1:3513"
"TUR","BA:622","UNE_DEAP_SEX_AGE_RT","SEX_F","AGE_10YRBANDS_YGE15","2012",10.781,,,,"R1:3513"
"TUR","BA:622","UNE_DEAP_SEX_AGE_RT","SEX_F","AGE_10YRBANDS_Y15-24","2012",19.892,,,,"R1:3513"
"TUR","BA:622","UNE_DEAP_SEX_AGE_RT","SEX_F","AGE_10YRBANDS_Y25-34","2012",13.71,,,,"R1:3513"
"TUR","BA:622","UNE_DEAP_SEX_AGE_RT","SEX_F","AGE_10YRBANDS_Y35-44","2012",7.842,,,,"R1:3513"
"TUR","BA:622","UNE_DEAP_SEX_AGE_RT","SEX_F","AGE_10YRBANDS_Y45-54","2012",4.583,,,,"R1:3513"
"TUR","BA:622","UNE_DEAP_SEX_AGE_RT","SEX_F","AGE_10YRBANDS_Y55-64","2012",1.877,,,,"R1:3513"
"TUR","BA:622","UNE_DEAP_SEX_AGE_RT","SEX_F","AGE_10YRBANDS_YGE65","2012",,"U",,,"R1:3513"
"TUR","BA:622","UNE_DEAP_SEX_AGE_RT","SEX_T","AGE_5YRBANDS_YGE15","2012",9.21,,,,"R1:3513"
"TUR","BA:622","UNE_DEAP_SEX_AGE_RT","SEX_T","AGE_5YRBANDS_Y15-19","2012",14.909,,,,"R1:3513"
"TUR","BA:622","UNE_DEAP_SEX_AGE_RT","SEX_T","AGE_5YRBANDS_Y20-24","2012",18.976,,,,"R1:3513"
"TUR","BA:622","UNE_DEAP_SEX_AGE_RT","SEX_T","AGE_5YRBANDS_Y25-29","2012",12.244,,,,"R1:3513"
"TUR","BA:622","UNE_DEAP_SEX_AGE_RT","SEX_T","AGE_5YRBANDS_Y30-34","2012",8.256,,,,"R1:3513"
"TUR","BA:622","UNE_DEAP_SEX_AGE_RT","SEX_T","AGE_5YRBANDS_Y35-39","2012",6.905,,,,"R1:3513"
"TUR","BA:622","UNE_DEAP_SEX_AGE_RT","SEX_T","AGE_5YRBANDS_Y40-44","2012",6.476,,,,"R1:3513"
"TUR","BA:622","UNE_DEAP_SEX_AGE_RT","SEX_T","AGE_5YRBANDS_Y45-49","2012",6.679,,,,"R1:3513"
"TUR","BA:622","UNE_DEAP_SEX_AGE_RT","SEX_T","AGE_5YRBANDS_Y50-54","2012",6.359,,,,"R1:3513"
"TUR","BA:622","UNE_DEAP_SEX_AGE_RT","SEX_T","AGE_5YRBANDS_Y55-59","2012",5.346,,,,"R1:3513"
"TUR","BA:622","UNE_DEAP_SEX_AGE_RT","SEX_T","AGE_5YRBANDS_Y60-64","2012",3.267,,,,"R1:3513"
"TUR","BA:622","UNE_DEAP_SEX_AGE_RT","SEX_T","AGE_5YRBANDS_YGE65","2012",0.915,,,,"R1:3513"
"TUR","BA:622","UNE_DEAP_SEX_AGE_RT","SEX_M","AGE_5YRBANDS_YGE15","2012",8.537,,,,"R1:3513"
"TUR","BA:622","UNE_DEAP_SEX_AGE_RT","SEX_M","AGE_5YRBANDS_Y15-19","2012",14.911,,,,"R1:3513"
"TUR","BA:622","UNE_DEAP_SEX_AGE_RT","SEX_M","AGE_5YRBANDS_Y20-24","2012",17.14,,,,"R1:3513"
"TUR","BA:622","UNE_DEAP_SEX_AGE_RT","SEX_M","AGE_5YRBANDS_Y25-29","2012",10.365,,,,"R1:3513"
"TUR","BA:622","UNE_DEAP_SEX_AGE_RT","SEX_M","AGE_5YRBANDS_Y30-34","2012",7.14,,,,"R1:3513"
"TUR","BA:622","UNE_DEAP_SEX_AGE_RT","SEX_M","AGE_5YRBANDS_Y35-39","2012",6.126,,,,"R1:3513"
"TUR","BA:622","UNE_DEAP_SEX_AGE_RT","SEX_M","AGE_5YRBANDS_Y40-44","2012",6.325,,,,"R1:3513"
"TUR","BA:622","UNE_DEAP_SEX_AGE_RT","SEX_M","AGE_5YRBANDS_Y45-49","2012",7.295,,,,"R1:3513"
"TUR","BA:622","UNE_DEAP_SEX_AGE_RT","SEX_M","AGE_5YRBANDS_Y50-54","2012",7.287,,,,"R1:3513"
"TUR","BA:622","UNE_DEAP_SEX_AGE_RT","SEX_M","AGE_5YRBANDS_Y55-59","2012",6.385,,,,"R1:3513"
"TUR","BA:622","UNE_DEAP_SEX_AGE_RT","SEX_M","AGE_5YRBANDS_Y60-64","2012",4.302,,,,"R1:3513"
"TUR","BA:622","UNE_DEAP_SEX_AGE_RT","SEX_M","AGE_5YRBANDS_YGE65","2012",1.201,,,,"R1:3513"
"TUR","BA:622","UNE_DEAP_SEX_AGE_RT","SEX_F","AGE_5YRBANDS_YGE15","2012",10.781,,,,"R1:3513"
"TUR","BA:622","UNE_DEAP_SEX_AGE_RT","SEX_F","AGE_5YRBANDS_Y15-19","2012",14.904,,,,"R1:3513"
"TUR","BA:622","UNE_DEAP_SEX_AGE_RT","SEX_F","AGE_5YRBANDS_Y20-24","2012",22.197,,,,"R1:3513"
"TUR","BA:622","UNE_DEAP_SEX_AGE_RT","SEX_F","AGE_5YRBANDS_Y25-29","2012",16.506,,,,"R1:3513"
"TUR","BA:622","UNE_DEAP_SEX_AGE_RT","SEX_F","AGE_5YRBANDS_Y30-34","2012",10.947,,,,"R1:3513"
"TUR","BA:622","UNE_DEAP_SEX_AGE_RT","SEX_F","AGE_5YRBANDS_Y35-39","2012",8.772,,,,"R1:3513"
"TUR","BA:622","UNE_DEAP_SEX_AGE_RT","SEX_F","AGE_5YRBANDS_Y40-44","2012",6.832,,,,"R1:3513"
"TUR","BA:622","UNE_DEAP_SEX_AGE_RT","SEX_F","AGE_5YRBANDS_Y45-49","2012",5.048,,,,"R1:3513"
"TUR","BA:622","UNE_DEAP_SEX_AGE_RT","SEX_F","AGE_5YRBANDS_Y50-54","2012",3.932,,,,"R1:3513"
"TUR","BA:622","UNE_DEAP_SEX_AGE_RT","SEX_F","AGE_5YRBANDS_Y55-59","2012",2.6,,,,"R1:3513"
"TUR","BA:622","UNE_DEAP_SEX_AGE_RT","SEX_F","AGE_5YRBANDS_Y60-64","2012",0.711,"U",,,"R1:3513"
"TUR","BA:622","UNE_DEAP_SEX_AGE_RT","SEX_F","AGE_5YRBANDS_YGE65","2012",,"U",,,"R1:3513"
"TUR","BA:622","UNE_DEAP_SEX_AGE_RT","SEX_T","AGE_YTHADULT_YGE15","2011",9.784,,,,"R1:3513"
"TUR","BA:622","UNE_DEAP_SEX_AGE_RT","SEX_T","AGE_YTHADULT_Y15-64","2011",10.001,,,,"R1:3513"
"TUR","BA:622","UNE_DEAP_SEX_AGE_RT","SEX_T","AGE_YTHADULT_Y15-24","2011",18.372,,,,"R1:3513"
"TUR","BA:622","UNE_DEAP_SEX_AGE_RT","SEX_T","AGE_YTHADULT_YGE25","2011",8.032,,,,"R1:3513"
"TUR","BA:622","UNE_DEAP_SEX_AGE_RT","SEX_M","AGE_YTHADULT_YGE15","2011",9.167,,,,"R1:3513"
"TUR","BA:622","UNE_DEAP_SEX_AGE_RT","SEX_M","AGE_YTHADULT_Y15-64","2011",9.358,,,,"R1:3513"
"TUR","BA:622","UNE_DEAP_SEX_AGE_RT","SEX_M","AGE_YTHADULT_Y15-24","2011",17.116,,,,"R1:3513"
"TUR","BA:622","UNE_DEAP_SEX_AGE_RT","SEX_M","AGE_YTHADULT_YGE25","2011",7.693,,,,"R1:3513"
"TUR","BA:622","UNE_DEAP_SEX_AGE_RT","SEX_F","AGE_YTHADULT_YGE15","2011",11.266,,,,"R1:3513"
"TUR","BA:622","UNE_DEAP_SEX_AGE_RT","SEX_F","AGE_YTHADULT_Y15-64","2011",11.543,,,,"R1:3513"
"TUR","BA:622","UNE_DEAP_SEX_AGE_RT","SEX_F","AGE_YTHADULT_Y15-24","2011",20.724,,,,"R1:3513"
"TUR","BA:622","UNE_DEAP_SEX_AGE_RT","SEX_F","AGE_YTHADULT_YGE25","2011",8.89,,,,"R1:3513"
"TUR","BA:622","UNE_DEAP_SEX_AGE_RT","SEX_T","AGE_AGGREGATE_YGE15","2011",9.784,,,,"R1:3513"
"TUR","BA:622","UNE_DEAP_SEX_AGE_RT","SEX_T","AGE_AGGREGATE_Y15-24","2011",18.372,,,,"R1:3513"
"TUR","BA:622","UNE_DEAP_SEX_AGE_RT","SEX_T","AGE_AGGREGATE_Y25-54","2011",8.557,,,,"R1:3513"
"TUR","BA:622","UNE_DEAP_SEX_AGE_RT","SEX_T","AGE_AGGREGATE_Y55-64","2011",4.876,,,,"R1:3513"
"TUR","BA:622","UNE_DEAP_SEX_AGE_RT","SEX_T","AGE_AGGREGATE_YGE65","2011",1.198,,,,"R1:3513"
"TUR","BA:622","UNE_DEAP_SEX_AGE_RT","SEX_M","AGE_AGGREGATE_YGE15","2011",9.167,,,,"R1:3513"
"TUR","BA:622","UNE_DEAP_SEX_AGE_RT","SEX_M","AGE_AGGREGATE_Y15-24","2011",17.116,,,,"R1:3513"
"TUR","BA:622","UNE_DEAP_SEX_AGE_RT","SEX_M","AGE_AGGREGATE_Y25-54","2011",8.039,,,,"R1:3513"
"TUR","BA:622","UNE_DEAP_SEX_AGE_RT","SEX_M","AGE_AGGREGATE_Y55-64","2011",6.15,,,,"R1:3513"
"TUR","BA:622","UNE_DEAP_SEX_AGE_RT","SEX_M","AGE_AGGREGATE_YGE65","2011",1.63,,,,"R1:3513"
"TUR","BA:622","UNE_DEAP_SEX_AGE_RT","SEX_F","AGE_AGGREGATE_YGE15","2011",11.266,,,,"R1:3513"
"TUR","BA:622","UNE_DEAP_SEX_AGE_RT","SEX_F","AGE_AGGREGATE_Y15-24","2011",20.724,,,,"R1:3513"
"TUR","BA:622","UNE_DEAP_SEX_AGE_RT","SEX_F","AGE_AGGREGATE_Y25-54","2011",9.871,,,,"R1:3513"
"TUR","BA:622","UNE_DEAP_SEX_AGE_RT","SEX_F","AGE_AGGREGATE_Y55-64","2011",1.637,,,,"R1:3513"
"TUR","BA:622","UNE_DEAP_SEX_AGE_RT","SEX_F","AGE_AGGREGATE_YGE65","2011",,"U",,,"R1:3513"
"TUR","BA:622","UNE_DEAP_SEX_AGE_RT","SEX_T","AGE_10YRBANDS_YGE15","2011",9.784,,,,"R1:3513"
"TUR","BA:622","UNE_DEAP_SEX_AGE_RT","SEX_T","AGE_10YRBANDS_Y15-24","2011",18.372,,,,"R1:3513"
"TUR","BA:622","UNE_DEAP_SEX_AGE_RT","SEX_T","AGE_10YRBANDS_Y25-34","2011",10.542,,,,"R1:3513"
"TUR","BA:622","UNE_DEAP_SEX_AGE_RT","SEX_T","AGE_10YRBANDS_Y35-44","2011",7.288,,,,"R1:3513"
"TUR","BA:622","UNE_DEAP_SEX_AGE_RT","SEX_T","AGE_10YRBANDS_Y45-54","2011",6.883,,,,"R1:3513"
"TUR","BA:622","UNE_DEAP_SEX_AGE_RT","SEX_T","AGE_10YRBANDS_Y55-64","2011",4.876,,,,"R1:3513"
"TUR","BA:622","UNE_DEAP_SEX_AGE_RT","SEX_T","AGE_10YRBANDS_YGE65","2011",1.198,,,,"R1:3513"
"TUR","BA:622","UNE_DEAP_SEX_AGE_RT","SEX_M","AGE_10YRBANDS_YGE15","2011",9.167,,,,"R1:3513"
"TUR","BA:622","UNE_DEAP_SEX_AGE_RT","SEX_M","AGE_10YRBANDS_Y15-24","2011",17.116,,,,"R1:3513"
"TUR","BA:622","UNE_DEAP_SEX_AGE_RT","SEX_M","AGE_10YRBANDS_Y25-34","2011",9.316,,,,"R1:3513"
"TUR","BA:622","UNE_DEAP_SEX_AGE_RT","SEX_M","AGE_10YRBANDS_Y35-44","2011",6.868,,,,"R1:3513"
"TUR","BA:622","UNE_DEAP_SEX_AGE_RT","SEX_M","AGE_10YRBANDS_Y45-54","2011",7.522,,,,"R1:3513"
"TUR","BA:622","UNE_DEAP_SEX_AGE_RT","SEX_M","AGE_10YRBANDS_Y55-64","2011",6.15,,,,"R1:3513"
"TUR","BA:622","UNE_DEAP_SEX_AGE_RT","SEX_M","AGE_10YRBANDS_YGE65","2011",1.63,,,,"R1:3513"
"TUR","BA:622","UNE_DEAP_SEX_AGE_RT","SEX_F","AGE_10YRBANDS_YGE15","2011",11.266,,,,"R1:3513"
"TUR","BA:622","UNE_DEAP_SEX_AGE_RT","SEX_F","AGE_10YRBANDS_Y15-24","2011",20.724,,,,"R1:3513"
"TUR","BA:622","UNE_DEAP_SEX_AGE_RT","SEX_F","AGE_10YRBANDS_Y25-34","2011",13.598,,,,"R1:3513"
"TUR","BA:622","UNE_DEAP_SEX_AGE_RT","SEX_F","AGE_10YRBANDS_Y35-44","2011",8.33,,,,"R1:3513"
"TUR","BA:622","UNE_DEAP_SEX_AGE_RT","SEX_F","AGE_10YRBANDS_Y45-54","2011",5.148,,,,"R1:3513"
"TUR","BA:622","UNE_DEAP_SEX_AGE_RT","SEX_F","AGE_10YRBANDS_Y55-64","2011",1.637,,,,"R1:3513"
"TUR","BA:622","UNE_DEAP_SEX_AGE_RT","SEX_F","AGE_10YRBANDS_YGE65","2011",,"U",,,"R1:3513"
"TUR","BA:622","UNE_DEAP_SEX_AGE_RT","SEX_T","AGE_5YRBANDS_YGE15","2011",9.784,,,,"R1:3513"
"TUR","BA:622","UNE_DEAP_SEX_AGE_RT","SEX_T","AGE_5YRBANDS_Y15-19","2011",15.784,,,,"R1:3513"
"TUR","BA:622","UNE_DEAP_SEX_AGE_RT","SEX_T","AGE_5YRBANDS_Y20-24","2011",19.837,,,,"R1:3513"
"TUR","BA:622","UNE_DEAP_SEX_AGE_RT","SEX_T","AGE_5YRBANDS_Y25-29","2011",12.504,,,,"R1:3513"
"TUR","BA:622","UNE_DEAP_SEX_AGE_RT","SEX_T","AGE_5YRBANDS_Y30-34","2011",8.613,,,,"R1:3513"
"TUR","BA:622","UNE_DEAP_SEX_AGE_RT","SEX_T","AGE_5YRBANDS_Y35-39","2011",7.539,,,,"R1:3513"
"TUR","BA:622","UNE_DEAP_SEX_AGE_RT","SEX_T","AGE_5YRBANDS_Y40-44","2011",7.007,,,,"R1:3513"
"TUR","BA:622","UNE_DEAP_SEX_AGE_RT","SEX_T","AGE_5YRBANDS_Y45-49","2011",6.95,,,,"R1:3513"
"TUR","BA:622","UNE_DEAP_SEX_AGE_RT","SEX_T","AGE_5YRBANDS_Y50-54","2011",6.788,,,,"R1:3513"
"TUR","BA:622","UNE_DEAP_SEX_AGE_RT","SEX_T","AGE_5YRBANDS_Y55-59","2011",5.906,,,,"R1:3513"
"TUR","BA:622","UNE_DEAP_SEX_AGE_RT","SEX_T","AGE_5YRBANDS_Y60-64","2011",3.097,,,,"R1:3513"
"TUR","BA:622","UNE_DEAP_SEX_AGE_RT","SEX_T","AGE_5YRBANDS_YGE65","2011",1.198,,,,"R1:3513"
"TUR","BA:622","UNE_DEAP_SEX_AGE_RT","SEX_M","AGE_5YRBANDS_YGE15","2011",9.167,,,,"R1:3513"
"TUR","BA:622","UNE_DEAP_SEX_AGE_RT","SEX_M","AGE_5YRBANDS_Y15-19","2011",15.923,,,,"R1:3513"
"TUR","BA:622","UNE_DEAP_SEX_AGE_RT","SEX_M","AGE_5YRBANDS_Y20-24","2011",17.847,,,,"R1:3513"
"TUR","BA:622","UNE_DEAP_SEX_AGE_RT","SEX_M","AGE_5YRBANDS_Y25-29","2011",11.134,,,,"R1:3513"
"TUR","BA:622","UNE_DEAP_SEX_AGE_RT","SEX_M","AGE_5YRBANDS_Y30-34","2011",7.559,,,,"R1:3513"
"TUR","BA:622","UNE_DEAP_SEX_AGE_RT","SEX_M","AGE_5YRBANDS_Y35-39","2011",6.775,,,,"R1:3513"
"TUR","BA:622","UNE_DEAP_SEX_AGE_RT","SEX_M","AGE_5YRBANDS_Y40-44","2011",6.971,,,,"R1:3513"
"TUR","BA:622","UNE_DEAP_SEX_AGE_RT","SEX_M","AGE_5YRBANDS_Y45-49","2011",7.407,,,,"R1:3513"
"TUR","BA:622","UNE_DEAP_SEX_AGE_RT","SEX_M","AGE_5YRBANDS_Y50-54","2011",7.686,,,,"R1:3513"
"TUR","BA:622","UNE_DEAP_SEX_AGE_RT","SEX_M","AGE_5YRBANDS_Y55-59","2011",7.361,,,,"R1:3513"
"TUR","BA:622","UNE_DEAP_SEX_AGE_RT","SEX_M","AGE_5YRBANDS_Y60-64","2011",4.017,,,,"R1:3513"
"TUR","BA:622","UNE_DEAP_SEX_AGE_RT","SEX_M","AGE_5YRBANDS_YGE65","2011",1.63,,,,"R1:3513"
"TUR","BA:622","UNE_DEAP_SEX_AGE_RT","SEX_F","AGE_5YRBANDS_YGE15","2011",11.266,,,,"R1:3513"
"TUR","BA:622","UNE_DEAP_SEX_AGE_RT","SEX_F","AGE_5YRBANDS_Y15-19","2011",15.482,,,,"R1:3513"
"TUR","BA:622","UNE_DEAP_SEX_AGE_RT","SEX_F","AGE_5YRBANDS_Y20-24","2011",23.26,,,,"R1:3513"
"TUR","BA:622","UNE_DEAP_SEX_AGE_RT","SEX_F","AGE_5YRBANDS_Y25-29","2011",15.81,,,,"R1:3513"
"TUR","BA:622","UNE_DEAP_SEX_AGE_RT","SEX_F","AGE_5YRBANDS_Y30-34","2011",11.323,,,,"R1:3513"
"TUR","BA:622","UNE_DEAP_SEX_AGE_RT","SEX_F","AGE_5YRBANDS_Y35-39","2011",9.42,,,,"R1:3513"
"TUR","BA:622","UNE_DEAP_SEX_AGE_RT","SEX_F","AGE_5YRBANDS_Y40-44","2011",7.097,,,,"R1:3513"
"TUR","BA:622","UNE_DEAP_SEX_AGE_RT","SEX_F","AGE_5YRBANDS_Y45-49","2011",5.717,,,,"R1:3513"
"TUR","BA:622","UNE_DEAP_SEX_AGE_RT","SEX_F","AGE_5YRBANDS_Y50-54","2011",4.325,,,,"R1:3513"
"TUR","BA:622","UNE_DEAP_SEX_AGE_RT","SEX_F","AGE_5YRBANDS_Y55-59","2011",2.11,,,,"R1:3513"
"TUR","BA:622","UNE_DEAP_SEX_AGE_RT","SEX_F","AGE_5YRBANDS_Y60-64","2011",0.857,"U",,,"R1:3513"
"TUR","BA:622","UNE_DEAP_SEX_AGE_RT","SEX_F","AGE_5YRBANDS_YGE65","2011",,"U",,,"R1:3513"
"TUR","BA:622","UNE_DEAP_SEX_AGE_RT","SEX_T","AGE_YTHADULT_YGE15","2010",11.881,,,,"R1:3513"
"TUR","BA:622","UNE_DEAP_SEX_AGE_RT","SEX_T","AGE_YTHADULT_Y15-64","2010",12.129,,,,"R1:3513"
"TUR","BA:622","UNE_DEAP_SEX_AGE_RT","SEX_T","AGE_YTHADULT_Y15-24","2010",21.718,,,,"R1:3513"
"TUR","BA:622","UNE_DEAP_SEX_AGE_RT","SEX_T","AGE_YTHADULT_YGE25","2010",9.829,,,,"R1:3513"
"TUR","BA:622","UNE_DEAP_SEX_AGE_RT","SEX_M","AGE_YTHADULT_YGE15","2010",11.435,,,,"R1:3513"
"TUR","BA:622","UNE_DEAP_SEX_AGE_RT","SEX_M","AGE_YTHADULT_Y15-64","2010",11.663,,,,"R1:3513"
"TUR","BA:622","UNE_DEAP_SEX_AGE_RT","SEX_M","AGE_YTHADULT_Y15-24","2010",21.013,,,,"R1:3513"
"TUR","BA:622","UNE_DEAP_SEX_AGE_RT","SEX_M","AGE_YTHADULT_YGE25","2010",9.647,,,,"R1:3513"
"TUR","BA:622","UNE_DEAP_SEX_AGE_RT","SEX_F","AGE_YTHADULT_YGE15","2010",12.983,,,,"R1:3513"
"TUR","BA:622","UNE_DEAP_SEX_AGE_RT","SEX_F","AGE_YTHADULT_Y15-64","2010",13.28,,,,"R1:3513"
"TUR","BA:622","UNE_DEAP_SEX_AGE_RT","SEX_F","AGE_YTHADULT_Y15-24","2010",23.021,,,,"R1:3513"
"TUR","BA:622","UNE_DEAP_SEX_AGE_RT","SEX_F","AGE_YTHADULT_YGE25","2010",10.309,,,,"R1:3513"
"TUR","BA:622","UNE_DEAP_SEX_AGE_RT","SEX_T","AGE_AGGREGATE_YGE15","2010",11.881,,,,"R1:3513"
"TUR","BA:622","UNE_DEAP_SEX_AGE_RT","SEX_T","AGE_AGGREGATE_Y15-24","2010",21.718,,,,"R1:3513"
"TUR","BA:622","UNE_DEAP_SEX_AGE_RT","SEX_T","AGE_AGGREGATE_Y25-54","2010",10.444,,,,"R1:3513"
"TUR","BA:622","UNE_DEAP_SEX_AGE_RT","SEX_T","AGE_AGGREGATE_Y55-64","2010",5.867,,,,"R1:3513"
"TUR","BA:622","UNE_DEAP_SEX_AGE_RT","SEX_T","AGE_AGGREGATE_YGE65","2010",1.538,,,,"R1:3513"
"TUR","BA:622","UNE_DEAP_SEX_AGE_RT","SEX_M","AGE_AGGREGATE_YGE15","2010",11.435,,,,"R1:3513"
"TUR","BA:622","UNE_DEAP_SEX_AGE_RT","SEX_M","AGE_AGGREGATE_Y15-24","2010",21.013,,,,"R1:3513"
"TUR","BA:622","UNE_DEAP_SEX_AGE_RT","SEX_M","AGE_AGGREGATE_Y25-54","2010",10.066,,,,"R1:3513"
"TUR","BA:622","UNE_DEAP_SEX_AGE_RT","SEX_M","AGE_AGGREGATE_Y55-64","2010",7.589,,,,"R1:3513"
"TUR","BA:622","UNE_DEAP_SEX_AGE_RT","SEX_M","AGE_AGGREGATE_YGE65","2010",2.084,,,,"R1:3513"
"TUR","BA:622","UNE_DEAP_SEX_AGE_RT","SEX_F","AGE_AGGREGATE_YGE15","2010",12.983,,,,"R1:3513"
"TUR","BA:622","UNE_DEAP_SEX_AGE_RT","SEX_F","AGE_AGGREGATE_Y15-24","2010",23.021,,,,"R1:3513"
"TUR","BA:622","UNE_DEAP_SEX_AGE_RT","SEX_F","AGE_AGGREGATE_Y25-54","2010",11.442,,,,"R1:3513"
"TUR","BA:622","UNE_DEAP_SEX_AGE_RT","SEX_F","AGE_AGGREGATE_Y55-64","2010",1.495,,,,"R1:3513"
"TUR","BA:622","UNE_DEAP_SEX_AGE_RT","SEX_F","AGE_AGGREGATE_YGE65","2010",,"U",,,"R1:3513"
"TUR","BA:622","UNE_DEAP_SEX_AGE_RT","SEX_T","AGE_10YRBANDS_YGE15","2010",11.881,,,,"R1:3513"
"TUR","BA:622","UNE_DEAP_SEX_AGE_RT","SEX_T","AGE_10YRBANDS_Y15-24","2010",21.718,,,,"R1:3513"
"TUR","BA:622","UNE_DEAP_SEX_AGE_RT","SEX_T","AGE_10YRBANDS_Y25-34","2010",12.601,,,,"R1:3513"
"TUR","BA:622","UNE_DEAP_SEX_AGE_RT","SEX_T","AGE_10YRBANDS_Y35-44","2010",9.099,,,,"R1:3513"
"TUR","BA:622","UNE_DEAP_SEX_AGE_RT","SEX_T","AGE_10YRBANDS_Y45-54","2010",8.465,,,,"R1:3513"
"TUR","BA:622","UNE_DEAP_SEX_AGE_RT","SEX_T","AGE_10YRBANDS_Y55-64","2010",5.867,,,,"R1:3513"
"TUR","BA:622","UNE_DEAP_SEX_AGE_RT","SEX_T","AGE_10YRBANDS_YGE65","2010",1.538,,,,"R1:3513"
"TUR","BA:622","UNE_DEAP_SEX_AGE_RT","SEX_M","AGE_10YRBANDS_YGE15","2010",11.435,,,,"R1:3513"
"TUR","BA:622","UNE_DEAP_SEX_AGE_RT","SEX_M","AGE_10YRBANDS_Y15-24","2010",21.013,,,,"R1:3513"
"TUR","BA:622","UNE_DEAP_SEX_AGE_RT","SEX_M","AGE_10YRBANDS_Y25-34","2010",11.508,,,,"R1:3513"
"TUR","BA:622","UNE_DEAP_SEX_AGE_RT","SEX_M","AGE_10YRBANDS_Y35-44","2010",8.854,,,,"R1:3513"
"TUR","BA:622","UNE_DEAP_SEX_AGE_RT","SEX_M","AGE_10YRBANDS_Y45-54","2010",9.287,,,,"R1:3513"
"TUR","BA:622","UNE_DEAP_SEX_AGE_RT","SEX_M","AGE_10YRBANDS_Y55-64","2010",7.589,,,,"R1:3513"
"TUR","BA:622","UNE_DEAP_SEX_AGE_RT","SEX_M","AGE_10YRBANDS_YGE65","2010",2.084,,,,"R1:3513"
"TUR","BA:622","UNE_DEAP_SEX_AGE_RT","SEX_F","AGE_10YRBANDS_YGE15","2010",12.983,,,,"R1:3513"
"TUR","BA:622","UNE_DEAP_SEX_AGE_RT","SEX_F","AGE_10YRBANDS_Y15-24","2010",23.021,,,,"R1:3513"
"TUR","BA:622","UNE_DEAP_SEX_AGE_RT","SEX_F","AGE_10YRBANDS_Y25-34","2010",15.394,,,,"R1:3513"
"TUR","BA:622","UNE_DEAP_SEX_AGE_RT","SEX_F","AGE_10YRBANDS_Y35-44","2010",9.736,,,,"R1:3513"
"TUR","BA:622","UNE_DEAP_SEX_AGE_RT","SEX_F","AGE_10YRBANDS_Y45-54","2010",6.058,,,,"R1:3513"
"TUR","BA:622","UNE_DEAP_SEX_AGE_RT","SEX_F","AGE_10YRBANDS_Y55-64","2010",1.495,,,,"R1:3513"
"TUR","BA:622","UNE_DEAP_SEX_AGE_RT","SEX_F","AGE_10YRBANDS_YGE65","2010",,"U",,,"R1:3513"
"TUR","BA:622","UNE_DEAP_SEX_AGE_RT","SEX_T","AGE_5YRBANDS_YGE15","2010",11.881,,,,"R1:3513"
"TUR","BA:622","UNE_DEAP_SEX_AGE_RT","SEX_T","AGE_5YRBANDS_Y15-19","2010",18.815,,,,"R1:3513"
"TUR","BA:622","UNE_DEAP_SEX_AGE_RT","SEX_T","AGE_5YRBANDS_Y20-24","2010",23.467,,,,"R1:3513"
"TUR","BA:622","UNE_DEAP_SEX_AGE_RT","SEX_T","AGE_5YRBANDS_Y25-29","2010",14.855,,,,"R1:3513"
"TUR","BA:622","UNE_DEAP_SEX_AGE_RT","SEX_T","AGE_5YRBANDS_Y30-34","2010",10.298,,,,"R1:3513"
"TUR","BA:622","UNE_DEAP_SEX_AGE_RT","SEX_T","AGE_5YRBANDS_Y35-39","2010",9.601,,,,"R1:3513"
"TUR","BA:622","UNE_DEAP_SEX_AGE_RT","SEX_T","AGE_5YRBANDS_Y40-44","2010",8.529,,,,"R1:3513"
"TUR","BA:622","UNE_DEAP_SEX_AGE_RT","SEX_T","AGE_5YRBANDS_Y45-49","2010",8.57,,,,"R1:3513"
"TUR","BA:622","UNE_DEAP_SEX_AGE_RT","SEX_T","AGE_5YRBANDS_Y50-54","2010",8.311,,,,"R1:3513"
"TUR","BA:622","UNE_DEAP_SEX_AGE_RT","SEX_T","AGE_5YRBANDS_Y55-59","2010",6.749,,,,"R1:3513"
"TUR","BA:622","UNE_DEAP_SEX_AGE_RT","SEX_T","AGE_5YRBANDS_Y60-64","2010",4.365,,,,"R1:3513"
"TUR","BA:622","UNE_DEAP_SEX_AGE_RT","SEX_T","AGE_5YRBANDS_YGE65","2010",1.538,,,,"R1:3513"
"TUR","BA:622","UNE_DEAP_SEX_AGE_RT","SEX_M","AGE_5YRBANDS_YGE15","2010",11.435,,,,"R1:3513"
"TUR","BA:622","UNE_DEAP_SEX_AGE_RT","SEX_M","AGE_5YRBANDS_Y15-19","2010",18.956,,,,"R1:3513"
"TUR","BA:622","UNE_DEAP_SEX_AGE_RT","SEX_M","AGE_5YRBANDS_Y20-24","2010",22.392,,,,"R1:3513"
"TUR","BA:622","UNE_DEAP_SEX_AGE_RT","SEX_M","AGE_5YRBANDS_Y25-29","2010",13.57,,,,"R1:3513"
"TUR","BA:622","UNE_DEAP_SEX_AGE_RT","SEX_M","AGE_5YRBANDS_Y30-34","2010",9.474,,,,"R1:3513"
"TUR","BA:622","UNE_DEAP_SEX_AGE_RT","SEX_M","AGE_5YRBANDS_Y35-39","2010",8.971,,,,"R1:3513"
"TUR","BA:622","UNE_DEAP_SEX_AGE_RT","SEX_M","AGE_5YRBANDS_Y40-44","2010",8.721,,,,"R1:3513"
"TUR","BA:622","UNE_DEAP_SEX_AGE_RT","SEX_M","AGE_5YRBANDS_Y45-49","2010",9.322,,,,"R1:3513"
"TUR","BA:622","UNE_DEAP_SEX_AGE_RT","SEX_M","AGE_5YRBANDS_Y50-54","2010",9.235,,,,"R1:3513"
"TUR","BA:622","UNE_DEAP_SEX_AGE_RT","SEX_M","AGE_5YRBANDS_Y55-59","2010",8.669,,,,"R1:3513"
"TUR","BA:622","UNE_DEAP_SEX_AGE_RT","SEX_M","AGE_5YRBANDS_Y60-64","2010",5.715,,,,"R1:3513"
"TUR","BA:622","UNE_DEAP_SEX_AGE_RT","SEX_M","AGE_5YRBANDS_YGE65","2010",2.084,,,,"R1:3513"
"TUR","BA:622","UNE_DEAP_SEX_AGE_RT","SEX_F","AGE_5YRBANDS_YGE15","2010",12.983,,,,"R1:3513"
"TUR","BA:622","UNE_DEAP_SEX_AGE_RT","SEX_F","AGE_5YRBANDS_Y15-19","2010",18.497,,,,"R1:3513"
"TUR","BA:622","UNE_DEAP_SEX_AGE_RT","SEX_F","AGE_5YRBANDS_Y20-24","2010",25.239,,,,"R1:3513"
"TUR","BA:622","UNE_DEAP_SEX_AGE_RT","SEX_F","AGE_5YRBANDS_Y25-29","2010",17.946,,,,"R1:3513"
"TUR","BA:622","UNE_DEAP_SEX_AGE_RT","SEX_F","AGE_5YRBANDS_Y30-34","2010",12.542,,,,"R1:3513"
"TUR","BA:622","UNE_DEAP_SEX_AGE_RT","SEX_F","AGE_5YRBANDS_Y35-39","2010",11.222,,,,"R1:3513"
"TUR","BA:622","UNE_DEAP_SEX_AGE_RT","SEX_F","AGE_5YRBANDS_Y40-44","2010",8.023,,,,"R1:3513"
"TUR","BA:622","UNE_DEAP_SEX_AGE_RT","SEX_F","AGE_5YRBANDS_Y45-49","2010",6.32,,,,"R1:3513"
"TUR","BA:622","UNE_DEAP_SEX_AGE_RT","SEX_F","AGE_5YRBANDS_Y50-54","2010",5.691,,,,"R1:3513"
"TUR","BA:622","UNE_DEAP_SEX_AGE_RT","SEX_F","AGE_5YRBANDS_Y55-59","2010",1.754,,,,"R1:3513"
"TUR","BA:622","UNE_DEAP_SEX_AGE_RT","SEX_F","AGE_5YRBANDS_Y60-64","2010",1.073,"U",,,"R1:3513"
"TUR","BA:622","UNE_DEAP_SEX_AGE_RT","SEX_F","AGE_5YRBANDS_YGE65","2010",,"U",,,"R1:3513"
"TUR","BA:622","UNE_DEAP_SEX_AGE_RT","SEX_T","AGE_YTHADULT_YGE15","2009",14.024,,,,"R1:3513"
"TUR","BA:622","UNE_DEAP_SEX_AGE_RT","SEX_T","AGE_YTHADULT_Y15-64","2009",14.328,,,,"R1:3513"
"TUR","BA:622","UNE_DEAP_SEX_AGE_RT","SEX_T","AGE_YTHADULT_Y15-24","2009",25.277,,,,"R1:3513"
"TUR","BA:622","UNE_DEAP_SEX_AGE_RT","SEX_T","AGE_YTHADULT_YGE25","2009",11.554,,,,"R1:3513"
"TUR","BA:622","UNE_DEAP_SEX_AGE_RT","SEX_M","AGE_YTHADULT_YGE15","2009",13.919,,,,"R1:3513"
"TUR","BA:622","UNE_DEAP_SEX_AGE_RT","SEX_M","AGE_YTHADULT_Y15-64","2009",14.209,,,,"R1:3513"
"TUR","BA:622","UNE_DEAP_SEX_AGE_RT","SEX_M","AGE_YTHADULT_Y15-24","2009",25.412,,,,"R1:3513"
"TUR","BA:622","UNE_DEAP_SEX_AGE_RT","SEX_M","AGE_YTHADULT_YGE25","2009",11.663,,,,"R1:3513"
"TUR","BA:622","UNE_DEAP_SEX_AGE_RT","SEX_F","AGE_YTHADULT_YGE15","2009",14.298,,,,"R1:3513"
"TUR","BA:622","UNE_DEAP_SEX_AGE_RT","SEX_F","AGE_YTHADULT_Y15-64","2009",14.641,,,,"R1:3513"
"TUR","BA:622","UNE_DEAP_SEX_AGE_RT","SEX_F","AGE_YTHADULT_Y15-24","2009",25.016,,,,"R1:3513"
"TUR","BA:622","UNE_DEAP_SEX_AGE_RT","SEX_F","AGE_YTHADULT_YGE25","2009",11.249,,,,"R1:3513"
"TUR","BA:622","UNE_DEAP_SEX_AGE_RT","SEX_T","AGE_AGGREGATE_YGE15","2009",14.024,,,,"R1:3513"
"TUR","BA:622","UNE_DEAP_SEX_AGE_RT","SEX_T","AGE_AGGREGATE_Y15-24","2009",25.277,,,,"R1:3513"
"TUR","BA:622","UNE_DEAP_SEX_AGE_RT","SEX_T","AGE_AGGREGATE_Y25-54","2009",12.318,,,,"R1:3513"
"TUR","BA:622","UNE_DEAP_SEX_AGE_RT","SEX_T","AGE_AGGREGATE_Y55-64","2009",6.414,,,,"R1:3513"
"TUR","BA:622","UNE_DEAP_SEX_AGE_RT","SEX_T","AGE_AGGREGATE_YGE65","2009",1.397,,,,"R1:3513"
"TUR","BA:622","UNE_DEAP_SEX_AGE_RT","SEX_M","AGE_AGGREGATE_YGE15","2009",13.919,,,,"R1:3513"
"TUR","BA:622","UNE_DEAP_SEX_AGE_RT","SEX_M","AGE_AGGREGATE_Y15-24","2009",25.412,,,,"R1:3513"
"TUR","BA:622","UNE_DEAP_SEX_AGE_RT","SEX_M","AGE_AGGREGATE_Y25-54","2009",12.25,,,,"R1:3513"
"TUR","BA:622","UNE_DEAP_SEX_AGE_RT","SEX_M","AGE_AGGREGATE_Y55-64","2009",8.294,,,,"R1:3513"
"TUR","BA:622","UNE_DEAP_SEX_AGE_RT","SEX_M","AGE_AGGREGATE_YGE65","2009",1.838,,,,"R1:3513"
"TUR","BA:622","UNE_DEAP_SEX_AGE_RT","SEX_F","AGE_AGGREGATE_YGE15","2009",14.298,,,,"R1:3513"
"TUR","BA:622","UNE_DEAP_SEX_AGE_RT","SEX_F","AGE_AGGREGATE_Y15-24","2009",25.016,,,,"R1:3513"
"TUR","BA:622","UNE_DEAP_SEX_AGE_RT","SEX_F","AGE_AGGREGATE_Y25-54","2009",12.509,,,,"R1:3513"
"TUR","BA:622","UNE_DEAP_SEX_AGE_RT","SEX_F","AGE_AGGREGATE_Y55-64","2009",1.515,,,,"R1:3513"
"TUR","BA:622","UNE_DEAP_SEX_AGE_RT","SEX_F","AGE_AGGREGATE_YGE65","2009",0.266,"U",,,"R1:3513"
"TUR","BA:622","UNE_DEAP_SEX_AGE_RT","SEX_T","AGE_10YRBANDS_YGE15","2009",14.024,,,,"R1:3513"
"TUR","BA:622","UNE_DEAP_SEX_AGE_RT","SEX_T","AGE_10YRBANDS_Y15-24","2009",25.277,,,,"R1:3513"
"TUR","BA:622","UNE_DEAP_SEX_AGE_RT","SEX_T","AGE_10YRBANDS_Y25-34","2009",15.099,,,,"R1:3513"
"TUR","BA:622","UNE_DEAP_SEX_AGE_RT","SEX_T","AGE_10YRBANDS_Y35-44","2009",10.714,,,,"R1:3513"
"TUR","BA:622","UNE_DEAP_SEX_AGE_RT","SEX_T","AGE_10YRBANDS_Y45-54","2009",9.375,,,,"R1:3513"
"TUR","BA:622","UNE_DEAP_SEX_AGE_RT","SEX_T","AGE_10YRBANDS_Y55-64","2009",6.414,,,,"R1:3513"
"TUR","BA:622","UNE_DEAP_SEX_AGE_RT","SEX_T","AGE_10YRBANDS_YGE65","2009",1.397,,,,"R1:3513"
"TUR","BA:622","UNE_DEAP_SEX_AGE_RT","SEX_M","AGE_10YRBANDS_YGE15","2009",13.919,,,,"R1:3513"
"TUR","BA:622","UNE_DEAP_SEX_AGE_RT","SEX_M","AGE_10YRBANDS_Y15-24","2009",25.412,,,,"R1:3513"
"TUR","BA:622","UNE_DEAP_SEX_AGE_RT","SEX_M","AGE_10YRBANDS_Y25-34","2009",14.475,,,,"R1:3513"
"TUR","BA:622","UNE_DEAP_SEX_AGE_RT","SEX_M","AGE_10YRBANDS_Y35-44","2009",10.698,,,,"R1:3513"
"TUR","BA:622","UNE_DEAP_SEX_AGE_RT","SEX_M","AGE_10YRBANDS_Y45-54","2009",10.468,,,,"R1:3513"
"TUR","BA:622","UNE_DEAP_SEX_AGE_RT","SEX_M","AGE_10YRBANDS_Y55-64","2009",8.294,,,,"R1:3513"
"TUR","BA:622","UNE_DEAP_SEX_AGE_RT","SEX_M","AGE_10YRBANDS_YGE65","2009",1.838,,,,"R1:3513"
"TUR","BA:622","UNE_DEAP_SEX_AGE_RT","SEX_F","AGE_10YRBANDS_YGE15","2009",14.298,,,,"R1:3513"
"TUR","BA:622","UNE_DEAP_SEX_AGE_RT","SEX_F","AGE_10YRBANDS_Y15-24","2009",25.016,,,,"R1:3513"
"TUR","BA:622","UNE_DEAP_SEX_AGE_RT","SEX_F","AGE_10YRBANDS_Y25-34","2009",16.759,,,,"R1:3513"
"TUR","BA:622","UNE_DEAP_SEX_AGE_RT","SEX_F","AGE_10YRBANDS_Y35-44","2009",10.76,,,,"R1:3513"
"TUR","BA:622","UNE_DEAP_SEX_AGE_RT","SEX_F","AGE_10YRBANDS_Y45-54","2009",5.953,,,,"R1:3513"
"TUR","BA:622","UNE_DEAP_SEX_AGE_RT","SEX_F","AGE_10YRBANDS_Y55-64","2009",1.515,,,,"R1:3513"
"TUR","BA:622","UNE_DEAP_SEX_AGE_RT","SEX_F","AGE_10YRBANDS_YGE65","2009",0.266,"U",,,"R1:3513"
"TUR","BA:622","UNE_DEAP_SEX_AGE_RT","SEX_T","AGE_5YRBANDS_YGE15","2009",14.024,,,,"R1:3513"
"TUR","BA:622","UNE_DEAP_SEX_AGE_RT","SEX_T","AGE_5YRBANDS_Y15-19","2009",23.608,,,,"R1:3513"
"TUR","BA:622","UNE_DEAP_SEX_AGE_RT","SEX_T","AGE_5YRBANDS_Y20-24","2009",26.307,,,,"R1:3513"
"TUR","BA:622","UNE_DEAP_SEX_AGE_RT","SEX_T","AGE_5YRBANDS_Y25-29","2009",17.462,,,,"R1:3513"
"TUR","BA:622","UNE_DEAP_SEX_AGE_RT","SEX_T","AGE_5YRBANDS_Y30-34","2009",12.596,,,,"R1:3513"
"TUR","BA:622","UNE_DEAP_SEX_AGE_RT","SEX_T","AGE_5YRBANDS_Y35-39","2009",11.189,,,,"R1:3513"
"TUR","BA:622","UNE_DEAP_SEX_AGE_RT","SEX_T","AGE_5YRBANDS_Y40-44","2009",10.168,,,,"R1:3513"
"TUR","BA:622","UNE_DEAP_SEX_AGE_RT","SEX_T","AGE_5YRBANDS_Y45-49","2009",9.492,,,,"R1:3513"
"TUR","BA:622","UNE_DEAP_SEX_AGE_RT","SEX_T","AGE_5YRBANDS_Y50-54","2009",9.206,,,,"R1:3513"
"TUR","BA:622","UNE_DEAP_SEX_AGE_RT","SEX_T","AGE_5YRBANDS_Y55-59","2009",7.729,,,,"R1:3513"
"TUR","BA:622","UNE_DEAP_SEX_AGE_RT","SEX_T","AGE_5YRBANDS_Y60-64","2009",4.136,,,,"R1:3513"
"TUR","BA:622","UNE_DEAP_SEX_AGE_RT","SEX_T","AGE_5YRBANDS_YGE65","2009",1.397,,,,"R1:3513"
"TUR","BA:622","UNE_DEAP_SEX_AGE_RT","SEX_M","AGE_5YRBANDS_YGE15","2009",13.919,,,,"R1:3513"
"TUR","BA:622","UNE_DEAP_SEX_AGE_RT","SEX_M","AGE_5YRBANDS_Y15-19","2009",24.244,,,,"R1:3513"
"TUR","BA:622","UNE_DEAP_SEX_AGE_RT","SEX_M","AGE_5YRBANDS_Y20-24","2009",26.197,,,,"R1:3513"
"TUR","BA:622","UNE_DEAP_SEX_AGE_RT","SEX_M","AGE_5YRBANDS_Y25-29","2009",16.696,,,,"R1:3513"
"TUR","BA:622","UNE_DEAP_SEX_AGE_RT","SEX_M","AGE_5YRBANDS_Y30-34","2009",12.171,,,,"R1:3513"
"TUR","BA:622","UNE_DEAP_SEX_AGE_RT","SEX_M","AGE_5YRBANDS_Y35-39","2009",11.025,,,,"R1:3513"
"TUR","BA:622","UNE_DEAP_SEX_AGE_RT","SEX_M","AGE_5YRBANDS_Y40-44","2009",10.328,,,,"R1:3513"
"TUR","BA:622","UNE_DEAP_SEX_AGE_RT","SEX_M","AGE_5YRBANDS_Y45-49","2009",10.254,,,,"R1:3513"
"TUR","BA:622","UNE_DEAP_SEX_AGE_RT","SEX_M","AGE_5YRBANDS_Y50-54","2009",10.786,,,,"R1:3513"
"TUR","BA:622","UNE_DEAP_SEX_AGE_RT","SEX_M","AGE_5YRBANDS_Y55-59","2009",9.775,,,,"R1:3513"
"TUR","BA:622","UNE_DEAP_SEX_AGE_RT","SEX_M","AGE_5YRBANDS_Y60-64","2009",5.628,,,,"R1:3513"
"TUR","BA:622","UNE_DEAP_SEX_AGE_RT","SEX_M","AGE_5YRBANDS_YGE65","2009",1.838,,,,"R1:3513"
"TUR","BA:622","UNE_DEAP_SEX_AGE_RT","SEX_F","AGE_5YRBANDS_YGE15","2009",14.298,,,,"R1:3513"
"TUR","BA:622","UNE_DEAP_SEX_AGE_RT","SEX_F","AGE_5YRBANDS_Y15-19","2009",22.16,,,,"R1:3513"
"TUR","BA:622","UNE_DEAP_SEX_AGE_RT","SEX_F","AGE_5YRBANDS_Y20-24","2009",26.5,,,,"R1:3513"
"TUR","BA:622","UNE_DEAP_SEX_AGE_RT","SEX_F","AGE_5YRBANDS_Y25-29","2009",19.424,,,,"R1:3513"
"TUR","BA:622","UNE_DEAP_SEX_AGE_RT","SEX_F","AGE_5YRBANDS_Y30-34","2009",13.771,,,,"R1:3513"
"TUR","BA:622","UNE_DEAP_SEX_AGE_RT","SEX_F","AGE_5YRBANDS_Y35-39","2009",11.651,,,,"R1:3513"
"TUR","BA:622","UNE_DEAP_SEX_AGE_RT","SEX_F","AGE_5YRBANDS_Y40-44","2009",9.691,,,,"R1:3513"
"TUR","BA:622","UNE_DEAP_SEX_AGE_RT","SEX_F","AGE_5YRBANDS_Y45-49","2009",7.029,,,,"R1:3513"
"TUR","BA:622","UNE_DEAP_SEX_AGE_RT","SEX_F","AGE_5YRBANDS_Y50-54","2009",4.474,,,,"R1:3513"
"TUR","BA:622","UNE_DEAP_SEX_AGE_RT","SEX_F","AGE_5YRBANDS_Y55-59","2009",2.115,,,,"R1:3513"
"TUR","BA:622","UNE_DEAP_SEX_AGE_RT","SEX_F","AGE_5YRBANDS_Y60-64","2009",0.576,"U",,,"R1:3513"
"TUR","BA:622","UNE_DEAP_SEX_AGE_RT","SEX_F","AGE_5YRBANDS_YGE65","2009",0.266,"U",,,"R1:3513"
"TUR","BA:622","UNE_DEAP_SEX_AGE_RT","SEX_T","AGE_YTHADULT_YGE15","2008",10.97,,,,"R1:3513"
"TUR","BA:622","UNE_DEAP_SEX_AGE_RT","SEX_T","AGE_YTHADULT_Y15-64","2008",11.211,,,,"R1:3513"
"TUR","BA:622","UNE_DEAP_SEX_AGE_RT","SEX_T","AGE_YTHADULT_Y15-24","2008",20.485,,,,"R1:3513"
"TUR","BA:622","UNE_DEAP_SEX_AGE_RT","SEX_T","AGE_YTHADULT_YGE25","2008",8.823,,,,"R1:3513"
"TUR","BA:622","UNE_DEAP_SEX_AGE_RT","SEX_M","AGE_YTHADULT_YGE15","2008",10.743,,,,"R1:3513"
"TUR","BA:622","UNE_DEAP_SEX_AGE_RT","SEX_M","AGE_YTHADULT_Y15-64","2008",10.971,,,,"R1:3513"
"TUR","BA:622","UNE_DEAP_SEX_AGE_RT","SEX_M","AGE_YTHADULT_Y15-24","2008",20.108,,,,"R1:3513"
"TUR","BA:622","UNE_DEAP_SEX_AGE_RT","SEX_M","AGE_YTHADULT_YGE25","2008",8.876,,,,"R1:3513"
"TUR","BA:622","UNE_DEAP_SEX_AGE_RT","SEX_F","AGE_YTHADULT_YGE15","2008",11.597,,,,"R1:3513"
"TUR","BA:622","UNE_DEAP_SEX_AGE_RT","SEX_F","AGE_YTHADULT_Y15-64","2008",11.876,,,,"R1:3513"
"TUR","BA:622","UNE_DEAP_SEX_AGE_RT","SEX_F","AGE_YTHADULT_Y15-24","2008",21.226,,,,"R1:3513"
"TUR","BA:622","UNE_DEAP_SEX_AGE_RT","SEX_F","AGE_YTHADULT_YGE25","2008",8.667,,,,"R1:3513"
"TUR","BA:622","UNE_DEAP_SEX_AGE_RT","SEX_T","AGE_AGGREGATE_YGE15","2008",10.97,,,,"R1:3513"
"TUR","BA:622","UNE_DEAP_SEX_AGE_RT","SEX_T","AGE_AGGREGATE_Y15-24","2008",20.485,,,,"R1:3513"
"TUR","BA:622","UNE_DEAP_SEX_AGE_RT","SEX_T","AGE_AGGREGATE_Y25-54","2008",9.375,,,,"R1:3513"
"TUR","BA:622","UNE_DEAP_SEX_AGE_RT","SEX_T","AGE_AGGREGATE_Y55-64","2008",5.136,,,,"R1:3513"
"TUR","BA:622","UNE_DEAP_SEX_AGE_RT","SEX_T","AGE_AGGREGATE_YGE65","2008",1.017,,,,"R1:3513"
"TUR","BA:622","UNE_DEAP_SEX_AGE_RT","SEX_M","AGE_AGGREGATE_YGE15","2008",10.743,,,,"R1:3513"
"TUR","BA:622","UNE_DEAP_SEX_AGE_RT","SEX_M","AGE_AGGREGATE_Y15-24","2008",20.108,,,,"R1:3513"
"TUR","BA:622","UNE_DEAP_SEX_AGE_RT","SEX_M","AGE_AGGREGATE_Y25-54","2008",9.298,,,,"R1:3513"
"TUR","BA:622","UNE_DEAP_SEX_AGE_RT","SEX_M","AGE_AGGREGATE_Y55-64","2008",6.553,,,,"R1:3513"
"TUR","BA:622","UNE_DEAP_SEX_AGE_RT","SEX_M","AGE_AGGREGATE_YGE65","2008",1.173,,,,"R1:3513"
"TUR","BA:622","UNE_DEAP_SEX_AGE_RT","SEX_F","AGE_AGGREGATE_YGE15","2008",11.597,,,,"R1:3513"
"TUR","BA:622","UNE_DEAP_SEX_AGE_RT","SEX_F","AGE_AGGREGATE_Y15-24","2008",21.226,,,,"R1:3513"
"TUR","BA:622","UNE_DEAP_SEX_AGE_RT","SEX_F","AGE_AGGREGATE_Y25-54","2008",9.61,,,,"R1:3513"
"TUR","BA:622","UNE_DEAP_SEX_AGE_RT","SEX_F","AGE_AGGREGATE_Y55-64","2008",1.256,,,,"R1:3513"
"TUR","BA:622","UNE_DEAP_SEX_AGE_RT","SEX_F","AGE_AGGREGATE_YGE65","2008",0.613,"U",,,"R1:3513"
"TUR","BA:622","UNE_DEAP_SEX_AGE_RT","SEX_T","AGE_10YRBANDS_YGE15","2008",10.97,,,,"R1:3513"
"TUR","BA:622","UNE_DEAP_SEX_AGE_RT","SEX_T","AGE_10YRBANDS_Y15-24","2008",20.485,,,,"R1:3513"
"TUR","BA:622","UNE_DEAP_SEX_AGE_RT","SEX_T","AGE_10YRBANDS_Y25-34","2008",11.532,,,,"R1:3513"
"TUR","BA:622","UNE_DEAP_SEX_AGE_RT","SEX_T","AGE_10YRBANDS_Y35-44","2008",7.994,,,,"R1:3513"
"TUR","BA:622","UNE_DEAP_SEX_AGE_RT","SEX_T","AGE_10YRBANDS_Y45-54","2008",7.262,,,,"R1:3513"
"TUR","BA:622","UNE_DEAP_SEX_AGE_RT","SEX_T","AGE_10YRBANDS_Y55-64","2008",5.136,,,,"R1:3513"
"TUR","BA:622","UNE_DEAP_SEX_AGE_RT","SEX_T","AGE_10YRBANDS_YGE65","2008",1.017,,,,"R1:3513"
"TUR","BA:622","UNE_DEAP_SEX_AGE_RT","SEX_M","AGE_10YRBANDS_YGE15","2008",10.743,,,,"R1:3513"
"TUR","BA:622","UNE_DEAP_SEX_AGE_RT","SEX_M","AGE_10YRBANDS_Y15-24","2008",20.108,,,,"R1:3513"
"TUR","BA:622","UNE_DEAP_SEX_AGE_RT","SEX_M","AGE_10YRBANDS_Y25-34","2008",10.962,,,,"R1:3513"
"TUR","BA:622","UNE_DEAP_SEX_AGE_RT","SEX_M","AGE_10YRBANDS_Y35-44","2008",8.023,,,,"R1:3513"
"TUR","BA:622","UNE_DEAP_SEX_AGE_RT","SEX_M","AGE_10YRBANDS_Y45-54","2008",8.086,,,,"R1:3513"
"TUR","BA:622","UNE_DEAP_SEX_AGE_RT","SEX_M","AGE_10YRBANDS_Y55-64","2008",6.553,,,,"R1:3513"
"TUR","BA:622","UNE_DEAP_SEX_AGE_RT","SEX_M","AGE_10YRBANDS_YGE65","2008",1.173,,,,"R1:3513"
"TUR","BA:622","UNE_DEAP_SEX_AGE_RT","SEX_F","AGE_10YRBANDS_YGE15","2008",11.597,,,,"R1:3513"
"TUR","BA:622","UNE_DEAP_SEX_AGE_RT","SEX_F","AGE_10YRBANDS_Y15-24","2008",21.226,,,,"R1:3513"
"TUR","BA:622","UNE_DEAP_SEX_AGE_RT","SEX_F","AGE_10YRBANDS_Y25-34","2008",13.182,,,,"R1:3513"
"TUR","BA:622","UNE_DEAP_SEX_AGE_RT","SEX_F","AGE_10YRBANDS_Y35-44","2008",7.906,,,,"R1:3513"
"TUR","BA:622","UNE_DEAP_SEX_AGE_RT","SEX_F","AGE_10YRBANDS_Y45-54","2008",4.589,,,,"R1:3513"
"TUR","BA:622","UNE_DEAP_SEX_AGE_RT","SEX_F","AGE_10YRBANDS_Y55-64","2008",1.256,,,,"R1:3513"
"TUR","BA:622","UNE_DEAP_SEX_AGE_RT","SEX_F","AGE_10YRBANDS_YGE65","2008",0.613,"U",,,"R1:3513"
"TUR","BA:622","UNE_DEAP_SEX_AGE_RT","SEX_T","AGE_5YRBANDS_YGE15","2008",10.97,,,,"R1:3513"
"TUR","BA:622","UNE_DEAP_SEX_AGE_RT","SEX_T","AGE_5YRBANDS_Y15-19","2008",19.642,,,,"R1:3513"
"TUR","BA:622","UNE_DEAP_SEX_AGE_RT","SEX_T","AGE_5YRBANDS_Y20-24","2008",21.009,,,,"R1:3513"
"TUR","BA:622","UNE_DEAP_SEX_AGE_RT","SEX_T","AGE_5YRBANDS_Y25-29","2008",13.197,,,,"R1:3513"
"TUR","BA:622","UNE_DEAP_SEX_AGE_RT","SEX_T","AGE_5YRBANDS_Y30-34","2008",9.69,,,,"R1:3513"
"TUR","BA:622","UNE_DEAP_SEX_AGE_RT","SEX_T","AGE_5YRBANDS_Y35-39","2008",8.242,,,,"R1:3513"
"TUR","BA:622","UNE_DEAP_SEX_AGE_RT","SEX_T","AGE_5YRBANDS_Y40-44","2008",7.704,,,,"R1:3513"
"TUR","BA:622","UNE_DEAP_SEX_AGE_RT","SEX_T","AGE_5YRBANDS_Y45-49","2008",7.552,,,,"R1:3513"
"TUR","BA:622","UNE_DEAP_SEX_AGE_RT","SEX_T","AGE_5YRBANDS_Y50-54","2008",6.835,,,,"R1:3513"
"TUR","BA:622","UNE_DEAP_SEX_AGE_RT","SEX_T","AGE_5YRBANDS_Y55-59","2008",5.961,,,,"R1:3513"
"TUR","BA:622","UNE_DEAP_SEX_AGE_RT","SEX_T","AGE_5YRBANDS_Y60-64","2008",3.725,,,,"R1:3513"
"TUR","BA:622","UNE_DEAP_SEX_AGE_RT","SEX_T","AGE_5YRBANDS_YGE65","2008",1.017,,,,"R1:3513"
"TUR","BA:622","UNE_DEAP_SEX_AGE_RT","SEX_M","AGE_5YRBANDS_YGE15","2008",10.743,,,,"R1:3513"
"TUR","BA:622","UNE_DEAP_SEX_AGE_RT","SEX_M","AGE_5YRBANDS_Y15-19","2008",20.093,,,,"R1:3513"
"TUR","BA:622","UNE_DEAP_SEX_AGE_RT","SEX_M","AGE_5YRBANDS_Y20-24","2008",20.119,,,,"R1:3513"
"TUR","BA:622","UNE_DEAP_SEX_AGE_RT","SEX_M","AGE_5YRBANDS_Y25-29","2008",12.556,,,,"R1:3513"
"TUR","BA:622","UNE_DEAP_SEX_AGE_RT","SEX_M","AGE_5YRBANDS_Y30-34","2008",9.249,,,,"R1:3513"
"TUR","BA:622","UNE_DEAP_SEX_AGE_RT","SEX_M","AGE_5YRBANDS_Y35-39","2008",8.057,,,,"R1:3513"
"TUR","BA:622","UNE_DEAP_SEX_AGE_RT","SEX_M","AGE_5YRBANDS_Y40-44","2008",7.984,,,,"R1:3513"
"TUR","BA:622","UNE_DEAP_SEX_AGE_RT","SEX_M","AGE_5YRBANDS_Y45-49","2008",8.201,,,,"R1:3513"
"TUR","BA:622","UNE_DEAP_SEX_AGE_RT","SEX_M","AGE_5YRBANDS_Y50-54","2008",7.914,,,,"R1:3513"
"TUR","BA:622","UNE_DEAP_SEX_AGE_RT","SEX_M","AGE_5YRBANDS_Y55-59","2008",7.498,,,,"R1:3513"
"TUR","BA:622","UNE_DEAP_SEX_AGE_RT","SEX_M","AGE_5YRBANDS_Y60-64","2008",4.882,,,,"R1:3513"
"TUR","BA:622","UNE_DEAP_SEX_AGE_RT","SEX_M","AGE_5YRBANDS_YGE65","2008",1.173,,,,"R1:3513"
"TUR","BA:622","UNE_DEAP_SEX_AGE_RT","SEX_F","AGE_5YRBANDS_YGE15","2008",11.597,,,,"R1:3513"
"TUR","BA:622","UNE_DEAP_SEX_AGE_RT","SEX_F","AGE_5YRBANDS_Y15-19","2008",18.59,,,,"R1:3513"
"TUR","BA:622","UNE_DEAP_SEX_AGE_RT","SEX_F","AGE_5YRBANDS_Y20-24","2008",22.592,,,,"R1:3513"
"TUR","BA:622","UNE_DEAP_SEX_AGE_RT","SEX_F","AGE_5YRBANDS_Y25-29","2008",14.961,,,,"R1:3513"
"TUR","BA:622","UNE_DEAP_SEX_AGE_RT","SEX_F","AGE_5YRBANDS_Y30-34","2008",11.045,,,,"R1:3513"
"TUR","BA:622","UNE_DEAP_SEX_AGE_RT","SEX_F","AGE_5YRBANDS_Y35-39","2008",8.785,,,,"R1:3513"
"TUR","BA:622","UNE_DEAP_SEX_AGE_RT","SEX_F","AGE_5YRBANDS_Y40-44","2008",6.774,,,,"R1:3513"
"TUR","BA:622","UNE_DEAP_SEX_AGE_RT","SEX_F","AGE_5YRBANDS_Y45-49","2008",5.413,,,,"R1:3513"
"TUR","BA:622","UNE_DEAP_SEX_AGE_RT","SEX_F","AGE_5YRBANDS_Y50-54","2008",3.408,,,,"R1:3513"
"TUR","BA:622","UNE_DEAP_SEX_AGE_RT","SEX_F","AGE_5YRBANDS_Y55-59","2008",1.556,,,,"R1:3513"
"TUR","BA:622","UNE_DEAP_SEX_AGE_RT","SEX_F","AGE_5YRBANDS_Y60-64","2008",0.785,"U",,,"R1:3513"
"TUR","BA:622","UNE_DEAP_SEX_AGE_RT","SEX_F","AGE_5YRBANDS_YGE65","2008",0.613,"U",,,"R1:3513"
"TUR","BA:622","UNE_DEAP_SEX_AGE_RT","SEX_T","AGE_YTHADULT_YGE15","2007",10.281,,,,"R1:3513"
"TUR","BA:622","UNE_DEAP_SEX_AGE_RT","SEX_T","AGE_YTHADULT_Y15-64","2007",10.506,,,,"R1:3513"
"TUR","BA:622","UNE_DEAP_SEX_AGE_RT","SEX_T","AGE_YTHADULT_Y15-24","2007",19.966,,,,"R1:3513"
"TUR","BA:622","UNE_DEAP_SEX_AGE_RT","SEX_T","AGE_YTHADULT_YGE25","2007",8.027,,,,"R1:3513"
"TUR","BA:622","UNE_DEAP_SEX_AGE_RT","SEX_M","AGE_YTHADULT_YGE15","2007",10.036,,,,"R1:3513"
"TUR","BA:622","UNE_DEAP_SEX_AGE_RT","SEX_M","AGE_YTHADULT_Y15-64","2007",10.241,,,,"R1:3513"
"TUR","BA:622","UNE_DEAP_SEX_AGE_RT","SEX_M","AGE_YTHADULT_Y15-24","2007",19.569,,,,"R1:3513"
"TUR","BA:622","UNE_DEAP_SEX_AGE_RT","SEX_M","AGE_YTHADULT_YGE25","2007",8.076,,,,"R1:3513"
"TUR","BA:622","UNE_DEAP_SEX_AGE_RT","SEX_F","AGE_YTHADULT_YGE15","2007",10.978,,,,"R1:3513"
"TUR","BA:622","UNE_DEAP_SEX_AGE_RT","SEX_F","AGE_YTHADULT_Y15-64","2007",11.262,,,,"R1:3513"
"TUR","BA:622","UNE_DEAP_SEX_AGE_RT","SEX_F","AGE_YTHADULT_Y15-24","2007",20.763,,,,"R1:3513"
"TUR","BA:622","UNE_DEAP_SEX_AGE_RT","SEX_F","AGE_YTHADULT_YGE25","2007",7.874,,,,"R1:3513"
"TUR","BA:622","UNE_DEAP_SEX_AGE_RT","SEX_T","AGE_AGGREGATE_YGE15","2007",10.281,,,,"R1:3513"
"TUR","BA:622","UNE_DEAP_SEX_AGE_RT","SEX_T","AGE_AGGREGATE_Y15-24","2007",19.966,,,,"R1:3513"
"TUR","BA:622","UNE_DEAP_SEX_AGE_RT","SEX_T","AGE_AGGREGATE_Y25-54","2007",8.549,,,,"R1:3513"
"TUR","BA:622","UNE_DEAP_SEX_AGE_RT","SEX_T","AGE_AGGREGATE_Y55-64","2007",4.327,,,,"R1:3513"
"TUR","BA:622","UNE_DEAP_SEX_AGE_RT","SEX_T","AGE_AGGREGATE_YGE65","2007",0.837,,,,"R1:3513"
"TUR","BA:622","UNE_DEAP_SEX_AGE_RT","SEX_M","AGE_AGGREGATE_YGE15","2007",10.036,,,,"R1:3513"
"TUR","BA:622","UNE_DEAP_SEX_AGE_RT","SEX_M","AGE_AGGREGATE_Y15-24","2007",19.569,,,,"R1:3513"
"TUR","BA:622","UNE_DEAP_SEX_AGE_RT","SEX_M","AGE_AGGREGATE_Y25-54","2007",8.483,,,,"R1:3513"
"TUR","BA:622","UNE_DEAP_SEX_AGE_RT","SEX_M","AGE_AGGREGATE_Y55-64","2007",5.458,,,,"R1:3513"
"TUR","BA:622","UNE_DEAP_SEX_AGE_RT","SEX_M","AGE_AGGREGATE_YGE65","2007",1.167,,,,"R1:3513"
"TUR","BA:622","UNE_DEAP_SEX_AGE_RT","SEX_F","AGE_AGGREGATE_YGE15","2007",10.978,,,,"R1:3513"
"TUR","BA:622","UNE_DEAP_SEX_AGE_RT","SEX_F","AGE_AGGREGATE_Y15-24","2007",20.763,,,,"R1:3513"
"TUR","BA:622","UNE_DEAP_SEX_AGE_RT","SEX_F","AGE_AGGREGATE_Y25-54","2007",8.757,,,,"R1:3513"
"TUR","BA:622","UNE_DEAP_SEX_AGE_RT","SEX_F","AGE_AGGREGATE_Y55-64","2007",1.279,,,,"R1:3513"
"TUR","BA:622","UNE_DEAP_SEX_AGE_RT","SEX_F","AGE_AGGREGATE_YGE65","2007",0,,,,"R1:3513"
"TUR","BA:622","UNE_DEAP_SEX_AGE_RT","SEX_T","AGE_10YRBANDS_YGE15","2007",10.281,,,,"R1:3513"
"TUR","BA:622","UNE_DEAP_SEX_AGE_RT","SEX_T","AGE_10YRBANDS_Y15-24","2007",19.966,,,,"R1:3513"
"TUR","BA:622","UNE_DEAP_SEX_AGE_RT","SEX_T","AGE_10YRBANDS_Y25-34","2007",10.643,,,,"R1:3513"
"TUR","BA:622","UNE_DEAP_SEX_AGE_RT","SEX_T","AGE_10YRBANDS_Y35-44","2007",7.078,,,,"R1:3513"
"TUR","BA:622","UNE_DEAP_SEX_AGE_RT","SEX_T","AGE_10YRBANDS_Y45-54","2007",6.684,,,,"R1:3513"
"TUR","BA:622","UNE_DEAP_SEX_AGE_RT","SEX_T","AGE_10YRBANDS_Y55-64","2007",4.327,,,,"R1:3513"
"TUR","BA:622","UNE_DEAP_SEX_AGE_RT","SEX_T","AGE_10YRBANDS_YGE65","2007",0.837,,,,"R1:3513"
"TUR","BA:622","UNE_DEAP_SEX_AGE_RT","SEX_M","AGE_10YRBANDS_YGE15","2007",10.036,,,,"R1:3513"
"TUR","BA:622","UNE_DEAP_SEX_AGE_RT","SEX_M","AGE_10YRBANDS_Y15-24","2007",19.569,,,,"R1:3513"
"TUR","BA:622","UNE_DEAP_SEX_AGE_RT","SEX_M","AGE_10YRBANDS_Y25-34","2007",10.076,,,,"R1:3513"
"TUR","BA:622","UNE_DEAP_SEX_AGE_RT","SEX_M","AGE_10YRBANDS_Y35-44","2007",7.064,,,,"R1:3513"
"TUR","BA:622","UNE_DEAP_SEX_AGE_RT","SEX_M","AGE_10YRBANDS_Y45-54","2007",7.64,,,,"R1:3513"
"TUR","BA:622","UNE_DEAP_SEX_AGE_RT","SEX_M","AGE_10YRBANDS_Y55-64","2007",5.458,,,,"R1:3513"
"TUR","BA:622","UNE_DEAP_SEX_AGE_RT","SEX_M","AGE_10YRBANDS_YGE65","2007",1.167,,,,"R1:3513"
"TUR","BA:622","UNE_DEAP_SEX_AGE_RT","SEX_F","AGE_10YRBANDS_YGE15","2007",10.978,,,,"R1:3513"
"TUR","BA:622","UNE_DEAP_SEX_AGE_RT","SEX_F","AGE_10YRBANDS_Y15-24","2007",20.763,,,,"R1:3513"
"TUR","BA:622","UNE_DEAP_SEX_AGE_RT","SEX_F","AGE_10YRBANDS_Y25-34","2007",12.348,,,,"R1:3513"
"TUR","BA:622","UNE_DEAP_SEX_AGE_RT","SEX_F","AGE_10YRBANDS_Y35-44","2007",7.121,,,,"R1:3513"
"TUR","BA:622","UNE_DEAP_SEX_AGE_RT","SEX_F","AGE_10YRBANDS_Y45-54","2007",3.42,,,,"R1:3513"
"TUR","BA:622","UNE_DEAP_SEX_AGE_RT","SEX_F","AGE_10YRBANDS_Y55-64","2007",1.279,,,,"R1:3513"
"TUR","BA:622","UNE_DEAP_SEX_AGE_RT","SEX_F","AGE_10YRBANDS_YGE65","2007",0,,,,"R1:3513"
"TUR","BA:622","UNE_DEAP_SEX_AGE_RT","SEX_T","AGE_5YRBANDS_YGE15","2007",10.281,,,,"R1:3513"
"TUR","BA:622","UNE_DEAP_SEX_AGE_RT","SEX_T","AGE_5YRBANDS_Y15-19","2007",19.696,,,,"R1:3513"
"TUR","BA:622","UNE_DEAP_SEX_AGE_RT","SEX_T","AGE_5YRBANDS_Y20-24","2007",20.13,,,,"R1:3513"
"TUR","BA:622","UNE_DEAP_SEX_AGE_RT","SEX_T","AGE_5YRBANDS_Y25-29","2007",12.414,,,,"R1:3513"
"TUR","BA:622","UNE_DEAP_SEX_AGE_RT","SEX_T","AGE_5YRBANDS_Y30-34","2007",8.687,,,,"R1:3513"
"TUR","BA:622","UNE_DEAP_SEX_AGE_RT","SEX_T","AGE_5YRBANDS_Y35-39","2007",7.358,,,,"R1:3513"
"TUR","BA:622","UNE_DEAP_SEX_AGE_RT","SEX_T","AGE_5YRBANDS_Y40-44","2007",6.753,,,,"R1:3513"
"TUR","BA:622","UNE_DEAP_SEX_AGE_RT","SEX_T","AGE_5YRBANDS_Y45-49","2007",7.035,,,,"R1:3513"
"TUR","BA:622","UNE_DEAP_SEX_AGE_RT","SEX_T","AGE_5YRBANDS_Y50-54","2007",6.154,,,,"R1:3513"
"TUR","BA:622","UNE_DEAP_SEX_AGE_RT","SEX_T","AGE_5YRBANDS_Y55-59","2007",5.017,,,,"R1:3513"
"TUR","BA:622","UNE_DEAP_SEX_AGE_RT","SEX_T","AGE_5YRBANDS_Y60-64","2007",3.175,,,,"R1:3513"
"TUR","BA:622","UNE_DEAP_SEX_AGE_RT","SEX_T","AGE_5YRBANDS_YGE65","2007",0.837,,,,"R1:3513"
"TUR","BA:622","UNE_DEAP_SEX_AGE_RT","SEX_M","AGE_5YRBANDS_YGE15","2007",10.036,,,,"R1:3513"
"TUR","BA:622","UNE_DEAP_SEX_AGE_RT","SEX_M","AGE_5YRBANDS_Y15-19","2007",20.034,,,,"R1:3513"
"TUR","BA:622","UNE_DEAP_SEX_AGE_RT","SEX_M","AGE_5YRBANDS_Y20-24","2007",19.264,,,,"R1:3513"
"TUR","BA:622","UNE_DEAP_SEX_AGE_RT","SEX_M","AGE_5YRBANDS_Y25-29","2007",11.761,,,,"R1:3513"
"TUR","BA:622","UNE_DEAP_SEX_AGE_RT","SEX_M","AGE_5YRBANDS_Y30-34","2007",8.261,,,,"R1:3513"
"TUR","BA:622","UNE_DEAP_SEX_AGE_RT","SEX_M","AGE_5YRBANDS_Y35-39","2007",7.112,,,,"R1:3513"
"TUR","BA:622","UNE_DEAP_SEX_AGE_RT","SEX_M","AGE_5YRBANDS_Y40-44","2007",7.01,,,,"R1:3513"
"TUR","BA:622","UNE_DEAP_SEX_AGE_RT","SEX_M","AGE_5YRBANDS_Y45-49","2007",7.814,,,,"R1:3513"
"TUR","BA:622","UNE_DEAP_SEX_AGE_RT","SEX_M","AGE_5YRBANDS_Y50-54","2007",7.374,,,,"R1:3513"
"TUR","BA:622","UNE_DEAP_SEX_AGE_RT","SEX_M","AGE_5YRBANDS_Y55-59","2007",6.213,,,,"R1:3513"
"TUR","BA:622","UNE_DEAP_SEX_AGE_RT","SEX_M","AGE_5YRBANDS_Y60-64","2007",4.141,,,,"R1:3513"
"TUR","BA:622","UNE_DEAP_SEX_AGE_RT","SEX_M","AGE_5YRBANDS_YGE65","2007",1.167,,,,"R1:3513"
"TUR","BA:622","UNE_DEAP_SEX_AGE_RT","SEX_F","AGE_5YRBANDS_YGE15","2007",10.978,,,,"R1:3513"
"TUR","BA:622","UNE_DEAP_SEX_AGE_RT","SEX_F","AGE_5YRBANDS_Y15-19","2007",18.902,,,,"R1:3513"
"TUR","BA:622","UNE_DEAP_SEX_AGE_RT","SEX_F","AGE_5YRBANDS_Y20-24","2007",21.721,,,,"R1:3513"
"TUR","BA:622","UNE_DEAP_SEX_AGE_RT","SEX_F","AGE_5YRBANDS_Y25-29","2007",14.278,,,,"R1:3513"
"TUR","BA:622","UNE_DEAP_SEX_AGE_RT","SEX_F","AGE_5YRBANDS_Y30-34","2007",10.041,,,,"R1:3513"
"TUR","BA:622","UNE_DEAP_SEX_AGE_RT","SEX_F","AGE_5YRBANDS_Y35-39","2007",8.118,,,,"R1:3513"
"TUR","BA:622","UNE_DEAP_SEX_AGE_RT","SEX_F","AGE_5YRBANDS_Y40-44","2007",5.882,,,,"R1:3513"
"TUR","BA:622","UNE_DEAP_SEX_AGE_RT","SEX_F","AGE_5YRBANDS_Y45-49","2007",4.301,,,,"R1:3513"
"TUR","BA:622","UNE_DEAP_SEX_AGE_RT","SEX_F","AGE_5YRBANDS_Y50-54","2007",2.154,,,,"R1:3513"
"TUR","BA:622","UNE_DEAP_SEX_AGE_RT","SEX_F","AGE_5YRBANDS_Y55-59","2007",1.596,,,,"R1:3513"
"TUR","BA:622","UNE_DEAP_SEX_AGE_RT","SEX_F","AGE_5YRBANDS_Y60-64","2007",0.806,"U",,,"R1:3513"
"TUR","BA:622","UNE_DEAP_SEX_AGE_RT","SEX_F","AGE_5YRBANDS_YGE65","2007",0,,,,"R1:3513"
"TUR","BA:622","UNE_DEAP_SEX_AGE_RT","SEX_T","AGE_YTHADULT_YGE15","2006",10.233,,,,"R1:3513"
"TUR","BA:622","UNE_DEAP_SEX_AGE_RT","SEX_T","AGE_YTHADULT_Y15-64","2006",10.466,,,,"R1:3513"
"TUR","BA:622","UNE_DEAP_SEX_AGE_RT","SEX_T","AGE_YTHADULT_Y15-24","2006",19.053,,,,"R1:3513"
"TUR","BA:622","UNE_DEAP_SEX_AGE_RT","SEX_T","AGE_YTHADULT_YGE25","2006",8.139,,,,"R1:3513"
"TUR","BA:622","UNE_DEAP_SEX_AGE_RT","SEX_M","AGE_YTHADULT_YGE15","2006",9.922,,,,"R1:3513"
"TUR","BA:622","UNE_DEAP_SEX_AGE_RT","SEX_M","AGE_YTHADULT_Y15-64","2006",10.141,,,,"R1:3513"
"TUR","BA:622","UNE_DEAP_SEX_AGE_RT","SEX_M","AGE_YTHADULT_Y15-24","2006",18.253,,,,"R1:3513"
"TUR","BA:622","UNE_DEAP_SEX_AGE_RT","SEX_M","AGE_YTHADULT_YGE25","2006",8.183,,,,"R1:3513"
"TUR","BA:622","UNE_DEAP_SEX_AGE_RT","SEX_F","AGE_YTHADULT_YGE15","2006",11.116,,,,"R1:3513"
"TUR","BA:622","UNE_DEAP_SEX_AGE_RT","SEX_F","AGE_YTHADULT_Y15-64","2006",11.393,,,,"R1:3513"
"TUR","BA:622","UNE_DEAP_SEX_AGE_RT","SEX_F","AGE_YTHADULT_Y15-24","2006",20.649,,,,"R1:3513"
"TUR","BA:622","UNE_DEAP_SEX_AGE_RT","SEX_F","AGE_YTHADULT_YGE25","2006",7.998,,,,"R1:3513"
"TUR","BA:622","UNE_DEAP_SEX_AGE_RT","SEX_T","AGE_AGGREGATE_YGE15","2006",10.233,,,,"R1:3513"
"TUR","BA:622","UNE_DEAP_SEX_AGE_RT","SEX_T","AGE_AGGREGATE_Y15-24","2006",19.053,,,,"R1:3513"
"TUR","BA:622","UNE_DEAP_SEX_AGE_RT","SEX_T","AGE_AGGREGATE_Y25-54","2006",8.683,,,,"R1:3513"
"TUR","BA:622","UNE_DEAP_SEX_AGE_RT","SEX_T","AGE_AGGREGATE_Y55-64","2006",4.353,,,,"R1:3513"
"TUR","BA:622","UNE_DEAP_SEX_AGE_RT","SEX_T","AGE_AGGREGATE_YGE65","2006",0.844,,,,"R1:3513"
"TUR","BA:622","UNE_DEAP_SEX_AGE_RT","SEX_M","AGE_AGGREGATE_YGE15","2006",9.922,,,,"R1:3513"
"TUR","BA:622","UNE_DEAP_SEX_AGE_RT","SEX_M","AGE_AGGREGATE_Y15-24","2006",18.253,,,,"R1:3513"
"TUR","BA:622","UNE_DEAP_SEX_AGE_RT","SEX_M","AGE_AGGREGATE_Y25-54","2006",8.612,,,,"R1:3513"
"TUR","BA:622","UNE_DEAP_SEX_AGE_RT","SEX_M","AGE_AGGREGATE_Y55-64","2006",5.578,,,,"R1:3513"
"TUR","BA:622","UNE_DEAP_SEX_AGE_RT","SEX_M","AGE_AGGREGATE_YGE65","2006",1.047,,,,"R1:3513"
"TUR","BA:622","UNE_DEAP_SEX_AGE_RT","SEX_F","AGE_AGGREGATE_YGE15","2006",11.116,,,,"R1:3513"
"TUR","BA:622","UNE_DEAP_SEX_AGE_RT","SEX_F","AGE_AGGREGATE_Y15-24","2006",20.649,,,,"R1:3513"
"TUR","BA:622","UNE_DEAP_SEX_AGE_RT","SEX_F","AGE_AGGREGATE_Y25-54","2006",8.908,,,,"R1:3513"
"TUR","BA:622","UNE_DEAP_SEX_AGE_RT","SEX_F","AGE_AGGREGATE_Y55-64","2006",1.024,,,,"R1:3513"
"TUR","BA:622","UNE_DEAP_SEX_AGE_RT","SEX_F","AGE_AGGREGATE_YGE65","2006",,"U",,,"R1:3513"
"TUR","BA:622","UNE_DEAP_SEX_AGE_RT","SEX_T","AGE_10YRBANDS_YGE15","2006",10.233,,,,"R1:3513"
"TUR","BA:622","UNE_DEAP_SEX_AGE_RT","SEX_T","AGE_10YRBANDS_Y15-24","2006",19.053,,,,"R1:3513"
"TUR","BA:622","UNE_DEAP_SEX_AGE_RT","SEX_T","AGE_10YRBANDS_Y25-34","2006",10.878,,,,"R1:3513"
"TUR","BA:622","UNE_DEAP_SEX_AGE_RT","SEX_T","AGE_10YRBANDS_Y35-44","2006",7.17,,,,"R1:3513"
"TUR","BA:622","UNE_DEAP_SEX_AGE_RT","SEX_T","AGE_10YRBANDS_Y45-54","2006",6.682,,,,"R1:3513"
"TUR","BA:622","UNE_DEAP_SEX_AGE_RT","SEX_T","AGE_10YRBANDS_Y55-64","2006",4.353,,,,"R1:3513"
"TUR","BA:622","UNE_DEAP_SEX_AGE_RT","SEX_T","AGE_10YRBANDS_YGE65","2006",0.844,,,,"R1:3513"
"TUR","BA:622","UNE_DEAP_SEX_AGE_RT","SEX_M","AGE_10YRBANDS_YGE15","2006",9.922,,,,"R1:3513"
"TUR","BA:622","UNE_DEAP_SEX_AGE_RT","SEX_M","AGE_10YRBANDS_Y15-24","2006",18.253,,,,"R1:3513"
"TUR","BA:622","UNE_DEAP_SEX_AGE_RT","SEX_M","AGE_10YRBANDS_Y25-34","2006",10.198,,,,"R1:3513"
"TUR","BA:622","UNE_DEAP_SEX_AGE_RT","SEX_M","AGE_10YRBANDS_Y35-44","2006",7.249,,,,"R1:3513"
"TUR","BA:622","UNE_DEAP_SEX_AGE_RT","SEX_M","AGE_10YRBANDS_Y45-54","2006",7.684,,,,"R1:3513"
"TUR","BA:622","UNE_DEAP_SEX_AGE_RT","SEX_M","AGE_10YRBANDS_Y55-64","2006",5.578,,,,"R1:3513"
"TUR","BA:622","UNE_DEAP_SEX_AGE_RT","SEX_M","AGE_10YRBANDS_YGE65","2006",1.047,,,,"R1:3513"
"TUR","BA:622","UNE_DEAP_SEX_AGE_RT","SEX_F","AGE_10YRBANDS_YGE15","2006",11.116,,,,"R1:3513"
"TUR","BA:622","UNE_DEAP_SEX_AGE_RT","SEX_F","AGE_10YRBANDS_Y15-24","2006",20.649,,,,"R1:3513"
"TUR","BA:622","UNE_DEAP_SEX_AGE_RT","SEX_F","AGE_10YRBANDS_Y25-34","2006",12.936,,,,"R1:3513"
"TUR","BA:622","UNE_DEAP_SEX_AGE_RT","SEX_F","AGE_10YRBANDS_Y35-44","2006",6.915,,,,"R1:3513"
"TUR","BA:622","UNE_DEAP_SEX_AGE_RT","SEX_F","AGE_10YRBANDS_Y45-54","2006",3.256,,,,"R1:3513"
"TUR","BA:622","UNE_DEAP_SEX_AGE_RT","SEX_F","AGE_10YRBANDS_Y55-64","2006",1.024,,,,"R1:3513"
"TUR","BA:622","UNE_DEAP_SEX_AGE_RT","SEX_F","AGE_10YRBANDS_YGE65","2006",,"U",,,"R1:3513"
"TUR","BA:622","UNE_DEAP_SEX_AGE_RT","SEX_T","AGE_5YRBANDS_YGE15","2006",10.233,,,,"R1:3513"
"TUR","BA:622","UNE_DEAP_SEX_AGE_RT","SEX_T","AGE_5YRBANDS_Y15-19","2006",17.369,,,,"R1:3513"
"TUR","BA:622","UNE_DEAP_SEX_AGE_RT","SEX_T","AGE_5YRBANDS_Y20-24","2006",20.064,,,,"R1:3513"
"TUR","BA:622","UNE_DEAP_SEX_AGE_RT","SEX_T","AGE_5YRBANDS_Y25-29","2006",12.941,,,,"R1:3513"
"TUR","BA:622","UNE_DEAP_SEX_AGE_RT","SEX_T","AGE_5YRBANDS_Y30-34","2006",8.621,,,,"R1:3513"
"TUR","BA:622","UNE_DEAP_SEX_AGE_RT","SEX_T","AGE_5YRBANDS_Y35-39","2006",7.385,,,,"R1:3513"
"TUR","BA:622","UNE_DEAP_SEX_AGE_RT","SEX_T","AGE_5YRBANDS_Y40-44","2006",6.921,,,,"R1:3513"
"TUR","BA:622","UNE_DEAP_SEX_AGE_RT","SEX_T","AGE_5YRBANDS_Y45-49","2006",6.622,,,,"R1:3513"
"TUR","BA:622","UNE_DEAP_SEX_AGE_RT","SEX_T","AGE_5YRBANDS_Y50-54","2006",6.774,,,,"R1:3513"
"TUR","BA:622","UNE_DEAP_SEX_AGE_RT","SEX_T","AGE_5YRBANDS_Y55-59","2006",5.259,,,,"R1:3513"
"TUR","BA:622","UNE_DEAP_SEX_AGE_RT","SEX_T","AGE_5YRBANDS_Y60-64","2006",2.79,,,,"R1:3513"
"TUR","BA:622","UNE_DEAP_SEX_AGE_RT","SEX_T","AGE_5YRBANDS_YGE65","2006",0.844,,,,"R1:3513"
"TUR","BA:622","UNE_DEAP_SEX_AGE_RT","SEX_M","AGE_5YRBANDS_YGE15","2006",9.922,,,,"R1:3513"
"TUR","BA:622","UNE_DEAP_SEX_AGE_RT","SEX_M","AGE_5YRBANDS_Y15-19","2006",17.056,,,,"R1:3513"
"TUR","BA:622","UNE_DEAP_SEX_AGE_RT","SEX_M","AGE_5YRBANDS_Y20-24","2006",19.008,,,,"R1:3513"
"TUR","BA:622","UNE_DEAP_SEX_AGE_RT","SEX_M","AGE_5YRBANDS_Y25-29","2006",12.362,,,,"R1:3513"
"TUR","BA:622","UNE_DEAP_SEX_AGE_RT","SEX_M","AGE_5YRBANDS_Y30-34","2006",7.904,,,,"R1:3513"
"TUR","BA:622","UNE_DEAP_SEX_AGE_RT","SEX_M","AGE_5YRBANDS_Y35-39","2006",7.285,,,,"R1:3513"
"TUR","BA:622","UNE_DEAP_SEX_AGE_RT","SEX_M","AGE_5YRBANDS_Y40-44","2006",7.208,,,,"R1:3513"
"TUR","BA:622","UNE_DEAP_SEX_AGE_RT","SEX_M","AGE_5YRBANDS_Y45-49","2006",7.37,,,,"R1:3513"
"TUR","BA:622","UNE_DEAP_SEX_AGE_RT","SEX_M","AGE_5YRBANDS_Y50-54","2006",8.169,,,,"R1:3513"
"TUR","BA:622","UNE_DEAP_SEX_AGE_RT","SEX_M","AGE_5YRBANDS_Y55-59","2006",6.597,,,,"R1:3513"
"TUR","BA:622","UNE_DEAP_SEX_AGE_RT","SEX_M","AGE_5YRBANDS_Y60-64","2006",3.768,,,,"R1:3513"
"TUR","BA:622","UNE_DEAP_SEX_AGE_RT","SEX_M","AGE_5YRBANDS_YGE65","2006",1.047,,,,"R1:3513"
"TUR","BA:622","UNE_DEAP_SEX_AGE_RT","SEX_F","AGE_5YRBANDS_YGE15","2006",11.116,,,,"R1:3513"
"TUR","BA:622","UNE_DEAP_SEX_AGE_RT","SEX_F","AGE_5YRBANDS_Y15-19","2006",18.054,,,,"R1:3513"
"TUR","BA:622","UNE_DEAP_SEX_AGE_RT","SEX_F","AGE_5YRBANDS_Y20-24","2006",22.058,,,,"R1:3513"
"TUR","BA:622","UNE_DEAP_SEX_AGE_RT","SEX_F","AGE_5YRBANDS_Y25-29","2006",14.592,,,,"R1:3513"
"TUR","BA:622","UNE_DEAP_SEX_AGE_RT","SEX_F","AGE_5YRBANDS_Y30-34","2006",10.941,,,,"R1:3513"
"TUR","BA:622","UNE_DEAP_SEX_AGE_RT","SEX_F","AGE_5YRBANDS_Y35-39","2006",7.698,,,,"R1:3513"
"TUR","BA:622","UNE_DEAP_SEX_AGE_RT","SEX_F","AGE_5YRBANDS_Y40-44","2006",5.959,,,,"R1:3513"
"TUR","BA:622","UNE_DEAP_SEX_AGE_RT","SEX_F","AGE_5YRBANDS_Y45-49","2006",3.962,,,,"R1:3513"
"TUR","BA:622","UNE_DEAP_SEX_AGE_RT","SEX_F","AGE_5YRBANDS_Y50-54","2006",2.265,,,,"R1:3513"
"TUR","BA:622","UNE_DEAP_SEX_AGE_RT","SEX_F","AGE_5YRBANDS_Y55-59","2006",1.475,,,,"R1:3513"
"TUR","BA:622","UNE_DEAP_SEX_AGE_RT","SEX_F","AGE_5YRBANDS_Y60-64","2006",,"U",,,"R1:3513"
"TUR","BA:622","UNE_DEAP_SEX_AGE_RT","SEX_F","AGE_5YRBANDS_YGE65","2006",,"U",,,"R1:3513"
"TUR","BA:622","UNE_DEAP_SEX_AGE_RT","SEX_T","AGE_YTHADULT_YGE15","2005",10.634,,,,"R1:3513"
"TUR","BA:622","UNE_DEAP_SEX_AGE_RT","SEX_T","AGE_YTHADULT_Y15-64","2005",10.905,,,,"R1:3513"
"TUR","BA:622","UNE_DEAP_SEX_AGE_RT","SEX_T","AGE_YTHADULT_Y15-24","2005",19.868,,,,"R1:3513"
"TUR","BA:622","UNE_DEAP_SEX_AGE_RT","SEX_T","AGE_YTHADULT_YGE25","2005",8.361,,,,"R1:3513"
"TUR","BA:622","UNE_DEAP_SEX_AGE_RT","SEX_M","AGE_YTHADULT_YGE15","2005",10.45,,,,"R1:3513"
"TUR","BA:622","UNE_DEAP_SEX_AGE_RT","SEX_M","AGE_YTHADULT_Y15-64","2005",10.701,,,,"R1:3513"
"TUR","BA:622","UNE_DEAP_SEX_AGE_RT","SEX_M","AGE_YTHADULT_Y15-24","2005",19.533,,,,"R1:3513"
"TUR","BA:622","UNE_DEAP_SEX_AGE_RT","SEX_M","AGE_YTHADULT_YGE25","2005",8.495,,,,"R1:3513"
"TUR","BA:622","UNE_DEAP_SEX_AGE_RT","SEX_F","AGE_YTHADULT_YGE15","2005",11.169,,,,"R1:3513"
"TUR","BA:622","UNE_DEAP_SEX_AGE_RT","SEX_F","AGE_YTHADULT_Y15-64","2005",11.497,,,,"R1:3513"
"TUR","BA:622","UNE_DEAP_SEX_AGE_RT","SEX_F","AGE_YTHADULT_Y15-24","2005",20.541,,,,"R1:3513"
"TUR","BA:622","UNE_DEAP_SEX_AGE_RT","SEX_F","AGE_YTHADULT_YGE25","2005",7.931,,,,"R1:3513"
"TUR","BA:622","UNE_DEAP_SEX_AGE_RT","SEX_T","AGE_AGGREGATE_YGE15","2005",10.634,,,,"R1:3513"
"TUR","BA:622","UNE_DEAP_SEX_AGE_RT","SEX_T","AGE_AGGREGATE_Y15-24","2005",19.868,,,,"R1:3513"
"TUR","BA:622","UNE_DEAP_SEX_AGE_RT","SEX_T","AGE_AGGREGATE_Y25-54","2005",8.99,,,,"R1:3513"
"TUR","BA:622","UNE_DEAP_SEX_AGE_RT","SEX_T","AGE_AGGREGATE_Y55-64","2005",3.948,,,,"R1:3513"
"TUR","BA:622","UNE_DEAP_SEX_AGE_RT","SEX_T","AGE_AGGREGATE_YGE65","2005",0.834,,,,"R1:3513"
"TUR","BA:622","UNE_DEAP_SEX_AGE_RT","SEX_M","AGE_AGGREGATE_YGE15","2005",10.45,,,,"R1:3513"
"TUR","BA:622","UNE_DEAP_SEX_AGE_RT","SEX_M","AGE_AGGREGATE_Y15-24","2005",19.533,,,,"R1:3513"
"TUR","BA:622","UNE_DEAP_SEX_AGE_RT","SEX_M","AGE_AGGREGATE_Y25-54","2005",9.013,,,,"R1:3513"
"TUR","BA:622","UNE_DEAP_SEX_AGE_RT","SEX_M","AGE_AGGREGATE_Y55-64","2005",5.101,,,,"R1:3513"
"TUR","BA:622","UNE_DEAP_SEX_AGE_RT","SEX_M","AGE_AGGREGATE_YGE65","2005",1.098,,,,"R1:3513"
"TUR","BA:622","UNE_DEAP_SEX_AGE_RT","SEX_F","AGE_AGGREGATE_YGE15","2005",11.169,,,,"R1:3513"
"TUR","BA:622","UNE_DEAP_SEX_AGE_RT","SEX_F","AGE_AGGREGATE_Y15-24","2005",20.541,,,,"R1:3513"
"TUR","BA:622","UNE_DEAP_SEX_AGE_RT","SEX_F","AGE_AGGREGATE_Y25-54","2005",8.918,,,,"R1:3513"
"TUR","BA:622","UNE_DEAP_SEX_AGE_RT","SEX_F","AGE_AGGREGATE_Y55-64","2005",0.76,"U",,,"R1:3513"
"TUR","BA:622","UNE_DEAP_SEX_AGE_RT","SEX_F","AGE_AGGREGATE_YGE65","2005",,"U",,,"R1:3513"
"TUR","BA:622","UNE_DEAP_SEX_AGE_RT","SEX_T","AGE_10YRBANDS_YGE15","2005",10.634,,,,"R1:3513"
"TUR","BA:622","UNE_DEAP_SEX_AGE_RT","SEX_T","AGE_10YRBANDS_Y15-24","2005",19.868,,,,"R1:3513"
"TUR","BA:622","UNE_DEAP_SEX_AGE_RT","SEX_T","AGE_10YRBANDS_Y25-34","2005",11.357,,,,"R1:3513"
"TUR","BA:622","UNE_DEAP_SEX_AGE_RT","SEX_T","AGE_10YRBANDS_Y35-44","2005",7.323,,,,"R1:3513"
"TUR","BA:622","UNE_DEAP_SEX_AGE_RT","SEX_T","AGE_10YRBANDS_Y45-54","2005",6.877,,,,"R1:3513"
"TUR","BA:622","UNE_DEAP_SEX_AGE_RT","SEX_T","AGE_10YRBANDS_Y55-64","2005",3.948,,,,"R1:3513"
"TUR","BA:622","UNE_DEAP_SEX_AGE_RT","SEX_T","AGE_10YRBANDS_YGE65","2005",0.834,,,,"R1:3513"
"TUR","BA:622","UNE_DEAP_SEX_AGE_RT","SEX_M","AGE_10YRBANDS_YGE15","2005",10.45,,,,"R1:3513"
"TUR","BA:622","UNE_DEAP_SEX_AGE_RT","SEX_M","AGE_10YRBANDS_Y15-24","2005",19.533,,,,"R1:3513"
"TUR","BA:622","UNE_DEAP_SEX_AGE_RT","SEX_M","AGE_10YRBANDS_Y25-34","2005",10.793,,,,"R1:3513"
"TUR","BA:622","UNE_DEAP_SEX_AGE_RT","SEX_M","AGE_10YRBANDS_Y35-44","2005",7.506,,,,"R1:3513"
"TUR","BA:622","UNE_DEAP_SEX_AGE_RT","SEX_M","AGE_10YRBANDS_Y45-54","2005",7.914,,,,"R1:3513"
"TUR","BA:622","UNE_DEAP_SEX_AGE_RT","SEX_M","AGE_10YRBANDS_Y55-64","2005",5.101,,,,"R1:3513"
"TUR","BA:622","UNE_DEAP_SEX_AGE_RT","SEX_M","AGE_10YRBANDS_YGE65","2005",1.098,,,,"R1:3513"
"TUR","BA:622","UNE_DEAP_SEX_AGE_RT","SEX_F","AGE_10YRBANDS_YGE15","2005",11.169,,,,"R1:3513"
"TUR","BA:622","UNE_DEAP_SEX_AGE_RT","SEX_F","AGE_10YRBANDS_Y15-24","2005",20.541,,,,"R1:3513"
"TUR","BA:622","UNE_DEAP_SEX_AGE_RT","SEX_F","AGE_10YRBANDS_Y25-34","2005",13.137,,,,"R1:3513"
"TUR","BA:622","UNE_DEAP_SEX_AGE_RT","SEX_F","AGE_10YRBANDS_Y35-44","2005",6.704,,,,"R1:3513"
"TUR","BA:622","UNE_DEAP_SEX_AGE_RT","SEX_F","AGE_10YRBANDS_Y45-54","2005",3.345,,,,"R1:3513"
"TUR","BA:622","UNE_DEAP_SEX_AGE_RT","SEX_F","AGE_10YRBANDS_Y55-64","2005",0.76,"U",,,"R1:3513"
"TUR","BA:622","UNE_DEAP_SEX_AGE_RT","SEX_F","AGE_10YRBANDS_YGE65","2005",,"U",,,"R1:3513"
"TUR","BA:622","UNE_DEAP_SEX_AGE_RT","SEX_T","AGE_5YRBANDS_YGE15","2005",10.634,,,,"R1:3513"
"TUR","BA:622","UNE_DEAP_SEX_AGE_RT","SEX_T","AGE_5YRBANDS_Y15-19","2005",18.16,,,,"R1:3513"
"TUR","BA:622","UNE_DEAP_SEX_AGE_RT","SEX_T","AGE_5YRBANDS_Y20-24","2005",20.877,,,,"R1:3513"
"TUR","BA:622","UNE_DEAP_SEX_AGE_RT","SEX_T","AGE_5YRBANDS_Y25-29","2005",13.224,,,,"R1:3513"
"TUR","BA:622","UNE_DEAP_SEX_AGE_RT","SEX_T","AGE_5YRBANDS_Y30-34","2005",9.322,,,,"R1:3513"
"TUR","BA:622","UNE_DEAP_SEX_AGE_RT","SEX_T","AGE_5YRBANDS_Y35-39","2005",7.734,,,,"R1:3513"
"TUR","BA:622","UNE_DEAP_SEX_AGE_RT","SEX_T","AGE_5YRBANDS_Y40-44","2005",6.851,,,,"R1:3513"
"TUR","BA:622","UNE_DEAP_SEX_AGE_RT","SEX_T","AGE_5YRBANDS_Y45-49","2005",6.866,,,,"R1:3513"
"TUR","BA:622","UNE_DEAP_SEX_AGE_RT","SEX_T","AGE_5YRBANDS_Y50-54","2005",6.894,,,,"R1:3513"
"TUR","BA:622","UNE_DEAP_SEX_AGE_RT","SEX_T","AGE_5YRBANDS_Y55-59","2005",4.566,,,,"R1:3513"
"TUR","BA:622","UNE_DEAP_SEX_AGE_RT","SEX_T","AGE_5YRBANDS_Y60-64","2005",2.9,,,,"R1:3513"
"TUR","BA:622","UNE_DEAP_SEX_AGE_RT","SEX_T","AGE_5YRBANDS_YGE65","2005",0.834,,,,"R1:3513"
"TUR","BA:622","UNE_DEAP_SEX_AGE_RT","SEX_M","AGE_5YRBANDS_YGE15","2005",10.45,,,,"R1:3513"
"TUR","BA:622","UNE_DEAP_SEX_AGE_RT","SEX_M","AGE_5YRBANDS_Y15-19","2005",18.416,,,,"R1:3513"
"TUR","BA:622","UNE_DEAP_SEX_AGE_RT","SEX_M","AGE_5YRBANDS_Y20-24","2005",20.229,,,,"R1:3513"
"TUR","BA:622","UNE_DEAP_SEX_AGE_RT","SEX_M","AGE_5YRBANDS_Y25-29","2005",12.447,,,,"R1:3513"
"TUR","BA:622","UNE_DEAP_SEX_AGE_RT","SEX_M","AGE_5YRBANDS_Y30-34","2005",9.053,,,,"R1:3513"
"TUR","BA:622","UNE_DEAP_SEX_AGE_RT","SEX_M","AGE_5YRBANDS_Y35-39","2005",7.694,,,,"R1:3513"
"TUR","BA:622","UNE_DEAP_SEX_AGE_RT","SEX_M","AGE_5YRBANDS_Y40-44","2005",7.294,,,,"R1:3513"
"TUR","BA:622","UNE_DEAP_SEX_AGE_RT","SEX_M","AGE_5YRBANDS_Y45-49","2005",7.73,,,,"R1:3513"
"TUR","BA:622","UNE_DEAP_SEX_AGE_RT","SEX_M","AGE_5YRBANDS_Y50-54","2005",8.203,,,,"R1:3513"
"TUR","BA:622","UNE_DEAP_SEX_AGE_RT","SEX_M","AGE_5YRBANDS_Y55-59","2005",5.886,,,,"R1:3513"
"TUR","BA:622","UNE_DEAP_SEX_AGE_RT","SEX_M","AGE_5YRBANDS_Y60-64","2005",3.702,,,,"R1:3513"
"TUR","BA:622","UNE_DEAP_SEX_AGE_RT","SEX_M","AGE_5YRBANDS_YGE65","2005",1.098,,,,"R1:3513"
"TUR","BA:622","UNE_DEAP_SEX_AGE_RT","SEX_F","AGE_5YRBANDS_YGE15","2005",11.169,,,,"R1:3513"
"TUR","BA:622","UNE_DEAP_SEX_AGE_RT","SEX_F","AGE_5YRBANDS_Y15-19","2005",17.59,,,,"R1:3513"
"TUR","BA:622","UNE_DEAP_SEX_AGE_RT","SEX_F","AGE_5YRBANDS_Y20-24","2005",22.099,,,,"R1:3513"
"TUR","BA:622","UNE_DEAP_SEX_AGE_RT","SEX_F","AGE_5YRBANDS_Y25-29","2005",15.508,,,,"R1:3513"
"TUR","BA:622","UNE_DEAP_SEX_AGE_RT","SEX_F","AGE_5YRBANDS_Y30-34","2005",10.242,,,,"R1:3513"
"TUR","BA:622","UNE_DEAP_SEX_AGE_RT","SEX_F","AGE_5YRBANDS_Y35-39","2005",7.866,,,,"R1:3513"
"TUR","BA:622","UNE_DEAP_SEX_AGE_RT","SEX_F","AGE_5YRBANDS_Y40-44","2005",5.307,,,,"R1:3513"
"TUR","BA:622","UNE_DEAP_SEX_AGE_RT","SEX_F","AGE_5YRBANDS_Y45-49","2005",3.853,,,,"R1:3513"
"TUR","BA:622","UNE_DEAP_SEX_AGE_RT","SEX_F","AGE_5YRBANDS_Y50-54","2005",2.589,,,,"R1:3513"
"TUR","BA:622","UNE_DEAP_SEX_AGE_RT","SEX_F","AGE_5YRBANDS_Y55-59","2005",0.652,"U",,,"R1:3513"
"TUR","BA:622","UNE_DEAP_SEX_AGE_RT","SEX_F","AGE_5YRBANDS_Y60-64","2005",0.919,"U",,,"R1:3513"
"TUR","BA:622","UNE_DEAP_SEX_AGE_RT","SEX_F","AGE_5YRBANDS_YGE65","2005",,"U",,,"R1:3513"
"TUR","BA:622","UNE_DEAP_SEX_AGE_RT","SEX_T","AGE_YTHADULT_YGE15","2004",10.831,,,,"R1:3513"
"TUR","BA:622","UNE_DEAP_SEX_AGE_RT","SEX_T","AGE_YTHADULT_Y15-64","2004",11.122,,,,"R1:3513"
"TUR","BA:622","UNE_DEAP_SEX_AGE_RT","SEX_T","AGE_YTHADULT_Y15-24","2004",20.553,,,,"R1:3513"
"TUR","BA:622","UNE_DEAP_SEX_AGE_RT","SEX_T","AGE_YTHADULT_YGE25","2004",8.351,,,,"R1:3513"
"TUR","BA:622","UNE_DEAP_SEX_AGE_RT","SEX_M","AGE_YTHADULT_YGE15","2004",10.781,,,,"R1:3513"
"TUR","BA:622","UNE_DEAP_SEX_AGE_RT","SEX_M","AGE_YTHADULT_Y15-64","2004",11.048,,,,"R1:3513"
"TUR","BA:622","UNE_DEAP_SEX_AGE_RT","SEX_M","AGE_YTHADULT_Y15-24","2004",20.481,,,,"R1:3513"
"TUR","BA:622","UNE_DEAP_SEX_AGE_RT","SEX_M","AGE_YTHADULT_YGE25","2004",8.642,,,,"R1:3513"
"TUR","BA:622","UNE_DEAP_SEX_AGE_RT","SEX_F","AGE_YTHADULT_YGE15","2004",10.974,,,,"R1:3513"
"TUR","BA:622","UNE_DEAP_SEX_AGE_RT","SEX_F","AGE_YTHADULT_Y15-64","2004",11.335,,,,"R1:3513"
"TUR","BA:622","UNE_DEAP_SEX_AGE_RT","SEX_F","AGE_YTHADULT_Y15-24","2004",20.694,,,,"R1:3513"
"TUR","BA:622","UNE_DEAP_SEX_AGE_RT","SEX_F","AGE_YTHADULT_YGE25","2004",7.414,,,,"R1:3513"
"TUR","BA:622","UNE_DEAP_SEX_AGE_RT","SEX_T","AGE_AGGREGATE_YGE15","2004",10.831,,,,"R1:3513"
"TUR","BA:622","UNE_DEAP_SEX_AGE_RT","SEX_T","AGE_AGGREGATE_Y15-24","2004",20.553,,,,"R1:3513"
"TUR","BA:622","UNE_DEAP_SEX_AGE_RT","SEX_T","AGE_AGGREGATE_Y25-54","2004",9.046,,,,"R1:3513"
"TUR","BA:622","UNE_DEAP_SEX_AGE_RT","SEX_T","AGE_AGGREGATE_Y55-64","2004",3.548,,,,"R1:3513"
"TUR","BA:622","UNE_DEAP_SEX_AGE_RT","SEX_T","AGE_AGGREGATE_YGE65","2004",1.091,,,,"R1:3513"
"TUR","BA:622","UNE_DEAP_SEX_AGE_RT","SEX_M","AGE_AGGREGATE_YGE15","2004",10.781,,,,"R1:3513"
"TUR","BA:622","UNE_DEAP_SEX_AGE_RT","SEX_M","AGE_AGGREGATE_Y15-24","2004",20.481,,,,"R1:3513"
"TUR","BA:622","UNE_DEAP_SEX_AGE_RT","SEX_M","AGE_AGGREGATE_Y25-54","2004",9.215,,,,"R1:3513"
"TUR","BA:622","UNE_DEAP_SEX_AGE_RT","SEX_M","AGE_AGGREGATE_Y55-64","2004",4.726,,,,"R1:3513"
"TUR","BA:622","UNE_DEAP_SEX_AGE_RT","SEX_M","AGE_AGGREGATE_YGE65","2004",1.443,,,,"R1:3513"
"TUR","BA:622","UNE_DEAP_SEX_AGE_RT","SEX_F","AGE_AGGREGATE_YGE15","2004",10.974,,,,"R1:3513"
"TUR","BA:622","UNE_DEAP_SEX_AGE_RT","SEX_F","AGE_AGGREGATE_Y15-24","2004",20.694,,,,"R1:3513"
"TUR","BA:622","UNE_DEAP_SEX_AGE_RT","SEX_F","AGE_AGGREGATE_Y25-54","2004",8.481,,,,"R1:3513"
"TUR","BA:622","UNE_DEAP_SEX_AGE_RT","SEX_F","AGE_AGGREGATE_Y55-64","2004",0.609,,,,"R1:3513"
"TUR","BA:622","UNE_DEAP_SEX_AGE_RT","SEX_F","AGE_AGGREGATE_YGE65","2004",,"U",,,"R1:3513"
"TUR","BA:622","UNE_DEAP_SEX_AGE_RT","SEX_T","AGE_10YRBANDS_YGE15","2004",10.831,,,,"R1:3513"
"TUR","BA:622","UNE_DEAP_SEX_AGE_RT","SEX_T","AGE_10YRBANDS_Y15-24","2004",20.553,,,,"R1:3513"
"TUR","BA:622","UNE_DEAP_SEX_AGE_RT","SEX_T","AGE_10YRBANDS_Y25-34","2004",11.696,,,,"R1:3513"
"TUR","BA:622","UNE_DEAP_SEX_AGE_RT","SEX_T","AGE_10YRBANDS_Y35-44","2004",7.304,,,,"R1:3513"
"TUR","BA:622","UNE_DEAP_SEX_AGE_RT","SEX_T","AGE_10YRBANDS_Y45-54","2004",6.397,,,,"R1:3513"
"TUR","BA:622","UNE_DEAP_SEX_AGE_RT","SEX_T","AGE_10YRBANDS_Y55-64","2004",3.548,,,,"R1:3513"
"TUR","BA:622","UNE_DEAP_SEX_AGE_RT","SEX_T","AGE_10YRBANDS_YGE65","2004",1.091,,,,"R1:3513"
"TUR","BA:622","UNE_DEAP_SEX_AGE_RT","SEX_M","AGE_10YRBANDS_YGE15","2004",10.781,,,,"R1:3513"
"TUR","BA:622","UNE_DEAP_SEX_AGE_RT","SEX_M","AGE_10YRBANDS_Y15-24","2004",20.481,,,,"R1:3513"
"TUR","BA:622","UNE_DEAP_SEX_AGE_RT","SEX_M","AGE_10YRBANDS_Y25-34","2004",11.43,,,,"R1:3513"
"TUR","BA:622","UNE_DEAP_SEX_AGE_RT","SEX_M","AGE_10YRBANDS_Y35-44","2004",7.566,,,,"R1:3513"
"TUR","BA:622","UNE_DEAP_SEX_AGE_RT","SEX_M","AGE_10YRBANDS_Y45-54","2004",7.427,,,,"R1:3513"
"TUR","BA:622","UNE_DEAP_SEX_AGE_RT","SEX_M","AGE_10YRBANDS_Y55-64","2004",4.726,,,,"R1:3513"
"TUR","BA:622","UNE_DEAP_SEX_AGE_RT","SEX_M","AGE_10YRBANDS_YGE65","2004",1.443,,,,"R1:3513"
"TUR","BA:622","UNE_DEAP_SEX_AGE_RT","SEX_F","AGE_10YRBANDS_YGE15","2004",10.974,,,,"R1:3513"
"TUR","BA:622","UNE_DEAP_SEX_AGE_RT","SEX_F","AGE_10YRBANDS_Y15-24","2004",20.694,,,,"R1:3513"
"TUR","BA:622","UNE_DEAP_SEX_AGE_RT","SEX_F","AGE_10YRBANDS_Y25-34","2004",12.546,,,,"R1:3513"
"TUR","BA:622","UNE_DEAP_SEX_AGE_RT","SEX_F","AGE_10YRBANDS_Y35-44","2004",6.395,,,,"R1:3513"
"TUR","BA:622","UNE_DEAP_SEX_AGE_RT","SEX_F","AGE_10YRBANDS_Y45-54","2004",2.845,,,,"R1:3513"
"TUR","BA:622","UNE_DEAP_SEX_AGE_RT","SEX_F","AGE_10YRBANDS_Y55-64","2004",0.609,,,,"R1:3513"
"TUR","BA:622","UNE_DEAP_SEX_AGE_RT","SEX_F","AGE_10YRBANDS_YGE65","2004",,"U",,,"R1:3513"
"TUR","BA:622","UNE_DEAP_SEX_AGE_RT","SEX_T","AGE_5YRBANDS_YGE15","2004",10.831,,,,"R1:3513"
"TUR","BA:622","UNE_DEAP_SEX_AGE_RT","SEX_T","AGE_5YRBANDS_Y15-19","2004",17.68,,,,"R1:3513"
"TUR","BA:622","UNE_DEAP_SEX_AGE_RT","SEX_T","AGE_5YRBANDS_Y20-24","2004",22.188,,,,"R1:3513"
"TUR","BA:622","UNE_DEAP_SEX_AGE_RT","SEX_T","AGE_5YRBANDS_Y25-29","2004",13.937,,,,"R1:3513"
"TUR","BA:622","UNE_DEAP_SEX_AGE_RT","SEX_T","AGE_5YRBANDS_Y30-34","2004",9.307,,,,"R1:3513"
"TUR","BA:622","UNE_DEAP_SEX_AGE_RT","SEX_T","AGE_5YRBANDS_Y35-39","2004",7.771,,,,"R1:3513"
"TUR","BA:622","UNE_DEAP_SEX_AGE_RT","SEX_T","AGE_5YRBANDS_Y40-44","2004",6.766,,,,"R1:3513"
"TUR","BA:622","UNE_DEAP_SEX_AGE_RT","SEX_T","AGE_5YRBANDS_Y45-49","2004",6.336,,,,"R1:3513"
"TUR","BA:622","UNE_DEAP_SEX_AGE_RT","SEX_T","AGE_5YRBANDS_Y50-54","2004",6.492,,,,"R1:3513"
"TUR","BA:622","UNE_DEAP_SEX_AGE_RT","SEX_T","AGE_5YRBANDS_Y55-59","2004",3.972,,,,"R1:3513"
"TUR","BA:622","UNE_DEAP_SEX_AGE_RT","SEX_T","AGE_5YRBANDS_Y60-64","2004",2.87,,,,"R1:3513"
"TUR","BA:622","UNE_DEAP_SEX_AGE_RT","SEX_T","AGE_5YRBANDS_YGE65","2004",1.091,,,,"R1:3513"
"TUR","BA:622","UNE_DEAP_SEX_AGE_RT","SEX_M","AGE_5YRBANDS_YGE15","2004",10.781,,,,"R1:3513"
"TUR","BA:622","UNE_DEAP_SEX_AGE_RT","SEX_M","AGE_5YRBANDS_Y15-19","2004",18.203,,,,"R1:3513"
"TUR","BA:622","UNE_DEAP_SEX_AGE_RT","SEX_M","AGE_5YRBANDS_Y20-24","2004",21.821,,,,"R1:3513"
"TUR","BA:622","UNE_DEAP_SEX_AGE_RT","SEX_M","AGE_5YRBANDS_Y25-29","2004",13.644,,,,"R1:3513"
"TUR","BA:622","UNE_DEAP_SEX_AGE_RT","SEX_M","AGE_5YRBANDS_Y30-34","2004",9.143,,,,"R1:3513"
"TUR","BA:622","UNE_DEAP_SEX_AGE_RT","SEX_M","AGE_5YRBANDS_Y35-39","2004",7.987,,,,"R1:3513"
"TUR","BA:622","UNE_DEAP_SEX_AGE_RT","SEX_M","AGE_5YRBANDS_Y40-44","2004",7.087,,,,"R1:3513"
"TUR","BA:622","UNE_DEAP_SEX_AGE_RT","SEX_M","AGE_5YRBANDS_Y45-49","2004",7.306,,,,"R1:3513"
"TUR","BA:622","UNE_DEAP_SEX_AGE_RT","SEX_M","AGE_5YRBANDS_Y50-54","2004",7.62,,,,"R1:3513"
"TUR","BA:622","UNE_DEAP_SEX_AGE_RT","SEX_M","AGE_5YRBANDS_Y55-59","2004",5.2,,,,"R1:3513"
"TUR","BA:622","UNE_DEAP_SEX_AGE_RT","SEX_M","AGE_5YRBANDS_Y60-64","2004",3.939,,,,"R1:3513"
"TUR","BA:622","UNE_DEAP_SEX_AGE_RT","SEX_M","AGE_5YRBANDS_YGE65","2004",1.443,,,,"R1:3513"
"TUR","BA:622","UNE_DEAP_SEX_AGE_RT","SEX_F","AGE_5YRBANDS_YGE15","2004",10.974,,,,"R1:3513"
"TUR","BA:622","UNE_DEAP_SEX_AGE_RT","SEX_F","AGE_5YRBANDS_Y15-19","2004",16.596,,,,"R1:3513"
"TUR","BA:622","UNE_DEAP_SEX_AGE_RT","SEX_F","AGE_5YRBANDS_Y20-24","2004",22.875,,,,"R1:3513"
"TUR","BA:622","UNE_DEAP_SEX_AGE_RT","SEX_F","AGE_5YRBANDS_Y25-29","2004",14.814,,,,"R1:3513"
"TUR","BA:622","UNE_DEAP_SEX_AGE_RT","SEX_F","AGE_5YRBANDS_Y30-34","2004",9.872,,,,"R1:3513"
"TUR","BA:622","UNE_DEAP_SEX_AGE_RT","SEX_F","AGE_5YRBANDS_Y35-39","2004",7.042,,,,"R1:3513"
"TUR","BA:622","UNE_DEAP_SEX_AGE_RT","SEX_F","AGE_5YRBANDS_Y40-44","2004",5.605,,,,"R1:3513"
"TUR","BA:622","UNE_DEAP_SEX_AGE_RT","SEX_F","AGE_5YRBANDS_Y45-49","2004",2.878,,,,"R1:3513"
"TUR","BA:622","UNE_DEAP_SEX_AGE_RT","SEX_F","AGE_5YRBANDS_Y50-54","2004",2.797,,,,"R1:3513"
"TUR","BA:622","UNE_DEAP_SEX_AGE_RT","SEX_F","AGE_5YRBANDS_Y55-59","2004",0.753,"U",,,"R1:3513"
"TUR","BA:622","UNE_DEAP_SEX_AGE_RT","SEX_F","AGE_5YRBANDS_Y60-64","2004",,"U",,,"R1:3513"
"TUR","BA:622","UNE_DEAP_SEX_AGE_RT","SEX_F","AGE_5YRBANDS_YGE65","2004",,"U",,,"R1:3513"
"TUR","BA:622","UNE_DEAP_SEX_AGE_RT","SEX_T","AGE_YTHADULT_YGE15","2003",10.546,,,,"R1:3513"
"TUR","BA:622","UNE_DEAP_SEX_AGE_RT","SEX_T","AGE_YTHADULT_Y15-64","2003",10.837,,,,"R1:3513"
"TUR","BA:622","UNE_DEAP_SEX_AGE_RT","SEX_T","AGE_YTHADULT_Y15-24","2003",20.525,,,,"R1:3513"
"TUR","BA:622","UNE_DEAP_SEX_AGE_RT","SEX_T","AGE_YTHADULT_YGE25","2003",8.035,,,,"R1:3513"
"TUR","BA:622","UNE_DEAP_SEX_AGE_RT","SEX_M","AGE_YTHADULT_YGE15","2003",10.71,,,,"R1:3513"
"TUR","BA:622","UNE_DEAP_SEX_AGE_RT","SEX_M","AGE_YTHADULT_Y15-64","2003",10.979,,,,"R1:3513"
"TUR","BA:622","UNE_DEAP_SEX_AGE_RT","SEX_M","AGE_YTHADULT_Y15-24","2003",21.441,,,,"R1:3513"
"TUR","BA:622","UNE_DEAP_SEX_AGE_RT","SEX_M","AGE_YTHADULT_YGE25","2003",8.372,,,,"R1:3513"
"TUR","BA:622","UNE_DEAP_SEX_AGE_RT","SEX_F","AGE_YTHADULT_YGE15","2003",10.118,,,,"R1:3513"
"TUR","BA:622","UNE_DEAP_SEX_AGE_RT","SEX_F","AGE_YTHADULT_Y15-64","2003",10.462,,,,"R1:3513"
"TUR","BA:622","UNE_DEAP_SEX_AGE_RT","SEX_F","AGE_YTHADULT_Y15-24","2003",18.875,,,,"R1:3513"
"TUR","BA:622","UNE_DEAP_SEX_AGE_RT","SEX_F","AGE_YTHADULT_YGE25","2003",7.062,,,,"R1:3513"
"TUR","BA:622","UNE_DEAP_SEX_AGE_RT","SEX_T","AGE_AGGREGATE_YGE15","2003",10.546,,,,"R1:3513"
"TUR","BA:622","UNE_DEAP_SEX_AGE_RT","SEX_T","AGE_AGGREGATE_Y15-24","2003",20.525,,,,"R1:3513"
"TUR","BA:622","UNE_DEAP_SEX_AGE_RT","SEX_T","AGE_AGGREGATE_Y25-54","2003",8.699,,,,"R1:3513"
"TUR","BA:622","UNE_DEAP_SEX_AGE_RT","SEX_T","AGE_AGGREGATE_Y55-64","2003",3.695,,,,"R1:3513"
"TUR","BA:622","UNE_DEAP_SEX_AGE_RT","SEX_T","AGE_AGGREGATE_YGE65","2003",0.682,,,,"R1:3513"
"TUR","BA:622","UNE_DEAP_SEX_AGE_RT","SEX_M","AGE_AGGREGATE_YGE15","2003",10.71,,,,"R1:3513"
"TUR","BA:622","UNE_DEAP_SEX_AGE_RT","SEX_M","AGE_AGGREGATE_Y15-24","2003",21.441,,,,"R1:3513"
"TUR","BA:622","UNE_DEAP_SEX_AGE_RT","SEX_M","AGE_AGGREGATE_Y25-54","2003",8.908,,,,"R1:3513"
"TUR","BA:622","UNE_DEAP_SEX_AGE_RT","SEX_M","AGE_AGGREGATE_Y55-64","2003",4.915,,,,"R1:3513"
"TUR","BA:622","UNE_DEAP_SEX_AGE_RT","SEX_M","AGE_AGGREGATE_YGE65","2003",0.798,,,,"R1:3513"
"TUR","BA:622","UNE_DEAP_SEX_AGE_RT","SEX_F","AGE_AGGREGATE_YGE15","2003",10.118,,,,"R1:3513"
"TUR","BA:622","UNE_DEAP_SEX_AGE_RT","SEX_F","AGE_AGGREGATE_Y15-24","2003",18.875,,,,"R1:3513"
"TUR","BA:622","UNE_DEAP_SEX_AGE_RT","SEX_F","AGE_AGGREGATE_Y25-54","2003",8.069,,,,"R1:3513"
"TUR","BA:622","UNE_DEAP_SEX_AGE_RT","SEX_F","AGE_AGGREGATE_Y55-64","2003",1.117,,,,"R1:3513"
"TUR","BA:622","UNE_DEAP_SEX_AGE_RT","SEX_F","AGE_AGGREGATE_YGE65","2003",0.45,"U",,,"R1:3513"
"TUR","BA:622","UNE_DEAP_SEX_AGE_RT","SEX_T","AGE_10YRBANDS_YGE15","2003",10.546,,,,"R1:3513"
"TUR","BA:622","UNE_DEAP_SEX_AGE_RT","SEX_T","AGE_10YRBANDS_Y15-24","2003",20.525,,,,"R1:3513"
"TUR","BA:622","UNE_DEAP_SEX_AGE_RT","SEX_T","AGE_10YRBANDS_Y25-34","2003",10.965,,,,"R1:3513"
"TUR","BA:622","UNE_DEAP_SEX_AGE_RT","SEX_T","AGE_10YRBANDS_Y35-44","2003",7.031,,,,"R1:3513"
"TUR","BA:622","UNE_DEAP_SEX_AGE_RT","SEX_T","AGE_10YRBANDS_Y45-54","2003",6.324,,,,"R1:3513"
"TUR","BA:622","UNE_DEAP_SEX_AGE_RT","SEX_T","AGE_10YRBANDS_Y55-64","2003",3.695,,,,"R1:3513"
"TUR","BA:622","UNE_DEAP_SEX_AGE_RT","SEX_T","AGE_10YRBANDS_YGE65","2003",0.682,,,,"R1:3513"
"TUR","BA:622","UNE_DEAP_SEX_AGE_RT","SEX_M","AGE_10YRBANDS_YGE15","2003",10.71,,,,"R1:3513"
"TUR","BA:622","UNE_DEAP_SEX_AGE_RT","SEX_M","AGE_10YRBANDS_Y15-24","2003",21.441,,,,"R1:3513"
"TUR","BA:622","UNE_DEAP_SEX_AGE_RT","SEX_M","AGE_10YRBANDS_Y25-34","2003",10.748,,,,"R1:3513"
"TUR","BA:622","UNE_DEAP_SEX_AGE_RT","SEX_M","AGE_10YRBANDS_Y35-44","2003",7.364,,,,"R1:3513"
"TUR","BA:622","UNE_DEAP_SEX_AGE_RT","SEX_M","AGE_10YRBANDS_Y45-54","2003",7.321,,,,"R1:3513"
"TUR","BA:622","UNE_DEAP_SEX_AGE_RT","SEX_M","AGE_10YRBANDS_Y55-64","2003",4.915,,,,"R1:3513"
"TUR","BA:622","UNE_DEAP_SEX_AGE_RT","SEX_M","AGE_10YRBANDS_YGE65","2003",0.798,,,,"R1:3513"
"TUR","BA:622","UNE_DEAP_SEX_AGE_RT","SEX_F","AGE_10YRBANDS_YGE15","2003",10.118,,,,"R1:3513"
"TUR","BA:622","UNE_DEAP_SEX_AGE_RT","SEX_F","AGE_10YRBANDS_Y15-24","2003",18.875,,,,"R1:3513"
"TUR","BA:622","UNE_DEAP_SEX_AGE_RT","SEX_F","AGE_10YRBANDS_Y25-34","2003",11.611,,,,"R1:3513"
"TUR","BA:622","UNE_DEAP_SEX_AGE_RT","SEX_F","AGE_10YRBANDS_Y35-44","2003",6,,,,"R1:3513"
"TUR","BA:622","UNE_DEAP_SEX_AGE_RT","SEX_F","AGE_10YRBANDS_Y45-54","2003",3.374,,,,"R1:3513"
"TUR","BA:622","UNE_DEAP_SEX_AGE_RT","SEX_F","AGE_10YRBANDS_Y55-64","2003",1.117,,,,"R1:3513"
"TUR","BA:622","UNE_DEAP_SEX_AGE_RT","SEX_F","AGE_10YRBANDS_YGE65","2003",0.45,"U",,,"R1:3513"
"TUR","BA:622","UNE_DEAP_SEX_AGE_RT","SEX_T","AGE_5YRBANDS_YGE15","2003",10.546,,,,"R1:3513"
"TUR","BA:622","UNE_DEAP_SEX_AGE_RT","SEX_T","AGE_5YRBANDS_Y15-19","2003",17.893,,,,"R1:3513"
"TUR","BA:622","UNE_DEAP_SEX_AGE_RT","SEX_T","AGE_5YRBANDS_Y20-24","2003",22.125,,,,"R1:3513"
"TUR","BA:622","UNE_DEAP_SEX_AGE_RT","SEX_T","AGE_5YRBANDS_Y25-29","2003",12.74,,,,"R1:3513"
"TUR","BA:622","UNE_DEAP_SEX_AGE_RT","SEX_T","AGE_5YRBANDS_Y30-34","2003",8.995,,,,"R1:3513"
"TUR","BA:622","UNE_DEAP_SEX_AGE_RT","SEX_T","AGE_5YRBANDS_Y35-39","2003",7.446,,,,"R1:3513"
"TUR","BA:622","UNE_DEAP_SEX_AGE_RT","SEX_T","AGE_5YRBANDS_Y40-44","2003",6.548,,,,"R1:3513"
"TUR","BA:622","UNE_DEAP_SEX_AGE_RT","SEX_T","AGE_5YRBANDS_Y45-49","2003",6.534,,,,"R1:3513"
"TUR","BA:622","UNE_DEAP_SEX_AGE_RT","SEX_T","AGE_5YRBANDS_Y50-54","2003",6.006,,,,"R1:3513"
"TUR","BA:622","UNE_DEAP_SEX_AGE_RT","SEX_T","AGE_5YRBANDS_Y55-59","2003",4.531,,,,"R1:3513"
"TUR","BA:622","UNE_DEAP_SEX_AGE_RT","SEX_T","AGE_5YRBANDS_Y60-64","2003",2.517,,,,"R1:3513"
"TUR","BA:622","UNE_DEAP_SEX_AGE_RT","SEX_T","AGE_5YRBANDS_YGE65","2003",0.682,,,,"R1:3513"
"TUR","BA:622","UNE_DEAP_SEX_AGE_RT","SEX_M","AGE_5YRBANDS_YGE15","2003",10.71,,,,"R1:3513"
"TUR","BA:622","UNE_DEAP_SEX_AGE_RT","SEX_M","AGE_5YRBANDS_Y15-19","2003",18.745,,,,"R1:3513"
"TUR","BA:622","UNE_DEAP_SEX_AGE_RT","SEX_M","AGE_5YRBANDS_Y20-24","2003",23.092,,,,"R1:3513"
"TUR","BA:622","UNE_DEAP_SEX_AGE_RT","SEX_M","AGE_5YRBANDS_Y25-29","2003",12.595,,,,"R1:3513"
"TUR","BA:622","UNE_DEAP_SEX_AGE_RT","SEX_M","AGE_5YRBANDS_Y30-34","2003",8.731,,,,"R1:3513"
"TUR","BA:622","UNE_DEAP_SEX_AGE_RT","SEX_M","AGE_5YRBANDS_Y35-39","2003",7.636,,,,"R1:3513"
"TUR","BA:622","UNE_DEAP_SEX_AGE_RT","SEX_M","AGE_5YRBANDS_Y40-44","2003",7.05,,,,"R1:3513"
"TUR","BA:622","UNE_DEAP_SEX_AGE_RT","SEX_M","AGE_5YRBANDS_Y45-49","2003",7.379,,,,"R1:3513"
"TUR","BA:622","UNE_DEAP_SEX_AGE_RT","SEX_M","AGE_5YRBANDS_Y50-54","2003",7.231,,,,"R1:3513"
"TUR","BA:622","UNE_DEAP_SEX_AGE_RT","SEX_M","AGE_5YRBANDS_Y55-59","2003",6.143,,,,"R1:3513"
"TUR","BA:622","UNE_DEAP_SEX_AGE_RT","SEX_M","AGE_5YRBANDS_Y60-64","2003",3.157,,,,"R1:3513"
"TUR","BA:622","UNE_DEAP_SEX_AGE_RT","SEX_M","AGE_5YRBANDS_YGE65","2003",0.798,,,,"R1:3513"
"TUR","BA:622","UNE_DEAP_SEX_AGE_RT","SEX_F","AGE_5YRBANDS_YGE15","2003",10.118,,,,"R1:3513"
"TUR","BA:622","UNE_DEAP_SEX_AGE_RT","SEX_F","AGE_5YRBANDS_Y15-19","2003",16.336,,,,"R1:3513"
"TUR","BA:622","UNE_DEAP_SEX_AGE_RT","SEX_F","AGE_5YRBANDS_Y20-24","2003",20.396,,,,"R1:3513"
"TUR","BA:622","UNE_DEAP_SEX_AGE_RT","SEX_F","AGE_5YRBANDS_Y25-29","2003",13.161,,,,"R1:3513"
"TUR","BA:622","UNE_DEAP_SEX_AGE_RT","SEX_F","AGE_5YRBANDS_Y30-34","2003",9.808,,,,"R1:3513"
"TUR","BA:622","UNE_DEAP_SEX_AGE_RT","SEX_F","AGE_5YRBANDS_Y35-39","2003",6.871,,,,"R1:3513"
"TUR","BA:622","UNE_DEAP_SEX_AGE_RT","SEX_F","AGE_5YRBANDS_Y40-44","2003",4.952,,,,"R1:3513"
"TUR","BA:622","UNE_DEAP_SEX_AGE_RT","SEX_F","AGE_5YRBANDS_Y45-49","2003",3.946,,,,"R1:3513"
"TUR","BA:622","UNE_DEAP_SEX_AGE_RT","SEX_F","AGE_5YRBANDS_Y50-54","2003",2.557,,,,"R1:3513"
"TUR","BA:622","UNE_DEAP_SEX_AGE_RT","SEX_F","AGE_5YRBANDS_Y55-59","2003",1.056,"U",,,"R1:3513"
"TUR","BA:622","UNE_DEAP_SEX_AGE_RT","SEX_F","AGE_5YRBANDS_Y60-64","2003",1.199,"U",,,"R1:3513"
"TUR","BA:622","UNE_DEAP_SEX_AGE_RT","SEX_F","AGE_5YRBANDS_YGE65","2003",0.45,"U",,,"R1:3513"
"TUR","BA:622","UNE_DEAP_SEX_AGE_RT","SEX_T","AGE_YTHADULT_YGE15","2002",10.345,,,,"R1:3513"
"TUR","BA:622","UNE_DEAP_SEX_AGE_RT","SEX_T","AGE_YTHADULT_Y15-64","2002",10.635,,,,"R1:3513"
"TUR","BA:622","UNE_DEAP_SEX_AGE_RT","SEX_T","AGE_YTHADULT_Y15-24","2002",19.16,,,,"R1:3513"
"TUR","BA:622","UNE_DEAP_SEX_AGE_RT","SEX_T","AGE_YTHADULT_YGE25","2002",7.934,,,,"R1:3513"
"TUR","BA:622","UNE_DEAP_SEX_AGE_RT","SEX_M","AGE_YTHADULT_YGE15","2002",10.705,,,,"R1:3513"
"TUR","BA:622","UNE_DEAP_SEX_AGE_RT","SEX_M","AGE_YTHADULT_Y15-64","2002",10.975,,,,"R1:3513"
"TUR","BA:622","UNE_DEAP_SEX_AGE_RT","SEX_M","AGE_YTHADULT_Y15-24","2002",20.334,,,,"R1:3513"
"TUR","BA:622","UNE_DEAP_SEX_AGE_RT","SEX_M","AGE_YTHADULT_YGE25","2002",8.431,,,,"R1:3513"
"TUR","BA:622","UNE_DEAP_SEX_AGE_RT","SEX_F","AGE_YTHADULT_YGE15","2002",9.438,,,,"R1:3513"
"TUR","BA:622","UNE_DEAP_SEX_AGE_RT","SEX_F","AGE_YTHADULT_Y15-64","2002",9.769,,,,"R1:3513"
"TUR","BA:622","UNE_DEAP_SEX_AGE_RT","SEX_F","AGE_YTHADULT_Y15-24","2002",17.101,,,,"R1:3513"
"TUR","BA:622","UNE_DEAP_SEX_AGE_RT","SEX_F","AGE_YTHADULT_YGE25","2002",6.535,,,,"R1:3513"
"TUR","BA:622","UNE_DEAP_SEX_AGE_RT","SEX_T","AGE_AGGREGATE_YGE15","2002",10.345,,,,"R1:3513"
"TUR","BA:622","UNE_DEAP_SEX_AGE_RT","SEX_T","AGE_AGGREGATE_Y15-24","2002",19.16,,,,"R1:3513"
"TUR","BA:622","UNE_DEAP_SEX_AGE_RT","SEX_T","AGE_AGGREGATE_Y25-54","2002",8.646,,,,"R1:3513"
"TUR","BA:622","UNE_DEAP_SEX_AGE_RT","SEX_T","AGE_AGGREGATE_Y55-64","2002",3.469,,,,"R1:3513"
"TUR","BA:622","UNE_DEAP_SEX_AGE_RT","SEX_T","AGE_AGGREGATE_YGE65","2002",0.794,,,,"R1:3513"
"TUR","BA:622","UNE_DEAP_SEX_AGE_RT","SEX_M","AGE_AGGREGATE_YGE15","2002",10.705,,,,"R1:3513"
"TUR","BA:622","UNE_DEAP_SEX_AGE_RT","SEX_M","AGE_AGGREGATE_Y15-24","2002",20.334,,,,"R1:3513"
"TUR","BA:622","UNE_DEAP_SEX_AGE_RT","SEX_M","AGE_AGGREGATE_Y25-54","2002",9.036,,,,"R1:3513"
"TUR","BA:622","UNE_DEAP_SEX_AGE_RT","SEX_M","AGE_AGGREGATE_Y55-64","2002",4.524,,,,"R1:3513"
"TUR","BA:622","UNE_DEAP_SEX_AGE_RT","SEX_M","AGE_AGGREGATE_YGE65","2002",0.966,,,,"R1:3513"
"TUR","BA:622","UNE_DEAP_SEX_AGE_RT","SEX_F","AGE_AGGREGATE_YGE15","2002",9.438,,,,"R1:3513"
"TUR","BA:622","UNE_DEAP_SEX_AGE_RT","SEX_F","AGE_AGGREGATE_Y15-24","2002",17.101,,,,"R1:3513"
"TUR","BA:622","UNE_DEAP_SEX_AGE_RT","SEX_F","AGE_AGGREGATE_Y25-54","2002",7.497,,,,"R1:3513"
"TUR","BA:622","UNE_DEAP_SEX_AGE_RT","SEX_F","AGE_AGGREGATE_Y55-64","2002",1.227,,,,"R1:3513"
"TUR","BA:622","UNE_DEAP_SEX_AGE_RT","SEX_F","AGE_AGGREGATE_YGE65","2002",0.465,"U",,,"R1:3513"
"TUR","BA:622","UNE_DEAP_SEX_AGE_RT","SEX_T","AGE_10YRBANDS_YGE15","2002",10.345,,,,"R1:3513"
"TUR","BA:622","UNE_DEAP_SEX_AGE_RT","SEX_T","AGE_10YRBANDS_Y15-24","2002",19.16,,,,"R1:3513"
"TUR","BA:622","UNE_DEAP_SEX_AGE_RT","SEX_T","AGE_10YRBANDS_Y25-34","2002",10.354,,,,"R1:3513"
"TUR","BA:622","UNE_DEAP_SEX_AGE_RT","SEX_T","AGE_10YRBANDS_Y35-44","2002",7.732,,,,"R1:3513"
"TUR","BA:622","UNE_DEAP_SEX_AGE_RT","SEX_T","AGE_10YRBANDS_Y45-54","2002",6.276,,,,"R1:3513"
"TUR","BA:622","UNE_DEAP_SEX_AGE_RT","SEX_T","AGE_10YRBANDS_Y55-64","2002",3.469,,,,"R1:3513"
"TUR","BA:622","UNE_DEAP_SEX_AGE_RT","SEX_T","AGE_10YRBANDS_YGE65","2002",0.794,,,,"R1:3513"
"TUR","BA:622","UNE_DEAP_SEX_AGE_RT","SEX_M","AGE_10YRBANDS_YGE15","2002",10.705,,,,"R1:3513"
"TUR","BA:622","UNE_DEAP_SEX_AGE_RT","SEX_M","AGE_10YRBANDS_Y15-24","2002",20.334,,,,"R1:3513"
"TUR","BA:622","UNE_DEAP_SEX_AGE_RT","SEX_M","AGE_10YRBANDS_Y25-34","2002",10.213,,,,"R1:3513"
"TUR","BA:622","UNE_DEAP_SEX_AGE_RT","SEX_M","AGE_10YRBANDS_Y35-44","2002",8.223,,,,"R1:3513"
"TUR","BA:622","UNE_DEAP_SEX_AGE_RT","SEX_M","AGE_10YRBANDS_Y45-54","2002",7.727,,,,"R1:3513"
"TUR","BA:622","UNE_DEAP_SEX_AGE_RT","SEX_M","AGE_10YRBANDS_Y55-64","2002",4.524,,,,"R1:3513"
"TUR","BA:622","UNE_DEAP_SEX_AGE_RT","SEX_M","AGE_10YRBANDS_YGE65","2002",0.966,,,,"R1:3513"
"TUR","BA:622","UNE_DEAP_SEX_AGE_RT","SEX_F","AGE_10YRBANDS_YGE15","2002",9.438,,,,"R1:3513"
"TUR","BA:622","UNE_DEAP_SEX_AGE_RT","SEX_F","AGE_10YRBANDS_Y15-24","2002",17.101,,,,"R1:3513"
"TUR","BA:622","UNE_DEAP_SEX_AGE_RT","SEX_F","AGE_10YRBANDS_Y25-34","2002",10.766,,,,"R1:3513"
"TUR","BA:622","UNE_DEAP_SEX_AGE_RT","SEX_F","AGE_10YRBANDS_Y35-44","2002",6.219,,,,"R1:3513"
"TUR","BA:622","UNE_DEAP_SEX_AGE_RT","SEX_F","AGE_10YRBANDS_Y45-54","2002",2.178,,,,"R1:3513"
"TUR","BA:622","UNE_DEAP_SEX_AGE_RT","SEX_F","AGE_10YRBANDS_Y55-64","2002",1.227,,,,"R1:3513"
"TUR","BA:622","UNE_DEAP_SEX_AGE_RT","SEX_F","AGE_10YRBANDS_YGE65","2002",0.465,"U",,,"R1:3513"
"TUR","BA:622","UNE_DEAP_SEX_AGE_RT","SEX_T","AGE_5YRBANDS_YGE15","2002",10.345,,,,"R1:3513"
"TUR","BA:622","UNE_DEAP_SEX_AGE_RT","SEX_T","AGE_5YRBANDS_Y15-19","2002",16.665,,,,"R1:3513"
"TUR","BA:622","UNE_DEAP_SEX_AGE_RT","SEX_T","AGE_5YRBANDS_Y20-24","2002",20.809,,,,"R1:3513"
"TUR","BA:622","UNE_DEAP_SEX_AGE_RT","SEX_T","AGE_5YRBANDS_Y25-29","2002",11.907,,,,"R1:3513"
"TUR","BA:622","UNE_DEAP_SEX_AGE_RT","SEX_T","AGE_5YRBANDS_Y30-34","2002",8.603,,,,"R1:3513"
"TUR","BA:622","UNE_DEAP_SEX_AGE_RT","SEX_T","AGE_5YRBANDS_Y35-39","2002",8.068,,,,"R1:3513"
"TUR","BA:622","UNE_DEAP_SEX_AGE_RT","SEX_T","AGE_5YRBANDS_Y40-44","2002",7.343,,,,"R1:3513"
"TUR","BA:622","UNE_DEAP_SEX_AGE_RT","SEX_T","AGE_5YRBANDS_Y45-49","2002",6.6,,,,"R1:3513"
"TUR","BA:622","UNE_DEAP_SEX_AGE_RT","SEX_T","AGE_5YRBANDS_Y50-54","2002",5.765,,,,"R1:3513"
"TUR","BA:622","UNE_DEAP_SEX_AGE_RT","SEX_T","AGE_5YRBANDS_Y55-59","2002",4.825,,,,"R1:3513"
"TUR","BA:622","UNE_DEAP_SEX_AGE_RT","SEX_T","AGE_5YRBANDS_Y60-64","2002",1.635,,,,"R1:3513"
"TUR","BA:622","UNE_DEAP_SEX_AGE_RT","SEX_T","AGE_5YRBANDS_YGE65","2002",0.794,,,,"R1:3513"
"TUR","BA:622","UNE_DEAP_SEX_AGE_RT","SEX_M","AGE_5YRBANDS_YGE15","2002",10.705,,,,"R1:3513"
"TUR","BA:622","UNE_DEAP_SEX_AGE_RT","SEX_M","AGE_5YRBANDS_Y15-19","2002",17.317,,,,"R1:3513"
"TUR","BA:622","UNE_DEAP_SEX_AGE_RT","SEX_M","AGE_5YRBANDS_Y20-24","2002",22.392,,,,"R1:3513"
"TUR","BA:622","UNE_DEAP_SEX_AGE_RT","SEX_M","AGE_5YRBANDS_Y25-29","2002",11.782,,,,"R1:3513"
"TUR","BA:622","UNE_DEAP_SEX_AGE_RT","SEX_M","AGE_5YRBANDS_Y30-34","2002",8.454,,,,"R1:3513"
"TUR","BA:622","UNE_DEAP_SEX_AGE_RT","SEX_M","AGE_5YRBANDS_Y35-39","2002",8.576,,,,"R1:3513"
"TUR","BA:622","UNE_DEAP_SEX_AGE_RT","SEX_M","AGE_5YRBANDS_Y40-44","2002",7.816,,,,"R1:3513"
"TUR","BA:622","UNE_DEAP_SEX_AGE_RT","SEX_M","AGE_5YRBANDS_Y45-49","2002",8.034,,,,"R1:3513"
"TUR","BA:622","UNE_DEAP_SEX_AGE_RT","SEX_M","AGE_5YRBANDS_Y50-54","2002",7.227,,,,"R1:3513"
"TUR","BA:622","UNE_DEAP_SEX_AGE_RT","SEX_M","AGE_5YRBANDS_Y55-59","2002",6.021,,,,"R1:3513"
"TUR","BA:622","UNE_DEAP_SEX_AGE_RT","SEX_M","AGE_5YRBANDS_Y60-64","2002",2.337,,,,"R1:3513"
"TUR","BA:622","UNE_DEAP_SEX_AGE_RT","SEX_M","AGE_5YRBANDS_YGE65","2002",0.966,,,,"R1:3513"
"TUR","BA:622","UNE_DEAP_SEX_AGE_RT","SEX_F","AGE_5YRBANDS_YGE15","2002",9.438,,,,"R1:3513"
"TUR","BA:622","UNE_DEAP_SEX_AGE_RT","SEX_F","AGE_5YRBANDS_Y15-19","2002",15.457,,,,"R1:3513"
"TUR","BA:622","UNE_DEAP_SEX_AGE_RT","SEX_F","AGE_5YRBANDS_Y20-24","2002",18.127,,,,"R1:3513"
"TUR","BA:622","UNE_DEAP_SEX_AGE_RT","SEX_F","AGE_5YRBANDS_Y25-29","2002",12.264,,,,"R1:3513"
"TUR","BA:622","UNE_DEAP_SEX_AGE_RT","SEX_F","AGE_5YRBANDS_Y30-34","2002",9.039,,,,"R1:3513"
"TUR","BA:622","UNE_DEAP_SEX_AGE_RT","SEX_F","AGE_5YRBANDS_Y35-39","2002",6.517,,,,"R1:3513"
"TUR","BA:622","UNE_DEAP_SEX_AGE_RT","SEX_F","AGE_5YRBANDS_Y40-44","2002",5.866,,,,"R1:3513"
"TUR","BA:622","UNE_DEAP_SEX_AGE_RT","SEX_F","AGE_5YRBANDS_Y45-49","2002",2.33,,,,"R1:3513"
"TUR","BA:622","UNE_DEAP_SEX_AGE_RT","SEX_F","AGE_5YRBANDS_Y50-54","2002",1.961,,,,"R1:3513"
"TUR","BA:622","UNE_DEAP_SEX_AGE_RT","SEX_F","AGE_5YRBANDS_Y55-59","2002",2.007,,,,"R1:3513"
"TUR","BA:622","UNE_DEAP_SEX_AGE_RT","SEX_F","AGE_5YRBANDS_Y60-64","2002",,"U",,,"R1:3513"
"TUR","BA:622","UNE_DEAP_SEX_AGE_RT","SEX_F","AGE_5YRBANDS_YGE65","2002",0.465,"U",,,"R1:3513"
"TUR","BA:622","UNE_DEAP_SEX_AGE_RT","SEX_T","AGE_YTHADULT_YGE15","2001",8.373,,,,"R1:3513"
"TUR","BA:622","UNE_DEAP_SEX_AGE_RT","SEX_T","AGE_YTHADULT_Y15-64","2001",8.626,,,,"R1:3513"
"TUR","BA:622","UNE_DEAP_SEX_AGE_RT","SEX_T","AGE_YTHADULT_Y15-24","2001",16.203,,,,"R1:3513"
"TUR","BA:622","UNE_DEAP_SEX_AGE_RT","SEX_T","AGE_YTHADULT_YGE25","2001",6.079,,,,"R1:3513"
"TUR","BA:622","UNE_DEAP_SEX_AGE_RT","SEX_M","AGE_YTHADULT_YGE15","2001",8.713,,,,"R1:3513"
"TUR","BA:622","UNE_DEAP_SEX_AGE_RT","SEX_M","AGE_YTHADULT_Y15-64","2001",8.948,,,,"R1:3513"
"TUR","BA:622","UNE_DEAP_SEX_AGE_RT","SEX_M","AGE_YTHADULT_Y15-24","2001",17.153,,,,"R1:3513"
"TUR","BA:622","UNE_DEAP_SEX_AGE_RT","SEX_M","AGE_YTHADULT_YGE25","2001",6.544,,,,"R1:3513"
"TUR","BA:622","UNE_DEAP_SEX_AGE_RT","SEX_F","AGE_YTHADULT_YGE15","2001",7.474,,,,"R1:3513"
"TUR","BA:622","UNE_DEAP_SEX_AGE_RT","SEX_F","AGE_YTHADULT_Y15-64","2001",7.768,,,,"R1:3513"
"TUR","BA:622","UNE_DEAP_SEX_AGE_RT","SEX_F","AGE_YTHADULT_Y15-24","2001",14.404,,,,"R1:3513"
"TUR","BA:622","UNE_DEAP_SEX_AGE_RT","SEX_F","AGE_YTHADULT_YGE25","2001",4.712,,,,"R1:3513"
"TUR","BA:622","UNE_DEAP_SEX_AGE_RT","SEX_T","AGE_AGGREGATE_YGE15","2001",8.373,,,,"R1:3513"
"TUR","BA:622","UNE_DEAP_SEX_AGE_RT","SEX_T","AGE_AGGREGATE_Y15-24","2001",16.203,,,,"R1:3513"
"TUR","BA:622","UNE_DEAP_SEX_AGE_RT","SEX_T","AGE_AGGREGATE_Y25-54","2001",6.688,,,,"R1:3513"
"TUR","BA:622","UNE_DEAP_SEX_AGE_RT","SEX_T","AGE_AGGREGATE_Y55-64","2001",2.279,,,,"R1:3513"
"TUR","BA:622","UNE_DEAP_SEX_AGE_RT","SEX_T","AGE_AGGREGATE_YGE65","2001",0.782,,,,"R1:3513"
"TUR","BA:622","UNE_DEAP_SEX_AGE_RT","SEX_M","AGE_AGGREGATE_YGE15","2001",8.713,,,,"R1:3513"
"TUR","BA:622","UNE_DEAP_SEX_AGE_RT","SEX_M","AGE_AGGREGATE_Y15-24","2001",17.153,,,,"R1:3513"
"TUR","BA:622","UNE_DEAP_SEX_AGE_RT","SEX_M","AGE_AGGREGATE_Y25-54","2001",7.085,,,,"R1:3513"
"TUR","BA:622","UNE_DEAP_SEX_AGE_RT","SEX_M","AGE_AGGREGATE_Y55-64","2001",3.012,,,,"R1:3513"
"TUR","BA:622","UNE_DEAP_SEX_AGE_RT","SEX_M","AGE_AGGREGATE_YGE65","2001",1.054,,,,"R1:3513"
"TUR","BA:622","UNE_DEAP_SEX_AGE_RT","SEX_F","AGE_AGGREGATE_YGE15","2001",7.474,,,,"R1:3513"
"TUR","BA:622","UNE_DEAP_SEX_AGE_RT","SEX_F","AGE_AGGREGATE_Y15-24","2001",14.404,,,,"R1:3513"
"TUR","BA:622","UNE_DEAP_SEX_AGE_RT","SEX_F","AGE_AGGREGATE_Y25-54","2001",5.472,,,,"R1:3513"
"TUR","BA:622","UNE_DEAP_SEX_AGE_RT","SEX_F","AGE_AGGREGATE_Y55-64","2001",0.55,"U",,,"R1:3513"
"TUR","BA:622","UNE_DEAP_SEX_AGE_RT","SEX_F","AGE_AGGREGATE_YGE65","2001",,"U",,,"R1:3513"
"TUR","BA:622","UNE_DEAP_SEX_AGE_RT","SEX_T","AGE_10YRBANDS_YGE15","2001",8.373,,,,"R1:3513"
"TUR","BA:622","UNE_DEAP_SEX_AGE_RT","SEX_T","AGE_10YRBANDS_Y15-24","2001",16.203,,,,"R1:3513"
"TUR","BA:622","UNE_DEAP_SEX_AGE_RT","SEX_T","AGE_10YRBANDS_Y25-34","2001",8.236,,,,"R1:3513"
"TUR","BA:622","UNE_DEAP_SEX_AGE_RT","SEX_T","AGE_10YRBANDS_Y35-44","2001",5.758,,,,"R1:3513"
"TUR","BA:622","UNE_DEAP_SEX_AGE_RT","SEX_T","AGE_10YRBANDS_Y45-54","2001",4.749,,,,"R1:3513"
"TUR","BA:622","UNE_DEAP_SEX_AGE_RT","SEX_T","AGE_10YRBANDS_Y55-64","2001",2.279,,,,"R1:3513"
"TUR","BA:622","UNE_DEAP_SEX_AGE_RT","SEX_T","AGE_10YRBANDS_YGE65","2001",0.782,,,,"R1:3513"
"TUR","BA:622","UNE_DEAP_SEX_AGE_RT","SEX_M","AGE_10YRBANDS_YGE15","2001",8.713,,,,"R1:3513"
"TUR","BA:622","UNE_DEAP_SEX_AGE_RT","SEX_M","AGE_10YRBANDS_Y15-24","2001",17.153,,,,"R1:3513"
"TUR","BA:622","UNE_DEAP_SEX_AGE_RT","SEX_M","AGE_10YRBANDS_Y25-34","2001",8.319,,,,"R1:3513"
"TUR","BA:622","UNE_DEAP_SEX_AGE_RT","SEX_M","AGE_10YRBANDS_Y35-44","2001",6.204,,,,"R1:3513"
"TUR","BA:622","UNE_DEAP_SEX_AGE_RT","SEX_M","AGE_10YRBANDS_Y45-54","2001",5.779,,,,"R1:3513"
"TUR","BA:622","UNE_DEAP_SEX_AGE_RT","SEX_M","AGE_10YRBANDS_Y55-64","2001",3.012,,,,"R1:3513"
"TUR","BA:622","UNE_DEAP_SEX_AGE_RT","SEX_M","AGE_10YRBANDS_YGE65","2001",1.054,,,,"R1:3513"
"TUR","BA:622","UNE_DEAP_SEX_AGE_RT","SEX_F","AGE_10YRBANDS_YGE15","2001",7.474,,,,"R1:3513"
"TUR","BA:622","UNE_DEAP_SEX_AGE_RT","SEX_F","AGE_10YRBANDS_Y15-24","2001",14.404,,,,"R1:3513"
"TUR","BA:622","UNE_DEAP_SEX_AGE_RT","SEX_F","AGE_10YRBANDS_Y25-34","2001",7.983,,,,"R1:3513"
"TUR","BA:622","UNE_DEAP_SEX_AGE_RT","SEX_F","AGE_10YRBANDS_Y35-44","2001",4.338,,,,"R1:3513"
"TUR","BA:622","UNE_DEAP_SEX_AGE_RT","SEX_F","AGE_10YRBANDS_Y45-54","2001",1.751,,,,"R1:3513"
"TUR","BA:622","UNE_DEAP_SEX_AGE_RT","SEX_F","AGE_10YRBANDS_Y55-64","2001",0.55,"U",,,"R1:3513"
"TUR","BA:622","UNE_DEAP_SEX_AGE_RT","SEX_F","AGE_10YRBANDS_YGE65","2001",,"U",,,"R1:3513"
"TUR","BA:622","UNE_DEAP_SEX_AGE_RT","SEX_T","AGE_5YRBANDS_YGE15","2001",8.373,,,,"R1:3513"
"TUR","BA:622","UNE_DEAP_SEX_AGE_RT","SEX_T","AGE_5YRBANDS_Y15-19","2001",14.636,,,,"R1:3513"
"TUR","BA:622","UNE_DEAP_SEX_AGE_RT","SEX_T","AGE_5YRBANDS_Y20-24","2001",17.277,,,,"R1:3513"
"TUR","BA:622","UNE_DEAP_SEX_AGE_RT","SEX_T","AGE_5YRBANDS_Y25-29","2001",9.551,,,,"R1:3513"
"TUR","BA:622","UNE_DEAP_SEX_AGE_RT","SEX_T","AGE_5YRBANDS_Y30-34","2001",6.734,,,,"R1:3513"
"TUR","BA:622","UNE_DEAP_SEX_AGE_RT","SEX_T","AGE_5YRBANDS_Y35-39","2001",6.486,,,,"R1:3513"
"TUR","BA:622","UNE_DEAP_SEX_AGE_RT","SEX_T","AGE_5YRBANDS_Y40-44","2001",4.914,,,,"R1:3513"
"TUR","BA:622","UNE_DEAP_SEX_AGE_RT","SEX_T","AGE_5YRBANDS_Y45-49","2001",5.14,,,,"R1:3513"
"TUR","BA:622","UNE_DEAP_SEX_AGE_RT","SEX_T","AGE_5YRBANDS_Y50-54","2001",4.136,,,,"R1:3513"
"TUR","BA:622","UNE_DEAP_SEX_AGE_RT","SEX_T","AGE_5YRBANDS_Y55-59","2001",2.856,,,,"R1:3513"
"TUR","BA:622","UNE_DEAP_SEX_AGE_RT","SEX_T","AGE_5YRBANDS_Y60-64","2001",1.482,,,,"R1:3513"
"TUR","BA:622","UNE_DEAP_SEX_AGE_RT","SEX_T","AGE_5YRBANDS_YGE65","2001",0.782,,,,"R1:3513"
"TUR","BA:622","UNE_DEAP_SEX_AGE_RT","SEX_M","AGE_5YRBANDS_YGE15","2001",8.713,,,,"R1:3513"
"TUR","BA:622","UNE_DEAP_SEX_AGE_RT","SEX_M","AGE_5YRBANDS_Y15-19","2001",14.933,,,,"R1:3513"
"TUR","BA:622","UNE_DEAP_SEX_AGE_RT","SEX_M","AGE_5YRBANDS_Y20-24","2001",18.724,,,,"R1:3513"
"TUR","BA:622","UNE_DEAP_SEX_AGE_RT","SEX_M","AGE_5YRBANDS_Y25-29","2001",9.575,,,,"R1:3513"
"TUR","BA:622","UNE_DEAP_SEX_AGE_RT","SEX_M","AGE_5YRBANDS_Y30-34","2001",6.894,,,,"R1:3513"
"TUR","BA:622","UNE_DEAP_SEX_AGE_RT","SEX_M","AGE_5YRBANDS_Y35-39","2001",6.928,,,,"R1:3513"
"TUR","BA:622","UNE_DEAP_SEX_AGE_RT","SEX_M","AGE_5YRBANDS_Y40-44","2001",5.37,,,,"R1:3513"
"TUR","BA:622","UNE_DEAP_SEX_AGE_RT","SEX_M","AGE_5YRBANDS_Y45-49","2001",6.102,,,,"R1:3513"
"TUR","BA:622","UNE_DEAP_SEX_AGE_RT","SEX_M","AGE_5YRBANDS_Y50-54","2001",5.244,,,,"R1:3513"
"TUR","BA:622","UNE_DEAP_SEX_AGE_RT","SEX_M","AGE_5YRBANDS_Y55-59","2001",3.678,,,,"R1:3513"
"TUR","BA:622","UNE_DEAP_SEX_AGE_RT","SEX_M","AGE_5YRBANDS_Y60-64","2001",2.067,,,,"R1:3513"
"TUR","BA:622","UNE_DEAP_SEX_AGE_RT","SEX_M","AGE_5YRBANDS_YGE65","2001",1.054,,,,"R1:3513"
"TUR","BA:622","UNE_DEAP_SEX_AGE_RT","SEX_F","AGE_5YRBANDS_YGE15","2001",7.474,,,,"R1:3513"
"TUR","BA:622","UNE_DEAP_SEX_AGE_RT","SEX_F","AGE_5YRBANDS_Y15-19","2001",14.04,,,,"R1:3513"
"TUR","BA:622","UNE_DEAP_SEX_AGE_RT","SEX_F","AGE_5YRBANDS_Y20-24","2001",14.638,,,,"R1:3513"
"TUR","BA:622","UNE_DEAP_SEX_AGE_RT","SEX_F","AGE_5YRBANDS_Y25-29","2001",9.477,,,,"R1:3513"
"TUR","BA:622","UNE_DEAP_SEX_AGE_RT","SEX_F","AGE_5YRBANDS_Y30-34","2001",6.24,,,,"R1:3513"
"TUR","BA:622","UNE_DEAP_SEX_AGE_RT","SEX_F","AGE_5YRBANDS_Y35-39","2001",5.095,,,,"R1:3513"
"TUR","BA:622","UNE_DEAP_SEX_AGE_RT","SEX_F","AGE_5YRBANDS_Y40-44","2001",3.442,,,,"R1:3513"
"TUR","BA:622","UNE_DEAP_SEX_AGE_RT","SEX_F","AGE_5YRBANDS_Y45-49","2001",2.097,,,,"R1:3513"
"TUR","BA:622","UNE_DEAP_SEX_AGE_RT","SEX_F","AGE_5YRBANDS_Y50-54","2001",1.285,,,,"R1:3513"
"TUR","BA:622","UNE_DEAP_SEX_AGE_RT","SEX_F","AGE_5YRBANDS_Y55-59","2001",0.841,"U",,,"R1:3513"
"TUR","BA:622","UNE_DEAP_SEX_AGE_RT","SEX_F","AGE_5YRBANDS_Y60-64","2001",,"U",,,"R1:3513"
"TUR","BA:622","UNE_DEAP_SEX_AGE_RT","SEX_F","AGE_5YRBANDS_YGE65","2001",,"U",,,"R1:3513"
"TUR","BA:622","UNE_DEAP_SEX_AGE_RT","SEX_T","AGE_YTHADULT_YGE15","2000",6.488,,,,"R1:3513"
"TUR","BA:622","UNE_DEAP_SEX_AGE_RT","SEX_T","AGE_YTHADULT_Y15-64","2000",6.689,,,,"R1:3513"
"TUR","BA:622","UNE_DEAP_SEX_AGE_RT","SEX_T","AGE_YTHADULT_Y15-24","2000",13.053,,,,"R1:3513"
"TUR","BA:622","UNE_DEAP_SEX_AGE_RT","SEX_T","AGE_YTHADULT_YGE25","2000",4.482,,,,"R1:3513"
"TUR","BA:622","UNE_DEAP_SEX_AGE_RT","SEX_M","AGE_YTHADULT_YGE15","2000",6.575,,,,"R1:3513"
"TUR","BA:622","UNE_DEAP_SEX_AGE_RT","SEX_M","AGE_YTHADULT_Y15-64","2000",6.765,,,,"R1:3513"
"TUR","BA:622","UNE_DEAP_SEX_AGE_RT","SEX_M","AGE_YTHADULT_Y15-24","2000",13.666,,,,"R1:3513"
"TUR","BA:622","UNE_DEAP_SEX_AGE_RT","SEX_M","AGE_YTHADULT_YGE25","2000",4.668,,,,"R1:3513"
"TUR","BA:622","UNE_DEAP_SEX_AGE_RT","SEX_F","AGE_YTHADULT_YGE15","2000",6.25,,,,"R1:3513"
"TUR","BA:622","UNE_DEAP_SEX_AGE_RT","SEX_F","AGE_YTHADULT_Y15-64","2000",6.478,,,,"R1:3513"
"TUR","BA:622","UNE_DEAP_SEX_AGE_RT","SEX_F","AGE_YTHADULT_Y15-24","2000",11.85,,,,"R1:3513"
"TUR","BA:622","UNE_DEAP_SEX_AGE_RT","SEX_F","AGE_YTHADULT_YGE25","2000",3.914,,,,"R1:3513"
"TUR","BA:622","UNE_DEAP_SEX_AGE_RT","SEX_T","AGE_AGGREGATE_YGE15","2000",6.488,,,,"R1:3513"
"TUR","BA:622","UNE_DEAP_SEX_AGE_RT","SEX_T","AGE_AGGREGATE_Y15-24","2000",13.053,,,,"R1:3513"
"TUR","BA:622","UNE_DEAP_SEX_AGE_RT","SEX_T","AGE_AGGREGATE_Y25-54","2000",4.903,,,,"R1:3513"
"TUR","BA:622","UNE_DEAP_SEX_AGE_RT","SEX_T","AGE_AGGREGATE_Y55-64","2000",2.118,,,,"R1:3513"
"TUR","BA:622","UNE_DEAP_SEX_AGE_RT","SEX_T","AGE_AGGREGATE_YGE65","2000",0.504,,,,"R1:3513"
"TUR","BA:622","UNE_DEAP_SEX_AGE_RT","SEX_M","AGE_AGGREGATE_YGE15","2000",6.575,,,,"R1:3513"
"TUR","BA:622","UNE_DEAP_SEX_AGE_RT","SEX_M","AGE_AGGREGATE_Y15-24","2000",13.666,,,,"R1:3513"
"TUR","BA:622","UNE_DEAP_SEX_AGE_RT","SEX_M","AGE_AGGREGATE_Y25-54","2000",5.008,,,,"R1:3513"
"TUR","BA:622","UNE_DEAP_SEX_AGE_RT","SEX_M","AGE_AGGREGATE_Y55-64","2000",2.875,,,,"R1:3513"
"TUR","BA:622","UNE_DEAP_SEX_AGE_RT","SEX_M","AGE_AGGREGATE_YGE65","2000",0.661,,,,"R1:3513"
"TUR","BA:622","UNE_DEAP_SEX_AGE_RT","SEX_F","AGE_AGGREGATE_YGE15","2000",6.25,,,,"R1:3513"
"TUR","BA:622","UNE_DEAP_SEX_AGE_RT","SEX_F","AGE_AGGREGATE_Y15-24","2000",11.85,,,,"R1:3513"
"TUR","BA:622","UNE_DEAP_SEX_AGE_RT","SEX_F","AGE_AGGREGATE_Y25-54","2000",4.569,,,,"R1:3513"
"TUR","BA:622","UNE_DEAP_SEX_AGE_RT","SEX_F","AGE_AGGREGATE_Y55-64","2000",0.314,"U",,,"R1:3513"
"TUR","BA:622","UNE_DEAP_SEX_AGE_RT","SEX_F","AGE_AGGREGATE_YGE65","2000",,"U",,,"R1:3513"
"TUR","BA:622","UNE_DEAP_SEX_AGE_RT","SEX_T","AGE_10YRBANDS_YGE15","2000",6.488,,,,"R1:3513"
"TUR","BA:622","UNE_DEAP_SEX_AGE_RT","SEX_T","AGE_10YRBANDS_Y15-24","2000",13.053,,,,"R1:3513"
"TUR","BA:622","UNE_DEAP_SEX_AGE_RT","SEX_T","AGE_10YRBANDS_Y25-34","2000",6.226,,,,"R1:3513"
"TUR","BA:622","UNE_DEAP_SEX_AGE_RT","SEX_T","AGE_10YRBANDS_Y35-44","2000",4.036,,,,"R1:3513"
"TUR","BA:622","UNE_DEAP_SEX_AGE_RT","SEX_T","AGE_10YRBANDS_Y45-54","2000",3.356,,,,"R1:3513"
"TUR","BA:622","UNE_DEAP_SEX_AGE_RT","SEX_T","AGE_10YRBANDS_Y55-64","2000",2.118,,,,"R1:3513"
"TUR","BA:622","UNE_DEAP_SEX_AGE_RT","SEX_T","AGE_10YRBANDS_YGE65","2000",0.504,,,,"R1:3513"
"TUR","BA:622","UNE_DEAP_SEX_AGE_RT","SEX_M","AGE_10YRBANDS_YGE15","2000",6.575,,,,"R1:3513"
"TUR","BA:622","UNE_DEAP_SEX_AGE_RT","SEX_M","AGE_10YRBANDS_Y15-24","2000",13.666,,,,"R1:3513"
"TUR","BA:622","UNE_DEAP_SEX_AGE_RT","SEX_M","AGE_10YRBANDS_Y25-34","2000",6.151,,,,"R1:3513"
"TUR","BA:622","UNE_DEAP_SEX_AGE_RT","SEX_M","AGE_10YRBANDS_Y35-44","2000",4.234,,,,"R1:3513"
"TUR","BA:622","UNE_DEAP_SEX_AGE_RT","SEX_M","AGE_10YRBANDS_Y45-54","2000",3.746,,,,"R1:3513"
"TUR","BA:622","UNE_DEAP_SEX_AGE_RT","SEX_M","AGE_10YRBANDS_Y55-64","2000",2.875,,,,"R1:3513"
"TUR","BA:622","UNE_DEAP_SEX_AGE_RT","SEX_M","AGE_10YRBANDS_YGE65","2000",0.661,,,,"R1:3513"
"TUR","BA:622","UNE_DEAP_SEX_AGE_RT","SEX_F","AGE_10YRBANDS_YGE15","2000",6.25,,,,"R1:3513"
"TUR","BA:622","UNE_DEAP_SEX_AGE_RT","SEX_F","AGE_10YRBANDS_Y15-24","2000",11.85,,,,"R1:3513"
"TUR","BA:622","UNE_DEAP_SEX_AGE_RT","SEX_F","AGE_10YRBANDS_Y25-34","2000",6.46,,,,"R1:3513"
"TUR","BA:622","UNE_DEAP_SEX_AGE_RT","SEX_F","AGE_10YRBANDS_Y35-44","2000",3.375,,,,"R1:3513"
"TUR","BA:622","UNE_DEAP_SEX_AGE_RT","SEX_F","AGE_10YRBANDS_Y45-54","2000",2.153,,,,"R1:3513"
"TUR","BA:622","UNE_DEAP_SEX_AGE_RT","SEX_F","AGE_10YRBANDS_Y55-64","2000",0.314,"U",,,"R1:3513"
"TUR","BA:622","UNE_DEAP_SEX_AGE_RT","SEX_F","AGE_10YRBANDS_YGE65","2000",,"U",,,"R1:3513"
"TUR","BA:622","UNE_DEAP_SEX_AGE_RT","SEX_T","AGE_5YRBANDS_YGE15","2000",6.488,,,,"R1:3513"
"TUR","BA:622","UNE_DEAP_SEX_AGE_RT","SEX_T","AGE_5YRBANDS_Y15-19","2000",10.717,,,,"R1:3513"
"TUR","BA:622","UNE_DEAP_SEX_AGE_RT","SEX_T","AGE_5YRBANDS_Y20-24","2000",14.798,,,,"R1:3513"
"TUR","BA:622","UNE_DEAP_SEX_AGE_RT","SEX_T","AGE_5YRBANDS_Y25-29","2000",7.24,,,,"R1:3513"
"TUR","BA:622","UNE_DEAP_SEX_AGE_RT","SEX_T","AGE_5YRBANDS_Y30-34","2000",5.033,,,,"R1:3513"
"TUR","BA:622","UNE_DEAP_SEX_AGE_RT","SEX_T","AGE_5YRBANDS_Y35-39","2000",4.461,,,,"R1:3513"
"TUR","BA:622","UNE_DEAP_SEX_AGE_RT","SEX_T","AGE_5YRBANDS_Y40-44","2000",3.543,,,,"R1:3513"
"TUR","BA:622","UNE_DEAP_SEX_AGE_RT","SEX_T","AGE_5YRBANDS_Y45-49","2000",3.04,,,,"R1:3513"
"TUR","BA:622","UNE_DEAP_SEX_AGE_RT","SEX_T","AGE_5YRBANDS_Y50-54","2000",3.839,,,,"R1:3513"
"TUR","BA:622","UNE_DEAP_SEX_AGE_RT","SEX_T","AGE_5YRBANDS_Y55-59","2000",2.203,,,,"R1:3513"
"TUR","BA:622","UNE_DEAP_SEX_AGE_RT","SEX_T","AGE_5YRBANDS_Y60-64","2000",1.998,,,,"R1:3513"
"TUR","BA:622","UNE_DEAP_SEX_AGE_RT","SEX_T","AGE_5YRBANDS_YGE65","2000",0.504,,,,"R1:3513"
"TUR","BA:622","UNE_DEAP_SEX_AGE_RT","SEX_M","AGE_5YRBANDS_YGE15","2000",6.575,,,,"R1:3513"
"TUR","BA:622","UNE_DEAP_SEX_AGE_RT","SEX_M","AGE_5YRBANDS_Y15-19","2000",11.021,,,,"R1:3513"
"TUR","BA:622","UNE_DEAP_SEX_AGE_RT","SEX_M","AGE_5YRBANDS_Y20-24","2000",15.676,,,,"R1:3513"
"TUR","BA:622","UNE_DEAP_SEX_AGE_RT","SEX_M","AGE_5YRBANDS_Y25-29","2000",7.153,,,,"R1:3513"
"TUR","BA:622","UNE_DEAP_SEX_AGE_RT","SEX_M","AGE_5YRBANDS_Y30-34","2000",5,,,,"R1:3513"
"TUR","BA:622","UNE_DEAP_SEX_AGE_RT","SEX_M","AGE_5YRBANDS_Y35-39","2000",4.559,,,,"R1:3513"
"TUR","BA:622","UNE_DEAP_SEX_AGE_RT","SEX_M","AGE_5YRBANDS_Y40-44","2000",3.861,,,,"R1:3513"
"TUR","BA:622","UNE_DEAP_SEX_AGE_RT","SEX_M","AGE_5YRBANDS_Y45-49","2000",3.451,,,,"R1:3513"
"TUR","BA:622","UNE_DEAP_SEX_AGE_RT","SEX_M","AGE_5YRBANDS_Y50-54","2000",4.22,,,,"R1:3513"
"TUR","BA:622","UNE_DEAP_SEX_AGE_RT","SEX_M","AGE_5YRBANDS_Y55-59","2000",3.02,,,,"R1:3513"
"TUR","BA:622","UNE_DEAP_SEX_AGE_RT","SEX_M","AGE_5YRBANDS_Y60-64","2000",2.673,,,,"R1:3513"
"TUR","BA:622","UNE_DEAP_SEX_AGE_RT","SEX_M","AGE_5YRBANDS_YGE65","2000",0.661,,,,"R1:3513"
"TUR","BA:622","UNE_DEAP_SEX_AGE_RT","SEX_F","AGE_5YRBANDS_YGE15","2000",6.25,,,,"R1:3513"
"TUR","BA:622","UNE_DEAP_SEX_AGE_RT","SEX_F","AGE_5YRBANDS_Y15-19","2000",10.1,,,,"R1:3513"
"TUR","BA:622","UNE_DEAP_SEX_AGE_RT","SEX_F","AGE_5YRBANDS_Y20-24","2000",13.112,,,,"R1:3513"
"TUR","BA:622","UNE_DEAP_SEX_AGE_RT","SEX_F","AGE_5YRBANDS_Y25-29","2000",7.498,,,,"R1:3513"
"TUR","BA:622","UNE_DEAP_SEX_AGE_RT","SEX_F","AGE_5YRBANDS_Y30-34","2000",5.14,,,,"R1:3513"
"TUR","BA:622","UNE_DEAP_SEX_AGE_RT","SEX_F","AGE_5YRBANDS_Y35-39","2000",4.141,,,,"R1:3513"
"TUR","BA:622","UNE_DEAP_SEX_AGE_RT","SEX_F","AGE_5YRBANDS_Y40-44","2000",2.452,,,,"R1:3513"
"TUR","BA:622","UNE_DEAP_SEX_AGE_RT","SEX_F","AGE_5YRBANDS_Y45-49","2000",1.656,,,,"R1:3513"
"TUR","BA:622","UNE_DEAP_SEX_AGE_RT","SEX_F","AGE_5YRBANDS_Y50-54","2000",2.8,,,,"R1:3513"
"TUR","BA:622","UNE_DEAP_SEX_AGE_RT","SEX_F","AGE_5YRBANDS_Y55-59","2000",0.279,"U",,,"R1:3513"
"TUR","BA:622","UNE_DEAP_SEX_AGE_RT","SEX_F","AGE_5YRBANDS_Y60-64","2000",,"U",,,"R1:3513"
"TUR","BA:622","UNE_DEAP_SEX_AGE_RT","SEX_F","AGE_5YRBANDS_YGE65","2000",,"U",,,"R1:3513"
"TUR","BA:622","UNE_DEAP_SEX_AGE_RT","SEX_T","AGE_YTHADULT_YGE15","1999",7.445,,,,
"TUR","BA:622","UNE_DEAP_SEX_AGE_RT","SEX_M","AGE_YTHADULT_YGE15","1999",7.505,,,,
"TUR","BA:622","UNE_DEAP_SEX_AGE_RT","SEX_F","AGE_YTHADULT_YGE15","1999",7.302,,,,
"TUR","BA:622","UNE_DEAP_SEX_AGE_RT","SEX_T","AGE_YTHADULT_YGE15","1998",6.552,,,,
"TUR","BA:622","UNE_DEAP_SEX_AGE_RT","SEX_M","AGE_YTHADULT_YGE15","1998",6.589,,,,
"TUR","BA:622","UNE_DEAP_SEX_AGE_RT","SEX_F","AGE_YTHADULT_YGE15","1998",6.464,,,,
"TUR","BA:622","UNE_DEAP_SEX_AGE_RT","SEX_T","AGE_YTHADULT_YGE15","1997",6.452,,,,
"TUR","BA:622","UNE_DEAP_SEX_AGE_RT","SEX_M","AGE_YTHADULT_YGE15","1997",6.135,,,,
"TUR","BA:622","UNE_DEAP_SEX_AGE_RT","SEX_F","AGE_YTHADULT_YGE15","1997",7.284,,,,
"TUR","BA:622","UNE_DEAP_SEX_AGE_RT","SEX_T","AGE_YTHADULT_YGE15","1996",6.265,,,,
"TUR","BA:622","UNE_DEAP_SEX_AGE_RT","SEX_M","AGE_YTHADULT_YGE15","1996",6.538,,,,
"TUR","BA:622","UNE_DEAP_SEX_AGE_RT","SEX_F","AGE_YTHADULT_YGE15","1996",5.586,,,,
"TUR","BA:622","UNE_DEAP_SEX_AGE_RT","SEX_T","AGE_YTHADULT_YGE15","1995",7.241,,,,
"TUR","BA:622","UNE_DEAP_SEX_AGE_RT","SEX_M","AGE_YTHADULT_YGE15","1995",7.374,,,,
"TUR","BA:622","UNE_DEAP_SEX_AGE_RT","SEX_F","AGE_YTHADULT_YGE15","1995",6.914,,,,
"TUR","BA:622","UNE_DEAP_SEX_AGE_RT","SEX_T","AGE_YTHADULT_YGE15","1994",8.149,,,,
"TUR","BA:622","UNE_DEAP_SEX_AGE_RT","SEX_M","AGE_YTHADULT_YGE15","1994",8.362,,,,
"TUR","BA:622","UNE_DEAP_SEX_AGE_RT","SEX_F","AGE_YTHADULT_YGE15","1994",7.625,,,,
"TUR","BA:622","UNE_DEAP_SEX_AGE_RT","SEX_T","AGE_YTHADULT_YGE15","1993",8.255,,,,
"TUR","BA:622","UNE_DEAP_SEX_AGE_RT","SEX_M","AGE_YTHADULT_YGE15","1993",8.082,,,,
"TUR","BA:622","UNE_DEAP_SEX_AGE_RT","SEX_F","AGE_YTHADULT_YGE15","1993",8.749,,,,
"TUR","BA:622","UNE_DEAP_SEX_AGE_RT","SEX_T","AGE_YTHADULT_YGE15","1992",8.184,,,,
"TUR","BA:622","UNE_DEAP_SEX_AGE_RT","SEX_M","AGE_YTHADULT_YGE15","1992",8.301,,,,
"TUR","BA:622","UNE_DEAP_SEX_AGE_RT","SEX_F","AGE_YTHADULT_YGE15","1992",7.906,,,,
"TUR","BA:622","UNE_DEAP_SEX_AGE_RT","SEX_T","AGE_YTHADULT_YGE15","1991",8.113,,,,
"TUR","BA:622","UNE_DEAP_SEX_AGE_RT","SEX_M","AGE_YTHADULT_YGE15","1991",8.492,,,,
"TUR","BA:622","UNE_DEAP_SEX_AGE_RT","SEX_F","AGE_YTHADULT_YGE15","1991",7.248,,,,
"TUR","BA:622","UNE_DEAP_SEX_AGE_RT","SEX_T","AGE_YTHADULT_YGE15","1990",8.015,,,,"R1:2382"
"TUR","BA:622","UNE_DEAP_SEX_AGE_RT","SEX_T","AGE_YTHADULT_Y15-64","1990",8.187,,,,"R1:2382"
"TUR","BA:622","UNE_DEAP_SEX_AGE_RT","SEX_T","AGE_YTHADULT_Y15-24","1990",16.019,,,,"R1:2382"
"TUR","BA:622","UNE_DEAP_SEX_AGE_RT","SEX_T","AGE_YTHADULT_YGE25","1990",4.988,,,,"R1:2382"
"TUR","BA:622","UNE_DEAP_SEX_AGE_RT","SEX_M","AGE_YTHADULT_YGE15","1990",7.8,,,,"R1:2382"
"TUR","BA:622","UNE_DEAP_SEX_AGE_RT","SEX_M","AGE_YTHADULT_Y15-64","1990",7.975,,,,"R1:2382"
"TUR","BA:622","UNE_DEAP_SEX_AGE_RT","SEX_M","AGE_YTHADULT_Y15-24","1990",16.633,,,,"R1:2382"
"TUR","BA:622","UNE_DEAP_SEX_AGE_RT","SEX_M","AGE_YTHADULT_YGE25","1990",4.942,,,,"R1:2382"
"TUR","BA:622","UNE_DEAP_SEX_AGE_RT","SEX_F","AGE_YTHADULT_YGE15","1990",8.502,,,,"R1:2382"
"TUR","BA:622","UNE_DEAP_SEX_AGE_RT","SEX_F","AGE_YTHADULT_Y15-64","1990",8.664,,,,"R1:2382"
"TUR","BA:622","UNE_DEAP_SEX_AGE_RT","SEX_F","AGE_YTHADULT_Y15-24","1990",15.024,,,,"R1:2382"
"TUR","BA:622","UNE_DEAP_SEX_AGE_RT","SEX_F","AGE_YTHADULT_YGE25","1990",5.107,,,,"R1:2382"
"TUR","BA:622","UNE_DEAP_SEX_AGE_RT","SEX_T","AGE_AGGREGATE_YGE15","1990",8.015,,,,"R1:2382"
"TUR","BA:622","UNE_DEAP_SEX_AGE_RT","SEX_T","AGE_AGGREGATE_Y15-24","1990",16.019,,,,"R1:2382"
"TUR","BA:622","UNE_DEAP_SEX_AGE_RT","SEX_T","AGE_AGGREGATE_Y25-54","1990",5.407,,,,"R1:2382"
"TUR","BA:622","UNE_DEAP_SEX_AGE_RT","SEX_T","AGE_AGGREGATE_Y55-64","1990",3.077,,,,"R1:2382"
"TUR","BA:622","UNE_DEAP_SEX_AGE_RT","SEX_T","AGE_AGGREGATE_YGE65","1990",1.453,,,,"R1:2382"
"TUR","BA:622","UNE_DEAP_SEX_AGE_RT","SEX_M","AGE_AGGREGATE_YGE15","1990",7.8,,,,"R1:2382"
"TUR","BA:622","UNE_DEAP_SEX_AGE_RT","SEX_M","AGE_AGGREGATE_Y15-24","1990",16.633,,,,"R1:2382"
"TUR","BA:622","UNE_DEAP_SEX_AGE_RT","SEX_M","AGE_AGGREGATE_Y25-54","1990",5.211,,,,"R1:2382"
"TUR","BA:622","UNE_DEAP_SEX_AGE_RT","SEX_M","AGE_AGGREGATE_Y55-64","1990",3.984,,,,"R1:2382"
"TUR","BA:622","UNE_DEAP_SEX_AGE_RT","SEX_M","AGE_AGGREGATE_YGE65","1990",1.873,,,,"R1:2382"
"TUR","BA:622","UNE_DEAP_SEX_AGE_RT","SEX_F","AGE_AGGREGATE_YGE15","1990",8.502,,,,"R1:2382"
"TUR","BA:622","UNE_DEAP_SEX_AGE_RT","SEX_F","AGE_AGGREGATE_Y15-24","1990",15.024,,,,"R1:2382"
"TUR","BA:622","UNE_DEAP_SEX_AGE_RT","SEX_F","AGE_AGGREGATE_Y25-54","1990",5.918,,,,"R1:2382"
"TUR","BA:622","UNE_DEAP_SEX_AGE_RT","SEX_F","AGE_AGGREGATE_Y55-64","1990",0.952,,,,"R1:2382"
"TUR","BA:622","UNE_DEAP_SEX_AGE_RT","SEX_T","AGE_10YRBANDS_YGE15","1990",8.015,,,,"R1:2382"
"TUR","BA:622","UNE_DEAP_SEX_AGE_RT","SEX_T","AGE_10YRBANDS_Y15-24","1990",16.019,,,,"R1:2382"
"TUR","BA:622","UNE_DEAP_SEX_AGE_RT","SEX_T","AGE_10YRBANDS_Y25-34","1990",7.331,,,,"R1:2382"
"TUR","BA:622","UNE_DEAP_SEX_AGE_RT","SEX_T","AGE_10YRBANDS_Y35-44","1990",3.9,,,,"R1:2382"
"TUR","BA:622","UNE_DEAP_SEX_AGE_RT","SEX_T","AGE_10YRBANDS_Y45-54","1990",3.981,,,,"R1:2382"
"TUR","BA:622","UNE_DEAP_SEX_AGE_RT","SEX_T","AGE_10YRBANDS_Y55-64","1990",3.077,,,,"R1:2382"
"TUR","BA:622","UNE_DEAP_SEX_AGE_RT","SEX_T","AGE_10YRBANDS_YGE65","1990",1.453,,,,"R1:2382"
"TUR","BA:622","UNE_DEAP_SEX_AGE_RT","SEX_M","AGE_10YRBANDS_YGE15","1990",7.8,,,,"R1:2382"
"TUR","BA:622","UNE_DEAP_SEX_AGE_RT","SEX_M","AGE_10YRBANDS_Y15-24","1990",16.633,,,,"R1:2382"
"TUR","BA:622","UNE_DEAP_SEX_AGE_RT","SEX_M","AGE_10YRBANDS_Y25-34","1990",6.819,,,,"R1:2382"
"TUR","BA:622","UNE_DEAP_SEX_AGE_RT","SEX_M","AGE_10YRBANDS_Y35-44","1990",3.445,,,,"R1:2382"
"TUR","BA:622","UNE_DEAP_SEX_AGE_RT","SEX_M","AGE_10YRBANDS_Y45-54","1990",4.806,,,,"R1:2382"
"TUR","BA:622","UNE_DEAP_SEX_AGE_RT","SEX_M","AGE_10YRBANDS_Y55-64","1990",3.984,,,,"R1:2382"
"TUR","BA:622","UNE_DEAP_SEX_AGE_RT","SEX_M","AGE_10YRBANDS_YGE65","1990",1.873,,,,"R1:2382"
"TUR","BA:622","UNE_DEAP_SEX_AGE_RT","SEX_F","AGE_10YRBANDS_YGE15","1990",8.502,,,,"R1:2382"
"TUR","BA:622","UNE_DEAP_SEX_AGE_RT","SEX_F","AGE_10YRBANDS_Y15-24","1990",15.024,,,,"R1:2382"
"TUR","BA:622","UNE_DEAP_SEX_AGE_RT","SEX_F","AGE_10YRBANDS_Y25-34","1990",8.699,,,,"R1:2382"
"TUR","BA:622","UNE_DEAP_SEX_AGE_RT","SEX_F","AGE_10YRBANDS_Y35-44","1990",5.13,,,,"R1:2382"
"TUR","BA:622","UNE_DEAP_SEX_AGE_RT","SEX_F","AGE_10YRBANDS_Y45-54","1990",1.993,,,,"R1:2382"
"TUR","BA:622","UNE_DEAP_SEX_AGE_RT","SEX_F","AGE_10YRBANDS_Y55-64","1990",0.952,,,,"R1:2382"
"TUR","BA:622","UNE_DEAP_SEX_AGE_RT","SEX_T","AGE_5YRBANDS_YGE15","1990",8.015,,,,"R1:2382"
"TUR","BA:622","UNE_DEAP_SEX_AGE_RT","SEX_T","AGE_5YRBANDS_Y15-19","1990",15.473,,,,"R1:2382"
"TUR","BA:622","UNE_DEAP_SEX_AGE_RT","SEX_T","AGE_5YRBANDS_Y20-24","1990",16.647,,,,"R1:2382"
"TUR","BA:622","UNE_DEAP_SEX_AGE_RT","SEX_T","AGE_5YRBANDS_Y25-29","1990",8.953,,,,"R1:2382"
"TUR","BA:622","UNE_DEAP_SEX_AGE_RT","SEX_T","AGE_5YRBANDS_Y30-34","1990",5.523,,,,"R1:2382"
"TUR","BA:622","UNE_DEAP_SEX_AGE_RT","SEX_T","AGE_5YRBANDS_Y35-39","1990",4.194,,,,"R1:2382"
"TUR","BA:622","UNE_DEAP_SEX_AGE_RT","SEX_T","AGE_5YRBANDS_Y40-44","1990",3.517,,,,"R1:2382"
"TUR","BA:622","UNE_DEAP_SEX_AGE_RT","SEX_T","AGE_5YRBANDS_Y45-49","1990",3.907,,,,"R1:2382"
"TUR","BA:622","UNE_DEAP_SEX_AGE_RT","SEX_T","AGE_5YRBANDS_Y50-54","1990",4.066,,,,"R1:2382"
"TUR","BA:622","UNE_DEAP_SEX_AGE_RT","SEX_T","AGE_5YRBANDS_Y55-59","1990",3.155,,,,"R1:2382"
"TUR","BA:622","UNE_DEAP_SEX_AGE_RT","SEX_T","AGE_5YRBANDS_Y60-64","1990",2.962,,,,"R1:2382"
"TUR","BA:622","UNE_DEAP_SEX_AGE_RT","SEX_T","AGE_5YRBANDS_YGE65","1990",1.453,,,,"R1:2382"
"TUR","BA:622","UNE_DEAP_SEX_AGE_RT","SEX_M","AGE_5YRBANDS_YGE15","1990",7.8,,,,"R1:2382"
"TUR","BA:622","UNE_DEAP_SEX_AGE_RT","SEX_M","AGE_5YRBANDS_Y15-19","1990",16.391,,,,"R1:2382"
"TUR","BA:622","UNE_DEAP_SEX_AGE_RT","SEX_M","AGE_5YRBANDS_Y20-24","1990",16.905,,,,"R1:2382"
"TUR","BA:622","UNE_DEAP_SEX_AGE_RT","SEX_M","AGE_5YRBANDS_Y25-29","1990",8.366,,,,"R1:2382"
"TUR","BA:622","UNE_DEAP_SEX_AGE_RT","SEX_M","AGE_5YRBANDS_Y30-34","1990",5.095,,,,"R1:2382"
"TUR","BA:622","UNE_DEAP_SEX_AGE_RT","SEX_M","AGE_5YRBANDS_Y35-39","1990",3.537,,,,"R1:2382"
"TUR","BA:622","UNE_DEAP_SEX_AGE_RT","SEX_M","AGE_5YRBANDS_Y40-44","1990",3.326,,,,"R1:2382"
"TUR","BA:622","UNE_DEAP_SEX_AGE_RT","SEX_M","AGE_5YRBANDS_Y45-49","1990",4.476,,,,"R1:2382"
"TUR","BA:622","UNE_DEAP_SEX_AGE_RT","SEX_M","AGE_5YRBANDS_Y50-54","1990",5.198,,,,"R1:2382"
"TUR","BA:622","UNE_DEAP_SEX_AGE_RT","SEX_M","AGE_5YRBANDS_Y55-59","1990",4.312,,,,"R1:2382"
"TUR","BA:622","UNE_DEAP_SEX_AGE_RT","SEX_M","AGE_5YRBANDS_Y60-64","1990",3.523,,,,"R1:2382"
"TUR","BA:622","UNE_DEAP_SEX_AGE_RT","SEX_M","AGE_5YRBANDS_YGE65","1990",1.873,,,,"R1:2382"
"TUR","BA:622","UNE_DEAP_SEX_AGE_RT","SEX_F","AGE_5YRBANDS_YGE15","1990",8.502,,,,"R1:2382"
"TUR","BA:622","UNE_DEAP_SEX_AGE_RT","SEX_F","AGE_5YRBANDS_Y15-19","1990",14.024,,,,"R1:2382"
"TUR","BA:622","UNE_DEAP_SEX_AGE_RT","SEX_F","AGE_5YRBANDS_Y20-24","1990",16.216,,,,"R1:2382"
"TUR","BA:622","UNE_DEAP_SEX_AGE_RT","SEX_F","AGE_5YRBANDS_Y25-29","1990",10.519,,,,"R1:2382"
"TUR","BA:622","UNE_DEAP_SEX_AGE_RT","SEX_F","AGE_5YRBANDS_Y30-34","1990",6.667,,,,"R1:2382"
"TUR","BA:622","UNE_DEAP_SEX_AGE_RT","SEX_F","AGE_5YRBANDS_Y35-39","1990",5.954,,,,"R1:2382"
"TUR","BA:622","UNE_DEAP_SEX_AGE_RT","SEX_F","AGE_5YRBANDS_Y40-44","1990",4.04,,,,"R1:2382"
"TUR","BA:622","UNE_DEAP_SEX_AGE_RT","SEX_F","AGE_5YRBANDS_Y45-49","1990",2.445,,,,"R1:2382"
"TUR","BA:622","UNE_DEAP_SEX_AGE_RT","SEX_F","AGE_5YRBANDS_Y50-54","1990",1.523,,,,"R1:2382"
"TUR","BA:622","UNE_DEAP_SEX_AGE_RT","SEX_F","AGE_5YRBANDS_Y55-59","1990",0.612,,,,"R1:2382"
"TUR","BA:622","UNE_DEAP_SEX_AGE_RT","SEX_F","AGE_5YRBANDS_Y60-64","1990",1.515,,,,"R1:2382"
