"ref_area","source","indicator","sex","classif1","time","obs_value","obs_status","note_classif","note_indicator","note_source"
"IRN","BA:675","UNE_DEAP_SEX_AGE_RT","SEX_T","AGE_YTHADULT_YGE15","2024",7.631,,,,"R1:3513"
"IRN","BA:675","UNE_DEAP_SEX_AGE_RT","SEX_T","AGE_YTHADULT_Y15-64","2024",7.761,,,,"R1:3513"
"IRN","BA:675","UNE_DEAP_SEX_AGE_RT","SEX_T","AGE_YTHADULT_Y15-24","2024",20.158,,,,"R1:3513"
"IRN","BA:675","UNE_DEAP_SEX_AGE_RT","SEX_T","AGE_YTHADULT_YGE25","2024",6.261,,,,"R1:3513"
"IRN","BA:675","UNE_DEAP_SEX_AGE_RT","SEX_M","AGE_YTHADULT_YGE15","2024",6.237,,,,"R1:3513"
"IRN","BA:675","UNE_DEAP_SEX_AGE_RT","SEX_M","AGE_YTHADULT_Y15-64","2024",6.348,,,,"R1:3513"
"IRN","BA:675","UNE_DEAP_SEX_AGE_RT","SEX_M","AGE_YTHADULT_Y15-24","2024",17.721,,,,"R1:3513"
"IRN","BA:675","UNE_DEAP_SEX_AGE_RT","SEX_M","AGE_YTHADULT_YGE25","2024",5.013,,,,"R1:3513"
"IRN","BA:675","UNE_DEAP_SEX_AGE_RT","SEX_F","AGE_YTHADULT_YGE15","2024",14.267,,,,"R1:3513"
"IRN","BA:675","UNE_DEAP_SEX_AGE_RT","SEX_F","AGE_YTHADULT_Y15-64","2024",14.408,,,,"R1:3513"
"IRN","BA:675","UNE_DEAP_SEX_AGE_RT","SEX_F","AGE_YTHADULT_Y15-24","2024",30.415,,,,"R1:3513"
"IRN","BA:675","UNE_DEAP_SEX_AGE_RT","SEX_F","AGE_YTHADULT_YGE25","2024",12.292,,,,"R1:3513"
"IRN","BA:675","UNE_DEAP_SEX_AGE_RT","SEX_T","AGE_AGGREGATE_YGE15","2024",7.631,,,,"R1:3513"
"IRN","BA:675","UNE_DEAP_SEX_AGE_RT","SEX_T","AGE_AGGREGATE_Y15-24","2024",20.158,,,,"R1:3513"
"IRN","BA:675","UNE_DEAP_SEX_AGE_RT","SEX_T","AGE_AGGREGATE_Y25-54","2024",6.801,,,,"R1:3513"
"IRN","BA:675","UNE_DEAP_SEX_AGE_RT","SEX_T","AGE_AGGREGATE_Y55-64","2024",2.459,,,,"R1:3513"
"IRN","BA:675","UNE_DEAP_SEX_AGE_RT","SEX_T","AGE_AGGREGATE_YGE65","2024",1.209,,,,"R1:3513"
"IRN","BA:675","UNE_DEAP_SEX_AGE_RT","SEX_M","AGE_AGGREGATE_YGE15","2024",6.237,,,,"R1:3513"
"IRN","BA:675","UNE_DEAP_SEX_AGE_RT","SEX_M","AGE_AGGREGATE_Y15-24","2024",17.721,,,,"R1:3513"
"IRN","BA:675","UNE_DEAP_SEX_AGE_RT","SEX_M","AGE_AGGREGATE_Y25-54","2024",5.409,,,,"R1:3513"
"IRN","BA:675","UNE_DEAP_SEX_AGE_RT","SEX_M","AGE_AGGREGATE_Y55-64","2024",2.564,,,,"R1:3513"
"IRN","BA:675","UNE_DEAP_SEX_AGE_RT","SEX_M","AGE_AGGREGATE_YGE65","2024",1.263,,,,"R1:3513"
"IRN","BA:675","UNE_DEAP_SEX_AGE_RT","SEX_F","AGE_AGGREGATE_YGE15","2024",14.267,,,,"R1:3513"
"IRN","BA:675","UNE_DEAP_SEX_AGE_RT","SEX_F","AGE_AGGREGATE_Y15-24","2024",30.415,,,,"R1:3513"
"IRN","BA:675","UNE_DEAP_SEX_AGE_RT","SEX_F","AGE_AGGREGATE_Y25-54","2024",13.091,,,,"R1:3513"
"IRN","BA:675","UNE_DEAP_SEX_AGE_RT","SEX_F","AGE_AGGREGATE_Y55-64","2024",1.53,,,,"R1:3513"
"IRN","BA:675","UNE_DEAP_SEX_AGE_RT","SEX_F","AGE_AGGREGATE_YGE65","2024",,"U",,,"R1:3513"
"IRN","BA:675","UNE_DEAP_SEX_AGE_RT","SEX_T","AGE_10YRBANDS_YGE15","2024",7.631,,,,"R1:3513"
"IRN","BA:675","UNE_DEAP_SEX_AGE_RT","SEX_T","AGE_10YRBANDS_Y15-24","2024",20.158,,,,"R1:3513"
"IRN","BA:675","UNE_DEAP_SEX_AGE_RT","SEX_T","AGE_10YRBANDS_Y25-34","2024",13.432,,,,"R1:3513"
"IRN","BA:675","UNE_DEAP_SEX_AGE_RT","SEX_T","AGE_10YRBANDS_Y35-44","2024",4.801,,,,"R1:3513"
"IRN","BA:675","UNE_DEAP_SEX_AGE_RT","SEX_T","AGE_10YRBANDS_Y45-54","2024",2.72,,,,"R1:3513"
"IRN","BA:675","UNE_DEAP_SEX_AGE_RT","SEX_T","AGE_10YRBANDS_Y55-64","2024",2.459,,,,"R1:3513"
"IRN","BA:675","UNE_DEAP_SEX_AGE_RT","SEX_T","AGE_10YRBANDS_YGE65","2024",1.209,,,,"R1:3513"
"IRN","BA:675","UNE_DEAP_SEX_AGE_RT","SEX_M","AGE_10YRBANDS_YGE15","2024",6.237,,,,"R1:3513"
"IRN","BA:675","UNE_DEAP_SEX_AGE_RT","SEX_M","AGE_10YRBANDS_Y15-24","2024",17.721,,,,"R1:3513"
"IRN","BA:675","UNE_DEAP_SEX_AGE_RT","SEX_M","AGE_10YRBANDS_Y25-34","2024",10.502,,,,"R1:3513"
"IRN","BA:675","UNE_DEAP_SEX_AGE_RT","SEX_M","AGE_10YRBANDS_Y35-44","2024",3.832,,,,"R1:3513"
"IRN","BA:675","UNE_DEAP_SEX_AGE_RT","SEX_M","AGE_10YRBANDS_Y45-54","2024",2.717,,,,"R1:3513"
"IRN","BA:675","UNE_DEAP_SEX_AGE_RT","SEX_M","AGE_10YRBANDS_Y55-64","2024",2.564,,,,"R1:3513"
"IRN","BA:675","UNE_DEAP_SEX_AGE_RT","SEX_M","AGE_10YRBANDS_YGE65","2024",1.263,,,,"R1:3513"
"IRN","BA:675","UNE_DEAP_SEX_AGE_RT","SEX_F","AGE_10YRBANDS_YGE15","2024",14.267,,,,"R1:3513"
"IRN","BA:675","UNE_DEAP_SEX_AGE_RT","SEX_F","AGE_10YRBANDS_Y15-24","2024",30.415,,,,"R1:3513"
"IRN","BA:675","UNE_DEAP_SEX_AGE_RT","SEX_F","AGE_10YRBANDS_Y25-34","2024",23.878,,,,"R1:3513"
"IRN","BA:675","UNE_DEAP_SEX_AGE_RT","SEX_F","AGE_10YRBANDS_Y35-44","2024",9.245,,,,"R1:3513"
"IRN","BA:675","UNE_DEAP_SEX_AGE_RT","SEX_F","AGE_10YRBANDS_Y45-54","2024",2.737,,,,"R1:3513"
"IRN","BA:675","UNE_DEAP_SEX_AGE_RT","SEX_F","AGE_10YRBANDS_Y55-64","2024",1.53,,,,"R1:3513"
"IRN","BA:675","UNE_DEAP_SEX_AGE_RT","SEX_F","AGE_10YRBANDS_YGE65","2024",,"U",,,"R1:3513"
"IRN","BA:675","UNE_DEAP_SEX_AGE_RT","SEX_T","AGE_5YRBANDS_YGE15","2024",7.631,,,,"R1:3513"
"IRN","BA:675","UNE_DEAP_SEX_AGE_RT","SEX_T","AGE_5YRBANDS_Y15-19","2024",15.781,,,,"R1:3513"
"IRN","BA:675","UNE_DEAP_SEX_AGE_RT","SEX_T","AGE_5YRBANDS_Y20-24","2024",21.819,,,,"R1:3513"
"IRN","BA:675","UNE_DEAP_SEX_AGE_RT","SEX_T","AGE_5YRBANDS_Y25-29","2024",17.523,,,,"R1:3513"
"IRN","BA:675","UNE_DEAP_SEX_AGE_RT","SEX_T","AGE_5YRBANDS_Y30-34","2024",10.345,,,,"R1:3513"
"IRN","BA:675","UNE_DEAP_SEX_AGE_RT","SEX_T","AGE_5YRBANDS_Y35-39","2024",5.7,,,,"R1:3513"
"IRN","BA:675","UNE_DEAP_SEX_AGE_RT","SEX_T","AGE_5YRBANDS_Y40-44","2024",3.905,,,,"R1:3513"
"IRN","BA:675","UNE_DEAP_SEX_AGE_RT","SEX_T","AGE_5YRBANDS_Y45-49","2024",3.151,,,,"R1:3513"
"IRN","BA:675","UNE_DEAP_SEX_AGE_RT","SEX_T","AGE_5YRBANDS_Y50-54","2024",2.138,,,,"R1:3513"
"IRN","BA:675","UNE_DEAP_SEX_AGE_RT","SEX_T","AGE_5YRBANDS_Y55-59","2024",2.5,,,,"R1:3513"
"IRN","BA:675","UNE_DEAP_SEX_AGE_RT","SEX_T","AGE_5YRBANDS_Y60-64","2024",2.387,,,,"R1:3513"
"IRN","BA:675","UNE_DEAP_SEX_AGE_RT","SEX_T","AGE_5YRBANDS_YGE65","2024",1.209,,,,"R1:3513"
"IRN","BA:675","UNE_DEAP_SEX_AGE_RT","SEX_M","AGE_5YRBANDS_YGE15","2024",6.237,,,,"R1:3513"
"IRN","BA:675","UNE_DEAP_SEX_AGE_RT","SEX_M","AGE_5YRBANDS_Y15-19","2024",14.246,,,,"R1:3513"
"IRN","BA:675","UNE_DEAP_SEX_AGE_RT","SEX_M","AGE_5YRBANDS_Y20-24","2024",19.128,,,,"R1:3513"
"IRN","BA:675","UNE_DEAP_SEX_AGE_RT","SEX_M","AGE_5YRBANDS_Y25-29","2024",14.116,,,,"R1:3513"
"IRN","BA:675","UNE_DEAP_SEX_AGE_RT","SEX_M","AGE_5YRBANDS_Y30-34","2024",7.854,,,,"R1:3513"
"IRN","BA:675","UNE_DEAP_SEX_AGE_RT","SEX_M","AGE_5YRBANDS_Y35-39","2024",4.414,,,,"R1:3513"
"IRN","BA:675","UNE_DEAP_SEX_AGE_RT","SEX_M","AGE_5YRBANDS_Y40-44","2024",3.253,,,,"R1:3513"
"IRN","BA:675","UNE_DEAP_SEX_AGE_RT","SEX_M","AGE_5YRBANDS_Y45-49","2024",3.081,,,,"R1:3513"
"IRN","BA:675","UNE_DEAP_SEX_AGE_RT","SEX_M","AGE_5YRBANDS_Y50-54","2024",2.241,,,,"R1:3513"
"IRN","BA:675","UNE_DEAP_SEX_AGE_RT","SEX_M","AGE_5YRBANDS_Y55-59","2024",2.555,,,,"R1:3513"
"IRN","BA:675","UNE_DEAP_SEX_AGE_RT","SEX_M","AGE_5YRBANDS_Y60-64","2024",2.58,,,,"R1:3513"
"IRN","BA:675","UNE_DEAP_SEX_AGE_RT","SEX_M","AGE_5YRBANDS_YGE65","2024",1.263,,,,"R1:3513"
"IRN","BA:675","UNE_DEAP_SEX_AGE_RT","SEX_F","AGE_5YRBANDS_YGE15","2024",14.267,,,,"R1:3513"
"IRN","BA:675","UNE_DEAP_SEX_AGE_RT","SEX_F","AGE_5YRBANDS_Y15-19","2024",24.259,,,,"R1:3513"
"IRN","BA:675","UNE_DEAP_SEX_AGE_RT","SEX_F","AGE_5YRBANDS_Y20-24","2024",32.147,,,,"R1:3513"
"IRN","BA:675","UNE_DEAP_SEX_AGE_RT","SEX_F","AGE_5YRBANDS_Y25-29","2024",28.775,,,,"R1:3513"
"IRN","BA:675","UNE_DEAP_SEX_AGE_RT","SEX_F","AGE_5YRBANDS_Y30-34","2024",19.768,,,,"R1:3513"
"IRN","BA:675","UNE_DEAP_SEX_AGE_RT","SEX_F","AGE_5YRBANDS_Y35-39","2024",11.528,,,,"R1:3513"
"IRN","BA:675","UNE_DEAP_SEX_AGE_RT","SEX_F","AGE_5YRBANDS_Y40-44","2024",6.928,,,,"R1:3513"
"IRN","BA:675","UNE_DEAP_SEX_AGE_RT","SEX_F","AGE_5YRBANDS_Y45-49","2024",3.53,,,,"R1:3513"
"IRN","BA:675","UNE_DEAP_SEX_AGE_RT","SEX_F","AGE_5YRBANDS_Y50-54","2024",1.438,,,,"R1:3513"
"IRN","BA:675","UNE_DEAP_SEX_AGE_RT","SEX_F","AGE_5YRBANDS_Y55-59","2024",2.061,,,,"R1:3513"
"IRN","BA:675","UNE_DEAP_SEX_AGE_RT","SEX_F","AGE_5YRBANDS_Y60-64","2024",,"U",,,"R1:3513"
"IRN","BA:675","UNE_DEAP_SEX_AGE_RT","SEX_F","AGE_5YRBANDS_YGE65","2024",,"U",,,"R1:3513"
"IRN","BA:675","UNE_DEAP_SEX_AGE_RT","SEX_T","AGE_YTHADULT_YGE15","2023",8.129,,,,"R1:3513"
"IRN","BA:675","UNE_DEAP_SEX_AGE_RT","SEX_T","AGE_YTHADULT_Y15-64","2023",8.27,,,,"R1:3513"
"IRN","BA:675","UNE_DEAP_SEX_AGE_RT","SEX_T","AGE_YTHADULT_Y15-24","2023",21.187,,,,"R1:3513"
"IRN","BA:675","UNE_DEAP_SEX_AGE_RT","SEX_T","AGE_YTHADULT_YGE25","2023",6.735,,,,"R1:3513"
"IRN","BA:675","UNE_DEAP_SEX_AGE_RT","SEX_M","AGE_YTHADULT_YGE15","2023",6.68,,,,"R1:3513"
"IRN","BA:675","UNE_DEAP_SEX_AGE_RT","SEX_M","AGE_YTHADULT_Y15-64","2023",6.802,,,,"R1:3513"
"IRN","BA:675","UNE_DEAP_SEX_AGE_RT","SEX_M","AGE_YTHADULT_Y15-24","2023",18.663,,,,"R1:3513"
"IRN","BA:675","UNE_DEAP_SEX_AGE_RT","SEX_M","AGE_YTHADULT_YGE25","2023",5.432,,,,"R1:3513"
"IRN","BA:675","UNE_DEAP_SEX_AGE_RT","SEX_F","AGE_YTHADULT_YGE15","2023",15.018,,,,"R1:3513"
"IRN","BA:675","UNE_DEAP_SEX_AGE_RT","SEX_F","AGE_YTHADULT_Y15-64","2023",15.17,,,,"R1:3513"
"IRN","BA:675","UNE_DEAP_SEX_AGE_RT","SEX_F","AGE_YTHADULT_Y15-24","2023",31.773,,,,"R1:3513"
"IRN","BA:675","UNE_DEAP_SEX_AGE_RT","SEX_F","AGE_YTHADULT_YGE25","2023",13.013,,,,"R1:3513"
"IRN","BA:675","UNE_DEAP_SEX_AGE_RT","SEX_T","AGE_AGGREGATE_YGE15","2023",8.129,,,,"R1:3513"
"IRN","BA:675","UNE_DEAP_SEX_AGE_RT","SEX_T","AGE_AGGREGATE_Y15-24","2023",21.187,,,,"R1:3513"
"IRN","BA:675","UNE_DEAP_SEX_AGE_RT","SEX_T","AGE_AGGREGATE_Y25-54","2023",7.333,,,,"R1:3513"
"IRN","BA:675","UNE_DEAP_SEX_AGE_RT","SEX_T","AGE_AGGREGATE_Y55-64","2023",2.327,,,,"R1:3513"
"IRN","BA:675","UNE_DEAP_SEX_AGE_RT","SEX_T","AGE_AGGREGATE_YGE65","2023",0.875,,,,"R1:3513"
"IRN","BA:675","UNE_DEAP_SEX_AGE_RT","SEX_M","AGE_AGGREGATE_YGE15","2023",6.68,,,,"R1:3513"
"IRN","BA:675","UNE_DEAP_SEX_AGE_RT","SEX_M","AGE_AGGREGATE_Y15-24","2023",18.663,,,,"R1:3513"
"IRN","BA:675","UNE_DEAP_SEX_AGE_RT","SEX_M","AGE_AGGREGATE_Y25-54","2023",5.885,,,,"R1:3513"
"IRN","BA:675","UNE_DEAP_SEX_AGE_RT","SEX_M","AGE_AGGREGATE_Y55-64","2023",2.494,,,,"R1:3513"
"IRN","BA:675","UNE_DEAP_SEX_AGE_RT","SEX_M","AGE_AGGREGATE_YGE65","2023",0.964,,,,"R1:3513"
"IRN","BA:675","UNE_DEAP_SEX_AGE_RT","SEX_F","AGE_AGGREGATE_YGE15","2023",15.018,,,,"R1:3513"
"IRN","BA:675","UNE_DEAP_SEX_AGE_RT","SEX_F","AGE_AGGREGATE_Y15-24","2023",31.773,,,,"R1:3513"
"IRN","BA:675","UNE_DEAP_SEX_AGE_RT","SEX_F","AGE_AGGREGATE_Y25-54","2023",13.892,,,,"R1:3513"
"IRN","BA:675","UNE_DEAP_SEX_AGE_RT","SEX_F","AGE_AGGREGATE_Y55-64","2023",0.882,"U",,,"R1:3513"
"IRN","BA:675","UNE_DEAP_SEX_AGE_RT","SEX_F","AGE_AGGREGATE_YGE65","2023",0,,,,"R1:3513"
"IRN","BA:675","UNE_DEAP_SEX_AGE_RT","SEX_T","AGE_10YRBANDS_YGE15","2023",8.129,,,,"R1:3513"
"IRN","BA:675","UNE_DEAP_SEX_AGE_RT","SEX_T","AGE_10YRBANDS_Y15-24","2023",21.187,,,,"R1:3513"
"IRN","BA:675","UNE_DEAP_SEX_AGE_RT","SEX_T","AGE_10YRBANDS_Y25-34","2023",13.901,,,,"R1:3513"
"IRN","BA:675","UNE_DEAP_SEX_AGE_RT","SEX_T","AGE_10YRBANDS_Y35-44","2023",5.058,,,,"R1:3513"
"IRN","BA:675","UNE_DEAP_SEX_AGE_RT","SEX_T","AGE_10YRBANDS_Y45-54","2023",3.015,,,,"R1:3513"
"IRN","BA:675","UNE_DEAP_SEX_AGE_RT","SEX_T","AGE_10YRBANDS_Y55-64","2023",2.327,,,,"R1:3513"
"IRN","BA:675","UNE_DEAP_SEX_AGE_RT","SEX_T","AGE_10YRBANDS_YGE65","2023",0.875,,,,"R1:3513"
"IRN","BA:675","UNE_DEAP_SEX_AGE_RT","SEX_M","AGE_10YRBANDS_YGE15","2023",6.68,,,,"R1:3513"
"IRN","BA:675","UNE_DEAP_SEX_AGE_RT","SEX_M","AGE_10YRBANDS_Y15-24","2023",18.663,,,,"R1:3513"
"IRN","BA:675","UNE_DEAP_SEX_AGE_RT","SEX_M","AGE_10YRBANDS_Y25-34","2023",10.899,,,,"R1:3513"
"IRN","BA:675","UNE_DEAP_SEX_AGE_RT","SEX_M","AGE_10YRBANDS_Y35-44","2023",4.122,,,,"R1:3513"
"IRN","BA:675","UNE_DEAP_SEX_AGE_RT","SEX_M","AGE_10YRBANDS_Y45-54","2023",3.002,,,,"R1:3513"
"IRN","BA:675","UNE_DEAP_SEX_AGE_RT","SEX_M","AGE_10YRBANDS_Y55-64","2023",2.494,,,,"R1:3513"
"IRN","BA:675","UNE_DEAP_SEX_AGE_RT","SEX_M","AGE_10YRBANDS_YGE65","2023",0.964,,,,"R1:3513"
"IRN","BA:675","UNE_DEAP_SEX_AGE_RT","SEX_F","AGE_10YRBANDS_YGE15","2023",15.018,,,,"R1:3513"
"IRN","BA:675","UNE_DEAP_SEX_AGE_RT","SEX_F","AGE_10YRBANDS_Y15-24","2023",31.773,,,,"R1:3513"
"IRN","BA:675","UNE_DEAP_SEX_AGE_RT","SEX_F","AGE_10YRBANDS_Y25-34","2023",24.95,,,,"R1:3513"
"IRN","BA:675","UNE_DEAP_SEX_AGE_RT","SEX_F","AGE_10YRBANDS_Y35-44","2023",9.367,,,,"R1:3513"
"IRN","BA:675","UNE_DEAP_SEX_AGE_RT","SEX_F","AGE_10YRBANDS_Y45-54","2023",3.088,,,,"R1:3513"
"IRN","BA:675","UNE_DEAP_SEX_AGE_RT","SEX_F","AGE_10YRBANDS_Y55-64","2023",0.882,"U",,,"R1:3513"
"IRN","BA:675","UNE_DEAP_SEX_AGE_RT","SEX_F","AGE_10YRBANDS_YGE65","2023",0,,,,"R1:3513"
"IRN","BA:675","UNE_DEAP_SEX_AGE_RT","SEX_T","AGE_5YRBANDS_YGE15","2023",8.129,,,,"R1:3513"
"IRN","BA:675","UNE_DEAP_SEX_AGE_RT","SEX_T","AGE_5YRBANDS_Y15-19","2023",16.606,,,,"R1:3513"
"IRN","BA:675","UNE_DEAP_SEX_AGE_RT","SEX_T","AGE_5YRBANDS_Y20-24","2023",22.841,,,,"R1:3513"
"IRN","BA:675","UNE_DEAP_SEX_AGE_RT","SEX_T","AGE_5YRBANDS_Y25-29","2023",18.732,,,,"R1:3513"
"IRN","BA:675","UNE_DEAP_SEX_AGE_RT","SEX_T","AGE_5YRBANDS_Y30-34","2023",10.283,,,,"R1:3513"
"IRN","BA:675","UNE_DEAP_SEX_AGE_RT","SEX_T","AGE_5YRBANDS_Y35-39","2023",5.871,,,,"R1:3513"
"IRN","BA:675","UNE_DEAP_SEX_AGE_RT","SEX_T","AGE_5YRBANDS_Y40-44","2023",4.18,,,,"R1:3513"
"IRN","BA:675","UNE_DEAP_SEX_AGE_RT","SEX_T","AGE_5YRBANDS_Y45-49","2023",3.16,,,,"R1:3513"
"IRN","BA:675","UNE_DEAP_SEX_AGE_RT","SEX_T","AGE_5YRBANDS_Y50-54","2023",2.817,,,,"R1:3513"
"IRN","BA:675","UNE_DEAP_SEX_AGE_RT","SEX_T","AGE_5YRBANDS_Y55-59","2023",2.287,,,,"R1:3513"
"IRN","BA:675","UNE_DEAP_SEX_AGE_RT","SEX_T","AGE_5YRBANDS_Y60-64","2023",2.401,,,,"R1:3513"
"IRN","BA:675","UNE_DEAP_SEX_AGE_RT","SEX_T","AGE_5YRBANDS_YGE65","2023",0.875,,,,"R1:3513"
"IRN","BA:675","UNE_DEAP_SEX_AGE_RT","SEX_M","AGE_5YRBANDS_YGE15","2023",6.68,,,,"R1:3513"
"IRN","BA:675","UNE_DEAP_SEX_AGE_RT","SEX_M","AGE_5YRBANDS_Y15-19","2023",15.936,,,,"R1:3513"
"IRN","BA:675","UNE_DEAP_SEX_AGE_RT","SEX_M","AGE_5YRBANDS_Y20-24","2023",19.721,,,,"R1:3513"
"IRN","BA:675","UNE_DEAP_SEX_AGE_RT","SEX_M","AGE_5YRBANDS_Y25-29","2023",15.114,,,,"R1:3513"
"IRN","BA:675","UNE_DEAP_SEX_AGE_RT","SEX_M","AGE_5YRBANDS_Y30-34","2023",7.828,,,,"R1:3513"
"IRN","BA:675","UNE_DEAP_SEX_AGE_RT","SEX_M","AGE_5YRBANDS_Y35-39","2023",4.608,,,,"R1:3513"
"IRN","BA:675","UNE_DEAP_SEX_AGE_RT","SEX_M","AGE_5YRBANDS_Y40-44","2023",3.603,,,,"R1:3513"
"IRN","BA:675","UNE_DEAP_SEX_AGE_RT","SEX_M","AGE_5YRBANDS_Y45-49","2023",3.085,,,,"R1:3513"
"IRN","BA:675","UNE_DEAP_SEX_AGE_RT","SEX_M","AGE_5YRBANDS_Y50-54","2023",2.894,,,,"R1:3513"
"IRN","BA:675","UNE_DEAP_SEX_AGE_RT","SEX_M","AGE_5YRBANDS_Y55-59","2023",2.419,,,,"R1:3513"
"IRN","BA:675","UNE_DEAP_SEX_AGE_RT","SEX_M","AGE_5YRBANDS_Y60-64","2023",2.628,,,,"R1:3513"
"IRN","BA:675","UNE_DEAP_SEX_AGE_RT","SEX_M","AGE_5YRBANDS_YGE65","2023",0.964,,,,"R1:3513"
"IRN","BA:675","UNE_DEAP_SEX_AGE_RT","SEX_F","AGE_5YRBANDS_YGE15","2023",15.018,,,,"R1:3513"
"IRN","BA:675","UNE_DEAP_SEX_AGE_RT","SEX_F","AGE_5YRBANDS_Y15-19","2023",20.42,,,,"R1:3513"
"IRN","BA:675","UNE_DEAP_SEX_AGE_RT","SEX_F","AGE_5YRBANDS_Y20-24","2023",34.721,,,,"R1:3513"
"IRN","BA:675","UNE_DEAP_SEX_AGE_RT","SEX_F","AGE_5YRBANDS_Y25-29","2023",31.115,,,,"R1:3513"
"IRN","BA:675","UNE_DEAP_SEX_AGE_RT","SEX_F","AGE_5YRBANDS_Y30-34","2023",19.84,,,,"R1:3513"
"IRN","BA:675","UNE_DEAP_SEX_AGE_RT","SEX_F","AGE_5YRBANDS_Y35-39","2023",11.559,,,,"R1:3513"
"IRN","BA:675","UNE_DEAP_SEX_AGE_RT","SEX_F","AGE_5YRBANDS_Y40-44","2023",6.905,,,,"R1:3513"
"IRN","BA:675","UNE_DEAP_SEX_AGE_RT","SEX_F","AGE_5YRBANDS_Y45-49","2023",3.555,,,,"R1:3513"
"IRN","BA:675","UNE_DEAP_SEX_AGE_RT","SEX_F","AGE_5YRBANDS_Y50-54","2023",2.278,,,,"R1:3513"
"IRN","BA:675","UNE_DEAP_SEX_AGE_RT","SEX_F","AGE_5YRBANDS_Y55-59","2023",1.235,"U",,,"R1:3513"
"IRN","BA:675","UNE_DEAP_SEX_AGE_RT","SEX_F","AGE_5YRBANDS_Y60-64","2023",,"U",,,"R1:3513"
"IRN","BA:675","UNE_DEAP_SEX_AGE_RT","SEX_F","AGE_5YRBANDS_YGE65","2023",0,,,,"R1:3513"
"IRN","BA:675","UNE_DEAP_SEX_AGE_RT","SEX_T","AGE_YTHADULT_YGE15","2022",9.085,,,,"R1:3513"
"IRN","BA:675","UNE_DEAP_SEX_AGE_RT","SEX_T","AGE_YTHADULT_Y15-64","2022",9.232,,,,"R1:3513"
"IRN","BA:675","UNE_DEAP_SEX_AGE_RT","SEX_T","AGE_YTHADULT_Y15-24","2022",22.63,,,,"R1:3513"
"IRN","BA:675","UNE_DEAP_SEX_AGE_RT","SEX_T","AGE_YTHADULT_YGE25","2022",7.656,,,,"R1:3513"
"IRN","BA:675","UNE_DEAP_SEX_AGE_RT","SEX_M","AGE_YTHADULT_YGE15","2022",7.728,,,,"R1:3513"
"IRN","BA:675","UNE_DEAP_SEX_AGE_RT","SEX_M","AGE_YTHADULT_Y15-64","2022",7.862,,,,"R1:3513"
"IRN","BA:675","UNE_DEAP_SEX_AGE_RT","SEX_M","AGE_YTHADULT_Y15-24","2022",19.898,,,,"R1:3513"
"IRN","BA:675","UNE_DEAP_SEX_AGE_RT","SEX_M","AGE_YTHADULT_YGE25","2022",6.446,,,,"R1:3513"
"IRN","BA:675","UNE_DEAP_SEX_AGE_RT","SEX_F","AGE_YTHADULT_YGE15","2022",15.823,,,,"R1:3513"
"IRN","BA:675","UNE_DEAP_SEX_AGE_RT","SEX_F","AGE_YTHADULT_Y15-64","2022",15.967,,,,"R1:3513"
"IRN","BA:675","UNE_DEAP_SEX_AGE_RT","SEX_F","AGE_YTHADULT_Y15-24","2022",36.093,,,,"R1:3513"
"IRN","BA:675","UNE_DEAP_SEX_AGE_RT","SEX_F","AGE_YTHADULT_YGE25","2022",13.67,,,,"R1:3513"
"IRN","BA:675","UNE_DEAP_SEX_AGE_RT","SEX_T","AGE_AGGREGATE_YGE15","2022",9.085,,,,"R1:3513"
"IRN","BA:675","UNE_DEAP_SEX_AGE_RT","SEX_T","AGE_AGGREGATE_Y15-24","2022",22.63,,,,"R1:3513"
"IRN","BA:675","UNE_DEAP_SEX_AGE_RT","SEX_T","AGE_AGGREGATE_Y25-54","2022",8.245,,,,"R1:3513"
"IRN","BA:675","UNE_DEAP_SEX_AGE_RT","SEX_T","AGE_AGGREGATE_Y55-64","2022",3.21,,,,"R1:3513"
"IRN","BA:675","UNE_DEAP_SEX_AGE_RT","SEX_T","AGE_AGGREGATE_YGE65","2022",1.495,,,,"R1:3513"
"IRN","BA:675","UNE_DEAP_SEX_AGE_RT","SEX_M","AGE_AGGREGATE_YGE15","2022",7.728,,,,"R1:3513"
"IRN","BA:675","UNE_DEAP_SEX_AGE_RT","SEX_M","AGE_AGGREGATE_Y15-24","2022",19.898,,,,"R1:3513"
"IRN","BA:675","UNE_DEAP_SEX_AGE_RT","SEX_M","AGE_AGGREGATE_Y25-54","2022",6.908,,,,"R1:3513"
"IRN","BA:675","UNE_DEAP_SEX_AGE_RT","SEX_M","AGE_AGGREGATE_Y55-64","2022",3.42,,,,"R1:3513"
"IRN","BA:675","UNE_DEAP_SEX_AGE_RT","SEX_M","AGE_AGGREGATE_YGE65","2022",1.38,,,,"R1:3513"
"IRN","BA:675","UNE_DEAP_SEX_AGE_RT","SEX_F","AGE_AGGREGATE_YGE15","2022",15.823,,,,"R1:3513"
"IRN","BA:675","UNE_DEAP_SEX_AGE_RT","SEX_F","AGE_AGGREGATE_Y15-24","2022",36.093,,,,"R1:3513"
"IRN","BA:675","UNE_DEAP_SEX_AGE_RT","SEX_F","AGE_AGGREGATE_Y25-54","2022",14.504,,,,"R1:3513"
"IRN","BA:675","UNE_DEAP_SEX_AGE_RT","SEX_F","AGE_AGGREGATE_Y55-64","2022",1.306,,,,"R1:3513"
"IRN","BA:675","UNE_DEAP_SEX_AGE_RT","SEX_F","AGE_AGGREGATE_YGE65","2022",2.589,"U",,,"R1:3513"
"IRN","BA:675","UNE_DEAP_SEX_AGE_RT","SEX_T","AGE_10YRBANDS_YGE15","2022",9.085,,,,"R1:3513"
"IRN","BA:675","UNE_DEAP_SEX_AGE_RT","SEX_T","AGE_10YRBANDS_Y15-24","2022",22.63,,,,"R1:3513"
"IRN","BA:675","UNE_DEAP_SEX_AGE_RT","SEX_T","AGE_10YRBANDS_Y25-34","2022",14.897,,,,"R1:3513"
"IRN","BA:675","UNE_DEAP_SEX_AGE_RT","SEX_T","AGE_10YRBANDS_Y35-44","2022",5.813,,,,"R1:3513"
"IRN","BA:675","UNE_DEAP_SEX_AGE_RT","SEX_T","AGE_10YRBANDS_Y45-54","2022",3.64,,,,"R1:3513"
"IRN","BA:675","UNE_DEAP_SEX_AGE_RT","SEX_T","AGE_10YRBANDS_Y55-64","2022",3.21,,,,"R1:3513"
"IRN","BA:675","UNE_DEAP_SEX_AGE_RT","SEX_T","AGE_10YRBANDS_YGE65","2022",1.495,,,,"R1:3513"
"IRN","BA:675","UNE_DEAP_SEX_AGE_RT","SEX_M","AGE_10YRBANDS_YGE15","2022",7.728,,,,"R1:3513"
"IRN","BA:675","UNE_DEAP_SEX_AGE_RT","SEX_M","AGE_10YRBANDS_Y15-24","2022",19.898,,,,"R1:3513"
"IRN","BA:675","UNE_DEAP_SEX_AGE_RT","SEX_M","AGE_10YRBANDS_Y25-34","2022",12.009,,,,"R1:3513"
"IRN","BA:675","UNE_DEAP_SEX_AGE_RT","SEX_M","AGE_10YRBANDS_Y35-44","2022",5.032,,,,"R1:3513"
"IRN","BA:675","UNE_DEAP_SEX_AGE_RT","SEX_M","AGE_10YRBANDS_Y45-54","2022",3.726,,,,"R1:3513"
"IRN","BA:675","UNE_DEAP_SEX_AGE_RT","SEX_M","AGE_10YRBANDS_Y55-64","2022",3.42,,,,"R1:3513"
"IRN","BA:675","UNE_DEAP_SEX_AGE_RT","SEX_M","AGE_10YRBANDS_YGE65","2022",1.38,,,,"R1:3513"
"IRN","BA:675","UNE_DEAP_SEX_AGE_RT","SEX_F","AGE_10YRBANDS_YGE15","2022",15.823,,,,"R1:3513"
"IRN","BA:675","UNE_DEAP_SEX_AGE_RT","SEX_F","AGE_10YRBANDS_Y15-24","2022",36.093,,,,"R1:3513"
"IRN","BA:675","UNE_DEAP_SEX_AGE_RT","SEX_F","AGE_10YRBANDS_Y25-34","2022",26.275,,,,"R1:3513"
"IRN","BA:675","UNE_DEAP_SEX_AGE_RT","SEX_F","AGE_10YRBANDS_Y35-44","2022",9.547,,,,"R1:3513"
"IRN","BA:675","UNE_DEAP_SEX_AGE_RT","SEX_F","AGE_10YRBANDS_Y45-54","2022",3.146,,,,"R1:3513"
"IRN","BA:675","UNE_DEAP_SEX_AGE_RT","SEX_F","AGE_10YRBANDS_Y55-64","2022",1.306,,,,"R1:3513"
"IRN","BA:675","UNE_DEAP_SEX_AGE_RT","SEX_F","AGE_10YRBANDS_YGE65","2022",2.589,"U",,,"R1:3513"
"IRN","BA:675","UNE_DEAP_SEX_AGE_RT","SEX_T","AGE_5YRBANDS_YGE15","2022",9.085,,,,"R1:3513"
"IRN","BA:675","UNE_DEAP_SEX_AGE_RT","SEX_T","AGE_5YRBANDS_Y15-19","2022",16.551,,,,"R1:3513"
"IRN","BA:675","UNE_DEAP_SEX_AGE_RT","SEX_T","AGE_5YRBANDS_Y20-24","2022",24.696,,,,"R1:3513"
"IRN","BA:675","UNE_DEAP_SEX_AGE_RT","SEX_T","AGE_5YRBANDS_Y25-29","2022",19.249,,,,"R1:3513"
"IRN","BA:675","UNE_DEAP_SEX_AGE_RT","SEX_T","AGE_5YRBANDS_Y30-34","2022",11.671,,,,"R1:3513"
"IRN","BA:675","UNE_DEAP_SEX_AGE_RT","SEX_T","AGE_5YRBANDS_Y35-39","2022",6.829,,,,"R1:3513"
"IRN","BA:675","UNE_DEAP_SEX_AGE_RT","SEX_T","AGE_5YRBANDS_Y40-44","2022",4.684,,,,"R1:3513"
"IRN","BA:675","UNE_DEAP_SEX_AGE_RT","SEX_T","AGE_5YRBANDS_Y45-49","2022",3.844,,,,"R1:3513"
"IRN","BA:675","UNE_DEAP_SEX_AGE_RT","SEX_T","AGE_5YRBANDS_Y50-54","2022",3.364,,,,"R1:3513"
"IRN","BA:675","UNE_DEAP_SEX_AGE_RT","SEX_T","AGE_5YRBANDS_Y55-59","2022",3.397,,,,"R1:3513"
"IRN","BA:675","UNE_DEAP_SEX_AGE_RT","SEX_T","AGE_5YRBANDS_Y60-64","2022",2.874,,,,"R1:3513"
"IRN","BA:675","UNE_DEAP_SEX_AGE_RT","SEX_T","AGE_5YRBANDS_YGE65","2022",1.495,,,,"R1:3513"
"IRN","BA:675","UNE_DEAP_SEX_AGE_RT","SEX_M","AGE_5YRBANDS_YGE15","2022",7.728,,,,"R1:3513"
"IRN","BA:675","UNE_DEAP_SEX_AGE_RT","SEX_M","AGE_5YRBANDS_Y15-19","2022",16.5,,,,"R1:3513"
"IRN","BA:675","UNE_DEAP_SEX_AGE_RT","SEX_M","AGE_5YRBANDS_Y20-24","2022",21.131,,,,"R1:3513"
"IRN","BA:675","UNE_DEAP_SEX_AGE_RT","SEX_M","AGE_5YRBANDS_Y25-29","2022",15.473,,,,"R1:3513"
"IRN","BA:675","UNE_DEAP_SEX_AGE_RT","SEX_M","AGE_5YRBANDS_Y30-34","2022",9.538,,,,"R1:3513"
"IRN","BA:675","UNE_DEAP_SEX_AGE_RT","SEX_M","AGE_5YRBANDS_Y35-39","2022",5.666,,,,"R1:3513"
"IRN","BA:675","UNE_DEAP_SEX_AGE_RT","SEX_M","AGE_5YRBANDS_Y40-44","2022",4.342,,,,"R1:3513"
"IRN","BA:675","UNE_DEAP_SEX_AGE_RT","SEX_M","AGE_5YRBANDS_Y45-49","2022",3.81,,,,"R1:3513"
"IRN","BA:675","UNE_DEAP_SEX_AGE_RT","SEX_M","AGE_5YRBANDS_Y50-54","2022",3.615,,,,"R1:3513"
"IRN","BA:675","UNE_DEAP_SEX_AGE_RT","SEX_M","AGE_5YRBANDS_Y55-59","2022",3.694,,,,"R1:3513"
"IRN","BA:675","UNE_DEAP_SEX_AGE_RT","SEX_M","AGE_5YRBANDS_Y60-64","2022",2.932,,,,"R1:3513"
"IRN","BA:675","UNE_DEAP_SEX_AGE_RT","SEX_M","AGE_5YRBANDS_YGE65","2022",1.38,,,,"R1:3513"
"IRN","BA:675","UNE_DEAP_SEX_AGE_RT","SEX_F","AGE_5YRBANDS_YGE15","2022",15.823,,,,"R1:3513"
"IRN","BA:675","UNE_DEAP_SEX_AGE_RT","SEX_F","AGE_5YRBANDS_Y15-19","2022",16.904,,,,"R1:3513"
"IRN","BA:675","UNE_DEAP_SEX_AGE_RT","SEX_F","AGE_5YRBANDS_Y20-24","2022",40.642,,,,"R1:3513"
"IRN","BA:675","UNE_DEAP_SEX_AGE_RT","SEX_F","AGE_5YRBANDS_Y25-29","2022",32.645,,,,"R1:3513"
"IRN","BA:675","UNE_DEAP_SEX_AGE_RT","SEX_F","AGE_5YRBANDS_Y30-34","2022",20.797,,,,"R1:3513"
"IRN","BA:675","UNE_DEAP_SEX_AGE_RT","SEX_F","AGE_5YRBANDS_Y35-39","2022",12.102,,,,"R1:3513"
"IRN","BA:675","UNE_DEAP_SEX_AGE_RT","SEX_F","AGE_5YRBANDS_Y40-44","2022",6.424,,,,"R1:3513"
"IRN","BA:675","UNE_DEAP_SEX_AGE_RT","SEX_F","AGE_5YRBANDS_Y45-49","2022",4.027,,,,"R1:3513"
"IRN","BA:675","UNE_DEAP_SEX_AGE_RT","SEX_F","AGE_5YRBANDS_Y50-54","2022",1.713,,,,"R1:3513"
"IRN","BA:675","UNE_DEAP_SEX_AGE_RT","SEX_F","AGE_5YRBANDS_Y55-59","2022",0.818,"U",,,"R1:3513"
"IRN","BA:675","UNE_DEAP_SEX_AGE_RT","SEX_F","AGE_5YRBANDS_Y60-64","2022",2.3,"U",,,"R1:3513"
"IRN","BA:675","UNE_DEAP_SEX_AGE_RT","SEX_F","AGE_5YRBANDS_YGE65","2022",2.589,"U",,,"R1:3513"
"IRN","BA:675","UNE_DEAP_SEX_AGE_RT","SEX_T","AGE_YTHADULT_YGE15","2021",9.282,,,,"R1:3513"
"IRN","BA:675","UNE_DEAP_SEX_AGE_RT","SEX_T","AGE_YTHADULT_Y15-64","2021",9.448,,,,"R1:3513"
"IRN","BA:675","UNE_DEAP_SEX_AGE_RT","SEX_T","AGE_YTHADULT_Y15-24","2021",23.708,,,,"R1:3513"
"IRN","BA:675","UNE_DEAP_SEX_AGE_RT","SEX_T","AGE_YTHADULT_YGE25","2021",7.821,,,,"R1:3513"
"IRN","BA:675","UNE_DEAP_SEX_AGE_RT","SEX_M","AGE_YTHADULT_YGE15","2021",7.968,,,,"R1:3513"
"IRN","BA:675","UNE_DEAP_SEX_AGE_RT","SEX_M","AGE_YTHADULT_Y15-64","2021",8.119,,,,"R1:3513"
"IRN","BA:675","UNE_DEAP_SEX_AGE_RT","SEX_M","AGE_YTHADULT_Y15-24","2021",20.929,,,,"R1:3513"
"IRN","BA:675","UNE_DEAP_SEX_AGE_RT","SEX_M","AGE_YTHADULT_YGE25","2021",6.672,,,,"R1:3513"
"IRN","BA:675","UNE_DEAP_SEX_AGE_RT","SEX_F","AGE_YTHADULT_YGE15","2021",16.011,,,,"R1:3513"
"IRN","BA:675","UNE_DEAP_SEX_AGE_RT","SEX_F","AGE_YTHADULT_Y15-64","2021",16.182,,,,"R1:3513"
"IRN","BA:675","UNE_DEAP_SEX_AGE_RT","SEX_F","AGE_YTHADULT_Y15-24","2021",37.01,,,,"R1:3513"
"IRN","BA:675","UNE_DEAP_SEX_AGE_RT","SEX_F","AGE_YTHADULT_YGE25","2021",13.749,,,,"R1:3513"
"IRN","BA:675","UNE_DEAP_SEX_AGE_RT","SEX_T","AGE_AGGREGATE_YGE15","2021",9.282,,,,"R1:3513"
"IRN","BA:675","UNE_DEAP_SEX_AGE_RT","SEX_T","AGE_AGGREGATE_Y15-24","2021",23.708,,,,"R1:3513"
"IRN","BA:675","UNE_DEAP_SEX_AGE_RT","SEX_T","AGE_AGGREGATE_Y25-54","2021",8.446,,,,"R1:3513"
"IRN","BA:675","UNE_DEAP_SEX_AGE_RT","SEX_T","AGE_AGGREGATE_Y55-64","2021",3.022,,,,"R1:3513"
"IRN","BA:675","UNE_DEAP_SEX_AGE_RT","SEX_T","AGE_AGGREGATE_YGE65","2021",0.908,,,,"R1:3513"
"IRN","BA:675","UNE_DEAP_SEX_AGE_RT","SEX_M","AGE_AGGREGATE_YGE15","2021",7.968,,,,"R1:3513"
"IRN","BA:675","UNE_DEAP_SEX_AGE_RT","SEX_M","AGE_AGGREGATE_Y15-24","2021",20.929,,,,"R1:3513"
"IRN","BA:675","UNE_DEAP_SEX_AGE_RT","SEX_M","AGE_AGGREGATE_Y25-54","2021",7.182,,,,"R1:3513"
"IRN","BA:675","UNE_DEAP_SEX_AGE_RT","SEX_M","AGE_AGGREGATE_Y55-64","2021",3.199,,,,"R1:3513"
"IRN","BA:675","UNE_DEAP_SEX_AGE_RT","SEX_M","AGE_AGGREGATE_YGE65","2021",0.944,,,,"R1:3513"
"IRN","BA:675","UNE_DEAP_SEX_AGE_RT","SEX_F","AGE_AGGREGATE_YGE15","2021",16.011,,,,"R1:3513"
"IRN","BA:675","UNE_DEAP_SEX_AGE_RT","SEX_F","AGE_AGGREGATE_Y15-24","2021",37.01,,,,"R1:3513"
"IRN","BA:675","UNE_DEAP_SEX_AGE_RT","SEX_F","AGE_AGGREGATE_Y25-54","2021",14.612,,,,"R1:3513"
"IRN","BA:675","UNE_DEAP_SEX_AGE_RT","SEX_F","AGE_AGGREGATE_Y55-64","2021",1.421,,,,"R1:3513"
"IRN","BA:675","UNE_DEAP_SEX_AGE_RT","SEX_F","AGE_AGGREGATE_YGE65","2021",,"U",,,"R1:3513"
"IRN","BA:675","UNE_DEAP_SEX_AGE_RT","SEX_T","AGE_10YRBANDS_YGE15","2021",9.282,,,,"R1:3513"
"IRN","BA:675","UNE_DEAP_SEX_AGE_RT","SEX_T","AGE_10YRBANDS_Y15-24","2021",23.708,,,,"R1:3513"
"IRN","BA:675","UNE_DEAP_SEX_AGE_RT","SEX_T","AGE_10YRBANDS_Y25-34","2021",15.09,,,,"R1:3513"
"IRN","BA:675","UNE_DEAP_SEX_AGE_RT","SEX_T","AGE_10YRBANDS_Y35-44","2021",5.845,,,,"R1:3513"
"IRN","BA:675","UNE_DEAP_SEX_AGE_RT","SEX_T","AGE_10YRBANDS_Y45-54","2021",3.682,,,,"R1:3513"
"IRN","BA:675","UNE_DEAP_SEX_AGE_RT","SEX_T","AGE_10YRBANDS_Y55-64","2021",3.022,,,,"R1:3513"
"IRN","BA:675","UNE_DEAP_SEX_AGE_RT","SEX_T","AGE_10YRBANDS_YGE65","2021",0.908,,,,"R1:3513"
"IRN","BA:675","UNE_DEAP_SEX_AGE_RT","SEX_M","AGE_10YRBANDS_YGE15","2021",7.968,,,,"R1:3513"
"IRN","BA:675","UNE_DEAP_SEX_AGE_RT","SEX_M","AGE_10YRBANDS_Y15-24","2021",20.929,,,,"R1:3513"
"IRN","BA:675","UNE_DEAP_SEX_AGE_RT","SEX_M","AGE_10YRBANDS_Y25-34","2021",12.29,,,,"R1:3513"
"IRN","BA:675","UNE_DEAP_SEX_AGE_RT","SEX_M","AGE_10YRBANDS_Y35-44","2021",5.092,,,,"R1:3513"
"IRN","BA:675","UNE_DEAP_SEX_AGE_RT","SEX_M","AGE_10YRBANDS_Y45-54","2021",3.914,,,,"R1:3513"
"IRN","BA:675","UNE_DEAP_SEX_AGE_RT","SEX_M","AGE_10YRBANDS_Y55-64","2021",3.199,,,,"R1:3513"
"IRN","BA:675","UNE_DEAP_SEX_AGE_RT","SEX_M","AGE_10YRBANDS_YGE65","2021",0.944,,,,"R1:3513"
"IRN","BA:675","UNE_DEAP_SEX_AGE_RT","SEX_F","AGE_10YRBANDS_YGE15","2021",16.011,,,,"R1:3513"
"IRN","BA:675","UNE_DEAP_SEX_AGE_RT","SEX_F","AGE_10YRBANDS_Y15-24","2021",37.01,,,,"R1:3513"
"IRN","BA:675","UNE_DEAP_SEX_AGE_RT","SEX_F","AGE_10YRBANDS_Y25-34","2021",27.207,,,,"R1:3513"
"IRN","BA:675","UNE_DEAP_SEX_AGE_RT","SEX_F","AGE_10YRBANDS_Y35-44","2021",9.534,,,,"R1:3513"
"IRN","BA:675","UNE_DEAP_SEX_AGE_RT","SEX_F","AGE_10YRBANDS_Y45-54","2021",2.329,,,,"R1:3513"
"IRN","BA:675","UNE_DEAP_SEX_AGE_RT","SEX_F","AGE_10YRBANDS_Y55-64","2021",1.421,,,,"R1:3513"
"IRN","BA:675","UNE_DEAP_SEX_AGE_RT","SEX_F","AGE_10YRBANDS_YGE65","2021",,"U",,,"R1:3513"
"IRN","BA:675","UNE_DEAP_SEX_AGE_RT","SEX_T","AGE_5YRBANDS_YGE15","2021",9.282,,,,"R1:3513"
"IRN","BA:675","UNE_DEAP_SEX_AGE_RT","SEX_T","AGE_5YRBANDS_Y15-19","2021",17.142,,,,"R1:3513"
"IRN","BA:675","UNE_DEAP_SEX_AGE_RT","SEX_T","AGE_5YRBANDS_Y20-24","2021",25.683,,,,"R1:3513"
"IRN","BA:675","UNE_DEAP_SEX_AGE_RT","SEX_T","AGE_5YRBANDS_Y25-29","2021",20.541,,,,"R1:3513"
"IRN","BA:675","UNE_DEAP_SEX_AGE_RT","SEX_T","AGE_5YRBANDS_Y30-34","2021",11.06,,,,"R1:3513"
"IRN","BA:675","UNE_DEAP_SEX_AGE_RT","SEX_T","AGE_5YRBANDS_Y35-39","2021",6.753,,,,"R1:3513"
"IRN","BA:675","UNE_DEAP_SEX_AGE_RT","SEX_T","AGE_5YRBANDS_Y40-44","2021",4.805,,,,"R1:3513"
"IRN","BA:675","UNE_DEAP_SEX_AGE_RT","SEX_T","AGE_5YRBANDS_Y45-49","2021",3.89,,,,"R1:3513"
"IRN","BA:675","UNE_DEAP_SEX_AGE_RT","SEX_T","AGE_5YRBANDS_Y50-54","2021",3.389,,,,"R1:3513"
"IRN","BA:675","UNE_DEAP_SEX_AGE_RT","SEX_T","AGE_5YRBANDS_Y55-59","2021",3.343,,,,"R1:3513"
"IRN","BA:675","UNE_DEAP_SEX_AGE_RT","SEX_T","AGE_5YRBANDS_Y60-64","2021",2.441,,,,"R1:3513"
"IRN","BA:675","UNE_DEAP_SEX_AGE_RT","SEX_T","AGE_5YRBANDS_YGE65","2021",0.908,,,,"R1:3513"
"IRN","BA:675","UNE_DEAP_SEX_AGE_RT","SEX_M","AGE_5YRBANDS_YGE15","2021",7.968,,,,"R1:3513"
"IRN","BA:675","UNE_DEAP_SEX_AGE_RT","SEX_M","AGE_5YRBANDS_Y15-19","2021",16.867,,,,"R1:3513"
"IRN","BA:675","UNE_DEAP_SEX_AGE_RT","SEX_M","AGE_5YRBANDS_Y20-24","2021",22.234,,,,"R1:3513"
"IRN","BA:675","UNE_DEAP_SEX_AGE_RT","SEX_M","AGE_5YRBANDS_Y25-29","2021",17.081,,,,"R1:3513"
"IRN","BA:675","UNE_DEAP_SEX_AGE_RT","SEX_M","AGE_5YRBANDS_Y30-34","2021",8.872,,,,"R1:3513"
"IRN","BA:675","UNE_DEAP_SEX_AGE_RT","SEX_M","AGE_5YRBANDS_Y35-39","2021",5.492,,,,"R1:3513"
"IRN","BA:675","UNE_DEAP_SEX_AGE_RT","SEX_M","AGE_5YRBANDS_Y40-44","2021",4.64,,,,"R1:3513"
"IRN","BA:675","UNE_DEAP_SEX_AGE_RT","SEX_M","AGE_5YRBANDS_Y45-49","2021",4.089,,,,"R1:3513"
"IRN","BA:675","UNE_DEAP_SEX_AGE_RT","SEX_M","AGE_5YRBANDS_Y50-54","2021",3.675,,,,"R1:3513"
"IRN","BA:675","UNE_DEAP_SEX_AGE_RT","SEX_M","AGE_5YRBANDS_Y55-59","2021",3.52,,,,"R1:3513"
"IRN","BA:675","UNE_DEAP_SEX_AGE_RT","SEX_M","AGE_5YRBANDS_Y60-64","2021",2.622,,,,"R1:3513"
"IRN","BA:675","UNE_DEAP_SEX_AGE_RT","SEX_M","AGE_5YRBANDS_YGE65","2021",0.944,,,,"R1:3513"
"IRN","BA:675","UNE_DEAP_SEX_AGE_RT","SEX_F","AGE_5YRBANDS_YGE15","2021",16.011,,,,"R1:3513"
"IRN","BA:675","UNE_DEAP_SEX_AGE_RT","SEX_F","AGE_5YRBANDS_Y15-19","2021",18.967,,,,"R1:3513"
"IRN","BA:675","UNE_DEAP_SEX_AGE_RT","SEX_F","AGE_5YRBANDS_Y20-24","2021",40.847,,,,"R1:3513"
"IRN","BA:675","UNE_DEAP_SEX_AGE_RT","SEX_F","AGE_5YRBANDS_Y25-29","2021",34.032,,,,"R1:3513"
"IRN","BA:675","UNE_DEAP_SEX_AGE_RT","SEX_F","AGE_5YRBANDS_Y30-34","2021",21.34,,,,"R1:3513"
"IRN","BA:675","UNE_DEAP_SEX_AGE_RT","SEX_F","AGE_5YRBANDS_Y35-39","2021",12.743,,,,"R1:3513"
"IRN","BA:675","UNE_DEAP_SEX_AGE_RT","SEX_F","AGE_5YRBANDS_Y40-44","2021",5.644,,,,"R1:3513"
"IRN","BA:675","UNE_DEAP_SEX_AGE_RT","SEX_F","AGE_5YRBANDS_Y45-49","2021",2.797,,,,"R1:3513"
"IRN","BA:675","UNE_DEAP_SEX_AGE_RT","SEX_F","AGE_5YRBANDS_Y50-54","2021",1.592,,,,"R1:3513"
"IRN","BA:675","UNE_DEAP_SEX_AGE_RT","SEX_F","AGE_5YRBANDS_Y55-59","2021",1.771,"U",,,"R1:3513"
"IRN","BA:675","UNE_DEAP_SEX_AGE_RT","SEX_F","AGE_5YRBANDS_Y60-64","2021",,"U",,,"R1:3513"
"IRN","BA:675","UNE_DEAP_SEX_AGE_RT","SEX_F","AGE_5YRBANDS_YGE65","2021",,"U",,,"R1:3513"
"IRN","BA:675","UNE_DEAP_SEX_AGE_RT","SEX_T","AGE_YTHADULT_YGE15","2020",9.687,,,,"R1:3513"
"IRN","BA:675","UNE_DEAP_SEX_AGE_RT","SEX_T","AGE_YTHADULT_Y15-64","2020",9.864,,,,"R1:3513"
"IRN","BA:675","UNE_DEAP_SEX_AGE_RT","SEX_T","AGE_YTHADULT_Y15-24","2020",23.728,,,,"R1:3513"
"IRN","BA:675","UNE_DEAP_SEX_AGE_RT","SEX_T","AGE_YTHADULT_YGE25","2020",8.25,,,,"R1:3513"
"IRN","BA:675","UNE_DEAP_SEX_AGE_RT","SEX_M","AGE_YTHADULT_YGE15","2020",8.466,,,,"R1:3513"
"IRN","BA:675","UNE_DEAP_SEX_AGE_RT","SEX_M","AGE_YTHADULT_Y15-64","2020",8.627,,,,"R1:3513"
"IRN","BA:675","UNE_DEAP_SEX_AGE_RT","SEX_M","AGE_YTHADULT_Y15-24","2020",21.225,,,,"R1:3513"
"IRN","BA:675","UNE_DEAP_SEX_AGE_RT","SEX_M","AGE_YTHADULT_YGE25","2020",7.16,,,,"R1:3513"
"IRN","BA:675","UNE_DEAP_SEX_AGE_RT","SEX_F","AGE_YTHADULT_YGE15","2020",15.668,,,,"R1:3513"
"IRN","BA:675","UNE_DEAP_SEX_AGE_RT","SEX_F","AGE_YTHADULT_Y15-64","2020",15.869,,,,"R1:3513"
"IRN","BA:675","UNE_DEAP_SEX_AGE_RT","SEX_F","AGE_YTHADULT_Y15-24","2020",35.962,,,,"R1:3513"
"IRN","BA:675","UNE_DEAP_SEX_AGE_RT","SEX_F","AGE_YTHADULT_YGE25","2020",13.587,,,,"R1:3513"
"IRN","BA:675","UNE_DEAP_SEX_AGE_RT","SEX_T","AGE_AGGREGATE_YGE15","2020",9.687,,,,"R1:3513"
"IRN","BA:675","UNE_DEAP_SEX_AGE_RT","SEX_T","AGE_AGGREGATE_Y15-24","2020",23.728,,,,"R1:3513"
"IRN","BA:675","UNE_DEAP_SEX_AGE_RT","SEX_T","AGE_AGGREGATE_Y25-54","2020",8.92,,,,"R1:3513"
"IRN","BA:675","UNE_DEAP_SEX_AGE_RT","SEX_T","AGE_AGGREGATE_Y55-64","2020",3.221,,,,"R1:3513"
"IRN","BA:675","UNE_DEAP_SEX_AGE_RT","SEX_T","AGE_AGGREGATE_YGE65","2020",1.047,,,,"R1:3513"
"IRN","BA:675","UNE_DEAP_SEX_AGE_RT","SEX_M","AGE_AGGREGATE_YGE15","2020",8.466,,,,"R1:3513"
"IRN","BA:675","UNE_DEAP_SEX_AGE_RT","SEX_M","AGE_AGGREGATE_Y15-24","2020",21.225,,,,"R1:3513"
"IRN","BA:675","UNE_DEAP_SEX_AGE_RT","SEX_M","AGE_AGGREGATE_Y25-54","2020",7.701,,,,"R1:3513"
"IRN","BA:675","UNE_DEAP_SEX_AGE_RT","SEX_M","AGE_AGGREGATE_Y55-64","2020",3.529,,,,"R1:3513"
"IRN","BA:675","UNE_DEAP_SEX_AGE_RT","SEX_M","AGE_AGGREGATE_YGE65","2020",1.086,,,,"R1:3513"
"IRN","BA:675","UNE_DEAP_SEX_AGE_RT","SEX_F","AGE_AGGREGATE_YGE15","2020",15.668,,,,"R1:3513"
"IRN","BA:675","UNE_DEAP_SEX_AGE_RT","SEX_F","AGE_AGGREGATE_Y15-24","2020",35.962,,,,"R1:3513"
"IRN","BA:675","UNE_DEAP_SEX_AGE_RT","SEX_F","AGE_AGGREGATE_Y25-54","2020",14.641,,,,"R1:3513"
"IRN","BA:675","UNE_DEAP_SEX_AGE_RT","SEX_F","AGE_AGGREGATE_Y55-64","2020",0.99,,,,"R1:3513"
"IRN","BA:675","UNE_DEAP_SEX_AGE_RT","SEX_F","AGE_AGGREGATE_YGE65","2020",,"U",,,"R1:3513"
"IRN","BA:675","UNE_DEAP_SEX_AGE_RT","SEX_T","AGE_10YRBANDS_YGE15","2020",9.687,,,,"R1:3513"
"IRN","BA:675","UNE_DEAP_SEX_AGE_RT","SEX_T","AGE_10YRBANDS_Y15-24","2020",23.728,,,,"R1:3513"
"IRN","BA:675","UNE_DEAP_SEX_AGE_RT","SEX_T","AGE_10YRBANDS_Y25-34","2020",15.39,,,,"R1:3513"
"IRN","BA:675","UNE_DEAP_SEX_AGE_RT","SEX_T","AGE_10YRBANDS_Y35-44","2020",6.235,,,,"R1:3513"
"IRN","BA:675","UNE_DEAP_SEX_AGE_RT","SEX_T","AGE_10YRBANDS_Y45-54","2020",3.707,,,,"R1:3513"
"IRN","BA:675","UNE_DEAP_SEX_AGE_RT","SEX_T","AGE_10YRBANDS_Y55-64","2020",3.221,,,,"R1:3513"
"IRN","BA:675","UNE_DEAP_SEX_AGE_RT","SEX_T","AGE_10YRBANDS_YGE65","2020",1.047,,,,"R1:3513"
"IRN","BA:675","UNE_DEAP_SEX_AGE_RT","SEX_M","AGE_10YRBANDS_YGE15","2020",8.466,,,,"R1:3513"
"IRN","BA:675","UNE_DEAP_SEX_AGE_RT","SEX_M","AGE_10YRBANDS_Y15-24","2020",21.225,,,,"R1:3513"
"IRN","BA:675","UNE_DEAP_SEX_AGE_RT","SEX_M","AGE_10YRBANDS_Y25-34","2020",12.671,,,,"R1:3513"
"IRN","BA:675","UNE_DEAP_SEX_AGE_RT","SEX_M","AGE_10YRBANDS_Y35-44","2020",5.662,,,,"R1:3513"
"IRN","BA:675","UNE_DEAP_SEX_AGE_RT","SEX_M","AGE_10YRBANDS_Y45-54","2020",3.888,,,,"R1:3513"
"IRN","BA:675","UNE_DEAP_SEX_AGE_RT","SEX_M","AGE_10YRBANDS_Y55-64","2020",3.529,,,,"R1:3513"
"IRN","BA:675","UNE_DEAP_SEX_AGE_RT","SEX_M","AGE_10YRBANDS_YGE65","2020",1.086,,,,"R1:3513"
"IRN","BA:675","UNE_DEAP_SEX_AGE_RT","SEX_F","AGE_10YRBANDS_YGE15","2020",15.668,,,,"R1:3513"
"IRN","BA:675","UNE_DEAP_SEX_AGE_RT","SEX_F","AGE_10YRBANDS_Y15-24","2020",35.962,,,,"R1:3513"
"IRN","BA:675","UNE_DEAP_SEX_AGE_RT","SEX_F","AGE_10YRBANDS_Y25-34","2020",27.004,,,,"R1:3513"
"IRN","BA:675","UNE_DEAP_SEX_AGE_RT","SEX_F","AGE_10YRBANDS_Y35-44","2020",8.901,,,,"R1:3513"
"IRN","BA:675","UNE_DEAP_SEX_AGE_RT","SEX_F","AGE_10YRBANDS_Y45-54","2020",2.7,,,,"R1:3513"
"IRN","BA:675","UNE_DEAP_SEX_AGE_RT","SEX_F","AGE_10YRBANDS_Y55-64","2020",0.99,,,,"R1:3513"
"IRN","BA:675","UNE_DEAP_SEX_AGE_RT","SEX_F","AGE_10YRBANDS_YGE65","2020",,"U",,,"R1:3513"
"IRN","BA:675","UNE_DEAP_SEX_AGE_RT","SEX_T","AGE_5YRBANDS_YGE15","2020",9.687,,,,"R1:3513"
"IRN","BA:675","UNE_DEAP_SEX_AGE_RT","SEX_T","AGE_5YRBANDS_Y15-19","2020",17.753,,,,"R1:3513"
"IRN","BA:675","UNE_DEAP_SEX_AGE_RT","SEX_T","AGE_5YRBANDS_Y20-24","2020",25.514,,,,"R1:3513"
"IRN","BA:675","UNE_DEAP_SEX_AGE_RT","SEX_T","AGE_5YRBANDS_Y25-29","2020",20.509,,,,"R1:3513"
"IRN","BA:675","UNE_DEAP_SEX_AGE_RT","SEX_T","AGE_5YRBANDS_Y30-34","2020",11.508,,,,"R1:3513"
"IRN","BA:675","UNE_DEAP_SEX_AGE_RT","SEX_T","AGE_5YRBANDS_Y35-39","2020",7.211,,,,"R1:3513"
"IRN","BA:675","UNE_DEAP_SEX_AGE_RT","SEX_T","AGE_5YRBANDS_Y40-44","2020",5.036,,,,"R1:3513"
"IRN","BA:675","UNE_DEAP_SEX_AGE_RT","SEX_T","AGE_5YRBANDS_Y45-49","2020",3.918,,,,"R1:3513"
"IRN","BA:675","UNE_DEAP_SEX_AGE_RT","SEX_T","AGE_5YRBANDS_Y50-54","2020",3.407,,,,"R1:3513"
"IRN","BA:675","UNE_DEAP_SEX_AGE_RT","SEX_T","AGE_5YRBANDS_Y55-59","2020",3.705,,,,"R1:3513"
"IRN","BA:675","UNE_DEAP_SEX_AGE_RT","SEX_T","AGE_5YRBANDS_Y60-64","2020",2.284,,,,"R1:3513"
"IRN","BA:675","UNE_DEAP_SEX_AGE_RT","SEX_T","AGE_5YRBANDS_YGE65","2020",1.047,,,,"R1:3513"
"IRN","BA:675","UNE_DEAP_SEX_AGE_RT","SEX_M","AGE_5YRBANDS_YGE15","2020",8.466,,,,"R1:3513"
"IRN","BA:675","UNE_DEAP_SEX_AGE_RT","SEX_M","AGE_5YRBANDS_Y15-19","2020",17.344,,,,"R1:3513"
"IRN","BA:675","UNE_DEAP_SEX_AGE_RT","SEX_M","AGE_5YRBANDS_Y20-24","2020",22.481,,,,"R1:3513"
"IRN","BA:675","UNE_DEAP_SEX_AGE_RT","SEX_M","AGE_5YRBANDS_Y25-29","2020",17.103,,,,"R1:3513"
"IRN","BA:675","UNE_DEAP_SEX_AGE_RT","SEX_M","AGE_5YRBANDS_Y30-34","2020",9.363,,,,"R1:3513"
"IRN","BA:675","UNE_DEAP_SEX_AGE_RT","SEX_M","AGE_5YRBANDS_Y35-39","2020",6.14,,,,"R1:3513"
"IRN","BA:675","UNE_DEAP_SEX_AGE_RT","SEX_M","AGE_5YRBANDS_Y40-44","2020",5.08,,,,"R1:3513"
"IRN","BA:675","UNE_DEAP_SEX_AGE_RT","SEX_M","AGE_5YRBANDS_Y45-49","2020",4.053,,,,"R1:3513"
"IRN","BA:675","UNE_DEAP_SEX_AGE_RT","SEX_M","AGE_5YRBANDS_Y50-54","2020",3.655,,,,"R1:3513"
"IRN","BA:675","UNE_DEAP_SEX_AGE_RT","SEX_M","AGE_5YRBANDS_Y55-59","2020",4.087,,,,"R1:3513"
"IRN","BA:675","UNE_DEAP_SEX_AGE_RT","SEX_M","AGE_5YRBANDS_Y60-64","2020",2.468,,,,"R1:3513"
"IRN","BA:675","UNE_DEAP_SEX_AGE_RT","SEX_M","AGE_5YRBANDS_YGE65","2020",1.086,,,,"R1:3513"
"IRN","BA:675","UNE_DEAP_SEX_AGE_RT","SEX_F","AGE_5YRBANDS_YGE15","2020",15.668,,,,"R1:3513"
"IRN","BA:675","UNE_DEAP_SEX_AGE_RT","SEX_F","AGE_5YRBANDS_Y15-19","2020",20.81,,,,"R1:3513"
"IRN","BA:675","UNE_DEAP_SEX_AGE_RT","SEX_F","AGE_5YRBANDS_Y20-24","2020",38.841,,,,"R1:3513"
"IRN","BA:675","UNE_DEAP_SEX_AGE_RT","SEX_F","AGE_5YRBANDS_Y25-29","2020",34.424,,,,"R1:3513"
"IRN","BA:675","UNE_DEAP_SEX_AGE_RT","SEX_F","AGE_5YRBANDS_Y30-34","2020",21.001,,,,"R1:3513"
"IRN","BA:675","UNE_DEAP_SEX_AGE_RT","SEX_F","AGE_5YRBANDS_Y35-39","2020",12.035,,,,"R1:3513"
"IRN","BA:675","UNE_DEAP_SEX_AGE_RT","SEX_F","AGE_5YRBANDS_Y40-44","2020",4.825,,,,"R1:3513"
"IRN","BA:675","UNE_DEAP_SEX_AGE_RT","SEX_F","AGE_5YRBANDS_Y45-49","2020",3.193,,,,"R1:3513"
"IRN","BA:675","UNE_DEAP_SEX_AGE_RT","SEX_F","AGE_5YRBANDS_Y50-54","2020",1.931,,,,"R1:3513"
"IRN","BA:675","UNE_DEAP_SEX_AGE_RT","SEX_F","AGE_5YRBANDS_Y55-59","2020",1.079,"U",,,"R1:3513"
"IRN","BA:675","UNE_DEAP_SEX_AGE_RT","SEX_F","AGE_5YRBANDS_Y60-64","2020",0.791,"U",,,"R1:3513"
"IRN","BA:675","UNE_DEAP_SEX_AGE_RT","SEX_F","AGE_5YRBANDS_YGE65","2020",,"U",,,"R1:3513"
"IRN","BA:675","UNE_DEAP_SEX_AGE_RT","SEX_T","AGE_YTHADULT_YGE15","2019",10.74,,,,"R1:3513"
"IRN","BA:675","UNE_DEAP_SEX_AGE_RT","SEX_T","AGE_YTHADULT_Y15-64","2019",10.946,,,,"R1:3513"
"IRN","BA:675","UNE_DEAP_SEX_AGE_RT","SEX_T","AGE_YTHADULT_Y15-24","2019",26.074,,,,"R1:3513"
"IRN","BA:675","UNE_DEAP_SEX_AGE_RT","SEX_T","AGE_YTHADULT_YGE25","2019",9.007,,,,"R1:3513"
"IRN","BA:675","UNE_DEAP_SEX_AGE_RT","SEX_M","AGE_YTHADULT_YGE15","2019",9.099,,,,"R1:3513"
"IRN","BA:675","UNE_DEAP_SEX_AGE_RT","SEX_M","AGE_YTHADULT_Y15-64","2019",9.283,,,,"R1:3513"
"IRN","BA:675","UNE_DEAP_SEX_AGE_RT","SEX_M","AGE_YTHADULT_Y15-24","2019",22.785,,,,"R1:3513"
"IRN","BA:675","UNE_DEAP_SEX_AGE_RT","SEX_M","AGE_YTHADULT_YGE25","2019",7.576,,,,"R1:3513"
"IRN","BA:675","UNE_DEAP_SEX_AGE_RT","SEX_F","AGE_YTHADULT_YGE15","2019",17.547,,,,"R1:3513"
"IRN","BA:675","UNE_DEAP_SEX_AGE_RT","SEX_F","AGE_YTHADULT_Y15-64","2019",17.778,,,,"R1:3513"
"IRN","BA:675","UNE_DEAP_SEX_AGE_RT","SEX_F","AGE_YTHADULT_Y15-24","2019",38.816,,,,"R1:3513"
"IRN","BA:675","UNE_DEAP_SEX_AGE_RT","SEX_F","AGE_YTHADULT_YGE25","2019",14.992,,,,"R1:3513"
"IRN","BA:675","UNE_DEAP_SEX_AGE_RT","SEX_T","AGE_AGGREGATE_YGE15","2019",10.74,,,,"R1:3513"
"IRN","BA:675","UNE_DEAP_SEX_AGE_RT","SEX_T","AGE_AGGREGATE_Y15-24","2019",26.074,,,,"R1:3513"
"IRN","BA:675","UNE_DEAP_SEX_AGE_RT","SEX_T","AGE_AGGREGATE_Y25-54","2019",9.805,,,,"R1:3513"
"IRN","BA:675","UNE_DEAP_SEX_AGE_RT","SEX_T","AGE_AGGREGATE_Y55-64","2019",3.035,,,,"R1:3513"
"IRN","BA:675","UNE_DEAP_SEX_AGE_RT","SEX_T","AGE_AGGREGATE_YGE65","2019",1.374,,,,"R1:3513"
"IRN","BA:675","UNE_DEAP_SEX_AGE_RT","SEX_M","AGE_AGGREGATE_YGE15","2019",9.099,,,,"R1:3513"
"IRN","BA:675","UNE_DEAP_SEX_AGE_RT","SEX_M","AGE_AGGREGATE_Y15-24","2019",22.785,,,,"R1:3513"
"IRN","BA:675","UNE_DEAP_SEX_AGE_RT","SEX_M","AGE_AGGREGATE_Y25-54","2019",8.214,,,,"R1:3513"
"IRN","BA:675","UNE_DEAP_SEX_AGE_RT","SEX_M","AGE_AGGREGATE_Y55-64","2019",3.299,,,,"R1:3513"
"IRN","BA:675","UNE_DEAP_SEX_AGE_RT","SEX_M","AGE_AGGREGATE_YGE65","2019",1.44,,,,"R1:3513"
"IRN","BA:675","UNE_DEAP_SEX_AGE_RT","SEX_F","AGE_AGGREGATE_YGE15","2019",17.547,,,,"R1:3513"
"IRN","BA:675","UNE_DEAP_SEX_AGE_RT","SEX_F","AGE_AGGREGATE_Y15-24","2019",38.816,,,,"R1:3513"
"IRN","BA:675","UNE_DEAP_SEX_AGE_RT","SEX_F","AGE_AGGREGATE_Y25-54","2019",16.159,,,,"R1:3513"
"IRN","BA:675","UNE_DEAP_SEX_AGE_RT","SEX_F","AGE_AGGREGATE_Y55-64","2019",1.39,,,,"R1:3513"
"IRN","BA:675","UNE_DEAP_SEX_AGE_RT","SEX_F","AGE_AGGREGATE_YGE65","2019",,"U",,,"R1:3513"
"IRN","BA:675","UNE_DEAP_SEX_AGE_RT","SEX_T","AGE_10YRBANDS_YGE15","2019",10.74,,,,"R1:3513"
"IRN","BA:675","UNE_DEAP_SEX_AGE_RT","SEX_T","AGE_10YRBANDS_Y15-24","2019",26.074,,,,"R1:3513"
"IRN","BA:675","UNE_DEAP_SEX_AGE_RT","SEX_T","AGE_10YRBANDS_Y25-34","2019",16.336,,,,"R1:3513"
"IRN","BA:675","UNE_DEAP_SEX_AGE_RT","SEX_T","AGE_10YRBANDS_Y35-44","2019",6.494,,,,"R1:3513"
"IRN","BA:675","UNE_DEAP_SEX_AGE_RT","SEX_T","AGE_10YRBANDS_Y45-54","2019",4.046,,,,"R1:3513"
"IRN","BA:675","UNE_DEAP_SEX_AGE_RT","SEX_T","AGE_10YRBANDS_Y55-64","2019",3.035,,,,"R1:3513"
"IRN","BA:675","UNE_DEAP_SEX_AGE_RT","SEX_T","AGE_10YRBANDS_YGE65","2019",1.374,,,,"R1:3513"
"IRN","BA:675","UNE_DEAP_SEX_AGE_RT","SEX_M","AGE_10YRBANDS_YGE15","2019",9.099,,,,"R1:3513"
"IRN","BA:675","UNE_DEAP_SEX_AGE_RT","SEX_M","AGE_10YRBANDS_Y15-24","2019",22.785,,,,"R1:3513"
"IRN","BA:675","UNE_DEAP_SEX_AGE_RT","SEX_M","AGE_10YRBANDS_Y25-34","2019",13.078,,,,"R1:3513"
"IRN","BA:675","UNE_DEAP_SEX_AGE_RT","SEX_M","AGE_10YRBANDS_Y35-44","2019",5.685,,,,"R1:3513"
"IRN","BA:675","UNE_DEAP_SEX_AGE_RT","SEX_M","AGE_10YRBANDS_Y45-54","2019",4.321,,,,"R1:3513"
"IRN","BA:675","UNE_DEAP_SEX_AGE_RT","SEX_M","AGE_10YRBANDS_Y55-64","2019",3.299,,,,"R1:3513"
"IRN","BA:675","UNE_DEAP_SEX_AGE_RT","SEX_M","AGE_10YRBANDS_YGE65","2019",1.44,,,,"R1:3513"
"IRN","BA:675","UNE_DEAP_SEX_AGE_RT","SEX_F","AGE_10YRBANDS_YGE15","2019",17.547,,,,"R1:3513"
"IRN","BA:675","UNE_DEAP_SEX_AGE_RT","SEX_F","AGE_10YRBANDS_Y15-24","2019",38.816,,,,"R1:3513"
"IRN","BA:675","UNE_DEAP_SEX_AGE_RT","SEX_F","AGE_10YRBANDS_Y25-34","2019",28.212,,,,"R1:3513"
"IRN","BA:675","UNE_DEAP_SEX_AGE_RT","SEX_F","AGE_10YRBANDS_Y35-44","2019",9.666,,,,"R1:3513"
"IRN","BA:675","UNE_DEAP_SEX_AGE_RT","SEX_F","AGE_10YRBANDS_Y45-54","2019",2.701,,,,"R1:3513"
"IRN","BA:675","UNE_DEAP_SEX_AGE_RT","SEX_F","AGE_10YRBANDS_Y55-64","2019",1.39,,,,"R1:3513"
"IRN","BA:675","UNE_DEAP_SEX_AGE_RT","SEX_F","AGE_10YRBANDS_YGE65","2019",,"U",,,"R1:3513"
"IRN","BA:675","UNE_DEAP_SEX_AGE_RT","SEX_T","AGE_5YRBANDS_YGE15","2019",10.74,,,,"R1:3513"
"IRN","BA:675","UNE_DEAP_SEX_AGE_RT","SEX_T","AGE_5YRBANDS_Y15-19","2019",20.391,,,,"R1:3513"
"IRN","BA:675","UNE_DEAP_SEX_AGE_RT","SEX_T","AGE_5YRBANDS_Y20-24","2019",27.768,,,,"R1:3513"
"IRN","BA:675","UNE_DEAP_SEX_AGE_RT","SEX_T","AGE_5YRBANDS_Y25-29","2019",21.633,,,,"R1:3513"
"IRN","BA:675","UNE_DEAP_SEX_AGE_RT","SEX_T","AGE_5YRBANDS_Y30-34","2019",12.043,,,,"R1:3513"
"IRN","BA:675","UNE_DEAP_SEX_AGE_RT","SEX_T","AGE_5YRBANDS_Y35-39","2019",7.652,,,,"R1:3513"
"IRN","BA:675","UNE_DEAP_SEX_AGE_RT","SEX_T","AGE_5YRBANDS_Y40-44","2019",5.021,,,,"R1:3513"
"IRN","BA:675","UNE_DEAP_SEX_AGE_RT","SEX_T","AGE_5YRBANDS_Y45-49","2019",4.115,,,,"R1:3513"
"IRN","BA:675","UNE_DEAP_SEX_AGE_RT","SEX_T","AGE_5YRBANDS_Y50-54","2019",3.948,,,,"R1:3513"
"IRN","BA:675","UNE_DEAP_SEX_AGE_RT","SEX_T","AGE_5YRBANDS_Y55-59","2019",3.407,,,,"R1:3513"
"IRN","BA:675","UNE_DEAP_SEX_AGE_RT","SEX_T","AGE_5YRBANDS_Y60-64","2019",2.366,,,,"R1:3513"
"IRN","BA:675","UNE_DEAP_SEX_AGE_RT","SEX_T","AGE_5YRBANDS_YGE65","2019",1.374,,,,"R1:3513"
"IRN","BA:675","UNE_DEAP_SEX_AGE_RT","SEX_M","AGE_5YRBANDS_YGE15","2019",9.099,,,,"R1:3513"
"IRN","BA:675","UNE_DEAP_SEX_AGE_RT","SEX_M","AGE_5YRBANDS_Y15-19","2019",19.241,,,,"R1:3513"
"IRN","BA:675","UNE_DEAP_SEX_AGE_RT","SEX_M","AGE_5YRBANDS_Y20-24","2019",23.924,,,,"R1:3513"
"IRN","BA:675","UNE_DEAP_SEX_AGE_RT","SEX_M","AGE_5YRBANDS_Y25-29","2019",17.696,,,,"R1:3513"
"IRN","BA:675","UNE_DEAP_SEX_AGE_RT","SEX_M","AGE_5YRBANDS_Y30-34","2019",9.4,,,,"R1:3513"
"IRN","BA:675","UNE_DEAP_SEX_AGE_RT","SEX_M","AGE_5YRBANDS_Y35-39","2019",6.391,,,,"R1:3513"
"IRN","BA:675","UNE_DEAP_SEX_AGE_RT","SEX_M","AGE_5YRBANDS_Y40-44","2019",4.804,,,,"R1:3513"
"IRN","BA:675","UNE_DEAP_SEX_AGE_RT","SEX_M","AGE_5YRBANDS_Y45-49","2019",4.434,,,,"R1:3513"
"IRN","BA:675","UNE_DEAP_SEX_AGE_RT","SEX_M","AGE_5YRBANDS_Y50-54","2019",4.162,,,,"R1:3513"
"IRN","BA:675","UNE_DEAP_SEX_AGE_RT","SEX_M","AGE_5YRBANDS_Y55-59","2019",3.691,,,,"R1:3513"
"IRN","BA:675","UNE_DEAP_SEX_AGE_RT","SEX_M","AGE_5YRBANDS_Y60-64","2019",2.6,,,,"R1:3513"
"IRN","BA:675","UNE_DEAP_SEX_AGE_RT","SEX_M","AGE_5YRBANDS_YGE65","2019",1.44,,,,"R1:3513"
"IRN","BA:675","UNE_DEAP_SEX_AGE_RT","SEX_F","AGE_5YRBANDS_YGE15","2019",17.547,,,,"R1:3513"
"IRN","BA:675","UNE_DEAP_SEX_AGE_RT","SEX_F","AGE_5YRBANDS_Y15-19","2019",26.507,,,,"R1:3513"
"IRN","BA:675","UNE_DEAP_SEX_AGE_RT","SEX_F","AGE_5YRBANDS_Y20-24","2019",41.464,,,,"R1:3513"
"IRN","BA:675","UNE_DEAP_SEX_AGE_RT","SEX_F","AGE_5YRBANDS_Y25-29","2019",35.36,,,,"R1:3513"
"IRN","BA:675","UNE_DEAP_SEX_AGE_RT","SEX_F","AGE_5YRBANDS_Y30-34","2019",22.038,,,,"R1:3513"
"IRN","BA:675","UNE_DEAP_SEX_AGE_RT","SEX_F","AGE_5YRBANDS_Y35-39","2019",12.387,,,,"R1:3513"
"IRN","BA:675","UNE_DEAP_SEX_AGE_RT","SEX_F","AGE_5YRBANDS_Y40-44","2019",5.92,,,,"R1:3513"
"IRN","BA:675","UNE_DEAP_SEX_AGE_RT","SEX_F","AGE_5YRBANDS_Y45-49","2019",2.598,,,,"R1:3513"
"IRN","BA:675","UNE_DEAP_SEX_AGE_RT","SEX_F","AGE_5YRBANDS_Y50-54","2019",2.857,,,,"R1:3513"
"IRN","BA:675","UNE_DEAP_SEX_AGE_RT","SEX_F","AGE_5YRBANDS_Y55-59","2019",1.671,,,,"R1:3513"
"IRN","BA:675","UNE_DEAP_SEX_AGE_RT","SEX_F","AGE_5YRBANDS_Y60-64","2019",0.866,"U",,,"R1:3513"
"IRN","BA:675","UNE_DEAP_SEX_AGE_RT","SEX_F","AGE_5YRBANDS_YGE65","2019",,"U",,,"R1:3513"
"IRN","BA:675","UNE_DEAP_SEX_AGE_RT","SEX_T","AGE_YTHADULT_YGE15","2018",12.195,"B",,"I11:264","R1:3513"
"IRN","BA:675","UNE_DEAP_SEX_AGE_RT","SEX_T","AGE_YTHADULT_Y15-64","2018",12.434,"B",,"I11:264","R1:3513"
"IRN","BA:675","UNE_DEAP_SEX_AGE_RT","SEX_T","AGE_YTHADULT_Y15-24","2018",27.715,"B",,"I11:264","R1:3513"
"IRN","BA:675","UNE_DEAP_SEX_AGE_RT","SEX_T","AGE_YTHADULT_YGE25","2018",10.342,"B",,"I11:264","R1:3513"
"IRN","BA:675","UNE_DEAP_SEX_AGE_RT","SEX_M","AGE_YTHADULT_YGE15","2018",10.506,"B",,"I11:264","R1:3513"
"IRN","BA:675","UNE_DEAP_SEX_AGE_RT","SEX_M","AGE_YTHADULT_Y15-64","2018",10.726,"B",,"I11:264","R1:3513"
"IRN","BA:675","UNE_DEAP_SEX_AGE_RT","SEX_M","AGE_YTHADULT_Y15-24","2018",24.348,"B",,"I11:264","R1:3513"
"IRN","BA:675","UNE_DEAP_SEX_AGE_RT","SEX_M","AGE_YTHADULT_YGE25","2018",8.891,"B",,"I11:264","R1:3513"
"IRN","BA:675","UNE_DEAP_SEX_AGE_RT","SEX_F","AGE_YTHADULT_YGE15","2018",18.965,"B",,"I11:264","R1:3513"
"IRN","BA:675","UNE_DEAP_SEX_AGE_RT","SEX_F","AGE_YTHADULT_Y15-64","2018",19.201,"B",,"I11:264","R1:3513"
"IRN","BA:675","UNE_DEAP_SEX_AGE_RT","SEX_F","AGE_YTHADULT_Y15-24","2018",39.978,"B",,"I11:264","R1:3513"
"IRN","BA:675","UNE_DEAP_SEX_AGE_RT","SEX_F","AGE_YTHADULT_YGE25","2018",16.232,"B",,"I11:264","R1:3513"
"IRN","BA:675","UNE_DEAP_SEX_AGE_RT","SEX_T","AGE_AGGREGATE_YGE15","2018",12.195,"B",,"I11:264","R1:3513"
"IRN","BA:675","UNE_DEAP_SEX_AGE_RT","SEX_T","AGE_AGGREGATE_Y15-24","2018",27.715,"B",,"I11:264","R1:3513"
"IRN","BA:675","UNE_DEAP_SEX_AGE_RT","SEX_T","AGE_AGGREGATE_Y25-54","2018",11.135,"B",,"I11:264","R1:3513"
"IRN","BA:675","UNE_DEAP_SEX_AGE_RT","SEX_T","AGE_AGGREGATE_Y55-64","2018",4.319,"B",,"I11:264","R1:3513"
"IRN","BA:675","UNE_DEAP_SEX_AGE_RT","SEX_T","AGE_AGGREGATE_YGE65","2018",1.688,"B",,"I11:264","R1:3513"
"IRN","BA:675","UNE_DEAP_SEX_AGE_RT","SEX_M","AGE_AGGREGATE_YGE15","2018",10.506,"B",,"I11:264","R1:3513"
"IRN","BA:675","UNE_DEAP_SEX_AGE_RT","SEX_M","AGE_AGGREGATE_Y15-24","2018",24.348,"B",,"I11:264","R1:3513"
"IRN","BA:675","UNE_DEAP_SEX_AGE_RT","SEX_M","AGE_AGGREGATE_Y25-54","2018",9.529,"B",,"I11:264","R1:3513"
"IRN","BA:675","UNE_DEAP_SEX_AGE_RT","SEX_M","AGE_AGGREGATE_Y55-64","2018",4.672,"B",,"I11:264","R1:3513"
"IRN","BA:675","UNE_DEAP_SEX_AGE_RT","SEX_M","AGE_AGGREGATE_YGE65","2018",1.798,"B",,"I11:264","R1:3513"
"IRN","BA:675","UNE_DEAP_SEX_AGE_RT","SEX_F","AGE_AGGREGATE_YGE15","2018",18.965,"B",,"I11:264","R1:3513"
"IRN","BA:675","UNE_DEAP_SEX_AGE_RT","SEX_F","AGE_AGGREGATE_Y15-24","2018",39.978,"B",,"I11:264","R1:3513"
"IRN","BA:675","UNE_DEAP_SEX_AGE_RT","SEX_F","AGE_AGGREGATE_Y25-54","2018",17.352,"B",,"I11:264","R1:3513"
"IRN","BA:675","UNE_DEAP_SEX_AGE_RT","SEX_F","AGE_AGGREGATE_Y55-64","2018",2.16,"B",,"I11:264","R1:3513"
"IRN","BA:675","UNE_DEAP_SEX_AGE_RT","SEX_F","AGE_AGGREGATE_YGE65","2018",0.843,"U",,"I11:264","R1:3513"
"IRN","BA:675","UNE_DEAP_SEX_AGE_RT","SEX_T","AGE_10YRBANDS_YGE15","2018",12.195,"B",,"I11:264","R1:3513"
"IRN","BA:675","UNE_DEAP_SEX_AGE_RT","SEX_T","AGE_10YRBANDS_Y15-24","2018",27.715,"B",,"I11:264","R1:3513"
"IRN","BA:675","UNE_DEAP_SEX_AGE_RT","SEX_T","AGE_10YRBANDS_Y25-34","2018",17.769,"B",,"I11:264","R1:3513"
"IRN","BA:675","UNE_DEAP_SEX_AGE_RT","SEX_T","AGE_10YRBANDS_Y35-44","2018",7.336,"B",,"I11:264","R1:3513"
"IRN","BA:675","UNE_DEAP_SEX_AGE_RT","SEX_T","AGE_10YRBANDS_Y45-54","2018",5.156,"B",,"I11:264","R1:3513"
"IRN","BA:675","UNE_DEAP_SEX_AGE_RT","SEX_T","AGE_10YRBANDS_Y55-64","2018",4.319,"B",,"I11:264","R1:3513"
"IRN","BA:675","UNE_DEAP_SEX_AGE_RT","SEX_T","AGE_10YRBANDS_YGE65","2018",1.688,"B",,"I11:264","R1:3513"
"IRN","BA:675","UNE_DEAP_SEX_AGE_RT","SEX_M","AGE_10YRBANDS_YGE15","2018",10.506,"B",,"I11:264","R1:3513"
"IRN","BA:675","UNE_DEAP_SEX_AGE_RT","SEX_M","AGE_10YRBANDS_Y15-24","2018",24.348,"B",,"I11:264","R1:3513"
"IRN","BA:675","UNE_DEAP_SEX_AGE_RT","SEX_M","AGE_10YRBANDS_Y25-34","2018",14.305,"B",,"I11:264","R1:3513"
"IRN","BA:675","UNE_DEAP_SEX_AGE_RT","SEX_M","AGE_10YRBANDS_Y35-44","2018",6.795,"B",,"I11:264","R1:3513"
"IRN","BA:675","UNE_DEAP_SEX_AGE_RT","SEX_M","AGE_10YRBANDS_Y45-54","2018",5.531,"B",,"I11:264","R1:3513"
"IRN","BA:675","UNE_DEAP_SEX_AGE_RT","SEX_M","AGE_10YRBANDS_Y55-64","2018",4.672,"B",,"I11:264","R1:3513"
"IRN","BA:675","UNE_DEAP_SEX_AGE_RT","SEX_M","AGE_10YRBANDS_YGE65","2018",1.798,"B",,"I11:264","R1:3513"
"IRN","BA:675","UNE_DEAP_SEX_AGE_RT","SEX_F","AGE_10YRBANDS_YGE15","2018",18.965,"B",,"I11:264","R1:3513"
"IRN","BA:675","UNE_DEAP_SEX_AGE_RT","SEX_F","AGE_10YRBANDS_Y15-24","2018",39.978,"B",,"I11:264","R1:3513"
"IRN","BA:675","UNE_DEAP_SEX_AGE_RT","SEX_F","AGE_10YRBANDS_Y25-34","2018",30.027,"B",,"I11:264","R1:3513"
"IRN","BA:675","UNE_DEAP_SEX_AGE_RT","SEX_F","AGE_10YRBANDS_Y35-44","2018",9.427,"B",,"I11:264","R1:3513"
"IRN","BA:675","UNE_DEAP_SEX_AGE_RT","SEX_F","AGE_10YRBANDS_Y45-54","2018",3.41,"B",,"I11:264","R1:3513"
"IRN","BA:675","UNE_DEAP_SEX_AGE_RT","SEX_F","AGE_10YRBANDS_Y55-64","2018",2.16,"B",,"I11:264","R1:3513"
"IRN","BA:675","UNE_DEAP_SEX_AGE_RT","SEX_F","AGE_10YRBANDS_YGE65","2018",0.843,"U",,"I11:264","R1:3513"
"IRN","BA:675","UNE_DEAP_SEX_AGE_RT","SEX_T","AGE_5YRBANDS_YGE15","2018",12.195,"B",,"I11:264","R1:3513"
"IRN","BA:675","UNE_DEAP_SEX_AGE_RT","SEX_T","AGE_5YRBANDS_Y15-19","2018",22.114,"B",,"I11:264","R1:3513"
"IRN","BA:675","UNE_DEAP_SEX_AGE_RT","SEX_T","AGE_5YRBANDS_Y20-24","2018",29.4,"B",,"I11:264","R1:3513"
"IRN","BA:675","UNE_DEAP_SEX_AGE_RT","SEX_T","AGE_5YRBANDS_Y25-29","2018",23.419,"B",,"I11:264","R1:3513"
"IRN","BA:675","UNE_DEAP_SEX_AGE_RT","SEX_T","AGE_5YRBANDS_Y30-34","2018",12.996,"B",,"I11:264","R1:3513"
"IRN","BA:675","UNE_DEAP_SEX_AGE_RT","SEX_T","AGE_5YRBANDS_Y35-39","2018",8.406,"B",,"I11:264","R1:3513"
"IRN","BA:675","UNE_DEAP_SEX_AGE_RT","SEX_T","AGE_5YRBANDS_Y40-44","2018",5.974,"B",,"I11:264","R1:3513"
"IRN","BA:675","UNE_DEAP_SEX_AGE_RT","SEX_T","AGE_5YRBANDS_Y45-49","2018",5.563,"B",,"I11:264","R1:3513"
"IRN","BA:675","UNE_DEAP_SEX_AGE_RT","SEX_T","AGE_5YRBANDS_Y50-54","2018",4.57,"B",,"I11:264","R1:3513"
"IRN","BA:675","UNE_DEAP_SEX_AGE_RT","SEX_T","AGE_5YRBANDS_Y55-59","2018",4.939,"B",,"I11:264","R1:3513"
"IRN","BA:675","UNE_DEAP_SEX_AGE_RT","SEX_T","AGE_5YRBANDS_Y60-64","2018",3.154,"B",,"I11:264","R1:3513"
"IRN","BA:675","UNE_DEAP_SEX_AGE_RT","SEX_T","AGE_5YRBANDS_YGE65","2018",1.688,"B",,"I11:264","R1:3513"
"IRN","BA:675","UNE_DEAP_SEX_AGE_RT","SEX_M","AGE_5YRBANDS_YGE15","2018",10.506,"B",,"I11:264","R1:3513"
"IRN","BA:675","UNE_DEAP_SEX_AGE_RT","SEX_M","AGE_5YRBANDS_Y15-19","2018",21.263,"B",,"I11:264","R1:3513"
"IRN","BA:675","UNE_DEAP_SEX_AGE_RT","SEX_M","AGE_5YRBANDS_Y20-24","2018",25.321,"B",,"I11:264","R1:3513"
"IRN","BA:675","UNE_DEAP_SEX_AGE_RT","SEX_M","AGE_5YRBANDS_Y25-29","2018",19.11,"B",,"I11:264","R1:3513"
"IRN","BA:675","UNE_DEAP_SEX_AGE_RT","SEX_M","AGE_5YRBANDS_Y30-34","2018",10.347,"B",,"I11:264","R1:3513"
"IRN","BA:675","UNE_DEAP_SEX_AGE_RT","SEX_M","AGE_5YRBANDS_Y35-39","2018",7.47,"B",,"I11:264","R1:3513"
"IRN","BA:675","UNE_DEAP_SEX_AGE_RT","SEX_M","AGE_5YRBANDS_Y40-44","2018",5.945,"B",,"I11:264","R1:3513"
"IRN","BA:675","UNE_DEAP_SEX_AGE_RT","SEX_M","AGE_5YRBANDS_Y45-49","2018",5.939,"B",,"I11:264","R1:3513"
"IRN","BA:675","UNE_DEAP_SEX_AGE_RT","SEX_M","AGE_5YRBANDS_Y50-54","2018",4.956,"B",,"I11:264","R1:3513"
"IRN","BA:675","UNE_DEAP_SEX_AGE_RT","SEX_M","AGE_5YRBANDS_Y55-59","2018",5.267,"B",,"I11:264","R1:3513"
"IRN","BA:675","UNE_DEAP_SEX_AGE_RT","SEX_M","AGE_5YRBANDS_Y60-64","2018",3.559,"B",,"I11:264","R1:3513"
"IRN","BA:675","UNE_DEAP_SEX_AGE_RT","SEX_M","AGE_5YRBANDS_YGE65","2018",1.798,"B",,"I11:264","R1:3513"
"IRN","BA:675","UNE_DEAP_SEX_AGE_RT","SEX_F","AGE_5YRBANDS_YGE15","2018",18.965,"B",,"I11:264","R1:3513"
"IRN","BA:675","UNE_DEAP_SEX_AGE_RT","SEX_F","AGE_5YRBANDS_Y15-19","2018",25.838,"B",,"I11:264","R1:3513"
"IRN","BA:675","UNE_DEAP_SEX_AGE_RT","SEX_F","AGE_5YRBANDS_Y20-24","2018",43.503,"B",,"I11:264","R1:3513"
"IRN","BA:675","UNE_DEAP_SEX_AGE_RT","SEX_F","AGE_5YRBANDS_Y25-29","2018",37.755,"B",,"I11:264","R1:3513"
"IRN","BA:675","UNE_DEAP_SEX_AGE_RT","SEX_F","AGE_5YRBANDS_Y30-34","2018",22.886,"B",,"I11:264","R1:3513"
"IRN","BA:675","UNE_DEAP_SEX_AGE_RT","SEX_F","AGE_5YRBANDS_Y35-39","2018",11.95,"B",,"I11:264","R1:3513"
"IRN","BA:675","UNE_DEAP_SEX_AGE_RT","SEX_F","AGE_5YRBANDS_Y40-44","2018",6.088,"B",,"I11:264","R1:3513"
"IRN","BA:675","UNE_DEAP_SEX_AGE_RT","SEX_F","AGE_5YRBANDS_Y45-49","2018",3.895,"B",,"I11:264","R1:3513"
"IRN","BA:675","UNE_DEAP_SEX_AGE_RT","SEX_F","AGE_5YRBANDS_Y50-54","2018",2.639,"B",,"I11:264","R1:3513"
"IRN","BA:675","UNE_DEAP_SEX_AGE_RT","SEX_F","AGE_5YRBANDS_Y55-59","2018",2.958,"B",,"I11:264","R1:3513"
"IRN","BA:675","UNE_DEAP_SEX_AGE_RT","SEX_F","AGE_5YRBANDS_Y60-64","2018",0.601,"U",,"I11:264","R1:3513"
"IRN","BA:675","UNE_DEAP_SEX_AGE_RT","SEX_F","AGE_5YRBANDS_YGE65","2018",0.843,"U",,"I11:264","R1:3513"
"IRN","BA:675","UNE_DEAP_SEX_AGE_RT","SEX_T","AGE_YTHADULT_YGE15","2017",12.232,,,,"R1:3513"
"IRN","BA:675","UNE_DEAP_SEX_AGE_RT","SEX_T","AGE_YTHADULT_Y15-64","2017",12.459,,,,"R1:3513"
"IRN","BA:675","UNE_DEAP_SEX_AGE_RT","SEX_T","AGE_YTHADULT_Y15-24","2017",28.471,,,,"R1:3513"
"IRN","BA:675","UNE_DEAP_SEX_AGE_RT","SEX_T","AGE_YTHADULT_YGE25","2017",10.172,,,,"R1:3513"
"IRN","BA:675","UNE_DEAP_SEX_AGE_RT","SEX_M","AGE_YTHADULT_YGE15","2017",10.327,,,,"R1:3513"
"IRN","BA:675","UNE_DEAP_SEX_AGE_RT","SEX_M","AGE_YTHADULT_Y15-64","2017",10.531,,,,"R1:3513"
"IRN","BA:675","UNE_DEAP_SEX_AGE_RT","SEX_M","AGE_YTHADULT_Y15-24","2017",24.314,,,,"R1:3513"
"IRN","BA:675","UNE_DEAP_SEX_AGE_RT","SEX_M","AGE_YTHADULT_YGE25","2017",8.593,,,,"R1:3513"
"IRN","BA:675","UNE_DEAP_SEX_AGE_RT","SEX_F","AGE_YTHADULT_YGE15","2017",19.924,,,,"R1:3513"
"IRN","BA:675","UNE_DEAP_SEX_AGE_RT","SEX_F","AGE_YTHADULT_Y15-64","2017",20.144,,,,"R1:3513"
"IRN","BA:675","UNE_DEAP_SEX_AGE_RT","SEX_F","AGE_YTHADULT_Y15-24","2017",43.687,,,,"R1:3513"
"IRN","BA:675","UNE_DEAP_SEX_AGE_RT","SEX_F","AGE_YTHADULT_YGE25","2017",16.632,,,,"R1:3513"
"IRN","BA:675","UNE_DEAP_SEX_AGE_RT","SEX_T","AGE_AGGREGATE_YGE15","2017",12.232,,,,"R1:3513"
"IRN","BA:675","UNE_DEAP_SEX_AGE_RT","SEX_T","AGE_AGGREGATE_Y15-24","2017",28.471,,,,"R1:3513"
"IRN","BA:675","UNE_DEAP_SEX_AGE_RT","SEX_T","AGE_AGGREGATE_Y25-54","2017",11.007,,,,"R1:3513"
"IRN","BA:675","UNE_DEAP_SEX_AGE_RT","SEX_T","AGE_AGGREGATE_Y55-64","2017",3.894,,,,"R1:3513"
"IRN","BA:675","UNE_DEAP_SEX_AGE_RT","SEX_T","AGE_AGGREGATE_YGE65","2017",2,,,,"R1:3513"
"IRN","BA:675","UNE_DEAP_SEX_AGE_RT","SEX_M","AGE_AGGREGATE_YGE15","2017",10.327,,,,"R1:3513"
"IRN","BA:675","UNE_DEAP_SEX_AGE_RT","SEX_M","AGE_AGGREGATE_Y15-24","2017",24.314,,,,"R1:3513"
"IRN","BA:675","UNE_DEAP_SEX_AGE_RT","SEX_M","AGE_AGGREGATE_Y25-54","2017",9.257,,,,"R1:3513"
"IRN","BA:675","UNE_DEAP_SEX_AGE_RT","SEX_M","AGE_AGGREGATE_Y55-64","2017",4.194,,,,"R1:3513"
"IRN","BA:675","UNE_DEAP_SEX_AGE_RT","SEX_M","AGE_AGGREGATE_YGE65","2017",2.098,,,,"R1:3513"
"IRN","BA:675","UNE_DEAP_SEX_AGE_RT","SEX_F","AGE_AGGREGATE_YGE15","2017",19.924,,,,"R1:3513"
"IRN","BA:675","UNE_DEAP_SEX_AGE_RT","SEX_F","AGE_AGGREGATE_Y15-24","2017",43.687,,,,"R1:3513"
"IRN","BA:675","UNE_DEAP_SEX_AGE_RT","SEX_F","AGE_AGGREGATE_Y25-54","2017",17.802,,,,"R1:3513"
"IRN","BA:675","UNE_DEAP_SEX_AGE_RT","SEX_F","AGE_AGGREGATE_Y55-64","2017",2.006,,,,"R1:3513"
"IRN","BA:675","UNE_DEAP_SEX_AGE_RT","SEX_F","AGE_AGGREGATE_YGE65","2017",1.167,"U",,,"R1:3513"
"IRN","BA:675","UNE_DEAP_SEX_AGE_RT","SEX_T","AGE_10YRBANDS_YGE15","2017",12.232,,,,"R1:3513"
"IRN","BA:675","UNE_DEAP_SEX_AGE_RT","SEX_T","AGE_10YRBANDS_Y15-24","2017",28.471,,,,"R1:3513"
"IRN","BA:675","UNE_DEAP_SEX_AGE_RT","SEX_T","AGE_10YRBANDS_Y25-34","2017",17.777,,,,"R1:3513"
"IRN","BA:675","UNE_DEAP_SEX_AGE_RT","SEX_T","AGE_10YRBANDS_Y35-44","2017",7.212,,,,"R1:3513"
"IRN","BA:675","UNE_DEAP_SEX_AGE_RT","SEX_T","AGE_10YRBANDS_Y45-54","2017",4.397,,,,"R1:3513"
"IRN","BA:675","UNE_DEAP_SEX_AGE_RT","SEX_T","AGE_10YRBANDS_Y55-64","2017",3.894,,,,"R1:3513"
"IRN","BA:675","UNE_DEAP_SEX_AGE_RT","SEX_T","AGE_10YRBANDS_YGE65","2017",2,,,,"R1:3513"
"IRN","BA:675","UNE_DEAP_SEX_AGE_RT","SEX_M","AGE_10YRBANDS_YGE15","2017",10.327,,,,"R1:3513"
"IRN","BA:675","UNE_DEAP_SEX_AGE_RT","SEX_M","AGE_10YRBANDS_Y15-24","2017",24.314,,,,"R1:3513"
"IRN","BA:675","UNE_DEAP_SEX_AGE_RT","SEX_M","AGE_10YRBANDS_Y25-34","2017",14.055,,,,"R1:3513"
"IRN","BA:675","UNE_DEAP_SEX_AGE_RT","SEX_M","AGE_10YRBANDS_Y35-44","2017",6.681,,,,"R1:3513"
"IRN","BA:675","UNE_DEAP_SEX_AGE_RT","SEX_M","AGE_10YRBANDS_Y45-54","2017",4.77,,,,"R1:3513"
"IRN","BA:675","UNE_DEAP_SEX_AGE_RT","SEX_M","AGE_10YRBANDS_Y55-64","2017",4.194,,,,"R1:3513"
"IRN","BA:675","UNE_DEAP_SEX_AGE_RT","SEX_M","AGE_10YRBANDS_YGE65","2017",2.098,,,,"R1:3513"
"IRN","BA:675","UNE_DEAP_SEX_AGE_RT","SEX_F","AGE_10YRBANDS_YGE15","2017",19.924,,,,"R1:3513"
"IRN","BA:675","UNE_DEAP_SEX_AGE_RT","SEX_F","AGE_10YRBANDS_Y15-24","2017",43.687,,,,"R1:3513"
"IRN","BA:675","UNE_DEAP_SEX_AGE_RT","SEX_F","AGE_10YRBANDS_Y25-34","2017",30.788,,,,"R1:3513"
"IRN","BA:675","UNE_DEAP_SEX_AGE_RT","SEX_F","AGE_10YRBANDS_Y35-44","2017",9.304,,,,"R1:3513"
"IRN","BA:675","UNE_DEAP_SEX_AGE_RT","SEX_F","AGE_10YRBANDS_Y45-54","2017",2.649,,,,"R1:3513"
"IRN","BA:675","UNE_DEAP_SEX_AGE_RT","SEX_F","AGE_10YRBANDS_Y55-64","2017",2.006,,,,"R1:3513"
"IRN","BA:675","UNE_DEAP_SEX_AGE_RT","SEX_F","AGE_10YRBANDS_YGE65","2017",1.167,"U",,,"R1:3513"
"IRN","BA:675","UNE_DEAP_SEX_AGE_RT","SEX_T","AGE_5YRBANDS_YGE15","2017",12.232,,,,"R1:3513"
"IRN","BA:675","UNE_DEAP_SEX_AGE_RT","SEX_T","AGE_5YRBANDS_Y15-19","2017",20.624,,,,"R1:3513"
"IRN","BA:675","UNE_DEAP_SEX_AGE_RT","SEX_T","AGE_5YRBANDS_Y20-24","2017",30.864,,,,"R1:3513"
"IRN","BA:675","UNE_DEAP_SEX_AGE_RT","SEX_T","AGE_5YRBANDS_Y25-29","2017",23.057,,,,"R1:3513"
"IRN","BA:675","UNE_DEAP_SEX_AGE_RT","SEX_T","AGE_5YRBANDS_Y30-34","2017",13.305,,,,"R1:3513"
"IRN","BA:675","UNE_DEAP_SEX_AGE_RT","SEX_T","AGE_5YRBANDS_Y35-39","2017",8.221,,,,"R1:3513"
"IRN","BA:675","UNE_DEAP_SEX_AGE_RT","SEX_T","AGE_5YRBANDS_Y40-44","2017",5.933,,,,"R1:3513"
"IRN","BA:675","UNE_DEAP_SEX_AGE_RT","SEX_T","AGE_5YRBANDS_Y45-49","2017",4.597,,,,"R1:3513"
"IRN","BA:675","UNE_DEAP_SEX_AGE_RT","SEX_T","AGE_5YRBANDS_Y50-54","2017",4.108,,,,"R1:3513"
"IRN","BA:675","UNE_DEAP_SEX_AGE_RT","SEX_T","AGE_5YRBANDS_Y55-59","2017",4.649,,,,"R1:3513"
"IRN","BA:675","UNE_DEAP_SEX_AGE_RT","SEX_T","AGE_5YRBANDS_Y60-64","2017",2.593,,,,"R1:3513"
"IRN","BA:675","UNE_DEAP_SEX_AGE_RT","SEX_T","AGE_5YRBANDS_YGE65","2017",2,,,,"R1:3513"
"IRN","BA:675","UNE_DEAP_SEX_AGE_RT","SEX_M","AGE_5YRBANDS_YGE15","2017",10.327,,,,"R1:3513"
"IRN","BA:675","UNE_DEAP_SEX_AGE_RT","SEX_M","AGE_5YRBANDS_Y15-19","2017",18.981,,,,"R1:3513"
"IRN","BA:675","UNE_DEAP_SEX_AGE_RT","SEX_M","AGE_5YRBANDS_Y20-24","2017",26.016,,,,"R1:3513"
"IRN","BA:675","UNE_DEAP_SEX_AGE_RT","SEX_M","AGE_5YRBANDS_Y25-29","2017",18.235,,,,"R1:3513"
"IRN","BA:675","UNE_DEAP_SEX_AGE_RT","SEX_M","AGE_5YRBANDS_Y30-34","2017",10.575,,,,"R1:3513"
"IRN","BA:675","UNE_DEAP_SEX_AGE_RT","SEX_M","AGE_5YRBANDS_Y35-39","2017",7.181,,,,"R1:3513"
"IRN","BA:675","UNE_DEAP_SEX_AGE_RT","SEX_M","AGE_5YRBANDS_Y40-44","2017",6.052,,,,"R1:3513"
"IRN","BA:675","UNE_DEAP_SEX_AGE_RT","SEX_M","AGE_5YRBANDS_Y45-49","2017",4.955,,,,"R1:3513"
"IRN","BA:675","UNE_DEAP_SEX_AGE_RT","SEX_M","AGE_5YRBANDS_Y50-54","2017",4.507,,,,"R1:3513"
"IRN","BA:675","UNE_DEAP_SEX_AGE_RT","SEX_M","AGE_5YRBANDS_Y55-59","2017",5.103,,,,"R1:3513"
"IRN","BA:675","UNE_DEAP_SEX_AGE_RT","SEX_M","AGE_5YRBANDS_Y60-64","2017",2.614,,,,"R1:3513"
"IRN","BA:675","UNE_DEAP_SEX_AGE_RT","SEX_M","AGE_5YRBANDS_YGE65","2017",2.098,,,,"R1:3513"
"IRN","BA:675","UNE_DEAP_SEX_AGE_RT","SEX_F","AGE_5YRBANDS_YGE15","2017",19.924,,,,"R1:3513"
"IRN","BA:675","UNE_DEAP_SEX_AGE_RT","SEX_F","AGE_5YRBANDS_Y15-19","2017",27.766,,,,"R1:3513"
"IRN","BA:675","UNE_DEAP_SEX_AGE_RT","SEX_F","AGE_5YRBANDS_Y20-24","2017",47.76,,,,"R1:3513"
"IRN","BA:675","UNE_DEAP_SEX_AGE_RT","SEX_F","AGE_5YRBANDS_Y25-29","2017",39.223,,,,"R1:3513"
"IRN","BA:675","UNE_DEAP_SEX_AGE_RT","SEX_F","AGE_5YRBANDS_Y30-34","2017",23.199,,,,"R1:3513"
"IRN","BA:675","UNE_DEAP_SEX_AGE_RT","SEX_F","AGE_5YRBANDS_Y35-39","2017",12.268,,,,"R1:3513"
"IRN","BA:675","UNE_DEAP_SEX_AGE_RT","SEX_F","AGE_5YRBANDS_Y40-44","2017",5.458,,,,"R1:3513"
"IRN","BA:675","UNE_DEAP_SEX_AGE_RT","SEX_F","AGE_5YRBANDS_Y45-49","2017",3.013,,,,"R1:3513"
"IRN","BA:675","UNE_DEAP_SEX_AGE_RT","SEX_F","AGE_5YRBANDS_Y50-54","2017",2.051,,,,"R1:3513"
"IRN","BA:675","UNE_DEAP_SEX_AGE_RT","SEX_F","AGE_5YRBANDS_Y55-59","2017",1.729,,,,"R1:3513"
"IRN","BA:675","UNE_DEAP_SEX_AGE_RT","SEX_F","AGE_5YRBANDS_Y60-64","2017",2.463,"U",,,"R1:3513"
"IRN","BA:675","UNE_DEAP_SEX_AGE_RT","SEX_F","AGE_5YRBANDS_YGE65","2017",1.167,"U",,,"R1:3513"
"IRN","BA:675","UNE_DEAP_SEX_AGE_RT","SEX_T","AGE_YTHADULT_YGE15","2016",12.618,,,,"R1:3513"
"IRN","BA:675","UNE_DEAP_SEX_AGE_RT","SEX_T","AGE_YTHADULT_Y15-64","2016",12.839,,,,"R1:3513"
"IRN","BA:675","UNE_DEAP_SEX_AGE_RT","SEX_T","AGE_YTHADULT_Y15-24","2016",29.309,,,,"R1:3513"
"IRN","BA:675","UNE_DEAP_SEX_AGE_RT","SEX_T","AGE_YTHADULT_YGE25","2016",10.406,,,,"R1:3513"
"IRN","BA:675","UNE_DEAP_SEX_AGE_RT","SEX_M","AGE_YTHADULT_YGE15","2016",10.681,,,,"R1:3513"
"IRN","BA:675","UNE_DEAP_SEX_AGE_RT","SEX_M","AGE_YTHADULT_Y15-64","2016",10.877,,,,"R1:3513"
"IRN","BA:675","UNE_DEAP_SEX_AGE_RT","SEX_M","AGE_YTHADULT_Y15-24","2016",25.533,,,,"R1:3513"
"IRN","BA:675","UNE_DEAP_SEX_AGE_RT","SEX_M","AGE_YTHADULT_YGE25","2016",8.739,,,,"R1:3513"
"IRN","BA:675","UNE_DEAP_SEX_AGE_RT","SEX_F","AGE_YTHADULT_YGE15","2016",20.776,,,,"R1:3513"
"IRN","BA:675","UNE_DEAP_SEX_AGE_RT","SEX_F","AGE_YTHADULT_Y15-64","2016",21.009,,,,"R1:3513"
"IRN","BA:675","UNE_DEAP_SEX_AGE_RT","SEX_F","AGE_YTHADULT_Y15-24","2016",44.274,,,,"R1:3513"
"IRN","BA:675","UNE_DEAP_SEX_AGE_RT","SEX_F","AGE_YTHADULT_YGE25","2016",17.483,,,,"R1:3513"
"IRN","BA:675","UNE_DEAP_SEX_AGE_RT","SEX_T","AGE_AGGREGATE_YGE15","2016",12.618,,,,"R1:3513"
"IRN","BA:675","UNE_DEAP_SEX_AGE_RT","SEX_T","AGE_AGGREGATE_Y15-24","2016",29.309,,,,"R1:3513"
"IRN","BA:675","UNE_DEAP_SEX_AGE_RT","SEX_T","AGE_AGGREGATE_Y25-54","2016",11.189,,,,"R1:3513"
"IRN","BA:675","UNE_DEAP_SEX_AGE_RT","SEX_T","AGE_AGGREGATE_Y55-64","2016",4.597,,,,"R1:3513"
"IRN","BA:675","UNE_DEAP_SEX_AGE_RT","SEX_T","AGE_AGGREGATE_YGE65","2016",1.721,,,,"R1:3513"
"IRN","BA:675","UNE_DEAP_SEX_AGE_RT","SEX_M","AGE_AGGREGATE_YGE15","2016",10.681,,,,"R1:3513"
"IRN","BA:675","UNE_DEAP_SEX_AGE_RT","SEX_M","AGE_AGGREGATE_Y15-24","2016",25.533,,,,"R1:3513"
"IRN","BA:675","UNE_DEAP_SEX_AGE_RT","SEX_M","AGE_AGGREGATE_Y25-54","2016",9.318,,,,"R1:3513"
"IRN","BA:675","UNE_DEAP_SEX_AGE_RT","SEX_M","AGE_AGGREGATE_Y55-64","2016",5.043,,,,"R1:3513"
"IRN","BA:675","UNE_DEAP_SEX_AGE_RT","SEX_M","AGE_AGGREGATE_YGE65","2016",1.894,,,,"R1:3513"
"IRN","BA:675","UNE_DEAP_SEX_AGE_RT","SEX_F","AGE_AGGREGATE_YGE15","2016",20.776,,,,"R1:3513"
"IRN","BA:675","UNE_DEAP_SEX_AGE_RT","SEX_F","AGE_AGGREGATE_Y15-24","2016",44.274,,,,"R1:3513"
"IRN","BA:675","UNE_DEAP_SEX_AGE_RT","SEX_F","AGE_AGGREGATE_Y25-54","2016",18.759,,,,"R1:3513"
"IRN","BA:675","UNE_DEAP_SEX_AGE_RT","SEX_F","AGE_AGGREGATE_Y55-64","2016",1.723,,,,"R1:3513"
"IRN","BA:675","UNE_DEAP_SEX_AGE_RT","SEX_F","AGE_AGGREGATE_YGE65","2016",,"U",,,"R1:3513"
"IRN","BA:675","UNE_DEAP_SEX_AGE_RT","SEX_T","AGE_10YRBANDS_YGE15","2016",12.618,,,,"R1:3513"
"IRN","BA:675","UNE_DEAP_SEX_AGE_RT","SEX_T","AGE_10YRBANDS_Y15-24","2016",29.309,,,,"R1:3513"
"IRN","BA:675","UNE_DEAP_SEX_AGE_RT","SEX_T","AGE_10YRBANDS_Y25-34","2016",18.13,,,,"R1:3513"
"IRN","BA:675","UNE_DEAP_SEX_AGE_RT","SEX_T","AGE_10YRBANDS_Y35-44","2016",6.813,,,,"R1:3513"
"IRN","BA:675","UNE_DEAP_SEX_AGE_RT","SEX_T","AGE_10YRBANDS_Y45-54","2016",4.874,,,,"R1:3513"
"IRN","BA:675","UNE_DEAP_SEX_AGE_RT","SEX_T","AGE_10YRBANDS_Y55-64","2016",4.597,,,,"R1:3513"
"IRN","BA:675","UNE_DEAP_SEX_AGE_RT","SEX_T","AGE_10YRBANDS_YGE65","2016",1.721,,,,"R1:3513"
"IRN","BA:675","UNE_DEAP_SEX_AGE_RT","SEX_M","AGE_10YRBANDS_YGE15","2016",10.681,,,,"R1:3513"
"IRN","BA:675","UNE_DEAP_SEX_AGE_RT","SEX_M","AGE_10YRBANDS_Y15-24","2016",25.533,,,,"R1:3513"
"IRN","BA:675","UNE_DEAP_SEX_AGE_RT","SEX_M","AGE_10YRBANDS_Y25-34","2016",14.297,,,,"R1:3513"
"IRN","BA:675","UNE_DEAP_SEX_AGE_RT","SEX_M","AGE_10YRBANDS_Y35-44","2016",6.116,,,,"R1:3513"
"IRN","BA:675","UNE_DEAP_SEX_AGE_RT","SEX_M","AGE_10YRBANDS_Y45-54","2016",5.227,,,,"R1:3513"
"IRN","BA:675","UNE_DEAP_SEX_AGE_RT","SEX_M","AGE_10YRBANDS_Y55-64","2016",5.043,,,,"R1:3513"
"IRN","BA:675","UNE_DEAP_SEX_AGE_RT","SEX_M","AGE_10YRBANDS_YGE65","2016",1.894,,,,"R1:3513"
"IRN","BA:675","UNE_DEAP_SEX_AGE_RT","SEX_F","AGE_10YRBANDS_YGE15","2016",20.776,,,,"R1:3513"
"IRN","BA:675","UNE_DEAP_SEX_AGE_RT","SEX_F","AGE_10YRBANDS_Y15-24","2016",44.274,,,,"R1:3513"
"IRN","BA:675","UNE_DEAP_SEX_AGE_RT","SEX_F","AGE_10YRBANDS_Y25-34","2016",32.205,,,,"R1:3513"
"IRN","BA:675","UNE_DEAP_SEX_AGE_RT","SEX_F","AGE_10YRBANDS_Y35-44","2016",9.657,,,,"R1:3513"
"IRN","BA:675","UNE_DEAP_SEX_AGE_RT","SEX_F","AGE_10YRBANDS_Y45-54","2016",3.152,,,,"R1:3513"
"IRN","BA:675","UNE_DEAP_SEX_AGE_RT","SEX_F","AGE_10YRBANDS_Y55-64","2016",1.723,,,,"R1:3513"
"IRN","BA:675","UNE_DEAP_SEX_AGE_RT","SEX_F","AGE_10YRBANDS_YGE65","2016",,"U",,,"R1:3513"
"IRN","BA:675","UNE_DEAP_SEX_AGE_RT","SEX_T","AGE_5YRBANDS_YGE15","2016",12.618,,,,"R1:3513"
"IRN","BA:675","UNE_DEAP_SEX_AGE_RT","SEX_T","AGE_5YRBANDS_Y15-19","2016",24.391,,,,"R1:3513"
"IRN","BA:675","UNE_DEAP_SEX_AGE_RT","SEX_T","AGE_5YRBANDS_Y20-24","2016",30.741,,,,"R1:3513"
"IRN","BA:675","UNE_DEAP_SEX_AGE_RT","SEX_T","AGE_5YRBANDS_Y25-29","2016",23.651,,,,"R1:3513"
"IRN","BA:675","UNE_DEAP_SEX_AGE_RT","SEX_T","AGE_5YRBANDS_Y30-34","2016",13.078,,,,"R1:3513"
"IRN","BA:675","UNE_DEAP_SEX_AGE_RT","SEX_T","AGE_5YRBANDS_Y35-39","2016",7.786,,,,"R1:3513"
"IRN","BA:675","UNE_DEAP_SEX_AGE_RT","SEX_T","AGE_5YRBANDS_Y40-44","2016",5.582,,,,"R1:3513"
"IRN","BA:675","UNE_DEAP_SEX_AGE_RT","SEX_T","AGE_5YRBANDS_Y45-49","2016",4.906,,,,"R1:3513"
"IRN","BA:675","UNE_DEAP_SEX_AGE_RT","SEX_T","AGE_5YRBANDS_Y50-54","2016",4.829,,,,"R1:3513"
"IRN","BA:675","UNE_DEAP_SEX_AGE_RT","SEX_T","AGE_5YRBANDS_Y55-59","2016",5.247,,,,"R1:3513"
"IRN","BA:675","UNE_DEAP_SEX_AGE_RT","SEX_T","AGE_5YRBANDS_Y60-64","2016",3.437,,,,"R1:3513"
"IRN","BA:675","UNE_DEAP_SEX_AGE_RT","SEX_T","AGE_5YRBANDS_YGE65","2016",1.721,,,,"R1:3513"
"IRN","BA:675","UNE_DEAP_SEX_AGE_RT","SEX_M","AGE_5YRBANDS_YGE15","2016",10.681,,,,"R1:3513"
"IRN","BA:675","UNE_DEAP_SEX_AGE_RT","SEX_M","AGE_5YRBANDS_Y15-19","2016",22.764,,,,"R1:3513"
"IRN","BA:675","UNE_DEAP_SEX_AGE_RT","SEX_M","AGE_5YRBANDS_Y20-24","2016",26.359,,,,"R1:3513"
"IRN","BA:675","UNE_DEAP_SEX_AGE_RT","SEX_M","AGE_5YRBANDS_Y25-29","2016",18.49,,,,"R1:3513"
"IRN","BA:675","UNE_DEAP_SEX_AGE_RT","SEX_M","AGE_5YRBANDS_Y30-34","2016",10.598,,,,"R1:3513"
"IRN","BA:675","UNE_DEAP_SEX_AGE_RT","SEX_M","AGE_5YRBANDS_Y35-39","2016",6.641,,,,"R1:3513"
"IRN","BA:675","UNE_DEAP_SEX_AGE_RT","SEX_M","AGE_5YRBANDS_Y40-44","2016",5.449,,,,"R1:3513"
"IRN","BA:675","UNE_DEAP_SEX_AGE_RT","SEX_M","AGE_5YRBANDS_Y45-49","2016",5.221,,,,"R1:3513"
"IRN","BA:675","UNE_DEAP_SEX_AGE_RT","SEX_M","AGE_5YRBANDS_Y50-54","2016",5.236,,,,"R1:3513"
"IRN","BA:675","UNE_DEAP_SEX_AGE_RT","SEX_M","AGE_5YRBANDS_Y55-59","2016",5.773,,,,"R1:3513"
"IRN","BA:675","UNE_DEAP_SEX_AGE_RT","SEX_M","AGE_5YRBANDS_Y60-64","2016",3.734,,,,"R1:3513"
"IRN","BA:675","UNE_DEAP_SEX_AGE_RT","SEX_M","AGE_5YRBANDS_YGE65","2016",1.894,,,,"R1:3513"
"IRN","BA:675","UNE_DEAP_SEX_AGE_RT","SEX_F","AGE_5YRBANDS_YGE15","2016",20.776,,,,"R1:3513"
"IRN","BA:675","UNE_DEAP_SEX_AGE_RT","SEX_F","AGE_5YRBANDS_Y15-19","2016",31.533,,,,"R1:3513"
"IRN","BA:675","UNE_DEAP_SEX_AGE_RT","SEX_F","AGE_5YRBANDS_Y20-24","2016",47.61,,,,"R1:3513"
"IRN","BA:675","UNE_DEAP_SEX_AGE_RT","SEX_F","AGE_5YRBANDS_Y25-29","2016",41.02,,,,"R1:3513"
"IRN","BA:675","UNE_DEAP_SEX_AGE_RT","SEX_F","AGE_5YRBANDS_Y30-34","2016",22.978,,,,"R1:3513"
"IRN","BA:675","UNE_DEAP_SEX_AGE_RT","SEX_F","AGE_5YRBANDS_Y35-39","2016",12.466,,,,"R1:3513"
"IRN","BA:675","UNE_DEAP_SEX_AGE_RT","SEX_F","AGE_5YRBANDS_Y40-44","2016",6.12,,,,"R1:3513"
"IRN","BA:675","UNE_DEAP_SEX_AGE_RT","SEX_F","AGE_5YRBANDS_Y45-49","2016",3.451,,,,"R1:3513"
"IRN","BA:675","UNE_DEAP_SEX_AGE_RT","SEX_F","AGE_5YRBANDS_Y50-54","2016",2.668,,,,"R1:3513"
"IRN","BA:675","UNE_DEAP_SEX_AGE_RT","SEX_F","AGE_5YRBANDS_Y55-59","2016",1.815,,,,"R1:3513"
"IRN","BA:675","UNE_DEAP_SEX_AGE_RT","SEX_F","AGE_5YRBANDS_Y60-64","2016",1.563,"U",,,"R1:3513"
"IRN","BA:675","UNE_DEAP_SEX_AGE_RT","SEX_F","AGE_5YRBANDS_YGE65","2016",,"U",,,"R1:3513"
"IRN","BA:675","UNE_DEAP_SEX_AGE_RT","SEX_T","AGE_YTHADULT_YGE15","2015",11.166,,,,"R1:3513"
"IRN","BA:675","UNE_DEAP_SEX_AGE_RT","SEX_T","AGE_YTHADULT_Y15-64","2015",11.379,,,,"R1:3513"
"IRN","BA:675","UNE_DEAP_SEX_AGE_RT","SEX_T","AGE_YTHADULT_Y15-24","2015",26.226,,,,"R1:3513"
"IRN","BA:675","UNE_DEAP_SEX_AGE_RT","SEX_T","AGE_YTHADULT_YGE25","2015",9.121,,,,"R1:3513"
"IRN","BA:675","UNE_DEAP_SEX_AGE_RT","SEX_M","AGE_YTHADULT_YGE15","2015",9.395,,,,"R1:3513"
"IRN","BA:675","UNE_DEAP_SEX_AGE_RT","SEX_M","AGE_YTHADULT_Y15-64","2015",9.587,,,,"R1:3513"
"IRN","BA:675","UNE_DEAP_SEX_AGE_RT","SEX_M","AGE_YTHADULT_Y15-24","2015",22.375,,,,"R1:3513"
"IRN","BA:675","UNE_DEAP_SEX_AGE_RT","SEX_M","AGE_YTHADULT_YGE25","2015",7.665,,,,"R1:3513"
"IRN","BA:675","UNE_DEAP_SEX_AGE_RT","SEX_F","AGE_YTHADULT_YGE15","2015",19.503,,,,"R1:3513"
"IRN","BA:675","UNE_DEAP_SEX_AGE_RT","SEX_F","AGE_YTHADULT_Y15-64","2015",19.713,,,,"R1:3513"
"IRN","BA:675","UNE_DEAP_SEX_AGE_RT","SEX_F","AGE_YTHADULT_Y15-24","2015",42.789,,,,"R1:3513"
"IRN","BA:675","UNE_DEAP_SEX_AGE_RT","SEX_F","AGE_YTHADULT_YGE25","2015",16.064,,,,"R1:3513"
"IRN","BA:675","UNE_DEAP_SEX_AGE_RT","SEX_T","AGE_AGGREGATE_YGE15","2015",11.166,,,,"R1:3513"
"IRN","BA:675","UNE_DEAP_SEX_AGE_RT","SEX_T","AGE_AGGREGATE_Y15-24","2015",26.226,,,,"R1:3513"
"IRN","BA:675","UNE_DEAP_SEX_AGE_RT","SEX_T","AGE_AGGREGATE_Y25-54","2015",9.864,,,,"R1:3513"
"IRN","BA:675","UNE_DEAP_SEX_AGE_RT","SEX_T","AGE_AGGREGATE_Y55-64","2015",3.527,,,,"R1:3513"
"IRN","BA:675","UNE_DEAP_SEX_AGE_RT","SEX_T","AGE_AGGREGATE_YGE65","2015",0.924,,,,"R1:3513"
"IRN","BA:675","UNE_DEAP_SEX_AGE_RT","SEX_M","AGE_AGGREGATE_YGE15","2015",9.395,,,,"R1:3513"
"IRN","BA:675","UNE_DEAP_SEX_AGE_RT","SEX_M","AGE_AGGREGATE_Y15-24","2015",22.375,,,,"R1:3513"
"IRN","BA:675","UNE_DEAP_SEX_AGE_RT","SEX_M","AGE_AGGREGATE_Y25-54","2015",8.242,,,,"R1:3513"
"IRN","BA:675","UNE_DEAP_SEX_AGE_RT","SEX_M","AGE_AGGREGATE_Y55-64","2015",3.844,,,,"R1:3513"
"IRN","BA:675","UNE_DEAP_SEX_AGE_RT","SEX_M","AGE_AGGREGATE_YGE65","2015",1.017,,,,"R1:3513"
"IRN","BA:675","UNE_DEAP_SEX_AGE_RT","SEX_F","AGE_AGGREGATE_YGE15","2015",19.503,,,,"R1:3513"
"IRN","BA:675","UNE_DEAP_SEX_AGE_RT","SEX_F","AGE_AGGREGATE_Y15-24","2015",42.789,,,,"R1:3513"
"IRN","BA:675","UNE_DEAP_SEX_AGE_RT","SEX_F","AGE_AGGREGATE_Y25-54","2015",17.259,,,,"R1:3513"
"IRN","BA:675","UNE_DEAP_SEX_AGE_RT","SEX_F","AGE_AGGREGATE_Y55-64","2015",1.337,,,,"R1:3513"
"IRN","BA:675","UNE_DEAP_SEX_AGE_RT","SEX_F","AGE_AGGREGATE_YGE65","2015",0,,,,"R1:3513"
"IRN","BA:675","UNE_DEAP_SEX_AGE_RT","SEX_T","AGE_10YRBANDS_YGE15","2015",11.166,,,,"R1:3513"
"IRN","BA:675","UNE_DEAP_SEX_AGE_RT","SEX_T","AGE_10YRBANDS_Y15-24","2015",26.226,,,,"R1:3513"
"IRN","BA:675","UNE_DEAP_SEX_AGE_RT","SEX_T","AGE_10YRBANDS_Y25-34","2015",16.068,,,,"R1:3513"
"IRN","BA:675","UNE_DEAP_SEX_AGE_RT","SEX_T","AGE_10YRBANDS_Y35-44","2015",5.795,,,,"R1:3513"
"IRN","BA:675","UNE_DEAP_SEX_AGE_RT","SEX_T","AGE_10YRBANDS_Y45-54","2015",3.952,,,,"R1:3513"
"IRN","BA:675","UNE_DEAP_SEX_AGE_RT","SEX_T","AGE_10YRBANDS_Y55-64","2015",3.527,,,,"R1:3513"
"IRN","BA:675","UNE_DEAP_SEX_AGE_RT","SEX_T","AGE_10YRBANDS_YGE65","2015",0.924,,,,"R1:3513"
"IRN","BA:675","UNE_DEAP_SEX_AGE_RT","SEX_M","AGE_10YRBANDS_YGE15","2015",9.395,,,,"R1:3513"
"IRN","BA:675","UNE_DEAP_SEX_AGE_RT","SEX_M","AGE_10YRBANDS_Y15-24","2015",22.375,,,,"R1:3513"
"IRN","BA:675","UNE_DEAP_SEX_AGE_RT","SEX_M","AGE_10YRBANDS_Y25-34","2015",12.609,,,,"R1:3513"
"IRN","BA:675","UNE_DEAP_SEX_AGE_RT","SEX_M","AGE_10YRBANDS_Y35-44","2015",5.487,,,,"R1:3513"
"IRN","BA:675","UNE_DEAP_SEX_AGE_RT","SEX_M","AGE_10YRBANDS_Y45-54","2015",4.214,,,,"R1:3513"
"IRN","BA:675","UNE_DEAP_SEX_AGE_RT","SEX_M","AGE_10YRBANDS_Y55-64","2015",3.844,,,,"R1:3513"
"IRN","BA:675","UNE_DEAP_SEX_AGE_RT","SEX_M","AGE_10YRBANDS_YGE65","2015",1.017,,,,"R1:3513"
"IRN","BA:675","UNE_DEAP_SEX_AGE_RT","SEX_F","AGE_10YRBANDS_YGE15","2015",19.503,,,,"R1:3513"
"IRN","BA:675","UNE_DEAP_SEX_AGE_RT","SEX_F","AGE_10YRBANDS_Y15-24","2015",42.789,,,,"R1:3513"
"IRN","BA:675","UNE_DEAP_SEX_AGE_RT","SEX_F","AGE_10YRBANDS_Y25-34","2015",30.315,,,,"R1:3513"
"IRN","BA:675","UNE_DEAP_SEX_AGE_RT","SEX_F","AGE_10YRBANDS_Y35-44","2015",7.205,,,,"R1:3513"
"IRN","BA:675","UNE_DEAP_SEX_AGE_RT","SEX_F","AGE_10YRBANDS_Y45-54","2015",2.485,,,,"R1:3513"
"IRN","BA:675","UNE_DEAP_SEX_AGE_RT","SEX_F","AGE_10YRBANDS_Y55-64","2015",1.337,,,,"R1:3513"
"IRN","BA:675","UNE_DEAP_SEX_AGE_RT","SEX_F","AGE_10YRBANDS_YGE65","2015",0,,,,"R1:3513"
"IRN","BA:675","UNE_DEAP_SEX_AGE_RT","SEX_T","AGE_5YRBANDS_YGE15","2015",11.166,,,,"R1:3513"
"IRN","BA:675","UNE_DEAP_SEX_AGE_RT","SEX_T","AGE_5YRBANDS_Y15-19","2015",20.338,,,,"R1:3513"
"IRN","BA:675","UNE_DEAP_SEX_AGE_RT","SEX_T","AGE_5YRBANDS_Y20-24","2015",27.758,,,,"R1:3513"
"IRN","BA:675","UNE_DEAP_SEX_AGE_RT","SEX_T","AGE_5YRBANDS_Y25-29","2015",21.434,,,,"R1:3513"
"IRN","BA:675","UNE_DEAP_SEX_AGE_RT","SEX_T","AGE_5YRBANDS_Y30-34","2015",10.874,,,,"R1:3513"
"IRN","BA:675","UNE_DEAP_SEX_AGE_RT","SEX_T","AGE_5YRBANDS_Y35-39","2015",6.704,,,,"R1:3513"
"IRN","BA:675","UNE_DEAP_SEX_AGE_RT","SEX_T","AGE_5YRBANDS_Y40-44","2015",4.717,,,,"R1:3513"
"IRN","BA:675","UNE_DEAP_SEX_AGE_RT","SEX_T","AGE_5YRBANDS_Y45-49","2015",3.964,,,,"R1:3513"
"IRN","BA:675","UNE_DEAP_SEX_AGE_RT","SEX_T","AGE_5YRBANDS_Y50-54","2015",3.937,,,,"R1:3513"
"IRN","BA:675","UNE_DEAP_SEX_AGE_RT","SEX_T","AGE_5YRBANDS_Y55-59","2015",4.08,,,,"R1:3513"
"IRN","BA:675","UNE_DEAP_SEX_AGE_RT","SEX_T","AGE_5YRBANDS_Y60-64","2015",2.533,,,,"R1:3513"
"IRN","BA:675","UNE_DEAP_SEX_AGE_RT","SEX_T","AGE_5YRBANDS_YGE65","2015",0.924,,,,"R1:3513"
"IRN","BA:675","UNE_DEAP_SEX_AGE_RT","SEX_M","AGE_5YRBANDS_YGE15","2015",9.395,,,,"R1:3513"
"IRN","BA:675","UNE_DEAP_SEX_AGE_RT","SEX_M","AGE_5YRBANDS_Y15-19","2015",19.575,,,,"R1:3513"
"IRN","BA:675","UNE_DEAP_SEX_AGE_RT","SEX_M","AGE_5YRBANDS_Y20-24","2015",23.113,,,,"R1:3513"
"IRN","BA:675","UNE_DEAP_SEX_AGE_RT","SEX_M","AGE_5YRBANDS_Y25-29","2015",16.977,,,,"R1:3513"
"IRN","BA:675","UNE_DEAP_SEX_AGE_RT","SEX_M","AGE_5YRBANDS_Y30-34","2015",8.489,,,,"R1:3513"
"IRN","BA:675","UNE_DEAP_SEX_AGE_RT","SEX_M","AGE_5YRBANDS_Y35-39","2015",6.092,,,,"R1:3513"
"IRN","BA:675","UNE_DEAP_SEX_AGE_RT","SEX_M","AGE_5YRBANDS_Y40-44","2015",4.778,,,,"R1:3513"
"IRN","BA:675","UNE_DEAP_SEX_AGE_RT","SEX_M","AGE_5YRBANDS_Y45-49","2015",4.25,,,,"R1:3513"
"IRN","BA:675","UNE_DEAP_SEX_AGE_RT","SEX_M","AGE_5YRBANDS_Y50-54","2015",4.167,,,,"R1:3513"
"IRN","BA:675","UNE_DEAP_SEX_AGE_RT","SEX_M","AGE_5YRBANDS_Y55-59","2015",4.492,,,,"R1:3513"
"IRN","BA:675","UNE_DEAP_SEX_AGE_RT","SEX_M","AGE_5YRBANDS_Y60-64","2015",2.675,,,,"R1:3513"
"IRN","BA:675","UNE_DEAP_SEX_AGE_RT","SEX_M","AGE_5YRBANDS_YGE65","2015",1.017,,,,"R1:3513"
"IRN","BA:675","UNE_DEAP_SEX_AGE_RT","SEX_F","AGE_5YRBANDS_YGE15","2015",19.503,,,,"R1:3513"
"IRN","BA:675","UNE_DEAP_SEX_AGE_RT","SEX_F","AGE_5YRBANDS_Y15-19","2015",23.803,,,,"R1:3513"
"IRN","BA:675","UNE_DEAP_SEX_AGE_RT","SEX_F","AGE_5YRBANDS_Y20-24","2015",47.459,,,,"R1:3513"
"IRN","BA:675","UNE_DEAP_SEX_AGE_RT","SEX_F","AGE_5YRBANDS_Y25-29","2015",38.636,,,,"R1:3513"
"IRN","BA:675","UNE_DEAP_SEX_AGE_RT","SEX_F","AGE_5YRBANDS_Y30-34","2015",21.365,,,,"R1:3513"
"IRN","BA:675","UNE_DEAP_SEX_AGE_RT","SEX_F","AGE_5YRBANDS_Y35-39","2015",9.448,,,,"R1:3513"
"IRN","BA:675","UNE_DEAP_SEX_AGE_RT","SEX_F","AGE_5YRBANDS_Y40-44","2015",4.429,,,,"R1:3513"
"IRN","BA:675","UNE_DEAP_SEX_AGE_RT","SEX_F","AGE_5YRBANDS_Y45-49","2015",2.536,,,,"R1:3513"
"IRN","BA:675","UNE_DEAP_SEX_AGE_RT","SEX_F","AGE_5YRBANDS_Y50-54","2015",2.399,,,,"R1:3513"
"IRN","BA:675","UNE_DEAP_SEX_AGE_RT","SEX_F","AGE_5YRBANDS_Y55-59","2015",1.204,"U",,,"R1:3513"
"IRN","BA:675","UNE_DEAP_SEX_AGE_RT","SEX_F","AGE_5YRBANDS_Y60-64","2015",1.57,"U",,,"R1:3513"
"IRN","BA:675","UNE_DEAP_SEX_AGE_RT","SEX_F","AGE_5YRBANDS_YGE65","2015",0,,,,"R1:3513"
"IRN","BA:675","UNE_DEAP_SEX_AGE_RT","SEX_T","AGE_YTHADULT_YGE15","2014",10.68,,,,"R1:3513"
"IRN","BA:675","UNE_DEAP_SEX_AGE_RT","SEX_T","AGE_YTHADULT_Y15-64","2014",10.878,,,,"R1:3513"
"IRN","BA:675","UNE_DEAP_SEX_AGE_RT","SEX_T","AGE_YTHADULT_Y15-24","2014",25.246,,,,"R1:3513"
"IRN","BA:675","UNE_DEAP_SEX_AGE_RT","SEX_T","AGE_YTHADULT_YGE25","2014",8.532,,,,"R1:3513"
"IRN","BA:675","UNE_DEAP_SEX_AGE_RT","SEX_M","AGE_YTHADULT_YGE15","2014",8.907,,,,"R1:3513"
"IRN","BA:675","UNE_DEAP_SEX_AGE_RT","SEX_M","AGE_YTHADULT_Y15-64","2014",9.081,,,,"R1:3513"
"IRN","BA:675","UNE_DEAP_SEX_AGE_RT","SEX_M","AGE_YTHADULT_Y15-24","2014",21.361,,,,"R1:3513"
"IRN","BA:675","UNE_DEAP_SEX_AGE_RT","SEX_M","AGE_YTHADULT_YGE25","2014",7.095,,,,"R1:3513"
"IRN","BA:675","UNE_DEAP_SEX_AGE_RT","SEX_F","AGE_YTHADULT_YGE15","2014",19.764,,,,"R1:3513"
"IRN","BA:675","UNE_DEAP_SEX_AGE_RT","SEX_F","AGE_YTHADULT_Y15-64","2014",19.983,,,,"R1:3513"
"IRN","BA:675","UNE_DEAP_SEX_AGE_RT","SEX_F","AGE_YTHADULT_Y15-24","2014",43.814,,,,"R1:3513"
"IRN","BA:675","UNE_DEAP_SEX_AGE_RT","SEX_F","AGE_YTHADULT_YGE25","2014",15.974,,,,"R1:3513"
"IRN","BA:675","UNE_DEAP_SEX_AGE_RT","SEX_T","AGE_AGGREGATE_YGE15","2014",10.68,,,,"R1:3513"
"IRN","BA:675","UNE_DEAP_SEX_AGE_RT","SEX_T","AGE_AGGREGATE_Y15-24","2014",25.246,,,,"R1:3513"
"IRN","BA:675","UNE_DEAP_SEX_AGE_RT","SEX_T","AGE_AGGREGATE_Y25-54","2014",9.237,,,,"R1:3513"
"IRN","BA:675","UNE_DEAP_SEX_AGE_RT","SEX_T","AGE_AGGREGATE_Y55-64","2014",2.841,,,,"R1:3513"
"IRN","BA:675","UNE_DEAP_SEX_AGE_RT","SEX_T","AGE_AGGREGATE_YGE65","2014",1.09,,,,"R1:3513"
"IRN","BA:675","UNE_DEAP_SEX_AGE_RT","SEX_M","AGE_AGGREGATE_YGE15","2014",8.907,,,,"R1:3513"
"IRN","BA:675","UNE_DEAP_SEX_AGE_RT","SEX_M","AGE_AGGREGATE_Y15-24","2014",21.361,,,,"R1:3513"
"IRN","BA:675","UNE_DEAP_SEX_AGE_RT","SEX_M","AGE_AGGREGATE_Y25-54","2014",7.659,,,,"R1:3513"
"IRN","BA:675","UNE_DEAP_SEX_AGE_RT","SEX_M","AGE_AGGREGATE_Y55-64","2014",2.981,,,,"R1:3513"
"IRN","BA:675","UNE_DEAP_SEX_AGE_RT","SEX_M","AGE_AGGREGATE_YGE65","2014",1.196,,,,"R1:3513"
"IRN","BA:675","UNE_DEAP_SEX_AGE_RT","SEX_F","AGE_AGGREGATE_YGE15","2014",19.764,,,,"R1:3513"
"IRN","BA:675","UNE_DEAP_SEX_AGE_RT","SEX_F","AGE_AGGREGATE_Y15-24","2014",43.814,,,,"R1:3513"
"IRN","BA:675","UNE_DEAP_SEX_AGE_RT","SEX_F","AGE_AGGREGATE_Y25-54","2014",17.02,,,,"R1:3513"
"IRN","BA:675","UNE_DEAP_SEX_AGE_RT","SEX_F","AGE_AGGREGATE_Y55-64","2014",1.695,,,,"R1:3513"
"IRN","BA:675","UNE_DEAP_SEX_AGE_RT","SEX_F","AGE_AGGREGATE_YGE65","2014",0,,,,"R1:3513"
"IRN","BA:675","UNE_DEAP_SEX_AGE_RT","SEX_T","AGE_10YRBANDS_YGE15","2014",10.68,,,,"R1:3513"
"IRN","BA:675","UNE_DEAP_SEX_AGE_RT","SEX_T","AGE_10YRBANDS_Y15-24","2014",25.246,,,,"R1:3513"
"IRN","BA:675","UNE_DEAP_SEX_AGE_RT","SEX_T","AGE_10YRBANDS_Y25-34","2014",14.89,,,,"R1:3513"
"IRN","BA:675","UNE_DEAP_SEX_AGE_RT","SEX_T","AGE_10YRBANDS_Y35-44","2014",5.266,,,,"R1:3513"
"IRN","BA:675","UNE_DEAP_SEX_AGE_RT","SEX_T","AGE_10YRBANDS_Y45-54","2014",3.712,,,,"R1:3513"
"IRN","BA:675","UNE_DEAP_SEX_AGE_RT","SEX_T","AGE_10YRBANDS_Y55-64","2014",2.841,,,,"R1:3513"
"IRN","BA:675","UNE_DEAP_SEX_AGE_RT","SEX_T","AGE_10YRBANDS_YGE65","2014",1.09,,,,"R1:3513"
"IRN","BA:675","UNE_DEAP_SEX_AGE_RT","SEX_M","AGE_10YRBANDS_YGE15","2014",8.907,,,,"R1:3513"
"IRN","BA:675","UNE_DEAP_SEX_AGE_RT","SEX_M","AGE_10YRBANDS_Y15-24","2014",21.361,,,,"R1:3513"
"IRN","BA:675","UNE_DEAP_SEX_AGE_RT","SEX_M","AGE_10YRBANDS_Y25-34","2014",11.619,,,,"R1:3513"
"IRN","BA:675","UNE_DEAP_SEX_AGE_RT","SEX_M","AGE_10YRBANDS_Y35-44","2014",5.058,,,,"R1:3513"
"IRN","BA:675","UNE_DEAP_SEX_AGE_RT","SEX_M","AGE_10YRBANDS_Y45-54","2014",3.803,,,,"R1:3513"
"IRN","BA:675","UNE_DEAP_SEX_AGE_RT","SEX_M","AGE_10YRBANDS_Y55-64","2014",2.981,,,,"R1:3513"
"IRN","BA:675","UNE_DEAP_SEX_AGE_RT","SEX_M","AGE_10YRBANDS_YGE65","2014",1.196,,,,"R1:3513"
"IRN","BA:675","UNE_DEAP_SEX_AGE_RT","SEX_F","AGE_10YRBANDS_YGE15","2014",19.764,,,,"R1:3513"
"IRN","BA:675","UNE_DEAP_SEX_AGE_RT","SEX_F","AGE_10YRBANDS_Y15-24","2014",43.814,,,,"R1:3513"
"IRN","BA:675","UNE_DEAP_SEX_AGE_RT","SEX_F","AGE_10YRBANDS_Y25-34","2014",29.395,,,,"R1:3513"
"IRN","BA:675","UNE_DEAP_SEX_AGE_RT","SEX_F","AGE_10YRBANDS_Y35-44","2014",6.308,,,,"R1:3513"
"IRN","BA:675","UNE_DEAP_SEX_AGE_RT","SEX_F","AGE_10YRBANDS_Y45-54","2014",3.151,,,,"R1:3513"
"IRN","BA:675","UNE_DEAP_SEX_AGE_RT","SEX_F","AGE_10YRBANDS_Y55-64","2014",1.695,,,,"R1:3513"
"IRN","BA:675","UNE_DEAP_SEX_AGE_RT","SEX_F","AGE_10YRBANDS_YGE65","2014",0,,,,"R1:3513"
"IRN","BA:675","UNE_DEAP_SEX_AGE_RT","SEX_T","AGE_5YRBANDS_YGE15","2014",10.68,,,,"R1:3513"
"IRN","BA:675","UNE_DEAP_SEX_AGE_RT","SEX_T","AGE_5YRBANDS_Y15-19","2014",19.343,,,,"R1:3513"
"IRN","BA:675","UNE_DEAP_SEX_AGE_RT","SEX_T","AGE_5YRBANDS_Y20-24","2014",26.808,,,,"R1:3513"
"IRN","BA:675","UNE_DEAP_SEX_AGE_RT","SEX_T","AGE_5YRBANDS_Y25-29","2014",19.516,,,,"R1:3513"
"IRN","BA:675","UNE_DEAP_SEX_AGE_RT","SEX_T","AGE_5YRBANDS_Y30-34","2014",10.265,,,,"R1:3513"
"IRN","BA:675","UNE_DEAP_SEX_AGE_RT","SEX_T","AGE_5YRBANDS_Y35-39","2014",5.801,,,,"R1:3513"
"IRN","BA:675","UNE_DEAP_SEX_AGE_RT","SEX_T","AGE_5YRBANDS_Y40-44","2014",4.663,,,,"R1:3513"
"IRN","BA:675","UNE_DEAP_SEX_AGE_RT","SEX_T","AGE_5YRBANDS_Y45-49","2014",3.84,,,,"R1:3513"
"IRN","BA:675","UNE_DEAP_SEX_AGE_RT","SEX_T","AGE_5YRBANDS_Y50-54","2014",3.538,,,,"R1:3513"
"IRN","BA:675","UNE_DEAP_SEX_AGE_RT","SEX_T","AGE_5YRBANDS_Y55-59","2014",3.22,,,,"R1:3513"
"IRN","BA:675","UNE_DEAP_SEX_AGE_RT","SEX_T","AGE_5YRBANDS_Y60-64","2014",2.124,,,,"R1:3513"
"IRN","BA:675","UNE_DEAP_SEX_AGE_RT","SEX_T","AGE_5YRBANDS_YGE65","2014",1.09,,,,"R1:3513"
"IRN","BA:675","UNE_DEAP_SEX_AGE_RT","SEX_M","AGE_5YRBANDS_YGE15","2014",8.907,,,,"R1:3513"
"IRN","BA:675","UNE_DEAP_SEX_AGE_RT","SEX_M","AGE_5YRBANDS_Y15-19","2014",17.628,,,,"R1:3513"
"IRN","BA:675","UNE_DEAP_SEX_AGE_RT","SEX_M","AGE_5YRBANDS_Y20-24","2014",22.349,,,,"R1:3513"
"IRN","BA:675","UNE_DEAP_SEX_AGE_RT","SEX_M","AGE_5YRBANDS_Y25-29","2014",15.193,,,,"R1:3513"
"IRN","BA:675","UNE_DEAP_SEX_AGE_RT","SEX_M","AGE_5YRBANDS_Y30-34","2014",8.113,,,,"R1:3513"
"IRN","BA:675","UNE_DEAP_SEX_AGE_RT","SEX_M","AGE_5YRBANDS_Y35-39","2014",5.442,,,,"R1:3513"
"IRN","BA:675","UNE_DEAP_SEX_AGE_RT","SEX_M","AGE_5YRBANDS_Y40-44","2014",4.633,,,,"R1:3513"
"IRN","BA:675","UNE_DEAP_SEX_AGE_RT","SEX_M","AGE_5YRBANDS_Y45-49","2014",3.946,,,,"R1:3513"
"IRN","BA:675","UNE_DEAP_SEX_AGE_RT","SEX_M","AGE_5YRBANDS_Y50-54","2014",3.615,,,,"R1:3513"
"IRN","BA:675","UNE_DEAP_SEX_AGE_RT","SEX_M","AGE_5YRBANDS_Y55-59","2014",3.359,,,,"R1:3513"
"IRN","BA:675","UNE_DEAP_SEX_AGE_RT","SEX_M","AGE_5YRBANDS_Y60-64","2014",2.257,,,,"R1:3513"
"IRN","BA:675","UNE_DEAP_SEX_AGE_RT","SEX_M","AGE_5YRBANDS_YGE65","2014",1.196,,,,"R1:3513"
"IRN","BA:675","UNE_DEAP_SEX_AGE_RT","SEX_F","AGE_5YRBANDS_YGE15","2014",19.764,,,,"R1:3513"
"IRN","BA:675","UNE_DEAP_SEX_AGE_RT","SEX_F","AGE_5YRBANDS_Y15-19","2014",27.522,,,,"R1:3513"
"IRN","BA:675","UNE_DEAP_SEX_AGE_RT","SEX_F","AGE_5YRBANDS_Y20-24","2014",48.132,,,,"R1:3513"
"IRN","BA:675","UNE_DEAP_SEX_AGE_RT","SEX_F","AGE_5YRBANDS_Y25-29","2014",37.739,,,,"R1:3513"
"IRN","BA:675","UNE_DEAP_SEX_AGE_RT","SEX_F","AGE_5YRBANDS_Y30-34","2014",20.323,,,,"R1:3513"
"IRN","BA:675","UNE_DEAP_SEX_AGE_RT","SEX_F","AGE_5YRBANDS_Y35-39","2014",7.502,,,,"R1:3513"
"IRN","BA:675","UNE_DEAP_SEX_AGE_RT","SEX_F","AGE_5YRBANDS_Y40-44","2014",4.824,,,,"R1:3513"
"IRN","BA:675","UNE_DEAP_SEX_AGE_RT","SEX_F","AGE_5YRBANDS_Y45-49","2014",3.244,,,,"R1:3513"
"IRN","BA:675","UNE_DEAP_SEX_AGE_RT","SEX_F","AGE_5YRBANDS_Y50-54","2014",2.998,,,,"R1:3513"
"IRN","BA:675","UNE_DEAP_SEX_AGE_RT","SEX_F","AGE_5YRBANDS_Y55-59","2014",2.033,,,,"R1:3513"
"IRN","BA:675","UNE_DEAP_SEX_AGE_RT","SEX_F","AGE_5YRBANDS_Y60-64","2014",1.131,"U",,,"R1:3513"
"IRN","BA:675","UNE_DEAP_SEX_AGE_RT","SEX_F","AGE_5YRBANDS_YGE65","2014",0,,,,"R1:3513"
"IRN","BA:675","UNE_DEAP_SEX_AGE_RT","SEX_T","AGE_YTHADULT_YGE15","2013",10.595,,,,"R1:3513"
"IRN","BA:675","UNE_DEAP_SEX_AGE_RT","SEX_T","AGE_YTHADULT_Y15-64","2013",10.806,,,,"R1:3513"
"IRN","BA:675","UNE_DEAP_SEX_AGE_RT","SEX_T","AGE_YTHADULT_Y15-24","2013",24.143,,,,"R1:3513"
"IRN","BA:675","UNE_DEAP_SEX_AGE_RT","SEX_T","AGE_YTHADULT_YGE25","2013",8.335,,,,"R1:3513"
"IRN","BA:675","UNE_DEAP_SEX_AGE_RT","SEX_M","AGE_YTHADULT_YGE15","2013",8.746,,,,"R1:3513"
"IRN","BA:675","UNE_DEAP_SEX_AGE_RT","SEX_M","AGE_YTHADULT_Y15-64","2013",8.928,,,,"R1:3513"
"IRN","BA:675","UNE_DEAP_SEX_AGE_RT","SEX_M","AGE_YTHADULT_Y15-24","2013",20.148,,,,"R1:3513"
"IRN","BA:675","UNE_DEAP_SEX_AGE_RT","SEX_M","AGE_YTHADULT_YGE25","2013",6.891,,,,"R1:3513"
"IRN","BA:675","UNE_DEAP_SEX_AGE_RT","SEX_F","AGE_YTHADULT_YGE15","2013",19.874,,,,"R1:3513"
"IRN","BA:675","UNE_DEAP_SEX_AGE_RT","SEX_F","AGE_YTHADULT_Y15-64","2013",20.117,,,,"R1:3513"
"IRN","BA:675","UNE_DEAP_SEX_AGE_RT","SEX_F","AGE_YTHADULT_Y15-24","2013",41.853,,,,"R1:3513"
"IRN","BA:675","UNE_DEAP_SEX_AGE_RT","SEX_F","AGE_YTHADULT_YGE25","2013",15.74,,,,"R1:3513"
"IRN","BA:675","UNE_DEAP_SEX_AGE_RT","SEX_T","AGE_AGGREGATE_YGE15","2013",10.595,,,,"R1:3513"
"IRN","BA:675","UNE_DEAP_SEX_AGE_RT","SEX_T","AGE_AGGREGATE_Y15-24","2013",24.143,,,,"R1:3513"
"IRN","BA:675","UNE_DEAP_SEX_AGE_RT","SEX_T","AGE_AGGREGATE_Y25-54","2013",8.984,,,,"R1:3513"
"IRN","BA:675","UNE_DEAP_SEX_AGE_RT","SEX_T","AGE_AGGREGATE_Y55-64","2013",3.099,,,,"R1:3513"
"IRN","BA:675","UNE_DEAP_SEX_AGE_RT","SEX_T","AGE_AGGREGATE_YGE65","2013",1.32,,,,"R1:3513"
"IRN","BA:675","UNE_DEAP_SEX_AGE_RT","SEX_M","AGE_AGGREGATE_YGE15","2013",8.746,,,,"R1:3513"
"IRN","BA:675","UNE_DEAP_SEX_AGE_RT","SEX_M","AGE_AGGREGATE_Y15-24","2013",20.148,,,,"R1:3513"
"IRN","BA:675","UNE_DEAP_SEX_AGE_RT","SEX_M","AGE_AGGREGATE_Y25-54","2013",7.386,,,,"R1:3513"
"IRN","BA:675","UNE_DEAP_SEX_AGE_RT","SEX_M","AGE_AGGREGATE_Y55-64","2013",3.324,,,,"R1:3513"
"IRN","BA:675","UNE_DEAP_SEX_AGE_RT","SEX_M","AGE_AGGREGATE_YGE65","2013",1.433,,,,"R1:3513"
"IRN","BA:675","UNE_DEAP_SEX_AGE_RT","SEX_F","AGE_AGGREGATE_YGE15","2013",19.874,,,,"R1:3513"
"IRN","BA:675","UNE_DEAP_SEX_AGE_RT","SEX_F","AGE_AGGREGATE_Y15-24","2013",41.853,,,,"R1:3513"
"IRN","BA:675","UNE_DEAP_SEX_AGE_RT","SEX_F","AGE_AGGREGATE_Y25-54","2013",16.838,,,,"R1:3513"
"IRN","BA:675","UNE_DEAP_SEX_AGE_RT","SEX_F","AGE_AGGREGATE_Y55-64","2013",1.43,,,,"R1:3513"
"IRN","BA:675","UNE_DEAP_SEX_AGE_RT","SEX_F","AGE_AGGREGATE_YGE65","2013",,"U",,,"R1:3513"
"IRN","BA:675","UNE_DEAP_SEX_AGE_RT","SEX_T","AGE_10YRBANDS_YGE15","2013",10.595,,,,"R1:3513"
"IRN","BA:675","UNE_DEAP_SEX_AGE_RT","SEX_T","AGE_10YRBANDS_Y15-24","2013",24.143,,,,"R1:3513"
"IRN","BA:675","UNE_DEAP_SEX_AGE_RT","SEX_T","AGE_10YRBANDS_Y25-34","2013",14.575,,,,"R1:3513"
"IRN","BA:675","UNE_DEAP_SEX_AGE_RT","SEX_T","AGE_10YRBANDS_Y35-44","2013",4.855,,,,"R1:3513"
"IRN","BA:675","UNE_DEAP_SEX_AGE_RT","SEX_T","AGE_10YRBANDS_Y45-54","2013",3.465,,,,"R1:3513"
"IRN","BA:675","UNE_DEAP_SEX_AGE_RT","SEX_T","AGE_10YRBANDS_Y55-64","2013",3.099,,,,"R1:3513"
"IRN","BA:675","UNE_DEAP_SEX_AGE_RT","SEX_T","AGE_10YRBANDS_YGE65","2013",1.32,,,,"R1:3513"
"IRN","BA:675","UNE_DEAP_SEX_AGE_RT","SEX_M","AGE_10YRBANDS_YGE15","2013",8.746,,,,"R1:3513"
"IRN","BA:675","UNE_DEAP_SEX_AGE_RT","SEX_M","AGE_10YRBANDS_Y15-24","2013",20.148,,,,"R1:3513"
"IRN","BA:675","UNE_DEAP_SEX_AGE_RT","SEX_M","AGE_10YRBANDS_Y25-34","2013",11.314,,,,"R1:3513"
"IRN","BA:675","UNE_DEAP_SEX_AGE_RT","SEX_M","AGE_10YRBANDS_Y35-44","2013",4.599,,,,"R1:3513"
"IRN","BA:675","UNE_DEAP_SEX_AGE_RT","SEX_M","AGE_10YRBANDS_Y45-54","2013",3.702,,,,"R1:3513"
"IRN","BA:675","UNE_DEAP_SEX_AGE_RT","SEX_M","AGE_10YRBANDS_Y55-64","2013",3.324,,,,"R1:3513"
"IRN","BA:675","UNE_DEAP_SEX_AGE_RT","SEX_M","AGE_10YRBANDS_YGE65","2013",1.433,,,,"R1:3513"
"IRN","BA:675","UNE_DEAP_SEX_AGE_RT","SEX_F","AGE_10YRBANDS_YGE15","2013",19.874,,,,"R1:3513"
"IRN","BA:675","UNE_DEAP_SEX_AGE_RT","SEX_F","AGE_10YRBANDS_Y15-24","2013",41.853,,,,"R1:3513"
"IRN","BA:675","UNE_DEAP_SEX_AGE_RT","SEX_F","AGE_10YRBANDS_Y25-34","2013",28.602,,,,"R1:3513"
"IRN","BA:675","UNE_DEAP_SEX_AGE_RT","SEX_F","AGE_10YRBANDS_Y35-44","2013",6.175,,,,"R1:3513"
"IRN","BA:675","UNE_DEAP_SEX_AGE_RT","SEX_F","AGE_10YRBANDS_Y45-54","2013",1.977,,,,"R1:3513"
"IRN","BA:675","UNE_DEAP_SEX_AGE_RT","SEX_F","AGE_10YRBANDS_Y55-64","2013",1.43,,,,"R1:3513"
"IRN","BA:675","UNE_DEAP_SEX_AGE_RT","SEX_F","AGE_10YRBANDS_YGE65","2013",,"U",,,"R1:3513"
"IRN","BA:675","UNE_DEAP_SEX_AGE_RT","SEX_T","AGE_5YRBANDS_YGE15","2013",10.595,,,,"R1:3513"
"IRN","BA:675","UNE_DEAP_SEX_AGE_RT","SEX_T","AGE_5YRBANDS_Y15-19","2013",18.638,,,,"R1:3513"
"IRN","BA:675","UNE_DEAP_SEX_AGE_RT","SEX_T","AGE_5YRBANDS_Y20-24","2013",25.543,,,,"R1:3513"
"IRN","BA:675","UNE_DEAP_SEX_AGE_RT","SEX_T","AGE_5YRBANDS_Y25-29","2013",19.115,,,,"R1:3513"
"IRN","BA:675","UNE_DEAP_SEX_AGE_RT","SEX_T","AGE_5YRBANDS_Y30-34","2013",9.784,,,,"R1:3513"
"IRN","BA:675","UNE_DEAP_SEX_AGE_RT","SEX_T","AGE_5YRBANDS_Y35-39","2013",5.557,,,,"R1:3513"
"IRN","BA:675","UNE_DEAP_SEX_AGE_RT","SEX_T","AGE_5YRBANDS_Y40-44","2013",4.069,,,,"R1:3513"
"IRN","BA:675","UNE_DEAP_SEX_AGE_RT","SEX_T","AGE_5YRBANDS_Y45-49","2013",3.448,,,,"R1:3513"
"IRN","BA:675","UNE_DEAP_SEX_AGE_RT","SEX_T","AGE_5YRBANDS_Y50-54","2013",3.489,,,,"R1:3513"
"IRN","BA:675","UNE_DEAP_SEX_AGE_RT","SEX_T","AGE_5YRBANDS_Y55-59","2013",3.422,,,,"R1:3513"
"IRN","BA:675","UNE_DEAP_SEX_AGE_RT","SEX_T","AGE_5YRBANDS_Y60-64","2013",2.502,,,,"R1:3513"
"IRN","BA:675","UNE_DEAP_SEX_AGE_RT","SEX_T","AGE_5YRBANDS_YGE65","2013",1.32,,,,"R1:3513"
"IRN","BA:675","UNE_DEAP_SEX_AGE_RT","SEX_M","AGE_5YRBANDS_YGE15","2013",8.746,,,,"R1:3513"
"IRN","BA:675","UNE_DEAP_SEX_AGE_RT","SEX_M","AGE_5YRBANDS_Y15-19","2013",17.425,,,,"R1:3513"
"IRN","BA:675","UNE_DEAP_SEX_AGE_RT","SEX_M","AGE_5YRBANDS_Y20-24","2013",20.85,,,,"R1:3513"
"IRN","BA:675","UNE_DEAP_SEX_AGE_RT","SEX_M","AGE_5YRBANDS_Y25-29","2013",14.755,,,,"R1:3513"
"IRN","BA:675","UNE_DEAP_SEX_AGE_RT","SEX_M","AGE_5YRBANDS_Y30-34","2013",7.742,,,,"R1:3513"
"IRN","BA:675","UNE_DEAP_SEX_AGE_RT","SEX_M","AGE_5YRBANDS_Y35-39","2013",5.122,,,,"R1:3513"
"IRN","BA:675","UNE_DEAP_SEX_AGE_RT","SEX_M","AGE_5YRBANDS_Y40-44","2013",4.019,,,,"R1:3513"
"IRN","BA:675","UNE_DEAP_SEX_AGE_RT","SEX_M","AGE_5YRBANDS_Y45-49","2013",3.732,,,,"R1:3513"
"IRN","BA:675","UNE_DEAP_SEX_AGE_RT","SEX_M","AGE_5YRBANDS_Y50-54","2013",3.663,,,,"R1:3513"
"IRN","BA:675","UNE_DEAP_SEX_AGE_RT","SEX_M","AGE_5YRBANDS_Y55-59","2013",3.654,,,,"R1:3513"
"IRN","BA:675","UNE_DEAP_SEX_AGE_RT","SEX_M","AGE_5YRBANDS_Y60-64","2013",2.706,,,,"R1:3513"
"IRN","BA:675","UNE_DEAP_SEX_AGE_RT","SEX_M","AGE_5YRBANDS_YGE65","2013",1.433,,,,"R1:3513"
"IRN","BA:675","UNE_DEAP_SEX_AGE_RT","SEX_F","AGE_5YRBANDS_YGE15","2013",19.874,,,,"R1:3513"
"IRN","BA:675","UNE_DEAP_SEX_AGE_RT","SEX_F","AGE_5YRBANDS_Y15-19","2013",24.375,,,,"R1:3513"
"IRN","BA:675","UNE_DEAP_SEX_AGE_RT","SEX_F","AGE_5YRBANDS_Y20-24","2013",46.015,,,,"R1:3513"
"IRN","BA:675","UNE_DEAP_SEX_AGE_RT","SEX_F","AGE_5YRBANDS_Y25-29","2013",37.106,,,,"R1:3513"
"IRN","BA:675","UNE_DEAP_SEX_AGE_RT","SEX_F","AGE_5YRBANDS_Y30-34","2013",18.976,,,,"R1:3513"
"IRN","BA:675","UNE_DEAP_SEX_AGE_RT","SEX_F","AGE_5YRBANDS_Y35-39","2013",7.742,,,,"R1:3513"
"IRN","BA:675","UNE_DEAP_SEX_AGE_RT","SEX_F","AGE_5YRBANDS_Y40-44","2013",4.337,,,,"R1:3513"
"IRN","BA:675","UNE_DEAP_SEX_AGE_RT","SEX_F","AGE_5YRBANDS_Y45-49","2013",1.872,,,,"R1:3513"
"IRN","BA:675","UNE_DEAP_SEX_AGE_RT","SEX_F","AGE_5YRBANDS_Y50-54","2013",2.165,,,,"R1:3513"
"IRN","BA:675","UNE_DEAP_SEX_AGE_RT","SEX_F","AGE_5YRBANDS_Y55-59","2013",1.618,,,,"R1:3513"
"IRN","BA:675","UNE_DEAP_SEX_AGE_RT","SEX_F","AGE_5YRBANDS_Y60-64","2013",1.121,"U",,,"R1:3513"
"IRN","BA:675","UNE_DEAP_SEX_AGE_RT","SEX_F","AGE_5YRBANDS_YGE65","2013",,"U",,,"R1:3513"
"IRN","BA:675","UNE_DEAP_SEX_AGE_RT","SEX_T","AGE_YTHADULT_YGE15","2012",12.275,,,,"R1:3513"
"IRN","BA:675","UNE_DEAP_SEX_AGE_RT","SEX_T","AGE_YTHADULT_Y15-64","2012",12.557,,,,"R1:3513"
"IRN","BA:675","UNE_DEAP_SEX_AGE_RT","SEX_T","AGE_YTHADULT_Y15-24","2012",26.857,,,,"R1:3513"
"IRN","BA:675","UNE_DEAP_SEX_AGE_RT","SEX_T","AGE_YTHADULT_YGE25","2012",9.351,,,,"R1:3513"
"IRN","BA:675","UNE_DEAP_SEX_AGE_RT","SEX_M","AGE_YTHADULT_YGE15","2012",10.579,,,,"R1:3513"
"IRN","BA:675","UNE_DEAP_SEX_AGE_RT","SEX_M","AGE_YTHADULT_Y15-64","2012",10.845,,,,"R1:3513"
"IRN","BA:675","UNE_DEAP_SEX_AGE_RT","SEX_M","AGE_YTHADULT_Y15-24","2012",23.395,,,,"R1:3513"
"IRN","BA:675","UNE_DEAP_SEX_AGE_RT","SEX_M","AGE_YTHADULT_YGE25","2012",8.05,,,,"R1:3513"
"IRN","BA:675","UNE_DEAP_SEX_AGE_RT","SEX_F","AGE_YTHADULT_YGE15","2012",19.787,,,,"R1:3513"
"IRN","BA:675","UNE_DEAP_SEX_AGE_RT","SEX_F","AGE_YTHADULT_Y15-64","2012",20.045,,,,"R1:3513"
"IRN","BA:675","UNE_DEAP_SEX_AGE_RT","SEX_F","AGE_YTHADULT_Y15-24","2012",41.166,,,,"R1:3513"
"IRN","BA:675","UNE_DEAP_SEX_AGE_RT","SEX_F","AGE_YTHADULT_YGE25","2012",15.2,,,,"R1:3513"
"IRN","BA:675","UNE_DEAP_SEX_AGE_RT","SEX_T","AGE_AGGREGATE_YGE15","2012",12.275,,,,"R1:3513"
"IRN","BA:675","UNE_DEAP_SEX_AGE_RT","SEX_T","AGE_AGGREGATE_Y15-24","2012",26.857,,,,"R1:3513"
"IRN","BA:675","UNE_DEAP_SEX_AGE_RT","SEX_T","AGE_AGGREGATE_Y25-54","2012",10.207,,,,"R1:3513"
"IRN","BA:675","UNE_DEAP_SEX_AGE_RT","SEX_T","AGE_AGGREGATE_Y55-64","2012",3.398,,,,"R1:3513"
"IRN","BA:675","UNE_DEAP_SEX_AGE_RT","SEX_T","AGE_AGGREGATE_YGE65","2012",0.649,,,,"R1:3513"
"IRN","BA:675","UNE_DEAP_SEX_AGE_RT","SEX_M","AGE_AGGREGATE_YGE15","2012",10.579,,,,"R1:3513"
"IRN","BA:675","UNE_DEAP_SEX_AGE_RT","SEX_M","AGE_AGGREGATE_Y15-24","2012",23.395,,,,"R1:3513"
"IRN","BA:675","UNE_DEAP_SEX_AGE_RT","SEX_M","AGE_AGGREGATE_Y25-54","2012",8.763,,,,"R1:3513"
"IRN","BA:675","UNE_DEAP_SEX_AGE_RT","SEX_M","AGE_AGGREGATE_Y55-64","2012",3.664,,,,"R1:3513"
"IRN","BA:675","UNE_DEAP_SEX_AGE_RT","SEX_M","AGE_AGGREGATE_YGE65","2012",0.708,,,,"R1:3513"
"IRN","BA:675","UNE_DEAP_SEX_AGE_RT","SEX_F","AGE_AGGREGATE_YGE15","2012",19.787,,,,"R1:3513"
"IRN","BA:675","UNE_DEAP_SEX_AGE_RT","SEX_F","AGE_AGGREGATE_Y15-24","2012",41.166,,,,"R1:3513"
"IRN","BA:675","UNE_DEAP_SEX_AGE_RT","SEX_F","AGE_AGGREGATE_Y25-54","2012",16.403,,,,"R1:3513"
"IRN","BA:675","UNE_DEAP_SEX_AGE_RT","SEX_F","AGE_AGGREGATE_Y55-64","2012",1.72,,,,"R1:3513"
"IRN","BA:675","UNE_DEAP_SEX_AGE_RT","SEX_F","AGE_AGGREGATE_YGE65","2012",,"U",,,"R1:3513"
"IRN","BA:675","UNE_DEAP_SEX_AGE_RT","SEX_T","AGE_10YRBANDS_YGE15","2012",12.275,,,,"R1:3513"
"IRN","BA:675","UNE_DEAP_SEX_AGE_RT","SEX_T","AGE_10YRBANDS_Y15-24","2012",26.857,,,,"R1:3513"
"IRN","BA:675","UNE_DEAP_SEX_AGE_RT","SEX_T","AGE_10YRBANDS_Y25-34","2012",16.916,,,,"R1:3513"
"IRN","BA:675","UNE_DEAP_SEX_AGE_RT","SEX_T","AGE_10YRBANDS_Y35-44","2012",5.851,,,,"R1:3513"
"IRN","BA:675","UNE_DEAP_SEX_AGE_RT","SEX_T","AGE_10YRBANDS_Y45-54","2012",4.101,,,,"R1:3513"
"IRN","BA:675","UNE_DEAP_SEX_AGE_RT","SEX_T","AGE_10YRBANDS_Y55-64","2012",3.398,,,,"R1:3513"
"IRN","BA:675","UNE_DEAP_SEX_AGE_RT","SEX_T","AGE_10YRBANDS_YGE65","2012",0.649,,,,"R1:3513"
"IRN","BA:675","UNE_DEAP_SEX_AGE_RT","SEX_M","AGE_10YRBANDS_YGE15","2012",10.579,,,,"R1:3513"
"IRN","BA:675","UNE_DEAP_SEX_AGE_RT","SEX_M","AGE_10YRBANDS_Y15-24","2012",23.395,,,,"R1:3513"
"IRN","BA:675","UNE_DEAP_SEX_AGE_RT","SEX_M","AGE_10YRBANDS_Y25-34","2012",13.875,,,,"R1:3513"
"IRN","BA:675","UNE_DEAP_SEX_AGE_RT","SEX_M","AGE_10YRBANDS_Y35-44","2012",5.672,,,,"R1:3513"
"IRN","BA:675","UNE_DEAP_SEX_AGE_RT","SEX_M","AGE_10YRBANDS_Y45-54","2012",4.309,,,,"R1:3513"
"IRN","BA:675","UNE_DEAP_SEX_AGE_RT","SEX_M","AGE_10YRBANDS_Y55-64","2012",3.664,,,,"R1:3513"
"IRN","BA:675","UNE_DEAP_SEX_AGE_RT","SEX_M","AGE_10YRBANDS_YGE65","2012",0.708,,,,"R1:3513"
"IRN","BA:675","UNE_DEAP_SEX_AGE_RT","SEX_F","AGE_10YRBANDS_YGE15","2012",19.787,,,,"R1:3513"
"IRN","BA:675","UNE_DEAP_SEX_AGE_RT","SEX_F","AGE_10YRBANDS_Y15-24","2012",41.166,,,,"R1:3513"
"IRN","BA:675","UNE_DEAP_SEX_AGE_RT","SEX_F","AGE_10YRBANDS_Y25-34","2012",28.124,,,,"R1:3513"
"IRN","BA:675","UNE_DEAP_SEX_AGE_RT","SEX_F","AGE_10YRBANDS_Y35-44","2012",6.627,,,,"R1:3513"
"IRN","BA:675","UNE_DEAP_SEX_AGE_RT","SEX_F","AGE_10YRBANDS_Y45-54","2012",2.885,,,,"R1:3513"
"IRN","BA:675","UNE_DEAP_SEX_AGE_RT","SEX_F","AGE_10YRBANDS_Y55-64","2012",1.72,,,,"R1:3513"
"IRN","BA:675","UNE_DEAP_SEX_AGE_RT","SEX_F","AGE_10YRBANDS_YGE65","2012",,"U",,,"R1:3513"
"IRN","BA:675","UNE_DEAP_SEX_AGE_RT","SEX_T","AGE_5YRBANDS_YGE15","2012",12.275,,,,"R1:3513"
"IRN","BA:675","UNE_DEAP_SEX_AGE_RT","SEX_T","AGE_5YRBANDS_Y15-19","2012",19.096,,,,"R1:3513"
"IRN","BA:675","UNE_DEAP_SEX_AGE_RT","SEX_T","AGE_5YRBANDS_Y20-24","2012",29.193,,,,"R1:3513"
"IRN","BA:675","UNE_DEAP_SEX_AGE_RT","SEX_T","AGE_5YRBANDS_Y25-29","2012",22.148,,,,"R1:3513"
"IRN","BA:675","UNE_DEAP_SEX_AGE_RT","SEX_T","AGE_5YRBANDS_Y30-34","2012",10.858,,,,"R1:3513"
"IRN","BA:675","UNE_DEAP_SEX_AGE_RT","SEX_T","AGE_5YRBANDS_Y35-39","2012",6.404,,,,"R1:3513"
"IRN","BA:675","UNE_DEAP_SEX_AGE_RT","SEX_T","AGE_5YRBANDS_Y40-44","2012",5.28,,,,"R1:3513"
"IRN","BA:675","UNE_DEAP_SEX_AGE_RT","SEX_T","AGE_5YRBANDS_Y45-49","2012",4.255,,,,"R1:3513"
"IRN","BA:675","UNE_DEAP_SEX_AGE_RT","SEX_T","AGE_5YRBANDS_Y50-54","2012",3.895,,,,"R1:3513"
"IRN","BA:675","UNE_DEAP_SEX_AGE_RT","SEX_T","AGE_5YRBANDS_Y55-59","2012",3.964,,,,"R1:3513"
"IRN","BA:675","UNE_DEAP_SEX_AGE_RT","SEX_T","AGE_5YRBANDS_Y60-64","2012",2.259,,,,"R1:3513"
"IRN","BA:675","UNE_DEAP_SEX_AGE_RT","SEX_T","AGE_5YRBANDS_YGE65","2012",0.649,,,,"R1:3513"
"IRN","BA:675","UNE_DEAP_SEX_AGE_RT","SEX_M","AGE_5YRBANDS_YGE15","2012",10.579,,,,"R1:3513"
"IRN","BA:675","UNE_DEAP_SEX_AGE_RT","SEX_M","AGE_5YRBANDS_Y15-19","2012",18.605,,,,"R1:3513"
"IRN","BA:675","UNE_DEAP_SEX_AGE_RT","SEX_M","AGE_5YRBANDS_Y20-24","2012",24.85,,,,"R1:3513"
"IRN","BA:675","UNE_DEAP_SEX_AGE_RT","SEX_M","AGE_5YRBANDS_Y25-29","2012",18.38,,,,"R1:3513"
"IRN","BA:675","UNE_DEAP_SEX_AGE_RT","SEX_M","AGE_5YRBANDS_Y30-34","2012",8.769,,,,"R1:3513"
"IRN","BA:675","UNE_DEAP_SEX_AGE_RT","SEX_M","AGE_5YRBANDS_Y35-39","2012",6.107,,,,"R1:3513"
"IRN","BA:675","UNE_DEAP_SEX_AGE_RT","SEX_M","AGE_5YRBANDS_Y40-44","2012",5.244,,,,"R1:3513"
"IRN","BA:675","UNE_DEAP_SEX_AGE_RT","SEX_M","AGE_5YRBANDS_Y45-49","2012",4.291,,,,"R1:3513"
"IRN","BA:675","UNE_DEAP_SEX_AGE_RT","SEX_M","AGE_5YRBANDS_Y50-54","2012",4.334,,,,"R1:3513"
"IRN","BA:675","UNE_DEAP_SEX_AGE_RT","SEX_M","AGE_5YRBANDS_Y55-59","2012",4.251,,,,"R1:3513"
"IRN","BA:675","UNE_DEAP_SEX_AGE_RT","SEX_M","AGE_5YRBANDS_Y60-64","2012",2.498,,,,"R1:3513"
"IRN","BA:675","UNE_DEAP_SEX_AGE_RT","SEX_M","AGE_5YRBANDS_YGE65","2012",0.708,,,,"R1:3513"
"IRN","BA:675","UNE_DEAP_SEX_AGE_RT","SEX_F","AGE_5YRBANDS_YGE15","2012",19.787,,,,"R1:3513"
"IRN","BA:675","UNE_DEAP_SEX_AGE_RT","SEX_F","AGE_5YRBANDS_Y15-19","2012",21.203,,,,"R1:3513"
"IRN","BA:675","UNE_DEAP_SEX_AGE_RT","SEX_F","AGE_5YRBANDS_Y20-24","2012",46.95,,,,"R1:3513"
"IRN","BA:675","UNE_DEAP_SEX_AGE_RT","SEX_F","AGE_5YRBANDS_Y25-29","2012",35.419,,,,"R1:3513"
"IRN","BA:675","UNE_DEAP_SEX_AGE_RT","SEX_F","AGE_5YRBANDS_Y30-34","2012",18.985,,,,"R1:3513"
"IRN","BA:675","UNE_DEAP_SEX_AGE_RT","SEX_F","AGE_5YRBANDS_Y35-39","2012",7.543,,,,"R1:3513"
"IRN","BA:675","UNE_DEAP_SEX_AGE_RT","SEX_F","AGE_5YRBANDS_Y40-44","2012",5.462,,,,"R1:3513"
"IRN","BA:675","UNE_DEAP_SEX_AGE_RT","SEX_F","AGE_5YRBANDS_Y45-49","2012",4.068,,,,"R1:3513"
"IRN","BA:675","UNE_DEAP_SEX_AGE_RT","SEX_F","AGE_5YRBANDS_Y50-54","2012",0.811,,,,"R1:3513"
"IRN","BA:675","UNE_DEAP_SEX_AGE_RT","SEX_F","AGE_5YRBANDS_Y55-59","2012",2.208,,,,"R1:3513"
"IRN","BA:675","UNE_DEAP_SEX_AGE_RT","SEX_F","AGE_5YRBANDS_Y60-64","2012",,"U",,,"R1:3513"
"IRN","BA:675","UNE_DEAP_SEX_AGE_RT","SEX_F","AGE_5YRBANDS_YGE65","2012",,"U",,,"R1:3513"
"IRN","BA:675","UNE_DEAP_SEX_AGE_RT","SEX_T","AGE_YTHADULT_YGE15","2011",12.491,,,,"R1:3513"
"IRN","BA:675","UNE_DEAP_SEX_AGE_RT","SEX_T","AGE_YTHADULT_Y15-64","2011",12.72,,,,"R1:3513"
"IRN","BA:675","UNE_DEAP_SEX_AGE_RT","SEX_T","AGE_YTHADULT_Y15-24","2011",26.639,,,,"R1:3513"
"IRN","BA:675","UNE_DEAP_SEX_AGE_RT","SEX_T","AGE_YTHADULT_YGE25","2011",9.488,,,,"R1:3513"
"IRN","BA:675","UNE_DEAP_SEX_AGE_RT","SEX_M","AGE_YTHADULT_YGE15","2011",10.717,,,,"R1:3513"
"IRN","BA:675","UNE_DEAP_SEX_AGE_RT","SEX_M","AGE_YTHADULT_Y15-64","2011",10.926,,,,"R1:3513"
"IRN","BA:675","UNE_DEAP_SEX_AGE_RT","SEX_M","AGE_YTHADULT_Y15-24","2011",23.05,,,,"R1:3513"
"IRN","BA:675","UNE_DEAP_SEX_AGE_RT","SEX_M","AGE_YTHADULT_YGE25","2011",8.142,,,,"R1:3513"
"IRN","BA:675","UNE_DEAP_SEX_AGE_RT","SEX_F","AGE_YTHADULT_YGE15","2011",21.063,,,,"R1:3513"
"IRN","BA:675","UNE_DEAP_SEX_AGE_RT","SEX_F","AGE_YTHADULT_Y15-64","2011",21.296,,,,"R1:3513"
"IRN","BA:675","UNE_DEAP_SEX_AGE_RT","SEX_F","AGE_YTHADULT_Y15-24","2011",42.71,,,,"R1:3513"
"IRN","BA:675","UNE_DEAP_SEX_AGE_RT","SEX_F","AGE_YTHADULT_YGE25","2011",16.1,,,,"R1:3513"
"IRN","BA:675","UNE_DEAP_SEX_AGE_RT","SEX_T","AGE_AGGREGATE_YGE15","2011",12.491,,,,"R1:3513"
"IRN","BA:675","UNE_DEAP_SEX_AGE_RT","SEX_T","AGE_AGGREGATE_Y15-24","2011",26.639,,,,"R1:3513"
"IRN","BA:675","UNE_DEAP_SEX_AGE_RT","SEX_T","AGE_AGGREGATE_Y25-54","2011",10.216,,,,"R1:3513"
"IRN","BA:675","UNE_DEAP_SEX_AGE_RT","SEX_T","AGE_AGGREGATE_Y55-64","2011",3.877,,,,"R1:3513"
"IRN","BA:675","UNE_DEAP_SEX_AGE_RT","SEX_T","AGE_AGGREGATE_YGE65","2011",1.857,,,,"R1:3513"
"IRN","BA:675","UNE_DEAP_SEX_AGE_RT","SEX_M","AGE_AGGREGATE_YGE15","2011",10.717,,,,"R1:3513"
"IRN","BA:675","UNE_DEAP_SEX_AGE_RT","SEX_M","AGE_AGGREGATE_Y15-24","2011",23.05,,,,"R1:3513"
"IRN","BA:675","UNE_DEAP_SEX_AGE_RT","SEX_M","AGE_AGGREGATE_Y25-54","2011",8.722,,,,"R1:3513"
"IRN","BA:675","UNE_DEAP_SEX_AGE_RT","SEX_M","AGE_AGGREGATE_Y55-64","2011",4.165,,,,"R1:3513"
"IRN","BA:675","UNE_DEAP_SEX_AGE_RT","SEX_M","AGE_AGGREGATE_YGE65","2011",1.909,,,,"R1:3513"
"IRN","BA:675","UNE_DEAP_SEX_AGE_RT","SEX_F","AGE_AGGREGATE_YGE15","2011",21.063,,,,"R1:3513"
"IRN","BA:675","UNE_DEAP_SEX_AGE_RT","SEX_F","AGE_AGGREGATE_Y15-24","2011",42.71,,,,"R1:3513"
"IRN","BA:675","UNE_DEAP_SEX_AGE_RT","SEX_F","AGE_AGGREGATE_Y25-54","2011",17.255,,,,"R1:3513"
"IRN","BA:675","UNE_DEAP_SEX_AGE_RT","SEX_F","AGE_AGGREGATE_Y55-64","2011",1.867,,,,"R1:3513"
"IRN","BA:675","UNE_DEAP_SEX_AGE_RT","SEX_F","AGE_AGGREGATE_YGE65","2011",,"U",,,"R1:3513"
"IRN","BA:675","UNE_DEAP_SEX_AGE_RT","SEX_T","AGE_10YRBANDS_YGE15","2011",12.491,,,,"R1:3513"
"IRN","BA:675","UNE_DEAP_SEX_AGE_RT","SEX_T","AGE_10YRBANDS_Y15-24","2011",26.639,,,,"R1:3513"
"IRN","BA:675","UNE_DEAP_SEX_AGE_RT","SEX_T","AGE_10YRBANDS_Y25-34","2011",16.354,,,,"R1:3513"
"IRN","BA:675","UNE_DEAP_SEX_AGE_RT","SEX_T","AGE_10YRBANDS_Y35-44","2011",6.307,,,,"R1:3513"
"IRN","BA:675","UNE_DEAP_SEX_AGE_RT","SEX_T","AGE_10YRBANDS_Y45-54","2011",4.608,,,,"R1:3513"
"IRN","BA:675","UNE_DEAP_SEX_AGE_RT","SEX_T","AGE_10YRBANDS_Y55-64","2011",3.877,,,,"R1:3513"
"IRN","BA:675","UNE_DEAP_SEX_AGE_RT","SEX_T","AGE_10YRBANDS_YGE65","2011",1.857,,,,"R1:3513"
"IRN","BA:675","UNE_DEAP_SEX_AGE_RT","SEX_M","AGE_10YRBANDS_YGE15","2011",10.717,,,,"R1:3513"
"IRN","BA:675","UNE_DEAP_SEX_AGE_RT","SEX_M","AGE_10YRBANDS_Y15-24","2011",23.05,,,,"R1:3513"
"IRN","BA:675","UNE_DEAP_SEX_AGE_RT","SEX_M","AGE_10YRBANDS_Y25-34","2011",13.14,,,,"R1:3513"
"IRN","BA:675","UNE_DEAP_SEX_AGE_RT","SEX_M","AGE_10YRBANDS_Y35-44","2011",6.117,,,,"R1:3513"
"IRN","BA:675","UNE_DEAP_SEX_AGE_RT","SEX_M","AGE_10YRBANDS_Y45-54","2011",4.825,,,,"R1:3513"
"IRN","BA:675","UNE_DEAP_SEX_AGE_RT","SEX_M","AGE_10YRBANDS_Y55-64","2011",4.165,,,,"R1:3513"
"IRN","BA:675","UNE_DEAP_SEX_AGE_RT","SEX_M","AGE_10YRBANDS_YGE65","2011",1.909,,,,"R1:3513"
"IRN","BA:675","UNE_DEAP_SEX_AGE_RT","SEX_F","AGE_10YRBANDS_YGE15","2011",21.063,,,,"R1:3513"
"IRN","BA:675","UNE_DEAP_SEX_AGE_RT","SEX_F","AGE_10YRBANDS_Y15-24","2011",42.71,,,,"R1:3513"
"IRN","BA:675","UNE_DEAP_SEX_AGE_RT","SEX_F","AGE_10YRBANDS_Y25-34","2011",29.263,,,,"R1:3513"
"IRN","BA:675","UNE_DEAP_SEX_AGE_RT","SEX_F","AGE_10YRBANDS_Y35-44","2011",7.213,,,,"R1:3513"
"IRN","BA:675","UNE_DEAP_SEX_AGE_RT","SEX_F","AGE_10YRBANDS_Y45-54","2011",3.215,,,,"R1:3513"
"IRN","BA:675","UNE_DEAP_SEX_AGE_RT","SEX_F","AGE_10YRBANDS_Y55-64","2011",1.867,,,,"R1:3513"
"IRN","BA:675","UNE_DEAP_SEX_AGE_RT","SEX_F","AGE_10YRBANDS_YGE65","2011",,"U",,,"R1:3513"
"IRN","BA:675","UNE_DEAP_SEX_AGE_RT","SEX_T","AGE_5YRBANDS_YGE15","2011",12.491,,,,"R1:3513"
"IRN","BA:675","UNE_DEAP_SEX_AGE_RT","SEX_T","AGE_5YRBANDS_Y15-19","2011",21.356,,,,"R1:3513"
"IRN","BA:675","UNE_DEAP_SEX_AGE_RT","SEX_T","AGE_5YRBANDS_Y20-24","2011",28.333,,,,"R1:3513"
"IRN","BA:675","UNE_DEAP_SEX_AGE_RT","SEX_T","AGE_5YRBANDS_Y25-29","2011",21.443,,,,"R1:3513"
"IRN","BA:675","UNE_DEAP_SEX_AGE_RT","SEX_T","AGE_5YRBANDS_Y30-34","2011",10.416,,,,"R1:3513"
"IRN","BA:675","UNE_DEAP_SEX_AGE_RT","SEX_T","AGE_5YRBANDS_Y35-39","2011",6.978,,,,"R1:3513"
"IRN","BA:675","UNE_DEAP_SEX_AGE_RT","SEX_T","AGE_5YRBANDS_Y40-44","2011",5.587,,,,"R1:3513"
"IRN","BA:675","UNE_DEAP_SEX_AGE_RT","SEX_T","AGE_5YRBANDS_Y45-49","2011",4.549,,,,"R1:3513"
"IRN","BA:675","UNE_DEAP_SEX_AGE_RT","SEX_T","AGE_5YRBANDS_Y50-54","2011",4.69,,,,"R1:3513"
"IRN","BA:675","UNE_DEAP_SEX_AGE_RT","SEX_T","AGE_5YRBANDS_Y55-59","2011",4.126,,,,"R1:3513"
"IRN","BA:675","UNE_DEAP_SEX_AGE_RT","SEX_T","AGE_5YRBANDS_Y60-64","2011",3.393,,,,"R1:3513"
"IRN","BA:675","UNE_DEAP_SEX_AGE_RT","SEX_T","AGE_5YRBANDS_YGE65","2011",1.857,,,,"R1:3513"
"IRN","BA:675","UNE_DEAP_SEX_AGE_RT","SEX_M","AGE_5YRBANDS_YGE15","2011",10.717,,,,"R1:3513"
"IRN","BA:675","UNE_DEAP_SEX_AGE_RT","SEX_M","AGE_5YRBANDS_Y15-19","2011",19.745,,,,"R1:3513"
"IRN","BA:675","UNE_DEAP_SEX_AGE_RT","SEX_M","AGE_5YRBANDS_Y20-24","2011",24.124,,,,"R1:3513"
"IRN","BA:675","UNE_DEAP_SEX_AGE_RT","SEX_M","AGE_5YRBANDS_Y25-29","2011",17.159,,,,"R1:3513"
"IRN","BA:675","UNE_DEAP_SEX_AGE_RT","SEX_M","AGE_5YRBANDS_Y30-34","2011",8.51,,,,"R1:3513"
"IRN","BA:675","UNE_DEAP_SEX_AGE_RT","SEX_M","AGE_5YRBANDS_Y35-39","2011",6.312,,,,"R1:3513"
"IRN","BA:675","UNE_DEAP_SEX_AGE_RT","SEX_M","AGE_5YRBANDS_Y40-44","2011",5.913,,,,"R1:3513"
"IRN","BA:675","UNE_DEAP_SEX_AGE_RT","SEX_M","AGE_5YRBANDS_Y45-49","2011",4.806,,,,"R1:3513"
"IRN","BA:675","UNE_DEAP_SEX_AGE_RT","SEX_M","AGE_5YRBANDS_Y50-54","2011",4.85,,,,"R1:3513"
"IRN","BA:675","UNE_DEAP_SEX_AGE_RT","SEX_M","AGE_5YRBANDS_Y55-59","2011",4.382,,,,"R1:3513"
"IRN","BA:675","UNE_DEAP_SEX_AGE_RT","SEX_M","AGE_5YRBANDS_Y60-64","2011",3.747,,,,"R1:3513"
"IRN","BA:675","UNE_DEAP_SEX_AGE_RT","SEX_M","AGE_5YRBANDS_YGE65","2011",1.909,,,,"R1:3513"
"IRN","BA:675","UNE_DEAP_SEX_AGE_RT","SEX_F","AGE_5YRBANDS_YGE15","2011",21.063,,,,"R1:3513"
"IRN","BA:675","UNE_DEAP_SEX_AGE_RT","SEX_F","AGE_5YRBANDS_Y15-19","2011",28.984,,,,"R1:3513"
"IRN","BA:675","UNE_DEAP_SEX_AGE_RT","SEX_F","AGE_5YRBANDS_Y20-24","2011",46.852,,,,"R1:3513"
"IRN","BA:675","UNE_DEAP_SEX_AGE_RT","SEX_F","AGE_5YRBANDS_Y25-29","2011",38.156,,,,"R1:3513"
"IRN","BA:675","UNE_DEAP_SEX_AGE_RT","SEX_F","AGE_5YRBANDS_Y30-34","2011",18.343,,,,"R1:3513"
"IRN","BA:675","UNE_DEAP_SEX_AGE_RT","SEX_F","AGE_5YRBANDS_Y35-39","2011",9.997,,,,"R1:3513"
"IRN","BA:675","UNE_DEAP_SEX_AGE_RT","SEX_F","AGE_5YRBANDS_Y40-44","2011",3.927,,,,"R1:3513"
"IRN","BA:675","UNE_DEAP_SEX_AGE_RT","SEX_F","AGE_5YRBANDS_Y45-49","2011",3.004,,,,"R1:3513"
"IRN","BA:675","UNE_DEAP_SEX_AGE_RT","SEX_F","AGE_5YRBANDS_Y50-54","2011",3.551,,,,"R1:3513"
"IRN","BA:675","UNE_DEAP_SEX_AGE_RT","SEX_F","AGE_5YRBANDS_Y55-59","2011",2.374,"U",,,"R1:3513"
"IRN","BA:675","UNE_DEAP_SEX_AGE_RT","SEX_F","AGE_5YRBANDS_Y60-64","2011",,"U",,,"R1:3513"
"IRN","BA:675","UNE_DEAP_SEX_AGE_RT","SEX_F","AGE_5YRBANDS_YGE65","2011",,"U",,,"R1:3513"
"IRN","BA:675","UNE_DEAP_SEX_AGE_RT","SEX_T","AGE_YTHADULT_YGE15","2010",13.679,,,,"R1:3513"
"IRN","BA:675","UNE_DEAP_SEX_AGE_RT","SEX_T","AGE_YTHADULT_Y15-64","2010",13.963,,,,"R1:3513"
"IRN","BA:675","UNE_DEAP_SEX_AGE_RT","SEX_T","AGE_YTHADULT_Y15-24","2010",28.739,,,,"R1:3513"
"IRN","BA:675","UNE_DEAP_SEX_AGE_RT","SEX_T","AGE_YTHADULT_YGE25","2010",10.077,,,,"R1:3513"
"IRN","BA:675","UNE_DEAP_SEX_AGE_RT","SEX_M","AGE_YTHADULT_YGE15","2010",12.097,,,,"R1:3513"
"IRN","BA:675","UNE_DEAP_SEX_AGE_RT","SEX_M","AGE_YTHADULT_Y15-64","2010",12.361,,,,"R1:3513"
"IRN","BA:675","UNE_DEAP_SEX_AGE_RT","SEX_M","AGE_YTHADULT_Y15-24","2010",25.546,,,,"R1:3513"
"IRN","BA:675","UNE_DEAP_SEX_AGE_RT","SEX_M","AGE_YTHADULT_YGE25","2010",8.976,,,,"R1:3513"
"IRN","BA:675","UNE_DEAP_SEX_AGE_RT","SEX_F","AGE_YTHADULT_YGE15","2010",20.74,,,,"R1:3513"
"IRN","BA:675","UNE_DEAP_SEX_AGE_RT","SEX_F","AGE_YTHADULT_Y15-64","2010",21.027,,,,"R1:3513"
"IRN","BA:675","UNE_DEAP_SEX_AGE_RT","SEX_F","AGE_YTHADULT_Y15-24","2010",41.286,,,,"R1:3513"
"IRN","BA:675","UNE_DEAP_SEX_AGE_RT","SEX_F","AGE_YTHADULT_YGE25","2010",15.149,,,,"R1:3513"
"IRN","BA:675","UNE_DEAP_SEX_AGE_RT","SEX_T","AGE_AGGREGATE_YGE15","2010",13.679,,,,"R1:3513"
"IRN","BA:675","UNE_DEAP_SEX_AGE_RT","SEX_T","AGE_AGGREGATE_Y15-24","2010",28.739,,,,"R1:3513"
"IRN","BA:675","UNE_DEAP_SEX_AGE_RT","SEX_T","AGE_AGGREGATE_Y25-54","2010",10.76,,,,"R1:3513"
"IRN","BA:675","UNE_DEAP_SEX_AGE_RT","SEX_T","AGE_AGGREGATE_Y55-64","2010",5.668,,,,"R1:3513"
"IRN","BA:675","UNE_DEAP_SEX_AGE_RT","SEX_T","AGE_AGGREGATE_YGE65","2010",1.69,,,,"R1:3513"
"IRN","BA:675","UNE_DEAP_SEX_AGE_RT","SEX_M","AGE_AGGREGATE_YGE15","2010",12.097,,,,"R1:3513"
"IRN","BA:675","UNE_DEAP_SEX_AGE_RT","SEX_M","AGE_AGGREGATE_Y15-24","2010",25.546,,,,"R1:3513"
"IRN","BA:675","UNE_DEAP_SEX_AGE_RT","SEX_M","AGE_AGGREGATE_Y25-54","2010",9.48,,,,"R1:3513"
"IRN","BA:675","UNE_DEAP_SEX_AGE_RT","SEX_M","AGE_AGGREGATE_Y55-64","2010",6.418,,,,"R1:3513"
"IRN","BA:675","UNE_DEAP_SEX_AGE_RT","SEX_M","AGE_AGGREGATE_YGE65","2010",1.896,,,,"R1:3513"
"IRN","BA:675","UNE_DEAP_SEX_AGE_RT","SEX_F","AGE_AGGREGATE_YGE15","2010",20.74,,,,"R1:3513"
"IRN","BA:675","UNE_DEAP_SEX_AGE_RT","SEX_F","AGE_AGGREGATE_Y15-24","2010",41.286,,,,"R1:3513"
"IRN","BA:675","UNE_DEAP_SEX_AGE_RT","SEX_F","AGE_AGGREGATE_Y25-54","2010",16.405,,,,"R1:3513"
"IRN","BA:675","UNE_DEAP_SEX_AGE_RT","SEX_F","AGE_AGGREGATE_Y55-64","2010",0.789,,,,"R1:3513"
"IRN","BA:675","UNE_DEAP_SEX_AGE_RT","SEX_F","AGE_AGGREGATE_YGE65","2010",0,,,,"R1:3513"
"IRN","BA:675","UNE_DEAP_SEX_AGE_RT","SEX_T","AGE_10YRBANDS_YGE15","2010",13.679,,,,"R1:3513"
"IRN","BA:675","UNE_DEAP_SEX_AGE_RT","SEX_T","AGE_10YRBANDS_Y15-24","2010",28.739,,,,"R1:3513"
"IRN","BA:675","UNE_DEAP_SEX_AGE_RT","SEX_T","AGE_10YRBANDS_Y25-34","2010",17.085,,,,"R1:3513"
"IRN","BA:675","UNE_DEAP_SEX_AGE_RT","SEX_T","AGE_10YRBANDS_Y35-44","2010",6.225,,,,"R1:3513"
"IRN","BA:675","UNE_DEAP_SEX_AGE_RT","SEX_T","AGE_10YRBANDS_Y45-54","2010",5.4,,,,"R1:3513"
"IRN","BA:675","UNE_DEAP_SEX_AGE_RT","SEX_T","AGE_10YRBANDS_Y55-64","2010",5.668,,,,"R1:3513"
"IRN","BA:675","UNE_DEAP_SEX_AGE_RT","SEX_T","AGE_10YRBANDS_YGE65","2010",1.69,,,,"R1:3513"
"IRN","BA:675","UNE_DEAP_SEX_AGE_RT","SEX_M","AGE_10YRBANDS_YGE15","2010",12.097,,,,"R1:3513"
"IRN","BA:675","UNE_DEAP_SEX_AGE_RT","SEX_M","AGE_10YRBANDS_Y15-24","2010",25.546,,,,"R1:3513"
"IRN","BA:675","UNE_DEAP_SEX_AGE_RT","SEX_M","AGE_10YRBANDS_Y25-34","2010",14.059,,,,"R1:3513"
"IRN","BA:675","UNE_DEAP_SEX_AGE_RT","SEX_M","AGE_10YRBANDS_Y35-44","2010",6.432,,,,"R1:3513"
"IRN","BA:675","UNE_DEAP_SEX_AGE_RT","SEX_M","AGE_10YRBANDS_Y45-54","2010",5.777,,,,"R1:3513"
"IRN","BA:675","UNE_DEAP_SEX_AGE_RT","SEX_M","AGE_10YRBANDS_Y55-64","2010",6.418,,,,"R1:3513"
"IRN","BA:675","UNE_DEAP_SEX_AGE_RT","SEX_M","AGE_10YRBANDS_YGE65","2010",1.896,,,,"R1:3513"
"IRN","BA:675","UNE_DEAP_SEX_AGE_RT","SEX_F","AGE_10YRBANDS_YGE15","2010",20.74,,,,"R1:3513"
"IRN","BA:675","UNE_DEAP_SEX_AGE_RT","SEX_F","AGE_10YRBANDS_Y15-24","2010",41.286,,,,"R1:3513"
"IRN","BA:675","UNE_DEAP_SEX_AGE_RT","SEX_F","AGE_10YRBANDS_Y25-34","2010",28.303,,,,"R1:3513"
"IRN","BA:675","UNE_DEAP_SEX_AGE_RT","SEX_F","AGE_10YRBANDS_Y35-44","2010",5.265,,,,"R1:3513"
"IRN","BA:675","UNE_DEAP_SEX_AGE_RT","SEX_F","AGE_10YRBANDS_Y45-54","2010",3.139,,,,"R1:3513"
"IRN","BA:675","UNE_DEAP_SEX_AGE_RT","SEX_F","AGE_10YRBANDS_Y55-64","2010",0.789,,,,"R1:3513"
"IRN","BA:675","UNE_DEAP_SEX_AGE_RT","SEX_F","AGE_10YRBANDS_YGE65","2010",0,,,,"R1:3513"
"IRN","BA:675","UNE_DEAP_SEX_AGE_RT","SEX_T","AGE_5YRBANDS_YGE15","2010",13.679,,,,"R1:3513"
"IRN","BA:675","UNE_DEAP_SEX_AGE_RT","SEX_T","AGE_5YRBANDS_Y15-19","2010",22.501,,,,"R1:3513"
"IRN","BA:675","UNE_DEAP_SEX_AGE_RT","SEX_T","AGE_5YRBANDS_Y20-24","2010",30.928,,,,"R1:3513"
"IRN","BA:675","UNE_DEAP_SEX_AGE_RT","SEX_T","AGE_5YRBANDS_Y25-29","2010",22.094,,,,"R1:3513"
"IRN","BA:675","UNE_DEAP_SEX_AGE_RT","SEX_T","AGE_5YRBANDS_Y30-34","2010",10.864,,,,"R1:3513"
"IRN","BA:675","UNE_DEAP_SEX_AGE_RT","SEX_T","AGE_5YRBANDS_Y35-39","2010",6.974,,,,"R1:3513"
"IRN","BA:675","UNE_DEAP_SEX_AGE_RT","SEX_T","AGE_5YRBANDS_Y40-44","2010",5.38,,,,"R1:3513"
"IRN","BA:675","UNE_DEAP_SEX_AGE_RT","SEX_T","AGE_5YRBANDS_Y45-49","2010",6.26,,,,"R1:3513"
"IRN","BA:675","UNE_DEAP_SEX_AGE_RT","SEX_T","AGE_5YRBANDS_Y50-54","2010",4.153,,,,"R1:3513"
"IRN","BA:675","UNE_DEAP_SEX_AGE_RT","SEX_T","AGE_5YRBANDS_Y55-59","2010",6.582,,,,"R1:3513"
"IRN","BA:675","UNE_DEAP_SEX_AGE_RT","SEX_T","AGE_5YRBANDS_Y60-64","2010",4.029,,,,"R1:3513"
"IRN","BA:675","UNE_DEAP_SEX_AGE_RT","SEX_T","AGE_5YRBANDS_YGE65","2010",1.69,,,,"R1:3513"
"IRN","BA:675","UNE_DEAP_SEX_AGE_RT","SEX_M","AGE_5YRBANDS_YGE15","2010",12.097,,,,"R1:3513"
"IRN","BA:675","UNE_DEAP_SEX_AGE_RT","SEX_M","AGE_5YRBANDS_Y15-19","2010",21.048,,,,"R1:3513"
"IRN","BA:675","UNE_DEAP_SEX_AGE_RT","SEX_M","AGE_5YRBANDS_Y20-24","2010",27.15,,,,"R1:3513"
"IRN","BA:675","UNE_DEAP_SEX_AGE_RT","SEX_M","AGE_5YRBANDS_Y25-29","2010",17.668,,,,"R1:3513"
"IRN","BA:675","UNE_DEAP_SEX_AGE_RT","SEX_M","AGE_5YRBANDS_Y30-34","2010",9.632,,,,"R1:3513"
"IRN","BA:675","UNE_DEAP_SEX_AGE_RT","SEX_M","AGE_5YRBANDS_Y35-39","2010",7.05,,,,"R1:3513"
"IRN","BA:675","UNE_DEAP_SEX_AGE_RT","SEX_M","AGE_5YRBANDS_Y40-44","2010",5.729,,,,"R1:3513"
"IRN","BA:675","UNE_DEAP_SEX_AGE_RT","SEX_M","AGE_5YRBANDS_Y45-49","2010",6.621,,,,"R1:3513"
"IRN","BA:675","UNE_DEAP_SEX_AGE_RT","SEX_M","AGE_5YRBANDS_Y50-54","2010",4.569,,,,"R1:3513"
"IRN","BA:675","UNE_DEAP_SEX_AGE_RT","SEX_M","AGE_5YRBANDS_Y55-59","2010",7.448,,,,"R1:3513"
"IRN","BA:675","UNE_DEAP_SEX_AGE_RT","SEX_M","AGE_5YRBANDS_Y60-64","2010",4.587,,,,"R1:3513"
"IRN","BA:675","UNE_DEAP_SEX_AGE_RT","SEX_M","AGE_5YRBANDS_YGE65","2010",1.896,,,,"R1:3513"
"IRN","BA:675","UNE_DEAP_SEX_AGE_RT","SEX_F","AGE_5YRBANDS_YGE15","2010",20.74,,,,"R1:3513"
"IRN","BA:675","UNE_DEAP_SEX_AGE_RT","SEX_F","AGE_5YRBANDS_Y15-19","2010",28.57,,,,"R1:3513"
"IRN","BA:675","UNE_DEAP_SEX_AGE_RT","SEX_F","AGE_5YRBANDS_Y20-24","2010",45.463,,,,"R1:3513"
"IRN","BA:675","UNE_DEAP_SEX_AGE_RT","SEX_F","AGE_5YRBANDS_Y25-29","2010",38.091,,,,"R1:3513"
"IRN","BA:675","UNE_DEAP_SEX_AGE_RT","SEX_F","AGE_5YRBANDS_Y30-34","2010",15.582,,,,"R1:3513"
"IRN","BA:675","UNE_DEAP_SEX_AGE_RT","SEX_F","AGE_5YRBANDS_Y35-39","2010",6.613,,,,"R1:3513"
"IRN","BA:675","UNE_DEAP_SEX_AGE_RT","SEX_F","AGE_5YRBANDS_Y40-44","2010",3.808,,,,"R1:3513"
"IRN","BA:675","UNE_DEAP_SEX_AGE_RT","SEX_F","AGE_5YRBANDS_Y45-49","2010",4.167,,,,"R1:3513"
"IRN","BA:675","UNE_DEAP_SEX_AGE_RT","SEX_F","AGE_5YRBANDS_Y50-54","2010",1.535,,,,"R1:3513"
"IRN","BA:675","UNE_DEAP_SEX_AGE_RT","SEX_F","AGE_5YRBANDS_Y55-59","2010",1.054,"U",,,"R1:3513"
"IRN","BA:675","UNE_DEAP_SEX_AGE_RT","SEX_F","AGE_5YRBANDS_Y60-64","2010",,"U",,,"R1:3513"
"IRN","BA:675","UNE_DEAP_SEX_AGE_RT","SEX_F","AGE_5YRBANDS_YGE65","2010",0,,,,"R1:3513"
"IRN","BA:675","UNE_DEAP_SEX_AGE_RT","SEX_T","AGE_YTHADULT_YGE15","2009",12.113,,,,"R1:3513"
"IRN","BA:675","UNE_DEAP_SEX_AGE_RT","SEX_T","AGE_YTHADULT_Y15-64","2009",12.412,,,,"R1:3513"
"IRN","BA:675","UNE_DEAP_SEX_AGE_RT","SEX_T","AGE_YTHADULT_Y15-24","2009",24.798,,,,"R1:3513"
"IRN","BA:675","UNE_DEAP_SEX_AGE_RT","SEX_T","AGE_YTHADULT_YGE25","2009",8.9,,,,"R1:3513"
"IRN","BA:675","UNE_DEAP_SEX_AGE_RT","SEX_M","AGE_YTHADULT_YGE15","2009",10.988,,,,"R1:3513"
"IRN","BA:675","UNE_DEAP_SEX_AGE_RT","SEX_M","AGE_YTHADULT_Y15-64","2009",11.264,,,,"R1:3513"
"IRN","BA:675","UNE_DEAP_SEX_AGE_RT","SEX_M","AGE_YTHADULT_Y15-24","2009",22.787,,,,"R1:3513"
"IRN","BA:675","UNE_DEAP_SEX_AGE_RT","SEX_M","AGE_YTHADULT_YGE25","2009",8.099,,,,"R1:3513"
"IRN","BA:675","UNE_DEAP_SEX_AGE_RT","SEX_F","AGE_YTHADULT_YGE15","2009",17.04,,,,"R1:3513"
"IRN","BA:675","UNE_DEAP_SEX_AGE_RT","SEX_F","AGE_YTHADULT_Y15-64","2009",17.397,,,,"R1:3513"
"IRN","BA:675","UNE_DEAP_SEX_AGE_RT","SEX_F","AGE_YTHADULT_Y15-24","2009",32.475,,,,"R1:3513"
"IRN","BA:675","UNE_DEAP_SEX_AGE_RT","SEX_F","AGE_YTHADULT_YGE25","2009",12.542,,,,"R1:3513"
"IRN","BA:675","UNE_DEAP_SEX_AGE_RT","SEX_T","AGE_AGGREGATE_YGE15","2009",12.113,,,,"R1:3513"
"IRN","BA:675","UNE_DEAP_SEX_AGE_RT","SEX_T","AGE_AGGREGATE_Y15-24","2009",24.798,,,,"R1:3513"
"IRN","BA:675","UNE_DEAP_SEX_AGE_RT","SEX_T","AGE_AGGREGATE_Y25-54","2009",9.619,,,,"R1:3513"
"IRN","BA:675","UNE_DEAP_SEX_AGE_RT","SEX_T","AGE_AGGREGATE_Y55-64","2009",4.247,,,,"R1:3513"
"IRN","BA:675","UNE_DEAP_SEX_AGE_RT","SEX_T","AGE_AGGREGATE_YGE65","2009",1.396,,,,"R1:3513"
"IRN","BA:675","UNE_DEAP_SEX_AGE_RT","SEX_M","AGE_AGGREGATE_YGE15","2009",10.988,,,,"R1:3513"
"IRN","BA:675","UNE_DEAP_SEX_AGE_RT","SEX_M","AGE_AGGREGATE_Y15-24","2009",22.787,,,,"R1:3513"
"IRN","BA:675","UNE_DEAP_SEX_AGE_RT","SEX_M","AGE_AGGREGATE_Y25-54","2009",8.684,,,,"R1:3513"
"IRN","BA:675","UNE_DEAP_SEX_AGE_RT","SEX_M","AGE_AGGREGATE_Y55-64","2009",4.806,,,,"R1:3513"
"IRN","BA:675","UNE_DEAP_SEX_AGE_RT","SEX_M","AGE_AGGREGATE_YGE65","2009",1.624,,,,"R1:3513"
"IRN","BA:675","UNE_DEAP_SEX_AGE_RT","SEX_F","AGE_AGGREGATE_YGE15","2009",17.04,,,,"R1:3513"
"IRN","BA:675","UNE_DEAP_SEX_AGE_RT","SEX_F","AGE_AGGREGATE_Y15-24","2009",32.475,,,,"R1:3513"
"IRN","BA:675","UNE_DEAP_SEX_AGE_RT","SEX_F","AGE_AGGREGATE_Y25-54","2009",13.71,,,,"R1:3513"
"IRN","BA:675","UNE_DEAP_SEX_AGE_RT","SEX_F","AGE_AGGREGATE_Y55-64","2009",0.707,"U",,,"R1:3513"
"IRN","BA:675","UNE_DEAP_SEX_AGE_RT","SEX_F","AGE_AGGREGATE_YGE65","2009",0,,,,"R1:3513"
"IRN","BA:675","UNE_DEAP_SEX_AGE_RT","SEX_T","AGE_10YRBANDS_YGE15","2009",12.113,,,,"R1:3513"
"IRN","BA:675","UNE_DEAP_SEX_AGE_RT","SEX_T","AGE_10YRBANDS_Y15-24","2009",24.798,,,,"R1:3513"
"IRN","BA:675","UNE_DEAP_SEX_AGE_RT","SEX_T","AGE_10YRBANDS_Y25-34","2009",14.964,,,,"R1:3513"
"IRN","BA:675","UNE_DEAP_SEX_AGE_RT","SEX_T","AGE_10YRBANDS_Y35-44","2009",5.977,,,,"R1:3513"
"IRN","BA:675","UNE_DEAP_SEX_AGE_RT","SEX_T","AGE_10YRBANDS_Y45-54","2009",4.61,,,,"R1:3513"
"IRN","BA:675","UNE_DEAP_SEX_AGE_RT","SEX_T","AGE_10YRBANDS_Y55-64","2009",4.247,,,,"R1:3513"
"IRN","BA:675","UNE_DEAP_SEX_AGE_RT","SEX_T","AGE_10YRBANDS_YGE65","2009",1.396,,,,"R1:3513"
"IRN","BA:675","UNE_DEAP_SEX_AGE_RT","SEX_M","AGE_10YRBANDS_YGE15","2009",10.988,,,,"R1:3513"
"IRN","BA:675","UNE_DEAP_SEX_AGE_RT","SEX_M","AGE_10YRBANDS_Y15-24","2009",22.787,,,,"R1:3513"
"IRN","BA:675","UNE_DEAP_SEX_AGE_RT","SEX_M","AGE_10YRBANDS_Y25-34","2009",12.965,,,,"R1:3513"
"IRN","BA:675","UNE_DEAP_SEX_AGE_RT","SEX_M","AGE_10YRBANDS_Y35-44","2009",5.936,,,,"R1:3513"
"IRN","BA:675","UNE_DEAP_SEX_AGE_RT","SEX_M","AGE_10YRBANDS_Y45-54","2009",4.911,,,,"R1:3513"
"IRN","BA:675","UNE_DEAP_SEX_AGE_RT","SEX_M","AGE_10YRBANDS_Y55-64","2009",4.806,,,,"R1:3513"
"IRN","BA:675","UNE_DEAP_SEX_AGE_RT","SEX_M","AGE_10YRBANDS_YGE65","2009",1.624,,,,"R1:3513"
"IRN","BA:675","UNE_DEAP_SEX_AGE_RT","SEX_F","AGE_10YRBANDS_YGE15","2009",17.04,,,,"R1:3513"
"IRN","BA:675","UNE_DEAP_SEX_AGE_RT","SEX_F","AGE_10YRBANDS_Y15-24","2009",32.475,,,,"R1:3513"
"IRN","BA:675","UNE_DEAP_SEX_AGE_RT","SEX_F","AGE_10YRBANDS_Y25-34","2009",22.4,,,,"R1:3513"
"IRN","BA:675","UNE_DEAP_SEX_AGE_RT","SEX_F","AGE_10YRBANDS_Y35-44","2009",6.166,,,,"R1:3513"
"IRN","BA:675","UNE_DEAP_SEX_AGE_RT","SEX_F","AGE_10YRBANDS_Y45-54","2009",2.836,,,,"R1:3513"
"IRN","BA:675","UNE_DEAP_SEX_AGE_RT","SEX_F","AGE_10YRBANDS_Y55-64","2009",0.707,"U",,,"R1:3513"
"IRN","BA:675","UNE_DEAP_SEX_AGE_RT","SEX_F","AGE_10YRBANDS_YGE65","2009",0,,,,"R1:3513"
"IRN","BA:675","UNE_DEAP_SEX_AGE_RT","SEX_T","AGE_5YRBANDS_YGE15","2009",12.113,,,,"R1:3513"
"IRN","BA:675","UNE_DEAP_SEX_AGE_RT","SEX_T","AGE_5YRBANDS_Y15-19","2009",19.401,,,,"R1:3513"
"IRN","BA:675","UNE_DEAP_SEX_AGE_RT","SEX_T","AGE_5YRBANDS_Y20-24","2009",26.896,,,,"R1:3513"
"IRN","BA:675","UNE_DEAP_SEX_AGE_RT","SEX_T","AGE_5YRBANDS_Y25-29","2009",18.989,,,,"R1:3513"
"IRN","BA:675","UNE_DEAP_SEX_AGE_RT","SEX_T","AGE_5YRBANDS_Y30-34","2009",10.116,,,,"R1:3513"
"IRN","BA:675","UNE_DEAP_SEX_AGE_RT","SEX_T","AGE_5YRBANDS_Y35-39","2009",6.17,,,,"R1:3513"
"IRN","BA:675","UNE_DEAP_SEX_AGE_RT","SEX_T","AGE_5YRBANDS_Y40-44","2009",5.756,,,,"R1:3513"
"IRN","BA:675","UNE_DEAP_SEX_AGE_RT","SEX_T","AGE_5YRBANDS_Y45-49","2009",4.536,,,,"R1:3513"
"IRN","BA:675","UNE_DEAP_SEX_AGE_RT","SEX_T","AGE_5YRBANDS_Y50-54","2009",4.721,,,,"R1:3513"
"IRN","BA:675","UNE_DEAP_SEX_AGE_RT","SEX_T","AGE_5YRBANDS_Y55-59","2009",5.091,,,,"R1:3513"
"IRN","BA:675","UNE_DEAP_SEX_AGE_RT","SEX_T","AGE_5YRBANDS_Y60-64","2009",2.825,,,,"R1:3513"
"IRN","BA:675","UNE_DEAP_SEX_AGE_RT","SEX_T","AGE_5YRBANDS_YGE65","2009",1.396,,,,"R1:3513"
"IRN","BA:675","UNE_DEAP_SEX_AGE_RT","SEX_M","AGE_5YRBANDS_YGE15","2009",10.988,,,,"R1:3513"
"IRN","BA:675","UNE_DEAP_SEX_AGE_RT","SEX_M","AGE_5YRBANDS_Y15-19","2009",19.399,,,,"R1:3513"
"IRN","BA:675","UNE_DEAP_SEX_AGE_RT","SEX_M","AGE_5YRBANDS_Y20-24","2009",24.11,,,,"R1:3513"
"IRN","BA:675","UNE_DEAP_SEX_AGE_RT","SEX_M","AGE_5YRBANDS_Y25-29","2009",16.163,,,,"R1:3513"
"IRN","BA:675","UNE_DEAP_SEX_AGE_RT","SEX_M","AGE_5YRBANDS_Y30-34","2009",9.138,,,,"R1:3513"
"IRN","BA:675","UNE_DEAP_SEX_AGE_RT","SEX_M","AGE_5YRBANDS_Y35-39","2009",6.32,,,,"R1:3513"
"IRN","BA:675","UNE_DEAP_SEX_AGE_RT","SEX_M","AGE_5YRBANDS_Y40-44","2009",5.506,,,,"R1:3513"
"IRN","BA:675","UNE_DEAP_SEX_AGE_RT","SEX_M","AGE_5YRBANDS_Y45-49","2009",4.691,,,,"R1:3513"
"IRN","BA:675","UNE_DEAP_SEX_AGE_RT","SEX_M","AGE_5YRBANDS_Y50-54","2009",5.239,,,,"R1:3513"
"IRN","BA:675","UNE_DEAP_SEX_AGE_RT","SEX_M","AGE_5YRBANDS_Y55-59","2009",5.739,,,,"R1:3513"
"IRN","BA:675","UNE_DEAP_SEX_AGE_RT","SEX_M","AGE_5YRBANDS_Y60-64","2009",3.242,,,,"R1:3513"
"IRN","BA:675","UNE_DEAP_SEX_AGE_RT","SEX_M","AGE_5YRBANDS_YGE65","2009",1.624,,,,"R1:3513"
"IRN","BA:675","UNE_DEAP_SEX_AGE_RT","SEX_F","AGE_5YRBANDS_YGE15","2009",17.04,,,,"R1:3513"
"IRN","BA:675","UNE_DEAP_SEX_AGE_RT","SEX_F","AGE_5YRBANDS_Y15-19","2009",19.411,,,,"R1:3513"
"IRN","BA:675","UNE_DEAP_SEX_AGE_RT","SEX_F","AGE_5YRBANDS_Y20-24","2009",37.47,,,,"R1:3513"
"IRN","BA:675","UNE_DEAP_SEX_AGE_RT","SEX_F","AGE_5YRBANDS_Y25-29","2009",29.358,,,,"R1:3513"
"IRN","BA:675","UNE_DEAP_SEX_AGE_RT","SEX_F","AGE_5YRBANDS_Y30-34","2009",13.813,,,,"R1:3513"
"IRN","BA:675","UNE_DEAP_SEX_AGE_RT","SEX_F","AGE_5YRBANDS_Y35-39","2009",5.527,,,,"R1:3513"
"IRN","BA:675","UNE_DEAP_SEX_AGE_RT","SEX_F","AGE_5YRBANDS_Y40-44","2009",6.993,,,,"R1:3513"
"IRN","BA:675","UNE_DEAP_SEX_AGE_RT","SEX_F","AGE_5YRBANDS_Y45-49","2009",3.626,,,,"R1:3513"
"IRN","BA:675","UNE_DEAP_SEX_AGE_RT","SEX_F","AGE_5YRBANDS_Y50-54","2009",1.642,,,,"R1:3513"
"IRN","BA:675","UNE_DEAP_SEX_AGE_RT","SEX_F","AGE_5YRBANDS_Y55-59","2009",1.033,"U",,,"R1:3513"
"IRN","BA:675","UNE_DEAP_SEX_AGE_RT","SEX_F","AGE_5YRBANDS_Y60-64","2009",,"U",,,"R1:3513"
"IRN","BA:675","UNE_DEAP_SEX_AGE_RT","SEX_F","AGE_5YRBANDS_YGE65","2009",0,,,,"R1:3513"
"IRN","BA:675","UNE_DEAP_SEX_AGE_RT","SEX_T","AGE_YTHADULT_YGE15","2008",10.63,,,,"R1:3513"
"IRN","BA:675","UNE_DEAP_SEX_AGE_RT","SEX_T","AGE_YTHADULT_Y15-64","2008",10.897,,,,"R1:3513"
"IRN","BA:675","UNE_DEAP_SEX_AGE_RT","SEX_T","AGE_YTHADULT_Y15-24","2008",23.13,,,,"R1:3513"
"IRN","BA:675","UNE_DEAP_SEX_AGE_RT","SEX_T","AGE_YTHADULT_YGE25","2008",7.224,,,,"R1:3513"
"IRN","BA:675","UNE_DEAP_SEX_AGE_RT","SEX_M","AGE_YTHADULT_YGE15","2008",9.266,,,,"R1:3513"
"IRN","BA:675","UNE_DEAP_SEX_AGE_RT","SEX_M","AGE_YTHADULT_Y15-64","2008",9.518,,,,"R1:3513"
"IRN","BA:675","UNE_DEAP_SEX_AGE_RT","SEX_M","AGE_YTHADULT_Y15-24","2008",20.34,,,,"R1:3513"
"IRN","BA:675","UNE_DEAP_SEX_AGE_RT","SEX_M","AGE_YTHADULT_YGE25","2008",6.363,,,,"R1:3513"
"IRN","BA:675","UNE_DEAP_SEX_AGE_RT","SEX_F","AGE_YTHADULT_YGE15","2008",16.918,,,,"R1:3513"
"IRN","BA:675","UNE_DEAP_SEX_AGE_RT","SEX_F","AGE_YTHADULT_Y15-64","2008",17.149,,,,"R1:3513"
"IRN","BA:675","UNE_DEAP_SEX_AGE_RT","SEX_F","AGE_YTHADULT_Y15-24","2008",34.089,,,,"R1:3513"
"IRN","BA:675","UNE_DEAP_SEX_AGE_RT","SEX_F","AGE_YTHADULT_YGE25","2008",11.383,,,,"R1:3513"
"IRN","BA:675","UNE_DEAP_SEX_AGE_RT","SEX_T","AGE_AGGREGATE_YGE15","2008",10.63,,,,"R1:3513"
"IRN","BA:675","UNE_DEAP_SEX_AGE_RT","SEX_T","AGE_AGGREGATE_Y15-24","2008",23.13,,,,"R1:3513"
"IRN","BA:675","UNE_DEAP_SEX_AGE_RT","SEX_T","AGE_AGGREGATE_Y25-54","2008",7.849,,,,"R1:3513"
"IRN","BA:675","UNE_DEAP_SEX_AGE_RT","SEX_T","AGE_AGGREGATE_Y55-64","2008",2.995,,,,"R1:3513"
"IRN","BA:675","UNE_DEAP_SEX_AGE_RT","SEX_T","AGE_AGGREGATE_YGE65","2008",1.042,,,,"R1:3513"
"IRN","BA:675","UNE_DEAP_SEX_AGE_RT","SEX_M","AGE_AGGREGATE_YGE15","2008",9.266,,,,"R1:3513"
"IRN","BA:675","UNE_DEAP_SEX_AGE_RT","SEX_M","AGE_AGGREGATE_Y15-24","2008",20.34,,,,"R1:3513"
"IRN","BA:675","UNE_DEAP_SEX_AGE_RT","SEX_M","AGE_AGGREGATE_Y25-54","2008",6.885,,,,"R1:3513"
"IRN","BA:675","UNE_DEAP_SEX_AGE_RT","SEX_M","AGE_AGGREGATE_Y55-64","2008",3.293,,,,"R1:3513"
"IRN","BA:675","UNE_DEAP_SEX_AGE_RT","SEX_M","AGE_AGGREGATE_YGE65","2008",1.144,,,,"R1:3513"
"IRN","BA:675","UNE_DEAP_SEX_AGE_RT","SEX_F","AGE_AGGREGATE_YGE15","2008",16.918,,,,"R1:3513"
"IRN","BA:675","UNE_DEAP_SEX_AGE_RT","SEX_F","AGE_AGGREGATE_Y15-24","2008",34.089,,,,"R1:3513"
"IRN","BA:675","UNE_DEAP_SEX_AGE_RT","SEX_F","AGE_AGGREGATE_Y25-54","2008",12.28,,,,"R1:3513"
"IRN","BA:675","UNE_DEAP_SEX_AGE_RT","SEX_F","AGE_AGGREGATE_Y55-64","2008",0.963,"U",,,"R1:3513"
"IRN","BA:675","UNE_DEAP_SEX_AGE_RT","SEX_F","AGE_AGGREGATE_YGE65","2008",0,,,,"R1:3513"
"IRN","BA:675","UNE_DEAP_SEX_AGE_RT","SEX_T","AGE_10YRBANDS_YGE15","2008",10.63,,,,"R1:3513"
"IRN","BA:675","UNE_DEAP_SEX_AGE_RT","SEX_T","AGE_10YRBANDS_Y15-24","2008",23.13,,,,"R1:3513"
"IRN","BA:675","UNE_DEAP_SEX_AGE_RT","SEX_T","AGE_10YRBANDS_Y25-34","2008",13.111,,,,"R1:3513"
"IRN","BA:675","UNE_DEAP_SEX_AGE_RT","SEX_T","AGE_10YRBANDS_Y35-44","2008",4.405,,,,"R1:3513"
"IRN","BA:675","UNE_DEAP_SEX_AGE_RT","SEX_T","AGE_10YRBANDS_Y45-54","2008",3.467,,,,"R1:3513"
"IRN","BA:675","UNE_DEAP_SEX_AGE_RT","SEX_T","AGE_10YRBANDS_Y55-64","2008",2.995,,,,"R1:3513"
"IRN","BA:675","UNE_DEAP_SEX_AGE_RT","SEX_T","AGE_10YRBANDS_YGE65","2008",1.042,,,,"R1:3513"
"IRN","BA:675","UNE_DEAP_SEX_AGE_RT","SEX_M","AGE_10YRBANDS_YGE15","2008",9.266,,,,"R1:3513"
"IRN","BA:675","UNE_DEAP_SEX_AGE_RT","SEX_M","AGE_10YRBANDS_Y15-24","2008",20.34,,,,"R1:3513"
"IRN","BA:675","UNE_DEAP_SEX_AGE_RT","SEX_M","AGE_10YRBANDS_Y25-34","2008",10.806,,,,"R1:3513"
"IRN","BA:675","UNE_DEAP_SEX_AGE_RT","SEX_M","AGE_10YRBANDS_Y35-44","2008",4.467,,,,"R1:3513"
"IRN","BA:675","UNE_DEAP_SEX_AGE_RT","SEX_M","AGE_10YRBANDS_Y45-54","2008",3.786,,,,"R1:3513"
"IRN","BA:675","UNE_DEAP_SEX_AGE_RT","SEX_M","AGE_10YRBANDS_Y55-64","2008",3.293,,,,"R1:3513"
"IRN","BA:675","UNE_DEAP_SEX_AGE_RT","SEX_M","AGE_10YRBANDS_YGE65","2008",1.144,,,,"R1:3513"
"IRN","BA:675","UNE_DEAP_SEX_AGE_RT","SEX_F","AGE_10YRBANDS_YGE15","2008",16.918,,,,"R1:3513"
"IRN","BA:675","UNE_DEAP_SEX_AGE_RT","SEX_F","AGE_10YRBANDS_Y15-24","2008",34.089,,,,"R1:3513"
"IRN","BA:675","UNE_DEAP_SEX_AGE_RT","SEX_F","AGE_10YRBANDS_Y25-34","2008",22.094,,,,"R1:3513"
"IRN","BA:675","UNE_DEAP_SEX_AGE_RT","SEX_F","AGE_10YRBANDS_Y35-44","2008",4.109,,,,"R1:3513"
"IRN","BA:675","UNE_DEAP_SEX_AGE_RT","SEX_F","AGE_10YRBANDS_Y45-54","2008",1.518,,,,"R1:3513"
"IRN","BA:675","UNE_DEAP_SEX_AGE_RT","SEX_F","AGE_10YRBANDS_Y55-64","2008",0.963,"U",,,"R1:3513"
"IRN","BA:675","UNE_DEAP_SEX_AGE_RT","SEX_F","AGE_10YRBANDS_YGE65","2008",0,,,,"R1:3513"
"IRN","BA:675","UNE_DEAP_SEX_AGE_RT","SEX_T","AGE_5YRBANDS_YGE15","2008",10.63,,,,"R1:3513"
"IRN","BA:675","UNE_DEAP_SEX_AGE_RT","SEX_T","AGE_5YRBANDS_Y15-19","2008",17.647,,,,"R1:3513"
"IRN","BA:675","UNE_DEAP_SEX_AGE_RT","SEX_T","AGE_5YRBANDS_Y20-24","2008",25.438,,,,"R1:3513"
"IRN","BA:675","UNE_DEAP_SEX_AGE_RT","SEX_T","AGE_5YRBANDS_Y25-29","2008",17.134,,,,"R1:3513"
"IRN","BA:675","UNE_DEAP_SEX_AGE_RT","SEX_T","AGE_5YRBANDS_Y30-34","2008",7.86,,,,"R1:3513"
"IRN","BA:675","UNE_DEAP_SEX_AGE_RT","SEX_T","AGE_5YRBANDS_Y35-39","2008",4.93,,,,"R1:3513"
"IRN","BA:675","UNE_DEAP_SEX_AGE_RT","SEX_T","AGE_5YRBANDS_Y40-44","2008",3.815,,,,"R1:3513"
"IRN","BA:675","UNE_DEAP_SEX_AGE_RT","SEX_T","AGE_5YRBANDS_Y45-49","2008",3.593,,,,"R1:3513"
"IRN","BA:675","UNE_DEAP_SEX_AGE_RT","SEX_T","AGE_5YRBANDS_Y50-54","2008",3.287,,,,"R1:3513"
"IRN","BA:675","UNE_DEAP_SEX_AGE_RT","SEX_T","AGE_5YRBANDS_Y55-59","2008",3.42,,,,"R1:3513"
"IRN","BA:675","UNE_DEAP_SEX_AGE_RT","SEX_T","AGE_5YRBANDS_Y60-64","2008",2.251,,,,"R1:3513"
"IRN","BA:675","UNE_DEAP_SEX_AGE_RT","SEX_T","AGE_5YRBANDS_YGE65","2008",1.042,,,,"R1:3513"
"IRN","BA:675","UNE_DEAP_SEX_AGE_RT","SEX_M","AGE_5YRBANDS_YGE15","2008",9.266,,,,"R1:3513"
"IRN","BA:675","UNE_DEAP_SEX_AGE_RT","SEX_M","AGE_5YRBANDS_Y15-19","2008",16.649,,,,"R1:3513"
"IRN","BA:675","UNE_DEAP_SEX_AGE_RT","SEX_M","AGE_5YRBANDS_Y20-24","2008",21.925,,,,"R1:3513"
"IRN","BA:675","UNE_DEAP_SEX_AGE_RT","SEX_M","AGE_5YRBANDS_Y25-29","2008",13.918,,,,"R1:3513"
"IRN","BA:675","UNE_DEAP_SEX_AGE_RT","SEX_M","AGE_5YRBANDS_Y30-34","2008",6.815,,,,"R1:3513"
"IRN","BA:675","UNE_DEAP_SEX_AGE_RT","SEX_M","AGE_5YRBANDS_Y35-39","2008",4.824,,,,"R1:3513"
"IRN","BA:675","UNE_DEAP_SEX_AGE_RT","SEX_M","AGE_5YRBANDS_Y40-44","2008",4.075,,,,"R1:3513"
"IRN","BA:675","UNE_DEAP_SEX_AGE_RT","SEX_M","AGE_5YRBANDS_Y45-49","2008",3.88,,,,"R1:3513"
"IRN","BA:675","UNE_DEAP_SEX_AGE_RT","SEX_M","AGE_5YRBANDS_Y50-54","2008",3.655,,,,"R1:3513"
"IRN","BA:675","UNE_DEAP_SEX_AGE_RT","SEX_M","AGE_5YRBANDS_Y55-59","2008",3.711,,,,"R1:3513"
"IRN","BA:675","UNE_DEAP_SEX_AGE_RT","SEX_M","AGE_5YRBANDS_Y60-64","2008",2.557,,,,"R1:3513"
"IRN","BA:675","UNE_DEAP_SEX_AGE_RT","SEX_M","AGE_5YRBANDS_YGE65","2008",1.144,,,,"R1:3513"
"IRN","BA:675","UNE_DEAP_SEX_AGE_RT","SEX_F","AGE_5YRBANDS_YGE15","2008",16.918,,,,"R1:3513"
"IRN","BA:675","UNE_DEAP_SEX_AGE_RT","SEX_F","AGE_5YRBANDS_Y15-19","2008",21.85,,,,"R1:3513"
"IRN","BA:675","UNE_DEAP_SEX_AGE_RT","SEX_F","AGE_5YRBANDS_Y20-24","2008",38.849,,,,"R1:3513"
"IRN","BA:675","UNE_DEAP_SEX_AGE_RT","SEX_F","AGE_5YRBANDS_Y25-29","2008",29.224,,,,"R1:3513"
"IRN","BA:675","UNE_DEAP_SEX_AGE_RT","SEX_F","AGE_5YRBANDS_Y30-34","2008",12.137,,,,"R1:3513"
"IRN","BA:675","UNE_DEAP_SEX_AGE_RT","SEX_F","AGE_5YRBANDS_Y35-39","2008",5.406,,,,"R1:3513"
"IRN","BA:675","UNE_DEAP_SEX_AGE_RT","SEX_F","AGE_5YRBANDS_Y40-44","2008",2.486,,,,"R1:3513"
"IRN","BA:675","UNE_DEAP_SEX_AGE_RT","SEX_F","AGE_5YRBANDS_Y45-49","2008",1.916,,,,"R1:3513"
"IRN","BA:675","UNE_DEAP_SEX_AGE_RT","SEX_F","AGE_5YRBANDS_Y50-54","2008",0.895,,,,"R1:3513"
"IRN","BA:675","UNE_DEAP_SEX_AGE_RT","SEX_F","AGE_5YRBANDS_Y55-59","2008",1.399,"U",,,"R1:3513"
"IRN","BA:675","UNE_DEAP_SEX_AGE_RT","SEX_F","AGE_5YRBANDS_Y60-64","2008",,"U",,,"R1:3513"
"IRN","BA:675","UNE_DEAP_SEX_AGE_RT","SEX_F","AGE_5YRBANDS_YGE65","2008",0,,,,"R1:3513"
"IRN","BA:675","UNE_DEAP_SEX_AGE_RT","SEX_T","AGE_YTHADULT_YGE15","2007",10.772,"B",,"I11:264","R1:3513"
"IRN","BA:675","UNE_DEAP_SEX_AGE_RT","SEX_T","AGE_YTHADULT_Y15-64","2007",11.066,"B",,"I11:264","R1:3513"
"IRN","BA:675","UNE_DEAP_SEX_AGE_RT","SEX_T","AGE_YTHADULT_Y15-24","2007",22.43,"B",,"I11:264","R1:3513"
"IRN","BA:675","UNE_DEAP_SEX_AGE_RT","SEX_T","AGE_YTHADULT_YGE25","2007",7.337,"B",,"I11:264","R1:3513"
"IRN","BA:675","UNE_DEAP_SEX_AGE_RT","SEX_M","AGE_YTHADULT_YGE15","2007",9.484,"B",,"I11:264","R1:3513"
"IRN","BA:675","UNE_DEAP_SEX_AGE_RT","SEX_M","AGE_YTHADULT_Y15-64","2007",9.767,"B",,"I11:264","R1:3513"
"IRN","BA:675","UNE_DEAP_SEX_AGE_RT","SEX_M","AGE_YTHADULT_Y15-24","2007",20.188,"B",,"I11:264","R1:3513"
"IRN","BA:675","UNE_DEAP_SEX_AGE_RT","SEX_M","AGE_YTHADULT_YGE25","2007",6.466,"B",,"I11:264","R1:3513"
"IRN","BA:675","UNE_DEAP_SEX_AGE_RT","SEX_F","AGE_YTHADULT_YGE15","2007",16.097,"B",,"I11:264","R1:3513"
"IRN","BA:675","UNE_DEAP_SEX_AGE_RT","SEX_F","AGE_YTHADULT_Y15-64","2007",16.334,"B",,"I11:264","R1:3513"
"IRN","BA:675","UNE_DEAP_SEX_AGE_RT","SEX_F","AGE_YTHADULT_Y15-24","2007",30.297,"B",,"I11:264","R1:3513"
"IRN","BA:675","UNE_DEAP_SEX_AGE_RT","SEX_F","AGE_YTHADULT_YGE25","2007",11.129,"B",,"I11:264","R1:3513"
"IRN","BA:675","UNE_DEAP_SEX_AGE_RT","SEX_T","AGE_AGGREGATE_YGE15","2007",10.772,"B",,"I11:264","R1:3513"
"IRN","BA:675","UNE_DEAP_SEX_AGE_RT","SEX_T","AGE_AGGREGATE_Y15-24","2007",22.43,"B",,"I11:264","R1:3513"
"IRN","BA:675","UNE_DEAP_SEX_AGE_RT","SEX_T","AGE_AGGREGATE_Y25-54","2007",7.967,"B",,"I11:264","R1:3513"
"IRN","BA:675","UNE_DEAP_SEX_AGE_RT","SEX_T","AGE_AGGREGATE_Y55-64","2007",3.411,"B",,"I11:264","R1:3513"
"IRN","BA:675","UNE_DEAP_SEX_AGE_RT","SEX_T","AGE_AGGREGATE_YGE65","2007",1.187,"B",,"I11:264","R1:3513"
"IRN","BA:675","UNE_DEAP_SEX_AGE_RT","SEX_M","AGE_AGGREGATE_YGE15","2007",9.484,"B",,"I11:264","R1:3513"
"IRN","BA:675","UNE_DEAP_SEX_AGE_RT","SEX_M","AGE_AGGREGATE_Y15-24","2007",20.188,"B",,"I11:264","R1:3513"
"IRN","BA:675","UNE_DEAP_SEX_AGE_RT","SEX_M","AGE_AGGREGATE_Y25-54","2007",6.977,"B",,"I11:264","R1:3513"
"IRN","BA:675","UNE_DEAP_SEX_AGE_RT","SEX_M","AGE_AGGREGATE_Y55-64","2007",3.813,"B",,"I11:264","R1:3513"
"IRN","BA:675","UNE_DEAP_SEX_AGE_RT","SEX_M","AGE_AGGREGATE_YGE65","2007",1.312,"B",,"I11:264","R1:3513"
"IRN","BA:675","UNE_DEAP_SEX_AGE_RT","SEX_F","AGE_AGGREGATE_YGE15","2007",16.097,"B",,"I11:264","R1:3513"
"IRN","BA:675","UNE_DEAP_SEX_AGE_RT","SEX_F","AGE_AGGREGATE_Y15-24","2007",30.297,"B",,"I11:264","R1:3513"
"IRN","BA:675","UNE_DEAP_SEX_AGE_RT","SEX_F","AGE_AGGREGATE_Y25-54","2007",12.069,"B",,"I11:264","R1:3513"
"IRN","BA:675","UNE_DEAP_SEX_AGE_RT","SEX_F","AGE_AGGREGATE_Y55-64","2007",1.093,"U",,"I11:264","R1:3513"
"IRN","BA:675","UNE_DEAP_SEX_AGE_RT","SEX_T","AGE_10YRBANDS_YGE15","2007",10.772,"B",,"I11:264","R1:3513"
"IRN","BA:675","UNE_DEAP_SEX_AGE_RT","SEX_T","AGE_10YRBANDS_Y15-24","2007",22.43,"B",,"I11:264","R1:3513"
"IRN","BA:675","UNE_DEAP_SEX_AGE_RT","SEX_T","AGE_10YRBANDS_Y25-34","2007",13.099,"B",,"I11:264","R1:3513"
"IRN","BA:675","UNE_DEAP_SEX_AGE_RT","SEX_T","AGE_10YRBANDS_Y35-44","2007",4.427,"B",,"I11:264","R1:3513"
"IRN","BA:675","UNE_DEAP_SEX_AGE_RT","SEX_T","AGE_10YRBANDS_Y45-54","2007",3.734,"B",,"I11:264","R1:3513"
"IRN","BA:675","UNE_DEAP_SEX_AGE_RT","SEX_T","AGE_10YRBANDS_Y55-64","2007",3.411,"B",,"I11:264","R1:3513"
"IRN","BA:675","UNE_DEAP_SEX_AGE_RT","SEX_T","AGE_10YRBANDS_YGE65","2007",1.187,"B",,"I11:264","R1:3513"
"IRN","BA:675","UNE_DEAP_SEX_AGE_RT","SEX_M","AGE_10YRBANDS_YGE15","2007",9.484,"B",,"I11:264","R1:3513"
"IRN","BA:675","UNE_DEAP_SEX_AGE_RT","SEX_M","AGE_10YRBANDS_Y15-24","2007",20.188,"B",,"I11:264","R1:3513"
"IRN","BA:675","UNE_DEAP_SEX_AGE_RT","SEX_M","AGE_10YRBANDS_Y25-34","2007",10.7,"B",,"I11:264","R1:3513"
"IRN","BA:675","UNE_DEAP_SEX_AGE_RT","SEX_M","AGE_10YRBANDS_Y35-44","2007",4.539,"B",,"I11:264","R1:3513"
"IRN","BA:675","UNE_DEAP_SEX_AGE_RT","SEX_M","AGE_10YRBANDS_Y45-54","2007",4.104,"B",,"I11:264","R1:3513"
"IRN","BA:675","UNE_DEAP_SEX_AGE_RT","SEX_M","AGE_10YRBANDS_Y55-64","2007",3.813,"B",,"I11:264","R1:3513"
"IRN","BA:675","UNE_DEAP_SEX_AGE_RT","SEX_M","AGE_10YRBANDS_YGE65","2007",1.312,"B",,"I11:264","R1:3513"
"IRN","BA:675","UNE_DEAP_SEX_AGE_RT","SEX_F","AGE_10YRBANDS_YGE15","2007",16.097,"B",,"I11:264","R1:3513"
"IRN","BA:675","UNE_DEAP_SEX_AGE_RT","SEX_F","AGE_10YRBANDS_Y15-24","2007",30.297,"B",,"I11:264","R1:3513"
"IRN","BA:675","UNE_DEAP_SEX_AGE_RT","SEX_F","AGE_10YRBANDS_Y25-34","2007",21.567,"B",,"I11:264","R1:3513"
"IRN","BA:675","UNE_DEAP_SEX_AGE_RT","SEX_F","AGE_10YRBANDS_Y35-44","2007",3.933,"B",,"I11:264","R1:3513"
"IRN","BA:675","UNE_DEAP_SEX_AGE_RT","SEX_F","AGE_10YRBANDS_Y45-54","2007",1.796,"B",,"I11:264","R1:3513"
"IRN","BA:675","UNE_DEAP_SEX_AGE_RT","SEX_F","AGE_10YRBANDS_Y55-64","2007",1.093,"U",,"I11:264","R1:3513"
"IRN","BA:675","UNE_DEAP_SEX_AGE_RT","SEX_T","AGE_5YRBANDS_YGE15","2007",10.772,"B",,"I11:264","R1:3513"
"IRN","BA:675","UNE_DEAP_SEX_AGE_RT","SEX_T","AGE_5YRBANDS_Y15-19","2007",16.396,"B",,"I11:264","R1:3513"
"IRN","BA:675","UNE_DEAP_SEX_AGE_RT","SEX_T","AGE_5YRBANDS_Y20-24","2007",25.117,"B",,"I11:264","R1:3513"
"IRN","BA:675","UNE_DEAP_SEX_AGE_RT","SEX_T","AGE_5YRBANDS_Y25-29","2007",16.917,"B",,"I11:264","R1:3513"
"IRN","BA:675","UNE_DEAP_SEX_AGE_RT","SEX_T","AGE_5YRBANDS_Y30-34","2007",8.293,"B",,"I11:264","R1:3513"
"IRN","BA:675","UNE_DEAP_SEX_AGE_RT","SEX_T","AGE_5YRBANDS_Y35-39","2007",4.978,"B",,"I11:264","R1:3513"
"IRN","BA:675","UNE_DEAP_SEX_AGE_RT","SEX_T","AGE_5YRBANDS_Y40-44","2007",3.799,"B",,"I11:264","R1:3513"
"IRN","BA:675","UNE_DEAP_SEX_AGE_RT","SEX_T","AGE_5YRBANDS_Y45-49","2007",3.628,"B",,"I11:264","R1:3513"
"IRN","BA:675","UNE_DEAP_SEX_AGE_RT","SEX_T","AGE_5YRBANDS_Y50-54","2007",3.883,"B",,"I11:264","R1:3513"
"IRN","BA:675","UNE_DEAP_SEX_AGE_RT","SEX_T","AGE_5YRBANDS_Y55-59","2007",3.696,"B",,"I11:264","R1:3513"
"IRN","BA:675","UNE_DEAP_SEX_AGE_RT","SEX_T","AGE_5YRBANDS_Y60-64","2007",2.943,"B",,"I11:264","R1:3513"
"IRN","BA:675","UNE_DEAP_SEX_AGE_RT","SEX_T","AGE_5YRBANDS_YGE65","2007",1.187,"B",,"I11:264","R1:3513"
"IRN","BA:675","UNE_DEAP_SEX_AGE_RT","SEX_M","AGE_5YRBANDS_YGE15","2007",9.484,"B",,"I11:264","R1:3513"
"IRN","BA:675","UNE_DEAP_SEX_AGE_RT","SEX_M","AGE_5YRBANDS_Y15-19","2007",15.546,"B",,"I11:264","R1:3513"
"IRN","BA:675","UNE_DEAP_SEX_AGE_RT","SEX_M","AGE_5YRBANDS_Y20-24","2007",22.312,"B",,"I11:264","R1:3513"
"IRN","BA:675","UNE_DEAP_SEX_AGE_RT","SEX_M","AGE_5YRBANDS_Y25-29","2007",13.485,"B",,"I11:264","R1:3513"
"IRN","BA:675","UNE_DEAP_SEX_AGE_RT","SEX_M","AGE_5YRBANDS_Y30-34","2007",7.243,"B",,"I11:264","R1:3513"
"IRN","BA:675","UNE_DEAP_SEX_AGE_RT","SEX_M","AGE_5YRBANDS_Y35-39","2007",5.004,"B",,"I11:264","R1:3513"
"IRN","BA:675","UNE_DEAP_SEX_AGE_RT","SEX_M","AGE_5YRBANDS_Y40-44","2007",4.017,"B",,"I11:264","R1:3513"
"IRN","BA:675","UNE_DEAP_SEX_AGE_RT","SEX_M","AGE_5YRBANDS_Y45-49","2007",3.964,"B",,"I11:264","R1:3513"
"IRN","BA:675","UNE_DEAP_SEX_AGE_RT","SEX_M","AGE_5YRBANDS_Y50-54","2007",4.297,"B",,"I11:264","R1:3513"
"IRN","BA:675","UNE_DEAP_SEX_AGE_RT","SEX_M","AGE_5YRBANDS_Y55-59","2007",4.084,"B",,"I11:264","R1:3513"
"IRN","BA:675","UNE_DEAP_SEX_AGE_RT","SEX_M","AGE_5YRBANDS_Y60-64","2007",3.368,"B",,"I11:264","R1:3513"
"IRN","BA:675","UNE_DEAP_SEX_AGE_RT","SEX_M","AGE_5YRBANDS_YGE65","2007",1.312,"B",,"I11:264","R1:3513"
"IRN","BA:675","UNE_DEAP_SEX_AGE_RT","SEX_F","AGE_5YRBANDS_YGE15","2007",16.097,"B",,"I11:264","R1:3513"
"IRN","BA:675","UNE_DEAP_SEX_AGE_RT","SEX_F","AGE_5YRBANDS_Y15-19","2007",19.657,"B",,"I11:264","R1:3513"
"IRN","BA:675","UNE_DEAP_SEX_AGE_RT","SEX_F","AGE_5YRBANDS_Y20-24","2007",34.584,"B",,"I11:264","R1:3513"
"IRN","BA:675","UNE_DEAP_SEX_AGE_RT","SEX_F","AGE_5YRBANDS_Y25-29","2007",28.713,"B",,"I11:264","R1:3513"
"IRN","BA:675","UNE_DEAP_SEX_AGE_RT","SEX_F","AGE_5YRBANDS_Y30-34","2007",12.13,"B",,"I11:264","R1:3513"
"IRN","BA:675","UNE_DEAP_SEX_AGE_RT","SEX_F","AGE_5YRBANDS_Y35-39","2007",4.865,"B",,"I11:264","R1:3513"
"IRN","BA:675","UNE_DEAP_SEX_AGE_RT","SEX_F","AGE_5YRBANDS_Y40-44","2007",2.792,"B",,"I11:264","R1:3513"
"IRN","BA:675","UNE_DEAP_SEX_AGE_RT","SEX_F","AGE_5YRBANDS_Y45-49","2007",1.968,"B",,"I11:264","R1:3513"
"IRN","BA:675","UNE_DEAP_SEX_AGE_RT","SEX_F","AGE_5YRBANDS_Y50-54","2007",1.519,"B",,"I11:264","R1:3513"
"IRN","BA:675","UNE_DEAP_SEX_AGE_RT","SEX_F","AGE_5YRBANDS_Y55-59","2007",1.47,"U",,"I11:264","R1:3513"
"IRN","BA:675","UNE_DEAP_SEX_AGE_RT","SEX_F","AGE_5YRBANDS_Y60-64","2007",,"U",,"I11:264","R1:3513"
"IRN","BA:675","UNE_DEAP_SEX_AGE_RT","SEX_T","AGE_YTHADULT_YGE15","2006",11.519,,,,"R1:3513"
"IRN","BA:675","UNE_DEAP_SEX_AGE_RT","SEX_T","AGE_YTHADULT_Y15-64","2006",11.856,,,,"R1:3513"
"IRN","BA:675","UNE_DEAP_SEX_AGE_RT","SEX_T","AGE_YTHADULT_Y15-24","2006",23.659,,,,"R1:3513"
"IRN","BA:675","UNE_DEAP_SEX_AGE_RT","SEX_T","AGE_YTHADULT_YGE25","2006",7.628,,,,"R1:3513"
"IRN","BA:675","UNE_DEAP_SEX_AGE_RT","SEX_M","AGE_YTHADULT_YGE15","2006",10.252,,,,"R1:3513"
"IRN","BA:675","UNE_DEAP_SEX_AGE_RT","SEX_M","AGE_YTHADULT_Y15-64","2006",10.582,,,,"R1:3513"
"IRN","BA:675","UNE_DEAP_SEX_AGE_RT","SEX_M","AGE_YTHADULT_Y15-24","2006",21.176,,,,"R1:3513"
"IRN","BA:675","UNE_DEAP_SEX_AGE_RT","SEX_M","AGE_YTHADULT_YGE25","2006",6.914,,,,"R1:3513"
"IRN","BA:675","UNE_DEAP_SEX_AGE_RT","SEX_F","AGE_YTHADULT_YGE15","2006",16.508,,,,"R1:3513"
"IRN","BA:675","UNE_DEAP_SEX_AGE_RT","SEX_F","AGE_YTHADULT_Y15-64","2006",16.77,,,,"R1:3513"
"IRN","BA:675","UNE_DEAP_SEX_AGE_RT","SEX_F","AGE_YTHADULT_Y15-24","2006",31.933,,,,"R1:3513"
"IRN","BA:675","UNE_DEAP_SEX_AGE_RT","SEX_F","AGE_YTHADULT_YGE25","2006",10.607,,,,"R1:3513"
"IRN","BA:675","UNE_DEAP_SEX_AGE_RT","SEX_T","AGE_AGGREGATE_YGE15","2006",11.519,,,,"R1:3513"
"IRN","BA:675","UNE_DEAP_SEX_AGE_RT","SEX_T","AGE_AGGREGATE_Y15-24","2006",23.659,,,,"R1:3513"
"IRN","BA:675","UNE_DEAP_SEX_AGE_RT","SEX_T","AGE_AGGREGATE_Y25-54","2006",8.276,,,,"R1:3513"
"IRN","BA:675","UNE_DEAP_SEX_AGE_RT","SEX_T","AGE_AGGREGATE_Y55-64","2006",3.649,,,,"R1:3513"
"IRN","BA:675","UNE_DEAP_SEX_AGE_RT","SEX_T","AGE_AGGREGATE_YGE65","2006",1.409,,,,"R1:3513"
"IRN","BA:675","UNE_DEAP_SEX_AGE_RT","SEX_M","AGE_AGGREGATE_YGE15","2006",10.252,,,,"R1:3513"
"IRN","BA:675","UNE_DEAP_SEX_AGE_RT","SEX_M","AGE_AGGREGATE_Y15-24","2006",21.176,,,,"R1:3513"
"IRN","BA:675","UNE_DEAP_SEX_AGE_RT","SEX_M","AGE_AGGREGATE_Y25-54","2006",7.462,,,,"R1:3513"
"IRN","BA:675","UNE_DEAP_SEX_AGE_RT","SEX_M","AGE_AGGREGATE_Y55-64","2006",4.158,,,,"R1:3513"
"IRN","BA:675","UNE_DEAP_SEX_AGE_RT","SEX_M","AGE_AGGREGATE_YGE65","2006",1.552,,,,"R1:3513"
"IRN","BA:675","UNE_DEAP_SEX_AGE_RT","SEX_F","AGE_AGGREGATE_YGE15","2006",16.508,,,,"R1:3513"
"IRN","BA:675","UNE_DEAP_SEX_AGE_RT","SEX_F","AGE_AGGREGATE_Y15-24","2006",31.933,,,,"R1:3513"
"IRN","BA:675","UNE_DEAP_SEX_AGE_RT","SEX_F","AGE_AGGREGATE_Y25-54","2006",11.5,,,,"R1:3513"
"IRN","BA:675","UNE_DEAP_SEX_AGE_RT","SEX_F","AGE_AGGREGATE_Y55-64","2006",0.804,"U",,,"R1:3513"
"IRN","BA:675","UNE_DEAP_SEX_AGE_RT","SEX_F","AGE_AGGREGATE_YGE65","2006",,"U",,,"R1:3513"
"IRN","BA:675","UNE_DEAP_SEX_AGE_RT","SEX_T","AGE_10YRBANDS_YGE15","2006",11.519,,,,"R1:3513"
"IRN","BA:675","UNE_DEAP_SEX_AGE_RT","SEX_T","AGE_10YRBANDS_Y15-24","2006",23.659,,,,"R1:3513"
"IRN","BA:675","UNE_DEAP_SEX_AGE_RT","SEX_T","AGE_10YRBANDS_Y25-34","2006",12.914,,,,"R1:3513"
"IRN","BA:675","UNE_DEAP_SEX_AGE_RT","SEX_T","AGE_10YRBANDS_Y35-44","2006",5.01,,,,"R1:3513"
"IRN","BA:675","UNE_DEAP_SEX_AGE_RT","SEX_T","AGE_10YRBANDS_Y45-54","2006",4.587,,,,"R1:3513"
"IRN","BA:675","UNE_DEAP_SEX_AGE_RT","SEX_T","AGE_10YRBANDS_Y55-64","2006",3.649,,,,"R1:3513"
"IRN","BA:675","UNE_DEAP_SEX_AGE_RT","SEX_T","AGE_10YRBANDS_YGE65","2006",1.409,,,,"R1:3513"
"IRN","BA:675","UNE_DEAP_SEX_AGE_RT","SEX_M","AGE_10YRBANDS_YGE15","2006",10.252,,,,"R1:3513"
"IRN","BA:675","UNE_DEAP_SEX_AGE_RT","SEX_M","AGE_10YRBANDS_Y15-24","2006",21.176,,,,"R1:3513"
"IRN","BA:675","UNE_DEAP_SEX_AGE_RT","SEX_M","AGE_10YRBANDS_Y25-34","2006",10.977,,,,"R1:3513"
"IRN","BA:675","UNE_DEAP_SEX_AGE_RT","SEX_M","AGE_10YRBANDS_Y35-44","2006",4.92,,,,"R1:3513"
"IRN","BA:675","UNE_DEAP_SEX_AGE_RT","SEX_M","AGE_10YRBANDS_Y45-54","2006",5.091,,,,"R1:3513"
"IRN","BA:675","UNE_DEAP_SEX_AGE_RT","SEX_M","AGE_10YRBANDS_Y55-64","2006",4.158,,,,"R1:3513"
"IRN","BA:675","UNE_DEAP_SEX_AGE_RT","SEX_M","AGE_10YRBANDS_YGE65","2006",1.552,,,,"R1:3513"
"IRN","BA:675","UNE_DEAP_SEX_AGE_RT","SEX_F","AGE_10YRBANDS_YGE15","2006",16.508,,,,"R1:3513"
"IRN","BA:675","UNE_DEAP_SEX_AGE_RT","SEX_F","AGE_10YRBANDS_Y15-24","2006",31.933,,,,"R1:3513"
"IRN","BA:675","UNE_DEAP_SEX_AGE_RT","SEX_F","AGE_10YRBANDS_Y25-34","2006",19.567,,,,"R1:3513"
"IRN","BA:675","UNE_DEAP_SEX_AGE_RT","SEX_F","AGE_10YRBANDS_Y35-44","2006",5.38,,,,"R1:3513"
"IRN","BA:675","UNE_DEAP_SEX_AGE_RT","SEX_F","AGE_10YRBANDS_Y45-54","2006",2.058,,,,"R1:3513"
"IRN","BA:675","UNE_DEAP_SEX_AGE_RT","SEX_F","AGE_10YRBANDS_Y55-64","2006",0.804,"U",,,"R1:3513"
"IRN","BA:675","UNE_DEAP_SEX_AGE_RT","SEX_F","AGE_10YRBANDS_YGE65","2006",,"U",,,"R1:3513"
"IRN","BA:675","UNE_DEAP_SEX_AGE_RT","SEX_T","AGE_5YRBANDS_YGE15","2006",11.519,,,,"R1:3513"
"IRN","BA:675","UNE_DEAP_SEX_AGE_RT","SEX_T","AGE_5YRBANDS_Y15-19","2006",18.122,,,,"R1:3513"
"IRN","BA:675","UNE_DEAP_SEX_AGE_RT","SEX_T","AGE_5YRBANDS_Y20-24","2006",26.364,,,,"R1:3513"
"IRN","BA:675","UNE_DEAP_SEX_AGE_RT","SEX_T","AGE_5YRBANDS_Y25-29","2006",16.767,,,,"R1:3513"
"IRN","BA:675","UNE_DEAP_SEX_AGE_RT","SEX_T","AGE_5YRBANDS_Y30-34","2006",8.121,,,,"R1:3513"
"IRN","BA:675","UNE_DEAP_SEX_AGE_RT","SEX_T","AGE_5YRBANDS_Y35-39","2006",5.576,,,,"R1:3513"
"IRN","BA:675","UNE_DEAP_SEX_AGE_RT","SEX_T","AGE_5YRBANDS_Y40-44","2006",4.368,,,,"R1:3513"
"IRN","BA:675","UNE_DEAP_SEX_AGE_RT","SEX_T","AGE_5YRBANDS_Y45-49","2006",4.218,,,,"R1:3513"
"IRN","BA:675","UNE_DEAP_SEX_AGE_RT","SEX_T","AGE_5YRBANDS_Y50-54","2006",5.116,,,,"R1:3513"
"IRN","BA:675","UNE_DEAP_SEX_AGE_RT","SEX_T","AGE_5YRBANDS_Y55-59","2006",3.7,,,,"R1:3513"
"IRN","BA:675","UNE_DEAP_SEX_AGE_RT","SEX_T","AGE_5YRBANDS_Y60-64","2006",3.567,,,,"R1:3513"
"IRN","BA:675","UNE_DEAP_SEX_AGE_RT","SEX_T","AGE_5YRBANDS_YGE65","2006",1.409,,,,"R1:3513"
"IRN","BA:675","UNE_DEAP_SEX_AGE_RT","SEX_M","AGE_5YRBANDS_YGE15","2006",10.252,,,,"R1:3513"
"IRN","BA:675","UNE_DEAP_SEX_AGE_RT","SEX_M","AGE_5YRBANDS_Y15-19","2006",17.042,,,,"R1:3513"
"IRN","BA:675","UNE_DEAP_SEX_AGE_RT","SEX_M","AGE_5YRBANDS_Y20-24","2006",23.275,,,,"R1:3513"
"IRN","BA:675","UNE_DEAP_SEX_AGE_RT","SEX_M","AGE_5YRBANDS_Y25-29","2006",13.99,,,,"R1:3513"
"IRN","BA:675","UNE_DEAP_SEX_AGE_RT","SEX_M","AGE_5YRBANDS_Y30-34","2006",7.291,,,,"R1:3513"
"IRN","BA:675","UNE_DEAP_SEX_AGE_RT","SEX_M","AGE_5YRBANDS_Y35-39","2006",5.312,,,,"R1:3513"
"IRN","BA:675","UNE_DEAP_SEX_AGE_RT","SEX_M","AGE_5YRBANDS_Y40-44","2006",4.484,,,,"R1:3513"
"IRN","BA:675","UNE_DEAP_SEX_AGE_RT","SEX_M","AGE_5YRBANDS_Y45-49","2006",4.64,,,,"R1:3513"
"IRN","BA:675","UNE_DEAP_SEX_AGE_RT","SEX_M","AGE_5YRBANDS_Y50-54","2006",5.732,,,,"R1:3513"
"IRN","BA:675","UNE_DEAP_SEX_AGE_RT","SEX_M","AGE_5YRBANDS_Y55-59","2006",4.199,,,,"R1:3513"
"IRN","BA:675","UNE_DEAP_SEX_AGE_RT","SEX_M","AGE_5YRBANDS_Y60-64","2006",4.095,,,,"R1:3513"
"IRN","BA:675","UNE_DEAP_SEX_AGE_RT","SEX_M","AGE_5YRBANDS_YGE65","2006",1.552,,,,"R1:3513"
"IRN","BA:675","UNE_DEAP_SEX_AGE_RT","SEX_F","AGE_5YRBANDS_YGE15","2006",16.508,,,,"R1:3513"
"IRN","BA:675","UNE_DEAP_SEX_AGE_RT","SEX_F","AGE_5YRBANDS_Y15-19","2006",22.164,,,,"R1:3513"
"IRN","BA:675","UNE_DEAP_SEX_AGE_RT","SEX_F","AGE_5YRBANDS_Y20-24","2006",36.12,,,,"R1:3513"
"IRN","BA:675","UNE_DEAP_SEX_AGE_RT","SEX_F","AGE_5YRBANDS_Y25-29","2006",25.989,,,,"R1:3513"
"IRN","BA:675","UNE_DEAP_SEX_AGE_RT","SEX_F","AGE_5YRBANDS_Y30-34","2006",11.094,,,,"R1:3513"
"IRN","BA:675","UNE_DEAP_SEX_AGE_RT","SEX_F","AGE_5YRBANDS_Y35-39","2006",6.618,,,,"R1:3513"
"IRN","BA:675","UNE_DEAP_SEX_AGE_RT","SEX_F","AGE_5YRBANDS_Y40-44","2006",3.868,,,,"R1:3513"
"IRN","BA:675","UNE_DEAP_SEX_AGE_RT","SEX_F","AGE_5YRBANDS_Y45-49","2006",2.171,,,,"R1:3513"
"IRN","BA:675","UNE_DEAP_SEX_AGE_RT","SEX_F","AGE_5YRBANDS_Y50-54","2006",1.885,,,,"R1:3513"
"IRN","BA:675","UNE_DEAP_SEX_AGE_RT","SEX_F","AGE_5YRBANDS_Y55-59","2006",1.13,"U",,,"R1:3513"
"IRN","BA:675","UNE_DEAP_SEX_AGE_RT","SEX_F","AGE_5YRBANDS_Y60-64","2006",,"U",,,"R1:3513"
"IRN","BA:675","UNE_DEAP_SEX_AGE_RT","SEX_F","AGE_5YRBANDS_YGE65","2006",,"U",,,"R1:3513"
"IRN","BA:675","UNE_DEAP_SEX_AGE_RT","SEX_T","AGE_YTHADULT_YGE15","2005",11.813,,,,"R1:3513"
"IRN","BA:675","UNE_DEAP_SEX_AGE_RT","SEX_T","AGE_YTHADULT_Y15-64","2005",12.147,,,,"R1:3513"
"IRN","BA:675","UNE_DEAP_SEX_AGE_RT","SEX_T","AGE_YTHADULT_Y15-24","2005",23.539,,,,"R1:3513"
"IRN","BA:675","UNE_DEAP_SEX_AGE_RT","SEX_T","AGE_YTHADULT_YGE25","2005",7.751,,,,"R1:3513"
"IRN","BA:675","UNE_DEAP_SEX_AGE_RT","SEX_M","AGE_YTHADULT_YGE15","2005",10.311,,,,"R1:3513"
"IRN","BA:675","UNE_DEAP_SEX_AGE_RT","SEX_M","AGE_YTHADULT_Y15-64","2005",10.624,,,,"R1:3513"
"IRN","BA:675","UNE_DEAP_SEX_AGE_RT","SEX_M","AGE_YTHADULT_Y15-24","2005",20.655,,,,"R1:3513"
"IRN","BA:675","UNE_DEAP_SEX_AGE_RT","SEX_M","AGE_YTHADULT_YGE25","2005",6.919,,,,"R1:3513"
"IRN","BA:675","UNE_DEAP_SEX_AGE_RT","SEX_F","AGE_YTHADULT_YGE15","2005",17.608,,,,"R1:3513"
"IRN","BA:675","UNE_DEAP_SEX_AGE_RT","SEX_F","AGE_YTHADULT_Y15-64","2005",17.882,,,,"R1:3513"
"IRN","BA:675","UNE_DEAP_SEX_AGE_RT","SEX_F","AGE_YTHADULT_Y15-24","2005",32.776,,,,"R1:3513"
"IRN","BA:675","UNE_DEAP_SEX_AGE_RT","SEX_F","AGE_YTHADULT_YGE25","2005",11.189,,,,"R1:3513"
"IRN","BA:675","UNE_DEAP_SEX_AGE_RT","SEX_T","AGE_AGGREGATE_YGE15","2005",11.813,,,,"R1:3513"
"IRN","BA:675","UNE_DEAP_SEX_AGE_RT","SEX_T","AGE_AGGREGATE_Y15-24","2005",23.539,,,,"R1:3513"
"IRN","BA:675","UNE_DEAP_SEX_AGE_RT","SEX_T","AGE_AGGREGATE_Y25-54","2005",8.294,,,,"R1:3513"
"IRN","BA:675","UNE_DEAP_SEX_AGE_RT","SEX_T","AGE_AGGREGATE_Y55-64","2005",4.884,,,,"R1:3513"
"IRN","BA:675","UNE_DEAP_SEX_AGE_RT","SEX_T","AGE_AGGREGATE_YGE65","2005",2.273,,,,"R1:3513"
"IRN","BA:675","UNE_DEAP_SEX_AGE_RT","SEX_M","AGE_AGGREGATE_YGE15","2005",10.311,,,,"R1:3513"
"IRN","BA:675","UNE_DEAP_SEX_AGE_RT","SEX_M","AGE_AGGREGATE_Y15-24","2005",20.655,,,,"R1:3513"
"IRN","BA:675","UNE_DEAP_SEX_AGE_RT","SEX_M","AGE_AGGREGATE_Y25-54","2005",7.33,,,,"R1:3513"
"IRN","BA:675","UNE_DEAP_SEX_AGE_RT","SEX_M","AGE_AGGREGATE_Y55-64","2005",5.389,,,,"R1:3513"
"IRN","BA:675","UNE_DEAP_SEX_AGE_RT","SEX_M","AGE_AGGREGATE_YGE65","2005",2.471,,,,"R1:3513"
"IRN","BA:675","UNE_DEAP_SEX_AGE_RT","SEX_F","AGE_AGGREGATE_YGE15","2005",17.608,,,,"R1:3513"
"IRN","BA:675","UNE_DEAP_SEX_AGE_RT","SEX_F","AGE_AGGREGATE_Y15-24","2005",32.776,,,,"R1:3513"
"IRN","BA:675","UNE_DEAP_SEX_AGE_RT","SEX_F","AGE_AGGREGATE_Y25-54","2005",12.036,,,,"R1:3513"
"IRN","BA:675","UNE_DEAP_SEX_AGE_RT","SEX_F","AGE_AGGREGATE_Y55-64","2005",1.852,,,,"R1:3513"
"IRN","BA:675","UNE_DEAP_SEX_AGE_RT","SEX_F","AGE_AGGREGATE_YGE65","2005",,"U",,,"R1:3513"
"IRN","BA:675","UNE_DEAP_SEX_AGE_RT","SEX_T","AGE_10YRBANDS_YGE15","2005",11.813,,,,"R1:3513"
"IRN","BA:675","UNE_DEAP_SEX_AGE_RT","SEX_T","AGE_10YRBANDS_Y15-24","2005",23.539,,,,"R1:3513"
"IRN","BA:675","UNE_DEAP_SEX_AGE_RT","SEX_T","AGE_10YRBANDS_Y25-34","2005",12.532,,,,"R1:3513"
"IRN","BA:675","UNE_DEAP_SEX_AGE_RT","SEX_T","AGE_10YRBANDS_Y35-44","2005",5.067,,,,"R1:3513"
"IRN","BA:675","UNE_DEAP_SEX_AGE_RT","SEX_T","AGE_10YRBANDS_Y45-54","2005",5.059,,,,"R1:3513"
"IRN","BA:675","UNE_DEAP_SEX_AGE_RT","SEX_T","AGE_10YRBANDS_Y55-64","2005",4.884,,,,"R1:3513"
"IRN","BA:675","UNE_DEAP_SEX_AGE_RT","SEX_T","AGE_10YRBANDS_YGE65","2005",2.273,,,,"R1:3513"
"IRN","BA:675","UNE_DEAP_SEX_AGE_RT","SEX_M","AGE_10YRBANDS_YGE15","2005",10.311,,,,"R1:3513"
"IRN","BA:675","UNE_DEAP_SEX_AGE_RT","SEX_M","AGE_10YRBANDS_Y15-24","2005",20.655,,,,"R1:3513"
"IRN","BA:675","UNE_DEAP_SEX_AGE_RT","SEX_M","AGE_10YRBANDS_Y25-34","2005",10.526,,,,"R1:3513"
"IRN","BA:675","UNE_DEAP_SEX_AGE_RT","SEX_M","AGE_10YRBANDS_Y35-44","2005",4.7,,,,"R1:3513"
"IRN","BA:675","UNE_DEAP_SEX_AGE_RT","SEX_M","AGE_10YRBANDS_Y45-54","2005",5.463,,,,"R1:3513"
"IRN","BA:675","UNE_DEAP_SEX_AGE_RT","SEX_M","AGE_10YRBANDS_Y55-64","2005",5.389,,,,"R1:3513"
"IRN","BA:675","UNE_DEAP_SEX_AGE_RT","SEX_M","AGE_10YRBANDS_YGE65","2005",2.471,,,,"R1:3513"
"IRN","BA:675","UNE_DEAP_SEX_AGE_RT","SEX_F","AGE_10YRBANDS_YGE15","2005",17.608,,,,"R1:3513"
"IRN","BA:675","UNE_DEAP_SEX_AGE_RT","SEX_F","AGE_10YRBANDS_Y15-24","2005",32.776,,,,"R1:3513"
"IRN","BA:675","UNE_DEAP_SEX_AGE_RT","SEX_F","AGE_10YRBANDS_Y25-34","2005",19.388,,,,"R1:3513"
"IRN","BA:675","UNE_DEAP_SEX_AGE_RT","SEX_F","AGE_10YRBANDS_Y35-44","2005",6.551,,,,"R1:3513"
"IRN","BA:675","UNE_DEAP_SEX_AGE_RT","SEX_F","AGE_10YRBANDS_Y45-54","2005",3.132,,,,"R1:3513"
"IRN","BA:675","UNE_DEAP_SEX_AGE_RT","SEX_F","AGE_10YRBANDS_Y55-64","2005",1.852,,,,"R1:3513"
"IRN","BA:675","UNE_DEAP_SEX_AGE_RT","SEX_F","AGE_10YRBANDS_YGE65","2005",,"U",,,"R1:3513"
"IRN","BA:675","UNE_DEAP_SEX_AGE_RT","SEX_T","AGE_5YRBANDS_YGE15","2005",11.813,,,,"R1:3513"
"IRN","BA:675","UNE_DEAP_SEX_AGE_RT","SEX_T","AGE_5YRBANDS_Y15-19","2005",18.243,,,,"R1:3513"
"IRN","BA:675","UNE_DEAP_SEX_AGE_RT","SEX_T","AGE_5YRBANDS_Y20-24","2005",26.393,,,,"R1:3513"
"IRN","BA:675","UNE_DEAP_SEX_AGE_RT","SEX_T","AGE_5YRBANDS_Y25-29","2005",16.357,,,,"R1:3513"
"IRN","BA:675","UNE_DEAP_SEX_AGE_RT","SEX_T","AGE_5YRBANDS_Y30-34","2005",7.962,,,,"R1:3513"
"IRN","BA:675","UNE_DEAP_SEX_AGE_RT","SEX_T","AGE_5YRBANDS_Y35-39","2005",5.498,,,,"R1:3513"
"IRN","BA:675","UNE_DEAP_SEX_AGE_RT","SEX_T","AGE_5YRBANDS_Y40-44","2005",4.589,,,,"R1:3513"
"IRN","BA:675","UNE_DEAP_SEX_AGE_RT","SEX_T","AGE_5YRBANDS_Y45-49","2005",4.383,,,,"R1:3513"
"IRN","BA:675","UNE_DEAP_SEX_AGE_RT","SEX_T","AGE_5YRBANDS_Y50-54","2005",6.023,,,,"R1:3513"
"IRN","BA:675","UNE_DEAP_SEX_AGE_RT","SEX_T","AGE_5YRBANDS_Y55-59","2005",5.559,,,,"R1:3513"
"IRN","BA:675","UNE_DEAP_SEX_AGE_RT","SEX_T","AGE_5YRBANDS_Y60-64","2005",3.883,,,,"R1:3513"
"IRN","BA:675","UNE_DEAP_SEX_AGE_RT","SEX_T","AGE_5YRBANDS_YGE65","2005",2.273,,,,"R1:3513"
"IRN","BA:675","UNE_DEAP_SEX_AGE_RT","SEX_M","AGE_5YRBANDS_YGE15","2005",10.311,,,,"R1:3513"
"IRN","BA:675","UNE_DEAP_SEX_AGE_RT","SEX_M","AGE_5YRBANDS_Y15-19","2005",16.696,,,,"R1:3513"
"IRN","BA:675","UNE_DEAP_SEX_AGE_RT","SEX_M","AGE_5YRBANDS_Y20-24","2005",22.825,,,,"R1:3513"
"IRN","BA:675","UNE_DEAP_SEX_AGE_RT","SEX_M","AGE_5YRBANDS_Y25-29","2005",13.539,,,,"R1:3513"
"IRN","BA:675","UNE_DEAP_SEX_AGE_RT","SEX_M","AGE_5YRBANDS_Y30-34","2005",6.995,,,,"R1:3513"
"IRN","BA:675","UNE_DEAP_SEX_AGE_RT","SEX_M","AGE_5YRBANDS_Y35-39","2005",4.896,,,,"R1:3513"
"IRN","BA:675","UNE_DEAP_SEX_AGE_RT","SEX_M","AGE_5YRBANDS_Y40-44","2005",4.491,,,,"R1:3513"
"IRN","BA:675","UNE_DEAP_SEX_AGE_RT","SEX_M","AGE_5YRBANDS_Y45-49","2005",4.691,,,,"R1:3513"
"IRN","BA:675","UNE_DEAP_SEX_AGE_RT","SEX_M","AGE_5YRBANDS_Y50-54","2005",6.56,,,,"R1:3513"
"IRN","BA:675","UNE_DEAP_SEX_AGE_RT","SEX_M","AGE_5YRBANDS_Y55-59","2005",6.203,,,,"R1:3513"
"IRN","BA:675","UNE_DEAP_SEX_AGE_RT","SEX_M","AGE_5YRBANDS_Y60-64","2005",4.208,,,,"R1:3513"
"IRN","BA:675","UNE_DEAP_SEX_AGE_RT","SEX_M","AGE_5YRBANDS_YGE65","2005",2.471,,,,"R1:3513"
"IRN","BA:675","UNE_DEAP_SEX_AGE_RT","SEX_F","AGE_5YRBANDS_YGE15","2005",17.608,,,,"R1:3513"
"IRN","BA:675","UNE_DEAP_SEX_AGE_RT","SEX_F","AGE_5YRBANDS_Y15-19","2005",23.441,,,,"R1:3513"
"IRN","BA:675","UNE_DEAP_SEX_AGE_RT","SEX_F","AGE_5YRBANDS_Y20-24","2005",37.531,,,,"R1:3513"
"IRN","BA:675","UNE_DEAP_SEX_AGE_RT","SEX_F","AGE_5YRBANDS_Y25-29","2005",25.621,,,,"R1:3513"
"IRN","BA:675","UNE_DEAP_SEX_AGE_RT","SEX_F","AGE_5YRBANDS_Y30-34","2005",11.428,,,,"R1:3513"
"IRN","BA:675","UNE_DEAP_SEX_AGE_RT","SEX_F","AGE_5YRBANDS_Y35-39","2005",7.758,,,,"R1:3513"
"IRN","BA:675","UNE_DEAP_SEX_AGE_RT","SEX_F","AGE_5YRBANDS_Y40-44","2005",5.025,,,,"R1:3513"
"IRN","BA:675","UNE_DEAP_SEX_AGE_RT","SEX_F","AGE_5YRBANDS_Y45-49","2005",2.941,,,,"R1:3513"
"IRN","BA:675","UNE_DEAP_SEX_AGE_RT","SEX_F","AGE_5YRBANDS_Y50-54","2005",3.413,,,,"R1:3513"
"IRN","BA:675","UNE_DEAP_SEX_AGE_RT","SEX_F","AGE_5YRBANDS_Y55-59","2005",1.933,"U",,,"R1:3513"
"IRN","BA:675","UNE_DEAP_SEX_AGE_RT","SEX_F","AGE_5YRBANDS_Y60-64","2005",1.713,"U",,,"R1:3513"
"IRN","BA:675","UNE_DEAP_SEX_AGE_RT","SEX_F","AGE_5YRBANDS_YGE65","2005",,"U",,,"R1:3513"
"IRN","BA:675","UNE_DEAP_SEX_AGE_RT","SEX_T","AGE_YTHADULT_YGE15","2004",10.3,,,,
"IRN","BA:675","UNE_DEAP_SEX_AGE_RT","SEX_M","AGE_YTHADULT_YGE15","2004",9.8,,,,
"IRN","BA:675","UNE_DEAP_SEX_AGE_RT","SEX_F","AGE_YTHADULT_YGE15","2004",17.8,,,,
"IRN","BA:675","UNE_DEAP_SEX_AGE_RT","SEX_T","AGE_YTHADULT_YGE15","2002",12.8,,,,
"IRN","BA:675","UNE_DEAP_SEX_AGE_RT","SEX_M","AGE_YTHADULT_YGE15","2002",11.2,,,,
"IRN","BA:675","UNE_DEAP_SEX_AGE_RT","SEX_F","AGE_YTHADULT_YGE15","2002",22.4,,,,
"IRN","AA:1267","UNE_DEAP_SEX_AGE_RT","SEX_T","AGE_YTHADULT_YGE15","1996",9.1,,"C6:2289",,
"IRN","AA:1267","UNE_DEAP_SEX_AGE_RT","SEX_M","AGE_YTHADULT_YGE15","1996",8.5,,"C6:2289",,
"IRN","AA:1267","UNE_DEAP_SEX_AGE_RT","SEX_F","AGE_YTHADULT_YGE15","1996",13.4,,"C6:2289",,
"IRN","AA:1267","UNE_DEAP_SEX_AGE_RT","SEX_T","AGE_YTHADULT_YGE15","1991",11.1,,"C6:2289",,
"IRN","AA:1267","UNE_DEAP_SEX_AGE_RT","SEX_M","AGE_YTHADULT_YGE15","1991",9.5,,"C6:2289",,
"IRN","AA:1267","UNE_DEAP_SEX_AGE_RT","SEX_F","AGE_YTHADULT_YGE15","1991",24.4,,"C6:2289",,
