"ref_area","source","indicator","sex","classif1","time","obs_value","obs_status","note_classif","note_indicator","note_source"
"EGY","BA:582","UNE_DEAP_SEX_AGE_RT","SEX_T","AGE_YTHADULT_YGE15","2024",5.945,"B",,"I11:264","R1:3513"
"EGY","BA:582","UNE_DEAP_SEX_AGE_RT","SEX_T","AGE_YTHADULT_Y15-64","2024",6.032,"B",,"I11:264","R1:3513"
"EGY","BA:582","UNE_DEAP_SEX_AGE_RT","SEX_T","AGE_YTHADULT_Y15-24","2024",15.254,"B",,"I11:264","R1:3513"
"EGY","BA:582","UNE_DEAP_SEX_AGE_RT","SEX_T","AGE_YTHADULT_YGE25","2024",4.13,"B",,"I11:264","R1:3513"
"EGY","BA:582","UNE_DEAP_SEX_AGE_RT","SEX_M","AGE_YTHADULT_YGE15","2024",4.039,"B",,"I11:264","R1:3513"
"EGY","BA:582","UNE_DEAP_SEX_AGE_RT","SEX_M","AGE_YTHADULT_Y15-64","2024",4.1,"B",,"I11:264","R1:3513"
"EGY","BA:582","UNE_DEAP_SEX_AGE_RT","SEX_M","AGE_YTHADULT_Y15-24","2024",11.213,"B",,"I11:264","R1:3513"
"EGY","BA:582","UNE_DEAP_SEX_AGE_RT","SEX_M","AGE_YTHADULT_YGE25","2024",2.606,"B",,"I11:264","R1:3513"
"EGY","BA:582","UNE_DEAP_SEX_AGE_RT","SEX_F","AGE_YTHADULT_YGE15","2024",11.896,"B",,"I11:264","R1:3513"
"EGY","BA:582","UNE_DEAP_SEX_AGE_RT","SEX_F","AGE_YTHADULT_Y15-64","2024",12.059,"B",,"I11:264","R1:3513"
"EGY","BA:582","UNE_DEAP_SEX_AGE_RT","SEX_F","AGE_YTHADULT_Y15-24","2024",28.991,"B",,"I11:264","R1:3513"
"EGY","BA:582","UNE_DEAP_SEX_AGE_RT","SEX_F","AGE_YTHADULT_YGE25","2024",8.81,"B",,"I11:264","R1:3513"
"EGY","BA:582","UNE_DEAP_SEX_AGE_RT","SEX_T","AGE_AGGREGATE_YGE15","2024",5.945,"B",,"I11:264","R1:3513"
"EGY","BA:582","UNE_DEAP_SEX_AGE_RT","SEX_T","AGE_AGGREGATE_Y15-24","2024",15.254,"B",,"I11:264","R1:3513"
"EGY","BA:582","UNE_DEAP_SEX_AGE_RT","SEX_T","AGE_AGGREGATE_Y25-54","2024",4.633,"B",,"I11:264","R1:3513"
"EGY","BA:582","UNE_DEAP_SEX_AGE_RT","SEX_T","AGE_AGGREGATE_Y55-64","2024",1.198,"B",,"I11:264","R1:3513"
"EGY","BA:582","UNE_DEAP_SEX_AGE_RT","SEX_M","AGE_AGGREGATE_YGE15","2024",4.039,"B",,"I11:264","R1:3513"
"EGY","BA:582","UNE_DEAP_SEX_AGE_RT","SEX_M","AGE_AGGREGATE_Y15-24","2024",11.213,"B",,"I11:264","R1:3513"
"EGY","BA:582","UNE_DEAP_SEX_AGE_RT","SEX_M","AGE_AGGREGATE_Y25-54","2024",2.843,"B",,"I11:264","R1:3513"
"EGY","BA:582","UNE_DEAP_SEX_AGE_RT","SEX_M","AGE_AGGREGATE_Y55-64","2024",1.347,"B",,"I11:264","R1:3513"
"EGY","BA:582","UNE_DEAP_SEX_AGE_RT","SEX_F","AGE_AGGREGATE_YGE15","2024",11.896,"B",,"I11:264","R1:3513"
"EGY","BA:582","UNE_DEAP_SEX_AGE_RT","SEX_F","AGE_AGGREGATE_Y15-24","2024",28.991,"B",,"I11:264","R1:3513"
"EGY","BA:582","UNE_DEAP_SEX_AGE_RT","SEX_F","AGE_AGGREGATE_Y25-54","2024",10.093,"B",,"I11:264","R1:3513"
"EGY","BA:582","UNE_DEAP_SEX_AGE_RT","SEX_F","AGE_AGGREGATE_Y55-64","2024",0.724,"U",,"I11:264","R1:3513"
"EGY","BA:582","UNE_DEAP_SEX_AGE_RT","SEX_T","AGE_10YRBANDS_YGE15","2024",5.945,"B",,"I11:264","R1:3513"
"EGY","BA:582","UNE_DEAP_SEX_AGE_RT","SEX_T","AGE_10YRBANDS_Y15-24","2024",15.254,"B",,"I11:264","R1:3513"
"EGY","BA:582","UNE_DEAP_SEX_AGE_RT","SEX_T","AGE_10YRBANDS_Y25-34","2024",8.465,"B",,"I11:264","R1:3513"
"EGY","BA:582","UNE_DEAP_SEX_AGE_RT","SEX_T","AGE_10YRBANDS_Y35-44","2024",3.244,"B",,"I11:264","R1:3513"
"EGY","BA:582","UNE_DEAP_SEX_AGE_RT","SEX_T","AGE_10YRBANDS_Y45-54","2024",1.662,"B",,"I11:264","R1:3513"
"EGY","BA:582","UNE_DEAP_SEX_AGE_RT","SEX_T","AGE_10YRBANDS_Y55-64","2024",1.198,"B",,"I11:264","R1:3513"
"EGY","BA:582","UNE_DEAP_SEX_AGE_RT","SEX_M","AGE_10YRBANDS_YGE15","2024",4.039,"B",,"I11:264","R1:3513"
"EGY","BA:582","UNE_DEAP_SEX_AGE_RT","SEX_M","AGE_10YRBANDS_Y15-24","2024",11.213,"B",,"I11:264","R1:3513"
"EGY","BA:582","UNE_DEAP_SEX_AGE_RT","SEX_M","AGE_10YRBANDS_Y25-34","2024",5.004,"B",,"I11:264","R1:3513"
"EGY","BA:582","UNE_DEAP_SEX_AGE_RT","SEX_M","AGE_10YRBANDS_Y35-44","2024",1.905,"B",,"I11:264","R1:3513"
"EGY","BA:582","UNE_DEAP_SEX_AGE_RT","SEX_M","AGE_10YRBANDS_Y45-54","2024",1.377,"B",,"I11:264","R1:3513"
"EGY","BA:582","UNE_DEAP_SEX_AGE_RT","SEX_M","AGE_10YRBANDS_Y55-64","2024",1.347,"B",,"I11:264","R1:3513"
"EGY","BA:582","UNE_DEAP_SEX_AGE_RT","SEX_F","AGE_10YRBANDS_YGE15","2024",11.896,"B",,"I11:264","R1:3513"
"EGY","BA:582","UNE_DEAP_SEX_AGE_RT","SEX_F","AGE_10YRBANDS_Y15-24","2024",28.991,"B",,"I11:264","R1:3513"
"EGY","BA:582","UNE_DEAP_SEX_AGE_RT","SEX_F","AGE_10YRBANDS_Y25-34","2024",19.185,"B",,"I11:264","R1:3513"
"EGY","BA:582","UNE_DEAP_SEX_AGE_RT","SEX_F","AGE_10YRBANDS_Y35-44","2024",7.155,"B",,"I11:264","R1:3513"
"EGY","BA:582","UNE_DEAP_SEX_AGE_RT","SEX_F","AGE_10YRBANDS_Y45-54","2024",2.568,"B",,"I11:264","R1:3513"
"EGY","BA:582","UNE_DEAP_SEX_AGE_RT","SEX_F","AGE_10YRBANDS_Y55-64","2024",0.724,"U",,"I11:264","R1:3513"
"EGY","BA:582","UNE_DEAP_SEX_AGE_RT","SEX_T","AGE_5YRBANDS_YGE15","2024",5.945,"B",,"I11:264","R1:3513"
"EGY","BA:582","UNE_DEAP_SEX_AGE_RT","SEX_T","AGE_5YRBANDS_Y15-19","2024",10.366,"B",,"I11:264","R1:3513"
"EGY","BA:582","UNE_DEAP_SEX_AGE_RT","SEX_T","AGE_5YRBANDS_Y20-24","2024",17.523,"B",,"I11:264","R1:3513"
"EGY","BA:582","UNE_DEAP_SEX_AGE_RT","SEX_T","AGE_5YRBANDS_Y25-29","2024",11.256,"B",,"I11:264","R1:3513"
"EGY","BA:582","UNE_DEAP_SEX_AGE_RT","SEX_T","AGE_5YRBANDS_Y30-34","2024",5.743,"B",,"I11:264","R1:3513"
"EGY","BA:582","UNE_DEAP_SEX_AGE_RT","SEX_T","AGE_5YRBANDS_Y35-39","2024",3.563,"B",,"I11:264","R1:3513"
"EGY","BA:582","UNE_DEAP_SEX_AGE_RT","SEX_T","AGE_5YRBANDS_Y40-44","2024",2.886,"B",,"I11:264","R1:3513"
"EGY","BA:582","UNE_DEAP_SEX_AGE_RT","SEX_T","AGE_5YRBANDS_Y45-49","2024",1.966,"B",,"I11:264","R1:3513"
"EGY","BA:582","UNE_DEAP_SEX_AGE_RT","SEX_T","AGE_5YRBANDS_Y50-54","2024",1.298,"B",,"I11:264","R1:3513"
"EGY","BA:582","UNE_DEAP_SEX_AGE_RT","SEX_T","AGE_5YRBANDS_Y55-59","2024",1.178,"B",,"I11:264","R1:3513"
"EGY","BA:582","UNE_DEAP_SEX_AGE_RT","SEX_T","AGE_5YRBANDS_Y60-64","2024",1.242,"B",,"I11:264","R1:3513"
"EGY","BA:582","UNE_DEAP_SEX_AGE_RT","SEX_M","AGE_5YRBANDS_YGE15","2024",4.039,"B",,"I11:264","R1:3513"
"EGY","BA:582","UNE_DEAP_SEX_AGE_RT","SEX_M","AGE_5YRBANDS_Y15-19","2024",9.381,"B",,"I11:264","R1:3513"
"EGY","BA:582","UNE_DEAP_SEX_AGE_RT","SEX_M","AGE_5YRBANDS_Y20-24","2024",12.144,"B",,"I11:264","R1:3513"
"EGY","BA:582","UNE_DEAP_SEX_AGE_RT","SEX_M","AGE_5YRBANDS_Y25-29","2024",6.998,"B",,"I11:264","R1:3513"
"EGY","BA:582","UNE_DEAP_SEX_AGE_RT","SEX_M","AGE_5YRBANDS_Y30-34","2024",3.091,"B",,"I11:264","R1:3513"
"EGY","BA:582","UNE_DEAP_SEX_AGE_RT","SEX_M","AGE_5YRBANDS_Y35-39","2024",1.98,"B",,"I11:264","R1:3513"
"EGY","BA:582","UNE_DEAP_SEX_AGE_RT","SEX_M","AGE_5YRBANDS_Y40-44","2024",1.822,"B",,"I11:264","R1:3513"
"EGY","BA:582","UNE_DEAP_SEX_AGE_RT","SEX_M","AGE_5YRBANDS_Y45-49","2024",1.496,"B",,"I11:264","R1:3513"
"EGY","BA:582","UNE_DEAP_SEX_AGE_RT","SEX_M","AGE_5YRBANDS_Y50-54","2024",1.235,"B",,"I11:264","R1:3513"
"EGY","BA:582","UNE_DEAP_SEX_AGE_RT","SEX_M","AGE_5YRBANDS_Y55-59","2024",1.282,"B",,"I11:264","R1:3513"
"EGY","BA:582","UNE_DEAP_SEX_AGE_RT","SEX_M","AGE_5YRBANDS_Y60-64","2024",1.487,"B",,"I11:264","R1:3513"
"EGY","BA:582","UNE_DEAP_SEX_AGE_RT","SEX_F","AGE_5YRBANDS_YGE15","2024",11.896,"B",,"I11:264","R1:3513"
"EGY","BA:582","UNE_DEAP_SEX_AGE_RT","SEX_F","AGE_5YRBANDS_Y15-19","2024",14.878,"B",,"I11:264","R1:3513"
"EGY","BA:582","UNE_DEAP_SEX_AGE_RT","SEX_F","AGE_5YRBANDS_Y20-24","2024",33.696,"B",,"I11:264","R1:3513"
"EGY","BA:582","UNE_DEAP_SEX_AGE_RT","SEX_F","AGE_5YRBANDS_Y25-29","2024",24.014,"B",,"I11:264","R1:3513"
"EGY","BA:582","UNE_DEAP_SEX_AGE_RT","SEX_F","AGE_5YRBANDS_Y30-34","2024",14.234,"B",,"I11:264","R1:3513"
"EGY","BA:582","UNE_DEAP_SEX_AGE_RT","SEX_F","AGE_5YRBANDS_Y35-39","2024",8.194,"B",,"I11:264","R1:3513"
"EGY","BA:582","UNE_DEAP_SEX_AGE_RT","SEX_F","AGE_5YRBANDS_Y40-44","2024",5.992,"B",,"I11:264","R1:3513"
"EGY","BA:582","UNE_DEAP_SEX_AGE_RT","SEX_F","AGE_5YRBANDS_Y45-49","2024",3.444,"B",,"I11:264","R1:3513"
"EGY","BA:582","UNE_DEAP_SEX_AGE_RT","SEX_F","AGE_5YRBANDS_Y50-54","2024",1.501,"B",,"I11:264","R1:3513"
"EGY","BA:582","UNE_DEAP_SEX_AGE_RT","SEX_F","AGE_5YRBANDS_Y55-59","2024",0.861,"U",,"I11:264","R1:3513"
"EGY","BA:582","UNE_DEAP_SEX_AGE_RT","SEX_F","AGE_5YRBANDS_Y60-64","2024",,"U",,"I11:264","R1:3513"
"EGY","BA:582","UNE_DEAP_SEX_AGE_RT","SEX_T","AGE_YTHADULT_YGE15","2023",6.753,,,,"R1:3513"
"EGY","BA:582","UNE_DEAP_SEX_AGE_RT","SEX_T","AGE_YTHADULT_Y15-64","2023",6.848,,,,"R1:3513"
"EGY","BA:582","UNE_DEAP_SEX_AGE_RT","SEX_T","AGE_YTHADULT_Y15-24","2023",16.912,,,,"R1:3513"
"EGY","BA:582","UNE_DEAP_SEX_AGE_RT","SEX_T","AGE_YTHADULT_YGE25","2023",5.041,,,,"R1:3513"
"EGY","BA:582","UNE_DEAP_SEX_AGE_RT","SEX_M","AGE_YTHADULT_YGE15","2023",4.617,,,,"R1:3513"
"EGY","BA:582","UNE_DEAP_SEX_AGE_RT","SEX_M","AGE_YTHADULT_Y15-64","2023",4.687,,,,"R1:3513"
"EGY","BA:582","UNE_DEAP_SEX_AGE_RT","SEX_M","AGE_YTHADULT_Y15-24","2023",12.118,,,,"R1:3513"
"EGY","BA:582","UNE_DEAP_SEX_AGE_RT","SEX_M","AGE_YTHADULT_YGE25","2023",3.326,,,,"R1:3513"
"EGY","BA:582","UNE_DEAP_SEX_AGE_RT","SEX_F","AGE_YTHADULT_YGE15","2023",15.329,,,,"R1:3513"
"EGY","BA:582","UNE_DEAP_SEX_AGE_RT","SEX_F","AGE_YTHADULT_Y15-64","2023",15.475,,,,"R1:3513"
"EGY","BA:582","UNE_DEAP_SEX_AGE_RT","SEX_F","AGE_YTHADULT_Y15-24","2023",38.042,,,,"R1:3513"
"EGY","BA:582","UNE_DEAP_SEX_AGE_RT","SEX_F","AGE_YTHADULT_YGE25","2023",11.822,,,,"R1:3513"
"EGY","BA:582","UNE_DEAP_SEX_AGE_RT","SEX_T","AGE_AGGREGATE_YGE15","2023",6.753,,,,"R1:3513"
"EGY","BA:582","UNE_DEAP_SEX_AGE_RT","SEX_T","AGE_AGGREGATE_Y15-24","2023",16.912,,,,"R1:3513"
"EGY","BA:582","UNE_DEAP_SEX_AGE_RT","SEX_T","AGE_AGGREGATE_Y25-54","2023",5.625,,,,"R1:3513"
"EGY","BA:582","UNE_DEAP_SEX_AGE_RT","SEX_T","AGE_AGGREGATE_Y55-64","2023",1.702,,,,"R1:3513"
"EGY","BA:582","UNE_DEAP_SEX_AGE_RT","SEX_M","AGE_AGGREGATE_YGE15","2023",4.617,,,,"R1:3513"
"EGY","BA:582","UNE_DEAP_SEX_AGE_RT","SEX_M","AGE_AGGREGATE_Y15-24","2023",12.118,,,,"R1:3513"
"EGY","BA:582","UNE_DEAP_SEX_AGE_RT","SEX_M","AGE_AGGREGATE_Y25-54","2023",3.606,,,,"R1:3513"
"EGY","BA:582","UNE_DEAP_SEX_AGE_RT","SEX_M","AGE_AGGREGATE_Y55-64","2023",1.921,,,,"R1:3513"
"EGY","BA:582","UNE_DEAP_SEX_AGE_RT","SEX_F","AGE_AGGREGATE_YGE15","2023",15.329,,,,"R1:3513"
"EGY","BA:582","UNE_DEAP_SEX_AGE_RT","SEX_F","AGE_AGGREGATE_Y15-24","2023",38.042,,,,"R1:3513"
"EGY","BA:582","UNE_DEAP_SEX_AGE_RT","SEX_F","AGE_AGGREGATE_Y25-54","2023",13.434,,,,"R1:3513"
"EGY","BA:582","UNE_DEAP_SEX_AGE_RT","SEX_F","AGE_AGGREGATE_Y55-64","2023",0.736,"U",,,"R1:3513"
"EGY","BA:582","UNE_DEAP_SEX_AGE_RT","SEX_T","AGE_10YRBANDS_YGE15","2023",6.753,,,,"R1:3513"
"EGY","BA:582","UNE_DEAP_SEX_AGE_RT","SEX_T","AGE_10YRBANDS_Y15-24","2023",16.912,,,,"R1:3513"
"EGY","BA:582","UNE_DEAP_SEX_AGE_RT","SEX_T","AGE_10YRBANDS_Y25-34","2023",9.831,,,,"R1:3513"
"EGY","BA:582","UNE_DEAP_SEX_AGE_RT","SEX_T","AGE_10YRBANDS_Y35-44","2023",4.22,,,,"R1:3513"
"EGY","BA:582","UNE_DEAP_SEX_AGE_RT","SEX_T","AGE_10YRBANDS_Y45-54","2023",1.964,,,,"R1:3513"
"EGY","BA:582","UNE_DEAP_SEX_AGE_RT","SEX_T","AGE_10YRBANDS_Y55-64","2023",1.702,,,,"R1:3513"
"EGY","BA:582","UNE_DEAP_SEX_AGE_RT","SEX_M","AGE_10YRBANDS_YGE15","2023",4.617,,,,"R1:3513"
"EGY","BA:582","UNE_DEAP_SEX_AGE_RT","SEX_M","AGE_10YRBANDS_Y15-24","2023",12.118,,,,"R1:3513"
"EGY","BA:582","UNE_DEAP_SEX_AGE_RT","SEX_M","AGE_10YRBANDS_Y25-34","2023",5.992,,,,"R1:3513"
"EGY","BA:582","UNE_DEAP_SEX_AGE_RT","SEX_M","AGE_10YRBANDS_Y35-44","2023",2.655,,,,"R1:3513"
"EGY","BA:582","UNE_DEAP_SEX_AGE_RT","SEX_M","AGE_10YRBANDS_Y45-54","2023",1.75,,,,"R1:3513"
"EGY","BA:582","UNE_DEAP_SEX_AGE_RT","SEX_M","AGE_10YRBANDS_Y55-64","2023",1.921,,,,"R1:3513"
"EGY","BA:582","UNE_DEAP_SEX_AGE_RT","SEX_F","AGE_10YRBANDS_YGE15","2023",15.329,,,,"R1:3513"
"EGY","BA:582","UNE_DEAP_SEX_AGE_RT","SEX_F","AGE_10YRBANDS_Y15-24","2023",38.042,,,,"R1:3513"
"EGY","BA:582","UNE_DEAP_SEX_AGE_RT","SEX_F","AGE_10YRBANDS_Y25-34","2023",24.84,,,,"R1:3513"
"EGY","BA:582","UNE_DEAP_SEX_AGE_RT","SEX_F","AGE_10YRBANDS_Y35-44","2023",10.102,,,,"R1:3513"
"EGY","BA:582","UNE_DEAP_SEX_AGE_RT","SEX_F","AGE_10YRBANDS_Y45-54","2023",2.817,,,,"R1:3513"
"EGY","BA:582","UNE_DEAP_SEX_AGE_RT","SEX_F","AGE_10YRBANDS_Y55-64","2023",0.736,"U",,,"R1:3513"
"EGY","BA:582","UNE_DEAP_SEX_AGE_RT","SEX_T","AGE_5YRBANDS_YGE15","2023",6.753,,,,"R1:3513"
"EGY","BA:582","UNE_DEAP_SEX_AGE_RT","SEX_T","AGE_5YRBANDS_Y15-19","2023",11.337,,,,"R1:3513"
"EGY","BA:582","UNE_DEAP_SEX_AGE_RT","SEX_T","AGE_5YRBANDS_Y20-24","2023",19.271,,,,"R1:3513"
"EGY","BA:582","UNE_DEAP_SEX_AGE_RT","SEX_T","AGE_5YRBANDS_Y25-29","2023",13.397,,,,"R1:3513"
"EGY","BA:582","UNE_DEAP_SEX_AGE_RT","SEX_T","AGE_5YRBANDS_Y30-34","2023",6.196,,,,"R1:3513"
"EGY","BA:582","UNE_DEAP_SEX_AGE_RT","SEX_T","AGE_5YRBANDS_Y35-39","2023",4.715,,,,"R1:3513"
"EGY","BA:582","UNE_DEAP_SEX_AGE_RT","SEX_T","AGE_5YRBANDS_Y40-44","2023",3.66,,,,"R1:3513"
"EGY","BA:582","UNE_DEAP_SEX_AGE_RT","SEX_T","AGE_5YRBANDS_Y45-49","2023",2.234,,,,"R1:3513"
"EGY","BA:582","UNE_DEAP_SEX_AGE_RT","SEX_T","AGE_5YRBANDS_Y50-54","2023",1.649,,,,"R1:3513"
"EGY","BA:582","UNE_DEAP_SEX_AGE_RT","SEX_T","AGE_5YRBANDS_Y55-59","2023",1.594,,,,"R1:3513"
"EGY","BA:582","UNE_DEAP_SEX_AGE_RT","SEX_T","AGE_5YRBANDS_Y60-64","2023",1.977,,,,"R1:3513"
"EGY","BA:582","UNE_DEAP_SEX_AGE_RT","SEX_M","AGE_5YRBANDS_YGE15","2023",4.617,,,,"R1:3513"
"EGY","BA:582","UNE_DEAP_SEX_AGE_RT","SEX_M","AGE_5YRBANDS_Y15-19","2023",10.102,,,,"R1:3513"
"EGY","BA:582","UNE_DEAP_SEX_AGE_RT","SEX_M","AGE_5YRBANDS_Y20-24","2023",13.05,,,,"R1:3513"
"EGY","BA:582","UNE_DEAP_SEX_AGE_RT","SEX_M","AGE_5YRBANDS_Y25-29","2023",8.572,,,,"R1:3513"
"EGY","BA:582","UNE_DEAP_SEX_AGE_RT","SEX_M","AGE_5YRBANDS_Y30-34","2023",3.412,,,,"R1:3513"
"EGY","BA:582","UNE_DEAP_SEX_AGE_RT","SEX_M","AGE_5YRBANDS_Y35-39","2023",2.917,,,,"R1:3513"
"EGY","BA:582","UNE_DEAP_SEX_AGE_RT","SEX_M","AGE_5YRBANDS_Y40-44","2023",2.356,,,,"R1:3513"
"EGY","BA:582","UNE_DEAP_SEX_AGE_RT","SEX_M","AGE_5YRBANDS_Y45-49","2023",1.77,,,,"R1:3513"
"EGY","BA:582","UNE_DEAP_SEX_AGE_RT","SEX_M","AGE_5YRBANDS_Y50-54","2023",1.726,,,,"R1:3513"
"EGY","BA:582","UNE_DEAP_SEX_AGE_RT","SEX_M","AGE_5YRBANDS_Y55-59","2023",1.811,,,,"R1:3513"
"EGY","BA:582","UNE_DEAP_SEX_AGE_RT","SEX_M","AGE_5YRBANDS_Y60-64","2023",2.194,,,,"R1:3513"
"EGY","BA:582","UNE_DEAP_SEX_AGE_RT","SEX_F","AGE_5YRBANDS_YGE15","2023",15.329,,,,"R1:3513"
"EGY","BA:582","UNE_DEAP_SEX_AGE_RT","SEX_F","AGE_5YRBANDS_Y15-19","2023",19.397,,,,"R1:3513"
"EGY","BA:582","UNE_DEAP_SEX_AGE_RT","SEX_F","AGE_5YRBANDS_Y20-24","2023",43.108,,,,"R1:3513"
"EGY","BA:582","UNE_DEAP_SEX_AGE_RT","SEX_F","AGE_5YRBANDS_Y25-29","2023",31.4,,,,"R1:3513"
"EGY","BA:582","UNE_DEAP_SEX_AGE_RT","SEX_F","AGE_5YRBANDS_Y30-34","2023",17.624,,,,"R1:3513"
"EGY","BA:582","UNE_DEAP_SEX_AGE_RT","SEX_F","AGE_5YRBANDS_Y35-39","2023",11.594,,,,"R1:3513"
"EGY","BA:582","UNE_DEAP_SEX_AGE_RT","SEX_F","AGE_5YRBANDS_Y40-44","2023",8.467,,,,"R1:3513"
"EGY","BA:582","UNE_DEAP_SEX_AGE_RT","SEX_F","AGE_5YRBANDS_Y45-49","2023",4.05,,,,"R1:3513"
"EGY","BA:582","UNE_DEAP_SEX_AGE_RT","SEX_F","AGE_5YRBANDS_Y50-54","2023",1.339,,,,"R1:3513"
"EGY","BA:582","UNE_DEAP_SEX_AGE_RT","SEX_F","AGE_5YRBANDS_Y55-59","2023",0.701,"U",,,"R1:3513"
"EGY","BA:582","UNE_DEAP_SEX_AGE_RT","SEX_F","AGE_5YRBANDS_Y60-64","2023",,"U",,,"R1:3513"
"EGY","BA:582","UNE_DEAP_SEX_AGE_RT","SEX_T","AGE_YTHADULT_YGE15","2022",7.344,,,,"R1:3513"
"EGY","BA:582","UNE_DEAP_SEX_AGE_RT","SEX_T","AGE_YTHADULT_Y15-64","2022",7.434,,,,"R1:3513"
"EGY","BA:582","UNE_DEAP_SEX_AGE_RT","SEX_T","AGE_YTHADULT_Y15-24","2022",18.871,,,,"R1:3513"
"EGY","BA:582","UNE_DEAP_SEX_AGE_RT","SEX_T","AGE_YTHADULT_YGE25","2022",5.425,,,,"R1:3513"
"EGY","BA:582","UNE_DEAP_SEX_AGE_RT","SEX_M","AGE_YTHADULT_YGE15","2022",5.051,,,,"R1:3513"
"EGY","BA:582","UNE_DEAP_SEX_AGE_RT","SEX_M","AGE_YTHADULT_Y15-64","2022",5.118,,,,"R1:3513"
"EGY","BA:582","UNE_DEAP_SEX_AGE_RT","SEX_M","AGE_YTHADULT_Y15-24","2022",12.946,,,,"R1:3513"
"EGY","BA:582","UNE_DEAP_SEX_AGE_RT","SEX_M","AGE_YTHADULT_YGE25","2022",3.713,,,,"R1:3513"
"EGY","BA:582","UNE_DEAP_SEX_AGE_RT","SEX_F","AGE_YTHADULT_YGE15","2022",18.516,,,,"R1:3513"
"EGY","BA:582","UNE_DEAP_SEX_AGE_RT","SEX_F","AGE_YTHADULT_Y15-64","2022",18.646,,,,"R1:3513"
"EGY","BA:582","UNE_DEAP_SEX_AGE_RT","SEX_F","AGE_YTHADULT_Y15-24","2022",50.466,,,,"R1:3513"
"EGY","BA:582","UNE_DEAP_SEX_AGE_RT","SEX_F","AGE_YTHADULT_YGE25","2022",13.642,,,,"R1:3513"
"EGY","BA:582","UNE_DEAP_SEX_AGE_RT","SEX_T","AGE_AGGREGATE_YGE15","2022",7.344,,,,"R1:3513"
"EGY","BA:582","UNE_DEAP_SEX_AGE_RT","SEX_T","AGE_AGGREGATE_Y15-24","2022",18.871,,,,"R1:3513"
"EGY","BA:582","UNE_DEAP_SEX_AGE_RT","SEX_T","AGE_AGGREGATE_Y25-54","2022",6.012,,,,"R1:3513"
"EGY","BA:582","UNE_DEAP_SEX_AGE_RT","SEX_T","AGE_AGGREGATE_Y55-64","2022",1.859,,,,"R1:3513"
"EGY","BA:582","UNE_DEAP_SEX_AGE_RT","SEX_M","AGE_AGGREGATE_YGE15","2022",5.051,,,,"R1:3513"
"EGY","BA:582","UNE_DEAP_SEX_AGE_RT","SEX_M","AGE_AGGREGATE_Y15-24","2022",12.946,,,,"R1:3513"
"EGY","BA:582","UNE_DEAP_SEX_AGE_RT","SEX_M","AGE_AGGREGATE_Y25-54","2022",4.012,,,,"R1:3513"
"EGY","BA:582","UNE_DEAP_SEX_AGE_RT","SEX_M","AGE_AGGREGATE_Y55-64","2022",2.069,,,,"R1:3513"
"EGY","BA:582","UNE_DEAP_SEX_AGE_RT","SEX_F","AGE_AGGREGATE_YGE15","2022",18.516,,,,"R1:3513"
"EGY","BA:582","UNE_DEAP_SEX_AGE_RT","SEX_F","AGE_AGGREGATE_Y15-24","2022",50.466,,,,"R1:3513"
"EGY","BA:582","UNE_DEAP_SEX_AGE_RT","SEX_F","AGE_AGGREGATE_Y25-54","2022",15.481,,,,"R1:3513"
"EGY","BA:582","UNE_DEAP_SEX_AGE_RT","SEX_F","AGE_AGGREGATE_Y55-64","2022",0.807,"U",,,"R1:3513"
"EGY","BA:582","UNE_DEAP_SEX_AGE_RT","SEX_T","AGE_10YRBANDS_YGE15","2022",7.344,,,,"R1:3513"
"EGY","BA:582","UNE_DEAP_SEX_AGE_RT","SEX_T","AGE_10YRBANDS_Y15-24","2022",18.871,,,,"R1:3513"
"EGY","BA:582","UNE_DEAP_SEX_AGE_RT","SEX_T","AGE_10YRBANDS_Y25-34","2022",10.557,,,,"R1:3513"
"EGY","BA:582","UNE_DEAP_SEX_AGE_RT","SEX_T","AGE_10YRBANDS_Y35-44","2022",4.227,,,,"R1:3513"
"EGY","BA:582","UNE_DEAP_SEX_AGE_RT","SEX_T","AGE_10YRBANDS_Y45-54","2022",2.178,,,,"R1:3513"
"EGY","BA:582","UNE_DEAP_SEX_AGE_RT","SEX_T","AGE_10YRBANDS_Y55-64","2022",1.859,,,,"R1:3513"
"EGY","BA:582","UNE_DEAP_SEX_AGE_RT","SEX_M","AGE_10YRBANDS_YGE15","2022",5.051,,,,"R1:3513"
"EGY","BA:582","UNE_DEAP_SEX_AGE_RT","SEX_M","AGE_10YRBANDS_Y15-24","2022",12.946,,,,"R1:3513"
"EGY","BA:582","UNE_DEAP_SEX_AGE_RT","SEX_M","AGE_10YRBANDS_Y25-34","2022",6.838,,,,"R1:3513"
"EGY","BA:582","UNE_DEAP_SEX_AGE_RT","SEX_M","AGE_10YRBANDS_Y35-44","2022",2.603,,,,"R1:3513"
"EGY","BA:582","UNE_DEAP_SEX_AGE_RT","SEX_M","AGE_10YRBANDS_Y45-54","2022",2.029,,,,"R1:3513"
"EGY","BA:582","UNE_DEAP_SEX_AGE_RT","SEX_M","AGE_10YRBANDS_Y55-64","2022",2.069,,,,"R1:3513"
"EGY","BA:582","UNE_DEAP_SEX_AGE_RT","SEX_F","AGE_10YRBANDS_YGE15","2022",18.516,,,,"R1:3513"
"EGY","BA:582","UNE_DEAP_SEX_AGE_RT","SEX_F","AGE_10YRBANDS_Y15-24","2022",50.466,,,,"R1:3513"
"EGY","BA:582","UNE_DEAP_SEX_AGE_RT","SEX_F","AGE_10YRBANDS_Y25-34","2022",28.689,,,,"R1:3513"
"EGY","BA:582","UNE_DEAP_SEX_AGE_RT","SEX_F","AGE_10YRBANDS_Y35-44","2022",11.725,,,,"R1:3513"
"EGY","BA:582","UNE_DEAP_SEX_AGE_RT","SEX_F","AGE_10YRBANDS_Y45-54","2022",2.882,,,,"R1:3513"
"EGY","BA:582","UNE_DEAP_SEX_AGE_RT","SEX_F","AGE_10YRBANDS_Y55-64","2022",0.807,"U",,,"R1:3513"
"EGY","BA:582","UNE_DEAP_SEX_AGE_RT","SEX_T","AGE_5YRBANDS_YGE15","2022",7.344,,,,"R1:3513"
"EGY","BA:582","UNE_DEAP_SEX_AGE_RT","SEX_T","AGE_5YRBANDS_Y15-19","2022",13.724,,,,"R1:3513"
"EGY","BA:582","UNE_DEAP_SEX_AGE_RT","SEX_T","AGE_5YRBANDS_Y20-24","2022",20.88,,,,"R1:3513"
"EGY","BA:582","UNE_DEAP_SEX_AGE_RT","SEX_T","AGE_5YRBANDS_Y25-29","2022",14.386,,,,"R1:3513"
"EGY","BA:582","UNE_DEAP_SEX_AGE_RT","SEX_T","AGE_5YRBANDS_Y30-34","2022",6.919,,,,"R1:3513"
"EGY","BA:582","UNE_DEAP_SEX_AGE_RT","SEX_T","AGE_5YRBANDS_Y35-39","2022",4.956,,,,"R1:3513"
"EGY","BA:582","UNE_DEAP_SEX_AGE_RT","SEX_T","AGE_5YRBANDS_Y40-44","2022",3.38,,,,"R1:3513"
"EGY","BA:582","UNE_DEAP_SEX_AGE_RT","SEX_T","AGE_5YRBANDS_Y45-49","2022",2.212,,,,"R1:3513"
"EGY","BA:582","UNE_DEAP_SEX_AGE_RT","SEX_T","AGE_5YRBANDS_Y50-54","2022",2.138,,,,"R1:3513"
"EGY","BA:582","UNE_DEAP_SEX_AGE_RT","SEX_T","AGE_5YRBANDS_Y55-59","2022",1.732,,,,"R1:3513"
"EGY","BA:582","UNE_DEAP_SEX_AGE_RT","SEX_T","AGE_5YRBANDS_Y60-64","2022",2.227,,,,"R1:3513"
"EGY","BA:582","UNE_DEAP_SEX_AGE_RT","SEX_M","AGE_5YRBANDS_YGE15","2022",5.051,,,,"R1:3513"
"EGY","BA:582","UNE_DEAP_SEX_AGE_RT","SEX_M","AGE_5YRBANDS_Y15-19","2022",10.675,,,,"R1:3513"
"EGY","BA:582","UNE_DEAP_SEX_AGE_RT","SEX_M","AGE_5YRBANDS_Y20-24","2022",13.921,,,,"R1:3513"
"EGY","BA:582","UNE_DEAP_SEX_AGE_RT","SEX_M","AGE_5YRBANDS_Y25-29","2022",9.766,,,,"R1:3513"
"EGY","BA:582","UNE_DEAP_SEX_AGE_RT","SEX_M","AGE_5YRBANDS_Y30-34","2022",4.146,,,,"R1:3513"
"EGY","BA:582","UNE_DEAP_SEX_AGE_RT","SEX_M","AGE_5YRBANDS_Y35-39","2022",2.797,,,,"R1:3513"
"EGY","BA:582","UNE_DEAP_SEX_AGE_RT","SEX_M","AGE_5YRBANDS_Y40-44","2022",2.377,,,,"R1:3513"
"EGY","BA:582","UNE_DEAP_SEX_AGE_RT","SEX_M","AGE_5YRBANDS_Y45-49","2022",1.924,,,,"R1:3513"
"EGY","BA:582","UNE_DEAP_SEX_AGE_RT","SEX_M","AGE_5YRBANDS_Y50-54","2022",2.155,,,,"R1:3513"
"EGY","BA:582","UNE_DEAP_SEX_AGE_RT","SEX_M","AGE_5YRBANDS_Y55-59","2022",1.916,,,,"R1:3513"
"EGY","BA:582","UNE_DEAP_SEX_AGE_RT","SEX_M","AGE_5YRBANDS_Y60-64","2022",2.466,,,,"R1:3513"
"EGY","BA:582","UNE_DEAP_SEX_AGE_RT","SEX_F","AGE_5YRBANDS_YGE15","2022",18.516,,,,"R1:3513"
"EGY","BA:582","UNE_DEAP_SEX_AGE_RT","SEX_F","AGE_5YRBANDS_Y15-19","2022",41.583,,,,"R1:3513"
"EGY","BA:582","UNE_DEAP_SEX_AGE_RT","SEX_F","AGE_5YRBANDS_Y20-24","2022",52.354,,,,"R1:3513"
"EGY","BA:582","UNE_DEAP_SEX_AGE_RT","SEX_F","AGE_5YRBANDS_Y25-29","2022",34.817,,,,"R1:3513"
"EGY","BA:582","UNE_DEAP_SEX_AGE_RT","SEX_F","AGE_5YRBANDS_Y30-34","2022",21.837,,,,"R1:3513"
"EGY","BA:582","UNE_DEAP_SEX_AGE_RT","SEX_F","AGE_5YRBANDS_Y35-39","2022",14.991,,,,"R1:3513"
"EGY","BA:582","UNE_DEAP_SEX_AGE_RT","SEX_F","AGE_5YRBANDS_Y40-44","2022",7.973,,,,"R1:3513"
"EGY","BA:582","UNE_DEAP_SEX_AGE_RT","SEX_F","AGE_5YRBANDS_Y45-49","2022",3.582,,,,"R1:3513"
"EGY","BA:582","UNE_DEAP_SEX_AGE_RT","SEX_F","AGE_5YRBANDS_Y50-54","2022",2.057,,,,"R1:3513"
"EGY","BA:582","UNE_DEAP_SEX_AGE_RT","SEX_F","AGE_5YRBANDS_Y55-59","2022",0.949,"U",,,"R1:3513"
"EGY","BA:582","UNE_DEAP_SEX_AGE_RT","SEX_F","AGE_5YRBANDS_Y60-64","2022",0,,,,"R1:3513"
"EGY","BA:582","UNE_DEAP_SEX_AGE_RT","SEX_T","AGE_YTHADULT_YGE15","2021",7.441,,,,"R1:3513"
"EGY","BA:582","UNE_DEAP_SEX_AGE_RT","SEX_T","AGE_YTHADULT_Y15-64","2021",7.558,,,,"R1:3513"
"EGY","BA:582","UNE_DEAP_SEX_AGE_RT","SEX_T","AGE_YTHADULT_Y15-24","2021",17.619,,,,"R1:3513"
"EGY","BA:582","UNE_DEAP_SEX_AGE_RT","SEX_T","AGE_YTHADULT_YGE25","2021",5.418,,,,"R1:3513"
"EGY","BA:582","UNE_DEAP_SEX_AGE_RT","SEX_M","AGE_YTHADULT_YGE15","2021",5.627,,,,"R1:3513"
"EGY","BA:582","UNE_DEAP_SEX_AGE_RT","SEX_M","AGE_YTHADULT_Y15-64","2021",5.724,,,,"R1:3513"
"EGY","BA:582","UNE_DEAP_SEX_AGE_RT","SEX_M","AGE_YTHADULT_Y15-24","2021",12.893,,,,"R1:3513"
"EGY","BA:582","UNE_DEAP_SEX_AGE_RT","SEX_M","AGE_YTHADULT_YGE25","2021",4.154,,,,"R1:3513"
"EGY","BA:582","UNE_DEAP_SEX_AGE_RT","SEX_F","AGE_YTHADULT_YGE15","2021",16.091,,,,"R1:3513"
"EGY","BA:582","UNE_DEAP_SEX_AGE_RT","SEX_F","AGE_YTHADULT_Y15-64","2021",16.223,,,,"R1:3513"
"EGY","BA:582","UNE_DEAP_SEX_AGE_RT","SEX_F","AGE_YTHADULT_Y15-24","2021",42.522,,,,"R1:3513"
"EGY","BA:582","UNE_DEAP_SEX_AGE_RT","SEX_F","AGE_YTHADULT_YGE25","2021",11.332,,,,"R1:3513"
"EGY","BA:582","UNE_DEAP_SEX_AGE_RT","SEX_T","AGE_AGGREGATE_YGE15","2021",7.441,,,,"R1:3513"
"EGY","BA:582","UNE_DEAP_SEX_AGE_RT","SEX_T","AGE_AGGREGATE_Y15-24","2021",17.619,,,,"R1:3513"
"EGY","BA:582","UNE_DEAP_SEX_AGE_RT","SEX_T","AGE_AGGREGATE_Y25-54","2021",5.955,,,,"R1:3513"
"EGY","BA:582","UNE_DEAP_SEX_AGE_RT","SEX_T","AGE_AGGREGATE_Y55-64","2021",2.328,,,,"R1:3513"
"EGY","BA:582","UNE_DEAP_SEX_AGE_RT","SEX_M","AGE_AGGREGATE_YGE15","2021",5.627,,,,"R1:3513"
"EGY","BA:582","UNE_DEAP_SEX_AGE_RT","SEX_M","AGE_AGGREGATE_Y15-24","2021",12.893,,,,"R1:3513"
"EGY","BA:582","UNE_DEAP_SEX_AGE_RT","SEX_M","AGE_AGGREGATE_Y25-54","2021",4.461,,,,"R1:3513"
"EGY","BA:582","UNE_DEAP_SEX_AGE_RT","SEX_M","AGE_AGGREGATE_Y55-64","2021",2.64,,,,"R1:3513"
"EGY","BA:582","UNE_DEAP_SEX_AGE_RT","SEX_F","AGE_AGGREGATE_YGE15","2021",16.091,,,,"R1:3513"
"EGY","BA:582","UNE_DEAP_SEX_AGE_RT","SEX_F","AGE_AGGREGATE_Y15-24","2021",42.522,,,,"R1:3513"
"EGY","BA:582","UNE_DEAP_SEX_AGE_RT","SEX_F","AGE_AGGREGATE_Y25-54","2021",12.807,,,,"R1:3513"
"EGY","BA:582","UNE_DEAP_SEX_AGE_RT","SEX_F","AGE_AGGREGATE_Y55-64","2021",0.786,"U",,,"R1:3513"
"EGY","BA:582","UNE_DEAP_SEX_AGE_RT","SEX_T","AGE_10YRBANDS_YGE15","2021",7.441,,,,"R1:3513"
"EGY","BA:582","UNE_DEAP_SEX_AGE_RT","SEX_T","AGE_10YRBANDS_Y15-24","2021",17.619,,,,"R1:3513"
"EGY","BA:582","UNE_DEAP_SEX_AGE_RT","SEX_T","AGE_10YRBANDS_Y25-34","2021",9.585,,,,"R1:3513"
"EGY","BA:582","UNE_DEAP_SEX_AGE_RT","SEX_T","AGE_10YRBANDS_Y35-44","2021",4.355,,,,"R1:3513"
"EGY","BA:582","UNE_DEAP_SEX_AGE_RT","SEX_T","AGE_10YRBANDS_Y45-54","2021",2.412,,,,"R1:3513"
"EGY","BA:582","UNE_DEAP_SEX_AGE_RT","SEX_T","AGE_10YRBANDS_Y55-64","2021",2.328,,,,"R1:3513"
"EGY","BA:582","UNE_DEAP_SEX_AGE_RT","SEX_M","AGE_10YRBANDS_YGE15","2021",5.627,,,,"R1:3513"
"EGY","BA:582","UNE_DEAP_SEX_AGE_RT","SEX_M","AGE_10YRBANDS_Y15-24","2021",12.893,,,,"R1:3513"
"EGY","BA:582","UNE_DEAP_SEX_AGE_RT","SEX_M","AGE_10YRBANDS_Y25-34","2021",6.616,,,,"R1:3513"
"EGY","BA:582","UNE_DEAP_SEX_AGE_RT","SEX_M","AGE_10YRBANDS_Y35-44","2021",3.388,,,,"R1:3513"
"EGY","BA:582","UNE_DEAP_SEX_AGE_RT","SEX_M","AGE_10YRBANDS_Y45-54","2021",2.464,,,,"R1:3513"
"EGY","BA:582","UNE_DEAP_SEX_AGE_RT","SEX_M","AGE_10YRBANDS_Y55-64","2021",2.64,,,,"R1:3513"
"EGY","BA:582","UNE_DEAP_SEX_AGE_RT","SEX_F","AGE_10YRBANDS_YGE15","2021",16.091,,,,"R1:3513"
"EGY","BA:582","UNE_DEAP_SEX_AGE_RT","SEX_F","AGE_10YRBANDS_Y15-24","2021",42.522,,,,"R1:3513"
"EGY","BA:582","UNE_DEAP_SEX_AGE_RT","SEX_F","AGE_10YRBANDS_Y25-34","2021",24.118,,,,"R1:3513"
"EGY","BA:582","UNE_DEAP_SEX_AGE_RT","SEX_F","AGE_10YRBANDS_Y35-44","2021",8.681,,,,"R1:3513"
"EGY","BA:582","UNE_DEAP_SEX_AGE_RT","SEX_F","AGE_10YRBANDS_Y45-54","2021",2.187,,,,"R1:3513"
"EGY","BA:582","UNE_DEAP_SEX_AGE_RT","SEX_F","AGE_10YRBANDS_Y55-64","2021",0.786,"U",,,"R1:3513"
"EGY","BA:582","UNE_DEAP_SEX_AGE_RT","SEX_T","AGE_5YRBANDS_YGE15","2021",7.441,,,,"R1:3513"
"EGY","BA:582","UNE_DEAP_SEX_AGE_RT","SEX_T","AGE_5YRBANDS_Y15-19","2021",12.119,,,,"R1:3513"
"EGY","BA:582","UNE_DEAP_SEX_AGE_RT","SEX_T","AGE_5YRBANDS_Y20-24","2021",19.897,,,,"R1:3513"
"EGY","BA:582","UNE_DEAP_SEX_AGE_RT","SEX_T","AGE_5YRBANDS_Y25-29","2021",12.192,,,,"R1:3513"
"EGY","BA:582","UNE_DEAP_SEX_AGE_RT","SEX_T","AGE_5YRBANDS_Y30-34","2021",6.834,,,,"R1:3513"
"EGY","BA:582","UNE_DEAP_SEX_AGE_RT","SEX_T","AGE_5YRBANDS_Y35-39","2021",5.002,,,,"R1:3513"
"EGY","BA:582","UNE_DEAP_SEX_AGE_RT","SEX_T","AGE_5YRBANDS_Y40-44","2021",3.617,,,,"R1:3513"
"EGY","BA:582","UNE_DEAP_SEX_AGE_RT","SEX_T","AGE_5YRBANDS_Y45-49","2021",2.548,,,,"R1:3513"
"EGY","BA:582","UNE_DEAP_SEX_AGE_RT","SEX_T","AGE_5YRBANDS_Y50-54","2021",2.258,,,,"R1:3513"
"EGY","BA:582","UNE_DEAP_SEX_AGE_RT","SEX_T","AGE_5YRBANDS_Y55-59","2021",2.138,,,,"R1:3513"
"EGY","BA:582","UNE_DEAP_SEX_AGE_RT","SEX_T","AGE_5YRBANDS_Y60-64","2021",2.931,,,,"R1:3513"
"EGY","BA:582","UNE_DEAP_SEX_AGE_RT","SEX_M","AGE_5YRBANDS_YGE15","2021",5.627,,,,"R1:3513"
"EGY","BA:582","UNE_DEAP_SEX_AGE_RT","SEX_M","AGE_5YRBANDS_Y15-19","2021",10.393,,,,"R1:3513"
"EGY","BA:582","UNE_DEAP_SEX_AGE_RT","SEX_M","AGE_5YRBANDS_Y20-24","2021",14.064,,,,"R1:3513"
"EGY","BA:582","UNE_DEAP_SEX_AGE_RT","SEX_M","AGE_5YRBANDS_Y25-29","2021",8.591,,,,"R1:3513"
"EGY","BA:582","UNE_DEAP_SEX_AGE_RT","SEX_M","AGE_5YRBANDS_Y30-34","2021",4.555,,,,"R1:3513"
"EGY","BA:582","UNE_DEAP_SEX_AGE_RT","SEX_M","AGE_5YRBANDS_Y35-39","2021",3.539,,,,"R1:3513"
"EGY","BA:582","UNE_DEAP_SEX_AGE_RT","SEX_M","AGE_5YRBANDS_Y40-44","2021",3.217,,,,"R1:3513"
"EGY","BA:582","UNE_DEAP_SEX_AGE_RT","SEX_M","AGE_5YRBANDS_Y45-49","2021",2.545,,,,"R1:3513"
"EGY","BA:582","UNE_DEAP_SEX_AGE_RT","SEX_M","AGE_5YRBANDS_Y50-54","2021",2.374,,,,"R1:3513"
"EGY","BA:582","UNE_DEAP_SEX_AGE_RT","SEX_M","AGE_5YRBANDS_Y55-59","2021",2.429,,,,"R1:3513"
"EGY","BA:582","UNE_DEAP_SEX_AGE_RT","SEX_M","AGE_5YRBANDS_Y60-64","2021",3.237,,,,"R1:3513"
"EGY","BA:582","UNE_DEAP_SEX_AGE_RT","SEX_F","AGE_5YRBANDS_YGE15","2021",16.091,,,,"R1:3513"
"EGY","BA:582","UNE_DEAP_SEX_AGE_RT","SEX_F","AGE_5YRBANDS_Y15-19","2021",30.955,,,,"R1:3513"
"EGY","BA:582","UNE_DEAP_SEX_AGE_RT","SEX_F","AGE_5YRBANDS_Y20-24","2021",44.629,,,,"R1:3513"
"EGY","BA:582","UNE_DEAP_SEX_AGE_RT","SEX_F","AGE_5YRBANDS_Y25-29","2021",29.251,,,,"R1:3513"
"EGY","BA:582","UNE_DEAP_SEX_AGE_RT","SEX_F","AGE_5YRBANDS_Y30-34","2021",18.385,,,,"R1:3513"
"EGY","BA:582","UNE_DEAP_SEX_AGE_RT","SEX_F","AGE_5YRBANDS_Y35-39","2021",11.483,,,,"R1:3513"
"EGY","BA:582","UNE_DEAP_SEX_AGE_RT","SEX_F","AGE_5YRBANDS_Y40-44","2021",5.427,,,,"R1:3513"
"EGY","BA:582","UNE_DEAP_SEX_AGE_RT","SEX_F","AGE_5YRBANDS_Y45-49","2021",2.563,,,,"R1:3513"
"EGY","BA:582","UNE_DEAP_SEX_AGE_RT","SEX_F","AGE_5YRBANDS_Y50-54","2021",1.746,,,,"R1:3513"
"EGY","BA:582","UNE_DEAP_SEX_AGE_RT","SEX_F","AGE_5YRBANDS_Y55-59","2021",0.908,"U",,,"R1:3513"
"EGY","BA:582","UNE_DEAP_SEX_AGE_RT","SEX_F","AGE_5YRBANDS_Y60-64","2021",0,,,,"R1:3513"
"EGY","BA:582","UNE_DEAP_SEX_AGE_RT","SEX_T","AGE_YTHADULT_YGE15","2020",7.974,,,,"R1:3513"
"EGY","BA:582","UNE_DEAP_SEX_AGE_RT","SEX_T","AGE_YTHADULT_Y15-64","2020",8.084,,,,"R1:3513"
"EGY","BA:582","UNE_DEAP_SEX_AGE_RT","SEX_T","AGE_YTHADULT_Y15-24","2020",17.436,,,,"R1:3513"
"EGY","BA:582","UNE_DEAP_SEX_AGE_RT","SEX_T","AGE_YTHADULT_YGE25","2020",5.886,,,,"R1:3513"
"EGY","BA:582","UNE_DEAP_SEX_AGE_RT","SEX_M","AGE_YTHADULT_YGE15","2020",5.981,,,,"R1:3513"
"EGY","BA:582","UNE_DEAP_SEX_AGE_RT","SEX_M","AGE_YTHADULT_Y15-64","2020",6.072,,,,"R1:3513"
"EGY","BA:582","UNE_DEAP_SEX_AGE_RT","SEX_M","AGE_YTHADULT_Y15-24","2020",12.54,,,,"R1:3513"
"EGY","BA:582","UNE_DEAP_SEX_AGE_RT","SEX_M","AGE_YTHADULT_YGE25","2020",4.511,,,,"R1:3513"
"EGY","BA:582","UNE_DEAP_SEX_AGE_RT","SEX_F","AGE_YTHADULT_YGE15","2020",17.797,,,,"R1:3513"
"EGY","BA:582","UNE_DEAP_SEX_AGE_RT","SEX_F","AGE_YTHADULT_Y15-64","2020",17.922,,,,"R1:3513"
"EGY","BA:582","UNE_DEAP_SEX_AGE_RT","SEX_F","AGE_YTHADULT_Y15-24","2020",43.57,,,,"R1:3513"
"EGY","BA:582","UNE_DEAP_SEX_AGE_RT","SEX_F","AGE_YTHADULT_YGE25","2020",12.551,,,,"R1:3513"
"EGY","BA:582","UNE_DEAP_SEX_AGE_RT","SEX_T","AGE_AGGREGATE_YGE15","2020",7.974,,,,"R1:3513"
"EGY","BA:582","UNE_DEAP_SEX_AGE_RT","SEX_T","AGE_AGGREGATE_Y15-24","2020",17.436,,,,"R1:3513"
"EGY","BA:582","UNE_DEAP_SEX_AGE_RT","SEX_T","AGE_AGGREGATE_Y25-54","2020",6.5,,,,"R1:3513"
"EGY","BA:582","UNE_DEAP_SEX_AGE_RT","SEX_T","AGE_AGGREGATE_Y55-64","2020",1.954,,,,"R1:3513"
"EGY","BA:582","UNE_DEAP_SEX_AGE_RT","SEX_M","AGE_AGGREGATE_YGE15","2020",5.981,,,,"R1:3513"
"EGY","BA:582","UNE_DEAP_SEX_AGE_RT","SEX_M","AGE_AGGREGATE_Y15-24","2020",12.54,,,,"R1:3513"
"EGY","BA:582","UNE_DEAP_SEX_AGE_RT","SEX_M","AGE_AGGREGATE_Y25-54","2020",4.904,,,,"R1:3513"
"EGY","BA:582","UNE_DEAP_SEX_AGE_RT","SEX_M","AGE_AGGREGATE_Y55-64","2020",2.183,,,,"R1:3513"
"EGY","BA:582","UNE_DEAP_SEX_AGE_RT","SEX_F","AGE_AGGREGATE_YGE15","2020",17.797,,,,"R1:3513"
"EGY","BA:582","UNE_DEAP_SEX_AGE_RT","SEX_F","AGE_AGGREGATE_Y15-24","2020",43.57,,,,"R1:3513"
"EGY","BA:582","UNE_DEAP_SEX_AGE_RT","SEX_F","AGE_AGGREGATE_Y25-54","2020",14.137,,,,"R1:3513"
"EGY","BA:582","UNE_DEAP_SEX_AGE_RT","SEX_F","AGE_AGGREGATE_Y55-64","2020",0.831,"U",,,"R1:3513"
"EGY","BA:582","UNE_DEAP_SEX_AGE_RT","SEX_T","AGE_10YRBANDS_YGE15","2020",7.974,,,,"R1:3513"
"EGY","BA:582","UNE_DEAP_SEX_AGE_RT","SEX_T","AGE_10YRBANDS_Y15-24","2020",17.436,,,,"R1:3513"
"EGY","BA:582","UNE_DEAP_SEX_AGE_RT","SEX_T","AGE_10YRBANDS_Y25-34","2020",10.137,,,,"R1:3513"
"EGY","BA:582","UNE_DEAP_SEX_AGE_RT","SEX_T","AGE_10YRBANDS_Y35-44","2020",4.658,,,,"R1:3513"
"EGY","BA:582","UNE_DEAP_SEX_AGE_RT","SEX_T","AGE_10YRBANDS_Y45-54","2020",2.728,,,,"R1:3513"
"EGY","BA:582","UNE_DEAP_SEX_AGE_RT","SEX_T","AGE_10YRBANDS_Y55-64","2020",1.954,,,,"R1:3513"
"EGY","BA:582","UNE_DEAP_SEX_AGE_RT","SEX_M","AGE_10YRBANDS_YGE15","2020",5.981,,,,"R1:3513"
"EGY","BA:582","UNE_DEAP_SEX_AGE_RT","SEX_M","AGE_10YRBANDS_Y15-24","2020",12.54,,,,"R1:3513"
"EGY","BA:582","UNE_DEAP_SEX_AGE_RT","SEX_M","AGE_10YRBANDS_Y25-34","2020",7.086,,,,"R1:3513"
"EGY","BA:582","UNE_DEAP_SEX_AGE_RT","SEX_M","AGE_10YRBANDS_Y35-44","2020",3.622,,,,"R1:3513"
"EGY","BA:582","UNE_DEAP_SEX_AGE_RT","SEX_M","AGE_10YRBANDS_Y45-54","2020",2.835,,,,"R1:3513"
"EGY","BA:582","UNE_DEAP_SEX_AGE_RT","SEX_M","AGE_10YRBANDS_Y55-64","2020",2.183,,,,"R1:3513"
"EGY","BA:582","UNE_DEAP_SEX_AGE_RT","SEX_F","AGE_10YRBANDS_YGE15","2020",17.797,,,,"R1:3513"
"EGY","BA:582","UNE_DEAP_SEX_AGE_RT","SEX_F","AGE_10YRBANDS_Y15-24","2020",43.57,,,,"R1:3513"
"EGY","BA:582","UNE_DEAP_SEX_AGE_RT","SEX_F","AGE_10YRBANDS_Y25-34","2020",25.498,,,,"R1:3513"
"EGY","BA:582","UNE_DEAP_SEX_AGE_RT","SEX_F","AGE_10YRBANDS_Y35-44","2020",9.374,,,,"R1:3513"
"EGY","BA:582","UNE_DEAP_SEX_AGE_RT","SEX_F","AGE_10YRBANDS_Y45-54","2020",2.225,,,,"R1:3513"
"EGY","BA:582","UNE_DEAP_SEX_AGE_RT","SEX_F","AGE_10YRBANDS_Y55-64","2020",0.831,"U",,,"R1:3513"
"EGY","BA:582","UNE_DEAP_SEX_AGE_RT","SEX_T","AGE_5YRBANDS_YGE15","2020",7.974,,,,"R1:3513"
"EGY","BA:582","UNE_DEAP_SEX_AGE_RT","SEX_T","AGE_5YRBANDS_Y15-19","2020",11.869,,,,"R1:3513"
"EGY","BA:582","UNE_DEAP_SEX_AGE_RT","SEX_T","AGE_5YRBANDS_Y20-24","2020",19.695,,,,"R1:3513"
"EGY","BA:582","UNE_DEAP_SEX_AGE_RT","SEX_T","AGE_5YRBANDS_Y25-29","2020",12.512,,,,"R1:3513"
"EGY","BA:582","UNE_DEAP_SEX_AGE_RT","SEX_T","AGE_5YRBANDS_Y30-34","2020",7.112,,,,"R1:3513"
"EGY","BA:582","UNE_DEAP_SEX_AGE_RT","SEX_T","AGE_5YRBANDS_Y35-39","2020",5.354,,,,"R1:3513"
"EGY","BA:582","UNE_DEAP_SEX_AGE_RT","SEX_T","AGE_5YRBANDS_Y40-44","2020",3.852,,,,"R1:3513"
"EGY","BA:582","UNE_DEAP_SEX_AGE_RT","SEX_T","AGE_5YRBANDS_Y45-49","2020",3.207,,,,"R1:3513"
"EGY","BA:582","UNE_DEAP_SEX_AGE_RT","SEX_T","AGE_5YRBANDS_Y50-54","2020",2.199,,,,"R1:3513"
"EGY","BA:582","UNE_DEAP_SEX_AGE_RT","SEX_T","AGE_5YRBANDS_Y55-59","2020",1.715,,,,"R1:3513"
"EGY","BA:582","UNE_DEAP_SEX_AGE_RT","SEX_T","AGE_5YRBANDS_Y60-64","2020",2.679,,,,"R1:3513"
"EGY","BA:582","UNE_DEAP_SEX_AGE_RT","SEX_M","AGE_5YRBANDS_YGE15","2020",5.981,,,,"R1:3513"
"EGY","BA:582","UNE_DEAP_SEX_AGE_RT","SEX_M","AGE_5YRBANDS_Y15-19","2020",9.868,,,,"R1:3513"
"EGY","BA:582","UNE_DEAP_SEX_AGE_RT","SEX_M","AGE_5YRBANDS_Y20-24","2020",13.749,,,,"R1:3513"
"EGY","BA:582","UNE_DEAP_SEX_AGE_RT","SEX_M","AGE_5YRBANDS_Y25-29","2020",8.726,,,,"R1:3513"
"EGY","BA:582","UNE_DEAP_SEX_AGE_RT","SEX_M","AGE_5YRBANDS_Y30-34","2020",5.037,,,,"R1:3513"
"EGY","BA:582","UNE_DEAP_SEX_AGE_RT","SEX_M","AGE_5YRBANDS_Y35-39","2020",3.911,,,,"R1:3513"
"EGY","BA:582","UNE_DEAP_SEX_AGE_RT","SEX_M","AGE_5YRBANDS_Y40-44","2020",3.287,,,,"R1:3513"
"EGY","BA:582","UNE_DEAP_SEX_AGE_RT","SEX_M","AGE_5YRBANDS_Y45-49","2020",3.305,,,,"R1:3513"
"EGY","BA:582","UNE_DEAP_SEX_AGE_RT","SEX_M","AGE_5YRBANDS_Y50-54","2020",2.312,,,,"R1:3513"
"EGY","BA:582","UNE_DEAP_SEX_AGE_RT","SEX_M","AGE_5YRBANDS_Y55-59","2020",1.888,,,,"R1:3513"
"EGY","BA:582","UNE_DEAP_SEX_AGE_RT","SEX_M","AGE_5YRBANDS_Y60-64","2020",2.994,,,,"R1:3513"
"EGY","BA:582","UNE_DEAP_SEX_AGE_RT","SEX_F","AGE_5YRBANDS_YGE15","2020",17.797,,,,"R1:3513"
"EGY","BA:582","UNE_DEAP_SEX_AGE_RT","SEX_F","AGE_5YRBANDS_Y15-19","2020",31.8,,,,"R1:3513"
"EGY","BA:582","UNE_DEAP_SEX_AGE_RT","SEX_F","AGE_5YRBANDS_Y20-24","2020",45.928,,,,"R1:3513"
"EGY","BA:582","UNE_DEAP_SEX_AGE_RT","SEX_F","AGE_5YRBANDS_Y25-29","2020",30.648,,,,"R1:3513"
"EGY","BA:582","UNE_DEAP_SEX_AGE_RT","SEX_F","AGE_5YRBANDS_Y30-34","2020",18.272,,,,"R1:3513"
"EGY","BA:582","UNE_DEAP_SEX_AGE_RT","SEX_F","AGE_5YRBANDS_Y35-39","2020",12.022,,,,"R1:3513"
"EGY","BA:582","UNE_DEAP_SEX_AGE_RT","SEX_F","AGE_5YRBANDS_Y40-44","2020",6.389,,,,"R1:3513"
"EGY","BA:582","UNE_DEAP_SEX_AGE_RT","SEX_F","AGE_5YRBANDS_Y45-49","2020",2.735,,,,"R1:3513"
"EGY","BA:582","UNE_DEAP_SEX_AGE_RT","SEX_F","AGE_5YRBANDS_Y50-54","2020",1.678,,,,"R1:3513"
"EGY","BA:582","UNE_DEAP_SEX_AGE_RT","SEX_F","AGE_5YRBANDS_Y55-59","2020",0.983,"U",,,"R1:3513"
"EGY","BA:582","UNE_DEAP_SEX_AGE_RT","SEX_F","AGE_5YRBANDS_Y60-64","2020",0,,,,"R1:3513"
"EGY","BA:582","UNE_DEAP_SEX_AGE_RT","SEX_T","AGE_YTHADULT_YGE15","2019",7.851,,,,"R1:3513"
"EGY","BA:582","UNE_DEAP_SEX_AGE_RT","SEX_T","AGE_YTHADULT_Y15-64","2019",7.965,,,,"R1:3513"
"EGY","BA:582","UNE_DEAP_SEX_AGE_RT","SEX_T","AGE_YTHADULT_Y15-24","2019",19.256,,,,"R1:3513"
"EGY","BA:582","UNE_DEAP_SEX_AGE_RT","SEX_T","AGE_YTHADULT_YGE25","2019",5.364,,,,"R1:3513"
"EGY","BA:582","UNE_DEAP_SEX_AGE_RT","SEX_M","AGE_YTHADULT_YGE15","2019",4.826,,,,"R1:3513"
"EGY","BA:582","UNE_DEAP_SEX_AGE_RT","SEX_M","AGE_YTHADULT_Y15-64","2019",4.902,,,,"R1:3513"
"EGY","BA:582","UNE_DEAP_SEX_AGE_RT","SEX_M","AGE_YTHADULT_Y15-24","2019",12.182,,,,"R1:3513"
"EGY","BA:582","UNE_DEAP_SEX_AGE_RT","SEX_M","AGE_YTHADULT_YGE25","2019",3.246,,,,"R1:3513"
"EGY","BA:582","UNE_DEAP_SEX_AGE_RT","SEX_F","AGE_YTHADULT_YGE15","2019",21.665,,,,"R1:3513"
"EGY","BA:582","UNE_DEAP_SEX_AGE_RT","SEX_F","AGE_YTHADULT_Y15-64","2019",21.838,,,,"R1:3513"
"EGY","BA:582","UNE_DEAP_SEX_AGE_RT","SEX_F","AGE_YTHADULT_Y15-24","2019",49.451,,,,"R1:3513"
"EGY","BA:582","UNE_DEAP_SEX_AGE_RT","SEX_F","AGE_YTHADULT_YGE25","2019",15.184,,,,"R1:3513"
"EGY","BA:582","UNE_DEAP_SEX_AGE_RT","SEX_T","AGE_AGGREGATE_YGE15","2019",7.851,,,,"R1:3513"
"EGY","BA:582","UNE_DEAP_SEX_AGE_RT","SEX_T","AGE_AGGREGATE_Y15-24","2019",19.256,,,,"R1:3513"
"EGY","BA:582","UNE_DEAP_SEX_AGE_RT","SEX_T","AGE_AGGREGATE_Y25-54","2019",6.095,,,,"R1:3513"
"EGY","BA:582","UNE_DEAP_SEX_AGE_RT","SEX_T","AGE_AGGREGATE_Y55-64","2019",0.854,,,,"R1:3513"
"EGY","BA:582","UNE_DEAP_SEX_AGE_RT","SEX_M","AGE_AGGREGATE_YGE15","2019",4.826,,,,"R1:3513"
"EGY","BA:582","UNE_DEAP_SEX_AGE_RT","SEX_M","AGE_AGGREGATE_Y15-24","2019",12.182,,,,"R1:3513"
"EGY","BA:582","UNE_DEAP_SEX_AGE_RT","SEX_M","AGE_AGGREGATE_Y25-54","2019",3.638,,,,"R1:3513"
"EGY","BA:582","UNE_DEAP_SEX_AGE_RT","SEX_M","AGE_AGGREGATE_Y55-64","2019",0.972,,,,"R1:3513"
"EGY","BA:582","UNE_DEAP_SEX_AGE_RT","SEX_F","AGE_AGGREGATE_YGE15","2019",21.665,,,,"R1:3513"
"EGY","BA:582","UNE_DEAP_SEX_AGE_RT","SEX_F","AGE_AGGREGATE_Y15-24","2019",49.451,,,,"R1:3513"
"EGY","BA:582","UNE_DEAP_SEX_AGE_RT","SEX_F","AGE_AGGREGATE_Y25-54","2019",17.243,,,,"R1:3513"
"EGY","BA:582","UNE_DEAP_SEX_AGE_RT","SEX_F","AGE_AGGREGATE_Y55-64","2019",0.256,"U",,,"R1:3513"
"EGY","BA:582","UNE_DEAP_SEX_AGE_RT","SEX_T","AGE_10YRBANDS_YGE15","2019",7.851,,,,"R1:3513"
"EGY","BA:582","UNE_DEAP_SEX_AGE_RT","SEX_T","AGE_10YRBANDS_Y15-24","2019",19.256,,,,"R1:3513"
"EGY","BA:582","UNE_DEAP_SEX_AGE_RT","SEX_T","AGE_10YRBANDS_Y25-34","2019",10.631,,,,"R1:3513"
"EGY","BA:582","UNE_DEAP_SEX_AGE_RT","SEX_T","AGE_10YRBANDS_Y35-44","2019",3.5,,,,"R1:3513"
"EGY","BA:582","UNE_DEAP_SEX_AGE_RT","SEX_T","AGE_10YRBANDS_Y45-54","2019",1.664,,,,"R1:3513"
"EGY","BA:582","UNE_DEAP_SEX_AGE_RT","SEX_T","AGE_10YRBANDS_Y55-64","2019",0.854,,,,"R1:3513"
"EGY","BA:582","UNE_DEAP_SEX_AGE_RT","SEX_M","AGE_10YRBANDS_YGE15","2019",4.826,,,,"R1:3513"
"EGY","BA:582","UNE_DEAP_SEX_AGE_RT","SEX_M","AGE_10YRBANDS_Y15-24","2019",12.182,,,,"R1:3513"
"EGY","BA:582","UNE_DEAP_SEX_AGE_RT","SEX_M","AGE_10YRBANDS_Y25-34","2019",6.248,,,,"R1:3513"
"EGY","BA:582","UNE_DEAP_SEX_AGE_RT","SEX_M","AGE_10YRBANDS_Y35-44","2019",2.006,,,,"R1:3513"
"EGY","BA:582","UNE_DEAP_SEX_AGE_RT","SEX_M","AGE_10YRBANDS_Y45-54","2019",1.26,,,,"R1:3513"
"EGY","BA:582","UNE_DEAP_SEX_AGE_RT","SEX_M","AGE_10YRBANDS_Y55-64","2019",0.972,,,,"R1:3513"
"EGY","BA:582","UNE_DEAP_SEX_AGE_RT","SEX_F","AGE_10YRBANDS_YGE15","2019",21.665,,,,"R1:3513"
"EGY","BA:582","UNE_DEAP_SEX_AGE_RT","SEX_F","AGE_10YRBANDS_Y15-24","2019",49.451,,,,"R1:3513"
"EGY","BA:582","UNE_DEAP_SEX_AGE_RT","SEX_F","AGE_10YRBANDS_Y25-34","2019",30.556,,,,"R1:3513"
"EGY","BA:582","UNE_DEAP_SEX_AGE_RT","SEX_F","AGE_10YRBANDS_Y35-44","2019",10.149,,,,"R1:3513"
"EGY","BA:582","UNE_DEAP_SEX_AGE_RT","SEX_F","AGE_10YRBANDS_Y45-54","2019",3.53,,,,"R1:3513"
"EGY","BA:582","UNE_DEAP_SEX_AGE_RT","SEX_F","AGE_10YRBANDS_Y55-64","2019",0.256,"U",,,"R1:3513"
"EGY","BA:582","UNE_DEAP_SEX_AGE_RT","SEX_T","AGE_5YRBANDS_YGE15","2019",7.851,,,,"R1:3513"
"EGY","BA:582","UNE_DEAP_SEX_AGE_RT","SEX_T","AGE_5YRBANDS_Y15-19","2019",12.858,,,,"R1:3513"
"EGY","BA:582","UNE_DEAP_SEX_AGE_RT","SEX_T","AGE_5YRBANDS_Y20-24","2019",21.78,,,,"R1:3513"
"EGY","BA:582","UNE_DEAP_SEX_AGE_RT","SEX_T","AGE_5YRBANDS_Y25-29","2019",14.005,,,,"R1:3513"
"EGY","BA:582","UNE_DEAP_SEX_AGE_RT","SEX_T","AGE_5YRBANDS_Y30-34","2019",6.247,,,,"R1:3513"
"EGY","BA:582","UNE_DEAP_SEX_AGE_RT","SEX_T","AGE_5YRBANDS_Y35-39","2019",4.306,,,,"R1:3513"
"EGY","BA:582","UNE_DEAP_SEX_AGE_RT","SEX_T","AGE_5YRBANDS_Y40-44","2019",2.587,,,,"R1:3513"
"EGY","BA:582","UNE_DEAP_SEX_AGE_RT","SEX_T","AGE_5YRBANDS_Y45-49","2019",2.122,,,,"R1:3513"
"EGY","BA:582","UNE_DEAP_SEX_AGE_RT","SEX_T","AGE_5YRBANDS_Y50-54","2019",1.149,,,,"R1:3513"
"EGY","BA:582","UNE_DEAP_SEX_AGE_RT","SEX_T","AGE_5YRBANDS_Y55-59","2019",0.814,,,,"R1:3513"
"EGY","BA:582","UNE_DEAP_SEX_AGE_RT","SEX_T","AGE_5YRBANDS_Y60-64","2019",0.971,,,,"R1:3513"
"EGY","BA:582","UNE_DEAP_SEX_AGE_RT","SEX_M","AGE_5YRBANDS_YGE15","2019",4.826,,,,"R1:3513"
"EGY","BA:582","UNE_DEAP_SEX_AGE_RT","SEX_M","AGE_5YRBANDS_Y15-19","2019",10.063,,,,"R1:3513"
"EGY","BA:582","UNE_DEAP_SEX_AGE_RT","SEX_M","AGE_5YRBANDS_Y20-24","2019",13.124,,,,"R1:3513"
"EGY","BA:582","UNE_DEAP_SEX_AGE_RT","SEX_M","AGE_5YRBANDS_Y25-29","2019",8.446,,,,"R1:3513"
"EGY","BA:582","UNE_DEAP_SEX_AGE_RT","SEX_M","AGE_5YRBANDS_Y30-34","2019",3.502,,,,"R1:3513"
"EGY","BA:582","UNE_DEAP_SEX_AGE_RT","SEX_M","AGE_5YRBANDS_Y35-39","2019",2.353,,,,"R1:3513"
"EGY","BA:582","UNE_DEAP_SEX_AGE_RT","SEX_M","AGE_5YRBANDS_Y40-44","2019",1.616,,,,"R1:3513"
"EGY","BA:582","UNE_DEAP_SEX_AGE_RT","SEX_M","AGE_5YRBANDS_Y45-49","2019",1.48,,,,"R1:3513"
"EGY","BA:582","UNE_DEAP_SEX_AGE_RT","SEX_M","AGE_5YRBANDS_Y50-54","2019",1.016,,,,"R1:3513"
"EGY","BA:582","UNE_DEAP_SEX_AGE_RT","SEX_M","AGE_5YRBANDS_Y55-59","2019",0.953,,,,"R1:3513"
"EGY","BA:582","UNE_DEAP_SEX_AGE_RT","SEX_M","AGE_5YRBANDS_Y60-64","2019",1.025,,,,"R1:3513"
"EGY","BA:582","UNE_DEAP_SEX_AGE_RT","SEX_F","AGE_5YRBANDS_YGE15","2019",21.665,,,,"R1:3513"
"EGY","BA:582","UNE_DEAP_SEX_AGE_RT","SEX_F","AGE_5YRBANDS_Y15-19","2019",33.757,,,,"R1:3513"
"EGY","BA:582","UNE_DEAP_SEX_AGE_RT","SEX_F","AGE_5YRBANDS_Y20-24","2019",52.799,,,,"R1:3513"
"EGY","BA:582","UNE_DEAP_SEX_AGE_RT","SEX_F","AGE_5YRBANDS_Y25-29","2019",37.064,,,,"R1:3513"
"EGY","BA:582","UNE_DEAP_SEX_AGE_RT","SEX_F","AGE_5YRBANDS_Y30-34","2019",20.431,,,,"R1:3513"
"EGY","BA:582","UNE_DEAP_SEX_AGE_RT","SEX_F","AGE_5YRBANDS_Y35-39","2019",12.8,,,,"R1:3513"
"EGY","BA:582","UNE_DEAP_SEX_AGE_RT","SEX_F","AGE_5YRBANDS_Y40-44","2019",7.023,,,,"R1:3513"
"EGY","BA:582","UNE_DEAP_SEX_AGE_RT","SEX_F","AGE_5YRBANDS_Y45-49","2019",5.032,,,,"R1:3513"
"EGY","BA:582","UNE_DEAP_SEX_AGE_RT","SEX_F","AGE_5YRBANDS_Y50-54","2019",1.782,,,,"R1:3513"
"EGY","BA:582","UNE_DEAP_SEX_AGE_RT","SEX_F","AGE_5YRBANDS_Y55-59","2019",0.208,"U",,,"R1:3513"
"EGY","BA:582","UNE_DEAP_SEX_AGE_RT","SEX_F","AGE_5YRBANDS_Y60-64","2019",,"U",,,"R1:3513"
"EGY","BA:582","UNE_DEAP_SEX_AGE_RT","SEX_T","AGE_YTHADULT_YGE15","2018",9.855,,,,"R1:3513"
"EGY","BA:582","UNE_DEAP_SEX_AGE_RT","SEX_T","AGE_YTHADULT_Y15-64","2018",10.008,,,,"R1:3513"
"EGY","BA:582","UNE_DEAP_SEX_AGE_RT","SEX_T","AGE_YTHADULT_Y15-24","2018",24.807,,,,"R1:3513"
"EGY","BA:582","UNE_DEAP_SEX_AGE_RT","SEX_T","AGE_YTHADULT_YGE25","2018",6.596,,,,"R1:3513"
"EGY","BA:582","UNE_DEAP_SEX_AGE_RT","SEX_M","AGE_YTHADULT_YGE15","2018",6.801,,,,"R1:3513"
"EGY","BA:582","UNE_DEAP_SEX_AGE_RT","SEX_M","AGE_YTHADULT_Y15-64","2018",6.92,,,,"R1:3513"
"EGY","BA:582","UNE_DEAP_SEX_AGE_RT","SEX_M","AGE_YTHADULT_Y15-24","2018",17.152,,,,"R1:3513"
"EGY","BA:582","UNE_DEAP_SEX_AGE_RT","SEX_M","AGE_YTHADULT_YGE25","2018",4.582,,,,"R1:3513"
"EGY","BA:582","UNE_DEAP_SEX_AGE_RT","SEX_F","AGE_YTHADULT_YGE15","2018",21.442,,,,"R1:3513"
"EGY","BA:582","UNE_DEAP_SEX_AGE_RT","SEX_F","AGE_YTHADULT_Y15-64","2018",21.608,,,,"R1:3513"
"EGY","BA:582","UNE_DEAP_SEX_AGE_RT","SEX_F","AGE_YTHADULT_Y15-24","2018",52.015,,,,"R1:3513"
"EGY","BA:582","UNE_DEAP_SEX_AGE_RT","SEX_F","AGE_YTHADULT_YGE25","2018",14.347,,,,"R1:3513"
"EGY","BA:582","UNE_DEAP_SEX_AGE_RT","SEX_T","AGE_AGGREGATE_YGE15","2018",9.855,,,,"R1:3513"
"EGY","BA:582","UNE_DEAP_SEX_AGE_RT","SEX_T","AGE_AGGREGATE_Y15-24","2018",24.807,,,,"R1:3513"
"EGY","BA:582","UNE_DEAP_SEX_AGE_RT","SEX_T","AGE_AGGREGATE_Y25-54","2018",7.611,,,,"R1:3513"
"EGY","BA:582","UNE_DEAP_SEX_AGE_RT","SEX_T","AGE_AGGREGATE_Y55-64","2018",0.705,,,,"R1:3513"
"EGY","BA:582","UNE_DEAP_SEX_AGE_RT","SEX_M","AGE_AGGREGATE_YGE15","2018",6.801,,,,"R1:3513"
"EGY","BA:582","UNE_DEAP_SEX_AGE_RT","SEX_M","AGE_AGGREGATE_Y15-24","2018",17.152,,,,"R1:3513"
"EGY","BA:582","UNE_DEAP_SEX_AGE_RT","SEX_M","AGE_AGGREGATE_Y25-54","2018",5.272,,,,"R1:3513"
"EGY","BA:582","UNE_DEAP_SEX_AGE_RT","SEX_M","AGE_AGGREGATE_Y55-64","2018",0.802,,,,"R1:3513"
"EGY","BA:582","UNE_DEAP_SEX_AGE_RT","SEX_F","AGE_AGGREGATE_YGE15","2018",21.442,,,,"R1:3513"
"EGY","BA:582","UNE_DEAP_SEX_AGE_RT","SEX_F","AGE_AGGREGATE_Y15-24","2018",52.015,,,,"R1:3513"
"EGY","BA:582","UNE_DEAP_SEX_AGE_RT","SEX_F","AGE_AGGREGATE_Y25-54","2018",16.336,,,,"R1:3513"
"EGY","BA:582","UNE_DEAP_SEX_AGE_RT","SEX_F","AGE_AGGREGATE_Y55-64","2018",0.282,"U",,,"R1:3513"
"EGY","BA:582","UNE_DEAP_SEX_AGE_RT","SEX_T","AGE_10YRBANDS_YGE15","2018",9.855,,,,"R1:3513"
"EGY","BA:582","UNE_DEAP_SEX_AGE_RT","SEX_T","AGE_10YRBANDS_Y15-24","2018",24.807,,,,"R1:3513"
"EGY","BA:582","UNE_DEAP_SEX_AGE_RT","SEX_T","AGE_10YRBANDS_Y25-34","2018",14.966,,,,"R1:3513"
"EGY","BA:582","UNE_DEAP_SEX_AGE_RT","SEX_T","AGE_10YRBANDS_Y35-44","2018",3.539,,,,"R1:3513"
"EGY","BA:582","UNE_DEAP_SEX_AGE_RT","SEX_T","AGE_10YRBANDS_Y45-54","2018",1.401,,,,"R1:3513"
"EGY","BA:582","UNE_DEAP_SEX_AGE_RT","SEX_T","AGE_10YRBANDS_Y55-64","2018",0.705,,,,"R1:3513"
"EGY","BA:582","UNE_DEAP_SEX_AGE_RT","SEX_M","AGE_10YRBANDS_YGE15","2018",6.801,,,,"R1:3513"
"EGY","BA:582","UNE_DEAP_SEX_AGE_RT","SEX_M","AGE_10YRBANDS_Y15-24","2018",17.152,,,,"R1:3513"
"EGY","BA:582","UNE_DEAP_SEX_AGE_RT","SEX_M","AGE_10YRBANDS_Y25-34","2018",10.382,,,,"R1:3513"
"EGY","BA:582","UNE_DEAP_SEX_AGE_RT","SEX_M","AGE_10YRBANDS_Y35-44","2018",2.129,,,,"R1:3513"
"EGY","BA:582","UNE_DEAP_SEX_AGE_RT","SEX_M","AGE_10YRBANDS_Y45-54","2018",1.408,,,,"R1:3513"
"EGY","BA:582","UNE_DEAP_SEX_AGE_RT","SEX_M","AGE_10YRBANDS_Y55-64","2018",0.802,,,,"R1:3513"
"EGY","BA:582","UNE_DEAP_SEX_AGE_RT","SEX_F","AGE_10YRBANDS_YGE15","2018",21.442,,,,"R1:3513"
"EGY","BA:582","UNE_DEAP_SEX_AGE_RT","SEX_F","AGE_10YRBANDS_Y15-24","2018",52.015,,,,"R1:3513"
"EGY","BA:582","UNE_DEAP_SEX_AGE_RT","SEX_F","AGE_10YRBANDS_Y25-34","2018",31.592,,,,"R1:3513"
"EGY","BA:582","UNE_DEAP_SEX_AGE_RT","SEX_F","AGE_10YRBANDS_Y35-44","2018",8.603,,,,"R1:3513"
"EGY","BA:582","UNE_DEAP_SEX_AGE_RT","SEX_F","AGE_10YRBANDS_Y45-54","2018",1.371,,,,"R1:3513"
"EGY","BA:582","UNE_DEAP_SEX_AGE_RT","SEX_F","AGE_10YRBANDS_Y55-64","2018",0.282,"U",,,"R1:3513"
"EGY","BA:582","UNE_DEAP_SEX_AGE_RT","SEX_T","AGE_5YRBANDS_YGE15","2018",9.855,,,,"R1:3513"
"EGY","BA:582","UNE_DEAP_SEX_AGE_RT","SEX_T","AGE_5YRBANDS_Y15-19","2018",15.556,,,,"R1:3513"
"EGY","BA:582","UNE_DEAP_SEX_AGE_RT","SEX_T","AGE_5YRBANDS_Y20-24","2018",28.399,,,,"R1:3513"
"EGY","BA:582","UNE_DEAP_SEX_AGE_RT","SEX_T","AGE_5YRBANDS_Y25-29","2018",19.878,,,,"R1:3513"
"EGY","BA:582","UNE_DEAP_SEX_AGE_RT","SEX_T","AGE_5YRBANDS_Y30-34","2018",8.709,,,,"R1:3513"
"EGY","BA:582","UNE_DEAP_SEX_AGE_RT","SEX_T","AGE_5YRBANDS_Y35-39","2018",4.608,,,,"R1:3513"
"EGY","BA:582","UNE_DEAP_SEX_AGE_RT","SEX_T","AGE_5YRBANDS_Y40-44","2018",2.415,,,,"R1:3513"
"EGY","BA:582","UNE_DEAP_SEX_AGE_RT","SEX_T","AGE_5YRBANDS_Y45-49","2018",1.769,,,,"R1:3513"
"EGY","BA:582","UNE_DEAP_SEX_AGE_RT","SEX_T","AGE_5YRBANDS_Y50-54","2018",1.016,,,,"R1:3513"
"EGY","BA:582","UNE_DEAP_SEX_AGE_RT","SEX_T","AGE_5YRBANDS_Y55-59","2018",0.592,,,,"R1:3513"
"EGY","BA:582","UNE_DEAP_SEX_AGE_RT","SEX_T","AGE_5YRBANDS_Y60-64","2018",1.025,,,,"R1:3513"
"EGY","BA:582","UNE_DEAP_SEX_AGE_RT","SEX_M","AGE_5YRBANDS_YGE15","2018",6.801,,,,"R1:3513"
"EGY","BA:582","UNE_DEAP_SEX_AGE_RT","SEX_M","AGE_5YRBANDS_Y15-19","2018",13.907,,,,"R1:3513"
"EGY","BA:582","UNE_DEAP_SEX_AGE_RT","SEX_M","AGE_5YRBANDS_Y20-24","2018",18.645,,,,"R1:3513"
"EGY","BA:582","UNE_DEAP_SEX_AGE_RT","SEX_M","AGE_5YRBANDS_Y25-29","2018",14.436,,,,"R1:3513"
"EGY","BA:582","UNE_DEAP_SEX_AGE_RT","SEX_M","AGE_5YRBANDS_Y30-34","2018",5.328,,,,"R1:3513"
"EGY","BA:582","UNE_DEAP_SEX_AGE_RT","SEX_M","AGE_5YRBANDS_Y35-39","2018",2.566,,,,"R1:3513"
"EGY","BA:582","UNE_DEAP_SEX_AGE_RT","SEX_M","AGE_5YRBANDS_Y40-44","2018",1.679,,,,"R1:3513"
"EGY","BA:582","UNE_DEAP_SEX_AGE_RT","SEX_M","AGE_5YRBANDS_Y45-49","2018",1.698,,,,"R1:3513"
"EGY","BA:582","UNE_DEAP_SEX_AGE_RT","SEX_M","AGE_5YRBANDS_Y50-54","2018",1.106,,,,"R1:3513"
"EGY","BA:582","UNE_DEAP_SEX_AGE_RT","SEX_M","AGE_5YRBANDS_Y55-59","2018",0.689,,,,"R1:3513"
"EGY","BA:582","UNE_DEAP_SEX_AGE_RT","SEX_M","AGE_5YRBANDS_Y60-64","2018",1.091,,,,"R1:3513"
"EGY","BA:582","UNE_DEAP_SEX_AGE_RT","SEX_F","AGE_5YRBANDS_YGE15","2018",21.442,,,,"R1:3513"
"EGY","BA:582","UNE_DEAP_SEX_AGE_RT","SEX_F","AGE_5YRBANDS_Y15-19","2018",27.583,,,,"R1:3513"
"EGY","BA:582","UNE_DEAP_SEX_AGE_RT","SEX_F","AGE_5YRBANDS_Y20-24","2018",56.45,,,,"R1:3513"
"EGY","BA:582","UNE_DEAP_SEX_AGE_RT","SEX_F","AGE_5YRBANDS_Y25-29","2018",38.754,,,,"R1:3513"
"EGY","BA:582","UNE_DEAP_SEX_AGE_RT","SEX_F","AGE_5YRBANDS_Y30-34","2018",21.7,,,,"R1:3513"
"EGY","BA:582","UNE_DEAP_SEX_AGE_RT","SEX_F","AGE_5YRBANDS_Y35-39","2018",11.646,,,,"R1:3513"
"EGY","BA:582","UNE_DEAP_SEX_AGE_RT","SEX_F","AGE_5YRBANDS_Y40-44","2018",5.181,,,,"R1:3513"
"EGY","BA:582","UNE_DEAP_SEX_AGE_RT","SEX_F","AGE_5YRBANDS_Y45-49","2018",2.054,,,,"R1:3513"
"EGY","BA:582","UNE_DEAP_SEX_AGE_RT","SEX_F","AGE_5YRBANDS_Y50-54","2018",0.646,"U",,,"R1:3513"
"EGY","BA:582","UNE_DEAP_SEX_AGE_RT","SEX_F","AGE_5YRBANDS_Y55-59","2018",,"U",,,"R1:3513"
"EGY","BA:582","UNE_DEAP_SEX_AGE_RT","SEX_F","AGE_5YRBANDS_Y60-64","2018",,"U",,,"R1:3513"
"EGY","BA:582","UNE_DEAP_SEX_AGE_RT","SEX_T","AGE_YTHADULT_YGE15","2017",11.767,,,,"R1:3513"
"EGY","BA:582","UNE_DEAP_SEX_AGE_RT","SEX_T","AGE_YTHADULT_Y15-64","2017",11.956,,,,"R1:3513"
"EGY","BA:582","UNE_DEAP_SEX_AGE_RT","SEX_T","AGE_YTHADULT_Y15-24","2017",29.605,,,,"R1:3513"
"EGY","BA:582","UNE_DEAP_SEX_AGE_RT","SEX_T","AGE_YTHADULT_YGE25","2017",6.819,,,,"R1:3513"
"EGY","BA:582","UNE_DEAP_SEX_AGE_RT","SEX_M","AGE_YTHADULT_YGE15","2017",8.246,,,,"R1:3513"
"EGY","BA:582","UNE_DEAP_SEX_AGE_RT","SEX_M","AGE_YTHADULT_Y15-64","2017",8.403,,,,"R1:3513"
"EGY","BA:582","UNE_DEAP_SEX_AGE_RT","SEX_M","AGE_YTHADULT_Y15-24","2017",25.716,,,,"R1:3513"
"EGY","BA:582","UNE_DEAP_SEX_AGE_RT","SEX_M","AGE_YTHADULT_YGE25","2017",3.95,,,,"R1:3513"
"EGY","BA:582","UNE_DEAP_SEX_AGE_RT","SEX_F","AGE_YTHADULT_YGE15","2017",23.068,,,,"R1:3513"
"EGY","BA:582","UNE_DEAP_SEX_AGE_RT","SEX_F","AGE_YTHADULT_Y15-64","2017",23.22,,,,"R1:3513"
"EGY","BA:582","UNE_DEAP_SEX_AGE_RT","SEX_F","AGE_YTHADULT_Y15-24","2017",38.389,,,,"R1:3513"
"EGY","BA:582","UNE_DEAP_SEX_AGE_RT","SEX_F","AGE_YTHADULT_YGE25","2017",17.095,,,,"R1:3513"
"EGY","BA:582","UNE_DEAP_SEX_AGE_RT","SEX_T","AGE_AGGREGATE_YGE15","2017",11.767,,,,"R1:3513"
"EGY","BA:582","UNE_DEAP_SEX_AGE_RT","SEX_T","AGE_AGGREGATE_Y15-24","2017",29.605,,,,"R1:3513"
"EGY","BA:582","UNE_DEAP_SEX_AGE_RT","SEX_T","AGE_AGGREGATE_Y25-54","2017",7.875,,,,"R1:3513"
"EGY","BA:582","UNE_DEAP_SEX_AGE_RT","SEX_T","AGE_AGGREGATE_Y55-64","2017",0.334,,,,"R1:3513"
"EGY","BA:582","UNE_DEAP_SEX_AGE_RT","SEX_M","AGE_AGGREGATE_YGE15","2017",8.246,,,,"R1:3513"
"EGY","BA:582","UNE_DEAP_SEX_AGE_RT","SEX_M","AGE_AGGREGATE_Y15-24","2017",25.716,,,,"R1:3513"
"EGY","BA:582","UNE_DEAP_SEX_AGE_RT","SEX_M","AGE_AGGREGATE_Y25-54","2017",4.575,,,,"R1:3513"
"EGY","BA:582","UNE_DEAP_SEX_AGE_RT","SEX_M","AGE_AGGREGATE_Y55-64","2017",0.394,,,,"R1:3513"
"EGY","BA:582","UNE_DEAP_SEX_AGE_RT","SEX_F","AGE_AGGREGATE_YGE15","2017",23.068,,,,"R1:3513"
"EGY","BA:582","UNE_DEAP_SEX_AGE_RT","SEX_F","AGE_AGGREGATE_Y15-24","2017",38.389,,,,"R1:3513"
"EGY","BA:582","UNE_DEAP_SEX_AGE_RT","SEX_F","AGE_AGGREGATE_Y25-54","2017",19.182,,,,"R1:3513"
"EGY","BA:582","UNE_DEAP_SEX_AGE_RT","SEX_F","AGE_AGGREGATE_Y55-64","2017",,"U",,,"R1:3513"
"EGY","BA:582","UNE_DEAP_SEX_AGE_RT","SEX_T","AGE_10YRBANDS_YGE15","2017",11.767,,,,"R1:3513"
"EGY","BA:582","UNE_DEAP_SEX_AGE_RT","SEX_T","AGE_10YRBANDS_Y15-24","2017",29.605,,,,"R1:3513"
"EGY","BA:582","UNE_DEAP_SEX_AGE_RT","SEX_T","AGE_10YRBANDS_Y25-34","2017",14.54,,,,"R1:3513"
"EGY","BA:582","UNE_DEAP_SEX_AGE_RT","SEX_T","AGE_10YRBANDS_Y35-44","2017",3.861,,,,"R1:3513"
"EGY","BA:582","UNE_DEAP_SEX_AGE_RT","SEX_T","AGE_10YRBANDS_Y45-54","2017",1.152,,,,"R1:3513"
"EGY","BA:582","UNE_DEAP_SEX_AGE_RT","SEX_T","AGE_10YRBANDS_Y55-64","2017",0.334,,,,"R1:3513"
"EGY","BA:582","UNE_DEAP_SEX_AGE_RT","SEX_M","AGE_10YRBANDS_YGE15","2017",8.246,,,,"R1:3513"
"EGY","BA:582","UNE_DEAP_SEX_AGE_RT","SEX_M","AGE_10YRBANDS_Y15-24","2017",25.716,,,,"R1:3513"
"EGY","BA:582","UNE_DEAP_SEX_AGE_RT","SEX_M","AGE_10YRBANDS_Y25-34","2017",8.97,,,,"R1:3513"
"EGY","BA:582","UNE_DEAP_SEX_AGE_RT","SEX_M","AGE_10YRBANDS_Y35-44","2017",1.514,,,,"R1:3513"
"EGY","BA:582","UNE_DEAP_SEX_AGE_RT","SEX_M","AGE_10YRBANDS_Y45-54","2017",0.898,,,,"R1:3513"
"EGY","BA:582","UNE_DEAP_SEX_AGE_RT","SEX_M","AGE_10YRBANDS_Y55-64","2017",0.394,,,,"R1:3513"
"EGY","BA:582","UNE_DEAP_SEX_AGE_RT","SEX_F","AGE_10YRBANDS_YGE15","2017",23.068,,,,"R1:3513"
"EGY","BA:582","UNE_DEAP_SEX_AGE_RT","SEX_F","AGE_10YRBANDS_Y15-24","2017",38.389,,,,"R1:3513"
"EGY","BA:582","UNE_DEAP_SEX_AGE_RT","SEX_F","AGE_10YRBANDS_Y25-34","2017",32.161,,,,"R1:3513"
"EGY","BA:582","UNE_DEAP_SEX_AGE_RT","SEX_F","AGE_10YRBANDS_Y35-44","2017",11.856,,,,"R1:3513"
"EGY","BA:582","UNE_DEAP_SEX_AGE_RT","SEX_F","AGE_10YRBANDS_Y45-54","2017",2.166,,,,"R1:3513"
"EGY","BA:582","UNE_DEAP_SEX_AGE_RT","SEX_F","AGE_10YRBANDS_Y55-64","2017",,"U",,,"R1:3513"
"EGY","BA:582","UNE_DEAP_SEX_AGE_RT","SEX_T","AGE_5YRBANDS_YGE15","2017",11.767,,,,"R1:3513"
"EGY","BA:582","UNE_DEAP_SEX_AGE_RT","SEX_T","AGE_5YRBANDS_Y15-19","2017",18.185,,,,"R1:3513"
"EGY","BA:582","UNE_DEAP_SEX_AGE_RT","SEX_T","AGE_5YRBANDS_Y20-24","2017",34.022,,,,"R1:3513"
"EGY","BA:582","UNE_DEAP_SEX_AGE_RT","SEX_T","AGE_5YRBANDS_Y25-29","2017",18.58,,,,"R1:3513"
"EGY","BA:582","UNE_DEAP_SEX_AGE_RT","SEX_T","AGE_5YRBANDS_Y30-34","2017",9.122,,,,"R1:3513"
"EGY","BA:582","UNE_DEAP_SEX_AGE_RT","SEX_T","AGE_5YRBANDS_Y35-39","2017",4.718,,,,"R1:3513"
"EGY","BA:582","UNE_DEAP_SEX_AGE_RT","SEX_T","AGE_5YRBANDS_Y40-44","2017",2.862,,,,"R1:3513"
"EGY","BA:582","UNE_DEAP_SEX_AGE_RT","SEX_T","AGE_5YRBANDS_Y45-49","2017",1.407,,,,"R1:3513"
"EGY","BA:582","UNE_DEAP_SEX_AGE_RT","SEX_T","AGE_5YRBANDS_Y50-54","2017",0.887,,,,"R1:3513"
"EGY","BA:582","UNE_DEAP_SEX_AGE_RT","SEX_T","AGE_5YRBANDS_Y55-59","2017",0.39,,,,"R1:3513"
"EGY","BA:582","UNE_DEAP_SEX_AGE_RT","SEX_T","AGE_5YRBANDS_Y60-64","2017",,"U",,,"R1:3513"
"EGY","BA:582","UNE_DEAP_SEX_AGE_RT","SEX_M","AGE_5YRBANDS_YGE15","2017",8.246,,,,"R1:3513"
"EGY","BA:582","UNE_DEAP_SEX_AGE_RT","SEX_M","AGE_5YRBANDS_Y15-19","2017",15.598,,,,"R1:3513"
"EGY","BA:582","UNE_DEAP_SEX_AGE_RT","SEX_M","AGE_5YRBANDS_Y20-24","2017",29.861,,,,"R1:3513"
"EGY","BA:582","UNE_DEAP_SEX_AGE_RT","SEX_M","AGE_5YRBANDS_Y25-29","2017",13.112,,,,"R1:3513"
"EGY","BA:582","UNE_DEAP_SEX_AGE_RT","SEX_M","AGE_5YRBANDS_Y30-34","2017",3.807,,,,"R1:3513"
"EGY","BA:582","UNE_DEAP_SEX_AGE_RT","SEX_M","AGE_5YRBANDS_Y35-39","2017",1.755,,,,"R1:3513"
"EGY","BA:582","UNE_DEAP_SEX_AGE_RT","SEX_M","AGE_5YRBANDS_Y40-44","2017",1.241,,,,"R1:3513"
"EGY","BA:582","UNE_DEAP_SEX_AGE_RT","SEX_M","AGE_5YRBANDS_Y45-49","2017",0.998,,,,"R1:3513"
"EGY","BA:582","UNE_DEAP_SEX_AGE_RT","SEX_M","AGE_5YRBANDS_Y50-54","2017",0.793,,,,"R1:3513"
"EGY","BA:582","UNE_DEAP_SEX_AGE_RT","SEX_M","AGE_5YRBANDS_Y55-59","2017",0.471,,,,"R1:3513"
"EGY","BA:582","UNE_DEAP_SEX_AGE_RT","SEX_M","AGE_5YRBANDS_Y60-64","2017",,"U",,,"R1:3513"
"EGY","BA:582","UNE_DEAP_SEX_AGE_RT","SEX_F","AGE_5YRBANDS_YGE15","2017",23.068,,,,"R1:3513"
"EGY","BA:582","UNE_DEAP_SEX_AGE_RT","SEX_F","AGE_5YRBANDS_Y15-19","2017",24.91,,,,"R1:3513"
"EGY","BA:582","UNE_DEAP_SEX_AGE_RT","SEX_F","AGE_5YRBANDS_Y20-24","2017",42.942,,,,"R1:3513"
"EGY","BA:582","UNE_DEAP_SEX_AGE_RT","SEX_F","AGE_5YRBANDS_Y25-29","2017",33.819,,,,"R1:3513"
"EGY","BA:582","UNE_DEAP_SEX_AGE_RT","SEX_F","AGE_5YRBANDS_Y30-34","2017",29.341,,,,"R1:3513"
"EGY","BA:582","UNE_DEAP_SEX_AGE_RT","SEX_F","AGE_5YRBANDS_Y35-39","2017",14.316,,,,"R1:3513"
"EGY","BA:582","UNE_DEAP_SEX_AGE_RT","SEX_F","AGE_5YRBANDS_Y40-44","2017",8.732,,,,"R1:3513"
"EGY","BA:582","UNE_DEAP_SEX_AGE_RT","SEX_F","AGE_5YRBANDS_Y45-49","2017",3.095,,,,"R1:3513"
"EGY","BA:582","UNE_DEAP_SEX_AGE_RT","SEX_F","AGE_5YRBANDS_Y50-54","2017",1.252,"U",,,"R1:3513"
"EGY","BA:582","UNE_DEAP_SEX_AGE_RT","SEX_F","AGE_5YRBANDS_Y55-59","2017",,"U",,,"R1:3513"
"EGY","BA:582","UNE_DEAP_SEX_AGE_RT","SEX_F","AGE_5YRBANDS_Y60-64","2017",,"U",,,"R1:3513"
"EGY","BA:582","UNE_DEAP_SEX_AGE_RT","SEX_T","AGE_YTHADULT_YGE15","2016",12.45,"B",,"I11:264","R1:3513"
"EGY","BA:582","UNE_DEAP_SEX_AGE_RT","SEX_T","AGE_YTHADULT_Y15-64","2016",12.655,"B",,"I11:264","R1:3513"
"EGY","BA:582","UNE_DEAP_SEX_AGE_RT","SEX_T","AGE_YTHADULT_Y15-24","2016",30.88,"B",,"I11:264","R1:3513"
"EGY","BA:582","UNE_DEAP_SEX_AGE_RT","SEX_T","AGE_YTHADULT_YGE25","2016",7.183,"B",,"I11:264","R1:3513"
"EGY","BA:582","UNE_DEAP_SEX_AGE_RT","SEX_M","AGE_YTHADULT_YGE15","2016",8.88,"B",,"I11:264","R1:3513"
"EGY","BA:582","UNE_DEAP_SEX_AGE_RT","SEX_M","AGE_YTHADULT_Y15-64","2016",9.052,"B",,"I11:264","R1:3513"
"EGY","BA:582","UNE_DEAP_SEX_AGE_RT","SEX_M","AGE_YTHADULT_Y15-24","2016",27.297,"B",,"I11:264","R1:3513"
"EGY","BA:582","UNE_DEAP_SEX_AGE_RT","SEX_M","AGE_YTHADULT_YGE25","2016",4.264,"B",,"I11:264","R1:3513"
"EGY","BA:582","UNE_DEAP_SEX_AGE_RT","SEX_F","AGE_YTHADULT_YGE15","2016",23.639,"B",,"I11:264","R1:3513"
"EGY","BA:582","UNE_DEAP_SEX_AGE_RT","SEX_F","AGE_YTHADULT_Y15-64","2016",23.809,"B",,"I11:264","R1:3513"
"EGY","BA:582","UNE_DEAP_SEX_AGE_RT","SEX_F","AGE_YTHADULT_Y15-24","2016",38.615,"B",,"I11:264","R1:3513"
"EGY","BA:582","UNE_DEAP_SEX_AGE_RT","SEX_F","AGE_YTHADULT_YGE25","2016",17.497,"B",,"I11:264","R1:3513"
"EGY","BA:582","UNE_DEAP_SEX_AGE_RT","SEX_T","AGE_AGGREGATE_YGE15","2016",12.45,"B",,"I11:264","R1:3513"
"EGY","BA:582","UNE_DEAP_SEX_AGE_RT","SEX_T","AGE_AGGREGATE_Y15-24","2016",30.88,"B",,"I11:264","R1:3513"
"EGY","BA:582","UNE_DEAP_SEX_AGE_RT","SEX_T","AGE_AGGREGATE_Y25-54","2016",8.177,"B",,"I11:264","R1:3513"
"EGY","BA:582","UNE_DEAP_SEX_AGE_RT","SEX_T","AGE_AGGREGATE_Y55-64","2016",1.139,"B",,"I11:264","R1:3513"
"EGY","BA:582","UNE_DEAP_SEX_AGE_RT","SEX_M","AGE_AGGREGATE_YGE15","2016",8.88,"B",,"I11:264","R1:3513"
"EGY","BA:582","UNE_DEAP_SEX_AGE_RT","SEX_M","AGE_AGGREGATE_Y15-24","2016",27.297,"B",,"I11:264","R1:3513"
"EGY","BA:582","UNE_DEAP_SEX_AGE_RT","SEX_M","AGE_AGGREGATE_Y25-54","2016",4.841,"B",,"I11:264","R1:3513"
"EGY","BA:582","UNE_DEAP_SEX_AGE_RT","SEX_M","AGE_AGGREGATE_Y55-64","2016",1.08,"B",,"I11:264","R1:3513"
"EGY","BA:582","UNE_DEAP_SEX_AGE_RT","SEX_F","AGE_AGGREGATE_YGE15","2016",23.639,"B",,"I11:264","R1:3513"
"EGY","BA:582","UNE_DEAP_SEX_AGE_RT","SEX_F","AGE_AGGREGATE_Y15-24","2016",38.615,"B",,"I11:264","R1:3513"
"EGY","BA:582","UNE_DEAP_SEX_AGE_RT","SEX_F","AGE_AGGREGATE_Y25-54","2016",19.437,"B",,"I11:264","R1:3513"
"EGY","BA:582","UNE_DEAP_SEX_AGE_RT","SEX_F","AGE_AGGREGATE_Y55-64","2016",1.406,"B",,"I11:264","R1:3513"
"EGY","BA:582","UNE_DEAP_SEX_AGE_RT","SEX_T","AGE_10YRBANDS_YGE15","2016",12.45,"B",,"I11:264","R1:3513"
"EGY","BA:582","UNE_DEAP_SEX_AGE_RT","SEX_T","AGE_10YRBANDS_Y15-24","2016",30.88,"B",,"I11:264","R1:3513"
"EGY","BA:582","UNE_DEAP_SEX_AGE_RT","SEX_T","AGE_10YRBANDS_Y25-34","2016",14.523,"B",,"I11:264","R1:3513"
"EGY","BA:582","UNE_DEAP_SEX_AGE_RT","SEX_T","AGE_10YRBANDS_Y35-44","2016",4.624,"B",,"I11:264","R1:3513"
"EGY","BA:582","UNE_DEAP_SEX_AGE_RT","SEX_T","AGE_10YRBANDS_Y45-54","2016",1.459,"B",,"I11:264","R1:3513"
"EGY","BA:582","UNE_DEAP_SEX_AGE_RT","SEX_T","AGE_10YRBANDS_Y55-64","2016",1.139,"B",,"I11:264","R1:3513"
"EGY","BA:582","UNE_DEAP_SEX_AGE_RT","SEX_M","AGE_10YRBANDS_YGE15","2016",8.88,"B",,"I11:264","R1:3513"
"EGY","BA:582","UNE_DEAP_SEX_AGE_RT","SEX_M","AGE_10YRBANDS_Y15-24","2016",27.297,"B",,"I11:264","R1:3513"
"EGY","BA:582","UNE_DEAP_SEX_AGE_RT","SEX_M","AGE_10YRBANDS_Y25-34","2016",9.121,"B",,"I11:264","R1:3513"
"EGY","BA:582","UNE_DEAP_SEX_AGE_RT","SEX_M","AGE_10YRBANDS_Y35-44","2016",1.956,"B",,"I11:264","R1:3513"
"EGY","BA:582","UNE_DEAP_SEX_AGE_RT","SEX_M","AGE_10YRBANDS_Y45-54","2016",1.188,"B",,"I11:264","R1:3513"
"EGY","BA:582","UNE_DEAP_SEX_AGE_RT","SEX_M","AGE_10YRBANDS_Y55-64","2016",1.08,"B",,"I11:264","R1:3513"
"EGY","BA:582","UNE_DEAP_SEX_AGE_RT","SEX_F","AGE_10YRBANDS_YGE15","2016",23.639,"B",,"I11:264","R1:3513"
"EGY","BA:582","UNE_DEAP_SEX_AGE_RT","SEX_F","AGE_10YRBANDS_Y15-24","2016",38.615,"B",,"I11:264","R1:3513"
"EGY","BA:582","UNE_DEAP_SEX_AGE_RT","SEX_F","AGE_10YRBANDS_Y25-34","2016",31.262,"B",,"I11:264","R1:3513"
"EGY","BA:582","UNE_DEAP_SEX_AGE_RT","SEX_F","AGE_10YRBANDS_Y35-44","2016",13.459,"B",,"I11:264","R1:3513"
"EGY","BA:582","UNE_DEAP_SEX_AGE_RT","SEX_F","AGE_10YRBANDS_Y45-54","2016",2.56,"B",,"I11:264","R1:3513"
"EGY","BA:582","UNE_DEAP_SEX_AGE_RT","SEX_F","AGE_10YRBANDS_Y55-64","2016",1.406,"B",,"I11:264","R1:3513"
"EGY","BA:582","UNE_DEAP_SEX_AGE_RT","SEX_T","AGE_5YRBANDS_YGE15","2016",12.45,"B",,"I11:264","R1:3513"
"EGY","BA:582","UNE_DEAP_SEX_AGE_RT","SEX_T","AGE_5YRBANDS_Y15-19","2016",21.49,"B",,"I11:264","R1:3513"
"EGY","BA:582","UNE_DEAP_SEX_AGE_RT","SEX_T","AGE_5YRBANDS_Y20-24","2016",34.7,"B",,"I11:264","R1:3513"
"EGY","BA:582","UNE_DEAP_SEX_AGE_RT","SEX_T","AGE_5YRBANDS_Y25-29","2016",18.755,"B",,"I11:264","R1:3513"
"EGY","BA:582","UNE_DEAP_SEX_AGE_RT","SEX_T","AGE_5YRBANDS_Y30-34","2016",8.839,"B",,"I11:264","R1:3513"
"EGY","BA:582","UNE_DEAP_SEX_AGE_RT","SEX_T","AGE_5YRBANDS_Y35-39","2016",5.94,"B",,"I11:264","R1:3513"
"EGY","BA:582","UNE_DEAP_SEX_AGE_RT","SEX_T","AGE_5YRBANDS_Y40-44","2016",3.176,"B",,"I11:264","R1:3513"
"EGY","BA:582","UNE_DEAP_SEX_AGE_RT","SEX_T","AGE_5YRBANDS_Y45-49","2016",1.984,"B",,"I11:264","R1:3513"
"EGY","BA:582","UNE_DEAP_SEX_AGE_RT","SEX_T","AGE_5YRBANDS_Y50-54","2016",0.944,"B",,"I11:264","R1:3513"
"EGY","BA:582","UNE_DEAP_SEX_AGE_RT","SEX_T","AGE_5YRBANDS_Y55-59","2016",1.343,"B",,"I11:264","R1:3513"
"EGY","BA:582","UNE_DEAP_SEX_AGE_RT","SEX_T","AGE_5YRBANDS_Y60-64","2016",0.661,"B",,"I11:264","R1:3513"
"EGY","BA:582","UNE_DEAP_SEX_AGE_RT","SEX_M","AGE_5YRBANDS_YGE15","2016",8.88,"B",,"I11:264","R1:3513"
"EGY","BA:582","UNE_DEAP_SEX_AGE_RT","SEX_M","AGE_5YRBANDS_Y15-19","2016",19.078,"B",,"I11:264","R1:3513"
"EGY","BA:582","UNE_DEAP_SEX_AGE_RT","SEX_M","AGE_5YRBANDS_Y20-24","2016",30.798,"B",,"I11:264","R1:3513"
"EGY","BA:582","UNE_DEAP_SEX_AGE_RT","SEX_M","AGE_5YRBANDS_Y25-29","2016",13.288,"B",,"I11:264","R1:3513"
"EGY","BA:582","UNE_DEAP_SEX_AGE_RT","SEX_M","AGE_5YRBANDS_Y30-34","2016",3.957,"B",,"I11:264","R1:3513"
"EGY","BA:582","UNE_DEAP_SEX_AGE_RT","SEX_M","AGE_5YRBANDS_Y35-39","2016",2.45,"B",,"I11:264","R1:3513"
"EGY","BA:582","UNE_DEAP_SEX_AGE_RT","SEX_M","AGE_5YRBANDS_Y40-44","2016",1.423,"B",,"I11:264","R1:3513"
"EGY","BA:582","UNE_DEAP_SEX_AGE_RT","SEX_M","AGE_5YRBANDS_Y45-49","2016",1.366,"B",,"I11:264","R1:3513"
"EGY","BA:582","UNE_DEAP_SEX_AGE_RT","SEX_M","AGE_5YRBANDS_Y50-54","2016",1.008,"B",,"I11:264","R1:3513"
"EGY","BA:582","UNE_DEAP_SEX_AGE_RT","SEX_M","AGE_5YRBANDS_Y55-59","2016",1.281,"B",,"I11:264","R1:3513"
"EGY","BA:582","UNE_DEAP_SEX_AGE_RT","SEX_M","AGE_5YRBANDS_Y60-64","2016",0.646,"B",,"I11:264","R1:3513"
"EGY","BA:582","UNE_DEAP_SEX_AGE_RT","SEX_F","AGE_5YRBANDS_YGE15","2016",23.639,"B",,"I11:264","R1:3513"
"EGY","BA:582","UNE_DEAP_SEX_AGE_RT","SEX_F","AGE_5YRBANDS_Y15-19","2016",27.281,"B",,"I11:264","R1:3513"
"EGY","BA:582","UNE_DEAP_SEX_AGE_RT","SEX_F","AGE_5YRBANDS_Y20-24","2016",42.778,"B",,"I11:264","R1:3513"
"EGY","BA:582","UNE_DEAP_SEX_AGE_RT","SEX_F","AGE_5YRBANDS_Y25-29","2016",33.54,"B",,"I11:264","R1:3513"
"EGY","BA:582","UNE_DEAP_SEX_AGE_RT","SEX_F","AGE_5YRBANDS_Y30-34","2016",27.311,"B",,"I11:264","R1:3513"
"EGY","BA:582","UNE_DEAP_SEX_AGE_RT","SEX_F","AGE_5YRBANDS_Y35-39","2016",17.065,"B",,"I11:264","R1:3513"
"EGY","BA:582","UNE_DEAP_SEX_AGE_RT","SEX_F","AGE_5YRBANDS_Y40-44","2016",9.236,"B",,"I11:264","R1:3513"
"EGY","BA:582","UNE_DEAP_SEX_AGE_RT","SEX_F","AGE_5YRBANDS_Y45-49","2016",4.719,"B",,"I11:264","R1:3513"
"EGY","BA:582","UNE_DEAP_SEX_AGE_RT","SEX_F","AGE_5YRBANDS_Y50-54","2016",0.707,"B",,"I11:264","R1:3513"
"EGY","BA:582","UNE_DEAP_SEX_AGE_RT","SEX_F","AGE_5YRBANDS_Y55-59","2016",1.586,"B",,"I11:264","R1:3513"
"EGY","BA:582","UNE_DEAP_SEX_AGE_RT","SEX_F","AGE_5YRBANDS_Y60-64","2016",,"U",,"I11:264","R1:3513"
"EGY","BA:582","UNE_DEAP_SEX_AGE_RT","SEX_T","AGE_YTHADULT_YGE15","2015",13.052,,,,"R1:3513"
"EGY","BA:582","UNE_DEAP_SEX_AGE_RT","SEX_T","AGE_YTHADULT_Y15-64","2015",13.226,,,,"R1:3513"
"EGY","BA:582","UNE_DEAP_SEX_AGE_RT","SEX_T","AGE_YTHADULT_Y15-24","2015",31.559,,,,"R1:3513"
"EGY","BA:582","UNE_DEAP_SEX_AGE_RT","SEX_T","AGE_YTHADULT_YGE25","2015",7.669,,,,"R1:3513"
"EGY","BA:582","UNE_DEAP_SEX_AGE_RT","SEX_M","AGE_YTHADULT_YGE15","2015",9.392,,,,"R1:3513"
"EGY","BA:582","UNE_DEAP_SEX_AGE_RT","SEX_M","AGE_YTHADULT_Y15-64","2015",9.543,,,,"R1:3513"
"EGY","BA:582","UNE_DEAP_SEX_AGE_RT","SEX_M","AGE_YTHADULT_Y15-24","2015",28.472,,,,"R1:3513"
"EGY","BA:582","UNE_DEAP_SEX_AGE_RT","SEX_M","AGE_YTHADULT_YGE25","2015",4.551,,,,"R1:3513"
"EGY","BA:582","UNE_DEAP_SEX_AGE_RT","SEX_F","AGE_YTHADULT_YGE15","2015",24.814,,,,"R1:3513"
"EGY","BA:582","UNE_DEAP_SEX_AGE_RT","SEX_F","AGE_YTHADULT_Y15-64","2015",24.931,,,,"R1:3513"
"EGY","BA:582","UNE_DEAP_SEX_AGE_RT","SEX_F","AGE_YTHADULT_Y15-24","2015",38.271,,,,"R1:3513"
"EGY","BA:582","UNE_DEAP_SEX_AGE_RT","SEX_F","AGE_YTHADULT_YGE25","2015",19.07,,,,"R1:3513"
"EGY","BA:582","UNE_DEAP_SEX_AGE_RT","SEX_T","AGE_AGGREGATE_YGE15","2015",13.052,,,,"R1:3513"
"EGY","BA:582","UNE_DEAP_SEX_AGE_RT","SEX_T","AGE_AGGREGATE_Y15-24","2015",31.559,,,,"R1:3513"
"EGY","BA:582","UNE_DEAP_SEX_AGE_RT","SEX_T","AGE_AGGREGATE_Y25-54","2015",8.711,,,,"R1:3513"
"EGY","BA:582","UNE_DEAP_SEX_AGE_RT","SEX_T","AGE_AGGREGATE_Y55-64","2015",0.608,,,,"R1:3513"
"EGY","BA:582","UNE_DEAP_SEX_AGE_RT","SEX_M","AGE_AGGREGATE_YGE15","2015",9.392,,,,"R1:3513"
"EGY","BA:582","UNE_DEAP_SEX_AGE_RT","SEX_M","AGE_AGGREGATE_Y15-24","2015",28.472,,,,"R1:3513"
"EGY","BA:582","UNE_DEAP_SEX_AGE_RT","SEX_M","AGE_AGGREGATE_Y25-54","2015",5.18,,,,"R1:3513"
"EGY","BA:582","UNE_DEAP_SEX_AGE_RT","SEX_M","AGE_AGGREGATE_Y55-64","2015",0.703,,,,"R1:3513"
"EGY","BA:582","UNE_DEAP_SEX_AGE_RT","SEX_F","AGE_AGGREGATE_YGE15","2015",24.814,,,,"R1:3513"
"EGY","BA:582","UNE_DEAP_SEX_AGE_RT","SEX_F","AGE_AGGREGATE_Y15-24","2015",38.271,,,,"R1:3513"
"EGY","BA:582","UNE_DEAP_SEX_AGE_RT","SEX_F","AGE_AGGREGATE_Y25-54","2015",20.962,,,,"R1:3513"
"EGY","BA:582","UNE_DEAP_SEX_AGE_RT","SEX_F","AGE_AGGREGATE_Y55-64","2015",,"U",,,"R1:3513"
"EGY","BA:582","UNE_DEAP_SEX_AGE_RT","SEX_T","AGE_10YRBANDS_YGE15","2015",13.052,,,,"R1:3513"
"EGY","BA:582","UNE_DEAP_SEX_AGE_RT","SEX_T","AGE_10YRBANDS_Y15-24","2015",31.559,,,,"R1:3513"
"EGY","BA:582","UNE_DEAP_SEX_AGE_RT","SEX_T","AGE_10YRBANDS_Y25-34","2015",15.397,,,,"R1:3513"
"EGY","BA:582","UNE_DEAP_SEX_AGE_RT","SEX_T","AGE_10YRBANDS_Y35-44","2015",4.774,,,,"R1:3513"
"EGY","BA:582","UNE_DEAP_SEX_AGE_RT","SEX_T","AGE_10YRBANDS_Y45-54","2015",1.918,,,,"R1:3513"
"EGY","BA:582","UNE_DEAP_SEX_AGE_RT","SEX_T","AGE_10YRBANDS_Y55-64","2015",0.608,,,,"R1:3513"
"EGY","BA:582","UNE_DEAP_SEX_AGE_RT","SEX_M","AGE_10YRBANDS_YGE15","2015",9.392,,,,"R1:3513"
"EGY","BA:582","UNE_DEAP_SEX_AGE_RT","SEX_M","AGE_10YRBANDS_Y15-24","2015",28.472,,,,"R1:3513"
"EGY","BA:582","UNE_DEAP_SEX_AGE_RT","SEX_M","AGE_10YRBANDS_Y25-34","2015",9.636,,,,"R1:3513"
"EGY","BA:582","UNE_DEAP_SEX_AGE_RT","SEX_M","AGE_10YRBANDS_Y35-44","2015",2.126,,,,"R1:3513"
"EGY","BA:582","UNE_DEAP_SEX_AGE_RT","SEX_M","AGE_10YRBANDS_Y45-54","2015",1.544,,,,"R1:3513"
"EGY","BA:582","UNE_DEAP_SEX_AGE_RT","SEX_M","AGE_10YRBANDS_Y55-64","2015",0.703,,,,"R1:3513"
"EGY","BA:582","UNE_DEAP_SEX_AGE_RT","SEX_F","AGE_10YRBANDS_YGE15","2015",24.814,,,,"R1:3513"
"EGY","BA:582","UNE_DEAP_SEX_AGE_RT","SEX_F","AGE_10YRBANDS_Y15-24","2015",38.271,,,,"R1:3513"
"EGY","BA:582","UNE_DEAP_SEX_AGE_RT","SEX_F","AGE_10YRBANDS_Y25-34","2015",33.037,,,,"R1:3513"
"EGY","BA:582","UNE_DEAP_SEX_AGE_RT","SEX_F","AGE_10YRBANDS_Y35-44","2015",14.354,,,,"R1:3513"
"EGY","BA:582","UNE_DEAP_SEX_AGE_RT","SEX_F","AGE_10YRBANDS_Y45-54","2015",3.474,,,,"R1:3513"
"EGY","BA:582","UNE_DEAP_SEX_AGE_RT","SEX_F","AGE_10YRBANDS_Y55-64","2015",,"U",,,"R1:3513"
"EGY","BA:582","UNE_DEAP_SEX_AGE_RT","SEX_T","AGE_5YRBANDS_YGE15","2015",13.052,,,,"R1:3513"
"EGY","BA:582","UNE_DEAP_SEX_AGE_RT","SEX_T","AGE_5YRBANDS_Y15-19","2015",23.357,,,,"R1:3513"
"EGY","BA:582","UNE_DEAP_SEX_AGE_RT","SEX_T","AGE_5YRBANDS_Y20-24","2015",34.937,,,,"R1:3513"
"EGY","BA:582","UNE_DEAP_SEX_AGE_RT","SEX_T","AGE_5YRBANDS_Y25-29","2015",19.448,,,,"R1:3513"
"EGY","BA:582","UNE_DEAP_SEX_AGE_RT","SEX_T","AGE_5YRBANDS_Y30-34","2015",10.089,,,,"R1:3513"
"EGY","BA:582","UNE_DEAP_SEX_AGE_RT","SEX_T","AGE_5YRBANDS_Y35-39","2015",5.164,,,,"R1:3513"
"EGY","BA:582","UNE_DEAP_SEX_AGE_RT","SEX_T","AGE_5YRBANDS_Y40-44","2015",4.34,,,,"R1:3513"
"EGY","BA:582","UNE_DEAP_SEX_AGE_RT","SEX_T","AGE_5YRBANDS_Y45-49","2015",1.713,,,,"R1:3513"
"EGY","BA:582","UNE_DEAP_SEX_AGE_RT","SEX_T","AGE_5YRBANDS_Y50-54","2015",2.13,,,,"R1:3513"
"EGY","BA:582","UNE_DEAP_SEX_AGE_RT","SEX_T","AGE_5YRBANDS_Y55-59","2015",0.627,,,,"R1:3513"
"EGY","BA:582","UNE_DEAP_SEX_AGE_RT","SEX_T","AGE_5YRBANDS_Y60-64","2015",0.557,,,,"R1:3513"
"EGY","BA:582","UNE_DEAP_SEX_AGE_RT","SEX_M","AGE_5YRBANDS_YGE15","2015",9.392,,,,"R1:3513"
"EGY","BA:582","UNE_DEAP_SEX_AGE_RT","SEX_M","AGE_5YRBANDS_Y15-19","2015",20.594,,,,"R1:3513"
"EGY","BA:582","UNE_DEAP_SEX_AGE_RT","SEX_M","AGE_5YRBANDS_Y20-24","2015",31.81,,,,"R1:3513"
"EGY","BA:582","UNE_DEAP_SEX_AGE_RT","SEX_M","AGE_5YRBANDS_Y25-29","2015",13.665,,,,"R1:3513"
"EGY","BA:582","UNE_DEAP_SEX_AGE_RT","SEX_M","AGE_5YRBANDS_Y30-34","2015",4.622,,,,"R1:3513"
"EGY","BA:582","UNE_DEAP_SEX_AGE_RT","SEX_M","AGE_5YRBANDS_Y35-39","2015",1.825,,,,"R1:3513"
"EGY","BA:582","UNE_DEAP_SEX_AGE_RT","SEX_M","AGE_5YRBANDS_Y40-44","2015",2.463,,,,"R1:3513"
"EGY","BA:582","UNE_DEAP_SEX_AGE_RT","SEX_M","AGE_5YRBANDS_Y45-49","2015",1.226,,,,"R1:3513"
"EGY","BA:582","UNE_DEAP_SEX_AGE_RT","SEX_M","AGE_5YRBANDS_Y50-54","2015",1.874,,,,"R1:3513"
"EGY","BA:582","UNE_DEAP_SEX_AGE_RT","SEX_M","AGE_5YRBANDS_Y55-59","2015",0.74,,,,"R1:3513"
"EGY","BA:582","UNE_DEAP_SEX_AGE_RT","SEX_M","AGE_5YRBANDS_Y60-64","2015",0.621,,,,"R1:3513"
"EGY","BA:582","UNE_DEAP_SEX_AGE_RT","SEX_F","AGE_5YRBANDS_YGE15","2015",24.814,,,,"R1:3513"
"EGY","BA:582","UNE_DEAP_SEX_AGE_RT","SEX_F","AGE_5YRBANDS_Y15-19","2015",29.77,,,,"R1:3513"
"EGY","BA:582","UNE_DEAP_SEX_AGE_RT","SEX_F","AGE_5YRBANDS_Y20-24","2015",41.557,,,,"R1:3513"
"EGY","BA:582","UNE_DEAP_SEX_AGE_RT","SEX_F","AGE_5YRBANDS_Y25-29","2015",35.651,,,,"R1:3513"
"EGY","BA:582","UNE_DEAP_SEX_AGE_RT","SEX_F","AGE_5YRBANDS_Y30-34","2015",29.017,,,,"R1:3513"
"EGY","BA:582","UNE_DEAP_SEX_AGE_RT","SEX_F","AGE_5YRBANDS_Y35-39","2015",17.415,,,,"R1:3513"
"EGY","BA:582","UNE_DEAP_SEX_AGE_RT","SEX_F","AGE_5YRBANDS_Y40-44","2015",11.018,,,,"R1:3513"
"EGY","BA:582","UNE_DEAP_SEX_AGE_RT","SEX_F","AGE_5YRBANDS_Y45-49","2015",3.764,,,,"R1:3513"
"EGY","BA:582","UNE_DEAP_SEX_AGE_RT","SEX_F","AGE_5YRBANDS_Y50-54","2015",3.181,,,,"R1:3513"
"EGY","BA:582","UNE_DEAP_SEX_AGE_RT","SEX_F","AGE_5YRBANDS_Y55-59","2015",,"U",,,"R1:3513"
"EGY","BA:582","UNE_DEAP_SEX_AGE_RT","SEX_F","AGE_5YRBANDS_Y60-64","2015",0,,,,"R1:3513"
"EGY","BA:582","UNE_DEAP_SEX_AGE_RT","SEX_T","AGE_YTHADULT_YGE15","2014",13.105,,,,"R1:3513"
"EGY","BA:582","UNE_DEAP_SEX_AGE_RT","SEX_T","AGE_YTHADULT_Y15-64","2014",13.333,,,,"R1:3513"
"EGY","BA:582","UNE_DEAP_SEX_AGE_RT","SEX_T","AGE_YTHADULT_Y15-24","2014",32.235,,,,"R1:3513"
"EGY","BA:582","UNE_DEAP_SEX_AGE_RT","SEX_T","AGE_YTHADULT_YGE25","2014",8.565,,,,"R1:3513"
"EGY","BA:582","UNE_DEAP_SEX_AGE_RT","SEX_M","AGE_YTHADULT_YGE15","2014",9.73,,,,"R1:3513"
"EGY","BA:582","UNE_DEAP_SEX_AGE_RT","SEX_M","AGE_YTHADULT_Y15-64","2014",9.937,,,,"R1:3513"
"EGY","BA:582","UNE_DEAP_SEX_AGE_RT","SEX_M","AGE_YTHADULT_Y15-24","2014",27.226,,,,"R1:3513"
"EGY","BA:582","UNE_DEAP_SEX_AGE_RT","SEX_M","AGE_YTHADULT_YGE25","2014",5.573,,,,"R1:3513"
"EGY","BA:582","UNE_DEAP_SEX_AGE_RT","SEX_F","AGE_YTHADULT_YGE15","2014",23.997,,,,"R1:3513"
"EGY","BA:582","UNE_DEAP_SEX_AGE_RT","SEX_F","AGE_YTHADULT_Y15-64","2014",24.117,,,,"R1:3513"
"EGY","BA:582","UNE_DEAP_SEX_AGE_RT","SEX_F","AGE_YTHADULT_Y15-24","2014",48.452,,,,"R1:3513"
"EGY","BA:582","UNE_DEAP_SEX_AGE_RT","SEX_F","AGE_YTHADULT_YGE25","2014",18.21,,,,"R1:3513"
"EGY","BA:582","UNE_DEAP_SEX_AGE_RT","SEX_T","AGE_AGGREGATE_YGE15","2014",13.105,,,,"R1:3513"
"EGY","BA:582","UNE_DEAP_SEX_AGE_RT","SEX_T","AGE_AGGREGATE_Y15-24","2014",32.235,,,,"R1:3513"
"EGY","BA:582","UNE_DEAP_SEX_AGE_RT","SEX_T","AGE_AGGREGATE_Y25-54","2014",9.788,,,,"R1:3513"
"EGY","BA:582","UNE_DEAP_SEX_AGE_RT","SEX_T","AGE_AGGREGATE_Y55-64","2014",1.006,,,,"R1:3513"
"EGY","BA:582","UNE_DEAP_SEX_AGE_RT","SEX_M","AGE_AGGREGATE_YGE15","2014",9.73,,,,"R1:3513"
"EGY","BA:582","UNE_DEAP_SEX_AGE_RT","SEX_M","AGE_AGGREGATE_Y15-24","2014",27.226,,,,"R1:3513"
"EGY","BA:582","UNE_DEAP_SEX_AGE_RT","SEX_M","AGE_AGGREGATE_Y25-54","2014",6.417,,,,"R1:3513"
"EGY","BA:582","UNE_DEAP_SEX_AGE_RT","SEX_M","AGE_AGGREGATE_Y55-64","2014",1.057,,,,"R1:3513"
"EGY","BA:582","UNE_DEAP_SEX_AGE_RT","SEX_F","AGE_AGGREGATE_YGE15","2014",23.997,,,,"R1:3513"
"EGY","BA:582","UNE_DEAP_SEX_AGE_RT","SEX_F","AGE_AGGREGATE_Y15-24","2014",48.452,,,,"R1:3513"
"EGY","BA:582","UNE_DEAP_SEX_AGE_RT","SEX_F","AGE_AGGREGATE_Y25-54","2014",19.881,,,,"R1:3513"
"EGY","BA:582","UNE_DEAP_SEX_AGE_RT","SEX_F","AGE_AGGREGATE_Y55-64","2014",0.747,"U",,,"R1:3513"
"EGY","BA:582","UNE_DEAP_SEX_AGE_RT","SEX_T","AGE_10YRBANDS_YGE15","2014",13.105,,,,"R1:3513"
"EGY","BA:582","UNE_DEAP_SEX_AGE_RT","SEX_T","AGE_10YRBANDS_Y15-24","2014",32.235,,,,"R1:3513"
"EGY","BA:582","UNE_DEAP_SEX_AGE_RT","SEX_T","AGE_10YRBANDS_Y25-34","2014",15.712,,,,"R1:3513"
"EGY","BA:582","UNE_DEAP_SEX_AGE_RT","SEX_T","AGE_10YRBANDS_Y35-44","2014",7.822,,,,"R1:3513"
"EGY","BA:582","UNE_DEAP_SEX_AGE_RT","SEX_T","AGE_10YRBANDS_Y45-54","2014",3.901,,,,"R1:3513"
"EGY","BA:582","UNE_DEAP_SEX_AGE_RT","SEX_T","AGE_10YRBANDS_Y55-64","2014",1.006,,,,"R1:3513"
"EGY","BA:582","UNE_DEAP_SEX_AGE_RT","SEX_M","AGE_10YRBANDS_YGE15","2014",9.73,,,,"R1:3513"
"EGY","BA:582","UNE_DEAP_SEX_AGE_RT","SEX_M","AGE_10YRBANDS_Y15-24","2014",27.226,,,,"R1:3513"
"EGY","BA:582","UNE_DEAP_SEX_AGE_RT","SEX_M","AGE_10YRBANDS_Y25-34","2014",9.659,,,,"R1:3513"
"EGY","BA:582","UNE_DEAP_SEX_AGE_RT","SEX_M","AGE_10YRBANDS_Y35-44","2014",5.634,,,,"R1:3513"
"EGY","BA:582","UNE_DEAP_SEX_AGE_RT","SEX_M","AGE_10YRBANDS_Y45-54","2014",3.192,,,,"R1:3513"
"EGY","BA:582","UNE_DEAP_SEX_AGE_RT","SEX_M","AGE_10YRBANDS_Y55-64","2014",1.057,,,,"R1:3513"
"EGY","BA:582","UNE_DEAP_SEX_AGE_RT","SEX_F","AGE_10YRBANDS_YGE15","2014",23.997,,,,"R1:3513"
"EGY","BA:582","UNE_DEAP_SEX_AGE_RT","SEX_F","AGE_10YRBANDS_Y15-24","2014",48.452,,,,"R1:3513"
"EGY","BA:582","UNE_DEAP_SEX_AGE_RT","SEX_F","AGE_10YRBANDS_Y25-34","2014",31.1,,,,"R1:3513"
"EGY","BA:582","UNE_DEAP_SEX_AGE_RT","SEX_F","AGE_10YRBANDS_Y35-44","2014",14.745,,,,"R1:3513"
"EGY","BA:582","UNE_DEAP_SEX_AGE_RT","SEX_F","AGE_10YRBANDS_Y45-54","2014",6.44,,,,"R1:3513"
"EGY","BA:582","UNE_DEAP_SEX_AGE_RT","SEX_F","AGE_10YRBANDS_Y55-64","2014",0.747,"U",,,"R1:3513"
"EGY","BA:582","UNE_DEAP_SEX_AGE_RT","SEX_T","AGE_5YRBANDS_YGE15","2014",13.105,,,,"R1:3513"
"EGY","BA:582","UNE_DEAP_SEX_AGE_RT","SEX_T","AGE_5YRBANDS_Y15-19","2014",28.416,,,,"R1:3513"
"EGY","BA:582","UNE_DEAP_SEX_AGE_RT","SEX_T","AGE_5YRBANDS_Y20-24","2014",33.842,,,,"R1:3513"
"EGY","BA:582","UNE_DEAP_SEX_AGE_RT","SEX_T","AGE_5YRBANDS_Y25-29","2014",18.603,,,,"R1:3513"
"EGY","BA:582","UNE_DEAP_SEX_AGE_RT","SEX_T","AGE_5YRBANDS_Y30-34","2014",12.717,,,,"R1:3513"
"EGY","BA:582","UNE_DEAP_SEX_AGE_RT","SEX_T","AGE_5YRBANDS_Y35-39","2014",5.464,,,,"R1:3513"
"EGY","BA:582","UNE_DEAP_SEX_AGE_RT","SEX_T","AGE_5YRBANDS_Y40-44","2014",10.321,,,,"R1:3513"
"EGY","BA:582","UNE_DEAP_SEX_AGE_RT","SEX_T","AGE_5YRBANDS_Y45-49","2014",2.406,,,,"R1:3513"
"EGY","BA:582","UNE_DEAP_SEX_AGE_RT","SEX_T","AGE_5YRBANDS_Y50-54","2014",5.491,,,,"R1:3513"
"EGY","BA:582","UNE_DEAP_SEX_AGE_RT","SEX_T","AGE_5YRBANDS_Y55-59","2014",1.137,,,,"R1:3513"
"EGY","BA:582","UNE_DEAP_SEX_AGE_RT","SEX_T","AGE_5YRBANDS_Y60-64","2014",0.678,,,,"R1:3513"
"EGY","BA:582","UNE_DEAP_SEX_AGE_RT","SEX_M","AGE_5YRBANDS_YGE15","2014",9.73,,,,"R1:3513"
"EGY","BA:582","UNE_DEAP_SEX_AGE_RT","SEX_M","AGE_5YRBANDS_Y15-19","2014",24.495,,,,"R1:3513"
"EGY","BA:582","UNE_DEAP_SEX_AGE_RT","SEX_M","AGE_5YRBANDS_Y20-24","2014",28.405,,,,"R1:3513"
"EGY","BA:582","UNE_DEAP_SEX_AGE_RT","SEX_M","AGE_5YRBANDS_Y25-29","2014",11.431,,,,"R1:3513"
"EGY","BA:582","UNE_DEAP_SEX_AGE_RT","SEX_M","AGE_5YRBANDS_Y30-34","2014",7.753,,,,"R1:3513"
"EGY","BA:582","UNE_DEAP_SEX_AGE_RT","SEX_M","AGE_5YRBANDS_Y35-39","2014",2.418,,,,"R1:3513"
"EGY","BA:582","UNE_DEAP_SEX_AGE_RT","SEX_M","AGE_5YRBANDS_Y40-44","2014",9.177,,,,"R1:3513"
"EGY","BA:582","UNE_DEAP_SEX_AGE_RT","SEX_M","AGE_5YRBANDS_Y45-49","2014",1.901,,,,"R1:3513"
"EGY","BA:582","UNE_DEAP_SEX_AGE_RT","SEX_M","AGE_5YRBANDS_Y50-54","2014",4.609,,,,"R1:3513"
"EGY","BA:582","UNE_DEAP_SEX_AGE_RT","SEX_M","AGE_5YRBANDS_Y55-59","2014",1.182,,,,"R1:3513"
"EGY","BA:582","UNE_DEAP_SEX_AGE_RT","SEX_M","AGE_5YRBANDS_Y60-64","2014",0.769,,,,"R1:3513"
"EGY","BA:582","UNE_DEAP_SEX_AGE_RT","SEX_F","AGE_5YRBANDS_YGE15","2014",23.997,,,,"R1:3513"
"EGY","BA:582","UNE_DEAP_SEX_AGE_RT","SEX_F","AGE_5YRBANDS_Y15-19","2014",42.159,,,,"R1:3513"
"EGY","BA:582","UNE_DEAP_SEX_AGE_RT","SEX_F","AGE_5YRBANDS_Y20-24","2014",50.882,,,,"R1:3513"
"EGY","BA:582","UNE_DEAP_SEX_AGE_RT","SEX_F","AGE_5YRBANDS_Y25-29","2014",38.115,,,,"R1:3513"
"EGY","BA:582","UNE_DEAP_SEX_AGE_RT","SEX_F","AGE_5YRBANDS_Y30-34","2014",24.508,,,,"R1:3513"
"EGY","BA:582","UNE_DEAP_SEX_AGE_RT","SEX_F","AGE_5YRBANDS_Y35-39","2014",15.906,,,,"R1:3513"
"EGY","BA:582","UNE_DEAP_SEX_AGE_RT","SEX_F","AGE_5YRBANDS_Y40-44","2014",13.657,,,,"R1:3513"
"EGY","BA:582","UNE_DEAP_SEX_AGE_RT","SEX_F","AGE_5YRBANDS_Y45-49","2014",4.346,,,,"R1:3513"
"EGY","BA:582","UNE_DEAP_SEX_AGE_RT","SEX_F","AGE_5YRBANDS_Y50-54","2014",8.431,,,,"R1:3513"
"EGY","BA:582","UNE_DEAP_SEX_AGE_RT","SEX_F","AGE_5YRBANDS_Y55-59","2014",0.938,"U",,,"R1:3513"
"EGY","BA:582","UNE_DEAP_SEX_AGE_RT","SEX_F","AGE_5YRBANDS_Y60-64","2014",0,,,,"R1:3513"
"EGY","BA:582","UNE_DEAP_SEX_AGE_RT","SEX_T","AGE_YTHADULT_YGE15","2013",13.154,,,,"R1:3513"
"EGY","BA:582","UNE_DEAP_SEX_AGE_RT","SEX_T","AGE_YTHADULT_Y15-64","2013",13.384,,,,"R1:3513"
"EGY","BA:582","UNE_DEAP_SEX_AGE_RT","SEX_T","AGE_YTHADULT_Y15-24","2013",34.109,,,,"R1:3513"
"EGY","BA:582","UNE_DEAP_SEX_AGE_RT","SEX_T","AGE_YTHADULT_YGE25","2013",7.967,,,,"R1:3513"
"EGY","BA:582","UNE_DEAP_SEX_AGE_RT","SEX_M","AGE_YTHADULT_YGE15","2013",9.796,,,,"R1:3513"
"EGY","BA:582","UNE_DEAP_SEX_AGE_RT","SEX_M","AGE_YTHADULT_Y15-64","2013",9.996,,,,"R1:3513"
"EGY","BA:582","UNE_DEAP_SEX_AGE_RT","SEX_M","AGE_YTHADULT_Y15-24","2013",28.632,,,,"R1:3513"
"EGY","BA:582","UNE_DEAP_SEX_AGE_RT","SEX_M","AGE_YTHADULT_YGE25","2013",5.14,,,,"R1:3513"
"EGY","BA:582","UNE_DEAP_SEX_AGE_RT","SEX_F","AGE_YTHADULT_YGE15","2013",24.166,,,,"R1:3513"
"EGY","BA:582","UNE_DEAP_SEX_AGE_RT","SEX_F","AGE_YTHADULT_Y15-64","2013",24.366,,,,"R1:3513"
"EGY","BA:582","UNE_DEAP_SEX_AGE_RT","SEX_F","AGE_YTHADULT_Y15-24","2013",52.008,,,,"R1:3513"
"EGY","BA:582","UNE_DEAP_SEX_AGE_RT","SEX_F","AGE_YTHADULT_YGE25","2013",17.251,,,,"R1:3513"
"EGY","BA:582","UNE_DEAP_SEX_AGE_RT","SEX_T","AGE_AGGREGATE_YGE15","2013",13.154,,,,"R1:3513"
"EGY","BA:582","UNE_DEAP_SEX_AGE_RT","SEX_T","AGE_AGGREGATE_Y15-24","2013",34.109,,,,"R1:3513"
"EGY","BA:582","UNE_DEAP_SEX_AGE_RT","SEX_T","AGE_AGGREGATE_Y25-54","2013",9.136,,,,"R1:3513"
"EGY","BA:582","UNE_DEAP_SEX_AGE_RT","SEX_T","AGE_AGGREGATE_Y55-64","2013",0.61,,,,"R1:3513"
"EGY","BA:582","UNE_DEAP_SEX_AGE_RT","SEX_M","AGE_AGGREGATE_YGE15","2013",9.796,,,,"R1:3513"
"EGY","BA:582","UNE_DEAP_SEX_AGE_RT","SEX_M","AGE_AGGREGATE_Y15-24","2013",28.632,,,,"R1:3513"
"EGY","BA:582","UNE_DEAP_SEX_AGE_RT","SEX_M","AGE_AGGREGATE_Y25-54","2013",5.942,,,,"R1:3513"
"EGY","BA:582","UNE_DEAP_SEX_AGE_RT","SEX_M","AGE_AGGREGATE_Y55-64","2013",0.691,,,,"R1:3513"
"EGY","BA:582","UNE_DEAP_SEX_AGE_RT","SEX_F","AGE_AGGREGATE_YGE15","2013",24.166,,,,"R1:3513"
"EGY","BA:582","UNE_DEAP_SEX_AGE_RT","SEX_F","AGE_AGGREGATE_Y15-24","2013",52.008,,,,"R1:3513"
"EGY","BA:582","UNE_DEAP_SEX_AGE_RT","SEX_F","AGE_AGGREGATE_Y25-54","2013",18.926,,,,"R1:3513"
"EGY","BA:582","UNE_DEAP_SEX_AGE_RT","SEX_F","AGE_AGGREGATE_Y55-64","2013",,"U",,,"R1:3513"
"EGY","BA:582","UNE_DEAP_SEX_AGE_RT","SEX_T","AGE_10YRBANDS_YGE15","2013",13.154,,,,"R1:3513"
"EGY","BA:582","UNE_DEAP_SEX_AGE_RT","SEX_T","AGE_10YRBANDS_Y15-24","2013",34.109,,,,"R1:3513"
"EGY","BA:582","UNE_DEAP_SEX_AGE_RT","SEX_T","AGE_10YRBANDS_Y25-34","2013",15.636,,,,"R1:3513"
"EGY","BA:582","UNE_DEAP_SEX_AGE_RT","SEX_T","AGE_10YRBANDS_Y35-44","2013",6.003,,,,"R1:3513"
"EGY","BA:582","UNE_DEAP_SEX_AGE_RT","SEX_T","AGE_10YRBANDS_Y45-54","2013",3.318,,,,"R1:3513"
"EGY","BA:582","UNE_DEAP_SEX_AGE_RT","SEX_T","AGE_10YRBANDS_Y55-64","2013",0.61,,,,"R1:3513"
"EGY","BA:582","UNE_DEAP_SEX_AGE_RT","SEX_M","AGE_10YRBANDS_YGE15","2013",9.796,,,,"R1:3513"
"EGY","BA:582","UNE_DEAP_SEX_AGE_RT","SEX_M","AGE_10YRBANDS_Y15-24","2013",28.632,,,,"R1:3513"
"EGY","BA:582","UNE_DEAP_SEX_AGE_RT","SEX_M","AGE_10YRBANDS_Y25-34","2013",8.498,,,,"R1:3513"
"EGY","BA:582","UNE_DEAP_SEX_AGE_RT","SEX_M","AGE_10YRBANDS_Y35-44","2013",5.293,,,,"R1:3513"
"EGY","BA:582","UNE_DEAP_SEX_AGE_RT","SEX_M","AGE_10YRBANDS_Y45-54","2013",3.236,,,,"R1:3513"
"EGY","BA:582","UNE_DEAP_SEX_AGE_RT","SEX_M","AGE_10YRBANDS_Y55-64","2013",0.691,,,,"R1:3513"
"EGY","BA:582","UNE_DEAP_SEX_AGE_RT","SEX_F","AGE_10YRBANDS_YGE15","2013",24.166,,,,"R1:3513"
"EGY","BA:582","UNE_DEAP_SEX_AGE_RT","SEX_F","AGE_10YRBANDS_Y15-24","2013",52.008,,,,"R1:3513"
"EGY","BA:582","UNE_DEAP_SEX_AGE_RT","SEX_F","AGE_10YRBANDS_Y25-34","2013",34.243,,,,"R1:3513"
"EGY","BA:582","UNE_DEAP_SEX_AGE_RT","SEX_F","AGE_10YRBANDS_Y35-44","2013",8.415,,,,"R1:3513"
"EGY","BA:582","UNE_DEAP_SEX_AGE_RT","SEX_F","AGE_10YRBANDS_Y45-54","2013",3.604,,,,"R1:3513"
"EGY","BA:582","UNE_DEAP_SEX_AGE_RT","SEX_F","AGE_10YRBANDS_Y55-64","2013",,"U",,,"R1:3513"
"EGY","BA:582","UNE_DEAP_SEX_AGE_RT","SEX_T","AGE_5YRBANDS_YGE15","2013",13.154,,,,"R1:3513"
"EGY","BA:582","UNE_DEAP_SEX_AGE_RT","SEX_T","AGE_5YRBANDS_Y15-19","2013",25.628,,,,"R1:3513"
"EGY","BA:582","UNE_DEAP_SEX_AGE_RT","SEX_T","AGE_5YRBANDS_Y20-24","2013",37.341,,,,"R1:3513"
"EGY","BA:582","UNE_DEAP_SEX_AGE_RT","SEX_T","AGE_5YRBANDS_Y25-29","2013",19.872,,,,"R1:3513"
"EGY","BA:582","UNE_DEAP_SEX_AGE_RT","SEX_T","AGE_5YRBANDS_Y30-34","2013",10.897,,,,"R1:3513"
"EGY","BA:582","UNE_DEAP_SEX_AGE_RT","SEX_T","AGE_5YRBANDS_Y35-39","2013",6.213,,,,"R1:3513"
"EGY","BA:582","UNE_DEAP_SEX_AGE_RT","SEX_T","AGE_5YRBANDS_Y40-44","2013",5.766,,,,"R1:3513"
"EGY","BA:582","UNE_DEAP_SEX_AGE_RT","SEX_T","AGE_5YRBANDS_Y45-49","2013",2.561,,,,"R1:3513"
"EGY","BA:582","UNE_DEAP_SEX_AGE_RT","SEX_T","AGE_5YRBANDS_Y50-54","2013",4.183,,,,"R1:3513"
"EGY","BA:582","UNE_DEAP_SEX_AGE_RT","SEX_T","AGE_5YRBANDS_Y55-59","2013",0.8,,,,"R1:3513"
"EGY","BA:582","UNE_DEAP_SEX_AGE_RT","SEX_T","AGE_5YRBANDS_Y60-64","2013",,"U",,,"R1:3513"
"EGY","BA:582","UNE_DEAP_SEX_AGE_RT","SEX_M","AGE_5YRBANDS_YGE15","2013",9.796,,,,"R1:3513"
"EGY","BA:582","UNE_DEAP_SEX_AGE_RT","SEX_M","AGE_5YRBANDS_Y15-19","2013",21.102,,,,"R1:3513"
"EGY","BA:582","UNE_DEAP_SEX_AGE_RT","SEX_M","AGE_5YRBANDS_Y20-24","2013",31.661,,,,"R1:3513"
"EGY","BA:582","UNE_DEAP_SEX_AGE_RT","SEX_M","AGE_5YRBANDS_Y25-29","2013",10.607,,,,"R1:3513"
"EGY","BA:582","UNE_DEAP_SEX_AGE_RT","SEX_M","AGE_5YRBANDS_Y30-34","2013",6.122,,,,"R1:3513"
"EGY","BA:582","UNE_DEAP_SEX_AGE_RT","SEX_M","AGE_5YRBANDS_Y35-39","2013",4.62,,,,"R1:3513"
"EGY","BA:582","UNE_DEAP_SEX_AGE_RT","SEX_M","AGE_5YRBANDS_Y40-44","2013",6.067,,,,"R1:3513"
"EGY","BA:582","UNE_DEAP_SEX_AGE_RT","SEX_M","AGE_5YRBANDS_Y45-49","2013",2.726,,,,"R1:3513"
"EGY","BA:582","UNE_DEAP_SEX_AGE_RT","SEX_M","AGE_5YRBANDS_Y50-54","2013",3.817,,,,"R1:3513"
"EGY","BA:582","UNE_DEAP_SEX_AGE_RT","SEX_M","AGE_5YRBANDS_Y55-59","2013",0.929,,,,"R1:3513"
"EGY","BA:582","UNE_DEAP_SEX_AGE_RT","SEX_M","AGE_5YRBANDS_Y60-64","2013",,"U",,,"R1:3513"
"EGY","BA:582","UNE_DEAP_SEX_AGE_RT","SEX_F","AGE_5YRBANDS_YGE15","2013",24.166,,,,"R1:3513"
"EGY","BA:582","UNE_DEAP_SEX_AGE_RT","SEX_F","AGE_5YRBANDS_Y15-19","2013",43.302,,,,"R1:3513"
"EGY","BA:582","UNE_DEAP_SEX_AGE_RT","SEX_F","AGE_5YRBANDS_Y20-24","2013",54.758,,,,"R1:3513"
"EGY","BA:582","UNE_DEAP_SEX_AGE_RT","SEX_F","AGE_5YRBANDS_Y25-29","2013",44.339,,,,"R1:3513"
"EGY","BA:582","UNE_DEAP_SEX_AGE_RT","SEX_F","AGE_5YRBANDS_Y30-34","2013",23.169,,,,"R1:3513"
"EGY","BA:582","UNE_DEAP_SEX_AGE_RT","SEX_F","AGE_5YRBANDS_Y35-39","2013",11.797,,,,"R1:3513"
"EGY","BA:582","UNE_DEAP_SEX_AGE_RT","SEX_F","AGE_5YRBANDS_Y40-44","2013",4.778,,,,"R1:3513"
"EGY","BA:582","UNE_DEAP_SEX_AGE_RT","SEX_F","AGE_5YRBANDS_Y45-49","2013",1.987,,,,"R1:3513"
"EGY","BA:582","UNE_DEAP_SEX_AGE_RT","SEX_F","AGE_5YRBANDS_Y50-54","2013",5.477,,,,"R1:3513"
"EGY","BA:582","UNE_DEAP_SEX_AGE_RT","SEX_F","AGE_5YRBANDS_Y55-59","2013",,"U",,,"R1:3513"
"EGY","BA:582","UNE_DEAP_SEX_AGE_RT","SEX_F","AGE_5YRBANDS_Y60-64","2013",,"U",,,"R1:3513"
"EGY","BA:582","UNE_DEAP_SEX_AGE_RT","SEX_T","AGE_YTHADULT_YGE15","2012",12.597,,,,"R1:3513"
"EGY","BA:582","UNE_DEAP_SEX_AGE_RT","SEX_T","AGE_YTHADULT_Y15-64","2012",12.823,,,,"R1:3513"
"EGY","BA:582","UNE_DEAP_SEX_AGE_RT","SEX_T","AGE_YTHADULT_Y15-24","2012",34.431,,,,"R1:3513"
"EGY","BA:582","UNE_DEAP_SEX_AGE_RT","SEX_T","AGE_YTHADULT_YGE25","2012",7.258,,,,"R1:3513"
"EGY","BA:582","UNE_DEAP_SEX_AGE_RT","SEX_M","AGE_YTHADULT_YGE15","2012",9.235,,,,"R1:3513"
"EGY","BA:582","UNE_DEAP_SEX_AGE_RT","SEX_M","AGE_YTHADULT_Y15-64","2012",9.429,,,,"R1:3513"
"EGY","BA:582","UNE_DEAP_SEX_AGE_RT","SEX_M","AGE_YTHADULT_Y15-24","2012",27.92,,,,"R1:3513"
"EGY","BA:582","UNE_DEAP_SEX_AGE_RT","SEX_M","AGE_YTHADULT_YGE25","2012",4.65,,,,"R1:3513"
"EGY","BA:582","UNE_DEAP_SEX_AGE_RT","SEX_F","AGE_YTHADULT_YGE15","2012",24.012,,,,"R1:3513"
"EGY","BA:582","UNE_DEAP_SEX_AGE_RT","SEX_F","AGE_YTHADULT_Y15-64","2012",24.194,,,,"R1:3513"
"EGY","BA:582","UNE_DEAP_SEX_AGE_RT","SEX_F","AGE_YTHADULT_Y15-24","2012",56.785,,,,"R1:3513"
"EGY","BA:582","UNE_DEAP_SEX_AGE_RT","SEX_F","AGE_YTHADULT_YGE25","2012",16.084,,,,"R1:3513"
"EGY","BA:582","UNE_DEAP_SEX_AGE_RT","SEX_T","AGE_AGGREGATE_YGE15","2012",12.597,,,,"R1:3513"
"EGY","BA:582","UNE_DEAP_SEX_AGE_RT","SEX_T","AGE_AGGREGATE_Y15-24","2012",34.431,,,,"R1:3513"
"EGY","BA:582","UNE_DEAP_SEX_AGE_RT","SEX_T","AGE_AGGREGATE_Y25-54","2012",8.364,,,,"R1:3513"
"EGY","BA:582","UNE_DEAP_SEX_AGE_RT","SEX_T","AGE_AGGREGATE_Y55-64","2012",0.352,,,,"R1:3513"
"EGY","BA:582","UNE_DEAP_SEX_AGE_RT","SEX_M","AGE_AGGREGATE_YGE15","2012",9.235,,,,"R1:3513"
"EGY","BA:582","UNE_DEAP_SEX_AGE_RT","SEX_M","AGE_AGGREGATE_Y15-24","2012",27.92,,,,"R1:3513"
"EGY","BA:582","UNE_DEAP_SEX_AGE_RT","SEX_M","AGE_AGGREGATE_Y25-54","2012",5.403,,,,"R1:3513"
"EGY","BA:582","UNE_DEAP_SEX_AGE_RT","SEX_M","AGE_AGGREGATE_Y55-64","2012",0.407,,,,"R1:3513"
"EGY","BA:582","UNE_DEAP_SEX_AGE_RT","SEX_F","AGE_AGGREGATE_YGE15","2012",24.012,,,,"R1:3513"
"EGY","BA:582","UNE_DEAP_SEX_AGE_RT","SEX_F","AGE_AGGREGATE_Y15-24","2012",56.785,,,,"R1:3513"
"EGY","BA:582","UNE_DEAP_SEX_AGE_RT","SEX_F","AGE_AGGREGATE_Y25-54","2012",17.823,,,,"R1:3513"
"EGY","BA:582","UNE_DEAP_SEX_AGE_RT","SEX_F","AGE_AGGREGATE_Y55-64","2012",,"U",,,"R1:3513"
"EGY","BA:582","UNE_DEAP_SEX_AGE_RT","SEX_T","AGE_10YRBANDS_YGE15","2012",12.597,,,,"R1:3513"
"EGY","BA:582","UNE_DEAP_SEX_AGE_RT","SEX_T","AGE_10YRBANDS_Y15-24","2012",34.431,,,,"R1:3513"
"EGY","BA:582","UNE_DEAP_SEX_AGE_RT","SEX_T","AGE_10YRBANDS_Y25-34","2012",15.958,,,,"R1:3513"
"EGY","BA:582","UNE_DEAP_SEX_AGE_RT","SEX_T","AGE_10YRBANDS_Y35-44","2012",4.75,,,,"R1:3513"
"EGY","BA:582","UNE_DEAP_SEX_AGE_RT","SEX_T","AGE_10YRBANDS_Y45-54","2012",1.16,,,,"R1:3513"
"EGY","BA:582","UNE_DEAP_SEX_AGE_RT","SEX_T","AGE_10YRBANDS_Y55-64","2012",0.352,,,,"R1:3513"
"EGY","BA:582","UNE_DEAP_SEX_AGE_RT","SEX_M","AGE_10YRBANDS_YGE15","2012",9.235,,,,"R1:3513"
"EGY","BA:582","UNE_DEAP_SEX_AGE_RT","SEX_M","AGE_10YRBANDS_Y15-24","2012",27.92,,,,"R1:3513"
"EGY","BA:582","UNE_DEAP_SEX_AGE_RT","SEX_M","AGE_10YRBANDS_Y25-34","2012",9.906,,,,"R1:3513"
"EGY","BA:582","UNE_DEAP_SEX_AGE_RT","SEX_M","AGE_10YRBANDS_Y35-44","2012",3.386,,,,"R1:3513"
"EGY","BA:582","UNE_DEAP_SEX_AGE_RT","SEX_M","AGE_10YRBANDS_Y45-54","2012",1.2,,,,"R1:3513"
"EGY","BA:582","UNE_DEAP_SEX_AGE_RT","SEX_M","AGE_10YRBANDS_Y55-64","2012",0.407,,,,"R1:3513"
"EGY","BA:582","UNE_DEAP_SEX_AGE_RT","SEX_F","AGE_10YRBANDS_YGE15","2012",24.012,,,,"R1:3513"
"EGY","BA:582","UNE_DEAP_SEX_AGE_RT","SEX_F","AGE_10YRBANDS_Y15-24","2012",56.785,,,,"R1:3513"
"EGY","BA:582","UNE_DEAP_SEX_AGE_RT","SEX_F","AGE_10YRBANDS_Y25-34","2012",33.823,,,,"R1:3513"
"EGY","BA:582","UNE_DEAP_SEX_AGE_RT","SEX_F","AGE_10YRBANDS_Y35-44","2012",9.412,,,,"R1:3513"
"EGY","BA:582","UNE_DEAP_SEX_AGE_RT","SEX_F","AGE_10YRBANDS_Y45-54","2012",1.027,,,,"R1:3513"
"EGY","BA:582","UNE_DEAP_SEX_AGE_RT","SEX_F","AGE_10YRBANDS_Y55-64","2012",,"U",,,"R1:3513"
"EGY","BA:582","UNE_DEAP_SEX_AGE_RT","SEX_T","AGE_5YRBANDS_YGE15","2012",12.597,,,,"R1:3513"
"EGY","BA:582","UNE_DEAP_SEX_AGE_RT","SEX_T","AGE_5YRBANDS_Y15-19","2012",26.362,,,,"R1:3513"
"EGY","BA:582","UNE_DEAP_SEX_AGE_RT","SEX_T","AGE_5YRBANDS_Y20-24","2012",37.426,,,,"R1:3513"
"EGY","BA:582","UNE_DEAP_SEX_AGE_RT","SEX_T","AGE_5YRBANDS_Y25-29","2012",18.713,,,,"R1:3513"
"EGY","BA:582","UNE_DEAP_SEX_AGE_RT","SEX_T","AGE_5YRBANDS_Y30-34","2012",12.63,,,,"R1:3513"
"EGY","BA:582","UNE_DEAP_SEX_AGE_RT","SEX_T","AGE_5YRBANDS_Y35-39","2012",4.847,,,,"R1:3513"
"EGY","BA:582","UNE_DEAP_SEX_AGE_RT","SEX_T","AGE_5YRBANDS_Y40-44","2012",4.641,,,,"R1:3513"
"EGY","BA:582","UNE_DEAP_SEX_AGE_RT","SEX_T","AGE_5YRBANDS_Y45-49","2012",1.466,,,,"R1:3513"
"EGY","BA:582","UNE_DEAP_SEX_AGE_RT","SEX_T","AGE_5YRBANDS_Y50-54","2012",0.796,,,,"R1:3513"
"EGY","BA:582","UNE_DEAP_SEX_AGE_RT","SEX_T","AGE_5YRBANDS_Y55-59","2012",0.372,,,,"R1:3513"
"EGY","BA:582","UNE_DEAP_SEX_AGE_RT","SEX_T","AGE_5YRBANDS_Y60-64","2012",0.302,"U",,,"R1:3513"
"EGY","BA:582","UNE_DEAP_SEX_AGE_RT","SEX_M","AGE_5YRBANDS_YGE15","2012",9.235,,,,"R1:3513"
"EGY","BA:582","UNE_DEAP_SEX_AGE_RT","SEX_M","AGE_5YRBANDS_Y15-19","2012",22.21,,,,"R1:3513"
"EGY","BA:582","UNE_DEAP_SEX_AGE_RT","SEX_M","AGE_5YRBANDS_Y20-24","2012",30.251,,,,"R1:3513"
"EGY","BA:582","UNE_DEAP_SEX_AGE_RT","SEX_M","AGE_5YRBANDS_Y25-29","2012",11.578,,,,"R1:3513"
"EGY","BA:582","UNE_DEAP_SEX_AGE_RT","SEX_M","AGE_5YRBANDS_Y30-34","2012",7.905,,,,"R1:3513"
"EGY","BA:582","UNE_DEAP_SEX_AGE_RT","SEX_M","AGE_5YRBANDS_Y35-39","2012",3.43,,,,"R1:3513"
"EGY","BA:582","UNE_DEAP_SEX_AGE_RT","SEX_M","AGE_5YRBANDS_Y40-44","2012",3.335,,,,"R1:3513"
"EGY","BA:582","UNE_DEAP_SEX_AGE_RT","SEX_M","AGE_5YRBANDS_Y45-49","2012",1.375,,,,"R1:3513"
"EGY","BA:582","UNE_DEAP_SEX_AGE_RT","SEX_M","AGE_5YRBANDS_Y50-54","2012",0.993,,,,"R1:3513"
"EGY","BA:582","UNE_DEAP_SEX_AGE_RT","SEX_M","AGE_5YRBANDS_Y55-59","2012",0.436,,,,"R1:3513"
"EGY","BA:582","UNE_DEAP_SEX_AGE_RT","SEX_M","AGE_5YRBANDS_Y60-64","2012",0.344,"U",,,"R1:3513"
"EGY","BA:582","UNE_DEAP_SEX_AGE_RT","SEX_F","AGE_5YRBANDS_YGE15","2012",24.012,,,,"R1:3513"
"EGY","BA:582","UNE_DEAP_SEX_AGE_RT","SEX_F","AGE_5YRBANDS_Y15-19","2012",46.522,,,,"R1:3513"
"EGY","BA:582","UNE_DEAP_SEX_AGE_RT","SEX_F","AGE_5YRBANDS_Y20-24","2012",59.431,,,,"R1:3513"
"EGY","BA:582","UNE_DEAP_SEX_AGE_RT","SEX_F","AGE_5YRBANDS_Y25-29","2012",39.433,,,,"R1:3513"
"EGY","BA:582","UNE_DEAP_SEX_AGE_RT","SEX_F","AGE_5YRBANDS_Y30-34","2012",26.86,,,,"R1:3513"
"EGY","BA:582","UNE_DEAP_SEX_AGE_RT","SEX_F","AGE_5YRBANDS_Y35-39","2012",9.727,,,,"R1:3513"
"EGY","BA:582","UNE_DEAP_SEX_AGE_RT","SEX_F","AGE_5YRBANDS_Y40-44","2012",9.06,,,,"R1:3513"
"EGY","BA:582","UNE_DEAP_SEX_AGE_RT","SEX_F","AGE_5YRBANDS_Y45-49","2012",1.77,,,,"R1:3513"
"EGY","BA:582","UNE_DEAP_SEX_AGE_RT","SEX_F","AGE_5YRBANDS_Y50-54","2012",,"U",,,"R1:3513"
"EGY","BA:582","UNE_DEAP_SEX_AGE_RT","SEX_F","AGE_5YRBANDS_Y55-59","2012",,"U",,,"R1:3513"
"EGY","BA:582","UNE_DEAP_SEX_AGE_RT","SEX_F","AGE_5YRBANDS_Y60-64","2012",,"U",,,"R1:3513"
"EGY","BA:582","UNE_DEAP_SEX_AGE_RT","SEX_T","AGE_YTHADULT_YGE15","2011",11.849,,,,"R1:3513"
"EGY","BA:582","UNE_DEAP_SEX_AGE_RT","SEX_T","AGE_YTHADULT_Y15-64","2011",12.033,,,,"R1:3513"
"EGY","BA:582","UNE_DEAP_SEX_AGE_RT","SEX_T","AGE_YTHADULT_Y15-24","2011",29.3,,,,"R1:3513"
"EGY","BA:582","UNE_DEAP_SEX_AGE_RT","SEX_T","AGE_YTHADULT_YGE25","2011",7.443,,,,"R1:3513"
"EGY","BA:582","UNE_DEAP_SEX_AGE_RT","SEX_M","AGE_YTHADULT_YGE15","2011",8.77,,,,"R1:3513"
"EGY","BA:582","UNE_DEAP_SEX_AGE_RT","SEX_M","AGE_YTHADULT_Y15-64","2011",8.93,,,,"R1:3513"
"EGY","BA:582","UNE_DEAP_SEX_AGE_RT","SEX_M","AGE_YTHADULT_Y15-24","2011",22.253,,,,"R1:3513"
"EGY","BA:582","UNE_DEAP_SEX_AGE_RT","SEX_M","AGE_YTHADULT_YGE25","2011",5.4,,,,"R1:3513"
"EGY","BA:582","UNE_DEAP_SEX_AGE_RT","SEX_F","AGE_YTHADULT_YGE15","2011",22.441,,,,"R1:3513"
"EGY","BA:582","UNE_DEAP_SEX_AGE_RT","SEX_F","AGE_YTHADULT_Y15-64","2011",22.574,,,,"R1:3513"
"EGY","BA:582","UNE_DEAP_SEX_AGE_RT","SEX_F","AGE_YTHADULT_Y15-24","2011",52.69,,,,"R1:3513"
"EGY","BA:582","UNE_DEAP_SEX_AGE_RT","SEX_F","AGE_YTHADULT_YGE25","2011",14.535,,,,"R1:3513"
"EGY","BA:582","UNE_DEAP_SEX_AGE_RT","SEX_T","AGE_AGGREGATE_YGE15","2011",11.849,,,,"R1:3513"
"EGY","BA:582","UNE_DEAP_SEX_AGE_RT","SEX_T","AGE_AGGREGATE_Y15-24","2011",29.3,,,,"R1:3513"
"EGY","BA:582","UNE_DEAP_SEX_AGE_RT","SEX_T","AGE_AGGREGATE_Y25-54","2011",8.32,,,,"R1:3513"
"EGY","BA:582","UNE_DEAP_SEX_AGE_RT","SEX_T","AGE_AGGREGATE_Y55-64","2011",2.05,,,,"R1:3513"
"EGY","BA:582","UNE_DEAP_SEX_AGE_RT","SEX_M","AGE_AGGREGATE_YGE15","2011",8.77,,,,"R1:3513"
"EGY","BA:582","UNE_DEAP_SEX_AGE_RT","SEX_M","AGE_AGGREGATE_Y15-24","2011",22.253,,,,"R1:3513"
"EGY","BA:582","UNE_DEAP_SEX_AGE_RT","SEX_M","AGE_AGGREGATE_Y25-54","2011",6.032,,,,"R1:3513"
"EGY","BA:582","UNE_DEAP_SEX_AGE_RT","SEX_M","AGE_AGGREGATE_Y55-64","2011",1.948,,,,"R1:3513"
"EGY","BA:582","UNE_DEAP_SEX_AGE_RT","SEX_F","AGE_AGGREGATE_YGE15","2011",22.441,,,,"R1:3513"
"EGY","BA:582","UNE_DEAP_SEX_AGE_RT","SEX_F","AGE_AGGREGATE_Y15-24","2011",52.69,,,,"R1:3513"
"EGY","BA:582","UNE_DEAP_SEX_AGE_RT","SEX_F","AGE_AGGREGATE_Y25-54","2011",15.849,,,,"R1:3513"
"EGY","BA:582","UNE_DEAP_SEX_AGE_RT","SEX_F","AGE_AGGREGATE_Y55-64","2011",2.531,,,,"R1:3513"
"EGY","BA:582","UNE_DEAP_SEX_AGE_RT","SEX_T","AGE_10YRBANDS_YGE15","2011",11.849,,,,"R1:3513"
"EGY","BA:582","UNE_DEAP_SEX_AGE_RT","SEX_T","AGE_10YRBANDS_Y15-24","2011",29.3,,,,"R1:3513"
"EGY","BA:582","UNE_DEAP_SEX_AGE_RT","SEX_T","AGE_10YRBANDS_Y25-34","2011",13.357,,,,"R1:3513"
"EGY","BA:582","UNE_DEAP_SEX_AGE_RT","SEX_T","AGE_10YRBANDS_Y35-44","2011",6.325,,,,"R1:3513"
"EGY","BA:582","UNE_DEAP_SEX_AGE_RT","SEX_T","AGE_10YRBANDS_Y45-54","2011",3.019,,,,"R1:3513"
"EGY","BA:582","UNE_DEAP_SEX_AGE_RT","SEX_T","AGE_10YRBANDS_Y55-64","2011",2.05,,,,"R1:3513"
"EGY","BA:582","UNE_DEAP_SEX_AGE_RT","SEX_M","AGE_10YRBANDS_YGE15","2011",8.77,,,,"R1:3513"
"EGY","BA:582","UNE_DEAP_SEX_AGE_RT","SEX_M","AGE_10YRBANDS_Y15-24","2011",22.253,,,,"R1:3513"
"EGY","BA:582","UNE_DEAP_SEX_AGE_RT","SEX_M","AGE_10YRBANDS_Y25-34","2011",9.598,,,,"R1:3513"
"EGY","BA:582","UNE_DEAP_SEX_AGE_RT","SEX_M","AGE_10YRBANDS_Y35-44","2011",4.431,,,,"R1:3513"
"EGY","BA:582","UNE_DEAP_SEX_AGE_RT","SEX_M","AGE_10YRBANDS_Y45-54","2011",2.4,,,,"R1:3513"
"EGY","BA:582","UNE_DEAP_SEX_AGE_RT","SEX_M","AGE_10YRBANDS_Y55-64","2011",1.948,,,,"R1:3513"
"EGY","BA:582","UNE_DEAP_SEX_AGE_RT","SEX_F","AGE_10YRBANDS_YGE15","2011",22.441,,,,"R1:3513"
"EGY","BA:582","UNE_DEAP_SEX_AGE_RT","SEX_F","AGE_10YRBANDS_Y15-24","2011",52.69,,,,"R1:3513"
"EGY","BA:582","UNE_DEAP_SEX_AGE_RT","SEX_F","AGE_10YRBANDS_Y25-34","2011",26.338,,,,"R1:3513"
"EGY","BA:582","UNE_DEAP_SEX_AGE_RT","SEX_F","AGE_10YRBANDS_Y35-44","2011",12.387,,,,"R1:3513"
"EGY","BA:582","UNE_DEAP_SEX_AGE_RT","SEX_F","AGE_10YRBANDS_Y45-54","2011",4.977,,,,"R1:3513"
"EGY","BA:582","UNE_DEAP_SEX_AGE_RT","SEX_F","AGE_10YRBANDS_Y55-64","2011",2.531,,,,"R1:3513"
"EGY","BA:582","UNE_DEAP_SEX_AGE_RT","SEX_T","AGE_5YRBANDS_YGE15","2011",11.849,,,,"R1:3513"
"EGY","BA:582","UNE_DEAP_SEX_AGE_RT","SEX_T","AGE_5YRBANDS_Y15-19","2011",22.046,,,,"R1:3513"
"EGY","BA:582","UNE_DEAP_SEX_AGE_RT","SEX_T","AGE_5YRBANDS_Y20-24","2011",31.846,,,,"R1:3513"
"EGY","BA:582","UNE_DEAP_SEX_AGE_RT","SEX_T","AGE_5YRBANDS_Y25-29","2011",16.85,,,,"R1:3513"
"EGY","BA:582","UNE_DEAP_SEX_AGE_RT","SEX_T","AGE_5YRBANDS_Y30-34","2011",8.935,,,,"R1:3513"
"EGY","BA:582","UNE_DEAP_SEX_AGE_RT","SEX_T","AGE_5YRBANDS_Y35-39","2011",5.273,,,,"R1:3513"
"EGY","BA:582","UNE_DEAP_SEX_AGE_RT","SEX_T","AGE_5YRBANDS_Y40-44","2011",7.46,,,,"R1:3513"
"EGY","BA:582","UNE_DEAP_SEX_AGE_RT","SEX_T","AGE_5YRBANDS_Y45-49","2011",3.926,,,,"R1:3513"
"EGY","BA:582","UNE_DEAP_SEX_AGE_RT","SEX_T","AGE_5YRBANDS_Y50-54","2011",1.821,,,,"R1:3513"
"EGY","BA:582","UNE_DEAP_SEX_AGE_RT","SEX_T","AGE_5YRBANDS_Y55-59","2011",2.027,,,,"R1:3513"
"EGY","BA:582","UNE_DEAP_SEX_AGE_RT","SEX_T","AGE_5YRBANDS_Y60-64","2011",2.105,,,,"R1:3513"
"EGY","BA:582","UNE_DEAP_SEX_AGE_RT","SEX_M","AGE_5YRBANDS_YGE15","2011",8.77,,,,"R1:3513"
"EGY","BA:582","UNE_DEAP_SEX_AGE_RT","SEX_M","AGE_5YRBANDS_Y15-19","2011",17.249,,,,"R1:3513"
"EGY","BA:582","UNE_DEAP_SEX_AGE_RT","SEX_M","AGE_5YRBANDS_Y20-24","2011",24.166,,,,"R1:3513"
"EGY","BA:582","UNE_DEAP_SEX_AGE_RT","SEX_M","AGE_5YRBANDS_Y25-29","2011",12.564,,,,"R1:3513"
"EGY","BA:582","UNE_DEAP_SEX_AGE_RT","SEX_M","AGE_5YRBANDS_Y30-34","2011",5.91,,,,"R1:3513"
"EGY","BA:582","UNE_DEAP_SEX_AGE_RT","SEX_M","AGE_5YRBANDS_Y35-39","2011",4.544,,,,"R1:3513"
"EGY","BA:582","UNE_DEAP_SEX_AGE_RT","SEX_M","AGE_5YRBANDS_Y40-44","2011",4.306,,,,"R1:3513"
"EGY","BA:582","UNE_DEAP_SEX_AGE_RT","SEX_M","AGE_5YRBANDS_Y45-49","2011",2.465,,,,"R1:3513"
"EGY","BA:582","UNE_DEAP_SEX_AGE_RT","SEX_M","AGE_5YRBANDS_Y50-54","2011",2.317,,,,"R1:3513"
"EGY","BA:582","UNE_DEAP_SEX_AGE_RT","SEX_M","AGE_5YRBANDS_Y55-59","2011",1.745,,,,"R1:3513"
"EGY","BA:582","UNE_DEAP_SEX_AGE_RT","SEX_M","AGE_5YRBANDS_Y60-64","2011",2.397,,,,"R1:3513"
"EGY","BA:582","UNE_DEAP_SEX_AGE_RT","SEX_F","AGE_5YRBANDS_YGE15","2011",22.441,,,,"R1:3513"
"EGY","BA:582","UNE_DEAP_SEX_AGE_RT","SEX_F","AGE_5YRBANDS_Y15-19","2011",43.646,,,,"R1:3513"
"EGY","BA:582","UNE_DEAP_SEX_AGE_RT","SEX_F","AGE_5YRBANDS_Y20-24","2011",55.006,,,,"R1:3513"
"EGY","BA:582","UNE_DEAP_SEX_AGE_RT","SEX_F","AGE_5YRBANDS_Y25-29","2011",31.146,,,,"R1:3513"
"EGY","BA:582","UNE_DEAP_SEX_AGE_RT","SEX_F","AGE_5YRBANDS_Y30-34","2011",19.863,,,,"R1:3513"
"EGY","BA:582","UNE_DEAP_SEX_AGE_RT","SEX_F","AGE_5YRBANDS_Y35-39","2011",7.738,,,,"R1:3513"
"EGY","BA:582","UNE_DEAP_SEX_AGE_RT","SEX_F","AGE_5YRBANDS_Y40-44","2011",16.993,,,,"R1:3513"
"EGY","BA:582","UNE_DEAP_SEX_AGE_RT","SEX_F","AGE_5YRBANDS_Y45-49","2011",8.252,,,,"R1:3513"
"EGY","BA:582","UNE_DEAP_SEX_AGE_RT","SEX_F","AGE_5YRBANDS_Y50-54","2011",,"U",,,"R1:3513"
"EGY","BA:582","UNE_DEAP_SEX_AGE_RT","SEX_F","AGE_5YRBANDS_Y55-59","2011",3.209,,,,"R1:3513"
"EGY","BA:582","UNE_DEAP_SEX_AGE_RT","SEX_F","AGE_5YRBANDS_Y60-64","2011",,"U",,,"R1:3513"
"EGY","BA:582","UNE_DEAP_SEX_AGE_RT","SEX_T","AGE_YTHADULT_YGE15","2010",8.757,,,,"R1:3513"
"EGY","BA:582","UNE_DEAP_SEX_AGE_RT","SEX_T","AGE_YTHADULT_Y15-64","2010",8.902,,,,"R1:3513"
"EGY","BA:582","UNE_DEAP_SEX_AGE_RT","SEX_T","AGE_YTHADULT_Y15-24","2010",24.307,,,,"R1:3513"
"EGY","BA:582","UNE_DEAP_SEX_AGE_RT","SEX_T","AGE_YTHADULT_YGE25","2010",4.556,,,,"R1:3513"
"EGY","BA:582","UNE_DEAP_SEX_AGE_RT","SEX_M","AGE_YTHADULT_YGE15","2010",4.77,,,,"R1:3513"
"EGY","BA:582","UNE_DEAP_SEX_AGE_RT","SEX_M","AGE_YTHADULT_Y15-64","2010",4.86,,,,"R1:3513"
"EGY","BA:582","UNE_DEAP_SEX_AGE_RT","SEX_M","AGE_YTHADULT_Y15-24","2010",14.315,,,,"R1:3513"
"EGY","BA:582","UNE_DEAP_SEX_AGE_RT","SEX_M","AGE_YTHADULT_YGE25","2010",2.301,,,,"R1:3513"
"EGY","BA:582","UNE_DEAP_SEX_AGE_RT","SEX_F","AGE_YTHADULT_YGE15","2010",22.112,,,,"R1:3513"
"EGY","BA:582","UNE_DEAP_SEX_AGE_RT","SEX_F","AGE_YTHADULT_Y15-64","2010",22.301,,,,"R1:3513"
"EGY","BA:582","UNE_DEAP_SEX_AGE_RT","SEX_F","AGE_YTHADULT_Y15-24","2010",53.364,,,,"R1:3513"
"EGY","BA:582","UNE_DEAP_SEX_AGE_RT","SEX_F","AGE_YTHADULT_YGE25","2010",12.421,,,,"R1:3513"
"EGY","BA:582","UNE_DEAP_SEX_AGE_RT","SEX_T","AGE_AGGREGATE_YGE15","2010",8.757,,,,"R1:3513"
"EGY","BA:582","UNE_DEAP_SEX_AGE_RT","SEX_T","AGE_AGGREGATE_Y15-24","2010",24.307,,,,"R1:3513"
"EGY","BA:582","UNE_DEAP_SEX_AGE_RT","SEX_T","AGE_AGGREGATE_Y25-54","2010",5.221,,,,"R1:3513"
"EGY","BA:582","UNE_DEAP_SEX_AGE_RT","SEX_T","AGE_AGGREGATE_Y55-64","2010",0.286,,,,"R1:3513"
"EGY","BA:582","UNE_DEAP_SEX_AGE_RT","SEX_M","AGE_AGGREGATE_YGE15","2010",4.77,,,,"R1:3513"
"EGY","BA:582","UNE_DEAP_SEX_AGE_RT","SEX_M","AGE_AGGREGATE_Y15-24","2010",14.315,,,,"R1:3513"
"EGY","BA:582","UNE_DEAP_SEX_AGE_RT","SEX_M","AGE_AGGREGATE_Y25-54","2010",2.646,,,,"R1:3513"
"EGY","BA:582","UNE_DEAP_SEX_AGE_RT","SEX_M","AGE_AGGREGATE_Y55-64","2010",0.266,,,,"R1:3513"
"EGY","BA:582","UNE_DEAP_SEX_AGE_RT","SEX_F","AGE_AGGREGATE_YGE15","2010",22.112,,,,"R1:3513"
"EGY","BA:582","UNE_DEAP_SEX_AGE_RT","SEX_F","AGE_AGGREGATE_Y15-24","2010",53.364,,,,"R1:3513"
"EGY","BA:582","UNE_DEAP_SEX_AGE_RT","SEX_F","AGE_AGGREGATE_Y25-54","2010",13.797,,,,"R1:3513"
"EGY","BA:582","UNE_DEAP_SEX_AGE_RT","SEX_F","AGE_AGGREGATE_Y55-64","2010",0.375,"U",,,"R1:3513"
"EGY","BA:582","UNE_DEAP_SEX_AGE_RT","SEX_T","AGE_10YRBANDS_YGE15","2010",8.757,,,,"R1:3513"
"EGY","BA:582","UNE_DEAP_SEX_AGE_RT","SEX_T","AGE_10YRBANDS_Y15-24","2010",24.307,,,,"R1:3513"
"EGY","BA:582","UNE_DEAP_SEX_AGE_RT","SEX_T","AGE_10YRBANDS_Y25-34","2010",9.922,,,,"R1:3513"
"EGY","BA:582","UNE_DEAP_SEX_AGE_RT","SEX_T","AGE_10YRBANDS_Y35-44","2010",1.832,,,,"R1:3513"
"EGY","BA:582","UNE_DEAP_SEX_AGE_RT","SEX_T","AGE_10YRBANDS_Y45-54","2010",1.689,,,,"R1:3513"
"EGY","BA:582","UNE_DEAP_SEX_AGE_RT","SEX_T","AGE_10YRBANDS_Y55-64","2010",0.286,,,,"R1:3513"
"EGY","BA:582","UNE_DEAP_SEX_AGE_RT","SEX_M","AGE_10YRBANDS_YGE15","2010",4.77,,,,"R1:3513"
"EGY","BA:582","UNE_DEAP_SEX_AGE_RT","SEX_M","AGE_10YRBANDS_Y15-24","2010",14.315,,,,"R1:3513"
"EGY","BA:582","UNE_DEAP_SEX_AGE_RT","SEX_M","AGE_10YRBANDS_Y25-34","2010",4.651,,,,"R1:3513"
"EGY","BA:582","UNE_DEAP_SEX_AGE_RT","SEX_M","AGE_10YRBANDS_Y35-44","2010",0.878,,,,"R1:3513"
"EGY","BA:582","UNE_DEAP_SEX_AGE_RT","SEX_M","AGE_10YRBANDS_Y45-54","2010",1.512,,,,"R1:3513"
"EGY","BA:582","UNE_DEAP_SEX_AGE_RT","SEX_M","AGE_10YRBANDS_Y55-64","2010",0.266,,,,"R1:3513"
"EGY","BA:582","UNE_DEAP_SEX_AGE_RT","SEX_F","AGE_10YRBANDS_YGE15","2010",22.112,,,,"R1:3513"
"EGY","BA:582","UNE_DEAP_SEX_AGE_RT","SEX_F","AGE_10YRBANDS_Y15-24","2010",53.364,,,,"R1:3513"
"EGY","BA:582","UNE_DEAP_SEX_AGE_RT","SEX_F","AGE_10YRBANDS_Y25-34","2010",27.821,,,,"R1:3513"
"EGY","BA:582","UNE_DEAP_SEX_AGE_RT","SEX_F","AGE_10YRBANDS_Y35-44","2010",5.009,,,,"R1:3513"
"EGY","BA:582","UNE_DEAP_SEX_AGE_RT","SEX_F","AGE_10YRBANDS_Y45-54","2010",2.259,,,,"R1:3513"
"EGY","BA:582","UNE_DEAP_SEX_AGE_RT","SEX_F","AGE_10YRBANDS_Y55-64","2010",0.375,"U",,,"R1:3513"
"EGY","BA:582","UNE_DEAP_SEX_AGE_RT","SEX_T","AGE_5YRBANDS_YGE15","2010",8.757,,,,"R1:3513"
"EGY","BA:582","UNE_DEAP_SEX_AGE_RT","SEX_T","AGE_5YRBANDS_Y15-19","2010",17.512,,,,"R1:3513"
"EGY","BA:582","UNE_DEAP_SEX_AGE_RT","SEX_T","AGE_5YRBANDS_Y20-24","2010",27.017,,,,"R1:3513"
"EGY","BA:582","UNE_DEAP_SEX_AGE_RT","SEX_T","AGE_5YRBANDS_Y25-29","2010",12.928,,,,"R1:3513"
"EGY","BA:582","UNE_DEAP_SEX_AGE_RT","SEX_T","AGE_5YRBANDS_Y30-34","2010",5.899,,,,"R1:3513"
"EGY","BA:582","UNE_DEAP_SEX_AGE_RT","SEX_T","AGE_5YRBANDS_Y35-39","2010",1.751,,,,"R1:3513"
"EGY","BA:582","UNE_DEAP_SEX_AGE_RT","SEX_T","AGE_5YRBANDS_Y40-44","2010",1.925,,,,"R1:3513"
"EGY","BA:582","UNE_DEAP_SEX_AGE_RT","SEX_T","AGE_5YRBANDS_Y45-49","2010",2.35,,,,"R1:3513"
"EGY","BA:582","UNE_DEAP_SEX_AGE_RT","SEX_T","AGE_5YRBANDS_Y50-54","2010",0.82,,,,"R1:3513"
"EGY","BA:582","UNE_DEAP_SEX_AGE_RT","SEX_T","AGE_5YRBANDS_Y55-59","2010",0.289,,,,"R1:3513"
"EGY","BA:582","UNE_DEAP_SEX_AGE_RT","SEX_T","AGE_5YRBANDS_Y60-64","2010",0.277,"U",,,"R1:3513"
"EGY","BA:582","UNE_DEAP_SEX_AGE_RT","SEX_M","AGE_5YRBANDS_YGE15","2010",4.77,,,,"R1:3513"
"EGY","BA:582","UNE_DEAP_SEX_AGE_RT","SEX_M","AGE_5YRBANDS_Y15-19","2010",9.854,,,,"R1:3513"
"EGY","BA:582","UNE_DEAP_SEX_AGE_RT","SEX_M","AGE_5YRBANDS_Y20-24","2010",16.273,,,,"R1:3513"
"EGY","BA:582","UNE_DEAP_SEX_AGE_RT","SEX_M","AGE_5YRBANDS_Y25-29","2010",6.563,,,,"R1:3513"
"EGY","BA:582","UNE_DEAP_SEX_AGE_RT","SEX_M","AGE_5YRBANDS_Y30-34","2010",2.155,,,,"R1:3513"
"EGY","BA:582","UNE_DEAP_SEX_AGE_RT","SEX_M","AGE_5YRBANDS_Y35-39","2010",0.841,,,,"R1:3513"
"EGY","BA:582","UNE_DEAP_SEX_AGE_RT","SEX_M","AGE_5YRBANDS_Y40-44","2010",0.92,,,,"R1:3513"
"EGY","BA:582","UNE_DEAP_SEX_AGE_RT","SEX_M","AGE_5YRBANDS_Y45-49","2010",2.232,,,,"R1:3513"
"EGY","BA:582","UNE_DEAP_SEX_AGE_RT","SEX_M","AGE_5YRBANDS_Y50-54","2010",0.585,,,,"R1:3513"
"EGY","BA:582","UNE_DEAP_SEX_AGE_RT","SEX_M","AGE_5YRBANDS_Y55-59","2010",0.26,"U",,,"R1:3513"
"EGY","BA:582","UNE_DEAP_SEX_AGE_RT","SEX_M","AGE_5YRBANDS_Y60-64","2010",0.279,"U",,,"R1:3513"
"EGY","BA:582","UNE_DEAP_SEX_AGE_RT","SEX_F","AGE_5YRBANDS_YGE15","2010",22.112,,,,"R1:3513"
"EGY","BA:582","UNE_DEAP_SEX_AGE_RT","SEX_F","AGE_5YRBANDS_Y15-19","2010",47.408,,,,"R1:3513"
"EGY","BA:582","UNE_DEAP_SEX_AGE_RT","SEX_F","AGE_5YRBANDS_Y20-24","2010",55.116,,,,"R1:3513"
"EGY","BA:582","UNE_DEAP_SEX_AGE_RT","SEX_F","AGE_5YRBANDS_Y25-29","2010",33.542,,,,"R1:3513"
"EGY","BA:582","UNE_DEAP_SEX_AGE_RT","SEX_F","AGE_5YRBANDS_Y30-34","2010",19.466,,,,"R1:3513"
"EGY","BA:582","UNE_DEAP_SEX_AGE_RT","SEX_F","AGE_5YRBANDS_Y35-39","2010",4.797,,,,"R1:3513"
"EGY","BA:582","UNE_DEAP_SEX_AGE_RT","SEX_F","AGE_5YRBANDS_Y40-44","2010",5.253,,,,"R1:3513"
"EGY","BA:582","UNE_DEAP_SEX_AGE_RT","SEX_F","AGE_5YRBANDS_Y45-49","2010",2.716,,,,"R1:3513"
"EGY","BA:582","UNE_DEAP_SEX_AGE_RT","SEX_F","AGE_5YRBANDS_Y50-54","2010",1.617,,,,"R1:3513"
"EGY","BA:582","UNE_DEAP_SEX_AGE_RT","SEX_F","AGE_5YRBANDS_Y55-59","2010",0.406,"U",,,"R1:3513"
"EGY","BA:582","UNE_DEAP_SEX_AGE_RT","SEX_F","AGE_5YRBANDS_Y60-64","2010",,"U",,,"R1:3513"
"EGY","BA:582","UNE_DEAP_SEX_AGE_RT","SEX_T","AGE_YTHADULT_YGE15","2009",9.087,,,,"R1:3513"
"EGY","BA:582","UNE_DEAP_SEX_AGE_RT","SEX_T","AGE_YTHADULT_Y15-64","2009",9.237,,,,"R1:3513"
"EGY","BA:582","UNE_DEAP_SEX_AGE_RT","SEX_T","AGE_YTHADULT_Y15-24","2009",24.783,,,,"R1:3513"
"EGY","BA:582","UNE_DEAP_SEX_AGE_RT","SEX_T","AGE_YTHADULT_YGE25","2009",4.419,,,,"R1:3513"
"EGY","BA:582","UNE_DEAP_SEX_AGE_RT","SEX_M","AGE_YTHADULT_YGE15","2009",5.04,,,,"R1:3513"
"EGY","BA:582","UNE_DEAP_SEX_AGE_RT","SEX_M","AGE_YTHADULT_Y15-64","2009",5.137,,,,"R1:3513"
"EGY","BA:582","UNE_DEAP_SEX_AGE_RT","SEX_M","AGE_YTHADULT_Y15-24","2009",15.112,,,,"R1:3513"
"EGY","BA:582","UNE_DEAP_SEX_AGE_RT","SEX_M","AGE_YTHADULT_YGE25","2009",2.086,,,,"R1:3513"
"EGY","BA:582","UNE_DEAP_SEX_AGE_RT","SEX_F","AGE_YTHADULT_YGE15","2009",22.38,,,,"R1:3513"
"EGY","BA:582","UNE_DEAP_SEX_AGE_RT","SEX_F","AGE_YTHADULT_Y15-64","2009",22.544,,,,"R1:3513"
"EGY","BA:582","UNE_DEAP_SEX_AGE_RT","SEX_F","AGE_YTHADULT_Y15-24","2009",55.131,,,,"R1:3513"
"EGY","BA:582","UNE_DEAP_SEX_AGE_RT","SEX_F","AGE_YTHADULT_YGE25","2009",12.187,,,,"R1:3513"
"EGY","BA:582","UNE_DEAP_SEX_AGE_RT","SEX_T","AGE_AGGREGATE_YGE15","2009",9.087,,,,"R1:3513"
"EGY","BA:582","UNE_DEAP_SEX_AGE_RT","SEX_T","AGE_AGGREGATE_Y15-24","2009",24.783,,,,"R1:3513"
"EGY","BA:582","UNE_DEAP_SEX_AGE_RT","SEX_T","AGE_AGGREGATE_Y25-54","2009",5.095,,,,"R1:3513"
"EGY","BA:582","UNE_DEAP_SEX_AGE_RT","SEX_T","AGE_AGGREGATE_Y55-64","2009",0.482,,,,"R1:3513"
"EGY","BA:582","UNE_DEAP_SEX_AGE_RT","SEX_M","AGE_AGGREGATE_YGE15","2009",5.04,,,,"R1:3513"
"EGY","BA:582","UNE_DEAP_SEX_AGE_RT","SEX_M","AGE_AGGREGATE_Y15-24","2009",15.112,,,,"R1:3513"
"EGY","BA:582","UNE_DEAP_SEX_AGE_RT","SEX_M","AGE_AGGREGATE_Y25-54","2009",2.456,,,,"R1:3513"
"EGY","BA:582","UNE_DEAP_SEX_AGE_RT","SEX_M","AGE_AGGREGATE_Y55-64","2009",0.091,"U",,,"R1:3513"
"EGY","BA:582","UNE_DEAP_SEX_AGE_RT","SEX_F","AGE_AGGREGATE_YGE15","2009",22.38,,,,"R1:3513"
"EGY","BA:582","UNE_DEAP_SEX_AGE_RT","SEX_F","AGE_AGGREGATE_Y15-24","2009",55.131,,,,"R1:3513"
"EGY","BA:582","UNE_DEAP_SEX_AGE_RT","SEX_F","AGE_AGGREGATE_Y25-54","2009",13.41,,,,"R1:3513"
"EGY","BA:582","UNE_DEAP_SEX_AGE_RT","SEX_F","AGE_AGGREGATE_Y55-64","2009",2.225,,,,"R1:3513"
"EGY","BA:582","UNE_DEAP_SEX_AGE_RT","SEX_T","AGE_10YRBANDS_YGE15","2009",9.087,,,,"R1:3513"
"EGY","BA:582","UNE_DEAP_SEX_AGE_RT","SEX_T","AGE_10YRBANDS_Y15-24","2009",24.783,,,,"R1:3513"
"EGY","BA:582","UNE_DEAP_SEX_AGE_RT","SEX_T","AGE_10YRBANDS_Y25-34","2009",10.143,,,,"R1:3513"
"EGY","BA:582","UNE_DEAP_SEX_AGE_RT","SEX_T","AGE_10YRBANDS_Y35-44","2009",1.859,,,,"R1:3513"
"EGY","BA:582","UNE_DEAP_SEX_AGE_RT","SEX_T","AGE_10YRBANDS_Y45-54","2009",2.551,,,,"R1:3513"
"EGY","BA:582","UNE_DEAP_SEX_AGE_RT","SEX_T","AGE_10YRBANDS_Y55-64","2009",0.482,,,,"R1:3513"
"EGY","BA:582","UNE_DEAP_SEX_AGE_RT","SEX_M","AGE_10YRBANDS_YGE15","2009",5.04,,,,"R1:3513"
"EGY","BA:582","UNE_DEAP_SEX_AGE_RT","SEX_M","AGE_10YRBANDS_Y15-24","2009",15.112,,,,"R1:3513"
"EGY","BA:582","UNE_DEAP_SEX_AGE_RT","SEX_M","AGE_10YRBANDS_Y25-34","2009",6.031,,,,"R1:3513"
"EGY","BA:582","UNE_DEAP_SEX_AGE_RT","SEX_M","AGE_10YRBANDS_Y35-44","2009",0.585,,,,"R1:3513"
"EGY","BA:582","UNE_DEAP_SEX_AGE_RT","SEX_M","AGE_10YRBANDS_Y45-54","2009",0.226,,,,"R1:3513"
"EGY","BA:582","UNE_DEAP_SEX_AGE_RT","SEX_M","AGE_10YRBANDS_Y55-64","2009",0.091,"U",,,"R1:3513"
"EGY","BA:582","UNE_DEAP_SEX_AGE_RT","SEX_F","AGE_10YRBANDS_YGE15","2009",22.38,,,,"R1:3513"
"EGY","BA:582","UNE_DEAP_SEX_AGE_RT","SEX_F","AGE_10YRBANDS_Y15-24","2009",55.131,,,,"R1:3513"
"EGY","BA:582","UNE_DEAP_SEX_AGE_RT","SEX_F","AGE_10YRBANDS_Y25-34","2009",22.742,,,,"R1:3513"
"EGY","BA:582","UNE_DEAP_SEX_AGE_RT","SEX_F","AGE_10YRBANDS_Y35-44","2009",5.912,,,,"R1:3513"
"EGY","BA:582","UNE_DEAP_SEX_AGE_RT","SEX_F","AGE_10YRBANDS_Y45-54","2009",10.056,,,,"R1:3513"
"EGY","BA:582","UNE_DEAP_SEX_AGE_RT","SEX_F","AGE_10YRBANDS_Y55-64","2009",2.225,,,,"R1:3513"
"EGY","BA:582","UNE_DEAP_SEX_AGE_RT","SEX_T","AGE_5YRBANDS_YGE15","2009",9.087,,,,"R1:3513"
"EGY","BA:582","UNE_DEAP_SEX_AGE_RT","SEX_T","AGE_5YRBANDS_Y15-19","2009",21.158,,,,"R1:3513"
"EGY","BA:582","UNE_DEAP_SEX_AGE_RT","SEX_T","AGE_5YRBANDS_Y20-24","2009",26.327,,,,"R1:3513"
"EGY","BA:582","UNE_DEAP_SEX_AGE_RT","SEX_T","AGE_5YRBANDS_Y25-29","2009",14.013,,,,"R1:3513"
"EGY","BA:582","UNE_DEAP_SEX_AGE_RT","SEX_T","AGE_5YRBANDS_Y30-34","2009",5.006,,,,"R1:3513"
"EGY","BA:582","UNE_DEAP_SEX_AGE_RT","SEX_T","AGE_5YRBANDS_Y35-39","2009",1.592,,,,"R1:3513"
"EGY","BA:582","UNE_DEAP_SEX_AGE_RT","SEX_T","AGE_5YRBANDS_Y40-44","2009",2.133,,,,"R1:3513"
"EGY","BA:582","UNE_DEAP_SEX_AGE_RT","SEX_T","AGE_5YRBANDS_Y45-49","2009",1.524,,,,"R1:3513"
"EGY","BA:582","UNE_DEAP_SEX_AGE_RT","SEX_T","AGE_5YRBANDS_Y50-54","2009",3.858,,,,"R1:3513"
"EGY","BA:582","UNE_DEAP_SEX_AGE_RT","SEX_T","AGE_5YRBANDS_Y55-59","2009",0.634,,,,"R1:3513"
"EGY","BA:582","UNE_DEAP_SEX_AGE_RT","SEX_T","AGE_5YRBANDS_Y60-64","2009",,"U",,,"R1:3513"
"EGY","BA:582","UNE_DEAP_SEX_AGE_RT","SEX_M","AGE_5YRBANDS_YGE15","2009",5.04,,,,"R1:3513"
"EGY","BA:582","UNE_DEAP_SEX_AGE_RT","SEX_M","AGE_5YRBANDS_Y15-19","2009",12.134,,,,"R1:3513"
"EGY","BA:582","UNE_DEAP_SEX_AGE_RT","SEX_M","AGE_5YRBANDS_Y20-24","2009",16.43,,,,"R1:3513"
"EGY","BA:582","UNE_DEAP_SEX_AGE_RT","SEX_M","AGE_5YRBANDS_Y25-29","2009",8.809,,,,"R1:3513"
"EGY","BA:582","UNE_DEAP_SEX_AGE_RT","SEX_M","AGE_5YRBANDS_Y30-34","2009",2.322,,,,"R1:3513"
"EGY","BA:582","UNE_DEAP_SEX_AGE_RT","SEX_M","AGE_5YRBANDS_Y35-39","2009",0.747,,,,"R1:3513"
"EGY","BA:582","UNE_DEAP_SEX_AGE_RT","SEX_M","AGE_5YRBANDS_Y40-44","2009",0.421,,,,"R1:3513"
"EGY","BA:582","UNE_DEAP_SEX_AGE_RT","SEX_M","AGE_5YRBANDS_Y45-49","2009",0.183,,,,"R1:3513"
"EGY","BA:582","UNE_DEAP_SEX_AGE_RT","SEX_M","AGE_5YRBANDS_Y50-54","2009",0.278,,,,"R1:3513"
"EGY","BA:582","UNE_DEAP_SEX_AGE_RT","SEX_M","AGE_5YRBANDS_Y55-59","2009",0.109,"U",,,"R1:3513"
"EGY","BA:582","UNE_DEAP_SEX_AGE_RT","SEX_M","AGE_5YRBANDS_Y60-64","2009",,"U",,,"R1:3513"
"EGY","BA:582","UNE_DEAP_SEX_AGE_RT","SEX_F","AGE_5YRBANDS_YGE15","2009",22.38,,,,"R1:3513"
"EGY","BA:582","UNE_DEAP_SEX_AGE_RT","SEX_F","AGE_5YRBANDS_Y15-19","2009",52.952,,,,"R1:3513"
"EGY","BA:582","UNE_DEAP_SEX_AGE_RT","SEX_F","AGE_5YRBANDS_Y20-24","2009",55.95,,,,"R1:3513"
"EGY","BA:582","UNE_DEAP_SEX_AGE_RT","SEX_F","AGE_5YRBANDS_Y25-29","2009",30.114,,,,"R1:3513"
"EGY","BA:582","UNE_DEAP_SEX_AGE_RT","SEX_F","AGE_5YRBANDS_Y30-34","2009",13.124,,,,"R1:3513"
"EGY","BA:582","UNE_DEAP_SEX_AGE_RT","SEX_F","AGE_5YRBANDS_Y35-39","2009",4.188,,,,"R1:3513"
"EGY","BA:582","UNE_DEAP_SEX_AGE_RT","SEX_F","AGE_5YRBANDS_Y40-44","2009",7.786,,,,"R1:3513"
"EGY","BA:582","UNE_DEAP_SEX_AGE_RT","SEX_F","AGE_5YRBANDS_Y45-49","2009",5.543,,,,"R1:3513"
"EGY","BA:582","UNE_DEAP_SEX_AGE_RT","SEX_F","AGE_5YRBANDS_Y50-54","2009",16.611,,,,"R1:3513"
"EGY","BA:582","UNE_DEAP_SEX_AGE_RT","SEX_F","AGE_5YRBANDS_Y55-59","2009",2.744,,,,"R1:3513"
"EGY","BA:582","UNE_DEAP_SEX_AGE_RT","SEX_F","AGE_5YRBANDS_Y60-64","2009",,"U",,,"R1:3513"
"EGY","BA:582","UNE_DEAP_SEX_AGE_RT","SEX_T","AGE_YTHADULT_YGE15","2008",8.517,"B",,"I11:264","R1:3513"
"EGY","BA:582","UNE_DEAP_SEX_AGE_RT","SEX_T","AGE_YTHADULT_Y15-64","2008",8.64,"B",,"I11:264","R1:3513"
"EGY","BA:582","UNE_DEAP_SEX_AGE_RT","SEX_T","AGE_YTHADULT_Y15-24","2008",25.036,"B",,"I11:264","R1:3513"
"EGY","BA:582","UNE_DEAP_SEX_AGE_RT","SEX_T","AGE_YTHADULT_YGE25","2008",3.39,"B",,"I11:264","R1:3513"
"EGY","BA:582","UNE_DEAP_SEX_AGE_RT","SEX_M","AGE_YTHADULT_YGE15","2008",5.531,"B",,"I11:264","R1:3513"
"EGY","BA:582","UNE_DEAP_SEX_AGE_RT","SEX_M","AGE_YTHADULT_Y15-64","2008",5.625,"B",,"I11:264","R1:3513"
"EGY","BA:582","UNE_DEAP_SEX_AGE_RT","SEX_M","AGE_YTHADULT_Y15-24","2008",16.49,"B",,"I11:264","R1:3513"
"EGY","BA:582","UNE_DEAP_SEX_AGE_RT","SEX_M","AGE_YTHADULT_YGE25","2008",2.177,"B",,"I11:264","R1:3513"
"EGY","BA:582","UNE_DEAP_SEX_AGE_RT","SEX_F","AGE_YTHADULT_YGE15","2008",18.876,"B",,"I11:264","R1:3513"
"EGY","BA:582","UNE_DEAP_SEX_AGE_RT","SEX_F","AGE_YTHADULT_Y15-64","2008",18.986,"B",,"I11:264","R1:3513"
"EGY","BA:582","UNE_DEAP_SEX_AGE_RT","SEX_F","AGE_YTHADULT_Y15-24","2008",53.34,"B",,"I11:264","R1:3513"
"EGY","BA:582","UNE_DEAP_SEX_AGE_RT","SEX_F","AGE_YTHADULT_YGE25","2008",7.663,"B",,"I11:264","R1:3513"
"EGY","BA:582","UNE_DEAP_SEX_AGE_RT","SEX_T","AGE_AGGREGATE_YGE15","2008",8.517,"B",,"I11:264","R1:3513"
"EGY","BA:582","UNE_DEAP_SEX_AGE_RT","SEX_T","AGE_AGGREGATE_Y15-24","2008",25.036,"B",,"I11:264","R1:3513"
"EGY","BA:582","UNE_DEAP_SEX_AGE_RT","SEX_T","AGE_AGGREGATE_Y25-54","2008",3.915,"B",,"I11:264","R1:3513"
"EGY","BA:582","UNE_DEAP_SEX_AGE_RT","SEX_T","AGE_AGGREGATE_Y55-64","2008",0.128,"U",,"I11:264","R1:3513"
"EGY","BA:582","UNE_DEAP_SEX_AGE_RT","SEX_M","AGE_AGGREGATE_YGE15","2008",5.531,"B",,"I11:264","R1:3513"
"EGY","BA:582","UNE_DEAP_SEX_AGE_RT","SEX_M","AGE_AGGREGATE_Y15-24","2008",16.49,"B",,"I11:264","R1:3513"
"EGY","BA:582","UNE_DEAP_SEX_AGE_RT","SEX_M","AGE_AGGREGATE_Y25-54","2008",2.544,"B",,"I11:264","R1:3513"
"EGY","BA:582","UNE_DEAP_SEX_AGE_RT","SEX_M","AGE_AGGREGATE_Y55-64","2008",0.129,"U",,"I11:264","R1:3513"
"EGY","BA:582","UNE_DEAP_SEX_AGE_RT","SEX_F","AGE_AGGREGATE_YGE15","2008",18.876,"B",,"I11:264","R1:3513"
"EGY","BA:582","UNE_DEAP_SEX_AGE_RT","SEX_F","AGE_AGGREGATE_Y15-24","2008",53.34,"B",,"I11:264","R1:3513"
"EGY","BA:582","UNE_DEAP_SEX_AGE_RT","SEX_F","AGE_AGGREGATE_Y25-54","2008",8.43,"B",,"I11:264","R1:3513"
"EGY","BA:582","UNE_DEAP_SEX_AGE_RT","SEX_F","AGE_AGGREGATE_Y55-64","2008",,"U",,"I11:264","R1:3513"
"EGY","BA:582","UNE_DEAP_SEX_AGE_RT","SEX_T","AGE_10YRBANDS_YGE15","2008",8.517,"B",,"I11:264","R1:3513"
"EGY","BA:582","UNE_DEAP_SEX_AGE_RT","SEX_T","AGE_10YRBANDS_Y15-24","2008",25.036,"B",,"I11:264","R1:3513"
"EGY","BA:582","UNE_DEAP_SEX_AGE_RT","SEX_T","AGE_10YRBANDS_Y25-34","2008",9.51,"B",,"I11:264","R1:3513"
"EGY","BA:582","UNE_DEAP_SEX_AGE_RT","SEX_T","AGE_10YRBANDS_Y35-44","2008",1.045,"B",,"I11:264","R1:3513"
"EGY","BA:582","UNE_DEAP_SEX_AGE_RT","SEX_T","AGE_10YRBANDS_Y45-54","2008",0.227,"B",,"I11:264","R1:3513"
"EGY","BA:582","UNE_DEAP_SEX_AGE_RT","SEX_T","AGE_10YRBANDS_Y55-64","2008",0.128,"U",,"I11:264","R1:3513"
"EGY","BA:582","UNE_DEAP_SEX_AGE_RT","SEX_M","AGE_10YRBANDS_YGE15","2008",5.531,"B",,"I11:264","R1:3513"
"EGY","BA:582","UNE_DEAP_SEX_AGE_RT","SEX_M","AGE_10YRBANDS_Y15-24","2008",16.49,"B",,"I11:264","R1:3513"
"EGY","BA:582","UNE_DEAP_SEX_AGE_RT","SEX_M","AGE_10YRBANDS_Y25-34","2008",6.261,"B",,"I11:264","R1:3513"
"EGY","BA:582","UNE_DEAP_SEX_AGE_RT","SEX_M","AGE_10YRBANDS_Y35-44","2008",0.535,"B",,"I11:264","R1:3513"
"EGY","BA:582","UNE_DEAP_SEX_AGE_RT","SEX_M","AGE_10YRBANDS_Y45-54","2008",0.232,"B",,"I11:264","R1:3513"
"EGY","BA:582","UNE_DEAP_SEX_AGE_RT","SEX_M","AGE_10YRBANDS_Y55-64","2008",0.129,"U",,"I11:264","R1:3513"
"EGY","BA:582","UNE_DEAP_SEX_AGE_RT","SEX_F","AGE_10YRBANDS_YGE15","2008",18.876,"B",,"I11:264","R1:3513"
"EGY","BA:582","UNE_DEAP_SEX_AGE_RT","SEX_F","AGE_10YRBANDS_Y15-24","2008",53.34,"B",,"I11:264","R1:3513"
"EGY","BA:582","UNE_DEAP_SEX_AGE_RT","SEX_F","AGE_10YRBANDS_Y25-34","2008",20.112,"B",,"I11:264","R1:3513"
"EGY","BA:582","UNE_DEAP_SEX_AGE_RT","SEX_F","AGE_10YRBANDS_Y35-44","2008",2.674,"B",,"I11:264","R1:3513"
"EGY","BA:582","UNE_DEAP_SEX_AGE_RT","SEX_F","AGE_10YRBANDS_Y45-54","2008",0.209,"U",,"I11:264","R1:3513"
"EGY","BA:582","UNE_DEAP_SEX_AGE_RT","SEX_F","AGE_10YRBANDS_Y55-64","2008",,"U",,"I11:264","R1:3513"
"EGY","BA:582","UNE_DEAP_SEX_AGE_RT","SEX_T","AGE_5YRBANDS_YGE15","2008",8.517,"B",,"I11:264","R1:3513"
"EGY","BA:582","UNE_DEAP_SEX_AGE_RT","SEX_T","AGE_5YRBANDS_Y15-19","2008",21.513,"B",,"I11:264","R1:3513"
"EGY","BA:582","UNE_DEAP_SEX_AGE_RT","SEX_T","AGE_5YRBANDS_Y20-24","2008",26.609,"B",,"I11:264","R1:3513"
"EGY","BA:582","UNE_DEAP_SEX_AGE_RT","SEX_T","AGE_5YRBANDS_Y25-29","2008",13.305,"B",,"I11:264","R1:3513"
"EGY","BA:582","UNE_DEAP_SEX_AGE_RT","SEX_T","AGE_5YRBANDS_Y30-34","2008",4.346,"B",,"I11:264","R1:3513"
"EGY","BA:582","UNE_DEAP_SEX_AGE_RT","SEX_T","AGE_5YRBANDS_Y35-39","2008",1.508,"B",,"I11:264","R1:3513"
"EGY","BA:582","UNE_DEAP_SEX_AGE_RT","SEX_T","AGE_5YRBANDS_Y40-44","2008",0.586,"B",,"I11:264","R1:3513"
"EGY","BA:582","UNE_DEAP_SEX_AGE_RT","SEX_T","AGE_5YRBANDS_Y45-49","2008",0.249,"B",,"I11:264","R1:3513"
"EGY","BA:582","UNE_DEAP_SEX_AGE_RT","SEX_T","AGE_5YRBANDS_Y50-54","2008",0.199,"B",,"I11:264","R1:3513"
"EGY","BA:582","UNE_DEAP_SEX_AGE_RT","SEX_T","AGE_5YRBANDS_Y55-59","2008",0.181,"U",,"I11:264","R1:3513"
"EGY","BA:582","UNE_DEAP_SEX_AGE_RT","SEX_M","AGE_5YRBANDS_YGE15","2008",5.531,"B",,"I11:264","R1:3513"
"EGY","BA:582","UNE_DEAP_SEX_AGE_RT","SEX_M","AGE_5YRBANDS_Y15-19","2008",13.775,"B",,"I11:264","R1:3513"
"EGY","BA:582","UNE_DEAP_SEX_AGE_RT","SEX_M","AGE_5YRBANDS_Y20-24","2008",17.752,"B",,"I11:264","R1:3513"
"EGY","BA:582","UNE_DEAP_SEX_AGE_RT","SEX_M","AGE_5YRBANDS_Y25-29","2008",9.061,"B",,"I11:264","R1:3513"
"EGY","BA:582","UNE_DEAP_SEX_AGE_RT","SEX_M","AGE_5YRBANDS_Y30-34","2008",2.44,"B",,"I11:264","R1:3513"
"EGY","BA:582","UNE_DEAP_SEX_AGE_RT","SEX_M","AGE_5YRBANDS_Y35-39","2008",0.701,"B",,"I11:264","R1:3513"
"EGY","BA:582","UNE_DEAP_SEX_AGE_RT","SEX_M","AGE_5YRBANDS_Y40-44","2008",0.369,"B",,"I11:264","R1:3513"
"EGY","BA:582","UNE_DEAP_SEX_AGE_RT","SEX_M","AGE_5YRBANDS_Y45-49","2008",0.216,"B",,"I11:264","R1:3513"
"EGY","BA:582","UNE_DEAP_SEX_AGE_RT","SEX_M","AGE_5YRBANDS_Y50-54","2008",0.253,"B",,"I11:264","R1:3513"
"EGY","BA:582","UNE_DEAP_SEX_AGE_RT","SEX_M","AGE_5YRBANDS_Y55-59","2008",0.183,"U",,"I11:264","R1:3513"
"EGY","BA:582","UNE_DEAP_SEX_AGE_RT","SEX_F","AGE_5YRBANDS_YGE15","2008",18.876,"B",,"I11:264","R1:3513"
"EGY","BA:582","UNE_DEAP_SEX_AGE_RT","SEX_F","AGE_5YRBANDS_Y15-19","2008",50.629,"B",,"I11:264","R1:3513"
"EGY","BA:582","UNE_DEAP_SEX_AGE_RT","SEX_F","AGE_5YRBANDS_Y20-24","2008",54.392,"B",,"I11:264","R1:3513"
"EGY","BA:582","UNE_DEAP_SEX_AGE_RT","SEX_F","AGE_5YRBANDS_Y25-29","2008",27.206,"B",,"I11:264","R1:3513"
"EGY","BA:582","UNE_DEAP_SEX_AGE_RT","SEX_F","AGE_5YRBANDS_Y30-34","2008",10.528,"B",,"I11:264","R1:3513"
"EGY","BA:582","UNE_DEAP_SEX_AGE_RT","SEX_F","AGE_5YRBANDS_Y35-39","2008",4.173,"B",,"I11:264","R1:3513"
"EGY","BA:582","UNE_DEAP_SEX_AGE_RT","SEX_F","AGE_5YRBANDS_Y40-44","2008",1.257,"B",,"I11:264","R1:3513"
"EGY","BA:582","UNE_DEAP_SEX_AGE_RT","SEX_F","AGE_5YRBANDS_Y45-49","2008",0.357,"U",,"I11:264","R1:3513"
"EGY","BA:582","UNE_DEAP_SEX_AGE_RT","SEX_F","AGE_5YRBANDS_Y55-59","2008",,"U",,"I11:264","R1:3513"
"EGY","BA:582","UNE_DEAP_SEX_AGE_RT","SEX_T","AGE_YTHADULT_YGE15","2007",8.805,,,,"S3:25_T3:94"
"EGY","BA:582","UNE_DEAP_SEX_AGE_RT","SEX_T","AGE_YTHADULT_Y15-24","2007",24.796,,,,"S3:25_T3:94"
"EGY","BA:582","UNE_DEAP_SEX_AGE_RT","SEX_T","AGE_YTHADULT_YGE25","2007",4.207,,,,"S3:25_T3:94"
"EGY","BA:582","UNE_DEAP_SEX_AGE_RT","SEX_M","AGE_YTHADULT_YGE15","2007",5.822,,,,"S3:25_T3:94"
"EGY","BA:582","UNE_DEAP_SEX_AGE_RT","SEX_M","AGE_YTHADULT_Y15-24","2007",17.162,,,,"S3:25_T3:94"
"EGY","BA:582","UNE_DEAP_SEX_AGE_RT","SEX_M","AGE_YTHADULT_YGE25","2007",2.626,,,,"S3:25_T3:94"
"EGY","BA:582","UNE_DEAP_SEX_AGE_RT","SEX_F","AGE_YTHADULT_YGE15","2007",18.424,,,,"S3:25_T3:94"
"EGY","BA:582","UNE_DEAP_SEX_AGE_RT","SEX_F","AGE_YTHADULT_Y15-24","2007",47.892,,,,"S3:25_T3:94"
"EGY","BA:582","UNE_DEAP_SEX_AGE_RT","SEX_F","AGE_YTHADULT_YGE25","2007",9.405,,,,"S3:25_T3:94"
"EGY","BA:582","UNE_DEAP_SEX_AGE_RT","SEX_T","AGE_AGGREGATE_YGE15","2007",8.8,,,,"S3:25_T3:94"
"EGY","BA:582","UNE_DEAP_SEX_AGE_RT","SEX_T","AGE_AGGREGATE_Y15-24","2007",24.8,,,,"S3:25_T3:94"
"EGY","BA:582","UNE_DEAP_SEX_AGE_RT","SEX_T","AGE_AGGREGATE_Y25-54","2007",4.44,,"C6:1631",,"S3:25_T3:94"
"EGY","BA:582","UNE_DEAP_SEX_AGE_RT","SEX_M","AGE_AGGREGATE_YGE15","2007",5.82,,,,"S3:25_T3:94"
"EGY","BA:582","UNE_DEAP_SEX_AGE_RT","SEX_M","AGE_AGGREGATE_Y15-24","2007",17.16,,,,"S3:25_T3:94"
"EGY","BA:582","UNE_DEAP_SEX_AGE_RT","SEX_M","AGE_AGGREGATE_Y25-54","2007",2.79,,"C6:1631",,"S3:25_T3:94"
"EGY","BA:582","UNE_DEAP_SEX_AGE_RT","SEX_F","AGE_AGGREGATE_YGE15","2007",18.42,,,,"S3:25_T3:94"
"EGY","BA:582","UNE_DEAP_SEX_AGE_RT","SEX_F","AGE_AGGREGATE_Y15-24","2007",47.89,,,,"S3:25_T3:94"
"EGY","BA:582","UNE_DEAP_SEX_AGE_RT","SEX_F","AGE_AGGREGATE_Y25-54","2007",9.69,,,,"S3:25_T3:94"
"EGY","BA:582","UNE_DEAP_SEX_AGE_RT","SEX_T","AGE_10YRBANDS_YGE15","2007",8.805,,,,"S3:25_T3:94"
"EGY","BA:582","UNE_DEAP_SEX_AGE_RT","SEX_T","AGE_10YRBANDS_Y15-24","2007",24.796,,,,"S3:25_T3:94"
"EGY","BA:582","UNE_DEAP_SEX_AGE_RT","SEX_T","AGE_10YRBANDS_Y25-34","2007",8.619,,,,"S3:25_T3:94"
"EGY","BA:582","UNE_DEAP_SEX_AGE_RT","SEX_M","AGE_10YRBANDS_YGE15","2007",5.822,,,,"S3:25_T3:94"
"EGY","BA:582","UNE_DEAP_SEX_AGE_RT","SEX_M","AGE_10YRBANDS_Y15-24","2007",17.162,,,,"S3:25_T3:94"
"EGY","BA:582","UNE_DEAP_SEX_AGE_RT","SEX_M","AGE_10YRBANDS_Y25-34","2007",5.476,,,,"S3:25_T3:94"
"EGY","BA:582","UNE_DEAP_SEX_AGE_RT","SEX_F","AGE_10YRBANDS_YGE15","2007",18.424,,,,"S3:25_T3:94"
"EGY","BA:582","UNE_DEAP_SEX_AGE_RT","SEX_F","AGE_10YRBANDS_Y15-24","2007",47.892,,,,"S3:25_T3:94"
"EGY","BA:582","UNE_DEAP_SEX_AGE_RT","SEX_F","AGE_10YRBANDS_Y25-34","2007",17.876,,,,"S3:25_T3:94"
"EGY","BA:582","UNE_DEAP_SEX_AGE_RT","SEX_T","AGE_5YRBANDS_YGE15","2007",8.805,,,,"S3:25_T3:94"
"EGY","BA:582","UNE_DEAP_SEX_AGE_RT","SEX_T","AGE_5YRBANDS_Y15-19","2007",19.026,,,,"S3:25_T3:94"
"EGY","BA:582","UNE_DEAP_SEX_AGE_RT","SEX_T","AGE_5YRBANDS_Y20-24","2007",27.506,,,,"S3:25_T3:94"
"EGY","BA:582","UNE_DEAP_SEX_AGE_RT","SEX_T","AGE_5YRBANDS_Y25-29","2007",16.609,,,,"S3:25_T3:94"
"EGY","BA:582","UNE_DEAP_SEX_AGE_RT","SEX_T","AGE_5YRBANDS_Y30-34","2007",3.841,,"C6:1629",,"S3:25_T3:94"
"EGY","BA:582","UNE_DEAP_SEX_AGE_RT","SEX_T","AGE_5YRBANDS_Y40-44","2007",0.496,,"C6:1630",,"S3:25_T3:94"
"EGY","BA:582","UNE_DEAP_SEX_AGE_RT","SEX_T","AGE_5YRBANDS_Y50-54","2007",0.034,,"C6:1631",,"S3:25_T3:94"
"EGY","BA:582","UNE_DEAP_SEX_AGE_RT","SEX_M","AGE_5YRBANDS_YGE15","2007",5.822,,,,"S3:25_T3:94"
"EGY","BA:582","UNE_DEAP_SEX_AGE_RT","SEX_M","AGE_5YRBANDS_Y15-19","2007",12.295,,,,"S3:25_T3:94"
"EGY","BA:582","UNE_DEAP_SEX_AGE_RT","SEX_M","AGE_5YRBANDS_Y20-24","2007",19.541,,,,"S3:25_T3:94"
"EGY","BA:582","UNE_DEAP_SEX_AGE_RT","SEX_M","AGE_5YRBANDS_Y25-29","2007",11.57,,,,"S3:25_T3:94"
"EGY","BA:582","UNE_DEAP_SEX_AGE_RT","SEX_M","AGE_5YRBANDS_Y30-34","2007",1.839,,"C6:1629",,"S3:25_T3:94"
"EGY","BA:582","UNE_DEAP_SEX_AGE_RT","SEX_M","AGE_5YRBANDS_Y40-44","2007",0.379,,"C6:1630",,"S3:25_T3:94"
"EGY","BA:582","UNE_DEAP_SEX_AGE_RT","SEX_M","AGE_5YRBANDS_Y50-54","2007",0.042,,"C6:1631",,"S3:25_T3:94"
"EGY","BA:582","UNE_DEAP_SEX_AGE_RT","SEX_F","AGE_5YRBANDS_YGE15","2007",18.424,,,,"S3:25_T3:94"
"EGY","BA:582","UNE_DEAP_SEX_AGE_RT","SEX_F","AGE_5YRBANDS_Y15-19","2007",41.825,,,,"S3:25_T3:94"
"EGY","BA:582","UNE_DEAP_SEX_AGE_RT","SEX_F","AGE_5YRBANDS_Y20-24","2007",50.41,,,,"S3:25_T3:94"
"EGY","BA:582","UNE_DEAP_SEX_AGE_RT","SEX_F","AGE_5YRBANDS_Y25-29","2007",31.382,,,,"S3:25_T3:94"
"EGY","BA:582","UNE_DEAP_SEX_AGE_RT","SEX_F","AGE_5YRBANDS_Y30-34","2007",9.755,,"C6:1629",,"S3:25_T3:94"
"EGY","BA:582","UNE_DEAP_SEX_AGE_RT","SEX_F","AGE_5YRBANDS_Y40-44","2007",0.85,,"C6:1630",,"S3:25_T3:94"
"EGY","BA:582","UNE_DEAP_SEX_AGE_RT","SEX_T","AGE_YTHADULT_YGE15","2006",10.491,,,,"S3:25_T3:94"
"EGY","BA:582","UNE_DEAP_SEX_AGE_RT","SEX_T","AGE_YTHADULT_Y15-24","2006",29.868,,,,"S3:25_T3:94"
"EGY","BA:582","UNE_DEAP_SEX_AGE_RT","SEX_T","AGE_YTHADULT_YGE25","2006",4.52,,,,"S3:25_T3:94"
"EGY","BA:582","UNE_DEAP_SEX_AGE_RT","SEX_M","AGE_YTHADULT_YGE15","2006",6.679,,,,"S3:25_T3:94"
"EGY","BA:582","UNE_DEAP_SEX_AGE_RT","SEX_M","AGE_YTHADULT_Y15-24","2006",20.574,,,,"S3:25_T3:94"
"EGY","BA:582","UNE_DEAP_SEX_AGE_RT","SEX_M","AGE_YTHADULT_YGE25","2006",2.735,,,,"S3:25_T3:94"
"EGY","BA:582","UNE_DEAP_SEX_AGE_RT","SEX_F","AGE_YTHADULT_YGE15","2006",23.939,,,,"S3:25_T3:94"
"EGY","BA:582","UNE_DEAP_SEX_AGE_RT","SEX_F","AGE_YTHADULT_Y15-24","2006",55.173,,,,"S3:25_T3:94"
"EGY","BA:582","UNE_DEAP_SEX_AGE_RT","SEX_F","AGE_YTHADULT_YGE25","2006",11.396,,,,"S3:25_T3:94"
"EGY","BA:582","UNE_DEAP_SEX_AGE_RT","SEX_T","AGE_AGGREGATE_YGE15","2006",10.49,,,,"S3:25_T3:94"
"EGY","BA:582","UNE_DEAP_SEX_AGE_RT","SEX_T","AGE_AGGREGATE_Y15-24","2006",29.87,,,,"S3:25_T3:94"
"EGY","BA:582","UNE_DEAP_SEX_AGE_RT","SEX_T","AGE_AGGREGATE_Y25-54","2006",4.74,,"C6:1631",,"S3:25_T3:94"
"EGY","BA:582","UNE_DEAP_SEX_AGE_RT","SEX_M","AGE_AGGREGATE_YGE15","2006",6.68,,,,"S3:25_T3:94"
"EGY","BA:582","UNE_DEAP_SEX_AGE_RT","SEX_M","AGE_AGGREGATE_Y15-24","2006",20.57,,,,"S3:25_T3:94"
"EGY","BA:582","UNE_DEAP_SEX_AGE_RT","SEX_M","AGE_AGGREGATE_Y25-54","2006",2.9,,"C6:1631",,"S3:25_T3:94"
"EGY","BA:582","UNE_DEAP_SEX_AGE_RT","SEX_F","AGE_AGGREGATE_YGE15","2006",23.94,,,,"S3:25_T3:94"
"EGY","BA:582","UNE_DEAP_SEX_AGE_RT","SEX_F","AGE_AGGREGATE_Y15-24","2006",55.17,,,,"S3:25_T3:94"
"EGY","BA:582","UNE_DEAP_SEX_AGE_RT","SEX_F","AGE_AGGREGATE_Y25-54","2006",11.53,,"C6:1631",,"S3:25_T3:94"
"EGY","BA:582","UNE_DEAP_SEX_AGE_RT","SEX_T","AGE_10YRBANDS_YGE15","2006",10.491,,,,"S3:25_T3:94"
"EGY","BA:582","UNE_DEAP_SEX_AGE_RT","SEX_T","AGE_10YRBANDS_Y15-24","2006",29.868,,,,"S3:25_T3:94"
"EGY","BA:582","UNE_DEAP_SEX_AGE_RT","SEX_T","AGE_10YRBANDS_Y25-34","2006",8.837,,,,"S3:25_T3:94"
"EGY","BA:582","UNE_DEAP_SEX_AGE_RT","SEX_M","AGE_10YRBANDS_YGE15","2006",6.679,,,,"S3:25_T3:94"
"EGY","BA:582","UNE_DEAP_SEX_AGE_RT","SEX_M","AGE_10YRBANDS_Y15-24","2006",20.574,,,,"S3:25_T3:94"
"EGY","BA:582","UNE_DEAP_SEX_AGE_RT","SEX_M","AGE_10YRBANDS_Y25-34","2006",5.376,,,,"S3:25_T3:94"
"EGY","BA:582","UNE_DEAP_SEX_AGE_RT","SEX_F","AGE_10YRBANDS_YGE15","2006",23.939,,,,"S3:25_T3:94"
"EGY","BA:582","UNE_DEAP_SEX_AGE_RT","SEX_F","AGE_10YRBANDS_Y15-24","2006",55.173,,,,"S3:25_T3:94"
"EGY","BA:582","UNE_DEAP_SEX_AGE_RT","SEX_F","AGE_10YRBANDS_Y25-34","2006",20.245,,,,"S3:25_T3:94"
"EGY","BA:582","UNE_DEAP_SEX_AGE_RT","SEX_T","AGE_5YRBANDS_YGE15","2006",10.491,,,,"S3:25_T3:94"
"EGY","BA:582","UNE_DEAP_SEX_AGE_RT","SEX_T","AGE_5YRBANDS_Y15-19","2006",28.291,,,,"S3:25_T3:94"
"EGY","BA:582","UNE_DEAP_SEX_AGE_RT","SEX_T","AGE_5YRBANDS_Y20-24","2006",30.635,,,,"S3:25_T3:94"
"EGY","BA:582","UNE_DEAP_SEX_AGE_RT","SEX_T","AGE_5YRBANDS_Y25-29","2006",16.666,,,,"S3:25_T3:94"
"EGY","BA:582","UNE_DEAP_SEX_AGE_RT","SEX_T","AGE_5YRBANDS_Y30-34","2006",3.974,,"C6:1629",,"S3:25_T3:94"
"EGY","BA:582","UNE_DEAP_SEX_AGE_RT","SEX_T","AGE_5YRBANDS_Y40-44","2006",0.503,,"C6:1630",,"S3:25_T3:94"
"EGY","BA:582","UNE_DEAP_SEX_AGE_RT","SEX_T","AGE_5YRBANDS_Y50-54","2006",0.192,,"C6:1631",,"S3:25_T3:94"
"EGY","BA:582","UNE_DEAP_SEX_AGE_RT","SEX_M","AGE_5YRBANDS_YGE15","2006",6.679,,,,"S3:25_T3:94"
"EGY","BA:582","UNE_DEAP_SEX_AGE_RT","SEX_M","AGE_5YRBANDS_Y15-19","2006",18.35,,,,"S3:25_T3:94"
"EGY","BA:582","UNE_DEAP_SEX_AGE_RT","SEX_M","AGE_5YRBANDS_Y20-24","2006",21.701,,,,"S3:25_T3:94"
"EGY","BA:582","UNE_DEAP_SEX_AGE_RT","SEX_M","AGE_5YRBANDS_Y25-29","2006",10.916,,,,"S3:25_T3:94"
"EGY","BA:582","UNE_DEAP_SEX_AGE_RT","SEX_M","AGE_5YRBANDS_Y30-34","2006",2.031,,"C6:1629",,"S3:25_T3:94"
"EGY","BA:582","UNE_DEAP_SEX_AGE_RT","SEX_M","AGE_5YRBANDS_Y40-44","2006",0.504,,"C6:1630",,"S3:25_T3:94"
"EGY","BA:582","UNE_DEAP_SEX_AGE_RT","SEX_M","AGE_5YRBANDS_Y50-54","2006",0.218,,"C6:1631",,"S3:25_T3:94"
"EGY","BA:582","UNE_DEAP_SEX_AGE_RT","SEX_F","AGE_5YRBANDS_YGE15","2006",23.939,,,,"S3:25_T3:94"
"EGY","BA:582","UNE_DEAP_SEX_AGE_RT","SEX_F","AGE_5YRBANDS_Y15-19","2006",58.452,,,,"S3:25_T3:94"
"EGY","BA:582","UNE_DEAP_SEX_AGE_RT","SEX_F","AGE_5YRBANDS_Y20-24","2006",53.755,,,,"S3:25_T3:94"
"EGY","BA:582","UNE_DEAP_SEX_AGE_RT","SEX_F","AGE_5YRBANDS_Y25-29","2006",34.265,,,,"S3:25_T3:94"
"EGY","BA:582","UNE_DEAP_SEX_AGE_RT","SEX_F","AGE_5YRBANDS_Y30-34","2006",10.688,,"C6:1629",,"S3:25_T3:94"
"EGY","BA:582","UNE_DEAP_SEX_AGE_RT","SEX_F","AGE_5YRBANDS_Y40-44","2006",0.499,,"C6:1630",,"S3:25_T3:94"
"EGY","BA:582","UNE_DEAP_SEX_AGE_RT","SEX_F","AGE_5YRBANDS_Y50-54","2006",0.043,,"C6:1631",,"S3:25_T3:94"
"EGY","BA:582","UNE_DEAP_SEX_AGE_RT","SEX_T","AGE_YTHADULT_YGE15","2005",11.243,,,,"S3:25_T3:94"
"EGY","BA:582","UNE_DEAP_SEX_AGE_RT","SEX_T","AGE_YTHADULT_Y15-24","2005",34.084,,,,"S3:25_T3:94"
"EGY","BA:582","UNE_DEAP_SEX_AGE_RT","SEX_T","AGE_YTHADULT_YGE25","2005",4.136,,,,"S3:25_T3:94"
"EGY","BA:582","UNE_DEAP_SEX_AGE_RT","SEX_M","AGE_YTHADULT_YGE15","2005",7.116,,,,"S3:25_T3:94"
"EGY","BA:582","UNE_DEAP_SEX_AGE_RT","SEX_M","AGE_YTHADULT_Y15-24","2005",23.297,,,,"S3:25_T3:94"
"EGY","BA:582","UNE_DEAP_SEX_AGE_RT","SEX_M","AGE_YTHADULT_YGE25","2005",2.482,,,,"S3:25_T3:94"
"EGY","BA:582","UNE_DEAP_SEX_AGE_RT","SEX_F","AGE_YTHADULT_YGE15","2005",25.087,,,,"S3:25_T3:94"
"EGY","BA:582","UNE_DEAP_SEX_AGE_RT","SEX_F","AGE_YTHADULT_Y15-24","2005",62.188,,,,"S3:25_T3:94"
"EGY","BA:582","UNE_DEAP_SEX_AGE_RT","SEX_F","AGE_YTHADULT_YGE25","2005",10.184,,,,"S3:25_T3:94"
"EGY","BA:582","UNE_DEAP_SEX_AGE_RT","SEX_T","AGE_YTHADULT_YGE15","2004",10.745,,,,
"EGY","BA:582","UNE_DEAP_SEX_AGE_RT","SEX_M","AGE_YTHADULT_YGE15","2004",6.841,,,,
"EGY","BA:582","UNE_DEAP_SEX_AGE_RT","SEX_F","AGE_YTHADULT_YGE15","2004",24.447,,,,
"EGY","BA:582","UNE_DEAP_SEX_AGE_RT","SEX_T","AGE_YTHADULT_YGE15","2003",10.416,,,,
"EGY","BA:582","UNE_DEAP_SEX_AGE_RT","SEX_M","AGE_YTHADULT_YGE15","2003",6.481,,,,
"EGY","BA:582","UNE_DEAP_SEX_AGE_RT","SEX_F","AGE_YTHADULT_YGE15","2003",24.189,,,,
"EGY","BA:582","UNE_DEAP_SEX_AGE_RT","SEX_T","AGE_YTHADULT_YGE15","2002",10.015,,,,"S3:25_T3:94"
"EGY","BA:582","UNE_DEAP_SEX_AGE_RT","SEX_T","AGE_YTHADULT_Y15-24","2002",27.102,,,,"S3:25_T3:94"
"EGY","BA:582","UNE_DEAP_SEX_AGE_RT","SEX_T","AGE_YTHADULT_YGE25","2002",5.45,,,,"S3:25_T3:94"
"EGY","BA:582","UNE_DEAP_SEX_AGE_RT","SEX_M","AGE_YTHADULT_YGE15","2002",6.215,,,,"S3:25_T3:94"
"EGY","BA:582","UNE_DEAP_SEX_AGE_RT","SEX_M","AGE_YTHADULT_Y15-24","2002",21.389,,,,"S3:25_T3:94"
"EGY","BA:582","UNE_DEAP_SEX_AGE_RT","SEX_M","AGE_YTHADULT_YGE25","2002",2.736,,,,"S3:25_T3:94"
"EGY","BA:582","UNE_DEAP_SEX_AGE_RT","SEX_F","AGE_YTHADULT_YGE15","2002",23.806,,,,"S3:25_T3:94"
"EGY","BA:582","UNE_DEAP_SEX_AGE_RT","SEX_F","AGE_YTHADULT_Y15-24","2002",40.048,,,,"S3:25_T3:94"
"EGY","BA:582","UNE_DEAP_SEX_AGE_RT","SEX_F","AGE_YTHADULT_YGE25","2002",16.884,,,,"S3:25_T3:94"
"EGY","BA:582","UNE_DEAP_SEX_AGE_RT","SEX_T","AGE_AGGREGATE_Y15-24","2002",27.102,,,,"S3:25_T3:94"
"EGY","BA:582","UNE_DEAP_SEX_AGE_RT","SEX_M","AGE_AGGREGATE_Y15-24","2002",21.389,,,,"S3:25_T3:94"
"EGY","BA:582","UNE_DEAP_SEX_AGE_RT","SEX_F","AGE_AGGREGATE_Y15-24","2002",40.048,,,,"S3:25_T3:94"
"EGY","BA:582","UNE_DEAP_SEX_AGE_RT","SEX_T","AGE_10YRBANDS_YGE15","2002",10.015,,,,"S3:25_T3:94"
"EGY","BA:582","UNE_DEAP_SEX_AGE_RT","SEX_T","AGE_10YRBANDS_Y15-24","2002",27.102,,,,"S3:25_T3:94"
"EGY","BA:582","UNE_DEAP_SEX_AGE_RT","SEX_T","AGE_10YRBANDS_Y25-34","2002",11.509,,,,"S3:25_T3:94"
"EGY","BA:582","UNE_DEAP_SEX_AGE_RT","SEX_M","AGE_10YRBANDS_YGE15","2002",6.215,,,,"S3:25_T3:94"
"EGY","BA:582","UNE_DEAP_SEX_AGE_RT","SEX_M","AGE_10YRBANDS_Y15-24","2002",21.389,,,,"S3:25_T3:94"
"EGY","BA:582","UNE_DEAP_SEX_AGE_RT","SEX_M","AGE_10YRBANDS_Y25-34","2002",6.154,,,,"S3:25_T3:94"
"EGY","BA:582","UNE_DEAP_SEX_AGE_RT","SEX_F","AGE_10YRBANDS_YGE15","2002",23.806,,,,"S3:25_T3:94"
"EGY","BA:582","UNE_DEAP_SEX_AGE_RT","SEX_F","AGE_10YRBANDS_Y15-24","2002",40.048,,,,"S3:25_T3:94"
"EGY","BA:582","UNE_DEAP_SEX_AGE_RT","SEX_F","AGE_10YRBANDS_Y25-34","2002",27.758,,,,"S3:25_T3:94"
"EGY","BA:582","UNE_DEAP_SEX_AGE_RT","SEX_T","AGE_5YRBANDS_YGE15","2002",10.015,,,,"S3:25_T3:94"
"EGY","BA:582","UNE_DEAP_SEX_AGE_RT","SEX_T","AGE_5YRBANDS_Y15-19","2002",25.651,,,,"S3:25_T3:94"
"EGY","BA:582","UNE_DEAP_SEX_AGE_RT","SEX_T","AGE_5YRBANDS_Y20-24","2002",27.875,,,,"S3:25_T3:94"
"EGY","BA:582","UNE_DEAP_SEX_AGE_RT","SEX_T","AGE_5YRBANDS_Y25-29","2002",23.784,,,,"S3:25_T3:94"
"EGY","BA:582","UNE_DEAP_SEX_AGE_RT","SEX_T","AGE_5YRBANDS_Y30-34","2002",5.021,,"C6:1629",,"S3:25_T3:94"
"EGY","BA:582","UNE_DEAP_SEX_AGE_RT","SEX_T","AGE_5YRBANDS_Y40-44","2002",0.208,,"C6:1630",,"S3:25_T3:94"
"EGY","BA:582","UNE_DEAP_SEX_AGE_RT","SEX_T","AGE_5YRBANDS_Y50-54","2002",0.109,,"C6:1631",,"S3:25_T3:94"
"EGY","BA:582","UNE_DEAP_SEX_AGE_RT","SEX_M","AGE_5YRBANDS_YGE15","2002",6.215,,,,"S3:25_T3:94"
"EGY","BA:582","UNE_DEAP_SEX_AGE_RT","SEX_M","AGE_5YRBANDS_Y15-19","2002",19.331,,,,"S3:25_T3:94"
"EGY","BA:582","UNE_DEAP_SEX_AGE_RT","SEX_M","AGE_5YRBANDS_Y20-24","2002",22.535,,,,"S3:25_T3:94"
"EGY","BA:582","UNE_DEAP_SEX_AGE_RT","SEX_M","AGE_5YRBANDS_Y25-29","2002",15.123,,,,"S3:25_T3:94"
"EGY","BA:582","UNE_DEAP_SEX_AGE_RT","SEX_M","AGE_5YRBANDS_Y30-34","2002",1.737,,"C6:1629",,"S3:25_T3:94"
"EGY","BA:582","UNE_DEAP_SEX_AGE_RT","SEX_M","AGE_5YRBANDS_Y40-44","2002",0.166,,"C6:1630",,"S3:25_T3:94"
"EGY","BA:582","UNE_DEAP_SEX_AGE_RT","SEX_M","AGE_5YRBANDS_Y50-54","2002",0.067,,"C6:1631",,"S3:25_T3:94"
"EGY","BA:582","UNE_DEAP_SEX_AGE_RT","SEX_F","AGE_5YRBANDS_YGE15","2002",23.806,,,,"S3:25_T3:94"
"EGY","BA:582","UNE_DEAP_SEX_AGE_RT","SEX_F","AGE_5YRBANDS_Y15-19","2002",41.393,,,,"S3:25_T3:94"
"EGY","BA:582","UNE_DEAP_SEX_AGE_RT","SEX_F","AGE_5YRBANDS_Y20-24","2002",39.399,,,,"S3:25_T3:94"
"EGY","BA:582","UNE_DEAP_SEX_AGE_RT","SEX_F","AGE_5YRBANDS_Y25-29","2002",45.794,,,,"S3:25_T3:94"
"EGY","BA:582","UNE_DEAP_SEX_AGE_RT","SEX_F","AGE_5YRBANDS_Y30-34","2002",16.035,,"C6:1629",,"S3:25_T3:94"
"EGY","BA:582","UNE_DEAP_SEX_AGE_RT","SEX_F","AGE_5YRBANDS_Y40-44","2002",0.405,,"C6:1630",,"S3:25_T3:94"
"EGY","BA:582","UNE_DEAP_SEX_AGE_RT","SEX_F","AGE_5YRBANDS_Y50-54","2002",0.452,,"C6:1631",,"S3:25_T3:94"
"EGY","BA:582","UNE_DEAP_SEX_AGE_RT","SEX_T","AGE_YTHADULT_YGE15","2001",9.2,,,,"S3:25_T3:94"
"EGY","BA:582","UNE_DEAP_SEX_AGE_RT","SEX_T","AGE_YTHADULT_Y15-24","2001",27.7,,,,"S3:25_T3:94"
"EGY","BA:582","UNE_DEAP_SEX_AGE_RT","SEX_T","AGE_YTHADULT_YGE25","2001",4.607,,,,"S3:25_T3:94"
"EGY","BA:582","UNE_DEAP_SEX_AGE_RT","SEX_M","AGE_YTHADULT_YGE15","2001",5.6,,,,"S3:25_T3:94"
"EGY","BA:582","UNE_DEAP_SEX_AGE_RT","SEX_M","AGE_YTHADULT_Y15-24","2001",19.155,,,,"S3:25_T3:94"
"EGY","BA:582","UNE_DEAP_SEX_AGE_RT","SEX_M","AGE_YTHADULT_YGE25","2001",2.522,,,,"S3:25_T3:94"
"EGY","BA:582","UNE_DEAP_SEX_AGE_RT","SEX_F","AGE_YTHADULT_YGE15","2001",22.6,,,,"S3:25_T3:94"
"EGY","BA:582","UNE_DEAP_SEX_AGE_RT","SEX_F","AGE_YTHADULT_Y15-24","2001",51.098,,,,"S3:25_T3:94"
"EGY","BA:582","UNE_DEAP_SEX_AGE_RT","SEX_F","AGE_YTHADULT_YGE25","2001",12.594,,,,"S3:25_T3:94"
"EGY","BA:582","UNE_DEAP_SEX_AGE_RT","SEX_T","AGE_AGGREGATE_YGE15","2001",9.2,,,,"S3:25_T3:94"
"EGY","BA:582","UNE_DEAP_SEX_AGE_RT","SEX_T","AGE_AGGREGATE_Y15-24","2001",27.7,,,,"S3:25_T3:94"
"EGY","BA:582","UNE_DEAP_SEX_AGE_RT","SEX_M","AGE_AGGREGATE_YGE15","2001",5.6,,,,"S3:25_T3:94"
"EGY","BA:582","UNE_DEAP_SEX_AGE_RT","SEX_M","AGE_AGGREGATE_Y15-24","2001",19.155,,,,"S3:25_T3:94"
"EGY","BA:582","UNE_DEAP_SEX_AGE_RT","SEX_F","AGE_AGGREGATE_YGE15","2001",22.6,,,,"S3:25_T3:94"
"EGY","BA:582","UNE_DEAP_SEX_AGE_RT","SEX_F","AGE_AGGREGATE_Y15-24","2001",51.098,,,,"S3:25_T3:94"
"EGY","BA:582","UNE_DEAP_SEX_AGE_RT","SEX_T","AGE_10YRBANDS_YGE15","2001",9.2,,,,"S3:25_T3:94"
"EGY","BA:582","UNE_DEAP_SEX_AGE_RT","SEX_T","AGE_10YRBANDS_Y15-24","2001",27.7,,,,"S3:25_T3:94"
"EGY","BA:582","UNE_DEAP_SEX_AGE_RT","SEX_T","AGE_10YRBANDS_Y25-34","2001",9.371,,,,"S3:25_T3:94"
"EGY","BA:582","UNE_DEAP_SEX_AGE_RT","SEX_M","AGE_10YRBANDS_YGE15","2001",5.6,,,,"S3:25_T3:94"
"EGY","BA:582","UNE_DEAP_SEX_AGE_RT","SEX_M","AGE_10YRBANDS_Y15-24","2001",19.155,,,,"S3:25_T3:94"
"EGY","BA:582","UNE_DEAP_SEX_AGE_RT","SEX_M","AGE_10YRBANDS_Y25-34","2001",5.387,,,,"S3:25_T3:94"
"EGY","BA:582","UNE_DEAP_SEX_AGE_RT","SEX_F","AGE_10YRBANDS_YGE15","2001",22.6,,,,"S3:25_T3:94"
"EGY","BA:582","UNE_DEAP_SEX_AGE_RT","SEX_F","AGE_10YRBANDS_Y15-24","2001",51.098,,,,"S3:25_T3:94"
"EGY","BA:582","UNE_DEAP_SEX_AGE_RT","SEX_F","AGE_10YRBANDS_Y25-34","2001",21.153,,,,"S3:25_T3:94"
"EGY","BA:582","UNE_DEAP_SEX_AGE_RT","SEX_T","AGE_5YRBANDS_YGE15","2001",9.2,,,,"S3:25_T3:94"
"EGY","BA:582","UNE_DEAP_SEX_AGE_RT","SEX_T","AGE_5YRBANDS_Y15-19","2001",23.898,,,,"S3:25_T3:94"
"EGY","BA:582","UNE_DEAP_SEX_AGE_RT","SEX_T","AGE_5YRBANDS_Y20-24","2001",30.066,,,,"S3:25_T3:94"
"EGY","BA:582","UNE_DEAP_SEX_AGE_RT","SEX_T","AGE_5YRBANDS_Y25-29","2001",19.326,,,,"S3:25_T3:94"
"EGY","BA:582","UNE_DEAP_SEX_AGE_RT","SEX_T","AGE_5YRBANDS_Y30-34","2001",4.049,,"C6:1629",,"S3:25_T3:94"
"EGY","BA:582","UNE_DEAP_SEX_AGE_RT","SEX_T","AGE_5YRBANDS_Y40-44","2001",0.248,,"C6:1630",,"S3:25_T3:94"
"EGY","BA:582","UNE_DEAP_SEX_AGE_RT","SEX_T","AGE_5YRBANDS_Y50-54","2001",0.145,,"C6:1631",,"S3:25_T3:94"
"EGY","BA:582","UNE_DEAP_SEX_AGE_RT","SEX_M","AGE_5YRBANDS_YGE15","2001",5.6,,,,"S3:25_T3:94"
"EGY","BA:582","UNE_DEAP_SEX_AGE_RT","SEX_M","AGE_5YRBANDS_Y15-19","2001",15.223,,,,"S3:25_T3:94"
"EGY","BA:582","UNE_DEAP_SEX_AGE_RT","SEX_M","AGE_5YRBANDS_Y20-24","2001",21.81,,,,"S3:25_T3:94"
"EGY","BA:582","UNE_DEAP_SEX_AGE_RT","SEX_M","AGE_5YRBANDS_Y25-29","2001",12.36,,,,"S3:25_T3:94"
"EGY","BA:582","UNE_DEAP_SEX_AGE_RT","SEX_M","AGE_5YRBANDS_Y30-34","2001",1.774,,"C6:1629",,"S3:25_T3:94"
"EGY","BA:582","UNE_DEAP_SEX_AGE_RT","SEX_M","AGE_5YRBANDS_Y40-44","2001",0.209,,"C6:1630",,"S3:25_T3:94"
"EGY","BA:582","UNE_DEAP_SEX_AGE_RT","SEX_M","AGE_5YRBANDS_Y50-54","2001",0.095,,"C6:1631",,"S3:25_T3:94"
"EGY","BA:582","UNE_DEAP_SEX_AGE_RT","SEX_F","AGE_5YRBANDS_YGE15","2001",22.6,,,,"S3:25_T3:94"
"EGY","BA:582","UNE_DEAP_SEX_AGE_RT","SEX_F","AGE_5YRBANDS_Y15-19","2001",52.921,,,,"S3:25_T3:94"
"EGY","BA:582","UNE_DEAP_SEX_AGE_RT","SEX_F","AGE_5YRBANDS_Y20-24","2001",50.201,,,,"S3:25_T3:94"
"EGY","BA:582","UNE_DEAP_SEX_AGE_RT","SEX_F","AGE_5YRBANDS_Y25-29","2001",38.352,,,,"S3:25_T3:94"
"EGY","BA:582","UNE_DEAP_SEX_AGE_RT","SEX_F","AGE_5YRBANDS_Y30-34","2001",11.077,,"C6:1629",,"S3:25_T3:94"
"EGY","BA:582","UNE_DEAP_SEX_AGE_RT","SEX_F","AGE_5YRBANDS_Y40-44","2001",0.404,,"C6:1630",,"S3:25_T3:94"
"EGY","BA:582","UNE_DEAP_SEX_AGE_RT","SEX_F","AGE_5YRBANDS_Y50-54","2001",0.471,,"C6:1631",,"S3:25_T3:94"
"EGY","BA:582","UNE_DEAP_SEX_AGE_RT","SEX_T","AGE_YTHADULT_YGE15","2000",8.984,,,,"S3:25_T3:94"
"EGY","BA:582","UNE_DEAP_SEX_AGE_RT","SEX_M","AGE_YTHADULT_YGE15","2000",5.057,,,,"S3:25_T3:94"
"EGY","BA:582","UNE_DEAP_SEX_AGE_RT","SEX_F","AGE_YTHADULT_YGE15","2000",22.73,,,,"S3:25_T3:94"
"EGY","BA:582","UNE_DEAP_SEX_AGE_RT","SEX_T","AGE_YTHADULT_YGE15","1999",7.953,,,,"S3:25_T3:94"
"EGY","BA:582","UNE_DEAP_SEX_AGE_RT","SEX_T","AGE_YTHADULT_Y15-24","1999",20.377,,,,"S3:25_T3:94"
"EGY","BA:582","UNE_DEAP_SEX_AGE_RT","SEX_T","AGE_YTHADULT_YGE25","1999",4.198,,,,"S3:25_T3:94"
"EGY","BA:582","UNE_DEAP_SEX_AGE_RT","SEX_M","AGE_YTHADULT_YGE15","1999",4.94,,,,"S3:25_T3:94"
"EGY","BA:582","UNE_DEAP_SEX_AGE_RT","SEX_M","AGE_YTHADULT_Y15-24","1999",13.848,,,,"S3:25_T3:94"
"EGY","BA:582","UNE_DEAP_SEX_AGE_RT","SEX_M","AGE_YTHADULT_YGE25","1999",2.573,,,,"S3:25_T3:94"
"EGY","BA:582","UNE_DEAP_SEX_AGE_RT","SEX_F","AGE_YTHADULT_YGE15","1999",19.259,,,,"S3:25_T3:94"
"EGY","BA:582","UNE_DEAP_SEX_AGE_RT","SEX_F","AGE_YTHADULT_Y15-24","1999",36.708,,,,"S3:25_T3:94"
"EGY","BA:582","UNE_DEAP_SEX_AGE_RT","SEX_F","AGE_YTHADULT_YGE25","1999",11.235,,,,"S3:25_T3:94"
"EGY","BA:582","UNE_DEAP_SEX_AGE_RT","SEX_T","AGE_AGGREGATE_Y15-24","1999",20.377,,,,"S3:25_T3:94"
"EGY","BA:582","UNE_DEAP_SEX_AGE_RT","SEX_M","AGE_AGGREGATE_Y15-24","1999",13.848,,,,"S3:25_T3:94"
"EGY","BA:582","UNE_DEAP_SEX_AGE_RT","SEX_F","AGE_AGGREGATE_Y15-24","1999",36.708,,,,"S3:25_T3:94"
"EGY","BA:582","UNE_DEAP_SEX_AGE_RT","SEX_T","AGE_10YRBANDS_YGE15","1999",7.953,,,,"S3:25_T3:94"
"EGY","BA:582","UNE_DEAP_SEX_AGE_RT","SEX_T","AGE_10YRBANDS_Y15-24","1999",20.377,,,,"S3:25_T3:94"
"EGY","BA:582","UNE_DEAP_SEX_AGE_RT","SEX_T","AGE_10YRBANDS_Y25-34","1999",8.715,,,,"S3:25_T3:94"
"EGY","BA:582","UNE_DEAP_SEX_AGE_RT","SEX_M","AGE_10YRBANDS_YGE15","1999",4.94,,,,"S3:25_T3:94"
"EGY","BA:582","UNE_DEAP_SEX_AGE_RT","SEX_M","AGE_10YRBANDS_Y15-24","1999",13.848,,,,"S3:25_T3:94"
"EGY","BA:582","UNE_DEAP_SEX_AGE_RT","SEX_M","AGE_10YRBANDS_Y25-34","1999",5.59,,,,"S3:25_T3:94"
"EGY","BA:582","UNE_DEAP_SEX_AGE_RT","SEX_F","AGE_10YRBANDS_YGE15","1999",19.259,,,,"S3:25_T3:94"
"EGY","BA:582","UNE_DEAP_SEX_AGE_RT","SEX_F","AGE_10YRBANDS_Y15-24","1999",36.708,,,,"S3:25_T3:94"
"EGY","BA:582","UNE_DEAP_SEX_AGE_RT","SEX_F","AGE_10YRBANDS_Y25-34","1999",18.79,,,,"S3:25_T3:94"
"EGY","BA:582","UNE_DEAP_SEX_AGE_RT","SEX_T","AGE_5YRBANDS_YGE15","1999",7.953,,,,"S3:25_T3:94"
"EGY","BA:582","UNE_DEAP_SEX_AGE_RT","SEX_T","AGE_5YRBANDS_Y15-19","1999",18.775,,,,"S3:25_T3:94"
"EGY","BA:582","UNE_DEAP_SEX_AGE_RT","SEX_T","AGE_5YRBANDS_Y20-24","1999",21.372,,,,"S3:25_T3:94"
"EGY","BA:582","UNE_DEAP_SEX_AGE_RT","SEX_T","AGE_5YRBANDS_Y25-29","1999",19.156,,,,"S3:25_T3:94"
"EGY","BA:582","UNE_DEAP_SEX_AGE_RT","SEX_T","AGE_5YRBANDS_Y30-34","1999",3.396,,"C6:1629",,"S3:25_T3:94"
"EGY","BA:582","UNE_DEAP_SEX_AGE_RT","SEX_T","AGE_5YRBANDS_Y40-44","1999",0.214,,"C6:1630",,"S3:25_T3:94"
"EGY","BA:582","UNE_DEAP_SEX_AGE_RT","SEX_T","AGE_5YRBANDS_Y50-54","1999",0.219,,"C6:1631",,"S3:25_T3:94"
"EGY","BA:582","UNE_DEAP_SEX_AGE_RT","SEX_M","AGE_5YRBANDS_YGE15","1999",4.94,,,,"S3:25_T3:94"
"EGY","BA:582","UNE_DEAP_SEX_AGE_RT","SEX_M","AGE_5YRBANDS_Y15-19","1999",11.509,,,,"S3:25_T3:94"
"EGY","BA:582","UNE_DEAP_SEX_AGE_RT","SEX_M","AGE_5YRBANDS_Y20-24","1999",15.38,,,,"S3:25_T3:94"
"EGY","BA:582","UNE_DEAP_SEX_AGE_RT","SEX_M","AGE_5YRBANDS_Y25-29","1999",13.188,,,,"S3:25_T3:94"
"EGY","BA:582","UNE_DEAP_SEX_AGE_RT","SEX_M","AGE_5YRBANDS_Y30-34","1999",1.8,,"C6:1629",,"S3:25_T3:94"
"EGY","BA:582","UNE_DEAP_SEX_AGE_RT","SEX_M","AGE_5YRBANDS_Y40-44","1999",0.222,,"C6:1630",,"S3:25_T3:94"
"EGY","BA:582","UNE_DEAP_SEX_AGE_RT","SEX_M","AGE_5YRBANDS_Y50-54","1999",0.202,,"C6:1631",,"S3:25_T3:94"
"EGY","BA:582","UNE_DEAP_SEX_AGE_RT","SEX_F","AGE_5YRBANDS_YGE15","1999",19.259,,,,"S3:25_T3:94"
"EGY","BA:582","UNE_DEAP_SEX_AGE_RT","SEX_F","AGE_5YRBANDS_Y15-19","1999",39.212,,,,"S3:25_T3:94"
"EGY","BA:582","UNE_DEAP_SEX_AGE_RT","SEX_F","AGE_5YRBANDS_Y20-24","1999",35.347,,,,"S3:25_T3:94"
"EGY","BA:582","UNE_DEAP_SEX_AGE_RT","SEX_F","AGE_5YRBANDS_Y25-29","1999",37.313,,,,"S3:25_T3:94"
"EGY","BA:582","UNE_DEAP_SEX_AGE_RT","SEX_F","AGE_5YRBANDS_Y30-34","1999",8.698,,"C6:1629",,"S3:25_T3:94"
"EGY","BA:582","UNE_DEAP_SEX_AGE_RT","SEX_F","AGE_5YRBANDS_Y40-44","1999",0.176,,"C6:1630",,"S3:25_T3:94"
"EGY","BA:582","UNE_DEAP_SEX_AGE_RT","SEX_F","AGE_5YRBANDS_Y50-54","1999",0.347,,"C6:1631",,"S3:25_T3:94"
"EGY","BA:582","UNE_DEAP_SEX_AGE_RT","SEX_T","AGE_YTHADULT_YGE15","1998",8.029,,,,"S3:25_T3:94"
"EGY","BA:582","UNE_DEAP_SEX_AGE_RT","SEX_T","AGE_YTHADULT_Y15-24","1998",23.114,,,,"S3:25_T3:94"
"EGY","BA:582","UNE_DEAP_SEX_AGE_RT","SEX_T","AGE_YTHADULT_YGE25","1998",3.933,,,,"S3:25_T3:94"
"EGY","BA:582","UNE_DEAP_SEX_AGE_RT","SEX_M","AGE_YTHADULT_YGE15","1998",4.928,,,,"S3:25_T3:94"
"EGY","BA:582","UNE_DEAP_SEX_AGE_RT","SEX_M","AGE_YTHADULT_Y15-24","1998",15.812,,,,"S3:25_T3:94"
"EGY","BA:582","UNE_DEAP_SEX_AGE_RT","SEX_M","AGE_YTHADULT_YGE25","1998",2.261,,,,"S3:25_T3:94"
"EGY","BA:582","UNE_DEAP_SEX_AGE_RT","SEX_F","AGE_YTHADULT_YGE15","1998",19.795,,,,"S3:25_T3:94"
"EGY","BA:582","UNE_DEAP_SEX_AGE_RT","SEX_F","AGE_YTHADULT_Y15-24","1998",42.77,,,,"S3:25_T3:94"
"EGY","BA:582","UNE_DEAP_SEX_AGE_RT","SEX_F","AGE_YTHADULT_YGE25","1998",10.981,,,,"S3:25_T3:94"
"EGY","BA:582","UNE_DEAP_SEX_AGE_RT","SEX_T","AGE_AGGREGATE_Y15-24","1998",23.114,,,,"S3:25_T3:94"
"EGY","BA:582","UNE_DEAP_SEX_AGE_RT","SEX_M","AGE_AGGREGATE_Y15-24","1998",15.812,,,,"S3:25_T3:94"
"EGY","BA:582","UNE_DEAP_SEX_AGE_RT","SEX_F","AGE_AGGREGATE_Y15-24","1998",42.77,,,,"S3:25_T3:94"
"EGY","BA:582","UNE_DEAP_SEX_AGE_RT","SEX_T","AGE_10YRBANDS_YGE15","1998",8.029,,,,"S3:25_T3:94"
"EGY","BA:582","UNE_DEAP_SEX_AGE_RT","SEX_T","AGE_10YRBANDS_Y15-24","1998",23.114,,,,"S3:25_T3:94"
"EGY","BA:582","UNE_DEAP_SEX_AGE_RT","SEX_T","AGE_10YRBANDS_Y25-34","1998",8.213,,,,"S3:25_T3:94"
"EGY","BA:582","UNE_DEAP_SEX_AGE_RT","SEX_M","AGE_10YRBANDS_YGE15","1998",4.928,,,,"S3:25_T3:94"
"EGY","BA:582","UNE_DEAP_SEX_AGE_RT","SEX_M","AGE_10YRBANDS_Y15-24","1998",15.812,,,,"S3:25_T3:94"
"EGY","BA:582","UNE_DEAP_SEX_AGE_RT","SEX_M","AGE_10YRBANDS_Y25-34","1998",5.024,,,,"S3:25_T3:94"
"EGY","BA:582","UNE_DEAP_SEX_AGE_RT","SEX_F","AGE_10YRBANDS_YGE15","1998",19.795,,,,"S3:25_T3:94"
"EGY","BA:582","UNE_DEAP_SEX_AGE_RT","SEX_F","AGE_10YRBANDS_Y15-24","1998",42.77,,,,"S3:25_T3:94"
"EGY","BA:582","UNE_DEAP_SEX_AGE_RT","SEX_F","AGE_10YRBANDS_Y25-34","1998",17.997,,,,"S3:25_T3:94"
"EGY","BA:582","UNE_DEAP_SEX_AGE_RT","SEX_T","AGE_5YRBANDS_YGE15","1998",8.029,,,,"S3:25_T3:94"
"EGY","BA:582","UNE_DEAP_SEX_AGE_RT","SEX_T","AGE_5YRBANDS_Y15-19","1998",20.676,,,,"S3:25_T3:94"
"EGY","BA:582","UNE_DEAP_SEX_AGE_RT","SEX_T","AGE_5YRBANDS_Y20-24","1998",24.745,,,,"S3:25_T3:94"
"EGY","BA:582","UNE_DEAP_SEX_AGE_RT","SEX_T","AGE_5YRBANDS_Y25-29","1998",18.652,,,,"S3:25_T3:94"
"EGY","BA:582","UNE_DEAP_SEX_AGE_RT","SEX_T","AGE_5YRBANDS_Y30-34","1998",2.88,,"C6:1629",,"S3:25_T3:94"
"EGY","BA:582","UNE_DEAP_SEX_AGE_RT","SEX_T","AGE_5YRBANDS_Y40-44","1998",0.058,,"C6:1630",,"S3:25_T3:94"
"EGY","BA:582","UNE_DEAP_SEX_AGE_RT","SEX_T","AGE_5YRBANDS_Y50-54","1998",0.066,,"C6:1631",,"S3:25_T3:94"
"EGY","BA:582","UNE_DEAP_SEX_AGE_RT","SEX_M","AGE_5YRBANDS_YGE15","1998",4.928,,,,"S3:25_T3:94"
"EGY","BA:582","UNE_DEAP_SEX_AGE_RT","SEX_M","AGE_5YRBANDS_Y15-19","1998",12.95,,,,"S3:25_T3:94"
"EGY","BA:582","UNE_DEAP_SEX_AGE_RT","SEX_M","AGE_5YRBANDS_Y20-24","1998",17.807,,,,"S3:25_T3:94"
"EGY","BA:582","UNE_DEAP_SEX_AGE_RT","SEX_M","AGE_5YRBANDS_Y25-29","1998",12.186,,,,"S3:25_T3:94"
"EGY","BA:582","UNE_DEAP_SEX_AGE_RT","SEX_M","AGE_5YRBANDS_Y30-34","1998",1.466,,"C6:1629",,"S3:25_T3:94"
"EGY","BA:582","UNE_DEAP_SEX_AGE_RT","SEX_M","AGE_5YRBANDS_Y40-44","1998",0.062,,"C6:1630",,"S3:25_T3:94"
"EGY","BA:582","UNE_DEAP_SEX_AGE_RT","SEX_M","AGE_5YRBANDS_Y50-54","1998",0.075,,"C6:1631",,"S3:25_T3:94"
"EGY","BA:582","UNE_DEAP_SEX_AGE_RT","SEX_F","AGE_5YRBANDS_YGE15","1998",19.795,,,,"S3:25_T3:94"
"EGY","BA:582","UNE_DEAP_SEX_AGE_RT","SEX_F","AGE_5YRBANDS_Y15-19","1998",43.464,,,,"S3:25_T3:94"
"EGY","BA:582","UNE_DEAP_SEX_AGE_RT","SEX_F","AGE_5YRBANDS_Y20-24","1998",42.353,,,,"S3:25_T3:94"
"EGY","BA:582","UNE_DEAP_SEX_AGE_RT","SEX_F","AGE_5YRBANDS_Y25-29","1998",37.084,,,,"S3:25_T3:94"
"EGY","BA:582","UNE_DEAP_SEX_AGE_RT","SEX_F","AGE_5YRBANDS_Y30-34","1998",7.39,,"C6:1629",,"S3:25_T3:94"
"EGY","BA:582","UNE_DEAP_SEX_AGE_RT","SEX_F","AGE_5YRBANDS_Y40-44","1998",0.042,,"C6:1630",,"S3:25_T3:94"
"EGY","BA:582","UNE_DEAP_SEX_AGE_RT","SEX_T","AGE_YTHADULT_YGE15","1997",8.372,,,,"S3:25_T3:94"
"EGY","BA:582","UNE_DEAP_SEX_AGE_RT","SEX_M","AGE_YTHADULT_YGE15","1997",5.191,,,,"S3:25_T3:94"
"EGY","BA:582","UNE_DEAP_SEX_AGE_RT","SEX_F","AGE_YTHADULT_YGE15","1997",19.801,,,,"S3:25_T3:94"
"EGY","AA:1101","UNE_DEAP_SEX_AGE_RT","SEX_T","AGE_YTHADULT_YGE15","1996",9,,,,"S3:22"
"EGY","AA:1101","UNE_DEAP_SEX_AGE_RT","SEX_M","AGE_YTHADULT_YGE15","1996",6.9,,,,"S3:22"
"EGY","AA:1101","UNE_DEAP_SEX_AGE_RT","SEX_F","AGE_YTHADULT_YGE15","1996",20.4,,,,"S3:22"
"EGY","BA:582","UNE_DEAP_SEX_AGE_RT","SEX_T","AGE_YTHADULT_YGE15","1995",11.039,,,,"S3:25_T3:94"
"EGY","BA:582","UNE_DEAP_SEX_AGE_RT","SEX_M","AGE_YTHADULT_YGE15","1995",7.377,,,,"S3:25_T3:94"
"EGY","BA:582","UNE_DEAP_SEX_AGE_RT","SEX_F","AGE_YTHADULT_YGE15","1995",23.912,,,,"S3:25_T3:94"
"EGY","BA:582","UNE_DEAP_SEX_AGE_RT","SEX_T","AGE_YTHADULT_YGE15","1994",10.932,,,,"S3:25_T3:94"
"EGY","BA:582","UNE_DEAP_SEX_AGE_RT","SEX_M","AGE_YTHADULT_YGE15","1994",7.301,,,,"S3:25_T3:94"
"EGY","BA:582","UNE_DEAP_SEX_AGE_RT","SEX_F","AGE_YTHADULT_YGE15","1994",22.971,,,,"S3:25_T3:94"
"EGY","BA:582","UNE_DEAP_SEX_AGE_RT","SEX_T","AGE_YTHADULT_YGE15","1993",10.917,,,,"S3:25_T3:94"
"EGY","BA:582","UNE_DEAP_SEX_AGE_RT","SEX_M","AGE_YTHADULT_YGE15","1993",7.5,,,,"S3:25_T3:94"
"EGY","BA:582","UNE_DEAP_SEX_AGE_RT","SEX_F","AGE_YTHADULT_YGE15","1993",22.531,,,,"S3:25_T3:94"
"EGY","BA:582","UNE_DEAP_SEX_AGE_RT","SEX_T","AGE_YTHADULT_YGE15","1992",8.925,,,,"S3:25_T3:94"
"EGY","BA:582","UNE_DEAP_SEX_AGE_RT","SEX_M","AGE_YTHADULT_YGE15","1992",6.352,,,,"S3:25_T3:94"
"EGY","BA:582","UNE_DEAP_SEX_AGE_RT","SEX_F","AGE_YTHADULT_YGE15","1992",17.178,,,,"S3:25_T3:94"
"EGY","BA:582","UNE_DEAP_SEX_AGE_RT","SEX_T","AGE_YTHADULT_YGE15","1991",9.382,,,,"S3:23_T3:94"
"EGY","BA:582","UNE_DEAP_SEX_AGE_RT","SEX_M","AGE_YTHADULT_YGE15","1991",5.785,,,,"S3:23_T3:94"
"EGY","BA:582","UNE_DEAP_SEX_AGE_RT","SEX_F","AGE_YTHADULT_YGE15","1991",21.221,,,,"S3:23_T3:94"
"EGY","BA:582","UNE_DEAP_SEX_AGE_RT","SEX_T","AGE_YTHADULT_YGE15","1990",8.434,,,,"S3:23_T3:94"
"EGY","BA:582","UNE_DEAP_SEX_AGE_RT","SEX_M","AGE_YTHADULT_YGE15","1990",5.103,,,,"S3:23_T3:94"
"EGY","BA:582","UNE_DEAP_SEX_AGE_RT","SEX_F","AGE_YTHADULT_YGE15","1990",17.887,,,,"S3:23_T3:94"
