"ref_area","source","indicator","sex","classif1","time","obs_value","obs_status","note_classif","note_indicator","note_source"
"IRN","BA:675","EMP_TEMP_SEX_AGE_NB","SEX_T","AGE_YTHADULT_YGE15","2024",24567.799,,,,"R1:3513"
"IRN","BA:675","EMP_TEMP_SEX_AGE_NB","SEX_T","AGE_YTHADULT_Y15-64","2024",24046.668,,,,"R1:3513"
"IRN","BA:675","EMP_TEMP_SEX_AGE_NB","SEX_T","AGE_YTHADULT_Y15-24","2024",2092.396,,,,"R1:3513"
"IRN","BA:675","EMP_TEMP_SEX_AGE_NB","SEX_T","AGE_YTHADULT_YGE25","2024",22475.403,,,,"R1:3513"
"IRN","BA:675","EMP_TEMP_SEX_AGE_NB","SEX_M","AGE_YTHADULT_YGE15","2024",20610.535,,,,"R1:3513"
"IRN","BA:675","EMP_TEMP_SEX_AGE_NB","SEX_M","AGE_YTHADULT_Y15-64","2024",20136.561,,,,"R1:3513"
"IRN","BA:675","EMP_TEMP_SEX_AGE_NB","SEX_M","AGE_YTHADULT_Y15-24","2024",1742.274,,,,"R1:3513"
"IRN","BA:675","EMP_TEMP_SEX_AGE_NB","SEX_M","AGE_YTHADULT_YGE25","2024",18868.261,,,,"R1:3513"
"IRN","BA:675","EMP_TEMP_SEX_AGE_NB","SEX_F","AGE_YTHADULT_YGE15","2024",3957.263,,,,"R1:3513"
"IRN","BA:675","EMP_TEMP_SEX_AGE_NB","SEX_F","AGE_YTHADULT_Y15-64","2024",3910.107,,,,"R1:3513"
"IRN","BA:675","EMP_TEMP_SEX_AGE_NB","SEX_F","AGE_YTHADULT_Y15-24","2024",350.122,,,,"R1:3513"
"IRN","BA:675","EMP_TEMP_SEX_AGE_NB","SEX_F","AGE_YTHADULT_YGE25","2024",3607.142,,,,"R1:3513"
"IRN","BA:675","EMP_TEMP_SEX_AGE_NB","SEX_T","AGE_AGGREGATE_YGE15","2024",24567.799,,,,"R1:3513"
"IRN","BA:675","EMP_TEMP_SEX_AGE_NB","SEX_T","AGE_AGGREGATE_Y15-24","2024",2092.396,,,,"R1:3513"
"IRN","BA:675","EMP_TEMP_SEX_AGE_NB","SEX_T","AGE_AGGREGATE_Y25-54","2024",19711.107,,,,"R1:3513"
"IRN","BA:675","EMP_TEMP_SEX_AGE_NB","SEX_T","AGE_AGGREGATE_Y55-64","2024",2243.164,,,,"R1:3513"
"IRN","BA:675","EMP_TEMP_SEX_AGE_NB","SEX_T","AGE_AGGREGATE_YGE65","2024",521.131,,,,"R1:3513"
"IRN","BA:675","EMP_TEMP_SEX_AGE_NB","SEX_M","AGE_AGGREGATE_YGE15","2024",20610.535,,,,"R1:3513"
"IRN","BA:675","EMP_TEMP_SEX_AGE_NB","SEX_M","AGE_AGGREGATE_Y15-24","2024",1742.274,,,,"R1:3513"
"IRN","BA:675","EMP_TEMP_SEX_AGE_NB","SEX_M","AGE_AGGREGATE_Y25-54","2024",16380.715,,,,"R1:3513"
"IRN","BA:675","EMP_TEMP_SEX_AGE_NB","SEX_M","AGE_AGGREGATE_Y55-64","2024",2013.572,,,,"R1:3513"
"IRN","BA:675","EMP_TEMP_SEX_AGE_NB","SEX_M","AGE_AGGREGATE_YGE65","2024",473.975,,,,"R1:3513"
"IRN","BA:675","EMP_TEMP_SEX_AGE_NB","SEX_F","AGE_AGGREGATE_YGE15","2024",3957.263,,,,"R1:3513"
"IRN","BA:675","EMP_TEMP_SEX_AGE_NB","SEX_F","AGE_AGGREGATE_Y15-24","2024",350.122,,,,"R1:3513"
"IRN","BA:675","EMP_TEMP_SEX_AGE_NB","SEX_F","AGE_AGGREGATE_Y25-54","2024",3330.393,,,,"R1:3513"
"IRN","BA:675","EMP_TEMP_SEX_AGE_NB","SEX_F","AGE_AGGREGATE_Y55-64","2024",229.593,,,,"R1:3513"
"IRN","BA:675","EMP_TEMP_SEX_AGE_NB","SEX_F","AGE_AGGREGATE_YGE65","2024",47.156,,,,"R1:3513"
"IRN","BA:675","EMP_TEMP_SEX_AGE_NB","SEX_T","AGE_10YRBANDS_YGE15","2024",24567.799,,,,"R1:3513"
"IRN","BA:675","EMP_TEMP_SEX_AGE_NB","SEX_T","AGE_10YRBANDS_Y15-24","2024",2092.396,,,,"R1:3513"
"IRN","BA:675","EMP_TEMP_SEX_AGE_NB","SEX_T","AGE_10YRBANDS_Y25-34","2024",5484.366,,,,"R1:3513"
"IRN","BA:675","EMP_TEMP_SEX_AGE_NB","SEX_T","AGE_10YRBANDS_Y35-44","2024",8432.689,,,,"R1:3513"
"IRN","BA:675","EMP_TEMP_SEX_AGE_NB","SEX_T","AGE_10YRBANDS_Y45-54","2024",5794.053,,,,"R1:3513"
"IRN","BA:675","EMP_TEMP_SEX_AGE_NB","SEX_T","AGE_10YRBANDS_Y55-64","2024",2243.164,,,,"R1:3513"
"IRN","BA:675","EMP_TEMP_SEX_AGE_NB","SEX_T","AGE_10YRBANDS_YGE65","2024",521.131,,,,"R1:3513"
"IRN","BA:675","EMP_TEMP_SEX_AGE_NB","SEX_M","AGE_10YRBANDS_YGE15","2024",20610.535,,,,"R1:3513"
"IRN","BA:675","EMP_TEMP_SEX_AGE_NB","SEX_M","AGE_10YRBANDS_Y15-24","2024",1742.274,,,,"R1:3513"
"IRN","BA:675","EMP_TEMP_SEX_AGE_NB","SEX_M","AGE_10YRBANDS_Y25-34","2024",4427.667,,,,"R1:3513"
"IRN","BA:675","EMP_TEMP_SEX_AGE_NB","SEX_M","AGE_10YRBANDS_Y35-44","2024",6992.404,,,,"R1:3513"
"IRN","BA:675","EMP_TEMP_SEX_AGE_NB","SEX_M","AGE_10YRBANDS_Y45-54","2024",4960.643,,,,"R1:3513"
"IRN","BA:675","EMP_TEMP_SEX_AGE_NB","SEX_M","AGE_10YRBANDS_Y55-64","2024",2013.572,,,,"R1:3513"
"IRN","BA:675","EMP_TEMP_SEX_AGE_NB","SEX_M","AGE_10YRBANDS_YGE65","2024",473.975,,,,"R1:3513"
"IRN","BA:675","EMP_TEMP_SEX_AGE_NB","SEX_F","AGE_10YRBANDS_YGE15","2024",3957.263,,,,"R1:3513"
"IRN","BA:675","EMP_TEMP_SEX_AGE_NB","SEX_F","AGE_10YRBANDS_Y15-24","2024",350.122,,,,"R1:3513"
"IRN","BA:675","EMP_TEMP_SEX_AGE_NB","SEX_F","AGE_10YRBANDS_Y25-34","2024",1056.698,,,,"R1:3513"
"IRN","BA:675","EMP_TEMP_SEX_AGE_NB","SEX_F","AGE_10YRBANDS_Y35-44","2024",1440.285,,,,"R1:3513"
"IRN","BA:675","EMP_TEMP_SEX_AGE_NB","SEX_F","AGE_10YRBANDS_Y45-54","2024",833.41,,,,"R1:3513"
"IRN","BA:675","EMP_TEMP_SEX_AGE_NB","SEX_F","AGE_10YRBANDS_Y55-64","2024",229.593,,,,"R1:3513"
"IRN","BA:675","EMP_TEMP_SEX_AGE_NB","SEX_F","AGE_10YRBANDS_YGE65","2024",47.156,,,,"R1:3513"
"IRN","BA:675","EMP_TEMP_SEX_AGE_NB","SEX_T","AGE_5YRBANDS_YGE15","2024",24567.799,,,,"R1:3513"
"IRN","BA:675","EMP_TEMP_SEX_AGE_NB","SEX_T","AGE_5YRBANDS_Y15-19","2024",606.984,,,,"R1:3513"
"IRN","BA:675","EMP_TEMP_SEX_AGE_NB","SEX_T","AGE_5YRBANDS_Y20-24","2024",1485.413,,,,"R1:3513"
"IRN","BA:675","EMP_TEMP_SEX_AGE_NB","SEX_T","AGE_5YRBANDS_Y25-29","2024",2247.425,,,,"R1:3513"
"IRN","BA:675","EMP_TEMP_SEX_AGE_NB","SEX_T","AGE_5YRBANDS_Y30-34","2024",3236.941,,,,"R1:3513"
"IRN","BA:675","EMP_TEMP_SEX_AGE_NB","SEX_T","AGE_5YRBANDS_Y35-39","2024",4169.891,,,,"R1:3513"
"IRN","BA:675","EMP_TEMP_SEX_AGE_NB","SEX_T","AGE_5YRBANDS_Y40-44","2024",4262.798,,,,"R1:3513"
"IRN","BA:675","EMP_TEMP_SEX_AGE_NB","SEX_T","AGE_5YRBANDS_Y45-49","2024",3317.014,,,,"R1:3513"
"IRN","BA:675","EMP_TEMP_SEX_AGE_NB","SEX_T","AGE_5YRBANDS_Y50-54","2024",2477.039,,,,"R1:3513"
"IRN","BA:675","EMP_TEMP_SEX_AGE_NB","SEX_T","AGE_5YRBANDS_Y55-59","2024",1436.347,,,,"R1:3513"
"IRN","BA:675","EMP_TEMP_SEX_AGE_NB","SEX_T","AGE_5YRBANDS_Y60-64","2024",806.818,,,,"R1:3513"
"IRN","BA:675","EMP_TEMP_SEX_AGE_NB","SEX_T","AGE_5YRBANDS_YGE65","2024",521.131,,,,"R1:3513"
"IRN","BA:675","EMP_TEMP_SEX_AGE_NB","SEX_M","AGE_5YRBANDS_YGE15","2024",20610.535,,,,"R1:3513"
"IRN","BA:675","EMP_TEMP_SEX_AGE_NB","SEX_M","AGE_5YRBANDS_Y15-19","2024",523.3,,,,"R1:3513"
"IRN","BA:675","EMP_TEMP_SEX_AGE_NB","SEX_M","AGE_5YRBANDS_Y20-24","2024",1218.974,,,,"R1:3513"
"IRN","BA:675","EMP_TEMP_SEX_AGE_NB","SEX_M","AGE_5YRBANDS_Y25-29","2024",1796.335,,,,"R1:3513"
"IRN","BA:675","EMP_TEMP_SEX_AGE_NB","SEX_M","AGE_5YRBANDS_Y30-34","2024",2631.332,,,,"R1:3513"
"IRN","BA:675","EMP_TEMP_SEX_AGE_NB","SEX_M","AGE_5YRBANDS_Y35-39","2024",3462.726,,,,"R1:3513"
"IRN","BA:675","EMP_TEMP_SEX_AGE_NB","SEX_M","AGE_5YRBANDS_Y40-44","2024",3529.678,,,,"R1:3513"
"IRN","BA:675","EMP_TEMP_SEX_AGE_NB","SEX_M","AGE_5YRBANDS_Y45-49","2024",2803.72,,,,"R1:3513"
"IRN","BA:675","EMP_TEMP_SEX_AGE_NB","SEX_M","AGE_5YRBANDS_Y50-54","2024",2156.924,,,,"R1:3513"
"IRN","BA:675","EMP_TEMP_SEX_AGE_NB","SEX_M","AGE_5YRBANDS_Y55-59","2024",1275.989,,,,"R1:3513"
"IRN","BA:675","EMP_TEMP_SEX_AGE_NB","SEX_M","AGE_5YRBANDS_Y60-64","2024",737.583,,,,"R1:3513"
"IRN","BA:675","EMP_TEMP_SEX_AGE_NB","SEX_M","AGE_5YRBANDS_YGE65","2024",473.975,,,,"R1:3513"
"IRN","BA:675","EMP_TEMP_SEX_AGE_NB","SEX_F","AGE_5YRBANDS_YGE15","2024",3957.263,,,,"R1:3513"
"IRN","BA:675","EMP_TEMP_SEX_AGE_NB","SEX_F","AGE_5YRBANDS_Y15-19","2024",83.683,,,,"R1:3513"
"IRN","BA:675","EMP_TEMP_SEX_AGE_NB","SEX_F","AGE_5YRBANDS_Y20-24","2024",266.439,,,,"R1:3513"
"IRN","BA:675","EMP_TEMP_SEX_AGE_NB","SEX_F","AGE_5YRBANDS_Y25-29","2024",451.09,,,,"R1:3513"
"IRN","BA:675","EMP_TEMP_SEX_AGE_NB","SEX_F","AGE_5YRBANDS_Y30-34","2024",605.609,,,,"R1:3513"
"IRN","BA:675","EMP_TEMP_SEX_AGE_NB","SEX_F","AGE_5YRBANDS_Y35-39","2024",707.164,,,,"R1:3513"
"IRN","BA:675","EMP_TEMP_SEX_AGE_NB","SEX_F","AGE_5YRBANDS_Y40-44","2024",733.12,,,,"R1:3513"
"IRN","BA:675","EMP_TEMP_SEX_AGE_NB","SEX_F","AGE_5YRBANDS_Y45-49","2024",513.294,,,,"R1:3513"
"IRN","BA:675","EMP_TEMP_SEX_AGE_NB","SEX_F","AGE_5YRBANDS_Y50-54","2024",320.116,,,,"R1:3513"
"IRN","BA:675","EMP_TEMP_SEX_AGE_NB","SEX_F","AGE_5YRBANDS_Y55-59","2024",160.357,,,,"R1:3513"
"IRN","BA:675","EMP_TEMP_SEX_AGE_NB","SEX_F","AGE_5YRBANDS_Y60-64","2024",69.235,,,,"R1:3513"
"IRN","BA:675","EMP_TEMP_SEX_AGE_NB","SEX_F","AGE_5YRBANDS_YGE65","2024",47.156,,,,"R1:3513"
"IRN","BA:675","EMP_TEMP_SEX_AGE_NB","SEX_T","AGE_YTHADULT_YGE15","2023",24276.926,,,,"R1:3513"
"IRN","BA:675","EMP_TEMP_SEX_AGE_NB","SEX_T","AGE_YTHADULT_Y15-64","2023",23778.126,,,,"R1:3513"
"IRN","BA:675","EMP_TEMP_SEX_AGE_NB","SEX_T","AGE_YTHADULT_Y15-24","2023",2009.605,,,,"R1:3513"
"IRN","BA:675","EMP_TEMP_SEX_AGE_NB","SEX_T","AGE_YTHADULT_YGE25","2023",22267.322,,,,"R1:3513"
"IRN","BA:675","EMP_TEMP_SEX_AGE_NB","SEX_M","AGE_YTHADULT_YGE15","2023",20373.924,,,,"R1:3513"
"IRN","BA:675","EMP_TEMP_SEX_AGE_NB","SEX_M","AGE_YTHADULT_Y15-64","2023",19921.201,,,,"R1:3513"
"IRN","BA:675","EMP_TEMP_SEX_AGE_NB","SEX_M","AGE_YTHADULT_Y15-24","2023",1674.719,,,,"R1:3513"
"IRN","BA:675","EMP_TEMP_SEX_AGE_NB","SEX_M","AGE_YTHADULT_YGE25","2023",18699.204,,,,"R1:3513"
"IRN","BA:675","EMP_TEMP_SEX_AGE_NB","SEX_F","AGE_YTHADULT_YGE15","2023",3903.003,,,,"R1:3513"
"IRN","BA:675","EMP_TEMP_SEX_AGE_NB","SEX_F","AGE_YTHADULT_Y15-64","2023",3856.926,,,,"R1:3513"
"IRN","BA:675","EMP_TEMP_SEX_AGE_NB","SEX_F","AGE_YTHADULT_Y15-24","2023",334.886,,,,"R1:3513"
"IRN","BA:675","EMP_TEMP_SEX_AGE_NB","SEX_F","AGE_YTHADULT_YGE25","2023",3568.117,,,,"R1:3513"
"IRN","BA:675","EMP_TEMP_SEX_AGE_NB","SEX_T","AGE_AGGREGATE_YGE15","2023",24276.926,,,,"R1:3513"
"IRN","BA:675","EMP_TEMP_SEX_AGE_NB","SEX_T","AGE_AGGREGATE_Y15-24","2023",2009.605,,,,"R1:3513"
"IRN","BA:675","EMP_TEMP_SEX_AGE_NB","SEX_T","AGE_AGGREGATE_Y25-54","2023",19613.176,,,,"R1:3513"
"IRN","BA:675","EMP_TEMP_SEX_AGE_NB","SEX_T","AGE_AGGREGATE_Y55-64","2023",2155.345,,,,"R1:3513"
"IRN","BA:675","EMP_TEMP_SEX_AGE_NB","SEX_T","AGE_AGGREGATE_YGE65","2023",498.8,,,,"R1:3513"
"IRN","BA:675","EMP_TEMP_SEX_AGE_NB","SEX_M","AGE_AGGREGATE_YGE15","2023",20373.924,,,,"R1:3513"
"IRN","BA:675","EMP_TEMP_SEX_AGE_NB","SEX_M","AGE_AGGREGATE_Y15-24","2023",1674.719,,,,"R1:3513"
"IRN","BA:675","EMP_TEMP_SEX_AGE_NB","SEX_M","AGE_AGGREGATE_Y25-54","2023",16317.178,,,,"R1:3513"
"IRN","BA:675","EMP_TEMP_SEX_AGE_NB","SEX_M","AGE_AGGREGATE_Y55-64","2023",1929.304,,,,"R1:3513"
"IRN","BA:675","EMP_TEMP_SEX_AGE_NB","SEX_M","AGE_AGGREGATE_YGE65","2023",452.723,,,,"R1:3513"
"IRN","BA:675","EMP_TEMP_SEX_AGE_NB","SEX_F","AGE_AGGREGATE_YGE15","2023",3903.003,,,,"R1:3513"
"IRN","BA:675","EMP_TEMP_SEX_AGE_NB","SEX_F","AGE_AGGREGATE_Y15-24","2023",334.886,,,,"R1:3513"
"IRN","BA:675","EMP_TEMP_SEX_AGE_NB","SEX_F","AGE_AGGREGATE_Y25-54","2023",3295.999,,,,"R1:3513"
"IRN","BA:675","EMP_TEMP_SEX_AGE_NB","SEX_F","AGE_AGGREGATE_Y55-64","2023",226.042,,,,"R1:3513"
"IRN","BA:675","EMP_TEMP_SEX_AGE_NB","SEX_F","AGE_AGGREGATE_YGE65","2023",46.077,,,,"R1:3513"
"IRN","BA:675","EMP_TEMP_SEX_AGE_NB","SEX_T","AGE_10YRBANDS_YGE15","2023",24276.926,,,,"R1:3513"
"IRN","BA:675","EMP_TEMP_SEX_AGE_NB","SEX_T","AGE_10YRBANDS_Y15-24","2023",2009.605,,,,"R1:3513"
"IRN","BA:675","EMP_TEMP_SEX_AGE_NB","SEX_T","AGE_10YRBANDS_Y25-34","2023",5809.993,,,,"R1:3513"
"IRN","BA:675","EMP_TEMP_SEX_AGE_NB","SEX_T","AGE_10YRBANDS_Y35-44","2023",8336.867,,,,"R1:3513"
"IRN","BA:675","EMP_TEMP_SEX_AGE_NB","SEX_T","AGE_10YRBANDS_Y45-54","2023",5466.316,,,,"R1:3513"
"IRN","BA:675","EMP_TEMP_SEX_AGE_NB","SEX_T","AGE_10YRBANDS_Y55-64","2023",2155.345,,,,"R1:3513"
"IRN","BA:675","EMP_TEMP_SEX_AGE_NB","SEX_T","AGE_10YRBANDS_YGE65","2023",498.8,,,,"R1:3513"
"IRN","BA:675","EMP_TEMP_SEX_AGE_NB","SEX_M","AGE_10YRBANDS_YGE15","2023",20373.924,,,,"R1:3513"
"IRN","BA:675","EMP_TEMP_SEX_AGE_NB","SEX_M","AGE_10YRBANDS_Y15-24","2023",1674.719,,,,"R1:3513"
"IRN","BA:675","EMP_TEMP_SEX_AGE_NB","SEX_M","AGE_10YRBANDS_Y25-34","2023",4727.962,,,,"R1:3513"
"IRN","BA:675","EMP_TEMP_SEX_AGE_NB","SEX_M","AGE_10YRBANDS_Y35-44","2023",6916.887,,,,"R1:3513"
"IRN","BA:675","EMP_TEMP_SEX_AGE_NB","SEX_M","AGE_10YRBANDS_Y45-54","2023",4672.328,,,,"R1:3513"
"IRN","BA:675","EMP_TEMP_SEX_AGE_NB","SEX_M","AGE_10YRBANDS_Y55-64","2023",1929.304,,,,"R1:3513"
"IRN","BA:675","EMP_TEMP_SEX_AGE_NB","SEX_M","AGE_10YRBANDS_YGE65","2023",452.723,,,,"R1:3513"
"IRN","BA:675","EMP_TEMP_SEX_AGE_NB","SEX_F","AGE_10YRBANDS_YGE15","2023",3903.003,,,,"R1:3513"
"IRN","BA:675","EMP_TEMP_SEX_AGE_NB","SEX_F","AGE_10YRBANDS_Y15-24","2023",334.886,,,,"R1:3513"
"IRN","BA:675","EMP_TEMP_SEX_AGE_NB","SEX_F","AGE_10YRBANDS_Y25-34","2023",1082.031,,,,"R1:3513"
"IRN","BA:675","EMP_TEMP_SEX_AGE_NB","SEX_F","AGE_10YRBANDS_Y35-44","2023",1419.98,,,,"R1:3513"
"IRN","BA:675","EMP_TEMP_SEX_AGE_NB","SEX_F","AGE_10YRBANDS_Y45-54","2023",793.988,,,,"R1:3513"
"IRN","BA:675","EMP_TEMP_SEX_AGE_NB","SEX_F","AGE_10YRBANDS_Y55-64","2023",226.042,,,,"R1:3513"
"IRN","BA:675","EMP_TEMP_SEX_AGE_NB","SEX_F","AGE_10YRBANDS_YGE65","2023",46.077,,,,"R1:3513"
"IRN","BA:675","EMP_TEMP_SEX_AGE_NB","SEX_T","AGE_5YRBANDS_YGE15","2023",24276.926,,,,"R1:3513"
"IRN","BA:675","EMP_TEMP_SEX_AGE_NB","SEX_T","AGE_5YRBANDS_Y15-19","2023",564.275,,,,"R1:3513"
"IRN","BA:675","EMP_TEMP_SEX_AGE_NB","SEX_T","AGE_5YRBANDS_Y20-24","2023",1445.33,,,,"R1:3513"
"IRN","BA:675","EMP_TEMP_SEX_AGE_NB","SEX_T","AGE_5YRBANDS_Y25-29","2023",2348.534,,,,"R1:3513"
"IRN","BA:675","EMP_TEMP_SEX_AGE_NB","SEX_T","AGE_5YRBANDS_Y30-34","2023",3461.459,,,,"R1:3513"
"IRN","BA:675","EMP_TEMP_SEX_AGE_NB","SEX_T","AGE_5YRBANDS_Y35-39","2023",4292.38,,,,"R1:3513"
"IRN","BA:675","EMP_TEMP_SEX_AGE_NB","SEX_T","AGE_5YRBANDS_Y40-44","2023",4044.486,,,,"R1:3513"
"IRN","BA:675","EMP_TEMP_SEX_AGE_NB","SEX_T","AGE_5YRBANDS_Y45-49","2023",3143.156,,,,"R1:3513"
"IRN","BA:675","EMP_TEMP_SEX_AGE_NB","SEX_T","AGE_5YRBANDS_Y50-54","2023",2323.16,,,,"R1:3513"
"IRN","BA:675","EMP_TEMP_SEX_AGE_NB","SEX_T","AGE_5YRBANDS_Y55-59","2023",1404.736,,,,"R1:3513"
"IRN","BA:675","EMP_TEMP_SEX_AGE_NB","SEX_T","AGE_5YRBANDS_Y60-64","2023",750.609,,,,"R1:3513"
"IRN","BA:675","EMP_TEMP_SEX_AGE_NB","SEX_T","AGE_5YRBANDS_YGE65","2023",498.8,,,,"R1:3513"
"IRN","BA:675","EMP_TEMP_SEX_AGE_NB","SEX_M","AGE_5YRBANDS_YGE15","2023",20373.924,,,,"R1:3513"
"IRN","BA:675","EMP_TEMP_SEX_AGE_NB","SEX_M","AGE_5YRBANDS_Y15-19","2023",483.76,,,,"R1:3513"
"IRN","BA:675","EMP_TEMP_SEX_AGE_NB","SEX_M","AGE_5YRBANDS_Y20-24","2023",1190.959,,,,"R1:3513"
"IRN","BA:675","EMP_TEMP_SEX_AGE_NB","SEX_M","AGE_5YRBANDS_Y25-29","2023",1898.435,,,,"R1:3513"
"IRN","BA:675","EMP_TEMP_SEX_AGE_NB","SEX_M","AGE_5YRBANDS_Y30-34","2023",2829.527,,,,"R1:3513"
"IRN","BA:675","EMP_TEMP_SEX_AGE_NB","SEX_M","AGE_5YRBANDS_Y35-39","2023",3559.503,,,,"R1:3513"
"IRN","BA:675","EMP_TEMP_SEX_AGE_NB","SEX_M","AGE_5YRBANDS_Y40-44","2023",3357.383,,,,"R1:3513"
"IRN","BA:675","EMP_TEMP_SEX_AGE_NB","SEX_M","AGE_5YRBANDS_Y45-49","2023",2641.7,,,,"R1:3513"
"IRN","BA:675","EMP_TEMP_SEX_AGE_NB","SEX_M","AGE_5YRBANDS_Y50-54","2023",2030.628,,,,"R1:3513"
"IRN","BA:675","EMP_TEMP_SEX_AGE_NB","SEX_M","AGE_5YRBANDS_Y55-59","2023",1246.468,,,,"R1:3513"
"IRN","BA:675","EMP_TEMP_SEX_AGE_NB","SEX_M","AGE_5YRBANDS_Y60-64","2023",682.835,,,,"R1:3513"
"IRN","BA:675","EMP_TEMP_SEX_AGE_NB","SEX_M","AGE_5YRBANDS_YGE65","2023",452.723,,,,"R1:3513"
"IRN","BA:675","EMP_TEMP_SEX_AGE_NB","SEX_F","AGE_5YRBANDS_YGE15","2023",3903.003,,,,"R1:3513"
"IRN","BA:675","EMP_TEMP_SEX_AGE_NB","SEX_F","AGE_5YRBANDS_Y15-19","2023",80.515,,,,"R1:3513"
"IRN","BA:675","EMP_TEMP_SEX_AGE_NB","SEX_F","AGE_5YRBANDS_Y20-24","2023",254.371,,,,"R1:3513"
"IRN","BA:675","EMP_TEMP_SEX_AGE_NB","SEX_F","AGE_5YRBANDS_Y25-29","2023",450.098,,,,"R1:3513"
"IRN","BA:675","EMP_TEMP_SEX_AGE_NB","SEX_F","AGE_5YRBANDS_Y30-34","2023",631.932,,,,"R1:3513"
"IRN","BA:675","EMP_TEMP_SEX_AGE_NB","SEX_F","AGE_5YRBANDS_Y35-39","2023",732.877,,,,"R1:3513"
"IRN","BA:675","EMP_TEMP_SEX_AGE_NB","SEX_F","AGE_5YRBANDS_Y40-44","2023",687.103,,,,"R1:3513"
"IRN","BA:675","EMP_TEMP_SEX_AGE_NB","SEX_F","AGE_5YRBANDS_Y45-49","2023",501.456,,,,"R1:3513"
"IRN","BA:675","EMP_TEMP_SEX_AGE_NB","SEX_F","AGE_5YRBANDS_Y50-54","2023",292.532,,,,"R1:3513"
"IRN","BA:675","EMP_TEMP_SEX_AGE_NB","SEX_F","AGE_5YRBANDS_Y55-59","2023",158.268,,,,"R1:3513"
"IRN","BA:675","EMP_TEMP_SEX_AGE_NB","SEX_F","AGE_5YRBANDS_Y60-64","2023",67.774,,,,"R1:3513"
"IRN","BA:675","EMP_TEMP_SEX_AGE_NB","SEX_F","AGE_5YRBANDS_YGE65","2023",46.077,,,,"R1:3513"
"IRN","BA:675","EMP_TEMP_SEX_AGE_NB","SEX_T","AGE_YTHADULT_YGE15","2022",23507.615,,,,"R1:3513"
"IRN","BA:675","EMP_TEMP_SEX_AGE_NB","SEX_T","AGE_YTHADULT_Y15-64","2022",23021.54,,,,"R1:3513"
"IRN","BA:675","EMP_TEMP_SEX_AGE_NB","SEX_T","AGE_YTHADULT_Y15-24","2022",1908.137,,,,"R1:3513"
"IRN","BA:675","EMP_TEMP_SEX_AGE_NB","SEX_T","AGE_YTHADULT_YGE25","2022",21599.478,,,,"R1:3513"
"IRN","BA:675","EMP_TEMP_SEX_AGE_NB","SEX_M","AGE_YTHADULT_YGE15","2022",19859.25,,,,"R1:3513"
"IRN","BA:675","EMP_TEMP_SEX_AGE_NB","SEX_M","AGE_YTHADULT_Y15-64","2022",19418.806,,,,"R1:3513"
"IRN","BA:675","EMP_TEMP_SEX_AGE_NB","SEX_M","AGE_YTHADULT_Y15-24","2022",1642.246,,,,"R1:3513"
"IRN","BA:675","EMP_TEMP_SEX_AGE_NB","SEX_M","AGE_YTHADULT_YGE25","2022",18217.005,,,,"R1:3513"
"IRN","BA:675","EMP_TEMP_SEX_AGE_NB","SEX_F","AGE_YTHADULT_YGE15","2022",3648.365,,,,"R1:3513"
"IRN","BA:675","EMP_TEMP_SEX_AGE_NB","SEX_F","AGE_YTHADULT_Y15-64","2022",3602.733,,,,"R1:3513"
"IRN","BA:675","EMP_TEMP_SEX_AGE_NB","SEX_F","AGE_YTHADULT_Y15-24","2022",265.892,,,,"R1:3513"
"IRN","BA:675","EMP_TEMP_SEX_AGE_NB","SEX_F","AGE_YTHADULT_YGE25","2022",3382.473,,,,"R1:3513"
"IRN","BA:675","EMP_TEMP_SEX_AGE_NB","SEX_T","AGE_AGGREGATE_YGE15","2022",23507.615,,,,"R1:3513"
"IRN","BA:675","EMP_TEMP_SEX_AGE_NB","SEX_T","AGE_AGGREGATE_Y15-24","2022",1908.137,,,,"R1:3513"
"IRN","BA:675","EMP_TEMP_SEX_AGE_NB","SEX_T","AGE_AGGREGATE_Y25-54","2022",19106.328,,,,"R1:3513"
"IRN","BA:675","EMP_TEMP_SEX_AGE_NB","SEX_T","AGE_AGGREGATE_Y55-64","2022",2007.074,,,,"R1:3513"
"IRN","BA:675","EMP_TEMP_SEX_AGE_NB","SEX_T","AGE_AGGREGATE_YGE65","2022",486.075,,,,"R1:3513"
"IRN","BA:675","EMP_TEMP_SEX_AGE_NB","SEX_M","AGE_AGGREGATE_YGE15","2022",19859.25,,,,"R1:3513"
"IRN","BA:675","EMP_TEMP_SEX_AGE_NB","SEX_M","AGE_AGGREGATE_Y15-24","2022",1642.246,,,,"R1:3513"
"IRN","BA:675","EMP_TEMP_SEX_AGE_NB","SEX_M","AGE_AGGREGATE_Y25-54","2022",15972.131,,,,"R1:3513"
"IRN","BA:675","EMP_TEMP_SEX_AGE_NB","SEX_M","AGE_AGGREGATE_Y55-64","2022",1804.43,,,,"R1:3513"
"IRN","BA:675","EMP_TEMP_SEX_AGE_NB","SEX_M","AGE_AGGREGATE_YGE65","2022",440.444,,,,"R1:3513"
"IRN","BA:675","EMP_TEMP_SEX_AGE_NB","SEX_F","AGE_AGGREGATE_YGE15","2022",3648.365,,,,"R1:3513"
"IRN","BA:675","EMP_TEMP_SEX_AGE_NB","SEX_F","AGE_AGGREGATE_Y15-24","2022",265.892,,,,"R1:3513"
"IRN","BA:675","EMP_TEMP_SEX_AGE_NB","SEX_F","AGE_AGGREGATE_Y25-54","2022",3134.197,,,,"R1:3513"
"IRN","BA:675","EMP_TEMP_SEX_AGE_NB","SEX_F","AGE_AGGREGATE_Y55-64","2022",202.644,,,,"R1:3513"
"IRN","BA:675","EMP_TEMP_SEX_AGE_NB","SEX_F","AGE_AGGREGATE_YGE65","2022",45.632,,,,"R1:3513"
"IRN","BA:675","EMP_TEMP_SEX_AGE_NB","SEX_T","AGE_10YRBANDS_YGE15","2022",23507.615,,,,"R1:3513"
"IRN","BA:675","EMP_TEMP_SEX_AGE_NB","SEX_T","AGE_10YRBANDS_Y15-24","2022",1908.137,,,,"R1:3513"
"IRN","BA:675","EMP_TEMP_SEX_AGE_NB","SEX_T","AGE_10YRBANDS_Y25-34","2022",5826.148,,,,"R1:3513"
"IRN","BA:675","EMP_TEMP_SEX_AGE_NB","SEX_T","AGE_10YRBANDS_Y35-44","2022",8160.883,,,,"R1:3513"
"IRN","BA:675","EMP_TEMP_SEX_AGE_NB","SEX_T","AGE_10YRBANDS_Y45-54","2022",5119.298,,,,"R1:3513"
"IRN","BA:675","EMP_TEMP_SEX_AGE_NB","SEX_T","AGE_10YRBANDS_Y55-64","2022",2007.074,,,,"R1:3513"
"IRN","BA:675","EMP_TEMP_SEX_AGE_NB","SEX_T","AGE_10YRBANDS_YGE65","2022",486.075,,,,"R1:3513"
"IRN","BA:675","EMP_TEMP_SEX_AGE_NB","SEX_M","AGE_10YRBANDS_YGE15","2022",19859.25,,,,"R1:3513"
"IRN","BA:675","EMP_TEMP_SEX_AGE_NB","SEX_M","AGE_10YRBANDS_Y15-24","2022",1642.246,,,,"R1:3513"
"IRN","BA:675","EMP_TEMP_SEX_AGE_NB","SEX_M","AGE_10YRBANDS_Y25-34","2022",4804.499,,,,"R1:3513"
"IRN","BA:675","EMP_TEMP_SEX_AGE_NB","SEX_M","AGE_10YRBANDS_Y35-44","2022",6806.044,,,,"R1:3513"
"IRN","BA:675","EMP_TEMP_SEX_AGE_NB","SEX_M","AGE_10YRBANDS_Y45-54","2022",4361.588,,,,"R1:3513"
"IRN","BA:675","EMP_TEMP_SEX_AGE_NB","SEX_M","AGE_10YRBANDS_Y55-64","2022",1804.43,,,,"R1:3513"
"IRN","BA:675","EMP_TEMP_SEX_AGE_NB","SEX_M","AGE_10YRBANDS_YGE65","2022",440.444,,,,"R1:3513"
"IRN","BA:675","EMP_TEMP_SEX_AGE_NB","SEX_F","AGE_10YRBANDS_YGE15","2022",3648.365,,,,"R1:3513"
"IRN","BA:675","EMP_TEMP_SEX_AGE_NB","SEX_F","AGE_10YRBANDS_Y15-24","2022",265.892,,,,"R1:3513"
"IRN","BA:675","EMP_TEMP_SEX_AGE_NB","SEX_F","AGE_10YRBANDS_Y25-34","2022",1021.65,,,,"R1:3513"
"IRN","BA:675","EMP_TEMP_SEX_AGE_NB","SEX_F","AGE_10YRBANDS_Y35-44","2022",1354.838,,,,"R1:3513"
"IRN","BA:675","EMP_TEMP_SEX_AGE_NB","SEX_F","AGE_10YRBANDS_Y45-54","2022",757.71,,,,"R1:3513"
"IRN","BA:675","EMP_TEMP_SEX_AGE_NB","SEX_F","AGE_10YRBANDS_Y55-64","2022",202.644,,,,"R1:3513"
"IRN","BA:675","EMP_TEMP_SEX_AGE_NB","SEX_F","AGE_10YRBANDS_YGE65","2022",45.632,,,,"R1:3513"
"IRN","BA:675","EMP_TEMP_SEX_AGE_NB","SEX_T","AGE_5YRBANDS_YGE15","2022",23507.615,,,,"R1:3513"
"IRN","BA:675","EMP_TEMP_SEX_AGE_NB","SEX_T","AGE_5YRBANDS_Y15-19","2022",522.107,,,,"R1:3513"
"IRN","BA:675","EMP_TEMP_SEX_AGE_NB","SEX_T","AGE_5YRBANDS_Y20-24","2022",1386.03,,,,"R1:3513"
"IRN","BA:675","EMP_TEMP_SEX_AGE_NB","SEX_T","AGE_5YRBANDS_Y25-29","2022",2353.423,,,,"R1:3513"
"IRN","BA:675","EMP_TEMP_SEX_AGE_NB","SEX_T","AGE_5YRBANDS_Y30-34","2022",3472.725,,,,"R1:3513"
"IRN","BA:675","EMP_TEMP_SEX_AGE_NB","SEX_T","AGE_5YRBANDS_Y35-39","2022",4248.927,,,,"R1:3513"
"IRN","BA:675","EMP_TEMP_SEX_AGE_NB","SEX_T","AGE_5YRBANDS_Y40-44","2022",3911.956,,,,"R1:3513"
"IRN","BA:675","EMP_TEMP_SEX_AGE_NB","SEX_T","AGE_5YRBANDS_Y45-49","2022",2943.412,,,,"R1:3513"
"IRN","BA:675","EMP_TEMP_SEX_AGE_NB","SEX_T","AGE_5YRBANDS_Y50-54","2022",2175.885,,,,"R1:3513"
"IRN","BA:675","EMP_TEMP_SEX_AGE_NB","SEX_T","AGE_5YRBANDS_Y55-59","2022",1288.115,,,,"R1:3513"
"IRN","BA:675","EMP_TEMP_SEX_AGE_NB","SEX_T","AGE_5YRBANDS_Y60-64","2022",718.959,,,,"R1:3513"
"IRN","BA:675","EMP_TEMP_SEX_AGE_NB","SEX_T","AGE_5YRBANDS_YGE65","2022",486.075,,,,"R1:3513"
"IRN","BA:675","EMP_TEMP_SEX_AGE_NB","SEX_M","AGE_5YRBANDS_YGE15","2022",19859.25,,,,"R1:3513"
"IRN","BA:675","EMP_TEMP_SEX_AGE_NB","SEX_M","AGE_5YRBANDS_Y15-19","2022",455.855,,,,"R1:3513"
"IRN","BA:675","EMP_TEMP_SEX_AGE_NB","SEX_M","AGE_5YRBANDS_Y20-24","2022",1186.391,,,,"R1:3513"
"IRN","BA:675","EMP_TEMP_SEX_AGE_NB","SEX_M","AGE_5YRBANDS_Y25-29","2022",1921.842,,,,"R1:3513"
"IRN","BA:675","EMP_TEMP_SEX_AGE_NB","SEX_M","AGE_5YRBANDS_Y30-34","2022",2882.657,,,,"R1:3513"
"IRN","BA:675","EMP_TEMP_SEX_AGE_NB","SEX_M","AGE_5YRBANDS_Y35-39","2022",3524.833,,,,"R1:3513"
"IRN","BA:675","EMP_TEMP_SEX_AGE_NB","SEX_M","AGE_5YRBANDS_Y40-44","2022",3281.212,,,,"R1:3513"
"IRN","BA:675","EMP_TEMP_SEX_AGE_NB","SEX_M","AGE_5YRBANDS_Y45-49","2022",2478.521,,,,"R1:3513"
"IRN","BA:675","EMP_TEMP_SEX_AGE_NB","SEX_M","AGE_5YRBANDS_Y50-54","2022",1883.067,,,,"R1:3513"
"IRN","BA:675","EMP_TEMP_SEX_AGE_NB","SEX_M","AGE_5YRBANDS_Y55-59","2022",1151.531,,,,"R1:3513"
"IRN","BA:675","EMP_TEMP_SEX_AGE_NB","SEX_M","AGE_5YRBANDS_Y60-64","2022",652.899,,,,"R1:3513"
"IRN","BA:675","EMP_TEMP_SEX_AGE_NB","SEX_M","AGE_5YRBANDS_YGE65","2022",440.444,,,,"R1:3513"
"IRN","BA:675","EMP_TEMP_SEX_AGE_NB","SEX_F","AGE_5YRBANDS_YGE15","2022",3648.365,,,,"R1:3513"
"IRN","BA:675","EMP_TEMP_SEX_AGE_NB","SEX_F","AGE_5YRBANDS_Y15-19","2022",66.252,,,,"R1:3513"
"IRN","BA:675","EMP_TEMP_SEX_AGE_NB","SEX_F","AGE_5YRBANDS_Y20-24","2022",199.639,,,,"R1:3513"
"IRN","BA:675","EMP_TEMP_SEX_AGE_NB","SEX_F","AGE_5YRBANDS_Y25-29","2022",431.581,,,,"R1:3513"
"IRN","BA:675","EMP_TEMP_SEX_AGE_NB","SEX_F","AGE_5YRBANDS_Y30-34","2022",590.068,,,,"R1:3513"
"IRN","BA:675","EMP_TEMP_SEX_AGE_NB","SEX_F","AGE_5YRBANDS_Y35-39","2022",724.094,,,,"R1:3513"
"IRN","BA:675","EMP_TEMP_SEX_AGE_NB","SEX_F","AGE_5YRBANDS_Y40-44","2022",630.745,,,,"R1:3513"
"IRN","BA:675","EMP_TEMP_SEX_AGE_NB","SEX_F","AGE_5YRBANDS_Y45-49","2022",464.892,,,,"R1:3513"
"IRN","BA:675","EMP_TEMP_SEX_AGE_NB","SEX_F","AGE_5YRBANDS_Y50-54","2022",292.818,,,,"R1:3513"
"IRN","BA:675","EMP_TEMP_SEX_AGE_NB","SEX_F","AGE_5YRBANDS_Y55-59","2022",136.584,,,,"R1:3513"
"IRN","BA:675","EMP_TEMP_SEX_AGE_NB","SEX_F","AGE_5YRBANDS_Y60-64","2022",66.06,,,,"R1:3513"
"IRN","BA:675","EMP_TEMP_SEX_AGE_NB","SEX_F","AGE_5YRBANDS_YGE65","2022",45.632,,,,"R1:3513"
"IRN","BA:675","EMP_TEMP_SEX_AGE_NB","SEX_T","AGE_YTHADULT_YGE15","2021",23210.743,,,,"R1:3513"
"IRN","BA:675","EMP_TEMP_SEX_AGE_NB","SEX_T","AGE_YTHADULT_Y15-64","2021",22718.3,,,,"R1:3513"
"IRN","BA:675","EMP_TEMP_SEX_AGE_NB","SEX_T","AGE_YTHADULT_Y15-24","2021",1794.942,,,,"R1:3513"
"IRN","BA:675","EMP_TEMP_SEX_AGE_NB","SEX_T","AGE_YTHADULT_YGE25","2021",21415.801,,,,"R1:3513"
"IRN","BA:675","EMP_TEMP_SEX_AGE_NB","SEX_M","AGE_YTHADULT_YGE15","2021",19699.62,,,,"R1:3513"
"IRN","BA:675","EMP_TEMP_SEX_AGE_NB","SEX_M","AGE_YTHADULT_Y15-64","2021",19252.722,,,,"R1:3513"
"IRN","BA:675","EMP_TEMP_SEX_AGE_NB","SEX_M","AGE_YTHADULT_Y15-24","2021",1538.911,,,,"R1:3513"
"IRN","BA:675","EMP_TEMP_SEX_AGE_NB","SEX_M","AGE_YTHADULT_YGE25","2021",18160.708,,,,"R1:3513"
"IRN","BA:675","EMP_TEMP_SEX_AGE_NB","SEX_F","AGE_YTHADULT_YGE15","2021",3511.123,,,,"R1:3513"
"IRN","BA:675","EMP_TEMP_SEX_AGE_NB","SEX_F","AGE_YTHADULT_Y15-64","2021",3465.578,,,,"R1:3513"
"IRN","BA:675","EMP_TEMP_SEX_AGE_NB","SEX_F","AGE_YTHADULT_Y15-24","2021",256.03,,,,"R1:3513"
"IRN","BA:675","EMP_TEMP_SEX_AGE_NB","SEX_F","AGE_YTHADULT_YGE25","2021",3255.093,,,,"R1:3513"
"IRN","BA:675","EMP_TEMP_SEX_AGE_NB","SEX_T","AGE_AGGREGATE_YGE15","2021",23210.743,,,,"R1:3513"
"IRN","BA:675","EMP_TEMP_SEX_AGE_NB","SEX_T","AGE_AGGREGATE_Y15-24","2021",1794.942,,,,"R1:3513"
"IRN","BA:675","EMP_TEMP_SEX_AGE_NB","SEX_T","AGE_AGGREGATE_Y25-54","2021",18996.631,,,,"R1:3513"
"IRN","BA:675","EMP_TEMP_SEX_AGE_NB","SEX_T","AGE_AGGREGATE_Y55-64","2021",1926.727,,,,"R1:3513"
"IRN","BA:675","EMP_TEMP_SEX_AGE_NB","SEX_T","AGE_AGGREGATE_YGE65","2021",492.443,,,,"R1:3513"
"IRN","BA:675","EMP_TEMP_SEX_AGE_NB","SEX_M","AGE_AGGREGATE_YGE15","2021",19699.62,,,,"R1:3513"
"IRN","BA:675","EMP_TEMP_SEX_AGE_NB","SEX_M","AGE_AGGREGATE_Y15-24","2021",1538.911,,,,"R1:3513"
"IRN","BA:675","EMP_TEMP_SEX_AGE_NB","SEX_M","AGE_AGGREGATE_Y25-54","2021",15982.454,,,,"R1:3513"
"IRN","BA:675","EMP_TEMP_SEX_AGE_NB","SEX_M","AGE_AGGREGATE_Y55-64","2021",1731.356,,,,"R1:3513"
"IRN","BA:675","EMP_TEMP_SEX_AGE_NB","SEX_M","AGE_AGGREGATE_YGE65","2021",446.897,,,,"R1:3513"
"IRN","BA:675","EMP_TEMP_SEX_AGE_NB","SEX_F","AGE_AGGREGATE_YGE15","2021",3511.123,,,,"R1:3513"
"IRN","BA:675","EMP_TEMP_SEX_AGE_NB","SEX_F","AGE_AGGREGATE_Y15-24","2021",256.03,,,,"R1:3513"
"IRN","BA:675","EMP_TEMP_SEX_AGE_NB","SEX_F","AGE_AGGREGATE_Y25-54","2021",3014.176,,,,"R1:3513"
"IRN","BA:675","EMP_TEMP_SEX_AGE_NB","SEX_F","AGE_AGGREGATE_Y55-64","2021",195.371,,,,"R1:3513"
"IRN","BA:675","EMP_TEMP_SEX_AGE_NB","SEX_F","AGE_AGGREGATE_YGE65","2021",45.545,,,,"R1:3513"
"IRN","BA:675","EMP_TEMP_SEX_AGE_NB","SEX_T","AGE_10YRBANDS_YGE15","2021",23210.743,,,,"R1:3513"
"IRN","BA:675","EMP_TEMP_SEX_AGE_NB","SEX_T","AGE_10YRBANDS_Y15-24","2021",1794.942,,,,"R1:3513"
"IRN","BA:675","EMP_TEMP_SEX_AGE_NB","SEX_T","AGE_10YRBANDS_Y25-34","2021",5970.334,,,,"R1:3513"
"IRN","BA:675","EMP_TEMP_SEX_AGE_NB","SEX_T","AGE_10YRBANDS_Y35-44","2021",8115.124,,,,"R1:3513"
"IRN","BA:675","EMP_TEMP_SEX_AGE_NB","SEX_T","AGE_10YRBANDS_Y45-54","2021",4911.172,,,,"R1:3513"
"IRN","BA:675","EMP_TEMP_SEX_AGE_NB","SEX_T","AGE_10YRBANDS_Y55-64","2021",1926.727,,,,"R1:3513"
"IRN","BA:675","EMP_TEMP_SEX_AGE_NB","SEX_T","AGE_10YRBANDS_YGE65","2021",492.443,,,,"R1:3513"
"IRN","BA:675","EMP_TEMP_SEX_AGE_NB","SEX_M","AGE_10YRBANDS_YGE15","2021",19699.62,,,,"R1:3513"
"IRN","BA:675","EMP_TEMP_SEX_AGE_NB","SEX_M","AGE_10YRBANDS_Y15-24","2021",1538.911,,,,"R1:3513"
"IRN","BA:675","EMP_TEMP_SEX_AGE_NB","SEX_M","AGE_10YRBANDS_Y25-34","2021",5009.656,,,,"R1:3513"
"IRN","BA:675","EMP_TEMP_SEX_AGE_NB","SEX_M","AGE_10YRBANDS_Y35-44","2021",6793.471,,,,"R1:3513"
"IRN","BA:675","EMP_TEMP_SEX_AGE_NB","SEX_M","AGE_10YRBANDS_Y45-54","2021",4179.328,,,,"R1:3513"
"IRN","BA:675","EMP_TEMP_SEX_AGE_NB","SEX_M","AGE_10YRBANDS_Y55-64","2021",1731.356,,,,"R1:3513"
"IRN","BA:675","EMP_TEMP_SEX_AGE_NB","SEX_M","AGE_10YRBANDS_YGE65","2021",446.897,,,,"R1:3513"
"IRN","BA:675","EMP_TEMP_SEX_AGE_NB","SEX_F","AGE_10YRBANDS_YGE15","2021",3511.123,,,,"R1:3513"
"IRN","BA:675","EMP_TEMP_SEX_AGE_NB","SEX_F","AGE_10YRBANDS_Y15-24","2021",256.03,,,,"R1:3513"
"IRN","BA:675","EMP_TEMP_SEX_AGE_NB","SEX_F","AGE_10YRBANDS_Y25-34","2021",960.678,,,,"R1:3513"
"IRN","BA:675","EMP_TEMP_SEX_AGE_NB","SEX_F","AGE_10YRBANDS_Y35-44","2021",1321.654,,,,"R1:3513"
"IRN","BA:675","EMP_TEMP_SEX_AGE_NB","SEX_F","AGE_10YRBANDS_Y45-54","2021",731.844,,,,"R1:3513"
"IRN","BA:675","EMP_TEMP_SEX_AGE_NB","SEX_F","AGE_10YRBANDS_Y55-64","2021",195.371,,,,"R1:3513"
"IRN","BA:675","EMP_TEMP_SEX_AGE_NB","SEX_F","AGE_10YRBANDS_YGE65","2021",45.545,,,,"R1:3513"
"IRN","BA:675","EMP_TEMP_SEX_AGE_NB","SEX_T","AGE_5YRBANDS_YGE15","2021",23210.743,,,,"R1:3513"
"IRN","BA:675","EMP_TEMP_SEX_AGE_NB","SEX_T","AGE_5YRBANDS_Y15-19","2021",450.974,,,,"R1:3513"
"IRN","BA:675","EMP_TEMP_SEX_AGE_NB","SEX_T","AGE_5YRBANDS_Y20-24","2021",1343.968,,,,"R1:3513"
"IRN","BA:675","EMP_TEMP_SEX_AGE_NB","SEX_T","AGE_5YRBANDS_Y25-29","2021",2374.674,,,,"R1:3513"
"IRN","BA:675","EMP_TEMP_SEX_AGE_NB","SEX_T","AGE_5YRBANDS_Y30-34","2021",3595.66,,,,"R1:3513"
"IRN","BA:675","EMP_TEMP_SEX_AGE_NB","SEX_T","AGE_5YRBANDS_Y35-39","2021",4290.242,,,,"R1:3513"
"IRN","BA:675","EMP_TEMP_SEX_AGE_NB","SEX_T","AGE_5YRBANDS_Y40-44","2021",3824.882,,,,"R1:3513"
"IRN","BA:675","EMP_TEMP_SEX_AGE_NB","SEX_T","AGE_5YRBANDS_Y45-49","2021",2860.76,,,,"R1:3513"
"IRN","BA:675","EMP_TEMP_SEX_AGE_NB","SEX_T","AGE_5YRBANDS_Y50-54","2021",2050.412,,,,"R1:3513"
"IRN","BA:675","EMP_TEMP_SEX_AGE_NB","SEX_T","AGE_5YRBANDS_Y55-59","2021",1237.117,,,,"R1:3513"
"IRN","BA:675","EMP_TEMP_SEX_AGE_NB","SEX_T","AGE_5YRBANDS_Y60-64","2021",689.611,,,,"R1:3513"
"IRN","BA:675","EMP_TEMP_SEX_AGE_NB","SEX_T","AGE_5YRBANDS_YGE65","2021",492.443,,,,"R1:3513"
"IRN","BA:675","EMP_TEMP_SEX_AGE_NB","SEX_M","AGE_5YRBANDS_YGE15","2021",19699.62,,,,"R1:3513"
"IRN","BA:675","EMP_TEMP_SEX_AGE_NB","SEX_M","AGE_5YRBANDS_Y15-19","2021",393.219,,,,"R1:3513"
"IRN","BA:675","EMP_TEMP_SEX_AGE_NB","SEX_M","AGE_5YRBANDS_Y20-24","2021",1145.692,,,,"R1:3513"
"IRN","BA:675","EMP_TEMP_SEX_AGE_NB","SEX_M","AGE_5YRBANDS_Y25-29","2021",1972.2,,,,"R1:3513"
"IRN","BA:675","EMP_TEMP_SEX_AGE_NB","SEX_M","AGE_5YRBANDS_Y30-34","2021",3037.456,,,,"R1:3513"
"IRN","BA:675","EMP_TEMP_SEX_AGE_NB","SEX_M","AGE_5YRBANDS_Y35-39","2021",3591.586,,,,"R1:3513"
"IRN","BA:675","EMP_TEMP_SEX_AGE_NB","SEX_M","AGE_5YRBANDS_Y40-44","2021",3201.884,,,,"R1:3513"
"IRN","BA:675","EMP_TEMP_SEX_AGE_NB","SEX_M","AGE_5YRBANDS_Y45-49","2021",2415.479,,,,"R1:3513"
"IRN","BA:675","EMP_TEMP_SEX_AGE_NB","SEX_M","AGE_5YRBANDS_Y50-54","2021",1763.849,,,,"R1:3513"
"IRN","BA:675","EMP_TEMP_SEX_AGE_NB","SEX_M","AGE_5YRBANDS_Y55-59","2021",1110.17,,,,"R1:3513"
"IRN","BA:675","EMP_TEMP_SEX_AGE_NB","SEX_M","AGE_5YRBANDS_Y60-64","2021",621.186,,,,"R1:3513"
"IRN","BA:675","EMP_TEMP_SEX_AGE_NB","SEX_M","AGE_5YRBANDS_YGE65","2021",446.897,,,,"R1:3513"
"IRN","BA:675","EMP_TEMP_SEX_AGE_NB","SEX_F","AGE_5YRBANDS_YGE15","2021",3511.123,,,,"R1:3513"
"IRN","BA:675","EMP_TEMP_SEX_AGE_NB","SEX_F","AGE_5YRBANDS_Y15-19","2021",57.754,,,,"R1:3513"
"IRN","BA:675","EMP_TEMP_SEX_AGE_NB","SEX_F","AGE_5YRBANDS_Y20-24","2021",198.276,,,,"R1:3513"
"IRN","BA:675","EMP_TEMP_SEX_AGE_NB","SEX_F","AGE_5YRBANDS_Y25-29","2021",402.474,,,,"R1:3513"
"IRN","BA:675","EMP_TEMP_SEX_AGE_NB","SEX_F","AGE_5YRBANDS_Y30-34","2021",558.204,,,,"R1:3513"
"IRN","BA:675","EMP_TEMP_SEX_AGE_NB","SEX_F","AGE_5YRBANDS_Y35-39","2021",698.656,,,,"R1:3513"
"IRN","BA:675","EMP_TEMP_SEX_AGE_NB","SEX_F","AGE_5YRBANDS_Y40-44","2021",622.997,,,,"R1:3513"
"IRN","BA:675","EMP_TEMP_SEX_AGE_NB","SEX_F","AGE_5YRBANDS_Y45-49","2021",445.282,,,,"R1:3513"
"IRN","BA:675","EMP_TEMP_SEX_AGE_NB","SEX_F","AGE_5YRBANDS_Y50-54","2021",286.563,,,,"R1:3513"
"IRN","BA:675","EMP_TEMP_SEX_AGE_NB","SEX_F","AGE_5YRBANDS_Y55-59","2021",126.946,,,,"R1:3513"
"IRN","BA:675","EMP_TEMP_SEX_AGE_NB","SEX_F","AGE_5YRBANDS_Y60-64","2021",68.425,,,,"R1:3513"
"IRN","BA:675","EMP_TEMP_SEX_AGE_NB","SEX_F","AGE_5YRBANDS_YGE65","2021",45.545,,,,"R1:3513"
"IRN","BA:675","EMP_TEMP_SEX_AGE_NB","SEX_T","AGE_YTHADULT_YGE15","2020",23065.873,,,,"R1:3513"
"IRN","BA:675","EMP_TEMP_SEX_AGE_NB","SEX_T","AGE_YTHADULT_Y15-64","2020",22558.635,,,,"R1:3513"
"IRN","BA:675","EMP_TEMP_SEX_AGE_NB","SEX_T","AGE_YTHADULT_Y15-24","2020",1808.419,,,,"R1:3513"
"IRN","BA:675","EMP_TEMP_SEX_AGE_NB","SEX_T","AGE_YTHADULT_YGE25","2020",21257.454,,,,"R1:3513"
"IRN","BA:675","EMP_TEMP_SEX_AGE_NB","SEX_M","AGE_YTHADULT_YGE15","2020",19414.504,,,,"R1:3513"
"IRN","BA:675","EMP_TEMP_SEX_AGE_NB","SEX_M","AGE_YTHADULT_Y15-64","2020",18964.46,,,,"R1:3513"
"IRN","BA:675","EMP_TEMP_SEX_AGE_NB","SEX_M","AGE_YTHADULT_Y15-24","2020",1550.547,,,,"R1:3513"
"IRN","BA:675","EMP_TEMP_SEX_AGE_NB","SEX_M","AGE_YTHADULT_YGE25","2020",17863.957,,,,"R1:3513"
"IRN","BA:675","EMP_TEMP_SEX_AGE_NB","SEX_F","AGE_YTHADULT_YGE15","2020",3651.369,,,,"R1:3513"
"IRN","BA:675","EMP_TEMP_SEX_AGE_NB","SEX_F","AGE_YTHADULT_Y15-64","2020",3594.174,,,,"R1:3513"
"IRN","BA:675","EMP_TEMP_SEX_AGE_NB","SEX_F","AGE_YTHADULT_Y15-24","2020",257.872,,,,"R1:3513"
"IRN","BA:675","EMP_TEMP_SEX_AGE_NB","SEX_F","AGE_YTHADULT_YGE25","2020",3393.497,,,,"R1:3513"
"IRN","BA:675","EMP_TEMP_SEX_AGE_NB","SEX_T","AGE_AGGREGATE_YGE15","2020",23065.873,,,,"R1:3513"
"IRN","BA:675","EMP_TEMP_SEX_AGE_NB","SEX_T","AGE_AGGREGATE_Y15-24","2020",1808.419,,,,"R1:3513"
"IRN","BA:675","EMP_TEMP_SEX_AGE_NB","SEX_T","AGE_AGGREGATE_Y25-54","2020",18797.854,,,,"R1:3513"
"IRN","BA:675","EMP_TEMP_SEX_AGE_NB","SEX_T","AGE_AGGREGATE_Y55-64","2020",1952.362,,,,"R1:3513"
"IRN","BA:675","EMP_TEMP_SEX_AGE_NB","SEX_T","AGE_AGGREGATE_YGE65","2020",507.239,,,,"R1:3513"
"IRN","BA:675","EMP_TEMP_SEX_AGE_NB","SEX_M","AGE_AGGREGATE_YGE15","2020",19414.504,,,,"R1:3513"
"IRN","BA:675","EMP_TEMP_SEX_AGE_NB","SEX_M","AGE_AGGREGATE_Y15-24","2020",1550.547,,,,"R1:3513"
"IRN","BA:675","EMP_TEMP_SEX_AGE_NB","SEX_M","AGE_AGGREGATE_Y25-54","2020",15703.832,,,,"R1:3513"
"IRN","BA:675","EMP_TEMP_SEX_AGE_NB","SEX_M","AGE_AGGREGATE_Y55-64","2020",1710.082,,,,"R1:3513"
"IRN","BA:675","EMP_TEMP_SEX_AGE_NB","SEX_M","AGE_AGGREGATE_YGE65","2020",450.044,,,,"R1:3513"
"IRN","BA:675","EMP_TEMP_SEX_AGE_NB","SEX_F","AGE_AGGREGATE_YGE15","2020",3651.369,,,,"R1:3513"
"IRN","BA:675","EMP_TEMP_SEX_AGE_NB","SEX_F","AGE_AGGREGATE_Y15-24","2020",257.872,,,,"R1:3513"
"IRN","BA:675","EMP_TEMP_SEX_AGE_NB","SEX_F","AGE_AGGREGATE_Y25-54","2020",3094.022,,,,"R1:3513"
"IRN","BA:675","EMP_TEMP_SEX_AGE_NB","SEX_F","AGE_AGGREGATE_Y55-64","2020",242.28,,,,"R1:3513"
"IRN","BA:675","EMP_TEMP_SEX_AGE_NB","SEX_F","AGE_AGGREGATE_YGE65","2020",57.195,,,,"R1:3513"
"IRN","BA:675","EMP_TEMP_SEX_AGE_NB","SEX_T","AGE_10YRBANDS_YGE15","2020",23065.873,,,,"R1:3513"
"IRN","BA:675","EMP_TEMP_SEX_AGE_NB","SEX_T","AGE_10YRBANDS_Y15-24","2020",1808.419,,,,"R1:3513"
"IRN","BA:675","EMP_TEMP_SEX_AGE_NB","SEX_T","AGE_10YRBANDS_Y25-34","2020",6274.123,,,,"R1:3513"
"IRN","BA:675","EMP_TEMP_SEX_AGE_NB","SEX_T","AGE_10YRBANDS_Y35-44","2020",7775.095,,,,"R1:3513"
"IRN","BA:675","EMP_TEMP_SEX_AGE_NB","SEX_T","AGE_10YRBANDS_Y45-54","2020",4748.636,,,,"R1:3513"
"IRN","BA:675","EMP_TEMP_SEX_AGE_NB","SEX_T","AGE_10YRBANDS_Y55-64","2020",1952.362,,,,"R1:3513"
"IRN","BA:675","EMP_TEMP_SEX_AGE_NB","SEX_T","AGE_10YRBANDS_YGE65","2020",507.239,,,,"R1:3513"
"IRN","BA:675","EMP_TEMP_SEX_AGE_NB","SEX_M","AGE_10YRBANDS_YGE15","2020",19414.504,,,,"R1:3513"
"IRN","BA:675","EMP_TEMP_SEX_AGE_NB","SEX_M","AGE_10YRBANDS_Y15-24","2020",1550.547,,,,"R1:3513"
"IRN","BA:675","EMP_TEMP_SEX_AGE_NB","SEX_M","AGE_10YRBANDS_Y25-34","2020",5247.595,,,,"R1:3513"
"IRN","BA:675","EMP_TEMP_SEX_AGE_NB","SEX_M","AGE_10YRBANDS_Y35-44","2020",6437.501,,,,"R1:3513"
"IRN","BA:675","EMP_TEMP_SEX_AGE_NB","SEX_M","AGE_10YRBANDS_Y45-54","2020",4018.735,,,,"R1:3513"
"IRN","BA:675","EMP_TEMP_SEX_AGE_NB","SEX_M","AGE_10YRBANDS_Y55-64","2020",1710.082,,,,"R1:3513"
"IRN","BA:675","EMP_TEMP_SEX_AGE_NB","SEX_M","AGE_10YRBANDS_YGE65","2020",450.044,,,,"R1:3513"
"IRN","BA:675","EMP_TEMP_SEX_AGE_NB","SEX_F","AGE_10YRBANDS_YGE15","2020",3651.369,,,,"R1:3513"
"IRN","BA:675","EMP_TEMP_SEX_AGE_NB","SEX_F","AGE_10YRBANDS_Y15-24","2020",257.872,,,,"R1:3513"
"IRN","BA:675","EMP_TEMP_SEX_AGE_NB","SEX_F","AGE_10YRBANDS_Y25-34","2020",1026.528,,,,"R1:3513"
"IRN","BA:675","EMP_TEMP_SEX_AGE_NB","SEX_F","AGE_10YRBANDS_Y35-44","2020",1337.593,,,,"R1:3513"
"IRN","BA:675","EMP_TEMP_SEX_AGE_NB","SEX_F","AGE_10YRBANDS_Y45-54","2020",729.901,,,,"R1:3513"
"IRN","BA:675","EMP_TEMP_SEX_AGE_NB","SEX_F","AGE_10YRBANDS_Y55-64","2020",242.28,,,,"R1:3513"
"IRN","BA:675","EMP_TEMP_SEX_AGE_NB","SEX_F","AGE_10YRBANDS_YGE65","2020",57.195,,,,"R1:3513"
"IRN","BA:675","EMP_TEMP_SEX_AGE_NB","SEX_T","AGE_5YRBANDS_YGE15","2020",23065.873,,,,"R1:3513"
"IRN","BA:675","EMP_TEMP_SEX_AGE_NB","SEX_T","AGE_5YRBANDS_Y15-19","2020",448.64,,,,"R1:3513"
"IRN","BA:675","EMP_TEMP_SEX_AGE_NB","SEX_T","AGE_5YRBANDS_Y20-24","2020",1359.779,,,,"R1:3513"
"IRN","BA:675","EMP_TEMP_SEX_AGE_NB","SEX_T","AGE_5YRBANDS_Y25-29","2020",2541.85,,,,"R1:3513"
"IRN","BA:675","EMP_TEMP_SEX_AGE_NB","SEX_T","AGE_5YRBANDS_Y30-34","2020",3732.273,,,,"R1:3513"
"IRN","BA:675","EMP_TEMP_SEX_AGE_NB","SEX_T","AGE_5YRBANDS_Y35-39","2020",4242.091,,,,"R1:3513"
"IRN","BA:675","EMP_TEMP_SEX_AGE_NB","SEX_T","AGE_5YRBANDS_Y40-44","2020",3533.003,,,,"R1:3513"
"IRN","BA:675","EMP_TEMP_SEX_AGE_NB","SEX_T","AGE_5YRBANDS_Y45-49","2020",2784.552,,,,"R1:3513"
"IRN","BA:675","EMP_TEMP_SEX_AGE_NB","SEX_T","AGE_5YRBANDS_Y50-54","2020",1964.084,,,,"R1:3513"
"IRN","BA:675","EMP_TEMP_SEX_AGE_NB","SEX_T","AGE_5YRBANDS_Y55-59","2020",1281.775,,,,"R1:3513"
"IRN","BA:675","EMP_TEMP_SEX_AGE_NB","SEX_T","AGE_5YRBANDS_Y60-64","2020",670.586,,,,"R1:3513"
"IRN","BA:675","EMP_TEMP_SEX_AGE_NB","SEX_T","AGE_5YRBANDS_YGE65","2020",507.239,,,,"R1:3513"
"IRN","BA:675","EMP_TEMP_SEX_AGE_NB","SEX_M","AGE_5YRBANDS_YGE15","2020",19414.504,,,,"R1:3513"
"IRN","BA:675","EMP_TEMP_SEX_AGE_NB","SEX_M","AGE_5YRBANDS_Y15-19","2020",397.71,,,,"R1:3513"
"IRN","BA:675","EMP_TEMP_SEX_AGE_NB","SEX_M","AGE_5YRBANDS_Y20-24","2020",1152.836,,,,"R1:3513"
"IRN","BA:675","EMP_TEMP_SEX_AGE_NB","SEX_M","AGE_5YRBANDS_Y25-29","2020",2129.399,,,,"R1:3513"
"IRN","BA:675","EMP_TEMP_SEX_AGE_NB","SEX_M","AGE_5YRBANDS_Y30-34","2020",3118.196,,,,"R1:3513"
"IRN","BA:675","EMP_TEMP_SEX_AGE_NB","SEX_M","AGE_5YRBANDS_Y35-39","2020",3511.826,,,,"R1:3513"
"IRN","BA:675","EMP_TEMP_SEX_AGE_NB","SEX_M","AGE_5YRBANDS_Y40-44","2020",2925.676,,,,"R1:3513"
"IRN","BA:675","EMP_TEMP_SEX_AGE_NB","SEX_M","AGE_5YRBANDS_Y45-49","2020",2342.013,,,,"R1:3513"
"IRN","BA:675","EMP_TEMP_SEX_AGE_NB","SEX_M","AGE_5YRBANDS_Y50-54","2020",1676.723,,,,"R1:3513"
"IRN","BA:675","EMP_TEMP_SEX_AGE_NB","SEX_M","AGE_5YRBANDS_Y55-59","2020",1114.443,,,,"R1:3513"
"IRN","BA:675","EMP_TEMP_SEX_AGE_NB","SEX_M","AGE_5YRBANDS_Y60-64","2020",595.639,,,,"R1:3513"
"IRN","BA:675","EMP_TEMP_SEX_AGE_NB","SEX_M","AGE_5YRBANDS_YGE65","2020",450.044,,,,"R1:3513"
"IRN","BA:675","EMP_TEMP_SEX_AGE_NB","SEX_F","AGE_5YRBANDS_YGE15","2020",3651.369,,,,"R1:3513"
"IRN","BA:675","EMP_TEMP_SEX_AGE_NB","SEX_F","AGE_5YRBANDS_Y15-19","2020",50.93,,,,"R1:3513"
"IRN","BA:675","EMP_TEMP_SEX_AGE_NB","SEX_F","AGE_5YRBANDS_Y20-24","2020",206.942,,,,"R1:3513"
"IRN","BA:675","EMP_TEMP_SEX_AGE_NB","SEX_F","AGE_5YRBANDS_Y25-29","2020",412.451,,,,"R1:3513"
"IRN","BA:675","EMP_TEMP_SEX_AGE_NB","SEX_F","AGE_5YRBANDS_Y30-34","2020",614.077,,,,"R1:3513"
"IRN","BA:675","EMP_TEMP_SEX_AGE_NB","SEX_F","AGE_5YRBANDS_Y35-39","2020",730.266,,,,"R1:3513"
"IRN","BA:675","EMP_TEMP_SEX_AGE_NB","SEX_F","AGE_5YRBANDS_Y40-44","2020",607.328,,,,"R1:3513"
"IRN","BA:675","EMP_TEMP_SEX_AGE_NB","SEX_F","AGE_5YRBANDS_Y45-49","2020",442.539,,,,"R1:3513"
"IRN","BA:675","EMP_TEMP_SEX_AGE_NB","SEX_F","AGE_5YRBANDS_Y50-54","2020",287.362,,,,"R1:3513"
"IRN","BA:675","EMP_TEMP_SEX_AGE_NB","SEX_F","AGE_5YRBANDS_Y55-59","2020",167.333,,,,"R1:3513"
"IRN","BA:675","EMP_TEMP_SEX_AGE_NB","SEX_F","AGE_5YRBANDS_Y60-64","2020",74.947,,,,"R1:3513"
"IRN","BA:675","EMP_TEMP_SEX_AGE_NB","SEX_F","AGE_5YRBANDS_YGE65","2020",57.195,,,,"R1:3513"
"IRN","BA:675","EMP_TEMP_SEX_AGE_NB","SEX_T","AGE_YTHADULT_YGE15","2019",24046.846,,,,"R1:3513"
"IRN","BA:675","EMP_TEMP_SEX_AGE_NB","SEX_T","AGE_YTHADULT_Y15-64","2019",23475.812,,,,"R1:3513"
"IRN","BA:675","EMP_TEMP_SEX_AGE_NB","SEX_T","AGE_YTHADULT_Y15-24","2019",2022.213,,,,"R1:3513"
"IRN","BA:675","EMP_TEMP_SEX_AGE_NB","SEX_T","AGE_YTHADULT_YGE25","2019",22024.632,,,,"R1:3513"
"IRN","BA:675","EMP_TEMP_SEX_AGE_NB","SEX_M","AGE_YTHADULT_YGE15","2019",19732.025,,,,"R1:3513"
"IRN","BA:675","EMP_TEMP_SEX_AGE_NB","SEX_M","AGE_YTHADULT_Y15-64","2019",19232.04,,,,"R1:3513"
"IRN","BA:675","EMP_TEMP_SEX_AGE_NB","SEX_M","AGE_YTHADULT_Y15-24","2019",1678.803,,,,"R1:3513"
"IRN","BA:675","EMP_TEMP_SEX_AGE_NB","SEX_M","AGE_YTHADULT_YGE25","2019",18053.222,,,,"R1:3513"
"IRN","BA:675","EMP_TEMP_SEX_AGE_NB","SEX_F","AGE_YTHADULT_YGE15","2019",4314.82,,,,"R1:3513"
"IRN","BA:675","EMP_TEMP_SEX_AGE_NB","SEX_F","AGE_YTHADULT_Y15-64","2019",4243.772,,,,"R1:3513"
"IRN","BA:675","EMP_TEMP_SEX_AGE_NB","SEX_F","AGE_YTHADULT_Y15-24","2019",343.41,,,,"R1:3513"
"IRN","BA:675","EMP_TEMP_SEX_AGE_NB","SEX_F","AGE_YTHADULT_YGE25","2019",3971.41,,,,"R1:3513"
"IRN","BA:675","EMP_TEMP_SEX_AGE_NB","SEX_T","AGE_AGGREGATE_YGE15","2019",24046.846,,,,"R1:3513"
"IRN","BA:675","EMP_TEMP_SEX_AGE_NB","SEX_T","AGE_AGGREGATE_Y15-24","2019",2022.213,,,,"R1:3513"
"IRN","BA:675","EMP_TEMP_SEX_AGE_NB","SEX_T","AGE_AGGREGATE_Y25-54","2019",19386.213,,,,"R1:3513"
"IRN","BA:675","EMP_TEMP_SEX_AGE_NB","SEX_T","AGE_AGGREGATE_Y55-64","2019",2067.386,,,,"R1:3513"
"IRN","BA:675","EMP_TEMP_SEX_AGE_NB","SEX_T","AGE_AGGREGATE_YGE65","2019",571.034,,,,"R1:3513"
"IRN","BA:675","EMP_TEMP_SEX_AGE_NB","SEX_M","AGE_AGGREGATE_YGE15","2019",19732.025,,,,"R1:3513"
"IRN","BA:675","EMP_TEMP_SEX_AGE_NB","SEX_M","AGE_AGGREGATE_Y15-24","2019",1678.803,,,,"R1:3513"
"IRN","BA:675","EMP_TEMP_SEX_AGE_NB","SEX_M","AGE_AGGREGATE_Y25-54","2019",15776.841,,,,"R1:3513"
"IRN","BA:675","EMP_TEMP_SEX_AGE_NB","SEX_M","AGE_AGGREGATE_Y55-64","2019",1776.396,,,,"R1:3513"
"IRN","BA:675","EMP_TEMP_SEX_AGE_NB","SEX_M","AGE_AGGREGATE_YGE65","2019",499.985,,,,"R1:3513"
"IRN","BA:675","EMP_TEMP_SEX_AGE_NB","SEX_F","AGE_AGGREGATE_YGE15","2019",4314.82,,,,"R1:3513"
"IRN","BA:675","EMP_TEMP_SEX_AGE_NB","SEX_F","AGE_AGGREGATE_Y15-24","2019",343.41,,,,"R1:3513"
"IRN","BA:675","EMP_TEMP_SEX_AGE_NB","SEX_F","AGE_AGGREGATE_Y25-54","2019",3609.371,,,,"R1:3513"
"IRN","BA:675","EMP_TEMP_SEX_AGE_NB","SEX_F","AGE_AGGREGATE_Y55-64","2019",290.99,,,,"R1:3513"
"IRN","BA:675","EMP_TEMP_SEX_AGE_NB","SEX_F","AGE_AGGREGATE_YGE65","2019",71.048,,,,"R1:3513"
"IRN","BA:675","EMP_TEMP_SEX_AGE_NB","SEX_T","AGE_10YRBANDS_YGE15","2019",24046.846,,,,"R1:3513"
"IRN","BA:675","EMP_TEMP_SEX_AGE_NB","SEX_T","AGE_10YRBANDS_Y15-24","2019",2022.213,,,,"R1:3513"
"IRN","BA:675","EMP_TEMP_SEX_AGE_NB","SEX_T","AGE_10YRBANDS_Y25-34","2019",7071.37,,,,"R1:3513"
"IRN","BA:675","EMP_TEMP_SEX_AGE_NB","SEX_T","AGE_10YRBANDS_Y35-44","2019",7606.394,,,,"R1:3513"
"IRN","BA:675","EMP_TEMP_SEX_AGE_NB","SEX_T","AGE_10YRBANDS_Y45-54","2019",4708.448,,,,"R1:3513"
"IRN","BA:675","EMP_TEMP_SEX_AGE_NB","SEX_T","AGE_10YRBANDS_Y55-64","2019",2067.386,,,,"R1:3513"
"IRN","BA:675","EMP_TEMP_SEX_AGE_NB","SEX_T","AGE_10YRBANDS_YGE65","2019",571.034,,,,"R1:3513"
"IRN","BA:675","EMP_TEMP_SEX_AGE_NB","SEX_M","AGE_10YRBANDS_YGE15","2019",19732.025,,,,"R1:3513"
"IRN","BA:675","EMP_TEMP_SEX_AGE_NB","SEX_M","AGE_10YRBANDS_Y15-24","2019",1678.803,,,,"R1:3513"
"IRN","BA:675","EMP_TEMP_SEX_AGE_NB","SEX_M","AGE_10YRBANDS_Y25-34","2019",5764.974,,,,"R1:3513"
"IRN","BA:675","EMP_TEMP_SEX_AGE_NB","SEX_M","AGE_10YRBANDS_Y35-44","2019",6113.258,,,,"R1:3513"
"IRN","BA:675","EMP_TEMP_SEX_AGE_NB","SEX_M","AGE_10YRBANDS_Y45-54","2019",3898.609,,,,"R1:3513"
"IRN","BA:675","EMP_TEMP_SEX_AGE_NB","SEX_M","AGE_10YRBANDS_Y55-64","2019",1776.396,,,,"R1:3513"
"IRN","BA:675","EMP_TEMP_SEX_AGE_NB","SEX_M","AGE_10YRBANDS_YGE65","2019",499.985,,,,"R1:3513"
"IRN","BA:675","EMP_TEMP_SEX_AGE_NB","SEX_F","AGE_10YRBANDS_YGE15","2019",4314.82,,,,"R1:3513"
"IRN","BA:675","EMP_TEMP_SEX_AGE_NB","SEX_F","AGE_10YRBANDS_Y15-24","2019",343.41,,,,"R1:3513"
"IRN","BA:675","EMP_TEMP_SEX_AGE_NB","SEX_F","AGE_10YRBANDS_Y25-34","2019",1306.396,,,,"R1:3513"
"IRN","BA:675","EMP_TEMP_SEX_AGE_NB","SEX_F","AGE_10YRBANDS_Y35-44","2019",1493.136,,,,"R1:3513"
"IRN","BA:675","EMP_TEMP_SEX_AGE_NB","SEX_F","AGE_10YRBANDS_Y45-54","2019",809.839,,,,"R1:3513"
"IRN","BA:675","EMP_TEMP_SEX_AGE_NB","SEX_F","AGE_10YRBANDS_Y55-64","2019",290.99,,,,"R1:3513"
"IRN","BA:675","EMP_TEMP_SEX_AGE_NB","SEX_F","AGE_10YRBANDS_YGE65","2019",71.048,,,,"R1:3513"
"IRN","BA:675","EMP_TEMP_SEX_AGE_NB","SEX_T","AGE_5YRBANDS_YGE15","2019",24046.846,,,,"R1:3513"
"IRN","BA:675","EMP_TEMP_SEX_AGE_NB","SEX_T","AGE_5YRBANDS_Y15-19","2019",500.104,,,,"R1:3513"
"IRN","BA:675","EMP_TEMP_SEX_AGE_NB","SEX_T","AGE_5YRBANDS_Y20-24","2019",1522.109,,,,"R1:3513"
"IRN","BA:675","EMP_TEMP_SEX_AGE_NB","SEX_T","AGE_5YRBANDS_Y25-29","2019",2965.093,,,,"R1:3513"
"IRN","BA:675","EMP_TEMP_SEX_AGE_NB","SEX_T","AGE_5YRBANDS_Y30-34","2019",4106.277,,,,"R1:3513"
"IRN","BA:675","EMP_TEMP_SEX_AGE_NB","SEX_T","AGE_5YRBANDS_Y35-39","2019",4206.09,,,,"R1:3513"
"IRN","BA:675","EMP_TEMP_SEX_AGE_NB","SEX_T","AGE_5YRBANDS_Y40-44","2019",3400.304,,,,"R1:3513"
"IRN","BA:675","EMP_TEMP_SEX_AGE_NB","SEX_T","AGE_5YRBANDS_Y45-49","2019",2765.883,,,,"R1:3513"
"IRN","BA:675","EMP_TEMP_SEX_AGE_NB","SEX_T","AGE_5YRBANDS_Y50-54","2019",1942.565,,,,"R1:3513"
"IRN","BA:675","EMP_TEMP_SEX_AGE_NB","SEX_T","AGE_5YRBANDS_Y55-59","2019",1323.522,,,,"R1:3513"
"IRN","BA:675","EMP_TEMP_SEX_AGE_NB","SEX_T","AGE_5YRBANDS_Y60-64","2019",743.864,,,,"R1:3513"
"IRN","BA:675","EMP_TEMP_SEX_AGE_NB","SEX_T","AGE_5YRBANDS_YGE65","2019",571.034,,,,"R1:3513"
"IRN","BA:675","EMP_TEMP_SEX_AGE_NB","SEX_M","AGE_5YRBANDS_YGE15","2019",19732.025,,,,"R1:3513"
"IRN","BA:675","EMP_TEMP_SEX_AGE_NB","SEX_M","AGE_5YRBANDS_Y15-19","2019",427.058,,,,"R1:3513"
"IRN","BA:675","EMP_TEMP_SEX_AGE_NB","SEX_M","AGE_5YRBANDS_Y20-24","2019",1251.745,,,,"R1:3513"
"IRN","BA:675","EMP_TEMP_SEX_AGE_NB","SEX_M","AGE_5YRBANDS_Y25-29","2019",2419.987,,,,"R1:3513"
"IRN","BA:675","EMP_TEMP_SEX_AGE_NB","SEX_M","AGE_5YRBANDS_Y30-34","2019",3344.987,,,,"R1:3513"
"IRN","BA:675","EMP_TEMP_SEX_AGE_NB","SEX_M","AGE_5YRBANDS_Y35-39","2019",3367.181,,,,"R1:3513"
"IRN","BA:675","EMP_TEMP_SEX_AGE_NB","SEX_M","AGE_5YRBANDS_Y40-44","2019",2746.077,,,,"R1:3513"
"IRN","BA:675","EMP_TEMP_SEX_AGE_NB","SEX_M","AGE_5YRBANDS_Y45-49","2019",2278.009,,,,"R1:3513"
"IRN","BA:675","EMP_TEMP_SEX_AGE_NB","SEX_M","AGE_5YRBANDS_Y50-54","2019",1620.6,,,,"R1:3513"
"IRN","BA:675","EMP_TEMP_SEX_AGE_NB","SEX_M","AGE_5YRBANDS_Y55-59","2019",1134.587,,,,"R1:3513"
"IRN","BA:675","EMP_TEMP_SEX_AGE_NB","SEX_M","AGE_5YRBANDS_Y60-64","2019",641.809,,,,"R1:3513"
"IRN","BA:675","EMP_TEMP_SEX_AGE_NB","SEX_M","AGE_5YRBANDS_YGE65","2019",499.985,,,,"R1:3513"
"IRN","BA:675","EMP_TEMP_SEX_AGE_NB","SEX_F","AGE_5YRBANDS_YGE15","2019",4314.82,,,,"R1:3513"
"IRN","BA:675","EMP_TEMP_SEX_AGE_NB","SEX_F","AGE_5YRBANDS_Y15-19","2019",73.047,,,,"R1:3513"
"IRN","BA:675","EMP_TEMP_SEX_AGE_NB","SEX_F","AGE_5YRBANDS_Y20-24","2019",270.364,,,,"R1:3513"
"IRN","BA:675","EMP_TEMP_SEX_AGE_NB","SEX_F","AGE_5YRBANDS_Y25-29","2019",545.106,,,,"R1:3513"
"IRN","BA:675","EMP_TEMP_SEX_AGE_NB","SEX_F","AGE_5YRBANDS_Y30-34","2019",761.291,,,,"R1:3513"
"IRN","BA:675","EMP_TEMP_SEX_AGE_NB","SEX_F","AGE_5YRBANDS_Y35-39","2019",838.909,,,,"R1:3513"
"IRN","BA:675","EMP_TEMP_SEX_AGE_NB","SEX_F","AGE_5YRBANDS_Y40-44","2019",654.227,,,,"R1:3513"
"IRN","BA:675","EMP_TEMP_SEX_AGE_NB","SEX_F","AGE_5YRBANDS_Y45-49","2019",487.874,,,,"R1:3513"
"IRN","BA:675","EMP_TEMP_SEX_AGE_NB","SEX_F","AGE_5YRBANDS_Y50-54","2019",321.965,,,,"R1:3513"
"IRN","BA:675","EMP_TEMP_SEX_AGE_NB","SEX_F","AGE_5YRBANDS_Y55-59","2019",188.935,,,,"R1:3513"
"IRN","BA:675","EMP_TEMP_SEX_AGE_NB","SEX_F","AGE_5YRBANDS_Y60-64","2019",102.055,,,,"R1:3513"
"IRN","BA:675","EMP_TEMP_SEX_AGE_NB","SEX_F","AGE_5YRBANDS_YGE65","2019",71.048,,,,"R1:3513"
"IRN","BA:675","EMP_TEMP_SEX_AGE_NB","SEX_T","AGE_YTHADULT_YGE15","2018",23435.812,"B",,"I11:264","R1:3513"
"IRN","BA:675","EMP_TEMP_SEX_AGE_NB","SEX_T","AGE_YTHADULT_Y15-64","2018",22851.173,"B",,"I11:264","R1:3513"
"IRN","BA:675","EMP_TEMP_SEX_AGE_NB","SEX_T","AGE_YTHADULT_Y15-24","2018",2057.105,"B",,"I11:264","R1:3513"
"IRN","BA:675","EMP_TEMP_SEX_AGE_NB","SEX_T","AGE_YTHADULT_YGE25","2018",21378.708,"B",,"I11:264","R1:3513"
"IRN","BA:675","EMP_TEMP_SEX_AGE_NB","SEX_M","AGE_YTHADULT_YGE15","2018",19118.434,"B",,"I11:264","R1:3513"
"IRN","BA:675","EMP_TEMP_SEX_AGE_NB","SEX_M","AGE_YTHADULT_Y15-64","2018",18601.698,"B",,"I11:264","R1:3513"
"IRN","BA:675","EMP_TEMP_SEX_AGE_NB","SEX_M","AGE_YTHADULT_Y15-24","2018",1689.052,"B",,"I11:264","R1:3513"
"IRN","BA:675","EMP_TEMP_SEX_AGE_NB","SEX_M","AGE_YTHADULT_YGE25","2018",17429.381,"B",,"I11:264","R1:3513"
"IRN","BA:675","EMP_TEMP_SEX_AGE_NB","SEX_F","AGE_YTHADULT_YGE15","2018",4317.378,"B",,"I11:264","R1:3513"
"IRN","BA:675","EMP_TEMP_SEX_AGE_NB","SEX_F","AGE_YTHADULT_Y15-64","2018",4249.474,"B",,"I11:264","R1:3513"
"IRN","BA:675","EMP_TEMP_SEX_AGE_NB","SEX_F","AGE_YTHADULT_Y15-24","2018",368.052,"B",,"I11:264","R1:3513"
"IRN","BA:675","EMP_TEMP_SEX_AGE_NB","SEX_F","AGE_YTHADULT_YGE25","2018",3949.326,"B",,"I11:264","R1:3513"
"IRN","BA:675","EMP_TEMP_SEX_AGE_NB","SEX_T","AGE_AGGREGATE_YGE15","2018",23435.812,"B",,"I11:264","R1:3513"
"IRN","BA:675","EMP_TEMP_SEX_AGE_NB","SEX_T","AGE_AGGREGATE_Y15-24","2018",2057.105,"B",,"I11:264","R1:3513"
"IRN","BA:675","EMP_TEMP_SEX_AGE_NB","SEX_T","AGE_AGGREGATE_Y25-54","2018",18929.494,"B",,"I11:264","R1:3513"
"IRN","BA:675","EMP_TEMP_SEX_AGE_NB","SEX_T","AGE_AGGREGATE_Y55-64","2018",1864.574,"B",,"I11:264","R1:3513"
"IRN","BA:675","EMP_TEMP_SEX_AGE_NB","SEX_T","AGE_AGGREGATE_YGE65","2018",584.64,"B",,"I11:264","R1:3513"
"IRN","BA:675","EMP_TEMP_SEX_AGE_NB","SEX_M","AGE_AGGREGATE_YGE15","2018",19118.434,"B",,"I11:264","R1:3513"
"IRN","BA:675","EMP_TEMP_SEX_AGE_NB","SEX_M","AGE_AGGREGATE_Y15-24","2018",1689.052,"B",,"I11:264","R1:3513"
"IRN","BA:675","EMP_TEMP_SEX_AGE_NB","SEX_M","AGE_AGGREGATE_Y25-54","2018",15315.489,"B",,"I11:264","R1:3513"
"IRN","BA:675","EMP_TEMP_SEX_AGE_NB","SEX_M","AGE_AGGREGATE_Y55-64","2018",1597.157,"B",,"I11:264","R1:3513"
"IRN","BA:675","EMP_TEMP_SEX_AGE_NB","SEX_M","AGE_AGGREGATE_YGE65","2018",516.735,"B",,"I11:264","R1:3513"
"IRN","BA:675","EMP_TEMP_SEX_AGE_NB","SEX_F","AGE_AGGREGATE_YGE15","2018",4317.378,"B",,"I11:264","R1:3513"
"IRN","BA:675","EMP_TEMP_SEX_AGE_NB","SEX_F","AGE_AGGREGATE_Y15-24","2018",368.052,"B",,"I11:264","R1:3513"
"IRN","BA:675","EMP_TEMP_SEX_AGE_NB","SEX_F","AGE_AGGREGATE_Y25-54","2018",3614.004,"B",,"I11:264","R1:3513"
"IRN","BA:675","EMP_TEMP_SEX_AGE_NB","SEX_F","AGE_AGGREGATE_Y55-64","2018",267.418,"B",,"I11:264","R1:3513"
"IRN","BA:675","EMP_TEMP_SEX_AGE_NB","SEX_F","AGE_AGGREGATE_YGE65","2018",67.904,"B",,"I11:264","R1:3513"
"IRN","BA:675","EMP_TEMP_SEX_AGE_NB","SEX_T","AGE_10YRBANDS_YGE15","2018",23435.812,"B",,"I11:264","R1:3513"
"IRN","BA:675","EMP_TEMP_SEX_AGE_NB","SEX_T","AGE_10YRBANDS_Y15-24","2018",2057.105,"B",,"I11:264","R1:3513"
"IRN","BA:675","EMP_TEMP_SEX_AGE_NB","SEX_T","AGE_10YRBANDS_Y25-34","2018",7190.896,"B",,"I11:264","R1:3513"
"IRN","BA:675","EMP_TEMP_SEX_AGE_NB","SEX_T","AGE_10YRBANDS_Y35-44","2018",7251.08,"B",,"I11:264","R1:3513"
"IRN","BA:675","EMP_TEMP_SEX_AGE_NB","SEX_T","AGE_10YRBANDS_Y45-54","2018",4487.518,"B",,"I11:264","R1:3513"
"IRN","BA:675","EMP_TEMP_SEX_AGE_NB","SEX_T","AGE_10YRBANDS_Y55-64","2018",1864.574,"B",,"I11:264","R1:3513"
"IRN","BA:675","EMP_TEMP_SEX_AGE_NB","SEX_T","AGE_10YRBANDS_YGE65","2018",584.64,"B",,"I11:264","R1:3513"
"IRN","BA:675","EMP_TEMP_SEX_AGE_NB","SEX_M","AGE_10YRBANDS_YGE15","2018",19118.434,"B",,"I11:264","R1:3513"
"IRN","BA:675","EMP_TEMP_SEX_AGE_NB","SEX_M","AGE_10YRBANDS_Y15-24","2018",1689.052,"B",,"I11:264","R1:3513"
"IRN","BA:675","EMP_TEMP_SEX_AGE_NB","SEX_M","AGE_10YRBANDS_Y25-34","2018",5842.538,"B",,"I11:264","R1:3513"
"IRN","BA:675","EMP_TEMP_SEX_AGE_NB","SEX_M","AGE_10YRBANDS_Y35-44","2018",5794.489,"B",,"I11:264","R1:3513"
"IRN","BA:675","EMP_TEMP_SEX_AGE_NB","SEX_M","AGE_10YRBANDS_Y45-54","2018",3678.462,"B",,"I11:264","R1:3513"
"IRN","BA:675","EMP_TEMP_SEX_AGE_NB","SEX_M","AGE_10YRBANDS_Y55-64","2018",1597.157,"B",,"I11:264","R1:3513"
"IRN","BA:675","EMP_TEMP_SEX_AGE_NB","SEX_M","AGE_10YRBANDS_YGE65","2018",516.735,"B",,"I11:264","R1:3513"
"IRN","BA:675","EMP_TEMP_SEX_AGE_NB","SEX_F","AGE_10YRBANDS_YGE15","2018",4317.378,"B",,"I11:264","R1:3513"
"IRN","BA:675","EMP_TEMP_SEX_AGE_NB","SEX_F","AGE_10YRBANDS_Y15-24","2018",368.052,"B",,"I11:264","R1:3513"
"IRN","BA:675","EMP_TEMP_SEX_AGE_NB","SEX_F","AGE_10YRBANDS_Y25-34","2018",1348.358,"B",,"I11:264","R1:3513"
"IRN","BA:675","EMP_TEMP_SEX_AGE_NB","SEX_F","AGE_10YRBANDS_Y35-44","2018",1456.591,"B",,"I11:264","R1:3513"
"IRN","BA:675","EMP_TEMP_SEX_AGE_NB","SEX_F","AGE_10YRBANDS_Y45-54","2018",809.056,"B",,"I11:264","R1:3513"
"IRN","BA:675","EMP_TEMP_SEX_AGE_NB","SEX_F","AGE_10YRBANDS_Y55-64","2018",267.418,"B",,"I11:264","R1:3513"
"IRN","BA:675","EMP_TEMP_SEX_AGE_NB","SEX_F","AGE_10YRBANDS_YGE65","2018",67.904,"B",,"I11:264","R1:3513"
"IRN","BA:675","EMP_TEMP_SEX_AGE_NB","SEX_T","AGE_5YRBANDS_YGE15","2018",23435.812,"B",,"I11:264","R1:3513"
"IRN","BA:675","EMP_TEMP_SEX_AGE_NB","SEX_T","AGE_5YRBANDS_Y15-19","2018",512.469,"B",,"I11:264","R1:3513"
"IRN","BA:675","EMP_TEMP_SEX_AGE_NB","SEX_T","AGE_5YRBANDS_Y20-24","2018",1544.636,"B",,"I11:264","R1:3513"
"IRN","BA:675","EMP_TEMP_SEX_AGE_NB","SEX_T","AGE_5YRBANDS_Y25-29","2018",3066.824,"B",,"I11:264","R1:3513"
"IRN","BA:675","EMP_TEMP_SEX_AGE_NB","SEX_T","AGE_5YRBANDS_Y30-34","2018",4124.072,"B",,"I11:264","R1:3513"
"IRN","BA:675","EMP_TEMP_SEX_AGE_NB","SEX_T","AGE_5YRBANDS_Y35-39","2018",4014.12,"B",,"I11:264","R1:3513"
"IRN","BA:675","EMP_TEMP_SEX_AGE_NB","SEX_T","AGE_5YRBANDS_Y40-44","2018",3236.961,"B",,"I11:264","R1:3513"
"IRN","BA:675","EMP_TEMP_SEX_AGE_NB","SEX_T","AGE_5YRBANDS_Y45-49","2018",2637.05,"B",,"I11:264","R1:3513"
"IRN","BA:675","EMP_TEMP_SEX_AGE_NB","SEX_T","AGE_5YRBANDS_Y50-54","2018",1850.468,"B",,"I11:264","R1:3513"
"IRN","BA:675","EMP_TEMP_SEX_AGE_NB","SEX_T","AGE_5YRBANDS_Y55-59","2018",1209.456,"B",,"I11:264","R1:3513"
"IRN","BA:675","EMP_TEMP_SEX_AGE_NB","SEX_T","AGE_5YRBANDS_Y60-64","2018",655.119,"B",,"I11:264","R1:3513"
"IRN","BA:675","EMP_TEMP_SEX_AGE_NB","SEX_T","AGE_5YRBANDS_YGE65","2018",584.64,"B",,"I11:264","R1:3513"
"IRN","BA:675","EMP_TEMP_SEX_AGE_NB","SEX_M","AGE_5YRBANDS_YGE15","2018",19118.434,"B",,"I11:264","R1:3513"
"IRN","BA:675","EMP_TEMP_SEX_AGE_NB","SEX_M","AGE_5YRBANDS_Y15-19","2018",421.714,"B",,"I11:264","R1:3513"
"IRN","BA:675","EMP_TEMP_SEX_AGE_NB","SEX_M","AGE_5YRBANDS_Y20-24","2018",1267.339,"B",,"I11:264","R1:3513"
"IRN","BA:675","EMP_TEMP_SEX_AGE_NB","SEX_M","AGE_5YRBANDS_Y25-29","2018",2490.723,"B",,"I11:264","R1:3513"
"IRN","BA:675","EMP_TEMP_SEX_AGE_NB","SEX_M","AGE_5YRBANDS_Y30-34","2018",3351.815,"B",,"I11:264","R1:3513"
"IRN","BA:675","EMP_TEMP_SEX_AGE_NB","SEX_M","AGE_5YRBANDS_Y35-39","2018",3207.508,"B",,"I11:264","R1:3513"
"IRN","BA:675","EMP_TEMP_SEX_AGE_NB","SEX_M","AGE_5YRBANDS_Y40-44","2018",2586.981,"B",,"I11:264","R1:3513"
"IRN","BA:675","EMP_TEMP_SEX_AGE_NB","SEX_M","AGE_5YRBANDS_Y45-49","2018",2142.924,"B",,"I11:264","R1:3513"
"IRN","BA:675","EMP_TEMP_SEX_AGE_NB","SEX_M","AGE_5YRBANDS_Y50-54","2018",1535.538,"B",,"I11:264","R1:3513"
"IRN","BA:675","EMP_TEMP_SEX_AGE_NB","SEX_M","AGE_5YRBANDS_Y55-59","2018",1034.064,"B",,"I11:264","R1:3513"
"IRN","BA:675","EMP_TEMP_SEX_AGE_NB","SEX_M","AGE_5YRBANDS_Y60-64","2018",563.092,"B",,"I11:264","R1:3513"
"IRN","BA:675","EMP_TEMP_SEX_AGE_NB","SEX_M","AGE_5YRBANDS_YGE65","2018",516.735,"B",,"I11:264","R1:3513"
"IRN","BA:675","EMP_TEMP_SEX_AGE_NB","SEX_F","AGE_5YRBANDS_YGE15","2018",4317.378,"B",,"I11:264","R1:3513"
"IRN","BA:675","EMP_TEMP_SEX_AGE_NB","SEX_F","AGE_5YRBANDS_Y15-19","2018",90.755,"B",,"I11:264","R1:3513"
"IRN","BA:675","EMP_TEMP_SEX_AGE_NB","SEX_F","AGE_5YRBANDS_Y20-24","2018",277.297,"B",,"I11:264","R1:3513"
"IRN","BA:675","EMP_TEMP_SEX_AGE_NB","SEX_F","AGE_5YRBANDS_Y25-29","2018",576.101,"B",,"I11:264","R1:3513"
"IRN","BA:675","EMP_TEMP_SEX_AGE_NB","SEX_F","AGE_5YRBANDS_Y30-34","2018",772.257,"B",,"I11:264","R1:3513"
"IRN","BA:675","EMP_TEMP_SEX_AGE_NB","SEX_F","AGE_5YRBANDS_Y35-39","2018",806.612,"B",,"I11:264","R1:3513"
"IRN","BA:675","EMP_TEMP_SEX_AGE_NB","SEX_F","AGE_5YRBANDS_Y40-44","2018",649.979,"B",,"I11:264","R1:3513"
"IRN","BA:675","EMP_TEMP_SEX_AGE_NB","SEX_F","AGE_5YRBANDS_Y45-49","2018",494.125,"B",,"I11:264","R1:3513"
"IRN","BA:675","EMP_TEMP_SEX_AGE_NB","SEX_F","AGE_5YRBANDS_Y50-54","2018",314.93,"B",,"I11:264","R1:3513"
"IRN","BA:675","EMP_TEMP_SEX_AGE_NB","SEX_F","AGE_5YRBANDS_Y55-59","2018",175.391,"B",,"I11:264","R1:3513"
"IRN","BA:675","EMP_TEMP_SEX_AGE_NB","SEX_F","AGE_5YRBANDS_Y60-64","2018",92.026,"B",,"I11:264","R1:3513"
"IRN","BA:675","EMP_TEMP_SEX_AGE_NB","SEX_F","AGE_5YRBANDS_YGE65","2018",67.904,"B",,"I11:264","R1:3513"
"IRN","BA:675","EMP_TEMP_SEX_AGE_NB","SEX_T","AGE_YTHADULT_YGE15","2017",23011.655,,,,"R1:3513"
"IRN","BA:675","EMP_TEMP_SEX_AGE_NB","SEX_T","AGE_YTHADULT_Y15-64","2017",22452.675,,,,"R1:3513"
"IRN","BA:675","EMP_TEMP_SEX_AGE_NB","SEX_T","AGE_YTHADULT_Y15-24","2017",2110.776,,,,"R1:3513"
"IRN","BA:675","EMP_TEMP_SEX_AGE_NB","SEX_T","AGE_YTHADULT_YGE25","2017",20900.879,,,,"R1:3513"
"IRN","BA:675","EMP_TEMP_SEX_AGE_NB","SEX_M","AGE_YTHADULT_YGE15","2017",18844.267,,,,"R1:3513"
"IRN","BA:675","EMP_TEMP_SEX_AGE_NB","SEX_M","AGE_YTHADULT_Y15-64","2017",18344.821,,,,"R1:3513"
"IRN","BA:675","EMP_TEMP_SEX_AGE_NB","SEX_M","AGE_YTHADULT_Y15-24","2017",1754.205,,,,"R1:3513"
"IRN","BA:675","EMP_TEMP_SEX_AGE_NB","SEX_M","AGE_YTHADULT_YGE25","2017",17090.061,,,,"R1:3513"
"IRN","BA:675","EMP_TEMP_SEX_AGE_NB","SEX_F","AGE_YTHADULT_YGE15","2017",4167.388,,,,"R1:3513"
"IRN","BA:675","EMP_TEMP_SEX_AGE_NB","SEX_F","AGE_YTHADULT_Y15-64","2017",4107.854,,,,"R1:3513"
"IRN","BA:675","EMP_TEMP_SEX_AGE_NB","SEX_F","AGE_YTHADULT_Y15-24","2017",356.57,,,,"R1:3513"
"IRN","BA:675","EMP_TEMP_SEX_AGE_NB","SEX_F","AGE_YTHADULT_YGE25","2017",3810.818,,,,"R1:3513"
"IRN","BA:675","EMP_TEMP_SEX_AGE_NB","SEX_T","AGE_AGGREGATE_YGE15","2017",23011.655,,,,"R1:3513"
"IRN","BA:675","EMP_TEMP_SEX_AGE_NB","SEX_T","AGE_AGGREGATE_Y15-24","2017",2110.776,,,,"R1:3513"
"IRN","BA:675","EMP_TEMP_SEX_AGE_NB","SEX_T","AGE_AGGREGATE_Y25-54","2017",18411.823,,,,"R1:3513"
"IRN","BA:675","EMP_TEMP_SEX_AGE_NB","SEX_T","AGE_AGGREGATE_Y55-64","2017",1930.076,,,,"R1:3513"
"IRN","BA:675","EMP_TEMP_SEX_AGE_NB","SEX_T","AGE_AGGREGATE_YGE65","2017",558.98,,,,"R1:3513"
"IRN","BA:675","EMP_TEMP_SEX_AGE_NB","SEX_M","AGE_AGGREGATE_YGE15","2017",18844.267,,,,"R1:3513"
"IRN","BA:675","EMP_TEMP_SEX_AGE_NB","SEX_M","AGE_AGGREGATE_Y15-24","2017",1754.205,,,,"R1:3513"
"IRN","BA:675","EMP_TEMP_SEX_AGE_NB","SEX_M","AGE_AGGREGATE_Y25-54","2017",14929.958,,,,"R1:3513"
"IRN","BA:675","EMP_TEMP_SEX_AGE_NB","SEX_M","AGE_AGGREGATE_Y55-64","2017",1660.658,,,,"R1:3513"
"IRN","BA:675","EMP_TEMP_SEX_AGE_NB","SEX_M","AGE_AGGREGATE_YGE65","2017",499.446,,,,"R1:3513"
"IRN","BA:675","EMP_TEMP_SEX_AGE_NB","SEX_F","AGE_AGGREGATE_YGE15","2017",4167.388,,,,"R1:3513"
"IRN","BA:675","EMP_TEMP_SEX_AGE_NB","SEX_F","AGE_AGGREGATE_Y15-24","2017",356.57,,,,"R1:3513"
"IRN","BA:675","EMP_TEMP_SEX_AGE_NB","SEX_F","AGE_AGGREGATE_Y25-54","2017",3481.865,,,,"R1:3513"
"IRN","BA:675","EMP_TEMP_SEX_AGE_NB","SEX_F","AGE_AGGREGATE_Y55-64","2017",269.418,,,,"R1:3513"
"IRN","BA:675","EMP_TEMP_SEX_AGE_NB","SEX_F","AGE_AGGREGATE_YGE65","2017",59.534,,,,"R1:3513"
"IRN","BA:675","EMP_TEMP_SEX_AGE_NB","SEX_T","AGE_10YRBANDS_YGE15","2017",23011.655,,,,"R1:3513"
"IRN","BA:675","EMP_TEMP_SEX_AGE_NB","SEX_T","AGE_10YRBANDS_Y15-24","2017",2110.776,,,,"R1:3513"
"IRN","BA:675","EMP_TEMP_SEX_AGE_NB","SEX_T","AGE_10YRBANDS_Y25-34","2017",7122.706,,,,"R1:3513"
"IRN","BA:675","EMP_TEMP_SEX_AGE_NB","SEX_T","AGE_10YRBANDS_Y35-44","2017",6869.741,,,,"R1:3513"
"IRN","BA:675","EMP_TEMP_SEX_AGE_NB","SEX_T","AGE_10YRBANDS_Y45-54","2017",4419.376,,,,"R1:3513"
"IRN","BA:675","EMP_TEMP_SEX_AGE_NB","SEX_T","AGE_10YRBANDS_Y55-64","2017",1930.076,,,,"R1:3513"
"IRN","BA:675","EMP_TEMP_SEX_AGE_NB","SEX_T","AGE_10YRBANDS_YGE65","2017",558.98,,,,"R1:3513"
"IRN","BA:675","EMP_TEMP_SEX_AGE_NB","SEX_M","AGE_10YRBANDS_YGE15","2017",18844.267,,,,"R1:3513"
"IRN","BA:675","EMP_TEMP_SEX_AGE_NB","SEX_M","AGE_10YRBANDS_Y15-24","2017",1754.205,,,,"R1:3513"
"IRN","BA:675","EMP_TEMP_SEX_AGE_NB","SEX_M","AGE_10YRBANDS_Y25-34","2017",5789.134,,,,"R1:3513"
"IRN","BA:675","EMP_TEMP_SEX_AGE_NB","SEX_M","AGE_10YRBANDS_Y35-44","2017",5511.621,,,,"R1:3513"
"IRN","BA:675","EMP_TEMP_SEX_AGE_NB","SEX_M","AGE_10YRBANDS_Y45-54","2017",3629.203,,,,"R1:3513"
"IRN","BA:675","EMP_TEMP_SEX_AGE_NB","SEX_M","AGE_10YRBANDS_Y55-64","2017",1660.658,,,,"R1:3513"
"IRN","BA:675","EMP_TEMP_SEX_AGE_NB","SEX_M","AGE_10YRBANDS_YGE65","2017",499.446,,,,"R1:3513"
"IRN","BA:675","EMP_TEMP_SEX_AGE_NB","SEX_F","AGE_10YRBANDS_YGE15","2017",4167.388,,,,"R1:3513"
"IRN","BA:675","EMP_TEMP_SEX_AGE_NB","SEX_F","AGE_10YRBANDS_Y15-24","2017",356.57,,,,"R1:3513"
"IRN","BA:675","EMP_TEMP_SEX_AGE_NB","SEX_F","AGE_10YRBANDS_Y25-34","2017",1333.572,,,,"R1:3513"
"IRN","BA:675","EMP_TEMP_SEX_AGE_NB","SEX_F","AGE_10YRBANDS_Y35-44","2017",1358.12,,,,"R1:3513"
"IRN","BA:675","EMP_TEMP_SEX_AGE_NB","SEX_F","AGE_10YRBANDS_Y45-54","2017",790.173,,,,"R1:3513"
"IRN","BA:675","EMP_TEMP_SEX_AGE_NB","SEX_F","AGE_10YRBANDS_Y55-64","2017",269.418,,,,"R1:3513"
"IRN","BA:675","EMP_TEMP_SEX_AGE_NB","SEX_F","AGE_10YRBANDS_YGE65","2017",59.534,,,,"R1:3513"
"IRN","BA:675","EMP_TEMP_SEX_AGE_NB","SEX_T","AGE_5YRBANDS_YGE15","2017",23011.655,,,,"R1:3513"
"IRN","BA:675","EMP_TEMP_SEX_AGE_NB","SEX_T","AGE_5YRBANDS_Y15-19","2017",547.266,,,,"R1:3513"
"IRN","BA:675","EMP_TEMP_SEX_AGE_NB","SEX_T","AGE_5YRBANDS_Y20-24","2017",1563.509,,,,"R1:3513"
"IRN","BA:675","EMP_TEMP_SEX_AGE_NB","SEX_T","AGE_5YRBANDS_Y25-29","2017",3056.699,,,,"R1:3513"
"IRN","BA:675","EMP_TEMP_SEX_AGE_NB","SEX_T","AGE_5YRBANDS_Y30-34","2017",4066.007,,,,"R1:3513"
"IRN","BA:675","EMP_TEMP_SEX_AGE_NB","SEX_T","AGE_5YRBANDS_Y35-39","2017",3797.873,,,,"R1:3513"
"IRN","BA:675","EMP_TEMP_SEX_AGE_NB","SEX_T","AGE_5YRBANDS_Y40-44","2017",3071.868,,,,"R1:3513"
"IRN","BA:675","EMP_TEMP_SEX_AGE_NB","SEX_T","AGE_5YRBANDS_Y45-49","2017",2611.125,,,,"R1:3513"
"IRN","BA:675","EMP_TEMP_SEX_AGE_NB","SEX_T","AGE_5YRBANDS_Y50-54","2017",1808.25,,,,"R1:3513"
"IRN","BA:675","EMP_TEMP_SEX_AGE_NB","SEX_T","AGE_5YRBANDS_Y55-59","2017",1212.059,,,,"R1:3513"
"IRN","BA:675","EMP_TEMP_SEX_AGE_NB","SEX_T","AGE_5YRBANDS_Y60-64","2017",718.018,,,,"R1:3513"
"IRN","BA:675","EMP_TEMP_SEX_AGE_NB","SEX_T","AGE_5YRBANDS_YGE65","2017",558.98,,,,"R1:3513"
"IRN","BA:675","EMP_TEMP_SEX_AGE_NB","SEX_M","AGE_5YRBANDS_YGE15","2017",18844.267,,,,"R1:3513"
"IRN","BA:675","EMP_TEMP_SEX_AGE_NB","SEX_M","AGE_5YRBANDS_Y15-19","2017",454.106,,,,"R1:3513"
"IRN","BA:675","EMP_TEMP_SEX_AGE_NB","SEX_M","AGE_5YRBANDS_Y20-24","2017",1300.099,,,,"R1:3513"
"IRN","BA:675","EMP_TEMP_SEX_AGE_NB","SEX_M","AGE_5YRBANDS_Y25-29","2017",2502.043,,,,"R1:3513"
"IRN","BA:675","EMP_TEMP_SEX_AGE_NB","SEX_M","AGE_5YRBANDS_Y30-34","2017",3287.09,,,,"R1:3513"
"IRN","BA:675","EMP_TEMP_SEX_AGE_NB","SEX_M","AGE_5YRBANDS_Y35-39","2017",3055.858,,,,"R1:3513"
"IRN","BA:675","EMP_TEMP_SEX_AGE_NB","SEX_M","AGE_5YRBANDS_Y40-44","2017",2455.764,,,,"R1:3513"
"IRN","BA:675","EMP_TEMP_SEX_AGE_NB","SEX_M","AGE_5YRBANDS_Y45-49","2017",2121.445,,,,"R1:3513"
"IRN","BA:675","EMP_TEMP_SEX_AGE_NB","SEX_M","AGE_5YRBANDS_Y50-54","2017",1507.757,,,,"R1:3513"
"IRN","BA:675","EMP_TEMP_SEX_AGE_NB","SEX_M","AGE_5YRBANDS_Y55-59","2017",1043.89,,,,"R1:3513"
"IRN","BA:675","EMP_TEMP_SEX_AGE_NB","SEX_M","AGE_5YRBANDS_Y60-64","2017",616.769,,,,"R1:3513"
"IRN","BA:675","EMP_TEMP_SEX_AGE_NB","SEX_M","AGE_5YRBANDS_YGE65","2017",499.446,,,,"R1:3513"
"IRN","BA:675","EMP_TEMP_SEX_AGE_NB","SEX_F","AGE_5YRBANDS_YGE15","2017",4167.388,,,,"R1:3513"
"IRN","BA:675","EMP_TEMP_SEX_AGE_NB","SEX_F","AGE_5YRBANDS_Y15-19","2017",93.16,,,,"R1:3513"
"IRN","BA:675","EMP_TEMP_SEX_AGE_NB","SEX_F","AGE_5YRBANDS_Y20-24","2017",263.41,,,,"R1:3513"
"IRN","BA:675","EMP_TEMP_SEX_AGE_NB","SEX_F","AGE_5YRBANDS_Y25-29","2017",554.656,,,,"R1:3513"
"IRN","BA:675","EMP_TEMP_SEX_AGE_NB","SEX_F","AGE_5YRBANDS_Y30-34","2017",778.917,,,,"R1:3513"
"IRN","BA:675","EMP_TEMP_SEX_AGE_NB","SEX_F","AGE_5YRBANDS_Y35-39","2017",742.016,,,,"R1:3513"
"IRN","BA:675","EMP_TEMP_SEX_AGE_NB","SEX_F","AGE_5YRBANDS_Y40-44","2017",616.104,,,,"R1:3513"
"IRN","BA:675","EMP_TEMP_SEX_AGE_NB","SEX_F","AGE_5YRBANDS_Y45-49","2017",489.68,,,,"R1:3513"
"IRN","BA:675","EMP_TEMP_SEX_AGE_NB","SEX_F","AGE_5YRBANDS_Y50-54","2017",300.493,,,,"R1:3513"
"IRN","BA:675","EMP_TEMP_SEX_AGE_NB","SEX_F","AGE_5YRBANDS_Y55-59","2017",168.169,,,,"R1:3513"
"IRN","BA:675","EMP_TEMP_SEX_AGE_NB","SEX_F","AGE_5YRBANDS_Y60-64","2017",101.249,,,,"R1:3513"
"IRN","BA:675","EMP_TEMP_SEX_AGE_NB","SEX_F","AGE_5YRBANDS_YGE65","2017",59.534,,,,"R1:3513"
"IRN","BA:675","EMP_TEMP_SEX_AGE_NB","SEX_T","AGE_YTHADULT_YGE15","2016",22149.198,,,,"R1:3513"
"IRN","BA:675","EMP_TEMP_SEX_AGE_NB","SEX_T","AGE_YTHADULT_Y15-64","2016",21655.025,,,,"R1:3513"
"IRN","BA:675","EMP_TEMP_SEX_AGE_NB","SEX_T","AGE_YTHADULT_Y15-24","2016",2097.111,,,,"R1:3513"
"IRN","BA:675","EMP_TEMP_SEX_AGE_NB","SEX_T","AGE_YTHADULT_YGE25","2016",20052.087,,,,"R1:3513"
"IRN","BA:675","EMP_TEMP_SEX_AGE_NB","SEX_M","AGE_YTHADULT_YGE15","2016",18295.478,,,,"R1:3513"
"IRN","BA:675","EMP_TEMP_SEX_AGE_NB","SEX_M","AGE_YTHADULT_Y15-64","2016",17855.925,,,,"R1:3513"
"IRN","BA:675","EMP_TEMP_SEX_AGE_NB","SEX_M","AGE_YTHADULT_Y15-24","2016",1763.954,,,,"R1:3513"
"IRN","BA:675","EMP_TEMP_SEX_AGE_NB","SEX_M","AGE_YTHADULT_YGE25","2016",16531.524,,,,"R1:3513"
"IRN","BA:675","EMP_TEMP_SEX_AGE_NB","SEX_F","AGE_YTHADULT_YGE15","2016",3853.719,,,,"R1:3513"
"IRN","BA:675","EMP_TEMP_SEX_AGE_NB","SEX_F","AGE_YTHADULT_Y15-64","2016",3799.1,,,,"R1:3513"
"IRN","BA:675","EMP_TEMP_SEX_AGE_NB","SEX_F","AGE_YTHADULT_Y15-24","2016",333.156,,,,"R1:3513"
"IRN","BA:675","EMP_TEMP_SEX_AGE_NB","SEX_F","AGE_YTHADULT_YGE25","2016",3520.563,,,,"R1:3513"
"IRN","BA:675","EMP_TEMP_SEX_AGE_NB","SEX_T","AGE_AGGREGATE_YGE15","2016",22149.198,,,,"R1:3513"
"IRN","BA:675","EMP_TEMP_SEX_AGE_NB","SEX_T","AGE_AGGREGATE_Y15-24","2016",2097.111,,,,"R1:3513"
"IRN","BA:675","EMP_TEMP_SEX_AGE_NB","SEX_T","AGE_AGGREGATE_Y25-54","2016",17709.284,,,,"R1:3513"
"IRN","BA:675","EMP_TEMP_SEX_AGE_NB","SEX_T","AGE_AGGREGATE_Y55-64","2016",1848.631,,,,"R1:3513"
"IRN","BA:675","EMP_TEMP_SEX_AGE_NB","SEX_T","AGE_AGGREGATE_YGE65","2016",494.172,,,,"R1:3513"
"IRN","BA:675","EMP_TEMP_SEX_AGE_NB","SEX_M","AGE_AGGREGATE_YGE15","2016",18295.478,,,,"R1:3513"
"IRN","BA:675","EMP_TEMP_SEX_AGE_NB","SEX_M","AGE_AGGREGATE_Y15-24","2016",1763.954,,,,"R1:3513"
"IRN","BA:675","EMP_TEMP_SEX_AGE_NB","SEX_M","AGE_AGGREGATE_Y25-54","2016",14499.11,,,,"R1:3513"
"IRN","BA:675","EMP_TEMP_SEX_AGE_NB","SEX_M","AGE_AGGREGATE_Y55-64","2016",1592.86,,,,"R1:3513"
"IRN","BA:675","EMP_TEMP_SEX_AGE_NB","SEX_M","AGE_AGGREGATE_YGE65","2016",439.553,,,,"R1:3513"
"IRN","BA:675","EMP_TEMP_SEX_AGE_NB","SEX_F","AGE_AGGREGATE_YGE15","2016",3853.719,,,,"R1:3513"
"IRN","BA:675","EMP_TEMP_SEX_AGE_NB","SEX_F","AGE_AGGREGATE_Y15-24","2016",333.156,,,,"R1:3513"
"IRN","BA:675","EMP_TEMP_SEX_AGE_NB","SEX_F","AGE_AGGREGATE_Y25-54","2016",3210.173,,,,"R1:3513"
"IRN","BA:675","EMP_TEMP_SEX_AGE_NB","SEX_F","AGE_AGGREGATE_Y55-64","2016",255.77,,,,"R1:3513"
"IRN","BA:675","EMP_TEMP_SEX_AGE_NB","SEX_F","AGE_AGGREGATE_YGE65","2016",54.619,,,,"R1:3513"
"IRN","BA:675","EMP_TEMP_SEX_AGE_NB","SEX_T","AGE_10YRBANDS_YGE15","2016",22149.198,,,,"R1:3513"
"IRN","BA:675","EMP_TEMP_SEX_AGE_NB","SEX_T","AGE_10YRBANDS_Y15-24","2016",2097.111,,,,"R1:3513"
"IRN","BA:675","EMP_TEMP_SEX_AGE_NB","SEX_T","AGE_10YRBANDS_Y25-34","2016",6939.277,,,,"R1:3513"
"IRN","BA:675","EMP_TEMP_SEX_AGE_NB","SEX_T","AGE_10YRBANDS_Y35-44","2016",6517.568,,,,"R1:3513"
"IRN","BA:675","EMP_TEMP_SEX_AGE_NB","SEX_T","AGE_10YRBANDS_Y45-54","2016",4252.439,,,,"R1:3513"
"IRN","BA:675","EMP_TEMP_SEX_AGE_NB","SEX_T","AGE_10YRBANDS_Y55-64","2016",1848.631,,,,"R1:3513"
"IRN","BA:675","EMP_TEMP_SEX_AGE_NB","SEX_T","AGE_10YRBANDS_YGE65","2016",494.172,,,,"R1:3513"
"IRN","BA:675","EMP_TEMP_SEX_AGE_NB","SEX_M","AGE_10YRBANDS_YGE15","2016",18295.478,,,,"R1:3513"
"IRN","BA:675","EMP_TEMP_SEX_AGE_NB","SEX_M","AGE_10YRBANDS_Y15-24","2016",1763.954,,,,"R1:3513"
"IRN","BA:675","EMP_TEMP_SEX_AGE_NB","SEX_M","AGE_10YRBANDS_Y25-34","2016",5709.348,,,,"R1:3513"
"IRN","BA:675","EMP_TEMP_SEX_AGE_NB","SEX_M","AGE_10YRBANDS_Y35-44","2016",5272.903,,,,"R1:3513"
"IRN","BA:675","EMP_TEMP_SEX_AGE_NB","SEX_M","AGE_10YRBANDS_Y45-54","2016",3516.859,,,,"R1:3513"
"IRN","BA:675","EMP_TEMP_SEX_AGE_NB","SEX_M","AGE_10YRBANDS_Y55-64","2016",1592.86,,,,"R1:3513"
"IRN","BA:675","EMP_TEMP_SEX_AGE_NB","SEX_M","AGE_10YRBANDS_YGE65","2016",439.553,,,,"R1:3513"
"IRN","BA:675","EMP_TEMP_SEX_AGE_NB","SEX_F","AGE_10YRBANDS_YGE15","2016",3853.719,,,,"R1:3513"
"IRN","BA:675","EMP_TEMP_SEX_AGE_NB","SEX_F","AGE_10YRBANDS_Y15-24","2016",333.156,,,,"R1:3513"
"IRN","BA:675","EMP_TEMP_SEX_AGE_NB","SEX_F","AGE_10YRBANDS_Y25-34","2016",1229.929,,,,"R1:3513"
"IRN","BA:675","EMP_TEMP_SEX_AGE_NB","SEX_F","AGE_10YRBANDS_Y35-44","2016",1244.665,,,,"R1:3513"
"IRN","BA:675","EMP_TEMP_SEX_AGE_NB","SEX_F","AGE_10YRBANDS_Y45-54","2016",735.58,,,,"R1:3513"
"IRN","BA:675","EMP_TEMP_SEX_AGE_NB","SEX_F","AGE_10YRBANDS_Y55-64","2016",255.77,,,,"R1:3513"
"IRN","BA:675","EMP_TEMP_SEX_AGE_NB","SEX_F","AGE_10YRBANDS_YGE65","2016",54.619,,,,"R1:3513"
"IRN","BA:675","EMP_TEMP_SEX_AGE_NB","SEX_T","AGE_5YRBANDS_YGE15","2016",22149.198,,,,"R1:3513"
"IRN","BA:675","EMP_TEMP_SEX_AGE_NB","SEX_T","AGE_5YRBANDS_Y15-19","2016",505.654,,,,"R1:3513"
"IRN","BA:675","EMP_TEMP_SEX_AGE_NB","SEX_T","AGE_5YRBANDS_Y20-24","2016",1591.456,,,,"R1:3513"
"IRN","BA:675","EMP_TEMP_SEX_AGE_NB","SEX_T","AGE_5YRBANDS_Y25-29","2016",3092.486,,,,"R1:3513"
"IRN","BA:675","EMP_TEMP_SEX_AGE_NB","SEX_T","AGE_5YRBANDS_Y30-34","2016",3846.791,,,,"R1:3513"
"IRN","BA:675","EMP_TEMP_SEX_AGE_NB","SEX_T","AGE_5YRBANDS_Y35-39","2016",3603.876,,,,"R1:3513"
"IRN","BA:675","EMP_TEMP_SEX_AGE_NB","SEX_T","AGE_5YRBANDS_Y40-44","2016",2913.692,,,,"R1:3513"
"IRN","BA:675","EMP_TEMP_SEX_AGE_NB","SEX_T","AGE_5YRBANDS_Y45-49","2016",2509.784,,,,"R1:3513"
"IRN","BA:675","EMP_TEMP_SEX_AGE_NB","SEX_T","AGE_5YRBANDS_Y50-54","2016",1742.655,,,,"R1:3513"
"IRN","BA:675","EMP_TEMP_SEX_AGE_NB","SEX_T","AGE_5YRBANDS_Y55-59","2016",1176.808,,,,"R1:3513"
"IRN","BA:675","EMP_TEMP_SEX_AGE_NB","SEX_T","AGE_5YRBANDS_Y60-64","2016",671.823,,,,"R1:3513"
"IRN","BA:675","EMP_TEMP_SEX_AGE_NB","SEX_T","AGE_5YRBANDS_YGE65","2016",494.172,,,,"R1:3513"
"IRN","BA:675","EMP_TEMP_SEX_AGE_NB","SEX_M","AGE_5YRBANDS_YGE15","2016",18295.478,,,,"R1:3513"
"IRN","BA:675","EMP_TEMP_SEX_AGE_NB","SEX_M","AGE_5YRBANDS_Y15-19","2016",420.706,,,,"R1:3513"
"IRN","BA:675","EMP_TEMP_SEX_AGE_NB","SEX_M","AGE_5YRBANDS_Y20-24","2016",1343.248,,,,"R1:3513"
"IRN","BA:675","EMP_TEMP_SEX_AGE_NB","SEX_M","AGE_5YRBANDS_Y25-29","2016",2545.246,,,,"R1:3513"
"IRN","BA:675","EMP_TEMP_SEX_AGE_NB","SEX_M","AGE_5YRBANDS_Y30-34","2016",3164.102,,,,"R1:3513"
"IRN","BA:675","EMP_TEMP_SEX_AGE_NB","SEX_M","AGE_5YRBANDS_Y35-39","2016",2931.667,,,,"R1:3513"
"IRN","BA:675","EMP_TEMP_SEX_AGE_NB","SEX_M","AGE_5YRBANDS_Y40-44","2016",2341.236,,,,"R1:3513"
"IRN","BA:675","EMP_TEMP_SEX_AGE_NB","SEX_M","AGE_5YRBANDS_Y45-49","2016",2056.765,,,,"R1:3513"
"IRN","BA:675","EMP_TEMP_SEX_AGE_NB","SEX_M","AGE_5YRBANDS_Y50-54","2016",1460.095,,,,"R1:3513"
"IRN","BA:675","EMP_TEMP_SEX_AGE_NB","SEX_M","AGE_5YRBANDS_Y55-59","2016",1014.862,,,,"R1:3513"
"IRN","BA:675","EMP_TEMP_SEX_AGE_NB","SEX_M","AGE_5YRBANDS_Y60-64","2016",577.998,,,,"R1:3513"
"IRN","BA:675","EMP_TEMP_SEX_AGE_NB","SEX_M","AGE_5YRBANDS_YGE65","2016",439.553,,,,"R1:3513"
"IRN","BA:675","EMP_TEMP_SEX_AGE_NB","SEX_F","AGE_5YRBANDS_YGE15","2016",3853.719,,,,"R1:3513"
"IRN","BA:675","EMP_TEMP_SEX_AGE_NB","SEX_F","AGE_5YRBANDS_Y15-19","2016",84.948,,,,"R1:3513"
"IRN","BA:675","EMP_TEMP_SEX_AGE_NB","SEX_F","AGE_5YRBANDS_Y20-24","2016",248.208,,,,"R1:3513"
"IRN","BA:675","EMP_TEMP_SEX_AGE_NB","SEX_F","AGE_5YRBANDS_Y25-29","2016",547.24,,,,"R1:3513"
"IRN","BA:675","EMP_TEMP_SEX_AGE_NB","SEX_F","AGE_5YRBANDS_Y30-34","2016",682.689,,,,"R1:3513"
"IRN","BA:675","EMP_TEMP_SEX_AGE_NB","SEX_F","AGE_5YRBANDS_Y35-39","2016",672.209,,,,"R1:3513"
"IRN","BA:675","EMP_TEMP_SEX_AGE_NB","SEX_F","AGE_5YRBANDS_Y40-44","2016",572.456,,,,"R1:3513"
"IRN","BA:675","EMP_TEMP_SEX_AGE_NB","SEX_F","AGE_5YRBANDS_Y45-49","2016",453.02,,,,"R1:3513"
"IRN","BA:675","EMP_TEMP_SEX_AGE_NB","SEX_F","AGE_5YRBANDS_Y50-54","2016",282.56,,,,"R1:3513"
"IRN","BA:675","EMP_TEMP_SEX_AGE_NB","SEX_F","AGE_5YRBANDS_Y55-59","2016",161.946,,,,"R1:3513"
"IRN","BA:675","EMP_TEMP_SEX_AGE_NB","SEX_F","AGE_5YRBANDS_Y60-64","2016",93.825,,,,"R1:3513"
"IRN","BA:675","EMP_TEMP_SEX_AGE_NB","SEX_F","AGE_5YRBANDS_YGE65","2016",54.619,,,,"R1:3513"
"IRN","BA:675","EMP_TEMP_SEX_AGE_NB","SEX_T","AGE_YTHADULT_YGE15","2015",21680.552,,,,"R1:3513"
"IRN","BA:675","EMP_TEMP_SEX_AGE_NB","SEX_T","AGE_YTHADULT_Y15-64","2015",21189.149,,,,"R1:3513"
"IRN","BA:675","EMP_TEMP_SEX_AGE_NB","SEX_T","AGE_YTHADULT_Y15-24","2015",2152.309,,,,"R1:3513"
"IRN","BA:675","EMP_TEMP_SEX_AGE_NB","SEX_T","AGE_YTHADULT_YGE25","2015",19528.243,,,,"R1:3513"
"IRN","BA:675","EMP_TEMP_SEX_AGE_NB","SEX_M","AGE_YTHADULT_YGE15","2015",18237.988,,,,"R1:3513"
"IRN","BA:675","EMP_TEMP_SEX_AGE_NB","SEX_M","AGE_YTHADULT_Y15-64","2015",17792.052,,,,"R1:3513"
"IRN","BA:675","EMP_TEMP_SEX_AGE_NB","SEX_M","AGE_YTHADULT_Y15-24","2015",1837.447,,,,"R1:3513"
"IRN","BA:675","EMP_TEMP_SEX_AGE_NB","SEX_M","AGE_YTHADULT_YGE25","2015",16400.541,,,,"R1:3513"
"IRN","BA:675","EMP_TEMP_SEX_AGE_NB","SEX_F","AGE_YTHADULT_YGE15","2015",3442.564,,,,"R1:3513"
"IRN","BA:675","EMP_TEMP_SEX_AGE_NB","SEX_F","AGE_YTHADULT_Y15-64","2015",3397.096,,,,"R1:3513"
"IRN","BA:675","EMP_TEMP_SEX_AGE_NB","SEX_F","AGE_YTHADULT_Y15-24","2015",314.862,,,,"R1:3513"
"IRN","BA:675","EMP_TEMP_SEX_AGE_NB","SEX_F","AGE_YTHADULT_YGE25","2015",3127.702,,,,"R1:3513"
"IRN","BA:675","EMP_TEMP_SEX_AGE_NB","SEX_T","AGE_AGGREGATE_YGE15","2015",21680.552,,,,"R1:3513"
"IRN","BA:675","EMP_TEMP_SEX_AGE_NB","SEX_T","AGE_AGGREGATE_Y15-24","2015",2152.309,,,,"R1:3513"
"IRN","BA:675","EMP_TEMP_SEX_AGE_NB","SEX_T","AGE_AGGREGATE_Y25-54","2015",17281.824,,,,"R1:3513"
"IRN","BA:675","EMP_TEMP_SEX_AGE_NB","SEX_T","AGE_AGGREGATE_Y55-64","2015",1755.016,,,,"R1:3513"
"IRN","BA:675","EMP_TEMP_SEX_AGE_NB","SEX_T","AGE_AGGREGATE_YGE65","2015",491.403,,,,"R1:3513"
"IRN","BA:675","EMP_TEMP_SEX_AGE_NB","SEX_M","AGE_AGGREGATE_YGE15","2015",18237.988,,,,"R1:3513"
"IRN","BA:675","EMP_TEMP_SEX_AGE_NB","SEX_M","AGE_AGGREGATE_Y15-24","2015",1837.447,,,,"R1:3513"
"IRN","BA:675","EMP_TEMP_SEX_AGE_NB","SEX_M","AGE_AGGREGATE_Y25-54","2015",14426.824,,,,"R1:3513"
"IRN","BA:675","EMP_TEMP_SEX_AGE_NB","SEX_M","AGE_AGGREGATE_Y55-64","2015",1527.782,,,,"R1:3513"
"IRN","BA:675","EMP_TEMP_SEX_AGE_NB","SEX_M","AGE_AGGREGATE_YGE65","2015",445.936,,,,"R1:3513"
"IRN","BA:675","EMP_TEMP_SEX_AGE_NB","SEX_F","AGE_AGGREGATE_YGE15","2015",3442.564,,,,"R1:3513"
"IRN","BA:675","EMP_TEMP_SEX_AGE_NB","SEX_F","AGE_AGGREGATE_Y15-24","2015",314.862,,,,"R1:3513"
"IRN","BA:675","EMP_TEMP_SEX_AGE_NB","SEX_F","AGE_AGGREGATE_Y25-54","2015",2855,,,,"R1:3513"
"IRN","BA:675","EMP_TEMP_SEX_AGE_NB","SEX_F","AGE_AGGREGATE_Y55-64","2015",227.235,,,,"R1:3513"
"IRN","BA:675","EMP_TEMP_SEX_AGE_NB","SEX_F","AGE_AGGREGATE_YGE65","2015",45.467,,,,"R1:3513"
"IRN","BA:675","EMP_TEMP_SEX_AGE_NB","SEX_T","AGE_10YRBANDS_YGE15","2015",21680.552,,,,"R1:3513"
"IRN","BA:675","EMP_TEMP_SEX_AGE_NB","SEX_T","AGE_10YRBANDS_Y15-24","2015",2152.309,,,,"R1:3513"
"IRN","BA:675","EMP_TEMP_SEX_AGE_NB","SEX_T","AGE_10YRBANDS_Y25-34","2015",7015.28,,,,"R1:3513"
"IRN","BA:675","EMP_TEMP_SEX_AGE_NB","SEX_T","AGE_10YRBANDS_Y35-44","2015",6179.843,,,,"R1:3513"
"IRN","BA:675","EMP_TEMP_SEX_AGE_NB","SEX_T","AGE_10YRBANDS_Y45-54","2015",4086.7,,,,"R1:3513"
"IRN","BA:675","EMP_TEMP_SEX_AGE_NB","SEX_T","AGE_10YRBANDS_Y55-64","2015",1755.016,,,,"R1:3513"
"IRN","BA:675","EMP_TEMP_SEX_AGE_NB","SEX_T","AGE_10YRBANDS_YGE65","2015",491.403,,,,"R1:3513"
"IRN","BA:675","EMP_TEMP_SEX_AGE_NB","SEX_M","AGE_10YRBANDS_YGE15","2015",18237.988,,,,"R1:3513"
"IRN","BA:675","EMP_TEMP_SEX_AGE_NB","SEX_M","AGE_10YRBANDS_Y15-24","2015",1837.447,,,,"R1:3513"
"IRN","BA:675","EMP_TEMP_SEX_AGE_NB","SEX_M","AGE_10YRBANDS_Y25-34","2015",5877.582,,,,"R1:3513"
"IRN","BA:675","EMP_TEMP_SEX_AGE_NB","SEX_M","AGE_10YRBANDS_Y35-44","2015",5090.956,,,,"R1:3513"
"IRN","BA:675","EMP_TEMP_SEX_AGE_NB","SEX_M","AGE_10YRBANDS_Y45-54","2015",3458.286,,,,"R1:3513"
"IRN","BA:675","EMP_TEMP_SEX_AGE_NB","SEX_M","AGE_10YRBANDS_Y55-64","2015",1527.782,,,,"R1:3513"
"IRN","BA:675","EMP_TEMP_SEX_AGE_NB","SEX_M","AGE_10YRBANDS_YGE65","2015",445.936,,,,"R1:3513"
"IRN","BA:675","EMP_TEMP_SEX_AGE_NB","SEX_F","AGE_10YRBANDS_YGE15","2015",3442.564,,,,"R1:3513"
"IRN","BA:675","EMP_TEMP_SEX_AGE_NB","SEX_F","AGE_10YRBANDS_Y15-24","2015",314.862,,,,"R1:3513"
"IRN","BA:675","EMP_TEMP_SEX_AGE_NB","SEX_F","AGE_10YRBANDS_Y25-34","2015",1137.698,,,,"R1:3513"
"IRN","BA:675","EMP_TEMP_SEX_AGE_NB","SEX_F","AGE_10YRBANDS_Y35-44","2015",1088.888,,,,"R1:3513"
"IRN","BA:675","EMP_TEMP_SEX_AGE_NB","SEX_F","AGE_10YRBANDS_Y45-54","2015",628.414,,,,"R1:3513"
"IRN","BA:675","EMP_TEMP_SEX_AGE_NB","SEX_F","AGE_10YRBANDS_Y55-64","2015",227.235,,,,"R1:3513"
"IRN","BA:675","EMP_TEMP_SEX_AGE_NB","SEX_F","AGE_10YRBANDS_YGE65","2015",45.467,,,,"R1:3513"
"IRN","BA:675","EMP_TEMP_SEX_AGE_NB","SEX_T","AGE_5YRBANDS_YGE15","2015",21680.552,,,,"R1:3513"
"IRN","BA:675","EMP_TEMP_SEX_AGE_NB","SEX_T","AGE_5YRBANDS_Y15-19","2015",479.861,,,,"R1:3513"
"IRN","BA:675","EMP_TEMP_SEX_AGE_NB","SEX_T","AGE_5YRBANDS_Y20-24","2015",1672.448,,,,"R1:3513"
"IRN","BA:675","EMP_TEMP_SEX_AGE_NB","SEX_T","AGE_5YRBANDS_Y25-29","2015",3229.874,,,,"R1:3513"
"IRN","BA:675","EMP_TEMP_SEX_AGE_NB","SEX_T","AGE_5YRBANDS_Y30-34","2015",3785.406,,,,"R1:3513"
"IRN","BA:675","EMP_TEMP_SEX_AGE_NB","SEX_T","AGE_5YRBANDS_Y35-39","2015",3319.348,,,,"R1:3513"
"IRN","BA:675","EMP_TEMP_SEX_AGE_NB","SEX_T","AGE_5YRBANDS_Y40-44","2015",2860.495,,,,"R1:3513"
"IRN","BA:675","EMP_TEMP_SEX_AGE_NB","SEX_T","AGE_5YRBANDS_Y45-49","2015",2338.215,,,,"R1:3513"
"IRN","BA:675","EMP_TEMP_SEX_AGE_NB","SEX_T","AGE_5YRBANDS_Y50-54","2015",1748.485,,,,"R1:3513"
"IRN","BA:675","EMP_TEMP_SEX_AGE_NB","SEX_T","AGE_5YRBANDS_Y55-59","2015",1120.897,,,,"R1:3513"
"IRN","BA:675","EMP_TEMP_SEX_AGE_NB","SEX_T","AGE_5YRBANDS_Y60-64","2015",634.12,,,,"R1:3513"
"IRN","BA:675","EMP_TEMP_SEX_AGE_NB","SEX_T","AGE_5YRBANDS_YGE65","2015",491.403,,,,"R1:3513"
"IRN","BA:675","EMP_TEMP_SEX_AGE_NB","SEX_M","AGE_5YRBANDS_YGE15","2015",18237.988,,,,"R1:3513"
"IRN","BA:675","EMP_TEMP_SEX_AGE_NB","SEX_M","AGE_5YRBANDS_Y15-19","2015",397.068,,,,"R1:3513"
"IRN","BA:675","EMP_TEMP_SEX_AGE_NB","SEX_M","AGE_5YRBANDS_Y20-24","2015",1440.379,,,,"R1:3513"
"IRN","BA:675","EMP_TEMP_SEX_AGE_NB","SEX_M","AGE_5YRBANDS_Y25-29","2015",2710.69,,,,"R1:3513"
"IRN","BA:675","EMP_TEMP_SEX_AGE_NB","SEX_M","AGE_5YRBANDS_Y30-34","2015",3166.892,,,,"R1:3513"
"IRN","BA:675","EMP_TEMP_SEX_AGE_NB","SEX_M","AGE_5YRBANDS_Y35-39","2015",2731.527,,,,"R1:3513"
"IRN","BA:675","EMP_TEMP_SEX_AGE_NB","SEX_M","AGE_5YRBANDS_Y40-44","2015",2359.429,,,,"R1:3513"
"IRN","BA:675","EMP_TEMP_SEX_AGE_NB","SEX_M","AGE_5YRBANDS_Y45-49","2015",1941.352,,,,"R1:3513"
"IRN","BA:675","EMP_TEMP_SEX_AGE_NB","SEX_M","AGE_5YRBANDS_Y50-54","2015",1516.934,,,,"R1:3513"
"IRN","BA:675","EMP_TEMP_SEX_AGE_NB","SEX_M","AGE_5YRBANDS_Y55-59","2015",976.313,,,,"R1:3513"
"IRN","BA:675","EMP_TEMP_SEX_AGE_NB","SEX_M","AGE_5YRBANDS_Y60-64","2015",551.468,,,,"R1:3513"
"IRN","BA:675","EMP_TEMP_SEX_AGE_NB","SEX_M","AGE_5YRBANDS_YGE65","2015",445.936,,,,"R1:3513"
"IRN","BA:675","EMP_TEMP_SEX_AGE_NB","SEX_F","AGE_5YRBANDS_YGE15","2015",3442.564,,,,"R1:3513"
"IRN","BA:675","EMP_TEMP_SEX_AGE_NB","SEX_F","AGE_5YRBANDS_Y15-19","2015",82.793,,,,"R1:3513"
"IRN","BA:675","EMP_TEMP_SEX_AGE_NB","SEX_F","AGE_5YRBANDS_Y20-24","2015",232.069,,,,"R1:3513"
"IRN","BA:675","EMP_TEMP_SEX_AGE_NB","SEX_F","AGE_5YRBANDS_Y25-29","2015",519.184,,,,"R1:3513"
"IRN","BA:675","EMP_TEMP_SEX_AGE_NB","SEX_F","AGE_5YRBANDS_Y30-34","2015",618.514,,,,"R1:3513"
"IRN","BA:675","EMP_TEMP_SEX_AGE_NB","SEX_F","AGE_5YRBANDS_Y35-39","2015",587.822,,,,"R1:3513"
"IRN","BA:675","EMP_TEMP_SEX_AGE_NB","SEX_F","AGE_5YRBANDS_Y40-44","2015",501.066,,,,"R1:3513"
"IRN","BA:675","EMP_TEMP_SEX_AGE_NB","SEX_F","AGE_5YRBANDS_Y45-49","2015",396.863,,,,"R1:3513"
"IRN","BA:675","EMP_TEMP_SEX_AGE_NB","SEX_F","AGE_5YRBANDS_Y50-54","2015",231.552,,,,"R1:3513"
"IRN","BA:675","EMP_TEMP_SEX_AGE_NB","SEX_F","AGE_5YRBANDS_Y55-59","2015",144.584,,,,"R1:3513"
"IRN","BA:675","EMP_TEMP_SEX_AGE_NB","SEX_F","AGE_5YRBANDS_Y60-64","2015",82.651,,,,"R1:3513"
"IRN","BA:675","EMP_TEMP_SEX_AGE_NB","SEX_F","AGE_5YRBANDS_YGE65","2015",45.467,,,,"R1:3513"
"IRN","BA:675","EMP_TEMP_SEX_AGE_NB","SEX_T","AGE_YTHADULT_YGE15","2014",20997.036,,,,"R1:3513"
"IRN","BA:675","EMP_TEMP_SEX_AGE_NB","SEX_T","AGE_YTHADULT_Y15-64","2014",20526.989,,,,"R1:3513"
"IRN","BA:675","EMP_TEMP_SEX_AGE_NB","SEX_T","AGE_YTHADULT_Y15-24","2014",2258.261,,,,"R1:3513"
"IRN","BA:675","EMP_TEMP_SEX_AGE_NB","SEX_T","AGE_YTHADULT_YGE25","2014",18738.775,,,,"R1:3513"
"IRN","BA:675","EMP_TEMP_SEX_AGE_NB","SEX_M","AGE_YTHADULT_YGE15","2014",17916.758,,,,"R1:3513"
"IRN","BA:675","EMP_TEMP_SEX_AGE_NB","SEX_M","AGE_YTHADULT_Y15-64","2014",17488.711,,,,"R1:3513"
"IRN","BA:675","EMP_TEMP_SEX_AGE_NB","SEX_M","AGE_YTHADULT_Y15-24","2014",1964.614,,,,"R1:3513"
"IRN","BA:675","EMP_TEMP_SEX_AGE_NB","SEX_M","AGE_YTHADULT_YGE25","2014",15952.144,,,,"R1:3513"
"IRN","BA:675","EMP_TEMP_SEX_AGE_NB","SEX_F","AGE_YTHADULT_YGE15","2014",3080.277,,,,"R1:3513"
"IRN","BA:675","EMP_TEMP_SEX_AGE_NB","SEX_F","AGE_YTHADULT_Y15-64","2014",3038.278,,,,"R1:3513"
"IRN","BA:675","EMP_TEMP_SEX_AGE_NB","SEX_F","AGE_YTHADULT_Y15-24","2014",293.647,,,,"R1:3513"
"IRN","BA:675","EMP_TEMP_SEX_AGE_NB","SEX_F","AGE_YTHADULT_YGE25","2014",2786.631,,,,"R1:3513"
"IRN","BA:675","EMP_TEMP_SEX_AGE_NB","SEX_T","AGE_AGGREGATE_YGE15","2014",20997.036,,,,"R1:3513"
"IRN","BA:675","EMP_TEMP_SEX_AGE_NB","SEX_T","AGE_AGGREGATE_Y15-24","2014",2258.261,,,,"R1:3513"
"IRN","BA:675","EMP_TEMP_SEX_AGE_NB","SEX_T","AGE_AGGREGATE_Y25-54","2014",16664.052,,,,"R1:3513"
"IRN","BA:675","EMP_TEMP_SEX_AGE_NB","SEX_T","AGE_AGGREGATE_Y55-64","2014",1604.676,,,,"R1:3513"
"IRN","BA:675","EMP_TEMP_SEX_AGE_NB","SEX_T","AGE_AGGREGATE_YGE65","2014",470.047,,,,"R1:3513"
"IRN","BA:675","EMP_TEMP_SEX_AGE_NB","SEX_M","AGE_AGGREGATE_YGE15","2014",17916.758,,,,"R1:3513"
"IRN","BA:675","EMP_TEMP_SEX_AGE_NB","SEX_M","AGE_AGGREGATE_Y15-24","2014",1964.614,,,,"R1:3513"
"IRN","BA:675","EMP_TEMP_SEX_AGE_NB","SEX_M","AGE_AGGREGATE_Y25-54","2014",14096.147,,,,"R1:3513"
"IRN","BA:675","EMP_TEMP_SEX_AGE_NB","SEX_M","AGE_AGGREGATE_Y55-64","2014",1427.95,,,,"R1:3513"
"IRN","BA:675","EMP_TEMP_SEX_AGE_NB","SEX_M","AGE_AGGREGATE_YGE65","2014",428.047,,,,"R1:3513"
"IRN","BA:675","EMP_TEMP_SEX_AGE_NB","SEX_F","AGE_AGGREGATE_YGE15","2014",3080.277,,,,"R1:3513"
"IRN","BA:675","EMP_TEMP_SEX_AGE_NB","SEX_F","AGE_AGGREGATE_Y15-24","2014",293.647,,,,"R1:3513"
"IRN","BA:675","EMP_TEMP_SEX_AGE_NB","SEX_F","AGE_AGGREGATE_Y25-54","2014",2567.905,,,,"R1:3513"
"IRN","BA:675","EMP_TEMP_SEX_AGE_NB","SEX_F","AGE_AGGREGATE_Y55-64","2014",176.726,,,,"R1:3513"
"IRN","BA:675","EMP_TEMP_SEX_AGE_NB","SEX_F","AGE_AGGREGATE_YGE65","2014",41.999,,,,"R1:3513"
"IRN","BA:675","EMP_TEMP_SEX_AGE_NB","SEX_T","AGE_10YRBANDS_YGE15","2014",20997.036,,,,"R1:3513"
"IRN","BA:675","EMP_TEMP_SEX_AGE_NB","SEX_T","AGE_10YRBANDS_Y15-24","2014",2258.261,,,,"R1:3513"
"IRN","BA:675","EMP_TEMP_SEX_AGE_NB","SEX_T","AGE_10YRBANDS_Y25-34","2014",6992.375,,,,"R1:3513"
"IRN","BA:675","EMP_TEMP_SEX_AGE_NB","SEX_T","AGE_10YRBANDS_Y35-44","2014",5858.334,,,,"R1:3513"
"IRN","BA:675","EMP_TEMP_SEX_AGE_NB","SEX_T","AGE_10YRBANDS_Y45-54","2014",3813.343,,,,"R1:3513"
"IRN","BA:675","EMP_TEMP_SEX_AGE_NB","SEX_T","AGE_10YRBANDS_Y55-64","2014",1604.676,,,,"R1:3513"
"IRN","BA:675","EMP_TEMP_SEX_AGE_NB","SEX_T","AGE_10YRBANDS_YGE65","2014",470.047,,,,"R1:3513"
"IRN","BA:675","EMP_TEMP_SEX_AGE_NB","SEX_M","AGE_10YRBANDS_YGE15","2014",17916.758,,,,"R1:3513"
"IRN","BA:675","EMP_TEMP_SEX_AGE_NB","SEX_M","AGE_10YRBANDS_Y15-24","2014",1964.614,,,,"R1:3513"
"IRN","BA:675","EMP_TEMP_SEX_AGE_NB","SEX_M","AGE_10YRBANDS_Y25-34","2014",5925.034,,,,"R1:3513"
"IRN","BA:675","EMP_TEMP_SEX_AGE_NB","SEX_M","AGE_10YRBANDS_Y35-44","2014",4894.316,,,,"R1:3513"
"IRN","BA:675","EMP_TEMP_SEX_AGE_NB","SEX_M","AGE_10YRBANDS_Y45-54","2014",3276.797,,,,"R1:3513"
"IRN","BA:675","EMP_TEMP_SEX_AGE_NB","SEX_M","AGE_10YRBANDS_Y55-64","2014",1427.95,,,,"R1:3513"
"IRN","BA:675","EMP_TEMP_SEX_AGE_NB","SEX_M","AGE_10YRBANDS_YGE65","2014",428.047,,,,"R1:3513"
"IRN","BA:675","EMP_TEMP_SEX_AGE_NB","SEX_F","AGE_10YRBANDS_YGE15","2014",3080.277,,,,"R1:3513"
"IRN","BA:675","EMP_TEMP_SEX_AGE_NB","SEX_F","AGE_10YRBANDS_Y15-24","2014",293.647,,,,"R1:3513"
"IRN","BA:675","EMP_TEMP_SEX_AGE_NB","SEX_F","AGE_10YRBANDS_Y25-34","2014",1067.341,,,,"R1:3513"
"IRN","BA:675","EMP_TEMP_SEX_AGE_NB","SEX_F","AGE_10YRBANDS_Y35-44","2014",964.018,,,,"R1:3513"
"IRN","BA:675","EMP_TEMP_SEX_AGE_NB","SEX_F","AGE_10YRBANDS_Y45-54","2014",536.546,,,,"R1:3513"
"IRN","BA:675","EMP_TEMP_SEX_AGE_NB","SEX_F","AGE_10YRBANDS_Y55-64","2014",176.726,,,,"R1:3513"
"IRN","BA:675","EMP_TEMP_SEX_AGE_NB","SEX_F","AGE_10YRBANDS_YGE65","2014",41.999,,,,"R1:3513"
"IRN","BA:675","EMP_TEMP_SEX_AGE_NB","SEX_T","AGE_5YRBANDS_YGE15","2014",20997.036,,,,"R1:3513"
"IRN","BA:675","EMP_TEMP_SEX_AGE_NB","SEX_T","AGE_5YRBANDS_Y15-19","2014",509.814,,,,"R1:3513"
"IRN","BA:675","EMP_TEMP_SEX_AGE_NB","SEX_T","AGE_5YRBANDS_Y20-24","2014",1748.447,,,,"R1:3513"
"IRN","BA:675","EMP_TEMP_SEX_AGE_NB","SEX_T","AGE_5YRBANDS_Y25-29","2014",3305.112,,,,"R1:3513"
"IRN","BA:675","EMP_TEMP_SEX_AGE_NB","SEX_T","AGE_5YRBANDS_Y30-34","2014",3687.262,,,,"R1:3513"
"IRN","BA:675","EMP_TEMP_SEX_AGE_NB","SEX_T","AGE_5YRBANDS_Y35-39","2014",3085.485,,,,"R1:3513"
"IRN","BA:675","EMP_TEMP_SEX_AGE_NB","SEX_T","AGE_5YRBANDS_Y40-44","2014",2772.849,,,,"R1:3513"
"IRN","BA:675","EMP_TEMP_SEX_AGE_NB","SEX_T","AGE_5YRBANDS_Y45-49","2014",2194.122,,,,"R1:3513"
"IRN","BA:675","EMP_TEMP_SEX_AGE_NB","SEX_T","AGE_5YRBANDS_Y50-54","2014",1619.22,,,,"R1:3513"
"IRN","BA:675","EMP_TEMP_SEX_AGE_NB","SEX_T","AGE_5YRBANDS_Y55-59","2014",1044.739,,,,"R1:3513"
"IRN","BA:675","EMP_TEMP_SEX_AGE_NB","SEX_T","AGE_5YRBANDS_Y60-64","2014",559.938,,,,"R1:3513"
"IRN","BA:675","EMP_TEMP_SEX_AGE_NB","SEX_T","AGE_5YRBANDS_YGE65","2014",470.047,,,,"R1:3513"
"IRN","BA:675","EMP_TEMP_SEX_AGE_NB","SEX_M","AGE_5YRBANDS_YGE15","2014",17916.758,,,,"R1:3513"
"IRN","BA:675","EMP_TEMP_SEX_AGE_NB","SEX_M","AGE_5YRBANDS_Y15-19","2014",430.446,,,,"R1:3513"
"IRN","BA:675","EMP_TEMP_SEX_AGE_NB","SEX_M","AGE_5YRBANDS_Y20-24","2014",1534.168,,,,"R1:3513"
"IRN","BA:675","EMP_TEMP_SEX_AGE_NB","SEX_M","AGE_5YRBANDS_Y25-29","2014",2814.867,,,,"R1:3513"
"IRN","BA:675","EMP_TEMP_SEX_AGE_NB","SEX_M","AGE_5YRBANDS_Y30-34","2014",3110.167,,,,"R1:3513"
"IRN","BA:675","EMP_TEMP_SEX_AGE_NB","SEX_M","AGE_5YRBANDS_Y35-39","2014",2558.02,,,,"R1:3513"
"IRN","BA:675","EMP_TEMP_SEX_AGE_NB","SEX_M","AGE_5YRBANDS_Y40-44","2014",2336.296,,,,"R1:3513"
"IRN","BA:675","EMP_TEMP_SEX_AGE_NB","SEX_M","AGE_5YRBANDS_Y45-49","2014",1860.862,,,,"R1:3513"
"IRN","BA:675","EMP_TEMP_SEX_AGE_NB","SEX_M","AGE_5YRBANDS_Y50-54","2014",1415.935,,,,"R1:3513"
"IRN","BA:675","EMP_TEMP_SEX_AGE_NB","SEX_M","AGE_5YRBANDS_Y55-59","2014",934.504,,,,"R1:3513"
"IRN","BA:675","EMP_TEMP_SEX_AGE_NB","SEX_M","AGE_5YRBANDS_Y60-64","2014",493.447,,,,"R1:3513"
"IRN","BA:675","EMP_TEMP_SEX_AGE_NB","SEX_M","AGE_5YRBANDS_YGE65","2014",428.047,,,,"R1:3513"
"IRN","BA:675","EMP_TEMP_SEX_AGE_NB","SEX_F","AGE_5YRBANDS_YGE15","2014",3080.277,,,,"R1:3513"
"IRN","BA:675","EMP_TEMP_SEX_AGE_NB","SEX_F","AGE_5YRBANDS_Y15-19","2014",79.367,,,,"R1:3513"
"IRN","BA:675","EMP_TEMP_SEX_AGE_NB","SEX_F","AGE_5YRBANDS_Y20-24","2014",214.279,,,,"R1:3513"
"IRN","BA:675","EMP_TEMP_SEX_AGE_NB","SEX_F","AGE_5YRBANDS_Y25-29","2014",490.246,,,,"R1:3513"
"IRN","BA:675","EMP_TEMP_SEX_AGE_NB","SEX_F","AGE_5YRBANDS_Y30-34","2014",577.096,,,,"R1:3513"
"IRN","BA:675","EMP_TEMP_SEX_AGE_NB","SEX_F","AGE_5YRBANDS_Y35-39","2014",527.465,,,,"R1:3513"
"IRN","BA:675","EMP_TEMP_SEX_AGE_NB","SEX_F","AGE_5YRBANDS_Y40-44","2014",436.553,,,,"R1:3513"
"IRN","BA:675","EMP_TEMP_SEX_AGE_NB","SEX_F","AGE_5YRBANDS_Y45-49","2014",333.26,,,,"R1:3513"
"IRN","BA:675","EMP_TEMP_SEX_AGE_NB","SEX_F","AGE_5YRBANDS_Y50-54","2014",203.286,,,,"R1:3513"
"IRN","BA:675","EMP_TEMP_SEX_AGE_NB","SEX_F","AGE_5YRBANDS_Y55-59","2014",110.235,,,,"R1:3513"
"IRN","BA:675","EMP_TEMP_SEX_AGE_NB","SEX_F","AGE_5YRBANDS_Y60-64","2014",66.491,,,,"R1:3513"
"IRN","BA:675","EMP_TEMP_SEX_AGE_NB","SEX_F","AGE_5YRBANDS_YGE65","2014",41.999,,,,"R1:3513"
"IRN","BA:675","EMP_TEMP_SEX_AGE_NB","SEX_T","AGE_YTHADULT_YGE15","2013",20953.161,,,,"R1:3513"
"IRN","BA:675","EMP_TEMP_SEX_AGE_NB","SEX_T","AGE_YTHADULT_Y15-64","2013",20437.809,,,,"R1:3513"
"IRN","BA:675","EMP_TEMP_SEX_AGE_NB","SEX_T","AGE_YTHADULT_Y15-24","2013",2541.222,,,,"R1:3513"
"IRN","BA:675","EMP_TEMP_SEX_AGE_NB","SEX_T","AGE_YTHADULT_YGE25","2013",18411.939,,,,"R1:3513"
"IRN","BA:675","EMP_TEMP_SEX_AGE_NB","SEX_M","AGE_YTHADULT_YGE15","2013",17832.437,,,,"R1:3513"
"IRN","BA:675","EMP_TEMP_SEX_AGE_NB","SEX_M","AGE_YTHADULT_Y15-64","2013",17364.439,,,,"R1:3513"
"IRN","BA:675","EMP_TEMP_SEX_AGE_NB","SEX_M","AGE_YTHADULT_Y15-24","2013",2182.674,,,,"R1:3513"
"IRN","BA:675","EMP_TEMP_SEX_AGE_NB","SEX_M","AGE_YTHADULT_YGE25","2013",15649.763,,,,"R1:3513"
"IRN","BA:675","EMP_TEMP_SEX_AGE_NB","SEX_F","AGE_YTHADULT_YGE15","2013",3120.724,,,,"R1:3513"
"IRN","BA:675","EMP_TEMP_SEX_AGE_NB","SEX_F","AGE_YTHADULT_Y15-64","2013",3073.37,,,,"R1:3513"
"IRN","BA:675","EMP_TEMP_SEX_AGE_NB","SEX_F","AGE_YTHADULT_Y15-24","2013",358.548,,,,"R1:3513"
"IRN","BA:675","EMP_TEMP_SEX_AGE_NB","SEX_F","AGE_YTHADULT_YGE25","2013",2762.175,,,,"R1:3513"
"IRN","BA:675","EMP_TEMP_SEX_AGE_NB","SEX_T","AGE_AGGREGATE_YGE15","2013",20953.161,,,,"R1:3513"
"IRN","BA:675","EMP_TEMP_SEX_AGE_NB","SEX_T","AGE_AGGREGATE_Y15-24","2013",2541.222,,,,"R1:3513"
"IRN","BA:675","EMP_TEMP_SEX_AGE_NB","SEX_T","AGE_AGGREGATE_Y25-54","2013",16411.023,,,,"R1:3513"
"IRN","BA:675","EMP_TEMP_SEX_AGE_NB","SEX_T","AGE_AGGREGATE_Y55-64","2013",1485.565,,,,"R1:3513"
"IRN","BA:675","EMP_TEMP_SEX_AGE_NB","SEX_T","AGE_AGGREGATE_YGE65","2013",515.351,,,,"R1:3513"
"IRN","BA:675","EMP_TEMP_SEX_AGE_NB","SEX_M","AGE_AGGREGATE_YGE15","2013",17832.437,,,,"R1:3513"
"IRN","BA:675","EMP_TEMP_SEX_AGE_NB","SEX_M","AGE_AGGREGATE_Y15-24","2013",2182.674,,,,"R1:3513"
"IRN","BA:675","EMP_TEMP_SEX_AGE_NB","SEX_M","AGE_AGGREGATE_Y25-54","2013",13875.955,,,,"R1:3513"
"IRN","BA:675","EMP_TEMP_SEX_AGE_NB","SEX_M","AGE_AGGREGATE_Y55-64","2013",1305.81,,,,"R1:3513"
"IRN","BA:675","EMP_TEMP_SEX_AGE_NB","SEX_M","AGE_AGGREGATE_YGE65","2013",467.998,,,,"R1:3513"
"IRN","BA:675","EMP_TEMP_SEX_AGE_NB","SEX_F","AGE_AGGREGATE_YGE15","2013",3120.724,,,,"R1:3513"
"IRN","BA:675","EMP_TEMP_SEX_AGE_NB","SEX_F","AGE_AGGREGATE_Y15-24","2013",358.548,,,,"R1:3513"
"IRN","BA:675","EMP_TEMP_SEX_AGE_NB","SEX_F","AGE_AGGREGATE_Y25-54","2013",2535.068,,,,"R1:3513"
"IRN","BA:675","EMP_TEMP_SEX_AGE_NB","SEX_F","AGE_AGGREGATE_Y55-64","2013",179.754,,,,"R1:3513"
"IRN","BA:675","EMP_TEMP_SEX_AGE_NB","SEX_F","AGE_AGGREGATE_YGE65","2013",47.353,,,,"R1:3513"
"IRN","BA:675","EMP_TEMP_SEX_AGE_NB","SEX_T","AGE_10YRBANDS_YGE15","2013",20953.161,,,,"R1:3513"
"IRN","BA:675","EMP_TEMP_SEX_AGE_NB","SEX_T","AGE_10YRBANDS_Y15-24","2013",2541.222,,,,"R1:3513"
"IRN","BA:675","EMP_TEMP_SEX_AGE_NB","SEX_T","AGE_10YRBANDS_Y25-34","2013",7007.432,,,,"R1:3513"
"IRN","BA:675","EMP_TEMP_SEX_AGE_NB","SEX_T","AGE_10YRBANDS_Y35-44","2013",5734.117,,,,"R1:3513"
"IRN","BA:675","EMP_TEMP_SEX_AGE_NB","SEX_T","AGE_10YRBANDS_Y45-54","2013",3669.474,,,,"R1:3513"
"IRN","BA:675","EMP_TEMP_SEX_AGE_NB","SEX_T","AGE_10YRBANDS_Y55-64","2013",1485.565,,,,"R1:3513"
"IRN","BA:675","EMP_TEMP_SEX_AGE_NB","SEX_T","AGE_10YRBANDS_YGE65","2013",515.351,,,,"R1:3513"
"IRN","BA:675","EMP_TEMP_SEX_AGE_NB","SEX_M","AGE_10YRBANDS_YGE15","2013",17832.437,,,,"R1:3513"
"IRN","BA:675","EMP_TEMP_SEX_AGE_NB","SEX_M","AGE_10YRBANDS_Y15-24","2013",2182.674,,,,"R1:3513"
"IRN","BA:675","EMP_TEMP_SEX_AGE_NB","SEX_M","AGE_10YRBANDS_Y25-34","2013",5902.793,,,,"R1:3513"
"IRN","BA:675","EMP_TEMP_SEX_AGE_NB","SEX_M","AGE_10YRBANDS_Y35-44","2013",4816.084,,,,"R1:3513"
"IRN","BA:675","EMP_TEMP_SEX_AGE_NB","SEX_M","AGE_10YRBANDS_Y45-54","2013",3157.078,,,,"R1:3513"
"IRN","BA:675","EMP_TEMP_SEX_AGE_NB","SEX_M","AGE_10YRBANDS_Y55-64","2013",1305.81,,,,"R1:3513"
"IRN","BA:675","EMP_TEMP_SEX_AGE_NB","SEX_M","AGE_10YRBANDS_YGE65","2013",467.998,,,,"R1:3513"
"IRN","BA:675","EMP_TEMP_SEX_AGE_NB","SEX_F","AGE_10YRBANDS_YGE15","2013",3120.724,,,,"R1:3513"
"IRN","BA:675","EMP_TEMP_SEX_AGE_NB","SEX_F","AGE_10YRBANDS_Y15-24","2013",358.548,,,,"R1:3513"
"IRN","BA:675","EMP_TEMP_SEX_AGE_NB","SEX_F","AGE_10YRBANDS_Y25-34","2013",1104.639,,,,"R1:3513"
"IRN","BA:675","EMP_TEMP_SEX_AGE_NB","SEX_F","AGE_10YRBANDS_Y35-44","2013",918.033,,,,"R1:3513"
"IRN","BA:675","EMP_TEMP_SEX_AGE_NB","SEX_F","AGE_10YRBANDS_Y45-54","2013",512.396,,,,"R1:3513"
"IRN","BA:675","EMP_TEMP_SEX_AGE_NB","SEX_F","AGE_10YRBANDS_Y55-64","2013",179.754,,,,"R1:3513"
"IRN","BA:675","EMP_TEMP_SEX_AGE_NB","SEX_F","AGE_10YRBANDS_YGE65","2013",47.353,,,,"R1:3513"
"IRN","BA:675","EMP_TEMP_SEX_AGE_NB","SEX_T","AGE_5YRBANDS_YGE15","2013",20953.161,,,,"R1:3513"
"IRN","BA:675","EMP_TEMP_SEX_AGE_NB","SEX_T","AGE_5YRBANDS_Y15-19","2013",552.67,,,,"R1:3513"
"IRN","BA:675","EMP_TEMP_SEX_AGE_NB","SEX_T","AGE_5YRBANDS_Y20-24","2013",1988.552,,,,"R1:3513"
"IRN","BA:675","EMP_TEMP_SEX_AGE_NB","SEX_T","AGE_5YRBANDS_Y25-29","2013",3406.441,,,,"R1:3513"
"IRN","BA:675","EMP_TEMP_SEX_AGE_NB","SEX_T","AGE_5YRBANDS_Y30-34","2013",3600.991,,,,"R1:3513"
"IRN","BA:675","EMP_TEMP_SEX_AGE_NB","SEX_T","AGE_5YRBANDS_Y35-39","2013",3007.159,,,,"R1:3513"
"IRN","BA:675","EMP_TEMP_SEX_AGE_NB","SEX_T","AGE_5YRBANDS_Y40-44","2013",2726.958,,,,"R1:3513"
"IRN","BA:675","EMP_TEMP_SEX_AGE_NB","SEX_T","AGE_5YRBANDS_Y45-49","2013",2123.022,,,,"R1:3513"
"IRN","BA:675","EMP_TEMP_SEX_AGE_NB","SEX_T","AGE_5YRBANDS_Y50-54","2013",1546.452,,,,"R1:3513"
"IRN","BA:675","EMP_TEMP_SEX_AGE_NB","SEX_T","AGE_5YRBANDS_Y55-59","2013",960.948,,,,"R1:3513"
"IRN","BA:675","EMP_TEMP_SEX_AGE_NB","SEX_T","AGE_5YRBANDS_Y60-64","2013",524.617,,,,"R1:3513"
"IRN","BA:675","EMP_TEMP_SEX_AGE_NB","SEX_T","AGE_5YRBANDS_YGE65","2013",515.351,,,,"R1:3513"
"IRN","BA:675","EMP_TEMP_SEX_AGE_NB","SEX_M","AGE_5YRBANDS_YGE15","2013",17832.437,,,,"R1:3513"
"IRN","BA:675","EMP_TEMP_SEX_AGE_NB","SEX_M","AGE_5YRBANDS_Y15-19","2013",462.996,,,,"R1:3513"
"IRN","BA:675","EMP_TEMP_SEX_AGE_NB","SEX_M","AGE_5YRBANDS_Y20-24","2013",1719.678,,,,"R1:3513"
"IRN","BA:675","EMP_TEMP_SEX_AGE_NB","SEX_M","AGE_5YRBANDS_Y25-29","2013",2889.771,,,,"R1:3513"
"IRN","BA:675","EMP_TEMP_SEX_AGE_NB","SEX_M","AGE_5YRBANDS_Y30-34","2013",3013.022,,,,"R1:3513"
"IRN","BA:675","EMP_TEMP_SEX_AGE_NB","SEX_M","AGE_5YRBANDS_Y35-39","2013",2519.975,,,,"R1:3513"
"IRN","BA:675","EMP_TEMP_SEX_AGE_NB","SEX_M","AGE_5YRBANDS_Y40-44","2013",2296.108,,,,"R1:3513"
"IRN","BA:675","EMP_TEMP_SEX_AGE_NB","SEX_M","AGE_5YRBANDS_Y45-49","2013",1792.944,,,,"R1:3513"
"IRN","BA:675","EMP_TEMP_SEX_AGE_NB","SEX_M","AGE_5YRBANDS_Y50-54","2013",1364.134,,,,"R1:3513"
"IRN","BA:675","EMP_TEMP_SEX_AGE_NB","SEX_M","AGE_5YRBANDS_Y55-59","2013",849.566,,,,"R1:3513"
"IRN","BA:675","EMP_TEMP_SEX_AGE_NB","SEX_M","AGE_5YRBANDS_Y60-64","2013",456.244,,,,"R1:3513"
"IRN","BA:675","EMP_TEMP_SEX_AGE_NB","SEX_M","AGE_5YRBANDS_YGE65","2013",467.998,,,,"R1:3513"
"IRN","BA:675","EMP_TEMP_SEX_AGE_NB","SEX_F","AGE_5YRBANDS_YGE15","2013",3120.724,,,,"R1:3513"
"IRN","BA:675","EMP_TEMP_SEX_AGE_NB","SEX_F","AGE_5YRBANDS_Y15-19","2013",89.674,,,,"R1:3513"
"IRN","BA:675","EMP_TEMP_SEX_AGE_NB","SEX_F","AGE_5YRBANDS_Y20-24","2013",268.874,,,,"R1:3513"
"IRN","BA:675","EMP_TEMP_SEX_AGE_NB","SEX_F","AGE_5YRBANDS_Y25-29","2013",516.67,,,,"R1:3513"
"IRN","BA:675","EMP_TEMP_SEX_AGE_NB","SEX_F","AGE_5YRBANDS_Y30-34","2013",587.969,,,,"R1:3513"
"IRN","BA:675","EMP_TEMP_SEX_AGE_NB","SEX_F","AGE_5YRBANDS_Y35-39","2013",487.184,,,,"R1:3513"
"IRN","BA:675","EMP_TEMP_SEX_AGE_NB","SEX_F","AGE_5YRBANDS_Y40-44","2013",430.849,,,,"R1:3513"
"IRN","BA:675","EMP_TEMP_SEX_AGE_NB","SEX_F","AGE_5YRBANDS_Y45-49","2013",330.078,,,,"R1:3513"
"IRN","BA:675","EMP_TEMP_SEX_AGE_NB","SEX_F","AGE_5YRBANDS_Y50-54","2013",182.318,,,,"R1:3513"
"IRN","BA:675","EMP_TEMP_SEX_AGE_NB","SEX_F","AGE_5YRBANDS_Y55-59","2013",111.382,,,,"R1:3513"
"IRN","BA:675","EMP_TEMP_SEX_AGE_NB","SEX_F","AGE_5YRBANDS_Y60-64","2013",68.373,,,,"R1:3513"
"IRN","BA:675","EMP_TEMP_SEX_AGE_NB","SEX_F","AGE_5YRBANDS_YGE65","2013",47.353,,,,"R1:3513"
"IRN","BA:675","EMP_TEMP_SEX_AGE_NB","SEX_T","AGE_YTHADULT_YGE15","2012",20283.386,,,,"R1:3513"
"IRN","BA:675","EMP_TEMP_SEX_AGE_NB","SEX_T","AGE_YTHADULT_Y15-64","2012",19738.042,,,,"R1:3513"
"IRN","BA:675","EMP_TEMP_SEX_AGE_NB","SEX_T","AGE_YTHADULT_Y15-24","2012",2824.413,,,,"R1:3513"
"IRN","BA:675","EMP_TEMP_SEX_AGE_NB","SEX_T","AGE_YTHADULT_YGE25","2012",17458.973,,,,"R1:3513"
"IRN","BA:675","EMP_TEMP_SEX_AGE_NB","SEX_M","AGE_YTHADULT_YGE15","2012",16868.369,,,,"R1:3513"
"IRN","BA:675","EMP_TEMP_SEX_AGE_NB","SEX_M","AGE_YTHADULT_Y15-64","2012",16377.998,,,,"R1:3513"
"IRN","BA:675","EMP_TEMP_SEX_AGE_NB","SEX_M","AGE_YTHADULT_Y15-24","2012",2381.89,,,,"R1:3513"
"IRN","BA:675","EMP_TEMP_SEX_AGE_NB","SEX_M","AGE_YTHADULT_YGE25","2012",14486.478,,,,"R1:3513"
"IRN","BA:675","EMP_TEMP_SEX_AGE_NB","SEX_F","AGE_YTHADULT_YGE15","2012",3415.018,,,,"R1:3513"
"IRN","BA:675","EMP_TEMP_SEX_AGE_NB","SEX_F","AGE_YTHADULT_Y15-64","2012",3360.044,,,,"R1:3513"
"IRN","BA:675","EMP_TEMP_SEX_AGE_NB","SEX_F","AGE_YTHADULT_Y15-24","2012",442.523,,,,"R1:3513"
"IRN","BA:675","EMP_TEMP_SEX_AGE_NB","SEX_F","AGE_YTHADULT_YGE25","2012",2972.495,,,,"R1:3513"
"IRN","BA:675","EMP_TEMP_SEX_AGE_NB","SEX_T","AGE_AGGREGATE_YGE15","2012",20283.386,,,,"R1:3513"
"IRN","BA:675","EMP_TEMP_SEX_AGE_NB","SEX_T","AGE_AGGREGATE_Y15-24","2012",2824.413,,,,"R1:3513"
"IRN","BA:675","EMP_TEMP_SEX_AGE_NB","SEX_T","AGE_AGGREGATE_Y25-54","2012",15319.42,,,,"R1:3513"
"IRN","BA:675","EMP_TEMP_SEX_AGE_NB","SEX_T","AGE_AGGREGATE_Y55-64","2012",1594.208,,,,"R1:3513"
"IRN","BA:675","EMP_TEMP_SEX_AGE_NB","SEX_T","AGE_AGGREGATE_YGE65","2012",545.345,,,,"R1:3513"
"IRN","BA:675","EMP_TEMP_SEX_AGE_NB","SEX_M","AGE_AGGREGATE_YGE15","2012",16868.369,,,,"R1:3513"
"IRN","BA:675","EMP_TEMP_SEX_AGE_NB","SEX_M","AGE_AGGREGATE_Y15-24","2012",2381.89,,,,"R1:3513"
"IRN","BA:675","EMP_TEMP_SEX_AGE_NB","SEX_M","AGE_AGGREGATE_Y25-54","2012",12624.25,,,,"R1:3513"
"IRN","BA:675","EMP_TEMP_SEX_AGE_NB","SEX_M","AGE_AGGREGATE_Y55-64","2012",1371.857,,,,"R1:3513"
"IRN","BA:675","EMP_TEMP_SEX_AGE_NB","SEX_M","AGE_AGGREGATE_YGE65","2012",490.371,,,,"R1:3513"
"IRN","BA:675","EMP_TEMP_SEX_AGE_NB","SEX_F","AGE_AGGREGATE_YGE15","2012",3415.018,,,,"R1:3513"
"IRN","BA:675","EMP_TEMP_SEX_AGE_NB","SEX_F","AGE_AGGREGATE_Y15-24","2012",442.523,,,,"R1:3513"
"IRN","BA:675","EMP_TEMP_SEX_AGE_NB","SEX_F","AGE_AGGREGATE_Y25-54","2012",2695.17,,,,"R1:3513"
"IRN","BA:675","EMP_TEMP_SEX_AGE_NB","SEX_F","AGE_AGGREGATE_Y55-64","2012",222.351,,,,"R1:3513"
"IRN","BA:675","EMP_TEMP_SEX_AGE_NB","SEX_F","AGE_AGGREGATE_YGE65","2012",54.974,,,,"R1:3513"
"IRN","BA:675","EMP_TEMP_SEX_AGE_NB","SEX_T","AGE_10YRBANDS_YGE15","2012",20283.386,,,,"R1:3513"
"IRN","BA:675","EMP_TEMP_SEX_AGE_NB","SEX_T","AGE_10YRBANDS_Y15-24","2012",2824.413,,,,"R1:3513"
"IRN","BA:675","EMP_TEMP_SEX_AGE_NB","SEX_T","AGE_10YRBANDS_Y25-34","2012",6099.265,,,,"R1:3513"
"IRN","BA:675","EMP_TEMP_SEX_AGE_NB","SEX_T","AGE_10YRBANDS_Y35-44","2012",5431.071,,,,"R1:3513"
"IRN","BA:675","EMP_TEMP_SEX_AGE_NB","SEX_T","AGE_10YRBANDS_Y45-54","2012",3789.084,,,,"R1:3513"
"IRN","BA:675","EMP_TEMP_SEX_AGE_NB","SEX_T","AGE_10YRBANDS_Y55-64","2012",1594.208,,,,"R1:3513"
"IRN","BA:675","EMP_TEMP_SEX_AGE_NB","SEX_T","AGE_10YRBANDS_YGE65","2012",545.345,,,,"R1:3513"
"IRN","BA:675","EMP_TEMP_SEX_AGE_NB","SEX_M","AGE_10YRBANDS_YGE15","2012",16868.369,,,,"R1:3513"
"IRN","BA:675","EMP_TEMP_SEX_AGE_NB","SEX_M","AGE_10YRBANDS_Y15-24","2012",2381.89,,,,"R1:3513"
"IRN","BA:675","EMP_TEMP_SEX_AGE_NB","SEX_M","AGE_10YRBANDS_Y25-34","2012",4973.305,,,,"R1:3513"
"IRN","BA:675","EMP_TEMP_SEX_AGE_NB","SEX_M","AGE_10YRBANDS_Y35-44","2012",4421.803,,,,"R1:3513"
"IRN","BA:675","EMP_TEMP_SEX_AGE_NB","SEX_M","AGE_10YRBANDS_Y45-54","2012",3229.142,,,,"R1:3513"
"IRN","BA:675","EMP_TEMP_SEX_AGE_NB","SEX_M","AGE_10YRBANDS_Y55-64","2012",1371.857,,,,"R1:3513"
"IRN","BA:675","EMP_TEMP_SEX_AGE_NB","SEX_M","AGE_10YRBANDS_YGE65","2012",490.371,,,,"R1:3513"
"IRN","BA:675","EMP_TEMP_SEX_AGE_NB","SEX_F","AGE_10YRBANDS_YGE15","2012",3415.018,,,,"R1:3513"
"IRN","BA:675","EMP_TEMP_SEX_AGE_NB","SEX_F","AGE_10YRBANDS_Y15-24","2012",442.523,,,,"R1:3513"
"IRN","BA:675","EMP_TEMP_SEX_AGE_NB","SEX_F","AGE_10YRBANDS_Y25-34","2012",1125.961,,,,"R1:3513"
"IRN","BA:675","EMP_TEMP_SEX_AGE_NB","SEX_F","AGE_10YRBANDS_Y35-44","2012",1009.268,,,,"R1:3513"
"IRN","BA:675","EMP_TEMP_SEX_AGE_NB","SEX_F","AGE_10YRBANDS_Y45-54","2012",559.942,,,,"R1:3513"
"IRN","BA:675","EMP_TEMP_SEX_AGE_NB","SEX_F","AGE_10YRBANDS_Y55-64","2012",222.351,,,,"R1:3513"
"IRN","BA:675","EMP_TEMP_SEX_AGE_NB","SEX_F","AGE_10YRBANDS_YGE65","2012",54.974,,,,"R1:3513"
"IRN","BA:675","EMP_TEMP_SEX_AGE_NB","SEX_T","AGE_5YRBANDS_YGE15","2012",20283.386,,,,"R1:3513"
"IRN","BA:675","EMP_TEMP_SEX_AGE_NB","SEX_T","AGE_5YRBANDS_Y15-19","2012",722.864,,,,"R1:3513"
"IRN","BA:675","EMP_TEMP_SEX_AGE_NB","SEX_T","AGE_5YRBANDS_Y20-24","2012",2101.549,,,,"R1:3513"
"IRN","BA:675","EMP_TEMP_SEX_AGE_NB","SEX_T","AGE_5YRBANDS_Y25-29","2012",3066.648,,,,"R1:3513"
"IRN","BA:675","EMP_TEMP_SEX_AGE_NB","SEX_T","AGE_5YRBANDS_Y30-34","2012",3032.618,,,,"R1:3513"
"IRN","BA:675","EMP_TEMP_SEX_AGE_NB","SEX_T","AGE_5YRBANDS_Y35-39","2012",2744.133,,,,"R1:3513"
"IRN","BA:675","EMP_TEMP_SEX_AGE_NB","SEX_T","AGE_5YRBANDS_Y40-44","2012",2686.938,,,,"R1:3513"
"IRN","BA:675","EMP_TEMP_SEX_AGE_NB","SEX_T","AGE_5YRBANDS_Y45-49","2012",2174.152,,,,"R1:3513"
"IRN","BA:675","EMP_TEMP_SEX_AGE_NB","SEX_T","AGE_5YRBANDS_Y50-54","2012",1614.932,,,,"R1:3513"
"IRN","BA:675","EMP_TEMP_SEX_AGE_NB","SEX_T","AGE_5YRBANDS_Y55-59","2012",1058.835,,,,"R1:3513"
"IRN","BA:675","EMP_TEMP_SEX_AGE_NB","SEX_T","AGE_5YRBANDS_Y60-64","2012",535.374,,,,"R1:3513"
"IRN","BA:675","EMP_TEMP_SEX_AGE_NB","SEX_T","AGE_5YRBANDS_YGE65","2012",545.345,,,,"R1:3513"
"IRN","BA:675","EMP_TEMP_SEX_AGE_NB","SEX_M","AGE_5YRBANDS_YGE15","2012",16868.369,,,,"R1:3513"
"IRN","BA:675","EMP_TEMP_SEX_AGE_NB","SEX_M","AGE_5YRBANDS_Y15-19","2012",589.724,,,,"R1:3513"
"IRN","BA:675","EMP_TEMP_SEX_AGE_NB","SEX_M","AGE_5YRBANDS_Y20-24","2012",1792.167,,,,"R1:3513"
"IRN","BA:675","EMP_TEMP_SEX_AGE_NB","SEX_M","AGE_5YRBANDS_Y25-29","2012",2504.045,,,,"R1:3513"
"IRN","BA:675","EMP_TEMP_SEX_AGE_NB","SEX_M","AGE_5YRBANDS_Y30-34","2012",2469.26,,,,"R1:3513"
"IRN","BA:675","EMP_TEMP_SEX_AGE_NB","SEX_M","AGE_5YRBANDS_Y35-39","2012",2184.45,,,,"R1:3513"
"IRN","BA:675","EMP_TEMP_SEX_AGE_NB","SEX_M","AGE_5YRBANDS_Y40-44","2012",2237.353,,,,"R1:3513"
"IRN","BA:675","EMP_TEMP_SEX_AGE_NB","SEX_M","AGE_5YRBANDS_Y45-49","2012",1822.066,,,,"R1:3513"
"IRN","BA:675","EMP_TEMP_SEX_AGE_NB","SEX_M","AGE_5YRBANDS_Y50-54","2012",1407.076,,,,"R1:3513"
"IRN","BA:675","EMP_TEMP_SEX_AGE_NB","SEX_M","AGE_5YRBANDS_Y55-59","2012",907.256,,,,"R1:3513"
"IRN","BA:675","EMP_TEMP_SEX_AGE_NB","SEX_M","AGE_5YRBANDS_Y60-64","2012",464.601,,,,"R1:3513"
"IRN","BA:675","EMP_TEMP_SEX_AGE_NB","SEX_M","AGE_5YRBANDS_YGE65","2012",490.371,,,,"R1:3513"
"IRN","BA:675","EMP_TEMP_SEX_AGE_NB","SEX_F","AGE_5YRBANDS_YGE15","2012",3415.018,,,,"R1:3513"
"IRN","BA:675","EMP_TEMP_SEX_AGE_NB","SEX_F","AGE_5YRBANDS_Y15-19","2012",133.14,,,,"R1:3513"
"IRN","BA:675","EMP_TEMP_SEX_AGE_NB","SEX_F","AGE_5YRBANDS_Y20-24","2012",309.382,,,,"R1:3513"
"IRN","BA:675","EMP_TEMP_SEX_AGE_NB","SEX_F","AGE_5YRBANDS_Y25-29","2012",562.603,,,,"R1:3513"
"IRN","BA:675","EMP_TEMP_SEX_AGE_NB","SEX_F","AGE_5YRBANDS_Y30-34","2012",563.358,,,,"R1:3513"
"IRN","BA:675","EMP_TEMP_SEX_AGE_NB","SEX_F","AGE_5YRBANDS_Y35-39","2012",559.683,,,,"R1:3513"
"IRN","BA:675","EMP_TEMP_SEX_AGE_NB","SEX_F","AGE_5YRBANDS_Y40-44","2012",449.585,,,,"R1:3513"
"IRN","BA:675","EMP_TEMP_SEX_AGE_NB","SEX_F","AGE_5YRBANDS_Y45-49","2012",352.086,,,,"R1:3513"
"IRN","BA:675","EMP_TEMP_SEX_AGE_NB","SEX_F","AGE_5YRBANDS_Y50-54","2012",207.856,,,,"R1:3513"
"IRN","BA:675","EMP_TEMP_SEX_AGE_NB","SEX_F","AGE_5YRBANDS_Y55-59","2012",151.579,,,,"R1:3513"
"IRN","BA:675","EMP_TEMP_SEX_AGE_NB","SEX_F","AGE_5YRBANDS_Y60-64","2012",70.772,,,,"R1:3513"
"IRN","BA:675","EMP_TEMP_SEX_AGE_NB","SEX_F","AGE_5YRBANDS_YGE65","2012",54.974,,,,"R1:3513"
"IRN","BA:675","EMP_TEMP_SEX_AGE_NB","SEX_T","AGE_YTHADULT_YGE15","2011",20108.707,,,,"R1:3513"
"IRN","BA:675","EMP_TEMP_SEX_AGE_NB","SEX_T","AGE_YTHADULT_Y15-64","2011",19632.26,,,,"R1:3513"
"IRN","BA:675","EMP_TEMP_SEX_AGE_NB","SEX_T","AGE_YTHADULT_Y15-24","2011",2951.604,,,,"R1:3513"
"IRN","BA:675","EMP_TEMP_SEX_AGE_NB","SEX_T","AGE_YTHADULT_YGE25","2011",17157.103,,,,"R1:3513"
"IRN","BA:675","EMP_TEMP_SEX_AGE_NB","SEX_M","AGE_YTHADULT_YGE15","2011",16999.616,,,,"R1:3513"
"IRN","BA:675","EMP_TEMP_SEX_AGE_NB","SEX_M","AGE_YTHADULT_Y15-64","2011",16568.57,,,,"R1:3513"
"IRN","BA:675","EMP_TEMP_SEX_AGE_NB","SEX_M","AGE_YTHADULT_Y15-24","2011",2530.787,,,,"R1:3513"
"IRN","BA:675","EMP_TEMP_SEX_AGE_NB","SEX_M","AGE_YTHADULT_YGE25","2011",14468.829,,,,"R1:3513"
"IRN","BA:675","EMP_TEMP_SEX_AGE_NB","SEX_F","AGE_YTHADULT_YGE15","2011",3109.09,,,,"R1:3513"
"IRN","BA:675","EMP_TEMP_SEX_AGE_NB","SEX_F","AGE_YTHADULT_Y15-64","2011",3063.689,,,,"R1:3513"
"IRN","BA:675","EMP_TEMP_SEX_AGE_NB","SEX_F","AGE_YTHADULT_Y15-24","2011",420.817,,,,"R1:3513"
"IRN","BA:675","EMP_TEMP_SEX_AGE_NB","SEX_F","AGE_YTHADULT_YGE25","2011",2688.274,,,,"R1:3513"
"IRN","BA:675","EMP_TEMP_SEX_AGE_NB","SEX_T","AGE_AGGREGATE_YGE15","2011",20108.707,,,,"R1:3513"
"IRN","BA:675","EMP_TEMP_SEX_AGE_NB","SEX_T","AGE_AGGREGATE_Y15-24","2011",2951.604,,,,"R1:3513"
"IRN","BA:675","EMP_TEMP_SEX_AGE_NB","SEX_T","AGE_AGGREGATE_Y25-54","2011",15201.348,,,,"R1:3513"
"IRN","BA:675","EMP_TEMP_SEX_AGE_NB","SEX_T","AGE_AGGREGATE_Y55-64","2011",1479.307,,,,"R1:3513"
"IRN","BA:675","EMP_TEMP_SEX_AGE_NB","SEX_T","AGE_AGGREGATE_YGE65","2011",476.447,,,,"R1:3513"
"IRN","BA:675","EMP_TEMP_SEX_AGE_NB","SEX_M","AGE_AGGREGATE_YGE15","2011",16999.616,,,,"R1:3513"
"IRN","BA:675","EMP_TEMP_SEX_AGE_NB","SEX_M","AGE_AGGREGATE_Y15-24","2011",2530.787,,,,"R1:3513"
"IRN","BA:675","EMP_TEMP_SEX_AGE_NB","SEX_M","AGE_AGGREGATE_Y25-54","2011",12747.843,,,,"R1:3513"
"IRN","BA:675","EMP_TEMP_SEX_AGE_NB","SEX_M","AGE_AGGREGATE_Y55-64","2011",1289.941,,,,"R1:3513"
"IRN","BA:675","EMP_TEMP_SEX_AGE_NB","SEX_M","AGE_AGGREGATE_YGE65","2011",431.046,,,,"R1:3513"
"IRN","BA:675","EMP_TEMP_SEX_AGE_NB","SEX_F","AGE_AGGREGATE_YGE15","2011",3109.09,,,,"R1:3513"
"IRN","BA:675","EMP_TEMP_SEX_AGE_NB","SEX_F","AGE_AGGREGATE_Y15-24","2011",420.817,,,,"R1:3513"
"IRN","BA:675","EMP_TEMP_SEX_AGE_NB","SEX_F","AGE_AGGREGATE_Y25-54","2011",2453.506,,,,"R1:3513"
"IRN","BA:675","EMP_TEMP_SEX_AGE_NB","SEX_F","AGE_AGGREGATE_Y55-64","2011",189.367,,,,"R1:3513"
"IRN","BA:675","EMP_TEMP_SEX_AGE_NB","SEX_F","AGE_AGGREGATE_YGE65","2011",45.401,,,,"R1:3513"
"IRN","BA:675","EMP_TEMP_SEX_AGE_NB","SEX_T","AGE_10YRBANDS_YGE15","2011",20108.707,,,,"R1:3513"
"IRN","BA:675","EMP_TEMP_SEX_AGE_NB","SEX_T","AGE_10YRBANDS_Y15-24","2011",2951.604,,,,"R1:3513"
"IRN","BA:675","EMP_TEMP_SEX_AGE_NB","SEX_T","AGE_10YRBANDS_Y25-34","2011",6071.609,,,,"R1:3513"
"IRN","BA:675","EMP_TEMP_SEX_AGE_NB","SEX_T","AGE_10YRBANDS_Y35-44","2011",5345.403,,,,"R1:3513"
"IRN","BA:675","EMP_TEMP_SEX_AGE_NB","SEX_T","AGE_10YRBANDS_Y45-54","2011",3784.337,,,,"R1:3513"
"IRN","BA:675","EMP_TEMP_SEX_AGE_NB","SEX_T","AGE_10YRBANDS_Y55-64","2011",1479.307,,,,"R1:3513"
"IRN","BA:675","EMP_TEMP_SEX_AGE_NB","SEX_T","AGE_10YRBANDS_YGE65","2011",476.447,,,,"R1:3513"
"IRN","BA:675","EMP_TEMP_SEX_AGE_NB","SEX_M","AGE_10YRBANDS_YGE15","2011",16999.616,,,,"R1:3513"
"IRN","BA:675","EMP_TEMP_SEX_AGE_NB","SEX_M","AGE_10YRBANDS_Y15-24","2011",2530.787,,,,"R1:3513"
"IRN","BA:675","EMP_TEMP_SEX_AGE_NB","SEX_M","AGE_10YRBANDS_Y25-34","2011",5047.999,,,,"R1:3513"
"IRN","BA:675","EMP_TEMP_SEX_AGE_NB","SEX_M","AGE_10YRBANDS_Y35-44","2011",4431.123,,,,"R1:3513"
"IRN","BA:675","EMP_TEMP_SEX_AGE_NB","SEX_M","AGE_10YRBANDS_Y45-54","2011",3268.721,,,,"R1:3513"
"IRN","BA:675","EMP_TEMP_SEX_AGE_NB","SEX_M","AGE_10YRBANDS_Y55-64","2011",1289.941,,,,"R1:3513"
"IRN","BA:675","EMP_TEMP_SEX_AGE_NB","SEX_M","AGE_10YRBANDS_YGE65","2011",431.046,,,,"R1:3513"
"IRN","BA:675","EMP_TEMP_SEX_AGE_NB","SEX_F","AGE_10YRBANDS_YGE15","2011",3109.09,,,,"R1:3513"
"IRN","BA:675","EMP_TEMP_SEX_AGE_NB","SEX_F","AGE_10YRBANDS_Y15-24","2011",420.817,,,,"R1:3513"
"IRN","BA:675","EMP_TEMP_SEX_AGE_NB","SEX_F","AGE_10YRBANDS_Y25-34","2011",1023.61,,,,"R1:3513"
"IRN","BA:675","EMP_TEMP_SEX_AGE_NB","SEX_F","AGE_10YRBANDS_Y35-44","2011",914.28,,,,"R1:3513"
"IRN","BA:675","EMP_TEMP_SEX_AGE_NB","SEX_F","AGE_10YRBANDS_Y45-54","2011",515.616,,,,"R1:3513"
"IRN","BA:675","EMP_TEMP_SEX_AGE_NB","SEX_F","AGE_10YRBANDS_Y55-64","2011",189.367,,,,"R1:3513"
"IRN","BA:675","EMP_TEMP_SEX_AGE_NB","SEX_F","AGE_10YRBANDS_YGE65","2011",45.401,,,,"R1:3513"
"IRN","BA:675","EMP_TEMP_SEX_AGE_NB","SEX_T","AGE_5YRBANDS_YGE15","2011",20108.707,,,,"R1:3513"
"IRN","BA:675","EMP_TEMP_SEX_AGE_NB","SEX_T","AGE_5YRBANDS_Y15-19","2011",768.034,,,,"R1:3513"
"IRN","BA:675","EMP_TEMP_SEX_AGE_NB","SEX_T","AGE_5YRBANDS_Y20-24","2011",2183.57,,,,"R1:3513"
"IRN","BA:675","EMP_TEMP_SEX_AGE_NB","SEX_T","AGE_5YRBANDS_Y25-29","2011",3070.658,,,,"R1:3513"
"IRN","BA:675","EMP_TEMP_SEX_AGE_NB","SEX_T","AGE_5YRBANDS_Y30-34","2011",3000.951,,,,"R1:3513"
"IRN","BA:675","EMP_TEMP_SEX_AGE_NB","SEX_T","AGE_5YRBANDS_Y35-39","2011",2745.357,,,,"R1:3513"
"IRN","BA:675","EMP_TEMP_SEX_AGE_NB","SEX_T","AGE_5YRBANDS_Y40-44","2011",2600.046,,,,"R1:3513"
"IRN","BA:675","EMP_TEMP_SEX_AGE_NB","SEX_T","AGE_5YRBANDS_Y45-49","2011",2190.588,,,,"R1:3513"
"IRN","BA:675","EMP_TEMP_SEX_AGE_NB","SEX_T","AGE_5YRBANDS_Y50-54","2011",1593.748,,,,"R1:3513"
"IRN","BA:675","EMP_TEMP_SEX_AGE_NB","SEX_T","AGE_5YRBANDS_Y55-59","2011",974.363,,,,"R1:3513"
"IRN","BA:675","EMP_TEMP_SEX_AGE_NB","SEX_T","AGE_5YRBANDS_Y60-64","2011",504.944,,,,"R1:3513"
"IRN","BA:675","EMP_TEMP_SEX_AGE_NB","SEX_T","AGE_5YRBANDS_YGE65","2011",476.447,,,,"R1:3513"
"IRN","BA:675","EMP_TEMP_SEX_AGE_NB","SEX_M","AGE_5YRBANDS_YGE15","2011",16999.616,,,,"R1:3513"
"IRN","BA:675","EMP_TEMP_SEX_AGE_NB","SEX_M","AGE_5YRBANDS_Y15-19","2011",647.102,,,,"R1:3513"
"IRN","BA:675","EMP_TEMP_SEX_AGE_NB","SEX_M","AGE_5YRBANDS_Y20-24","2011",1883.684,,,,"R1:3513"
"IRN","BA:675","EMP_TEMP_SEX_AGE_NB","SEX_M","AGE_5YRBANDS_Y25-29","2011",2577.404,,,,"R1:3513"
"IRN","BA:675","EMP_TEMP_SEX_AGE_NB","SEX_M","AGE_5YRBANDS_Y30-34","2011",2470.594,,,,"R1:3513"
"IRN","BA:675","EMP_TEMP_SEX_AGE_NB","SEX_M","AGE_5YRBANDS_Y35-39","2011",2265.312,,,,"R1:3513"
"IRN","BA:675","EMP_TEMP_SEX_AGE_NB","SEX_M","AGE_5YRBANDS_Y40-44","2011",2165.811,,,,"R1:3513"
"IRN","BA:675","EMP_TEMP_SEX_AGE_NB","SEX_M","AGE_5YRBANDS_Y45-49","2011",1872.643,,,,"R1:3513"
"IRN","BA:675","EMP_TEMP_SEX_AGE_NB","SEX_M","AGE_5YRBANDS_Y50-54","2011",1396.078,,,,"R1:3513"
"IRN","BA:675","EMP_TEMP_SEX_AGE_NB","SEX_M","AGE_5YRBANDS_Y55-59","2011",847.837,,,,"R1:3513"
"IRN","BA:675","EMP_TEMP_SEX_AGE_NB","SEX_M","AGE_5YRBANDS_Y60-64","2011",442.104,,,,"R1:3513"
"IRN","BA:675","EMP_TEMP_SEX_AGE_NB","SEX_M","AGE_5YRBANDS_YGE65","2011",431.046,,,,"R1:3513"
"IRN","BA:675","EMP_TEMP_SEX_AGE_NB","SEX_F","AGE_5YRBANDS_YGE15","2011",3109.09,,,,"R1:3513"
"IRN","BA:675","EMP_TEMP_SEX_AGE_NB","SEX_F","AGE_5YRBANDS_Y15-19","2011",120.932,,,,"R1:3513"
"IRN","BA:675","EMP_TEMP_SEX_AGE_NB","SEX_F","AGE_5YRBANDS_Y20-24","2011",299.885,,,,"R1:3513"
"IRN","BA:675","EMP_TEMP_SEX_AGE_NB","SEX_F","AGE_5YRBANDS_Y25-29","2011",493.254,,,,"R1:3513"
"IRN","BA:675","EMP_TEMP_SEX_AGE_NB","SEX_F","AGE_5YRBANDS_Y30-34","2011",530.357,,,,"R1:3513"
"IRN","BA:675","EMP_TEMP_SEX_AGE_NB","SEX_F","AGE_5YRBANDS_Y35-39","2011",480.045,,,,"R1:3513"
"IRN","BA:675","EMP_TEMP_SEX_AGE_NB","SEX_F","AGE_5YRBANDS_Y40-44","2011",434.235,,,,"R1:3513"
"IRN","BA:675","EMP_TEMP_SEX_AGE_NB","SEX_F","AGE_5YRBANDS_Y45-49","2011",317.946,,,,"R1:3513"
"IRN","BA:675","EMP_TEMP_SEX_AGE_NB","SEX_F","AGE_5YRBANDS_Y50-54","2011",197.67,,,,"R1:3513"
"IRN","BA:675","EMP_TEMP_SEX_AGE_NB","SEX_F","AGE_5YRBANDS_Y55-59","2011",126.526,,,,"R1:3513"
"IRN","BA:675","EMP_TEMP_SEX_AGE_NB","SEX_F","AGE_5YRBANDS_Y60-64","2011",62.84,,,,"R1:3513"
"IRN","BA:675","EMP_TEMP_SEX_AGE_NB","SEX_F","AGE_5YRBANDS_YGE65","2011",45.401,,,,"R1:3513"
"IRN","BA:675","EMP_TEMP_SEX_AGE_NB","SEX_T","AGE_YTHADULT_YGE15","2010",20244.609,,,,"R1:3513"
"IRN","BA:675","EMP_TEMP_SEX_AGE_NB","SEX_T","AGE_YTHADULT_Y15-64","2010",19711.215,,,,"R1:3513"
"IRN","BA:675","EMP_TEMP_SEX_AGE_NB","SEX_T","AGE_YTHADULT_Y15-24","2010",3226.238,,,,"R1:3513"
"IRN","BA:675","EMP_TEMP_SEX_AGE_NB","SEX_T","AGE_YTHADULT_YGE25","2010",17018.371,,,,"R1:3513"
"IRN","BA:675","EMP_TEMP_SEX_AGE_NB","SEX_M","AGE_YTHADULT_YGE15","2010",16840.907,,,,"R1:3513"
"IRN","BA:675","EMP_TEMP_SEX_AGE_NB","SEX_M","AGE_YTHADULT_Y15-64","2010",16366.256,,,,"R1:3513"
"IRN","BA:675","EMP_TEMP_SEX_AGE_NB","SEX_M","AGE_YTHADULT_Y15-24","2010",2686.937,,,,"R1:3513"
"IRN","BA:675","EMP_TEMP_SEX_AGE_NB","SEX_M","AGE_YTHADULT_YGE25","2010",14153.969,,,,"R1:3513"
"IRN","BA:675","EMP_TEMP_SEX_AGE_NB","SEX_F","AGE_YTHADULT_YGE15","2010",3403.702,,,,"R1:3513"
"IRN","BA:675","EMP_TEMP_SEX_AGE_NB","SEX_F","AGE_YTHADULT_Y15-64","2010",3344.959,,,,"R1:3513"
"IRN","BA:675","EMP_TEMP_SEX_AGE_NB","SEX_F","AGE_YTHADULT_Y15-24","2010",539.3,,,,"R1:3513"
"IRN","BA:675","EMP_TEMP_SEX_AGE_NB","SEX_F","AGE_YTHADULT_YGE25","2010",2864.402,,,,"R1:3513"
"IRN","BA:675","EMP_TEMP_SEX_AGE_NB","SEX_T","AGE_AGGREGATE_YGE15","2010",20244.609,,,,"R1:3513"
"IRN","BA:675","EMP_TEMP_SEX_AGE_NB","SEX_T","AGE_AGGREGATE_Y15-24","2010",3226.238,,,,"R1:3513"
"IRN","BA:675","EMP_TEMP_SEX_AGE_NB","SEX_T","AGE_AGGREGATE_Y25-54","2010",15000.805,,,,"R1:3513"
"IRN","BA:675","EMP_TEMP_SEX_AGE_NB","SEX_T","AGE_AGGREGATE_Y55-64","2010",1484.172,,,,"R1:3513"
"IRN","BA:675","EMP_TEMP_SEX_AGE_NB","SEX_T","AGE_AGGREGATE_YGE65","2010",533.394,,,,"R1:3513"
"IRN","BA:675","EMP_TEMP_SEX_AGE_NB","SEX_M","AGE_AGGREGATE_YGE15","2010",16840.907,,,,"R1:3513"
"IRN","BA:675","EMP_TEMP_SEX_AGE_NB","SEX_M","AGE_AGGREGATE_Y15-24","2010",2686.937,,,,"R1:3513"
"IRN","BA:675","EMP_TEMP_SEX_AGE_NB","SEX_M","AGE_AGGREGATE_Y25-54","2010",12403.339,,,,"R1:3513"
"IRN","BA:675","EMP_TEMP_SEX_AGE_NB","SEX_M","AGE_AGGREGATE_Y55-64","2010",1275.979,,,,"R1:3513"
"IRN","BA:675","EMP_TEMP_SEX_AGE_NB","SEX_M","AGE_AGGREGATE_YGE65","2010",474.651,,,,"R1:3513"
"IRN","BA:675","EMP_TEMP_SEX_AGE_NB","SEX_F","AGE_AGGREGATE_YGE15","2010",3403.702,,,,"R1:3513"
"IRN","BA:675","EMP_TEMP_SEX_AGE_NB","SEX_F","AGE_AGGREGATE_Y15-24","2010",539.3,,,,"R1:3513"
"IRN","BA:675","EMP_TEMP_SEX_AGE_NB","SEX_F","AGE_AGGREGATE_Y25-54","2010",2597.466,,,,"R1:3513"
"IRN","BA:675","EMP_TEMP_SEX_AGE_NB","SEX_F","AGE_AGGREGATE_Y55-64","2010",208.193,,,,"R1:3513"
"IRN","BA:675","EMP_TEMP_SEX_AGE_NB","SEX_F","AGE_AGGREGATE_YGE65","2010",58.743,,,,"R1:3513"
"IRN","BA:675","EMP_TEMP_SEX_AGE_NB","SEX_T","AGE_10YRBANDS_YGE15","2010",20244.609,,,,"R1:3513"
"IRN","BA:675","EMP_TEMP_SEX_AGE_NB","SEX_T","AGE_10YRBANDS_Y15-24","2010",3226.238,,,,"R1:3513"
"IRN","BA:675","EMP_TEMP_SEX_AGE_NB","SEX_T","AGE_10YRBANDS_Y25-34","2010",6062.507,,,,"R1:3513"
"IRN","BA:675","EMP_TEMP_SEX_AGE_NB","SEX_T","AGE_10YRBANDS_Y35-44","2010",5302.779,,,,"R1:3513"
"IRN","BA:675","EMP_TEMP_SEX_AGE_NB","SEX_T","AGE_10YRBANDS_Y45-54","2010",3635.519,,,,"R1:3513"
"IRN","BA:675","EMP_TEMP_SEX_AGE_NB","SEX_T","AGE_10YRBANDS_Y55-64","2010",1484.172,,,,"R1:3513"
"IRN","BA:675","EMP_TEMP_SEX_AGE_NB","SEX_T","AGE_10YRBANDS_YGE65","2010",533.394,,,,"R1:3513"
"IRN","BA:675","EMP_TEMP_SEX_AGE_NB","SEX_M","AGE_10YRBANDS_YGE15","2010",16840.907,,,,"R1:3513"
"IRN","BA:675","EMP_TEMP_SEX_AGE_NB","SEX_M","AGE_10YRBANDS_Y15-24","2010",2686.937,,,,"R1:3513"
"IRN","BA:675","EMP_TEMP_SEX_AGE_NB","SEX_M","AGE_10YRBANDS_Y25-34","2010",4948.882,,,,"R1:3513"
"IRN","BA:675","EMP_TEMP_SEX_AGE_NB","SEX_M","AGE_10YRBANDS_Y35-44","2010",4350.973,,,,"R1:3513"
"IRN","BA:675","EMP_TEMP_SEX_AGE_NB","SEX_M","AGE_10YRBANDS_Y45-54","2010",3103.484,,,,"R1:3513"
"IRN","BA:675","EMP_TEMP_SEX_AGE_NB","SEX_M","AGE_10YRBANDS_Y55-64","2010",1275.979,,,,"R1:3513"
"IRN","BA:675","EMP_TEMP_SEX_AGE_NB","SEX_M","AGE_10YRBANDS_YGE65","2010",474.651,,,,"R1:3513"
"IRN","BA:675","EMP_TEMP_SEX_AGE_NB","SEX_F","AGE_10YRBANDS_YGE15","2010",3403.702,,,,"R1:3513"
"IRN","BA:675","EMP_TEMP_SEX_AGE_NB","SEX_F","AGE_10YRBANDS_Y15-24","2010",539.3,,,,"R1:3513"
"IRN","BA:675","EMP_TEMP_SEX_AGE_NB","SEX_F","AGE_10YRBANDS_Y25-34","2010",1113.625,,,,"R1:3513"
"IRN","BA:675","EMP_TEMP_SEX_AGE_NB","SEX_F","AGE_10YRBANDS_Y35-44","2010",951.806,,,,"R1:3513"
"IRN","BA:675","EMP_TEMP_SEX_AGE_NB","SEX_F","AGE_10YRBANDS_Y45-54","2010",532.034,,,,"R1:3513"
"IRN","BA:675","EMP_TEMP_SEX_AGE_NB","SEX_F","AGE_10YRBANDS_Y55-64","2010",208.193,,,,"R1:3513"
"IRN","BA:675","EMP_TEMP_SEX_AGE_NB","SEX_F","AGE_10YRBANDS_YGE65","2010",58.743,,,,"R1:3513"
"IRN","BA:675","EMP_TEMP_SEX_AGE_NB","SEX_T","AGE_5YRBANDS_YGE15","2010",20244.609,,,,"R1:3513"
"IRN","BA:675","EMP_TEMP_SEX_AGE_NB","SEX_T","AGE_5YRBANDS_Y15-19","2010",911.39,,,,"R1:3513"
"IRN","BA:675","EMP_TEMP_SEX_AGE_NB","SEX_T","AGE_5YRBANDS_Y20-24","2010",2314.848,,,,"R1:3513"
"IRN","BA:675","EMP_TEMP_SEX_AGE_NB","SEX_T","AGE_5YRBANDS_Y25-29","2010",3155.395,,,,"R1:3513"
"IRN","BA:675","EMP_TEMP_SEX_AGE_NB","SEX_T","AGE_5YRBANDS_Y30-34","2010",2907.113,,,,"R1:3513"
"IRN","BA:675","EMP_TEMP_SEX_AGE_NB","SEX_T","AGE_5YRBANDS_Y35-39","2010",2787.069,,,,"R1:3513"
"IRN","BA:675","EMP_TEMP_SEX_AGE_NB","SEX_T","AGE_5YRBANDS_Y40-44","2010",2515.71,,,,"R1:3513"
"IRN","BA:675","EMP_TEMP_SEX_AGE_NB","SEX_T","AGE_5YRBANDS_Y45-49","2010",2132.208,,,,"R1:3513"
"IRN","BA:675","EMP_TEMP_SEX_AGE_NB","SEX_T","AGE_5YRBANDS_Y50-54","2010",1503.311,,,,"R1:3513"
"IRN","BA:675","EMP_TEMP_SEX_AGE_NB","SEX_T","AGE_5YRBANDS_Y55-59","2010",943.231,,,,"R1:3513"
"IRN","BA:675","EMP_TEMP_SEX_AGE_NB","SEX_T","AGE_5YRBANDS_Y60-64","2010",540.941,,,,"R1:3513"
"IRN","BA:675","EMP_TEMP_SEX_AGE_NB","SEX_T","AGE_5YRBANDS_YGE65","2010",533.394,,,,"R1:3513"
"IRN","BA:675","EMP_TEMP_SEX_AGE_NB","SEX_M","AGE_5YRBANDS_YGE15","2010",16840.907,,,,"R1:3513"
"IRN","BA:675","EMP_TEMP_SEX_AGE_NB","SEX_M","AGE_5YRBANDS_Y15-19","2010",749.164,,,,"R1:3513"
"IRN","BA:675","EMP_TEMP_SEX_AGE_NB","SEX_M","AGE_5YRBANDS_Y20-24","2010",1937.773,,,,"R1:3513"
"IRN","BA:675","EMP_TEMP_SEX_AGE_NB","SEX_M","AGE_5YRBANDS_Y25-29","2010",2611.962,,,,"R1:3513"
"IRN","BA:675","EMP_TEMP_SEX_AGE_NB","SEX_M","AGE_5YRBANDS_Y30-34","2010",2336.92,,,,"R1:3513"
"IRN","BA:675","EMP_TEMP_SEX_AGE_NB","SEX_M","AGE_5YRBANDS_Y35-39","2010",2299.758,,,,"R1:3513"
"IRN","BA:675","EMP_TEMP_SEX_AGE_NB","SEX_M","AGE_5YRBANDS_Y40-44","2010",2051.215,,,,"R1:3513"
"IRN","BA:675","EMP_TEMP_SEX_AGE_NB","SEX_M","AGE_5YRBANDS_Y45-49","2010",1811.575,,,,"R1:3513"
"IRN","BA:675","EMP_TEMP_SEX_AGE_NB","SEX_M","AGE_5YRBANDS_Y50-54","2010",1291.909,,,,"R1:3513"
"IRN","BA:675","EMP_TEMP_SEX_AGE_NB","SEX_M","AGE_5YRBANDS_Y55-59","2010",807.993,,,,"R1:3513"
"IRN","BA:675","EMP_TEMP_SEX_AGE_NB","SEX_M","AGE_5YRBANDS_Y60-64","2010",467.986,,,,"R1:3513"
"IRN","BA:675","EMP_TEMP_SEX_AGE_NB","SEX_M","AGE_5YRBANDS_YGE65","2010",474.651,,,,"R1:3513"
"IRN","BA:675","EMP_TEMP_SEX_AGE_NB","SEX_F","AGE_5YRBANDS_YGE15","2010",3403.702,,,,"R1:3513"
"IRN","BA:675","EMP_TEMP_SEX_AGE_NB","SEX_F","AGE_5YRBANDS_Y15-19","2010",162.226,,,,"R1:3513"
"IRN","BA:675","EMP_TEMP_SEX_AGE_NB","SEX_F","AGE_5YRBANDS_Y20-24","2010",377.075,,,,"R1:3513"
"IRN","BA:675","EMP_TEMP_SEX_AGE_NB","SEX_F","AGE_5YRBANDS_Y25-29","2010",543.432,,,,"R1:3513"
"IRN","BA:675","EMP_TEMP_SEX_AGE_NB","SEX_F","AGE_5YRBANDS_Y30-34","2010",570.193,,,,"R1:3513"
"IRN","BA:675","EMP_TEMP_SEX_AGE_NB","SEX_F","AGE_5YRBANDS_Y35-39","2010",487.312,,,,"R1:3513"
"IRN","BA:675","EMP_TEMP_SEX_AGE_NB","SEX_F","AGE_5YRBANDS_Y40-44","2010",464.495,,,,"R1:3513"
"IRN","BA:675","EMP_TEMP_SEX_AGE_NB","SEX_F","AGE_5YRBANDS_Y45-49","2010",320.632,,,,"R1:3513"
"IRN","BA:675","EMP_TEMP_SEX_AGE_NB","SEX_F","AGE_5YRBANDS_Y50-54","2010",211.402,,,,"R1:3513"
"IRN","BA:675","EMP_TEMP_SEX_AGE_NB","SEX_F","AGE_5YRBANDS_Y55-59","2010",135.238,,,,"R1:3513"
"IRN","BA:675","EMP_TEMP_SEX_AGE_NB","SEX_F","AGE_5YRBANDS_Y60-64","2010",72.955,,,,"R1:3513"
"IRN","BA:675","EMP_TEMP_SEX_AGE_NB","SEX_F","AGE_5YRBANDS_YGE65","2010",58.743,,,,"R1:3513"
"IRN","BA:675","EMP_TEMP_SEX_AGE_NB","SEX_T","AGE_YTHADULT_YGE15","2009",20546.863,,,,"R1:3513"
"IRN","BA:675","EMP_TEMP_SEX_AGE_NB","SEX_T","AGE_YTHADULT_Y15-64","2009",19921.15,,,,"R1:3513"
"IRN","BA:675","EMP_TEMP_SEX_AGE_NB","SEX_T","AGE_YTHADULT_Y15-24","2009",3552.417,,,,"R1:3513"
"IRN","BA:675","EMP_TEMP_SEX_AGE_NB","SEX_T","AGE_YTHADULT_YGE25","2009",16994.445,,,,"R1:3513"
"IRN","BA:675","EMP_TEMP_SEX_AGE_NB","SEX_M","AGE_YTHADULT_YGE15","2009",16941.99,,,,"R1:3513"
"IRN","BA:675","EMP_TEMP_SEX_AGE_NB","SEX_M","AGE_YTHADULT_Y15-64","2009",16405.446,,,,"R1:3513"
"IRN","BA:675","EMP_TEMP_SEX_AGE_NB","SEX_M","AGE_YTHADULT_Y15-24","2009",2890.295,,,,"R1:3513"
"IRN","BA:675","EMP_TEMP_SEX_AGE_NB","SEX_M","AGE_YTHADULT_YGE25","2009",14051.695,,,,"R1:3513"
"IRN","BA:675","EMP_TEMP_SEX_AGE_NB","SEX_F","AGE_YTHADULT_YGE15","2009",3604.872,,,,"R1:3513"
"IRN","BA:675","EMP_TEMP_SEX_AGE_NB","SEX_F","AGE_YTHADULT_Y15-64","2009",3515.704,,,,"R1:3513"
"IRN","BA:675","EMP_TEMP_SEX_AGE_NB","SEX_F","AGE_YTHADULT_Y15-24","2009",662.122,,,,"R1:3513"
"IRN","BA:675","EMP_TEMP_SEX_AGE_NB","SEX_F","AGE_YTHADULT_YGE25","2009",2942.75,,,,"R1:3513"
"IRN","BA:675","EMP_TEMP_SEX_AGE_NB","SEX_T","AGE_AGGREGATE_YGE15","2009",20546.863,,,,"R1:3513"
"IRN","BA:675","EMP_TEMP_SEX_AGE_NB","SEX_T","AGE_AGGREGATE_Y15-24","2009",3552.417,,,,"R1:3513"
"IRN","BA:675","EMP_TEMP_SEX_AGE_NB","SEX_T","AGE_AGGREGATE_Y25-54","2009",14908.959,,,,"R1:3513"
"IRN","BA:675","EMP_TEMP_SEX_AGE_NB","SEX_T","AGE_AGGREGATE_Y55-64","2009",1459.774,,,,"R1:3513"
"IRN","BA:675","EMP_TEMP_SEX_AGE_NB","SEX_T","AGE_AGGREGATE_YGE65","2009",625.713,,,,"R1:3513"
"IRN","BA:675","EMP_TEMP_SEX_AGE_NB","SEX_M","AGE_AGGREGATE_YGE15","2009",16941.99,,,,"R1:3513"
"IRN","BA:675","EMP_TEMP_SEX_AGE_NB","SEX_M","AGE_AGGREGATE_Y15-24","2009",2890.295,,,,"R1:3513"
"IRN","BA:675","EMP_TEMP_SEX_AGE_NB","SEX_M","AGE_AGGREGATE_Y25-54","2009",12262.028,,,,"R1:3513"
"IRN","BA:675","EMP_TEMP_SEX_AGE_NB","SEX_M","AGE_AGGREGATE_Y55-64","2009",1253.123,,,,"R1:3513"
"IRN","BA:675","EMP_TEMP_SEX_AGE_NB","SEX_M","AGE_AGGREGATE_YGE65","2009",536.544,,,,"R1:3513"
"IRN","BA:675","EMP_TEMP_SEX_AGE_NB","SEX_F","AGE_AGGREGATE_YGE15","2009",3604.872,,,,"R1:3513"
"IRN","BA:675","EMP_TEMP_SEX_AGE_NB","SEX_F","AGE_AGGREGATE_Y15-24","2009",662.122,,,,"R1:3513"
"IRN","BA:675","EMP_TEMP_SEX_AGE_NB","SEX_F","AGE_AGGREGATE_Y25-54","2009",2646.931,,,,"R1:3513"
"IRN","BA:675","EMP_TEMP_SEX_AGE_NB","SEX_F","AGE_AGGREGATE_Y55-64","2009",206.651,,,,"R1:3513"
"IRN","BA:675","EMP_TEMP_SEX_AGE_NB","SEX_F","AGE_AGGREGATE_YGE65","2009",89.168,,,,"R1:3513"
"IRN","BA:675","EMP_TEMP_SEX_AGE_NB","SEX_T","AGE_10YRBANDS_YGE15","2009",20546.863,,,,"R1:3513"
"IRN","BA:675","EMP_TEMP_SEX_AGE_NB","SEX_T","AGE_10YRBANDS_Y15-24","2009",3552.417,,,,"R1:3513"
"IRN","BA:675","EMP_TEMP_SEX_AGE_NB","SEX_T","AGE_10YRBANDS_Y25-34","2009",6158.713,,,,"R1:3513"
"IRN","BA:675","EMP_TEMP_SEX_AGE_NB","SEX_T","AGE_10YRBANDS_Y35-44","2009",5249.629,,,,"R1:3513"
"IRN","BA:675","EMP_TEMP_SEX_AGE_NB","SEX_T","AGE_10YRBANDS_Y45-54","2009",3500.617,,,,"R1:3513"
"IRN","BA:675","EMP_TEMP_SEX_AGE_NB","SEX_T","AGE_10YRBANDS_Y55-64","2009",1459.774,,,,"R1:3513"
"IRN","BA:675","EMP_TEMP_SEX_AGE_NB","SEX_T","AGE_10YRBANDS_YGE65","2009",625.713,,,,"R1:3513"
"IRN","BA:675","EMP_TEMP_SEX_AGE_NB","SEX_M","AGE_10YRBANDS_YGE15","2009",16941.99,,,,"R1:3513"
"IRN","BA:675","EMP_TEMP_SEX_AGE_NB","SEX_M","AGE_10YRBANDS_Y15-24","2009",2890.295,,,,"R1:3513"
"IRN","BA:675","EMP_TEMP_SEX_AGE_NB","SEX_M","AGE_10YRBANDS_Y25-34","2009",4967.921,,,,"R1:3513"
"IRN","BA:675","EMP_TEMP_SEX_AGE_NB","SEX_M","AGE_10YRBANDS_Y35-44","2009",4310.368,,,,"R1:3513"
"IRN","BA:675","EMP_TEMP_SEX_AGE_NB","SEX_M","AGE_10YRBANDS_Y45-54","2009",2983.738,,,,"R1:3513"
"IRN","BA:675","EMP_TEMP_SEX_AGE_NB","SEX_M","AGE_10YRBANDS_Y55-64","2009",1253.123,,,,"R1:3513"
"IRN","BA:675","EMP_TEMP_SEX_AGE_NB","SEX_M","AGE_10YRBANDS_YGE65","2009",536.544,,,,"R1:3513"
"IRN","BA:675","EMP_TEMP_SEX_AGE_NB","SEX_F","AGE_10YRBANDS_YGE15","2009",3604.872,,,,"R1:3513"
"IRN","BA:675","EMP_TEMP_SEX_AGE_NB","SEX_F","AGE_10YRBANDS_Y15-24","2009",662.122,,,,"R1:3513"
"IRN","BA:675","EMP_TEMP_SEX_AGE_NB","SEX_F","AGE_10YRBANDS_Y25-34","2009",1190.792,,,,"R1:3513"
"IRN","BA:675","EMP_TEMP_SEX_AGE_NB","SEX_F","AGE_10YRBANDS_Y35-44","2009",939.26,,,,"R1:3513"
"IRN","BA:675","EMP_TEMP_SEX_AGE_NB","SEX_F","AGE_10YRBANDS_Y45-54","2009",516.879,,,,"R1:3513"
"IRN","BA:675","EMP_TEMP_SEX_AGE_NB","SEX_F","AGE_10YRBANDS_Y55-64","2009",206.651,,,,"R1:3513"
"IRN","BA:675","EMP_TEMP_SEX_AGE_NB","SEX_F","AGE_10YRBANDS_YGE65","2009",89.168,,,,"R1:3513"
"IRN","BA:675","EMP_TEMP_SEX_AGE_NB","SEX_T","AGE_5YRBANDS_YGE15","2009",20546.863,,,,"R1:3513"
"IRN","BA:675","EMP_TEMP_SEX_AGE_NB","SEX_T","AGE_5YRBANDS_Y15-19","2009",1065.664,,,,"R1:3513"
"IRN","BA:675","EMP_TEMP_SEX_AGE_NB","SEX_T","AGE_5YRBANDS_Y20-24","2009",2486.753,,,,"R1:3513"
"IRN","BA:675","EMP_TEMP_SEX_AGE_NB","SEX_T","AGE_5YRBANDS_Y25-29","2009",3205.874,,,,"R1:3513"
"IRN","BA:675","EMP_TEMP_SEX_AGE_NB","SEX_T","AGE_5YRBANDS_Y30-34","2009",2952.839,,,,"R1:3513"
"IRN","BA:675","EMP_TEMP_SEX_AGE_NB","SEX_T","AGE_5YRBANDS_Y35-39","2009",2799.93,,,,"R1:3513"
"IRN","BA:675","EMP_TEMP_SEX_AGE_NB","SEX_T","AGE_5YRBANDS_Y40-44","2009",2449.699,,,,"R1:3513"
"IRN","BA:675","EMP_TEMP_SEX_AGE_NB","SEX_T","AGE_5YRBANDS_Y45-49","2009",2097.646,,,,"R1:3513"
"IRN","BA:675","EMP_TEMP_SEX_AGE_NB","SEX_T","AGE_5YRBANDS_Y50-54","2009",1402.972,,,,"R1:3513"
"IRN","BA:675","EMP_TEMP_SEX_AGE_NB","SEX_T","AGE_5YRBANDS_Y55-59","2009",907.707,,,,"R1:3513"
"IRN","BA:675","EMP_TEMP_SEX_AGE_NB","SEX_T","AGE_5YRBANDS_Y60-64","2009",552.067,,,,"R1:3513"
"IRN","BA:675","EMP_TEMP_SEX_AGE_NB","SEX_T","AGE_5YRBANDS_YGE65","2009",625.713,,,,"R1:3513"
"IRN","BA:675","EMP_TEMP_SEX_AGE_NB","SEX_M","AGE_5YRBANDS_YGE15","2009",16941.99,,,,"R1:3513"
"IRN","BA:675","EMP_TEMP_SEX_AGE_NB","SEX_M","AGE_5YRBANDS_Y15-19","2009",847.072,,,,"R1:3513"
"IRN","BA:675","EMP_TEMP_SEX_AGE_NB","SEX_M","AGE_5YRBANDS_Y20-24","2009",2043.223,,,,"R1:3513"
"IRN","BA:675","EMP_TEMP_SEX_AGE_NB","SEX_M","AGE_5YRBANDS_Y25-29","2009",2607.074,,,,"R1:3513"
"IRN","BA:675","EMP_TEMP_SEX_AGE_NB","SEX_M","AGE_5YRBANDS_Y30-34","2009",2360.848,,,,"R1:3513"
"IRN","BA:675","EMP_TEMP_SEX_AGE_NB","SEX_M","AGE_5YRBANDS_Y35-39","2009",2266.385,,,,"R1:3513"
"IRN","BA:675","EMP_TEMP_SEX_AGE_NB","SEX_M","AGE_5YRBANDS_Y40-44","2009",2043.984,,,,"R1:3513"
"IRN","BA:675","EMP_TEMP_SEX_AGE_NB","SEX_M","AGE_5YRBANDS_Y45-49","2009",1789.181,,,,"R1:3513"
"IRN","BA:675","EMP_TEMP_SEX_AGE_NB","SEX_M","AGE_5YRBANDS_Y50-54","2009",1194.558,,,,"R1:3513"
"IRN","BA:675","EMP_TEMP_SEX_AGE_NB","SEX_M","AGE_5YRBANDS_Y55-59","2009",777.439,,,,"R1:3513"
"IRN","BA:675","EMP_TEMP_SEX_AGE_NB","SEX_M","AGE_5YRBANDS_Y60-64","2009",475.684,,,,"R1:3513"
"IRN","BA:675","EMP_TEMP_SEX_AGE_NB","SEX_M","AGE_5YRBANDS_YGE65","2009",536.544,,,,"R1:3513"
"IRN","BA:675","EMP_TEMP_SEX_AGE_NB","SEX_F","AGE_5YRBANDS_YGE15","2009",3604.872,,,,"R1:3513"
"IRN","BA:675","EMP_TEMP_SEX_AGE_NB","SEX_F","AGE_5YRBANDS_Y15-19","2009",218.592,,,,"R1:3513"
"IRN","BA:675","EMP_TEMP_SEX_AGE_NB","SEX_F","AGE_5YRBANDS_Y20-24","2009",443.53,,,,"R1:3513"
"IRN","BA:675","EMP_TEMP_SEX_AGE_NB","SEX_F","AGE_5YRBANDS_Y25-29","2009",598.8,,,,"R1:3513"
"IRN","BA:675","EMP_TEMP_SEX_AGE_NB","SEX_F","AGE_5YRBANDS_Y30-34","2009",591.992,,,,"R1:3513"
"IRN","BA:675","EMP_TEMP_SEX_AGE_NB","SEX_F","AGE_5YRBANDS_Y35-39","2009",533.545,,,,"R1:3513"
"IRN","BA:675","EMP_TEMP_SEX_AGE_NB","SEX_F","AGE_5YRBANDS_Y40-44","2009",405.715,,,,"R1:3513"
"IRN","BA:675","EMP_TEMP_SEX_AGE_NB","SEX_F","AGE_5YRBANDS_Y45-49","2009",308.465,,,,"R1:3513"
"IRN","BA:675","EMP_TEMP_SEX_AGE_NB","SEX_F","AGE_5YRBANDS_Y50-54","2009",208.414,,,,"R1:3513"
"IRN","BA:675","EMP_TEMP_SEX_AGE_NB","SEX_F","AGE_5YRBANDS_Y55-59","2009",130.268,,,,"R1:3513"
"IRN","BA:675","EMP_TEMP_SEX_AGE_NB","SEX_F","AGE_5YRBANDS_Y60-64","2009",76.383,,,,"R1:3513"
"IRN","BA:675","EMP_TEMP_SEX_AGE_NB","SEX_F","AGE_5YRBANDS_YGE65","2009",89.168,,,,"R1:3513"
"IRN","BA:675","EMP_TEMP_SEX_AGE_NB","SEX_T","AGE_YTHADULT_YGE15","2008",20032.433,,,,"R1:3513"
"IRN","BA:675","EMP_TEMP_SEX_AGE_NB","SEX_T","AGE_YTHADULT_Y15-64","2008",19430.974,,,,"R1:3513"
"IRN","BA:675","EMP_TEMP_SEX_AGE_NB","SEX_T","AGE_YTHADULT_Y15-24","2008",3689.245,,,,"R1:3513"
"IRN","BA:675","EMP_TEMP_SEX_AGE_NB","SEX_T","AGE_YTHADULT_YGE25","2008",16343.188,,,,"R1:3513"
"IRN","BA:675","EMP_TEMP_SEX_AGE_NB","SEX_M","AGE_YTHADULT_YGE15","2008",16713.891,,,,"R1:3513"
"IRN","BA:675","EMP_TEMP_SEX_AGE_NB","SEX_M","AGE_YTHADULT_Y15-64","2008",16166.248,,,,"R1:3513"
"IRN","BA:675","EMP_TEMP_SEX_AGE_NB","SEX_M","AGE_YTHADULT_Y15-24","2008",3047.468,,,,"R1:3513"
"IRN","BA:675","EMP_TEMP_SEX_AGE_NB","SEX_M","AGE_YTHADULT_YGE25","2008",13666.423,,,,"R1:3513"
"IRN","BA:675","EMP_TEMP_SEX_AGE_NB","SEX_F","AGE_YTHADULT_YGE15","2008",3318.543,,,,"R1:3513"
"IRN","BA:675","EMP_TEMP_SEX_AGE_NB","SEX_F","AGE_YTHADULT_Y15-64","2008",3264.726,,,,"R1:3513"
"IRN","BA:675","EMP_TEMP_SEX_AGE_NB","SEX_F","AGE_YTHADULT_Y15-24","2008",641.777,,,,"R1:3513"
"IRN","BA:675","EMP_TEMP_SEX_AGE_NB","SEX_F","AGE_YTHADULT_YGE25","2008",2676.766,,,,"R1:3513"
"IRN","BA:675","EMP_TEMP_SEX_AGE_NB","SEX_T","AGE_AGGREGATE_YGE15","2008",20032.433,,,,"R1:3513"
"IRN","BA:675","EMP_TEMP_SEX_AGE_NB","SEX_T","AGE_AGGREGATE_Y15-24","2008",3689.245,,,,"R1:3513"
"IRN","BA:675","EMP_TEMP_SEX_AGE_NB","SEX_T","AGE_AGGREGATE_Y25-54","2008",14369.264,,,,"R1:3513"
"IRN","BA:675","EMP_TEMP_SEX_AGE_NB","SEX_T","AGE_AGGREGATE_Y55-64","2008",1372.465,,,,"R1:3513"
"IRN","BA:675","EMP_TEMP_SEX_AGE_NB","SEX_T","AGE_AGGREGATE_YGE65","2008",601.46,,,,"R1:3513"
"IRN","BA:675","EMP_TEMP_SEX_AGE_NB","SEX_M","AGE_AGGREGATE_YGE15","2008",16713.891,,,,"R1:3513"
"IRN","BA:675","EMP_TEMP_SEX_AGE_NB","SEX_M","AGE_AGGREGATE_Y15-24","2008",3047.468,,,,"R1:3513"
"IRN","BA:675","EMP_TEMP_SEX_AGE_NB","SEX_M","AGE_AGGREGATE_Y25-54","2008",11925.745,,,,"R1:3513"
"IRN","BA:675","EMP_TEMP_SEX_AGE_NB","SEX_M","AGE_AGGREGATE_Y55-64","2008",1193.035,,,,"R1:3513"
"IRN","BA:675","EMP_TEMP_SEX_AGE_NB","SEX_M","AGE_AGGREGATE_YGE65","2008",547.642,,,,"R1:3513"
"IRN","BA:675","EMP_TEMP_SEX_AGE_NB","SEX_F","AGE_AGGREGATE_YGE15","2008",3318.543,,,,"R1:3513"
"IRN","BA:675","EMP_TEMP_SEX_AGE_NB","SEX_F","AGE_AGGREGATE_Y15-24","2008",641.777,,,,"R1:3513"
"IRN","BA:675","EMP_TEMP_SEX_AGE_NB","SEX_F","AGE_AGGREGATE_Y25-54","2008",2443.519,,,,"R1:3513"
"IRN","BA:675","EMP_TEMP_SEX_AGE_NB","SEX_F","AGE_AGGREGATE_Y55-64","2008",179.43,,,,"R1:3513"
"IRN","BA:675","EMP_TEMP_SEX_AGE_NB","SEX_F","AGE_AGGREGATE_YGE65","2008",53.817,,,,"R1:3513"
"IRN","BA:675","EMP_TEMP_SEX_AGE_NB","SEX_T","AGE_10YRBANDS_YGE15","2008",20032.433,,,,"R1:3513"
"IRN","BA:675","EMP_TEMP_SEX_AGE_NB","SEX_T","AGE_10YRBANDS_Y15-24","2008",3689.245,,,,"R1:3513"
"IRN","BA:675","EMP_TEMP_SEX_AGE_NB","SEX_T","AGE_10YRBANDS_Y25-34","2008",5707.199,,,,"R1:3513"
"IRN","BA:675","EMP_TEMP_SEX_AGE_NB","SEX_T","AGE_10YRBANDS_Y35-44","2008",5077.808,,,,"R1:3513"
"IRN","BA:675","EMP_TEMP_SEX_AGE_NB","SEX_T","AGE_10YRBANDS_Y45-54","2008",3584.257,,,,"R1:3513"
"IRN","BA:675","EMP_TEMP_SEX_AGE_NB","SEX_T","AGE_10YRBANDS_Y55-64","2008",1372.465,,,,"R1:3513"
"IRN","BA:675","EMP_TEMP_SEX_AGE_NB","SEX_T","AGE_10YRBANDS_YGE65","2008",601.46,,,,"R1:3513"
"IRN","BA:675","EMP_TEMP_SEX_AGE_NB","SEX_M","AGE_10YRBANDS_YGE15","2008",16713.891,,,,"R1:3513"
"IRN","BA:675","EMP_TEMP_SEX_AGE_NB","SEX_M","AGE_10YRBANDS_Y15-24","2008",3047.468,,,,"R1:3513"
"IRN","BA:675","EMP_TEMP_SEX_AGE_NB","SEX_M","AGE_10YRBANDS_Y25-34","2008",4662.504,,,,"R1:3513"
"IRN","BA:675","EMP_TEMP_SEX_AGE_NB","SEX_M","AGE_10YRBANDS_Y35-44","2008",4194.013,,,,"R1:3513"
"IRN","BA:675","EMP_TEMP_SEX_AGE_NB","SEX_M","AGE_10YRBANDS_Y45-54","2008",3069.229,,,,"R1:3513"
"IRN","BA:675","EMP_TEMP_SEX_AGE_NB","SEX_M","AGE_10YRBANDS_Y55-64","2008",1193.035,,,,"R1:3513"
"IRN","BA:675","EMP_TEMP_SEX_AGE_NB","SEX_M","AGE_10YRBANDS_YGE65","2008",547.642,,,,"R1:3513"
"IRN","BA:675","EMP_TEMP_SEX_AGE_NB","SEX_F","AGE_10YRBANDS_YGE15","2008",3318.543,,,,"R1:3513"
"IRN","BA:675","EMP_TEMP_SEX_AGE_NB","SEX_F","AGE_10YRBANDS_Y15-24","2008",641.777,,,,"R1:3513"
"IRN","BA:675","EMP_TEMP_SEX_AGE_NB","SEX_F","AGE_10YRBANDS_Y25-34","2008",1044.695,,,,"R1:3513"
"IRN","BA:675","EMP_TEMP_SEX_AGE_NB","SEX_F","AGE_10YRBANDS_Y35-44","2008",883.796,,,,"R1:3513"
"IRN","BA:675","EMP_TEMP_SEX_AGE_NB","SEX_F","AGE_10YRBANDS_Y45-54","2008",515.028,,,,"R1:3513"
"IRN","BA:675","EMP_TEMP_SEX_AGE_NB","SEX_F","AGE_10YRBANDS_Y55-64","2008",179.43,,,,"R1:3513"
"IRN","BA:675","EMP_TEMP_SEX_AGE_NB","SEX_F","AGE_10YRBANDS_YGE65","2008",53.817,,,,"R1:3513"
"IRN","BA:675","EMP_TEMP_SEX_AGE_NB","SEX_T","AGE_5YRBANDS_YGE15","2008",20032.433,,,,"R1:3513"
"IRN","BA:675","EMP_TEMP_SEX_AGE_NB","SEX_T","AGE_5YRBANDS_Y15-19","2008",1170.704,,,,"R1:3513"
"IRN","BA:675","EMP_TEMP_SEX_AGE_NB","SEX_T","AGE_5YRBANDS_Y20-24","2008",2518.542,,,,"R1:3513"
"IRN","BA:675","EMP_TEMP_SEX_AGE_NB","SEX_T","AGE_5YRBANDS_Y25-29","2008",3081.714,,,,"R1:3513"
"IRN","BA:675","EMP_TEMP_SEX_AGE_NB","SEX_T","AGE_5YRBANDS_Y30-34","2008",2625.484,,,,"R1:3513"
"IRN","BA:675","EMP_TEMP_SEX_AGE_NB","SEX_T","AGE_5YRBANDS_Y35-39","2008",2671.486,,,,"R1:3513"
"IRN","BA:675","EMP_TEMP_SEX_AGE_NB","SEX_T","AGE_5YRBANDS_Y40-44","2008",2406.322,,,,"R1:3513"
"IRN","BA:675","EMP_TEMP_SEX_AGE_NB","SEX_T","AGE_5YRBANDS_Y45-49","2008",2106.971,,,,"R1:3513"
"IRN","BA:675","EMP_TEMP_SEX_AGE_NB","SEX_T","AGE_5YRBANDS_Y50-54","2008",1477.285,,,,"R1:3513"
"IRN","BA:675","EMP_TEMP_SEX_AGE_NB","SEX_T","AGE_5YRBANDS_Y55-59","2008",870.202,,,,"R1:3513"
"IRN","BA:675","EMP_TEMP_SEX_AGE_NB","SEX_T","AGE_5YRBANDS_Y60-64","2008",502.263,,,,"R1:3513"
"IRN","BA:675","EMP_TEMP_SEX_AGE_NB","SEX_T","AGE_5YRBANDS_YGE65","2008",601.46,,,,"R1:3513"
"IRN","BA:675","EMP_TEMP_SEX_AGE_NB","SEX_M","AGE_5YRBANDS_YGE15","2008",16713.891,,,,"R1:3513"
"IRN","BA:675","EMP_TEMP_SEX_AGE_NB","SEX_M","AGE_5YRBANDS_Y15-19","2008",957.641,,,,"R1:3513"
"IRN","BA:675","EMP_TEMP_SEX_AGE_NB","SEX_M","AGE_5YRBANDS_Y20-24","2008",2089.827,,,,"R1:3513"
"IRN","BA:675","EMP_TEMP_SEX_AGE_NB","SEX_M","AGE_5YRBANDS_Y25-29","2008",2528.684,,,,"R1:3513"
"IRN","BA:675","EMP_TEMP_SEX_AGE_NB","SEX_M","AGE_5YRBANDS_Y30-34","2008",2133.82,,,,"R1:3513"
"IRN","BA:675","EMP_TEMP_SEX_AGE_NB","SEX_M","AGE_5YRBANDS_Y35-39","2008",2186.659,,,,"R1:3513"
"IRN","BA:675","EMP_TEMP_SEX_AGE_NB","SEX_M","AGE_5YRBANDS_Y40-44","2008",2007.353,,,,"R1:3513"
"IRN","BA:675","EMP_TEMP_SEX_AGE_NB","SEX_M","AGE_5YRBANDS_Y45-49","2008",1793.855,,,,"R1:3513"
"IRN","BA:675","EMP_TEMP_SEX_AGE_NB","SEX_M","AGE_5YRBANDS_Y50-54","2008",1275.374,,,,"R1:3513"
"IRN","BA:675","EMP_TEMP_SEX_AGE_NB","SEX_M","AGE_5YRBANDS_Y55-59","2008",758.334,,,,"R1:3513"
"IRN","BA:675","EMP_TEMP_SEX_AGE_NB","SEX_M","AGE_5YRBANDS_Y60-64","2008",434.701,,,,"R1:3513"
"IRN","BA:675","EMP_TEMP_SEX_AGE_NB","SEX_M","AGE_5YRBANDS_YGE65","2008",547.642,,,,"R1:3513"
"IRN","BA:675","EMP_TEMP_SEX_AGE_NB","SEX_F","AGE_5YRBANDS_YGE15","2008",3318.543,,,,"R1:3513"
"IRN","BA:675","EMP_TEMP_SEX_AGE_NB","SEX_F","AGE_5YRBANDS_Y15-19","2008",213.063,,,,"R1:3513"
"IRN","BA:675","EMP_TEMP_SEX_AGE_NB","SEX_F","AGE_5YRBANDS_Y20-24","2008",428.715,,,,"R1:3513"
"IRN","BA:675","EMP_TEMP_SEX_AGE_NB","SEX_F","AGE_5YRBANDS_Y25-29","2008",553.03,,,,"R1:3513"
"IRN","BA:675","EMP_TEMP_SEX_AGE_NB","SEX_F","AGE_5YRBANDS_Y30-34","2008",491.665,,,,"R1:3513"
"IRN","BA:675","EMP_TEMP_SEX_AGE_NB","SEX_F","AGE_5YRBANDS_Y35-39","2008",484.827,,,,"R1:3513"
"IRN","BA:675","EMP_TEMP_SEX_AGE_NB","SEX_F","AGE_5YRBANDS_Y40-44","2008",398.969,,,,"R1:3513"
"IRN","BA:675","EMP_TEMP_SEX_AGE_NB","SEX_F","AGE_5YRBANDS_Y45-49","2008",313.117,,,,"R1:3513"
"IRN","BA:675","EMP_TEMP_SEX_AGE_NB","SEX_F","AGE_5YRBANDS_Y50-54","2008",201.911,,,,"R1:3513"
"IRN","BA:675","EMP_TEMP_SEX_AGE_NB","SEX_F","AGE_5YRBANDS_Y55-59","2008",111.868,,,,"R1:3513"
"IRN","BA:675","EMP_TEMP_SEX_AGE_NB","SEX_F","AGE_5YRBANDS_Y60-64","2008",67.562,,,,"R1:3513"
"IRN","BA:675","EMP_TEMP_SEX_AGE_NB","SEX_F","AGE_5YRBANDS_YGE65","2008",53.817,,,,"R1:3513"
"IRN","BA:675","EMP_TEMP_SEX_AGE_NB","SEX_T","AGE_YTHADULT_YGE15","2007",20521.674,"B",,"I11:264","R1:3513"
"IRN","BA:675","EMP_TEMP_SEX_AGE_NB","SEX_T","AGE_YTHADULT_Y15-64","2007",19846.03,"B",,"I11:264","R1:3513"
"IRN","BA:675","EMP_TEMP_SEX_AGE_NB","SEX_T","AGE_YTHADULT_Y15-24","2007",4060.266,"B",,"I11:264","R1:3513"
"IRN","BA:675","EMP_TEMP_SEX_AGE_NB","SEX_T","AGE_YTHADULT_YGE25","2007",16461.408,"B",,"I11:264","R1:3513"
"IRN","BA:675","EMP_TEMP_SEX_AGE_NB","SEX_M","AGE_YTHADULT_YGE15","2007",16763.301,"B",,"I11:264","R1:3513"
"IRN","BA:675","EMP_TEMP_SEX_AGE_NB","SEX_M","AGE_YTHADULT_Y15-64","2007",16152.724,"B",,"I11:264","R1:3513"
"IRN","BA:675","EMP_TEMP_SEX_AGE_NB","SEX_M","AGE_YTHADULT_Y15-24","2007",3250.954,"B",,"I11:264","R1:3513"
"IRN","BA:675","EMP_TEMP_SEX_AGE_NB","SEX_M","AGE_YTHADULT_YGE25","2007",13512.347,"B",,"I11:264","R1:3513"
"IRN","BA:675","EMP_TEMP_SEX_AGE_NB","SEX_F","AGE_YTHADULT_YGE15","2007",3758.373,"B",,"I11:264","R1:3513"
"IRN","BA:675","EMP_TEMP_SEX_AGE_NB","SEX_F","AGE_YTHADULT_Y15-64","2007",3693.306,"B",,"I11:264","R1:3513"
"IRN","BA:675","EMP_TEMP_SEX_AGE_NB","SEX_F","AGE_YTHADULT_Y15-24","2007",809.312,"B",,"I11:264","R1:3513"
"IRN","BA:675","EMP_TEMP_SEX_AGE_NB","SEX_F","AGE_YTHADULT_YGE25","2007",2949.06,"B",,"I11:264","R1:3513"
"IRN","BA:675","EMP_TEMP_SEX_AGE_NB","SEX_T","AGE_AGGREGATE_YGE15","2007",20521.674,"B",,"I11:264","R1:3513"
"IRN","BA:675","EMP_TEMP_SEX_AGE_NB","SEX_T","AGE_AGGREGATE_Y15-24","2007",4060.266,"B",,"I11:264","R1:3513"
"IRN","BA:675","EMP_TEMP_SEX_AGE_NB","SEX_T","AGE_AGGREGATE_Y25-54","2007",14396.677,"B",,"I11:264","R1:3513"
"IRN","BA:675","EMP_TEMP_SEX_AGE_NB","SEX_T","AGE_AGGREGATE_Y55-64","2007",1389.087,"B",,"I11:264","R1:3513"
"IRN","BA:675","EMP_TEMP_SEX_AGE_NB","SEX_T","AGE_AGGREGATE_YGE65","2007",675.644,"B",,"I11:264","R1:3513"
"IRN","BA:675","EMP_TEMP_SEX_AGE_NB","SEX_M","AGE_AGGREGATE_YGE15","2007",16763.301,"B",,"I11:264","R1:3513"
"IRN","BA:675","EMP_TEMP_SEX_AGE_NB","SEX_M","AGE_AGGREGATE_Y15-24","2007",3250.954,"B",,"I11:264","R1:3513"
"IRN","BA:675","EMP_TEMP_SEX_AGE_NB","SEX_M","AGE_AGGREGATE_Y25-54","2007",11723.07,"B",,"I11:264","R1:3513"
"IRN","BA:675","EMP_TEMP_SEX_AGE_NB","SEX_M","AGE_AGGREGATE_Y55-64","2007",1178.7,"B",,"I11:264","R1:3513"
"IRN","BA:675","EMP_TEMP_SEX_AGE_NB","SEX_M","AGE_AGGREGATE_YGE65","2007",610.577,"B",,"I11:264","R1:3513"
"IRN","BA:675","EMP_TEMP_SEX_AGE_NB","SEX_F","AGE_AGGREGATE_YGE15","2007",3758.373,"B",,"I11:264","R1:3513"
"IRN","BA:675","EMP_TEMP_SEX_AGE_NB","SEX_F","AGE_AGGREGATE_Y15-24","2007",809.312,"B",,"I11:264","R1:3513"
"IRN","BA:675","EMP_TEMP_SEX_AGE_NB","SEX_F","AGE_AGGREGATE_Y25-54","2007",2673.607,"B",,"I11:264","R1:3513"
"IRN","BA:675","EMP_TEMP_SEX_AGE_NB","SEX_F","AGE_AGGREGATE_Y55-64","2007",210.386,"B",,"I11:264","R1:3513"
"IRN","BA:675","EMP_TEMP_SEX_AGE_NB","SEX_F","AGE_AGGREGATE_YGE65","2007",65.067,"B",,"I11:264","R1:3513"
"IRN","BA:675","EMP_TEMP_SEX_AGE_NB","SEX_T","AGE_10YRBANDS_YGE15","2007",20521.674,"B",,"I11:264","R1:3513"
"IRN","BA:675","EMP_TEMP_SEX_AGE_NB","SEX_T","AGE_10YRBANDS_Y15-24","2007",4060.266,"B",,"I11:264","R1:3513"
"IRN","BA:675","EMP_TEMP_SEX_AGE_NB","SEX_T","AGE_10YRBANDS_Y25-34","2007",5805.712,"B",,"I11:264","R1:3513"
"IRN","BA:675","EMP_TEMP_SEX_AGE_NB","SEX_T","AGE_10YRBANDS_Y35-44","2007",5030.711,"B",,"I11:264","R1:3513"
"IRN","BA:675","EMP_TEMP_SEX_AGE_NB","SEX_T","AGE_10YRBANDS_Y45-54","2007",3560.254,"B",,"I11:264","R1:3513"
"IRN","BA:675","EMP_TEMP_SEX_AGE_NB","SEX_T","AGE_10YRBANDS_Y55-64","2007",1389.087,"B",,"I11:264","R1:3513"
"IRN","BA:675","EMP_TEMP_SEX_AGE_NB","SEX_T","AGE_10YRBANDS_YGE65","2007",675.644,"B",,"I11:264","R1:3513"
"IRN","BA:675","EMP_TEMP_SEX_AGE_NB","SEX_M","AGE_10YRBANDS_YGE15","2007",16763.301,"B",,"I11:264","R1:3513"
"IRN","BA:675","EMP_TEMP_SEX_AGE_NB","SEX_M","AGE_10YRBANDS_Y15-24","2007",3250.954,"B",,"I11:264","R1:3513"
"IRN","BA:675","EMP_TEMP_SEX_AGE_NB","SEX_M","AGE_10YRBANDS_Y25-34","2007",4649.084,"B",,"I11:264","R1:3513"
"IRN","BA:675","EMP_TEMP_SEX_AGE_NB","SEX_M","AGE_10YRBANDS_Y35-44","2007",4095.956,"B",,"I11:264","R1:3513"
"IRN","BA:675","EMP_TEMP_SEX_AGE_NB","SEX_M","AGE_10YRBANDS_Y45-54","2007",2978.029,"B",,"I11:264","R1:3513"
"IRN","BA:675","EMP_TEMP_SEX_AGE_NB","SEX_M","AGE_10YRBANDS_Y55-64","2007",1178.7,"B",,"I11:264","R1:3513"
"IRN","BA:675","EMP_TEMP_SEX_AGE_NB","SEX_M","AGE_10YRBANDS_YGE65","2007",610.577,"B",,"I11:264","R1:3513"
"IRN","BA:675","EMP_TEMP_SEX_AGE_NB","SEX_F","AGE_10YRBANDS_YGE15","2007",3758.373,"B",,"I11:264","R1:3513"
"IRN","BA:675","EMP_TEMP_SEX_AGE_NB","SEX_F","AGE_10YRBANDS_Y15-24","2007",809.312,"B",,"I11:264","R1:3513"
"IRN","BA:675","EMP_TEMP_SEX_AGE_NB","SEX_F","AGE_10YRBANDS_Y25-34","2007",1156.628,"B",,"I11:264","R1:3513"
"IRN","BA:675","EMP_TEMP_SEX_AGE_NB","SEX_F","AGE_10YRBANDS_Y35-44","2007",934.755,"B",,"I11:264","R1:3513"
"IRN","BA:675","EMP_TEMP_SEX_AGE_NB","SEX_F","AGE_10YRBANDS_Y45-54","2007",582.224,"B",,"I11:264","R1:3513"
"IRN","BA:675","EMP_TEMP_SEX_AGE_NB","SEX_F","AGE_10YRBANDS_Y55-64","2007",210.386,"B",,"I11:264","R1:3513"
"IRN","BA:675","EMP_TEMP_SEX_AGE_NB","SEX_F","AGE_10YRBANDS_YGE65","2007",65.067,"B",,"I11:264","R1:3513"
"IRN","BA:675","EMP_TEMP_SEX_AGE_NB","SEX_T","AGE_5YRBANDS_YGE15","2007",20521.674,"B",,"I11:264","R1:3513"
"IRN","BA:675","EMP_TEMP_SEX_AGE_NB","SEX_T","AGE_5YRBANDS_Y15-19","2007",1348.175,"B",,"I11:264","R1:3513"
"IRN","BA:675","EMP_TEMP_SEX_AGE_NB","SEX_T","AGE_5YRBANDS_Y20-24","2007",2712.091,"B",,"I11:264","R1:3513"
"IRN","BA:675","EMP_TEMP_SEX_AGE_NB","SEX_T","AGE_5YRBANDS_Y25-29","2007",3093.202,"B",,"I11:264","R1:3513"
"IRN","BA:675","EMP_TEMP_SEX_AGE_NB","SEX_T","AGE_5YRBANDS_Y30-34","2007",2712.51,"B",,"I11:264","R1:3513"
"IRN","BA:675","EMP_TEMP_SEX_AGE_NB","SEX_T","AGE_5YRBANDS_Y35-39","2007",2666.929,"B",,"I11:264","R1:3513"
"IRN","BA:675","EMP_TEMP_SEX_AGE_NB","SEX_T","AGE_5YRBANDS_Y40-44","2007",2363.782,"B",,"I11:264","R1:3513"
"IRN","BA:675","EMP_TEMP_SEX_AGE_NB","SEX_T","AGE_5YRBANDS_Y45-49","2007",2090.264,"B",,"I11:264","R1:3513"
"IRN","BA:675","EMP_TEMP_SEX_AGE_NB","SEX_T","AGE_5YRBANDS_Y50-54","2007",1469.99,"B",,"I11:264","R1:3513"
"IRN","BA:675","EMP_TEMP_SEX_AGE_NB","SEX_T","AGE_5YRBANDS_Y55-59","2007",861.193,"B",,"I11:264","R1:3513"
"IRN","BA:675","EMP_TEMP_SEX_AGE_NB","SEX_T","AGE_5YRBANDS_Y60-64","2007",527.894,"B",,"I11:264","R1:3513"
"IRN","BA:675","EMP_TEMP_SEX_AGE_NB","SEX_T","AGE_5YRBANDS_YGE65","2007",675.644,"B",,"I11:264","R1:3513"
"IRN","BA:675","EMP_TEMP_SEX_AGE_NB","SEX_M","AGE_5YRBANDS_YGE15","2007",16763.301,"B",,"I11:264","R1:3513"
"IRN","BA:675","EMP_TEMP_SEX_AGE_NB","SEX_M","AGE_5YRBANDS_Y15-19","2007",1080.256,"B",,"I11:264","R1:3513"
"IRN","BA:675","EMP_TEMP_SEX_AGE_NB","SEX_M","AGE_5YRBANDS_Y20-24","2007",2170.698,"B",,"I11:264","R1:3513"
"IRN","BA:675","EMP_TEMP_SEX_AGE_NB","SEX_M","AGE_5YRBANDS_Y25-29","2007",2494.949,"B",,"I11:264","R1:3513"
"IRN","BA:675","EMP_TEMP_SEX_AGE_NB","SEX_M","AGE_5YRBANDS_Y30-34","2007",2154.135,"B",,"I11:264","R1:3513"
"IRN","BA:675","EMP_TEMP_SEX_AGE_NB","SEX_M","AGE_5YRBANDS_Y35-39","2007",2157.75,"B",,"I11:264","R1:3513"
"IRN","BA:675","EMP_TEMP_SEX_AGE_NB","SEX_M","AGE_5YRBANDS_Y40-44","2007",1938.206,"B",,"I11:264","R1:3513"
"IRN","BA:675","EMP_TEMP_SEX_AGE_NB","SEX_M","AGE_5YRBANDS_Y45-49","2007",1732.456,"B",,"I11:264","R1:3513"
"IRN","BA:675","EMP_TEMP_SEX_AGE_NB","SEX_M","AGE_5YRBANDS_Y50-54","2007",1245.574,"B",,"I11:264","R1:3513"
"IRN","BA:675","EMP_TEMP_SEX_AGE_NB","SEX_M","AGE_5YRBANDS_Y55-59","2007",730.239,"B",,"I11:264","R1:3513"
"IRN","BA:675","EMP_TEMP_SEX_AGE_NB","SEX_M","AGE_5YRBANDS_Y60-64","2007",448.461,"B",,"I11:264","R1:3513"
"IRN","BA:675","EMP_TEMP_SEX_AGE_NB","SEX_M","AGE_5YRBANDS_YGE65","2007",610.577,"B",,"I11:264","R1:3513"
"IRN","BA:675","EMP_TEMP_SEX_AGE_NB","SEX_F","AGE_5YRBANDS_YGE15","2007",3758.373,"B",,"I11:264","R1:3513"
"IRN","BA:675","EMP_TEMP_SEX_AGE_NB","SEX_F","AGE_5YRBANDS_Y15-19","2007",267.919,"B",,"I11:264","R1:3513"
"IRN","BA:675","EMP_TEMP_SEX_AGE_NB","SEX_F","AGE_5YRBANDS_Y20-24","2007",541.394,"B",,"I11:264","R1:3513"
"IRN","BA:675","EMP_TEMP_SEX_AGE_NB","SEX_F","AGE_5YRBANDS_Y25-29","2007",598.253,"B",,"I11:264","R1:3513"
"IRN","BA:675","EMP_TEMP_SEX_AGE_NB","SEX_F","AGE_5YRBANDS_Y30-34","2007",558.375,"B",,"I11:264","R1:3513"
"IRN","BA:675","EMP_TEMP_SEX_AGE_NB","SEX_F","AGE_5YRBANDS_Y35-39","2007",509.178,"B",,"I11:264","R1:3513"
"IRN","BA:675","EMP_TEMP_SEX_AGE_NB","SEX_F","AGE_5YRBANDS_Y40-44","2007",425.576,"B",,"I11:264","R1:3513"
"IRN","BA:675","EMP_TEMP_SEX_AGE_NB","SEX_F","AGE_5YRBANDS_Y45-49","2007",357.808,"B",,"I11:264","R1:3513"
"IRN","BA:675","EMP_TEMP_SEX_AGE_NB","SEX_F","AGE_5YRBANDS_Y50-54","2007",224.416,"B",,"I11:264","R1:3513"
"IRN","BA:675","EMP_TEMP_SEX_AGE_NB","SEX_F","AGE_5YRBANDS_Y55-59","2007",130.954,"B",,"I11:264","R1:3513"
"IRN","BA:675","EMP_TEMP_SEX_AGE_NB","SEX_F","AGE_5YRBANDS_Y60-64","2007",79.432,"B",,"I11:264","R1:3513"
"IRN","BA:675","EMP_TEMP_SEX_AGE_NB","SEX_F","AGE_5YRBANDS_YGE65","2007",65.067,"B",,"I11:264","R1:3513"
"IRN","BA:675","EMP_TEMP_SEX_AGE_NB","SEX_T","AGE_YTHADULT_YGE15","2006",20201.691,,,,"R1:3513"
"IRN","BA:675","EMP_TEMP_SEX_AGE_NB","SEX_T","AGE_YTHADULT_Y15-64","2006",19475.337,,,,"R1:3513"
"IRN","BA:675","EMP_TEMP_SEX_AGE_NB","SEX_T","AGE_YTHADULT_Y15-24","2006",4230.25,,,,"R1:3513"
"IRN","BA:675","EMP_TEMP_SEX_AGE_NB","SEX_T","AGE_YTHADULT_YGE25","2006",15971.441,,,,"R1:3513"
"IRN","BA:675","EMP_TEMP_SEX_AGE_NB","SEX_M","AGE_YTHADULT_YGE15","2006",16341.785,,,,"R1:3513"
"IRN","BA:675","EMP_TEMP_SEX_AGE_NB","SEX_M","AGE_YTHADULT_Y15-64","2006",15688.099,,,,"R1:3513"
"IRN","BA:675","EMP_TEMP_SEX_AGE_NB","SEX_M","AGE_YTHADULT_Y15-24","2006",3359.553,,,,"R1:3513"
"IRN","BA:675","EMP_TEMP_SEX_AGE_NB","SEX_M","AGE_YTHADULT_YGE25","2006",12982.232,,,,"R1:3513"
"IRN","BA:675","EMP_TEMP_SEX_AGE_NB","SEX_F","AGE_YTHADULT_YGE15","2006",3859.906,,,,"R1:3513"
"IRN","BA:675","EMP_TEMP_SEX_AGE_NB","SEX_F","AGE_YTHADULT_Y15-64","2006",3787.239,,,,"R1:3513"
"IRN","BA:675","EMP_TEMP_SEX_AGE_NB","SEX_F","AGE_YTHADULT_Y15-24","2006",870.696,,,,"R1:3513"
"IRN","BA:675","EMP_TEMP_SEX_AGE_NB","SEX_F","AGE_YTHADULT_YGE25","2006",2989.21,,,,"R1:3513"
"IRN","BA:675","EMP_TEMP_SEX_AGE_NB","SEX_T","AGE_AGGREGATE_YGE15","2006",20201.691,,,,"R1:3513"
"IRN","BA:675","EMP_TEMP_SEX_AGE_NB","SEX_T","AGE_AGGREGATE_Y15-24","2006",4230.25,,,,"R1:3513"
"IRN","BA:675","EMP_TEMP_SEX_AGE_NB","SEX_T","AGE_AGGREGATE_Y25-54","2006",13965.235,,,,"R1:3513"
"IRN","BA:675","EMP_TEMP_SEX_AGE_NB","SEX_T","AGE_AGGREGATE_Y55-64","2006",1279.853,,,,"R1:3513"
"IRN","BA:675","EMP_TEMP_SEX_AGE_NB","SEX_T","AGE_AGGREGATE_YGE65","2006",726.354,,,,"R1:3513"
"IRN","BA:675","EMP_TEMP_SEX_AGE_NB","SEX_M","AGE_AGGREGATE_YGE15","2006",16341.785,,,,"R1:3513"
"IRN","BA:675","EMP_TEMP_SEX_AGE_NB","SEX_M","AGE_AGGREGATE_Y15-24","2006",3359.553,,,,"R1:3513"
"IRN","BA:675","EMP_TEMP_SEX_AGE_NB","SEX_M","AGE_AGGREGATE_Y25-54","2006",11248.764,,,,"R1:3513"
"IRN","BA:675","EMP_TEMP_SEX_AGE_NB","SEX_M","AGE_AGGREGATE_Y55-64","2006",1079.781,,,,"R1:3513"
"IRN","BA:675","EMP_TEMP_SEX_AGE_NB","SEX_M","AGE_AGGREGATE_YGE65","2006",653.686,,,,"R1:3513"
"IRN","BA:675","EMP_TEMP_SEX_AGE_NB","SEX_F","AGE_AGGREGATE_YGE15","2006",3859.906,,,,"R1:3513"
"IRN","BA:675","EMP_TEMP_SEX_AGE_NB","SEX_F","AGE_AGGREGATE_Y15-24","2006",870.696,,,,"R1:3513"
"IRN","BA:675","EMP_TEMP_SEX_AGE_NB","SEX_F","AGE_AGGREGATE_Y25-54","2006",2716.471,,,,"R1:3513"
"IRN","BA:675","EMP_TEMP_SEX_AGE_NB","SEX_F","AGE_AGGREGATE_Y55-64","2006",200.072,,,,"R1:3513"
"IRN","BA:675","EMP_TEMP_SEX_AGE_NB","SEX_F","AGE_AGGREGATE_YGE65","2006",72.667,,,,"R1:3513"
"IRN","BA:675","EMP_TEMP_SEX_AGE_NB","SEX_T","AGE_10YRBANDS_YGE15","2006",20201.691,,,,"R1:3513"
"IRN","BA:675","EMP_TEMP_SEX_AGE_NB","SEX_T","AGE_10YRBANDS_Y15-24","2006",4230.25,,,,"R1:3513"
"IRN","BA:675","EMP_TEMP_SEX_AGE_NB","SEX_T","AGE_10YRBANDS_Y25-34","2006",5644.252,,,,"R1:3513"
"IRN","BA:675","EMP_TEMP_SEX_AGE_NB","SEX_T","AGE_10YRBANDS_Y35-44","2006",4943.353,,,,"R1:3513"
"IRN","BA:675","EMP_TEMP_SEX_AGE_NB","SEX_T","AGE_10YRBANDS_Y45-54","2006",3377.63,,,,"R1:3513"
"IRN","BA:675","EMP_TEMP_SEX_AGE_NB","SEX_T","AGE_10YRBANDS_Y55-64","2006",1279.853,,,,"R1:3513"
"IRN","BA:675","EMP_TEMP_SEX_AGE_NB","SEX_T","AGE_10YRBANDS_YGE65","2006",726.354,,,,"R1:3513"
"IRN","BA:675","EMP_TEMP_SEX_AGE_NB","SEX_M","AGE_10YRBANDS_YGE15","2006",16341.785,,,,"R1:3513"
"IRN","BA:675","EMP_TEMP_SEX_AGE_NB","SEX_M","AGE_10YRBANDS_Y15-24","2006",3359.553,,,,"R1:3513"
"IRN","BA:675","EMP_TEMP_SEX_AGE_NB","SEX_M","AGE_10YRBANDS_Y25-34","2006",4468.348,,,,"R1:3513"
"IRN","BA:675","EMP_TEMP_SEX_AGE_NB","SEX_M","AGE_10YRBANDS_Y35-44","2006",3979.395,,,,"R1:3513"
"IRN","BA:675","EMP_TEMP_SEX_AGE_NB","SEX_M","AGE_10YRBANDS_Y45-54","2006",2801.021,,,,"R1:3513"
"IRN","BA:675","EMP_TEMP_SEX_AGE_NB","SEX_M","AGE_10YRBANDS_Y55-64","2006",1079.781,,,,"R1:3513"
"IRN","BA:675","EMP_TEMP_SEX_AGE_NB","SEX_M","AGE_10YRBANDS_YGE65","2006",653.686,,,,"R1:3513"
"IRN","BA:675","EMP_TEMP_SEX_AGE_NB","SEX_F","AGE_10YRBANDS_YGE15","2006",3859.906,,,,"R1:3513"
"IRN","BA:675","EMP_TEMP_SEX_AGE_NB","SEX_F","AGE_10YRBANDS_Y15-24","2006",870.696,,,,"R1:3513"
"IRN","BA:675","EMP_TEMP_SEX_AGE_NB","SEX_F","AGE_10YRBANDS_Y25-34","2006",1175.905,,,,"R1:3513"
"IRN","BA:675","EMP_TEMP_SEX_AGE_NB","SEX_F","AGE_10YRBANDS_Y35-44","2006",963.957,,,,"R1:3513"
"IRN","BA:675","EMP_TEMP_SEX_AGE_NB","SEX_F","AGE_10YRBANDS_Y45-54","2006",576.609,,,,"R1:3513"
"IRN","BA:675","EMP_TEMP_SEX_AGE_NB","SEX_F","AGE_10YRBANDS_Y55-64","2006",200.072,,,,"R1:3513"
"IRN","BA:675","EMP_TEMP_SEX_AGE_NB","SEX_F","AGE_10YRBANDS_YGE65","2006",72.667,,,,"R1:3513"
"IRN","BA:675","EMP_TEMP_SEX_AGE_NB","SEX_T","AGE_5YRBANDS_YGE15","2006",20201.691,,,,"R1:3513"
"IRN","BA:675","EMP_TEMP_SEX_AGE_NB","SEX_T","AGE_5YRBANDS_Y15-19","2006",1489.156,,,,"R1:3513"
"IRN","BA:675","EMP_TEMP_SEX_AGE_NB","SEX_T","AGE_5YRBANDS_Y20-24","2006",2741.094,,,,"R1:3513"
"IRN","BA:675","EMP_TEMP_SEX_AGE_NB","SEX_T","AGE_5YRBANDS_Y25-29","2006",2990.932,,,,"R1:3513"
"IRN","BA:675","EMP_TEMP_SEX_AGE_NB","SEX_T","AGE_5YRBANDS_Y30-34","2006",2653.32,,,,"R1:3513"
"IRN","BA:675","EMP_TEMP_SEX_AGE_NB","SEX_T","AGE_5YRBANDS_Y35-39","2006",2610.48,,,,"R1:3513"
"IRN","BA:675","EMP_TEMP_SEX_AGE_NB","SEX_T","AGE_5YRBANDS_Y40-44","2006",2332.873,,,,"R1:3513"
"IRN","BA:675","EMP_TEMP_SEX_AGE_NB","SEX_T","AGE_5YRBANDS_Y45-49","2006",1999.604,,,,"R1:3513"
"IRN","BA:675","EMP_TEMP_SEX_AGE_NB","SEX_T","AGE_5YRBANDS_Y50-54","2006",1378.026,,,,"R1:3513"
"IRN","BA:675","EMP_TEMP_SEX_AGE_NB","SEX_T","AGE_5YRBANDS_Y55-59","2006",786.738,,,,"R1:3513"
"IRN","BA:675","EMP_TEMP_SEX_AGE_NB","SEX_T","AGE_5YRBANDS_Y60-64","2006",493.115,,,,"R1:3513"
"IRN","BA:675","EMP_TEMP_SEX_AGE_NB","SEX_T","AGE_5YRBANDS_YGE65","2006",726.354,,,,"R1:3513"
"IRN","BA:675","EMP_TEMP_SEX_AGE_NB","SEX_M","AGE_5YRBANDS_YGE15","2006",16341.785,,,,"R1:3513"
"IRN","BA:675","EMP_TEMP_SEX_AGE_NB","SEX_M","AGE_5YRBANDS_Y15-19","2006",1190.463,,,,"R1:3513"
"IRN","BA:675","EMP_TEMP_SEX_AGE_NB","SEX_M","AGE_5YRBANDS_Y20-24","2006",2169.09,,,,"R1:3513"
"IRN","BA:675","EMP_TEMP_SEX_AGE_NB","SEX_M","AGE_5YRBANDS_Y25-29","2006",2375.458,,,,"R1:3513"
"IRN","BA:675","EMP_TEMP_SEX_AGE_NB","SEX_M","AGE_5YRBANDS_Y30-34","2006",2092.89,,,,"R1:3513"
"IRN","BA:675","EMP_TEMP_SEX_AGE_NB","SEX_M","AGE_5YRBANDS_Y35-39","2006",2087.519,,,,"R1:3513"
"IRN","BA:675","EMP_TEMP_SEX_AGE_NB","SEX_M","AGE_5YRBANDS_Y40-44","2006",1891.876,,,,"R1:3513"
"IRN","BA:675","EMP_TEMP_SEX_AGE_NB","SEX_M","AGE_5YRBANDS_Y45-49","2006",1651.144,,,,"R1:3513"
"IRN","BA:675","EMP_TEMP_SEX_AGE_NB","SEX_M","AGE_5YRBANDS_Y50-54","2006",1149.877,,,,"R1:3513"
"IRN","BA:675","EMP_TEMP_SEX_AGE_NB","SEX_M","AGE_5YRBANDS_Y55-59","2006",655.43,,,,"R1:3513"
"IRN","BA:675","EMP_TEMP_SEX_AGE_NB","SEX_M","AGE_5YRBANDS_Y60-64","2006",424.351,,,,"R1:3513"
"IRN","BA:675","EMP_TEMP_SEX_AGE_NB","SEX_M","AGE_5YRBANDS_YGE65","2006",653.686,,,,"R1:3513"
"IRN","BA:675","EMP_TEMP_SEX_AGE_NB","SEX_F","AGE_5YRBANDS_YGE15","2006",3859.906,,,,"R1:3513"
"IRN","BA:675","EMP_TEMP_SEX_AGE_NB","SEX_F","AGE_5YRBANDS_Y15-19","2006",298.693,,,,"R1:3513"
"IRN","BA:675","EMP_TEMP_SEX_AGE_NB","SEX_F","AGE_5YRBANDS_Y20-24","2006",572.003,,,,"R1:3513"
"IRN","BA:675","EMP_TEMP_SEX_AGE_NB","SEX_F","AGE_5YRBANDS_Y25-29","2006",615.474,,,,"R1:3513"
"IRN","BA:675","EMP_TEMP_SEX_AGE_NB","SEX_F","AGE_5YRBANDS_Y30-34","2006",560.43,,,,"R1:3513"
"IRN","BA:675","EMP_TEMP_SEX_AGE_NB","SEX_F","AGE_5YRBANDS_Y35-39","2006",522.96,,,,"R1:3513"
"IRN","BA:675","EMP_TEMP_SEX_AGE_NB","SEX_F","AGE_5YRBANDS_Y40-44","2006",440.997,,,,"R1:3513"
"IRN","BA:675","EMP_TEMP_SEX_AGE_NB","SEX_F","AGE_5YRBANDS_Y45-49","2006",348.46,,,,"R1:3513"
"IRN","BA:675","EMP_TEMP_SEX_AGE_NB","SEX_F","AGE_5YRBANDS_Y50-54","2006",228.149,,,,"R1:3513"
"IRN","BA:675","EMP_TEMP_SEX_AGE_NB","SEX_F","AGE_5YRBANDS_Y55-59","2006",131.308,,,,"R1:3513"
"IRN","BA:675","EMP_TEMP_SEX_AGE_NB","SEX_F","AGE_5YRBANDS_Y60-64","2006",68.764,,,,"R1:3513"
"IRN","BA:675","EMP_TEMP_SEX_AGE_NB","SEX_F","AGE_5YRBANDS_YGE65","2006",72.667,,,,"R1:3513"
"IRN","BA:675","EMP_TEMP_SEX_AGE_NB","SEX_T","AGE_YTHADULT_YGE15","2005",19847.12,,,,"R1:3513"
"IRN","BA:675","EMP_TEMP_SEX_AGE_NB","SEX_T","AGE_YTHADULT_Y15-64","2005",19104.151,,,,"R1:3513"
"IRN","BA:675","EMP_TEMP_SEX_AGE_NB","SEX_T","AGE_YTHADULT_Y15-24","2005",4427.811,,,,"R1:3513"
"IRN","BA:675","EMP_TEMP_SEX_AGE_NB","SEX_T","AGE_YTHADULT_YGE25","2005",15419.309,,,,"R1:3513"
"IRN","BA:675","EMP_TEMP_SEX_AGE_NB","SEX_M","AGE_YTHADULT_YGE15","2005",16028.866,,,,"R1:3513"
"IRN","BA:675","EMP_TEMP_SEX_AGE_NB","SEX_M","AGE_YTHADULT_Y15-64","2005",15358.079,,,,"R1:3513"
"IRN","BA:675","EMP_TEMP_SEX_AGE_NB","SEX_M","AGE_YTHADULT_Y15-24","2005",3501.377,,,,"R1:3513"
"IRN","BA:675","EMP_TEMP_SEX_AGE_NB","SEX_M","AGE_YTHADULT_YGE25","2005",12527.489,,,,"R1:3513"
"IRN","BA:675","EMP_TEMP_SEX_AGE_NB","SEX_F","AGE_YTHADULT_YGE15","2005",3818.254,,,,"R1:3513"
"IRN","BA:675","EMP_TEMP_SEX_AGE_NB","SEX_F","AGE_YTHADULT_Y15-64","2005",3746.072,,,,"R1:3513"
"IRN","BA:675","EMP_TEMP_SEX_AGE_NB","SEX_F","AGE_YTHADULT_Y15-24","2005",926.434,,,,"R1:3513"
"IRN","BA:675","EMP_TEMP_SEX_AGE_NB","SEX_F","AGE_YTHADULT_YGE25","2005",2891.82,,,,"R1:3513"
"IRN","BA:675","EMP_TEMP_SEX_AGE_NB","SEX_T","AGE_AGGREGATE_YGE15","2005",19847.12,,,,"R1:3513"
"IRN","BA:675","EMP_TEMP_SEX_AGE_NB","SEX_T","AGE_AGGREGATE_Y15-24","2005",4427.811,,,,"R1:3513"
"IRN","BA:675","EMP_TEMP_SEX_AGE_NB","SEX_T","AGE_AGGREGATE_Y25-54","2005",13422.461,,,,"R1:3513"
"IRN","BA:675","EMP_TEMP_SEX_AGE_NB","SEX_T","AGE_AGGREGATE_Y55-64","2005",1253.879,,,,"R1:3513"
"IRN","BA:675","EMP_TEMP_SEX_AGE_NB","SEX_T","AGE_AGGREGATE_YGE65","2005",742.969,,,,"R1:3513"
"IRN","BA:675","EMP_TEMP_SEX_AGE_NB","SEX_M","AGE_AGGREGATE_YGE15","2005",16028.866,,,,"R1:3513"
"IRN","BA:675","EMP_TEMP_SEX_AGE_NB","SEX_M","AGE_AGGREGATE_Y15-24","2005",3501.377,,,,"R1:3513"
"IRN","BA:675","EMP_TEMP_SEX_AGE_NB","SEX_M","AGE_AGGREGATE_Y25-54","2005",10787.429,,,,"R1:3513"
"IRN","BA:675","EMP_TEMP_SEX_AGE_NB","SEX_M","AGE_AGGREGATE_Y55-64","2005",1069.273,,,,"R1:3513"
"IRN","BA:675","EMP_TEMP_SEX_AGE_NB","SEX_M","AGE_AGGREGATE_YGE65","2005",670.787,,,,"R1:3513"
"IRN","BA:675","EMP_TEMP_SEX_AGE_NB","SEX_F","AGE_AGGREGATE_YGE15","2005",3818.254,,,,"R1:3513"
"IRN","BA:675","EMP_TEMP_SEX_AGE_NB","SEX_F","AGE_AGGREGATE_Y15-24","2005",926.434,,,,"R1:3513"
"IRN","BA:675","EMP_TEMP_SEX_AGE_NB","SEX_F","AGE_AGGREGATE_Y25-54","2005",2635.032,,,,"R1:3513"
"IRN","BA:675","EMP_TEMP_SEX_AGE_NB","SEX_F","AGE_AGGREGATE_Y55-64","2005",184.606,,,,"R1:3513"
"IRN","BA:675","EMP_TEMP_SEX_AGE_NB","SEX_F","AGE_AGGREGATE_YGE65","2005",72.181,,,,"R1:3513"
"IRN","BA:675","EMP_TEMP_SEX_AGE_NB","SEX_T","AGE_10YRBANDS_YGE15","2005",19847.12,,,,"R1:3513"
"IRN","BA:675","EMP_TEMP_SEX_AGE_NB","SEX_T","AGE_10YRBANDS_Y15-24","2005",4427.811,,,,"R1:3513"
"IRN","BA:675","EMP_TEMP_SEX_AGE_NB","SEX_T","AGE_10YRBANDS_Y25-34","2005",5536.556,,,,"R1:3513"
"IRN","BA:675","EMP_TEMP_SEX_AGE_NB","SEX_T","AGE_10YRBANDS_Y35-44","2005",4742.584,,,,"R1:3513"
"IRN","BA:675","EMP_TEMP_SEX_AGE_NB","SEX_T","AGE_10YRBANDS_Y45-54","2005",3143.32,,,,"R1:3513"
"IRN","BA:675","EMP_TEMP_SEX_AGE_NB","SEX_T","AGE_10YRBANDS_Y55-64","2005",1253.879,,,,"R1:3513"
"IRN","BA:675","EMP_TEMP_SEX_AGE_NB","SEX_T","AGE_10YRBANDS_YGE65","2005",742.969,,,,"R1:3513"
"IRN","BA:675","EMP_TEMP_SEX_AGE_NB","SEX_M","AGE_10YRBANDS_YGE15","2005",16028.866,,,,"R1:3513"
"IRN","BA:675","EMP_TEMP_SEX_AGE_NB","SEX_M","AGE_10YRBANDS_Y15-24","2005",3501.377,,,,"R1:3513"
"IRN","BA:675","EMP_TEMP_SEX_AGE_NB","SEX_M","AGE_10YRBANDS_Y25-34","2005",4381.517,,,,"R1:3513"
"IRN","BA:675","EMP_TEMP_SEX_AGE_NB","SEX_M","AGE_10YRBANDS_Y35-44","2005",3818.845,,,,"R1:3513"
"IRN","BA:675","EMP_TEMP_SEX_AGE_NB","SEX_M","AGE_10YRBANDS_Y45-54","2005",2587.066,,,,"R1:3513"
"IRN","BA:675","EMP_TEMP_SEX_AGE_NB","SEX_M","AGE_10YRBANDS_Y55-64","2005",1069.273,,,,"R1:3513"
"IRN","BA:675","EMP_TEMP_SEX_AGE_NB","SEX_M","AGE_10YRBANDS_YGE65","2005",670.787,,,,"R1:3513"
"IRN","BA:675","EMP_TEMP_SEX_AGE_NB","SEX_F","AGE_10YRBANDS_YGE15","2005",3818.254,,,,"R1:3513"
"IRN","BA:675","EMP_TEMP_SEX_AGE_NB","SEX_F","AGE_10YRBANDS_Y15-24","2005",926.434,,,,"R1:3513"
"IRN","BA:675","EMP_TEMP_SEX_AGE_NB","SEX_F","AGE_10YRBANDS_Y25-34","2005",1155.039,,,,"R1:3513"
"IRN","BA:675","EMP_TEMP_SEX_AGE_NB","SEX_F","AGE_10YRBANDS_Y35-44","2005",923.739,,,,"R1:3513"
"IRN","BA:675","EMP_TEMP_SEX_AGE_NB","SEX_F","AGE_10YRBANDS_Y45-54","2005",556.254,,,,"R1:3513"
"IRN","BA:675","EMP_TEMP_SEX_AGE_NB","SEX_F","AGE_10YRBANDS_Y55-64","2005",184.606,,,,"R1:3513"
"IRN","BA:675","EMP_TEMP_SEX_AGE_NB","SEX_F","AGE_10YRBANDS_YGE65","2005",72.181,,,,"R1:3513"
"IRN","BA:675","EMP_TEMP_SEX_AGE_NB","SEX_T","AGE_5YRBANDS_YGE15","2005",19847.12,,,,"R1:3513"
"IRN","BA:675","EMP_TEMP_SEX_AGE_NB","SEX_T","AGE_5YRBANDS_Y15-19","2005",1657.934,,,,"R1:3513"
"IRN","BA:675","EMP_TEMP_SEX_AGE_NB","SEX_T","AGE_5YRBANDS_Y20-24","2005",2769.877,,,,"R1:3513"
"IRN","BA:675","EMP_TEMP_SEX_AGE_NB","SEX_T","AGE_5YRBANDS_Y25-29","2005",2882.26,,,,"R1:3513"
"IRN","BA:675","EMP_TEMP_SEX_AGE_NB","SEX_T","AGE_5YRBANDS_Y30-34","2005",2654.296,,,,"R1:3513"
"IRN","BA:675","EMP_TEMP_SEX_AGE_NB","SEX_T","AGE_5YRBANDS_Y35-39","2005",2479.423,,,,"R1:3513"
"IRN","BA:675","EMP_TEMP_SEX_AGE_NB","SEX_T","AGE_5YRBANDS_Y40-44","2005",2263.162,,,,"R1:3513"
"IRN","BA:675","EMP_TEMP_SEX_AGE_NB","SEX_T","AGE_5YRBANDS_Y45-49","2005",1861.896,,,,"R1:3513"
"IRN","BA:675","EMP_TEMP_SEX_AGE_NB","SEX_T","AGE_5YRBANDS_Y50-54","2005",1281.425,,,,"R1:3513"
"IRN","BA:675","EMP_TEMP_SEX_AGE_NB","SEX_T","AGE_5YRBANDS_Y55-59","2005",743.872,,,,"R1:3513"
"IRN","BA:675","EMP_TEMP_SEX_AGE_NB","SEX_T","AGE_5YRBANDS_Y60-64","2005",510.008,,,,"R1:3513"
"IRN","BA:675","EMP_TEMP_SEX_AGE_NB","SEX_T","AGE_5YRBANDS_YGE65","2005",742.969,,,,"R1:3513"
"IRN","BA:675","EMP_TEMP_SEX_AGE_NB","SEX_M","AGE_5YRBANDS_YGE15","2005",16028.866,,,,"R1:3513"
"IRN","BA:675","EMP_TEMP_SEX_AGE_NB","SEX_M","AGE_5YRBANDS_Y15-19","2005",1301.867,,,,"R1:3513"
"IRN","BA:675","EMP_TEMP_SEX_AGE_NB","SEX_M","AGE_5YRBANDS_Y20-24","2005",2199.51,,,,"R1:3513"
"IRN","BA:675","EMP_TEMP_SEX_AGE_NB","SEX_M","AGE_5YRBANDS_Y25-29","2005",2284.508,,,,"R1:3513"
"IRN","BA:675","EMP_TEMP_SEX_AGE_NB","SEX_M","AGE_5YRBANDS_Y30-34","2005",2097.009,,,,"R1:3513"
"IRN","BA:675","EMP_TEMP_SEX_AGE_NB","SEX_M","AGE_5YRBANDS_Y35-39","2005",1970.408,,,,"R1:3513"
"IRN","BA:675","EMP_TEMP_SEX_AGE_NB","SEX_M","AGE_5YRBANDS_Y40-44","2005",1848.437,,,,"R1:3513"
"IRN","BA:675","EMP_TEMP_SEX_AGE_NB","SEX_M","AGE_5YRBANDS_Y45-49","2005",1530.164,,,,"R1:3513"
"IRN","BA:675","EMP_TEMP_SEX_AGE_NB","SEX_M","AGE_5YRBANDS_Y50-54","2005",1056.903,,,,"R1:3513"
"IRN","BA:675","EMP_TEMP_SEX_AGE_NB","SEX_M","AGE_5YRBANDS_Y55-59","2005",627.246,,,,"R1:3513"
"IRN","BA:675","EMP_TEMP_SEX_AGE_NB","SEX_M","AGE_5YRBANDS_Y60-64","2005",442.027,,,,"R1:3513"
"IRN","BA:675","EMP_TEMP_SEX_AGE_NB","SEX_M","AGE_5YRBANDS_YGE65","2005",670.787,,,,"R1:3513"
"IRN","BA:675","EMP_TEMP_SEX_AGE_NB","SEX_F","AGE_5YRBANDS_YGE15","2005",3818.254,,,,"R1:3513"
"IRN","BA:675","EMP_TEMP_SEX_AGE_NB","SEX_F","AGE_5YRBANDS_Y15-19","2005",356.067,,,,"R1:3513"
"IRN","BA:675","EMP_TEMP_SEX_AGE_NB","SEX_F","AGE_5YRBANDS_Y20-24","2005",570.367,,,,"R1:3513"
"IRN","BA:675","EMP_TEMP_SEX_AGE_NB","SEX_F","AGE_5YRBANDS_Y25-29","2005",597.752,,,,"R1:3513"
"IRN","BA:675","EMP_TEMP_SEX_AGE_NB","SEX_F","AGE_5YRBANDS_Y30-34","2005",557.287,,,,"R1:3513"
"IRN","BA:675","EMP_TEMP_SEX_AGE_NB","SEX_F","AGE_5YRBANDS_Y35-39","2005",509.015,,,,"R1:3513"
"IRN","BA:675","EMP_TEMP_SEX_AGE_NB","SEX_F","AGE_5YRBANDS_Y40-44","2005",414.725,,,,"R1:3513"
"IRN","BA:675","EMP_TEMP_SEX_AGE_NB","SEX_F","AGE_5YRBANDS_Y45-49","2005",331.732,,,,"R1:3513"
"IRN","BA:675","EMP_TEMP_SEX_AGE_NB","SEX_F","AGE_5YRBANDS_Y50-54","2005",224.522,,,,"R1:3513"
"IRN","BA:675","EMP_TEMP_SEX_AGE_NB","SEX_F","AGE_5YRBANDS_Y55-59","2005",116.625,,,,"R1:3513"
"IRN","BA:675","EMP_TEMP_SEX_AGE_NB","SEX_F","AGE_5YRBANDS_Y60-64","2005",67.981,,,,"R1:3513"
"IRN","BA:675","EMP_TEMP_SEX_AGE_NB","SEX_F","AGE_5YRBANDS_YGE65","2005",72.181,,,,"R1:3513"
"IRN","AA:1267","EMP_TEMP_SEX_AGE_NB","SEX_T","AGE_YTHADULT_YGE15","1996",14571.572,,,,"T2:239"
"IRN","AA:1267","EMP_TEMP_SEX_AGE_NB","SEX_M","AGE_YTHADULT_YGE15","1996",12806.17,,,,"T2:239"
"IRN","AA:1267","EMP_TEMP_SEX_AGE_NB","SEX_F","AGE_YTHADULT_YGE15","1996",1765.402,,,,"T2:239"
"IRN","AA:1267","EMP_TEMP_SEX_AGE_NB","SEX_T","AGE_YTHADULT_YGE15","1991",13096.61,,"C6:2289",,"S9:3478"
"IRN","AA:1267","EMP_TEMP_SEX_AGE_NB","SEX_M","AGE_YTHADULT_YGE15","1991",11865.39,,"C6:2289",,"S9:3478"
"IRN","AA:1267","EMP_TEMP_SEX_AGE_NB","SEX_F","AGE_YTHADULT_YGE15","1991",1231.223,,"C6:2289",,"S9:3478"
