"ref_area","source","indicator","sex","classif1","time","obs_value","obs_status","note_classif","note_indicator","note_source"
"IRN","BA:675","EMP_DWAP_SEX_AGE_RT","SEX_T","AGE_YTHADULT_YGE15","2024",37.601,,,,"R1:3513"
"IRN","BA:675","EMP_DWAP_SEX_AGE_RT","SEX_T","AGE_YTHADULT_Y15-64","2024",40.813,,,,"R1:3513"
"IRN","BA:675","EMP_DWAP_SEX_AGE_RT","SEX_T","AGE_YTHADULT_Y15-24","2024",18.495,,,,"R1:3513"
"IRN","BA:675","EMP_DWAP_SEX_AGE_RT","SEX_T","AGE_YTHADULT_YGE25","2024",41.602,,,,"R1:3513"
"IRN","BA:675","EMP_DWAP_SEX_AGE_RT","SEX_M","AGE_YTHADULT_YGE15","2024",63.193,,,,"R1:3513"
"IRN","BA:675","EMP_DWAP_SEX_AGE_RT","SEX_M","AGE_YTHADULT_Y15-64","2024",68.021,,,,"R1:3513"
"IRN","BA:675","EMP_DWAP_SEX_AGE_RT","SEX_M","AGE_YTHADULT_Y15-24","2024",29.47,,,,"R1:3513"
"IRN","BA:675","EMP_DWAP_SEX_AGE_RT","SEX_M","AGE_YTHADULT_YGE25","2024",70.659,,,,"R1:3513"
"IRN","BA:675","EMP_DWAP_SEX_AGE_RT","SEX_F","AGE_YTHADULT_YGE15","2024",12.093,,,,"R1:3513"
"IRN","BA:675","EMP_DWAP_SEX_AGE_RT","SEX_F","AGE_YTHADULT_Y15-64","2024",13.338,,,,"R1:3513"
"IRN","BA:675","EMP_DWAP_SEX_AGE_RT","SEX_F","AGE_YTHADULT_Y15-24","2024",6.482,,,,"R1:3513"
"IRN","BA:675","EMP_DWAP_SEX_AGE_RT","SEX_F","AGE_YTHADULT_YGE25","2024",13.203,,,,"R1:3513"
"IRN","BA:675","EMP_DWAP_SEX_AGE_RT","SEX_T","AGE_AGGREGATE_YGE15","2024",37.601,,,,"R1:3513"
"IRN","BA:675","EMP_DWAP_SEX_AGE_RT","SEX_T","AGE_AGGREGATE_Y15-24","2024",18.495,,,,"R1:3513"
"IRN","BA:675","EMP_DWAP_SEX_AGE_RT","SEX_T","AGE_AGGREGATE_Y25-54","2024",50.2,,,,"R1:3513"
"IRN","BA:675","EMP_DWAP_SEX_AGE_RT","SEX_T","AGE_AGGREGATE_Y55-64","2024",26.894,,,,"R1:3513"
"IRN","BA:675","EMP_DWAP_SEX_AGE_RT","SEX_T","AGE_AGGREGATE_YGE65","2024",8.119,,,,"R1:3513"
"IRN","BA:675","EMP_DWAP_SEX_AGE_RT","SEX_M","AGE_AGGREGATE_YGE15","2024",63.193,,,,"R1:3513"
"IRN","BA:675","EMP_DWAP_SEX_AGE_RT","SEX_M","AGE_AGGREGATE_Y15-24","2024",29.47,,,,"R1:3513"
"IRN","BA:675","EMP_DWAP_SEX_AGE_RT","SEX_M","AGE_AGGREGATE_Y25-54","2024",84.607,,,,"R1:3513"
"IRN","BA:675","EMP_DWAP_SEX_AGE_RT","SEX_M","AGE_AGGREGATE_Y55-64","2024",46.499,,,,"R1:3513"
"IRN","BA:675","EMP_DWAP_SEX_AGE_RT","SEX_M","AGE_AGGREGATE_YGE65","2024",15.736,,,,"R1:3513"
"IRN","BA:675","EMP_DWAP_SEX_AGE_RT","SEX_F","AGE_AGGREGATE_YGE15","2024",12.093,,,,"R1:3513"
"IRN","BA:675","EMP_DWAP_SEX_AGE_RT","SEX_F","AGE_AGGREGATE_Y15-24","2024",6.482,,,,"R1:3513"
"IRN","BA:675","EMP_DWAP_SEX_AGE_RT","SEX_F","AGE_AGGREGATE_Y25-54","2024",16.732,,,,"R1:3513"
"IRN","BA:675","EMP_DWAP_SEX_AGE_RT","SEX_F","AGE_AGGREGATE_Y55-64","2024",5.725,,,,"R1:3513"
"IRN","BA:675","EMP_DWAP_SEX_AGE_RT","SEX_F","AGE_AGGREGATE_YGE65","2024",1.384,,,,"R1:3513"
"IRN","BA:675","EMP_DWAP_SEX_AGE_RT","SEX_T","AGE_10YRBANDS_YGE15","2024",37.601,,,,"R1:3513"
"IRN","BA:675","EMP_DWAP_SEX_AGE_RT","SEX_T","AGE_10YRBANDS_Y15-24","2024",18.495,,,,"R1:3513"
"IRN","BA:675","EMP_DWAP_SEX_AGE_RT","SEX_T","AGE_10YRBANDS_Y25-34","2024",48.159,,,,"R1:3513"
"IRN","BA:675","EMP_DWAP_SEX_AGE_RT","SEX_T","AGE_10YRBANDS_Y35-44","2024",52.88,,,,"R1:3513"
"IRN","BA:675","EMP_DWAP_SEX_AGE_RT","SEX_T","AGE_10YRBANDS_Y45-54","2024",48.566,,,,"R1:3513"
"IRN","BA:675","EMP_DWAP_SEX_AGE_RT","SEX_T","AGE_10YRBANDS_Y55-64","2024",26.894,,,,"R1:3513"
"IRN","BA:675","EMP_DWAP_SEX_AGE_RT","SEX_T","AGE_10YRBANDS_YGE65","2024",8.119,,,,"R1:3513"
"IRN","BA:675","EMP_DWAP_SEX_AGE_RT","SEX_M","AGE_10YRBANDS_YGE15","2024",63.193,,,,"R1:3513"
"IRN","BA:675","EMP_DWAP_SEX_AGE_RT","SEX_M","AGE_10YRBANDS_Y15-24","2024",29.47,,,,"R1:3513"
"IRN","BA:675","EMP_DWAP_SEX_AGE_RT","SEX_M","AGE_10YRBANDS_Y25-34","2024",79.835,,,,"R1:3513"
"IRN","BA:675","EMP_DWAP_SEX_AGE_RT","SEX_M","AGE_10YRBANDS_Y35-44","2024",89.696,,,,"R1:3513"
"IRN","BA:675","EMP_DWAP_SEX_AGE_RT","SEX_M","AGE_10YRBANDS_Y45-54","2024",82.414,,,,"R1:3513"
"IRN","BA:675","EMP_DWAP_SEX_AGE_RT","SEX_M","AGE_10YRBANDS_Y55-64","2024",46.499,,,,"R1:3513"
"IRN","BA:675","EMP_DWAP_SEX_AGE_RT","SEX_M","AGE_10YRBANDS_YGE65","2024",15.736,,,,"R1:3513"
"IRN","BA:675","EMP_DWAP_SEX_AGE_RT","SEX_F","AGE_10YRBANDS_YGE15","2024",12.093,,,,"R1:3513"
"IRN","BA:675","EMP_DWAP_SEX_AGE_RT","SEX_F","AGE_10YRBANDS_Y15-24","2024",6.482,,,,"R1:3513"
"IRN","BA:675","EMP_DWAP_SEX_AGE_RT","SEX_F","AGE_10YRBANDS_Y25-34","2024",18.088,,,,"R1:3513"
"IRN","BA:675","EMP_DWAP_SEX_AGE_RT","SEX_F","AGE_10YRBANDS_Y35-44","2024",17.67,,,,"R1:3513"
"IRN","BA:675","EMP_DWAP_SEX_AGE_RT","SEX_F","AGE_10YRBANDS_Y45-54","2024",14.099,,,,"R1:3513"
"IRN","BA:675","EMP_DWAP_SEX_AGE_RT","SEX_F","AGE_10YRBANDS_Y55-64","2024",5.725,,,,"R1:3513"
"IRN","BA:675","EMP_DWAP_SEX_AGE_RT","SEX_F","AGE_10YRBANDS_YGE65","2024",1.384,,,,"R1:3513"
"IRN","BA:675","EMP_DWAP_SEX_AGE_RT","SEX_T","AGE_5YRBANDS_YGE15","2024",37.601,,,,"R1:3513"
"IRN","BA:675","EMP_DWAP_SEX_AGE_RT","SEX_T","AGE_5YRBANDS_Y15-19","2024",9.414,,,,"R1:3513"
"IRN","BA:675","EMP_DWAP_SEX_AGE_RT","SEX_T","AGE_5YRBANDS_Y20-24","2024",30.528,,,,"R1:3513"
"IRN","BA:675","EMP_DWAP_SEX_AGE_RT","SEX_T","AGE_5YRBANDS_Y25-29","2024",46.262,,,,"R1:3513"
"IRN","BA:675","EMP_DWAP_SEX_AGE_RT","SEX_T","AGE_5YRBANDS_Y30-34","2024",49.57,,,,"R1:3513"
"IRN","BA:675","EMP_DWAP_SEX_AGE_RT","SEX_T","AGE_5YRBANDS_Y35-39","2024",51.727,,,,"R1:3513"
"IRN","BA:675","EMP_DWAP_SEX_AGE_RT","SEX_T","AGE_5YRBANDS_Y40-44","2024",54.059,,,,"R1:3513"
"IRN","BA:675","EMP_DWAP_SEX_AGE_RT","SEX_T","AGE_5YRBANDS_Y45-49","2024",52.009,,,,"R1:3513"
"IRN","BA:675","EMP_DWAP_SEX_AGE_RT","SEX_T","AGE_5YRBANDS_Y50-54","2024",44.612,,,,"R1:3513"
"IRN","BA:675","EMP_DWAP_SEX_AGE_RT","SEX_T","AGE_5YRBANDS_Y55-59","2024",32.254,,,,"R1:3513"
"IRN","BA:675","EMP_DWAP_SEX_AGE_RT","SEX_T","AGE_5YRBANDS_Y60-64","2024",20.753,,,,"R1:3513"
"IRN","BA:675","EMP_DWAP_SEX_AGE_RT","SEX_T","AGE_5YRBANDS_YGE65","2024",8.119,,,,"R1:3513"
"IRN","BA:675","EMP_DWAP_SEX_AGE_RT","SEX_M","AGE_5YRBANDS_YGE15","2024",63.193,,,,"R1:3513"
"IRN","BA:675","EMP_DWAP_SEX_AGE_RT","SEX_M","AGE_5YRBANDS_Y15-19","2024",15.288,,,,"R1:3513"
"IRN","BA:675","EMP_DWAP_SEX_AGE_RT","SEX_M","AGE_5YRBANDS_Y20-24","2024",48.974,,,,"R1:3513"
"IRN","BA:675","EMP_DWAP_SEX_AGE_RT","SEX_M","AGE_5YRBANDS_Y25-29","2024",73.947,,,,"R1:3513"
"IRN","BA:675","EMP_DWAP_SEX_AGE_RT","SEX_M","AGE_5YRBANDS_Y30-34","2024",84.424,,,,"R1:3513"
"IRN","BA:675","EMP_DWAP_SEX_AGE_RT","SEX_M","AGE_5YRBANDS_Y35-39","2024",89.452,,,,"R1:3513"
"IRN","BA:675","EMP_DWAP_SEX_AGE_RT","SEX_M","AGE_5YRBANDS_Y40-44","2024",89.936,,,,"R1:3513"
"IRN","BA:675","EMP_DWAP_SEX_AGE_RT","SEX_M","AGE_5YRBANDS_Y45-49","2024",87.377,,,,"R1:3513"
"IRN","BA:675","EMP_DWAP_SEX_AGE_RT","SEX_M","AGE_5YRBANDS_Y50-54","2024",76.748,,,,"R1:3513"
"IRN","BA:675","EMP_DWAP_SEX_AGE_RT","SEX_M","AGE_5YRBANDS_Y55-59","2024",56.64,,,,"R1:3513"
"IRN","BA:675","EMP_DWAP_SEX_AGE_RT","SEX_M","AGE_5YRBANDS_Y60-64","2024",35.503,,,,"R1:3513"
"IRN","BA:675","EMP_DWAP_SEX_AGE_RT","SEX_M","AGE_5YRBANDS_YGE65","2024",15.736,,,,"R1:3513"
"IRN","BA:675","EMP_DWAP_SEX_AGE_RT","SEX_F","AGE_5YRBANDS_YGE15","2024",12.093,,,,"R1:3513"
"IRN","BA:675","EMP_DWAP_SEX_AGE_RT","SEX_F","AGE_5YRBANDS_Y15-19","2024",2.767,,,,"R1:3513"
"IRN","BA:675","EMP_DWAP_SEX_AGE_RT","SEX_F","AGE_5YRBANDS_Y20-24","2024",11.21,,,,"R1:3513"
"IRN","BA:675","EMP_DWAP_SEX_AGE_RT","SEX_F","AGE_5YRBANDS_Y25-29","2024",18.573,,,,"R1:3513"
"IRN","BA:675","EMP_DWAP_SEX_AGE_RT","SEX_F","AGE_5YRBANDS_Y30-34","2024",17.743,,,,"R1:3513"
"IRN","BA:675","EMP_DWAP_SEX_AGE_RT","SEX_F","AGE_5YRBANDS_Y35-39","2024",16.876,,,,"R1:3513"
"IRN","BA:675","EMP_DWAP_SEX_AGE_RT","SEX_F","AGE_5YRBANDS_Y40-44","2024",18.509,,,,"R1:3513"
"IRN","BA:675","EMP_DWAP_SEX_AGE_RT","SEX_F","AGE_5YRBANDS_Y45-49","2024",16.197,,,,"R1:3513"
"IRN","BA:675","EMP_DWAP_SEX_AGE_RT","SEX_F","AGE_5YRBANDS_Y50-54","2024",11.675,,,,"R1:3513"
"IRN","BA:675","EMP_DWAP_SEX_AGE_RT","SEX_F","AGE_5YRBANDS_Y55-59","2024",7.288,,,,"R1:3513"
"IRN","BA:675","EMP_DWAP_SEX_AGE_RT","SEX_F","AGE_5YRBANDS_Y60-64","2024",3.825,,,,"R1:3513"
"IRN","BA:675","EMP_DWAP_SEX_AGE_RT","SEX_F","AGE_5YRBANDS_YGE65","2024",1.384,,,,"R1:3513"
"IRN","BA:675","EMP_DWAP_SEX_AGE_RT","SEX_T","AGE_YTHADULT_YGE15","2023",37.608,,,,"R1:3513"
"IRN","BA:675","EMP_DWAP_SEX_AGE_RT","SEX_T","AGE_YTHADULT_Y15-64","2023",40.71,,,,"R1:3513"
"IRN","BA:675","EMP_DWAP_SEX_AGE_RT","SEX_T","AGE_YTHADULT_Y15-24","2023",18.24,,,,"R1:3513"
"IRN","BA:675","EMP_DWAP_SEX_AGE_RT","SEX_T","AGE_YTHADULT_YGE25","2023",41.594,,,,"R1:3513"
"IRN","BA:675","EMP_DWAP_SEX_AGE_RT","SEX_M","AGE_YTHADULT_YGE15","2023",63.207,,,,"R1:3513"
"IRN","BA:675","EMP_DWAP_SEX_AGE_RT","SEX_M","AGE_YTHADULT_Y15-64","2023",67.895,,,,"R1:3513"
"IRN","BA:675","EMP_DWAP_SEX_AGE_RT","SEX_M","AGE_YTHADULT_Y15-24","2023",29.133,,,,"R1:3513"
"IRN","BA:675","EMP_DWAP_SEX_AGE_RT","SEX_M","AGE_YTHADULT_YGE25","2023",70.603,,,,"R1:3513"
"IRN","BA:675","EMP_DWAP_SEX_AGE_RT","SEX_F","AGE_YTHADULT_YGE15","2023",12.077,,,,"R1:3513"
"IRN","BA:675","EMP_DWAP_SEX_AGE_RT","SEX_F","AGE_YTHADULT_Y15-64","2023",13.269,,,,"R1:3513"
"IRN","BA:675","EMP_DWAP_SEX_AGE_RT","SEX_F","AGE_YTHADULT_Y15-24","2023",6.356,,,,"R1:3513"
"IRN","BA:675","EMP_DWAP_SEX_AGE_RT","SEX_F","AGE_YTHADULT_YGE25","2023",13.191,,,,"R1:3513"
"IRN","BA:675","EMP_DWAP_SEX_AGE_RT","SEX_T","AGE_AGGREGATE_YGE15","2023",37.608,,,,"R1:3513"
"IRN","BA:675","EMP_DWAP_SEX_AGE_RT","SEX_T","AGE_AGGREGATE_Y15-24","2023",18.24,,,,"R1:3513"
"IRN","BA:675","EMP_DWAP_SEX_AGE_RT","SEX_T","AGE_AGGREGATE_Y25-54","2023",49.8,,,,"R1:3513"
"IRN","BA:675","EMP_DWAP_SEX_AGE_RT","SEX_T","AGE_AGGREGATE_Y55-64","2023",26.918,,,,"R1:3513"
"IRN","BA:675","EMP_DWAP_SEX_AGE_RT","SEX_T","AGE_AGGREGATE_YGE65","2023",8.119,,,,"R1:3513"
"IRN","BA:675","EMP_DWAP_SEX_AGE_RT","SEX_M","AGE_AGGREGATE_YGE15","2023",63.207,,,,"R1:3513"
"IRN","BA:675","EMP_DWAP_SEX_AGE_RT","SEX_M","AGE_AGGREGATE_Y15-24","2023",29.133,,,,"R1:3513"
"IRN","BA:675","EMP_DWAP_SEX_AGE_RT","SEX_M","AGE_AGGREGATE_Y25-54","2023",83.938,,,,"R1:3513"
"IRN","BA:675","EMP_DWAP_SEX_AGE_RT","SEX_M","AGE_AGGREGATE_Y55-64","2023",46.456,,,,"R1:3513"
"IRN","BA:675","EMP_DWAP_SEX_AGE_RT","SEX_M","AGE_AGGREGATE_YGE65","2023",15.652,,,,"R1:3513"
"IRN","BA:675","EMP_DWAP_SEX_AGE_RT","SEX_F","AGE_AGGREGATE_YGE15","2023",12.077,,,,"R1:3513"
"IRN","BA:675","EMP_DWAP_SEX_AGE_RT","SEX_F","AGE_AGGREGATE_Y15-24","2023",6.356,,,,"R1:3513"
"IRN","BA:675","EMP_DWAP_SEX_AGE_RT","SEX_F","AGE_AGGREGATE_Y25-54","2023",16.526,,,,"R1:3513"
"IRN","BA:675","EMP_DWAP_SEX_AGE_RT","SEX_F","AGE_AGGREGATE_Y55-64","2023",5.865,,,,"R1:3513"
"IRN","BA:675","EMP_DWAP_SEX_AGE_RT","SEX_F","AGE_AGGREGATE_YGE65","2023",1.417,,,,"R1:3513"
"IRN","BA:675","EMP_DWAP_SEX_AGE_RT","SEX_T","AGE_10YRBANDS_YGE15","2023",37.608,,,,"R1:3513"
"IRN","BA:675","EMP_DWAP_SEX_AGE_RT","SEX_T","AGE_10YRBANDS_Y15-24","2023",18.24,,,,"R1:3513"
"IRN","BA:675","EMP_DWAP_SEX_AGE_RT","SEX_T","AGE_10YRBANDS_Y25-34","2023",47.468,,,,"R1:3513"
"IRN","BA:675","EMP_DWAP_SEX_AGE_RT","SEX_T","AGE_10YRBANDS_Y35-44","2023",53.109,,,,"R1:3513"
"IRN","BA:675","EMP_DWAP_SEX_AGE_RT","SEX_T","AGE_10YRBANDS_Y45-54","2023",47.757,,,,"R1:3513"
"IRN","BA:675","EMP_DWAP_SEX_AGE_RT","SEX_T","AGE_10YRBANDS_Y55-64","2023",26.918,,,,"R1:3513"
"IRN","BA:675","EMP_DWAP_SEX_AGE_RT","SEX_T","AGE_10YRBANDS_YGE65","2023",8.119,,,,"R1:3513"
"IRN","BA:675","EMP_DWAP_SEX_AGE_RT","SEX_M","AGE_10YRBANDS_YGE15","2023",63.207,,,,"R1:3513"
"IRN","BA:675","EMP_DWAP_SEX_AGE_RT","SEX_M","AGE_10YRBANDS_Y15-24","2023",29.133,,,,"R1:3513"
"IRN","BA:675","EMP_DWAP_SEX_AGE_RT","SEX_M","AGE_10YRBANDS_Y25-34","2023",79.469,,,,"R1:3513"
"IRN","BA:675","EMP_DWAP_SEX_AGE_RT","SEX_M","AGE_10YRBANDS_Y35-44","2023",89.567,,,,"R1:3513"
"IRN","BA:675","EMP_DWAP_SEX_AGE_RT","SEX_M","AGE_10YRBANDS_Y45-54","2023",81.011,,,,"R1:3513"
"IRN","BA:675","EMP_DWAP_SEX_AGE_RT","SEX_M","AGE_10YRBANDS_Y55-64","2023",46.456,,,,"R1:3513"
"IRN","BA:675","EMP_DWAP_SEX_AGE_RT","SEX_M","AGE_10YRBANDS_YGE65","2023",15.652,,,,"R1:3513"
"IRN","BA:675","EMP_DWAP_SEX_AGE_RT","SEX_F","AGE_10YRBANDS_YGE15","2023",12.077,,,,"R1:3513"
"IRN","BA:675","EMP_DWAP_SEX_AGE_RT","SEX_F","AGE_10YRBANDS_Y15-24","2023",6.356,,,,"R1:3513"
"IRN","BA:675","EMP_DWAP_SEX_AGE_RT","SEX_F","AGE_10YRBANDS_Y25-34","2023",17.201,,,,"R1:3513"
"IRN","BA:675","EMP_DWAP_SEX_AGE_RT","SEX_F","AGE_10YRBANDS_Y35-44","2023",17.805,,,,"R1:3513"
"IRN","BA:675","EMP_DWAP_SEX_AGE_RT","SEX_F","AGE_10YRBANDS_Y45-54","2023",13.982,,,,"R1:3513"
"IRN","BA:675","EMP_DWAP_SEX_AGE_RT","SEX_F","AGE_10YRBANDS_Y55-64","2023",5.865,,,,"R1:3513"
"IRN","BA:675","EMP_DWAP_SEX_AGE_RT","SEX_F","AGE_10YRBANDS_YGE65","2023",1.417,,,,"R1:3513"
"IRN","BA:675","EMP_DWAP_SEX_AGE_RT","SEX_T","AGE_5YRBANDS_YGE15","2023",37.608,,,,"R1:3513"
"IRN","BA:675","EMP_DWAP_SEX_AGE_RT","SEX_T","AGE_5YRBANDS_Y15-19","2023",9.06,,,,"R1:3513"
"IRN","BA:675","EMP_DWAP_SEX_AGE_RT","SEX_T","AGE_5YRBANDS_Y20-24","2023",30.176,,,,"R1:3513"
"IRN","BA:675","EMP_DWAP_SEX_AGE_RT","SEX_T","AGE_5YRBANDS_Y25-29","2023",44.924,,,,"R1:3513"
"IRN","BA:675","EMP_DWAP_SEX_AGE_RT","SEX_T","AGE_5YRBANDS_Y30-34","2023",49.365,,,,"R1:3513"
"IRN","BA:675","EMP_DWAP_SEX_AGE_RT","SEX_T","AGE_5YRBANDS_Y35-39","2023",52.894,,,,"R1:3513"
"IRN","BA:675","EMP_DWAP_SEX_AGE_RT","SEX_T","AGE_5YRBANDS_Y40-44","2023",53.338,,,,"R1:3513"
"IRN","BA:675","EMP_DWAP_SEX_AGE_RT","SEX_T","AGE_5YRBANDS_Y45-49","2023",52.169,,,,"R1:3513"
"IRN","BA:675","EMP_DWAP_SEX_AGE_RT","SEX_T","AGE_5YRBANDS_Y50-54","2023",42.853,,,,"R1:3513"
"IRN","BA:675","EMP_DWAP_SEX_AGE_RT","SEX_T","AGE_5YRBANDS_Y55-59","2023",32.806,,,,"R1:3513"
"IRN","BA:675","EMP_DWAP_SEX_AGE_RT","SEX_T","AGE_5YRBANDS_Y60-64","2023",20.149,,,,"R1:3513"
"IRN","BA:675","EMP_DWAP_SEX_AGE_RT","SEX_T","AGE_5YRBANDS_YGE65","2023",8.119,,,,"R1:3513"
"IRN","BA:675","EMP_DWAP_SEX_AGE_RT","SEX_M","AGE_5YRBANDS_YGE15","2023",63.207,,,,"R1:3513"
"IRN","BA:675","EMP_DWAP_SEX_AGE_RT","SEX_M","AGE_5YRBANDS_Y15-19","2023",14.75,,,,"R1:3513"
"IRN","BA:675","EMP_DWAP_SEX_AGE_RT","SEX_M","AGE_5YRBANDS_Y20-24","2023",48.24,,,,"R1:3513"
"IRN","BA:675","EMP_DWAP_SEX_AGE_RT","SEX_M","AGE_5YRBANDS_Y25-29","2023",73.158,,,,"R1:3513"
"IRN","BA:675","EMP_DWAP_SEX_AGE_RT","SEX_M","AGE_5YRBANDS_Y30-34","2023",84.35,,,,"R1:3513"
"IRN","BA:675","EMP_DWAP_SEX_AGE_RT","SEX_M","AGE_5YRBANDS_Y35-39","2023",89.376,,,,"R1:3513"
"IRN","BA:675","EMP_DWAP_SEX_AGE_RT","SEX_M","AGE_5YRBANDS_Y40-44","2023",89.77,,,,"R1:3513"
"IRN","BA:675","EMP_DWAP_SEX_AGE_RT","SEX_M","AGE_5YRBANDS_Y45-49","2023",86.972,,,,"R1:3513"
"IRN","BA:675","EMP_DWAP_SEX_AGE_RT","SEX_M","AGE_5YRBANDS_Y50-54","2023",74.379,,,,"R1:3513"
"IRN","BA:675","EMP_DWAP_SEX_AGE_RT","SEX_M","AGE_5YRBANDS_Y55-59","2023",57.618,,,,"R1:3513"
"IRN","BA:675","EMP_DWAP_SEX_AGE_RT","SEX_M","AGE_5YRBANDS_Y60-64","2023",34.319,,,,"R1:3513"
"IRN","BA:675","EMP_DWAP_SEX_AGE_RT","SEX_M","AGE_5YRBANDS_YGE65","2023",15.652,,,,"R1:3513"
"IRN","BA:675","EMP_DWAP_SEX_AGE_RT","SEX_F","AGE_5YRBANDS_YGE15","2023",12.077,,,,"R1:3513"
"IRN","BA:675","EMP_DWAP_SEX_AGE_RT","SEX_F","AGE_5YRBANDS_Y15-19","2023",2.731,,,,"R1:3513"
"IRN","BA:675","EMP_DWAP_SEX_AGE_RT","SEX_F","AGE_5YRBANDS_Y20-24","2023",10.96,,,,"R1:3513"
"IRN","BA:675","EMP_DWAP_SEX_AGE_RT","SEX_F","AGE_5YRBANDS_Y25-29","2023",17.096,,,,"R1:3513"
"IRN","BA:675","EMP_DWAP_SEX_AGE_RT","SEX_F","AGE_5YRBANDS_Y30-34","2023",17.278,,,,"R1:3513"
"IRN","BA:675","EMP_DWAP_SEX_AGE_RT","SEX_F","AGE_5YRBANDS_Y35-39","2023",17.735,,,,"R1:3513"
"IRN","BA:675","EMP_DWAP_SEX_AGE_RT","SEX_F","AGE_5YRBANDS_Y40-44","2023",17.881,,,,"R1:3513"
"IRN","BA:675","EMP_DWAP_SEX_AGE_RT","SEX_F","AGE_5YRBANDS_Y45-49","2023",16.785,,,,"R1:3513"
"IRN","BA:675","EMP_DWAP_SEX_AGE_RT","SEX_F","AGE_5YRBANDS_Y50-54","2023",10.87,,,,"R1:3513"
"IRN","BA:675","EMP_DWAP_SEX_AGE_RT","SEX_F","AGE_5YRBANDS_Y55-59","2023",7.47,,,,"R1:3513"
"IRN","BA:675","EMP_DWAP_SEX_AGE_RT","SEX_F","AGE_5YRBANDS_Y60-64","2023",3.905,,,,"R1:3513"
"IRN","BA:675","EMP_DWAP_SEX_AGE_RT","SEX_F","AGE_5YRBANDS_YGE65","2023",1.417,,,,"R1:3513"
"IRN","BA:675","EMP_DWAP_SEX_AGE_RT","SEX_T","AGE_YTHADULT_YGE15","2022",36.852,,,,"R1:3513"
"IRN","BA:675","EMP_DWAP_SEX_AGE_RT","SEX_T","AGE_YTHADULT_Y15-64","2022",39.754,,,,"R1:3513"
"IRN","BA:675","EMP_DWAP_SEX_AGE_RT","SEX_T","AGE_YTHADULT_Y15-24","2022",17.519,,,,"R1:3513"
"IRN","BA:675","EMP_DWAP_SEX_AGE_RT","SEX_T","AGE_YTHADULT_YGE25","2022",40.833,,,,"R1:3513"
"IRN","BA:675","EMP_DWAP_SEX_AGE_RT","SEX_M","AGE_YTHADULT_YGE15","2022",62.322,,,,"R1:3513"
"IRN","BA:675","EMP_DWAP_SEX_AGE_RT","SEX_M","AGE_YTHADULT_Y15-64","2022",66.764,,,,"R1:3513"
"IRN","BA:675","EMP_DWAP_SEX_AGE_RT","SEX_M","AGE_YTHADULT_Y15-24","2022",28.676,,,,"R1:3513"
"IRN","BA:675","EMP_DWAP_SEX_AGE_RT","SEX_M","AGE_YTHADULT_YGE25","2022",69.694,,,,"R1:3513"
"IRN","BA:675","EMP_DWAP_SEX_AGE_RT","SEX_F","AGE_YTHADULT_YGE15","2022",11.428,,,,"R1:3513"
"IRN","BA:675","EMP_DWAP_SEX_AGE_RT","SEX_F","AGE_YTHADULT_Y15-64","2022",12.499,,,,"R1:3513"
"IRN","BA:675","EMP_DWAP_SEX_AGE_RT","SEX_F","AGE_YTHADULT_Y15-24","2022",5.148,,,,"R1:3513"
"IRN","BA:675","EMP_DWAP_SEX_AGE_RT","SEX_F","AGE_YTHADULT_YGE25","2022",12.64,,,,"R1:3513"
"IRN","BA:675","EMP_DWAP_SEX_AGE_RT","SEX_T","AGE_AGGREGATE_YGE15","2022",36.852,,,,"R1:3513"
"IRN","BA:675","EMP_DWAP_SEX_AGE_RT","SEX_T","AGE_AGGREGATE_Y15-24","2022",17.519,,,,"R1:3513"
"IRN","BA:675","EMP_DWAP_SEX_AGE_RT","SEX_T","AGE_AGGREGATE_Y25-54","2022",48.625,,,,"R1:3513"
"IRN","BA:675","EMP_DWAP_SEX_AGE_RT","SEX_T","AGE_AGGREGATE_Y55-64","2022",25.982,,,,"R1:3513"
"IRN","BA:675","EMP_DWAP_SEX_AGE_RT","SEX_T","AGE_AGGREGATE_YGE65","2022",8.267,,,,"R1:3513"
"IRN","BA:675","EMP_DWAP_SEX_AGE_RT","SEX_M","AGE_AGGREGATE_YGE15","2022",62.322,,,,"R1:3513"
"IRN","BA:675","EMP_DWAP_SEX_AGE_RT","SEX_M","AGE_AGGREGATE_Y15-24","2022",28.676,,,,"R1:3513"
"IRN","BA:675","EMP_DWAP_SEX_AGE_RT","SEX_M","AGE_AGGREGATE_Y25-54","2022",82.503,,,,"R1:3513"
"IRN","BA:675","EMP_DWAP_SEX_AGE_RT","SEX_M","AGE_AGGREGATE_Y55-64","2022",45.117,,,,"R1:3513"
"IRN","BA:675","EMP_DWAP_SEX_AGE_RT","SEX_M","AGE_AGGREGATE_YGE65","2022",15.845,,,,"R1:3513"
"IRN","BA:675","EMP_DWAP_SEX_AGE_RT","SEX_F","AGE_AGGREGATE_YGE15","2022",11.428,,,,"R1:3513"
"IRN","BA:675","EMP_DWAP_SEX_AGE_RT","SEX_F","AGE_AGGREGATE_Y15-24","2022",5.148,,,,"R1:3513"
"IRN","BA:675","EMP_DWAP_SEX_AGE_RT","SEX_F","AGE_AGGREGATE_Y25-54","2022",15.723,,,,"R1:3513"
"IRN","BA:675","EMP_DWAP_SEX_AGE_RT","SEX_F","AGE_AGGREGATE_Y55-64","2022",5.439,,,,"R1:3513"
"IRN","BA:675","EMP_DWAP_SEX_AGE_RT","SEX_F","AGE_AGGREGATE_YGE65","2022",1.472,,,,"R1:3513"
"IRN","BA:675","EMP_DWAP_SEX_AGE_RT","SEX_T","AGE_10YRBANDS_YGE15","2022",36.852,,,,"R1:3513"
"IRN","BA:675","EMP_DWAP_SEX_AGE_RT","SEX_T","AGE_10YRBANDS_Y15-24","2022",17.519,,,,"R1:3513"
"IRN","BA:675","EMP_DWAP_SEX_AGE_RT","SEX_T","AGE_10YRBANDS_Y25-34","2022",46.06,,,,"R1:3513"
"IRN","BA:675","EMP_DWAP_SEX_AGE_RT","SEX_T","AGE_10YRBANDS_Y35-44","2022",52.475,,,,"R1:3513"
"IRN","BA:675","EMP_DWAP_SEX_AGE_RT","SEX_T","AGE_10YRBANDS_Y45-54","2022",46.154,,,,"R1:3513"
"IRN","BA:675","EMP_DWAP_SEX_AGE_RT","SEX_T","AGE_10YRBANDS_Y55-64","2022",25.982,,,,"R1:3513"
"IRN","BA:675","EMP_DWAP_SEX_AGE_RT","SEX_T","AGE_10YRBANDS_YGE65","2022",8.267,,,,"R1:3513"
"IRN","BA:675","EMP_DWAP_SEX_AGE_RT","SEX_M","AGE_10YRBANDS_YGE15","2022",62.322,,,,"R1:3513"
"IRN","BA:675","EMP_DWAP_SEX_AGE_RT","SEX_M","AGE_10YRBANDS_Y15-24","2022",28.676,,,,"R1:3513"
"IRN","BA:675","EMP_DWAP_SEX_AGE_RT","SEX_M","AGE_10YRBANDS_Y25-34","2022",78.106,,,,"R1:3513"
"IRN","BA:675","EMP_DWAP_SEX_AGE_RT","SEX_M","AGE_10YRBANDS_Y35-44","2022",88.535,,,,"R1:3513"
"IRN","BA:675","EMP_DWAP_SEX_AGE_RT","SEX_M","AGE_10YRBANDS_Y45-54","2022",79.002,,,,"R1:3513"
"IRN","BA:675","EMP_DWAP_SEX_AGE_RT","SEX_M","AGE_10YRBANDS_Y55-64","2022",45.117,,,,"R1:3513"
"IRN","BA:675","EMP_DWAP_SEX_AGE_RT","SEX_M","AGE_10YRBANDS_YGE65","2022",15.845,,,,"R1:3513"
"IRN","BA:675","EMP_DWAP_SEX_AGE_RT","SEX_F","AGE_10YRBANDS_YGE15","2022",11.428,,,,"R1:3513"
"IRN","BA:675","EMP_DWAP_SEX_AGE_RT","SEX_F","AGE_10YRBANDS_Y15-24","2022",5.148,,,,"R1:3513"
"IRN","BA:675","EMP_DWAP_SEX_AGE_RT","SEX_F","AGE_10YRBANDS_Y25-34","2022",15.723,,,,"R1:3513"
"IRN","BA:675","EMP_DWAP_SEX_AGE_RT","SEX_F","AGE_10YRBANDS_Y35-44","2022",17.227,,,,"R1:3513"
"IRN","BA:675","EMP_DWAP_SEX_AGE_RT","SEX_F","AGE_10YRBANDS_Y45-54","2022",13.601,,,,"R1:3513"
"IRN","BA:675","EMP_DWAP_SEX_AGE_RT","SEX_F","AGE_10YRBANDS_Y55-64","2022",5.439,,,,"R1:3513"
"IRN","BA:675","EMP_DWAP_SEX_AGE_RT","SEX_F","AGE_10YRBANDS_YGE65","2022",1.472,,,,"R1:3513"
"IRN","BA:675","EMP_DWAP_SEX_AGE_RT","SEX_T","AGE_5YRBANDS_YGE15","2022",36.852,,,,"R1:3513"
"IRN","BA:675","EMP_DWAP_SEX_AGE_RT","SEX_T","AGE_5YRBANDS_Y15-19","2022",8.605,,,,"R1:3513"
"IRN","BA:675","EMP_DWAP_SEX_AGE_RT","SEX_T","AGE_5YRBANDS_Y20-24","2022",28.729,,,,"R1:3513"
"IRN","BA:675","EMP_DWAP_SEX_AGE_RT","SEX_T","AGE_5YRBANDS_Y25-29","2022",43.054,,,,"R1:3513"
"IRN","BA:675","EMP_DWAP_SEX_AGE_RT","SEX_T","AGE_5YRBANDS_Y30-34","2022",48.347,,,,"R1:3513"
"IRN","BA:675","EMP_DWAP_SEX_AGE_RT","SEX_T","AGE_5YRBANDS_Y35-39","2022",51.503,,,,"R1:3513"
"IRN","BA:675","EMP_DWAP_SEX_AGE_RT","SEX_T","AGE_5YRBANDS_Y40-44","2022",53.572,,,,"R1:3513"
"IRN","BA:675","EMP_DWAP_SEX_AGE_RT","SEX_T","AGE_5YRBANDS_Y45-49","2022",50.717,,,,"R1:3513"
"IRN","BA:675","EMP_DWAP_SEX_AGE_RT","SEX_T","AGE_5YRBANDS_Y50-54","2022",41.147,,,,"R1:3513"
"IRN","BA:675","EMP_DWAP_SEX_AGE_RT","SEX_T","AGE_5YRBANDS_Y55-59","2022",30.833,,,,"R1:3513"
"IRN","BA:675","EMP_DWAP_SEX_AGE_RT","SEX_T","AGE_5YRBANDS_Y60-64","2022",20.269,,,,"R1:3513"
"IRN","BA:675","EMP_DWAP_SEX_AGE_RT","SEX_T","AGE_5YRBANDS_YGE65","2022",8.267,,,,"R1:3513"
"IRN","BA:675","EMP_DWAP_SEX_AGE_RT","SEX_M","AGE_5YRBANDS_YGE15","2022",62.322,,,,"R1:3513"
"IRN","BA:675","EMP_DWAP_SEX_AGE_RT","SEX_M","AGE_5YRBANDS_Y15-19","2022",14.211,,,,"R1:3513"
"IRN","BA:675","EMP_DWAP_SEX_AGE_RT","SEX_M","AGE_5YRBANDS_Y20-24","2022",47.096,,,,"R1:3513"
"IRN","BA:675","EMP_DWAP_SEX_AGE_RT","SEX_M","AGE_5YRBANDS_Y25-29","2022",72.052,,,,"R1:3513"
"IRN","BA:675","EMP_DWAP_SEX_AGE_RT","SEX_M","AGE_5YRBANDS_Y30-34","2022",82.74,,,,"R1:3513"
"IRN","BA:675","EMP_DWAP_SEX_AGE_RT","SEX_M","AGE_5YRBANDS_Y35-39","2022",87.828,,,,"R1:3513"
"IRN","BA:675","EMP_DWAP_SEX_AGE_RT","SEX_M","AGE_5YRBANDS_Y40-44","2022",89.308,,,,"R1:3513"
"IRN","BA:675","EMP_DWAP_SEX_AGE_RT","SEX_M","AGE_5YRBANDS_Y45-49","2022",85.918,,,,"R1:3513"
"IRN","BA:675","EMP_DWAP_SEX_AGE_RT","SEX_M","AGE_5YRBANDS_Y50-54","2022",71.433,,,,"R1:3513"
"IRN","BA:675","EMP_DWAP_SEX_AGE_RT","SEX_M","AGE_5YRBANDS_Y55-59","2022",54.022,,,,"R1:3513"
"IRN","BA:675","EMP_DWAP_SEX_AGE_RT","SEX_M","AGE_5YRBANDS_Y60-64","2022",34.955,,,,"R1:3513"
"IRN","BA:675","EMP_DWAP_SEX_AGE_RT","SEX_M","AGE_5YRBANDS_YGE65","2022",15.845,,,,"R1:3513"
"IRN","BA:675","EMP_DWAP_SEX_AGE_RT","SEX_F","AGE_5YRBANDS_YGE15","2022",11.428,,,,"R1:3513"
"IRN","BA:675","EMP_DWAP_SEX_AGE_RT","SEX_F","AGE_5YRBANDS_Y15-19","2022",2.317,,,,"R1:3513"
"IRN","BA:675","EMP_DWAP_SEX_AGE_RT","SEX_F","AGE_5YRBANDS_Y20-24","2022",8.66,,,,"R1:3513"
"IRN","BA:675","EMP_DWAP_SEX_AGE_RT","SEX_F","AGE_5YRBANDS_Y25-29","2022",15.42,,,,"R1:3513"
"IRN","BA:675","EMP_DWAP_SEX_AGE_RT","SEX_F","AGE_5YRBANDS_Y30-34","2022",15.952,,,,"R1:3513"
"IRN","BA:675","EMP_DWAP_SEX_AGE_RT","SEX_F","AGE_5YRBANDS_Y35-39","2022",17.092,,,,"R1:3513"
"IRN","BA:675","EMP_DWAP_SEX_AGE_RT","SEX_F","AGE_5YRBANDS_Y40-44","2022",17.385,,,,"R1:3513"
"IRN","BA:675","EMP_DWAP_SEX_AGE_RT","SEX_F","AGE_5YRBANDS_Y45-49","2022",15.927,,,,"R1:3513"
"IRN","BA:675","EMP_DWAP_SEX_AGE_RT","SEX_F","AGE_5YRBANDS_Y50-54","2022",11.042,,,,"R1:3513"
"IRN","BA:675","EMP_DWAP_SEX_AGE_RT","SEX_F","AGE_5YRBANDS_Y55-59","2022",6.675,,,,"R1:3513"
"IRN","BA:675","EMP_DWAP_SEX_AGE_RT","SEX_F","AGE_5YRBANDS_Y60-64","2022",3.934,,,,"R1:3513"
"IRN","BA:675","EMP_DWAP_SEX_AGE_RT","SEX_F","AGE_5YRBANDS_YGE65","2022",1.472,,,,"R1:3513"
"IRN","BA:675","EMP_DWAP_SEX_AGE_RT","SEX_T","AGE_YTHADULT_YGE15","2021",36.807,,,,"R1:3513"
"IRN","BA:675","EMP_DWAP_SEX_AGE_RT","SEX_T","AGE_YTHADULT_Y15-64","2021",39.571,,,,"R1:3513"
"IRN","BA:675","EMP_DWAP_SEX_AGE_RT","SEX_T","AGE_YTHADULT_Y15-24","2021",16.829,,,,"R1:3513"
"IRN","BA:675","EMP_DWAP_SEX_AGE_RT","SEX_T","AGE_YTHADULT_YGE25","2021",40.875,,,,"R1:3513"
"IRN","BA:675","EMP_DWAP_SEX_AGE_RT","SEX_M","AGE_YTHADULT_YGE15","2021",62.522,,,,"R1:3513"
"IRN","BA:675","EMP_DWAP_SEX_AGE_RT","SEX_M","AGE_YTHADULT_Y15-64","2021",66.8,,,,"R1:3513"
"IRN","BA:675","EMP_DWAP_SEX_AGE_RT","SEX_M","AGE_YTHADULT_Y15-24","2021",27.593,,,,"R1:3513"
"IRN","BA:675","EMP_DWAP_SEX_AGE_RT","SEX_M","AGE_YTHADULT_YGE25","2021",70.035,,,,"R1:3513"
"IRN","BA:675","EMP_DWAP_SEX_AGE_RT","SEX_F","AGE_YTHADULT_YGE15","2021",11.128,,,,"R1:3513"
"IRN","BA:675","EMP_DWAP_SEX_AGE_RT","SEX_F","AGE_YTHADULT_Y15-64","2021",12.121,,,,"R1:3513"
"IRN","BA:675","EMP_DWAP_SEX_AGE_RT","SEX_F","AGE_YTHADULT_Y15-24","2021",5.031,,,,"R1:3513"
"IRN","BA:675","EMP_DWAP_SEX_AGE_RT","SEX_F","AGE_YTHADULT_YGE25","2021",12.301,,,,"R1:3513"
"IRN","BA:675","EMP_DWAP_SEX_AGE_RT","SEX_T","AGE_AGGREGATE_YGE15","2021",36.807,,,,"R1:3513"
"IRN","BA:675","EMP_DWAP_SEX_AGE_RT","SEX_T","AGE_AGGREGATE_Y15-24","2021",16.829,,,,"R1:3513"
"IRN","BA:675","EMP_DWAP_SEX_AGE_RT","SEX_T","AGE_AGGREGATE_Y25-54","2021",48.168,,,,"R1:3513"
"IRN","BA:675","EMP_DWAP_SEX_AGE_RT","SEX_T","AGE_AGGREGATE_Y55-64","2021",26.367,,,,"R1:3513"
"IRN","BA:675","EMP_DWAP_SEX_AGE_RT","SEX_T","AGE_AGGREGATE_YGE65","2021",8.719,,,,"R1:3513"
"IRN","BA:675","EMP_DWAP_SEX_AGE_RT","SEX_M","AGE_AGGREGATE_YGE15","2021",62.522,,,,"R1:3513"
"IRN","BA:675","EMP_DWAP_SEX_AGE_RT","SEX_M","AGE_AGGREGATE_Y15-24","2021",27.593,,,,"R1:3513"
"IRN","BA:675","EMP_DWAP_SEX_AGE_RT","SEX_M","AGE_AGGREGATE_Y25-54","2021",82.162,,,,"R1:3513"
"IRN","BA:675","EMP_DWAP_SEX_AGE_RT","SEX_M","AGE_AGGREGATE_Y55-64","2021",45.661,,,,"R1:3513"
"IRN","BA:675","EMP_DWAP_SEX_AGE_RT","SEX_M","AGE_AGGREGATE_YGE65","2021",16.633,,,,"R1:3513"
"IRN","BA:675","EMP_DWAP_SEX_AGE_RT","SEX_F","AGE_AGGREGATE_YGE15","2021",11.128,,,,"R1:3513"
"IRN","BA:675","EMP_DWAP_SEX_AGE_RT","SEX_F","AGE_AGGREGATE_Y15-24","2021",5.031,,,,"R1:3513"
"IRN","BA:675","EMP_DWAP_SEX_AGE_RT","SEX_F","AGE_AGGREGATE_Y25-54","2021",15.081,,,,"R1:3513"
"IRN","BA:675","EMP_DWAP_SEX_AGE_RT","SEX_F","AGE_AGGREGATE_Y55-64","2021",5.557,,,,"R1:3513"
"IRN","BA:675","EMP_DWAP_SEX_AGE_RT","SEX_F","AGE_AGGREGATE_YGE65","2021",1.538,,,,"R1:3513"
"IRN","BA:675","EMP_DWAP_SEX_AGE_RT","SEX_T","AGE_10YRBANDS_YGE15","2021",36.807,,,,"R1:3513"
"IRN","BA:675","EMP_DWAP_SEX_AGE_RT","SEX_T","AGE_10YRBANDS_Y15-24","2021",16.829,,,,"R1:3513"
"IRN","BA:675","EMP_DWAP_SEX_AGE_RT","SEX_T","AGE_10YRBANDS_Y25-34","2021",45.07,,,,"R1:3513"
"IRN","BA:675","EMP_DWAP_SEX_AGE_RT","SEX_T","AGE_10YRBANDS_Y35-44","2021",52.152,,,,"R1:3513"
"IRN","BA:675","EMP_DWAP_SEX_AGE_RT","SEX_T","AGE_10YRBANDS_Y45-54","2021",46.196,,,,"R1:3513"
"IRN","BA:675","EMP_DWAP_SEX_AGE_RT","SEX_T","AGE_10YRBANDS_Y55-64","2021",26.367,,,,"R1:3513"
"IRN","BA:675","EMP_DWAP_SEX_AGE_RT","SEX_T","AGE_10YRBANDS_YGE65","2021",8.719,,,,"R1:3513"
"IRN","BA:675","EMP_DWAP_SEX_AGE_RT","SEX_M","AGE_10YRBANDS_YGE15","2021",62.522,,,,"R1:3513"
"IRN","BA:675","EMP_DWAP_SEX_AGE_RT","SEX_M","AGE_10YRBANDS_Y15-24","2021",27.593,,,,"R1:3513"
"IRN","BA:675","EMP_DWAP_SEX_AGE_RT","SEX_M","AGE_10YRBANDS_Y25-34","2021",77.894,,,,"R1:3513"
"IRN","BA:675","EMP_DWAP_SEX_AGE_RT","SEX_M","AGE_10YRBANDS_Y35-44","2021",88.133,,,,"R1:3513"
"IRN","BA:675","EMP_DWAP_SEX_AGE_RT","SEX_M","AGE_10YRBANDS_Y45-54","2021",78.665,,,,"R1:3513"
"IRN","BA:675","EMP_DWAP_SEX_AGE_RT","SEX_M","AGE_10YRBANDS_Y55-64","2021",45.661,,,,"R1:3513"
"IRN","BA:675","EMP_DWAP_SEX_AGE_RT","SEX_M","AGE_10YRBANDS_YGE65","2021",16.633,,,,"R1:3513"
"IRN","BA:675","EMP_DWAP_SEX_AGE_RT","SEX_F","AGE_10YRBANDS_YGE15","2021",11.128,,,,"R1:3513"
"IRN","BA:675","EMP_DWAP_SEX_AGE_RT","SEX_F","AGE_10YRBANDS_Y15-24","2021",5.031,,,,"R1:3513"
"IRN","BA:675","EMP_DWAP_SEX_AGE_RT","SEX_F","AGE_10YRBANDS_Y25-34","2021",14.096,,,,"R1:3513"
"IRN","BA:675","EMP_DWAP_SEX_AGE_RT","SEX_F","AGE_10YRBANDS_Y35-44","2021",16.831,,,,"R1:3513"
"IRN","BA:675","EMP_DWAP_SEX_AGE_RT","SEX_F","AGE_10YRBANDS_Y45-54","2021",13.761,,,,"R1:3513"
"IRN","BA:675","EMP_DWAP_SEX_AGE_RT","SEX_F","AGE_10YRBANDS_Y55-64","2021",5.557,,,,"R1:3513"
"IRN","BA:675","EMP_DWAP_SEX_AGE_RT","SEX_F","AGE_10YRBANDS_YGE65","2021",1.538,,,,"R1:3513"
"IRN","BA:675","EMP_DWAP_SEX_AGE_RT","SEX_T","AGE_5YRBANDS_YGE15","2021",36.807,,,,"R1:3513"
"IRN","BA:675","EMP_DWAP_SEX_AGE_RT","SEX_T","AGE_5YRBANDS_Y15-19","2021",7.814,,,,"R1:3513"
"IRN","BA:675","EMP_DWAP_SEX_AGE_RT","SEX_T","AGE_5YRBANDS_Y20-24","2021",27.456,,,,"R1:3513"
"IRN","BA:675","EMP_DWAP_SEX_AGE_RT","SEX_T","AGE_5YRBANDS_Y25-29","2021",41.718,,,,"R1:3513"
"IRN","BA:675","EMP_DWAP_SEX_AGE_RT","SEX_T","AGE_5YRBANDS_Y30-34","2021",47.596,,,,"R1:3513"
"IRN","BA:675","EMP_DWAP_SEX_AGE_RT","SEX_T","AGE_5YRBANDS_Y35-39","2021",50.99,,,,"R1:3513"
"IRN","BA:675","EMP_DWAP_SEX_AGE_RT","SEX_T","AGE_5YRBANDS_Y40-44","2021",53.52,,,,"R1:3513"
"IRN","BA:675","EMP_DWAP_SEX_AGE_RT","SEX_T","AGE_5YRBANDS_Y45-49","2021",51.077,,,,"R1:3513"
"IRN","BA:675","EMP_DWAP_SEX_AGE_RT","SEX_T","AGE_5YRBANDS_Y50-54","2021",40.761,,,,"R1:3513"
"IRN","BA:675","EMP_DWAP_SEX_AGE_RT","SEX_T","AGE_5YRBANDS_Y55-59","2021",31.511,,,,"R1:3513"
"IRN","BA:675","EMP_DWAP_SEX_AGE_RT","SEX_T","AGE_5YRBANDS_Y60-64","2021",20.394,,,,"R1:3513"
"IRN","BA:675","EMP_DWAP_SEX_AGE_RT","SEX_T","AGE_5YRBANDS_YGE65","2021",8.719,,,,"R1:3513"
"IRN","BA:675","EMP_DWAP_SEX_AGE_RT","SEX_M","AGE_5YRBANDS_YGE15","2021",62.522,,,,"R1:3513"
"IRN","BA:675","EMP_DWAP_SEX_AGE_RT","SEX_M","AGE_5YRBANDS_Y15-19","2021",12.804,,,,"R1:3513"
"IRN","BA:675","EMP_DWAP_SEX_AGE_RT","SEX_M","AGE_5YRBANDS_Y20-24","2021",45.713,,,,"R1:3513"
"IRN","BA:675","EMP_DWAP_SEX_AGE_RT","SEX_M","AGE_5YRBANDS_Y25-29","2021",70.859,,,,"R1:3513"
"IRN","BA:675","EMP_DWAP_SEX_AGE_RT","SEX_M","AGE_5YRBANDS_Y30-34","2021",83.262,,,,"R1:3513"
"IRN","BA:675","EMP_DWAP_SEX_AGE_RT","SEX_M","AGE_5YRBANDS_Y35-39","2021",87.916,,,,"R1:3513"
"IRN","BA:675","EMP_DWAP_SEX_AGE_RT","SEX_M","AGE_5YRBANDS_Y40-44","2021",88.377,,,,"R1:3513"
"IRN","BA:675","EMP_DWAP_SEX_AGE_RT","SEX_M","AGE_5YRBANDS_Y45-49","2021",85.432,,,,"R1:3513"
"IRN","BA:675","EMP_DWAP_SEX_AGE_RT","SEX_M","AGE_5YRBANDS_Y50-54","2021",70.968,,,,"R1:3513"
"IRN","BA:675","EMP_DWAP_SEX_AGE_RT","SEX_M","AGE_5YRBANDS_Y55-59","2021",54.531,,,,"R1:3513"
"IRN","BA:675","EMP_DWAP_SEX_AGE_RT","SEX_M","AGE_5YRBANDS_Y60-64","2021",35.376,,,,"R1:3513"
"IRN","BA:675","EMP_DWAP_SEX_AGE_RT","SEX_M","AGE_5YRBANDS_YGE65","2021",16.633,,,,"R1:3513"
"IRN","BA:675","EMP_DWAP_SEX_AGE_RT","SEX_F","AGE_5YRBANDS_YGE15","2021",11.128,,,,"R1:3513"
"IRN","BA:675","EMP_DWAP_SEX_AGE_RT","SEX_F","AGE_5YRBANDS_Y15-19","2021",2.139,,,,"R1:3513"
"IRN","BA:675","EMP_DWAP_SEX_AGE_RT","SEX_F","AGE_5YRBANDS_Y20-24","2021",8.3,,,,"R1:3513"
"IRN","BA:675","EMP_DWAP_SEX_AGE_RT","SEX_F","AGE_5YRBANDS_Y25-29","2021",13.836,,,,"R1:3513"
"IRN","BA:675","EMP_DWAP_SEX_AGE_RT","SEX_F","AGE_5YRBANDS_Y30-34","2021",14.289,,,,"R1:3513"
"IRN","BA:675","EMP_DWAP_SEX_AGE_RT","SEX_F","AGE_5YRBANDS_Y35-39","2021",16.14,,,,"R1:3513"
"IRN","BA:675","EMP_DWAP_SEX_AGE_RT","SEX_F","AGE_5YRBANDS_Y40-44","2021",17.68,,,,"R1:3513"
"IRN","BA:675","EMP_DWAP_SEX_AGE_RT","SEX_F","AGE_5YRBANDS_Y45-49","2021",16.055,,,,"R1:3513"
"IRN","BA:675","EMP_DWAP_SEX_AGE_RT","SEX_F","AGE_5YRBANDS_Y50-54","2021",11.26,,,,"R1:3513"
"IRN","BA:675","EMP_DWAP_SEX_AGE_RT","SEX_F","AGE_5YRBANDS_Y55-59","2021",6.716,,,,"R1:3513"
"IRN","BA:675","EMP_DWAP_SEX_AGE_RT","SEX_F","AGE_5YRBANDS_Y60-64","2021",4.209,,,,"R1:3513"
"IRN","BA:675","EMP_DWAP_SEX_AGE_RT","SEX_F","AGE_5YRBANDS_YGE65","2021",1.538,,,,"R1:3513"
"IRN","BA:675","EMP_DWAP_SEX_AGE_RT","SEX_T","AGE_YTHADULT_YGE15","2020",36.982,,,,"R1:3513"
"IRN","BA:675","EMP_DWAP_SEX_AGE_RT","SEX_T","AGE_YTHADULT_Y15-64","2020",39.621,,,,"R1:3513"
"IRN","BA:675","EMP_DWAP_SEX_AGE_RT","SEX_T","AGE_YTHADULT_Y15-24","2020",17.193,,,,"R1:3513"
"IRN","BA:675","EMP_DWAP_SEX_AGE_RT","SEX_T","AGE_YTHADULT_YGE25","2020",40.996,,,,"R1:3513"
"IRN","BA:675","EMP_DWAP_SEX_AGE_RT","SEX_M","AGE_YTHADULT_YGE15","2020",62.292,,,,"R1:3513"
"IRN","BA:675","EMP_DWAP_SEX_AGE_RT","SEX_M","AGE_YTHADULT_Y15-64","2020",66.382,,,,"R1:3513"
"IRN","BA:675","EMP_DWAP_SEX_AGE_RT","SEX_M","AGE_YTHADULT_Y15-24","2020",28.336,,,,"R1:3513"
"IRN","BA:675","EMP_DWAP_SEX_AGE_RT","SEX_M","AGE_YTHADULT_YGE25","2020",69.523,,,,"R1:3513"
"IRN","BA:675","EMP_DWAP_SEX_AGE_RT","SEX_F","AGE_YTHADULT_YGE15","2020",11.702,,,,"R1:3513"
"IRN","BA:675","EMP_DWAP_SEX_AGE_RT","SEX_F","AGE_YTHADULT_Y15-64","2020",12.67,,,,"R1:3513"
"IRN","BA:675","EMP_DWAP_SEX_AGE_RT","SEX_F","AGE_YTHADULT_Y15-24","2020",5.11,,,,"R1:3513"
"IRN","BA:675","EMP_DWAP_SEX_AGE_RT","SEX_F","AGE_YTHADULT_YGE25","2020",12.973,,,,"R1:3513"
"IRN","BA:675","EMP_DWAP_SEX_AGE_RT","SEX_T","AGE_AGGREGATE_YGE15","2020",36.982,,,,"R1:3513"
"IRN","BA:675","EMP_DWAP_SEX_AGE_RT","SEX_T","AGE_AGGREGATE_Y15-24","2020",17.193,,,,"R1:3513"
"IRN","BA:675","EMP_DWAP_SEX_AGE_RT","SEX_T","AGE_AGGREGATE_Y25-54","2020",48.005,,,,"R1:3513"
"IRN","BA:675","EMP_DWAP_SEX_AGE_RT","SEX_T","AGE_AGGREGATE_Y55-64","2020",26.891,,,,"R1:3513"
"IRN","BA:675","EMP_DWAP_SEX_AGE_RT","SEX_T","AGE_AGGREGATE_YGE65","2020",9.334,,,,"R1:3513"
"IRN","BA:675","EMP_DWAP_SEX_AGE_RT","SEX_M","AGE_AGGREGATE_YGE15","2020",62.292,,,,"R1:3513"
"IRN","BA:675","EMP_DWAP_SEX_AGE_RT","SEX_M","AGE_AGGREGATE_Y15-24","2020",28.336,,,,"R1:3513"
"IRN","BA:675","EMP_DWAP_SEX_AGE_RT","SEX_M","AGE_AGGREGATE_Y25-54","2020",81.027,,,,"R1:3513"
"IRN","BA:675","EMP_DWAP_SEX_AGE_RT","SEX_M","AGE_AGGREGATE_Y55-64","2020",46.027,,,,"R1:3513"
"IRN","BA:675","EMP_DWAP_SEX_AGE_RT","SEX_M","AGE_AGGREGATE_YGE65","2020",17.318,,,,"R1:3513"
"IRN","BA:675","EMP_DWAP_SEX_AGE_RT","SEX_F","AGE_AGGREGATE_YGE15","2020",11.702,,,,"R1:3513"
"IRN","BA:675","EMP_DWAP_SEX_AGE_RT","SEX_F","AGE_AGGREGATE_Y15-24","2020",5.11,,,,"R1:3513"
"IRN","BA:675","EMP_DWAP_SEX_AGE_RT","SEX_F","AGE_AGGREGATE_Y25-54","2020",15.645,,,,"R1:3513"
"IRN","BA:675","EMP_DWAP_SEX_AGE_RT","SEX_F","AGE_AGGREGATE_Y55-64","2020",6.835,,,,"R1:3513"
"IRN","BA:675","EMP_DWAP_SEX_AGE_RT","SEX_F","AGE_AGGREGATE_YGE65","2020",2.017,,,,"R1:3513"
"IRN","BA:675","EMP_DWAP_SEX_AGE_RT","SEX_T","AGE_10YRBANDS_YGE15","2020",36.982,,,,"R1:3513"
"IRN","BA:675","EMP_DWAP_SEX_AGE_RT","SEX_T","AGE_10YRBANDS_Y15-24","2020",17.193,,,,"R1:3513"
"IRN","BA:675","EMP_DWAP_SEX_AGE_RT","SEX_T","AGE_10YRBANDS_Y25-34","2020",44.66,,,,"R1:3513"
"IRN","BA:675","EMP_DWAP_SEX_AGE_RT","SEX_T","AGE_10YRBANDS_Y35-44","2020",52.297,,,,"R1:3513"
"IRN","BA:675","EMP_DWAP_SEX_AGE_RT","SEX_T","AGE_10YRBANDS_Y45-54","2020",46.364,,,,"R1:3513"
"IRN","BA:675","EMP_DWAP_SEX_AGE_RT","SEX_T","AGE_10YRBANDS_Y55-64","2020",26.891,,,,"R1:3513"
"IRN","BA:675","EMP_DWAP_SEX_AGE_RT","SEX_T","AGE_10YRBANDS_YGE65","2020",9.334,,,,"R1:3513"
"IRN","BA:675","EMP_DWAP_SEX_AGE_RT","SEX_M","AGE_10YRBANDS_YGE15","2020",62.292,,,,"R1:3513"
"IRN","BA:675","EMP_DWAP_SEX_AGE_RT","SEX_M","AGE_10YRBANDS_Y15-24","2020",28.336,,,,"R1:3513"
"IRN","BA:675","EMP_DWAP_SEX_AGE_RT","SEX_M","AGE_10YRBANDS_Y25-34","2020",76.695,,,,"R1:3513"
"IRN","BA:675","EMP_DWAP_SEX_AGE_RT","SEX_M","AGE_10YRBANDS_Y35-44","2020",87.173,,,,"R1:3513"
"IRN","BA:675","EMP_DWAP_SEX_AGE_RT","SEX_M","AGE_10YRBANDS_Y45-54","2020",77.972,,,,"R1:3513"
"IRN","BA:675","EMP_DWAP_SEX_AGE_RT","SEX_M","AGE_10YRBANDS_Y55-64","2020",46.027,,,,"R1:3513"
"IRN","BA:675","EMP_DWAP_SEX_AGE_RT","SEX_M","AGE_10YRBANDS_YGE65","2020",17.318,,,,"R1:3513"
"IRN","BA:675","EMP_DWAP_SEX_AGE_RT","SEX_F","AGE_10YRBANDS_YGE15","2020",11.702,,,,"R1:3513"
"IRN","BA:675","EMP_DWAP_SEX_AGE_RT","SEX_F","AGE_10YRBANDS_Y15-24","2020",5.11,,,,"R1:3513"
"IRN","BA:675","EMP_DWAP_SEX_AGE_RT","SEX_F","AGE_10YRBANDS_Y25-34","2020",14.244,,,,"R1:3513"
"IRN","BA:675","EMP_DWAP_SEX_AGE_RT","SEX_F","AGE_10YRBANDS_Y35-44","2020",17.876,,,,"R1:3513"
"IRN","BA:675","EMP_DWAP_SEX_AGE_RT","SEX_F","AGE_10YRBANDS_Y45-54","2020",14.346,,,,"R1:3513"
"IRN","BA:675","EMP_DWAP_SEX_AGE_RT","SEX_F","AGE_10YRBANDS_Y55-64","2020",6.835,,,,"R1:3513"
"IRN","BA:675","EMP_DWAP_SEX_AGE_RT","SEX_F","AGE_10YRBANDS_YGE65","2020",2.017,,,,"R1:3513"
"IRN","BA:675","EMP_DWAP_SEX_AGE_RT","SEX_T","AGE_5YRBANDS_YGE15","2020",36.982,,,,"R1:3513"
"IRN","BA:675","EMP_DWAP_SEX_AGE_RT","SEX_T","AGE_5YRBANDS_Y15-19","2020",8.069,,,,"R1:3513"
"IRN","BA:675","EMP_DWAP_SEX_AGE_RT","SEX_T","AGE_5YRBANDS_Y20-24","2020",27.427,,,,"R1:3513"
"IRN","BA:675","EMP_DWAP_SEX_AGE_RT","SEX_T","AGE_5YRBANDS_Y25-29","2020",41.343,,,,"R1:3513"
"IRN","BA:675","EMP_DWAP_SEX_AGE_RT","SEX_T","AGE_5YRBANDS_Y30-34","2020",47.241,,,,"R1:3513"
"IRN","BA:675","EMP_DWAP_SEX_AGE_RT","SEX_T","AGE_5YRBANDS_Y35-39","2020",51.606,,,,"R1:3513"
"IRN","BA:675","EMP_DWAP_SEX_AGE_RT","SEX_T","AGE_5YRBANDS_Y40-44","2020",53.151,,,,"R1:3513"
"IRN","BA:675","EMP_DWAP_SEX_AGE_RT","SEX_T","AGE_5YRBANDS_Y45-49","2020",51.279,,,,"R1:3513"
"IRN","BA:675","EMP_DWAP_SEX_AGE_RT","SEX_T","AGE_5YRBANDS_Y50-54","2020",40.818,,,,"R1:3513"
"IRN","BA:675","EMP_DWAP_SEX_AGE_RT","SEX_T","AGE_5YRBANDS_Y55-59","2020",32.191,,,,"R1:3513"
"IRN","BA:675","EMP_DWAP_SEX_AGE_RT","SEX_T","AGE_5YRBANDS_Y60-64","2020",20.454,,,,"R1:3513"
"IRN","BA:675","EMP_DWAP_SEX_AGE_RT","SEX_T","AGE_5YRBANDS_YGE65","2020",9.334,,,,"R1:3513"
"IRN","BA:675","EMP_DWAP_SEX_AGE_RT","SEX_M","AGE_5YRBANDS_YGE15","2020",62.292,,,,"R1:3513"
"IRN","BA:675","EMP_DWAP_SEX_AGE_RT","SEX_M","AGE_5YRBANDS_Y15-19","2020",13.531,,,,"R1:3513"
"IRN","BA:675","EMP_DWAP_SEX_AGE_RT","SEX_M","AGE_5YRBANDS_Y20-24","2020",45.517,,,,"R1:3513"
"IRN","BA:675","EMP_DWAP_SEX_AGE_RT","SEX_M","AGE_5YRBANDS_Y25-29","2020",69.729,,,,"R1:3513"
"IRN","BA:675","EMP_DWAP_SEX_AGE_RT","SEX_M","AGE_5YRBANDS_Y30-34","2020",82.311,,,,"R1:3513"
"IRN","BA:675","EMP_DWAP_SEX_AGE_RT","SEX_M","AGE_5YRBANDS_Y35-39","2020",86.771,,,,"R1:3513"
"IRN","BA:675","EMP_DWAP_SEX_AGE_RT","SEX_M","AGE_5YRBANDS_Y40-44","2020",87.659,,,,"R1:3513"
"IRN","BA:675","EMP_DWAP_SEX_AGE_RT","SEX_M","AGE_5YRBANDS_Y45-49","2020",84.813,,,,"R1:3513"
"IRN","BA:675","EMP_DWAP_SEX_AGE_RT","SEX_M","AGE_5YRBANDS_Y50-54","2020",70.076,,,,"R1:3513"
"IRN","BA:675","EMP_DWAP_SEX_AGE_RT","SEX_M","AGE_5YRBANDS_Y55-59","2020",55.177,,,,"R1:3513"
"IRN","BA:675","EMP_DWAP_SEX_AGE_RT","SEX_M","AGE_5YRBANDS_Y60-64","2020",35.128,,,,"R1:3513"
"IRN","BA:675","EMP_DWAP_SEX_AGE_RT","SEX_M","AGE_5YRBANDS_YGE65","2020",17.318,,,,"R1:3513"
"IRN","BA:675","EMP_DWAP_SEX_AGE_RT","SEX_F","AGE_5YRBANDS_YGE15","2020",11.702,,,,"R1:3513"
"IRN","BA:675","EMP_DWAP_SEX_AGE_RT","SEX_F","AGE_5YRBANDS_Y15-19","2020",1.943,,,,"R1:3513"
"IRN","BA:675","EMP_DWAP_SEX_AGE_RT","SEX_F","AGE_5YRBANDS_Y20-24","2020",8.533,,,,"R1:3513"
"IRN","BA:675","EMP_DWAP_SEX_AGE_RT","SEX_F","AGE_5YRBANDS_Y25-29","2020",13.329,,,,"R1:3513"
"IRN","BA:675","EMP_DWAP_SEX_AGE_RT","SEX_F","AGE_5YRBANDS_Y30-34","2020",14.933,,,,"R1:3513"
"IRN","BA:675","EMP_DWAP_SEX_AGE_RT","SEX_F","AGE_5YRBANDS_Y35-39","2020",17.5,,,,"R1:3513"
"IRN","BA:675","EMP_DWAP_SEX_AGE_RT","SEX_F","AGE_5YRBANDS_Y40-44","2020",18.351,,,,"R1:3513"
"IRN","BA:675","EMP_DWAP_SEX_AGE_RT","SEX_F","AGE_5YRBANDS_Y45-49","2020",16.582,,,,"R1:3513"
"IRN","BA:675","EMP_DWAP_SEX_AGE_RT","SEX_F","AGE_5YRBANDS_Y50-54","2020",11.879,,,,"R1:3513"
"IRN","BA:675","EMP_DWAP_SEX_AGE_RT","SEX_F","AGE_5YRBANDS_Y55-59","2020",8.529,,,,"R1:3513"
"IRN","BA:675","EMP_DWAP_SEX_AGE_RT","SEX_F","AGE_5YRBANDS_Y60-64","2020",4.735,,,,"R1:3513"
"IRN","BA:675","EMP_DWAP_SEX_AGE_RT","SEX_F","AGE_5YRBANDS_YGE65","2020",2.017,,,,"R1:3513"
"IRN","BA:675","EMP_DWAP_SEX_AGE_RT","SEX_T","AGE_YTHADULT_YGE15","2019",39,,,,"R1:3513"
"IRN","BA:675","EMP_DWAP_SEX_AGE_RT","SEX_T","AGE_YTHADULT_Y15-64","2019",41.612,,,,"R1:3513"
"IRN","BA:675","EMP_DWAP_SEX_AGE_RT","SEX_T","AGE_YTHADULT_Y15-24","2019",19.335,,,,"R1:3513"
"IRN","BA:675","EMP_DWAP_SEX_AGE_RT","SEX_T","AGE_YTHADULT_YGE25","2019",43.018,,,,"R1:3513"
"IRN","BA:675","EMP_DWAP_SEX_AGE_RT","SEX_M","AGE_YTHADULT_YGE15","2019",63.985,,,,"R1:3513"
"IRN","BA:675","EMP_DWAP_SEX_AGE_RT","SEX_M","AGE_YTHADULT_Y15-64","2019",67.92,,,,"R1:3513"
"IRN","BA:675","EMP_DWAP_SEX_AGE_RT","SEX_M","AGE_YTHADULT_Y15-24","2019",31.11,,,,"R1:3513"
"IRN","BA:675","EMP_DWAP_SEX_AGE_RT","SEX_M","AGE_YTHADULT_YGE25","2019",70.958,,,,"R1:3513"
"IRN","BA:675","EMP_DWAP_SEX_AGE_RT","SEX_F","AGE_YTHADULT_YGE15","2019",14,,,,"R1:3513"
"IRN","BA:675","EMP_DWAP_SEX_AGE_RT","SEX_F","AGE_YTHADULT_Y15-64","2019",15.102,,,,"R1:3513"
"IRN","BA:675","EMP_DWAP_SEX_AGE_RT","SEX_F","AGE_YTHADULT_Y15-24","2019",6.783,,,,"R1:3513"
"IRN","BA:675","EMP_DWAP_SEX_AGE_RT","SEX_F","AGE_YTHADULT_YGE25","2019",15.419,,,,"R1:3513"
"IRN","BA:675","EMP_DWAP_SEX_AGE_RT","SEX_T","AGE_AGGREGATE_YGE15","2019",39,,,,"R1:3513"
"IRN","BA:675","EMP_DWAP_SEX_AGE_RT","SEX_T","AGE_AGGREGATE_Y15-24","2019",19.335,,,,"R1:3513"
"IRN","BA:675","EMP_DWAP_SEX_AGE_RT","SEX_T","AGE_AGGREGATE_Y25-54","2019",49.948,,,,"R1:3513"
"IRN","BA:675","EMP_DWAP_SEX_AGE_RT","SEX_T","AGE_AGGREGATE_Y55-64","2019",28.936,,,,"R1:3513"
"IRN","BA:675","EMP_DWAP_SEX_AGE_RT","SEX_T","AGE_AGGREGATE_YGE65","2019",10.894,,,,"R1:3513"
"IRN","BA:675","EMP_DWAP_SEX_AGE_RT","SEX_M","AGE_AGGREGATE_YGE15","2019",63.985,,,,"R1:3513"
"IRN","BA:675","EMP_DWAP_SEX_AGE_RT","SEX_M","AGE_AGGREGATE_Y15-24","2019",31.11,,,,"R1:3513"
"IRN","BA:675","EMP_DWAP_SEX_AGE_RT","SEX_M","AGE_AGGREGATE_Y25-54","2019",81.936,,,,"R1:3513"
"IRN","BA:675","EMP_DWAP_SEX_AGE_RT","SEX_M","AGE_AGGREGATE_Y55-64","2019",48.478,,,,"R1:3513"
"IRN","BA:675","EMP_DWAP_SEX_AGE_RT","SEX_M","AGE_AGGREGATE_YGE65","2019",19.817,,,,"R1:3513"
"IRN","BA:675","EMP_DWAP_SEX_AGE_RT","SEX_F","AGE_AGGREGATE_YGE15","2019",14,,,,"R1:3513"
"IRN","BA:675","EMP_DWAP_SEX_AGE_RT","SEX_F","AGE_AGGREGATE_Y15-24","2019",6.783,,,,"R1:3513"
"IRN","BA:675","EMP_DWAP_SEX_AGE_RT","SEX_F","AGE_AGGREGATE_Y25-54","2019",18.455,,,,"R1:3513"
"IRN","BA:675","EMP_DWAP_SEX_AGE_RT","SEX_F","AGE_AGGREGATE_Y55-64","2019",8.361,,,,"R1:3513"
"IRN","BA:675","EMP_DWAP_SEX_AGE_RT","SEX_F","AGE_AGGREGATE_YGE65","2019",2.613,,,,"R1:3513"
"IRN","BA:675","EMP_DWAP_SEX_AGE_RT","SEX_T","AGE_10YRBANDS_YGE15","2019",39,,,,"R1:3513"
"IRN","BA:675","EMP_DWAP_SEX_AGE_RT","SEX_T","AGE_10YRBANDS_Y15-24","2019",19.335,,,,"R1:3513"
"IRN","BA:675","EMP_DWAP_SEX_AGE_RT","SEX_T","AGE_10YRBANDS_Y25-34","2019",47.581,,,,"R1:3513"
"IRN","BA:675","EMP_DWAP_SEX_AGE_RT","SEX_T","AGE_10YRBANDS_Y35-44","2019",54.174,,,,"R1:3513"
"IRN","BA:675","EMP_DWAP_SEX_AGE_RT","SEX_T","AGE_10YRBANDS_Y45-54","2019",47.511,,,,"R1:3513"
"IRN","BA:675","EMP_DWAP_SEX_AGE_RT","SEX_T","AGE_10YRBANDS_Y55-64","2019",28.936,,,,"R1:3513"
"IRN","BA:675","EMP_DWAP_SEX_AGE_RT","SEX_T","AGE_10YRBANDS_YGE65","2019",10.894,,,,"R1:3513"
"IRN","BA:675","EMP_DWAP_SEX_AGE_RT","SEX_M","AGE_10YRBANDS_YGE15","2019",63.985,,,,"R1:3513"
"IRN","BA:675","EMP_DWAP_SEX_AGE_RT","SEX_M","AGE_10YRBANDS_Y15-24","2019",31.11,,,,"R1:3513"
"IRN","BA:675","EMP_DWAP_SEX_AGE_RT","SEX_M","AGE_10YRBANDS_Y25-34","2019",78.535,,,,"R1:3513"
"IRN","BA:675","EMP_DWAP_SEX_AGE_RT","SEX_M","AGE_10YRBANDS_Y35-44","2019",88.207,,,,"R1:3513"
"IRN","BA:675","EMP_DWAP_SEX_AGE_RT","SEX_M","AGE_10YRBANDS_Y45-54","2019",78.227,,,,"R1:3513"
"IRN","BA:675","EMP_DWAP_SEX_AGE_RT","SEX_M","AGE_10YRBANDS_Y55-64","2019",48.478,,,,"R1:3513"
"IRN","BA:675","EMP_DWAP_SEX_AGE_RT","SEX_M","AGE_10YRBANDS_YGE65","2019",19.817,,,,"R1:3513"
"IRN","BA:675","EMP_DWAP_SEX_AGE_RT","SEX_F","AGE_10YRBANDS_YGE15","2019",14,,,,"R1:3513"
"IRN","BA:675","EMP_DWAP_SEX_AGE_RT","SEX_F","AGE_10YRBANDS_Y15-24","2019",6.783,,,,"R1:3513"
"IRN","BA:675","EMP_DWAP_SEX_AGE_RT","SEX_F","AGE_10YRBANDS_Y25-34","2019",17.37,,,,"R1:3513"
"IRN","BA:675","EMP_DWAP_SEX_AGE_RT","SEX_F","AGE_10YRBANDS_Y35-44","2019",21,,,,"R1:3513"
"IRN","BA:675","EMP_DWAP_SEX_AGE_RT","SEX_F","AGE_10YRBANDS_Y45-54","2019",16.439,,,,"R1:3513"
"IRN","BA:675","EMP_DWAP_SEX_AGE_RT","SEX_F","AGE_10YRBANDS_Y55-64","2019",8.361,,,,"R1:3513"
"IRN","BA:675","EMP_DWAP_SEX_AGE_RT","SEX_F","AGE_10YRBANDS_YGE65","2019",2.613,,,,"R1:3513"
"IRN","BA:675","EMP_DWAP_SEX_AGE_RT","SEX_T","AGE_5YRBANDS_YGE15","2019",39,,,,"R1:3513"
"IRN","BA:675","EMP_DWAP_SEX_AGE_RT","SEX_T","AGE_5YRBANDS_Y15-19","2019",9.157,,,,"R1:3513"
"IRN","BA:675","EMP_DWAP_SEX_AGE_RT","SEX_T","AGE_5YRBANDS_Y20-24","2019",30.457,,,,"R1:3513"
"IRN","BA:675","EMP_DWAP_SEX_AGE_RT","SEX_T","AGE_5YRBANDS_Y25-29","2019",44.708,,,,"R1:3513"
"IRN","BA:675","EMP_DWAP_SEX_AGE_RT","SEX_T","AGE_5YRBANDS_Y30-34","2019",49.897,,,,"R1:3513"
"IRN","BA:675","EMP_DWAP_SEX_AGE_RT","SEX_T","AGE_5YRBANDS_Y35-39","2019",53.903,,,,"R1:3513"
"IRN","BA:675","EMP_DWAP_SEX_AGE_RT","SEX_T","AGE_5YRBANDS_Y40-44","2019",54.512,,,,"R1:3513"
"IRN","BA:675","EMP_DWAP_SEX_AGE_RT","SEX_T","AGE_5YRBANDS_Y45-49","2019",52.187,,,,"R1:3513"
"IRN","BA:675","EMP_DWAP_SEX_AGE_RT","SEX_T","AGE_5YRBANDS_Y50-54","2019",42.136,,,,"R1:3513"
"IRN","BA:675","EMP_DWAP_SEX_AGE_RT","SEX_T","AGE_5YRBANDS_Y55-59","2019",33.687,,,,"R1:3513"
"IRN","BA:675","EMP_DWAP_SEX_AGE_RT","SEX_T","AGE_5YRBANDS_Y60-64","2019",23.131,,,,"R1:3513"
"IRN","BA:675","EMP_DWAP_SEX_AGE_RT","SEX_T","AGE_5YRBANDS_YGE65","2019",10.894,,,,"R1:3513"
"IRN","BA:675","EMP_DWAP_SEX_AGE_RT","SEX_M","AGE_5YRBANDS_YGE15","2019",63.985,,,,"R1:3513"
"IRN","BA:675","EMP_DWAP_SEX_AGE_RT","SEX_M","AGE_5YRBANDS_Y15-19","2019",14.972,,,,"R1:3513"
"IRN","BA:675","EMP_DWAP_SEX_AGE_RT","SEX_M","AGE_5YRBANDS_Y20-24","2019",49.206,,,,"R1:3513"
"IRN","BA:675","EMP_DWAP_SEX_AGE_RT","SEX_M","AGE_5YRBANDS_Y25-29","2019",72.27,,,,"R1:3513"
"IRN","BA:675","EMP_DWAP_SEX_AGE_RT","SEX_M","AGE_5YRBANDS_Y30-34","2019",83.79,,,,"R1:3513"
"IRN","BA:675","EMP_DWAP_SEX_AGE_RT","SEX_M","AGE_5YRBANDS_Y35-39","2019",87.869,,,,"R1:3513"
"IRN","BA:675","EMP_DWAP_SEX_AGE_RT","SEX_M","AGE_5YRBANDS_Y40-44","2019",88.624,,,,"R1:3513"
"IRN","BA:675","EMP_DWAP_SEX_AGE_RT","SEX_M","AGE_5YRBANDS_Y45-49","2019",84.442,,,,"R1:3513"
"IRN","BA:675","EMP_DWAP_SEX_AGE_RT","SEX_M","AGE_5YRBANDS_Y50-54","2019",70.892,,,,"R1:3513"
"IRN","BA:675","EMP_DWAP_SEX_AGE_RT","SEX_M","AGE_5YRBANDS_Y55-59","2019",56.937,,,,"R1:3513"
"IRN","BA:675","EMP_DWAP_SEX_AGE_RT","SEX_M","AGE_5YRBANDS_Y60-64","2019",38.394,,,,"R1:3513"
"IRN","BA:675","EMP_DWAP_SEX_AGE_RT","SEX_M","AGE_5YRBANDS_YGE65","2019",19.817,,,,"R1:3513"
"IRN","BA:675","EMP_DWAP_SEX_AGE_RT","SEX_F","AGE_5YRBANDS_YGE15","2019",14,,,,"R1:3513"
"IRN","BA:675","EMP_DWAP_SEX_AGE_RT","SEX_F","AGE_5YRBANDS_Y15-19","2019",2.8,,,,"R1:3513"
"IRN","BA:675","EMP_DWAP_SEX_AGE_RT","SEX_F","AGE_5YRBANDS_Y20-24","2019",11.019,,,,"R1:3513"
"IRN","BA:675","EMP_DWAP_SEX_AGE_RT","SEX_F","AGE_5YRBANDS_Y25-29","2019",16.601,,,,"R1:3513"
"IRN","BA:675","EMP_DWAP_SEX_AGE_RT","SEX_F","AGE_5YRBANDS_Y30-34","2019",17.966,,,,"R1:3513"
"IRN","BA:675","EMP_DWAP_SEX_AGE_RT","SEX_F","AGE_5YRBANDS_Y35-39","2019",21.126,,,,"R1:3513"
"IRN","BA:675","EMP_DWAP_SEX_AGE_RT","SEX_F","AGE_5YRBANDS_Y40-44","2019",20.841,,,,"R1:3513"
"IRN","BA:675","EMP_DWAP_SEX_AGE_RT","SEX_F","AGE_5YRBANDS_Y45-49","2019",18.749,,,,"R1:3513"
"IRN","BA:675","EMP_DWAP_SEX_AGE_RT","SEX_F","AGE_5YRBANDS_Y50-54","2019",13.852,,,,"R1:3513"
"IRN","BA:675","EMP_DWAP_SEX_AGE_RT","SEX_F","AGE_5YRBANDS_Y55-59","2019",9.758,,,,"R1:3513"
"IRN","BA:675","EMP_DWAP_SEX_AGE_RT","SEX_F","AGE_5YRBANDS_Y60-64","2019",6.609,,,,"R1:3513"
"IRN","BA:675","EMP_DWAP_SEX_AGE_RT","SEX_F","AGE_5YRBANDS_YGE65","2019",2.613,,,,"R1:3513"
"IRN","BA:675","EMP_DWAP_SEX_AGE_RT","SEX_T","AGE_YTHADULT_YGE15","2018",38.656,"B",,"I11:264","R1:3513"
"IRN","BA:675","EMP_DWAP_SEX_AGE_RT","SEX_T","AGE_YTHADULT_Y15-64","2018",41.138,"B",,"I11:264","R1:3513"
"IRN","BA:675","EMP_DWAP_SEX_AGE_RT","SEX_T","AGE_YTHADULT_Y15-24","2018",19.654,"B",,"I11:264","R1:3513"
"IRN","BA:675","EMP_DWAP_SEX_AGE_RT","SEX_T","AGE_YTHADULT_YGE25","2018",42.621,"B",,"I11:264","R1:3513"
"IRN","BA:675","EMP_DWAP_SEX_AGE_RT","SEX_M","AGE_YTHADULT_YGE15","2018",63.24,"B",,"I11:264","R1:3513"
"IRN","BA:675","EMP_DWAP_SEX_AGE_RT","SEX_M","AGE_YTHADULT_Y15-64","2018",66.985,"B",,"I11:264","R1:3513"
"IRN","BA:675","EMP_DWAP_SEX_AGE_RT","SEX_M","AGE_YTHADULT_Y15-24","2018",31.61,"B",,"I11:264","R1:3513"
"IRN","BA:675","EMP_DWAP_SEX_AGE_RT","SEX_M","AGE_YTHADULT_YGE25","2018",70.031,"B",,"I11:264","R1:3513"
"IRN","BA:675","EMP_DWAP_SEX_AGE_RT","SEX_F","AGE_YTHADULT_YGE15","2018",14.204,"B",,"I11:264","R1:3513"
"IRN","BA:675","EMP_DWAP_SEX_AGE_RT","SEX_F","AGE_YTHADULT_Y15-64","2018",15.298,"B",,"I11:264","R1:3513"
"IRN","BA:675","EMP_DWAP_SEX_AGE_RT","SEX_F","AGE_YTHADULT_Y15-24","2018",7.184,"B",,"I11:264","R1:3513"
"IRN","BA:675","EMP_DWAP_SEX_AGE_RT","SEX_F","AGE_YTHADULT_YGE25","2018",15.628,"B",,"I11:264","R1:3513"
"IRN","BA:675","EMP_DWAP_SEX_AGE_RT","SEX_T","AGE_AGGREGATE_YGE15","2018",38.656,"B",,"I11:264","R1:3513"
"IRN","BA:675","EMP_DWAP_SEX_AGE_RT","SEX_T","AGE_AGGREGATE_Y15-24","2018",19.654,"B",,"I11:264","R1:3513"
"IRN","BA:675","EMP_DWAP_SEX_AGE_RT","SEX_T","AGE_AGGREGATE_Y25-54","2018",49.363,"B",,"I11:264","R1:3513"
"IRN","BA:675","EMP_DWAP_SEX_AGE_RT","SEX_T","AGE_AGGREGATE_Y55-64","2018",27.689,"B",,"I11:264","R1:3513"
"IRN","BA:675","EMP_DWAP_SEX_AGE_RT","SEX_T","AGE_AGGREGATE_YGE65","2018",11.513,"B",,"I11:264","R1:3513"
"IRN","BA:675","EMP_DWAP_SEX_AGE_RT","SEX_M","AGE_AGGREGATE_YGE15","2018",63.24,"B",,"I11:264","R1:3513"
"IRN","BA:675","EMP_DWAP_SEX_AGE_RT","SEX_M","AGE_AGGREGATE_Y15-24","2018",31.61,"B",,"I11:264","R1:3513"
"IRN","BA:675","EMP_DWAP_SEX_AGE_RT","SEX_M","AGE_AGGREGATE_Y25-54","2018",80.632,"B",,"I11:264","R1:3513"
"IRN","BA:675","EMP_DWAP_SEX_AGE_RT","SEX_M","AGE_AGGREGATE_Y55-64","2018",46.535,"B",,"I11:264","R1:3513"
"IRN","BA:675","EMP_DWAP_SEX_AGE_RT","SEX_M","AGE_AGGREGATE_YGE65","2018",20.993,"B",,"I11:264","R1:3513"
"IRN","BA:675","EMP_DWAP_SEX_AGE_RT","SEX_F","AGE_AGGREGATE_YGE15","2018",14.204,"B",,"I11:264","R1:3513"
"IRN","BA:675","EMP_DWAP_SEX_AGE_RT","SEX_F","AGE_AGGREGATE_Y15-24","2018",7.184,"B",,"I11:264","R1:3513"
"IRN","BA:675","EMP_DWAP_SEX_AGE_RT","SEX_F","AGE_AGGREGATE_Y25-54","2018",18.674,"B",,"I11:264","R1:3513"
"IRN","BA:675","EMP_DWAP_SEX_AGE_RT","SEX_F","AGE_AGGREGATE_Y55-64","2018",8.099,"B",,"I11:264","R1:3513"
"IRN","BA:675","EMP_DWAP_SEX_AGE_RT","SEX_F","AGE_AGGREGATE_YGE65","2018",2.595,"B",,"I11:264","R1:3513"
"IRN","BA:675","EMP_DWAP_SEX_AGE_RT","SEX_T","AGE_10YRBANDS_YGE15","2018",38.656,"B",,"I11:264","R1:3513"
"IRN","BA:675","EMP_DWAP_SEX_AGE_RT","SEX_T","AGE_10YRBANDS_Y15-24","2018",19.654,"B",,"I11:264","R1:3513"
"IRN","BA:675","EMP_DWAP_SEX_AGE_RT","SEX_T","AGE_10YRBANDS_Y25-34","2018",46.633,"B",,"I11:264","R1:3513"
"IRN","BA:675","EMP_DWAP_SEX_AGE_RT","SEX_T","AGE_10YRBANDS_Y35-44","2018",54.13,"B",,"I11:264","R1:3513"
"IRN","BA:675","EMP_DWAP_SEX_AGE_RT","SEX_T","AGE_10YRBANDS_Y45-54","2018",47.081,"B",,"I11:264","R1:3513"
"IRN","BA:675","EMP_DWAP_SEX_AGE_RT","SEX_T","AGE_10YRBANDS_Y55-64","2018",27.689,"B",,"I11:264","R1:3513"
"IRN","BA:675","EMP_DWAP_SEX_AGE_RT","SEX_T","AGE_10YRBANDS_YGE65","2018",11.513,"B",,"I11:264","R1:3513"
"IRN","BA:675","EMP_DWAP_SEX_AGE_RT","SEX_M","AGE_10YRBANDS_YGE15","2018",63.24,"B",,"I11:264","R1:3513"
"IRN","BA:675","EMP_DWAP_SEX_AGE_RT","SEX_M","AGE_10YRBANDS_Y15-24","2018",31.61,"B",,"I11:264","R1:3513"
"IRN","BA:675","EMP_DWAP_SEX_AGE_RT","SEX_M","AGE_10YRBANDS_Y25-34","2018",77.413,"B",,"I11:264","R1:3513"
"IRN","BA:675","EMP_DWAP_SEX_AGE_RT","SEX_M","AGE_10YRBANDS_Y35-44","2018",87.02,"B",,"I11:264","R1:3513"
"IRN","BA:675","EMP_DWAP_SEX_AGE_RT","SEX_M","AGE_10YRBANDS_Y45-54","2018",76.82,"B",,"I11:264","R1:3513"
"IRN","BA:675","EMP_DWAP_SEX_AGE_RT","SEX_M","AGE_10YRBANDS_Y55-64","2018",46.535,"B",,"I11:264","R1:3513"
"IRN","BA:675","EMP_DWAP_SEX_AGE_RT","SEX_M","AGE_10YRBANDS_YGE65","2018",20.993,"B",,"I11:264","R1:3513"
"IRN","BA:675","EMP_DWAP_SEX_AGE_RT","SEX_F","AGE_10YRBANDS_YGE15","2018",14.204,"B",,"I11:264","R1:3513"
"IRN","BA:675","EMP_DWAP_SEX_AGE_RT","SEX_F","AGE_10YRBANDS_Y15-24","2018",7.184,"B",,"I11:264","R1:3513"
"IRN","BA:675","EMP_DWAP_SEX_AGE_RT","SEX_F","AGE_10YRBANDS_Y25-34","2018",17.126,"B",,"I11:264","R1:3513"
"IRN","BA:675","EMP_DWAP_SEX_AGE_RT","SEX_F","AGE_10YRBANDS_Y35-44","2018",21.621,"B",,"I11:264","R1:3513"
"IRN","BA:675","EMP_DWAP_SEX_AGE_RT","SEX_F","AGE_10YRBANDS_Y45-54","2018",17.058,"B",,"I11:264","R1:3513"
"IRN","BA:675","EMP_DWAP_SEX_AGE_RT","SEX_F","AGE_10YRBANDS_Y55-64","2018",8.099,"B",,"I11:264","R1:3513"
"IRN","BA:675","EMP_DWAP_SEX_AGE_RT","SEX_F","AGE_10YRBANDS_YGE65","2018",2.595,"B",,"I11:264","R1:3513"
"IRN","BA:675","EMP_DWAP_SEX_AGE_RT","SEX_T","AGE_5YRBANDS_YGE15","2018",38.656,"B",,"I11:264","R1:3513"
"IRN","BA:675","EMP_DWAP_SEX_AGE_RT","SEX_T","AGE_5YRBANDS_Y15-19","2018",9.626,"B",,"I11:264","R1:3513"
"IRN","BA:675","EMP_DWAP_SEX_AGE_RT","SEX_T","AGE_5YRBANDS_Y20-24","2018",30.033,"B",,"I11:264","R1:3513"
"IRN","BA:675","EMP_DWAP_SEX_AGE_RT","SEX_T","AGE_5YRBANDS_Y25-29","2018",42.984,"B",,"I11:264","R1:3513"
"IRN","BA:675","EMP_DWAP_SEX_AGE_RT","SEX_T","AGE_5YRBANDS_Y30-34","2018",49.775,"B",,"I11:264","R1:3513"
"IRN","BA:675","EMP_DWAP_SEX_AGE_RT","SEX_T","AGE_5YRBANDS_Y35-39","2018",53.719,"B",,"I11:264","R1:3513"
"IRN","BA:675","EMP_DWAP_SEX_AGE_RT","SEX_T","AGE_5YRBANDS_Y40-44","2018",54.649,"B",,"I11:264","R1:3513"
"IRN","BA:675","EMP_DWAP_SEX_AGE_RT","SEX_T","AGE_5YRBANDS_Y45-49","2018",51.178,"B",,"I11:264","R1:3513"
"IRN","BA:675","EMP_DWAP_SEX_AGE_RT","SEX_T","AGE_5YRBANDS_Y50-54","2018",42.26,"B",,"I11:264","R1:3513"
"IRN","BA:675","EMP_DWAP_SEX_AGE_RT","SEX_T","AGE_5YRBANDS_Y55-59","2018",32.185,"B",,"I11:264","R1:3513"
"IRN","BA:675","EMP_DWAP_SEX_AGE_RT","SEX_T","AGE_5YRBANDS_Y60-64","2018",22.011,"B",,"I11:264","R1:3513"
"IRN","BA:675","EMP_DWAP_SEX_AGE_RT","SEX_T","AGE_5YRBANDS_YGE65","2018",11.513,"B",,"I11:264","R1:3513"
"IRN","BA:675","EMP_DWAP_SEX_AGE_RT","SEX_M","AGE_5YRBANDS_YGE15","2018",63.24,"B",,"I11:264","R1:3513"
"IRN","BA:675","EMP_DWAP_SEX_AGE_RT","SEX_M","AGE_5YRBANDS_Y15-19","2018",15.224,"B",,"I11:264","R1:3513"
"IRN","BA:675","EMP_DWAP_SEX_AGE_RT","SEX_M","AGE_5YRBANDS_Y20-24","2018",49.248,"B",,"I11:264","R1:3513"
"IRN","BA:675","EMP_DWAP_SEX_AGE_RT","SEX_M","AGE_5YRBANDS_Y25-29","2018",70.91,"B",,"I11:264","R1:3513"
"IRN","BA:675","EMP_DWAP_SEX_AGE_RT","SEX_M","AGE_5YRBANDS_Y30-34","2018",83.074,"B",,"I11:264","R1:3513"
"IRN","BA:675","EMP_DWAP_SEX_AGE_RT","SEX_M","AGE_5YRBANDS_Y35-39","2018",86.869,"B",,"I11:264","R1:3513"
"IRN","BA:675","EMP_DWAP_SEX_AGE_RT","SEX_M","AGE_5YRBANDS_Y40-44","2018",87.209,"B",,"I11:264","R1:3513"
"IRN","BA:675","EMP_DWAP_SEX_AGE_RT","SEX_M","AGE_5YRBANDS_Y45-49","2018",82.689,"B",,"I11:264","R1:3513"
"IRN","BA:675","EMP_DWAP_SEX_AGE_RT","SEX_M","AGE_5YRBANDS_Y50-54","2018",69.897,"B",,"I11:264","R1:3513"
"IRN","BA:675","EMP_DWAP_SEX_AGE_RT","SEX_M","AGE_5YRBANDS_Y55-59","2018",54.597,"B",,"I11:264","R1:3513"
"IRN","BA:675","EMP_DWAP_SEX_AGE_RT","SEX_M","AGE_5YRBANDS_Y60-64","2018",36.607,"B",,"I11:264","R1:3513"
"IRN","BA:675","EMP_DWAP_SEX_AGE_RT","SEX_M","AGE_5YRBANDS_YGE65","2018",20.993,"B",,"I11:264","R1:3513"
"IRN","BA:675","EMP_DWAP_SEX_AGE_RT","SEX_F","AGE_5YRBANDS_YGE15","2018",14.204,"B",,"I11:264","R1:3513"
"IRN","BA:675","EMP_DWAP_SEX_AGE_RT","SEX_F","AGE_5YRBANDS_Y15-19","2018",3.554,"B",,"I11:264","R1:3513"
"IRN","BA:675","EMP_DWAP_SEX_AGE_RT","SEX_F","AGE_5YRBANDS_Y20-24","2018",10.791,"B",,"I11:264","R1:3513"
"IRN","BA:675","EMP_DWAP_SEX_AGE_RT","SEX_F","AGE_5YRBANDS_Y25-29","2018",15.904,"B",,"I11:264","R1:3513"
"IRN","BA:675","EMP_DWAP_SEX_AGE_RT","SEX_F","AGE_5YRBANDS_Y30-34","2018",18.168,"B",,"I11:264","R1:3513"
"IRN","BA:675","EMP_DWAP_SEX_AGE_RT","SEX_F","AGE_5YRBANDS_Y35-39","2018",21.339,"B",,"I11:264","R1:3513"
"IRN","BA:675","EMP_DWAP_SEX_AGE_RT","SEX_F","AGE_5YRBANDS_Y40-44","2018",21.983,"B",,"I11:264","R1:3513"
"IRN","BA:675","EMP_DWAP_SEX_AGE_RT","SEX_F","AGE_5YRBANDS_Y45-49","2018",19.293,"B",,"I11:264","R1:3513"
"IRN","BA:675","EMP_DWAP_SEX_AGE_RT","SEX_F","AGE_5YRBANDS_Y50-54","2018",14.434,"B",,"I11:264","R1:3513"
"IRN","BA:675","EMP_DWAP_SEX_AGE_RT","SEX_F","AGE_5YRBANDS_Y55-59","2018",9.41,"B",,"I11:264","R1:3513"
"IRN","BA:675","EMP_DWAP_SEX_AGE_RT","SEX_F","AGE_5YRBANDS_Y60-64","2018",6.399,"B",,"I11:264","R1:3513"
"IRN","BA:675","EMP_DWAP_SEX_AGE_RT","SEX_F","AGE_5YRBANDS_YGE65","2018",2.595,"B",,"I11:264","R1:3513"
"IRN","BA:675","EMP_DWAP_SEX_AGE_RT","SEX_T","AGE_YTHADULT_YGE15","2017",38.386,,,,"R1:3513"
"IRN","BA:675","EMP_DWAP_SEX_AGE_RT","SEX_T","AGE_YTHADULT_Y15-64","2017",40.831,,,,"R1:3513"
"IRN","BA:675","EMP_DWAP_SEX_AGE_RT","SEX_T","AGE_YTHADULT_Y15-24","2017",19.815,,,,"R1:3513"
"IRN","BA:675","EMP_DWAP_SEX_AGE_RT","SEX_T","AGE_YTHADULT_YGE25","2017",42.398,,,,"R1:3513"
"IRN","BA:675","EMP_DWAP_SEX_AGE_RT","SEX_M","AGE_YTHADULT_YGE15","2017",62.735,,,,"R1:3513"
"IRN","BA:675","EMP_DWAP_SEX_AGE_RT","SEX_M","AGE_YTHADULT_Y15-64","2017",66.497,,,,"R1:3513"
"IRN","BA:675","EMP_DWAP_SEX_AGE_RT","SEX_M","AGE_YTHADULT_Y15-24","2017",31.997,,,,"R1:3513"
"IRN","BA:675","EMP_DWAP_SEX_AGE_RT","SEX_M","AGE_YTHADULT_YGE25","2017",69.598,,,,"R1:3513"
"IRN","BA:675","EMP_DWAP_SEX_AGE_RT","SEX_F","AGE_YTHADULT_YGE15","2017",13.933,,,,"R1:3513"
"IRN","BA:675","EMP_DWAP_SEX_AGE_RT","SEX_F","AGE_YTHADULT_Y15-64","2017",14.991,,,,"R1:3513"
"IRN","BA:675","EMP_DWAP_SEX_AGE_RT","SEX_F","AGE_YTHADULT_Y15-24","2017",6.897,,,,"R1:3513"
"IRN","BA:675","EMP_DWAP_SEX_AGE_RT","SEX_F","AGE_YTHADULT_YGE25","2017",15.403,,,,"R1:3513"
"IRN","BA:675","EMP_DWAP_SEX_AGE_RT","SEX_T","AGE_AGGREGATE_YGE15","2017",38.386,,,,"R1:3513"
"IRN","BA:675","EMP_DWAP_SEX_AGE_RT","SEX_T","AGE_AGGREGATE_Y15-24","2017",19.815,,,,"R1:3513"
"IRN","BA:675","EMP_DWAP_SEX_AGE_RT","SEX_T","AGE_AGGREGATE_Y25-54","2017",49.319,,,,"R1:3513"
"IRN","BA:675","EMP_DWAP_SEX_AGE_RT","SEX_T","AGE_AGGREGATE_Y55-64","2017",27.554,,,,"R1:3513"
"IRN","BA:675","EMP_DWAP_SEX_AGE_RT","SEX_T","AGE_AGGREGATE_YGE65","2017",11.27,,,,"R1:3513"
"IRN","BA:675","EMP_DWAP_SEX_AGE_RT","SEX_M","AGE_AGGREGATE_YGE15","2017",62.735,,,,"R1:3513"
"IRN","BA:675","EMP_DWAP_SEX_AGE_RT","SEX_M","AGE_AGGREGATE_Y15-24","2017",31.997,,,,"R1:3513"
"IRN","BA:675","EMP_DWAP_SEX_AGE_RT","SEX_M","AGE_AGGREGATE_Y25-54","2017",80.284,,,,"R1:3513"
"IRN","BA:675","EMP_DWAP_SEX_AGE_RT","SEX_M","AGE_AGGREGATE_Y55-64","2017",47.334,,,,"R1:3513"
"IRN","BA:675","EMP_DWAP_SEX_AGE_RT","SEX_M","AGE_AGGREGATE_YGE65","2017",20.38,,,,"R1:3513"
"IRN","BA:675","EMP_DWAP_SEX_AGE_RT","SEX_F","AGE_AGGREGATE_YGE15","2017",13.933,,,,"R1:3513"
"IRN","BA:675","EMP_DWAP_SEX_AGE_RT","SEX_F","AGE_AGGREGATE_Y15-24","2017",6.897,,,,"R1:3513"
"IRN","BA:675","EMP_DWAP_SEX_AGE_RT","SEX_F","AGE_AGGREGATE_Y25-54","2017",18.584,,,,"R1:3513"
"IRN","BA:675","EMP_DWAP_SEX_AGE_RT","SEX_F","AGE_AGGREGATE_Y55-64","2017",7.706,,,,"R1:3513"
"IRN","BA:675","EMP_DWAP_SEX_AGE_RT","SEX_F","AGE_AGGREGATE_YGE65","2017",2.373,,,,"R1:3513"
"IRN","BA:675","EMP_DWAP_SEX_AGE_RT","SEX_T","AGE_10YRBANDS_YGE15","2017",38.386,,,,"R1:3513"
"IRN","BA:675","EMP_DWAP_SEX_AGE_RT","SEX_T","AGE_10YRBANDS_Y15-24","2017",19.815,,,,"R1:3513"
"IRN","BA:675","EMP_DWAP_SEX_AGE_RT","SEX_T","AGE_10YRBANDS_Y25-34","2017",47.426,,,,"R1:3513"
"IRN","BA:675","EMP_DWAP_SEX_AGE_RT","SEX_T","AGE_10YRBANDS_Y35-44","2017",54.167,,,,"R1:3513"
"IRN","BA:675","EMP_DWAP_SEX_AGE_RT","SEX_T","AGE_10YRBANDS_Y45-54","2017",45.888,,,,"R1:3513"
"IRN","BA:675","EMP_DWAP_SEX_AGE_RT","SEX_T","AGE_10YRBANDS_Y55-64","2017",27.554,,,,"R1:3513"
"IRN","BA:675","EMP_DWAP_SEX_AGE_RT","SEX_T","AGE_10YRBANDS_YGE65","2017",11.27,,,,"R1:3513"
"IRN","BA:675","EMP_DWAP_SEX_AGE_RT","SEX_M","AGE_10YRBANDS_YGE15","2017",62.735,,,,"R1:3513"
"IRN","BA:675","EMP_DWAP_SEX_AGE_RT","SEX_M","AGE_10YRBANDS_Y15-24","2017",31.997,,,,"R1:3513"
"IRN","BA:675","EMP_DWAP_SEX_AGE_RT","SEX_M","AGE_10YRBANDS_Y25-34","2017",77.451,,,,"R1:3513"
"IRN","BA:675","EMP_DWAP_SEX_AGE_RT","SEX_M","AGE_10YRBANDS_Y35-44","2017",86.95,,,,"R1:3513"
"IRN","BA:675","EMP_DWAP_SEX_AGE_RT","SEX_M","AGE_10YRBANDS_Y45-54","2017",75.876,,,,"R1:3513"
"IRN","BA:675","EMP_DWAP_SEX_AGE_RT","SEX_M","AGE_10YRBANDS_Y55-64","2017",47.334,,,,"R1:3513"
"IRN","BA:675","EMP_DWAP_SEX_AGE_RT","SEX_M","AGE_10YRBANDS_YGE65","2017",20.38,,,,"R1:3513"
"IRN","BA:675","EMP_DWAP_SEX_AGE_RT","SEX_F","AGE_10YRBANDS_YGE15","2017",13.933,,,,"R1:3513"
"IRN","BA:675","EMP_DWAP_SEX_AGE_RT","SEX_F","AGE_10YRBANDS_Y15-24","2017",6.897,,,,"R1:3513"
"IRN","BA:675","EMP_DWAP_SEX_AGE_RT","SEX_F","AGE_10YRBANDS_Y25-34","2017",17.677,,,,"R1:3513"
"IRN","BA:675","EMP_DWAP_SEX_AGE_RT","SEX_F","AGE_10YRBANDS_Y35-44","2017",21.409,,,,"R1:3513"
"IRN","BA:675","EMP_DWAP_SEX_AGE_RT","SEX_F","AGE_10YRBANDS_Y45-54","2017",16.3,,,,"R1:3513"
"IRN","BA:675","EMP_DWAP_SEX_AGE_RT","SEX_F","AGE_10YRBANDS_Y55-64","2017",7.706,,,,"R1:3513"
"IRN","BA:675","EMP_DWAP_SEX_AGE_RT","SEX_F","AGE_10YRBANDS_YGE65","2017",2.373,,,,"R1:3513"
"IRN","BA:675","EMP_DWAP_SEX_AGE_RT","SEX_T","AGE_5YRBANDS_YGE15","2017",38.386,,,,"R1:3513"
"IRN","BA:675","EMP_DWAP_SEX_AGE_RT","SEX_T","AGE_5YRBANDS_Y15-19","2017",10.256,,,,"R1:3513"
"IRN","BA:675","EMP_DWAP_SEX_AGE_RT","SEX_T","AGE_5YRBANDS_Y20-24","2017",29.408,,,,"R1:3513"
"IRN","BA:675","EMP_DWAP_SEX_AGE_RT","SEX_T","AGE_5YRBANDS_Y25-29","2017",43.377,,,,"R1:3513"
"IRN","BA:675","EMP_DWAP_SEX_AGE_RT","SEX_T","AGE_5YRBANDS_Y30-34","2017",51.004,,,,"R1:3513"
"IRN","BA:675","EMP_DWAP_SEX_AGE_RT","SEX_T","AGE_5YRBANDS_Y35-39","2017",53.666,,,,"R1:3513"
"IRN","BA:675","EMP_DWAP_SEX_AGE_RT","SEX_T","AGE_5YRBANDS_Y40-44","2017",54.799,,,,"R1:3513"
"IRN","BA:675","EMP_DWAP_SEX_AGE_RT","SEX_T","AGE_5YRBANDS_Y45-49","2017",50.472,,,,"R1:3513"
"IRN","BA:675","EMP_DWAP_SEX_AGE_RT","SEX_T","AGE_5YRBANDS_Y50-54","2017",40.568,,,,"R1:3513"
"IRN","BA:675","EMP_DWAP_SEX_AGE_RT","SEX_T","AGE_5YRBANDS_Y55-59","2017",31.412,,,,"R1:3513"
"IRN","BA:675","EMP_DWAP_SEX_AGE_RT","SEX_T","AGE_5YRBANDS_Y60-64","2017",22.823,,,,"R1:3513"
"IRN","BA:675","EMP_DWAP_SEX_AGE_RT","SEX_T","AGE_5YRBANDS_YGE65","2017",11.27,,,,"R1:3513"
"IRN","BA:675","EMP_DWAP_SEX_AGE_RT","SEX_M","AGE_5YRBANDS_YGE15","2017",62.735,,,,"R1:3513"
"IRN","BA:675","EMP_DWAP_SEX_AGE_RT","SEX_M","AGE_5YRBANDS_Y15-19","2017",16.332,,,,"R1:3513"
"IRN","BA:675","EMP_DWAP_SEX_AGE_RT","SEX_M","AGE_5YRBANDS_Y20-24","2017",48.118,,,,"R1:3513"
"IRN","BA:675","EMP_DWAP_SEX_AGE_RT","SEX_M","AGE_5YRBANDS_Y25-29","2017",71.156,,,,"R1:3513"
"IRN","BA:675","EMP_DWAP_SEX_AGE_RT","SEX_M","AGE_5YRBANDS_Y30-34","2017",83.043,,,,"R1:3513"
"IRN","BA:675","EMP_DWAP_SEX_AGE_RT","SEX_M","AGE_5YRBANDS_Y35-39","2017",86.737,,,,"R1:3513"
"IRN","BA:675","EMP_DWAP_SEX_AGE_RT","SEX_M","AGE_5YRBANDS_Y40-44","2017",87.216,,,,"R1:3513"
"IRN","BA:675","EMP_DWAP_SEX_AGE_RT","SEX_M","AGE_5YRBANDS_Y45-49","2017",81.848,,,,"R1:3513"
"IRN","BA:675","EMP_DWAP_SEX_AGE_RT","SEX_M","AGE_5YRBANDS_Y50-54","2017",68.812,,,,"R1:3513"
"IRN","BA:675","EMP_DWAP_SEX_AGE_RT","SEX_M","AGE_5YRBANDS_Y55-59","2017",54.026,,,,"R1:3513"
"IRN","BA:675","EMP_DWAP_SEX_AGE_RT","SEX_M","AGE_5YRBANDS_Y60-64","2017",39.13,,,,"R1:3513"
"IRN","BA:675","EMP_DWAP_SEX_AGE_RT","SEX_M","AGE_5YRBANDS_YGE65","2017",20.38,,,,"R1:3513"
"IRN","BA:675","EMP_DWAP_SEX_AGE_RT","SEX_F","AGE_5YRBANDS_YGE15","2017",13.933,,,,"R1:3513"
"IRN","BA:675","EMP_DWAP_SEX_AGE_RT","SEX_F","AGE_5YRBANDS_Y15-19","2017",3.646,,,,"R1:3513"
"IRN","BA:675","EMP_DWAP_SEX_AGE_RT","SEX_F","AGE_5YRBANDS_Y20-24","2017",10.075,,,,"R1:3513"
"IRN","BA:675","EMP_DWAP_SEX_AGE_RT","SEX_F","AGE_5YRBANDS_Y25-29","2017",15.71,,,,"R1:3513"
"IRN","BA:675","EMP_DWAP_SEX_AGE_RT","SEX_F","AGE_5YRBANDS_Y30-34","2017",19.407,,,,"R1:3513"
"IRN","BA:675","EMP_DWAP_SEX_AGE_RT","SEX_F","AGE_5YRBANDS_Y35-39","2017",20.879,,,,"R1:3513"
"IRN","BA:675","EMP_DWAP_SEX_AGE_RT","SEX_F","AGE_5YRBANDS_Y40-44","2017",22.083,,,,"R1:3513"
"IRN","BA:675","EMP_DWAP_SEX_AGE_RT","SEX_F","AGE_5YRBANDS_Y45-49","2017",18.969,,,,"R1:3513"
"IRN","BA:675","EMP_DWAP_SEX_AGE_RT","SEX_F","AGE_5YRBANDS_Y50-54","2017",13.26,,,,"R1:3513"
"IRN","BA:675","EMP_DWAP_SEX_AGE_RT","SEX_F","AGE_5YRBANDS_Y55-59","2017",8.73,,,,"R1:3513"
"IRN","BA:675","EMP_DWAP_SEX_AGE_RT","SEX_F","AGE_5YRBANDS_Y60-64","2017",6.45,,,,"R1:3513"
"IRN","BA:675","EMP_DWAP_SEX_AGE_RT","SEX_F","AGE_5YRBANDS_YGE65","2017",2.373,,,,"R1:3513"
"IRN","BA:675","EMP_DWAP_SEX_AGE_RT","SEX_T","AGE_YTHADULT_YGE15","2016",37.212,,,,"R1:3513"
"IRN","BA:675","EMP_DWAP_SEX_AGE_RT","SEX_T","AGE_YTHADULT_Y15-64","2016",39.381,,,,"R1:3513"
"IRN","BA:675","EMP_DWAP_SEX_AGE_RT","SEX_T","AGE_YTHADULT_Y15-24","2016",18.72,,,,"R1:3513"
"IRN","BA:675","EMP_DWAP_SEX_AGE_RT","SEX_T","AGE_YTHADULT_YGE25","2016",41.5,,,,"R1:3513"
"IRN","BA:675","EMP_DWAP_SEX_AGE_RT","SEX_M","AGE_YTHADULT_YGE15","2016",61.809,,,,"R1:3513"
"IRN","BA:675","EMP_DWAP_SEX_AGE_RT","SEX_M","AGE_YTHADULT_Y15-64","2016",65.047,,,,"R1:3513"
"IRN","BA:675","EMP_DWAP_SEX_AGE_RT","SEX_M","AGE_YTHADULT_Y15-24","2016",30.635,,,,"R1:3513"
"IRN","BA:675","EMP_DWAP_SEX_AGE_RT","SEX_M","AGE_YTHADULT_YGE25","2016",69.337,,,,"R1:3513"
"IRN","BA:675","EMP_DWAP_SEX_AGE_RT","SEX_F","AGE_YTHADULT_YGE15","2016",12.88,,,,"R1:3513"
"IRN","BA:675","EMP_DWAP_SEX_AGE_RT","SEX_F","AGE_YTHADULT_Y15-64","2016",13.796,,,,"R1:3513"
"IRN","BA:675","EMP_DWAP_SEX_AGE_RT","SEX_F","AGE_YTHADULT_Y15-24","2016",6.119,,,,"R1:3513"
"IRN","BA:675","EMP_DWAP_SEX_AGE_RT","SEX_F","AGE_YTHADULT_YGE25","2016",14.384,,,,"R1:3513"
"IRN","BA:675","EMP_DWAP_SEX_AGE_RT","SEX_T","AGE_AGGREGATE_YGE15","2016",37.212,,,,"R1:3513"
"IRN","BA:675","EMP_DWAP_SEX_AGE_RT","SEX_T","AGE_AGGREGATE_Y15-24","2016",18.72,,,,"R1:3513"
"IRN","BA:675","EMP_DWAP_SEX_AGE_RT","SEX_T","AGE_AGGREGATE_Y25-54","2016",47.923,,,,"R1:3513"
"IRN","BA:675","EMP_DWAP_SEX_AGE_RT","SEX_T","AGE_AGGREGATE_Y55-64","2016",27.054,,,,"R1:3513"
"IRN","BA:675","EMP_DWAP_SEX_AGE_RT","SEX_T","AGE_AGGREGATE_YGE65","2016",10.905,,,,"R1:3513"
"IRN","BA:675","EMP_DWAP_SEX_AGE_RT","SEX_M","AGE_AGGREGATE_YGE15","2016",61.809,,,,"R1:3513"
"IRN","BA:675","EMP_DWAP_SEX_AGE_RT","SEX_M","AGE_AGGREGATE_Y15-24","2016",30.635,,,,"R1:3513"
"IRN","BA:675","EMP_DWAP_SEX_AGE_RT","SEX_M","AGE_AGGREGATE_Y25-54","2016",79.374,,,,"R1:3513"
"IRN","BA:675","EMP_DWAP_SEX_AGE_RT","SEX_M","AGE_AGGREGATE_Y55-64","2016",46.491,,,,"R1:3513"
"IRN","BA:675","EMP_DWAP_SEX_AGE_RT","SEX_M","AGE_AGGREGATE_YGE65","2016",20.451,,,,"R1:3513"
"IRN","BA:675","EMP_DWAP_SEX_AGE_RT","SEX_F","AGE_AGGREGATE_YGE15","2016",12.88,,,,"R1:3513"
"IRN","BA:675","EMP_DWAP_SEX_AGE_RT","SEX_F","AGE_AGGREGATE_Y15-24","2016",6.119,,,,"R1:3513"
"IRN","BA:675","EMP_DWAP_SEX_AGE_RT","SEX_F","AGE_AGGREGATE_Y25-54","2016",17.179,,,,"R1:3513"
"IRN","BA:675","EMP_DWAP_SEX_AGE_RT","SEX_F","AGE_AGGREGATE_Y55-64","2016",7.508,,,,"R1:3513"
"IRN","BA:675","EMP_DWAP_SEX_AGE_RT","SEX_F","AGE_AGGREGATE_YGE65","2016",2.293,,,,"R1:3513"
"IRN","BA:675","EMP_DWAP_SEX_AGE_RT","SEX_T","AGE_10YRBANDS_YGE15","2016",37.212,,,,"R1:3513"
"IRN","BA:675","EMP_DWAP_SEX_AGE_RT","SEX_T","AGE_10YRBANDS_Y15-24","2016",18.72,,,,"R1:3513"
"IRN","BA:675","EMP_DWAP_SEX_AGE_RT","SEX_T","AGE_10YRBANDS_Y25-34","2016",45.816,,,,"R1:3513"
"IRN","BA:675","EMP_DWAP_SEX_AGE_RT","SEX_T","AGE_10YRBANDS_Y35-44","2016",52.933,,,,"R1:3513"
"IRN","BA:675","EMP_DWAP_SEX_AGE_RT","SEX_T","AGE_10YRBANDS_Y45-54","2016",44.788,,,,"R1:3513"
"IRN","BA:675","EMP_DWAP_SEX_AGE_RT","SEX_T","AGE_10YRBANDS_Y55-64","2016",27.054,,,,"R1:3513"
"IRN","BA:675","EMP_DWAP_SEX_AGE_RT","SEX_T","AGE_10YRBANDS_YGE65","2016",10.905,,,,"R1:3513"
"IRN","BA:675","EMP_DWAP_SEX_AGE_RT","SEX_M","AGE_10YRBANDS_YGE15","2016",61.809,,,,"R1:3513"
"IRN","BA:675","EMP_DWAP_SEX_AGE_RT","SEX_M","AGE_10YRBANDS_Y15-24","2016",30.635,,,,"R1:3513"
"IRN","BA:675","EMP_DWAP_SEX_AGE_RT","SEX_M","AGE_10YRBANDS_Y25-34","2016",76.359,,,,"R1:3513"
"IRN","BA:675","EMP_DWAP_SEX_AGE_RT","SEX_M","AGE_10YRBANDS_Y35-44","2016",86.578,,,,"R1:3513"
"IRN","BA:675","EMP_DWAP_SEX_AGE_RT","SEX_M","AGE_10YRBANDS_Y45-54","2016",74.835,,,,"R1:3513"
"IRN","BA:675","EMP_DWAP_SEX_AGE_RT","SEX_M","AGE_10YRBANDS_Y55-64","2016",46.491,,,,"R1:3513"
"IRN","BA:675","EMP_DWAP_SEX_AGE_RT","SEX_M","AGE_10YRBANDS_YGE65","2016",20.451,,,,"R1:3513"
"IRN","BA:675","EMP_DWAP_SEX_AGE_RT","SEX_F","AGE_10YRBANDS_YGE15","2016",12.88,,,,"R1:3513"
"IRN","BA:675","EMP_DWAP_SEX_AGE_RT","SEX_F","AGE_10YRBANDS_Y15-24","2016",6.119,,,,"R1:3513"
"IRN","BA:675","EMP_DWAP_SEX_AGE_RT","SEX_F","AGE_10YRBANDS_Y25-34","2016",16.038,,,,"R1:3513"
"IRN","BA:675","EMP_DWAP_SEX_AGE_RT","SEX_F","AGE_10YRBANDS_Y35-44","2016",20.003,,,,"R1:3513"
"IRN","BA:675","EMP_DWAP_SEX_AGE_RT","SEX_F","AGE_10YRBANDS_Y45-54","2016",15.34,,,,"R1:3513"
"IRN","BA:675","EMP_DWAP_SEX_AGE_RT","SEX_F","AGE_10YRBANDS_Y55-64","2016",7.508,,,,"R1:3513"
"IRN","BA:675","EMP_DWAP_SEX_AGE_RT","SEX_F","AGE_10YRBANDS_YGE65","2016",2.293,,,,"R1:3513"
"IRN","BA:675","EMP_DWAP_SEX_AGE_RT","SEX_T","AGE_5YRBANDS_YGE15","2016",37.212,,,,"R1:3513"
"IRN","BA:675","EMP_DWAP_SEX_AGE_RT","SEX_T","AGE_5YRBANDS_Y15-19","2016",9.244,,,,"R1:3513"
"IRN","BA:675","EMP_DWAP_SEX_AGE_RT","SEX_T","AGE_5YRBANDS_Y20-24","2016",27.762,,,,"R1:3513"
"IRN","BA:675","EMP_DWAP_SEX_AGE_RT","SEX_T","AGE_5YRBANDS_Y25-29","2016",42.19,,,,"R1:3513"
"IRN","BA:675","EMP_DWAP_SEX_AGE_RT","SEX_T","AGE_5YRBANDS_Y30-34","2016",49.216,,,,"R1:3513"
"IRN","BA:675","EMP_DWAP_SEX_AGE_RT","SEX_T","AGE_5YRBANDS_Y35-39","2016",52.939,,,,"R1:3513"
"IRN","BA:675","EMP_DWAP_SEX_AGE_RT","SEX_T","AGE_5YRBANDS_Y40-44","2016",52.926,,,,"R1:3513"
"IRN","BA:675","EMP_DWAP_SEX_AGE_RT","SEX_T","AGE_5YRBANDS_Y45-49","2016",49.318,,,,"R1:3513"
"IRN","BA:675","EMP_DWAP_SEX_AGE_RT","SEX_T","AGE_5YRBANDS_Y50-54","2016",39.555,,,,"R1:3513"
"IRN","BA:675","EMP_DWAP_SEX_AGE_RT","SEX_T","AGE_5YRBANDS_Y55-59","2016",31.19,,,,"R1:3513"
"IRN","BA:675","EMP_DWAP_SEX_AGE_RT","SEX_T","AGE_5YRBANDS_Y60-64","2016",21.955,,,,"R1:3513"
"IRN","BA:675","EMP_DWAP_SEX_AGE_RT","SEX_T","AGE_5YRBANDS_YGE65","2016",10.905,,,,"R1:3513"
"IRN","BA:675","EMP_DWAP_SEX_AGE_RT","SEX_M","AGE_5YRBANDS_YGE15","2016",61.809,,,,"R1:3513"
"IRN","BA:675","EMP_DWAP_SEX_AGE_RT","SEX_M","AGE_5YRBANDS_Y15-19","2016",14.778,,,,"R1:3513"
"IRN","BA:675","EMP_DWAP_SEX_AGE_RT","SEX_M","AGE_5YRBANDS_Y20-24","2016",46.141,,,,"R1:3513"
"IRN","BA:675","EMP_DWAP_SEX_AGE_RT","SEX_M","AGE_5YRBANDS_Y25-29","2016",70.193,,,,"R1:3513"
"IRN","BA:675","EMP_DWAP_SEX_AGE_RT","SEX_M","AGE_5YRBANDS_Y30-34","2016",82.165,,,,"R1:3513"
"IRN","BA:675","EMP_DWAP_SEX_AGE_RT","SEX_M","AGE_5YRBANDS_Y35-39","2016",86.753,,,,"R1:3513"
"IRN","BA:675","EMP_DWAP_SEX_AGE_RT","SEX_M","AGE_5YRBANDS_Y40-44","2016",86.36,,,,"R1:3513"
"IRN","BA:675","EMP_DWAP_SEX_AGE_RT","SEX_M","AGE_5YRBANDS_Y45-49","2016",81.503,,,,"R1:3513"
"IRN","BA:675","EMP_DWAP_SEX_AGE_RT","SEX_M","AGE_5YRBANDS_Y50-54","2016",67.102,,,,"R1:3513"
"IRN","BA:675","EMP_DWAP_SEX_AGE_RT","SEX_M","AGE_5YRBANDS_Y55-59","2016",53.637,,,,"R1:3513"
"IRN","BA:675","EMP_DWAP_SEX_AGE_RT","SEX_M","AGE_5YRBANDS_Y60-64","2016",37.678,,,,"R1:3513"
"IRN","BA:675","EMP_DWAP_SEX_AGE_RT","SEX_M","AGE_5YRBANDS_YGE65","2016",20.451,,,,"R1:3513"
"IRN","BA:675","EMP_DWAP_SEX_AGE_RT","SEX_F","AGE_5YRBANDS_YGE15","2016",12.88,,,,"R1:3513"
"IRN","BA:675","EMP_DWAP_SEX_AGE_RT","SEX_F","AGE_5YRBANDS_Y15-19","2016",3.238,,,,"R1:3513"
"IRN","BA:675","EMP_DWAP_SEX_AGE_RT","SEX_F","AGE_5YRBANDS_Y20-24","2016",8.798,,,,"R1:3513"
"IRN","BA:675","EMP_DWAP_SEX_AGE_RT","SEX_F","AGE_5YRBANDS_Y25-29","2016",14.775,,,,"R1:3513"
"IRN","BA:675","EMP_DWAP_SEX_AGE_RT","SEX_F","AGE_5YRBANDS_Y30-34","2016",17.217,,,,"R1:3513"
"IRN","BA:675","EMP_DWAP_SEX_AGE_RT","SEX_F","AGE_5YRBANDS_Y35-39","2016",19.608,,,,"R1:3513"
"IRN","BA:675","EMP_DWAP_SEX_AGE_RT","SEX_F","AGE_5YRBANDS_Y40-44","2016",20.487,,,,"R1:3513"
"IRN","BA:675","EMP_DWAP_SEX_AGE_RT","SEX_F","AGE_5YRBANDS_Y45-49","2016",17.659,,,,"R1:3513"
"IRN","BA:675","EMP_DWAP_SEX_AGE_RT","SEX_F","AGE_5YRBANDS_Y50-54","2016",12.672,,,,"R1:3513"
"IRN","BA:675","EMP_DWAP_SEX_AGE_RT","SEX_F","AGE_5YRBANDS_Y55-59","2016",8.61,,,,"R1:3513"
"IRN","BA:675","EMP_DWAP_SEX_AGE_RT","SEX_F","AGE_5YRBANDS_Y60-64","2016",6.149,,,,"R1:3513"
"IRN","BA:675","EMP_DWAP_SEX_AGE_RT","SEX_F","AGE_5YRBANDS_YGE65","2016",2.293,,,,"R1:3513"
"IRN","BA:675","EMP_DWAP_SEX_AGE_RT","SEX_T","AGE_YTHADULT_YGE15","2015",36.736,,,,"R1:3513"
"IRN","BA:675","EMP_DWAP_SEX_AGE_RT","SEX_T","AGE_YTHADULT_Y15-64","2015",38.82,,,,"R1:3513"
"IRN","BA:675","EMP_DWAP_SEX_AGE_RT","SEX_T","AGE_YTHADULT_Y15-24","2015",18.437,,,,"R1:3513"
"IRN","BA:675","EMP_DWAP_SEX_AGE_RT","SEX_T","AGE_YTHADULT_YGE25","2015",41.248,,,,"R1:3513"
"IRN","BA:675","EMP_DWAP_SEX_AGE_RT","SEX_M","AGE_YTHADULT_YGE15","2015",62.147,,,,"R1:3513"
"IRN","BA:675","EMP_DWAP_SEX_AGE_RT","SEX_M","AGE_YTHADULT_Y15-64","2015",65.349,,,,"R1:3513"
"IRN","BA:675","EMP_DWAP_SEX_AGE_RT","SEX_M","AGE_YTHADULT_Y15-24","2015",30.926,,,,"R1:3513"
"IRN","BA:675","EMP_DWAP_SEX_AGE_RT","SEX_M","AGE_YTHADULT_YGE25","2015",70.072,,,,"R1:3513"
"IRN","BA:675","EMP_DWAP_SEX_AGE_RT","SEX_F","AGE_YTHADULT_YGE15","2015",11.603,,,,"R1:3513"
"IRN","BA:675","EMP_DWAP_SEX_AGE_RT","SEX_F","AGE_YTHADULT_Y15-64","2015",12.418,,,,"R1:3513"
"IRN","BA:675","EMP_DWAP_SEX_AGE_RT","SEX_F","AGE_YTHADULT_Y15-24","2015",5.493,,,,"R1:3513"
"IRN","BA:675","EMP_DWAP_SEX_AGE_RT","SEX_F","AGE_YTHADULT_YGE25","2015",13.066,,,,"R1:3513"
"IRN","BA:675","EMP_DWAP_SEX_AGE_RT","SEX_T","AGE_AGGREGATE_YGE15","2015",36.736,,,,"R1:3513"
"IRN","BA:675","EMP_DWAP_SEX_AGE_RT","SEX_T","AGE_AGGREGATE_Y15-24","2015",18.437,,,,"R1:3513"
"IRN","BA:675","EMP_DWAP_SEX_AGE_RT","SEX_T","AGE_AGGREGATE_Y25-54","2015",47.574,,,,"R1:3513"
"IRN","BA:675","EMP_DWAP_SEX_AGE_RT","SEX_T","AGE_AGGREGATE_Y55-64","2015",26.661,,,,"R1:3513"
"IRN","BA:675","EMP_DWAP_SEX_AGE_RT","SEX_T","AGE_AGGREGATE_YGE65","2015",11.082,,,,"R1:3513"
"IRN","BA:675","EMP_DWAP_SEX_AGE_RT","SEX_M","AGE_AGGREGATE_YGE15","2015",62.147,,,,"R1:3513"
"IRN","BA:675","EMP_DWAP_SEX_AGE_RT","SEX_M","AGE_AGGREGATE_Y15-24","2015",30.926,,,,"R1:3513"
"IRN","BA:675","EMP_DWAP_SEX_AGE_RT","SEX_M","AGE_AGGREGATE_Y25-54","2015",80.056,,,,"R1:3513"
"IRN","BA:675","EMP_DWAP_SEX_AGE_RT","SEX_M","AGE_AGGREGATE_Y55-64","2015",46.81,,,,"R1:3513"
"IRN","BA:675","EMP_DWAP_SEX_AGE_RT","SEX_M","AGE_AGGREGATE_YGE65","2015",21.028,,,,"R1:3513"
"IRN","BA:675","EMP_DWAP_SEX_AGE_RT","SEX_F","AGE_AGGREGATE_YGE15","2015",11.603,,,,"R1:3513"
"IRN","BA:675","EMP_DWAP_SEX_AGE_RT","SEX_F","AGE_AGGREGATE_Y15-24","2015",5.493,,,,"R1:3513"
"IRN","BA:675","EMP_DWAP_SEX_AGE_RT","SEX_F","AGE_AGGREGATE_Y25-54","2015",15.597,,,,"R1:3513"
"IRN","BA:675","EMP_DWAP_SEX_AGE_RT","SEX_F","AGE_AGGREGATE_Y55-64","2015",6.847,,,,"R1:3513"
"IRN","BA:675","EMP_DWAP_SEX_AGE_RT","SEX_F","AGE_AGGREGATE_YGE65","2015",1.965,,,,"R1:3513"
"IRN","BA:675","EMP_DWAP_SEX_AGE_RT","SEX_T","AGE_10YRBANDS_YGE15","2015",36.736,,,,"R1:3513"
"IRN","BA:675","EMP_DWAP_SEX_AGE_RT","SEX_T","AGE_10YRBANDS_Y15-24","2015",18.437,,,,"R1:3513"
"IRN","BA:675","EMP_DWAP_SEX_AGE_RT","SEX_T","AGE_10YRBANDS_Y25-34","2015",45.957,,,,"R1:3513"
"IRN","BA:675","EMP_DWAP_SEX_AGE_RT","SEX_T","AGE_10YRBANDS_Y35-44","2015",52.408,,,,"R1:3513"
"IRN","BA:675","EMP_DWAP_SEX_AGE_RT","SEX_T","AGE_10YRBANDS_Y45-54","2015",44.088,,,,"R1:3513"
"IRN","BA:675","EMP_DWAP_SEX_AGE_RT","SEX_T","AGE_10YRBANDS_Y55-64","2015",26.661,,,,"R1:3513"
"IRN","BA:675","EMP_DWAP_SEX_AGE_RT","SEX_T","AGE_10YRBANDS_YGE65","2015",11.082,,,,"R1:3513"
"IRN","BA:675","EMP_DWAP_SEX_AGE_RT","SEX_M","AGE_10YRBANDS_YGE15","2015",62.147,,,,"R1:3513"
"IRN","BA:675","EMP_DWAP_SEX_AGE_RT","SEX_M","AGE_10YRBANDS_Y15-24","2015",30.926,,,,"R1:3513"
"IRN","BA:675","EMP_DWAP_SEX_AGE_RT","SEX_M","AGE_10YRBANDS_Y25-34","2015",77.446,,,,"R1:3513"
"IRN","BA:675","EMP_DWAP_SEX_AGE_RT","SEX_M","AGE_10YRBANDS_Y35-44","2015",87.382,,,,"R1:3513"
"IRN","BA:675","EMP_DWAP_SEX_AGE_RT","SEX_M","AGE_10YRBANDS_Y45-54","2015",75.091,,,,"R1:3513"
"IRN","BA:675","EMP_DWAP_SEX_AGE_RT","SEX_M","AGE_10YRBANDS_Y55-64","2015",46.81,,,,"R1:3513"
"IRN","BA:675","EMP_DWAP_SEX_AGE_RT","SEX_M","AGE_10YRBANDS_YGE65","2015",21.028,,,,"R1:3513"
"IRN","BA:675","EMP_DWAP_SEX_AGE_RT","SEX_F","AGE_10YRBANDS_YGE15","2015",11.603,,,,"R1:3513"
"IRN","BA:675","EMP_DWAP_SEX_AGE_RT","SEX_F","AGE_10YRBANDS_Y15-24","2015",5.493,,,,"R1:3513"
"IRN","BA:675","EMP_DWAP_SEX_AGE_RT","SEX_F","AGE_10YRBANDS_Y25-34","2015",14.822,,,,"R1:3513"
"IRN","BA:675","EMP_DWAP_SEX_AGE_RT","SEX_F","AGE_10YRBANDS_Y35-44","2015",18.253,,,,"R1:3513"
"IRN","BA:675","EMP_DWAP_SEX_AGE_RT","SEX_F","AGE_10YRBANDS_Y45-54","2015",13.474,,,,"R1:3513"
"IRN","BA:675","EMP_DWAP_SEX_AGE_RT","SEX_F","AGE_10YRBANDS_Y55-64","2015",6.847,,,,"R1:3513"
"IRN","BA:675","EMP_DWAP_SEX_AGE_RT","SEX_F","AGE_10YRBANDS_YGE65","2015",1.965,,,,"R1:3513"
"IRN","BA:675","EMP_DWAP_SEX_AGE_RT","SEX_T","AGE_5YRBANDS_YGE15","2015",36.736,,,,"R1:3513"
"IRN","BA:675","EMP_DWAP_SEX_AGE_RT","SEX_T","AGE_5YRBANDS_Y15-19","2015",8.799,,,,"R1:3513"
"IRN","BA:675","EMP_DWAP_SEX_AGE_RT","SEX_T","AGE_5YRBANDS_Y20-24","2015",26.887,,,,"R1:3513"
"IRN","BA:675","EMP_DWAP_SEX_AGE_RT","SEX_T","AGE_5YRBANDS_Y25-29","2015",42.123,,,,"R1:3513"
"IRN","BA:675","EMP_DWAP_SEX_AGE_RT","SEX_T","AGE_5YRBANDS_Y30-34","2015",49.825,,,,"R1:3513"
"IRN","BA:675","EMP_DWAP_SEX_AGE_RT","SEX_T","AGE_5YRBANDS_Y35-39","2015",52.015,,,,"R1:3513"
"IRN","BA:675","EMP_DWAP_SEX_AGE_RT","SEX_T","AGE_5YRBANDS_Y40-44","2015",52.873,,,,"R1:3513"
"IRN","BA:675","EMP_DWAP_SEX_AGE_RT","SEX_T","AGE_5YRBANDS_Y45-49","2015",48.193,,,,"R1:3513"
"IRN","BA:675","EMP_DWAP_SEX_AGE_RT","SEX_T","AGE_5YRBANDS_Y50-54","2015",39.581,,,,"R1:3513"
"IRN","BA:675","EMP_DWAP_SEX_AGE_RT","SEX_T","AGE_5YRBANDS_Y55-59","2015",30.66,,,,"R1:3513"
"IRN","BA:675","EMP_DWAP_SEX_AGE_RT","SEX_T","AGE_5YRBANDS_Y60-64","2015",21.666,,,,"R1:3513"
"IRN","BA:675","EMP_DWAP_SEX_AGE_RT","SEX_T","AGE_5YRBANDS_YGE65","2015",11.082,,,,"R1:3513"
"IRN","BA:675","EMP_DWAP_SEX_AGE_RT","SEX_M","AGE_5YRBANDS_YGE15","2015",62.147,,,,"R1:3513"
"IRN","BA:675","EMP_DWAP_SEX_AGE_RT","SEX_M","AGE_5YRBANDS_Y15-19","2015",14.1,,,,"R1:3513"
"IRN","BA:675","EMP_DWAP_SEX_AGE_RT","SEX_M","AGE_5YRBANDS_Y20-24","2015",46.086,,,,"R1:3513"
"IRN","BA:675","EMP_DWAP_SEX_AGE_RT","SEX_M","AGE_5YRBANDS_Y25-29","2015",70.94,,,,"R1:3513"
"IRN","BA:675","EMP_DWAP_SEX_AGE_RT","SEX_M","AGE_5YRBANDS_Y30-34","2015",84.043,,,,"R1:3513"
"IRN","BA:675","EMP_DWAP_SEX_AGE_RT","SEX_M","AGE_5YRBANDS_Y35-39","2015",87.254,,,,"R1:3513"
"IRN","BA:675","EMP_DWAP_SEX_AGE_RT","SEX_M","AGE_5YRBANDS_Y40-44","2015",87.53,,,,"R1:3513"
"IRN","BA:675","EMP_DWAP_SEX_AGE_RT","SEX_M","AGE_5YRBANDS_Y45-49","2015",81.655,,,,"R1:3513"
"IRN","BA:675","EMP_DWAP_SEX_AGE_RT","SEX_M","AGE_5YRBANDS_Y50-54","2015",68.087,,,,"R1:3513"
"IRN","BA:675","EMP_DWAP_SEX_AGE_RT","SEX_M","AGE_5YRBANDS_Y55-59","2015",54.383,,,,"R1:3513"
"IRN","BA:675","EMP_DWAP_SEX_AGE_RT","SEX_M","AGE_5YRBANDS_Y60-64","2015",37.552,,,,"R1:3513"
"IRN","BA:675","EMP_DWAP_SEX_AGE_RT","SEX_M","AGE_5YRBANDS_YGE65","2015",21.028,,,,"R1:3513"
"IRN","BA:675","EMP_DWAP_SEX_AGE_RT","SEX_F","AGE_5YRBANDS_YGE15","2015",11.603,,,,"R1:3513"
"IRN","BA:675","EMP_DWAP_SEX_AGE_RT","SEX_F","AGE_5YRBANDS_Y15-19","2015",3.139,,,,"R1:3513"
"IRN","BA:675","EMP_DWAP_SEX_AGE_RT","SEX_F","AGE_5YRBANDS_Y20-24","2015",7.499,,,,"R1:3513"
"IRN","BA:675","EMP_DWAP_SEX_AGE_RT","SEX_F","AGE_5YRBANDS_Y25-29","2015",13.497,,,,"R1:3513"
"IRN","BA:675","EMP_DWAP_SEX_AGE_RT","SEX_F","AGE_5YRBANDS_Y30-34","2015",16.153,,,,"R1:3513"
"IRN","BA:675","EMP_DWAP_SEX_AGE_RT","SEX_F","AGE_5YRBANDS_Y35-39","2015",18.081,,,,"R1:3513"
"IRN","BA:675","EMP_DWAP_SEX_AGE_RT","SEX_F","AGE_5YRBANDS_Y40-44","2015",18.458,,,,"R1:3513"
"IRN","BA:675","EMP_DWAP_SEX_AGE_RT","SEX_F","AGE_5YRBANDS_Y45-49","2015",16.039,,,,"R1:3513"
"IRN","BA:675","EMP_DWAP_SEX_AGE_RT","SEX_F","AGE_5YRBANDS_Y50-54","2015",10.575,,,,"R1:3513"
"IRN","BA:675","EMP_DWAP_SEX_AGE_RT","SEX_F","AGE_5YRBANDS_Y55-59","2015",7.771,,,,"R1:3513"
"IRN","BA:675","EMP_DWAP_SEX_AGE_RT","SEX_F","AGE_5YRBANDS_Y60-64","2015",5.668,,,,"R1:3513"
"IRN","BA:675","EMP_DWAP_SEX_AGE_RT","SEX_F","AGE_5YRBANDS_YGE65","2015",1.965,,,,"R1:3513"
"IRN","BA:675","EMP_DWAP_SEX_AGE_RT","SEX_T","AGE_YTHADULT_YGE15","2014",35.931,,,,"R1:3513"
"IRN","BA:675","EMP_DWAP_SEX_AGE_RT","SEX_T","AGE_YTHADULT_Y15-64","2014",37.96,,,,"R1:3513"
"IRN","BA:675","EMP_DWAP_SEX_AGE_RT","SEX_T","AGE_YTHADULT_Y15-24","2014",18.366,,,,"R1:3513"
"IRN","BA:675","EMP_DWAP_SEX_AGE_RT","SEX_T","AGE_YTHADULT_YGE25","2014",40.612,,,,"R1:3513"
"IRN","BA:675","EMP_DWAP_SEX_AGE_RT","SEX_M","AGE_YTHADULT_YGE15","2014",61.725,,,,"R1:3513"
"IRN","BA:675","EMP_DWAP_SEX_AGE_RT","SEX_M","AGE_YTHADULT_Y15-64","2014",64.964,,,,"R1:3513"
"IRN","BA:675","EMP_DWAP_SEX_AGE_RT","SEX_M","AGE_YTHADULT_Y15-24","2014",31.584,,,,"R1:3513"
"IRN","BA:675","EMP_DWAP_SEX_AGE_RT","SEX_M","AGE_YTHADULT_YGE25","2014",69.945,,,,"R1:3513"
"IRN","BA:675","EMP_DWAP_SEX_AGE_RT","SEX_F","AGE_YTHADULT_YGE15","2014",10.473,,,,"R1:3513"
"IRN","BA:675","EMP_DWAP_SEX_AGE_RT","SEX_F","AGE_YTHADULT_Y15-64","2014",11.189,,,,"R1:3513"
"IRN","BA:675","EMP_DWAP_SEX_AGE_RT","SEX_F","AGE_YTHADULT_Y15-24","2014",4.833,,,,"R1:3513"
"IRN","BA:675","EMP_DWAP_SEX_AGE_RT","SEX_F","AGE_YTHADULT_YGE25","2014",11.942,,,,"R1:3513"
"IRN","BA:675","EMP_DWAP_SEX_AGE_RT","SEX_T","AGE_AGGREGATE_YGE15","2014",35.931,,,,"R1:3513"
"IRN","BA:675","EMP_DWAP_SEX_AGE_RT","SEX_T","AGE_AGGREGATE_Y15-24","2014",18.366,,,,"R1:3513"
"IRN","BA:675","EMP_DWAP_SEX_AGE_RT","SEX_T","AGE_AGGREGATE_Y25-54","2014",46.797,,,,"R1:3513"
"IRN","BA:675","EMP_DWAP_SEX_AGE_RT","SEX_T","AGE_AGGREGATE_Y55-64","2014",26.007,,,,"R1:3513"
"IRN","BA:675","EMP_DWAP_SEX_AGE_RT","SEX_T","AGE_AGGREGATE_YGE65","2014",10.777,,,,"R1:3513"
"IRN","BA:675","EMP_DWAP_SEX_AGE_RT","SEX_M","AGE_AGGREGATE_YGE15","2014",61.725,,,,"R1:3513"
"IRN","BA:675","EMP_DWAP_SEX_AGE_RT","SEX_M","AGE_AGGREGATE_Y15-24","2014",31.584,,,,"R1:3513"
"IRN","BA:675","EMP_DWAP_SEX_AGE_RT","SEX_M","AGE_AGGREGATE_Y25-54","2014",79.957,,,,"R1:3513"
"IRN","BA:675","EMP_DWAP_SEX_AGE_RT","SEX_M","AGE_AGGREGATE_Y55-64","2014",46.5,,,,"R1:3513"
"IRN","BA:675","EMP_DWAP_SEX_AGE_RT","SEX_M","AGE_AGGREGATE_YGE65","2014",20.325,,,,"R1:3513"
"IRN","BA:675","EMP_DWAP_SEX_AGE_RT","SEX_F","AGE_AGGREGATE_YGE15","2014",10.473,,,,"R1:3513"
"IRN","BA:675","EMP_DWAP_SEX_AGE_RT","SEX_F","AGE_AGGREGATE_Y15-24","2014",4.833,,,,"R1:3513"
"IRN","BA:675","EMP_DWAP_SEX_AGE_RT","SEX_F","AGE_AGGREGATE_Y25-54","2014",14.282,,,,"R1:3513"
"IRN","BA:675","EMP_DWAP_SEX_AGE_RT","SEX_F","AGE_AGGREGATE_Y55-64","2014",5.702,,,,"R1:3513"
"IRN","BA:675","EMP_DWAP_SEX_AGE_RT","SEX_F","AGE_AGGREGATE_YGE65","2014",1.862,,,,"R1:3513"
"IRN","BA:675","EMP_DWAP_SEX_AGE_RT","SEX_T","AGE_10YRBANDS_YGE15","2014",35.931,,,,"R1:3513"
"IRN","BA:675","EMP_DWAP_SEX_AGE_RT","SEX_T","AGE_10YRBANDS_Y15-24","2014",18.366,,,,"R1:3513"
"IRN","BA:675","EMP_DWAP_SEX_AGE_RT","SEX_T","AGE_10YRBANDS_Y25-34","2014",45.604,,,,"R1:3513"
"IRN","BA:675","EMP_DWAP_SEX_AGE_RT","SEX_T","AGE_10YRBANDS_Y35-44","2014",51.945,,,,"R1:3513"
"IRN","BA:675","EMP_DWAP_SEX_AGE_RT","SEX_T","AGE_10YRBANDS_Y45-54","2014",42.377,,,,"R1:3513"
"IRN","BA:675","EMP_DWAP_SEX_AGE_RT","SEX_T","AGE_10YRBANDS_Y55-64","2014",26.007,,,,"R1:3513"
"IRN","BA:675","EMP_DWAP_SEX_AGE_RT","SEX_T","AGE_10YRBANDS_YGE65","2014",10.777,,,,"R1:3513"
"IRN","BA:675","EMP_DWAP_SEX_AGE_RT","SEX_M","AGE_10YRBANDS_YGE15","2014",61.725,,,,"R1:3513"
"IRN","BA:675","EMP_DWAP_SEX_AGE_RT","SEX_M","AGE_10YRBANDS_Y15-24","2014",31.584,,,,"R1:3513"
"IRN","BA:675","EMP_DWAP_SEX_AGE_RT","SEX_M","AGE_10YRBANDS_Y25-34","2014",77.801,,,,"R1:3513"
"IRN","BA:675","EMP_DWAP_SEX_AGE_RT","SEX_M","AGE_10YRBANDS_Y35-44","2014",87.734,,,,"R1:3513"
"IRN","BA:675","EMP_DWAP_SEX_AGE_RT","SEX_M","AGE_10YRBANDS_Y45-54","2014",73.875,,,,"R1:3513"
"IRN","BA:675","EMP_DWAP_SEX_AGE_RT","SEX_M","AGE_10YRBANDS_Y55-64","2014",46.5,,,,"R1:3513"
"IRN","BA:675","EMP_DWAP_SEX_AGE_RT","SEX_M","AGE_10YRBANDS_YGE65","2014",20.325,,,,"R1:3513"
"IRN","BA:675","EMP_DWAP_SEX_AGE_RT","SEX_F","AGE_10YRBANDS_YGE15","2014",10.473,,,,"R1:3513"
"IRN","BA:675","EMP_DWAP_SEX_AGE_RT","SEX_F","AGE_10YRBANDS_Y15-24","2014",4.833,,,,"R1:3513"
"IRN","BA:675","EMP_DWAP_SEX_AGE_RT","SEX_F","AGE_10YRBANDS_Y25-34","2014",13.831,,,,"R1:3513"
"IRN","BA:675","EMP_DWAP_SEX_AGE_RT","SEX_F","AGE_10YRBANDS_Y35-44","2014",16.914,,,,"R1:3513"
"IRN","BA:675","EMP_DWAP_SEX_AGE_RT","SEX_F","AGE_10YRBANDS_Y45-54","2014",11.759,,,,"R1:3513"
"IRN","BA:675","EMP_DWAP_SEX_AGE_RT","SEX_F","AGE_10YRBANDS_Y55-64","2014",5.702,,,,"R1:3513"
"IRN","BA:675","EMP_DWAP_SEX_AGE_RT","SEX_F","AGE_10YRBANDS_YGE65","2014",1.862,,,,"R1:3513"
"IRN","BA:675","EMP_DWAP_SEX_AGE_RT","SEX_T","AGE_5YRBANDS_YGE15","2014",35.931,,,,"R1:3513"
"IRN","BA:675","EMP_DWAP_SEX_AGE_RT","SEX_T","AGE_5YRBANDS_Y15-19","2014",9.1,,,,"R1:3513"
"IRN","BA:675","EMP_DWAP_SEX_AGE_RT","SEX_T","AGE_5YRBANDS_Y20-24","2014",26.121,,,,"R1:3513"
"IRN","BA:675","EMP_DWAP_SEX_AGE_RT","SEX_T","AGE_5YRBANDS_Y25-29","2014",41.813,,,,"R1:3513"
"IRN","BA:675","EMP_DWAP_SEX_AGE_RT","SEX_T","AGE_5YRBANDS_Y30-34","2014",49.639,,,,"R1:3513"
"IRN","BA:675","EMP_DWAP_SEX_AGE_RT","SEX_T","AGE_5YRBANDS_Y35-39","2014",51.726,,,,"R1:3513"
"IRN","BA:675","EMP_DWAP_SEX_AGE_RT","SEX_T","AGE_5YRBANDS_Y40-44","2014",52.19,,,,"R1:3513"
"IRN","BA:675","EMP_DWAP_SEX_AGE_RT","SEX_T","AGE_5YRBANDS_Y45-49","2014",46.741,,,,"R1:3513"
"IRN","BA:675","EMP_DWAP_SEX_AGE_RT","SEX_T","AGE_5YRBANDS_Y50-54","2014",37.618,,,,"R1:3513"
"IRN","BA:675","EMP_DWAP_SEX_AGE_RT","SEX_T","AGE_5YRBANDS_Y55-59","2014",30.222,,,,"R1:3513"
"IRN","BA:675","EMP_DWAP_SEX_AGE_RT","SEX_T","AGE_5YRBANDS_Y60-64","2014",20.636,,,,"R1:3513"
"IRN","BA:675","EMP_DWAP_SEX_AGE_RT","SEX_T","AGE_5YRBANDS_YGE65","2014",10.777,,,,"R1:3513"
"IRN","BA:675","EMP_DWAP_SEX_AGE_RT","SEX_M","AGE_5YRBANDS_YGE15","2014",61.725,,,,"R1:3513"
"IRN","BA:675","EMP_DWAP_SEX_AGE_RT","SEX_M","AGE_5YRBANDS_Y15-19","2014",14.963,,,,"R1:3513"
"IRN","BA:675","EMP_DWAP_SEX_AGE_RT","SEX_M","AGE_5YRBANDS_Y20-24","2014",45.885,,,,"R1:3513"
"IRN","BA:675","EMP_DWAP_SEX_AGE_RT","SEX_M","AGE_5YRBANDS_Y25-29","2014",71.392,,,,"R1:3513"
"IRN","BA:675","EMP_DWAP_SEX_AGE_RT","SEX_M","AGE_5YRBANDS_Y30-34","2014",84.682,,,,"R1:3513"
"IRN","BA:675","EMP_DWAP_SEX_AGE_RT","SEX_M","AGE_5YRBANDS_Y35-39","2014",88.363,,,,"R1:3513"
"IRN","BA:675","EMP_DWAP_SEX_AGE_RT","SEX_M","AGE_5YRBANDS_Y40-44","2014",87.056,,,,"R1:3513"
"IRN","BA:675","EMP_DWAP_SEX_AGE_RT","SEX_M","AGE_5YRBANDS_Y45-49","2014",80.914,,,,"R1:3513"
"IRN","BA:675","EMP_DWAP_SEX_AGE_RT","SEX_M","AGE_5YRBANDS_Y50-54","2014",66.295,,,,"R1:3513"
"IRN","BA:675","EMP_DWAP_SEX_AGE_RT","SEX_M","AGE_5YRBANDS_Y55-59","2014",53.942,,,,"R1:3513"
"IRN","BA:675","EMP_DWAP_SEX_AGE_RT","SEX_M","AGE_5YRBANDS_Y60-64","2014",36.868,,,,"R1:3513"
"IRN","BA:675","EMP_DWAP_SEX_AGE_RT","SEX_M","AGE_5YRBANDS_YGE65","2014",20.325,,,,"R1:3513"
"IRN","BA:675","EMP_DWAP_SEX_AGE_RT","SEX_F","AGE_5YRBANDS_YGE15","2014",10.473,,,,"R1:3513"
"IRN","BA:675","EMP_DWAP_SEX_AGE_RT","SEX_F","AGE_5YRBANDS_Y15-19","2014",2.912,,,,"R1:3513"
"IRN","BA:675","EMP_DWAP_SEX_AGE_RT","SEX_F","AGE_5YRBANDS_Y20-24","2014",6.396,,,,"R1:3513"
"IRN","BA:675","EMP_DWAP_SEX_AGE_RT","SEX_F","AGE_5YRBANDS_Y25-29","2014",12.375,,,,"R1:3513"
"IRN","BA:675","EMP_DWAP_SEX_AGE_RT","SEX_F","AGE_5YRBANDS_Y30-34","2014",15.367,,,,"R1:3513"
"IRN","BA:675","EMP_DWAP_SEX_AGE_RT","SEX_F","AGE_5YRBANDS_Y35-39","2014",17.18,,,,"R1:3513"
"IRN","BA:675","EMP_DWAP_SEX_AGE_RT","SEX_F","AGE_5YRBANDS_Y40-44","2014",16.604,,,,"R1:3513"
"IRN","BA:675","EMP_DWAP_SEX_AGE_RT","SEX_F","AGE_5YRBANDS_Y45-49","2014",13.918,,,,"R1:3513"
"IRN","BA:675","EMP_DWAP_SEX_AGE_RT","SEX_F","AGE_5YRBANDS_Y50-54","2014",9.374,,,,"R1:3513"
"IRN","BA:675","EMP_DWAP_SEX_AGE_RT","SEX_F","AGE_5YRBANDS_Y55-59","2014",6.393,,,,"R1:3513"
"IRN","BA:675","EMP_DWAP_SEX_AGE_RT","SEX_F","AGE_5YRBANDS_Y60-64","2014",4.836,,,,"R1:3513"
"IRN","BA:675","EMP_DWAP_SEX_AGE_RT","SEX_F","AGE_5YRBANDS_YGE65","2014",1.862,,,,"R1:3513"
"IRN","BA:675","EMP_DWAP_SEX_AGE_RT","SEX_T","AGE_YTHADULT_YGE15","2013",36.243,,,,"R1:3513"
"IRN","BA:675","EMP_DWAP_SEX_AGE_RT","SEX_T","AGE_YTHADULT_Y15-64","2013",38.201,,,,"R1:3513"
"IRN","BA:675","EMP_DWAP_SEX_AGE_RT","SEX_T","AGE_YTHADULT_Y15-24","2013",19.635,,,,"R1:3513"
"IRN","BA:675","EMP_DWAP_SEX_AGE_RT","SEX_T","AGE_YTHADULT_YGE25","2013",41.034,,,,"R1:3513"
"IRN","BA:675","EMP_DWAP_SEX_AGE_RT","SEX_M","AGE_YTHADULT_YGE15","2013",61.972,,,,"R1:3513"
"IRN","BA:675","EMP_DWAP_SEX_AGE_RT","SEX_M","AGE_YTHADULT_Y15-64","2013",65.111,,,,"R1:3513"
"IRN","BA:675","EMP_DWAP_SEX_AGE_RT","SEX_M","AGE_YTHADULT_Y15-24","2013",33.352,,,,"R1:3513"
"IRN","BA:675","EMP_DWAP_SEX_AGE_RT","SEX_M","AGE_YTHADULT_YGE25","2013",70.398,,,,"R1:3513"
"IRN","BA:675","EMP_DWAP_SEX_AGE_RT","SEX_F","AGE_YTHADULT_YGE15","2013",10.747,,,,"R1:3513"
"IRN","BA:675","EMP_DWAP_SEX_AGE_RT","SEX_F","AGE_YTHADULT_Y15-64","2013",11.454,,,,"R1:3513"
"IRN","BA:675","EMP_DWAP_SEX_AGE_RT","SEX_F","AGE_YTHADULT_Y15-24","2013",5.604,,,,"R1:3513"
"IRN","BA:675","EMP_DWAP_SEX_AGE_RT","SEX_F","AGE_YTHADULT_YGE25","2013",12.201,,,,"R1:3513"
"IRN","BA:675","EMP_DWAP_SEX_AGE_RT","SEX_T","AGE_AGGREGATE_YGE15","2013",36.243,,,,"R1:3513"
"IRN","BA:675","EMP_DWAP_SEX_AGE_RT","SEX_T","AGE_AGGREGATE_Y15-24","2013",19.635,,,,"R1:3513"
"IRN","BA:675","EMP_DWAP_SEX_AGE_RT","SEX_T","AGE_AGGREGATE_Y25-54","2013",47.069,,,,"R1:3513"
"IRN","BA:675","EMP_DWAP_SEX_AGE_RT","SEX_T","AGE_AGGREGATE_Y55-64","2013",26.096,,,,"R1:3513"
"IRN","BA:675","EMP_DWAP_SEX_AGE_RT","SEX_T","AGE_AGGREGATE_YGE65","2013",11.952,,,,"R1:3513"
"IRN","BA:675","EMP_DWAP_SEX_AGE_RT","SEX_M","AGE_AGGREGATE_YGE15","2013",61.972,,,,"R1:3513"
"IRN","BA:675","EMP_DWAP_SEX_AGE_RT","SEX_M","AGE_AGGREGATE_Y15-24","2013",33.352,,,,"R1:3513"
"IRN","BA:675","EMP_DWAP_SEX_AGE_RT","SEX_M","AGE_AGGREGATE_Y25-54","2013",80.225,,,,"R1:3513"
"IRN","BA:675","EMP_DWAP_SEX_AGE_RT","SEX_M","AGE_AGGREGATE_Y55-64","2013",46.167,,,,"R1:3513"
"IRN","BA:675","EMP_DWAP_SEX_AGE_RT","SEX_M","AGE_AGGREGATE_YGE65","2013",22.225,,,,"R1:3513"
"IRN","BA:675","EMP_DWAP_SEX_AGE_RT","SEX_F","AGE_AGGREGATE_YGE15","2013",10.747,,,,"R1:3513"
"IRN","BA:675","EMP_DWAP_SEX_AGE_RT","SEX_F","AGE_AGGREGATE_Y15-24","2013",5.604,,,,"R1:3513"
"IRN","BA:675","EMP_DWAP_SEX_AGE_RT","SEX_F","AGE_AGGREGATE_Y25-54","2013",14.429,,,,"R1:3513"
"IRN","BA:675","EMP_DWAP_SEX_AGE_RT","SEX_F","AGE_AGGREGATE_Y55-64","2013",6.276,,,,"R1:3513"
"IRN","BA:675","EMP_DWAP_SEX_AGE_RT","SEX_F","AGE_AGGREGATE_YGE65","2013",2.147,,,,"R1:3513"
"IRN","BA:675","EMP_DWAP_SEX_AGE_RT","SEX_T","AGE_10YRBANDS_YGE15","2013",36.243,,,,"R1:3513"
"IRN","BA:675","EMP_DWAP_SEX_AGE_RT","SEX_T","AGE_10YRBANDS_Y15-24","2013",19.635,,,,"R1:3513"
"IRN","BA:675","EMP_DWAP_SEX_AGE_RT","SEX_T","AGE_10YRBANDS_Y25-34","2013",45.807,,,,"R1:3513"
"IRN","BA:675","EMP_DWAP_SEX_AGE_RT","SEX_T","AGE_10YRBANDS_Y35-44","2013",52.139,,,,"R1:3513"
"IRN","BA:675","EMP_DWAP_SEX_AGE_RT","SEX_T","AGE_10YRBANDS_Y45-54","2013",42.817,,,,"R1:3513"
"IRN","BA:675","EMP_DWAP_SEX_AGE_RT","SEX_T","AGE_10YRBANDS_Y55-64","2013",26.096,,,,"R1:3513"
"IRN","BA:675","EMP_DWAP_SEX_AGE_RT","SEX_T","AGE_10YRBANDS_YGE65","2013",11.952,,,,"R1:3513"
"IRN","BA:675","EMP_DWAP_SEX_AGE_RT","SEX_M","AGE_10YRBANDS_YGE15","2013",61.972,,,,"R1:3513"
"IRN","BA:675","EMP_DWAP_SEX_AGE_RT","SEX_M","AGE_10YRBANDS_Y15-24","2013",33.352,,,,"R1:3513"
"IRN","BA:675","EMP_DWAP_SEX_AGE_RT","SEX_M","AGE_10YRBANDS_Y25-34","2013",77.927,,,,"R1:3513"
"IRN","BA:675","EMP_DWAP_SEX_AGE_RT","SEX_M","AGE_10YRBANDS_Y35-44","2013",88.011,,,,"R1:3513"
"IRN","BA:675","EMP_DWAP_SEX_AGE_RT","SEX_M","AGE_10YRBANDS_Y45-54","2013",74.295,,,,"R1:3513"
"IRN","BA:675","EMP_DWAP_SEX_AGE_RT","SEX_M","AGE_10YRBANDS_Y55-64","2013",46.167,,,,"R1:3513"
"IRN","BA:675","EMP_DWAP_SEX_AGE_RT","SEX_M","AGE_10YRBANDS_YGE65","2013",22.225,,,,"R1:3513"
"IRN","BA:675","EMP_DWAP_SEX_AGE_RT","SEX_F","AGE_10YRBANDS_YGE15","2013",10.747,,,,"R1:3513"
"IRN","BA:675","EMP_DWAP_SEX_AGE_RT","SEX_F","AGE_10YRBANDS_Y15-24","2013",5.604,,,,"R1:3513"
"IRN","BA:675","EMP_DWAP_SEX_AGE_RT","SEX_F","AGE_10YRBANDS_Y25-34","2013",14.303,,,,"R1:3513"
"IRN","BA:675","EMP_DWAP_SEX_AGE_RT","SEX_F","AGE_10YRBANDS_Y35-44","2013",16.614,,,,"R1:3513"
"IRN","BA:675","EMP_DWAP_SEX_AGE_RT","SEX_F","AGE_10YRBANDS_Y45-54","2013",11.859,,,,"R1:3513"
"IRN","BA:675","EMP_DWAP_SEX_AGE_RT","SEX_F","AGE_10YRBANDS_Y55-64","2013",6.276,,,,"R1:3513"
"IRN","BA:675","EMP_DWAP_SEX_AGE_RT","SEX_F","AGE_10YRBANDS_YGE65","2013",2.147,,,,"R1:3513"
"IRN","BA:675","EMP_DWAP_SEX_AGE_RT","SEX_T","AGE_5YRBANDS_YGE15","2013",36.243,,,,"R1:3513"
"IRN","BA:675","EMP_DWAP_SEX_AGE_RT","SEX_T","AGE_5YRBANDS_Y15-19","2013",9.614,,,,"R1:3513"
"IRN","BA:675","EMP_DWAP_SEX_AGE_RT","SEX_T","AGE_5YRBANDS_Y20-24","2013",27.644,,,,"R1:3513"
"IRN","BA:675","EMP_DWAP_SEX_AGE_RT","SEX_T","AGE_5YRBANDS_Y25-29","2013",42.071,,,,"R1:3513"
"IRN","BA:675","EMP_DWAP_SEX_AGE_RT","SEX_T","AGE_5YRBANDS_Y30-34","2013",50.008,,,,"R1:3513"
"IRN","BA:675","EMP_DWAP_SEX_AGE_RT","SEX_T","AGE_5YRBANDS_Y35-39","2013",52.032,,,,"R1:3513"
"IRN","BA:675","EMP_DWAP_SEX_AGE_RT","SEX_T","AGE_5YRBANDS_Y40-44","2013",52.258,,,,"R1:3513"
"IRN","BA:675","EMP_DWAP_SEX_AGE_RT","SEX_T","AGE_5YRBANDS_Y45-49","2013",47.193,,,,"R1:3513"
"IRN","BA:675","EMP_DWAP_SEX_AGE_RT","SEX_T","AGE_5YRBANDS_Y50-54","2013",37.982,,,,"R1:3513"
"IRN","BA:675","EMP_DWAP_SEX_AGE_RT","SEX_T","AGE_5YRBANDS_Y55-59","2013",29.838,,,,"R1:3513"
"IRN","BA:675","EMP_DWAP_SEX_AGE_RT","SEX_T","AGE_5YRBANDS_Y60-64","2013",21.221,,,,"R1:3513"
"IRN","BA:675","EMP_DWAP_SEX_AGE_RT","SEX_T","AGE_5YRBANDS_YGE65","2013",11.952,,,,"R1:3513"
"IRN","BA:675","EMP_DWAP_SEX_AGE_RT","SEX_M","AGE_5YRBANDS_YGE15","2013",61.972,,,,"R1:3513"
"IRN","BA:675","EMP_DWAP_SEX_AGE_RT","SEX_M","AGE_5YRBANDS_Y15-19","2013",15.747,,,,"R1:3513"
"IRN","BA:675","EMP_DWAP_SEX_AGE_RT","SEX_M","AGE_5YRBANDS_Y20-24","2013",47.715,,,,"R1:3513"
"IRN","BA:675","EMP_DWAP_SEX_AGE_RT","SEX_M","AGE_5YRBANDS_Y25-29","2013",72.08,,,,"R1:3513"
"IRN","BA:675","EMP_DWAP_SEX_AGE_RT","SEX_M","AGE_5YRBANDS_Y30-34","2013",84.5,,,,"R1:3513"
"IRN","BA:675","EMP_DWAP_SEX_AGE_RT","SEX_M","AGE_5YRBANDS_Y35-39","2013",88.405,,,,"R1:3513"
"IRN","BA:675","EMP_DWAP_SEX_AGE_RT","SEX_M","AGE_5YRBANDS_Y40-44","2013",87.583,,,,"R1:3513"
"IRN","BA:675","EMP_DWAP_SEX_AGE_RT","SEX_M","AGE_5YRBANDS_Y45-49","2013",81.298,,,,"R1:3513"
"IRN","BA:675","EMP_DWAP_SEX_AGE_RT","SEX_M","AGE_5YRBANDS_Y50-54","2013",66.739,,,,"R1:3513"
"IRN","BA:675","EMP_DWAP_SEX_AGE_RT","SEX_M","AGE_5YRBANDS_Y55-59","2013",52.932,,,,"R1:3513"
"IRN","BA:675","EMP_DWAP_SEX_AGE_RT","SEX_M","AGE_5YRBANDS_Y60-64","2013",37.292,,,,"R1:3513"
"IRN","BA:675","EMP_DWAP_SEX_AGE_RT","SEX_M","AGE_5YRBANDS_YGE65","2013",22.225,,,,"R1:3513"
"IRN","BA:675","EMP_DWAP_SEX_AGE_RT","SEX_F","AGE_5YRBANDS_YGE15","2013",10.747,,,,"R1:3513"
"IRN","BA:675","EMP_DWAP_SEX_AGE_RT","SEX_F","AGE_5YRBANDS_Y15-19","2013",3.193,,,,"R1:3513"
"IRN","BA:675","EMP_DWAP_SEX_AGE_RT","SEX_F","AGE_5YRBANDS_Y20-24","2013",7.491,,,,"R1:3513"
"IRN","BA:675","EMP_DWAP_SEX_AGE_RT","SEX_F","AGE_5YRBANDS_Y25-29","2013",12.639,,,,"R1:3513"
"IRN","BA:675","EMP_DWAP_SEX_AGE_RT","SEX_F","AGE_5YRBANDS_Y30-34","2013",16.175,,,,"R1:3513"
"IRN","BA:675","EMP_DWAP_SEX_AGE_RT","SEX_F","AGE_5YRBANDS_Y35-39","2013",16.633,,,,"R1:3513"
"IRN","BA:675","EMP_DWAP_SEX_AGE_RT","SEX_F","AGE_5YRBANDS_Y40-44","2013",16.593,,,,"R1:3513"
"IRN","BA:675","EMP_DWAP_SEX_AGE_RT","SEX_F","AGE_5YRBANDS_Y45-49","2013",14.394,,,,"R1:3513"
"IRN","BA:675","EMP_DWAP_SEX_AGE_RT","SEX_F","AGE_5YRBANDS_Y50-54","2013",8.992,,,,"R1:3513"
"IRN","BA:675","EMP_DWAP_SEX_AGE_RT","SEX_F","AGE_5YRBANDS_Y55-59","2013",6.894,,,,"R1:3513"
"IRN","BA:675","EMP_DWAP_SEX_AGE_RT","SEX_F","AGE_5YRBANDS_Y60-64","2013",5.475,,,,"R1:3513"
"IRN","BA:675","EMP_DWAP_SEX_AGE_RT","SEX_F","AGE_5YRBANDS_YGE65","2013",2.147,,,,"R1:3513"
"IRN","BA:675","EMP_DWAP_SEX_AGE_RT","SEX_T","AGE_YTHADULT_YGE15","2012",35.58,,,,"R1:3513"
"IRN","BA:675","EMP_DWAP_SEX_AGE_RT","SEX_T","AGE_YTHADULT_Y15-64","2012",37.44,,,,"R1:3513"
"IRN","BA:675","EMP_DWAP_SEX_AGE_RT","SEX_T","AGE_YTHADULT_Y15-24","2012",20.387,,,,"R1:3513"
"IRN","BA:675","EMP_DWAP_SEX_AGE_RT","SEX_T","AGE_YTHADULT_YGE25","2012",40.458,,,,"R1:3513"
"IRN","BA:675","EMP_DWAP_SEX_AGE_RT","SEX_M","AGE_YTHADULT_YGE15","2012",59.43,,,,"R1:3513"
"IRN","BA:675","EMP_DWAP_SEX_AGE_RT","SEX_M","AGE_YTHADULT_Y15-64","2012",62.354,,,,"R1:3513"
"IRN","BA:675","EMP_DWAP_SEX_AGE_RT","SEX_M","AGE_YTHADULT_Y15-24","2012",32.773,,,,"R1:3513"
"IRN","BA:675","EMP_DWAP_SEX_AGE_RT","SEX_M","AGE_YTHADULT_YGE25","2012",68.606,,,,"R1:3513"
"IRN","BA:675","EMP_DWAP_SEX_AGE_RT","SEX_F","AGE_YTHADULT_YGE15","2012",11.931,,,,"R1:3513"
"IRN","BA:675","EMP_DWAP_SEX_AGE_RT","SEX_F","AGE_YTHADULT_Y15-64","2012",12.702,,,,"R1:3513"
"IRN","BA:675","EMP_DWAP_SEX_AGE_RT","SEX_F","AGE_YTHADULT_Y15-24","2012",6.719,,,,"R1:3513"
"IRN","BA:675","EMP_DWAP_SEX_AGE_RT","SEX_F","AGE_YTHADULT_YGE25","2012",13.488,,,,"R1:3513"
"IRN","BA:675","EMP_DWAP_SEX_AGE_RT","SEX_T","AGE_AGGREGATE_YGE15","2012",35.58,,,,"R1:3513"
"IRN","BA:675","EMP_DWAP_SEX_AGE_RT","SEX_T","AGE_AGGREGATE_Y15-24","2012",20.387,,,,"R1:3513"
"IRN","BA:675","EMP_DWAP_SEX_AGE_RT","SEX_T","AGE_AGGREGATE_Y25-54","2012",46.497,,,,"R1:3513"
"IRN","BA:675","EMP_DWAP_SEX_AGE_RT","SEX_T","AGE_AGGREGATE_Y55-64","2012",26.934,,,,"R1:3513"
"IRN","BA:675","EMP_DWAP_SEX_AGE_RT","SEX_T","AGE_AGGREGATE_YGE65","2012",12.719,,,,"R1:3513"
"IRN","BA:675","EMP_DWAP_SEX_AGE_RT","SEX_M","AGE_AGGREGATE_YGE15","2012",59.43,,,,"R1:3513"
"IRN","BA:675","EMP_DWAP_SEX_AGE_RT","SEX_M","AGE_AGGREGATE_Y15-24","2012",32.773,,,,"R1:3513"
"IRN","BA:675","EMP_DWAP_SEX_AGE_RT","SEX_M","AGE_AGGREGATE_Y25-54","2012",78.639,,,,"R1:3513"
"IRN","BA:675","EMP_DWAP_SEX_AGE_RT","SEX_M","AGE_AGGREGATE_Y55-64","2012",46.584,,,,"R1:3513"
"IRN","BA:675","EMP_DWAP_SEX_AGE_RT","SEX_M","AGE_AGGREGATE_YGE65","2012",23.16,,,,"R1:3513"
"IRN","BA:675","EMP_DWAP_SEX_AGE_RT","SEX_F","AGE_AGGREGATE_YGE15","2012",11.931,,,,"R1:3513"
"IRN","BA:675","EMP_DWAP_SEX_AGE_RT","SEX_F","AGE_AGGREGATE_Y15-24","2012",6.719,,,,"R1:3513"
"IRN","BA:675","EMP_DWAP_SEX_AGE_RT","SEX_F","AGE_AGGREGATE_Y25-54","2012",15.954,,,,"R1:3513"
"IRN","BA:675","EMP_DWAP_SEX_AGE_RT","SEX_F","AGE_AGGREGATE_Y55-64","2012",7.477,,,,"R1:3513"
"IRN","BA:675","EMP_DWAP_SEX_AGE_RT","SEX_F","AGE_AGGREGATE_YGE65","2012",2.533,,,,"R1:3513"
"IRN","BA:675","EMP_DWAP_SEX_AGE_RT","SEX_T","AGE_10YRBANDS_YGE15","2012",35.58,,,,"R1:3513"
"IRN","BA:675","EMP_DWAP_SEX_AGE_RT","SEX_T","AGE_10YRBANDS_Y15-24","2012",20.387,,,,"R1:3513"
"IRN","BA:675","EMP_DWAP_SEX_AGE_RT","SEX_T","AGE_10YRBANDS_Y25-34","2012",45.583,,,,"R1:3513"
"IRN","BA:675","EMP_DWAP_SEX_AGE_RT","SEX_T","AGE_10YRBANDS_Y35-44","2012",51.302,,,,"R1:3513"
"IRN","BA:675","EMP_DWAP_SEX_AGE_RT","SEX_T","AGE_10YRBANDS_Y45-54","2012",42.195,,,,"R1:3513"
"IRN","BA:675","EMP_DWAP_SEX_AGE_RT","SEX_T","AGE_10YRBANDS_Y55-64","2012",26.934,,,,"R1:3513"
"IRN","BA:675","EMP_DWAP_SEX_AGE_RT","SEX_T","AGE_10YRBANDS_YGE65","2012",12.719,,,,"R1:3513"
"IRN","BA:675","EMP_DWAP_SEX_AGE_RT","SEX_M","AGE_10YRBANDS_YGE15","2012",59.43,,,,"R1:3513"
"IRN","BA:675","EMP_DWAP_SEX_AGE_RT","SEX_M","AGE_10YRBANDS_Y15-24","2012",32.773,,,,"R1:3513"
"IRN","BA:675","EMP_DWAP_SEX_AGE_RT","SEX_M","AGE_10YRBANDS_Y25-34","2012",75.343,,,,"R1:3513"
"IRN","BA:675","EMP_DWAP_SEX_AGE_RT","SEX_M","AGE_10YRBANDS_Y35-44","2012",86.997,,,,"R1:3513"
"IRN","BA:675","EMP_DWAP_SEX_AGE_RT","SEX_M","AGE_10YRBANDS_Y45-54","2012",73.898,,,,"R1:3513"
"IRN","BA:675","EMP_DWAP_SEX_AGE_RT","SEX_M","AGE_10YRBANDS_Y55-64","2012",46.584,,,,"R1:3513"
"IRN","BA:675","EMP_DWAP_SEX_AGE_RT","SEX_M","AGE_10YRBANDS_YGE65","2012",23.16,,,,"R1:3513"
"IRN","BA:675","EMP_DWAP_SEX_AGE_RT","SEX_F","AGE_10YRBANDS_YGE15","2012",11.931,,,,"R1:3513"
"IRN","BA:675","EMP_DWAP_SEX_AGE_RT","SEX_F","AGE_10YRBANDS_Y15-24","2012",6.719,,,,"R1:3513"
"IRN","BA:675","EMP_DWAP_SEX_AGE_RT","SEX_F","AGE_10YRBANDS_Y25-34","2012",16.608,,,,"R1:3513"
"IRN","BA:675","EMP_DWAP_SEX_AGE_RT","SEX_F","AGE_10YRBANDS_Y35-44","2012",18.338,,,,"R1:3513"
"IRN","BA:675","EMP_DWAP_SEX_AGE_RT","SEX_F","AGE_10YRBANDS_Y45-54","2012",12.146,,,,"R1:3513"
"IRN","BA:675","EMP_DWAP_SEX_AGE_RT","SEX_F","AGE_10YRBANDS_Y55-64","2012",7.477,,,,"R1:3513"
"IRN","BA:675","EMP_DWAP_SEX_AGE_RT","SEX_F","AGE_10YRBANDS_YGE65","2012",2.533,,,,"R1:3513"
"IRN","BA:675","EMP_DWAP_SEX_AGE_RT","SEX_T","AGE_5YRBANDS_YGE15","2012",35.58,,,,"R1:3513"
"IRN","BA:675","EMP_DWAP_SEX_AGE_RT","SEX_T","AGE_5YRBANDS_Y15-19","2012",11.126,,,,"R1:3513"
"IRN","BA:675","EMP_DWAP_SEX_AGE_RT","SEX_T","AGE_5YRBANDS_Y20-24","2012",28.567,,,,"R1:3513"
"IRN","BA:675","EMP_DWAP_SEX_AGE_RT","SEX_T","AGE_5YRBANDS_Y25-29","2012",42.4,,,,"R1:3513"
"IRN","BA:675","EMP_DWAP_SEX_AGE_RT","SEX_T","AGE_5YRBANDS_Y30-34","2012",49.328,,,,"R1:3513"
"IRN","BA:675","EMP_DWAP_SEX_AGE_RT","SEX_T","AGE_5YRBANDS_Y35-39","2012",51.124,,,,"R1:3513"
"IRN","BA:675","EMP_DWAP_SEX_AGE_RT","SEX_T","AGE_5YRBANDS_Y40-44","2012",51.486,,,,"R1:3513"
"IRN","BA:675","EMP_DWAP_SEX_AGE_RT","SEX_T","AGE_5YRBANDS_Y45-49","2012",46.258,,,,"R1:3513"
"IRN","BA:675","EMP_DWAP_SEX_AGE_RT","SEX_T","AGE_5YRBANDS_Y50-54","2012",37.733,,,,"R1:3513"
"IRN","BA:675","EMP_DWAP_SEX_AGE_RT","SEX_T","AGE_5YRBANDS_Y55-59","2012",30.753,,,,"R1:3513"
"IRN","BA:675","EMP_DWAP_SEX_AGE_RT","SEX_T","AGE_5YRBANDS_Y60-64","2012",21.624,,,,"R1:3513"
"IRN","BA:675","EMP_DWAP_SEX_AGE_RT","SEX_T","AGE_5YRBANDS_YGE65","2012",12.719,,,,"R1:3513"
"IRN","BA:675","EMP_DWAP_SEX_AGE_RT","SEX_M","AGE_5YRBANDS_YGE15","2012",59.43,,,,"R1:3513"
"IRN","BA:675","EMP_DWAP_SEX_AGE_RT","SEX_M","AGE_5YRBANDS_Y15-19","2012",17.423,,,,"R1:3513"
"IRN","BA:675","EMP_DWAP_SEX_AGE_RT","SEX_M","AGE_5YRBANDS_Y20-24","2012",46.153,,,,"R1:3513"
"IRN","BA:675","EMP_DWAP_SEX_AGE_RT","SEX_M","AGE_5YRBANDS_Y25-29","2012",68.116,,,,"R1:3513"
"IRN","BA:675","EMP_DWAP_SEX_AGE_RT","SEX_M","AGE_5YRBANDS_Y30-34","2012",84.426,,,,"R1:3513"
"IRN","BA:675","EMP_DWAP_SEX_AGE_RT","SEX_M","AGE_5YRBANDS_Y35-39","2012",87.173,,,,"R1:3513"
"IRN","BA:675","EMP_DWAP_SEX_AGE_RT","SEX_M","AGE_5YRBANDS_Y40-44","2012",86.826,,,,"R1:3513"
"IRN","BA:675","EMP_DWAP_SEX_AGE_RT","SEX_M","AGE_5YRBANDS_Y45-49","2012",79.247,,,,"R1:3513"
"IRN","BA:675","EMP_DWAP_SEX_AGE_RT","SEX_M","AGE_5YRBANDS_Y50-54","2012",67.958,,,,"R1:3513"
"IRN","BA:675","EMP_DWAP_SEX_AGE_RT","SEX_M","AGE_5YRBANDS_Y55-59","2012",53.354,,,,"R1:3513"
"IRN","BA:675","EMP_DWAP_SEX_AGE_RT","SEX_M","AGE_5YRBANDS_Y60-64","2012",37.333,,,,"R1:3513"
"IRN","BA:675","EMP_DWAP_SEX_AGE_RT","SEX_M","AGE_5YRBANDS_YGE65","2012",23.16,,,,"R1:3513"
"IRN","BA:675","EMP_DWAP_SEX_AGE_RT","SEX_F","AGE_5YRBANDS_YGE15","2012",11.931,,,,"R1:3513"
"IRN","BA:675","EMP_DWAP_SEX_AGE_RT","SEX_F","AGE_5YRBANDS_Y15-19","2012",4.278,,,,"R1:3513"
"IRN","BA:675","EMP_DWAP_SEX_AGE_RT","SEX_F","AGE_5YRBANDS_Y20-24","2012",8.907,,,,"R1:3513"
"IRN","BA:675","EMP_DWAP_SEX_AGE_RT","SEX_F","AGE_5YRBANDS_Y25-29","2012",15.819,,,,"R1:3513"
"IRN","BA:675","EMP_DWAP_SEX_AGE_RT","SEX_F","AGE_5YRBANDS_Y30-34","2012",17.478,,,,"R1:3513"
"IRN","BA:675","EMP_DWAP_SEX_AGE_RT","SEX_F","AGE_5YRBANDS_Y35-39","2012",19.557,,,,"R1:3513"
"IRN","BA:675","EMP_DWAP_SEX_AGE_RT","SEX_F","AGE_5YRBANDS_Y40-44","2012",17.017,,,,"R1:3513"
"IRN","BA:675","EMP_DWAP_SEX_AGE_RT","SEX_F","AGE_5YRBANDS_Y45-49","2012",14.666,,,,"R1:3513"
"IRN","BA:675","EMP_DWAP_SEX_AGE_RT","SEX_F","AGE_5YRBANDS_Y50-54","2012",9.408,,,,"R1:3513"
"IRN","BA:675","EMP_DWAP_SEX_AGE_RT","SEX_F","AGE_5YRBANDS_Y55-59","2012",8.698,,,,"R1:3513"
"IRN","BA:675","EMP_DWAP_SEX_AGE_RT","SEX_F","AGE_5YRBANDS_Y60-64","2012",5.747,,,,"R1:3513"
"IRN","BA:675","EMP_DWAP_SEX_AGE_RT","SEX_F","AGE_5YRBANDS_YGE65","2012",2.533,,,,"R1:3513"
"IRN","BA:675","EMP_DWAP_SEX_AGE_RT","SEX_T","AGE_YTHADULT_YGE15","2011",34.993,,,,"R1:3513"
"IRN","BA:675","EMP_DWAP_SEX_AGE_RT","SEX_T","AGE_YTHADULT_Y15-64","2011",36.551,,,,"R1:3513"
"IRN","BA:675","EMP_DWAP_SEX_AGE_RT","SEX_T","AGE_YTHADULT_Y15-24","2011",19.842,,,,"R1:3513"
"IRN","BA:675","EMP_DWAP_SEX_AGE_RT","SEX_T","AGE_YTHADULT_YGE25","2011",40.286,,,,"R1:3513"
"IRN","BA:675","EMP_DWAP_SEX_AGE_RT","SEX_M","AGE_YTHADULT_YGE15","2011",58.991,,,,"R1:3513"
"IRN","BA:675","EMP_DWAP_SEX_AGE_RT","SEX_M","AGE_YTHADULT_Y15-64","2011",61.509,,,,"R1:3513"
"IRN","BA:675","EMP_DWAP_SEX_AGE_RT","SEX_M","AGE_YTHADULT_Y15-24","2011",32.276,,,,"R1:3513"
"IRN","BA:675","EMP_DWAP_SEX_AGE_RT","SEX_M","AGE_YTHADULT_YGE25","2011",68.978,,,,"R1:3513"
"IRN","BA:675","EMP_DWAP_SEX_AGE_RT","SEX_F","AGE_YTHADULT_YGE15","2011",10.853,,,,"R1:3513"
"IRN","BA:675","EMP_DWAP_SEX_AGE_RT","SEX_F","AGE_YTHADULT_Y15-64","2011",11.442,,,,"R1:3513"
"IRN","BA:675","EMP_DWAP_SEX_AGE_RT","SEX_F","AGE_YTHADULT_Y15-24","2011",5.982,,,,"R1:3513"
"IRN","BA:675","EMP_DWAP_SEX_AGE_RT","SEX_F","AGE_YTHADULT_YGE25","2011",12.438,,,,"R1:3513"
"IRN","BA:675","EMP_DWAP_SEX_AGE_RT","SEX_T","AGE_AGGREGATE_YGE15","2011",34.993,,,,"R1:3513"
"IRN","BA:675","EMP_DWAP_SEX_AGE_RT","SEX_T","AGE_AGGREGATE_Y15-24","2011",19.842,,,,"R1:3513"
"IRN","BA:675","EMP_DWAP_SEX_AGE_RT","SEX_T","AGE_AGGREGATE_Y25-54","2011",45.645,,,,"R1:3513"
"IRN","BA:675","EMP_DWAP_SEX_AGE_RT","SEX_T","AGE_AGGREGATE_Y55-64","2011",26.733,,,,"R1:3513"
"IRN","BA:675","EMP_DWAP_SEX_AGE_RT","SEX_T","AGE_AGGREGATE_YGE65","2011",12.699,,,,"R1:3513"
"IRN","BA:675","EMP_DWAP_SEX_AGE_RT","SEX_M","AGE_AGGREGATE_YGE15","2011",58.991,,,,"R1:3513"
"IRN","BA:675","EMP_DWAP_SEX_AGE_RT","SEX_M","AGE_AGGREGATE_Y15-24","2011",32.276,,,,"R1:3513"
"IRN","BA:675","EMP_DWAP_SEX_AGE_RT","SEX_M","AGE_AGGREGATE_Y25-54","2011",77.936,,,,"R1:3513"
"IRN","BA:675","EMP_DWAP_SEX_AGE_RT","SEX_M","AGE_AGGREGATE_Y55-64","2011",47.093,,,,"R1:3513"
"IRN","BA:675","EMP_DWAP_SEX_AGE_RT","SEX_M","AGE_AGGREGATE_YGE65","2011",22.926,,,,"R1:3513"
"IRN","BA:675","EMP_DWAP_SEX_AGE_RT","SEX_F","AGE_AGGREGATE_YGE15","2011",10.853,,,,"R1:3513"
"IRN","BA:675","EMP_DWAP_SEX_AGE_RT","SEX_F","AGE_AGGREGATE_Y15-24","2011",5.982,,,,"R1:3513"
"IRN","BA:675","EMP_DWAP_SEX_AGE_RT","SEX_F","AGE_AGGREGATE_Y25-54","2011",14.478,,,,"R1:3513"
"IRN","BA:675","EMP_DWAP_SEX_AGE_RT","SEX_F","AGE_AGGREGATE_Y55-64","2011",6.776,,,,"R1:3513"
"IRN","BA:675","EMP_DWAP_SEX_AGE_RT","SEX_F","AGE_AGGREGATE_YGE65","2011",2.426,,,,"R1:3513"
"IRN","BA:675","EMP_DWAP_SEX_AGE_RT","SEX_T","AGE_10YRBANDS_YGE15","2011",34.993,,,,"R1:3513"
"IRN","BA:675","EMP_DWAP_SEX_AGE_RT","SEX_T","AGE_10YRBANDS_Y15-24","2011",19.842,,,,"R1:3513"
"IRN","BA:675","EMP_DWAP_SEX_AGE_RT","SEX_T","AGE_10YRBANDS_Y25-34","2011",44.567,,,,"R1:3513"
"IRN","BA:675","EMP_DWAP_SEX_AGE_RT","SEX_T","AGE_10YRBANDS_Y35-44","2011",49.824,,,,"R1:3513"
"IRN","BA:675","EMP_DWAP_SEX_AGE_RT","SEX_T","AGE_10YRBANDS_Y45-54","2011",42.278,,,,"R1:3513"
"IRN","BA:675","EMP_DWAP_SEX_AGE_RT","SEX_T","AGE_10YRBANDS_Y55-64","2011",26.733,,,,"R1:3513"
"IRN","BA:675","EMP_DWAP_SEX_AGE_RT","SEX_T","AGE_10YRBANDS_YGE65","2011",12.699,,,,"R1:3513"
"IRN","BA:675","EMP_DWAP_SEX_AGE_RT","SEX_M","AGE_10YRBANDS_YGE15","2011",58.991,,,,"R1:3513"
"IRN","BA:675","EMP_DWAP_SEX_AGE_RT","SEX_M","AGE_10YRBANDS_Y15-24","2011",32.276,,,,"R1:3513"
"IRN","BA:675","EMP_DWAP_SEX_AGE_RT","SEX_M","AGE_10YRBANDS_Y25-34","2011",74.932,,,,"R1:3513"
"IRN","BA:675","EMP_DWAP_SEX_AGE_RT","SEX_M","AGE_10YRBANDS_Y35-44","2011",86.567,,,,"R1:3513"
"IRN","BA:675","EMP_DWAP_SEX_AGE_RT","SEX_M","AGE_10YRBANDS_Y45-54","2011",72.617,,,,"R1:3513"
"IRN","BA:675","EMP_DWAP_SEX_AGE_RT","SEX_M","AGE_10YRBANDS_Y55-64","2011",47.093,,,,"R1:3513"
"IRN","BA:675","EMP_DWAP_SEX_AGE_RT","SEX_M","AGE_10YRBANDS_YGE65","2011",22.926,,,,"R1:3513"
"IRN","BA:675","EMP_DWAP_SEX_AGE_RT","SEX_F","AGE_10YRBANDS_YGE15","2011",10.853,,,,"R1:3513"
"IRN","BA:675","EMP_DWAP_SEX_AGE_RT","SEX_F","AGE_10YRBANDS_Y15-24","2011",5.982,,,,"R1:3513"
"IRN","BA:675","EMP_DWAP_SEX_AGE_RT","SEX_F","AGE_10YRBANDS_Y25-34","2011",14.864,,,,"R1:3513"
"IRN","BA:675","EMP_DWAP_SEX_AGE_RT","SEX_F","AGE_10YRBANDS_Y35-44","2011",16.298,,,,"R1:3513"
"IRN","BA:675","EMP_DWAP_SEX_AGE_RT","SEX_F","AGE_10YRBANDS_Y45-54","2011",11.588,,,,"R1:3513"
"IRN","BA:675","EMP_DWAP_SEX_AGE_RT","SEX_F","AGE_10YRBANDS_Y55-64","2011",6.776,,,,"R1:3513"
"IRN","BA:675","EMP_DWAP_SEX_AGE_RT","SEX_F","AGE_10YRBANDS_YGE65","2011",2.426,,,,"R1:3513"
"IRN","BA:675","EMP_DWAP_SEX_AGE_RT","SEX_T","AGE_5YRBANDS_YGE15","2011",34.993,,,,"R1:3513"
"IRN","BA:675","EMP_DWAP_SEX_AGE_RT","SEX_T","AGE_5YRBANDS_Y15-19","2011",10.776,,,,"R1:3513"
"IRN","BA:675","EMP_DWAP_SEX_AGE_RT","SEX_T","AGE_5YRBANDS_Y20-24","2011",28.181,,,,"R1:3513"
"IRN","BA:675","EMP_DWAP_SEX_AGE_RT","SEX_T","AGE_5YRBANDS_Y25-29","2011",41.226,,,,"R1:3513"
"IRN","BA:675","EMP_DWAP_SEX_AGE_RT","SEX_T","AGE_5YRBANDS_Y30-34","2011",48.598,,,,"R1:3513"
"IRN","BA:675","EMP_DWAP_SEX_AGE_RT","SEX_T","AGE_5YRBANDS_Y35-39","2011",50.654,,,,"R1:3513"
"IRN","BA:675","EMP_DWAP_SEX_AGE_RT","SEX_T","AGE_5YRBANDS_Y40-44","2011",48.976,,,,"R1:3513"
"IRN","BA:675","EMP_DWAP_SEX_AGE_RT","SEX_T","AGE_5YRBANDS_Y45-49","2011",45.962,,,,"R1:3513"
"IRN","BA:675","EMP_DWAP_SEX_AGE_RT","SEX_T","AGE_5YRBANDS_Y50-54","2011",38.083,,,,"R1:3513"
"IRN","BA:675","EMP_DWAP_SEX_AGE_RT","SEX_T","AGE_5YRBANDS_Y55-59","2011",30.227,,,,"R1:3513"
"IRN","BA:675","EMP_DWAP_SEX_AGE_RT","SEX_T","AGE_5YRBANDS_Y60-64","2011",21.857,,,,"R1:3513"
"IRN","BA:675","EMP_DWAP_SEX_AGE_RT","SEX_T","AGE_5YRBANDS_YGE65","2011",12.699,,,,"R1:3513"
"IRN","BA:675","EMP_DWAP_SEX_AGE_RT","SEX_M","AGE_5YRBANDS_YGE15","2011",58.991,,,,"R1:3513"
"IRN","BA:675","EMP_DWAP_SEX_AGE_RT","SEX_M","AGE_5YRBANDS_Y15-19","2011",17.318,,,,"R1:3513"
"IRN","BA:675","EMP_DWAP_SEX_AGE_RT","SEX_M","AGE_5YRBANDS_Y20-24","2011",45.893,,,,"R1:3513"
"IRN","BA:675","EMP_DWAP_SEX_AGE_RT","SEX_M","AGE_5YRBANDS_Y25-29","2011",67.674,,,,"R1:3513"
"IRN","BA:675","EMP_DWAP_SEX_AGE_RT","SEX_M","AGE_5YRBANDS_Y30-34","2011",84.373,,,,"R1:3513"
"IRN","BA:675","EMP_DWAP_SEX_AGE_RT","SEX_M","AGE_5YRBANDS_Y35-39","2011",87.771,,,,"R1:3513"
"IRN","BA:675","EMP_DWAP_SEX_AGE_RT","SEX_M","AGE_5YRBANDS_Y40-44","2011",85.342,,,,"R1:3513"
"IRN","BA:675","EMP_DWAP_SEX_AGE_RT","SEX_M","AGE_5YRBANDS_Y45-49","2011",78.077,,,,"R1:3513"
"IRN","BA:675","EMP_DWAP_SEX_AGE_RT","SEX_M","AGE_5YRBANDS_Y50-54","2011",66.39,,,,"R1:3513"
"IRN","BA:675","EMP_DWAP_SEX_AGE_RT","SEX_M","AGE_5YRBANDS_Y55-59","2011",53.642,,,,"R1:3513"
"IRN","BA:675","EMP_DWAP_SEX_AGE_RT","SEX_M","AGE_5YRBANDS_Y60-64","2011",38.16,,,,"R1:3513"
"IRN","BA:675","EMP_DWAP_SEX_AGE_RT","SEX_M","AGE_5YRBANDS_YGE65","2011",22.926,,,,"R1:3513"
"IRN","BA:675","EMP_DWAP_SEX_AGE_RT","SEX_F","AGE_5YRBANDS_YGE15","2011",10.853,,,,"R1:3513"
"IRN","BA:675","EMP_DWAP_SEX_AGE_RT","SEX_F","AGE_5YRBANDS_Y15-19","2011",3.566,,,,"R1:3513"
"IRN","BA:675","EMP_DWAP_SEX_AGE_RT","SEX_F","AGE_5YRBANDS_Y20-24","2011",8.23,,,,"R1:3513"
"IRN","BA:675","EMP_DWAP_SEX_AGE_RT","SEX_F","AGE_5YRBANDS_Y25-29","2011",13.552,,,,"R1:3513"
"IRN","BA:675","EMP_DWAP_SEX_AGE_RT","SEX_F","AGE_5YRBANDS_Y30-34","2011",16.334,,,,"R1:3513"
"IRN","BA:675","EMP_DWAP_SEX_AGE_RT","SEX_F","AGE_5YRBANDS_Y35-39","2011",16.91,,,,"R1:3513"
"IRN","BA:675","EMP_DWAP_SEX_AGE_RT","SEX_F","AGE_5YRBANDS_Y40-44","2011",15.671,,,,"R1:3513"
"IRN","BA:675","EMP_DWAP_SEX_AGE_RT","SEX_F","AGE_5YRBANDS_Y45-49","2011",13.429,,,,"R1:3513"
"IRN","BA:675","EMP_DWAP_SEX_AGE_RT","SEX_F","AGE_5YRBANDS_Y50-54","2011",9.494,,,,"R1:3513"
"IRN","BA:675","EMP_DWAP_SEX_AGE_RT","SEX_F","AGE_5YRBANDS_Y55-59","2011",7.701,,,,"R1:3513"
"IRN","BA:675","EMP_DWAP_SEX_AGE_RT","SEX_F","AGE_5YRBANDS_Y60-64","2011",5.457,,,,"R1:3513"
"IRN","BA:675","EMP_DWAP_SEX_AGE_RT","SEX_F","AGE_5YRBANDS_YGE65","2011",2.426,,,,"R1:3513"
"IRN","BA:675","EMP_DWAP_SEX_AGE_RT","SEX_T","AGE_YTHADULT_YGE15","2010",35.905,,,,"R1:3513"
"IRN","BA:675","EMP_DWAP_SEX_AGE_RT","SEX_T","AGE_YTHADULT_Y15-64","2010",37.437,,,,"R1:3513"
"IRN","BA:675","EMP_DWAP_SEX_AGE_RT","SEX_T","AGE_YTHADULT_Y15-24","2010",20.794,,,,"R1:3513"
"IRN","BA:675","EMP_DWAP_SEX_AGE_RT","SEX_T","AGE_YTHADULT_YGE25","2010",41.642,,,,"R1:3513"
"IRN","BA:675","EMP_DWAP_SEX_AGE_RT","SEX_M","AGE_YTHADULT_YGE15","2010",59.634,,,,"R1:3513"
"IRN","BA:675","EMP_DWAP_SEX_AGE_RT","SEX_M","AGE_YTHADULT_Y15-64","2010",62.11,,,,"R1:3513"
"IRN","BA:675","EMP_DWAP_SEX_AGE_RT","SEX_M","AGE_YTHADULT_Y15-24","2010",33.567,,,,"R1:3513"
"IRN","BA:675","EMP_DWAP_SEX_AGE_RT","SEX_M","AGE_YTHADULT_YGE25","2010",69.946,,,,"R1:3513"
"IRN","BA:675","EMP_DWAP_SEX_AGE_RT","SEX_F","AGE_YTHADULT_YGE15","2010",12.094,,,,"R1:3513"
"IRN","BA:675","EMP_DWAP_SEX_AGE_RT","SEX_F","AGE_YTHADULT_Y15-64","2010",12.718,,,,"R1:3513"
"IRN","BA:675","EMP_DWAP_SEX_AGE_RT","SEX_F","AGE_YTHADULT_Y15-24","2010",7.18,,,,"R1:3513"
"IRN","BA:675","EMP_DWAP_SEX_AGE_RT","SEX_F","AGE_YTHADULT_YGE25","2010",13.883,,,,"R1:3513"
"IRN","BA:675","EMP_DWAP_SEX_AGE_RT","SEX_T","AGE_AGGREGATE_YGE15","2010",35.905,,,,"R1:3513"
"IRN","BA:675","EMP_DWAP_SEX_AGE_RT","SEX_T","AGE_AGGREGATE_Y15-24","2010",20.794,,,,"R1:3513"
"IRN","BA:675","EMP_DWAP_SEX_AGE_RT","SEX_T","AGE_AGGREGATE_Y25-54","2010",46.918,,,,"R1:3513"
"IRN","BA:675","EMP_DWAP_SEX_AGE_RT","SEX_T","AGE_AGGREGATE_Y55-64","2010",28.745,,,,"R1:3513"
"IRN","BA:675","EMP_DWAP_SEX_AGE_RT","SEX_T","AGE_AGGREGATE_YGE65","2010",14.292,,,,"R1:3513"
"IRN","BA:675","EMP_DWAP_SEX_AGE_RT","SEX_M","AGE_AGGREGATE_YGE15","2010",59.634,,,,"R1:3513"
"IRN","BA:675","EMP_DWAP_SEX_AGE_RT","SEX_M","AGE_AGGREGATE_Y15-24","2010",33.567,,,,"R1:3513"
"IRN","BA:675","EMP_DWAP_SEX_AGE_RT","SEX_M","AGE_AGGREGATE_Y25-54","2010",78.65,,,,"R1:3513"
"IRN","BA:675","EMP_DWAP_SEX_AGE_RT","SEX_M","AGE_AGGREGATE_Y55-64","2010",49.549,,,,"R1:3513"
"IRN","BA:675","EMP_DWAP_SEX_AGE_RT","SEX_M","AGE_AGGREGATE_YGE65","2010",25.113,,,,"R1:3513"
"IRN","BA:675","EMP_DWAP_SEX_AGE_RT","SEX_F","AGE_AGGREGATE_YGE15","2010",12.094,,,,"R1:3513"
"IRN","BA:675","EMP_DWAP_SEX_AGE_RT","SEX_F","AGE_AGGREGATE_Y15-24","2010",7.18,,,,"R1:3513"
"IRN","BA:675","EMP_DWAP_SEX_AGE_RT","SEX_F","AGE_AGGREGATE_Y25-54","2010",16.032,,,,"R1:3513"
"IRN","BA:675","EMP_DWAP_SEX_AGE_RT","SEX_F","AGE_AGGREGATE_Y55-64","2010",8.044,,,,"R1:3513"
"IRN","BA:675","EMP_DWAP_SEX_AGE_RT","SEX_F","AGE_AGGREGATE_YGE65","2010",3.189,,,,"R1:3513"
"IRN","BA:675","EMP_DWAP_SEX_AGE_RT","SEX_T","AGE_10YRBANDS_YGE15","2010",35.905,,,,"R1:3513"
"IRN","BA:675","EMP_DWAP_SEX_AGE_RT","SEX_T","AGE_10YRBANDS_Y15-24","2010",20.794,,,,"R1:3513"
"IRN","BA:675","EMP_DWAP_SEX_AGE_RT","SEX_T","AGE_10YRBANDS_Y25-34","2010",45.925,,,,"R1:3513"
"IRN","BA:675","EMP_DWAP_SEX_AGE_RT","SEX_T","AGE_10YRBANDS_Y35-44","2010",51.122,,,,"R1:3513"
"IRN","BA:675","EMP_DWAP_SEX_AGE_RT","SEX_T","AGE_10YRBANDS_Y45-54","2010",43.286,,,,"R1:3513"
"IRN","BA:675","EMP_DWAP_SEX_AGE_RT","SEX_T","AGE_10YRBANDS_Y55-64","2010",28.745,,,,"R1:3513"
"IRN","BA:675","EMP_DWAP_SEX_AGE_RT","SEX_T","AGE_10YRBANDS_YGE65","2010",14.292,,,,"R1:3513"
"IRN","BA:675","EMP_DWAP_SEX_AGE_RT","SEX_M","AGE_10YRBANDS_YGE15","2010",59.634,,,,"R1:3513"
"IRN","BA:675","EMP_DWAP_SEX_AGE_RT","SEX_M","AGE_10YRBANDS_Y15-24","2010",33.567,,,,"R1:3513"
"IRN","BA:675","EMP_DWAP_SEX_AGE_RT","SEX_M","AGE_10YRBANDS_Y25-34","2010",76.006,,,,"R1:3513"
"IRN","BA:675","EMP_DWAP_SEX_AGE_RT","SEX_M","AGE_10YRBANDS_Y35-44","2010",86.193,,,,"R1:3513"
"IRN","BA:675","EMP_DWAP_SEX_AGE_RT","SEX_M","AGE_10YRBANDS_Y45-54","2010",73.695,,,,"R1:3513"
"IRN","BA:675","EMP_DWAP_SEX_AGE_RT","SEX_M","AGE_10YRBANDS_Y55-64","2010",49.549,,,,"R1:3513"
"IRN","BA:675","EMP_DWAP_SEX_AGE_RT","SEX_M","AGE_10YRBANDS_YGE65","2010",25.113,,,,"R1:3513"
"IRN","BA:675","EMP_DWAP_SEX_AGE_RT","SEX_F","AGE_10YRBANDS_YGE15","2010",12.094,,,,"R1:3513"
"IRN","BA:675","EMP_DWAP_SEX_AGE_RT","SEX_F","AGE_10YRBANDS_Y15-24","2010",7.18,,,,"R1:3513"
"IRN","BA:675","EMP_DWAP_SEX_AGE_RT","SEX_F","AGE_10YRBANDS_Y25-34","2010",16.646,,,,"R1:3513"
"IRN","BA:675","EMP_DWAP_SEX_AGE_RT","SEX_F","AGE_10YRBANDS_Y35-44","2010",17.875,,,,"R1:3513"
"IRN","BA:675","EMP_DWAP_SEX_AGE_RT","SEX_F","AGE_10YRBANDS_Y45-54","2010",12.705,,,,"R1:3513"
"IRN","BA:675","EMP_DWAP_SEX_AGE_RT","SEX_F","AGE_10YRBANDS_Y55-64","2010",8.044,,,,"R1:3513"
"IRN","BA:675","EMP_DWAP_SEX_AGE_RT","SEX_F","AGE_10YRBANDS_YGE65","2010",3.189,,,,"R1:3513"
"IRN","BA:675","EMP_DWAP_SEX_AGE_RT","SEX_T","AGE_5YRBANDS_YGE15","2010",35.905,,,,"R1:3513"
"IRN","BA:675","EMP_DWAP_SEX_AGE_RT","SEX_T","AGE_5YRBANDS_Y15-19","2010",12.071,,,,"R1:3513"
"IRN","BA:675","EMP_DWAP_SEX_AGE_RT","SEX_T","AGE_5YRBANDS_Y20-24","2010",29.061,,,,"R1:3513"
"IRN","BA:675","EMP_DWAP_SEX_AGE_RT","SEX_T","AGE_5YRBANDS_Y25-29","2010",42.811,,,,"R1:3513"
"IRN","BA:675","EMP_DWAP_SEX_AGE_RT","SEX_T","AGE_5YRBANDS_Y30-34","2010",49.86,,,,"R1:3513"
"IRN","BA:675","EMP_DWAP_SEX_AGE_RT","SEX_T","AGE_5YRBANDS_Y35-39","2010",51.724,,,,"R1:3513"
"IRN","BA:675","EMP_DWAP_SEX_AGE_RT","SEX_T","AGE_5YRBANDS_Y40-44","2010",50.472,,,,"R1:3513"
"IRN","BA:675","EMP_DWAP_SEX_AGE_RT","SEX_T","AGE_5YRBANDS_Y45-49","2010",46.591,,,,"R1:3513"
"IRN","BA:675","EMP_DWAP_SEX_AGE_RT","SEX_T","AGE_5YRBANDS_Y50-54","2010",39.328,,,,"R1:3513"
"IRN","BA:675","EMP_DWAP_SEX_AGE_RT","SEX_T","AGE_5YRBANDS_Y55-59","2010",30.887,,,,"R1:3513"
"IRN","BA:675","EMP_DWAP_SEX_AGE_RT","SEX_T","AGE_5YRBANDS_Y60-64","2010",25.644,,,,"R1:3513"
"IRN","BA:675","EMP_DWAP_SEX_AGE_RT","SEX_T","AGE_5YRBANDS_YGE65","2010",14.292,,,,"R1:3513"
"IRN","BA:675","EMP_DWAP_SEX_AGE_RT","SEX_M","AGE_5YRBANDS_YGE15","2010",59.634,,,,"R1:3513"
"IRN","BA:675","EMP_DWAP_SEX_AGE_RT","SEX_M","AGE_5YRBANDS_Y15-19","2010",19.061,,,,"R1:3513"
"IRN","BA:675","EMP_DWAP_SEX_AGE_RT","SEX_M","AGE_5YRBANDS_Y20-24","2010",47.56,,,,"R1:3513"
"IRN","BA:675","EMP_DWAP_SEX_AGE_RT","SEX_M","AGE_5YRBANDS_Y25-29","2010",70.31,,,,"R1:3513"
"IRN","BA:675","EMP_DWAP_SEX_AGE_RT","SEX_M","AGE_5YRBANDS_Y30-34","2010",83.573,,,,"R1:3513"
"IRN","BA:675","EMP_DWAP_SEX_AGE_RT","SEX_M","AGE_5YRBANDS_Y35-39","2010",86.816,,,,"R1:3513"
"IRN","BA:675","EMP_DWAP_SEX_AGE_RT","SEX_M","AGE_5YRBANDS_Y40-44","2010",85.504,,,,"R1:3513"
"IRN","BA:675","EMP_DWAP_SEX_AGE_RT","SEX_M","AGE_5YRBANDS_Y45-49","2010",78.263,,,,"R1:3513"
"IRN","BA:675","EMP_DWAP_SEX_AGE_RT","SEX_M","AGE_5YRBANDS_Y50-54","2010",68.12,,,,"R1:3513"
"IRN","BA:675","EMP_DWAP_SEX_AGE_RT","SEX_M","AGE_5YRBANDS_Y55-59","2010",53.716,,,,"R1:3513"
"IRN","BA:675","EMP_DWAP_SEX_AGE_RT","SEX_M","AGE_5YRBANDS_Y60-64","2010",43.697,,,,"R1:3513"
"IRN","BA:675","EMP_DWAP_SEX_AGE_RT","SEX_M","AGE_5YRBANDS_YGE65","2010",25.113,,,,"R1:3513"
"IRN","BA:675","EMP_DWAP_SEX_AGE_RT","SEX_F","AGE_5YRBANDS_YGE15","2010",12.094,,,,"R1:3513"
"IRN","BA:675","EMP_DWAP_SEX_AGE_RT","SEX_F","AGE_5YRBANDS_Y15-19","2010",4.482,,,,"R1:3513"
"IRN","BA:675","EMP_DWAP_SEX_AGE_RT","SEX_F","AGE_5YRBANDS_Y20-24","2010",9.691,,,,"R1:3513"
"IRN","BA:675","EMP_DWAP_SEX_AGE_RT","SEX_F","AGE_5YRBANDS_Y25-29","2010",14.866,,,,"R1:3513"
"IRN","BA:675","EMP_DWAP_SEX_AGE_RT","SEX_F","AGE_5YRBANDS_Y30-34","2010",18.792,,,,"R1:3513"
"IRN","BA:675","EMP_DWAP_SEX_AGE_RT","SEX_F","AGE_5YRBANDS_Y35-39","2010",17.789,,,,"R1:3513"
"IRN","BA:675","EMP_DWAP_SEX_AGE_RT","SEX_F","AGE_5YRBANDS_Y40-44","2010",17.966,,,,"R1:3513"
"IRN","BA:675","EMP_DWAP_SEX_AGE_RT","SEX_F","AGE_5YRBANDS_Y45-49","2010",14.177,,,,"R1:3513"
"IRN","BA:675","EMP_DWAP_SEX_AGE_RT","SEX_F","AGE_5YRBANDS_Y50-54","2010",10.976,,,,"R1:3513"
"IRN","BA:675","EMP_DWAP_SEX_AGE_RT","SEX_F","AGE_5YRBANDS_Y55-59","2010",8.727,,,,"R1:3513"
"IRN","BA:675","EMP_DWAP_SEX_AGE_RT","SEX_F","AGE_5YRBANDS_Y60-64","2010",7.026,,,,"R1:3513"
"IRN","BA:675","EMP_DWAP_SEX_AGE_RT","SEX_F","AGE_5YRBANDS_YGE65","2010",3.189,,,,"R1:3513"
"IRN","BA:675","EMP_DWAP_SEX_AGE_RT","SEX_T","AGE_YTHADULT_YGE15","2009",37.237,,,,"R1:3513"
"IRN","BA:675","EMP_DWAP_SEX_AGE_RT","SEX_T","AGE_YTHADULT_Y15-64","2009",38.699,,,,"R1:3513"
"IRN","BA:675","EMP_DWAP_SEX_AGE_RT","SEX_T","AGE_YTHADULT_Y15-24","2009",22.198,,,,"R1:3513"
"IRN","BA:675","EMP_DWAP_SEX_AGE_RT","SEX_T","AGE_YTHADULT_YGE25","2009",43.381,,,,"R1:3513"
"IRN","BA:675","EMP_DWAP_SEX_AGE_RT","SEX_M","AGE_YTHADULT_YGE15","2009",61.211,,,,"R1:3513"
"IRN","BA:675","EMP_DWAP_SEX_AGE_RT","SEX_M","AGE_YTHADULT_Y15-64","2009",63.627,,,,"R1:3513"
"IRN","BA:675","EMP_DWAP_SEX_AGE_RT","SEX_M","AGE_YTHADULT_Y15-24","2009",35.513,,,,"R1:3513"
"IRN","BA:675","EMP_DWAP_SEX_AGE_RT","SEX_M","AGE_YTHADULT_YGE25","2009",71.916,,,,"R1:3513"
"IRN","BA:675","EMP_DWAP_SEX_AGE_RT","SEX_F","AGE_YTHADULT_YGE15","2009",13.108,,,,"R1:3513"
"IRN","BA:675","EMP_DWAP_SEX_AGE_RT","SEX_F","AGE_YTHADULT_Y15-64","2009",13.683,,,,"R1:3513"
"IRN","BA:675","EMP_DWAP_SEX_AGE_RT","SEX_F","AGE_YTHADULT_Y15-24","2009",8.419,,,,"R1:3513"
"IRN","BA:675","EMP_DWAP_SEX_AGE_RT","SEX_F","AGE_YTHADULT_YGE25","2009",14.987,,,,"R1:3513"
"IRN","BA:675","EMP_DWAP_SEX_AGE_RT","SEX_T","AGE_AGGREGATE_YGE15","2009",37.237,,,,"R1:3513"
"IRN","BA:675","EMP_DWAP_SEX_AGE_RT","SEX_T","AGE_AGGREGATE_Y15-24","2009",22.198,,,,"R1:3513"
"IRN","BA:675","EMP_DWAP_SEX_AGE_RT","SEX_T","AGE_AGGREGATE_Y25-54","2009",48.521,,,,"R1:3513"
"IRN","BA:675","EMP_DWAP_SEX_AGE_RT","SEX_T","AGE_AGGREGATE_Y55-64","2009",30.753,,,,"R1:3513"
"IRN","BA:675","EMP_DWAP_SEX_AGE_RT","SEX_T","AGE_AGGREGATE_YGE65","2009",16.903,,,,"R1:3513"
"IRN","BA:675","EMP_DWAP_SEX_AGE_RT","SEX_M","AGE_AGGREGATE_YGE15","2009",61.211,,,,"R1:3513"
"IRN","BA:675","EMP_DWAP_SEX_AGE_RT","SEX_M","AGE_AGGREGATE_Y15-24","2009",35.513,,,,"R1:3513"
"IRN","BA:675","EMP_DWAP_SEX_AGE_RT","SEX_M","AGE_AGGREGATE_Y25-54","2009",80.424,,,,"R1:3513"
"IRN","BA:675","EMP_DWAP_SEX_AGE_RT","SEX_M","AGE_AGGREGATE_Y55-64","2009",52.254,,,,"R1:3513"
"IRN","BA:675","EMP_DWAP_SEX_AGE_RT","SEX_M","AGE_AGGREGATE_YGE65","2009",28.324,,,,"R1:3513"
"IRN","BA:675","EMP_DWAP_SEX_AGE_RT","SEX_F","AGE_AGGREGATE_YGE15","2009",13.108,,,,"R1:3513"
"IRN","BA:675","EMP_DWAP_SEX_AGE_RT","SEX_F","AGE_AGGREGATE_Y15-24","2009",8.419,,,,"R1:3513"
"IRN","BA:675","EMP_DWAP_SEX_AGE_RT","SEX_F","AGE_AGGREGATE_Y25-54","2009",17.099,,,,"R1:3513"
"IRN","BA:675","EMP_DWAP_SEX_AGE_RT","SEX_F","AGE_AGGREGATE_Y55-64","2009",8.799,,,,"R1:3513"
"IRN","BA:675","EMP_DWAP_SEX_AGE_RT","SEX_F","AGE_AGGREGATE_YGE65","2009",4.933,,,,"R1:3513"
"IRN","BA:675","EMP_DWAP_SEX_AGE_RT","SEX_T","AGE_10YRBANDS_YGE15","2009",37.237,,,,"R1:3513"
"IRN","BA:675","EMP_DWAP_SEX_AGE_RT","SEX_T","AGE_10YRBANDS_Y15-24","2009",22.198,,,,"R1:3513"
"IRN","BA:675","EMP_DWAP_SEX_AGE_RT","SEX_T","AGE_10YRBANDS_Y25-34","2009",47.938,,,,"R1:3513"
"IRN","BA:675","EMP_DWAP_SEX_AGE_RT","SEX_T","AGE_10YRBANDS_Y35-44","2009",52.6,,,,"R1:3513"
"IRN","BA:675","EMP_DWAP_SEX_AGE_RT","SEX_T","AGE_10YRBANDS_Y45-54","2009",44.316,,,,"R1:3513"
"IRN","BA:675","EMP_DWAP_SEX_AGE_RT","SEX_T","AGE_10YRBANDS_Y55-64","2009",30.753,,,,"R1:3513"
"IRN","BA:675","EMP_DWAP_SEX_AGE_RT","SEX_T","AGE_10YRBANDS_YGE65","2009",16.903,,,,"R1:3513"
"IRN","BA:675","EMP_DWAP_SEX_AGE_RT","SEX_M","AGE_10YRBANDS_YGE15","2009",61.211,,,,"R1:3513"
"IRN","BA:675","EMP_DWAP_SEX_AGE_RT","SEX_M","AGE_10YRBANDS_Y15-24","2009",35.513,,,,"R1:3513"
"IRN","BA:675","EMP_DWAP_SEX_AGE_RT","SEX_M","AGE_10YRBANDS_Y25-34","2009",78.152,,,,"R1:3513"
"IRN","BA:675","EMP_DWAP_SEX_AGE_RT","SEX_M","AGE_10YRBANDS_Y35-44","2009",87.212,,,,"R1:3513"
"IRN","BA:675","EMP_DWAP_SEX_AGE_RT","SEX_M","AGE_10YRBANDS_Y45-54","2009",75.584,,,,"R1:3513"
"IRN","BA:675","EMP_DWAP_SEX_AGE_RT","SEX_M","AGE_10YRBANDS_Y55-64","2009",52.254,,,,"R1:3513"
"IRN","BA:675","EMP_DWAP_SEX_AGE_RT","SEX_M","AGE_10YRBANDS_YGE65","2009",28.324,,,,"R1:3513"
"IRN","BA:675","EMP_DWAP_SEX_AGE_RT","SEX_F","AGE_10YRBANDS_YGE15","2009",13.108,,,,"R1:3513"
"IRN","BA:675","EMP_DWAP_SEX_AGE_RT","SEX_F","AGE_10YRBANDS_Y15-24","2009",8.419,,,,"R1:3513"
"IRN","BA:675","EMP_DWAP_SEX_AGE_RT","SEX_F","AGE_10YRBANDS_Y25-34","2009",18.347,,,,"R1:3513"
"IRN","BA:675","EMP_DWAP_SEX_AGE_RT","SEX_F","AGE_10YRBANDS_Y35-44","2009",18.644,,,,"R1:3513"
"IRN","BA:675","EMP_DWAP_SEX_AGE_RT","SEX_F","AGE_10YRBANDS_Y45-54","2009",13.08,,,,"R1:3513"
"IRN","BA:675","EMP_DWAP_SEX_AGE_RT","SEX_F","AGE_10YRBANDS_Y55-64","2009",8.799,,,,"R1:3513"
"IRN","BA:675","EMP_DWAP_SEX_AGE_RT","SEX_F","AGE_10YRBANDS_YGE65","2009",4.933,,,,"R1:3513"
"IRN","BA:675","EMP_DWAP_SEX_AGE_RT","SEX_T","AGE_5YRBANDS_YGE15","2009",37.237,,,,"R1:3513"
"IRN","BA:675","EMP_DWAP_SEX_AGE_RT","SEX_T","AGE_5YRBANDS_Y15-19","2009",13.562,,,,"R1:3513"
"IRN","BA:675","EMP_DWAP_SEX_AGE_RT","SEX_T","AGE_5YRBANDS_Y20-24","2009",30.529,,,,"R1:3513"
"IRN","BA:675","EMP_DWAP_SEX_AGE_RT","SEX_T","AGE_5YRBANDS_Y25-29","2009",45.042,,,,"R1:3513"
"IRN","BA:675","EMP_DWAP_SEX_AGE_RT","SEX_T","AGE_5YRBANDS_Y30-34","2009",51.536,,,,"R1:3513"
"IRN","BA:675","EMP_DWAP_SEX_AGE_RT","SEX_T","AGE_5YRBANDS_Y35-39","2009",53.068,,,,"R1:3513"
"IRN","BA:675","EMP_DWAP_SEX_AGE_RT","SEX_T","AGE_5YRBANDS_Y40-44","2009",52.075,,,,"R1:3513"
"IRN","BA:675","EMP_DWAP_SEX_AGE_RT","SEX_T","AGE_5YRBANDS_Y45-49","2009",47.886,,,,"R1:3513"
"IRN","BA:675","EMP_DWAP_SEX_AGE_RT","SEX_T","AGE_5YRBANDS_Y50-54","2009",39.873,,,,"R1:3513"
"IRN","BA:675","EMP_DWAP_SEX_AGE_RT","SEX_T","AGE_5YRBANDS_Y55-59","2009",32.627,,,,"R1:3513"
"IRN","BA:675","EMP_DWAP_SEX_AGE_RT","SEX_T","AGE_5YRBANDS_Y60-64","2009",28.1,,,,"R1:3513"
"IRN","BA:675","EMP_DWAP_SEX_AGE_RT","SEX_T","AGE_5YRBANDS_YGE65","2009",16.903,,,,"R1:3513"
"IRN","BA:675","EMP_DWAP_SEX_AGE_RT","SEX_M","AGE_5YRBANDS_YGE15","2009",61.211,,,,"R1:3513"
"IRN","BA:675","EMP_DWAP_SEX_AGE_RT","SEX_M","AGE_5YRBANDS_Y15-19","2009",20.866,,,,"R1:3513"
"IRN","BA:675","EMP_DWAP_SEX_AGE_RT","SEX_M","AGE_5YRBANDS_Y20-24","2009",50.088,,,,"R1:3513"
"IRN","BA:675","EMP_DWAP_SEX_AGE_RT","SEX_M","AGE_5YRBANDS_Y25-29","2009",72.721,,,,"R1:3513"
"IRN","BA:675","EMP_DWAP_SEX_AGE_RT","SEX_M","AGE_5YRBANDS_Y30-34","2009",85.176,,,,"R1:3513"
"IRN","BA:675","EMP_DWAP_SEX_AGE_RT","SEX_M","AGE_5YRBANDS_Y35-39","2009",87.913,,,,"R1:3513"
"IRN","BA:675","EMP_DWAP_SEX_AGE_RT","SEX_M","AGE_5YRBANDS_Y40-44","2009",86.446,,,,"R1:3513"
"IRN","BA:675","EMP_DWAP_SEX_AGE_RT","SEX_M","AGE_5YRBANDS_Y45-49","2009",80.898,,,,"R1:3513"
"IRN","BA:675","EMP_DWAP_SEX_AGE_RT","SEX_M","AGE_5YRBANDS_Y50-54","2009",68.814,,,,"R1:3513"
"IRN","BA:675","EMP_DWAP_SEX_AGE_RT","SEX_M","AGE_5YRBANDS_Y55-59","2009",56.664,,,,"R1:3513"
"IRN","BA:675","EMP_DWAP_SEX_AGE_RT","SEX_M","AGE_5YRBANDS_Y60-64","2009",46.358,,,,"R1:3513"
"IRN","BA:675","EMP_DWAP_SEX_AGE_RT","SEX_M","AGE_5YRBANDS_YGE65","2009",28.324,,,,"R1:3513"
"IRN","BA:675","EMP_DWAP_SEX_AGE_RT","SEX_F","AGE_5YRBANDS_YGE15","2009",13.108,,,,"R1:3513"
"IRN","BA:675","EMP_DWAP_SEX_AGE_RT","SEX_F","AGE_5YRBANDS_Y15-19","2009",5.755,,,,"R1:3513"
"IRN","BA:675","EMP_DWAP_SEX_AGE_RT","SEX_F","AGE_5YRBANDS_Y20-24","2009",10.907,,,,"R1:3513"
"IRN","BA:675","EMP_DWAP_SEX_AGE_RT","SEX_F","AGE_5YRBANDS_Y25-29","2009",16.951,,,,"R1:3513"
"IRN","BA:675","EMP_DWAP_SEX_AGE_RT","SEX_F","AGE_5YRBANDS_Y30-34","2009",20.014,,,,"R1:3513"
"IRN","BA:675","EMP_DWAP_SEX_AGE_RT","SEX_F","AGE_5YRBANDS_Y35-39","2009",19.774,,,,"R1:3513"
"IRN","BA:675","EMP_DWAP_SEX_AGE_RT","SEX_F","AGE_5YRBANDS_Y40-44","2009",17.34,,,,"R1:3513"
"IRN","BA:675","EMP_DWAP_SEX_AGE_RT","SEX_F","AGE_5YRBANDS_Y45-49","2009",14.222,,,,"R1:3513"
"IRN","BA:675","EMP_DWAP_SEX_AGE_RT","SEX_F","AGE_5YRBANDS_Y50-54","2009",11.691,,,,"R1:3513"
"IRN","BA:675","EMP_DWAP_SEX_AGE_RT","SEX_F","AGE_5YRBANDS_Y55-59","2009",9.239,,,,"R1:3513"
"IRN","BA:675","EMP_DWAP_SEX_AGE_RT","SEX_F","AGE_5YRBANDS_Y60-64","2009",8.139,,,,"R1:3513"
"IRN","BA:675","EMP_DWAP_SEX_AGE_RT","SEX_F","AGE_5YRBANDS_YGE65","2009",4.933,,,,"R1:3513"
"IRN","BA:675","EMP_DWAP_SEX_AGE_RT","SEX_T","AGE_YTHADULT_YGE15","2008",37.036,,,,"R1:3513"
"IRN","BA:675","EMP_DWAP_SEX_AGE_RT","SEX_T","AGE_YTHADULT_Y15-64","2008",38.553,,,,"R1:3513"
"IRN","BA:675","EMP_DWAP_SEX_AGE_RT","SEX_T","AGE_YTHADULT_Y15-24","2008",22.329,,,,"R1:3513"
"IRN","BA:675","EMP_DWAP_SEX_AGE_RT","SEX_T","AGE_YTHADULT_YGE25","2008",43.505,,,,"R1:3513"
"IRN","BA:675","EMP_DWAP_SEX_AGE_RT","SEX_M","AGE_YTHADULT_YGE15","2008",61.492,,,,"R1:3513"
"IRN","BA:675","EMP_DWAP_SEX_AGE_RT","SEX_M","AGE_YTHADULT_Y15-64","2008",63.966,,,,"R1:3513"
"IRN","BA:675","EMP_DWAP_SEX_AGE_RT","SEX_M","AGE_YTHADULT_Y15-24","2008",35.963,,,,"R1:3513"
"IRN","BA:675","EMP_DWAP_SEX_AGE_RT","SEX_M","AGE_YTHADULT_YGE25","2008",73.056,,,,"R1:3513"
"IRN","BA:675","EMP_DWAP_SEX_AGE_RT","SEX_F","AGE_YTHADULT_YGE15","2008",12.333,,,,"R1:3513"
"IRN","BA:675","EMP_DWAP_SEX_AGE_RT","SEX_F","AGE_YTHADULT_Y15-64","2008",12.993,,,,"R1:3513"
"IRN","BA:675","EMP_DWAP_SEX_AGE_RT","SEX_F","AGE_YTHADULT_Y15-24","2008",7.974,,,,"R1:3513"
"IRN","BA:675","EMP_DWAP_SEX_AGE_RT","SEX_F","AGE_YTHADULT_YGE25","2008",14.193,,,,"R1:3513"
"IRN","BA:675","EMP_DWAP_SEX_AGE_RT","SEX_T","AGE_AGGREGATE_YGE15","2008",37.036,,,,"R1:3513"
"IRN","BA:675","EMP_DWAP_SEX_AGE_RT","SEX_T","AGE_AGGREGATE_Y15-24","2008",22.329,,,,"R1:3513"
"IRN","BA:675","EMP_DWAP_SEX_AGE_RT","SEX_T","AGE_AGGREGATE_Y25-54","2008",48.965,,,,"R1:3513"
"IRN","BA:675","EMP_DWAP_SEX_AGE_RT","SEX_T","AGE_AGGREGATE_Y55-64","2008",30.28,,,,"R1:3513"
"IRN","BA:675","EMP_DWAP_SEX_AGE_RT","SEX_T","AGE_AGGREGATE_YGE65","2008",16.308,,,,"R1:3513"
"IRN","BA:675","EMP_DWAP_SEX_AGE_RT","SEX_M","AGE_AGGREGATE_YGE15","2008",61.492,,,,"R1:3513"
"IRN","BA:675","EMP_DWAP_SEX_AGE_RT","SEX_M","AGE_AGGREGATE_Y15-24","2008",35.963,,,,"R1:3513"
"IRN","BA:675","EMP_DWAP_SEX_AGE_RT","SEX_M","AGE_AGGREGATE_Y25-54","2008",82.117,,,,"R1:3513"
"IRN","BA:675","EMP_DWAP_SEX_AGE_RT","SEX_M","AGE_AGGREGATE_Y55-64","2008",52.406,,,,"R1:3513"
"IRN","BA:675","EMP_DWAP_SEX_AGE_RT","SEX_M","AGE_AGGREGATE_YGE65","2008",28.714,,,,"R1:3513"
"IRN","BA:675","EMP_DWAP_SEX_AGE_RT","SEX_F","AGE_AGGREGATE_YGE15","2008",12.333,,,,"R1:3513"
"IRN","BA:675","EMP_DWAP_SEX_AGE_RT","SEX_F","AGE_AGGREGATE_Y15-24","2008",7.974,,,,"R1:3513"
"IRN","BA:675","EMP_DWAP_SEX_AGE_RT","SEX_F","AGE_AGGREGATE_Y25-54","2008",16.485,,,,"R1:3513"
"IRN","BA:675","EMP_DWAP_SEX_AGE_RT","SEX_F","AGE_AGGREGATE_Y55-64","2008",7.953,,,,"R1:3513"
"IRN","BA:675","EMP_DWAP_SEX_AGE_RT","SEX_F","AGE_AGGREGATE_YGE65","2008",3.022,,,,"R1:3513"
"IRN","BA:675","EMP_DWAP_SEX_AGE_RT","SEX_T","AGE_10YRBANDS_YGE15","2008",37.036,,,,"R1:3513"
"IRN","BA:675","EMP_DWAP_SEX_AGE_RT","SEX_T","AGE_10YRBANDS_Y15-24","2008",22.329,,,,"R1:3513"
"IRN","BA:675","EMP_DWAP_SEX_AGE_RT","SEX_T","AGE_10YRBANDS_Y25-34","2008",48.386,,,,"R1:3513"
"IRN","BA:675","EMP_DWAP_SEX_AGE_RT","SEX_T","AGE_10YRBANDS_Y35-44","2008",52.887,,,,"R1:3513"
"IRN","BA:675","EMP_DWAP_SEX_AGE_RT","SEX_T","AGE_10YRBANDS_Y45-54","2008",45.089,,,,"R1:3513"
"IRN","BA:675","EMP_DWAP_SEX_AGE_RT","SEX_T","AGE_10YRBANDS_Y55-64","2008",30.28,,,,"R1:3513"
"IRN","BA:675","EMP_DWAP_SEX_AGE_RT","SEX_T","AGE_10YRBANDS_YGE65","2008",16.308,,,,"R1:3513"
"IRN","BA:675","EMP_DWAP_SEX_AGE_RT","SEX_M","AGE_10YRBANDS_YGE15","2008",61.492,,,,"R1:3513"
"IRN","BA:675","EMP_DWAP_SEX_AGE_RT","SEX_M","AGE_10YRBANDS_Y15-24","2008",35.963,,,,"R1:3513"
"IRN","BA:675","EMP_DWAP_SEX_AGE_RT","SEX_M","AGE_10YRBANDS_Y25-34","2008",80.262,,,,"R1:3513"
"IRN","BA:675","EMP_DWAP_SEX_AGE_RT","SEX_M","AGE_10YRBANDS_Y35-44","2008",88.54,,,,"R1:3513"
"IRN","BA:675","EMP_DWAP_SEX_AGE_RT","SEX_M","AGE_10YRBANDS_Y45-54","2008",77.176,,,,"R1:3513"
"IRN","BA:675","EMP_DWAP_SEX_AGE_RT","SEX_M","AGE_10YRBANDS_Y55-64","2008",52.406,,,,"R1:3513"
"IRN","BA:675","EMP_DWAP_SEX_AGE_RT","SEX_M","AGE_10YRBANDS_YGE65","2008",28.714,,,,"R1:3513"
"IRN","BA:675","EMP_DWAP_SEX_AGE_RT","SEX_F","AGE_10YRBANDS_YGE15","2008",12.333,,,,"R1:3513"
"IRN","BA:675","EMP_DWAP_SEX_AGE_RT","SEX_F","AGE_10YRBANDS_Y15-24","2008",7.974,,,,"R1:3513"
"IRN","BA:675","EMP_DWAP_SEX_AGE_RT","SEX_F","AGE_10YRBANDS_Y25-34","2008",17.452,,,,"R1:3513"
"IRN","BA:675","EMP_DWAP_SEX_AGE_RT","SEX_F","AGE_10YRBANDS_Y35-44","2008",18.169,,,,"R1:3513"
"IRN","BA:675","EMP_DWAP_SEX_AGE_RT","SEX_F","AGE_10YRBANDS_Y45-54","2008",12.965,,,,"R1:3513"
"IRN","BA:675","EMP_DWAP_SEX_AGE_RT","SEX_F","AGE_10YRBANDS_Y55-64","2008",7.953,,,,"R1:3513"
"IRN","BA:675","EMP_DWAP_SEX_AGE_RT","SEX_F","AGE_10YRBANDS_YGE65","2008",3.022,,,,"R1:3513"
"IRN","BA:675","EMP_DWAP_SEX_AGE_RT","SEX_T","AGE_5YRBANDS_YGE15","2008",37.036,,,,"R1:3513"
"IRN","BA:675","EMP_DWAP_SEX_AGE_RT","SEX_T","AGE_5YRBANDS_Y15-19","2008",13.855,,,,"R1:3513"
"IRN","BA:675","EMP_DWAP_SEX_AGE_RT","SEX_T","AGE_5YRBANDS_Y20-24","2008",31.2,,,,"R1:3513"
"IRN","BA:675","EMP_DWAP_SEX_AGE_RT","SEX_T","AGE_5YRBANDS_Y25-29","2008",46.162,,,,"R1:3513"
"IRN","BA:675","EMP_DWAP_SEX_AGE_RT","SEX_T","AGE_5YRBANDS_Y30-34","2008",51.287,,,,"R1:3513"
"IRN","BA:675","EMP_DWAP_SEX_AGE_RT","SEX_T","AGE_5YRBANDS_Y35-39","2008",53.487,,,,"R1:3513"
"IRN","BA:675","EMP_DWAP_SEX_AGE_RT","SEX_T","AGE_5YRBANDS_Y40-44","2008",52.236,,,,"R1:3513"
"IRN","BA:675","EMP_DWAP_SEX_AGE_RT","SEX_T","AGE_5YRBANDS_Y45-49","2008",48.867,,,,"R1:3513"
"IRN","BA:675","EMP_DWAP_SEX_AGE_RT","SEX_T","AGE_5YRBANDS_Y50-54","2008",40.61,,,,"R1:3513"
"IRN","BA:675","EMP_DWAP_SEX_AGE_RT","SEX_T","AGE_5YRBANDS_Y55-59","2008",33.451,,,,"R1:3513"
"IRN","BA:675","EMP_DWAP_SEX_AGE_RT","SEX_T","AGE_5YRBANDS_Y60-64","2008",26.009,,,,"R1:3513"
"IRN","BA:675","EMP_DWAP_SEX_AGE_RT","SEX_T","AGE_5YRBANDS_YGE65","2008",16.308,,,,"R1:3513"
"IRN","BA:675","EMP_DWAP_SEX_AGE_RT","SEX_M","AGE_5YRBANDS_YGE15","2008",61.492,,,,"R1:3513"
"IRN","BA:675","EMP_DWAP_SEX_AGE_RT","SEX_M","AGE_5YRBANDS_Y15-19","2008",21.649,,,,"R1:3513"
"IRN","BA:675","EMP_DWAP_SEX_AGE_RT","SEX_M","AGE_5YRBANDS_Y20-24","2008",51.597,,,,"R1:3513"
"IRN","BA:675","EMP_DWAP_SEX_AGE_RT","SEX_M","AGE_5YRBANDS_Y25-29","2008",75.354,,,,"R1:3513"
"IRN","BA:675","EMP_DWAP_SEX_AGE_RT","SEX_M","AGE_5YRBANDS_Y30-34","2008",86.974,,,,"R1:3513"
"IRN","BA:675","EMP_DWAP_SEX_AGE_RT","SEX_M","AGE_5YRBANDS_Y35-39","2008",89.381,,,,"R1:3513"
"IRN","BA:675","EMP_DWAP_SEX_AGE_RT","SEX_M","AGE_5YRBANDS_Y40-44","2008",87.643,,,,"R1:3513"
"IRN","BA:675","EMP_DWAP_SEX_AGE_RT","SEX_M","AGE_5YRBANDS_Y45-49","2008",82.706,,,,"R1:3513"
"IRN","BA:675","EMP_DWAP_SEX_AGE_RT","SEX_M","AGE_5YRBANDS_Y50-54","2008",70.541,,,,"R1:3513"
"IRN","BA:675","EMP_DWAP_SEX_AGE_RT","SEX_M","AGE_5YRBANDS_Y55-59","2008",57.563,,,,"R1:3513"
"IRN","BA:675","EMP_DWAP_SEX_AGE_RT","SEX_M","AGE_5YRBANDS_Y60-64","2008",45.323,,,,"R1:3513"
"IRN","BA:675","EMP_DWAP_SEX_AGE_RT","SEX_M","AGE_5YRBANDS_YGE65","2008",28.714,,,,"R1:3513"
"IRN","BA:675","EMP_DWAP_SEX_AGE_RT","SEX_F","AGE_5YRBANDS_YGE15","2008",12.333,,,,"R1:3513"
"IRN","BA:675","EMP_DWAP_SEX_AGE_RT","SEX_F","AGE_5YRBANDS_Y15-19","2008",5.292,,,,"R1:3513"
"IRN","BA:675","EMP_DWAP_SEX_AGE_RT","SEX_F","AGE_5YRBANDS_Y20-24","2008",10.659,,,,"R1:3513"
"IRN","BA:675","EMP_DWAP_SEX_AGE_RT","SEX_F","AGE_5YRBANDS_Y25-29","2008",16.657,,,,"R1:3513"
"IRN","BA:675","EMP_DWAP_SEX_AGE_RT","SEX_F","AGE_5YRBANDS_Y30-34","2008",18.443,,,,"R1:3513"
"IRN","BA:675","EMP_DWAP_SEX_AGE_RT","SEX_F","AGE_5YRBANDS_Y35-39","2008",19.026,,,,"R1:3513"
"IRN","BA:675","EMP_DWAP_SEX_AGE_RT","SEX_F","AGE_5YRBANDS_Y40-44","2008",17.225,,,,"R1:3513"
"IRN","BA:675","EMP_DWAP_SEX_AGE_RT","SEX_F","AGE_5YRBANDS_Y45-49","2008",14.614,,,,"R1:3513"
"IRN","BA:675","EMP_DWAP_SEX_AGE_RT","SEX_F","AGE_5YRBANDS_Y50-54","2008",11.035,,,,"R1:3513"
"IRN","BA:675","EMP_DWAP_SEX_AGE_RT","SEX_F","AGE_5YRBANDS_Y55-59","2008",8.712,,,,"R1:3513"
"IRN","BA:675","EMP_DWAP_SEX_AGE_RT","SEX_F","AGE_5YRBANDS_Y60-64","2008",6.951,,,,"R1:3513"
"IRN","BA:675","EMP_DWAP_SEX_AGE_RT","SEX_F","AGE_5YRBANDS_YGE65","2008",3.022,,,,"R1:3513"
"IRN","BA:675","EMP_DWAP_SEX_AGE_RT","SEX_T","AGE_YTHADULT_YGE15","2007",38.956,"B",,"I11:264","R1:3513"
"IRN","BA:675","EMP_DWAP_SEX_AGE_RT","SEX_T","AGE_YTHADULT_Y15-64","2007",40.49,"B",,"I11:264","R1:3513"
"IRN","BA:675","EMP_DWAP_SEX_AGE_RT","SEX_T","AGE_YTHADULT_Y15-24","2007",24.357,"B",,"I11:264","R1:3513"
"IRN","BA:675","EMP_DWAP_SEX_AGE_RT","SEX_T","AGE_YTHADULT_YGE25","2007",45.715,"B",,"I11:264","R1:3513"
"IRN","BA:675","EMP_DWAP_SEX_AGE_RT","SEX_M","AGE_YTHADULT_YGE15","2007",63.332,"B",,"I11:264","R1:3513"
"IRN","BA:675","EMP_DWAP_SEX_AGE_RT","SEX_M","AGE_YTHADULT_Y15-64","2007",65.785,"B",,"I11:264","R1:3513"
"IRN","BA:675","EMP_DWAP_SEX_AGE_RT","SEX_M","AGE_YTHADULT_Y15-24","2007",38.402,"B",,"I11:264","R1:3513"
"IRN","BA:675","EMP_DWAP_SEX_AGE_RT","SEX_M","AGE_YTHADULT_YGE25","2007",75.055,"B",,"I11:264","R1:3513"
"IRN","BA:675","EMP_DWAP_SEX_AGE_RT","SEX_F","AGE_YTHADULT_YGE15","2007",14.339,"B",,"I11:264","R1:3513"
"IRN","BA:675","EMP_DWAP_SEX_AGE_RT","SEX_F","AGE_YTHADULT_Y15-64","2007",15.099,"B",,"I11:264","R1:3513"
"IRN","BA:675","EMP_DWAP_SEX_AGE_RT","SEX_F","AGE_YTHADULT_Y15-24","2007",9.864,"B",,"I11:264","R1:3513"
"IRN","BA:675","EMP_DWAP_SEX_AGE_RT","SEX_F","AGE_YTHADULT_YGE25","2007",16.378,"B",,"I11:264","R1:3513"
"IRN","BA:675","EMP_DWAP_SEX_AGE_RT","SEX_T","AGE_AGGREGATE_YGE15","2007",38.956,"B",,"I11:264","R1:3513"
"IRN","BA:675","EMP_DWAP_SEX_AGE_RT","SEX_T","AGE_AGGREGATE_Y15-24","2007",24.357,"B",,"I11:264","R1:3513"
"IRN","BA:675","EMP_DWAP_SEX_AGE_RT","SEX_T","AGE_AGGREGATE_Y25-54","2007",50.994,"B",,"I11:264","R1:3513"
"IRN","BA:675","EMP_DWAP_SEX_AGE_RT","SEX_T","AGE_AGGREGATE_Y55-64","2007",33.78,"B",,"I11:264","R1:3513"
"IRN","BA:675","EMP_DWAP_SEX_AGE_RT","SEX_T","AGE_AGGREGATE_YGE65","2007",18.437,"B",,"I11:264","R1:3513"
"IRN","BA:675","EMP_DWAP_SEX_AGE_RT","SEX_M","AGE_AGGREGATE_YGE15","2007",63.332,"B",,"I11:264","R1:3513"
"IRN","BA:675","EMP_DWAP_SEX_AGE_RT","SEX_M","AGE_AGGREGATE_Y15-24","2007",38.402,"B",,"I11:264","R1:3513"
"IRN","BA:675","EMP_DWAP_SEX_AGE_RT","SEX_M","AGE_AGGREGATE_Y25-54","2007",83.414,"B",,"I11:264","R1:3513"
"IRN","BA:675","EMP_DWAP_SEX_AGE_RT","SEX_M","AGE_AGGREGATE_Y55-64","2007",57.949,"B",,"I11:264","R1:3513"
"IRN","BA:675","EMP_DWAP_SEX_AGE_RT","SEX_M","AGE_AGGREGATE_YGE65","2007",31.881,"B",,"I11:264","R1:3513"
"IRN","BA:675","EMP_DWAP_SEX_AGE_RT","SEX_F","AGE_AGGREGATE_YGE15","2007",14.339,"B",,"I11:264","R1:3513"
"IRN","BA:675","EMP_DWAP_SEX_AGE_RT","SEX_F","AGE_AGGREGATE_Y15-24","2007",9.864,"B",,"I11:264","R1:3513"
"IRN","BA:675","EMP_DWAP_SEX_AGE_RT","SEX_F","AGE_AGGREGATE_Y25-54","2007",18.857,"B",,"I11:264","R1:3513"
"IRN","BA:675","EMP_DWAP_SEX_AGE_RT","SEX_F","AGE_AGGREGATE_Y55-64","2007",10.124,"B",,"I11:264","R1:3513"
"IRN","BA:675","EMP_DWAP_SEX_AGE_RT","SEX_F","AGE_AGGREGATE_YGE65","2007",3.719,"B",,"I11:264","R1:3513"
"IRN","BA:675","EMP_DWAP_SEX_AGE_RT","SEX_T","AGE_10YRBANDS_YGE15","2007",38.956,"B",,"I11:264","R1:3513"
"IRN","BA:675","EMP_DWAP_SEX_AGE_RT","SEX_T","AGE_10YRBANDS_Y15-24","2007",24.357,"B",,"I11:264","R1:3513"
"IRN","BA:675","EMP_DWAP_SEX_AGE_RT","SEX_T","AGE_10YRBANDS_Y25-34","2007",50.408,"B",,"I11:264","R1:3513"
"IRN","BA:675","EMP_DWAP_SEX_AGE_RT","SEX_T","AGE_10YRBANDS_Y35-44","2007",54.131,"B",,"I11:264","R1:3513"
"IRN","BA:675","EMP_DWAP_SEX_AGE_RT","SEX_T","AGE_10YRBANDS_Y45-54","2007",47.974,"B",,"I11:264","R1:3513"
"IRN","BA:675","EMP_DWAP_SEX_AGE_RT","SEX_T","AGE_10YRBANDS_Y55-64","2007",33.78,"B",,"I11:264","R1:3513"
"IRN","BA:675","EMP_DWAP_SEX_AGE_RT","SEX_T","AGE_10YRBANDS_YGE65","2007",18.437,"B",,"I11:264","R1:3513"
"IRN","BA:675","EMP_DWAP_SEX_AGE_RT","SEX_M","AGE_10YRBANDS_YGE15","2007",63.332,"B",,"I11:264","R1:3513"
"IRN","BA:675","EMP_DWAP_SEX_AGE_RT","SEX_M","AGE_10YRBANDS_Y15-24","2007",38.402,"B",,"I11:264","R1:3513"
"IRN","BA:675","EMP_DWAP_SEX_AGE_RT","SEX_M","AGE_10YRBANDS_Y25-34","2007",81.951,"B",,"I11:264","R1:3513"
"IRN","BA:675","EMP_DWAP_SEX_AGE_RT","SEX_M","AGE_10YRBANDS_Y35-44","2007",88.698,"B",,"I11:264","R1:3513"
"IRN","BA:675","EMP_DWAP_SEX_AGE_RT","SEX_M","AGE_10YRBANDS_Y45-54","2007",79.135,"B",,"I11:264","R1:3513"
"IRN","BA:675","EMP_DWAP_SEX_AGE_RT","SEX_M","AGE_10YRBANDS_Y55-64","2007",57.949,"B",,"I11:264","R1:3513"
"IRN","BA:675","EMP_DWAP_SEX_AGE_RT","SEX_M","AGE_10YRBANDS_YGE65","2007",31.881,"B",,"I11:264","R1:3513"
"IRN","BA:675","EMP_DWAP_SEX_AGE_RT","SEX_F","AGE_10YRBANDS_YGE15","2007",14.339,"B",,"I11:264","R1:3513"
"IRN","BA:675","EMP_DWAP_SEX_AGE_RT","SEX_F","AGE_10YRBANDS_Y15-24","2007",9.864,"B",,"I11:264","R1:3513"
"IRN","BA:675","EMP_DWAP_SEX_AGE_RT","SEX_F","AGE_10YRBANDS_Y25-34","2007",19.79,"B",,"I11:264","R1:3513"
"IRN","BA:675","EMP_DWAP_SEX_AGE_RT","SEX_F","AGE_10YRBANDS_Y35-44","2007",19.991,"B",,"I11:264","R1:3513"
"IRN","BA:675","EMP_DWAP_SEX_AGE_RT","SEX_F","AGE_10YRBANDS_Y45-54","2007",15.917,"B",,"I11:264","R1:3513"
"IRN","BA:675","EMP_DWAP_SEX_AGE_RT","SEX_F","AGE_10YRBANDS_Y55-64","2007",10.124,"B",,"I11:264","R1:3513"
"IRN","BA:675","EMP_DWAP_SEX_AGE_RT","SEX_F","AGE_10YRBANDS_YGE65","2007",3.719,"B",,"I11:264","R1:3513"
"IRN","BA:675","EMP_DWAP_SEX_AGE_RT","SEX_T","AGE_5YRBANDS_YGE15","2007",38.956,"B",,"I11:264","R1:3513"
"IRN","BA:675","EMP_DWAP_SEX_AGE_RT","SEX_T","AGE_5YRBANDS_Y15-19","2007",15.677,"B",,"I11:264","R1:3513"
"IRN","BA:675","EMP_DWAP_SEX_AGE_RT","SEX_T","AGE_5YRBANDS_Y20-24","2007",33.606,"B",,"I11:264","R1:3513"
"IRN","BA:675","EMP_DWAP_SEX_AGE_RT","SEX_T","AGE_5YRBANDS_Y25-29","2007",48.045,"B",,"I11:264","R1:3513"
"IRN","BA:675","EMP_DWAP_SEX_AGE_RT","SEX_T","AGE_5YRBANDS_Y30-34","2007",53.404,"B",,"I11:264","R1:3513"
"IRN","BA:675","EMP_DWAP_SEX_AGE_RT","SEX_T","AGE_5YRBANDS_Y35-39","2007",54.865,"B",,"I11:264","R1:3513"
"IRN","BA:675","EMP_DWAP_SEX_AGE_RT","SEX_T","AGE_5YRBANDS_Y40-44","2007",53.326,"B",,"I11:264","R1:3513"
"IRN","BA:675","EMP_DWAP_SEX_AGE_RT","SEX_T","AGE_5YRBANDS_Y45-49","2007",51.386,"B",,"I11:264","R1:3513"
"IRN","BA:675","EMP_DWAP_SEX_AGE_RT","SEX_T","AGE_5YRBANDS_Y50-54","2007",43.836,"B",,"I11:264","R1:3513"
"IRN","BA:675","EMP_DWAP_SEX_AGE_RT","SEX_T","AGE_5YRBANDS_Y55-59","2007",36.987,"B",,"I11:264","R1:3513"
"IRN","BA:675","EMP_DWAP_SEX_AGE_RT","SEX_T","AGE_5YRBANDS_Y60-64","2007",29.595,"B",,"I11:264","R1:3513"
"IRN","BA:675","EMP_DWAP_SEX_AGE_RT","SEX_T","AGE_5YRBANDS_YGE65","2007",18.437,"B",,"I11:264","R1:3513"
"IRN","BA:675","EMP_DWAP_SEX_AGE_RT","SEX_M","AGE_5YRBANDS_YGE15","2007",63.332,"B",,"I11:264","R1:3513"
"IRN","BA:675","EMP_DWAP_SEX_AGE_RT","SEX_M","AGE_5YRBANDS_Y15-19","2007",24.157,"B",,"I11:264","R1:3513"
"IRN","BA:675","EMP_DWAP_SEX_AGE_RT","SEX_M","AGE_5YRBANDS_Y20-24","2007",54.353,"B",,"I11:264","R1:3513"
"IRN","BA:675","EMP_DWAP_SEX_AGE_RT","SEX_M","AGE_5YRBANDS_Y25-29","2007",77.817,"B",,"I11:264","R1:3513"
"IRN","BA:675","EMP_DWAP_SEX_AGE_RT","SEX_M","AGE_5YRBANDS_Y30-34","2007",87.324,"B",,"I11:264","R1:3513"
"IRN","BA:675","EMP_DWAP_SEX_AGE_RT","SEX_M","AGE_5YRBANDS_Y35-39","2007",89.212,"B",,"I11:264","R1:3513"
"IRN","BA:675","EMP_DWAP_SEX_AGE_RT","SEX_M","AGE_5YRBANDS_Y40-44","2007",88.133,"B",,"I11:264","R1:3513"
"IRN","BA:675","EMP_DWAP_SEX_AGE_RT","SEX_M","AGE_5YRBANDS_Y45-49","2007",84.136,"B",,"I11:264","R1:3513"
"IRN","BA:675","EMP_DWAP_SEX_AGE_RT","SEX_M","AGE_5YRBANDS_Y50-54","2007",73.092,"B",,"I11:264","R1:3513"
"IRN","BA:675","EMP_DWAP_SEX_AGE_RT","SEX_M","AGE_5YRBANDS_Y55-59","2007",63.148,"B",,"I11:264","R1:3513"
"IRN","BA:675","EMP_DWAP_SEX_AGE_RT","SEX_M","AGE_5YRBANDS_Y60-64","2007",51.099,"B",,"I11:264","R1:3513"
"IRN","BA:675","EMP_DWAP_SEX_AGE_RT","SEX_M","AGE_5YRBANDS_YGE65","2007",31.881,"B",,"I11:264","R1:3513"
"IRN","BA:675","EMP_DWAP_SEX_AGE_RT","SEX_F","AGE_5YRBANDS_YGE15","2007",14.339,"B",,"I11:264","R1:3513"
"IRN","BA:675","EMP_DWAP_SEX_AGE_RT","SEX_F","AGE_5YRBANDS_Y15-19","2007",6.49,"B",,"I11:264","R1:3513"
"IRN","BA:675","EMP_DWAP_SEX_AGE_RT","SEX_F","AGE_5YRBANDS_Y20-24","2007",13.281,"B",,"I11:264","R1:3513"
"IRN","BA:675","EMP_DWAP_SEX_AGE_RT","SEX_F","AGE_5YRBANDS_Y25-29","2007",18.511,"B",,"I11:264","R1:3513"
"IRN","BA:675","EMP_DWAP_SEX_AGE_RT","SEX_F","AGE_5YRBANDS_Y30-34","2007",21.374,"B",,"I11:264","R1:3513"
"IRN","BA:675","EMP_DWAP_SEX_AGE_RT","SEX_F","AGE_5YRBANDS_Y35-39","2007",20.849,"B",,"I11:264","R1:3513"
"IRN","BA:675","EMP_DWAP_SEX_AGE_RT","SEX_F","AGE_5YRBANDS_Y40-44","2007",19.054,"B",,"I11:264","R1:3513"
"IRN","BA:675","EMP_DWAP_SEX_AGE_RT","SEX_F","AGE_5YRBANDS_Y45-49","2007",17.814,"B",,"I11:264","R1:3513"
"IRN","BA:675","EMP_DWAP_SEX_AGE_RT","SEX_F","AGE_5YRBANDS_Y50-54","2007",13.607,"B",,"I11:264","R1:3513"
"IRN","BA:675","EMP_DWAP_SEX_AGE_RT","SEX_F","AGE_5YRBANDS_Y55-59","2007",11.174,"B",,"I11:264","R1:3513"
"IRN","BA:675","EMP_DWAP_SEX_AGE_RT","SEX_F","AGE_5YRBANDS_Y60-64","2007",8.766,"B",,"I11:264","R1:3513"
"IRN","BA:675","EMP_DWAP_SEX_AGE_RT","SEX_F","AGE_5YRBANDS_YGE65","2007",3.719,"B",,"I11:264","R1:3513"
"IRN","BA:675","EMP_DWAP_SEX_AGE_RT","SEX_T","AGE_YTHADULT_YGE15","2006",39.435,,,,"R1:3513"
"IRN","BA:675","EMP_DWAP_SEX_AGE_RT","SEX_T","AGE_YTHADULT_Y15-64","2006",40.913,,,,"R1:3513"
"IRN","BA:675","EMP_DWAP_SEX_AGE_RT","SEX_T","AGE_YTHADULT_Y15-24","2006",25.22,,,,"R1:3513"
"IRN","BA:675","EMP_DWAP_SEX_AGE_RT","SEX_T","AGE_YTHADULT_YGE25","2006",46.356,,,,"R1:3513"
"IRN","BA:675","EMP_DWAP_SEX_AGE_RT","SEX_M","AGE_YTHADULT_YGE15","2006",63.498,,,,"R1:3513"
"IRN","BA:675","EMP_DWAP_SEX_AGE_RT","SEX_M","AGE_YTHADULT_Y15-64","2006",65.848,,,,"R1:3513"
"IRN","BA:675","EMP_DWAP_SEX_AGE_RT","SEX_M","AGE_YTHADULT_Y15-24","2006",39.576,,,,"R1:3513"
"IRN","BA:675","EMP_DWAP_SEX_AGE_RT","SEX_M","AGE_YTHADULT_YGE25","2006",75.273,,,,"R1:3513"
"IRN","BA:675","EMP_DWAP_SEX_AGE_RT","SEX_F","AGE_YTHADULT_YGE15","2006",15.142,,,,"R1:3513"
"IRN","BA:675","EMP_DWAP_SEX_AGE_RT","SEX_F","AGE_YTHADULT_Y15-64","2006",15.928,,,,"R1:3513"
"IRN","BA:675","EMP_DWAP_SEX_AGE_RT","SEX_F","AGE_YTHADULT_Y15-24","2006",10.51,,,,"R1:3513"
"IRN","BA:675","EMP_DWAP_SEX_AGE_RT","SEX_F","AGE_YTHADULT_YGE25","2006",17.372,,,,"R1:3513"
"IRN","BA:675","EMP_DWAP_SEX_AGE_RT","SEX_T","AGE_AGGREGATE_YGE15","2006",39.435,,,,"R1:3513"
"IRN","BA:675","EMP_DWAP_SEX_AGE_RT","SEX_T","AGE_AGGREGATE_Y15-24","2006",25.22,,,,"R1:3513"
"IRN","BA:675","EMP_DWAP_SEX_AGE_RT","SEX_T","AGE_AGGREGATE_Y25-54","2006",51.514,,,,"R1:3513"
"IRN","BA:675","EMP_DWAP_SEX_AGE_RT","SEX_T","AGE_AGGREGATE_Y55-64","2006",34.414,,,,"R1:3513"
"IRN","BA:675","EMP_DWAP_SEX_AGE_RT","SEX_T","AGE_AGGREGATE_YGE65","2006",20.034,,,,"R1:3513"
"IRN","BA:675","EMP_DWAP_SEX_AGE_RT","SEX_M","AGE_AGGREGATE_YGE15","2006",63.498,,,,"R1:3513"
"IRN","BA:675","EMP_DWAP_SEX_AGE_RT","SEX_M","AGE_AGGREGATE_Y15-24","2006",39.576,,,,"R1:3513"
"IRN","BA:675","EMP_DWAP_SEX_AGE_RT","SEX_M","AGE_AGGREGATE_Y25-54","2006",83.18,,,,"R1:3513"
"IRN","BA:675","EMP_DWAP_SEX_AGE_RT","SEX_M","AGE_AGGREGATE_Y55-64","2006",59.582,,,,"R1:3513"
"IRN","BA:675","EMP_DWAP_SEX_AGE_RT","SEX_M","AGE_AGGREGATE_YGE65","2006",34.202,,,,"R1:3513"
"IRN","BA:675","EMP_DWAP_SEX_AGE_RT","SEX_F","AGE_AGGREGATE_YGE15","2006",15.142,,,,"R1:3513"
"IRN","BA:675","EMP_DWAP_SEX_AGE_RT","SEX_F","AGE_AGGREGATE_Y15-24","2006",10.51,,,,"R1:3513"
"IRN","BA:675","EMP_DWAP_SEX_AGE_RT","SEX_F","AGE_AGGREGATE_Y25-54","2006",19.995,,,,"R1:3513"
"IRN","BA:675","EMP_DWAP_SEX_AGE_RT","SEX_F","AGE_AGGREGATE_Y55-64","2006",10.493,,,,"R1:3513"
"IRN","BA:675","EMP_DWAP_SEX_AGE_RT","SEX_F","AGE_AGGREGATE_YGE65","2006",4.238,,,,"R1:3513"
"IRN","BA:675","EMP_DWAP_SEX_AGE_RT","SEX_T","AGE_10YRBANDS_YGE15","2006",39.435,,,,"R1:3513"
"IRN","BA:675","EMP_DWAP_SEX_AGE_RT","SEX_T","AGE_10YRBANDS_Y15-24","2006",25.22,,,,"R1:3513"
"IRN","BA:675","EMP_DWAP_SEX_AGE_RT","SEX_T","AGE_10YRBANDS_Y25-34","2006",50.878,,,,"R1:3513"
"IRN","BA:675","EMP_DWAP_SEX_AGE_RT","SEX_T","AGE_10YRBANDS_Y35-44","2006",54.592,,,,"R1:3513"
"IRN","BA:675","EMP_DWAP_SEX_AGE_RT","SEX_T","AGE_10YRBANDS_Y45-54","2006",48.525,,,,"R1:3513"
"IRN","BA:675","EMP_DWAP_SEX_AGE_RT","SEX_T","AGE_10YRBANDS_Y55-64","2006",34.414,,,,"R1:3513"
"IRN","BA:675","EMP_DWAP_SEX_AGE_RT","SEX_T","AGE_10YRBANDS_YGE65","2006",20.034,,,,"R1:3513"
"IRN","BA:675","EMP_DWAP_SEX_AGE_RT","SEX_M","AGE_10YRBANDS_YGE15","2006",63.498,,,,"R1:3513"
"IRN","BA:675","EMP_DWAP_SEX_AGE_RT","SEX_M","AGE_10YRBANDS_Y15-24","2006",39.576,,,,"R1:3513"
"IRN","BA:675","EMP_DWAP_SEX_AGE_RT","SEX_M","AGE_10YRBANDS_Y25-34","2006",81.861,,,,"R1:3513"
"IRN","BA:675","EMP_DWAP_SEX_AGE_RT","SEX_M","AGE_10YRBANDS_Y35-44","2006",88.2,,,,"R1:3513"
"IRN","BA:675","EMP_DWAP_SEX_AGE_RT","SEX_M","AGE_10YRBANDS_Y45-54","2006",78.832,,,,"R1:3513"
"IRN","BA:675","EMP_DWAP_SEX_AGE_RT","SEX_M","AGE_10YRBANDS_Y55-64","2006",59.582,,,,"R1:3513"
"IRN","BA:675","EMP_DWAP_SEX_AGE_RT","SEX_M","AGE_10YRBANDS_YGE65","2006",34.202,,,,"R1:3513"
"IRN","BA:675","EMP_DWAP_SEX_AGE_RT","SEX_F","AGE_10YRBANDS_YGE15","2006",15.142,,,,"R1:3513"
"IRN","BA:675","EMP_DWAP_SEX_AGE_RT","SEX_F","AGE_10YRBANDS_Y15-24","2006",10.51,,,,"R1:3513"
"IRN","BA:675","EMP_DWAP_SEX_AGE_RT","SEX_F","AGE_10YRBANDS_Y25-34","2006",20.867,,,,"R1:3513"
"IRN","BA:675","EMP_DWAP_SEX_AGE_RT","SEX_F","AGE_10YRBANDS_Y35-44","2006",21.217,,,,"R1:3513"
"IRN","BA:675","EMP_DWAP_SEX_AGE_RT","SEX_F","AGE_10YRBANDS_Y45-54","2006",16.922,,,,"R1:3513"
"IRN","BA:675","EMP_DWAP_SEX_AGE_RT","SEX_F","AGE_10YRBANDS_Y55-64","2006",10.493,,,,"R1:3513"
"IRN","BA:675","EMP_DWAP_SEX_AGE_RT","SEX_F","AGE_10YRBANDS_YGE65","2006",4.238,,,,"R1:3513"
"IRN","BA:675","EMP_DWAP_SEX_AGE_RT","SEX_T","AGE_5YRBANDS_YGE15","2006",39.435,,,,"R1:3513"
"IRN","BA:675","EMP_DWAP_SEX_AGE_RT","SEX_T","AGE_5YRBANDS_Y15-19","2006",16.882,,,,"R1:3513"
"IRN","BA:675","EMP_DWAP_SEX_AGE_RT","SEX_T","AGE_5YRBANDS_Y20-24","2006",34.468,,,,"R1:3513"
"IRN","BA:675","EMP_DWAP_SEX_AGE_RT","SEX_T","AGE_5YRBANDS_Y25-29","2006",48.792,,,,"R1:3513"
"IRN","BA:675","EMP_DWAP_SEX_AGE_RT","SEX_T","AGE_5YRBANDS_Y30-34","2006",53.455,,,,"R1:3513"
"IRN","BA:675","EMP_DWAP_SEX_AGE_RT","SEX_T","AGE_5YRBANDS_Y35-39","2006",54.862,,,,"R1:3513"
"IRN","BA:675","EMP_DWAP_SEX_AGE_RT","SEX_T","AGE_5YRBANDS_Y40-44","2006",54.294,,,,"R1:3513"
"IRN","BA:675","EMP_DWAP_SEX_AGE_RT","SEX_T","AGE_5YRBANDS_Y45-49","2006",51.593,,,,"R1:3513"
"IRN","BA:675","EMP_DWAP_SEX_AGE_RT","SEX_T","AGE_5YRBANDS_Y50-54","2006",44.669,,,,"R1:3513"
"IRN","BA:675","EMP_DWAP_SEX_AGE_RT","SEX_T","AGE_5YRBANDS_Y55-59","2006",37.193,,,,"R1:3513"
"IRN","BA:675","EMP_DWAP_SEX_AGE_RT","SEX_T","AGE_5YRBANDS_Y60-64","2006",30.748,,,,"R1:3513"
"IRN","BA:675","EMP_DWAP_SEX_AGE_RT","SEX_T","AGE_5YRBANDS_YGE65","2006",20.034,,,,"R1:3513"
"IRN","BA:675","EMP_DWAP_SEX_AGE_RT","SEX_M","AGE_5YRBANDS_YGE15","2006",63.498,,,,"R1:3513"
"IRN","BA:675","EMP_DWAP_SEX_AGE_RT","SEX_M","AGE_5YRBANDS_Y15-19","2006",25.999,,,,"R1:3513"
"IRN","BA:675","EMP_DWAP_SEX_AGE_RT","SEX_M","AGE_5YRBANDS_Y20-24","2006",55.476,,,,"R1:3513"
"IRN","BA:675","EMP_DWAP_SEX_AGE_RT","SEX_M","AGE_5YRBANDS_Y25-29","2006",77.877,,,,"R1:3513"
"IRN","BA:675","EMP_DWAP_SEX_AGE_RT","SEX_M","AGE_5YRBANDS_Y30-34","2006",86.908,,,,"R1:3513"
"IRN","BA:675","EMP_DWAP_SEX_AGE_RT","SEX_M","AGE_5YRBANDS_Y35-39","2006",88.686,,,,"R1:3513"
"IRN","BA:675","EMP_DWAP_SEX_AGE_RT","SEX_M","AGE_5YRBANDS_Y40-44","2006",87.669,,,,"R1:3513"
"IRN","BA:675","EMP_DWAP_SEX_AGE_RT","SEX_M","AGE_5YRBANDS_Y45-49","2006",83.953,,,,"R1:3513"
"IRN","BA:675","EMP_DWAP_SEX_AGE_RT","SEX_M","AGE_5YRBANDS_Y50-54","2006",72.482,,,,"R1:3513"
"IRN","BA:675","EMP_DWAP_SEX_AGE_RT","SEX_M","AGE_5YRBANDS_Y55-59","2006",64.505,,,,"R1:3513"
"IRN","BA:675","EMP_DWAP_SEX_AGE_RT","SEX_M","AGE_5YRBANDS_Y60-64","2006",53.3,,,,"R1:3513"
"IRN","BA:675","EMP_DWAP_SEX_AGE_RT","SEX_M","AGE_5YRBANDS_YGE65","2006",34.202,,,,"R1:3513"
"IRN","BA:675","EMP_DWAP_SEX_AGE_RT","SEX_F","AGE_5YRBANDS_YGE15","2006",15.142,,,,"R1:3513"
"IRN","BA:675","EMP_DWAP_SEX_AGE_RT","SEX_F","AGE_5YRBANDS_Y15-19","2006",7.041,,,,"R1:3513"
"IRN","BA:675","EMP_DWAP_SEX_AGE_RT","SEX_F","AGE_5YRBANDS_Y20-24","2006",14.15,,,,"R1:3513"
"IRN","BA:675","EMP_DWAP_SEX_AGE_RT","SEX_F","AGE_5YRBANDS_Y25-29","2006",19.985,,,,"R1:3513"
"IRN","BA:675","EMP_DWAP_SEX_AGE_RT","SEX_F","AGE_5YRBANDS_Y30-34","2006",21.931,,,,"R1:3513"
"IRN","BA:675","EMP_DWAP_SEX_AGE_RT","SEX_F","AGE_5YRBANDS_Y35-39","2006",21.75,,,,"R1:3513"
"IRN","BA:675","EMP_DWAP_SEX_AGE_RT","SEX_F","AGE_5YRBANDS_Y40-44","2006",20.619,,,,"R1:3513"
"IRN","BA:675","EMP_DWAP_SEX_AGE_RT","SEX_F","AGE_5YRBANDS_Y45-49","2006",18.254,,,,"R1:3513"
"IRN","BA:675","EMP_DWAP_SEX_AGE_RT","SEX_F","AGE_5YRBANDS_Y50-54","2006",15.225,,,,"R1:3513"
"IRN","BA:675","EMP_DWAP_SEX_AGE_RT","SEX_F","AGE_5YRBANDS_Y55-59","2006",11.946,,,,"R1:3513"
"IRN","BA:675","EMP_DWAP_SEX_AGE_RT","SEX_F","AGE_5YRBANDS_Y60-64","2006",8.515,,,,"R1:3513"
"IRN","BA:675","EMP_DWAP_SEX_AGE_RT","SEX_F","AGE_5YRBANDS_YGE65","2006",4.238,,,,"R1:3513"
"IRN","BA:675","EMP_DWAP_SEX_AGE_RT","SEX_T","AGE_YTHADULT_YGE15","2005",40.075,,,,"R1:3513"
"IRN","BA:675","EMP_DWAP_SEX_AGE_RT","SEX_T","AGE_YTHADULT_Y15-64","2005",41.531,,,,"R1:3513"
"IRN","BA:675","EMP_DWAP_SEX_AGE_RT","SEX_T","AGE_YTHADULT_Y15-24","2005",26.483,,,,"R1:3513"
"IRN","BA:675","EMP_DWAP_SEX_AGE_RT","SEX_T","AGE_YTHADULT_YGE25","2005",47.003,,,,"R1:3513"
"IRN","BA:675","EMP_DWAP_SEX_AGE_RT","SEX_M","AGE_YTHADULT_YGE15","2005",64.484,,,,"R1:3513"
"IRN","BA:675","EMP_DWAP_SEX_AGE_RT","SEX_M","AGE_YTHADULT_Y15-64","2005",66.784,,,,"R1:3513"
"IRN","BA:675","EMP_DWAP_SEX_AGE_RT","SEX_M","AGE_YTHADULT_Y15-24","2005",41.598,,,,"R1:3513"
"IRN","BA:675","EMP_DWAP_SEX_AGE_RT","SEX_M","AGE_YTHADULT_YGE25","2005",76.2,,,,"R1:3513"
"IRN","BA:675","EMP_DWAP_SEX_AGE_RT","SEX_F","AGE_YTHADULT_YGE15","2005",15.479,,,,"R1:3513"
"IRN","BA:675","EMP_DWAP_SEX_AGE_RT","SEX_F","AGE_YTHADULT_Y15-64","2005",16.285,,,,"R1:3513"
"IRN","BA:675","EMP_DWAP_SEX_AGE_RT","SEX_F","AGE_YTHADULT_Y15-24","2005",11.158,,,,"R1:3513"
"IRN","BA:675","EMP_DWAP_SEX_AGE_RT","SEX_F","AGE_YTHADULT_YGE25","2005",17.671,,,,"R1:3513"
"IRN","BA:675","EMP_DWAP_SEX_AGE_RT","SEX_T","AGE_AGGREGATE_YGE15","2005",40.075,,,,"R1:3513"
"IRN","BA:675","EMP_DWAP_SEX_AGE_RT","SEX_T","AGE_AGGREGATE_Y15-24","2005",26.483,,,,"R1:3513"
"IRN","BA:675","EMP_DWAP_SEX_AGE_RT","SEX_T","AGE_AGGREGATE_Y25-54","2005",52.058,,,,"R1:3513"
"IRN","BA:675","EMP_DWAP_SEX_AGE_RT","SEX_T","AGE_AGGREGATE_Y55-64","2005",35.86,,,,"R1:3513"
"IRN","BA:675","EMP_DWAP_SEX_AGE_RT","SEX_T","AGE_AGGREGATE_YGE65","2005",21.078,,,,"R1:3513"
"IRN","BA:675","EMP_DWAP_SEX_AGE_RT","SEX_M","AGE_AGGREGATE_YGE15","2005",64.484,,,,"R1:3513"
"IRN","BA:675","EMP_DWAP_SEX_AGE_RT","SEX_M","AGE_AGGREGATE_Y15-24","2005",41.598,,,,"R1:3513"
"IRN","BA:675","EMP_DWAP_SEX_AGE_RT","SEX_M","AGE_AGGREGATE_Y25-54","2005",83.983,,,,"R1:3513"
"IRN","BA:675","EMP_DWAP_SEX_AGE_RT","SEX_M","AGE_AGGREGATE_Y55-64","2005",61.634,,,,"R1:3513"
"IRN","BA:675","EMP_DWAP_SEX_AGE_RT","SEX_M","AGE_AGGREGATE_YGE65","2005",36.054,,,,"R1:3513"
"IRN","BA:675","EMP_DWAP_SEX_AGE_RT","SEX_F","AGE_AGGREGATE_YGE15","2005",15.479,,,,"R1:3513"
"IRN","BA:675","EMP_DWAP_SEX_AGE_RT","SEX_F","AGE_AGGREGATE_Y15-24","2005",11.158,,,,"R1:3513"
"IRN","BA:675","EMP_DWAP_SEX_AGE_RT","SEX_F","AGE_AGGREGATE_Y25-54","2005",20.365,,,,"R1:3513"
"IRN","BA:675","EMP_DWAP_SEX_AGE_RT","SEX_F","AGE_AGGREGATE_Y55-64","2005",10.479,,,,"R1:3513"
"IRN","BA:675","EMP_DWAP_SEX_AGE_RT","SEX_F","AGE_AGGREGATE_YGE65","2005",4.337,,,,"R1:3513"
"IRN","BA:675","EMP_DWAP_SEX_AGE_RT","SEX_T","AGE_10YRBANDS_YGE15","2005",40.075,,,,"R1:3513"
"IRN","BA:675","EMP_DWAP_SEX_AGE_RT","SEX_T","AGE_10YRBANDS_Y15-24","2005",26.483,,,,"R1:3513"
"IRN","BA:675","EMP_DWAP_SEX_AGE_RT","SEX_T","AGE_10YRBANDS_Y25-34","2005",51.836,,,,"R1:3513"
"IRN","BA:675","EMP_DWAP_SEX_AGE_RT","SEX_T","AGE_10YRBANDS_Y35-44","2005",54.648,,,,"R1:3513"
"IRN","BA:675","EMP_DWAP_SEX_AGE_RT","SEX_T","AGE_10YRBANDS_Y45-54","2005",48.929,,,,"R1:3513"
"IRN","BA:675","EMP_DWAP_SEX_AGE_RT","SEX_T","AGE_10YRBANDS_Y55-64","2005",35.86,,,,"R1:3513"
"IRN","BA:675","EMP_DWAP_SEX_AGE_RT","SEX_T","AGE_10YRBANDS_YGE65","2005",21.078,,,,"R1:3513"
"IRN","BA:675","EMP_DWAP_SEX_AGE_RT","SEX_M","AGE_10YRBANDS_YGE15","2005",64.484,,,,"R1:3513"
"IRN","BA:675","EMP_DWAP_SEX_AGE_RT","SEX_M","AGE_10YRBANDS_Y15-24","2005",41.598,,,,"R1:3513"
"IRN","BA:675","EMP_DWAP_SEX_AGE_RT","SEX_M","AGE_10YRBANDS_Y25-34","2005",82.597,,,,"R1:3513"
"IRN","BA:675","EMP_DWAP_SEX_AGE_RT","SEX_M","AGE_10YRBANDS_Y35-44","2005",88.61,,,,"R1:3513"
"IRN","BA:675","EMP_DWAP_SEX_AGE_RT","SEX_M","AGE_10YRBANDS_Y45-54","2005",80.085,,,,"R1:3513"
"IRN","BA:675","EMP_DWAP_SEX_AGE_RT","SEX_M","AGE_10YRBANDS_Y55-64","2005",61.634,,,,"R1:3513"
"IRN","BA:675","EMP_DWAP_SEX_AGE_RT","SEX_M","AGE_10YRBANDS_YGE65","2005",36.054,,,,"R1:3513"
"IRN","BA:675","EMP_DWAP_SEX_AGE_RT","SEX_F","AGE_10YRBANDS_YGE15","2005",15.479,,,,"R1:3513"
"IRN","BA:675","EMP_DWAP_SEX_AGE_RT","SEX_F","AGE_10YRBANDS_Y15-24","2005",11.158,,,,"R1:3513"
"IRN","BA:675","EMP_DWAP_SEX_AGE_RT","SEX_F","AGE_10YRBANDS_Y25-34","2005",21.484,,,,"R1:3513"
"IRN","BA:675","EMP_DWAP_SEX_AGE_RT","SEX_F","AGE_10YRBANDS_Y35-44","2005",21.145,,,,"R1:3513"
"IRN","BA:675","EMP_DWAP_SEX_AGE_RT","SEX_F","AGE_10YRBANDS_Y45-54","2005",17.416,,,,"R1:3513"
"IRN","BA:675","EMP_DWAP_SEX_AGE_RT","SEX_F","AGE_10YRBANDS_Y55-64","2005",10.479,,,,"R1:3513"
"IRN","BA:675","EMP_DWAP_SEX_AGE_RT","SEX_F","AGE_10YRBANDS_YGE65","2005",4.337,,,,"R1:3513"
"IRN","BA:675","EMP_DWAP_SEX_AGE_RT","SEX_T","AGE_5YRBANDS_YGE15","2005",40.075,,,,"R1:3513"
"IRN","BA:675","EMP_DWAP_SEX_AGE_RT","SEX_T","AGE_5YRBANDS_Y15-19","2005",18.384,,,,"R1:3513"
"IRN","BA:675","EMP_DWAP_SEX_AGE_RT","SEX_T","AGE_5YRBANDS_Y20-24","2005",35.966,,,,"R1:3513"
"IRN","BA:675","EMP_DWAP_SEX_AGE_RT","SEX_T","AGE_5YRBANDS_Y25-29","2005",49.477,,,,"R1:3513"
"IRN","BA:675","EMP_DWAP_SEX_AGE_RT","SEX_T","AGE_5YRBANDS_Y30-34","2005",54.666,,,,"R1:3513"
"IRN","BA:675","EMP_DWAP_SEX_AGE_RT","SEX_T","AGE_5YRBANDS_Y35-39","2005",54.565,,,,"R1:3513"
"IRN","BA:675","EMP_DWAP_SEX_AGE_RT","SEX_T","AGE_5YRBANDS_Y40-44","2005",54.739,,,,"R1:3513"
"IRN","BA:675","EMP_DWAP_SEX_AGE_RT","SEX_T","AGE_5YRBANDS_Y45-49","2005",52.003,,,,"R1:3513"
"IRN","BA:675","EMP_DWAP_SEX_AGE_RT","SEX_T","AGE_5YRBANDS_Y50-54","2005",45.059,,,,"R1:3513"
"IRN","BA:675","EMP_DWAP_SEX_AGE_RT","SEX_T","AGE_5YRBANDS_Y55-59","2005",38.008,,,,"R1:3513"
"IRN","BA:675","EMP_DWAP_SEX_AGE_RT","SEX_T","AGE_5YRBANDS_Y60-64","2005",33.129,,,,"R1:3513"
"IRN","BA:675","EMP_DWAP_SEX_AGE_RT","SEX_T","AGE_5YRBANDS_YGE65","2005",21.078,,,,"R1:3513"
"IRN","BA:675","EMP_DWAP_SEX_AGE_RT","SEX_M","AGE_5YRBANDS_YGE15","2005",64.484,,,,"R1:3513"
"IRN","BA:675","EMP_DWAP_SEX_AGE_RT","SEX_M","AGE_5YRBANDS_Y15-19","2005",28.26,,,,"R1:3513"
"IRN","BA:675","EMP_DWAP_SEX_AGE_RT","SEX_M","AGE_5YRBANDS_Y20-24","2005",57.724,,,,"R1:3513"
"IRN","BA:675","EMP_DWAP_SEX_AGE_RT","SEX_M","AGE_5YRBANDS_Y25-29","2005",78.612,,,,"R1:3513"
"IRN","BA:675","EMP_DWAP_SEX_AGE_RT","SEX_M","AGE_5YRBANDS_Y30-34","2005",87.426,,,,"R1:3513"
"IRN","BA:675","EMP_DWAP_SEX_AGE_RT","SEX_M","AGE_5YRBANDS_Y35-39","2005",89.309,,,,"R1:3513"
"IRN","BA:675","EMP_DWAP_SEX_AGE_RT","SEX_M","AGE_5YRBANDS_Y40-44","2005",87.877,,,,"R1:3513"
"IRN","BA:675","EMP_DWAP_SEX_AGE_RT","SEX_M","AGE_5YRBANDS_Y45-49","2005",84.868,,,,"R1:3513"
"IRN","BA:675","EMP_DWAP_SEX_AGE_RT","SEX_M","AGE_5YRBANDS_Y50-54","2005",74.044,,,,"R1:3513"
"IRN","BA:675","EMP_DWAP_SEX_AGE_RT","SEX_M","AGE_5YRBANDS_Y55-59","2005",65.902,,,,"R1:3513"
"IRN","BA:675","EMP_DWAP_SEX_AGE_RT","SEX_M","AGE_5YRBANDS_Y60-64","2005",56.446,,,,"R1:3513"
"IRN","BA:675","EMP_DWAP_SEX_AGE_RT","SEX_M","AGE_5YRBANDS_YGE65","2005",36.054,,,,"R1:3513"
"IRN","BA:675","EMP_DWAP_SEX_AGE_RT","SEX_F","AGE_5YRBANDS_YGE15","2005",15.479,,,,"R1:3513"
"IRN","BA:675","EMP_DWAP_SEX_AGE_RT","SEX_F","AGE_5YRBANDS_Y15-19","2005",8.071,,,,"R1:3513"
"IRN","BA:675","EMP_DWAP_SEX_AGE_RT","SEX_F","AGE_5YRBANDS_Y20-24","2005",14.658,,,,"R1:3513"
"IRN","BA:675","EMP_DWAP_SEX_AGE_RT","SEX_F","AGE_5YRBANDS_Y25-29","2005",20.475,,,,"R1:3513"
"IRN","BA:675","EMP_DWAP_SEX_AGE_RT","SEX_F","AGE_5YRBANDS_Y30-34","2005",22.683,,,,"R1:3513"
"IRN","BA:675","EMP_DWAP_SEX_AGE_RT","SEX_F","AGE_5YRBANDS_Y35-39","2005",21.774,,,,"R1:3513"
"IRN","BA:675","EMP_DWAP_SEX_AGE_RT","SEX_F","AGE_5YRBANDS_Y40-44","2005",20.42,,,,"R1:3513"
"IRN","BA:675","EMP_DWAP_SEX_AGE_RT","SEX_F","AGE_5YRBANDS_Y45-49","2005",18.664,,,,"R1:3513"
"IRN","BA:675","EMP_DWAP_SEX_AGE_RT","SEX_F","AGE_5YRBANDS_Y50-54","2005",15.85,,,,"R1:3513"
"IRN","BA:675","EMP_DWAP_SEX_AGE_RT","SEX_F","AGE_5YRBANDS_Y55-59","2005",11.6,,,,"R1:3513"
"IRN","BA:675","EMP_DWAP_SEX_AGE_RT","SEX_F","AGE_5YRBANDS_Y60-64","2005",8.988,,,,"R1:3513"
"IRN","BA:675","EMP_DWAP_SEX_AGE_RT","SEX_F","AGE_5YRBANDS_YGE65","2005",4.337,,,,"R1:3513"
"IRN","AA:1267","EMP_DWAP_SEX_AGE_RT","SEX_T","AGE_YTHADULT_YGE15","1996",40.145,,,,"T2:239"
"IRN","AA:1267","EMP_DWAP_SEX_AGE_RT","SEX_M","AGE_YTHADULT_YGE15","1996",69.653,,,,"T2:239"
"IRN","AA:1267","EMP_DWAP_SEX_AGE_RT","SEX_F","AGE_YTHADULT_YGE15","1996",9.856,,,,"T2:239"
"IRN","AA:1267","EMP_DWAP_SEX_AGE_RT","SEX_T","AGE_YTHADULT_YGE15","1991",33.9,,"C6:2289",,"S9:3478"
"IRN","AA:1267","EMP_DWAP_SEX_AGE_RT","SEX_M","AGE_YTHADULT_YGE15","1991",59.3,,"C6:2289",,"S9:3478"
"IRN","AA:1267","EMP_DWAP_SEX_AGE_RT","SEX_F","AGE_YTHADULT_YGE15","1991",6.6,,"C6:2289",,"S9:3478"
