"ref_area","source","indicator","sex","classif1","time","obs_value","obs_status","note_classif","note_indicator","note_source"
"TUR","BA:622","EMP_TEMP_SEX_AGE_NB","SEX_T","AGE_YTHADULT_YGE15","2025",32566.338,,,,"R1:3513"
"TUR","BA:622","EMP_TEMP_SEX_AGE_NB","SEX_T","AGE_YTHADULT_Y15-64","2025",31405.767,,,,"R1:3513"
"TUR","BA:622","EMP_TEMP_SEX_AGE_NB","SEX_T","AGE_YTHADULT_Y15-24","2025",4637.906,,,,"R1:3513"
"TUR","BA:622","EMP_TEMP_SEX_AGE_NB","SEX_T","AGE_YTHADULT_YGE25","2025",27928.432,,,,"R1:3513"
"TUR","BA:622","EMP_TEMP_SEX_AGE_NB","SEX_M","AGE_YTHADULT_YGE15","2025",21802.246,,,,"R1:3513"
"TUR","BA:622","EMP_TEMP_SEX_AGE_NB","SEX_M","AGE_YTHADULT_Y15-64","2025",20956.574,,,,"R1:3513"
"TUR","BA:622","EMP_TEMP_SEX_AGE_NB","SEX_M","AGE_YTHADULT_Y15-24","2025",3154.429,,,,"R1:3513"
"TUR","BA:622","EMP_TEMP_SEX_AGE_NB","SEX_M","AGE_YTHADULT_YGE25","2025",18647.817,,,,"R1:3513"
"TUR","BA:622","EMP_TEMP_SEX_AGE_NB","SEX_F","AGE_YTHADULT_YGE15","2025",10764.092,,,,"R1:3513"
"TUR","BA:622","EMP_TEMP_SEX_AGE_NB","SEX_F","AGE_YTHADULT_Y15-64","2025",10449.193,,,,"R1:3513"
"TUR","BA:622","EMP_TEMP_SEX_AGE_NB","SEX_F","AGE_YTHADULT_Y15-24","2025",1483.477,,,,"R1:3513"
"TUR","BA:622","EMP_TEMP_SEX_AGE_NB","SEX_F","AGE_YTHADULT_YGE25","2025",9280.615,,,,"R1:3513"
"TUR","BA:622","EMP_TEMP_SEX_AGE_NB","SEX_T","AGE_AGGREGATE_YGE15","2025",32566.338,,,,"R1:3513"
"TUR","BA:622","EMP_TEMP_SEX_AGE_NB","SEX_T","AGE_AGGREGATE_Y15-24","2025",4637.906,,,,"R1:3513"
"TUR","BA:622","EMP_TEMP_SEX_AGE_NB","SEX_T","AGE_AGGREGATE_Y25-54","2025",23384.715,,,,"R1:3513"
"TUR","BA:622","EMP_TEMP_SEX_AGE_NB","SEX_T","AGE_AGGREGATE_Y55-64","2025",3383.146,,,,"R1:3513"
"TUR","BA:622","EMP_TEMP_SEX_AGE_NB","SEX_T","AGE_AGGREGATE_YGE65","2025",1160.571,,,,"R1:3513"
"TUR","BA:622","EMP_TEMP_SEX_AGE_NB","SEX_M","AGE_AGGREGATE_YGE15","2025",21802.246,,,,"R1:3513"
"TUR","BA:622","EMP_TEMP_SEX_AGE_NB","SEX_M","AGE_AGGREGATE_Y15-24","2025",3154.429,,,,"R1:3513"
"TUR","BA:622","EMP_TEMP_SEX_AGE_NB","SEX_M","AGE_AGGREGATE_Y25-54","2025",15385.021,,,,"R1:3513"
"TUR","BA:622","EMP_TEMP_SEX_AGE_NB","SEX_M","AGE_AGGREGATE_Y55-64","2025",2417.124,,,,"R1:3513"
"TUR","BA:622","EMP_TEMP_SEX_AGE_NB","SEX_M","AGE_AGGREGATE_YGE65","2025",845.672,,,,"R1:3513"
"TUR","BA:622","EMP_TEMP_SEX_AGE_NB","SEX_F","AGE_AGGREGATE_YGE15","2025",10764.092,,,,"R1:3513"
"TUR","BA:622","EMP_TEMP_SEX_AGE_NB","SEX_F","AGE_AGGREGATE_Y15-24","2025",1483.477,,,,"R1:3513"
"TUR","BA:622","EMP_TEMP_SEX_AGE_NB","SEX_F","AGE_AGGREGATE_Y25-54","2025",7999.694,,,,"R1:3513"
"TUR","BA:622","EMP_TEMP_SEX_AGE_NB","SEX_F","AGE_AGGREGATE_Y55-64","2025",966.022,,,,"R1:3513"
"TUR","BA:622","EMP_TEMP_SEX_AGE_NB","SEX_F","AGE_AGGREGATE_YGE65","2025",314.899,,,,"R1:3513"
"TUR","BA:622","EMP_TEMP_SEX_AGE_NB","SEX_T","AGE_10YRBANDS_YGE15","2025",32566.338,,,,"R1:3513"
"TUR","BA:622","EMP_TEMP_SEX_AGE_NB","SEX_T","AGE_10YRBANDS_Y15-24","2025",4637.906,,,,"R1:3513"
"TUR","BA:622","EMP_TEMP_SEX_AGE_NB","SEX_T","AGE_10YRBANDS_Y25-34","2025",8103.798,,,,"R1:3513"
"TUR","BA:622","EMP_TEMP_SEX_AGE_NB","SEX_T","AGE_10YRBANDS_Y35-44","2025",8490.158,,,,"R1:3513"
"TUR","BA:622","EMP_TEMP_SEX_AGE_NB","SEX_T","AGE_10YRBANDS_Y45-54","2025",6790.759,,,,"R1:3513"
"TUR","BA:622","EMP_TEMP_SEX_AGE_NB","SEX_T","AGE_10YRBANDS_Y55-64","2025",3383.146,,,,"R1:3513"
"TUR","BA:622","EMP_TEMP_SEX_AGE_NB","SEX_T","AGE_10YRBANDS_YGE65","2025",1160.571,,,,"R1:3513"
"TUR","BA:622","EMP_TEMP_SEX_AGE_NB","SEX_M","AGE_10YRBANDS_YGE15","2025",21802.246,,,,"R1:3513"
"TUR","BA:622","EMP_TEMP_SEX_AGE_NB","SEX_M","AGE_10YRBANDS_Y15-24","2025",3154.429,,,,"R1:3513"
"TUR","BA:622","EMP_TEMP_SEX_AGE_NB","SEX_M","AGE_10YRBANDS_Y25-34","2025",5277.409,,,,"R1:3513"
"TUR","BA:622","EMP_TEMP_SEX_AGE_NB","SEX_M","AGE_10YRBANDS_Y35-44","2025",5573.198,,,,"R1:3513"
"TUR","BA:622","EMP_TEMP_SEX_AGE_NB","SEX_M","AGE_10YRBANDS_Y45-54","2025",4534.414,,,,"R1:3513"
"TUR","BA:622","EMP_TEMP_SEX_AGE_NB","SEX_M","AGE_10YRBANDS_Y55-64","2025",2417.124,,,,"R1:3513"
"TUR","BA:622","EMP_TEMP_SEX_AGE_NB","SEX_M","AGE_10YRBANDS_YGE65","2025",845.672,,,,"R1:3513"
"TUR","BA:622","EMP_TEMP_SEX_AGE_NB","SEX_F","AGE_10YRBANDS_YGE15","2025",10764.092,,,,"R1:3513"
"TUR","BA:622","EMP_TEMP_SEX_AGE_NB","SEX_F","AGE_10YRBANDS_Y15-24","2025",1483.477,,,,"R1:3513"
"TUR","BA:622","EMP_TEMP_SEX_AGE_NB","SEX_F","AGE_10YRBANDS_Y25-34","2025",2826.389,,,,"R1:3513"
"TUR","BA:622","EMP_TEMP_SEX_AGE_NB","SEX_F","AGE_10YRBANDS_Y35-44","2025",2916.96,,,,"R1:3513"
"TUR","BA:622","EMP_TEMP_SEX_AGE_NB","SEX_F","AGE_10YRBANDS_Y45-54","2025",2256.345,,,,"R1:3513"
"TUR","BA:622","EMP_TEMP_SEX_AGE_NB","SEX_F","AGE_10YRBANDS_Y55-64","2025",966.022,,,,"R1:3513"
"TUR","BA:622","EMP_TEMP_SEX_AGE_NB","SEX_F","AGE_10YRBANDS_YGE65","2025",314.899,,,,"R1:3513"
"TUR","BA:622","EMP_TEMP_SEX_AGE_NB","SEX_T","AGE_5YRBANDS_YGE15","2025",32566.338,,,,"R1:3513"
"TUR","BA:622","EMP_TEMP_SEX_AGE_NB","SEX_T","AGE_5YRBANDS_Y15-19","2025",1774.879,,,,"R1:3513"
"TUR","BA:622","EMP_TEMP_SEX_AGE_NB","SEX_T","AGE_5YRBANDS_Y20-24","2025",2863.026,,,,"R1:3513"
"TUR","BA:622","EMP_TEMP_SEX_AGE_NB","SEX_T","AGE_5YRBANDS_Y25-29","2025",4054.877,,,,"R1:3513"
"TUR","BA:622","EMP_TEMP_SEX_AGE_NB","SEX_T","AGE_5YRBANDS_Y30-34","2025",4048.921,,,,"R1:3513"
"TUR","BA:622","EMP_TEMP_SEX_AGE_NB","SEX_T","AGE_5YRBANDS_Y35-39","2025",4198.844,,,,"R1:3513"
"TUR","BA:622","EMP_TEMP_SEX_AGE_NB","SEX_T","AGE_5YRBANDS_Y40-44","2025",4291.314,,,,"R1:3513"
"TUR","BA:622","EMP_TEMP_SEX_AGE_NB","SEX_T","AGE_5YRBANDS_Y45-49","2025",3819.784,,,,"R1:3513"
"TUR","BA:622","EMP_TEMP_SEX_AGE_NB","SEX_T","AGE_5YRBANDS_Y50-54","2025",2970.975,,,,"R1:3513"
"TUR","BA:622","EMP_TEMP_SEX_AGE_NB","SEX_T","AGE_5YRBANDS_Y55-59","2025",1981.945,,,,"R1:3513"
"TUR","BA:622","EMP_TEMP_SEX_AGE_NB","SEX_T","AGE_5YRBANDS_Y60-64","2025",1401.202,,,,"R1:3513"
"TUR","BA:622","EMP_TEMP_SEX_AGE_NB","SEX_T","AGE_5YRBANDS_YGE65","2025",1160.571,,,,"R1:3513"
"TUR","BA:622","EMP_TEMP_SEX_AGE_NB","SEX_M","AGE_5YRBANDS_YGE15","2025",21802.246,,,,"R1:3513"
"TUR","BA:622","EMP_TEMP_SEX_AGE_NB","SEX_M","AGE_5YRBANDS_Y15-19","2025",1310.702,,,,"R1:3513"
"TUR","BA:622","EMP_TEMP_SEX_AGE_NB","SEX_M","AGE_5YRBANDS_Y20-24","2025",1843.726,,,,"R1:3513"
"TUR","BA:622","EMP_TEMP_SEX_AGE_NB","SEX_M","AGE_5YRBANDS_Y25-29","2025",2596.571,,,,"R1:3513"
"TUR","BA:622","EMP_TEMP_SEX_AGE_NB","SEX_M","AGE_5YRBANDS_Y30-34","2025",2680.838,,,,"R1:3513"
"TUR","BA:622","EMP_TEMP_SEX_AGE_NB","SEX_M","AGE_5YRBANDS_Y35-39","2025",2756.017,,,,"R1:3513"
"TUR","BA:622","EMP_TEMP_SEX_AGE_NB","SEX_M","AGE_5YRBANDS_Y40-44","2025",2817.181,,,,"R1:3513"
"TUR","BA:622","EMP_TEMP_SEX_AGE_NB","SEX_M","AGE_5YRBANDS_Y45-49","2025",2507.512,,,,"R1:3513"
"TUR","BA:622","EMP_TEMP_SEX_AGE_NB","SEX_M","AGE_5YRBANDS_Y50-54","2025",2026.902,,,,"R1:3513"
"TUR","BA:622","EMP_TEMP_SEX_AGE_NB","SEX_M","AGE_5YRBANDS_Y55-59","2025",1403.902,,,,"R1:3513"
"TUR","BA:622","EMP_TEMP_SEX_AGE_NB","SEX_M","AGE_5YRBANDS_Y60-64","2025",1013.223,,,,"R1:3513"
"TUR","BA:622","EMP_TEMP_SEX_AGE_NB","SEX_M","AGE_5YRBANDS_YGE65","2025",845.672,,,,"R1:3513"
"TUR","BA:622","EMP_TEMP_SEX_AGE_NB","SEX_F","AGE_5YRBANDS_YGE15","2025",10764.092,,,,"R1:3513"
"TUR","BA:622","EMP_TEMP_SEX_AGE_NB","SEX_F","AGE_5YRBANDS_Y15-19","2025",464.177,,,,"R1:3513"
"TUR","BA:622","EMP_TEMP_SEX_AGE_NB","SEX_F","AGE_5YRBANDS_Y20-24","2025",1019.3,,,,"R1:3513"
"TUR","BA:622","EMP_TEMP_SEX_AGE_NB","SEX_F","AGE_5YRBANDS_Y25-29","2025",1458.306,,,,"R1:3513"
"TUR","BA:622","EMP_TEMP_SEX_AGE_NB","SEX_F","AGE_5YRBANDS_Y30-34","2025",1368.083,,,,"R1:3513"
"TUR","BA:622","EMP_TEMP_SEX_AGE_NB","SEX_F","AGE_5YRBANDS_Y35-39","2025",1442.827,,,,"R1:3513"
"TUR","BA:622","EMP_TEMP_SEX_AGE_NB","SEX_F","AGE_5YRBANDS_Y40-44","2025",1474.133,,,,"R1:3513"
"TUR","BA:622","EMP_TEMP_SEX_AGE_NB","SEX_F","AGE_5YRBANDS_Y45-49","2025",1312.272,,,,"R1:3513"
"TUR","BA:622","EMP_TEMP_SEX_AGE_NB","SEX_F","AGE_5YRBANDS_Y50-54","2025",944.073,,,,"R1:3513"
"TUR","BA:622","EMP_TEMP_SEX_AGE_NB","SEX_F","AGE_5YRBANDS_Y55-59","2025",578.043,,,,"R1:3513"
"TUR","BA:622","EMP_TEMP_SEX_AGE_NB","SEX_F","AGE_5YRBANDS_Y60-64","2025",387.979,,,,"R1:3513"
"TUR","BA:622","EMP_TEMP_SEX_AGE_NB","SEX_F","AGE_5YRBANDS_YGE65","2025",314.899,,,,"R1:3513"
"TUR","BA:622","EMP_TEMP_SEX_AGE_NB","SEX_T","AGE_YTHADULT_YGE15","2024",32620.335,,,,"R1:3513"
"TUR","BA:622","EMP_TEMP_SEX_AGE_NB","SEX_T","AGE_YTHADULT_Y15-64","2024",31489.15,,,,"R1:3513"
"TUR","BA:622","EMP_TEMP_SEX_AGE_NB","SEX_T","AGE_YTHADULT_Y15-24","2024",4608.911,,,,"R1:3513"
"TUR","BA:622","EMP_TEMP_SEX_AGE_NB","SEX_T","AGE_YTHADULT_YGE25","2024",28011.424,,,,"R1:3513"
"TUR","BA:622","EMP_TEMP_SEX_AGE_NB","SEX_M","AGE_YTHADULT_YGE15","2024",21809.389,,,,"R1:3513"
"TUR","BA:622","EMP_TEMP_SEX_AGE_NB","SEX_M","AGE_YTHADULT_Y15-64","2024",20993.931,,,,"R1:3513"
"TUR","BA:622","EMP_TEMP_SEX_AGE_NB","SEX_M","AGE_YTHADULT_Y15-24","2024",3118.894,,,,"R1:3513"
"TUR","BA:622","EMP_TEMP_SEX_AGE_NB","SEX_M","AGE_YTHADULT_YGE25","2024",18690.495,,,,"R1:3513"
"TUR","BA:622","EMP_TEMP_SEX_AGE_NB","SEX_F","AGE_YTHADULT_YGE15","2024",10810.946,,,,"R1:3513"
"TUR","BA:622","EMP_TEMP_SEX_AGE_NB","SEX_F","AGE_YTHADULT_Y15-64","2024",10495.219,,,,"R1:3513"
"TUR","BA:622","EMP_TEMP_SEX_AGE_NB","SEX_F","AGE_YTHADULT_Y15-24","2024",1490.017,,,,"R1:3513"
"TUR","BA:622","EMP_TEMP_SEX_AGE_NB","SEX_F","AGE_YTHADULT_YGE25","2024",9320.93,,,,"R1:3513"
"TUR","BA:622","EMP_TEMP_SEX_AGE_NB","SEX_T","AGE_AGGREGATE_YGE15","2024",32620.335,,,,"R1:3513"
"TUR","BA:622","EMP_TEMP_SEX_AGE_NB","SEX_T","AGE_AGGREGATE_Y15-24","2024",4608.911,,,,"R1:3513"
"TUR","BA:622","EMP_TEMP_SEX_AGE_NB","SEX_T","AGE_AGGREGATE_Y25-54","2024",23492.421,,,,"R1:3513"
"TUR","BA:622","EMP_TEMP_SEX_AGE_NB","SEX_T","AGE_AGGREGATE_Y55-64","2024",3387.818,,,,"R1:3513"
"TUR","BA:622","EMP_TEMP_SEX_AGE_NB","SEX_T","AGE_AGGREGATE_YGE65","2024",1131.185,,,,"R1:3513"
"TUR","BA:622","EMP_TEMP_SEX_AGE_NB","SEX_M","AGE_AGGREGATE_YGE15","2024",21809.389,,,,"R1:3513"
"TUR","BA:622","EMP_TEMP_SEX_AGE_NB","SEX_M","AGE_AGGREGATE_Y15-24","2024",3118.894,,,,"R1:3513"
"TUR","BA:622","EMP_TEMP_SEX_AGE_NB","SEX_M","AGE_AGGREGATE_Y25-54","2024",15471.173,,,,"R1:3513"
"TUR","BA:622","EMP_TEMP_SEX_AGE_NB","SEX_M","AGE_AGGREGATE_Y55-64","2024",2403.863,,,,"R1:3513"
"TUR","BA:622","EMP_TEMP_SEX_AGE_NB","SEX_M","AGE_AGGREGATE_YGE65","2024",815.458,,,,"R1:3513"
"TUR","BA:622","EMP_TEMP_SEX_AGE_NB","SEX_F","AGE_AGGREGATE_YGE15","2024",10810.946,,,,"R1:3513"
"TUR","BA:622","EMP_TEMP_SEX_AGE_NB","SEX_F","AGE_AGGREGATE_Y15-24","2024",1490.017,,,,"R1:3513"
"TUR","BA:622","EMP_TEMP_SEX_AGE_NB","SEX_F","AGE_AGGREGATE_Y25-54","2024",8021.248,,,,"R1:3513"
"TUR","BA:622","EMP_TEMP_SEX_AGE_NB","SEX_F","AGE_AGGREGATE_Y55-64","2024",983.955,,,,"R1:3513"
"TUR","BA:622","EMP_TEMP_SEX_AGE_NB","SEX_F","AGE_AGGREGATE_YGE65","2024",315.727,,,,"R1:3513"
"TUR","BA:622","EMP_TEMP_SEX_AGE_NB","SEX_T","AGE_10YRBANDS_YGE15","2024",32620.335,,,,"R1:3513"
"TUR","BA:622","EMP_TEMP_SEX_AGE_NB","SEX_T","AGE_10YRBANDS_Y15-24","2024",4608.911,,,,"R1:3513"
"TUR","BA:622","EMP_TEMP_SEX_AGE_NB","SEX_T","AGE_10YRBANDS_Y25-34","2024",8134.97,,,,"R1:3513"
"TUR","BA:622","EMP_TEMP_SEX_AGE_NB","SEX_T","AGE_10YRBANDS_Y35-44","2024",8659.593,,,,"R1:3513"
"TUR","BA:622","EMP_TEMP_SEX_AGE_NB","SEX_T","AGE_10YRBANDS_Y45-54","2024",6697.858,,,,"R1:3513"
"TUR","BA:622","EMP_TEMP_SEX_AGE_NB","SEX_T","AGE_10YRBANDS_Y55-64","2024",3387.818,,,,"R1:3513"
"TUR","BA:622","EMP_TEMP_SEX_AGE_NB","SEX_T","AGE_10YRBANDS_YGE65","2024",1131.185,,,,"R1:3513"
"TUR","BA:622","EMP_TEMP_SEX_AGE_NB","SEX_M","AGE_10YRBANDS_YGE15","2024",21809.389,,,,"R1:3513"
"TUR","BA:622","EMP_TEMP_SEX_AGE_NB","SEX_M","AGE_10YRBANDS_Y15-24","2024",3118.894,,,,"R1:3513"
"TUR","BA:622","EMP_TEMP_SEX_AGE_NB","SEX_M","AGE_10YRBANDS_Y25-34","2024",5341.193,,,,"R1:3513"
"TUR","BA:622","EMP_TEMP_SEX_AGE_NB","SEX_M","AGE_10YRBANDS_Y35-44","2024",5670.256,,,,"R1:3513"
"TUR","BA:622","EMP_TEMP_SEX_AGE_NB","SEX_M","AGE_10YRBANDS_Y45-54","2024",4459.724,,,,"R1:3513"
"TUR","BA:622","EMP_TEMP_SEX_AGE_NB","SEX_M","AGE_10YRBANDS_Y55-64","2024",2403.863,,,,"R1:3513"
"TUR","BA:622","EMP_TEMP_SEX_AGE_NB","SEX_M","AGE_10YRBANDS_YGE65","2024",815.458,,,,"R1:3513"
"TUR","BA:622","EMP_TEMP_SEX_AGE_NB","SEX_F","AGE_10YRBANDS_YGE15","2024",10810.946,,,,"R1:3513"
"TUR","BA:622","EMP_TEMP_SEX_AGE_NB","SEX_F","AGE_10YRBANDS_Y15-24","2024",1490.017,,,,"R1:3513"
"TUR","BA:622","EMP_TEMP_SEX_AGE_NB","SEX_F","AGE_10YRBANDS_Y25-34","2024",2793.777,,,,"R1:3513"
"TUR","BA:622","EMP_TEMP_SEX_AGE_NB","SEX_F","AGE_10YRBANDS_Y35-44","2024",2989.337,,,,"R1:3513"
"TUR","BA:622","EMP_TEMP_SEX_AGE_NB","SEX_F","AGE_10YRBANDS_Y45-54","2024",2238.133,,,,"R1:3513"
"TUR","BA:622","EMP_TEMP_SEX_AGE_NB","SEX_F","AGE_10YRBANDS_Y55-64","2024",983.955,,,,"R1:3513"
"TUR","BA:622","EMP_TEMP_SEX_AGE_NB","SEX_F","AGE_10YRBANDS_YGE65","2024",315.727,,,,"R1:3513"
"TUR","BA:622","EMP_TEMP_SEX_AGE_NB","SEX_T","AGE_5YRBANDS_YGE15","2024",32620.335,,,,"R1:3513"
"TUR","BA:622","EMP_TEMP_SEX_AGE_NB","SEX_T","AGE_5YRBANDS_Y15-19","2024",1735.608,,,,"R1:3513"
"TUR","BA:622","EMP_TEMP_SEX_AGE_NB","SEX_T","AGE_5YRBANDS_Y20-24","2024",2873.302,,,,"R1:3513"
"TUR","BA:622","EMP_TEMP_SEX_AGE_NB","SEX_T","AGE_5YRBANDS_Y25-29","2024",4056.298,,,,"R1:3513"
"TUR","BA:622","EMP_TEMP_SEX_AGE_NB","SEX_T","AGE_5YRBANDS_Y30-34","2024",4078.672,,,,"R1:3513"
"TUR","BA:622","EMP_TEMP_SEX_AGE_NB","SEX_T","AGE_5YRBANDS_Y35-39","2024",4260.505,,,,"R1:3513"
"TUR","BA:622","EMP_TEMP_SEX_AGE_NB","SEX_T","AGE_5YRBANDS_Y40-44","2024",4399.088,,,,"R1:3513"
"TUR","BA:622","EMP_TEMP_SEX_AGE_NB","SEX_T","AGE_5YRBANDS_Y45-49","2024",3746.698,,,,"R1:3513"
"TUR","BA:622","EMP_TEMP_SEX_AGE_NB","SEX_T","AGE_5YRBANDS_Y50-54","2024",2951.16,,,,"R1:3513"
"TUR","BA:622","EMP_TEMP_SEX_AGE_NB","SEX_T","AGE_5YRBANDS_Y55-59","2024",2037.544,,,,"R1:3513"
"TUR","BA:622","EMP_TEMP_SEX_AGE_NB","SEX_T","AGE_5YRBANDS_Y60-64","2024",1350.274,,,,"R1:3513"
"TUR","BA:622","EMP_TEMP_SEX_AGE_NB","SEX_T","AGE_5YRBANDS_YGE65","2024",1131.185,,,,"R1:3513"
"TUR","BA:622","EMP_TEMP_SEX_AGE_NB","SEX_M","AGE_5YRBANDS_YGE15","2024",21809.389,,,,"R1:3513"
"TUR","BA:622","EMP_TEMP_SEX_AGE_NB","SEX_M","AGE_5YRBANDS_Y15-19","2024",1252.199,,,,"R1:3513"
"TUR","BA:622","EMP_TEMP_SEX_AGE_NB","SEX_M","AGE_5YRBANDS_Y20-24","2024",1866.695,,,,"R1:3513"
"TUR","BA:622","EMP_TEMP_SEX_AGE_NB","SEX_M","AGE_5YRBANDS_Y25-29","2024",2627.745,,,,"R1:3513"
"TUR","BA:622","EMP_TEMP_SEX_AGE_NB","SEX_M","AGE_5YRBANDS_Y30-34","2024",2713.448,,,,"R1:3513"
"TUR","BA:622","EMP_TEMP_SEX_AGE_NB","SEX_M","AGE_5YRBANDS_Y35-39","2024",2802.271,,,,"R1:3513"
"TUR","BA:622","EMP_TEMP_SEX_AGE_NB","SEX_M","AGE_5YRBANDS_Y40-44","2024",2867.985,,,,"R1:3513"
"TUR","BA:622","EMP_TEMP_SEX_AGE_NB","SEX_M","AGE_5YRBANDS_Y45-49","2024",2460.829,,,,"R1:3513"
"TUR","BA:622","EMP_TEMP_SEX_AGE_NB","SEX_M","AGE_5YRBANDS_Y50-54","2024",1998.895,,,,"R1:3513"
"TUR","BA:622","EMP_TEMP_SEX_AGE_NB","SEX_M","AGE_5YRBANDS_Y55-59","2024",1434.544,,,,"R1:3513"
"TUR","BA:622","EMP_TEMP_SEX_AGE_NB","SEX_M","AGE_5YRBANDS_Y60-64","2024",969.319,,,,"R1:3513"
"TUR","BA:622","EMP_TEMP_SEX_AGE_NB","SEX_M","AGE_5YRBANDS_YGE65","2024",815.458,,,,"R1:3513"
"TUR","BA:622","EMP_TEMP_SEX_AGE_NB","SEX_F","AGE_5YRBANDS_YGE15","2024",10810.946,,,,"R1:3513"
"TUR","BA:622","EMP_TEMP_SEX_AGE_NB","SEX_F","AGE_5YRBANDS_Y15-19","2024",483.409,,,,"R1:3513"
"TUR","BA:622","EMP_TEMP_SEX_AGE_NB","SEX_F","AGE_5YRBANDS_Y20-24","2024",1006.608,,,,"R1:3513"
"TUR","BA:622","EMP_TEMP_SEX_AGE_NB","SEX_F","AGE_5YRBANDS_Y25-29","2024",1428.553,,,,"R1:3513"
"TUR","BA:622","EMP_TEMP_SEX_AGE_NB","SEX_F","AGE_5YRBANDS_Y30-34","2024",1365.224,,,,"R1:3513"
"TUR","BA:622","EMP_TEMP_SEX_AGE_NB","SEX_F","AGE_5YRBANDS_Y35-39","2024",1458.234,,,,"R1:3513"
"TUR","BA:622","EMP_TEMP_SEX_AGE_NB","SEX_F","AGE_5YRBANDS_Y40-44","2024",1531.103,,,,"R1:3513"
"TUR","BA:622","EMP_TEMP_SEX_AGE_NB","SEX_F","AGE_5YRBANDS_Y45-49","2024",1285.869,,,,"R1:3513"
"TUR","BA:622","EMP_TEMP_SEX_AGE_NB","SEX_F","AGE_5YRBANDS_Y50-54","2024",952.264,,,,"R1:3513"
"TUR","BA:622","EMP_TEMP_SEX_AGE_NB","SEX_F","AGE_5YRBANDS_Y55-59","2024",603,,,,"R1:3513"
"TUR","BA:622","EMP_TEMP_SEX_AGE_NB","SEX_F","AGE_5YRBANDS_Y60-64","2024",380.955,,,,"R1:3513"
"TUR","BA:622","EMP_TEMP_SEX_AGE_NB","SEX_F","AGE_5YRBANDS_YGE65","2024",315.727,,,,"R1:3513"
"TUR","BA:622","EMP_TEMP_SEX_AGE_NB","SEX_T","AGE_YTHADULT_YGE15","2023",31632.32,,,,"R1:3513"
"TUR","BA:622","EMP_TEMP_SEX_AGE_NB","SEX_T","AGE_YTHADULT_Y15-64","2023",30611.121,,,,"R1:3513"
"TUR","BA:622","EMP_TEMP_SEX_AGE_NB","SEX_T","AGE_YTHADULT_Y15-24","2023",4454.643,,,,"R1:3513"
"TUR","BA:622","EMP_TEMP_SEX_AGE_NB","SEX_T","AGE_YTHADULT_YGE25","2023",27177.677,,,,"R1:3513"
"TUR","BA:622","EMP_TEMP_SEX_AGE_NB","SEX_M","AGE_YTHADULT_YGE15","2023",21286.102,,,,"R1:3513"
"TUR","BA:622","EMP_TEMP_SEX_AGE_NB","SEX_M","AGE_YTHADULT_Y15-64","2023",20549.888,,,,"R1:3513"
"TUR","BA:622","EMP_TEMP_SEX_AGE_NB","SEX_M","AGE_YTHADULT_Y15-24","2023",2996.173,,,,"R1:3513"
"TUR","BA:622","EMP_TEMP_SEX_AGE_NB","SEX_M","AGE_YTHADULT_YGE25","2023",18289.929,,,,"R1:3513"
"TUR","BA:622","EMP_TEMP_SEX_AGE_NB","SEX_F","AGE_YTHADULT_YGE15","2023",10346.218,,,,"R1:3513"
"TUR","BA:622","EMP_TEMP_SEX_AGE_NB","SEX_F","AGE_YTHADULT_Y15-64","2023",10061.233,,,,"R1:3513"
"TUR","BA:622","EMP_TEMP_SEX_AGE_NB","SEX_F","AGE_YTHADULT_Y15-24","2023",1458.47,,,,"R1:3513"
"TUR","BA:622","EMP_TEMP_SEX_AGE_NB","SEX_F","AGE_YTHADULT_YGE25","2023",8887.748,,,,"R1:3513"
"TUR","BA:622","EMP_TEMP_SEX_AGE_NB","SEX_T","AGE_AGGREGATE_YGE15","2023",31632.32,,,,"R1:3513"
"TUR","BA:622","EMP_TEMP_SEX_AGE_NB","SEX_T","AGE_AGGREGATE_Y15-24","2023",4454.643,,,,"R1:3513"
"TUR","BA:622","EMP_TEMP_SEX_AGE_NB","SEX_T","AGE_AGGREGATE_Y25-54","2023",23022.607,,,,"R1:3513"
"TUR","BA:622","EMP_TEMP_SEX_AGE_NB","SEX_T","AGE_AGGREGATE_Y55-64","2023",3133.871,,,,"R1:3513"
"TUR","BA:622","EMP_TEMP_SEX_AGE_NB","SEX_T","AGE_AGGREGATE_YGE65","2023",1021.199,,,,"R1:3513"
"TUR","BA:622","EMP_TEMP_SEX_AGE_NB","SEX_M","AGE_AGGREGATE_YGE15","2023",21286.102,,,,"R1:3513"
"TUR","BA:622","EMP_TEMP_SEX_AGE_NB","SEX_M","AGE_AGGREGATE_Y15-24","2023",2996.173,,,,"R1:3513"
"TUR","BA:622","EMP_TEMP_SEX_AGE_NB","SEX_M","AGE_AGGREGATE_Y25-54","2023",15307.798,,,,"R1:3513"
"TUR","BA:622","EMP_TEMP_SEX_AGE_NB","SEX_M","AGE_AGGREGATE_Y55-64","2023",2245.918,,,,"R1:3513"
"TUR","BA:622","EMP_TEMP_SEX_AGE_NB","SEX_M","AGE_AGGREGATE_YGE65","2023",736.214,,,,"R1:3513"
"TUR","BA:622","EMP_TEMP_SEX_AGE_NB","SEX_F","AGE_AGGREGATE_YGE15","2023",10346.218,,,,"R1:3513"
"TUR","BA:622","EMP_TEMP_SEX_AGE_NB","SEX_F","AGE_AGGREGATE_Y15-24","2023",1458.47,,,,"R1:3513"
"TUR","BA:622","EMP_TEMP_SEX_AGE_NB","SEX_F","AGE_AGGREGATE_Y25-54","2023",7714.809,,,,"R1:3513"
"TUR","BA:622","EMP_TEMP_SEX_AGE_NB","SEX_F","AGE_AGGREGATE_Y55-64","2023",887.954,,,,"R1:3513"
"TUR","BA:622","EMP_TEMP_SEX_AGE_NB","SEX_F","AGE_AGGREGATE_YGE65","2023",284.985,,,,"R1:3513"
"TUR","BA:622","EMP_TEMP_SEX_AGE_NB","SEX_T","AGE_10YRBANDS_YGE15","2023",31632.32,,,,"R1:3513"
"TUR","BA:622","EMP_TEMP_SEX_AGE_NB","SEX_T","AGE_10YRBANDS_Y15-24","2023",4454.643,,,,"R1:3513"
"TUR","BA:622","EMP_TEMP_SEX_AGE_NB","SEX_T","AGE_10YRBANDS_Y25-34","2023",8055.101,,,,"R1:3513"
"TUR","BA:622","EMP_TEMP_SEX_AGE_NB","SEX_T","AGE_10YRBANDS_Y35-44","2023",8604.42,,,,"R1:3513"
"TUR","BA:622","EMP_TEMP_SEX_AGE_NB","SEX_T","AGE_10YRBANDS_Y45-54","2023",6363.085,,,,"R1:3513"
"TUR","BA:622","EMP_TEMP_SEX_AGE_NB","SEX_T","AGE_10YRBANDS_Y55-64","2023",3133.871,,,,"R1:3513"
"TUR","BA:622","EMP_TEMP_SEX_AGE_NB","SEX_T","AGE_10YRBANDS_YGE65","2023",1021.199,,,,"R1:3513"
"TUR","BA:622","EMP_TEMP_SEX_AGE_NB","SEX_M","AGE_10YRBANDS_YGE15","2023",21286.102,,,,"R1:3513"
"TUR","BA:622","EMP_TEMP_SEX_AGE_NB","SEX_M","AGE_10YRBANDS_Y15-24","2023",2996.173,,,,"R1:3513"
"TUR","BA:622","EMP_TEMP_SEX_AGE_NB","SEX_M","AGE_10YRBANDS_Y25-34","2023",5317.215,,,,"R1:3513"
"TUR","BA:622","EMP_TEMP_SEX_AGE_NB","SEX_M","AGE_10YRBANDS_Y35-44","2023",5690.706,,,,"R1:3513"
"TUR","BA:622","EMP_TEMP_SEX_AGE_NB","SEX_M","AGE_10YRBANDS_Y45-54","2023",4299.877,,,,"R1:3513"
"TUR","BA:622","EMP_TEMP_SEX_AGE_NB","SEX_M","AGE_10YRBANDS_Y55-64","2023",2245.918,,,,"R1:3513"
"TUR","BA:622","EMP_TEMP_SEX_AGE_NB","SEX_M","AGE_10YRBANDS_YGE65","2023",736.214,,,,"R1:3513"
"TUR","BA:622","EMP_TEMP_SEX_AGE_NB","SEX_F","AGE_10YRBANDS_YGE15","2023",10346.218,,,,"R1:3513"
"TUR","BA:622","EMP_TEMP_SEX_AGE_NB","SEX_F","AGE_10YRBANDS_Y15-24","2023",1458.47,,,,"R1:3513"
"TUR","BA:622","EMP_TEMP_SEX_AGE_NB","SEX_F","AGE_10YRBANDS_Y25-34","2023",2737.887,,,,"R1:3513"
"TUR","BA:622","EMP_TEMP_SEX_AGE_NB","SEX_F","AGE_10YRBANDS_Y35-44","2023",2913.714,,,,"R1:3513"
"TUR","BA:622","EMP_TEMP_SEX_AGE_NB","SEX_F","AGE_10YRBANDS_Y45-54","2023",2063.209,,,,"R1:3513"
"TUR","BA:622","EMP_TEMP_SEX_AGE_NB","SEX_F","AGE_10YRBANDS_Y55-64","2023",887.954,,,,"R1:3513"
"TUR","BA:622","EMP_TEMP_SEX_AGE_NB","SEX_F","AGE_10YRBANDS_YGE65","2023",284.985,,,,"R1:3513"
"TUR","BA:622","EMP_TEMP_SEX_AGE_NB","SEX_T","AGE_5YRBANDS_YGE15","2023",31632.32,,,,"R1:3513"
"TUR","BA:622","EMP_TEMP_SEX_AGE_NB","SEX_T","AGE_5YRBANDS_Y15-19","2023",1542.256,,,,"R1:3513"
"TUR","BA:622","EMP_TEMP_SEX_AGE_NB","SEX_T","AGE_5YRBANDS_Y20-24","2023",2912.387,,,,"R1:3513"
"TUR","BA:622","EMP_TEMP_SEX_AGE_NB","SEX_T","AGE_5YRBANDS_Y25-29","2023",4007.097,,,,"R1:3513"
"TUR","BA:622","EMP_TEMP_SEX_AGE_NB","SEX_T","AGE_5YRBANDS_Y30-34","2023",4048.005,,,,"R1:3513"
"TUR","BA:622","EMP_TEMP_SEX_AGE_NB","SEX_T","AGE_5YRBANDS_Y35-39","2023",4216.013,,,,"R1:3513"
"TUR","BA:622","EMP_TEMP_SEX_AGE_NB","SEX_T","AGE_5YRBANDS_Y40-44","2023",4388.407,,,,"R1:3513"
"TUR","BA:622","EMP_TEMP_SEX_AGE_NB","SEX_T","AGE_5YRBANDS_Y45-49","2023",3595.3,,,,"R1:3513"
"TUR","BA:622","EMP_TEMP_SEX_AGE_NB","SEX_T","AGE_5YRBANDS_Y50-54","2023",2767.786,,,,"R1:3513"
"TUR","BA:622","EMP_TEMP_SEX_AGE_NB","SEX_T","AGE_5YRBANDS_Y55-59","2023",1942.686,,,,"R1:3513"
"TUR","BA:622","EMP_TEMP_SEX_AGE_NB","SEX_T","AGE_5YRBANDS_Y60-64","2023",1191.185,,,,"R1:3513"
"TUR","BA:622","EMP_TEMP_SEX_AGE_NB","SEX_T","AGE_5YRBANDS_YGE65","2023",1021.199,,,,"R1:3513"
"TUR","BA:622","EMP_TEMP_SEX_AGE_NB","SEX_M","AGE_5YRBANDS_YGE15","2023",21286.102,,,,"R1:3513"
"TUR","BA:622","EMP_TEMP_SEX_AGE_NB","SEX_M","AGE_5YRBANDS_Y15-19","2023",1124.26,,,,"R1:3513"
"TUR","BA:622","EMP_TEMP_SEX_AGE_NB","SEX_M","AGE_5YRBANDS_Y20-24","2023",1871.912,,,,"R1:3513"
"TUR","BA:622","EMP_TEMP_SEX_AGE_NB","SEX_M","AGE_5YRBANDS_Y25-29","2023",2597.713,,,,"R1:3513"
"TUR","BA:622","EMP_TEMP_SEX_AGE_NB","SEX_M","AGE_5YRBANDS_Y30-34","2023",2719.502,,,,"R1:3513"
"TUR","BA:622","EMP_TEMP_SEX_AGE_NB","SEX_M","AGE_5YRBANDS_Y35-39","2023",2809.531,,,,"R1:3513"
"TUR","BA:622","EMP_TEMP_SEX_AGE_NB","SEX_M","AGE_5YRBANDS_Y40-44","2023",2881.175,,,,"R1:3513"
"TUR","BA:622","EMP_TEMP_SEX_AGE_NB","SEX_M","AGE_5YRBANDS_Y45-49","2023",2397.964,,,,"R1:3513"
"TUR","BA:622","EMP_TEMP_SEX_AGE_NB","SEX_M","AGE_5YRBANDS_Y50-54","2023",1901.913,,,,"R1:3513"
"TUR","BA:622","EMP_TEMP_SEX_AGE_NB","SEX_M","AGE_5YRBANDS_Y55-59","2023",1392.466,,,,"R1:3513"
"TUR","BA:622","EMP_TEMP_SEX_AGE_NB","SEX_M","AGE_5YRBANDS_Y60-64","2023",853.452,,,,"R1:3513"
"TUR","BA:622","EMP_TEMP_SEX_AGE_NB","SEX_M","AGE_5YRBANDS_YGE65","2023",736.214,,,,"R1:3513"
"TUR","BA:622","EMP_TEMP_SEX_AGE_NB","SEX_F","AGE_5YRBANDS_YGE15","2023",10346.218,,,,"R1:3513"
"TUR","BA:622","EMP_TEMP_SEX_AGE_NB","SEX_F","AGE_5YRBANDS_Y15-19","2023",417.995,,,,"R1:3513"
"TUR","BA:622","EMP_TEMP_SEX_AGE_NB","SEX_F","AGE_5YRBANDS_Y20-24","2023",1040.475,,,,"R1:3513"
"TUR","BA:622","EMP_TEMP_SEX_AGE_NB","SEX_F","AGE_5YRBANDS_Y25-29","2023",1409.384,,,,"R1:3513"
"TUR","BA:622","EMP_TEMP_SEX_AGE_NB","SEX_F","AGE_5YRBANDS_Y30-34","2023",1328.503,,,,"R1:3513"
"TUR","BA:622","EMP_TEMP_SEX_AGE_NB","SEX_F","AGE_5YRBANDS_Y35-39","2023",1406.482,,,,"R1:3513"
"TUR","BA:622","EMP_TEMP_SEX_AGE_NB","SEX_F","AGE_5YRBANDS_Y40-44","2023",1507.232,,,,"R1:3513"
"TUR","BA:622","EMP_TEMP_SEX_AGE_NB","SEX_F","AGE_5YRBANDS_Y45-49","2023",1197.336,,,,"R1:3513"
"TUR","BA:622","EMP_TEMP_SEX_AGE_NB","SEX_F","AGE_5YRBANDS_Y50-54","2023",865.873,,,,"R1:3513"
"TUR","BA:622","EMP_TEMP_SEX_AGE_NB","SEX_F","AGE_5YRBANDS_Y55-59","2023",550.22,,,,"R1:3513"
"TUR","BA:622","EMP_TEMP_SEX_AGE_NB","SEX_F","AGE_5YRBANDS_Y60-64","2023",337.733,,,,"R1:3513"
"TUR","BA:622","EMP_TEMP_SEX_AGE_NB","SEX_F","AGE_5YRBANDS_YGE65","2023",284.985,,,,"R1:3513"
"TUR","BA:622","EMP_TEMP_SEX_AGE_NB","SEX_T","AGE_YTHADULT_YGE15","2022",30752.482,,,,"R1:3513"
"TUR","BA:622","EMP_TEMP_SEX_AGE_NB","SEX_T","AGE_YTHADULT_Y15-64","2022",29776.272,,,,"R1:3513"
"TUR","BA:622","EMP_TEMP_SEX_AGE_NB","SEX_T","AGE_YTHADULT_Y15-24","2022",4239.969,,,,"R1:3513"
"TUR","BA:622","EMP_TEMP_SEX_AGE_NB","SEX_T","AGE_YTHADULT_YGE25","2022",26512.513,,,,"R1:3513"
"TUR","BA:622","EMP_TEMP_SEX_AGE_NB","SEX_M","AGE_YTHADULT_YGE15","2022",20817.832,,,,"R1:3513"
"TUR","BA:622","EMP_TEMP_SEX_AGE_NB","SEX_M","AGE_YTHADULT_Y15-64","2022",20109.004,,,,"R1:3513"
"TUR","BA:622","EMP_TEMP_SEX_AGE_NB","SEX_M","AGE_YTHADULT_Y15-24","2022",2880.888,,,,"R1:3513"
"TUR","BA:622","EMP_TEMP_SEX_AGE_NB","SEX_M","AGE_YTHADULT_YGE25","2022",17936.944,,,,"R1:3513"
"TUR","BA:622","EMP_TEMP_SEX_AGE_NB","SEX_F","AGE_YTHADULT_YGE15","2022",9934.65,,,,"R1:3513"
"TUR","BA:622","EMP_TEMP_SEX_AGE_NB","SEX_F","AGE_YTHADULT_Y15-64","2022",9667.268,,,,"R1:3513"
"TUR","BA:622","EMP_TEMP_SEX_AGE_NB","SEX_F","AGE_YTHADULT_Y15-24","2022",1359.081,,,,"R1:3513"
"TUR","BA:622","EMP_TEMP_SEX_AGE_NB","SEX_F","AGE_YTHADULT_YGE25","2022",8575.57,,,,"R1:3513"
"TUR","BA:622","EMP_TEMP_SEX_AGE_NB","SEX_T","AGE_AGGREGATE_YGE15","2022",30752.482,,,,"R1:3513"
"TUR","BA:622","EMP_TEMP_SEX_AGE_NB","SEX_T","AGE_AGGREGATE_Y15-24","2022",4239.969,,,,"R1:3513"
"TUR","BA:622","EMP_TEMP_SEX_AGE_NB","SEX_T","AGE_AGGREGATE_Y25-54","2022",22589.195,,,,"R1:3513"
"TUR","BA:622","EMP_TEMP_SEX_AGE_NB","SEX_T","AGE_AGGREGATE_Y55-64","2022",2947.107,,,,"R1:3513"
"TUR","BA:622","EMP_TEMP_SEX_AGE_NB","SEX_T","AGE_AGGREGATE_YGE65","2022",976.211,,,,"R1:3513"
"TUR","BA:622","EMP_TEMP_SEX_AGE_NB","SEX_M","AGE_AGGREGATE_YGE15","2022",20817.832,,,,"R1:3513"
"TUR","BA:622","EMP_TEMP_SEX_AGE_NB","SEX_M","AGE_AGGREGATE_Y15-24","2022",2880.888,,,,"R1:3513"
"TUR","BA:622","EMP_TEMP_SEX_AGE_NB","SEX_M","AGE_AGGREGATE_Y25-54","2022",15105.207,,,,"R1:3513"
"TUR","BA:622","EMP_TEMP_SEX_AGE_NB","SEX_M","AGE_AGGREGATE_Y55-64","2022",2122.908,,,,"R1:3513"
"TUR","BA:622","EMP_TEMP_SEX_AGE_NB","SEX_M","AGE_AGGREGATE_YGE65","2022",708.828,,,,"R1:3513"
"TUR","BA:622","EMP_TEMP_SEX_AGE_NB","SEX_F","AGE_AGGREGATE_YGE15","2022",9934.65,,,,"R1:3513"
"TUR","BA:622","EMP_TEMP_SEX_AGE_NB","SEX_F","AGE_AGGREGATE_Y15-24","2022",1359.081,,,,"R1:3513"
"TUR","BA:622","EMP_TEMP_SEX_AGE_NB","SEX_F","AGE_AGGREGATE_Y25-54","2022",7483.988,,,,"R1:3513"
"TUR","BA:622","EMP_TEMP_SEX_AGE_NB","SEX_F","AGE_AGGREGATE_Y55-64","2022",824.199,,,,"R1:3513"
"TUR","BA:622","EMP_TEMP_SEX_AGE_NB","SEX_F","AGE_AGGREGATE_YGE65","2022",267.382,,,,"R1:3513"
"TUR","BA:622","EMP_TEMP_SEX_AGE_NB","SEX_T","AGE_10YRBANDS_YGE15","2022",30752.482,,,,"R1:3513"
"TUR","BA:622","EMP_TEMP_SEX_AGE_NB","SEX_T","AGE_10YRBANDS_Y15-24","2022",4239.969,,,,"R1:3513"
"TUR","BA:622","EMP_TEMP_SEX_AGE_NB","SEX_T","AGE_10YRBANDS_Y25-34","2022",7873.171,,,,"R1:3513"
"TUR","BA:622","EMP_TEMP_SEX_AGE_NB","SEX_T","AGE_10YRBANDS_Y35-44","2022",8496.199,,,,"R1:3513"
"TUR","BA:622","EMP_TEMP_SEX_AGE_NB","SEX_T","AGE_10YRBANDS_Y45-54","2022",6219.825,,,,"R1:3513"
"TUR","BA:622","EMP_TEMP_SEX_AGE_NB","SEX_T","AGE_10YRBANDS_Y55-64","2022",2947.107,,,,"R1:3513"
"TUR","BA:622","EMP_TEMP_SEX_AGE_NB","SEX_T","AGE_10YRBANDS_YGE65","2022",976.211,,,,"R1:3513"
"TUR","BA:622","EMP_TEMP_SEX_AGE_NB","SEX_M","AGE_10YRBANDS_YGE15","2022",20817.832,,,,"R1:3513"
"TUR","BA:622","EMP_TEMP_SEX_AGE_NB","SEX_M","AGE_10YRBANDS_Y15-24","2022",2880.888,,,,"R1:3513"
"TUR","BA:622","EMP_TEMP_SEX_AGE_NB","SEX_M","AGE_10YRBANDS_Y25-34","2022",5204.404,,,,"R1:3513"
"TUR","BA:622","EMP_TEMP_SEX_AGE_NB","SEX_M","AGE_10YRBANDS_Y35-44","2022",5669.451,,,,"R1:3513"
"TUR","BA:622","EMP_TEMP_SEX_AGE_NB","SEX_M","AGE_10YRBANDS_Y45-54","2022",4231.352,,,,"R1:3513"
"TUR","BA:622","EMP_TEMP_SEX_AGE_NB","SEX_M","AGE_10YRBANDS_Y55-64","2022",2122.908,,,,"R1:3513"
"TUR","BA:622","EMP_TEMP_SEX_AGE_NB","SEX_M","AGE_10YRBANDS_YGE65","2022",708.828,,,,"R1:3513"
"TUR","BA:622","EMP_TEMP_SEX_AGE_NB","SEX_F","AGE_10YRBANDS_YGE15","2022",9934.65,,,,"R1:3513"
"TUR","BA:622","EMP_TEMP_SEX_AGE_NB","SEX_F","AGE_10YRBANDS_Y15-24","2022",1359.081,,,,"R1:3513"
"TUR","BA:622","EMP_TEMP_SEX_AGE_NB","SEX_F","AGE_10YRBANDS_Y25-34","2022",2668.766,,,,"R1:3513"
"TUR","BA:622","EMP_TEMP_SEX_AGE_NB","SEX_F","AGE_10YRBANDS_Y35-44","2022",2826.748,,,,"R1:3513"
"TUR","BA:622","EMP_TEMP_SEX_AGE_NB","SEX_F","AGE_10YRBANDS_Y45-54","2022",1988.474,,,,"R1:3513"
"TUR","BA:622","EMP_TEMP_SEX_AGE_NB","SEX_F","AGE_10YRBANDS_Y55-64","2022",824.199,,,,"R1:3513"
"TUR","BA:622","EMP_TEMP_SEX_AGE_NB","SEX_F","AGE_10YRBANDS_YGE65","2022",267.382,,,,"R1:3513"
"TUR","BA:622","EMP_TEMP_SEX_AGE_NB","SEX_T","AGE_5YRBANDS_YGE15","2022",30752.482,,,,"R1:3513"
"TUR","BA:622","EMP_TEMP_SEX_AGE_NB","SEX_T","AGE_5YRBANDS_Y15-19","2022",1384.019,,,,"R1:3513"
"TUR","BA:622","EMP_TEMP_SEX_AGE_NB","SEX_T","AGE_5YRBANDS_Y20-24","2022",2855.95,,,,"R1:3513"
"TUR","BA:622","EMP_TEMP_SEX_AGE_NB","SEX_T","AGE_5YRBANDS_Y25-29","2022",3839.801,,,,"R1:3513"
"TUR","BA:622","EMP_TEMP_SEX_AGE_NB","SEX_T","AGE_5YRBANDS_Y30-34","2022",4033.37,,,,"R1:3513"
"TUR","BA:622","EMP_TEMP_SEX_AGE_NB","SEX_T","AGE_5YRBANDS_Y35-39","2022",4172.239,,,,"R1:3513"
"TUR","BA:622","EMP_TEMP_SEX_AGE_NB","SEX_T","AGE_5YRBANDS_Y40-44","2022",4323.96,,,,"R1:3513"
"TUR","BA:622","EMP_TEMP_SEX_AGE_NB","SEX_T","AGE_5YRBANDS_Y45-49","2022",3602.898,,,,"R1:3513"
"TUR","BA:622","EMP_TEMP_SEX_AGE_NB","SEX_T","AGE_5YRBANDS_Y50-54","2022",2616.927,,,,"R1:3513"
"TUR","BA:622","EMP_TEMP_SEX_AGE_NB","SEX_T","AGE_5YRBANDS_Y55-59","2022",1872.764,,,,"R1:3513"
"TUR","BA:622","EMP_TEMP_SEX_AGE_NB","SEX_T","AGE_5YRBANDS_Y60-64","2022",1074.343,,,,"R1:3513"
"TUR","BA:622","EMP_TEMP_SEX_AGE_NB","SEX_T","AGE_5YRBANDS_YGE65","2022",976.211,,,,"R1:3513"
"TUR","BA:622","EMP_TEMP_SEX_AGE_NB","SEX_M","AGE_5YRBANDS_YGE15","2022",20817.832,,,,"R1:3513"
"TUR","BA:622","EMP_TEMP_SEX_AGE_NB","SEX_M","AGE_5YRBANDS_Y15-19","2022",1017.541,,,,"R1:3513"
"TUR","BA:622","EMP_TEMP_SEX_AGE_NB","SEX_M","AGE_5YRBANDS_Y20-24","2022",1863.348,,,,"R1:3513"
"TUR","BA:622","EMP_TEMP_SEX_AGE_NB","SEX_M","AGE_5YRBANDS_Y25-29","2022",2497.314,,,,"R1:3513"
"TUR","BA:622","EMP_TEMP_SEX_AGE_NB","SEX_M","AGE_5YRBANDS_Y30-34","2022",2707.09,,,,"R1:3513"
"TUR","BA:622","EMP_TEMP_SEX_AGE_NB","SEX_M","AGE_5YRBANDS_Y35-39","2022",2802.115,,,,"R1:3513"
"TUR","BA:622","EMP_TEMP_SEX_AGE_NB","SEX_M","AGE_5YRBANDS_Y40-44","2022",2867.336,,,,"R1:3513"
"TUR","BA:622","EMP_TEMP_SEX_AGE_NB","SEX_M","AGE_5YRBANDS_Y45-49","2022",2415.123,,,,"R1:3513"
"TUR","BA:622","EMP_TEMP_SEX_AGE_NB","SEX_M","AGE_5YRBANDS_Y50-54","2022",1816.229,,,,"R1:3513"
"TUR","BA:622","EMP_TEMP_SEX_AGE_NB","SEX_M","AGE_5YRBANDS_Y55-59","2022",1336.172,,,,"R1:3513"
"TUR","BA:622","EMP_TEMP_SEX_AGE_NB","SEX_M","AGE_5YRBANDS_Y60-64","2022",786.736,,,,"R1:3513"
"TUR","BA:622","EMP_TEMP_SEX_AGE_NB","SEX_M","AGE_5YRBANDS_YGE65","2022",708.828,,,,"R1:3513"
"TUR","BA:622","EMP_TEMP_SEX_AGE_NB","SEX_F","AGE_5YRBANDS_YGE15","2022",9934.65,,,,"R1:3513"
"TUR","BA:622","EMP_TEMP_SEX_AGE_NB","SEX_F","AGE_5YRBANDS_Y15-19","2022",366.478,,,,"R1:3513"
"TUR","BA:622","EMP_TEMP_SEX_AGE_NB","SEX_F","AGE_5YRBANDS_Y20-24","2022",992.603,,,,"R1:3513"
"TUR","BA:622","EMP_TEMP_SEX_AGE_NB","SEX_F","AGE_5YRBANDS_Y25-29","2022",1342.487,,,,"R1:3513"
"TUR","BA:622","EMP_TEMP_SEX_AGE_NB","SEX_F","AGE_5YRBANDS_Y30-34","2022",1326.28,,,,"R1:3513"
"TUR","BA:622","EMP_TEMP_SEX_AGE_NB","SEX_F","AGE_5YRBANDS_Y35-39","2022",1370.124,,,,"R1:3513"
"TUR","BA:622","EMP_TEMP_SEX_AGE_NB","SEX_F","AGE_5YRBANDS_Y40-44","2022",1456.624,,,,"R1:3513"
"TUR","BA:622","EMP_TEMP_SEX_AGE_NB","SEX_F","AGE_5YRBANDS_Y45-49","2022",1187.775,,,,"R1:3513"
"TUR","BA:622","EMP_TEMP_SEX_AGE_NB","SEX_F","AGE_5YRBANDS_Y50-54","2022",800.698,,,,"R1:3513"
"TUR","BA:622","EMP_TEMP_SEX_AGE_NB","SEX_F","AGE_5YRBANDS_Y55-59","2022",536.592,,,,"R1:3513"
"TUR","BA:622","EMP_TEMP_SEX_AGE_NB","SEX_F","AGE_5YRBANDS_Y60-64","2022",287.607,,,,"R1:3513"
"TUR","BA:622","EMP_TEMP_SEX_AGE_NB","SEX_F","AGE_5YRBANDS_YGE65","2022",267.382,,,,"R1:3513"
"TUR","BA:622","EMP_TEMP_SEX_AGE_NB","SEX_T","AGE_YTHADULT_YGE15","2021",28796.813,,,,"R1:3513"
"TUR","BA:622","EMP_TEMP_SEX_AGE_NB","SEX_T","AGE_YTHADULT_Y15-64","2021",27908.501,,,,"R1:3513"
"TUR","BA:622","EMP_TEMP_SEX_AGE_NB","SEX_T","AGE_YTHADULT_Y15-24","2021",3855.191,,,,"R1:3513"
"TUR","BA:622","EMP_TEMP_SEX_AGE_NB","SEX_T","AGE_YTHADULT_YGE25","2021",24941.622,,,,"R1:3513"
"TUR","BA:622","EMP_TEMP_SEX_AGE_NB","SEX_M","AGE_YTHADULT_YGE15","2021",19791.628,,,,"R1:3513"
"TUR","BA:622","EMP_TEMP_SEX_AGE_NB","SEX_M","AGE_YTHADULT_Y15-64","2021",19147.363,,,,"R1:3513"
"TUR","BA:622","EMP_TEMP_SEX_AGE_NB","SEX_M","AGE_YTHADULT_Y15-24","2021",2617.181,,,,"R1:3513"
"TUR","BA:622","EMP_TEMP_SEX_AGE_NB","SEX_M","AGE_YTHADULT_YGE25","2021",17174.447,,,,"R1:3513"
"TUR","BA:622","EMP_TEMP_SEX_AGE_NB","SEX_F","AGE_YTHADULT_YGE15","2021",9005.185,,,,"R1:3513"
"TUR","BA:622","EMP_TEMP_SEX_AGE_NB","SEX_F","AGE_YTHADULT_Y15-64","2021",8761.138,,,,"R1:3513"
"TUR","BA:622","EMP_TEMP_SEX_AGE_NB","SEX_F","AGE_YTHADULT_Y15-24","2021",1238.01,,,,"R1:3513"
"TUR","BA:622","EMP_TEMP_SEX_AGE_NB","SEX_F","AGE_YTHADULT_YGE25","2021",7767.175,,,,"R1:3513"
"TUR","BA:622","EMP_TEMP_SEX_AGE_NB","SEX_T","AGE_AGGREGATE_YGE15","2021",28796.813,,,,"R1:3513"
"TUR","BA:622","EMP_TEMP_SEX_AGE_NB","SEX_T","AGE_AGGREGATE_Y15-24","2021",3855.191,,,,"R1:3513"
"TUR","BA:622","EMP_TEMP_SEX_AGE_NB","SEX_T","AGE_AGGREGATE_Y25-54","2021",21305.311,,,,"R1:3513"
"TUR","BA:622","EMP_TEMP_SEX_AGE_NB","SEX_T","AGE_AGGREGATE_Y55-64","2021",2747.999,,,,"R1:3513"
"TUR","BA:622","EMP_TEMP_SEX_AGE_NB","SEX_T","AGE_AGGREGATE_YGE65","2021",888.312,,,,"R1:3513"
"TUR","BA:622","EMP_TEMP_SEX_AGE_NB","SEX_M","AGE_AGGREGATE_YGE15","2021",19791.628,,,,"R1:3513"
"TUR","BA:622","EMP_TEMP_SEX_AGE_NB","SEX_M","AGE_AGGREGATE_Y15-24","2021",2617.181,,,,"R1:3513"
"TUR","BA:622","EMP_TEMP_SEX_AGE_NB","SEX_M","AGE_AGGREGATE_Y25-54","2021",14530.031,,,,"R1:3513"
"TUR","BA:622","EMP_TEMP_SEX_AGE_NB","SEX_M","AGE_AGGREGATE_Y55-64","2021",2000.151,,,,"R1:3513"
"TUR","BA:622","EMP_TEMP_SEX_AGE_NB","SEX_M","AGE_AGGREGATE_YGE65","2021",644.265,,,,"R1:3513"
"TUR","BA:622","EMP_TEMP_SEX_AGE_NB","SEX_F","AGE_AGGREGATE_YGE15","2021",9005.185,,,,"R1:3513"
"TUR","BA:622","EMP_TEMP_SEX_AGE_NB","SEX_F","AGE_AGGREGATE_Y15-24","2021",1238.01,,,,"R1:3513"
"TUR","BA:622","EMP_TEMP_SEX_AGE_NB","SEX_F","AGE_AGGREGATE_Y25-54","2021",6775.28,,,,"R1:3513"
"TUR","BA:622","EMP_TEMP_SEX_AGE_NB","SEX_F","AGE_AGGREGATE_Y55-64","2021",747.848,,,,"R1:3513"
"TUR","BA:622","EMP_TEMP_SEX_AGE_NB","SEX_F","AGE_AGGREGATE_YGE65","2021",244.047,,,,"R1:3513"
"TUR","BA:622","EMP_TEMP_SEX_AGE_NB","SEX_T","AGE_10YRBANDS_YGE15","2021",28796.813,,,,"R1:3513"
"TUR","BA:622","EMP_TEMP_SEX_AGE_NB","SEX_T","AGE_10YRBANDS_Y15-24","2021",3855.191,,,,"R1:3513"
"TUR","BA:622","EMP_TEMP_SEX_AGE_NB","SEX_T","AGE_10YRBANDS_Y25-34","2021",7458.423,,,,"R1:3513"
"TUR","BA:622","EMP_TEMP_SEX_AGE_NB","SEX_T","AGE_10YRBANDS_Y35-44","2021",8099.235,,,,"R1:3513"
"TUR","BA:622","EMP_TEMP_SEX_AGE_NB","SEX_T","AGE_10YRBANDS_Y45-54","2021",5747.653,,,,"R1:3513"
"TUR","BA:622","EMP_TEMP_SEX_AGE_NB","SEX_T","AGE_10YRBANDS_Y55-64","2021",2747.999,,,,"R1:3513"
"TUR","BA:622","EMP_TEMP_SEX_AGE_NB","SEX_T","AGE_10YRBANDS_YGE65","2021",888.312,,,,"R1:3513"
"TUR","BA:622","EMP_TEMP_SEX_AGE_NB","SEX_M","AGE_10YRBANDS_YGE15","2021",19791.628,,,,"R1:3513"
"TUR","BA:622","EMP_TEMP_SEX_AGE_NB","SEX_M","AGE_10YRBANDS_Y15-24","2021",2617.181,,,,"R1:3513"
"TUR","BA:622","EMP_TEMP_SEX_AGE_NB","SEX_M","AGE_10YRBANDS_Y25-34","2021",5049.34,,,,"R1:3513"
"TUR","BA:622","EMP_TEMP_SEX_AGE_NB","SEX_M","AGE_10YRBANDS_Y35-44","2021",5508.725,,,,"R1:3513"
"TUR","BA:622","EMP_TEMP_SEX_AGE_NB","SEX_M","AGE_10YRBANDS_Y45-54","2021",3971.966,,,,"R1:3513"
"TUR","BA:622","EMP_TEMP_SEX_AGE_NB","SEX_M","AGE_10YRBANDS_Y55-64","2021",2000.151,,,,"R1:3513"
"TUR","BA:622","EMP_TEMP_SEX_AGE_NB","SEX_M","AGE_10YRBANDS_YGE65","2021",644.265,,,,"R1:3513"
"TUR","BA:622","EMP_TEMP_SEX_AGE_NB","SEX_F","AGE_10YRBANDS_YGE15","2021",9005.185,,,,"R1:3513"
"TUR","BA:622","EMP_TEMP_SEX_AGE_NB","SEX_F","AGE_10YRBANDS_Y15-24","2021",1238.01,,,,"R1:3513"
"TUR","BA:622","EMP_TEMP_SEX_AGE_NB","SEX_F","AGE_10YRBANDS_Y25-34","2021",2409.083,,,,"R1:3513"
"TUR","BA:622","EMP_TEMP_SEX_AGE_NB","SEX_F","AGE_10YRBANDS_Y35-44","2021",2590.51,,,,"R1:3513"
"TUR","BA:622","EMP_TEMP_SEX_AGE_NB","SEX_F","AGE_10YRBANDS_Y45-54","2021",1775.687,,,,"R1:3513"
"TUR","BA:622","EMP_TEMP_SEX_AGE_NB","SEX_F","AGE_10YRBANDS_Y55-64","2021",747.848,,,,"R1:3513"
"TUR","BA:622","EMP_TEMP_SEX_AGE_NB","SEX_F","AGE_10YRBANDS_YGE65","2021",244.047,,,,"R1:3513"
"TUR","BA:622","EMP_TEMP_SEX_AGE_NB","SEX_T","AGE_5YRBANDS_YGE15","2021",28796.813,,,,"R1:3513"
"TUR","BA:622","EMP_TEMP_SEX_AGE_NB","SEX_T","AGE_5YRBANDS_Y15-19","2021",1233.708,,,,"R1:3513"
"TUR","BA:622","EMP_TEMP_SEX_AGE_NB","SEX_T","AGE_5YRBANDS_Y20-24","2021",2621.483,,,,"R1:3513"
"TUR","BA:622","EMP_TEMP_SEX_AGE_NB","SEX_T","AGE_5YRBANDS_Y25-29","2021",3599.884,,,,"R1:3513"
"TUR","BA:622","EMP_TEMP_SEX_AGE_NB","SEX_T","AGE_5YRBANDS_Y30-34","2021",3858.539,,,,"R1:3513"
"TUR","BA:622","EMP_TEMP_SEX_AGE_NB","SEX_T","AGE_5YRBANDS_Y35-39","2021",4064.117,,,,"R1:3513"
"TUR","BA:622","EMP_TEMP_SEX_AGE_NB","SEX_T","AGE_5YRBANDS_Y40-44","2021",4035.118,,,,"R1:3513"
"TUR","BA:622","EMP_TEMP_SEX_AGE_NB","SEX_T","AGE_5YRBANDS_Y45-49","2021",3381.761,,,,"R1:3513"
"TUR","BA:622","EMP_TEMP_SEX_AGE_NB","SEX_T","AGE_5YRBANDS_Y50-54","2021",2365.892,,,,"R1:3513"
"TUR","BA:622","EMP_TEMP_SEX_AGE_NB","SEX_T","AGE_5YRBANDS_Y55-59","2021",1754.673,,,,"R1:3513"
"TUR","BA:622","EMP_TEMP_SEX_AGE_NB","SEX_T","AGE_5YRBANDS_Y60-64","2021",993.326,,,,"R1:3513"
"TUR","BA:622","EMP_TEMP_SEX_AGE_NB","SEX_T","AGE_5YRBANDS_YGE65","2021",888.312,,,,"R1:3513"
"TUR","BA:622","EMP_TEMP_SEX_AGE_NB","SEX_M","AGE_5YRBANDS_YGE15","2021",19791.628,,,,"R1:3513"
"TUR","BA:622","EMP_TEMP_SEX_AGE_NB","SEX_M","AGE_5YRBANDS_Y15-19","2021",903.114,,,,"R1:3513"
"TUR","BA:622","EMP_TEMP_SEX_AGE_NB","SEX_M","AGE_5YRBANDS_Y20-24","2021",1714.067,,,,"R1:3513"
"TUR","BA:622","EMP_TEMP_SEX_AGE_NB","SEX_M","AGE_5YRBANDS_Y25-29","2021",2394.586,,,,"R1:3513"
"TUR","BA:622","EMP_TEMP_SEX_AGE_NB","SEX_M","AGE_5YRBANDS_Y30-34","2021",2654.754,,,,"R1:3513"
"TUR","BA:622","EMP_TEMP_SEX_AGE_NB","SEX_M","AGE_5YRBANDS_Y35-39","2021",2781.431,,,,"R1:3513"
"TUR","BA:622","EMP_TEMP_SEX_AGE_NB","SEX_M","AGE_5YRBANDS_Y40-44","2021",2727.293,,,,"R1:3513"
"TUR","BA:622","EMP_TEMP_SEX_AGE_NB","SEX_M","AGE_5YRBANDS_Y45-49","2021",2311.401,,,,"R1:3513"
"TUR","BA:622","EMP_TEMP_SEX_AGE_NB","SEX_M","AGE_5YRBANDS_Y50-54","2021",1660.565,,,,"R1:3513"
"TUR","BA:622","EMP_TEMP_SEX_AGE_NB","SEX_M","AGE_5YRBANDS_Y55-59","2021",1267.517,,,,"R1:3513"
"TUR","BA:622","EMP_TEMP_SEX_AGE_NB","SEX_M","AGE_5YRBANDS_Y60-64","2021",732.634,,,,"R1:3513"
"TUR","BA:622","EMP_TEMP_SEX_AGE_NB","SEX_M","AGE_5YRBANDS_YGE65","2021",644.265,,,,"R1:3513"
"TUR","BA:622","EMP_TEMP_SEX_AGE_NB","SEX_F","AGE_5YRBANDS_YGE15","2021",9005.185,,,,"R1:3513"
"TUR","BA:622","EMP_TEMP_SEX_AGE_NB","SEX_F","AGE_5YRBANDS_Y15-19","2021",330.594,,,,"R1:3513"
"TUR","BA:622","EMP_TEMP_SEX_AGE_NB","SEX_F","AGE_5YRBANDS_Y20-24","2021",907.416,,,,"R1:3513"
"TUR","BA:622","EMP_TEMP_SEX_AGE_NB","SEX_F","AGE_5YRBANDS_Y25-29","2021",1205.298,,,,"R1:3513"
"TUR","BA:622","EMP_TEMP_SEX_AGE_NB","SEX_F","AGE_5YRBANDS_Y30-34","2021",1203.785,,,,"R1:3513"
"TUR","BA:622","EMP_TEMP_SEX_AGE_NB","SEX_F","AGE_5YRBANDS_Y35-39","2021",1282.686,,,,"R1:3513"
"TUR","BA:622","EMP_TEMP_SEX_AGE_NB","SEX_F","AGE_5YRBANDS_Y40-44","2021",1307.825,,,,"R1:3513"
"TUR","BA:622","EMP_TEMP_SEX_AGE_NB","SEX_F","AGE_5YRBANDS_Y45-49","2021",1070.36,,,,"R1:3513"
"TUR","BA:622","EMP_TEMP_SEX_AGE_NB","SEX_F","AGE_5YRBANDS_Y50-54","2021",705.327,,,,"R1:3513"
"TUR","BA:622","EMP_TEMP_SEX_AGE_NB","SEX_F","AGE_5YRBANDS_Y55-59","2021",487.156,,,,"R1:3513"
"TUR","BA:622","EMP_TEMP_SEX_AGE_NB","SEX_F","AGE_5YRBANDS_Y60-64","2021",260.692,,,,"R1:3513"
"TUR","BA:622","EMP_TEMP_SEX_AGE_NB","SEX_F","AGE_5YRBANDS_YGE65","2021",244.047,,,,"R1:3513"
"TUR","BA:622","EMP_TEMP_SEX_AGE_NB","SEX_T","AGE_YTHADULT_YGE15","2020",26812.183,,,,"R1:3513"
"TUR","BA:622","EMP_TEMP_SEX_AGE_NB","SEX_T","AGE_YTHADULT_Y15-64","2020",26058.42,,,,"R1:3513"
"TUR","BA:622","EMP_TEMP_SEX_AGE_NB","SEX_T","AGE_YTHADULT_Y15-24","2020",3417.95,,,,"R1:3513"
"TUR","BA:622","EMP_TEMP_SEX_AGE_NB","SEX_T","AGE_YTHADULT_YGE25","2020",23394.233,,,,"R1:3513"
"TUR","BA:622","EMP_TEMP_SEX_AGE_NB","SEX_M","AGE_YTHADULT_YGE15","2020",18505.993,,,,"R1:3513"
"TUR","BA:622","EMP_TEMP_SEX_AGE_NB","SEX_M","AGE_YTHADULT_Y15-64","2020",17949.532,,,,"R1:3513"
"TUR","BA:622","EMP_TEMP_SEX_AGE_NB","SEX_M","AGE_YTHADULT_Y15-24","2020",2315.965,,,,"R1:3513"
"TUR","BA:622","EMP_TEMP_SEX_AGE_NB","SEX_M","AGE_YTHADULT_YGE25","2020",16190.028,,,,"R1:3513"
"TUR","BA:622","EMP_TEMP_SEX_AGE_NB","SEX_F","AGE_YTHADULT_YGE15","2020",8306.19,,,,"R1:3513"
"TUR","BA:622","EMP_TEMP_SEX_AGE_NB","SEX_F","AGE_YTHADULT_Y15-64","2020",8108.888,,,,"R1:3513"
"TUR","BA:622","EMP_TEMP_SEX_AGE_NB","SEX_F","AGE_YTHADULT_Y15-24","2020",1101.985,,,,"R1:3513"
"TUR","BA:622","EMP_TEMP_SEX_AGE_NB","SEX_F","AGE_YTHADULT_YGE25","2020",7204.205,,,,"R1:3513"
"TUR","BA:622","EMP_TEMP_SEX_AGE_NB","SEX_T","AGE_AGGREGATE_YGE15","2020",26812.183,,,,"R1:3513"
"TUR","BA:622","EMP_TEMP_SEX_AGE_NB","SEX_T","AGE_AGGREGATE_Y15-24","2020",3417.95,,,,"R1:3513"
"TUR","BA:622","EMP_TEMP_SEX_AGE_NB","SEX_T","AGE_AGGREGATE_Y25-54","2020",20139.911,,,,"R1:3513"
"TUR","BA:622","EMP_TEMP_SEX_AGE_NB","SEX_T","AGE_AGGREGATE_Y55-64","2020",2500.558,,,,"R1:3513"
"TUR","BA:622","EMP_TEMP_SEX_AGE_NB","SEX_T","AGE_AGGREGATE_YGE65","2020",753.763,,,,"R1:3513"
"TUR","BA:622","EMP_TEMP_SEX_AGE_NB","SEX_M","AGE_AGGREGATE_YGE15","2020",18505.993,,,,"R1:3513"
"TUR","BA:622","EMP_TEMP_SEX_AGE_NB","SEX_M","AGE_AGGREGATE_Y15-24","2020",2315.965,,,,"R1:3513"
"TUR","BA:622","EMP_TEMP_SEX_AGE_NB","SEX_M","AGE_AGGREGATE_Y25-54","2020",13812.44,,,,"R1:3513"
"TUR","BA:622","EMP_TEMP_SEX_AGE_NB","SEX_M","AGE_AGGREGATE_Y55-64","2020",1821.128,,,,"R1:3513"
"TUR","BA:622","EMP_TEMP_SEX_AGE_NB","SEX_M","AGE_AGGREGATE_YGE65","2020",556.46,,,,"R1:3513"
"TUR","BA:622","EMP_TEMP_SEX_AGE_NB","SEX_F","AGE_AGGREGATE_YGE15","2020",8306.19,,,,"R1:3513"
"TUR","BA:622","EMP_TEMP_SEX_AGE_NB","SEX_F","AGE_AGGREGATE_Y15-24","2020",1101.985,,,,"R1:3513"
"TUR","BA:622","EMP_TEMP_SEX_AGE_NB","SEX_F","AGE_AGGREGATE_Y25-54","2020",6327.472,,,,"R1:3513"
"TUR","BA:622","EMP_TEMP_SEX_AGE_NB","SEX_F","AGE_AGGREGATE_Y55-64","2020",679.431,,,,"R1:3513"
"TUR","BA:622","EMP_TEMP_SEX_AGE_NB","SEX_F","AGE_AGGREGATE_YGE65","2020",197.303,,,,"R1:3513"
"TUR","BA:622","EMP_TEMP_SEX_AGE_NB","SEX_T","AGE_10YRBANDS_YGE15","2020",26812.183,,,,"R1:3513"
"TUR","BA:622","EMP_TEMP_SEX_AGE_NB","SEX_T","AGE_10YRBANDS_Y15-24","2020",3417.95,,,,"R1:3513"
"TUR","BA:622","EMP_TEMP_SEX_AGE_NB","SEX_T","AGE_10YRBANDS_Y25-34","2020",7030.383,,,,"R1:3513"
"TUR","BA:622","EMP_TEMP_SEX_AGE_NB","SEX_T","AGE_10YRBANDS_Y35-44","2020",7723.112,,,,"R1:3513"
"TUR","BA:622","EMP_TEMP_SEX_AGE_NB","SEX_T","AGE_10YRBANDS_Y45-54","2020",5386.416,,,,"R1:3513"
"TUR","BA:622","EMP_TEMP_SEX_AGE_NB","SEX_T","AGE_10YRBANDS_Y55-64","2020",2500.558,,,,"R1:3513"
"TUR","BA:622","EMP_TEMP_SEX_AGE_NB","SEX_T","AGE_10YRBANDS_YGE65","2020",753.763,,,,"R1:3513"
"TUR","BA:622","EMP_TEMP_SEX_AGE_NB","SEX_M","AGE_10YRBANDS_YGE15","2020",18505.993,,,,"R1:3513"
"TUR","BA:622","EMP_TEMP_SEX_AGE_NB","SEX_M","AGE_10YRBANDS_Y15-24","2020",2315.965,,,,"R1:3513"
"TUR","BA:622","EMP_TEMP_SEX_AGE_NB","SEX_M","AGE_10YRBANDS_Y25-34","2020",4784.818,,,,"R1:3513"
"TUR","BA:622","EMP_TEMP_SEX_AGE_NB","SEX_M","AGE_10YRBANDS_Y35-44","2020",5264.292,,,,"R1:3513"
"TUR","BA:622","EMP_TEMP_SEX_AGE_NB","SEX_M","AGE_10YRBANDS_Y45-54","2020",3763.329,,,,"R1:3513"
"TUR","BA:622","EMP_TEMP_SEX_AGE_NB","SEX_M","AGE_10YRBANDS_Y55-64","2020",1821.128,,,,"R1:3513"
"TUR","BA:622","EMP_TEMP_SEX_AGE_NB","SEX_M","AGE_10YRBANDS_YGE65","2020",556.46,,,,"R1:3513"
"TUR","BA:622","EMP_TEMP_SEX_AGE_NB","SEX_F","AGE_10YRBANDS_YGE15","2020",8306.19,,,,"R1:3513"
"TUR","BA:622","EMP_TEMP_SEX_AGE_NB","SEX_F","AGE_10YRBANDS_Y15-24","2020",1101.985,,,,"R1:3513"
"TUR","BA:622","EMP_TEMP_SEX_AGE_NB","SEX_F","AGE_10YRBANDS_Y25-34","2020",2245.565,,,,"R1:3513"
"TUR","BA:622","EMP_TEMP_SEX_AGE_NB","SEX_F","AGE_10YRBANDS_Y35-44","2020",2458.819,,,,"R1:3513"
"TUR","BA:622","EMP_TEMP_SEX_AGE_NB","SEX_F","AGE_10YRBANDS_Y45-54","2020",1623.088,,,,"R1:3513"
"TUR","BA:622","EMP_TEMP_SEX_AGE_NB","SEX_F","AGE_10YRBANDS_Y55-64","2020",679.431,,,,"R1:3513"
"TUR","BA:622","EMP_TEMP_SEX_AGE_NB","SEX_F","AGE_10YRBANDS_YGE65","2020",197.303,,,,"R1:3513"
"TUR","BA:622","EMP_TEMP_SEX_AGE_NB","SEX_T","AGE_5YRBANDS_YGE15","2020",26812.183,,,,"R1:3513"
"TUR","BA:622","EMP_TEMP_SEX_AGE_NB","SEX_T","AGE_5YRBANDS_Y15-19","2020",1109.85,,,,"R1:3513"
"TUR","BA:622","EMP_TEMP_SEX_AGE_NB","SEX_T","AGE_5YRBANDS_Y20-24","2020",2308.101,,,,"R1:3513"
"TUR","BA:622","EMP_TEMP_SEX_AGE_NB","SEX_T","AGE_5YRBANDS_Y25-29","2020",3342.06,,,,"R1:3513"
"TUR","BA:622","EMP_TEMP_SEX_AGE_NB","SEX_T","AGE_5YRBANDS_Y30-34","2020",3688.323,,,,"R1:3513"
"TUR","BA:622","EMP_TEMP_SEX_AGE_NB","SEX_T","AGE_5YRBANDS_Y35-39","2020",3990.466,,,,"R1:3513"
"TUR","BA:622","EMP_TEMP_SEX_AGE_NB","SEX_T","AGE_5YRBANDS_Y40-44","2020",3732.646,,,,"R1:3513"
"TUR","BA:622","EMP_TEMP_SEX_AGE_NB","SEX_T","AGE_5YRBANDS_Y45-49","2020",3191.017,,,,"R1:3513"
"TUR","BA:622","EMP_TEMP_SEX_AGE_NB","SEX_T","AGE_5YRBANDS_Y50-54","2020",2195.4,,,,"R1:3513"
"TUR","BA:622","EMP_TEMP_SEX_AGE_NB","SEX_T","AGE_5YRBANDS_Y55-59","2020",1582.983,,,,"R1:3513"
"TUR","BA:622","EMP_TEMP_SEX_AGE_NB","SEX_T","AGE_5YRBANDS_Y60-64","2020",917.575,,,,"R1:3513"
"TUR","BA:622","EMP_TEMP_SEX_AGE_NB","SEX_T","AGE_5YRBANDS_YGE65","2020",753.763,,,,"R1:3513"
"TUR","BA:622","EMP_TEMP_SEX_AGE_NB","SEX_M","AGE_5YRBANDS_YGE15","2020",18505.993,,,,"R1:3513"
"TUR","BA:622","EMP_TEMP_SEX_AGE_NB","SEX_M","AGE_5YRBANDS_Y15-19","2020",806.528,,,,"R1:3513"
"TUR","BA:622","EMP_TEMP_SEX_AGE_NB","SEX_M","AGE_5YRBANDS_Y20-24","2020",1509.437,,,,"R1:3513"
"TUR","BA:622","EMP_TEMP_SEX_AGE_NB","SEX_M","AGE_5YRBANDS_Y25-29","2020",2224.464,,,,"R1:3513"
"TUR","BA:622","EMP_TEMP_SEX_AGE_NB","SEX_M","AGE_5YRBANDS_Y30-34","2020",2560.354,,,,"R1:3513"
"TUR","BA:622","EMP_TEMP_SEX_AGE_NB","SEX_M","AGE_5YRBANDS_Y35-39","2020",2724.478,,,,"R1:3513"
"TUR","BA:622","EMP_TEMP_SEX_AGE_NB","SEX_M","AGE_5YRBANDS_Y40-44","2020",2539.814,,,,"R1:3513"
"TUR","BA:622","EMP_TEMP_SEX_AGE_NB","SEX_M","AGE_5YRBANDS_Y45-49","2020",2203.776,,,,"R1:3513"
"TUR","BA:622","EMP_TEMP_SEX_AGE_NB","SEX_M","AGE_5YRBANDS_Y50-54","2020",1559.552,,,,"R1:3513"
"TUR","BA:622","EMP_TEMP_SEX_AGE_NB","SEX_M","AGE_5YRBANDS_Y55-59","2020",1143.076,,,,"R1:3513"
"TUR","BA:622","EMP_TEMP_SEX_AGE_NB","SEX_M","AGE_5YRBANDS_Y60-64","2020",678.052,,,,"R1:3513"
"TUR","BA:622","EMP_TEMP_SEX_AGE_NB","SEX_M","AGE_5YRBANDS_YGE65","2020",556.46,,,,"R1:3513"
"TUR","BA:622","EMP_TEMP_SEX_AGE_NB","SEX_F","AGE_5YRBANDS_YGE15","2020",8306.19,,,,"R1:3513"
"TUR","BA:622","EMP_TEMP_SEX_AGE_NB","SEX_F","AGE_5YRBANDS_Y15-19","2020",303.321,,,,"R1:3513"
"TUR","BA:622","EMP_TEMP_SEX_AGE_NB","SEX_F","AGE_5YRBANDS_Y20-24","2020",798.664,,,,"R1:3513"
"TUR","BA:622","EMP_TEMP_SEX_AGE_NB","SEX_F","AGE_5YRBANDS_Y25-29","2020",1117.596,,,,"R1:3513"
"TUR","BA:622","EMP_TEMP_SEX_AGE_NB","SEX_F","AGE_5YRBANDS_Y30-34","2020",1127.969,,,,"R1:3513"
"TUR","BA:622","EMP_TEMP_SEX_AGE_NB","SEX_F","AGE_5YRBANDS_Y35-39","2020",1265.988,,,,"R1:3513"
"TUR","BA:622","EMP_TEMP_SEX_AGE_NB","SEX_F","AGE_5YRBANDS_Y40-44","2020",1192.832,,,,"R1:3513"
"TUR","BA:622","EMP_TEMP_SEX_AGE_NB","SEX_F","AGE_5YRBANDS_Y45-49","2020",987.24,,,,"R1:3513"
"TUR","BA:622","EMP_TEMP_SEX_AGE_NB","SEX_F","AGE_5YRBANDS_Y50-54","2020",635.848,,,,"R1:3513"
"TUR","BA:622","EMP_TEMP_SEX_AGE_NB","SEX_F","AGE_5YRBANDS_Y55-59","2020",439.907,,,,"R1:3513"
"TUR","BA:622","EMP_TEMP_SEX_AGE_NB","SEX_F","AGE_5YRBANDS_Y60-64","2020",239.524,,,,"R1:3513"
"TUR","BA:622","EMP_TEMP_SEX_AGE_NB","SEX_F","AGE_5YRBANDS_YGE65","2020",197.303,,,,"R1:3513"
"TUR","BA:622","EMP_TEMP_SEX_AGE_NB","SEX_T","AGE_YTHADULT_YGE15","2019",28079.693,,,,"R1:3513"
"TUR","BA:622","EMP_TEMP_SEX_AGE_NB","SEX_T","AGE_YTHADULT_Y15-64","2019",27229.668,,,,"R1:3513"
"TUR","BA:622","EMP_TEMP_SEX_AGE_NB","SEX_T","AGE_YTHADULT_Y15-24","2019",3865.599,,,,"R1:3513"
"TUR","BA:622","EMP_TEMP_SEX_AGE_NB","SEX_T","AGE_YTHADULT_YGE25","2019",24214.095,,,,"R1:3513"
"TUR","BA:622","EMP_TEMP_SEX_AGE_NB","SEX_M","AGE_YTHADULT_YGE15","2019",19155.567,,,,"R1:3513"
"TUR","BA:622","EMP_TEMP_SEX_AGE_NB","SEX_M","AGE_YTHADULT_Y15-64","2019",18531.089,,,,"R1:3513"
"TUR","BA:622","EMP_TEMP_SEX_AGE_NB","SEX_M","AGE_YTHADULT_Y15-24","2019",2563.564,,,,"R1:3513"
"TUR","BA:622","EMP_TEMP_SEX_AGE_NB","SEX_M","AGE_YTHADULT_YGE25","2019",16592.003,,,,"R1:3513"
"TUR","BA:622","EMP_TEMP_SEX_AGE_NB","SEX_F","AGE_YTHADULT_YGE15","2019",8924.126,,,,"R1:3513"
"TUR","BA:622","EMP_TEMP_SEX_AGE_NB","SEX_F","AGE_YTHADULT_Y15-64","2019",8698.579,,,,"R1:3513"
"TUR","BA:622","EMP_TEMP_SEX_AGE_NB","SEX_F","AGE_YTHADULT_Y15-24","2019",1302.034,,,,"R1:3513"
"TUR","BA:622","EMP_TEMP_SEX_AGE_NB","SEX_F","AGE_YTHADULT_YGE25","2019",7622.092,,,,"R1:3513"
"TUR","BA:622","EMP_TEMP_SEX_AGE_NB","SEX_T","AGE_AGGREGATE_YGE15","2019",28079.693,,,,"R1:3513"
"TUR","BA:622","EMP_TEMP_SEX_AGE_NB","SEX_T","AGE_AGGREGATE_Y15-24","2019",3865.599,,,,"R1:3513"
"TUR","BA:622","EMP_TEMP_SEX_AGE_NB","SEX_T","AGE_AGGREGATE_Y25-54","2019",20761.364,,,,"R1:3513"
"TUR","BA:622","EMP_TEMP_SEX_AGE_NB","SEX_T","AGE_AGGREGATE_Y55-64","2019",2602.705,,,,"R1:3513"
"TUR","BA:622","EMP_TEMP_SEX_AGE_NB","SEX_T","AGE_AGGREGATE_YGE65","2019",850.025,,,,"R1:3513"
"TUR","BA:622","EMP_TEMP_SEX_AGE_NB","SEX_M","AGE_AGGREGATE_YGE15","2019",19155.567,,,,"R1:3513"
"TUR","BA:622","EMP_TEMP_SEX_AGE_NB","SEX_M","AGE_AGGREGATE_Y15-24","2019",2563.564,,,,"R1:3513"
"TUR","BA:622","EMP_TEMP_SEX_AGE_NB","SEX_M","AGE_AGGREGATE_Y25-54","2019",14102.598,,,,"R1:3513"
"TUR","BA:622","EMP_TEMP_SEX_AGE_NB","SEX_M","AGE_AGGREGATE_Y55-64","2019",1864.927,,,,"R1:3513"
"TUR","BA:622","EMP_TEMP_SEX_AGE_NB","SEX_M","AGE_AGGREGATE_YGE65","2019",624.478,,,,"R1:3513"
"TUR","BA:622","EMP_TEMP_SEX_AGE_NB","SEX_F","AGE_AGGREGATE_YGE15","2019",8924.126,,,,"R1:3513"
"TUR","BA:622","EMP_TEMP_SEX_AGE_NB","SEX_F","AGE_AGGREGATE_Y15-24","2019",1302.034,,,,"R1:3513"
"TUR","BA:622","EMP_TEMP_SEX_AGE_NB","SEX_F","AGE_AGGREGATE_Y25-54","2019",6658.766,,,,"R1:3513"
"TUR","BA:622","EMP_TEMP_SEX_AGE_NB","SEX_F","AGE_AGGREGATE_Y55-64","2019",737.778,,,,"R1:3513"
"TUR","BA:622","EMP_TEMP_SEX_AGE_NB","SEX_F","AGE_AGGREGATE_YGE65","2019",225.547,,,,"R1:3513"
"TUR","BA:622","EMP_TEMP_SEX_AGE_NB","SEX_T","AGE_10YRBANDS_YGE15","2019",28079.693,,,,"R1:3513"
"TUR","BA:622","EMP_TEMP_SEX_AGE_NB","SEX_T","AGE_10YRBANDS_Y15-24","2019",3865.599,,,,"R1:3513"
"TUR","BA:622","EMP_TEMP_SEX_AGE_NB","SEX_T","AGE_10YRBANDS_Y25-34","2019",7358.888,,,,"R1:3513"
"TUR","BA:622","EMP_TEMP_SEX_AGE_NB","SEX_T","AGE_10YRBANDS_Y35-44","2019",7872.236,,,,"R1:3513"
"TUR","BA:622","EMP_TEMP_SEX_AGE_NB","SEX_T","AGE_10YRBANDS_Y45-54","2019",5530.239,,,,"R1:3513"
"TUR","BA:622","EMP_TEMP_SEX_AGE_NB","SEX_T","AGE_10YRBANDS_Y55-64","2019",2602.705,,,,"R1:3513"
"TUR","BA:622","EMP_TEMP_SEX_AGE_NB","SEX_T","AGE_10YRBANDS_YGE65","2019",850.025,,,,"R1:3513"
"TUR","BA:622","EMP_TEMP_SEX_AGE_NB","SEX_M","AGE_10YRBANDS_YGE15","2019",19155.567,,,,"R1:3513"
"TUR","BA:622","EMP_TEMP_SEX_AGE_NB","SEX_M","AGE_10YRBANDS_Y15-24","2019",2563.564,,,,"R1:3513"
"TUR","BA:622","EMP_TEMP_SEX_AGE_NB","SEX_M","AGE_10YRBANDS_Y25-34","2019",4936.77,,,,"R1:3513"
"TUR","BA:622","EMP_TEMP_SEX_AGE_NB","SEX_M","AGE_10YRBANDS_Y35-44","2019",5327.04,,,,"R1:3513"
"TUR","BA:622","EMP_TEMP_SEX_AGE_NB","SEX_M","AGE_10YRBANDS_Y45-54","2019",3838.788,,,,"R1:3513"
"TUR","BA:622","EMP_TEMP_SEX_AGE_NB","SEX_M","AGE_10YRBANDS_Y55-64","2019",1864.927,,,,"R1:3513"
"TUR","BA:622","EMP_TEMP_SEX_AGE_NB","SEX_M","AGE_10YRBANDS_YGE65","2019",624.478,,,,"R1:3513"
"TUR","BA:622","EMP_TEMP_SEX_AGE_NB","SEX_F","AGE_10YRBANDS_YGE15","2019",8924.126,,,,"R1:3513"
"TUR","BA:622","EMP_TEMP_SEX_AGE_NB","SEX_F","AGE_10YRBANDS_Y15-24","2019",1302.034,,,,"R1:3513"
"TUR","BA:622","EMP_TEMP_SEX_AGE_NB","SEX_F","AGE_10YRBANDS_Y25-34","2019",2422.118,,,,"R1:3513"
"TUR","BA:622","EMP_TEMP_SEX_AGE_NB","SEX_F","AGE_10YRBANDS_Y35-44","2019",2545.196,,,,"R1:3513"
"TUR","BA:622","EMP_TEMP_SEX_AGE_NB","SEX_F","AGE_10YRBANDS_Y45-54","2019",1691.451,,,,"R1:3513"
"TUR","BA:622","EMP_TEMP_SEX_AGE_NB","SEX_F","AGE_10YRBANDS_Y55-64","2019",737.778,,,,"R1:3513"
"TUR","BA:622","EMP_TEMP_SEX_AGE_NB","SEX_F","AGE_10YRBANDS_YGE65","2019",225.547,,,,"R1:3513"
"TUR","BA:622","EMP_TEMP_SEX_AGE_NB","SEX_T","AGE_5YRBANDS_YGE15","2019",28079.693,,,,"R1:3513"
"TUR","BA:622","EMP_TEMP_SEX_AGE_NB","SEX_T","AGE_5YRBANDS_Y15-19","2019",1384.87,,,,"R1:3513"
"TUR","BA:622","EMP_TEMP_SEX_AGE_NB","SEX_T","AGE_5YRBANDS_Y20-24","2019",2480.729,,,,"R1:3513"
"TUR","BA:622","EMP_TEMP_SEX_AGE_NB","SEX_T","AGE_5YRBANDS_Y25-29","2019",3487.941,,,,"R1:3513"
"TUR","BA:622","EMP_TEMP_SEX_AGE_NB","SEX_T","AGE_5YRBANDS_Y30-34","2019",3870.947,,,,"R1:3513"
"TUR","BA:622","EMP_TEMP_SEX_AGE_NB","SEX_T","AGE_5YRBANDS_Y35-39","2019",4137.386,,,,"R1:3513"
"TUR","BA:622","EMP_TEMP_SEX_AGE_NB","SEX_T","AGE_5YRBANDS_Y40-44","2019",3734.85,,,,"R1:3513"
"TUR","BA:622","EMP_TEMP_SEX_AGE_NB","SEX_T","AGE_5YRBANDS_Y45-49","2019",3217.919,,,,"R1:3513"
"TUR","BA:622","EMP_TEMP_SEX_AGE_NB","SEX_T","AGE_5YRBANDS_Y50-54","2019",2312.32,,,,"R1:3513"
"TUR","BA:622","EMP_TEMP_SEX_AGE_NB","SEX_T","AGE_5YRBANDS_Y55-59","2019",1630.043,,,,"R1:3513"
"TUR","BA:622","EMP_TEMP_SEX_AGE_NB","SEX_T","AGE_5YRBANDS_Y60-64","2019",972.662,,,,"R1:3513"
"TUR","BA:622","EMP_TEMP_SEX_AGE_NB","SEX_T","AGE_5YRBANDS_YGE65","2019",850.025,,,,"R1:3513"
"TUR","BA:622","EMP_TEMP_SEX_AGE_NB","SEX_M","AGE_5YRBANDS_YGE15","2019",19155.567,,,,"R1:3513"
"TUR","BA:622","EMP_TEMP_SEX_AGE_NB","SEX_M","AGE_5YRBANDS_Y15-19","2019",973.917,,,,"R1:3513"
"TUR","BA:622","EMP_TEMP_SEX_AGE_NB","SEX_M","AGE_5YRBANDS_Y20-24","2019",1589.647,,,,"R1:3513"
"TUR","BA:622","EMP_TEMP_SEX_AGE_NB","SEX_M","AGE_5YRBANDS_Y25-29","2019",2298.281,,,,"R1:3513"
"TUR","BA:622","EMP_TEMP_SEX_AGE_NB","SEX_M","AGE_5YRBANDS_Y30-34","2019",2638.489,,,,"R1:3513"
"TUR","BA:622","EMP_TEMP_SEX_AGE_NB","SEX_M","AGE_5YRBANDS_Y35-39","2019",2807.095,,,,"R1:3513"
"TUR","BA:622","EMP_TEMP_SEX_AGE_NB","SEX_M","AGE_5YRBANDS_Y40-44","2019",2519.945,,,,"R1:3513"
"TUR","BA:622","EMP_TEMP_SEX_AGE_NB","SEX_M","AGE_5YRBANDS_Y45-49","2019",2198.259,,,,"R1:3513"
"TUR","BA:622","EMP_TEMP_SEX_AGE_NB","SEX_M","AGE_5YRBANDS_Y50-54","2019",1640.529,,,,"R1:3513"
"TUR","BA:622","EMP_TEMP_SEX_AGE_NB","SEX_M","AGE_5YRBANDS_Y55-59","2019",1163.937,,,,"R1:3513"
"TUR","BA:622","EMP_TEMP_SEX_AGE_NB","SEX_M","AGE_5YRBANDS_Y60-64","2019",700.99,,,,"R1:3513"
"TUR","BA:622","EMP_TEMP_SEX_AGE_NB","SEX_M","AGE_5YRBANDS_YGE65","2019",624.478,,,,"R1:3513"
"TUR","BA:622","EMP_TEMP_SEX_AGE_NB","SEX_F","AGE_5YRBANDS_YGE15","2019",8924.126,,,,"R1:3513"
"TUR","BA:622","EMP_TEMP_SEX_AGE_NB","SEX_F","AGE_5YRBANDS_Y15-19","2019",410.952,,,,"R1:3513"
"TUR","BA:622","EMP_TEMP_SEX_AGE_NB","SEX_F","AGE_5YRBANDS_Y20-24","2019",891.082,,,,"R1:3513"
"TUR","BA:622","EMP_TEMP_SEX_AGE_NB","SEX_F","AGE_5YRBANDS_Y25-29","2019",1189.661,,,,"R1:3513"
"TUR","BA:622","EMP_TEMP_SEX_AGE_NB","SEX_F","AGE_5YRBANDS_Y30-34","2019",1232.458,,,,"R1:3513"
"TUR","BA:622","EMP_TEMP_SEX_AGE_NB","SEX_F","AGE_5YRBANDS_Y35-39","2019",1330.292,,,,"R1:3513"
"TUR","BA:622","EMP_TEMP_SEX_AGE_NB","SEX_F","AGE_5YRBANDS_Y40-44","2019",1214.905,,,,"R1:3513"
"TUR","BA:622","EMP_TEMP_SEX_AGE_NB","SEX_F","AGE_5YRBANDS_Y45-49","2019",1019.66,,,,"R1:3513"
"TUR","BA:622","EMP_TEMP_SEX_AGE_NB","SEX_F","AGE_5YRBANDS_Y50-54","2019",671.791,,,,"R1:3513"
"TUR","BA:622","EMP_TEMP_SEX_AGE_NB","SEX_F","AGE_5YRBANDS_Y55-59","2019",466.107,,,,"R1:3513"
"TUR","BA:622","EMP_TEMP_SEX_AGE_NB","SEX_F","AGE_5YRBANDS_Y60-64","2019",271.672,,,,"R1:3513"
"TUR","BA:622","EMP_TEMP_SEX_AGE_NB","SEX_F","AGE_5YRBANDS_YGE65","2019",225.547,,,,"R1:3513"
"TUR","BA:622","EMP_TEMP_SEX_AGE_NB","SEX_T","AGE_YTHADULT_YGE15","2018",28737.561,,,,"R1:3513"
"TUR","BA:622","EMP_TEMP_SEX_AGE_NB","SEX_T","AGE_YTHADULT_Y15-64","2018",27887.713,,,,"R1:3513"
"TUR","BA:622","EMP_TEMP_SEX_AGE_NB","SEX_T","AGE_YTHADULT_Y15-24","2018",4130.191,,,,"R1:3513"
"TUR","BA:622","EMP_TEMP_SEX_AGE_NB","SEX_T","AGE_YTHADULT_YGE25","2018",24607.37,,,,"R1:3513"
"TUR","BA:622","EMP_TEMP_SEX_AGE_NB","SEX_M","AGE_YTHADULT_YGE15","2018",19719.667,,,,"R1:3513"
"TUR","BA:622","EMP_TEMP_SEX_AGE_NB","SEX_M","AGE_YTHADULT_Y15-64","2018",19096.008,,,,"R1:3513"
"TUR","BA:622","EMP_TEMP_SEX_AGE_NB","SEX_M","AGE_YTHADULT_Y15-24","2018",2774.919,,,,"R1:3513"
"TUR","BA:622","EMP_TEMP_SEX_AGE_NB","SEX_M","AGE_YTHADULT_YGE25","2018",16944.748,,,,"R1:3513"
"TUR","BA:622","EMP_TEMP_SEX_AGE_NB","SEX_F","AGE_YTHADULT_YGE15","2018",9017.894,,,,"R1:3513"
"TUR","BA:622","EMP_TEMP_SEX_AGE_NB","SEX_F","AGE_YTHADULT_Y15-64","2018",8791.706,,,,"R1:3513"
"TUR","BA:622","EMP_TEMP_SEX_AGE_NB","SEX_F","AGE_YTHADULT_Y15-24","2018",1355.272,,,,"R1:3513"
"TUR","BA:622","EMP_TEMP_SEX_AGE_NB","SEX_F","AGE_YTHADULT_YGE25","2018",7662.622,,,,"R1:3513"
"TUR","BA:622","EMP_TEMP_SEX_AGE_NB","SEX_T","AGE_AGGREGATE_YGE15","2018",28737.561,,,,"R1:3513"
"TUR","BA:622","EMP_TEMP_SEX_AGE_NB","SEX_T","AGE_AGGREGATE_Y15-24","2018",4130.191,,,,"R1:3513"
"TUR","BA:622","EMP_TEMP_SEX_AGE_NB","SEX_T","AGE_AGGREGATE_Y25-54","2018",21131.729,,,,"R1:3513"
"TUR","BA:622","EMP_TEMP_SEX_AGE_NB","SEX_T","AGE_AGGREGATE_Y55-64","2018",2625.793,,,,"R1:3513"
"TUR","BA:622","EMP_TEMP_SEX_AGE_NB","SEX_T","AGE_AGGREGATE_YGE65","2018",849.848,,,,"R1:3513"
"TUR","BA:622","EMP_TEMP_SEX_AGE_NB","SEX_M","AGE_AGGREGATE_YGE15","2018",19719.667,,,,"R1:3513"
"TUR","BA:622","EMP_TEMP_SEX_AGE_NB","SEX_M","AGE_AGGREGATE_Y15-24","2018",2774.919,,,,"R1:3513"
"TUR","BA:622","EMP_TEMP_SEX_AGE_NB","SEX_M","AGE_AGGREGATE_Y25-54","2018",14435.555,,,,"R1:3513"
"TUR","BA:622","EMP_TEMP_SEX_AGE_NB","SEX_M","AGE_AGGREGATE_Y55-64","2018",1885.533,,,,"R1:3513"
"TUR","BA:622","EMP_TEMP_SEX_AGE_NB","SEX_M","AGE_AGGREGATE_YGE65","2018",623.659,,,,"R1:3513"
"TUR","BA:622","EMP_TEMP_SEX_AGE_NB","SEX_F","AGE_AGGREGATE_YGE15","2018",9017.894,,,,"R1:3513"
"TUR","BA:622","EMP_TEMP_SEX_AGE_NB","SEX_F","AGE_AGGREGATE_Y15-24","2018",1355.272,,,,"R1:3513"
"TUR","BA:622","EMP_TEMP_SEX_AGE_NB","SEX_F","AGE_AGGREGATE_Y25-54","2018",6696.174,,,,"R1:3513"
"TUR","BA:622","EMP_TEMP_SEX_AGE_NB","SEX_F","AGE_AGGREGATE_Y55-64","2018",740.259,,,,"R1:3513"
"TUR","BA:622","EMP_TEMP_SEX_AGE_NB","SEX_F","AGE_AGGREGATE_YGE65","2018",226.189,,,,"R1:3513"
"TUR","BA:622","EMP_TEMP_SEX_AGE_NB","SEX_T","AGE_10YRBANDS_YGE15","2018",28737.561,,,,"R1:3513"
"TUR","BA:622","EMP_TEMP_SEX_AGE_NB","SEX_T","AGE_10YRBANDS_Y15-24","2018",4130.191,,,,"R1:3513"
"TUR","BA:622","EMP_TEMP_SEX_AGE_NB","SEX_T","AGE_10YRBANDS_Y25-34","2018",7584.793,,,,"R1:3513"
"TUR","BA:622","EMP_TEMP_SEX_AGE_NB","SEX_T","AGE_10YRBANDS_Y35-44","2018",8039.276,,,,"R1:3513"
"TUR","BA:622","EMP_TEMP_SEX_AGE_NB","SEX_T","AGE_10YRBANDS_Y45-54","2018",5507.66,,,,"R1:3513"
"TUR","BA:622","EMP_TEMP_SEX_AGE_NB","SEX_T","AGE_10YRBANDS_Y55-64","2018",2625.793,,,,"R1:3513"
"TUR","BA:622","EMP_TEMP_SEX_AGE_NB","SEX_T","AGE_10YRBANDS_YGE65","2018",849.848,,,,"R1:3513"
"TUR","BA:622","EMP_TEMP_SEX_AGE_NB","SEX_M","AGE_10YRBANDS_YGE15","2018",19719.667,,,,"R1:3513"
"TUR","BA:622","EMP_TEMP_SEX_AGE_NB","SEX_M","AGE_10YRBANDS_Y15-24","2018",2774.919,,,,"R1:3513"
"TUR","BA:622","EMP_TEMP_SEX_AGE_NB","SEX_M","AGE_10YRBANDS_Y25-34","2018",5170.143,,,,"R1:3513"
"TUR","BA:622","EMP_TEMP_SEX_AGE_NB","SEX_M","AGE_10YRBANDS_Y35-44","2018",5442.34,,,,"R1:3513"
"TUR","BA:622","EMP_TEMP_SEX_AGE_NB","SEX_M","AGE_10YRBANDS_Y45-54","2018",3823.072,,,,"R1:3513"
"TUR","BA:622","EMP_TEMP_SEX_AGE_NB","SEX_M","AGE_10YRBANDS_Y55-64","2018",1885.533,,,,"R1:3513"
"TUR","BA:622","EMP_TEMP_SEX_AGE_NB","SEX_M","AGE_10YRBANDS_YGE65","2018",623.659,,,,"R1:3513"
"TUR","BA:622","EMP_TEMP_SEX_AGE_NB","SEX_F","AGE_10YRBANDS_YGE15","2018",9017.894,,,,"R1:3513"
"TUR","BA:622","EMP_TEMP_SEX_AGE_NB","SEX_F","AGE_10YRBANDS_Y15-24","2018",1355.272,,,,"R1:3513"
"TUR","BA:622","EMP_TEMP_SEX_AGE_NB","SEX_F","AGE_10YRBANDS_Y25-34","2018",2414.65,,,,"R1:3513"
"TUR","BA:622","EMP_TEMP_SEX_AGE_NB","SEX_F","AGE_10YRBANDS_Y35-44","2018",2596.936,,,,"R1:3513"
"TUR","BA:622","EMP_TEMP_SEX_AGE_NB","SEX_F","AGE_10YRBANDS_Y45-54","2018",1684.588,,,,"R1:3513"
"TUR","BA:622","EMP_TEMP_SEX_AGE_NB","SEX_F","AGE_10YRBANDS_Y55-64","2018",740.259,,,,"R1:3513"
"TUR","BA:622","EMP_TEMP_SEX_AGE_NB","SEX_F","AGE_10YRBANDS_YGE65","2018",226.189,,,,"R1:3513"
"TUR","BA:622","EMP_TEMP_SEX_AGE_NB","SEX_T","AGE_5YRBANDS_YGE15","2018",28737.561,,,,"R1:3513"
"TUR","BA:622","EMP_TEMP_SEX_AGE_NB","SEX_T","AGE_5YRBANDS_Y15-19","2018",1493.815,,,,"R1:3513"
"TUR","BA:622","EMP_TEMP_SEX_AGE_NB","SEX_T","AGE_5YRBANDS_Y20-24","2018",2636.376,,,,"R1:3513"
"TUR","BA:622","EMP_TEMP_SEX_AGE_NB","SEX_T","AGE_5YRBANDS_Y25-29","2018",3604.73,,,,"R1:3513"
"TUR","BA:622","EMP_TEMP_SEX_AGE_NB","SEX_T","AGE_5YRBANDS_Y30-34","2018",3980.063,,,,"R1:3513"
"TUR","BA:622","EMP_TEMP_SEX_AGE_NB","SEX_T","AGE_5YRBANDS_Y35-39","2018",4266.487,,,,"R1:3513"
"TUR","BA:622","EMP_TEMP_SEX_AGE_NB","SEX_T","AGE_5YRBANDS_Y40-44","2018",3772.789,,,,"R1:3513"
"TUR","BA:622","EMP_TEMP_SEX_AGE_NB","SEX_T","AGE_5YRBANDS_Y45-49","2018",3166.679,,,,"R1:3513"
"TUR","BA:622","EMP_TEMP_SEX_AGE_NB","SEX_T","AGE_5YRBANDS_Y50-54","2018",2340.981,,,,"R1:3513"
"TUR","BA:622","EMP_TEMP_SEX_AGE_NB","SEX_T","AGE_5YRBANDS_Y55-59","2018",1604.228,,,,"R1:3513"
"TUR","BA:622","EMP_TEMP_SEX_AGE_NB","SEX_T","AGE_5YRBANDS_Y60-64","2018",1021.565,,,,"R1:3513"
"TUR","BA:622","EMP_TEMP_SEX_AGE_NB","SEX_T","AGE_5YRBANDS_YGE65","2018",849.848,,,,"R1:3513"
"TUR","BA:622","EMP_TEMP_SEX_AGE_NB","SEX_M","AGE_5YRBANDS_YGE15","2018",19719.667,,,,"R1:3513"
"TUR","BA:622","EMP_TEMP_SEX_AGE_NB","SEX_M","AGE_5YRBANDS_Y15-19","2018",1069.028,,,,"R1:3513"
"TUR","BA:622","EMP_TEMP_SEX_AGE_NB","SEX_M","AGE_5YRBANDS_Y20-24","2018",1705.891,,,,"R1:3513"
"TUR","BA:622","EMP_TEMP_SEX_AGE_NB","SEX_M","AGE_5YRBANDS_Y25-29","2018",2422.687,,,,"R1:3513"
"TUR","BA:622","EMP_TEMP_SEX_AGE_NB","SEX_M","AGE_5YRBANDS_Y30-34","2018",2747.456,,,,"R1:3513"
"TUR","BA:622","EMP_TEMP_SEX_AGE_NB","SEX_M","AGE_5YRBANDS_Y35-39","2018",2889.31,,,,"R1:3513"
"TUR","BA:622","EMP_TEMP_SEX_AGE_NB","SEX_M","AGE_5YRBANDS_Y40-44","2018",2553.03,,,,"R1:3513"
"TUR","BA:622","EMP_TEMP_SEX_AGE_NB","SEX_M","AGE_5YRBANDS_Y45-49","2018",2168.87,,,,"R1:3513"
"TUR","BA:622","EMP_TEMP_SEX_AGE_NB","SEX_M","AGE_5YRBANDS_Y50-54","2018",1654.202,,,,"R1:3513"
"TUR","BA:622","EMP_TEMP_SEX_AGE_NB","SEX_M","AGE_5YRBANDS_Y55-59","2018",1157.592,,,,"R1:3513"
"TUR","BA:622","EMP_TEMP_SEX_AGE_NB","SEX_M","AGE_5YRBANDS_Y60-64","2018",727.941,,,,"R1:3513"
"TUR","BA:622","EMP_TEMP_SEX_AGE_NB","SEX_M","AGE_5YRBANDS_YGE65","2018",623.659,,,,"R1:3513"
"TUR","BA:622","EMP_TEMP_SEX_AGE_NB","SEX_F","AGE_5YRBANDS_YGE15","2018",9017.894,,,,"R1:3513"
"TUR","BA:622","EMP_TEMP_SEX_AGE_NB","SEX_F","AGE_5YRBANDS_Y15-19","2018",424.787,,,,"R1:3513"
"TUR","BA:622","EMP_TEMP_SEX_AGE_NB","SEX_F","AGE_5YRBANDS_Y20-24","2018",930.485,,,,"R1:3513"
"TUR","BA:622","EMP_TEMP_SEX_AGE_NB","SEX_F","AGE_5YRBANDS_Y25-29","2018",1182.043,,,,"R1:3513"
"TUR","BA:622","EMP_TEMP_SEX_AGE_NB","SEX_F","AGE_5YRBANDS_Y30-34","2018",1232.606,,,,"R1:3513"
"TUR","BA:622","EMP_TEMP_SEX_AGE_NB","SEX_F","AGE_5YRBANDS_Y35-39","2018",1377.178,,,,"R1:3513"
"TUR","BA:622","EMP_TEMP_SEX_AGE_NB","SEX_F","AGE_5YRBANDS_Y40-44","2018",1219.759,,,,"R1:3513"
"TUR","BA:622","EMP_TEMP_SEX_AGE_NB","SEX_F","AGE_5YRBANDS_Y45-49","2018",997.81,,,,"R1:3513"
"TUR","BA:622","EMP_TEMP_SEX_AGE_NB","SEX_F","AGE_5YRBANDS_Y50-54","2018",686.779,,,,"R1:3513"
"TUR","BA:622","EMP_TEMP_SEX_AGE_NB","SEX_F","AGE_5YRBANDS_Y55-59","2018",446.636,,,,"R1:3513"
"TUR","BA:622","EMP_TEMP_SEX_AGE_NB","SEX_F","AGE_5YRBANDS_Y60-64","2018",293.624,,,,"R1:3513"
"TUR","BA:622","EMP_TEMP_SEX_AGE_NB","SEX_F","AGE_5YRBANDS_YGE65","2018",226.189,,,,"R1:3513"
"TUR","BA:622","EMP_TEMP_SEX_AGE_NB","SEX_T","AGE_YTHADULT_YGE15","2017",28188.894,,,,"R1:3513"
"TUR","BA:622","EMP_TEMP_SEX_AGE_NB","SEX_T","AGE_YTHADULT_Y15-64","2017",27385.812,,,,"R1:3513"
"TUR","BA:622","EMP_TEMP_SEX_AGE_NB","SEX_T","AGE_YTHADULT_Y15-24","2017",4077.31,,,,"R1:3513"
"TUR","BA:622","EMP_TEMP_SEX_AGE_NB","SEX_T","AGE_YTHADULT_YGE25","2017",24111.584,,,,"R1:3513"
"TUR","BA:622","EMP_TEMP_SEX_AGE_NB","SEX_M","AGE_YTHADULT_YGE15","2017",19460.208,,,,"R1:3513"
"TUR","BA:622","EMP_TEMP_SEX_AGE_NB","SEX_M","AGE_YTHADULT_Y15-64","2017",18866.498,,,,"R1:3513"
"TUR","BA:622","EMP_TEMP_SEX_AGE_NB","SEX_M","AGE_YTHADULT_Y15-24","2017",2730.619,,,,"R1:3513"
"TUR","BA:622","EMP_TEMP_SEX_AGE_NB","SEX_M","AGE_YTHADULT_YGE25","2017",16729.589,,,,"R1:3513"
"TUR","BA:622","EMP_TEMP_SEX_AGE_NB","SEX_F","AGE_YTHADULT_YGE15","2017",8728.686,,,,"R1:3513"
"TUR","BA:622","EMP_TEMP_SEX_AGE_NB","SEX_F","AGE_YTHADULT_Y15-64","2017",8519.314,,,,"R1:3513"
"TUR","BA:622","EMP_TEMP_SEX_AGE_NB","SEX_F","AGE_YTHADULT_Y15-24","2017",1346.691,,,,"R1:3513"
"TUR","BA:622","EMP_TEMP_SEX_AGE_NB","SEX_F","AGE_YTHADULT_YGE25","2017",7381.995,,,,"R1:3513"
"TUR","BA:622","EMP_TEMP_SEX_AGE_NB","SEX_T","AGE_AGGREGATE_YGE15","2017",28188.894,,,,"R1:3513"
"TUR","BA:622","EMP_TEMP_SEX_AGE_NB","SEX_T","AGE_AGGREGATE_Y15-24","2017",4077.31,,,,"R1:3513"
"TUR","BA:622","EMP_TEMP_SEX_AGE_NB","SEX_T","AGE_AGGREGATE_Y25-54","2017",20836.681,,,,"R1:3513"
"TUR","BA:622","EMP_TEMP_SEX_AGE_NB","SEX_T","AGE_AGGREGATE_Y55-64","2017",2471.821,,,,"R1:3513"
"TUR","BA:622","EMP_TEMP_SEX_AGE_NB","SEX_T","AGE_AGGREGATE_YGE65","2017",803.082,,,,"R1:3513"
"TUR","BA:622","EMP_TEMP_SEX_AGE_NB","SEX_M","AGE_AGGREGATE_YGE15","2017",19460.208,,,,"R1:3513"
"TUR","BA:622","EMP_TEMP_SEX_AGE_NB","SEX_M","AGE_AGGREGATE_Y15-24","2017",2730.619,,,,"R1:3513"
"TUR","BA:622","EMP_TEMP_SEX_AGE_NB","SEX_M","AGE_AGGREGATE_Y25-54","2017",14342.595,,,,"R1:3513"
"TUR","BA:622","EMP_TEMP_SEX_AGE_NB","SEX_M","AGE_AGGREGATE_Y55-64","2017",1793.284,,,,"R1:3513"
"TUR","BA:622","EMP_TEMP_SEX_AGE_NB","SEX_M","AGE_AGGREGATE_YGE65","2017",593.71,,,,"R1:3513"
"TUR","BA:622","EMP_TEMP_SEX_AGE_NB","SEX_F","AGE_AGGREGATE_YGE15","2017",8728.686,,,,"R1:3513"
"TUR","BA:622","EMP_TEMP_SEX_AGE_NB","SEX_F","AGE_AGGREGATE_Y15-24","2017",1346.691,,,,"R1:3513"
"TUR","BA:622","EMP_TEMP_SEX_AGE_NB","SEX_F","AGE_AGGREGATE_Y25-54","2017",6494.086,,,,"R1:3513"
"TUR","BA:622","EMP_TEMP_SEX_AGE_NB","SEX_F","AGE_AGGREGATE_Y55-64","2017",678.537,,,,"R1:3513"
"TUR","BA:622","EMP_TEMP_SEX_AGE_NB","SEX_F","AGE_AGGREGATE_YGE65","2017",209.372,,,,"R1:3513"
"TUR","BA:622","EMP_TEMP_SEX_AGE_NB","SEX_T","AGE_10YRBANDS_YGE15","2017",28188.894,,,,"R1:3513"
"TUR","BA:622","EMP_TEMP_SEX_AGE_NB","SEX_T","AGE_10YRBANDS_Y15-24","2017",4077.31,,,,"R1:3513"
"TUR","BA:622","EMP_TEMP_SEX_AGE_NB","SEX_T","AGE_10YRBANDS_Y25-34","2017",7630.985,,,,"R1:3513"
"TUR","BA:622","EMP_TEMP_SEX_AGE_NB","SEX_T","AGE_10YRBANDS_Y35-44","2017",7908.252,,,,"R1:3513"
"TUR","BA:622","EMP_TEMP_SEX_AGE_NB","SEX_T","AGE_10YRBANDS_Y45-54","2017",5297.443,,,,"R1:3513"
"TUR","BA:622","EMP_TEMP_SEX_AGE_NB","SEX_T","AGE_10YRBANDS_Y55-64","2017",2471.821,,,,"R1:3513"
"TUR","BA:622","EMP_TEMP_SEX_AGE_NB","SEX_T","AGE_10YRBANDS_YGE65","2017",803.082,,,,"R1:3513"
"TUR","BA:622","EMP_TEMP_SEX_AGE_NB","SEX_M","AGE_10YRBANDS_YGE15","2017",19460.208,,,,"R1:3513"
"TUR","BA:622","EMP_TEMP_SEX_AGE_NB","SEX_M","AGE_10YRBANDS_Y15-24","2017",2730.619,,,,"R1:3513"
"TUR","BA:622","EMP_TEMP_SEX_AGE_NB","SEX_M","AGE_10YRBANDS_Y25-34","2017",5225.562,,,,"R1:3513"
"TUR","BA:622","EMP_TEMP_SEX_AGE_NB","SEX_M","AGE_10YRBANDS_Y35-44","2017",5389.229,,,,"R1:3513"
"TUR","BA:622","EMP_TEMP_SEX_AGE_NB","SEX_M","AGE_10YRBANDS_Y45-54","2017",3727.804,,,,"R1:3513"
"TUR","BA:622","EMP_TEMP_SEX_AGE_NB","SEX_M","AGE_10YRBANDS_Y55-64","2017",1793.284,,,,"R1:3513"
"TUR","BA:622","EMP_TEMP_SEX_AGE_NB","SEX_M","AGE_10YRBANDS_YGE65","2017",593.71,,,,"R1:3513"
"TUR","BA:622","EMP_TEMP_SEX_AGE_NB","SEX_F","AGE_10YRBANDS_YGE15","2017",8728.686,,,,"R1:3513"
"TUR","BA:622","EMP_TEMP_SEX_AGE_NB","SEX_F","AGE_10YRBANDS_Y15-24","2017",1346.691,,,,"R1:3513"
"TUR","BA:622","EMP_TEMP_SEX_AGE_NB","SEX_F","AGE_10YRBANDS_Y25-34","2017",2405.423,,,,"R1:3513"
"TUR","BA:622","EMP_TEMP_SEX_AGE_NB","SEX_F","AGE_10YRBANDS_Y35-44","2017",2519.023,,,,"R1:3513"
"TUR","BA:622","EMP_TEMP_SEX_AGE_NB","SEX_F","AGE_10YRBANDS_Y45-54","2017",1569.639,,,,"R1:3513"
"TUR","BA:622","EMP_TEMP_SEX_AGE_NB","SEX_F","AGE_10YRBANDS_Y55-64","2017",678.537,,,,"R1:3513"
"TUR","BA:622","EMP_TEMP_SEX_AGE_NB","SEX_F","AGE_10YRBANDS_YGE65","2017",209.372,,,,"R1:3513"
"TUR","BA:622","EMP_TEMP_SEX_AGE_NB","SEX_T","AGE_5YRBANDS_YGE15","2017",28188.894,,,,"R1:3513"
"TUR","BA:622","EMP_TEMP_SEX_AGE_NB","SEX_T","AGE_5YRBANDS_Y15-19","2017",1485.819,,,,"R1:3513"
"TUR","BA:622","EMP_TEMP_SEX_AGE_NB","SEX_T","AGE_5YRBANDS_Y20-24","2017",2591.491,,,,"R1:3513"
"TUR","BA:622","EMP_TEMP_SEX_AGE_NB","SEX_T","AGE_5YRBANDS_Y25-29","2017",3648.963,,,,"R1:3513"
"TUR","BA:622","EMP_TEMP_SEX_AGE_NB","SEX_T","AGE_5YRBANDS_Y30-34","2017",3982.021,,,,"R1:3513"
"TUR","BA:622","EMP_TEMP_SEX_AGE_NB","SEX_T","AGE_5YRBANDS_Y35-39","2017",4226.023,,,,"R1:3513"
"TUR","BA:622","EMP_TEMP_SEX_AGE_NB","SEX_T","AGE_5YRBANDS_Y40-44","2017",3682.23,,,,"R1:3513"
"TUR","BA:622","EMP_TEMP_SEX_AGE_NB","SEX_T","AGE_5YRBANDS_Y45-49","2017",2975.648,,,,"R1:3513"
"TUR","BA:622","EMP_TEMP_SEX_AGE_NB","SEX_T","AGE_5YRBANDS_Y50-54","2017",2321.796,,,,"R1:3513"
"TUR","BA:622","EMP_TEMP_SEX_AGE_NB","SEX_T","AGE_5YRBANDS_Y55-59","2017",1490.666,,,,"R1:3513"
"TUR","BA:622","EMP_TEMP_SEX_AGE_NB","SEX_T","AGE_5YRBANDS_Y60-64","2017",981.155,,,,"R1:3513"
"TUR","BA:622","EMP_TEMP_SEX_AGE_NB","SEX_T","AGE_5YRBANDS_YGE65","2017",803.082,,,,"R1:3513"
"TUR","BA:622","EMP_TEMP_SEX_AGE_NB","SEX_M","AGE_5YRBANDS_YGE15","2017",19460.208,,,,"R1:3513"
"TUR","BA:622","EMP_TEMP_SEX_AGE_NB","SEX_M","AGE_5YRBANDS_Y15-19","2017",1037.483,,,,"R1:3513"
"TUR","BA:622","EMP_TEMP_SEX_AGE_NB","SEX_M","AGE_5YRBANDS_Y20-24","2017",1693.136,,,,"R1:3513"
"TUR","BA:622","EMP_TEMP_SEX_AGE_NB","SEX_M","AGE_5YRBANDS_Y25-29","2017",2460.94,,,,"R1:3513"
"TUR","BA:622","EMP_TEMP_SEX_AGE_NB","SEX_M","AGE_5YRBANDS_Y30-34","2017",2764.622,,,,"R1:3513"
"TUR","BA:622","EMP_TEMP_SEX_AGE_NB","SEX_M","AGE_5YRBANDS_Y35-39","2017",2880.625,,,,"R1:3513"
"TUR","BA:622","EMP_TEMP_SEX_AGE_NB","SEX_M","AGE_5YRBANDS_Y40-44","2017",2508.604,,,,"R1:3513"
"TUR","BA:622","EMP_TEMP_SEX_AGE_NB","SEX_M","AGE_5YRBANDS_Y45-49","2017",2071.283,,,,"R1:3513"
"TUR","BA:622","EMP_TEMP_SEX_AGE_NB","SEX_M","AGE_5YRBANDS_Y50-54","2017",1656.521,,,,"R1:3513"
"TUR","BA:622","EMP_TEMP_SEX_AGE_NB","SEX_M","AGE_5YRBANDS_Y55-59","2017",1087.826,,,,"R1:3513"
"TUR","BA:622","EMP_TEMP_SEX_AGE_NB","SEX_M","AGE_5YRBANDS_Y60-64","2017",705.458,,,,"R1:3513"
"TUR","BA:622","EMP_TEMP_SEX_AGE_NB","SEX_M","AGE_5YRBANDS_YGE65","2017",593.71,,,,"R1:3513"
"TUR","BA:622","EMP_TEMP_SEX_AGE_NB","SEX_F","AGE_5YRBANDS_YGE15","2017",8728.686,,,,"R1:3513"
"TUR","BA:622","EMP_TEMP_SEX_AGE_NB","SEX_F","AGE_5YRBANDS_Y15-19","2017",448.336,,,,"R1:3513"
"TUR","BA:622","EMP_TEMP_SEX_AGE_NB","SEX_F","AGE_5YRBANDS_Y20-24","2017",898.355,,,,"R1:3513"
"TUR","BA:622","EMP_TEMP_SEX_AGE_NB","SEX_F","AGE_5YRBANDS_Y25-29","2017",1188.024,,,,"R1:3513"
"TUR","BA:622","EMP_TEMP_SEX_AGE_NB","SEX_F","AGE_5YRBANDS_Y30-34","2017",1217.4,,,,"R1:3513"
"TUR","BA:622","EMP_TEMP_SEX_AGE_NB","SEX_F","AGE_5YRBANDS_Y35-39","2017",1345.398,,,,"R1:3513"
"TUR","BA:622","EMP_TEMP_SEX_AGE_NB","SEX_F","AGE_5YRBANDS_Y40-44","2017",1173.625,,,,"R1:3513"
"TUR","BA:622","EMP_TEMP_SEX_AGE_NB","SEX_F","AGE_5YRBANDS_Y45-49","2017",904.365,,,,"R1:3513"
"TUR","BA:622","EMP_TEMP_SEX_AGE_NB","SEX_F","AGE_5YRBANDS_Y50-54","2017",665.274,,,,"R1:3513"
"TUR","BA:622","EMP_TEMP_SEX_AGE_NB","SEX_F","AGE_5YRBANDS_Y55-59","2017",402.84,,,,"R1:3513"
"TUR","BA:622","EMP_TEMP_SEX_AGE_NB","SEX_F","AGE_5YRBANDS_Y60-64","2017",275.697,,,,"R1:3513"
"TUR","BA:622","EMP_TEMP_SEX_AGE_NB","SEX_F","AGE_5YRBANDS_YGE65","2017",209.372,,,,"R1:3513"
"TUR","BA:622","EMP_TEMP_SEX_AGE_NB","SEX_T","AGE_YTHADULT_YGE15","2016",27205.161,,,,"R1:3513"
"TUR","BA:622","EMP_TEMP_SEX_AGE_NB","SEX_T","AGE_YTHADULT_Y15-64","2016",26462.098,,,,"R1:3513"
"TUR","BA:622","EMP_TEMP_SEX_AGE_NB","SEX_T","AGE_YTHADULT_Y15-24","2016",4039.863,,,,"R1:3513"
"TUR","BA:622","EMP_TEMP_SEX_AGE_NB","SEX_T","AGE_YTHADULT_YGE25","2016",23165.298,,,,"R1:3513"
"TUR","BA:622","EMP_TEMP_SEX_AGE_NB","SEX_M","AGE_YTHADULT_YGE15","2016",18892.861,,,,"R1:3513"
"TUR","BA:622","EMP_TEMP_SEX_AGE_NB","SEX_M","AGE_YTHADULT_Y15-64","2016",18348.572,,,,"R1:3513"
"TUR","BA:622","EMP_TEMP_SEX_AGE_NB","SEX_M","AGE_YTHADULT_Y15-24","2016",2675.063,,,,"R1:3513"
"TUR","BA:622","EMP_TEMP_SEX_AGE_NB","SEX_M","AGE_YTHADULT_YGE25","2016",16217.798,,,,"R1:3513"
"TUR","BA:622","EMP_TEMP_SEX_AGE_NB","SEX_F","AGE_YTHADULT_YGE15","2016",8312.299,,,,"R1:3513"
"TUR","BA:622","EMP_TEMP_SEX_AGE_NB","SEX_F","AGE_YTHADULT_Y15-64","2016",8113.526,,,,"R1:3513"
"TUR","BA:622","EMP_TEMP_SEX_AGE_NB","SEX_F","AGE_YTHADULT_Y15-24","2016",1364.8,,,,"R1:3513"
"TUR","BA:622","EMP_TEMP_SEX_AGE_NB","SEX_F","AGE_YTHADULT_YGE25","2016",6947.5,,,,"R1:3513"
"TUR","BA:622","EMP_TEMP_SEX_AGE_NB","SEX_T","AGE_AGGREGATE_YGE15","2016",27205.161,,,,"R1:3513"
"TUR","BA:622","EMP_TEMP_SEX_AGE_NB","SEX_T","AGE_AGGREGATE_Y15-24","2016",4039.863,,,,"R1:3513"
"TUR","BA:622","EMP_TEMP_SEX_AGE_NB","SEX_T","AGE_AGGREGATE_Y25-54","2016",20120.991,,,,"R1:3513"
"TUR","BA:622","EMP_TEMP_SEX_AGE_NB","SEX_T","AGE_AGGREGATE_Y55-64","2016",2301.245,,,,"R1:3513"
"TUR","BA:622","EMP_TEMP_SEX_AGE_NB","SEX_T","AGE_AGGREGATE_YGE65","2016",743.062,,,,"R1:3513"
"TUR","BA:622","EMP_TEMP_SEX_AGE_NB","SEX_M","AGE_AGGREGATE_YGE15","2016",18892.861,,,,"R1:3513"
"TUR","BA:622","EMP_TEMP_SEX_AGE_NB","SEX_M","AGE_AGGREGATE_Y15-24","2016",2675.063,,,,"R1:3513"
"TUR","BA:622","EMP_TEMP_SEX_AGE_NB","SEX_M","AGE_AGGREGATE_Y25-54","2016",14002.03,,,,"R1:3513"
"TUR","BA:622","EMP_TEMP_SEX_AGE_NB","SEX_M","AGE_AGGREGATE_Y55-64","2016",1671.479,,,,"R1:3513"
"TUR","BA:622","EMP_TEMP_SEX_AGE_NB","SEX_M","AGE_AGGREGATE_YGE65","2016",544.29,,,,"R1:3513"
"TUR","BA:622","EMP_TEMP_SEX_AGE_NB","SEX_F","AGE_AGGREGATE_YGE15","2016",8312.299,,,,"R1:3513"
"TUR","BA:622","EMP_TEMP_SEX_AGE_NB","SEX_F","AGE_AGGREGATE_Y15-24","2016",1364.8,,,,"R1:3513"
"TUR","BA:622","EMP_TEMP_SEX_AGE_NB","SEX_F","AGE_AGGREGATE_Y25-54","2016",6118.961,,,,"R1:3513"
"TUR","BA:622","EMP_TEMP_SEX_AGE_NB","SEX_F","AGE_AGGREGATE_Y55-64","2016",629.766,,,,"R1:3513"
"TUR","BA:622","EMP_TEMP_SEX_AGE_NB","SEX_F","AGE_AGGREGATE_YGE65","2016",198.773,,,,"R1:3513"
"TUR","BA:622","EMP_TEMP_SEX_AGE_NB","SEX_T","AGE_10YRBANDS_YGE15","2016",27205.161,,,,"R1:3513"
"TUR","BA:622","EMP_TEMP_SEX_AGE_NB","SEX_T","AGE_10YRBANDS_Y15-24","2016",4039.863,,,,"R1:3513"
"TUR","BA:622","EMP_TEMP_SEX_AGE_NB","SEX_T","AGE_10YRBANDS_Y25-34","2016",7556.434,,,,"R1:3513"
"TUR","BA:622","EMP_TEMP_SEX_AGE_NB","SEX_T","AGE_10YRBANDS_Y35-44","2016",7594.394,,,,"R1:3513"
"TUR","BA:622","EMP_TEMP_SEX_AGE_NB","SEX_T","AGE_10YRBANDS_Y45-54","2016",4970.163,,,,"R1:3513"
"TUR","BA:622","EMP_TEMP_SEX_AGE_NB","SEX_T","AGE_10YRBANDS_Y55-64","2016",2301.245,,,,"R1:3513"
"TUR","BA:622","EMP_TEMP_SEX_AGE_NB","SEX_T","AGE_10YRBANDS_YGE65","2016",743.062,,,,"R1:3513"
"TUR","BA:622","EMP_TEMP_SEX_AGE_NB","SEX_M","AGE_10YRBANDS_YGE15","2016",18892.861,,,,"R1:3513"
"TUR","BA:622","EMP_TEMP_SEX_AGE_NB","SEX_M","AGE_10YRBANDS_Y15-24","2016",2675.063,,,,"R1:3513"
"TUR","BA:622","EMP_TEMP_SEX_AGE_NB","SEX_M","AGE_10YRBANDS_Y25-34","2016",5225.897,,,,"R1:3513"
"TUR","BA:622","EMP_TEMP_SEX_AGE_NB","SEX_M","AGE_10YRBANDS_Y35-44","2016",5215.653,,,,"R1:3513"
"TUR","BA:622","EMP_TEMP_SEX_AGE_NB","SEX_M","AGE_10YRBANDS_Y45-54","2016",3560.48,,,,"R1:3513"
"TUR","BA:622","EMP_TEMP_SEX_AGE_NB","SEX_M","AGE_10YRBANDS_Y55-64","2016",1671.479,,,,"R1:3513"
"TUR","BA:622","EMP_TEMP_SEX_AGE_NB","SEX_M","AGE_10YRBANDS_YGE65","2016",544.29,,,,"R1:3513"
"TUR","BA:622","EMP_TEMP_SEX_AGE_NB","SEX_F","AGE_10YRBANDS_YGE15","2016",8312.299,,,,"R1:3513"
"TUR","BA:622","EMP_TEMP_SEX_AGE_NB","SEX_F","AGE_10YRBANDS_Y15-24","2016",1364.8,,,,"R1:3513"
"TUR","BA:622","EMP_TEMP_SEX_AGE_NB","SEX_F","AGE_10YRBANDS_Y25-34","2016",2330.537,,,,"R1:3513"
"TUR","BA:622","EMP_TEMP_SEX_AGE_NB","SEX_F","AGE_10YRBANDS_Y35-44","2016",2378.741,,,,"R1:3513"
"TUR","BA:622","EMP_TEMP_SEX_AGE_NB","SEX_F","AGE_10YRBANDS_Y45-54","2016",1409.683,,,,"R1:3513"
"TUR","BA:622","EMP_TEMP_SEX_AGE_NB","SEX_F","AGE_10YRBANDS_Y55-64","2016",629.766,,,,"R1:3513"
"TUR","BA:622","EMP_TEMP_SEX_AGE_NB","SEX_F","AGE_10YRBANDS_YGE65","2016",198.773,,,,"R1:3513"
"TUR","BA:622","EMP_TEMP_SEX_AGE_NB","SEX_T","AGE_5YRBANDS_YGE15","2016",27205.161,,,,"R1:3513"
"TUR","BA:622","EMP_TEMP_SEX_AGE_NB","SEX_T","AGE_5YRBANDS_Y15-19","2016",1489.285,,,,"R1:3513"
"TUR","BA:622","EMP_TEMP_SEX_AGE_NB","SEX_T","AGE_5YRBANDS_Y20-24","2016",2550.578,,,,"R1:3513"
"TUR","BA:622","EMP_TEMP_SEX_AGE_NB","SEX_T","AGE_5YRBANDS_Y25-29","2016",3578.807,,,,"R1:3513"
"TUR","BA:622","EMP_TEMP_SEX_AGE_NB","SEX_T","AGE_5YRBANDS_Y30-34","2016",3977.627,,,,"R1:3513"
"TUR","BA:622","EMP_TEMP_SEX_AGE_NB","SEX_T","AGE_5YRBANDS_Y35-39","2016",4044.313,,,,"R1:3513"
"TUR","BA:622","EMP_TEMP_SEX_AGE_NB","SEX_T","AGE_5YRBANDS_Y40-44","2016",3550.082,,,,"R1:3513"
"TUR","BA:622","EMP_TEMP_SEX_AGE_NB","SEX_T","AGE_5YRBANDS_Y45-49","2016",2765.491,,,,"R1:3513"
"TUR","BA:622","EMP_TEMP_SEX_AGE_NB","SEX_T","AGE_5YRBANDS_Y50-54","2016",2204.672,,,,"R1:3513"
"TUR","BA:622","EMP_TEMP_SEX_AGE_NB","SEX_T","AGE_5YRBANDS_Y55-59","2016",1390.292,,,,"R1:3513"
"TUR","BA:622","EMP_TEMP_SEX_AGE_NB","SEX_T","AGE_5YRBANDS_Y60-64","2016",910.953,,,,"R1:3513"
"TUR","BA:622","EMP_TEMP_SEX_AGE_NB","SEX_T","AGE_5YRBANDS_YGE65","2016",743.062,,,,"R1:3513"
"TUR","BA:622","EMP_TEMP_SEX_AGE_NB","SEX_M","AGE_5YRBANDS_YGE15","2016",18892.861,,,,"R1:3513"
"TUR","BA:622","EMP_TEMP_SEX_AGE_NB","SEX_M","AGE_5YRBANDS_Y15-19","2016",1011.818,,,,"R1:3513"
"TUR","BA:622","EMP_TEMP_SEX_AGE_NB","SEX_M","AGE_5YRBANDS_Y20-24","2016",1663.245,,,,"R1:3513"
"TUR","BA:622","EMP_TEMP_SEX_AGE_NB","SEX_M","AGE_5YRBANDS_Y25-29","2016",2439.992,,,,"R1:3513"
"TUR","BA:622","EMP_TEMP_SEX_AGE_NB","SEX_M","AGE_5YRBANDS_Y30-34","2016",2785.905,,,,"R1:3513"
"TUR","BA:622","EMP_TEMP_SEX_AGE_NB","SEX_M","AGE_5YRBANDS_Y35-39","2016",2788.485,,,,"R1:3513"
"TUR","BA:622","EMP_TEMP_SEX_AGE_NB","SEX_M","AGE_5YRBANDS_Y40-44","2016",2427.168,,,,"R1:3513"
"TUR","BA:622","EMP_TEMP_SEX_AGE_NB","SEX_M","AGE_5YRBANDS_Y45-49","2016",1966.48,,,,"R1:3513"
"TUR","BA:622","EMP_TEMP_SEX_AGE_NB","SEX_M","AGE_5YRBANDS_Y50-54","2016",1593.999,,,,"R1:3513"
"TUR","BA:622","EMP_TEMP_SEX_AGE_NB","SEX_M","AGE_5YRBANDS_Y55-59","2016",1014.472,,,,"R1:3513"
"TUR","BA:622","EMP_TEMP_SEX_AGE_NB","SEX_M","AGE_5YRBANDS_Y60-64","2016",657.006,,,,"R1:3513"
"TUR","BA:622","EMP_TEMP_SEX_AGE_NB","SEX_M","AGE_5YRBANDS_YGE65","2016",544.29,,,,"R1:3513"
"TUR","BA:622","EMP_TEMP_SEX_AGE_NB","SEX_F","AGE_5YRBANDS_YGE15","2016",8312.299,,,,"R1:3513"
"TUR","BA:622","EMP_TEMP_SEX_AGE_NB","SEX_F","AGE_5YRBANDS_Y15-19","2016",477.467,,,,"R1:3513"
"TUR","BA:622","EMP_TEMP_SEX_AGE_NB","SEX_F","AGE_5YRBANDS_Y20-24","2016",887.333,,,,"R1:3513"
"TUR","BA:622","EMP_TEMP_SEX_AGE_NB","SEX_F","AGE_5YRBANDS_Y25-29","2016",1138.815,,,,"R1:3513"
"TUR","BA:622","EMP_TEMP_SEX_AGE_NB","SEX_F","AGE_5YRBANDS_Y30-34","2016",1191.722,,,,"R1:3513"
"TUR","BA:622","EMP_TEMP_SEX_AGE_NB","SEX_F","AGE_5YRBANDS_Y35-39","2016",1255.828,,,,"R1:3513"
"TUR","BA:622","EMP_TEMP_SEX_AGE_NB","SEX_F","AGE_5YRBANDS_Y40-44","2016",1122.913,,,,"R1:3513"
"TUR","BA:622","EMP_TEMP_SEX_AGE_NB","SEX_F","AGE_5YRBANDS_Y45-49","2016",799.011,,,,"R1:3513"
"TUR","BA:622","EMP_TEMP_SEX_AGE_NB","SEX_F","AGE_5YRBANDS_Y50-54","2016",610.672,,,,"R1:3513"
"TUR","BA:622","EMP_TEMP_SEX_AGE_NB","SEX_F","AGE_5YRBANDS_Y55-59","2016",375.819,,,,"R1:3513"
"TUR","BA:622","EMP_TEMP_SEX_AGE_NB","SEX_F","AGE_5YRBANDS_Y60-64","2016",253.947,,,,"R1:3513"
"TUR","BA:622","EMP_TEMP_SEX_AGE_NB","SEX_F","AGE_5YRBANDS_YGE65","2016",198.773,,,,"R1:3513"
"TUR","BA:622","EMP_TEMP_SEX_AGE_NB","SEX_T","AGE_YTHADULT_YGE15","2015",26620.551,,,,"R1:3513"
"TUR","BA:622","EMP_TEMP_SEX_AGE_NB","SEX_T","AGE_YTHADULT_Y15-64","2015",25890.221,,,,"R1:3513"
"TUR","BA:622","EMP_TEMP_SEX_AGE_NB","SEX_T","AGE_YTHADULT_Y15-24","2015",4038.788,,,,"R1:3513"
"TUR","BA:622","EMP_TEMP_SEX_AGE_NB","SEX_T","AGE_YTHADULT_YGE25","2015",22581.763,,,,"R1:3513"
"TUR","BA:622","EMP_TEMP_SEX_AGE_NB","SEX_M","AGE_YTHADULT_YGE15","2015",18562.292,,,,"R1:3513"
"TUR","BA:622","EMP_TEMP_SEX_AGE_NB","SEX_M","AGE_YTHADULT_Y15-64","2015",18035.654,,,,"R1:3513"
"TUR","BA:622","EMP_TEMP_SEX_AGE_NB","SEX_M","AGE_YTHADULT_Y15-24","2015",2673.562,,,,"R1:3513"
"TUR","BA:622","EMP_TEMP_SEX_AGE_NB","SEX_M","AGE_YTHADULT_YGE25","2015",15888.73,,,,"R1:3513"
"TUR","BA:622","EMP_TEMP_SEX_AGE_NB","SEX_F","AGE_YTHADULT_YGE15","2015",8058.258,,,,"R1:3513"
"TUR","BA:622","EMP_TEMP_SEX_AGE_NB","SEX_F","AGE_YTHADULT_Y15-64","2015",7854.566,,,,"R1:3513"
"TUR","BA:622","EMP_TEMP_SEX_AGE_NB","SEX_F","AGE_YTHADULT_Y15-24","2015",1365.226,,,,"R1:3513"
"TUR","BA:622","EMP_TEMP_SEX_AGE_NB","SEX_F","AGE_YTHADULT_YGE25","2015",6693.032,,,,"R1:3513"
"TUR","BA:622","EMP_TEMP_SEX_AGE_NB","SEX_T","AGE_AGGREGATE_YGE15","2015",26620.551,,,,"R1:3513"
"TUR","BA:622","EMP_TEMP_SEX_AGE_NB","SEX_T","AGE_AGGREGATE_Y15-24","2015",4038.788,,,,"R1:3513"
"TUR","BA:622","EMP_TEMP_SEX_AGE_NB","SEX_T","AGE_AGGREGATE_Y25-54","2015",19741.607,,,,"R1:3513"
"TUR","BA:622","EMP_TEMP_SEX_AGE_NB","SEX_T","AGE_AGGREGATE_Y55-64","2015",2109.826,,,,"R1:3513"
"TUR","BA:622","EMP_TEMP_SEX_AGE_NB","SEX_T","AGE_AGGREGATE_YGE65","2015",730.33,,,,"R1:3513"
"TUR","BA:622","EMP_TEMP_SEX_AGE_NB","SEX_M","AGE_AGGREGATE_YGE15","2015",18562.292,,,,"R1:3513"
"TUR","BA:622","EMP_TEMP_SEX_AGE_NB","SEX_M","AGE_AGGREGATE_Y15-24","2015",2673.562,,,,"R1:3513"
"TUR","BA:622","EMP_TEMP_SEX_AGE_NB","SEX_M","AGE_AGGREGATE_Y25-54","2015",13844.451,,,,"R1:3513"
"TUR","BA:622","EMP_TEMP_SEX_AGE_NB","SEX_M","AGE_AGGREGATE_Y55-64","2015",1517.641,,,,"R1:3513"
"TUR","BA:622","EMP_TEMP_SEX_AGE_NB","SEX_M","AGE_AGGREGATE_YGE65","2015",526.638,,,,"R1:3513"
"TUR","BA:622","EMP_TEMP_SEX_AGE_NB","SEX_F","AGE_AGGREGATE_YGE15","2015",8058.258,,,,"R1:3513"
"TUR","BA:622","EMP_TEMP_SEX_AGE_NB","SEX_F","AGE_AGGREGATE_Y15-24","2015",1365.226,,,,"R1:3513"
"TUR","BA:622","EMP_TEMP_SEX_AGE_NB","SEX_F","AGE_AGGREGATE_Y25-54","2015",5897.156,,,,"R1:3513"
"TUR","BA:622","EMP_TEMP_SEX_AGE_NB","SEX_F","AGE_AGGREGATE_Y55-64","2015",592.184,,,,"R1:3513"
"TUR","BA:622","EMP_TEMP_SEX_AGE_NB","SEX_F","AGE_AGGREGATE_YGE65","2015",203.692,,,,"R1:3513"
"TUR","BA:622","EMP_TEMP_SEX_AGE_NB","SEX_T","AGE_10YRBANDS_YGE15","2015",26620.551,,,,"R1:3513"
"TUR","BA:622","EMP_TEMP_SEX_AGE_NB","SEX_T","AGE_10YRBANDS_Y15-24","2015",4038.788,,,,"R1:3513"
"TUR","BA:622","EMP_TEMP_SEX_AGE_NB","SEX_T","AGE_10YRBANDS_Y25-34","2015",7637.748,,,,"R1:3513"
"TUR","BA:622","EMP_TEMP_SEX_AGE_NB","SEX_T","AGE_10YRBANDS_Y35-44","2015",7325.329,,,,"R1:3513"
"TUR","BA:622","EMP_TEMP_SEX_AGE_NB","SEX_T","AGE_10YRBANDS_Y45-54","2015",4778.529,,,,"R1:3513"
"TUR","BA:622","EMP_TEMP_SEX_AGE_NB","SEX_T","AGE_10YRBANDS_Y55-64","2015",2109.826,,,,"R1:3513"
"TUR","BA:622","EMP_TEMP_SEX_AGE_NB","SEX_T","AGE_10YRBANDS_YGE65","2015",730.33,,,,"R1:3513"
"TUR","BA:622","EMP_TEMP_SEX_AGE_NB","SEX_M","AGE_10YRBANDS_YGE15","2015",18562.292,,,,"R1:3513"
"TUR","BA:622","EMP_TEMP_SEX_AGE_NB","SEX_M","AGE_10YRBANDS_Y15-24","2015",2673.562,,,,"R1:3513"
"TUR","BA:622","EMP_TEMP_SEX_AGE_NB","SEX_M","AGE_10YRBANDS_Y25-34","2015",5329.454,,,,"R1:3513"
"TUR","BA:622","EMP_TEMP_SEX_AGE_NB","SEX_M","AGE_10YRBANDS_Y35-44","2015",5073.967,,,,"R1:3513"
"TUR","BA:622","EMP_TEMP_SEX_AGE_NB","SEX_M","AGE_10YRBANDS_Y45-54","2015",3441.03,,,,"R1:3513"
"TUR","BA:622","EMP_TEMP_SEX_AGE_NB","SEX_M","AGE_10YRBANDS_Y55-64","2015",1517.641,,,,"R1:3513"
"TUR","BA:622","EMP_TEMP_SEX_AGE_NB","SEX_M","AGE_10YRBANDS_YGE65","2015",526.638,,,,"R1:3513"
"TUR","BA:622","EMP_TEMP_SEX_AGE_NB","SEX_F","AGE_10YRBANDS_YGE15","2015",8058.258,,,,"R1:3513"
"TUR","BA:622","EMP_TEMP_SEX_AGE_NB","SEX_F","AGE_10YRBANDS_Y15-24","2015",1365.226,,,,"R1:3513"
"TUR","BA:622","EMP_TEMP_SEX_AGE_NB","SEX_F","AGE_10YRBANDS_Y25-34","2015",2308.295,,,,"R1:3513"
"TUR","BA:622","EMP_TEMP_SEX_AGE_NB","SEX_F","AGE_10YRBANDS_Y35-44","2015",2251.363,,,,"R1:3513"
"TUR","BA:622","EMP_TEMP_SEX_AGE_NB","SEX_F","AGE_10YRBANDS_Y45-54","2015",1337.498,,,,"R1:3513"
"TUR","BA:622","EMP_TEMP_SEX_AGE_NB","SEX_F","AGE_10YRBANDS_Y55-64","2015",592.184,,,,"R1:3513"
"TUR","BA:622","EMP_TEMP_SEX_AGE_NB","SEX_F","AGE_10YRBANDS_YGE65","2015",203.692,,,,"R1:3513"
"TUR","BA:622","EMP_TEMP_SEX_AGE_NB","SEX_T","AGE_5YRBANDS_YGE15","2015",26620.551,,,,"R1:3513"
"TUR","BA:622","EMP_TEMP_SEX_AGE_NB","SEX_T","AGE_5YRBANDS_Y15-19","2015",1490.069,,,,"R1:3513"
"TUR","BA:622","EMP_TEMP_SEX_AGE_NB","SEX_T","AGE_5YRBANDS_Y20-24","2015",2548.719,,,,"R1:3513"
"TUR","BA:622","EMP_TEMP_SEX_AGE_NB","SEX_T","AGE_5YRBANDS_Y25-29","2015",3600.312,,,,"R1:3513"
"TUR","BA:622","EMP_TEMP_SEX_AGE_NB","SEX_T","AGE_5YRBANDS_Y30-34","2015",4037.437,,,,"R1:3513"
"TUR","BA:622","EMP_TEMP_SEX_AGE_NB","SEX_T","AGE_5YRBANDS_Y35-39","2015",3855.818,,,,"R1:3513"
"TUR","BA:622","EMP_TEMP_SEX_AGE_NB","SEX_T","AGE_5YRBANDS_Y40-44","2015",3469.511,,,,"R1:3513"
"TUR","BA:622","EMP_TEMP_SEX_AGE_NB","SEX_T","AGE_5YRBANDS_Y45-49","2015",2688.621,,,,"R1:3513"
"TUR","BA:622","EMP_TEMP_SEX_AGE_NB","SEX_T","AGE_5YRBANDS_Y50-54","2015",2089.907,,,,"R1:3513"
"TUR","BA:622","EMP_TEMP_SEX_AGE_NB","SEX_T","AGE_5YRBANDS_Y55-59","2015",1312.606,,,,"R1:3513"
"TUR","BA:622","EMP_TEMP_SEX_AGE_NB","SEX_T","AGE_5YRBANDS_Y60-64","2015",797.22,,,,"R1:3513"
"TUR","BA:622","EMP_TEMP_SEX_AGE_NB","SEX_T","AGE_5YRBANDS_YGE65","2015",730.33,,,,"R1:3513"
"TUR","BA:622","EMP_TEMP_SEX_AGE_NB","SEX_M","AGE_5YRBANDS_YGE15","2015",18562.292,,,,"R1:3513"
"TUR","BA:622","EMP_TEMP_SEX_AGE_NB","SEX_M","AGE_5YRBANDS_Y15-19","2015",1026.753,,,,"R1:3513"
"TUR","BA:622","EMP_TEMP_SEX_AGE_NB","SEX_M","AGE_5YRBANDS_Y20-24","2015",1646.809,,,,"R1:3513"
"TUR","BA:622","EMP_TEMP_SEX_AGE_NB","SEX_M","AGE_5YRBANDS_Y25-29","2015",2482.766,,,,"R1:3513"
"TUR","BA:622","EMP_TEMP_SEX_AGE_NB","SEX_M","AGE_5YRBANDS_Y30-34","2015",2846.688,,,,"R1:3513"
"TUR","BA:622","EMP_TEMP_SEX_AGE_NB","SEX_M","AGE_5YRBANDS_Y35-39","2015",2680.366,,,,"R1:3513"
"TUR","BA:622","EMP_TEMP_SEX_AGE_NB","SEX_M","AGE_5YRBANDS_Y40-44","2015",2393.6,,,,"R1:3513"
"TUR","BA:622","EMP_TEMP_SEX_AGE_NB","SEX_M","AGE_5YRBANDS_Y45-49","2015",1936.374,,,,"R1:3513"
"TUR","BA:622","EMP_TEMP_SEX_AGE_NB","SEX_M","AGE_5YRBANDS_Y50-54","2015",1504.656,,,,"R1:3513"
"TUR","BA:622","EMP_TEMP_SEX_AGE_NB","SEX_M","AGE_5YRBANDS_Y55-59","2015",943.958,,,,"R1:3513"
"TUR","BA:622","EMP_TEMP_SEX_AGE_NB","SEX_M","AGE_5YRBANDS_Y60-64","2015",573.683,,,,"R1:3513"
"TUR","BA:622","EMP_TEMP_SEX_AGE_NB","SEX_M","AGE_5YRBANDS_YGE65","2015",526.638,,,,"R1:3513"
"TUR","BA:622","EMP_TEMP_SEX_AGE_NB","SEX_F","AGE_5YRBANDS_YGE15","2015",8058.258,,,,"R1:3513"
"TUR","BA:622","EMP_TEMP_SEX_AGE_NB","SEX_F","AGE_5YRBANDS_Y15-19","2015",463.316,,,,"R1:3513"
"TUR","BA:622","EMP_TEMP_SEX_AGE_NB","SEX_F","AGE_5YRBANDS_Y20-24","2015",901.91,,,,"R1:3513"
"TUR","BA:622","EMP_TEMP_SEX_AGE_NB","SEX_F","AGE_5YRBANDS_Y25-29","2015",1117.545,,,,"R1:3513"
"TUR","BA:622","EMP_TEMP_SEX_AGE_NB","SEX_F","AGE_5YRBANDS_Y30-34","2015",1190.749,,,,"R1:3513"
"TUR","BA:622","EMP_TEMP_SEX_AGE_NB","SEX_F","AGE_5YRBANDS_Y35-39","2015",1175.452,,,,"R1:3513"
"TUR","BA:622","EMP_TEMP_SEX_AGE_NB","SEX_F","AGE_5YRBANDS_Y40-44","2015",1075.911,,,,"R1:3513"
"TUR","BA:622","EMP_TEMP_SEX_AGE_NB","SEX_F","AGE_5YRBANDS_Y45-49","2015",752.247,,,,"R1:3513"
"TUR","BA:622","EMP_TEMP_SEX_AGE_NB","SEX_F","AGE_5YRBANDS_Y50-54","2015",585.252,,,,"R1:3513"
"TUR","BA:622","EMP_TEMP_SEX_AGE_NB","SEX_F","AGE_5YRBANDS_Y55-59","2015",368.648,,,,"R1:3513"
"TUR","BA:622","EMP_TEMP_SEX_AGE_NB","SEX_F","AGE_5YRBANDS_Y60-64","2015",223.536,,,,"R1:3513"
"TUR","BA:622","EMP_TEMP_SEX_AGE_NB","SEX_F","AGE_5YRBANDS_YGE65","2015",203.692,,,,"R1:3513"
"TUR","BA:622","EMP_TEMP_SEX_AGE_NB","SEX_T","AGE_YTHADULT_YGE15","2014",25932.59,,,,"R1:3513"
"TUR","BA:622","EMP_TEMP_SEX_AGE_NB","SEX_T","AGE_YTHADULT_Y15-64","2014",25258.892,,,,"R1:3513"
"TUR","BA:622","EMP_TEMP_SEX_AGE_NB","SEX_T","AGE_YTHADULT_Y15-24","2014",3930.264,,,,"R1:3513"
"TUR","BA:622","EMP_TEMP_SEX_AGE_NB","SEX_T","AGE_YTHADULT_YGE25","2014",22002.326,,,,"R1:3513"
"TUR","BA:622","EMP_TEMP_SEX_AGE_NB","SEX_M","AGE_YTHADULT_YGE15","2014",18243.915,,,,"R1:3513"
"TUR","BA:622","EMP_TEMP_SEX_AGE_NB","SEX_M","AGE_YTHADULT_Y15-64","2014",17751.598,,,,"R1:3513"
"TUR","BA:622","EMP_TEMP_SEX_AGE_NB","SEX_M","AGE_YTHADULT_Y15-24","2014",2639.462,,,,"R1:3513"
"TUR","BA:622","EMP_TEMP_SEX_AGE_NB","SEX_M","AGE_YTHADULT_YGE25","2014",15604.452,,,,"R1:3513"
"TUR","BA:622","EMP_TEMP_SEX_AGE_NB","SEX_F","AGE_YTHADULT_YGE15","2014",7688.675,,,,"R1:3513"
"TUR","BA:622","EMP_TEMP_SEX_AGE_NB","SEX_F","AGE_YTHADULT_Y15-64","2014",7507.294,,,,"R1:3513"
"TUR","BA:622","EMP_TEMP_SEX_AGE_NB","SEX_F","AGE_YTHADULT_Y15-24","2014",1290.801,,,,"R1:3513"
"TUR","BA:622","EMP_TEMP_SEX_AGE_NB","SEX_F","AGE_YTHADULT_YGE25","2014",6397.874,,,,"R1:3513"
"TUR","BA:622","EMP_TEMP_SEX_AGE_NB","SEX_T","AGE_AGGREGATE_YGE15","2014",25932.59,,,,"R1:3513"
"TUR","BA:622","EMP_TEMP_SEX_AGE_NB","SEX_T","AGE_AGGREGATE_Y15-24","2014",3930.264,,,,"R1:3513"
"TUR","BA:622","EMP_TEMP_SEX_AGE_NB","SEX_T","AGE_AGGREGATE_Y25-54","2014",19321.125,,,,"R1:3513"
"TUR","BA:622","EMP_TEMP_SEX_AGE_NB","SEX_T","AGE_AGGREGATE_Y55-64","2014",2007.504,,,,"R1:3513"
"TUR","BA:622","EMP_TEMP_SEX_AGE_NB","SEX_T","AGE_AGGREGATE_YGE65","2014",673.698,,,,"R1:3513"
"TUR","BA:622","EMP_TEMP_SEX_AGE_NB","SEX_M","AGE_AGGREGATE_YGE15","2014",18243.915,,,,"R1:3513"
"TUR","BA:622","EMP_TEMP_SEX_AGE_NB","SEX_M","AGE_AGGREGATE_Y15-24","2014",2639.462,,,,"R1:3513"
"TUR","BA:622","EMP_TEMP_SEX_AGE_NB","SEX_M","AGE_AGGREGATE_Y25-54","2014",13671.965,,,,"R1:3513"
"TUR","BA:622","EMP_TEMP_SEX_AGE_NB","SEX_M","AGE_AGGREGATE_Y55-64","2014",1440.171,,,,"R1:3513"
"TUR","BA:622","EMP_TEMP_SEX_AGE_NB","SEX_M","AGE_AGGREGATE_YGE65","2014",492.317,,,,"R1:3513"
"TUR","BA:622","EMP_TEMP_SEX_AGE_NB","SEX_F","AGE_AGGREGATE_YGE15","2014",7688.675,,,,"R1:3513"
"TUR","BA:622","EMP_TEMP_SEX_AGE_NB","SEX_F","AGE_AGGREGATE_Y15-24","2014",1290.801,,,,"R1:3513"
"TUR","BA:622","EMP_TEMP_SEX_AGE_NB","SEX_F","AGE_AGGREGATE_Y25-54","2014",5649.16,,,,"R1:3513"
"TUR","BA:622","EMP_TEMP_SEX_AGE_NB","SEX_F","AGE_AGGREGATE_Y55-64","2014",567.333,,,,"R1:3513"
"TUR","BA:622","EMP_TEMP_SEX_AGE_NB","SEX_F","AGE_AGGREGATE_YGE65","2014",181.381,,,,"R1:3513"
"TUR","BA:622","EMP_TEMP_SEX_AGE_NB","SEX_T","AGE_10YRBANDS_YGE15","2014",25932.59,,,,"R1:3513"
"TUR","BA:622","EMP_TEMP_SEX_AGE_NB","SEX_T","AGE_10YRBANDS_Y15-24","2014",3930.264,,,,"R1:3513"
"TUR","BA:622","EMP_TEMP_SEX_AGE_NB","SEX_T","AGE_10YRBANDS_Y25-34","2014",7644.49,,,,"R1:3513"
"TUR","BA:622","EMP_TEMP_SEX_AGE_NB","SEX_T","AGE_10YRBANDS_Y35-44","2014",7075.978,,,,"R1:3513"
"TUR","BA:622","EMP_TEMP_SEX_AGE_NB","SEX_T","AGE_10YRBANDS_Y45-54","2014",4600.656,,,,"R1:3513"
"TUR","BA:622","EMP_TEMP_SEX_AGE_NB","SEX_T","AGE_10YRBANDS_Y55-64","2014",2007.504,,,,"R1:3513"
"TUR","BA:622","EMP_TEMP_SEX_AGE_NB","SEX_T","AGE_10YRBANDS_YGE65","2014",673.698,,,,"R1:3513"
"TUR","BA:622","EMP_TEMP_SEX_AGE_NB","SEX_M","AGE_10YRBANDS_YGE15","2014",18243.915,,,,"R1:3513"
"TUR","BA:622","EMP_TEMP_SEX_AGE_NB","SEX_M","AGE_10YRBANDS_Y15-24","2014",2639.462,,,,"R1:3513"
"TUR","BA:622","EMP_TEMP_SEX_AGE_NB","SEX_M","AGE_10YRBANDS_Y25-34","2014",5344.934,,,,"R1:3513"
"TUR","BA:622","EMP_TEMP_SEX_AGE_NB","SEX_M","AGE_10YRBANDS_Y35-44","2014",4982.768,,,,"R1:3513"
"TUR","BA:622","EMP_TEMP_SEX_AGE_NB","SEX_M","AGE_10YRBANDS_Y45-54","2014",3344.263,,,,"R1:3513"
"TUR","BA:622","EMP_TEMP_SEX_AGE_NB","SEX_M","AGE_10YRBANDS_Y55-64","2014",1440.171,,,,"R1:3513"
"TUR","BA:622","EMP_TEMP_SEX_AGE_NB","SEX_M","AGE_10YRBANDS_YGE65","2014",492.317,,,,"R1:3513"
"TUR","BA:622","EMP_TEMP_SEX_AGE_NB","SEX_F","AGE_10YRBANDS_YGE15","2014",7688.675,,,,"R1:3513"
"TUR","BA:622","EMP_TEMP_SEX_AGE_NB","SEX_F","AGE_10YRBANDS_Y15-24","2014",1290.801,,,,"R1:3513"
"TUR","BA:622","EMP_TEMP_SEX_AGE_NB","SEX_F","AGE_10YRBANDS_Y25-34","2014",2299.556,,,,"R1:3513"
"TUR","BA:622","EMP_TEMP_SEX_AGE_NB","SEX_F","AGE_10YRBANDS_Y35-44","2014",2093.211,,,,"R1:3513"
"TUR","BA:622","EMP_TEMP_SEX_AGE_NB","SEX_F","AGE_10YRBANDS_Y45-54","2014",1256.393,,,,"R1:3513"
"TUR","BA:622","EMP_TEMP_SEX_AGE_NB","SEX_F","AGE_10YRBANDS_Y55-64","2014",567.333,,,,"R1:3513"
"TUR","BA:622","EMP_TEMP_SEX_AGE_NB","SEX_F","AGE_10YRBANDS_YGE65","2014",181.381,,,,"R1:3513"
"TUR","BA:622","EMP_TEMP_SEX_AGE_NB","SEX_T","AGE_5YRBANDS_YGE15","2014",25932.59,,,,"R1:3513"
"TUR","BA:622","EMP_TEMP_SEX_AGE_NB","SEX_T","AGE_5YRBANDS_Y15-19","2014",1459.996,,,,"R1:3513"
"TUR","BA:622","EMP_TEMP_SEX_AGE_NB","SEX_T","AGE_5YRBANDS_Y20-24","2014",2470.268,,,,"R1:3513"
"TUR","BA:622","EMP_TEMP_SEX_AGE_NB","SEX_T","AGE_5YRBANDS_Y25-29","2014",3594.388,,,,"R1:3513"
"TUR","BA:622","EMP_TEMP_SEX_AGE_NB","SEX_T","AGE_5YRBANDS_Y30-34","2014",4050.102,,,,"R1:3513"
"TUR","BA:622","EMP_TEMP_SEX_AGE_NB","SEX_T","AGE_5YRBANDS_Y35-39","2014",3711.222,,,,"R1:3513"
"TUR","BA:622","EMP_TEMP_SEX_AGE_NB","SEX_T","AGE_5YRBANDS_Y40-44","2014",3364.757,,,,"R1:3513"
"TUR","BA:622","EMP_TEMP_SEX_AGE_NB","SEX_T","AGE_5YRBANDS_Y45-49","2014",2669.58,,,,"R1:3513"
"TUR","BA:622","EMP_TEMP_SEX_AGE_NB","SEX_T","AGE_5YRBANDS_Y50-54","2014",1931.076,,,,"R1:3513"
"TUR","BA:622","EMP_TEMP_SEX_AGE_NB","SEX_T","AGE_5YRBANDS_Y55-59","2014",1247.806,,,,"R1:3513"
"TUR","BA:622","EMP_TEMP_SEX_AGE_NB","SEX_T","AGE_5YRBANDS_Y60-64","2014",759.698,,,,"R1:3513"
"TUR","BA:622","EMP_TEMP_SEX_AGE_NB","SEX_T","AGE_5YRBANDS_YGE65","2014",673.698,,,,"R1:3513"
"TUR","BA:622","EMP_TEMP_SEX_AGE_NB","SEX_M","AGE_5YRBANDS_YGE15","2014",18243.915,,,,"R1:3513"
"TUR","BA:622","EMP_TEMP_SEX_AGE_NB","SEX_M","AGE_5YRBANDS_Y15-19","2014",1024.352,,,,"R1:3513"
"TUR","BA:622","EMP_TEMP_SEX_AGE_NB","SEX_M","AGE_5YRBANDS_Y20-24","2014",1615.111,,,,"R1:3513"
"TUR","BA:622","EMP_TEMP_SEX_AGE_NB","SEX_M","AGE_5YRBANDS_Y25-29","2014",2483.377,,,,"R1:3513"
"TUR","BA:622","EMP_TEMP_SEX_AGE_NB","SEX_M","AGE_5YRBANDS_Y30-34","2014",2861.557,,,,"R1:3513"
"TUR","BA:622","EMP_TEMP_SEX_AGE_NB","SEX_M","AGE_5YRBANDS_Y35-39","2014",2621.003,,,,"R1:3513"
"TUR","BA:622","EMP_TEMP_SEX_AGE_NB","SEX_M","AGE_5YRBANDS_Y40-44","2014",2361.765,,,,"R1:3513"
"TUR","BA:622","EMP_TEMP_SEX_AGE_NB","SEX_M","AGE_5YRBANDS_Y45-49","2014",1943.199,,,,"R1:3513"
"TUR","BA:622","EMP_TEMP_SEX_AGE_NB","SEX_M","AGE_5YRBANDS_Y50-54","2014",1401.064,,,,"R1:3513"
"TUR","BA:622","EMP_TEMP_SEX_AGE_NB","SEX_M","AGE_5YRBANDS_Y55-59","2014",894.28,,,,"R1:3513"
"TUR","BA:622","EMP_TEMP_SEX_AGE_NB","SEX_M","AGE_5YRBANDS_Y60-64","2014",545.891,,,,"R1:3513"
"TUR","BA:622","EMP_TEMP_SEX_AGE_NB","SEX_M","AGE_5YRBANDS_YGE65","2014",492.317,,,,"R1:3513"
"TUR","BA:622","EMP_TEMP_SEX_AGE_NB","SEX_F","AGE_5YRBANDS_YGE15","2014",7688.675,,,,"R1:3513"
"TUR","BA:622","EMP_TEMP_SEX_AGE_NB","SEX_F","AGE_5YRBANDS_Y15-19","2014",435.644,,,,"R1:3513"
"TUR","BA:622","EMP_TEMP_SEX_AGE_NB","SEX_F","AGE_5YRBANDS_Y20-24","2014",855.157,,,,"R1:3513"
"TUR","BA:622","EMP_TEMP_SEX_AGE_NB","SEX_F","AGE_5YRBANDS_Y25-29","2014",1111.011,,,,"R1:3513"
"TUR","BA:622","EMP_TEMP_SEX_AGE_NB","SEX_F","AGE_5YRBANDS_Y30-34","2014",1188.545,,,,"R1:3513"
"TUR","BA:622","EMP_TEMP_SEX_AGE_NB","SEX_F","AGE_5YRBANDS_Y35-39","2014",1090.219,,,,"R1:3513"
"TUR","BA:622","EMP_TEMP_SEX_AGE_NB","SEX_F","AGE_5YRBANDS_Y40-44","2014",1002.992,,,,"R1:3513"
"TUR","BA:622","EMP_TEMP_SEX_AGE_NB","SEX_F","AGE_5YRBANDS_Y45-49","2014",726.381,,,,"R1:3513"
"TUR","BA:622","EMP_TEMP_SEX_AGE_NB","SEX_F","AGE_5YRBANDS_Y50-54","2014",530.012,,,,"R1:3513"
"TUR","BA:622","EMP_TEMP_SEX_AGE_NB","SEX_F","AGE_5YRBANDS_Y55-59","2014",353.526,,,,"R1:3513"
"TUR","BA:622","EMP_TEMP_SEX_AGE_NB","SEX_F","AGE_5YRBANDS_Y60-64","2014",213.807,,,,"R1:3513"
"TUR","BA:622","EMP_TEMP_SEX_AGE_NB","SEX_F","AGE_5YRBANDS_YGE65","2014",181.381,,,,"R1:3513"
"TUR","BA:622","EMP_TEMP_SEX_AGE_NB","SEX_T","AGE_YTHADULT_YGE15","2013",25523.641,,,,"R1:3513"
"TUR","BA:622","EMP_TEMP_SEX_AGE_NB","SEX_T","AGE_YTHADULT_Y15-64","2013",24859.783,,,,"R1:3513"
"TUR","BA:622","EMP_TEMP_SEX_AGE_NB","SEX_T","AGE_YTHADULT_Y15-24","2013",3727.291,,,,"R1:3513"
"TUR","BA:622","EMP_TEMP_SEX_AGE_NB","SEX_T","AGE_YTHADULT_YGE25","2013",21796.35,,,,"R1:3513"
"TUR","BA:622","EMP_TEMP_SEX_AGE_NB","SEX_M","AGE_YTHADULT_YGE15","2013",17882.54,,,,"R1:3513"
"TUR","BA:622","EMP_TEMP_SEX_AGE_NB","SEX_M","AGE_YTHADULT_Y15-64","2013",17407.572,,,,"R1:3513"
"TUR","BA:622","EMP_TEMP_SEX_AGE_NB","SEX_M","AGE_YTHADULT_Y15-24","2013",2475.606,,,,"R1:3513"
"TUR","BA:622","EMP_TEMP_SEX_AGE_NB","SEX_M","AGE_YTHADULT_YGE25","2013",15406.934,,,,"R1:3513"
"TUR","BA:622","EMP_TEMP_SEX_AGE_NB","SEX_F","AGE_YTHADULT_YGE15","2013",7641.101,,,,"R1:3513"
"TUR","BA:622","EMP_TEMP_SEX_AGE_NB","SEX_F","AGE_YTHADULT_Y15-64","2013",7452.211,,,,"R1:3513"
"TUR","BA:622","EMP_TEMP_SEX_AGE_NB","SEX_F","AGE_YTHADULT_Y15-24","2013",1251.686,,,,"R1:3513"
"TUR","BA:622","EMP_TEMP_SEX_AGE_NB","SEX_F","AGE_YTHADULT_YGE25","2013",6389.416,,,,"R1:3513"
"TUR","BA:622","EMP_TEMP_SEX_AGE_NB","SEX_T","AGE_AGGREGATE_YGE15","2013",25523.641,,,,"R1:3513"
"TUR","BA:622","EMP_TEMP_SEX_AGE_NB","SEX_T","AGE_AGGREGATE_Y15-24","2013",3727.291,,,,"R1:3513"
"TUR","BA:622","EMP_TEMP_SEX_AGE_NB","SEX_T","AGE_AGGREGATE_Y25-54","2013",19198.487,,,,"R1:3513"
"TUR","BA:622","EMP_TEMP_SEX_AGE_NB","SEX_T","AGE_AGGREGATE_Y55-64","2013",1934.004,,,,"R1:3513"
"TUR","BA:622","EMP_TEMP_SEX_AGE_NB","SEX_T","AGE_AGGREGATE_YGE65","2013",663.859,,,,"R1:3513"
"TUR","BA:622","EMP_TEMP_SEX_AGE_NB","SEX_M","AGE_AGGREGATE_YGE15","2013",17882.54,,,,"R1:3513"
"TUR","BA:622","EMP_TEMP_SEX_AGE_NB","SEX_M","AGE_AGGREGATE_Y15-24","2013",2475.606,,,,"R1:3513"
"TUR","BA:622","EMP_TEMP_SEX_AGE_NB","SEX_M","AGE_AGGREGATE_Y25-54","2013",13568.915,,,,"R1:3513"
"TUR","BA:622","EMP_TEMP_SEX_AGE_NB","SEX_M","AGE_AGGREGATE_Y55-64","2013",1363.051,,,,"R1:3513"
"TUR","BA:622","EMP_TEMP_SEX_AGE_NB","SEX_M","AGE_AGGREGATE_YGE65","2013",474.968,,,,"R1:3513"
"TUR","BA:622","EMP_TEMP_SEX_AGE_NB","SEX_F","AGE_AGGREGATE_YGE15","2013",7641.101,,,,"R1:3513"
"TUR","BA:622","EMP_TEMP_SEX_AGE_NB","SEX_F","AGE_AGGREGATE_Y15-24","2013",1251.686,,,,"R1:3513"
"TUR","BA:622","EMP_TEMP_SEX_AGE_NB","SEX_F","AGE_AGGREGATE_Y25-54","2013",5629.572,,,,"R1:3513"
"TUR","BA:622","EMP_TEMP_SEX_AGE_NB","SEX_F","AGE_AGGREGATE_Y55-64","2013",570.953,,,,"R1:3513"
"TUR","BA:622","EMP_TEMP_SEX_AGE_NB","SEX_F","AGE_AGGREGATE_YGE65","2013",188.891,,,,"R1:3513"
"TUR","BA:622","EMP_TEMP_SEX_AGE_NB","SEX_T","AGE_10YRBANDS_YGE15","2013",25523.641,,,,"R1:3513"
"TUR","BA:622","EMP_TEMP_SEX_AGE_NB","SEX_T","AGE_10YRBANDS_Y15-24","2013",3727.291,,,,"R1:3513"
"TUR","BA:622","EMP_TEMP_SEX_AGE_NB","SEX_T","AGE_10YRBANDS_Y25-34","2013",7679.471,,,,"R1:3513"
"TUR","BA:622","EMP_TEMP_SEX_AGE_NB","SEX_T","AGE_10YRBANDS_Y35-44","2013",6961.816,,,,"R1:3513"
"TUR","BA:622","EMP_TEMP_SEX_AGE_NB","SEX_T","AGE_10YRBANDS_Y45-54","2013",4557.2,,,,"R1:3513"
"TUR","BA:622","EMP_TEMP_SEX_AGE_NB","SEX_T","AGE_10YRBANDS_Y55-64","2013",1934.004,,,,"R1:3513"
"TUR","BA:622","EMP_TEMP_SEX_AGE_NB","SEX_T","AGE_10YRBANDS_YGE65","2013",663.859,,,,"R1:3513"
"TUR","BA:622","EMP_TEMP_SEX_AGE_NB","SEX_M","AGE_10YRBANDS_YGE15","2013",17882.54,,,,"R1:3513"
"TUR","BA:622","EMP_TEMP_SEX_AGE_NB","SEX_M","AGE_10YRBANDS_Y15-24","2013",2475.606,,,,"R1:3513"
"TUR","BA:622","EMP_TEMP_SEX_AGE_NB","SEX_M","AGE_10YRBANDS_Y25-34","2013",5437.013,,,,"R1:3513"
"TUR","BA:622","EMP_TEMP_SEX_AGE_NB","SEX_M","AGE_10YRBANDS_Y35-44","2013",4870.352,,,,"R1:3513"
"TUR","BA:622","EMP_TEMP_SEX_AGE_NB","SEX_M","AGE_10YRBANDS_Y45-54","2013",3261.549,,,,"R1:3513"
"TUR","BA:622","EMP_TEMP_SEX_AGE_NB","SEX_M","AGE_10YRBANDS_Y55-64","2013",1363.051,,,,"R1:3513"
"TUR","BA:622","EMP_TEMP_SEX_AGE_NB","SEX_M","AGE_10YRBANDS_YGE65","2013",474.968,,,,"R1:3513"
"TUR","BA:622","EMP_TEMP_SEX_AGE_NB","SEX_F","AGE_10YRBANDS_YGE15","2013",7641.101,,,,"R1:3513"
"TUR","BA:622","EMP_TEMP_SEX_AGE_NB","SEX_F","AGE_10YRBANDS_Y15-24","2013",1251.686,,,,"R1:3513"
"TUR","BA:622","EMP_TEMP_SEX_AGE_NB","SEX_F","AGE_10YRBANDS_Y25-34","2013",2242.457,,,,"R1:3513"
"TUR","BA:622","EMP_TEMP_SEX_AGE_NB","SEX_F","AGE_10YRBANDS_Y35-44","2013",2091.464,,,,"R1:3513"
"TUR","BA:622","EMP_TEMP_SEX_AGE_NB","SEX_F","AGE_10YRBANDS_Y45-54","2013",1295.651,,,,"R1:3513"
"TUR","BA:622","EMP_TEMP_SEX_AGE_NB","SEX_F","AGE_10YRBANDS_Y55-64","2013",570.953,,,,"R1:3513"
"TUR","BA:622","EMP_TEMP_SEX_AGE_NB","SEX_F","AGE_10YRBANDS_YGE65","2013",188.891,,,,"R1:3513"
"TUR","BA:622","EMP_TEMP_SEX_AGE_NB","SEX_T","AGE_5YRBANDS_YGE15","2013",25523.641,,,,"R1:3513"
"TUR","BA:622","EMP_TEMP_SEX_AGE_NB","SEX_T","AGE_5YRBANDS_Y15-19","2013",1364.36,,,,"R1:3513"
"TUR","BA:622","EMP_TEMP_SEX_AGE_NB","SEX_T","AGE_5YRBANDS_Y20-24","2013",2362.931,,,,"R1:3513"
"TUR","BA:622","EMP_TEMP_SEX_AGE_NB","SEX_T","AGE_5YRBANDS_Y25-29","2013",3613.976,,,,"R1:3513"
"TUR","BA:622","EMP_TEMP_SEX_AGE_NB","SEX_T","AGE_5YRBANDS_Y30-34","2013",4065.494,,,,"R1:3513"
"TUR","BA:622","EMP_TEMP_SEX_AGE_NB","SEX_T","AGE_5YRBANDS_Y35-39","2013",3633.415,,,,"R1:3513"
"TUR","BA:622","EMP_TEMP_SEX_AGE_NB","SEX_T","AGE_5YRBANDS_Y40-44","2013",3328.401,,,,"R1:3513"
"TUR","BA:622","EMP_TEMP_SEX_AGE_NB","SEX_T","AGE_5YRBANDS_Y45-49","2013",2678.756,,,,"R1:3513"
"TUR","BA:622","EMP_TEMP_SEX_AGE_NB","SEX_T","AGE_5YRBANDS_Y50-54","2013",1878.444,,,,"R1:3513"
"TUR","BA:622","EMP_TEMP_SEX_AGE_NB","SEX_T","AGE_5YRBANDS_Y55-59","2013",1218.296,,,,"R1:3513"
"TUR","BA:622","EMP_TEMP_SEX_AGE_NB","SEX_T","AGE_5YRBANDS_Y60-64","2013",715.708,,,,"R1:3513"
"TUR","BA:622","EMP_TEMP_SEX_AGE_NB","SEX_T","AGE_5YRBANDS_YGE65","2013",663.859,,,,"R1:3513"
"TUR","BA:622","EMP_TEMP_SEX_AGE_NB","SEX_M","AGE_5YRBANDS_YGE15","2013",17882.54,,,,"R1:3513"
"TUR","BA:622","EMP_TEMP_SEX_AGE_NB","SEX_M","AGE_5YRBANDS_Y15-19","2013",947.666,,,,"R1:3513"
"TUR","BA:622","EMP_TEMP_SEX_AGE_NB","SEX_M","AGE_5YRBANDS_Y20-24","2013",1527.939,,,,"R1:3513"
"TUR","BA:622","EMP_TEMP_SEX_AGE_NB","SEX_M","AGE_5YRBANDS_Y25-29","2013",2554.77,,,,"R1:3513"
"TUR","BA:622","EMP_TEMP_SEX_AGE_NB","SEX_M","AGE_5YRBANDS_Y30-34","2013",2882.243,,,,"R1:3513"
"TUR","BA:622","EMP_TEMP_SEX_AGE_NB","SEX_M","AGE_5YRBANDS_Y35-39","2013",2553.069,,,,"R1:3513"
"TUR","BA:622","EMP_TEMP_SEX_AGE_NB","SEX_M","AGE_5YRBANDS_Y40-44","2013",2317.283,,,,"R1:3513"
"TUR","BA:622","EMP_TEMP_SEX_AGE_NB","SEX_M","AGE_5YRBANDS_Y45-49","2013",1917.389,,,,"R1:3513"
"TUR","BA:622","EMP_TEMP_SEX_AGE_NB","SEX_M","AGE_5YRBANDS_Y50-54","2013",1344.161,,,,"R1:3513"
"TUR","BA:622","EMP_TEMP_SEX_AGE_NB","SEX_M","AGE_5YRBANDS_Y55-59","2013",866.698,,,,"R1:3513"
"TUR","BA:622","EMP_TEMP_SEX_AGE_NB","SEX_M","AGE_5YRBANDS_Y60-64","2013",496.354,,,,"R1:3513"
"TUR","BA:622","EMP_TEMP_SEX_AGE_NB","SEX_M","AGE_5YRBANDS_YGE65","2013",474.968,,,,"R1:3513"
"TUR","BA:622","EMP_TEMP_SEX_AGE_NB","SEX_F","AGE_5YRBANDS_YGE15","2013",7641.101,,,,"R1:3513"
"TUR","BA:622","EMP_TEMP_SEX_AGE_NB","SEX_F","AGE_5YRBANDS_Y15-19","2013",416.694,,,,"R1:3513"
"TUR","BA:622","EMP_TEMP_SEX_AGE_NB","SEX_F","AGE_5YRBANDS_Y20-24","2013",834.992,,,,"R1:3513"
"TUR","BA:622","EMP_TEMP_SEX_AGE_NB","SEX_F","AGE_5YRBANDS_Y25-29","2013",1059.206,,,,"R1:3513"
"TUR","BA:622","EMP_TEMP_SEX_AGE_NB","SEX_F","AGE_5YRBANDS_Y30-34","2013",1183.251,,,,"R1:3513"
"TUR","BA:622","EMP_TEMP_SEX_AGE_NB","SEX_F","AGE_5YRBANDS_Y35-39","2013",1080.347,,,,"R1:3513"
"TUR","BA:622","EMP_TEMP_SEX_AGE_NB","SEX_F","AGE_5YRBANDS_Y40-44","2013",1011.117,,,,"R1:3513"
"TUR","BA:622","EMP_TEMP_SEX_AGE_NB","SEX_F","AGE_5YRBANDS_Y45-49","2013",761.367,,,,"R1:3513"
"TUR","BA:622","EMP_TEMP_SEX_AGE_NB","SEX_F","AGE_5YRBANDS_Y50-54","2013",534.283,,,,"R1:3513"
"TUR","BA:622","EMP_TEMP_SEX_AGE_NB","SEX_F","AGE_5YRBANDS_Y55-59","2013",351.598,,,,"R1:3513"
"TUR","BA:622","EMP_TEMP_SEX_AGE_NB","SEX_F","AGE_5YRBANDS_Y60-64","2013",219.355,,,,"R1:3513"
"TUR","BA:622","EMP_TEMP_SEX_AGE_NB","SEX_F","AGE_5YRBANDS_YGE65","2013",188.891,,,,"R1:3513"
"TUR","BA:622","EMP_TEMP_SEX_AGE_NB","SEX_T","AGE_YTHADULT_YGE15","2012",24820.752,,,,"R1:3513"
"TUR","BA:622","EMP_TEMP_SEX_AGE_NB","SEX_T","AGE_YTHADULT_Y15-64","2012",24172.482,,,,"R1:3513"
"TUR","BA:622","EMP_TEMP_SEX_AGE_NB","SEX_T","AGE_YTHADULT_Y15-24","2012",3646.832,,,,"R1:3513"
"TUR","BA:622","EMP_TEMP_SEX_AGE_NB","SEX_T","AGE_YTHADULT_YGE25","2012",21173.92,,,,"R1:3513"
"TUR","BA:622","EMP_TEMP_SEX_AGE_NB","SEX_M","AGE_YTHADULT_YGE15","2012",17511.948,,,,"R1:3513"
"TUR","BA:622","EMP_TEMP_SEX_AGE_NB","SEX_M","AGE_YTHADULT_Y15-64","2012",17054.524,,,,"R1:3513"
"TUR","BA:622","EMP_TEMP_SEX_AGE_NB","SEX_M","AGE_YTHADULT_Y15-24","2012",2435.216,,,,"R1:3513"
"TUR","BA:622","EMP_TEMP_SEX_AGE_NB","SEX_M","AGE_YTHADULT_YGE25","2012",15076.732,,,,"R1:3513"
"TUR","BA:622","EMP_TEMP_SEX_AGE_NB","SEX_F","AGE_YTHADULT_YGE15","2012",7308.804,,,,"R1:3513"
"TUR","BA:622","EMP_TEMP_SEX_AGE_NB","SEX_F","AGE_YTHADULT_Y15-64","2012",7117.958,,,,"R1:3513"
"TUR","BA:622","EMP_TEMP_SEX_AGE_NB","SEX_F","AGE_YTHADULT_Y15-24","2012",1211.616,,,,"R1:3513"
"TUR","BA:622","EMP_TEMP_SEX_AGE_NB","SEX_F","AGE_YTHADULT_YGE25","2012",6097.188,,,,"R1:3513"
"TUR","BA:622","EMP_TEMP_SEX_AGE_NB","SEX_T","AGE_AGGREGATE_YGE15","2012",24820.752,,,,"R1:3513"
"TUR","BA:622","EMP_TEMP_SEX_AGE_NB","SEX_T","AGE_AGGREGATE_Y15-24","2012",3646.832,,,,"R1:3513"
"TUR","BA:622","EMP_TEMP_SEX_AGE_NB","SEX_T","AGE_AGGREGATE_Y25-54","2012",18649.073,,,,"R1:3513"
"TUR","BA:622","EMP_TEMP_SEX_AGE_NB","SEX_T","AGE_AGGREGATE_Y55-64","2012",1876.576,,,,"R1:3513"
"TUR","BA:622","EMP_TEMP_SEX_AGE_NB","SEX_T","AGE_AGGREGATE_YGE65","2012",648.27,,,,"R1:3513"
"TUR","BA:622","EMP_TEMP_SEX_AGE_NB","SEX_M","AGE_AGGREGATE_YGE15","2012",17511.948,,,,"R1:3513"
"TUR","BA:622","EMP_TEMP_SEX_AGE_NB","SEX_M","AGE_AGGREGATE_Y15-24","2012",2435.216,,,,"R1:3513"
"TUR","BA:622","EMP_TEMP_SEX_AGE_NB","SEX_M","AGE_AGGREGATE_Y25-54","2012",13282.14,,,,"R1:3513"
"TUR","BA:622","EMP_TEMP_SEX_AGE_NB","SEX_M","AGE_AGGREGATE_Y55-64","2012",1337.168,,,,"R1:3513"
"TUR","BA:622","EMP_TEMP_SEX_AGE_NB","SEX_M","AGE_AGGREGATE_YGE65","2012",457.424,,,,"R1:3513"
"TUR","BA:622","EMP_TEMP_SEX_AGE_NB","SEX_F","AGE_AGGREGATE_YGE15","2012",7308.804,,,,"R1:3513"
"TUR","BA:622","EMP_TEMP_SEX_AGE_NB","SEX_F","AGE_AGGREGATE_Y15-24","2012",1211.616,,,,"R1:3513"
"TUR","BA:622","EMP_TEMP_SEX_AGE_NB","SEX_F","AGE_AGGREGATE_Y25-54","2012",5366.934,,,,"R1:3513"
"TUR","BA:622","EMP_TEMP_SEX_AGE_NB","SEX_F","AGE_AGGREGATE_Y55-64","2012",539.408,,,,"R1:3513"
"TUR","BA:622","EMP_TEMP_SEX_AGE_NB","SEX_F","AGE_AGGREGATE_YGE65","2012",190.846,,,,"R1:3513"
"TUR","BA:622","EMP_TEMP_SEX_AGE_NB","SEX_T","AGE_10YRBANDS_YGE15","2012",24820.752,,,,"R1:3513"
"TUR","BA:622","EMP_TEMP_SEX_AGE_NB","SEX_T","AGE_10YRBANDS_Y15-24","2012",3646.832,,,,"R1:3513"
"TUR","BA:622","EMP_TEMP_SEX_AGE_NB","SEX_T","AGE_10YRBANDS_Y25-34","2012",7555.593,,,,"R1:3513"
"TUR","BA:622","EMP_TEMP_SEX_AGE_NB","SEX_T","AGE_10YRBANDS_Y35-44","2012",6729.208,,,,"R1:3513"
"TUR","BA:622","EMP_TEMP_SEX_AGE_NB","SEX_T","AGE_10YRBANDS_Y45-54","2012",4364.272,,,,"R1:3513"
"TUR","BA:622","EMP_TEMP_SEX_AGE_NB","SEX_T","AGE_10YRBANDS_Y55-64","2012",1876.576,,,,"R1:3513"
"TUR","BA:622","EMP_TEMP_SEX_AGE_NB","SEX_T","AGE_10YRBANDS_YGE65","2012",648.27,,,,"R1:3513"
"TUR","BA:622","EMP_TEMP_SEX_AGE_NB","SEX_M","AGE_10YRBANDS_YGE15","2012",17511.948,,,,"R1:3513"
"TUR","BA:622","EMP_TEMP_SEX_AGE_NB","SEX_M","AGE_10YRBANDS_Y15-24","2012",2435.216,,,,"R1:3513"
"TUR","BA:622","EMP_TEMP_SEX_AGE_NB","SEX_M","AGE_10YRBANDS_Y25-34","2012",5382.617,,,,"R1:3513"
"TUR","BA:622","EMP_TEMP_SEX_AGE_NB","SEX_M","AGE_10YRBANDS_Y35-44","2012",4761.886,,,,"R1:3513"
"TUR","BA:622","EMP_TEMP_SEX_AGE_NB","SEX_M","AGE_10YRBANDS_Y45-54","2012",3137.637,,,,"R1:3513"
"TUR","BA:622","EMP_TEMP_SEX_AGE_NB","SEX_M","AGE_10YRBANDS_Y55-64","2012",1337.168,,,,"R1:3513"
"TUR","BA:622","EMP_TEMP_SEX_AGE_NB","SEX_M","AGE_10YRBANDS_YGE65","2012",457.424,,,,"R1:3513"
"TUR","BA:622","EMP_TEMP_SEX_AGE_NB","SEX_F","AGE_10YRBANDS_YGE15","2012",7308.804,,,,"R1:3513"
"TUR","BA:622","EMP_TEMP_SEX_AGE_NB","SEX_F","AGE_10YRBANDS_Y15-24","2012",1211.616,,,,"R1:3513"
"TUR","BA:622","EMP_TEMP_SEX_AGE_NB","SEX_F","AGE_10YRBANDS_Y25-34","2012",2172.976,,,,"R1:3513"
"TUR","BA:622","EMP_TEMP_SEX_AGE_NB","SEX_F","AGE_10YRBANDS_Y35-44","2012",1967.322,,,,"R1:3513"
"TUR","BA:622","EMP_TEMP_SEX_AGE_NB","SEX_F","AGE_10YRBANDS_Y45-54","2012",1226.636,,,,"R1:3513"
"TUR","BA:622","EMP_TEMP_SEX_AGE_NB","SEX_F","AGE_10YRBANDS_Y55-64","2012",539.408,,,,"R1:3513"
"TUR","BA:622","EMP_TEMP_SEX_AGE_NB","SEX_F","AGE_10YRBANDS_YGE65","2012",190.846,,,,"R1:3513"
"TUR","BA:622","EMP_TEMP_SEX_AGE_NB","SEX_T","AGE_5YRBANDS_YGE15","2012",24820.752,,,,"R1:3513"
"TUR","BA:622","EMP_TEMP_SEX_AGE_NB","SEX_T","AGE_5YRBANDS_Y15-19","2012",1338.201,,,,"R1:3513"
"TUR","BA:622","EMP_TEMP_SEX_AGE_NB","SEX_T","AGE_5YRBANDS_Y20-24","2012",2308.631,,,,"R1:3513"
"TUR","BA:622","EMP_TEMP_SEX_AGE_NB","SEX_T","AGE_5YRBANDS_Y25-29","2012",3590.95,,,,"R1:3513"
"TUR","BA:622","EMP_TEMP_SEX_AGE_NB","SEX_T","AGE_5YRBANDS_Y30-34","2012",3964.642,,,,"R1:3513"
"TUR","BA:622","EMP_TEMP_SEX_AGE_NB","SEX_T","AGE_5YRBANDS_Y35-39","2012",3510.821,,,,"R1:3513"
"TUR","BA:622","EMP_TEMP_SEX_AGE_NB","SEX_T","AGE_5YRBANDS_Y40-44","2012",3218.387,,,,"R1:3513"
"TUR","BA:622","EMP_TEMP_SEX_AGE_NB","SEX_T","AGE_5YRBANDS_Y45-49","2012",2550.939,,,,"R1:3513"
"TUR","BA:622","EMP_TEMP_SEX_AGE_NB","SEX_T","AGE_5YRBANDS_Y50-54","2012",1813.333,,,,"R1:3513"
"TUR","BA:622","EMP_TEMP_SEX_AGE_NB","SEX_T","AGE_5YRBANDS_Y55-59","2012",1169.75,,,,"R1:3513"
"TUR","BA:622","EMP_TEMP_SEX_AGE_NB","SEX_T","AGE_5YRBANDS_Y60-64","2012",706.826,,,,"R1:3513"
"TUR","BA:622","EMP_TEMP_SEX_AGE_NB","SEX_T","AGE_5YRBANDS_YGE65","2012",648.27,,,,"R1:3513"
"TUR","BA:622","EMP_TEMP_SEX_AGE_NB","SEX_M","AGE_5YRBANDS_YGE15","2012",17511.948,,,,"R1:3513"
"TUR","BA:622","EMP_TEMP_SEX_AGE_NB","SEX_M","AGE_5YRBANDS_Y15-19","2012",931.388,,,,"R1:3513"
"TUR","BA:622","EMP_TEMP_SEX_AGE_NB","SEX_M","AGE_5YRBANDS_Y20-24","2012",1503.829,,,,"R1:3513"
"TUR","BA:622","EMP_TEMP_SEX_AGE_NB","SEX_M","AGE_5YRBANDS_Y25-29","2012",2545.741,,,,"R1:3513"
"TUR","BA:622","EMP_TEMP_SEX_AGE_NB","SEX_M","AGE_5YRBANDS_Y30-34","2012",2836.876,,,,"R1:3513"
"TUR","BA:622","EMP_TEMP_SEX_AGE_NB","SEX_M","AGE_5YRBANDS_Y35-39","2012",2497.033,,,,"R1:3513"
"TUR","BA:622","EMP_TEMP_SEX_AGE_NB","SEX_M","AGE_5YRBANDS_Y40-44","2012",2264.853,,,,"R1:3513"
"TUR","BA:622","EMP_TEMP_SEX_AGE_NB","SEX_M","AGE_5YRBANDS_Y45-49","2012",1838.961,,,,"R1:3513"
"TUR","BA:622","EMP_TEMP_SEX_AGE_NB","SEX_M","AGE_5YRBANDS_Y50-54","2012",1298.675,,,,"R1:3513"
"TUR","BA:622","EMP_TEMP_SEX_AGE_NB","SEX_M","AGE_5YRBANDS_Y55-59","2012",839.345,,,,"R1:3513"
"TUR","BA:622","EMP_TEMP_SEX_AGE_NB","SEX_M","AGE_5YRBANDS_Y60-64","2012",497.823,,,,"R1:3513"
"TUR","BA:622","EMP_TEMP_SEX_AGE_NB","SEX_M","AGE_5YRBANDS_YGE65","2012",457.424,,,,"R1:3513"
"TUR","BA:622","EMP_TEMP_SEX_AGE_NB","SEX_F","AGE_5YRBANDS_YGE15","2012",7308.804,,,,"R1:3513"
"TUR","BA:622","EMP_TEMP_SEX_AGE_NB","SEX_F","AGE_5YRBANDS_Y15-19","2012",406.814,,,,"R1:3513"
"TUR","BA:622","EMP_TEMP_SEX_AGE_NB","SEX_F","AGE_5YRBANDS_Y20-24","2012",804.802,,,,"R1:3513"
"TUR","BA:622","EMP_TEMP_SEX_AGE_NB","SEX_F","AGE_5YRBANDS_Y25-29","2012",1045.21,,,,"R1:3513"
"TUR","BA:622","EMP_TEMP_SEX_AGE_NB","SEX_F","AGE_5YRBANDS_Y30-34","2012",1127.766,,,,"R1:3513"
"TUR","BA:622","EMP_TEMP_SEX_AGE_NB","SEX_F","AGE_5YRBANDS_Y35-39","2012",1013.788,,,,"R1:3513"
"TUR","BA:622","EMP_TEMP_SEX_AGE_NB","SEX_F","AGE_5YRBANDS_Y40-44","2012",953.534,,,,"R1:3513"
"TUR","BA:622","EMP_TEMP_SEX_AGE_NB","SEX_F","AGE_5YRBANDS_Y45-49","2012",711.978,,,,"R1:3513"
"TUR","BA:622","EMP_TEMP_SEX_AGE_NB","SEX_F","AGE_5YRBANDS_Y50-54","2012",514.658,,,,"R1:3513"
"TUR","BA:622","EMP_TEMP_SEX_AGE_NB","SEX_F","AGE_5YRBANDS_Y55-59","2012",330.405,,,,"R1:3513"
"TUR","BA:622","EMP_TEMP_SEX_AGE_NB","SEX_F","AGE_5YRBANDS_Y60-64","2012",209.004,,,,"R1:3513"
"TUR","BA:622","EMP_TEMP_SEX_AGE_NB","SEX_F","AGE_5YRBANDS_YGE65","2012",190.846,,,,"R1:3513"
"TUR","BA:622","EMP_TEMP_SEX_AGE_NB","SEX_T","AGE_YTHADULT_YGE15","2011",24110.475,,,,"R1:3513"
"TUR","BA:622","EMP_TEMP_SEX_AGE_NB","SEX_T","AGE_YTHADULT_Y15-64","2011",23460.203,,,,"R1:3513"
"TUR","BA:622","EMP_TEMP_SEX_AGE_NB","SEX_T","AGE_YTHADULT_Y15-24","2011",3696.899,,,,"R1:3513"
"TUR","BA:622","EMP_TEMP_SEX_AGE_NB","SEX_T","AGE_YTHADULT_YGE25","2011",20413.575,,,,"R1:3513"
"TUR","BA:622","EMP_TEMP_SEX_AGE_NB","SEX_M","AGE_YTHADULT_YGE15","2011",17137.307,,,,"R1:3513"
"TUR","BA:622","EMP_TEMP_SEX_AGE_NB","SEX_M","AGE_YTHADULT_Y15-64","2011",16677.906,,,,"R1:3513"
"TUR","BA:622","EMP_TEMP_SEX_AGE_NB","SEX_M","AGE_YTHADULT_Y15-24","2011",2446.181,,,,"R1:3513"
"TUR","BA:622","EMP_TEMP_SEX_AGE_NB","SEX_M","AGE_YTHADULT_YGE25","2011",14691.125,,,,"R1:3513"
"TUR","BA:622","EMP_TEMP_SEX_AGE_NB","SEX_F","AGE_YTHADULT_YGE15","2011",6973.168,,,,"R1:3513"
"TUR","BA:622","EMP_TEMP_SEX_AGE_NB","SEX_F","AGE_YTHADULT_Y15-64","2011",6782.297,,,,"R1:3513"
"TUR","BA:622","EMP_TEMP_SEX_AGE_NB","SEX_F","AGE_YTHADULT_Y15-24","2011",1250.718,,,,"R1:3513"
"TUR","BA:622","EMP_TEMP_SEX_AGE_NB","SEX_F","AGE_YTHADULT_YGE25","2011",5722.45,,,,"R1:3513"
"TUR","BA:622","EMP_TEMP_SEX_AGE_NB","SEX_T","AGE_AGGREGATE_YGE15","2011",24110.475,,,,"R1:3513"
"TUR","BA:622","EMP_TEMP_SEX_AGE_NB","SEX_T","AGE_AGGREGATE_Y15-24","2011",3696.899,,,,"R1:3513"
"TUR","BA:622","EMP_TEMP_SEX_AGE_NB","SEX_T","AGE_AGGREGATE_Y25-54","2011",18002.298,,,,"R1:3513"
"TUR","BA:622","EMP_TEMP_SEX_AGE_NB","SEX_T","AGE_AGGREGATE_Y55-64","2011",1761.006,,,,"R1:3513"
"TUR","BA:622","EMP_TEMP_SEX_AGE_NB","SEX_T","AGE_AGGREGATE_YGE65","2011",650.271,,,,"R1:3513"
"TUR","BA:622","EMP_TEMP_SEX_AGE_NB","SEX_M","AGE_AGGREGATE_YGE15","2011",17137.307,,,,"R1:3513"
"TUR","BA:622","EMP_TEMP_SEX_AGE_NB","SEX_M","AGE_AGGREGATE_Y15-24","2011",2446.181,,,,"R1:3513"
"TUR","BA:622","EMP_TEMP_SEX_AGE_NB","SEX_M","AGE_AGGREGATE_Y25-54","2011",12984.839,,,,"R1:3513"
"TUR","BA:622","EMP_TEMP_SEX_AGE_NB","SEX_M","AGE_AGGREGATE_Y55-64","2011",1246.886,,,,"R1:3513"
"TUR","BA:622","EMP_TEMP_SEX_AGE_NB","SEX_M","AGE_AGGREGATE_YGE65","2011",459.401,,,,"R1:3513"
"TUR","BA:622","EMP_TEMP_SEX_AGE_NB","SEX_F","AGE_AGGREGATE_YGE15","2011",6973.168,,,,"R1:3513"
"TUR","BA:622","EMP_TEMP_SEX_AGE_NB","SEX_F","AGE_AGGREGATE_Y15-24","2011",1250.718,,,,"R1:3513"
"TUR","BA:622","EMP_TEMP_SEX_AGE_NB","SEX_F","AGE_AGGREGATE_Y25-54","2011",5017.459,,,,"R1:3513"
"TUR","BA:622","EMP_TEMP_SEX_AGE_NB","SEX_F","AGE_AGGREGATE_Y55-64","2011",514.12,,,,"R1:3513"
"TUR","BA:622","EMP_TEMP_SEX_AGE_NB","SEX_F","AGE_AGGREGATE_YGE65","2011",190.87,,,,"R1:3513"
"TUR","BA:622","EMP_TEMP_SEX_AGE_NB","SEX_T","AGE_10YRBANDS_YGE15","2011",24110.475,,,,"R1:3513"
"TUR","BA:622","EMP_TEMP_SEX_AGE_NB","SEX_T","AGE_10YRBANDS_Y15-24","2011",3696.899,,,,"R1:3513"
"TUR","BA:622","EMP_TEMP_SEX_AGE_NB","SEX_T","AGE_10YRBANDS_Y25-34","2011",7368.004,,,,"R1:3513"
"TUR","BA:622","EMP_TEMP_SEX_AGE_NB","SEX_T","AGE_10YRBANDS_Y35-44","2011",6452.892,,,,"R1:3513"
"TUR","BA:622","EMP_TEMP_SEX_AGE_NB","SEX_T","AGE_10YRBANDS_Y45-54","2011",4181.401,,,,"R1:3513"
"TUR","BA:622","EMP_TEMP_SEX_AGE_NB","SEX_T","AGE_10YRBANDS_Y55-64","2011",1761.006,,,,"R1:3513"
"TUR","BA:622","EMP_TEMP_SEX_AGE_NB","SEX_T","AGE_10YRBANDS_YGE65","2011",650.271,,,,"R1:3513"
"TUR","BA:622","EMP_TEMP_SEX_AGE_NB","SEX_M","AGE_10YRBANDS_YGE15","2011",17137.307,,,,"R1:3513"
"TUR","BA:622","EMP_TEMP_SEX_AGE_NB","SEX_M","AGE_10YRBANDS_Y15-24","2011",2446.181,,,,"R1:3513"
"TUR","BA:622","EMP_TEMP_SEX_AGE_NB","SEX_M","AGE_10YRBANDS_Y25-34","2011",5329.575,,,,"R1:3513"
"TUR","BA:622","EMP_TEMP_SEX_AGE_NB","SEX_M","AGE_10YRBANDS_Y35-44","2011",4620.543,,,,"R1:3513"
"TUR","BA:622","EMP_TEMP_SEX_AGE_NB","SEX_M","AGE_10YRBANDS_Y45-54","2011",3034.721,,,,"R1:3513"
"TUR","BA:622","EMP_TEMP_SEX_AGE_NB","SEX_M","AGE_10YRBANDS_Y55-64","2011",1246.886,,,,"R1:3513"
"TUR","BA:622","EMP_TEMP_SEX_AGE_NB","SEX_M","AGE_10YRBANDS_YGE65","2011",459.401,,,,"R1:3513"
"TUR","BA:622","EMP_TEMP_SEX_AGE_NB","SEX_F","AGE_10YRBANDS_YGE15","2011",6973.168,,,,"R1:3513"
"TUR","BA:622","EMP_TEMP_SEX_AGE_NB","SEX_F","AGE_10YRBANDS_Y15-24","2011",1250.718,,,,"R1:3513"
"TUR","BA:622","EMP_TEMP_SEX_AGE_NB","SEX_F","AGE_10YRBANDS_Y25-34","2011",2038.429,,,,"R1:3513"
"TUR","BA:622","EMP_TEMP_SEX_AGE_NB","SEX_F","AGE_10YRBANDS_Y35-44","2011",1832.349,,,,"R1:3513"
"TUR","BA:622","EMP_TEMP_SEX_AGE_NB","SEX_F","AGE_10YRBANDS_Y45-54","2011",1146.68,,,,"R1:3513"
"TUR","BA:622","EMP_TEMP_SEX_AGE_NB","SEX_F","AGE_10YRBANDS_Y55-64","2011",514.12,,,,"R1:3513"
"TUR","BA:622","EMP_TEMP_SEX_AGE_NB","SEX_F","AGE_10YRBANDS_YGE65","2011",190.87,,,,"R1:3513"
"TUR","BA:622","EMP_TEMP_SEX_AGE_NB","SEX_T","AGE_5YRBANDS_YGE15","2011",24110.475,,,,"R1:3513"
"TUR","BA:622","EMP_TEMP_SEX_AGE_NB","SEX_T","AGE_5YRBANDS_Y15-19","2011",1378.239,,,,"R1:3513"
"TUR","BA:622","EMP_TEMP_SEX_AGE_NB","SEX_T","AGE_5YRBANDS_Y20-24","2011",2318.66,,,,"R1:3513"
"TUR","BA:622","EMP_TEMP_SEX_AGE_NB","SEX_T","AGE_5YRBANDS_Y25-29","2011",3573.251,,,,"R1:3513"
"TUR","BA:622","EMP_TEMP_SEX_AGE_NB","SEX_T","AGE_5YRBANDS_Y30-34","2011",3794.753,,,,"R1:3513"
"TUR","BA:622","EMP_TEMP_SEX_AGE_NB","SEX_T","AGE_5YRBANDS_Y35-39","2011",3398.581,,,,"R1:3513"
"TUR","BA:622","EMP_TEMP_SEX_AGE_NB","SEX_T","AGE_5YRBANDS_Y40-44","2011",3054.311,,,,"R1:3513"
"TUR","BA:622","EMP_TEMP_SEX_AGE_NB","SEX_T","AGE_5YRBANDS_Y45-49","2011",2458.947,,,,"R1:3513"
"TUR","BA:622","EMP_TEMP_SEX_AGE_NB","SEX_T","AGE_5YRBANDS_Y50-54","2011",1722.454,,,,"R1:3513"
"TUR","BA:622","EMP_TEMP_SEX_AGE_NB","SEX_T","AGE_5YRBANDS_Y55-59","2011",1103.55,,,,"R1:3513"
"TUR","BA:622","EMP_TEMP_SEX_AGE_NB","SEX_T","AGE_5YRBANDS_Y60-64","2011",657.457,,,,"R1:3513"
"TUR","BA:622","EMP_TEMP_SEX_AGE_NB","SEX_T","AGE_5YRBANDS_YGE65","2011",650.271,,,,"R1:3513"
"TUR","BA:622","EMP_TEMP_SEX_AGE_NB","SEX_M","AGE_5YRBANDS_YGE15","2011",17137.307,,,,"R1:3513"
"TUR","BA:622","EMP_TEMP_SEX_AGE_NB","SEX_M","AGE_5YRBANDS_Y15-19","2011",943.425,,,,"R1:3513"
"TUR","BA:622","EMP_TEMP_SEX_AGE_NB","SEX_M","AGE_5YRBANDS_Y20-24","2011",1502.757,,,,"R1:3513"
"TUR","BA:622","EMP_TEMP_SEX_AGE_NB","SEX_M","AGE_5YRBANDS_Y25-29","2011",2566.291,,,,"R1:3513"
"TUR","BA:622","EMP_TEMP_SEX_AGE_NB","SEX_M","AGE_5YRBANDS_Y30-34","2011",2763.284,,,,"R1:3513"
"TUR","BA:622","EMP_TEMP_SEX_AGE_NB","SEX_M","AGE_5YRBANDS_Y35-39","2011",2437.188,,,,"R1:3513"
"TUR","BA:622","EMP_TEMP_SEX_AGE_NB","SEX_M","AGE_5YRBANDS_Y40-44","2011",2183.355,,,,"R1:3513"
"TUR","BA:622","EMP_TEMP_SEX_AGE_NB","SEX_M","AGE_5YRBANDS_Y45-49","2011",1784.941,,,,"R1:3513"
"TUR","BA:622","EMP_TEMP_SEX_AGE_NB","SEX_M","AGE_5YRBANDS_Y50-54","2011",1249.78,,,,"R1:3513"
"TUR","BA:622","EMP_TEMP_SEX_AGE_NB","SEX_M","AGE_5YRBANDS_Y55-59","2011",785.348,,,,"R1:3513"
"TUR","BA:622","EMP_TEMP_SEX_AGE_NB","SEX_M","AGE_5YRBANDS_Y60-64","2011",461.538,,,,"R1:3513"
"TUR","BA:622","EMP_TEMP_SEX_AGE_NB","SEX_M","AGE_5YRBANDS_YGE65","2011",459.401,,,,"R1:3513"
"TUR","BA:622","EMP_TEMP_SEX_AGE_NB","SEX_F","AGE_5YRBANDS_YGE15","2011",6973.168,,,,"R1:3513"
"TUR","BA:622","EMP_TEMP_SEX_AGE_NB","SEX_F","AGE_5YRBANDS_Y15-19","2011",434.815,,,,"R1:3513"
"TUR","BA:622","EMP_TEMP_SEX_AGE_NB","SEX_F","AGE_5YRBANDS_Y20-24","2011",815.903,,,,"R1:3513"
"TUR","BA:622","EMP_TEMP_SEX_AGE_NB","SEX_F","AGE_5YRBANDS_Y25-29","2011",1006.96,,,,"R1:3513"
"TUR","BA:622","EMP_TEMP_SEX_AGE_NB","SEX_F","AGE_5YRBANDS_Y30-34","2011",1031.469,,,,"R1:3513"
"TUR","BA:622","EMP_TEMP_SEX_AGE_NB","SEX_F","AGE_5YRBANDS_Y35-39","2011",961.393,,,,"R1:3513"
"TUR","BA:622","EMP_TEMP_SEX_AGE_NB","SEX_F","AGE_5YRBANDS_Y40-44","2011",870.956,,,,"R1:3513"
"TUR","BA:622","EMP_TEMP_SEX_AGE_NB","SEX_F","AGE_5YRBANDS_Y45-49","2011",674.006,,,,"R1:3513"
"TUR","BA:622","EMP_TEMP_SEX_AGE_NB","SEX_F","AGE_5YRBANDS_Y50-54","2011",472.674,,,,"R1:3513"
"TUR","BA:622","EMP_TEMP_SEX_AGE_NB","SEX_F","AGE_5YRBANDS_Y55-59","2011",318.201,,,,"R1:3513"
"TUR","BA:622","EMP_TEMP_SEX_AGE_NB","SEX_F","AGE_5YRBANDS_Y60-64","2011",195.919,,,,"R1:3513"
"TUR","BA:622","EMP_TEMP_SEX_AGE_NB","SEX_F","AGE_5YRBANDS_YGE65","2011",190.87,,,,"R1:3513"
"TUR","BA:622","EMP_TEMP_SEX_AGE_NB","SEX_T","AGE_YTHADULT_YGE15","2010",22594.251,,,,"R1:3513"
"TUR","BA:622","EMP_TEMP_SEX_AGE_NB","SEX_T","AGE_YTHADULT_Y15-64","2010",22003.994,,,,"R1:3513"
"TUR","BA:622","EMP_TEMP_SEX_AGE_NB","SEX_T","AGE_YTHADULT_Y15-24","2010",3464.567,,,,"R1:3513"
"TUR","BA:622","EMP_TEMP_SEX_AGE_NB","SEX_T","AGE_YTHADULT_YGE25","2010",19129.684,,,,"R1:3513"
"TUR","BA:622","EMP_TEMP_SEX_AGE_NB","SEX_M","AGE_YTHADULT_YGE15","2010",16169.503,,,,"R1:3513"
"TUR","BA:622","EMP_TEMP_SEX_AGE_NB","SEX_M","AGE_YTHADULT_Y15-64","2010",15745.159,,,,"R1:3513"
"TUR","BA:622","EMP_TEMP_SEX_AGE_NB","SEX_M","AGE_YTHADULT_Y15-24","2010",2268.699,,,,"R1:3513"
"TUR","BA:622","EMP_TEMP_SEX_AGE_NB","SEX_M","AGE_YTHADULT_YGE25","2010",13900.804,,,,"R1:3513"
"TUR","BA:622","EMP_TEMP_SEX_AGE_NB","SEX_F","AGE_YTHADULT_YGE15","2010",6424.748,,,,"R1:3513"
"TUR","BA:622","EMP_TEMP_SEX_AGE_NB","SEX_F","AGE_YTHADULT_Y15-64","2010",6258.835,,,,"R1:3513"
"TUR","BA:622","EMP_TEMP_SEX_AGE_NB","SEX_F","AGE_YTHADULT_Y15-24","2010",1195.869,,,,"R1:3513"
"TUR","BA:622","EMP_TEMP_SEX_AGE_NB","SEX_F","AGE_YTHADULT_YGE25","2010",5228.88,,,,"R1:3513"
"TUR","BA:622","EMP_TEMP_SEX_AGE_NB","SEX_T","AGE_AGGREGATE_YGE15","2010",22594.251,,,,"R1:3513"
"TUR","BA:622","EMP_TEMP_SEX_AGE_NB","SEX_T","AGE_AGGREGATE_Y15-24","2010",3464.567,,,,"R1:3513"
"TUR","BA:622","EMP_TEMP_SEX_AGE_NB","SEX_T","AGE_AGGREGATE_Y25-54","2010",16956.211,,,,"R1:3513"
"TUR","BA:622","EMP_TEMP_SEX_AGE_NB","SEX_T","AGE_AGGREGATE_Y55-64","2010",1583.215,,,,"R1:3513"
"TUR","BA:622","EMP_TEMP_SEX_AGE_NB","SEX_T","AGE_AGGREGATE_YGE65","2010",590.258,,,,"R1:3513"
"TUR","BA:622","EMP_TEMP_SEX_AGE_NB","SEX_M","AGE_AGGREGATE_YGE15","2010",16169.503,,,,"R1:3513"
"TUR","BA:622","EMP_TEMP_SEX_AGE_NB","SEX_M","AGE_AGGREGATE_Y15-24","2010",2268.699,,,,"R1:3513"
"TUR","BA:622","EMP_TEMP_SEX_AGE_NB","SEX_M","AGE_AGGREGATE_Y25-54","2010",12361.294,,,,"R1:3513"
"TUR","BA:622","EMP_TEMP_SEX_AGE_NB","SEX_M","AGE_AGGREGATE_Y55-64","2010",1115.166,,,,"R1:3513"
"TUR","BA:622","EMP_TEMP_SEX_AGE_NB","SEX_M","AGE_AGGREGATE_YGE65","2010",424.344,,,,"R1:3513"
"TUR","BA:622","EMP_TEMP_SEX_AGE_NB","SEX_F","AGE_AGGREGATE_YGE15","2010",6424.748,,,,"R1:3513"
"TUR","BA:622","EMP_TEMP_SEX_AGE_NB","SEX_F","AGE_AGGREGATE_Y15-24","2010",1195.869,,,,"R1:3513"
"TUR","BA:622","EMP_TEMP_SEX_AGE_NB","SEX_F","AGE_AGGREGATE_Y25-54","2010",4594.917,,,,"R1:3513"
"TUR","BA:622","EMP_TEMP_SEX_AGE_NB","SEX_F","AGE_AGGREGATE_Y55-64","2010",468.049,,,,"R1:3513"
"TUR","BA:622","EMP_TEMP_SEX_AGE_NB","SEX_F","AGE_AGGREGATE_YGE65","2010",165.914,,,,"R1:3513"
"TUR","BA:622","EMP_TEMP_SEX_AGE_NB","SEX_T","AGE_10YRBANDS_YGE15","2010",22594.251,,,,"R1:3513"
"TUR","BA:622","EMP_TEMP_SEX_AGE_NB","SEX_T","AGE_10YRBANDS_Y15-24","2010",3464.567,,,,"R1:3513"
"TUR","BA:622","EMP_TEMP_SEX_AGE_NB","SEX_T","AGE_10YRBANDS_Y25-34","2010",7016.318,,,,"R1:3513"
"TUR","BA:622","EMP_TEMP_SEX_AGE_NB","SEX_T","AGE_10YRBANDS_Y35-44","2010",6111.309,,,,"R1:3513"
"TUR","BA:622","EMP_TEMP_SEX_AGE_NB","SEX_T","AGE_10YRBANDS_Y45-54","2010",3828.584,,,,"R1:3513"
"TUR","BA:622","EMP_TEMP_SEX_AGE_NB","SEX_T","AGE_10YRBANDS_Y55-64","2010",1583.215,,,,"R1:3513"
"TUR","BA:622","EMP_TEMP_SEX_AGE_NB","SEX_T","AGE_10YRBANDS_YGE65","2010",590.258,,,,"R1:3513"
"TUR","BA:622","EMP_TEMP_SEX_AGE_NB","SEX_M","AGE_10YRBANDS_YGE15","2010",16169.503,,,,"R1:3513"
"TUR","BA:622","EMP_TEMP_SEX_AGE_NB","SEX_M","AGE_10YRBANDS_Y15-24","2010",2268.699,,,,"R1:3513"
"TUR","BA:622","EMP_TEMP_SEX_AGE_NB","SEX_M","AGE_10YRBANDS_Y25-34","2010",5106.958,,,,"R1:3513"
"TUR","BA:622","EMP_TEMP_SEX_AGE_NB","SEX_M","AGE_10YRBANDS_Y35-44","2010",4425.95,,,,"R1:3513"
"TUR","BA:622","EMP_TEMP_SEX_AGE_NB","SEX_M","AGE_10YRBANDS_Y45-54","2010",2828.386,,,,"R1:3513"
"TUR","BA:622","EMP_TEMP_SEX_AGE_NB","SEX_M","AGE_10YRBANDS_Y55-64","2010",1115.166,,,,"R1:3513"
"TUR","BA:622","EMP_TEMP_SEX_AGE_NB","SEX_M","AGE_10YRBANDS_YGE65","2010",424.344,,,,"R1:3513"
"TUR","BA:622","EMP_TEMP_SEX_AGE_NB","SEX_F","AGE_10YRBANDS_YGE15","2010",6424.748,,,,"R1:3513"
"TUR","BA:622","EMP_TEMP_SEX_AGE_NB","SEX_F","AGE_10YRBANDS_Y15-24","2010",1195.869,,,,"R1:3513"
"TUR","BA:622","EMP_TEMP_SEX_AGE_NB","SEX_F","AGE_10YRBANDS_Y25-34","2010",1909.36,,,,"R1:3513"
"TUR","BA:622","EMP_TEMP_SEX_AGE_NB","SEX_F","AGE_10YRBANDS_Y35-44","2010",1685.36,,,,"R1:3513"
"TUR","BA:622","EMP_TEMP_SEX_AGE_NB","SEX_F","AGE_10YRBANDS_Y45-54","2010",1000.198,,,,"R1:3513"
"TUR","BA:622","EMP_TEMP_SEX_AGE_NB","SEX_F","AGE_10YRBANDS_Y55-64","2010",468.049,,,,"R1:3513"
"TUR","BA:622","EMP_TEMP_SEX_AGE_NB","SEX_F","AGE_10YRBANDS_YGE65","2010",165.914,,,,"R1:3513"
"TUR","BA:622","EMP_TEMP_SEX_AGE_NB","SEX_T","AGE_5YRBANDS_YGE15","2010",22594.251,,,,"R1:3513"
"TUR","BA:622","EMP_TEMP_SEX_AGE_NB","SEX_T","AGE_5YRBANDS_Y15-19","2010",1350.818,,,,"R1:3513"
"TUR","BA:622","EMP_TEMP_SEX_AGE_NB","SEX_T","AGE_5YRBANDS_Y20-24","2010",2113.749,,,,"R1:3513"
"TUR","BA:622","EMP_TEMP_SEX_AGE_NB","SEX_T","AGE_5YRBANDS_Y25-29","2010",3454.158,,,,"R1:3513"
"TUR","BA:622","EMP_TEMP_SEX_AGE_NB","SEX_T","AGE_5YRBANDS_Y30-34","2010",3562.16,,,,"R1:3513"
"TUR","BA:622","EMP_TEMP_SEX_AGE_NB","SEX_T","AGE_5YRBANDS_Y35-39","2010",3230.642,,,,"R1:3513"
"TUR","BA:622","EMP_TEMP_SEX_AGE_NB","SEX_T","AGE_5YRBANDS_Y40-44","2010",2880.667,,,,"R1:3513"
"TUR","BA:622","EMP_TEMP_SEX_AGE_NB","SEX_T","AGE_5YRBANDS_Y45-49","2010",2268.409,,,,"R1:3513"
"TUR","BA:622","EMP_TEMP_SEX_AGE_NB","SEX_T","AGE_5YRBANDS_Y50-54","2010",1560.175,,,,"R1:3513"
"TUR","BA:622","EMP_TEMP_SEX_AGE_NB","SEX_T","AGE_5YRBANDS_Y55-59","2010",988.127,,,,"R1:3513"
"TUR","BA:622","EMP_TEMP_SEX_AGE_NB","SEX_T","AGE_5YRBANDS_Y60-64","2010",595.088,,,,"R1:3513"
"TUR","BA:622","EMP_TEMP_SEX_AGE_NB","SEX_T","AGE_5YRBANDS_YGE65","2010",590.258,,,,"R1:3513"
"TUR","BA:622","EMP_TEMP_SEX_AGE_NB","SEX_M","AGE_5YRBANDS_YGE15","2010",16169.503,,,,"R1:3513"
"TUR","BA:622","EMP_TEMP_SEX_AGE_NB","SEX_M","AGE_5YRBANDS_Y15-19","2010",934.302,,,,"R1:3513"
"TUR","BA:622","EMP_TEMP_SEX_AGE_NB","SEX_M","AGE_5YRBANDS_Y20-24","2010",1334.397,,,,"R1:3513"
"TUR","BA:622","EMP_TEMP_SEX_AGE_NB","SEX_M","AGE_5YRBANDS_Y25-29","2010",2476.986,,,,"R1:3513"
"TUR","BA:622","EMP_TEMP_SEX_AGE_NB","SEX_M","AGE_5YRBANDS_Y30-34","2010",2629.972,,,,"R1:3513"
"TUR","BA:622","EMP_TEMP_SEX_AGE_NB","SEX_M","AGE_5YRBANDS_Y35-39","2010",2342.739,,,,"R1:3513"
"TUR","BA:622","EMP_TEMP_SEX_AGE_NB","SEX_M","AGE_5YRBANDS_Y40-44","2010",2083.21,,,,"R1:3513"
"TUR","BA:622","EMP_TEMP_SEX_AGE_NB","SEX_M","AGE_5YRBANDS_Y45-49","2010",1686.906,,,,"R1:3513"
"TUR","BA:622","EMP_TEMP_SEX_AGE_NB","SEX_M","AGE_5YRBANDS_Y50-54","2010",1141.48,,,,"R1:3513"
"TUR","BA:622","EMP_TEMP_SEX_AGE_NB","SEX_M","AGE_5YRBANDS_Y55-59","2010",699.066,,,,"R1:3513"
"TUR","BA:622","EMP_TEMP_SEX_AGE_NB","SEX_M","AGE_5YRBANDS_Y60-64","2010",416.101,,,,"R1:3513"
"TUR","BA:622","EMP_TEMP_SEX_AGE_NB","SEX_M","AGE_5YRBANDS_YGE65","2010",424.344,,,,"R1:3513"
"TUR","BA:622","EMP_TEMP_SEX_AGE_NB","SEX_F","AGE_5YRBANDS_YGE15","2010",6424.748,,,,"R1:3513"
"TUR","BA:622","EMP_TEMP_SEX_AGE_NB","SEX_F","AGE_5YRBANDS_Y15-19","2010",416.516,,,,"R1:3513"
"TUR","BA:622","EMP_TEMP_SEX_AGE_NB","SEX_F","AGE_5YRBANDS_Y20-24","2010",779.353,,,,"R1:3513"
"TUR","BA:622","EMP_TEMP_SEX_AGE_NB","SEX_F","AGE_5YRBANDS_Y25-29","2010",977.172,,,,"R1:3513"
"TUR","BA:622","EMP_TEMP_SEX_AGE_NB","SEX_F","AGE_5YRBANDS_Y30-34","2010",932.188,,,,"R1:3513"
"TUR","BA:622","EMP_TEMP_SEX_AGE_NB","SEX_F","AGE_5YRBANDS_Y35-39","2010",887.903,,,,"R1:3513"
"TUR","BA:622","EMP_TEMP_SEX_AGE_NB","SEX_F","AGE_5YRBANDS_Y40-44","2010",797.457,,,,"R1:3513"
"TUR","BA:622","EMP_TEMP_SEX_AGE_NB","SEX_F","AGE_5YRBANDS_Y45-49","2010",581.503,,,,"R1:3513"
"TUR","BA:622","EMP_TEMP_SEX_AGE_NB","SEX_F","AGE_5YRBANDS_Y50-54","2010",418.695,,,,"R1:3513"
"TUR","BA:622","EMP_TEMP_SEX_AGE_NB","SEX_F","AGE_5YRBANDS_Y55-59","2010",289.062,,,,"R1:3513"
"TUR","BA:622","EMP_TEMP_SEX_AGE_NB","SEX_F","AGE_5YRBANDS_Y60-64","2010",178.987,,,,"R1:3513"
"TUR","BA:622","EMP_TEMP_SEX_AGE_NB","SEX_F","AGE_5YRBANDS_YGE65","2010",165.914,,,,"R1:3513"
"TUR","BA:622","EMP_TEMP_SEX_AGE_NB","SEX_T","AGE_YTHADULT_YGE15","2009",21277.419,,,,"R1:3513"
"TUR","BA:622","EMP_TEMP_SEX_AGE_NB","SEX_T","AGE_YTHADULT_Y15-64","2009",20703.133,,,,"R1:3513"
"TUR","BA:622","EMP_TEMP_SEX_AGE_NB","SEX_T","AGE_YTHADULT_Y15-24","2009",3327.84,,,,"R1:3513"
"TUR","BA:622","EMP_TEMP_SEX_AGE_NB","SEX_T","AGE_YTHADULT_YGE25","2009",17949.579,,,,"R1:3513"
"TUR","BA:622","EMP_TEMP_SEX_AGE_NB","SEX_M","AGE_YTHADULT_YGE15","2009",15406.376,,,,"R1:3513"
"TUR","BA:622","EMP_TEMP_SEX_AGE_NB","SEX_M","AGE_YTHADULT_Y15-64","2009",14995.05,,,,"R1:3513"
"TUR","BA:622","EMP_TEMP_SEX_AGE_NB","SEX_M","AGE_YTHADULT_Y15-24","2009",2190.356,,,,"R1:3513"
"TUR","BA:622","EMP_TEMP_SEX_AGE_NB","SEX_M","AGE_YTHADULT_YGE25","2009",13216.02,,,,"R1:3513"
"TUR","BA:622","EMP_TEMP_SEX_AGE_NB","SEX_F","AGE_YTHADULT_YGE15","2009",5871.043,,,,"R1:3513"
"TUR","BA:622","EMP_TEMP_SEX_AGE_NB","SEX_F","AGE_YTHADULT_Y15-64","2009",5708.083,,,,"R1:3513"
"TUR","BA:622","EMP_TEMP_SEX_AGE_NB","SEX_F","AGE_YTHADULT_Y15-24","2009",1137.484,,,,"R1:3513"
"TUR","BA:622","EMP_TEMP_SEX_AGE_NB","SEX_F","AGE_YTHADULT_YGE25","2009",4733.559,,,,"R1:3513"
"TUR","BA:622","EMP_TEMP_SEX_AGE_NB","SEX_T","AGE_AGGREGATE_YGE15","2009",21277.419,,,,"R1:3513"
"TUR","BA:622","EMP_TEMP_SEX_AGE_NB","SEX_T","AGE_AGGREGATE_Y15-24","2009",3327.84,,,,"R1:3513"
"TUR","BA:622","EMP_TEMP_SEX_AGE_NB","SEX_T","AGE_AGGREGATE_Y25-54","2009",15927.173,,,,"R1:3513"
"TUR","BA:622","EMP_TEMP_SEX_AGE_NB","SEX_T","AGE_AGGREGATE_Y55-64","2009",1448.12,,,,"R1:3513"
"TUR","BA:622","EMP_TEMP_SEX_AGE_NB","SEX_T","AGE_AGGREGATE_YGE65","2009",574.286,,,,"R1:3513"
"TUR","BA:622","EMP_TEMP_SEX_AGE_NB","SEX_M","AGE_AGGREGATE_YGE15","2009",15406.376,,,,"R1:3513"
"TUR","BA:622","EMP_TEMP_SEX_AGE_NB","SEX_M","AGE_AGGREGATE_Y15-24","2009",2190.356,,,,"R1:3513"
"TUR","BA:622","EMP_TEMP_SEX_AGE_NB","SEX_M","AGE_AGGREGATE_Y25-54","2009",11779.25,,,,"R1:3513"
"TUR","BA:622","EMP_TEMP_SEX_AGE_NB","SEX_M","AGE_AGGREGATE_Y55-64","2009",1025.444,,,,"R1:3513"
"TUR","BA:622","EMP_TEMP_SEX_AGE_NB","SEX_M","AGE_AGGREGATE_YGE65","2009",411.326,,,,"R1:3513"
"TUR","BA:622","EMP_TEMP_SEX_AGE_NB","SEX_F","AGE_AGGREGATE_YGE15","2009",5871.043,,,,"R1:3513"
"TUR","BA:622","EMP_TEMP_SEX_AGE_NB","SEX_F","AGE_AGGREGATE_Y15-24","2009",1137.484,,,,"R1:3513"
"TUR","BA:622","EMP_TEMP_SEX_AGE_NB","SEX_F","AGE_AGGREGATE_Y25-54","2009",4147.922,,,,"R1:3513"
"TUR","BA:622","EMP_TEMP_SEX_AGE_NB","SEX_F","AGE_AGGREGATE_Y55-64","2009",422.676,,,,"R1:3513"
"TUR","BA:622","EMP_TEMP_SEX_AGE_NB","SEX_F","AGE_AGGREGATE_YGE65","2009",162.96,,,,"R1:3513"
"TUR","BA:622","EMP_TEMP_SEX_AGE_NB","SEX_T","AGE_10YRBANDS_YGE15","2009",21277.419,,,,"R1:3513"
"TUR","BA:622","EMP_TEMP_SEX_AGE_NB","SEX_T","AGE_10YRBANDS_Y15-24","2009",3327.84,,,,"R1:3513"
"TUR","BA:622","EMP_TEMP_SEX_AGE_NB","SEX_T","AGE_10YRBANDS_Y25-34","2009",6654.992,,,,"R1:3513"
"TUR","BA:622","EMP_TEMP_SEX_AGE_NB","SEX_T","AGE_10YRBANDS_Y35-44","2009",5724.873,,,,"R1:3513"
"TUR","BA:622","EMP_TEMP_SEX_AGE_NB","SEX_T","AGE_10YRBANDS_Y45-54","2009",3547.308,,,,"R1:3513"
"TUR","BA:622","EMP_TEMP_SEX_AGE_NB","SEX_T","AGE_10YRBANDS_Y55-64","2009",1448.12,,,,"R1:3513"
"TUR","BA:622","EMP_TEMP_SEX_AGE_NB","SEX_T","AGE_10YRBANDS_YGE65","2009",574.286,,,,"R1:3513"
"TUR","BA:622","EMP_TEMP_SEX_AGE_NB","SEX_M","AGE_10YRBANDS_YGE15","2009",15406.376,,,,"R1:3513"
"TUR","BA:622","EMP_TEMP_SEX_AGE_NB","SEX_M","AGE_10YRBANDS_Y15-24","2009",2190.356,,,,"R1:3513"
"TUR","BA:622","EMP_TEMP_SEX_AGE_NB","SEX_M","AGE_10YRBANDS_Y25-34","2009",4872.52,,,,"R1:3513"
"TUR","BA:622","EMP_TEMP_SEX_AGE_NB","SEX_M","AGE_10YRBANDS_Y35-44","2009",4250.295,,,,"R1:3513"
"TUR","BA:622","EMP_TEMP_SEX_AGE_NB","SEX_M","AGE_10YRBANDS_Y45-54","2009",2656.434,,,,"R1:3513"
"TUR","BA:622","EMP_TEMP_SEX_AGE_NB","SEX_M","AGE_10YRBANDS_Y55-64","2009",1025.444,,,,"R1:3513"
"TUR","BA:622","EMP_TEMP_SEX_AGE_NB","SEX_M","AGE_10YRBANDS_YGE65","2009",411.326,,,,"R1:3513"
"TUR","BA:622","EMP_TEMP_SEX_AGE_NB","SEX_F","AGE_10YRBANDS_YGE15","2009",5871.043,,,,"R1:3513"
"TUR","BA:622","EMP_TEMP_SEX_AGE_NB","SEX_F","AGE_10YRBANDS_Y15-24","2009",1137.484,,,,"R1:3513"
"TUR","BA:622","EMP_TEMP_SEX_AGE_NB","SEX_F","AGE_10YRBANDS_Y25-34","2009",1782.472,,,,"R1:3513"
"TUR","BA:622","EMP_TEMP_SEX_AGE_NB","SEX_F","AGE_10YRBANDS_Y35-44","2009",1474.577,,,,"R1:3513"
"TUR","BA:622","EMP_TEMP_SEX_AGE_NB","SEX_F","AGE_10YRBANDS_Y45-54","2009",890.873,,,,"R1:3513"
"TUR","BA:622","EMP_TEMP_SEX_AGE_NB","SEX_F","AGE_10YRBANDS_Y55-64","2009",422.676,,,,"R1:3513"
"TUR","BA:622","EMP_TEMP_SEX_AGE_NB","SEX_F","AGE_10YRBANDS_YGE65","2009",162.96,,,,"R1:3513"
"TUR","BA:622","EMP_TEMP_SEX_AGE_NB","SEX_T","AGE_5YRBANDS_YGE15","2009",21277.419,,,,"R1:3513"
"TUR","BA:622","EMP_TEMP_SEX_AGE_NB","SEX_T","AGE_5YRBANDS_Y15-19","2009",1297.728,,,,"R1:3513"
"TUR","BA:622","EMP_TEMP_SEX_AGE_NB","SEX_T","AGE_5YRBANDS_Y20-24","2009",2030.111,,,,"R1:3513"
"TUR","BA:622","EMP_TEMP_SEX_AGE_NB","SEX_T","AGE_5YRBANDS_Y25-29","2009",3328.377,,,,"R1:3513"
"TUR","BA:622","EMP_TEMP_SEX_AGE_NB","SEX_T","AGE_5YRBANDS_Y30-34","2009",3326.615,,,,"R1:3513"
"TUR","BA:622","EMP_TEMP_SEX_AGE_NB","SEX_T","AGE_5YRBANDS_Y35-39","2009",3043.981,,,,"R1:3513"
"TUR","BA:622","EMP_TEMP_SEX_AGE_NB","SEX_T","AGE_5YRBANDS_Y40-44","2009",2680.892,,,,"R1:3513"
"TUR","BA:622","EMP_TEMP_SEX_AGE_NB","SEX_T","AGE_5YRBANDS_Y45-49","2009",2099.598,,,,"R1:3513"
"TUR","BA:622","EMP_TEMP_SEX_AGE_NB","SEX_T","AGE_5YRBANDS_Y50-54","2009",1447.709,,,,"R1:3513"
"TUR","BA:622","EMP_TEMP_SEX_AGE_NB","SEX_T","AGE_5YRBANDS_Y55-59","2009",904.964,,,,"R1:3513"
"TUR","BA:622","EMP_TEMP_SEX_AGE_NB","SEX_T","AGE_5YRBANDS_Y60-64","2009",543.157,,,,"R1:3513"
"TUR","BA:622","EMP_TEMP_SEX_AGE_NB","SEX_T","AGE_5YRBANDS_YGE65","2009",574.286,,,,"R1:3513"
"TUR","BA:622","EMP_TEMP_SEX_AGE_NB","SEX_M","AGE_5YRBANDS_YGE15","2009",15406.376,,,,"R1:3513"
"TUR","BA:622","EMP_TEMP_SEX_AGE_NB","SEX_M","AGE_5YRBANDS_Y15-19","2009",893.982,,,,"R1:3513"
"TUR","BA:622","EMP_TEMP_SEX_AGE_NB","SEX_M","AGE_5YRBANDS_Y20-24","2009",1296.374,,,,"R1:3513"
"TUR","BA:622","EMP_TEMP_SEX_AGE_NB","SEX_M","AGE_5YRBANDS_Y25-29","2009",2416.48,,,,"R1:3513"
"TUR","BA:622","EMP_TEMP_SEX_AGE_NB","SEX_M","AGE_5YRBANDS_Y30-34","2009",2456.04,,,,"R1:3513"
"TUR","BA:622","EMP_TEMP_SEX_AGE_NB","SEX_M","AGE_5YRBANDS_Y35-39","2009",2247.662,,,,"R1:3513"
"TUR","BA:622","EMP_TEMP_SEX_AGE_NB","SEX_M","AGE_5YRBANDS_Y40-44","2009",2002.634,,,,"R1:3513"
"TUR","BA:622","EMP_TEMP_SEX_AGE_NB","SEX_M","AGE_5YRBANDS_Y45-49","2009",1589.965,,,,"R1:3513"
"TUR","BA:622","EMP_TEMP_SEX_AGE_NB","SEX_M","AGE_5YRBANDS_Y50-54","2009",1066.469,,,,"R1:3513"
"TUR","BA:622","EMP_TEMP_SEX_AGE_NB","SEX_M","AGE_5YRBANDS_Y55-59","2009",648.583,,,,"R1:3513"
"TUR","BA:622","EMP_TEMP_SEX_AGE_NB","SEX_M","AGE_5YRBANDS_Y60-64","2009",376.861,,,,"R1:3513"
"TUR","BA:622","EMP_TEMP_SEX_AGE_NB","SEX_M","AGE_5YRBANDS_YGE65","2009",411.326,,,,"R1:3513"
"TUR","BA:622","EMP_TEMP_SEX_AGE_NB","SEX_F","AGE_5YRBANDS_YGE15","2009",5871.043,,,,"R1:3513"
"TUR","BA:622","EMP_TEMP_SEX_AGE_NB","SEX_F","AGE_5YRBANDS_Y15-19","2009",403.746,,,,"R1:3513"
"TUR","BA:622","EMP_TEMP_SEX_AGE_NB","SEX_F","AGE_5YRBANDS_Y20-24","2009",733.738,,,,"R1:3513"
"TUR","BA:622","EMP_TEMP_SEX_AGE_NB","SEX_F","AGE_5YRBANDS_Y25-29","2009",911.897,,,,"R1:3513"
"TUR","BA:622","EMP_TEMP_SEX_AGE_NB","SEX_F","AGE_5YRBANDS_Y30-34","2009",870.575,,,,"R1:3513"
"TUR","BA:622","EMP_TEMP_SEX_AGE_NB","SEX_F","AGE_5YRBANDS_Y35-39","2009",796.319,,,,"R1:3513"
"TUR","BA:622","EMP_TEMP_SEX_AGE_NB","SEX_F","AGE_5YRBANDS_Y40-44","2009",678.258,,,,"R1:3513"
"TUR","BA:622","EMP_TEMP_SEX_AGE_NB","SEX_F","AGE_5YRBANDS_Y45-49","2009",509.634,,,,"R1:3513"
"TUR","BA:622","EMP_TEMP_SEX_AGE_NB","SEX_F","AGE_5YRBANDS_Y50-54","2009",381.24,,,,"R1:3513"
"TUR","BA:622","EMP_TEMP_SEX_AGE_NB","SEX_F","AGE_5YRBANDS_Y55-59","2009",256.38,,,,"R1:3513"
"TUR","BA:622","EMP_TEMP_SEX_AGE_NB","SEX_F","AGE_5YRBANDS_Y60-64","2009",166.296,,,,"R1:3513"
"TUR","BA:622","EMP_TEMP_SEX_AGE_NB","SEX_F","AGE_5YRBANDS_YGE65","2009",162.96,,,,"R1:3513"
"TUR","BA:622","EMP_TEMP_SEX_AGE_NB","SEX_T","AGE_YTHADULT_YGE15","2008",21193.619,,,,"R1:3513"
"TUR","BA:622","EMP_TEMP_SEX_AGE_NB","SEX_T","AGE_YTHADULT_Y15-64","2008",20636,,,,"R1:3513"
"TUR","BA:622","EMP_TEMP_SEX_AGE_NB","SEX_T","AGE_YTHADULT_Y15-24","2008",3483.753,,,,"R1:3513"
"TUR","BA:622","EMP_TEMP_SEX_AGE_NB","SEX_T","AGE_YTHADULT_YGE25","2008",17709.866,,,,"R1:3513"
"TUR","BA:622","EMP_TEMP_SEX_AGE_NB","SEX_M","AGE_YTHADULT_YGE15","2008",15598.358,,,,"R1:3513"
"TUR","BA:622","EMP_TEMP_SEX_AGE_NB","SEX_M","AGE_YTHADULT_Y15-64","2008",15196.513,,,,"R1:3513"
"TUR","BA:622","EMP_TEMP_SEX_AGE_NB","SEX_M","AGE_YTHADULT_Y15-24","2008",2320.648,,,,"R1:3513"
"TUR","BA:622","EMP_TEMP_SEX_AGE_NB","SEX_M","AGE_YTHADULT_YGE25","2008",13277.709,,,,"R1:3513"
"TUR","BA:622","EMP_TEMP_SEX_AGE_NB","SEX_F","AGE_YTHADULT_YGE15","2008",5595.261,,,,"R1:3513"
"TUR","BA:622","EMP_TEMP_SEX_AGE_NB","SEX_F","AGE_YTHADULT_Y15-64","2008",5439.488,,,,"R1:3513"
"TUR","BA:622","EMP_TEMP_SEX_AGE_NB","SEX_F","AGE_YTHADULT_Y15-24","2008",1163.104,,,,"R1:3513"
"TUR","BA:622","EMP_TEMP_SEX_AGE_NB","SEX_F","AGE_YTHADULT_YGE25","2008",4432.156,,,,"R1:3513"
"TUR","BA:622","EMP_TEMP_SEX_AGE_NB","SEX_T","AGE_AGGREGATE_YGE15","2008",21193.619,,,,"R1:3513"
"TUR","BA:622","EMP_TEMP_SEX_AGE_NB","SEX_T","AGE_AGGREGATE_Y15-24","2008",3483.753,,,,"R1:3513"
"TUR","BA:622","EMP_TEMP_SEX_AGE_NB","SEX_T","AGE_AGGREGATE_Y25-54","2008",15807.994,,,,"R1:3513"
"TUR","BA:622","EMP_TEMP_SEX_AGE_NB","SEX_T","AGE_AGGREGATE_Y55-64","2008",1344.253,,,,"R1:3513"
"TUR","BA:622","EMP_TEMP_SEX_AGE_NB","SEX_T","AGE_AGGREGATE_YGE65","2008",557.618,,,,"R1:3513"
"TUR","BA:622","EMP_TEMP_SEX_AGE_NB","SEX_M","AGE_AGGREGATE_YGE15","2008",15598.358,,,,"R1:3513"
"TUR","BA:622","EMP_TEMP_SEX_AGE_NB","SEX_M","AGE_AGGREGATE_Y15-24","2008",2320.648,,,,"R1:3513"
"TUR","BA:622","EMP_TEMP_SEX_AGE_NB","SEX_M","AGE_AGGREGATE_Y25-54","2008",11905.75,,,,"R1:3513"
"TUR","BA:622","EMP_TEMP_SEX_AGE_NB","SEX_M","AGE_AGGREGATE_Y55-64","2008",970.114,,,,"R1:3513"
"TUR","BA:622","EMP_TEMP_SEX_AGE_NB","SEX_M","AGE_AGGREGATE_YGE65","2008",401.845,,,,"R1:3513"
"TUR","BA:622","EMP_TEMP_SEX_AGE_NB","SEX_F","AGE_AGGREGATE_YGE15","2008",5595.261,,,,"R1:3513"
"TUR","BA:622","EMP_TEMP_SEX_AGE_NB","SEX_F","AGE_AGGREGATE_Y15-24","2008",1163.104,,,,"R1:3513"
"TUR","BA:622","EMP_TEMP_SEX_AGE_NB","SEX_F","AGE_AGGREGATE_Y25-54","2008",3902.244,,,,"R1:3513"
"TUR","BA:622","EMP_TEMP_SEX_AGE_NB","SEX_F","AGE_AGGREGATE_Y55-64","2008",374.139,,,,"R1:3513"
"TUR","BA:622","EMP_TEMP_SEX_AGE_NB","SEX_F","AGE_AGGREGATE_YGE65","2008",155.773,,,,"R1:3513"
"TUR","BA:622","EMP_TEMP_SEX_AGE_NB","SEX_T","AGE_10YRBANDS_YGE15","2008",21193.619,,,,"R1:3513"
"TUR","BA:622","EMP_TEMP_SEX_AGE_NB","SEX_T","AGE_10YRBANDS_Y15-24","2008",3483.753,,,,"R1:3513"
"TUR","BA:622","EMP_TEMP_SEX_AGE_NB","SEX_T","AGE_10YRBANDS_Y25-34","2008",6703.02,,,,"R1:3513"
"TUR","BA:622","EMP_TEMP_SEX_AGE_NB","SEX_T","AGE_10YRBANDS_Y35-44","2008",5665.109,,,,"R1:3513"
"TUR","BA:622","EMP_TEMP_SEX_AGE_NB","SEX_T","AGE_10YRBANDS_Y45-54","2008",3439.865,,,,"R1:3513"
"TUR","BA:622","EMP_TEMP_SEX_AGE_NB","SEX_T","AGE_10YRBANDS_Y55-64","2008",1344.253,,,,"R1:3513"
"TUR","BA:622","EMP_TEMP_SEX_AGE_NB","SEX_T","AGE_10YRBANDS_YGE65","2008",557.618,,,,"R1:3513"
"TUR","BA:622","EMP_TEMP_SEX_AGE_NB","SEX_M","AGE_10YRBANDS_YGE15","2008",15598.358,,,,"R1:3513"
"TUR","BA:622","EMP_TEMP_SEX_AGE_NB","SEX_M","AGE_10YRBANDS_Y15-24","2008",2320.648,,,,"R1:3513"
"TUR","BA:622","EMP_TEMP_SEX_AGE_NB","SEX_M","AGE_10YRBANDS_Y25-34","2008",5015.567,,,,"R1:3513"
"TUR","BA:622","EMP_TEMP_SEX_AGE_NB","SEX_M","AGE_10YRBANDS_Y35-44","2008",4284.182,,,,"R1:3513"
"TUR","BA:622","EMP_TEMP_SEX_AGE_NB","SEX_M","AGE_10YRBANDS_Y45-54","2008",2606.001,,,,"R1:3513"
"TUR","BA:622","EMP_TEMP_SEX_AGE_NB","SEX_M","AGE_10YRBANDS_Y55-64","2008",970.114,,,,"R1:3513"
"TUR","BA:622","EMP_TEMP_SEX_AGE_NB","SEX_M","AGE_10YRBANDS_YGE65","2008",401.845,,,,"R1:3513"
"TUR","BA:622","EMP_TEMP_SEX_AGE_NB","SEX_F","AGE_10YRBANDS_YGE15","2008",5595.261,,,,"R1:3513"
"TUR","BA:622","EMP_TEMP_SEX_AGE_NB","SEX_F","AGE_10YRBANDS_Y15-24","2008",1163.104,,,,"R1:3513"
"TUR","BA:622","EMP_TEMP_SEX_AGE_NB","SEX_F","AGE_10YRBANDS_Y25-34","2008",1687.453,,,,"R1:3513"
"TUR","BA:622","EMP_TEMP_SEX_AGE_NB","SEX_F","AGE_10YRBANDS_Y35-44","2008",1380.927,,,,"R1:3513"
"TUR","BA:622","EMP_TEMP_SEX_AGE_NB","SEX_F","AGE_10YRBANDS_Y45-54","2008",833.864,,,,"R1:3513"
"TUR","BA:622","EMP_TEMP_SEX_AGE_NB","SEX_F","AGE_10YRBANDS_Y55-64","2008",374.139,,,,"R1:3513"
"TUR","BA:622","EMP_TEMP_SEX_AGE_NB","SEX_F","AGE_10YRBANDS_YGE65","2008",155.773,,,,"R1:3513"
"TUR","BA:622","EMP_TEMP_SEX_AGE_NB","SEX_T","AGE_5YRBANDS_YGE15","2008",21193.619,,,,"R1:3513"
"TUR","BA:622","EMP_TEMP_SEX_AGE_NB","SEX_T","AGE_5YRBANDS_Y15-19","2008",1350.701,,,,"R1:3513"
"TUR","BA:622","EMP_TEMP_SEX_AGE_NB","SEX_T","AGE_5YRBANDS_Y20-24","2008",2133.052,,,,"R1:3513"
"TUR","BA:622","EMP_TEMP_SEX_AGE_NB","SEX_T","AGE_5YRBANDS_Y25-29","2008",3453.595,,,,"R1:3513"
"TUR","BA:622","EMP_TEMP_SEX_AGE_NB","SEX_T","AGE_5YRBANDS_Y30-34","2008",3249.425,,,,"R1:3513"
"TUR","BA:622","EMP_TEMP_SEX_AGE_NB","SEX_T","AGE_5YRBANDS_Y35-39","2008",3050.486,,,,"R1:3513"
"TUR","BA:622","EMP_TEMP_SEX_AGE_NB","SEX_T","AGE_5YRBANDS_Y40-44","2008",2614.623,,,,"R1:3513"
"TUR","BA:622","EMP_TEMP_SEX_AGE_NB","SEX_T","AGE_5YRBANDS_Y45-49","2008",2042.264,,,,"R1:3513"
"TUR","BA:622","EMP_TEMP_SEX_AGE_NB","SEX_T","AGE_5YRBANDS_Y50-54","2008",1397.601,,,,"R1:3513"
"TUR","BA:622","EMP_TEMP_SEX_AGE_NB","SEX_T","AGE_5YRBANDS_Y55-59","2008",840.875,,,,"R1:3513"
"TUR","BA:622","EMP_TEMP_SEX_AGE_NB","SEX_T","AGE_5YRBANDS_Y60-64","2008",503.379,,,,"R1:3513"
"TUR","BA:622","EMP_TEMP_SEX_AGE_NB","SEX_T","AGE_5YRBANDS_YGE65","2008",557.618,,,,"R1:3513"
"TUR","BA:622","EMP_TEMP_SEX_AGE_NB","SEX_M","AGE_5YRBANDS_YGE15","2008",15598.358,,,,"R1:3513"
"TUR","BA:622","EMP_TEMP_SEX_AGE_NB","SEX_M","AGE_5YRBANDS_Y15-19","2008",940.421,,,,"R1:3513"
"TUR","BA:622","EMP_TEMP_SEX_AGE_NB","SEX_M","AGE_5YRBANDS_Y20-24","2008",1380.228,,,,"R1:3513"
"TUR","BA:622","EMP_TEMP_SEX_AGE_NB","SEX_M","AGE_5YRBANDS_Y25-29","2008",2551.591,,,,"R1:3513"
"TUR","BA:622","EMP_TEMP_SEX_AGE_NB","SEX_M","AGE_5YRBANDS_Y30-34","2008",2463.975,,,,"R1:3513"
"TUR","BA:622","EMP_TEMP_SEX_AGE_NB","SEX_M","AGE_5YRBANDS_Y35-39","2008",2280.556,,,,"R1:3513"
"TUR","BA:622","EMP_TEMP_SEX_AGE_NB","SEX_M","AGE_5YRBANDS_Y40-44","2008",2003.626,,,,"R1:3513"
"TUR","BA:622","EMP_TEMP_SEX_AGE_NB","SEX_M","AGE_5YRBANDS_Y45-49","2008",1555.517,,,,"R1:3513"
"TUR","BA:622","EMP_TEMP_SEX_AGE_NB","SEX_M","AGE_5YRBANDS_Y50-54","2008",1050.485,,,,"R1:3513"
"TUR","BA:622","EMP_TEMP_SEX_AGE_NB","SEX_M","AGE_5YRBANDS_Y55-59","2008",613.242,,,,"R1:3513"
"TUR","BA:622","EMP_TEMP_SEX_AGE_NB","SEX_M","AGE_5YRBANDS_Y60-64","2008",356.872,,,,"R1:3513"
"TUR","BA:622","EMP_TEMP_SEX_AGE_NB","SEX_M","AGE_5YRBANDS_YGE65","2008",401.845,,,,"R1:3513"
"TUR","BA:622","EMP_TEMP_SEX_AGE_NB","SEX_F","AGE_5YRBANDS_YGE15","2008",5595.261,,,,"R1:3513"
"TUR","BA:622","EMP_TEMP_SEX_AGE_NB","SEX_F","AGE_5YRBANDS_Y15-19","2008",410.28,,,,"R1:3513"
"TUR","BA:622","EMP_TEMP_SEX_AGE_NB","SEX_F","AGE_5YRBANDS_Y20-24","2008",752.824,,,,"R1:3513"
"TUR","BA:622","EMP_TEMP_SEX_AGE_NB","SEX_F","AGE_5YRBANDS_Y25-29","2008",902.003,,,,"R1:3513"
"TUR","BA:622","EMP_TEMP_SEX_AGE_NB","SEX_F","AGE_5YRBANDS_Y30-34","2008",785.45,,,,"R1:3513"
"TUR","BA:622","EMP_TEMP_SEX_AGE_NB","SEX_F","AGE_5YRBANDS_Y35-39","2008",769.93,,,,"R1:3513"
"TUR","BA:622","EMP_TEMP_SEX_AGE_NB","SEX_F","AGE_5YRBANDS_Y40-44","2008",610.997,,,,"R1:3513"
"TUR","BA:622","EMP_TEMP_SEX_AGE_NB","SEX_F","AGE_5YRBANDS_Y45-49","2008",486.747,,,,"R1:3513"
"TUR","BA:622","EMP_TEMP_SEX_AGE_NB","SEX_F","AGE_5YRBANDS_Y50-54","2008",347.117,,,,"R1:3513"
"TUR","BA:622","EMP_TEMP_SEX_AGE_NB","SEX_F","AGE_5YRBANDS_Y55-59","2008",227.632,,,,"R1:3513"
"TUR","BA:622","EMP_TEMP_SEX_AGE_NB","SEX_F","AGE_5YRBANDS_Y60-64","2008",146.506,,,,"R1:3513"
"TUR","BA:622","EMP_TEMP_SEX_AGE_NB","SEX_F","AGE_5YRBANDS_YGE65","2008",155.773,,,,"R1:3513"
"TUR","BA:622","EMP_TEMP_SEX_AGE_NB","SEX_T","AGE_YTHADULT_YGE15","2007",20737.647,,,,"R1:3513"
"TUR","BA:622","EMP_TEMP_SEX_AGE_NB","SEX_T","AGE_YTHADULT_Y15-64","2007",20204.776,,,,"R1:3513"
"TUR","BA:622","EMP_TEMP_SEX_AGE_NB","SEX_T","AGE_YTHADULT_Y15-24","2007",3492.749,,,,"R1:3513"
"TUR","BA:622","EMP_TEMP_SEX_AGE_NB","SEX_T","AGE_YTHADULT_YGE25","2007",17244.899,,,,"R1:3513"
"TUR","BA:622","EMP_TEMP_SEX_AGE_NB","SEX_M","AGE_YTHADULT_YGE15","2007",15381.886,,,,"R1:3513"
"TUR","BA:622","EMP_TEMP_SEX_AGE_NB","SEX_M","AGE_YTHADULT_Y15-64","2007",15000.735,,,,"R1:3513"
"TUR","BA:622","EMP_TEMP_SEX_AGE_NB","SEX_M","AGE_YTHADULT_Y15-24","2007",2344.958,,,,"R1:3513"
"TUR","BA:622","EMP_TEMP_SEX_AGE_NB","SEX_M","AGE_YTHADULT_YGE25","2007",13036.928,,,,"R1:3513"
"TUR","BA:622","EMP_TEMP_SEX_AGE_NB","SEX_F","AGE_YTHADULT_YGE15","2007",5355.762,,,,"R1:3513"
"TUR","BA:622","EMP_TEMP_SEX_AGE_NB","SEX_F","AGE_YTHADULT_Y15-64","2007",5204.042,,,,"R1:3513"
"TUR","BA:622","EMP_TEMP_SEX_AGE_NB","SEX_F","AGE_YTHADULT_Y15-24","2007",1147.791,,,,"R1:3513"
"TUR","BA:622","EMP_TEMP_SEX_AGE_NB","SEX_F","AGE_YTHADULT_YGE25","2007",4207.971,,,,"R1:3513"
"TUR","BA:622","EMP_TEMP_SEX_AGE_NB","SEX_T","AGE_AGGREGATE_YGE15","2007",20737.647,,,,"R1:3513"
"TUR","BA:622","EMP_TEMP_SEX_AGE_NB","SEX_T","AGE_AGGREGATE_Y15-24","2007",3492.749,,,,"R1:3513"
"TUR","BA:622","EMP_TEMP_SEX_AGE_NB","SEX_T","AGE_AGGREGATE_Y25-54","2007",15434.241,,,,"R1:3513"
"TUR","BA:622","EMP_TEMP_SEX_AGE_NB","SEX_T","AGE_AGGREGATE_Y55-64","2007",1277.787,,,,"R1:3513"
"TUR","BA:622","EMP_TEMP_SEX_AGE_NB","SEX_T","AGE_AGGREGATE_YGE65","2007",532.871,,,,"R1:3513"
"TUR","BA:622","EMP_TEMP_SEX_AGE_NB","SEX_M","AGE_AGGREGATE_YGE15","2007",15381.886,,,,"R1:3513"
"TUR","BA:622","EMP_TEMP_SEX_AGE_NB","SEX_M","AGE_AGGREGATE_Y15-24","2007",2344.958,,,,"R1:3513"
"TUR","BA:622","EMP_TEMP_SEX_AGE_NB","SEX_M","AGE_AGGREGATE_Y25-54","2007",11734.739,,,,"R1:3513"
"TUR","BA:622","EMP_TEMP_SEX_AGE_NB","SEX_M","AGE_AGGREGATE_Y55-64","2007",921.038,,,,"R1:3513"
"TUR","BA:622","EMP_TEMP_SEX_AGE_NB","SEX_M","AGE_AGGREGATE_YGE65","2007",381.151,,,,"R1:3513"
"TUR","BA:622","EMP_TEMP_SEX_AGE_NB","SEX_F","AGE_AGGREGATE_YGE15","2007",5355.762,,,,"R1:3513"
"TUR","BA:622","EMP_TEMP_SEX_AGE_NB","SEX_F","AGE_AGGREGATE_Y15-24","2007",1147.791,,,,"R1:3513"
"TUR","BA:622","EMP_TEMP_SEX_AGE_NB","SEX_F","AGE_AGGREGATE_Y25-54","2007",3699.502,,,,"R1:3513"
"TUR","BA:622","EMP_TEMP_SEX_AGE_NB","SEX_F","AGE_AGGREGATE_Y55-64","2007",356.749,,,,"R1:3513"
"TUR","BA:622","EMP_TEMP_SEX_AGE_NB","SEX_F","AGE_AGGREGATE_YGE65","2007",151.72,,,,"R1:3513"
"TUR","BA:622","EMP_TEMP_SEX_AGE_NB","SEX_T","AGE_10YRBANDS_YGE15","2007",20737.647,,,,"R1:3513"
"TUR","BA:622","EMP_TEMP_SEX_AGE_NB","SEX_T","AGE_10YRBANDS_Y15-24","2007",3492.749,,,,"R1:3513"
"TUR","BA:622","EMP_TEMP_SEX_AGE_NB","SEX_T","AGE_10YRBANDS_Y25-34","2007",6570.277,,,,"R1:3513"
"TUR","BA:622","EMP_TEMP_SEX_AGE_NB","SEX_T","AGE_10YRBANDS_Y35-44","2007",5556.629,,,,"R1:3513"
"TUR","BA:622","EMP_TEMP_SEX_AGE_NB","SEX_T","AGE_10YRBANDS_Y45-54","2007",3307.335,,,,"R1:3513"
"TUR","BA:622","EMP_TEMP_SEX_AGE_NB","SEX_T","AGE_10YRBANDS_Y55-64","2007",1277.787,,,,"R1:3513"
"TUR","BA:622","EMP_TEMP_SEX_AGE_NB","SEX_T","AGE_10YRBANDS_YGE65","2007",532.871,,,,"R1:3513"
"TUR","BA:622","EMP_TEMP_SEX_AGE_NB","SEX_M","AGE_10YRBANDS_YGE15","2007",15381.886,,,,"R1:3513"
"TUR","BA:622","EMP_TEMP_SEX_AGE_NB","SEX_M","AGE_10YRBANDS_Y15-24","2007",2344.958,,,,"R1:3513"
"TUR","BA:622","EMP_TEMP_SEX_AGE_NB","SEX_M","AGE_10YRBANDS_Y25-34","2007",4959.868,,,,"R1:3513"
"TUR","BA:622","EMP_TEMP_SEX_AGE_NB","SEX_M","AGE_10YRBANDS_Y35-44","2007",4243.045,,,,"R1:3513"
"TUR","BA:622","EMP_TEMP_SEX_AGE_NB","SEX_M","AGE_10YRBANDS_Y45-54","2007",2531.826,,,,"R1:3513"
"TUR","BA:622","EMP_TEMP_SEX_AGE_NB","SEX_M","AGE_10YRBANDS_Y55-64","2007",921.038,,,,"R1:3513"
"TUR","BA:622","EMP_TEMP_SEX_AGE_NB","SEX_M","AGE_10YRBANDS_YGE65","2007",381.151,,,,"R1:3513"
"TUR","BA:622","EMP_TEMP_SEX_AGE_NB","SEX_F","AGE_10YRBANDS_YGE15","2007",5355.762,,,,"R1:3513"
"TUR","BA:622","EMP_TEMP_SEX_AGE_NB","SEX_F","AGE_10YRBANDS_Y15-24","2007",1147.791,,,,"R1:3513"
"TUR","BA:622","EMP_TEMP_SEX_AGE_NB","SEX_F","AGE_10YRBANDS_Y25-34","2007",1610.408,,,,"R1:3513"
"TUR","BA:622","EMP_TEMP_SEX_AGE_NB","SEX_F","AGE_10YRBANDS_Y35-44","2007",1313.584,,,,"R1:3513"
"TUR","BA:622","EMP_TEMP_SEX_AGE_NB","SEX_F","AGE_10YRBANDS_Y45-54","2007",775.509,,,,"R1:3513"
"TUR","BA:622","EMP_TEMP_SEX_AGE_NB","SEX_F","AGE_10YRBANDS_Y55-64","2007",356.749,,,,"R1:3513"
"TUR","BA:622","EMP_TEMP_SEX_AGE_NB","SEX_F","AGE_10YRBANDS_YGE65","2007",151.72,,,,"R1:3513"
"TUR","BA:622","EMP_TEMP_SEX_AGE_NB","SEX_T","AGE_5YRBANDS_YGE15","2007",20737.647,,,,"R1:3513"
"TUR","BA:622","EMP_TEMP_SEX_AGE_NB","SEX_T","AGE_5YRBANDS_Y15-19","2007",1324.34,,,,"R1:3513"
"TUR","BA:622","EMP_TEMP_SEX_AGE_NB","SEX_T","AGE_5YRBANDS_Y20-24","2007",2168.408,,,,"R1:3513"
"TUR","BA:622","EMP_TEMP_SEX_AGE_NB","SEX_T","AGE_5YRBANDS_Y25-29","2007",3380.789,,,,"R1:3513"
"TUR","BA:622","EMP_TEMP_SEX_AGE_NB","SEX_T","AGE_5YRBANDS_Y30-34","2007",3189.487,,,,"R1:3513"
"TUR","BA:622","EMP_TEMP_SEX_AGE_NB","SEX_T","AGE_5YRBANDS_Y35-39","2007",2973.719,,,,"R1:3513"
"TUR","BA:622","EMP_TEMP_SEX_AGE_NB","SEX_T","AGE_5YRBANDS_Y40-44","2007",2582.91,,,,"R1:3513"
"TUR","BA:622","EMP_TEMP_SEX_AGE_NB","SEX_T","AGE_5YRBANDS_Y45-49","2007",1983.693,,,,"R1:3513"
"TUR","BA:622","EMP_TEMP_SEX_AGE_NB","SEX_T","AGE_5YRBANDS_Y50-54","2007",1323.643,,,,"R1:3513"
"TUR","BA:622","EMP_TEMP_SEX_AGE_NB","SEX_T","AGE_5YRBANDS_Y55-59","2007",793.585,,,,"R1:3513"
"TUR","BA:622","EMP_TEMP_SEX_AGE_NB","SEX_T","AGE_5YRBANDS_Y60-64","2007",484.202,,,,"R1:3513"
"TUR","BA:622","EMP_TEMP_SEX_AGE_NB","SEX_T","AGE_5YRBANDS_YGE65","2007",532.871,,,,"R1:3513"
"TUR","BA:622","EMP_TEMP_SEX_AGE_NB","SEX_M","AGE_5YRBANDS_YGE15","2007",15381.886,,,,"R1:3513"
"TUR","BA:622","EMP_TEMP_SEX_AGE_NB","SEX_M","AGE_5YRBANDS_Y15-19","2007",925.119,,,,"R1:3513"
"TUR","BA:622","EMP_TEMP_SEX_AGE_NB","SEX_M","AGE_5YRBANDS_Y20-24","2007",1419.839,,,,"R1:3513"
"TUR","BA:622","EMP_TEMP_SEX_AGE_NB","SEX_M","AGE_5YRBANDS_Y25-29","2007",2523.276,,,,"R1:3513"
"TUR","BA:622","EMP_TEMP_SEX_AGE_NB","SEX_M","AGE_5YRBANDS_Y30-34","2007",2436.593,,,,"R1:3513"
"TUR","BA:622","EMP_TEMP_SEX_AGE_NB","SEX_M","AGE_5YRBANDS_Y35-39","2007",2253.913,,,,"R1:3513"
"TUR","BA:622","EMP_TEMP_SEX_AGE_NB","SEX_M","AGE_5YRBANDS_Y40-44","2007",1989.132,,,,"R1:3513"
"TUR","BA:622","EMP_TEMP_SEX_AGE_NB","SEX_M","AGE_5YRBANDS_Y45-49","2007",1530.576,,,,"R1:3513"
"TUR","BA:622","EMP_TEMP_SEX_AGE_NB","SEX_M","AGE_5YRBANDS_Y50-54","2007",1001.25,,,,"R1:3513"
"TUR","BA:622","EMP_TEMP_SEX_AGE_NB","SEX_M","AGE_5YRBANDS_Y55-59","2007",580.485,,,,"R1:3513"
"TUR","BA:622","EMP_TEMP_SEX_AGE_NB","SEX_M","AGE_5YRBANDS_Y60-64","2007",340.552,,,,"R1:3513"
"TUR","BA:622","EMP_TEMP_SEX_AGE_NB","SEX_M","AGE_5YRBANDS_YGE65","2007",381.151,,,,"R1:3513"
"TUR","BA:622","EMP_TEMP_SEX_AGE_NB","SEX_F","AGE_5YRBANDS_YGE15","2007",5355.762,,,,"R1:3513"
"TUR","BA:622","EMP_TEMP_SEX_AGE_NB","SEX_F","AGE_5YRBANDS_Y15-19","2007",399.222,,,,"R1:3513"
"TUR","BA:622","EMP_TEMP_SEX_AGE_NB","SEX_F","AGE_5YRBANDS_Y20-24","2007",748.569,,,,"R1:3513"
"TUR","BA:622","EMP_TEMP_SEX_AGE_NB","SEX_F","AGE_5YRBANDS_Y25-29","2007",857.514,,,,"R1:3513"
"TUR","BA:622","EMP_TEMP_SEX_AGE_NB","SEX_F","AGE_5YRBANDS_Y30-34","2007",752.895,,,,"R1:3513"
"TUR","BA:622","EMP_TEMP_SEX_AGE_NB","SEX_F","AGE_5YRBANDS_Y35-39","2007",719.806,,,,"R1:3513"
"TUR","BA:622","EMP_TEMP_SEX_AGE_NB","SEX_F","AGE_5YRBANDS_Y40-44","2007",593.778,,,,"R1:3513"
"TUR","BA:622","EMP_TEMP_SEX_AGE_NB","SEX_F","AGE_5YRBANDS_Y45-49","2007",453.117,,,,"R1:3513"
"TUR","BA:622","EMP_TEMP_SEX_AGE_NB","SEX_F","AGE_5YRBANDS_Y50-54","2007",322.393,,,,"R1:3513"
"TUR","BA:622","EMP_TEMP_SEX_AGE_NB","SEX_F","AGE_5YRBANDS_Y55-59","2007",213.1,,,,"R1:3513"
"TUR","BA:622","EMP_TEMP_SEX_AGE_NB","SEX_F","AGE_5YRBANDS_Y60-64","2007",143.649,,,,"R1:3513"
"TUR","BA:622","EMP_TEMP_SEX_AGE_NB","SEX_F","AGE_5YRBANDS_YGE65","2007",151.72,,,,"R1:3513"
"TUR","BA:622","EMP_TEMP_SEX_AGE_NB","SEX_T","AGE_YTHADULT_YGE15","2006",20423.095,,,,"R1:3513"
"TUR","BA:622","EMP_TEMP_SEX_AGE_NB","SEX_T","AGE_YTHADULT_Y15-64","2006",19875.785,,,,"R1:3513"
"TUR","BA:622","EMP_TEMP_SEX_AGE_NB","SEX_T","AGE_YTHADULT_Y15-24","2006",3533.408,,,,"R1:3513"
"TUR","BA:622","EMP_TEMP_SEX_AGE_NB","SEX_T","AGE_YTHADULT_YGE25","2006",16889.687,,,,"R1:3513"
"TUR","BA:622","EMP_TEMP_SEX_AGE_NB","SEX_M","AGE_YTHADULT_YGE15","2006",15165.065,,,,"R1:3513"
"TUR","BA:622","EMP_TEMP_SEX_AGE_NB","SEX_M","AGE_YTHADULT_Y15-64","2006",14765.04,,,,"R1:3513"
"TUR","BA:622","EMP_TEMP_SEX_AGE_NB","SEX_M","AGE_YTHADULT_Y15-24","2006",2376.72,,,,"R1:3513"
"TUR","BA:622","EMP_TEMP_SEX_AGE_NB","SEX_M","AGE_YTHADULT_YGE25","2006",12788.345,,,,"R1:3513"
"TUR","BA:622","EMP_TEMP_SEX_AGE_NB","SEX_F","AGE_YTHADULT_YGE15","2006",5258.03,,,,"R1:3513"
"TUR","BA:622","EMP_TEMP_SEX_AGE_NB","SEX_F","AGE_YTHADULT_Y15-64","2006",5110.745,,,,"R1:3513"
"TUR","BA:622","EMP_TEMP_SEX_AGE_NB","SEX_F","AGE_YTHADULT_Y15-24","2006",1156.688,,,,"R1:3513"
"TUR","BA:622","EMP_TEMP_SEX_AGE_NB","SEX_F","AGE_YTHADULT_YGE25","2006",4101.342,,,,"R1:3513"
"TUR","BA:622","EMP_TEMP_SEX_AGE_NB","SEX_T","AGE_AGGREGATE_YGE15","2006",20423.095,,,,"R1:3513"
"TUR","BA:622","EMP_TEMP_SEX_AGE_NB","SEX_T","AGE_AGGREGATE_Y15-24","2006",3533.408,,,,"R1:3513"
"TUR","BA:622","EMP_TEMP_SEX_AGE_NB","SEX_T","AGE_AGGREGATE_Y25-54","2006",15087.478,,,,"R1:3513"
"TUR","BA:622","EMP_TEMP_SEX_AGE_NB","SEX_T","AGE_AGGREGATE_Y55-64","2006",1254.899,,,,"R1:3513"
"TUR","BA:622","EMP_TEMP_SEX_AGE_NB","SEX_T","AGE_AGGREGATE_YGE65","2006",547.31,,,,"R1:3513"
"TUR","BA:622","EMP_TEMP_SEX_AGE_NB","SEX_M","AGE_AGGREGATE_YGE15","2006",15165.065,,,,"R1:3513"
"TUR","BA:622","EMP_TEMP_SEX_AGE_NB","SEX_M","AGE_AGGREGATE_Y15-24","2006",2376.72,,,,"R1:3513"
"TUR","BA:622","EMP_TEMP_SEX_AGE_NB","SEX_M","AGE_AGGREGATE_Y25-54","2006",11482.775,,,,"R1:3513"
"TUR","BA:622","EMP_TEMP_SEX_AGE_NB","SEX_M","AGE_AGGREGATE_Y55-64","2006",905.545,,,,"R1:3513"
"TUR","BA:622","EMP_TEMP_SEX_AGE_NB","SEX_M","AGE_AGGREGATE_YGE65","2006",400.025,,,,"R1:3513"
"TUR","BA:622","EMP_TEMP_SEX_AGE_NB","SEX_F","AGE_AGGREGATE_YGE15","2006",5258.03,,,,"R1:3513"
"TUR","BA:622","EMP_TEMP_SEX_AGE_NB","SEX_F","AGE_AGGREGATE_Y15-24","2006",1156.688,,,,"R1:3513"
"TUR","BA:622","EMP_TEMP_SEX_AGE_NB","SEX_F","AGE_AGGREGATE_Y25-54","2006",3604.703,,,,"R1:3513"
"TUR","BA:622","EMP_TEMP_SEX_AGE_NB","SEX_F","AGE_AGGREGATE_Y55-64","2006",349.354,,,,"R1:3513"
"TUR","BA:622","EMP_TEMP_SEX_AGE_NB","SEX_F","AGE_AGGREGATE_YGE65","2006",147.285,,,,"R1:3513"
"TUR","BA:622","EMP_TEMP_SEX_AGE_NB","SEX_T","AGE_10YRBANDS_YGE15","2006",20423.095,,,,"R1:3513"
"TUR","BA:622","EMP_TEMP_SEX_AGE_NB","SEX_T","AGE_10YRBANDS_Y15-24","2006",3533.408,,,,"R1:3513"
"TUR","BA:622","EMP_TEMP_SEX_AGE_NB","SEX_T","AGE_10YRBANDS_Y25-34","2006",6414.4,,,,"R1:3513"
"TUR","BA:622","EMP_TEMP_SEX_AGE_NB","SEX_T","AGE_10YRBANDS_Y35-44","2006",5431.463,,,,"R1:3513"
"TUR","BA:622","EMP_TEMP_SEX_AGE_NB","SEX_T","AGE_10YRBANDS_Y45-54","2006",3241.615,,,,"R1:3513"
"TUR","BA:622","EMP_TEMP_SEX_AGE_NB","SEX_T","AGE_10YRBANDS_Y55-64","2006",1254.899,,,,"R1:3513"
"TUR","BA:622","EMP_TEMP_SEX_AGE_NB","SEX_T","AGE_10YRBANDS_YGE65","2006",547.31,,,,"R1:3513"
"TUR","BA:622","EMP_TEMP_SEX_AGE_NB","SEX_M","AGE_10YRBANDS_YGE15","2006",15165.065,,,,"R1:3513"
"TUR","BA:622","EMP_TEMP_SEX_AGE_NB","SEX_M","AGE_10YRBANDS_Y15-24","2006",2376.72,,,,"R1:3513"
"TUR","BA:622","EMP_TEMP_SEX_AGE_NB","SEX_M","AGE_10YRBANDS_Y25-34","2006",4858.096,,,,"R1:3513"
"TUR","BA:622","EMP_TEMP_SEX_AGE_NB","SEX_M","AGE_10YRBANDS_Y35-44","2006",4143.14,,,,"R1:3513"
"TUR","BA:622","EMP_TEMP_SEX_AGE_NB","SEX_M","AGE_10YRBANDS_Y45-54","2006",2481.539,,,,"R1:3513"
"TUR","BA:622","EMP_TEMP_SEX_AGE_NB","SEX_M","AGE_10YRBANDS_Y55-64","2006",905.545,,,,"R1:3513"
"TUR","BA:622","EMP_TEMP_SEX_AGE_NB","SEX_M","AGE_10YRBANDS_YGE65","2006",400.025,,,,"R1:3513"
"TUR","BA:622","EMP_TEMP_SEX_AGE_NB","SEX_F","AGE_10YRBANDS_YGE15","2006",5258.03,,,,"R1:3513"
"TUR","BA:622","EMP_TEMP_SEX_AGE_NB","SEX_F","AGE_10YRBANDS_Y15-24","2006",1156.688,,,,"R1:3513"
"TUR","BA:622","EMP_TEMP_SEX_AGE_NB","SEX_F","AGE_10YRBANDS_Y25-34","2006",1556.304,,,,"R1:3513"
"TUR","BA:622","EMP_TEMP_SEX_AGE_NB","SEX_F","AGE_10YRBANDS_Y35-44","2006",1288.323,,,,"R1:3513"
"TUR","BA:622","EMP_TEMP_SEX_AGE_NB","SEX_F","AGE_10YRBANDS_Y45-54","2006",760.076,,,,"R1:3513"
"TUR","BA:622","EMP_TEMP_SEX_AGE_NB","SEX_F","AGE_10YRBANDS_Y55-64","2006",349.354,,,,"R1:3513"
"TUR","BA:622","EMP_TEMP_SEX_AGE_NB","SEX_F","AGE_10YRBANDS_YGE65","2006",147.285,,,,"R1:3513"
"TUR","BA:622","EMP_TEMP_SEX_AGE_NB","SEX_T","AGE_5YRBANDS_YGE15","2006",20423.095,,,,"R1:3513"
"TUR","BA:622","EMP_TEMP_SEX_AGE_NB","SEX_T","AGE_5YRBANDS_Y15-19","2006",1353.436,,,,"R1:3513"
"TUR","BA:622","EMP_TEMP_SEX_AGE_NB","SEX_T","AGE_5YRBANDS_Y20-24","2006",2179.972,,,,"R1:3513"
"TUR","BA:622","EMP_TEMP_SEX_AGE_NB","SEX_T","AGE_5YRBANDS_Y25-29","2006",3273.994,,,,"R1:3513"
"TUR","BA:622","EMP_TEMP_SEX_AGE_NB","SEX_T","AGE_5YRBANDS_Y30-34","2006",3140.406,,,,"R1:3513"
"TUR","BA:622","EMP_TEMP_SEX_AGE_NB","SEX_T","AGE_5YRBANDS_Y35-39","2006",2903.403,,,,"R1:3513"
"TUR","BA:622","EMP_TEMP_SEX_AGE_NB","SEX_T","AGE_5YRBANDS_Y40-44","2006",2528.06,,,,"R1:3513"
"TUR","BA:622","EMP_TEMP_SEX_AGE_NB","SEX_T","AGE_5YRBANDS_Y45-49","2006",1952.945,,,,"R1:3513"
"TUR","BA:622","EMP_TEMP_SEX_AGE_NB","SEX_T","AGE_5YRBANDS_Y50-54","2006",1288.67,,,,"R1:3513"
"TUR","BA:622","EMP_TEMP_SEX_AGE_NB","SEX_T","AGE_5YRBANDS_Y55-59","2006",787.104,,,,"R1:3513"
"TUR","BA:622","EMP_TEMP_SEX_AGE_NB","SEX_T","AGE_5YRBANDS_Y60-64","2006",467.796,,,,"R1:3513"
"TUR","BA:622","EMP_TEMP_SEX_AGE_NB","SEX_T","AGE_5YRBANDS_YGE65","2006",547.31,,,,"R1:3513"
"TUR","BA:622","EMP_TEMP_SEX_AGE_NB","SEX_M","AGE_5YRBANDS_YGE15","2006",15165.065,,,,"R1:3513"
"TUR","BA:622","EMP_TEMP_SEX_AGE_NB","SEX_M","AGE_5YRBANDS_Y15-19","2006",932.971,,,,"R1:3513"
"TUR","BA:622","EMP_TEMP_SEX_AGE_NB","SEX_M","AGE_5YRBANDS_Y20-24","2006",1443.749,,,,"R1:3513"
"TUR","BA:622","EMP_TEMP_SEX_AGE_NB","SEX_M","AGE_5YRBANDS_Y25-29","2006",2439.763,,,,"R1:3513"
"TUR","BA:622","EMP_TEMP_SEX_AGE_NB","SEX_M","AGE_5YRBANDS_Y30-34","2006",2418.332,,,,"R1:3513"
"TUR","BA:622","EMP_TEMP_SEX_AGE_NB","SEX_M","AGE_5YRBANDS_Y35-39","2006",2201.115,,,,"R1:3513"
"TUR","BA:622","EMP_TEMP_SEX_AGE_NB","SEX_M","AGE_5YRBANDS_Y40-44","2006",1942.025,,,,"R1:3513"
"TUR","BA:622","EMP_TEMP_SEX_AGE_NB","SEX_M","AGE_5YRBANDS_Y45-49","2006",1512.217,,,,"R1:3513"
"TUR","BA:622","EMP_TEMP_SEX_AGE_NB","SEX_M","AGE_5YRBANDS_Y50-54","2006",969.322,,,,"R1:3513"
"TUR","BA:622","EMP_TEMP_SEX_AGE_NB","SEX_M","AGE_5YRBANDS_Y55-59","2006",573.182,,,,"R1:3513"
"TUR","BA:622","EMP_TEMP_SEX_AGE_NB","SEX_M","AGE_5YRBANDS_Y60-64","2006",332.363,,,,"R1:3513"
"TUR","BA:622","EMP_TEMP_SEX_AGE_NB","SEX_M","AGE_5YRBANDS_YGE65","2006",400.025,,,,"R1:3513"
"TUR","BA:622","EMP_TEMP_SEX_AGE_NB","SEX_F","AGE_5YRBANDS_YGE15","2006",5258.03,,,,"R1:3513"
"TUR","BA:622","EMP_TEMP_SEX_AGE_NB","SEX_F","AGE_5YRBANDS_Y15-19","2006",420.465,,,,"R1:3513"
"TUR","BA:622","EMP_TEMP_SEX_AGE_NB","SEX_F","AGE_5YRBANDS_Y20-24","2006",736.223,,,,"R1:3513"
"TUR","BA:622","EMP_TEMP_SEX_AGE_NB","SEX_F","AGE_5YRBANDS_Y25-29","2006",834.231,,,,"R1:3513"
"TUR","BA:622","EMP_TEMP_SEX_AGE_NB","SEX_F","AGE_5YRBANDS_Y30-34","2006",722.073,,,,"R1:3513"
"TUR","BA:622","EMP_TEMP_SEX_AGE_NB","SEX_F","AGE_5YRBANDS_Y35-39","2006",702.288,,,,"R1:3513"
"TUR","BA:622","EMP_TEMP_SEX_AGE_NB","SEX_F","AGE_5YRBANDS_Y40-44","2006",586.035,,,,"R1:3513"
"TUR","BA:622","EMP_TEMP_SEX_AGE_NB","SEX_F","AGE_5YRBANDS_Y45-49","2006",440.728,,,,"R1:3513"
"TUR","BA:622","EMP_TEMP_SEX_AGE_NB","SEX_F","AGE_5YRBANDS_Y50-54","2006",319.348,,,,"R1:3513"
"TUR","BA:622","EMP_TEMP_SEX_AGE_NB","SEX_F","AGE_5YRBANDS_Y55-59","2006",213.921,,,,"R1:3513"
"TUR","BA:622","EMP_TEMP_SEX_AGE_NB","SEX_F","AGE_5YRBANDS_Y60-64","2006",135.433,,,,"R1:3513"
"TUR","BA:622","EMP_TEMP_SEX_AGE_NB","SEX_F","AGE_5YRBANDS_YGE65","2006",147.285,,,,"R1:3513"
"TUR","BA:622","EMP_TEMP_SEX_AGE_NB","SEX_T","AGE_YTHADULT_YGE15","2005",20066.636,,,,"R1:3513"
"TUR","BA:622","EMP_TEMP_SEX_AGE_NB","SEX_T","AGE_YTHADULT_Y15-64","2005",19468.124,,,,"R1:3513"
"TUR","BA:622","EMP_TEMP_SEX_AGE_NB","SEX_T","AGE_YTHADULT_Y15-24","2005",3554.449,,,,"R1:3513"
"TUR","BA:622","EMP_TEMP_SEX_AGE_NB","SEX_T","AGE_YTHADULT_YGE25","2005",16512.187,,,,"R1:3513"
"TUR","BA:622","EMP_TEMP_SEX_AGE_NB","SEX_M","AGE_YTHADULT_YGE15","2005",14958.62,,,,"R1:3513"
"TUR","BA:622","EMP_TEMP_SEX_AGE_NB","SEX_M","AGE_YTHADULT_Y15-64","2005",14526.18,,,,"R1:3513"
"TUR","BA:622","EMP_TEMP_SEX_AGE_NB","SEX_M","AGE_YTHADULT_Y15-24","2005",2381.246,,,,"R1:3513"
"TUR","BA:622","EMP_TEMP_SEX_AGE_NB","SEX_M","AGE_YTHADULT_YGE25","2005",12577.374,,,,"R1:3513"
"TUR","BA:622","EMP_TEMP_SEX_AGE_NB","SEX_F","AGE_YTHADULT_YGE15","2005",5108.017,,,,"R1:3513"
"TUR","BA:622","EMP_TEMP_SEX_AGE_NB","SEX_F","AGE_YTHADULT_Y15-64","2005",4941.944,,,,"R1:3513"
"TUR","BA:622","EMP_TEMP_SEX_AGE_NB","SEX_F","AGE_YTHADULT_Y15-24","2005",1173.204,,,,"R1:3513"
"TUR","BA:622","EMP_TEMP_SEX_AGE_NB","SEX_F","AGE_YTHADULT_YGE25","2005",3934.813,,,,"R1:3513"
"TUR","BA:622","EMP_TEMP_SEX_AGE_NB","SEX_T","AGE_AGGREGATE_YGE15","2005",20066.636,,,,"R1:3513"
"TUR","BA:622","EMP_TEMP_SEX_AGE_NB","SEX_T","AGE_AGGREGATE_Y15-24","2005",3554.449,,,,"R1:3513"
"TUR","BA:622","EMP_TEMP_SEX_AGE_NB","SEX_T","AGE_AGGREGATE_Y25-54","2005",14690.079,,,,"R1:3513"
"TUR","BA:622","EMP_TEMP_SEX_AGE_NB","SEX_T","AGE_AGGREGATE_Y55-64","2005",1223.596,,,,"R1:3513"
"TUR","BA:622","EMP_TEMP_SEX_AGE_NB","SEX_T","AGE_AGGREGATE_YGE65","2005",598.512,,,,"R1:3513"
"TUR","BA:622","EMP_TEMP_SEX_AGE_NB","SEX_M","AGE_AGGREGATE_YGE15","2005",14958.62,,,,"R1:3513"
"TUR","BA:622","EMP_TEMP_SEX_AGE_NB","SEX_M","AGE_AGGREGATE_Y15-24","2005",2381.246,,,,"R1:3513"
"TUR","BA:622","EMP_TEMP_SEX_AGE_NB","SEX_M","AGE_AGGREGATE_Y25-54","2005",11257.021,,,,"R1:3513"
"TUR","BA:622","EMP_TEMP_SEX_AGE_NB","SEX_M","AGE_AGGREGATE_Y55-64","2005",887.913,,,,"R1:3513"
"TUR","BA:622","EMP_TEMP_SEX_AGE_NB","SEX_M","AGE_AGGREGATE_YGE65","2005",432.44,,,,"R1:3513"
"TUR","BA:622","EMP_TEMP_SEX_AGE_NB","SEX_F","AGE_AGGREGATE_YGE15","2005",5108.017,,,,"R1:3513"
"TUR","BA:622","EMP_TEMP_SEX_AGE_NB","SEX_F","AGE_AGGREGATE_Y15-24","2005",1173.204,,,,"R1:3513"
"TUR","BA:622","EMP_TEMP_SEX_AGE_NB","SEX_F","AGE_AGGREGATE_Y25-54","2005",3433.058,,,,"R1:3513"
"TUR","BA:622","EMP_TEMP_SEX_AGE_NB","SEX_F","AGE_AGGREGATE_Y55-64","2005",335.683,,,,"R1:3513"
"TUR","BA:622","EMP_TEMP_SEX_AGE_NB","SEX_F","AGE_AGGREGATE_YGE65","2005",166.072,,,,"R1:3513"
"TUR","BA:622","EMP_TEMP_SEX_AGE_NB","SEX_T","AGE_10YRBANDS_YGE15","2005",20066.636,,,,"R1:3513"
"TUR","BA:622","EMP_TEMP_SEX_AGE_NB","SEX_T","AGE_10YRBANDS_Y15-24","2005",3554.449,,,,"R1:3513"
"TUR","BA:622","EMP_TEMP_SEX_AGE_NB","SEX_T","AGE_10YRBANDS_Y25-34","2005",6244.385,,,,"R1:3513"
"TUR","BA:622","EMP_TEMP_SEX_AGE_NB","SEX_T","AGE_10YRBANDS_Y35-44","2005",5309.443,,,,"R1:3513"
"TUR","BA:622","EMP_TEMP_SEX_AGE_NB","SEX_T","AGE_10YRBANDS_Y45-54","2005",3136.251,,,,"R1:3513"
"TUR","BA:622","EMP_TEMP_SEX_AGE_NB","SEX_T","AGE_10YRBANDS_Y55-64","2005",1223.596,,,,"R1:3513"
"TUR","BA:622","EMP_TEMP_SEX_AGE_NB","SEX_T","AGE_10YRBANDS_YGE65","2005",598.512,,,,"R1:3513"
"TUR","BA:622","EMP_TEMP_SEX_AGE_NB","SEX_M","AGE_10YRBANDS_YGE15","2005",14958.62,,,,"R1:3513"
"TUR","BA:622","EMP_TEMP_SEX_AGE_NB","SEX_M","AGE_10YRBANDS_Y15-24","2005",2381.246,,,,"R1:3513"
"TUR","BA:622","EMP_TEMP_SEX_AGE_NB","SEX_M","AGE_10YRBANDS_Y25-34","2005",4770.965,,,,"R1:3513"
"TUR","BA:622","EMP_TEMP_SEX_AGE_NB","SEX_M","AGE_10YRBANDS_Y35-44","2005",4088.638,,,,"R1:3513"
"TUR","BA:622","EMP_TEMP_SEX_AGE_NB","SEX_M","AGE_10YRBANDS_Y45-54","2005",2397.418,,,,"R1:3513"
"TUR","BA:622","EMP_TEMP_SEX_AGE_NB","SEX_M","AGE_10YRBANDS_Y55-64","2005",887.913,,,,"R1:3513"
"TUR","BA:622","EMP_TEMP_SEX_AGE_NB","SEX_M","AGE_10YRBANDS_YGE65","2005",432.44,,,,"R1:3513"
"TUR","BA:622","EMP_TEMP_SEX_AGE_NB","SEX_F","AGE_10YRBANDS_YGE15","2005",5108.017,,,,"R1:3513"
"TUR","BA:622","EMP_TEMP_SEX_AGE_NB","SEX_F","AGE_10YRBANDS_Y15-24","2005",1173.204,,,,"R1:3513"
"TUR","BA:622","EMP_TEMP_SEX_AGE_NB","SEX_F","AGE_10YRBANDS_Y25-34","2005",1473.42,,,,"R1:3513"
"TUR","BA:622","EMP_TEMP_SEX_AGE_NB","SEX_F","AGE_10YRBANDS_Y35-44","2005",1220.804,,,,"R1:3513"
"TUR","BA:622","EMP_TEMP_SEX_AGE_NB","SEX_F","AGE_10YRBANDS_Y45-54","2005",738.833,,,,"R1:3513"
"TUR","BA:622","EMP_TEMP_SEX_AGE_NB","SEX_F","AGE_10YRBANDS_Y55-64","2005",335.683,,,,"R1:3513"
"TUR","BA:622","EMP_TEMP_SEX_AGE_NB","SEX_F","AGE_10YRBANDS_YGE65","2005",166.072,,,,"R1:3513"
"TUR","BA:622","EMP_TEMP_SEX_AGE_NB","SEX_T","AGE_5YRBANDS_YGE15","2005",20066.636,,,,"R1:3513"
"TUR","BA:622","EMP_TEMP_SEX_AGE_NB","SEX_T","AGE_5YRBANDS_Y15-19","2005",1347.52,,,,"R1:3513"
"TUR","BA:622","EMP_TEMP_SEX_AGE_NB","SEX_T","AGE_5YRBANDS_Y20-24","2005",2206.93,,,,"R1:3513"
"TUR","BA:622","EMP_TEMP_SEX_AGE_NB","SEX_T","AGE_5YRBANDS_Y25-29","2005",3188.204,,,,"R1:3513"
"TUR","BA:622","EMP_TEMP_SEX_AGE_NB","SEX_T","AGE_5YRBANDS_Y30-34","2005",3056.181,,,,"R1:3513"
"TUR","BA:622","EMP_TEMP_SEX_AGE_NB","SEX_T","AGE_5YRBANDS_Y35-39","2005",2823.179,,,,"R1:3513"
"TUR","BA:622","EMP_TEMP_SEX_AGE_NB","SEX_T","AGE_5YRBANDS_Y40-44","2005",2486.264,,,,"R1:3513"
"TUR","BA:622","EMP_TEMP_SEX_AGE_NB","SEX_T","AGE_5YRBANDS_Y45-49","2005",1909.435,,,,"R1:3513"
"TUR","BA:622","EMP_TEMP_SEX_AGE_NB","SEX_T","AGE_5YRBANDS_Y50-54","2005",1226.816,,,,"R1:3513"
"TUR","BA:622","EMP_TEMP_SEX_AGE_NB","SEX_T","AGE_5YRBANDS_Y55-59","2005",764.839,,,,"R1:3513"
"TUR","BA:622","EMP_TEMP_SEX_AGE_NB","SEX_T","AGE_5YRBANDS_Y60-64","2005",458.757,,,,"R1:3513"
"TUR","BA:622","EMP_TEMP_SEX_AGE_NB","SEX_T","AGE_5YRBANDS_YGE65","2005",598.512,,,,"R1:3513"
"TUR","BA:622","EMP_TEMP_SEX_AGE_NB","SEX_M","AGE_5YRBANDS_YGE15","2005",14958.62,,,,"R1:3513"
"TUR","BA:622","EMP_TEMP_SEX_AGE_NB","SEX_M","AGE_5YRBANDS_Y15-19","2005",927.118,,,,"R1:3513"
"TUR","BA:622","EMP_TEMP_SEX_AGE_NB","SEX_M","AGE_5YRBANDS_Y20-24","2005",1454.127,,,,"R1:3513"
"TUR","BA:622","EMP_TEMP_SEX_AGE_NB","SEX_M","AGE_5YRBANDS_Y25-29","2005",2400.082,,,,"R1:3513"
"TUR","BA:622","EMP_TEMP_SEX_AGE_NB","SEX_M","AGE_5YRBANDS_Y30-34","2005",2370.882,,,,"R1:3513"
"TUR","BA:622","EMP_TEMP_SEX_AGE_NB","SEX_M","AGE_5YRBANDS_Y35-39","2005",2165.269,,,,"R1:3513"
"TUR","BA:622","EMP_TEMP_SEX_AGE_NB","SEX_M","AGE_5YRBANDS_Y40-44","2005",1923.369,,,,"R1:3513"
"TUR","BA:622","EMP_TEMP_SEX_AGE_NB","SEX_M","AGE_5YRBANDS_Y45-49","2005",1469.961,,,,"R1:3513"
"TUR","BA:622","EMP_TEMP_SEX_AGE_NB","SEX_M","AGE_5YRBANDS_Y50-54","2005",927.458,,,,"R1:3513"
"TUR","BA:622","EMP_TEMP_SEX_AGE_NB","SEX_M","AGE_5YRBANDS_Y55-59","2005",564.033,,,,"R1:3513"
"TUR","BA:622","EMP_TEMP_SEX_AGE_NB","SEX_M","AGE_5YRBANDS_Y60-64","2005",323.88,,,,"R1:3513"
"TUR","BA:622","EMP_TEMP_SEX_AGE_NB","SEX_M","AGE_5YRBANDS_YGE65","2005",432.44,,,,"R1:3513"
"TUR","BA:622","EMP_TEMP_SEX_AGE_NB","SEX_F","AGE_5YRBANDS_YGE15","2005",5108.017,,,,"R1:3513"
"TUR","BA:622","EMP_TEMP_SEX_AGE_NB","SEX_F","AGE_5YRBANDS_Y15-19","2005",420.402,,,,"R1:3513"
"TUR","BA:622","EMP_TEMP_SEX_AGE_NB","SEX_F","AGE_5YRBANDS_Y20-24","2005",752.802,,,,"R1:3513"
"TUR","BA:622","EMP_TEMP_SEX_AGE_NB","SEX_F","AGE_5YRBANDS_Y25-29","2005",788.122,,,,"R1:3513"
"TUR","BA:622","EMP_TEMP_SEX_AGE_NB","SEX_F","AGE_5YRBANDS_Y30-34","2005",685.298,,,,"R1:3513"
"TUR","BA:622","EMP_TEMP_SEX_AGE_NB","SEX_F","AGE_5YRBANDS_Y35-39","2005",657.91,,,,"R1:3513"
"TUR","BA:622","EMP_TEMP_SEX_AGE_NB","SEX_F","AGE_5YRBANDS_Y40-44","2005",562.894,,,,"R1:3513"
"TUR","BA:622","EMP_TEMP_SEX_AGE_NB","SEX_F","AGE_5YRBANDS_Y45-49","2005",439.475,,,,"R1:3513"
"TUR","BA:622","EMP_TEMP_SEX_AGE_NB","SEX_F","AGE_5YRBANDS_Y50-54","2005",299.358,,,,"R1:3513"
"TUR","BA:622","EMP_TEMP_SEX_AGE_NB","SEX_F","AGE_5YRBANDS_Y55-59","2005",200.806,,,,"R1:3513"
"TUR","BA:622","EMP_TEMP_SEX_AGE_NB","SEX_F","AGE_5YRBANDS_Y60-64","2005",134.877,,,,"R1:3513"
"TUR","BA:622","EMP_TEMP_SEX_AGE_NB","SEX_F","AGE_5YRBANDS_YGE65","2005",166.072,,,,"R1:3513"
"TUR","BA:622","EMP_TEMP_SEX_AGE_NB","SEX_T","AGE_YTHADULT_YGE15","2004",19631.862,,,,"R1:3513"
"TUR","BA:622","EMP_TEMP_SEX_AGE_NB","SEX_T","AGE_YTHADULT_Y15-64","2004",19000.434,,,,"R1:3513"
"TUR","BA:622","EMP_TEMP_SEX_AGE_NB","SEX_T","AGE_YTHADULT_Y15-24","2004",3554.159,,,,"R1:3513"
"TUR","BA:622","EMP_TEMP_SEX_AGE_NB","SEX_T","AGE_YTHADULT_YGE25","2004",16077.703,,,,"R1:3513"
"TUR","BA:622","EMP_TEMP_SEX_AGE_NB","SEX_M","AGE_YTHADULT_YGE15","2004",14585.282,,,,"R1:3513"
"TUR","BA:622","EMP_TEMP_SEX_AGE_NB","SEX_M","AGE_YTHADULT_Y15-64","2004",14137.411,,,,"R1:3513"
"TUR","BA:622","EMP_TEMP_SEX_AGE_NB","SEX_M","AGE_YTHADULT_Y15-24","2004",2348.896,,,,"R1:3513"
"TUR","BA:622","EMP_TEMP_SEX_AGE_NB","SEX_M","AGE_YTHADULT_YGE25","2004",12236.386,,,,"R1:3513"
"TUR","BA:622","EMP_TEMP_SEX_AGE_NB","SEX_F","AGE_YTHADULT_YGE15","2004",5046.58,,,,"R1:3513"
"TUR","BA:622","EMP_TEMP_SEX_AGE_NB","SEX_F","AGE_YTHADULT_Y15-64","2004",4863.024,,,,"R1:3513"
"TUR","BA:622","EMP_TEMP_SEX_AGE_NB","SEX_F","AGE_YTHADULT_Y15-24","2004",1205.263,,,,"R1:3513"
"TUR","BA:622","EMP_TEMP_SEX_AGE_NB","SEX_F","AGE_YTHADULT_YGE25","2004",3841.317,,,,"R1:3513"
"TUR","BA:622","EMP_TEMP_SEX_AGE_NB","SEX_T","AGE_AGGREGATE_YGE15","2004",19631.862,,,,"R1:3513"
"TUR","BA:622","EMP_TEMP_SEX_AGE_NB","SEX_T","AGE_AGGREGATE_Y15-24","2004",3554.159,,,,"R1:3513"
"TUR","BA:622","EMP_TEMP_SEX_AGE_NB","SEX_T","AGE_AGGREGATE_Y25-54","2004",14200.84,,,,"R1:3513"
"TUR","BA:622","EMP_TEMP_SEX_AGE_NB","SEX_T","AGE_AGGREGATE_Y55-64","2004",1245.435,,,,"R1:3513"
"TUR","BA:622","EMP_TEMP_SEX_AGE_NB","SEX_T","AGE_AGGREGATE_YGE65","2004",631.428,,,,"R1:3513"
"TUR","BA:622","EMP_TEMP_SEX_AGE_NB","SEX_M","AGE_AGGREGATE_YGE15","2004",14585.282,,,,"R1:3513"
"TUR","BA:622","EMP_TEMP_SEX_AGE_NB","SEX_M","AGE_AGGREGATE_Y15-24","2004",2348.896,,,,"R1:3513"
"TUR","BA:622","EMP_TEMP_SEX_AGE_NB","SEX_M","AGE_AGGREGATE_Y25-54","2004",10910.264,,,,"R1:3513"
"TUR","BA:622","EMP_TEMP_SEX_AGE_NB","SEX_M","AGE_AGGREGATE_Y55-64","2004",878.251,,,,"R1:3513"
"TUR","BA:622","EMP_TEMP_SEX_AGE_NB","SEX_M","AGE_AGGREGATE_YGE65","2004",447.871,,,,"R1:3513"
"TUR","BA:622","EMP_TEMP_SEX_AGE_NB","SEX_F","AGE_AGGREGATE_YGE15","2004",5046.58,,,,"R1:3513"
"TUR","BA:622","EMP_TEMP_SEX_AGE_NB","SEX_F","AGE_AGGREGATE_Y15-24","2004",1205.263,,,,"R1:3513"
"TUR","BA:622","EMP_TEMP_SEX_AGE_NB","SEX_F","AGE_AGGREGATE_Y25-54","2004",3290.577,,,,"R1:3513"
"TUR","BA:622","EMP_TEMP_SEX_AGE_NB","SEX_F","AGE_AGGREGATE_Y55-64","2004",367.184,,,,"R1:3513"
"TUR","BA:622","EMP_TEMP_SEX_AGE_NB","SEX_F","AGE_AGGREGATE_YGE65","2004",183.557,,,,"R1:3513"
"TUR","BA:622","EMP_TEMP_SEX_AGE_NB","SEX_T","AGE_10YRBANDS_YGE15","2004",19631.862,,,,"R1:3513"
"TUR","BA:622","EMP_TEMP_SEX_AGE_NB","SEX_T","AGE_10YRBANDS_Y15-24","2004",3554.159,,,,"R1:3513"
"TUR","BA:622","EMP_TEMP_SEX_AGE_NB","SEX_T","AGE_10YRBANDS_Y25-34","2004",6047.726,,,,"R1:3513"
"TUR","BA:622","EMP_TEMP_SEX_AGE_NB","SEX_T","AGE_10YRBANDS_Y35-44","2004",5173.977,,,,"R1:3513"
"TUR","BA:622","EMP_TEMP_SEX_AGE_NB","SEX_T","AGE_10YRBANDS_Y45-54","2004",2979.137,,,,"R1:3513"
"TUR","BA:622","EMP_TEMP_SEX_AGE_NB","SEX_T","AGE_10YRBANDS_Y55-64","2004",1245.435,,,,"R1:3513"
"TUR","BA:622","EMP_TEMP_SEX_AGE_NB","SEX_T","AGE_10YRBANDS_YGE65","2004",631.428,,,,"R1:3513"
"TUR","BA:622","EMP_TEMP_SEX_AGE_NB","SEX_M","AGE_10YRBANDS_YGE15","2004",14585.282,,,,"R1:3513"
"TUR","BA:622","EMP_TEMP_SEX_AGE_NB","SEX_M","AGE_10YRBANDS_Y15-24","2004",2348.896,,,,"R1:3513"
"TUR","BA:622","EMP_TEMP_SEX_AGE_NB","SEX_M","AGE_10YRBANDS_Y25-34","2004",4620.343,,,,"R1:3513"
"TUR","BA:622","EMP_TEMP_SEX_AGE_NB","SEX_M","AGE_10YRBANDS_Y35-44","2004",4005.919,,,,"R1:3513"
"TUR","BA:622","EMP_TEMP_SEX_AGE_NB","SEX_M","AGE_10YRBANDS_Y45-54","2004",2284.002,,,,"R1:3513"
"TUR","BA:622","EMP_TEMP_SEX_AGE_NB","SEX_M","AGE_10YRBANDS_Y55-64","2004",878.251,,,,"R1:3513"
"TUR","BA:622","EMP_TEMP_SEX_AGE_NB","SEX_M","AGE_10YRBANDS_YGE65","2004",447.871,,,,"R1:3513"
"TUR","BA:622","EMP_TEMP_SEX_AGE_NB","SEX_F","AGE_10YRBANDS_YGE15","2004",5046.58,,,,"R1:3513"
"TUR","BA:622","EMP_TEMP_SEX_AGE_NB","SEX_F","AGE_10YRBANDS_Y15-24","2004",1205.263,,,,"R1:3513"
"TUR","BA:622","EMP_TEMP_SEX_AGE_NB","SEX_F","AGE_10YRBANDS_Y25-34","2004",1427.383,,,,"R1:3513"
"TUR","BA:622","EMP_TEMP_SEX_AGE_NB","SEX_F","AGE_10YRBANDS_Y35-44","2004",1168.058,,,,"R1:3513"
"TUR","BA:622","EMP_TEMP_SEX_AGE_NB","SEX_F","AGE_10YRBANDS_Y45-54","2004",695.135,,,,"R1:3513"
"TUR","BA:622","EMP_TEMP_SEX_AGE_NB","SEX_F","AGE_10YRBANDS_Y55-64","2004",367.184,,,,"R1:3513"
"TUR","BA:622","EMP_TEMP_SEX_AGE_NB","SEX_F","AGE_10YRBANDS_YGE65","2004",183.557,,,,"R1:3513"
"TUR","BA:622","EMP_TEMP_SEX_AGE_NB","SEX_T","AGE_5YRBANDS_YGE15","2004",19631.862,,,,"R1:3513"
"TUR","BA:622","EMP_TEMP_SEX_AGE_NB","SEX_T","AGE_5YRBANDS_Y15-19","2004",1335.189,,,,"R1:3513"
"TUR","BA:622","EMP_TEMP_SEX_AGE_NB","SEX_T","AGE_5YRBANDS_Y20-24","2004",2218.97,,,,"R1:3513"
"TUR","BA:622","EMP_TEMP_SEX_AGE_NB","SEX_T","AGE_5YRBANDS_Y25-29","2004",3041.024,,,,"R1:3513"
"TUR","BA:622","EMP_TEMP_SEX_AGE_NB","SEX_T","AGE_5YRBANDS_Y30-34","2004",3006.702,,,,"R1:3513"
"TUR","BA:622","EMP_TEMP_SEX_AGE_NB","SEX_T","AGE_5YRBANDS_Y35-39","2004",2758.058,,,,"R1:3513"
"TUR","BA:622","EMP_TEMP_SEX_AGE_NB","SEX_T","AGE_5YRBANDS_Y40-44","2004",2415.919,,,,"R1:3513"
"TUR","BA:622","EMP_TEMP_SEX_AGE_NB","SEX_T","AGE_5YRBANDS_Y45-49","2004",1817.081,,,,"R1:3513"
"TUR","BA:622","EMP_TEMP_SEX_AGE_NB","SEX_T","AGE_5YRBANDS_Y50-54","2004",1162.056,,,,"R1:3513"
"TUR","BA:622","EMP_TEMP_SEX_AGE_NB","SEX_T","AGE_5YRBANDS_Y55-59","2004",762.752,,,,"R1:3513"
"TUR","BA:622","EMP_TEMP_SEX_AGE_NB","SEX_T","AGE_5YRBANDS_Y60-64","2004",482.683,,,,"R1:3513"
"TUR","BA:622","EMP_TEMP_SEX_AGE_NB","SEX_T","AGE_5YRBANDS_YGE65","2004",631.428,,,,"R1:3513"
"TUR","BA:622","EMP_TEMP_SEX_AGE_NB","SEX_M","AGE_5YRBANDS_YGE15","2004",14585.282,,,,"R1:3513"
"TUR","BA:622","EMP_TEMP_SEX_AGE_NB","SEX_M","AGE_5YRBANDS_Y15-19","2004",894.989,,,,"R1:3513"
"TUR","BA:622","EMP_TEMP_SEX_AGE_NB","SEX_M","AGE_5YRBANDS_Y20-24","2004",1453.906,,,,"R1:3513"
"TUR","BA:622","EMP_TEMP_SEX_AGE_NB","SEX_M","AGE_5YRBANDS_Y25-29","2004",2288.714,,,,"R1:3513"
"TUR","BA:622","EMP_TEMP_SEX_AGE_NB","SEX_M","AGE_5YRBANDS_Y30-34","2004",2331.629,,,,"R1:3513"
"TUR","BA:622","EMP_TEMP_SEX_AGE_NB","SEX_M","AGE_5YRBANDS_Y35-39","2004",2120.63,,,,"R1:3513"
"TUR","BA:622","EMP_TEMP_SEX_AGE_NB","SEX_M","AGE_5YRBANDS_Y40-44","2004",1885.289,,,,"R1:3513"
"TUR","BA:622","EMP_TEMP_SEX_AGE_NB","SEX_M","AGE_5YRBANDS_Y45-49","2004",1404.436,,,,"R1:3513"
"TUR","BA:622","EMP_TEMP_SEX_AGE_NB","SEX_M","AGE_5YRBANDS_Y50-54","2004",879.566,,,,"R1:3513"
"TUR","BA:622","EMP_TEMP_SEX_AGE_NB","SEX_M","AGE_5YRBANDS_Y55-59","2004",544.927,,,,"R1:3513"
"TUR","BA:622","EMP_TEMP_SEX_AGE_NB","SEX_M","AGE_5YRBANDS_Y60-64","2004",333.324,,,,"R1:3513"
"TUR","BA:622","EMP_TEMP_SEX_AGE_NB","SEX_M","AGE_5YRBANDS_YGE65","2004",447.871,,,,"R1:3513"
"TUR","BA:622","EMP_TEMP_SEX_AGE_NB","SEX_F","AGE_5YRBANDS_YGE15","2004",5046.58,,,,"R1:3513"
"TUR","BA:622","EMP_TEMP_SEX_AGE_NB","SEX_F","AGE_5YRBANDS_Y15-19","2004",440.2,,,,"R1:3513"
"TUR","BA:622","EMP_TEMP_SEX_AGE_NB","SEX_F","AGE_5YRBANDS_Y20-24","2004",765.064,,,,"R1:3513"
"TUR","BA:622","EMP_TEMP_SEX_AGE_NB","SEX_F","AGE_5YRBANDS_Y25-29","2004",752.31,,,,"R1:3513"
"TUR","BA:622","EMP_TEMP_SEX_AGE_NB","SEX_F","AGE_5YRBANDS_Y30-34","2004",675.073,,,,"R1:3513"
"TUR","BA:622","EMP_TEMP_SEX_AGE_NB","SEX_F","AGE_5YRBANDS_Y35-39","2004",637.428,,,,"R1:3513"
"TUR","BA:622","EMP_TEMP_SEX_AGE_NB","SEX_F","AGE_5YRBANDS_Y40-44","2004",530.629,,,,"R1:3513"
"TUR","BA:622","EMP_TEMP_SEX_AGE_NB","SEX_F","AGE_5YRBANDS_Y45-49","2004",412.646,,,,"R1:3513"
"TUR","BA:622","EMP_TEMP_SEX_AGE_NB","SEX_F","AGE_5YRBANDS_Y50-54","2004",282.49,,,,"R1:3513"
"TUR","BA:622","EMP_TEMP_SEX_AGE_NB","SEX_F","AGE_5YRBANDS_Y55-59","2004",217.825,,,,"R1:3513"
"TUR","BA:622","EMP_TEMP_SEX_AGE_NB","SEX_F","AGE_5YRBANDS_Y60-64","2004",149.359,,,,"R1:3513"
"TUR","BA:622","EMP_TEMP_SEX_AGE_NB","SEX_F","AGE_5YRBANDS_YGE65","2004",183.557,,,,"R1:3513"
"TUR","BA:622","EMP_TEMP_SEX_AGE_NB","SEX_T","AGE_YTHADULT_YGE15","2003",21147.238,,,,"R1:3513"
"TUR","BA:622","EMP_TEMP_SEX_AGE_NB","SEX_T","AGE_YTHADULT_Y15-64","2003",20475.219,,,,"R1:3513"
"TUR","BA:622","EMP_TEMP_SEX_AGE_NB","SEX_T","AGE_YTHADULT_Y15-24","2003",3777.172,,,,"R1:3513"
"TUR","BA:622","EMP_TEMP_SEX_AGE_NB","SEX_T","AGE_YTHADULT_YGE25","2003",17370.067,,,,"R1:3513"
"TUR","BA:622","EMP_TEMP_SEX_AGE_NB","SEX_M","AGE_YTHADULT_YGE15","2003",15255.836,,,,"R1:3513"
"TUR","BA:622","EMP_TEMP_SEX_AGE_NB","SEX_M","AGE_YTHADULT_Y15-64","2003",14807.867,,,,"R1:3513"
"TUR","BA:622","EMP_TEMP_SEX_AGE_NB","SEX_M","AGE_YTHADULT_Y15-24","2003",2401.444,,,,"R1:3513"
"TUR","BA:622","EMP_TEMP_SEX_AGE_NB","SEX_M","AGE_YTHADULT_YGE25","2003",12854.391,,,,"R1:3513"
"TUR","BA:622","EMP_TEMP_SEX_AGE_NB","SEX_F","AGE_YTHADULT_YGE15","2003",5891.403,,,,"R1:3513"
"TUR","BA:622","EMP_TEMP_SEX_AGE_NB","SEX_F","AGE_YTHADULT_Y15-64","2003",5667.352,,,,"R1:3513"
"TUR","BA:622","EMP_TEMP_SEX_AGE_NB","SEX_F","AGE_YTHADULT_Y15-24","2003",1375.727,,,,"R1:3513"
"TUR","BA:622","EMP_TEMP_SEX_AGE_NB","SEX_F","AGE_YTHADULT_YGE25","2003",4515.676,,,,"R1:3513"
"TUR","BA:622","EMP_TEMP_SEX_AGE_NB","SEX_T","AGE_AGGREGATE_YGE15","2003",21147.238,,,,"R1:3513"
"TUR","BA:622","EMP_TEMP_SEX_AGE_NB","SEX_T","AGE_AGGREGATE_Y15-24","2003",3777.172,,,,"R1:3513"
"TUR","BA:622","EMP_TEMP_SEX_AGE_NB","SEX_T","AGE_AGGREGATE_Y25-54","2003",15327.177,,,,"R1:3513"
"TUR","BA:622","EMP_TEMP_SEX_AGE_NB","SEX_T","AGE_AGGREGATE_Y55-64","2003",1370.87,,,,"R1:3513"
"TUR","BA:622","EMP_TEMP_SEX_AGE_NB","SEX_T","AGE_AGGREGATE_YGE65","2003",672.02,,,,"R1:3513"
"TUR","BA:622","EMP_TEMP_SEX_AGE_NB","SEX_M","AGE_AGGREGATE_YGE15","2003",15255.836,,,,"R1:3513"
"TUR","BA:622","EMP_TEMP_SEX_AGE_NB","SEX_M","AGE_AGGREGATE_Y15-24","2003",2401.444,,,,"R1:3513"
"TUR","BA:622","EMP_TEMP_SEX_AGE_NB","SEX_M","AGE_AGGREGATE_Y25-54","2003",11487.607,,,,"R1:3513"
"TUR","BA:622","EMP_TEMP_SEX_AGE_NB","SEX_M","AGE_AGGREGATE_Y55-64","2003",918.816,,,,"R1:3513"
"TUR","BA:622","EMP_TEMP_SEX_AGE_NB","SEX_M","AGE_AGGREGATE_YGE65","2003",447.969,,,,"R1:3513"
"TUR","BA:622","EMP_TEMP_SEX_AGE_NB","SEX_F","AGE_AGGREGATE_YGE15","2003",5891.403,,,,"R1:3513"
"TUR","BA:622","EMP_TEMP_SEX_AGE_NB","SEX_F","AGE_AGGREGATE_Y15-24","2003",1375.727,,,,"R1:3513"
"TUR","BA:622","EMP_TEMP_SEX_AGE_NB","SEX_F","AGE_AGGREGATE_Y25-54","2003",3839.57,,,,"R1:3513"
"TUR","BA:622","EMP_TEMP_SEX_AGE_NB","SEX_F","AGE_AGGREGATE_Y55-64","2003",452.054,,,,"R1:3513"
"TUR","BA:622","EMP_TEMP_SEX_AGE_NB","SEX_F","AGE_AGGREGATE_YGE65","2003",224.051,,,,"R1:3513"
"TUR","BA:622","EMP_TEMP_SEX_AGE_NB","SEX_T","AGE_10YRBANDS_YGE15","2003",21147.238,,,,"R1:3513"
"TUR","BA:622","EMP_TEMP_SEX_AGE_NB","SEX_T","AGE_10YRBANDS_Y15-24","2003",3777.172,,,,"R1:3513"
"TUR","BA:622","EMP_TEMP_SEX_AGE_NB","SEX_T","AGE_10YRBANDS_Y25-34","2003",6876.687,,,,"R1:3513"
"TUR","BA:622","EMP_TEMP_SEX_AGE_NB","SEX_T","AGE_10YRBANDS_Y35-44","2003",5302.871,,,,"R1:3513"
"TUR","BA:622","EMP_TEMP_SEX_AGE_NB","SEX_T","AGE_10YRBANDS_Y45-54","2003",3147.619,,,,"R1:3513"
"TUR","BA:622","EMP_TEMP_SEX_AGE_NB","SEX_T","AGE_10YRBANDS_Y55-64","2003",1370.87,,,,"R1:3513"
"TUR","BA:622","EMP_TEMP_SEX_AGE_NB","SEX_T","AGE_10YRBANDS_YGE65","2003",672.02,,,,"R1:3513"
"TUR","BA:622","EMP_TEMP_SEX_AGE_NB","SEX_M","AGE_10YRBANDS_YGE15","2003",15255.836,,,,"R1:3513"
"TUR","BA:622","EMP_TEMP_SEX_AGE_NB","SEX_M","AGE_10YRBANDS_Y15-24","2003",2401.444,,,,"R1:3513"
"TUR","BA:622","EMP_TEMP_SEX_AGE_NB","SEX_M","AGE_10YRBANDS_Y25-34","2003",5164.613,,,,"R1:3513"
"TUR","BA:622","EMP_TEMP_SEX_AGE_NB","SEX_M","AGE_10YRBANDS_Y35-44","2003",3995.511,,,,"R1:3513"
"TUR","BA:622","EMP_TEMP_SEX_AGE_NB","SEX_M","AGE_10YRBANDS_Y45-54","2003",2327.483,,,,"R1:3513"
"TUR","BA:622","EMP_TEMP_SEX_AGE_NB","SEX_M","AGE_10YRBANDS_Y55-64","2003",918.816,,,,"R1:3513"
"TUR","BA:622","EMP_TEMP_SEX_AGE_NB","SEX_M","AGE_10YRBANDS_YGE65","2003",447.969,,,,"R1:3513"
"TUR","BA:622","EMP_TEMP_SEX_AGE_NB","SEX_F","AGE_10YRBANDS_YGE15","2003",5891.403,,,,"R1:3513"
"TUR","BA:622","EMP_TEMP_SEX_AGE_NB","SEX_F","AGE_10YRBANDS_Y15-24","2003",1375.727,,,,"R1:3513"
"TUR","BA:622","EMP_TEMP_SEX_AGE_NB","SEX_F","AGE_10YRBANDS_Y25-34","2003",1712.073,,,,"R1:3513"
"TUR","BA:622","EMP_TEMP_SEX_AGE_NB","SEX_F","AGE_10YRBANDS_Y35-44","2003",1307.36,,,,"R1:3513"
"TUR","BA:622","EMP_TEMP_SEX_AGE_NB","SEX_F","AGE_10YRBANDS_Y45-54","2003",820.136,,,,"R1:3513"
"TUR","BA:622","EMP_TEMP_SEX_AGE_NB","SEX_F","AGE_10YRBANDS_Y55-64","2003",452.054,,,,"R1:3513"
"TUR","BA:622","EMP_TEMP_SEX_AGE_NB","SEX_F","AGE_10YRBANDS_YGE65","2003",224.051,,,,"R1:3513"
"TUR","BA:622","EMP_TEMP_SEX_AGE_NB","SEX_T","AGE_5YRBANDS_YGE15","2003",21147.238,,,,"R1:3513"
"TUR","BA:622","EMP_TEMP_SEX_AGE_NB","SEX_T","AGE_5YRBANDS_Y15-19","2003",1475.007,,,,"R1:3513"
"TUR","BA:622","EMP_TEMP_SEX_AGE_NB","SEX_T","AGE_5YRBANDS_Y20-24","2003",2302.164,,,,"R1:3513"
"TUR","BA:622","EMP_TEMP_SEX_AGE_NB","SEX_T","AGE_5YRBANDS_Y25-29","2003",3545.372,,,,"R1:3513"
"TUR","BA:622","EMP_TEMP_SEX_AGE_NB","SEX_T","AGE_5YRBANDS_Y30-34","2003",3331.315,,,,"R1:3513"
"TUR","BA:622","EMP_TEMP_SEX_AGE_NB","SEX_T","AGE_5YRBANDS_Y35-39","2003",2839.405,,,,"R1:3513"
"TUR","BA:622","EMP_TEMP_SEX_AGE_NB","SEX_T","AGE_5YRBANDS_Y40-44","2003",2463.467,,,,"R1:3513"
"TUR","BA:622","EMP_TEMP_SEX_AGE_NB","SEX_T","AGE_5YRBANDS_Y45-49","2003",1894.361,,,,"R1:3513"
"TUR","BA:622","EMP_TEMP_SEX_AGE_NB","SEX_T","AGE_5YRBANDS_Y50-54","2003",1253.258,,,,"R1:3513"
"TUR","BA:622","EMP_TEMP_SEX_AGE_NB","SEX_T","AGE_5YRBANDS_Y55-59","2003",795.287,,,,"R1:3513"
"TUR","BA:622","EMP_TEMP_SEX_AGE_NB","SEX_T","AGE_5YRBANDS_Y60-64","2003",575.583,,,,"R1:3513"
"TUR","BA:622","EMP_TEMP_SEX_AGE_NB","SEX_T","AGE_5YRBANDS_YGE65","2003",672.02,,,,"R1:3513"
"TUR","BA:622","EMP_TEMP_SEX_AGE_NB","SEX_M","AGE_5YRBANDS_YGE15","2003",15255.836,,,,"R1:3513"
"TUR","BA:622","EMP_TEMP_SEX_AGE_NB","SEX_M","AGE_5YRBANDS_Y15-19","2003",943.36,,,,"R1:3513"
"TUR","BA:622","EMP_TEMP_SEX_AGE_NB","SEX_M","AGE_5YRBANDS_Y20-24","2003",1458.084,,,,"R1:3513"
"TUR","BA:622","EMP_TEMP_SEX_AGE_NB","SEX_M","AGE_5YRBANDS_Y25-29","2003",2640.49,,,,"R1:3513"
"TUR","BA:622","EMP_TEMP_SEX_AGE_NB","SEX_M","AGE_5YRBANDS_Y30-34","2003",2524.123,,,,"R1:3513"
"TUR","BA:622","EMP_TEMP_SEX_AGE_NB","SEX_M","AGE_5YRBANDS_Y35-39","2003",2131.905,,,,"R1:3513"
"TUR","BA:622","EMP_TEMP_SEX_AGE_NB","SEX_M","AGE_5YRBANDS_Y40-44","2003",1863.606,,,,"R1:3513"
"TUR","BA:622","EMP_TEMP_SEX_AGE_NB","SEX_M","AGE_5YRBANDS_Y45-49","2003",1414.873,,,,"R1:3513"
"TUR","BA:622","EMP_TEMP_SEX_AGE_NB","SEX_M","AGE_5YRBANDS_Y50-54","2003",912.61,,,,"R1:3513"
"TUR","BA:622","EMP_TEMP_SEX_AGE_NB","SEX_M","AGE_5YRBANDS_Y55-59","2003",534.086,,,,"R1:3513"
"TUR","BA:622","EMP_TEMP_SEX_AGE_NB","SEX_M","AGE_5YRBANDS_Y60-64","2003",384.73,,,,"R1:3513"
"TUR","BA:622","EMP_TEMP_SEX_AGE_NB","SEX_M","AGE_5YRBANDS_YGE65","2003",447.969,,,,"R1:3513"
"TUR","BA:622","EMP_TEMP_SEX_AGE_NB","SEX_F","AGE_5YRBANDS_YGE15","2003",5891.403,,,,"R1:3513"
"TUR","BA:622","EMP_TEMP_SEX_AGE_NB","SEX_F","AGE_5YRBANDS_Y15-19","2003",531.647,,,,"R1:3513"
"TUR","BA:622","EMP_TEMP_SEX_AGE_NB","SEX_F","AGE_5YRBANDS_Y20-24","2003",844.08,,,,"R1:3513"
"TUR","BA:622","EMP_TEMP_SEX_AGE_NB","SEX_F","AGE_5YRBANDS_Y25-29","2003",904.881,,,,"R1:3513"
"TUR","BA:622","EMP_TEMP_SEX_AGE_NB","SEX_F","AGE_5YRBANDS_Y30-34","2003",807.192,,,,"R1:3513"
"TUR","BA:622","EMP_TEMP_SEX_AGE_NB","SEX_F","AGE_5YRBANDS_Y35-39","2003",707.5,,,,"R1:3513"
"TUR","BA:622","EMP_TEMP_SEX_AGE_NB","SEX_F","AGE_5YRBANDS_Y40-44","2003",599.86,,,,"R1:3513"
"TUR","BA:622","EMP_TEMP_SEX_AGE_NB","SEX_F","AGE_5YRBANDS_Y45-49","2003",479.489,,,,"R1:3513"
"TUR","BA:622","EMP_TEMP_SEX_AGE_NB","SEX_F","AGE_5YRBANDS_Y50-54","2003",340.648,,,,"R1:3513"
"TUR","BA:622","EMP_TEMP_SEX_AGE_NB","SEX_F","AGE_5YRBANDS_Y55-59","2003",261.202,,,,"R1:3513"
"TUR","BA:622","EMP_TEMP_SEX_AGE_NB","SEX_F","AGE_5YRBANDS_Y60-64","2003",190.853,,,,"R1:3513"
"TUR","BA:622","EMP_TEMP_SEX_AGE_NB","SEX_F","AGE_5YRBANDS_YGE65","2003",224.051,,,,"R1:3513"
"TUR","BA:622","EMP_TEMP_SEX_AGE_NB","SEX_T","AGE_YTHADULT_YGE15","2002",21353.833,,,,"R1:3513"
"TUR","BA:622","EMP_TEMP_SEX_AGE_NB","SEX_T","AGE_YTHADULT_Y15-64","2002",20658.935,,,,"R1:3513"
"TUR","BA:622","EMP_TEMP_SEX_AGE_NB","SEX_T","AGE_YTHADULT_Y15-24","2002",4135.479,,,,"R1:3513"
"TUR","BA:622","EMP_TEMP_SEX_AGE_NB","SEX_T","AGE_YTHADULT_YGE25","2002",17218.354,,,,"R1:3513"
"TUR","BA:622","EMP_TEMP_SEX_AGE_NB","SEX_M","AGE_YTHADULT_YGE15","2002",15232.233,,,,"R1:3513"
"TUR","BA:622","EMP_TEMP_SEX_AGE_NB","SEX_M","AGE_YTHADULT_Y15-64","2002",14776.443,,,,"R1:3513"
"TUR","BA:622","EMP_TEMP_SEX_AGE_NB","SEX_M","AGE_YTHADULT_Y15-24","2002",2595.941,,,,"R1:3513"
"TUR","BA:622","EMP_TEMP_SEX_AGE_NB","SEX_M","AGE_YTHADULT_YGE25","2002",12636.291,,,,"R1:3513"
"TUR","BA:622","EMP_TEMP_SEX_AGE_NB","SEX_F","AGE_YTHADULT_YGE15","2002",6121.6,,,,"R1:3513"
"TUR","BA:622","EMP_TEMP_SEX_AGE_NB","SEX_F","AGE_YTHADULT_Y15-64","2002",5882.492,,,,"R1:3513"
"TUR","BA:622","EMP_TEMP_SEX_AGE_NB","SEX_F","AGE_YTHADULT_Y15-24","2002",1539.538,,,,"R1:3513"
"TUR","BA:622","EMP_TEMP_SEX_AGE_NB","SEX_F","AGE_YTHADULT_YGE25","2002",4582.063,,,,"R1:3513"
"TUR","BA:622","EMP_TEMP_SEX_AGE_NB","SEX_T","AGE_AGGREGATE_YGE15","2002",21353.833,,,,"R1:3513"
"TUR","BA:622","EMP_TEMP_SEX_AGE_NB","SEX_T","AGE_AGGREGATE_Y15-24","2002",4135.479,,,,"R1:3513"
"TUR","BA:622","EMP_TEMP_SEX_AGE_NB","SEX_T","AGE_AGGREGATE_Y25-54","2002",15066.886,,,,"R1:3513"
"TUR","BA:622","EMP_TEMP_SEX_AGE_NB","SEX_T","AGE_AGGREGATE_Y55-64","2002",1456.571,,,,"R1:3513"
"TUR","BA:622","EMP_TEMP_SEX_AGE_NB","SEX_T","AGE_AGGREGATE_YGE65","2002",694.897,,,,"R1:3513"
"TUR","BA:622","EMP_TEMP_SEX_AGE_NB","SEX_M","AGE_AGGREGATE_YGE15","2002",15232.233,,,,"R1:3513"
"TUR","BA:622","EMP_TEMP_SEX_AGE_NB","SEX_M","AGE_AGGREGATE_Y15-24","2002",2595.941,,,,"R1:3513"
"TUR","BA:622","EMP_TEMP_SEX_AGE_NB","SEX_M","AGE_AGGREGATE_Y25-54","2002",11200.525,,,,"R1:3513"
"TUR","BA:622","EMP_TEMP_SEX_AGE_NB","SEX_M","AGE_AGGREGATE_Y55-64","2002",979.977,,,,"R1:3513"
"TUR","BA:622","EMP_TEMP_SEX_AGE_NB","SEX_M","AGE_AGGREGATE_YGE65","2002",455.789,,,,"R1:3513"
"TUR","BA:622","EMP_TEMP_SEX_AGE_NB","SEX_F","AGE_AGGREGATE_YGE15","2002",6121.6,,,,"R1:3513"
"TUR","BA:622","EMP_TEMP_SEX_AGE_NB","SEX_F","AGE_AGGREGATE_Y15-24","2002",1539.538,,,,"R1:3513"
"TUR","BA:622","EMP_TEMP_SEX_AGE_NB","SEX_F","AGE_AGGREGATE_Y25-54","2002",3866.361,,,,"R1:3513"
"TUR","BA:622","EMP_TEMP_SEX_AGE_NB","SEX_F","AGE_AGGREGATE_Y55-64","2002",476.594,,,,"R1:3513"
"TUR","BA:622","EMP_TEMP_SEX_AGE_NB","SEX_F","AGE_AGGREGATE_YGE65","2002",239.108,,,,"R1:3513"
"TUR","BA:622","EMP_TEMP_SEX_AGE_NB","SEX_T","AGE_10YRBANDS_YGE15","2002",21353.833,,,,"R1:3513"
"TUR","BA:622","EMP_TEMP_SEX_AGE_NB","SEX_T","AGE_10YRBANDS_Y15-24","2002",4135.479,,,,"R1:3513"
"TUR","BA:622","EMP_TEMP_SEX_AGE_NB","SEX_T","AGE_10YRBANDS_Y25-34","2002",6794.957,,,,"R1:3513"
"TUR","BA:622","EMP_TEMP_SEX_AGE_NB","SEX_T","AGE_10YRBANDS_Y35-44","2002",5178.235,,,,"R1:3513"
"TUR","BA:622","EMP_TEMP_SEX_AGE_NB","SEX_T","AGE_10YRBANDS_Y45-54","2002",3093.693,,,,"R1:3513"
"TUR","BA:622","EMP_TEMP_SEX_AGE_NB","SEX_T","AGE_10YRBANDS_Y55-64","2002",1456.571,,,,"R1:3513"
"TUR","BA:622","EMP_TEMP_SEX_AGE_NB","SEX_T","AGE_10YRBANDS_YGE65","2002",694.897,,,,"R1:3513"
"TUR","BA:622","EMP_TEMP_SEX_AGE_NB","SEX_M","AGE_10YRBANDS_YGE15","2002",15232.233,,,,"R1:3513"
"TUR","BA:622","EMP_TEMP_SEX_AGE_NB","SEX_M","AGE_10YRBANDS_Y15-24","2002",2595.941,,,,"R1:3513"
"TUR","BA:622","EMP_TEMP_SEX_AGE_NB","SEX_M","AGE_10YRBANDS_Y25-34","2002",5061.788,,,,"R1:3513"
"TUR","BA:622","EMP_TEMP_SEX_AGE_NB","SEX_M","AGE_10YRBANDS_Y35-44","2002",3889.731,,,,"R1:3513"
"TUR","BA:622","EMP_TEMP_SEX_AGE_NB","SEX_M","AGE_10YRBANDS_Y45-54","2002",2249.005,,,,"R1:3513"
"TUR","BA:622","EMP_TEMP_SEX_AGE_NB","SEX_M","AGE_10YRBANDS_Y55-64","2002",979.977,,,,"R1:3513"
"TUR","BA:622","EMP_TEMP_SEX_AGE_NB","SEX_M","AGE_10YRBANDS_YGE65","2002",455.789,,,,"R1:3513"
"TUR","BA:622","EMP_TEMP_SEX_AGE_NB","SEX_F","AGE_10YRBANDS_YGE15","2002",6121.6,,,,"R1:3513"
"TUR","BA:622","EMP_TEMP_SEX_AGE_NB","SEX_F","AGE_10YRBANDS_Y15-24","2002",1539.538,,,,"R1:3513"
"TUR","BA:622","EMP_TEMP_SEX_AGE_NB","SEX_F","AGE_10YRBANDS_Y25-34","2002",1733.168,,,,"R1:3513"
"TUR","BA:622","EMP_TEMP_SEX_AGE_NB","SEX_F","AGE_10YRBANDS_Y35-44","2002",1288.504,,,,"R1:3513"
"TUR","BA:622","EMP_TEMP_SEX_AGE_NB","SEX_F","AGE_10YRBANDS_Y45-54","2002",844.688,,,,"R1:3513"
"TUR","BA:622","EMP_TEMP_SEX_AGE_NB","SEX_F","AGE_10YRBANDS_Y55-64","2002",476.594,,,,"R1:3513"
"TUR","BA:622","EMP_TEMP_SEX_AGE_NB","SEX_F","AGE_10YRBANDS_YGE65","2002",239.108,,,,"R1:3513"
"TUR","BA:622","EMP_TEMP_SEX_AGE_NB","SEX_T","AGE_5YRBANDS_YGE15","2002",21353.833,,,,"R1:3513"
"TUR","BA:622","EMP_TEMP_SEX_AGE_NB","SEX_T","AGE_5YRBANDS_Y15-19","2002",1696,,,,"R1:3513"
"TUR","BA:622","EMP_TEMP_SEX_AGE_NB","SEX_T","AGE_5YRBANDS_Y20-24","2002",2439.48,,,,"R1:3513"
"TUR","BA:622","EMP_TEMP_SEX_AGE_NB","SEX_T","AGE_5YRBANDS_Y25-29","2002",3540.042,,,,"R1:3513"
"TUR","BA:622","EMP_TEMP_SEX_AGE_NB","SEX_T","AGE_5YRBANDS_Y30-34","2002",3254.915,,,,"R1:3513"
"TUR","BA:622","EMP_TEMP_SEX_AGE_NB","SEX_T","AGE_5YRBANDS_Y35-39","2002",2771.186,,,,"R1:3513"
"TUR","BA:622","EMP_TEMP_SEX_AGE_NB","SEX_T","AGE_5YRBANDS_Y40-44","2002",2407.05,,,,"R1:3513"
"TUR","BA:622","EMP_TEMP_SEX_AGE_NB","SEX_T","AGE_5YRBANDS_Y45-49","2002",1884.444,,,,"R1:3513"
"TUR","BA:622","EMP_TEMP_SEX_AGE_NB","SEX_T","AGE_5YRBANDS_Y50-54","2002",1209.25,,,,"R1:3513"
"TUR","BA:622","EMP_TEMP_SEX_AGE_NB","SEX_T","AGE_5YRBANDS_Y55-59","2002",825.979,,,,"R1:3513"
"TUR","BA:622","EMP_TEMP_SEX_AGE_NB","SEX_T","AGE_5YRBANDS_Y60-64","2002",630.592,,,,"R1:3513"
"TUR","BA:622","EMP_TEMP_SEX_AGE_NB","SEX_T","AGE_5YRBANDS_YGE65","2002",694.897,,,,"R1:3513"
"TUR","BA:622","EMP_TEMP_SEX_AGE_NB","SEX_M","AGE_5YRBANDS_YGE15","2002",15232.233,,,,"R1:3513"
"TUR","BA:622","EMP_TEMP_SEX_AGE_NB","SEX_M","AGE_5YRBANDS_Y15-19","2002",1092.684,,,,"R1:3513"
"TUR","BA:622","EMP_TEMP_SEX_AGE_NB","SEX_M","AGE_5YRBANDS_Y20-24","2002",1503.257,,,,"R1:3513"
"TUR","BA:622","EMP_TEMP_SEX_AGE_NB","SEX_M","AGE_5YRBANDS_Y25-29","2002",2627.86,,,,"R1:3513"
"TUR","BA:622","EMP_TEMP_SEX_AGE_NB","SEX_M","AGE_5YRBANDS_Y30-34","2002",2433.928,,,,"R1:3513"
"TUR","BA:622","EMP_TEMP_SEX_AGE_NB","SEX_M","AGE_5YRBANDS_Y35-39","2002",2075.144,,,,"R1:3513"
"TUR","BA:622","EMP_TEMP_SEX_AGE_NB","SEX_M","AGE_5YRBANDS_Y40-44","2002",1814.586,,,,"R1:3513"
"TUR","BA:622","EMP_TEMP_SEX_AGE_NB","SEX_M","AGE_5YRBANDS_Y45-49","2002",1388.959,,,,"R1:3513"
"TUR","BA:622","EMP_TEMP_SEX_AGE_NB","SEX_M","AGE_5YRBANDS_Y50-54","2002",860.046,,,,"R1:3513"
"TUR","BA:622","EMP_TEMP_SEX_AGE_NB","SEX_M","AGE_5YRBANDS_Y55-59","2002",572.5,,,,"R1:3513"
"TUR","BA:622","EMP_TEMP_SEX_AGE_NB","SEX_M","AGE_5YRBANDS_Y60-64","2002",407.477,,,,"R1:3513"
"TUR","BA:622","EMP_TEMP_SEX_AGE_NB","SEX_M","AGE_5YRBANDS_YGE65","2002",455.789,,,,"R1:3513"
"TUR","BA:622","EMP_TEMP_SEX_AGE_NB","SEX_F","AGE_5YRBANDS_YGE15","2002",6121.6,,,,"R1:3513"
"TUR","BA:622","EMP_TEMP_SEX_AGE_NB","SEX_F","AGE_5YRBANDS_Y15-19","2002",603.315,,,,"R1:3513"
"TUR","BA:622","EMP_TEMP_SEX_AGE_NB","SEX_F","AGE_5YRBANDS_Y20-24","2002",936.222,,,,"R1:3513"
"TUR","BA:622","EMP_TEMP_SEX_AGE_NB","SEX_F","AGE_5YRBANDS_Y25-29","2002",912.181,,,,"R1:3513"
"TUR","BA:622","EMP_TEMP_SEX_AGE_NB","SEX_F","AGE_5YRBANDS_Y30-34","2002",820.987,,,,"R1:3513"
"TUR","BA:622","EMP_TEMP_SEX_AGE_NB","SEX_F","AGE_5YRBANDS_Y35-39","2002",696.041,,,,"R1:3513"
"TUR","BA:622","EMP_TEMP_SEX_AGE_NB","SEX_F","AGE_5YRBANDS_Y40-44","2002",592.463,,,,"R1:3513"
"TUR","BA:622","EMP_TEMP_SEX_AGE_NB","SEX_F","AGE_5YRBANDS_Y45-49","2002",495.484,,,,"R1:3513"
"TUR","BA:622","EMP_TEMP_SEX_AGE_NB","SEX_F","AGE_5YRBANDS_Y50-54","2002",349.204,,,,"R1:3513"
"TUR","BA:622","EMP_TEMP_SEX_AGE_NB","SEX_F","AGE_5YRBANDS_Y55-59","2002",253.478,,,,"R1:3513"
"TUR","BA:622","EMP_TEMP_SEX_AGE_NB","SEX_F","AGE_5YRBANDS_Y60-64","2002",223.115,,,,"R1:3513"
"TUR","BA:622","EMP_TEMP_SEX_AGE_NB","SEX_F","AGE_5YRBANDS_YGE65","2002",239.108,,,,"R1:3513"
"TUR","BA:622","EMP_TEMP_SEX_AGE_NB","SEX_T","AGE_YTHADULT_YGE15","2001",21524.355,,,,"R1:3513"
"TUR","BA:622","EMP_TEMP_SEX_AGE_NB","SEX_T","AGE_YTHADULT_Y15-64","2001",20770.929,,,,"R1:3513"
"TUR","BA:622","EMP_TEMP_SEX_AGE_NB","SEX_T","AGE_YTHADULT_Y15-24","2001",4460.09,,,,"R1:3513"
"TUR","BA:622","EMP_TEMP_SEX_AGE_NB","SEX_T","AGE_YTHADULT_YGE25","2001",17064.265,,,,"R1:3513"
"TUR","BA:622","EMP_TEMP_SEX_AGE_NB","SEX_M","AGE_YTHADULT_YGE15","2001",15555.249,,,,"R1:3513"
"TUR","BA:622","EMP_TEMP_SEX_AGE_NB","SEX_M","AGE_YTHADULT_Y15-64","2001",15052.432,,,,"R1:3513"
"TUR","BA:622","EMP_TEMP_SEX_AGE_NB","SEX_M","AGE_YTHADULT_Y15-24","2001",2886.175,,,,"R1:3513"
"TUR","BA:622","EMP_TEMP_SEX_AGE_NB","SEX_M","AGE_YTHADULT_YGE25","2001",12669.074,,,,"R1:3513"
"TUR","BA:622","EMP_TEMP_SEX_AGE_NB","SEX_F","AGE_YTHADULT_YGE15","2001",5969.106,,,,"R1:3513"
"TUR","BA:622","EMP_TEMP_SEX_AGE_NB","SEX_F","AGE_YTHADULT_Y15-64","2001",5718.497,,,,"R1:3513"
"TUR","BA:622","EMP_TEMP_SEX_AGE_NB","SEX_F","AGE_YTHADULT_Y15-24","2001",1573.915,,,,"R1:3513"
"TUR","BA:622","EMP_TEMP_SEX_AGE_NB","SEX_F","AGE_YTHADULT_YGE25","2001",4395.191,,,,"R1:3513"
"TUR","BA:622","EMP_TEMP_SEX_AGE_NB","SEX_T","AGE_AGGREGATE_YGE15","2001",21524.355,,,,"R1:3513"
"TUR","BA:622","EMP_TEMP_SEX_AGE_NB","SEX_T","AGE_AGGREGATE_Y15-24","2001",4460.09,,,,"R1:3513"
"TUR","BA:622","EMP_TEMP_SEX_AGE_NB","SEX_T","AGE_AGGREGATE_Y25-54","2001",14851.073,,,,"R1:3513"
"TUR","BA:622","EMP_TEMP_SEX_AGE_NB","SEX_T","AGE_AGGREGATE_Y55-64","2001",1459.766,,,,"R1:3513"
"TUR","BA:622","EMP_TEMP_SEX_AGE_NB","SEX_T","AGE_AGGREGATE_YGE65","2001",753.426,,,,"R1:3513"
"TUR","BA:622","EMP_TEMP_SEX_AGE_NB","SEX_M","AGE_AGGREGATE_YGE15","2001",15555.249,,,,"R1:3513"
"TUR","BA:622","EMP_TEMP_SEX_AGE_NB","SEX_M","AGE_AGGREGATE_Y15-24","2001",2886.175,,,,"R1:3513"
"TUR","BA:622","EMP_TEMP_SEX_AGE_NB","SEX_M","AGE_AGGREGATE_Y25-54","2001",11149.139,,,,"R1:3513"
"TUR","BA:622","EMP_TEMP_SEX_AGE_NB","SEX_M","AGE_AGGREGATE_Y55-64","2001",1017.118,,,,"R1:3513"
"TUR","BA:622","EMP_TEMP_SEX_AGE_NB","SEX_M","AGE_AGGREGATE_YGE65","2001",502.817,,,,"R1:3513"
"TUR","BA:622","EMP_TEMP_SEX_AGE_NB","SEX_F","AGE_AGGREGATE_YGE15","2001",5969.106,,,,"R1:3513"
"TUR","BA:622","EMP_TEMP_SEX_AGE_NB","SEX_F","AGE_AGGREGATE_Y15-24","2001",1573.915,,,,"R1:3513"
"TUR","BA:622","EMP_TEMP_SEX_AGE_NB","SEX_F","AGE_AGGREGATE_Y25-54","2001",3701.934,,,,"R1:3513"
"TUR","BA:622","EMP_TEMP_SEX_AGE_NB","SEX_F","AGE_AGGREGATE_Y55-64","2001",442.648,,,,"R1:3513"
"TUR","BA:622","EMP_TEMP_SEX_AGE_NB","SEX_F","AGE_AGGREGATE_YGE65","2001",250.609,,,,"R1:3513"
"TUR","BA:622","EMP_TEMP_SEX_AGE_NB","SEX_T","AGE_10YRBANDS_YGE15","2001",21524.355,,,,"R1:3513"
"TUR","BA:622","EMP_TEMP_SEX_AGE_NB","SEX_T","AGE_10YRBANDS_Y15-24","2001",4460.09,,,,"R1:3513"
"TUR","BA:622","EMP_TEMP_SEX_AGE_NB","SEX_T","AGE_10YRBANDS_Y25-34","2001",6671.014,,,,"R1:3513"
"TUR","BA:622","EMP_TEMP_SEX_AGE_NB","SEX_T","AGE_10YRBANDS_Y35-44","2001",5147.904,,,,"R1:3513"
"TUR","BA:622","EMP_TEMP_SEX_AGE_NB","SEX_T","AGE_10YRBANDS_Y45-54","2001",3032.155,,,,"R1:3513"
"TUR","BA:622","EMP_TEMP_SEX_AGE_NB","SEX_T","AGE_10YRBANDS_Y55-64","2001",1459.766,,,,"R1:3513"
"TUR","BA:622","EMP_TEMP_SEX_AGE_NB","SEX_T","AGE_10YRBANDS_YGE65","2001",753.426,,,,"R1:3513"
"TUR","BA:622","EMP_TEMP_SEX_AGE_NB","SEX_M","AGE_10YRBANDS_YGE15","2001",15555.249,,,,"R1:3513"
"TUR","BA:622","EMP_TEMP_SEX_AGE_NB","SEX_M","AGE_10YRBANDS_Y15-24","2001",2886.175,,,,"R1:3513"
"TUR","BA:622","EMP_TEMP_SEX_AGE_NB","SEX_M","AGE_10YRBANDS_Y25-34","2001",5018.133,,,,"R1:3513"
"TUR","BA:622","EMP_TEMP_SEX_AGE_NB","SEX_M","AGE_10YRBANDS_Y35-44","2001",3898.271,,,,"R1:3513"
"TUR","BA:622","EMP_TEMP_SEX_AGE_NB","SEX_M","AGE_10YRBANDS_Y45-54","2001",2232.736,,,,"R1:3513"
"TUR","BA:622","EMP_TEMP_SEX_AGE_NB","SEX_M","AGE_10YRBANDS_Y55-64","2001",1017.118,,,,"R1:3513"
"TUR","BA:622","EMP_TEMP_SEX_AGE_NB","SEX_M","AGE_10YRBANDS_YGE65","2001",502.817,,,,"R1:3513"
"TUR","BA:622","EMP_TEMP_SEX_AGE_NB","SEX_F","AGE_10YRBANDS_YGE15","2001",5969.106,,,,"R1:3513"
"TUR","BA:622","EMP_TEMP_SEX_AGE_NB","SEX_F","AGE_10YRBANDS_Y15-24","2001",1573.915,,,,"R1:3513"
"TUR","BA:622","EMP_TEMP_SEX_AGE_NB","SEX_F","AGE_10YRBANDS_Y25-34","2001",1652.881,,,,"R1:3513"
"TUR","BA:622","EMP_TEMP_SEX_AGE_NB","SEX_F","AGE_10YRBANDS_Y35-44","2001",1249.634,,,,"R1:3513"
"TUR","BA:622","EMP_TEMP_SEX_AGE_NB","SEX_F","AGE_10YRBANDS_Y45-54","2001",799.419,,,,"R1:3513"
"TUR","BA:622","EMP_TEMP_SEX_AGE_NB","SEX_F","AGE_10YRBANDS_Y55-64","2001",442.648,,,,"R1:3513"
"TUR","BA:622","EMP_TEMP_SEX_AGE_NB","SEX_F","AGE_10YRBANDS_YGE65","2001",250.609,,,,"R1:3513"
"TUR","BA:622","EMP_TEMP_SEX_AGE_NB","SEX_T","AGE_5YRBANDS_YGE15","2001",21524.355,,,,"R1:3513"
"TUR","BA:622","EMP_TEMP_SEX_AGE_NB","SEX_T","AGE_5YRBANDS_Y15-19","2001",1846.882,,,,"R1:3513"
"TUR","BA:622","EMP_TEMP_SEX_AGE_NB","SEX_T","AGE_5YRBANDS_Y20-24","2001",2613.209,,,,"R1:3513"
"TUR","BA:622","EMP_TEMP_SEX_AGE_NB","SEX_T","AGE_5YRBANDS_Y25-29","2001",3505.748,,,,"R1:3513"
"TUR","BA:622","EMP_TEMP_SEX_AGE_NB","SEX_T","AGE_5YRBANDS_Y30-34","2001",3165.266,,,,"R1:3513"
"TUR","BA:622","EMP_TEMP_SEX_AGE_NB","SEX_T","AGE_5YRBANDS_Y35-39","2001",2744.04,,,,"R1:3513"
"TUR","BA:622","EMP_TEMP_SEX_AGE_NB","SEX_T","AGE_5YRBANDS_Y40-44","2001",2403.864,,,,"R1:3513"
"TUR","BA:622","EMP_TEMP_SEX_AGE_NB","SEX_T","AGE_5YRBANDS_Y45-49","2001",1843.69,,,,"R1:3513"
"TUR","BA:622","EMP_TEMP_SEX_AGE_NB","SEX_T","AGE_5YRBANDS_Y50-54","2001",1188.465,,,,"R1:3513"
"TUR","BA:622","EMP_TEMP_SEX_AGE_NB","SEX_T","AGE_5YRBANDS_Y55-59","2001",841.825,,,,"R1:3513"
"TUR","BA:622","EMP_TEMP_SEX_AGE_NB","SEX_T","AGE_5YRBANDS_Y60-64","2001",617.941,,,,"R1:3513"
"TUR","BA:622","EMP_TEMP_SEX_AGE_NB","SEX_T","AGE_5YRBANDS_YGE65","2001",753.426,,,,"R1:3513"
"TUR","BA:622","EMP_TEMP_SEX_AGE_NB","SEX_M","AGE_5YRBANDS_YGE15","2001",15555.249,,,,"R1:3513"
"TUR","BA:622","EMP_TEMP_SEX_AGE_NB","SEX_M","AGE_5YRBANDS_Y15-19","2001",1228.138,,,,"R1:3513"
"TUR","BA:622","EMP_TEMP_SEX_AGE_NB","SEX_M","AGE_5YRBANDS_Y20-24","2001",1658.037,,,,"R1:3513"
"TUR","BA:622","EMP_TEMP_SEX_AGE_NB","SEX_M","AGE_5YRBANDS_Y25-29","2001",2630.142,,,,"R1:3513"
"TUR","BA:622","EMP_TEMP_SEX_AGE_NB","SEX_M","AGE_5YRBANDS_Y30-34","2001",2387.99,,,,"R1:3513"
"TUR","BA:622","EMP_TEMP_SEX_AGE_NB","SEX_M","AGE_5YRBANDS_Y35-39","2001",2071.655,,,,"R1:3513"
"TUR","BA:622","EMP_TEMP_SEX_AGE_NB","SEX_M","AGE_5YRBANDS_Y40-44","2001",1826.616,,,,"R1:3513"
"TUR","BA:622","EMP_TEMP_SEX_AGE_NB","SEX_M","AGE_5YRBANDS_Y45-49","2001",1386.768,,,,"R1:3513"
"TUR","BA:622","EMP_TEMP_SEX_AGE_NB","SEX_M","AGE_5YRBANDS_Y50-54","2001",845.968,,,,"R1:3513"
"TUR","BA:622","EMP_TEMP_SEX_AGE_NB","SEX_M","AGE_5YRBANDS_Y55-59","2001",592.677,,,,"R1:3513"
"TUR","BA:622","EMP_TEMP_SEX_AGE_NB","SEX_M","AGE_5YRBANDS_Y60-64","2001",424.441,,,,"R1:3513"
"TUR","BA:622","EMP_TEMP_SEX_AGE_NB","SEX_M","AGE_5YRBANDS_YGE65","2001",502.817,,,,"R1:3513"
"TUR","BA:622","EMP_TEMP_SEX_AGE_NB","SEX_F","AGE_5YRBANDS_YGE15","2001",5969.106,,,,"R1:3513"
"TUR","BA:622","EMP_TEMP_SEX_AGE_NB","SEX_F","AGE_5YRBANDS_Y15-19","2001",618.744,,,,"R1:3513"
"TUR","BA:622","EMP_TEMP_SEX_AGE_NB","SEX_F","AGE_5YRBANDS_Y20-24","2001",955.171,,,,"R1:3513"
"TUR","BA:622","EMP_TEMP_SEX_AGE_NB","SEX_F","AGE_5YRBANDS_Y25-29","2001",875.606,,,,"R1:3513"
"TUR","BA:622","EMP_TEMP_SEX_AGE_NB","SEX_F","AGE_5YRBANDS_Y30-34","2001",777.276,,,,"R1:3513"
"TUR","BA:622","EMP_TEMP_SEX_AGE_NB","SEX_F","AGE_5YRBANDS_Y35-39","2001",672.385,,,,"R1:3513"
"TUR","BA:622","EMP_TEMP_SEX_AGE_NB","SEX_F","AGE_5YRBANDS_Y40-44","2001",577.249,,,,"R1:3513"
"TUR","BA:622","EMP_TEMP_SEX_AGE_NB","SEX_F","AGE_5YRBANDS_Y45-49","2001",456.922,,,,"R1:3513"
"TUR","BA:622","EMP_TEMP_SEX_AGE_NB","SEX_F","AGE_5YRBANDS_Y50-54","2001",342.497,,,,"R1:3513"
"TUR","BA:622","EMP_TEMP_SEX_AGE_NB","SEX_F","AGE_5YRBANDS_Y55-59","2001",249.148,,,,"R1:3513"
"TUR","BA:622","EMP_TEMP_SEX_AGE_NB","SEX_F","AGE_5YRBANDS_Y60-64","2001",193.5,,,,"R1:3513"
"TUR","BA:622","EMP_TEMP_SEX_AGE_NB","SEX_F","AGE_5YRBANDS_YGE65","2001",250.609,,,,"R1:3513"
"TUR","BA:622","EMP_TEMP_SEX_AGE_NB","SEX_T","AGE_YTHADULT_YGE15","2000",21580.824,,,,"R1:3513"
"TUR","BA:622","EMP_TEMP_SEX_AGE_NB","SEX_T","AGE_YTHADULT_Y15-64","2000",20836.097,,,,"R1:3513"
"TUR","BA:622","EMP_TEMP_SEX_AGE_NB","SEX_T","AGE_YTHADULT_Y15-24","2000",4695.932,,,,"R1:3513"
"TUR","BA:622","EMP_TEMP_SEX_AGE_NB","SEX_T","AGE_YTHADULT_YGE25","2000",16884.892,,,,"R1:3513"
"TUR","BA:622","EMP_TEMP_SEX_AGE_NB","SEX_M","AGE_YTHADULT_YGE15","2000",15779.935,,,,"R1:3513"
"TUR","BA:622","EMP_TEMP_SEX_AGE_NB","SEX_M","AGE_YTHADULT_Y15-64","2000",15257.223,,,,"R1:3513"
"TUR","BA:622","EMP_TEMP_SEX_AGE_NB","SEX_M","AGE_YTHADULT_Y15-24","2000",3090.335,,,,"R1:3513"
"TUR","BA:622","EMP_TEMP_SEX_AGE_NB","SEX_M","AGE_YTHADULT_YGE25","2000",12689.6,,,,"R1:3513"
"TUR","BA:622","EMP_TEMP_SEX_AGE_NB","SEX_F","AGE_YTHADULT_YGE15","2000",5800.888,,,,"R1:3513"
"TUR","BA:622","EMP_TEMP_SEX_AGE_NB","SEX_F","AGE_YTHADULT_Y15-64","2000",5578.874,,,,"R1:3513"
"TUR","BA:622","EMP_TEMP_SEX_AGE_NB","SEX_F","AGE_YTHADULT_Y15-24","2000",1605.597,,,,"R1:3513"
"TUR","BA:622","EMP_TEMP_SEX_AGE_NB","SEX_F","AGE_YTHADULT_YGE25","2000",4195.292,,,,"R1:3513"
"TUR","BA:622","EMP_TEMP_SEX_AGE_NB","SEX_T","AGE_AGGREGATE_YGE15","2000",21580.824,,,,"R1:3513"
"TUR","BA:622","EMP_TEMP_SEX_AGE_NB","SEX_T","AGE_AGGREGATE_Y15-24","2000",4695.932,,,,"R1:3513"
"TUR","BA:622","EMP_TEMP_SEX_AGE_NB","SEX_T","AGE_AGGREGATE_Y25-54","2000",14681.512,,,,"R1:3513"
"TUR","BA:622","EMP_TEMP_SEX_AGE_NB","SEX_T","AGE_AGGREGATE_Y55-64","2000",1458.654,,,,"R1:3513"
"TUR","BA:622","EMP_TEMP_SEX_AGE_NB","SEX_T","AGE_AGGREGATE_YGE65","2000",744.726,,,,"R1:3513"
"TUR","BA:622","EMP_TEMP_SEX_AGE_NB","SEX_M","AGE_AGGREGATE_YGE15","2000",15779.935,,,,"R1:3513"
"TUR","BA:622","EMP_TEMP_SEX_AGE_NB","SEX_M","AGE_AGGREGATE_Y15-24","2000",3090.335,,,,"R1:3513"
"TUR","BA:622","EMP_TEMP_SEX_AGE_NB","SEX_M","AGE_AGGREGATE_Y25-54","2000",11147.285,,,,"R1:3513"
"TUR","BA:622","EMP_TEMP_SEX_AGE_NB","SEX_M","AGE_AGGREGATE_Y55-64","2000",1019.604,,,,"R1:3513"
"TUR","BA:622","EMP_TEMP_SEX_AGE_NB","SEX_M","AGE_AGGREGATE_YGE65","2000",522.712,,,,"R1:3513"
"TUR","BA:622","EMP_TEMP_SEX_AGE_NB","SEX_F","AGE_AGGREGATE_YGE15","2000",5800.888,,,,"R1:3513"
"TUR","BA:622","EMP_TEMP_SEX_AGE_NB","SEX_F","AGE_AGGREGATE_Y15-24","2000",1605.597,,,,"R1:3513"
"TUR","BA:622","EMP_TEMP_SEX_AGE_NB","SEX_F","AGE_AGGREGATE_Y25-54","2000",3534.227,,,,"R1:3513"
"TUR","BA:622","EMP_TEMP_SEX_AGE_NB","SEX_F","AGE_AGGREGATE_Y55-64","2000",439.05,,,,"R1:3513"
"TUR","BA:622","EMP_TEMP_SEX_AGE_NB","SEX_F","AGE_AGGREGATE_YGE65","2000",222.015,,,,"R1:3513"
"TUR","BA:622","EMP_TEMP_SEX_AGE_NB","SEX_T","AGE_10YRBANDS_YGE15","2000",21580.824,,,,"R1:3513"
"TUR","BA:622","EMP_TEMP_SEX_AGE_NB","SEX_T","AGE_10YRBANDS_Y15-24","2000",4695.932,,,,"R1:3513"
"TUR","BA:622","EMP_TEMP_SEX_AGE_NB","SEX_T","AGE_10YRBANDS_Y25-34","2000",6616.417,,,,"R1:3513"
"TUR","BA:622","EMP_TEMP_SEX_AGE_NB","SEX_T","AGE_10YRBANDS_Y35-44","2000",5122.749,,,,"R1:3513"
"TUR","BA:622","EMP_TEMP_SEX_AGE_NB","SEX_T","AGE_10YRBANDS_Y45-54","2000",2942.346,,,,"R1:3513"
"TUR","BA:622","EMP_TEMP_SEX_AGE_NB","SEX_T","AGE_10YRBANDS_Y55-64","2000",1458.654,,,,"R1:3513"
"TUR","BA:622","EMP_TEMP_SEX_AGE_NB","SEX_T","AGE_10YRBANDS_YGE65","2000",744.726,,,,"R1:3513"
"TUR","BA:622","EMP_TEMP_SEX_AGE_NB","SEX_M","AGE_10YRBANDS_YGE15","2000",15779.935,,,,"R1:3513"
"TUR","BA:622","EMP_TEMP_SEX_AGE_NB","SEX_M","AGE_10YRBANDS_Y15-24","2000",3090.335,,,,"R1:3513"
"TUR","BA:622","EMP_TEMP_SEX_AGE_NB","SEX_M","AGE_10YRBANDS_Y25-34","2000",4999.118,,,,"R1:3513"
"TUR","BA:622","EMP_TEMP_SEX_AGE_NB","SEX_M","AGE_10YRBANDS_Y35-44","2000",3934.644,,,,"R1:3513"
"TUR","BA:622","EMP_TEMP_SEX_AGE_NB","SEX_M","AGE_10YRBANDS_Y45-54","2000",2213.522,,,,"R1:3513"
"TUR","BA:622","EMP_TEMP_SEX_AGE_NB","SEX_M","AGE_10YRBANDS_Y55-64","2000",1019.604,,,,"R1:3513"
"TUR","BA:622","EMP_TEMP_SEX_AGE_NB","SEX_M","AGE_10YRBANDS_YGE65","2000",522.712,,,,"R1:3513"
"TUR","BA:622","EMP_TEMP_SEX_AGE_NB","SEX_F","AGE_10YRBANDS_YGE15","2000",5800.888,,,,"R1:3513"
"TUR","BA:622","EMP_TEMP_SEX_AGE_NB","SEX_F","AGE_10YRBANDS_Y15-24","2000",1605.597,,,,"R1:3513"
"TUR","BA:622","EMP_TEMP_SEX_AGE_NB","SEX_F","AGE_10YRBANDS_Y25-34","2000",1617.299,,,,"R1:3513"
"TUR","BA:622","EMP_TEMP_SEX_AGE_NB","SEX_F","AGE_10YRBANDS_Y35-44","2000",1188.105,,,,"R1:3513"
"TUR","BA:622","EMP_TEMP_SEX_AGE_NB","SEX_F","AGE_10YRBANDS_Y45-54","2000",728.823,,,,"R1:3513"
"TUR","BA:622","EMP_TEMP_SEX_AGE_NB","SEX_F","AGE_10YRBANDS_Y55-64","2000",439.05,,,,"R1:3513"
"TUR","BA:622","EMP_TEMP_SEX_AGE_NB","SEX_F","AGE_10YRBANDS_YGE65","2000",222.015,,,,"R1:3513"
"TUR","BA:622","EMP_TEMP_SEX_AGE_NB","SEX_T","AGE_5YRBANDS_YGE15","2000",21580.824,,,,"R1:3513"
"TUR","BA:622","EMP_TEMP_SEX_AGE_NB","SEX_T","AGE_5YRBANDS_Y15-19","2000",2061.306,,,,"R1:3513"
"TUR","BA:622","EMP_TEMP_SEX_AGE_NB","SEX_T","AGE_5YRBANDS_Y20-24","2000",2634.626,,,,"R1:3513"
"TUR","BA:622","EMP_TEMP_SEX_AGE_NB","SEX_T","AGE_5YRBANDS_Y25-29","2000",3538.691,,,,"R1:3513"
"TUR","BA:622","EMP_TEMP_SEX_AGE_NB","SEX_T","AGE_5YRBANDS_Y30-34","2000",3077.727,,,,"R1:3513"
"TUR","BA:622","EMP_TEMP_SEX_AGE_NB","SEX_T","AGE_5YRBANDS_Y35-39","2000",2737.17,,,,"R1:3513"
"TUR","BA:622","EMP_TEMP_SEX_AGE_NB","SEX_T","AGE_5YRBANDS_Y40-44","2000",2385.579,,,,"R1:3513"
"TUR","BA:622","EMP_TEMP_SEX_AGE_NB","SEX_T","AGE_5YRBANDS_Y45-49","2000",1781.966,,,,"R1:3513"
"TUR","BA:622","EMP_TEMP_SEX_AGE_NB","SEX_T","AGE_5YRBANDS_Y50-54","2000",1160.379,,,,"R1:3513"
"TUR","BA:622","EMP_TEMP_SEX_AGE_NB","SEX_T","AGE_5YRBANDS_Y55-59","2000",852.064,,,,"R1:3513"
"TUR","BA:622","EMP_TEMP_SEX_AGE_NB","SEX_T","AGE_5YRBANDS_Y60-64","2000",606.589,,,,"R1:3513"
"TUR","BA:622","EMP_TEMP_SEX_AGE_NB","SEX_T","AGE_5YRBANDS_YGE65","2000",744.726,,,,"R1:3513"
"TUR","BA:622","EMP_TEMP_SEX_AGE_NB","SEX_M","AGE_5YRBANDS_YGE15","2000",15779.935,,,,"R1:3513"
"TUR","BA:622","EMP_TEMP_SEX_AGE_NB","SEX_M","AGE_5YRBANDS_Y15-19","2000",1375.471,,,,"R1:3513"
"TUR","BA:622","EMP_TEMP_SEX_AGE_NB","SEX_M","AGE_5YRBANDS_Y20-24","2000",1714.864,,,,"R1:3513"
"TUR","BA:622","EMP_TEMP_SEX_AGE_NB","SEX_M","AGE_5YRBANDS_Y25-29","2000",2643.561,,,,"R1:3513"
"TUR","BA:622","EMP_TEMP_SEX_AGE_NB","SEX_M","AGE_5YRBANDS_Y30-34","2000",2355.558,,,,"R1:3513"
"TUR","BA:622","EMP_TEMP_SEX_AGE_NB","SEX_M","AGE_5YRBANDS_Y35-39","2000",2092.951,,,,"R1:3513"
"TUR","BA:622","EMP_TEMP_SEX_AGE_NB","SEX_M","AGE_5YRBANDS_Y40-44","2000",1841.693,,,,"R1:3513"
"TUR","BA:622","EMP_TEMP_SEX_AGE_NB","SEX_M","AGE_5YRBANDS_Y45-49","2000",1368.035,,,,"R1:3513"
"TUR","BA:622","EMP_TEMP_SEX_AGE_NB","SEX_M","AGE_5YRBANDS_Y50-54","2000",845.487,,,,"R1:3513"
"TUR","BA:622","EMP_TEMP_SEX_AGE_NB","SEX_M","AGE_5YRBANDS_Y55-59","2000",593.192,,,,"R1:3513"
"TUR","BA:622","EMP_TEMP_SEX_AGE_NB","SEX_M","AGE_5YRBANDS_Y60-64","2000",426.411,,,,"R1:3513"
"TUR","BA:622","EMP_TEMP_SEX_AGE_NB","SEX_M","AGE_5YRBANDS_YGE65","2000",522.712,,,,"R1:3513"
"TUR","BA:622","EMP_TEMP_SEX_AGE_NB","SEX_F","AGE_5YRBANDS_YGE15","2000",5800.888,,,,"R1:3513"
"TUR","BA:622","EMP_TEMP_SEX_AGE_NB","SEX_F","AGE_5YRBANDS_Y15-19","2000",685.835,,,,"R1:3513"
"TUR","BA:622","EMP_TEMP_SEX_AGE_NB","SEX_F","AGE_5YRBANDS_Y20-24","2000",919.762,,,,"R1:3513"
"TUR","BA:622","EMP_TEMP_SEX_AGE_NB","SEX_F","AGE_5YRBANDS_Y25-29","2000",895.13,,,,"R1:3513"
"TUR","BA:622","EMP_TEMP_SEX_AGE_NB","SEX_F","AGE_5YRBANDS_Y30-34","2000",722.169,,,,"R1:3513"
"TUR","BA:622","EMP_TEMP_SEX_AGE_NB","SEX_F","AGE_5YRBANDS_Y35-39","2000",644.219,,,,"R1:3513"
"TUR","BA:622","EMP_TEMP_SEX_AGE_NB","SEX_F","AGE_5YRBANDS_Y40-44","2000",543.886,,,,"R1:3513"
"TUR","BA:622","EMP_TEMP_SEX_AGE_NB","SEX_F","AGE_5YRBANDS_Y45-49","2000",413.931,,,,"R1:3513"
"TUR","BA:622","EMP_TEMP_SEX_AGE_NB","SEX_F","AGE_5YRBANDS_Y50-54","2000",314.892,,,,"R1:3513"
"TUR","BA:622","EMP_TEMP_SEX_AGE_NB","SEX_F","AGE_5YRBANDS_Y55-59","2000",258.872,,,,"R1:3513"
"TUR","BA:622","EMP_TEMP_SEX_AGE_NB","SEX_F","AGE_5YRBANDS_Y60-64","2000",180.178,,,,"R1:3513"
"TUR","BA:622","EMP_TEMP_SEX_AGE_NB","SEX_F","AGE_5YRBANDS_YGE65","2000",222.015,,,,"R1:3513"
"TUR","BA:622","EMP_TEMP_SEX_AGE_NB","SEX_T","AGE_YTHADULT_YGE15","1999",22048,,,,
"TUR","BA:622","EMP_TEMP_SEX_AGE_NB","SEX_M","AGE_YTHADULT_YGE15","1999",15713,,,,
"TUR","BA:622","EMP_TEMP_SEX_AGE_NB","SEX_F","AGE_YTHADULT_YGE15","1999",6334.5,,,,
"TUR","BA:622","EMP_TEMP_SEX_AGE_NB","SEX_T","AGE_YTHADULT_YGE15","1998",21778.5,,,,
"TUR","BA:622","EMP_TEMP_SEX_AGE_NB","SEX_M","AGE_YTHADULT_YGE15","1998",15686.5,,,,
"TUR","BA:622","EMP_TEMP_SEX_AGE_NB","SEX_F","AGE_YTHADULT_YGE15","1998",6091.5,,,,
"TUR","BA:622","EMP_TEMP_SEX_AGE_NB","SEX_T","AGE_YTHADULT_YGE15","1997",21204,,,,
"TUR","BA:622","EMP_TEMP_SEX_AGE_NB","SEX_M","AGE_YTHADULT_YGE15","1997",15399.5,,,,
"TUR","BA:622","EMP_TEMP_SEX_AGE_NB","SEX_F","AGE_YTHADULT_YGE15","1997",5804.5,,,,
"TUR","BA:622","EMP_TEMP_SEX_AGE_NB","SEX_T","AGE_YTHADULT_YGE15","1996",21194,,,,
"TUR","BA:622","EMP_TEMP_SEX_AGE_NB","SEX_M","AGE_YTHADULT_YGE15","1996",15067,,,,
"TUR","BA:622","EMP_TEMP_SEX_AGE_NB","SEX_F","AGE_YTHADULT_YGE15","1996",6127,,,,
"TUR","BA:622","EMP_TEMP_SEX_AGE_NB","SEX_T","AGE_YTHADULT_YGE15","1995",20586,,,,
"TUR","BA:622","EMP_TEMP_SEX_AGE_NB","SEX_M","AGE_YTHADULT_YGE15","1995",14628,,,,
"TUR","BA:622","EMP_TEMP_SEX_AGE_NB","SEX_F","AGE_YTHADULT_YGE15","1995",5957.5,,,,
"TUR","BA:622","EMP_TEMP_SEX_AGE_NB","SEX_T","AGE_YTHADULT_YGE15","1994",20006,,,,
"TUR","BA:622","EMP_TEMP_SEX_AGE_NB","SEX_M","AGE_YTHADULT_YGE15","1994",14191,,,,
"TUR","BA:622","EMP_TEMP_SEX_AGE_NB","SEX_F","AGE_YTHADULT_YGE15","1994",5815,,,,
"TUR","BA:622","EMP_TEMP_SEX_AGE_NB","SEX_T","AGE_YTHADULT_YGE15","1993",18499.5,,,,
"TUR","BA:622","EMP_TEMP_SEX_AGE_NB","SEX_M","AGE_YTHADULT_YGE15","1993",13722.5,,,,
"TUR","BA:622","EMP_TEMP_SEX_AGE_NB","SEX_F","AGE_YTHADULT_YGE15","1993",4777,,,,
"TUR","BA:622","EMP_TEMP_SEX_AGE_NB","SEX_T","AGE_YTHADULT_YGE15","1992",19459,,,,
"TUR","BA:622","EMP_TEMP_SEX_AGE_NB","SEX_M","AGE_YTHADULT_YGE15","1992",13681.5,,,,
"TUR","BA:622","EMP_TEMP_SEX_AGE_NB","SEX_F","AGE_YTHADULT_YGE15","1992",5777.5,,,,
"TUR","BA:622","EMP_TEMP_SEX_AGE_NB","SEX_T","AGE_YTHADULT_YGE15","1991",19287.5,,,,
"TUR","BA:622","EMP_TEMP_SEX_AGE_NB","SEX_M","AGE_YTHADULT_YGE15","1991",13394.5,,,,
"TUR","BA:622","EMP_TEMP_SEX_AGE_NB","SEX_F","AGE_YTHADULT_YGE15","1991",5893,,,,
"TUR","BA:622","EMP_TEMP_SEX_AGE_NB","SEX_T","AGE_YTHADULT_YGE15","1990",18541.5,,,,"R1:2382"
"TUR","BA:622","EMP_TEMP_SEX_AGE_NB","SEX_T","AGE_YTHADULT_Y15-64","1990",18033,,,,"R1:2382"
"TUR","BA:622","EMP_TEMP_SEX_AGE_NB","SEX_T","AGE_YTHADULT_Y15-24","1990",4645,,,,"R1:2382"
"TUR","BA:622","EMP_TEMP_SEX_AGE_NB","SEX_T","AGE_YTHADULT_YGE25","1990",13896.5,,,,"R1:2382"
"TUR","BA:622","EMP_TEMP_SEX_AGE_NB","SEX_M","AGE_YTHADULT_YGE15","1990",12902,,,,"R1:2382"
"TUR","BA:622","EMP_TEMP_SEX_AGE_NB","SEX_M","AGE_YTHADULT_Y15-64","1990",12509,,,,"R1:2382"
"TUR","BA:622","EMP_TEMP_SEX_AGE_NB","SEX_M","AGE_YTHADULT_Y15-24","1990",2852,,,,"R1:2382"
"TUR","BA:622","EMP_TEMP_SEX_AGE_NB","SEX_M","AGE_YTHADULT_YGE25","1990",10050,,,,"R1:2382"
"TUR","BA:622","EMP_TEMP_SEX_AGE_NB","SEX_F","AGE_YTHADULT_YGE15","1990",5639.5,,,,"R1:2382"
"TUR","BA:622","EMP_TEMP_SEX_AGE_NB","SEX_F","AGE_YTHADULT_Y15-64","1990",5524,,,,"R1:2382"
"TUR","BA:622","EMP_TEMP_SEX_AGE_NB","SEX_F","AGE_YTHADULT_Y15-24","1990",1793,,,,"R1:2382"
"TUR","BA:622","EMP_TEMP_SEX_AGE_NB","SEX_F","AGE_YTHADULT_YGE25","1990",3846.5,,,,"R1:2382"
"TUR","BA:622","EMP_TEMP_SEX_AGE_NB","SEX_T","AGE_AGGREGATE_YGE15","1990",18541.5,,,,"R1:2382"
"TUR","BA:622","EMP_TEMP_SEX_AGE_NB","SEX_T","AGE_AGGREGATE_Y15-24","1990",4645,,,,"R1:2382"
"TUR","BA:622","EMP_TEMP_SEX_AGE_NB","SEX_T","AGE_AGGREGATE_Y25-54","1990",11687,,,,"R1:2382"
"TUR","BA:622","EMP_TEMP_SEX_AGE_NB","SEX_T","AGE_AGGREGATE_Y55-64","1990",1701,,,,"R1:2382"
"TUR","BA:622","EMP_TEMP_SEX_AGE_NB","SEX_T","AGE_AGGREGATE_YGE65","1990",508.5,,,,"R1:2382"
"TUR","BA:622","EMP_TEMP_SEX_AGE_NB","SEX_M","AGE_AGGREGATE_YGE15","1990",12902,,,,"R1:2382"
"TUR","BA:622","EMP_TEMP_SEX_AGE_NB","SEX_M","AGE_AGGREGATE_Y15-24","1990",2852,,,,"R1:2382"
"TUR","BA:622","EMP_TEMP_SEX_AGE_NB","SEX_M","AGE_AGGREGATE_Y25-54","1990",8476,,,,"R1:2382"
"TUR","BA:622","EMP_TEMP_SEX_AGE_NB","SEX_M","AGE_AGGREGATE_Y55-64","1990",1181,,,,"R1:2382"
"TUR","BA:622","EMP_TEMP_SEX_AGE_NB","SEX_M","AGE_AGGREGATE_YGE65","1990",393,,,,"R1:2382"
"TUR","BA:622","EMP_TEMP_SEX_AGE_NB","SEX_F","AGE_AGGREGATE_YGE15","1990",5639.5,,,,"R1:2382"
"TUR","BA:622","EMP_TEMP_SEX_AGE_NB","SEX_F","AGE_AGGREGATE_Y15-24","1990",1793,,,,"R1:2382"
"TUR","BA:622","EMP_TEMP_SEX_AGE_NB","SEX_F","AGE_AGGREGATE_Y25-54","1990",3211,,,,"R1:2382"
"TUR","BA:622","EMP_TEMP_SEX_AGE_NB","SEX_F","AGE_AGGREGATE_Y55-64","1990",520,,,,"R1:2382"
"TUR","BA:622","EMP_TEMP_SEX_AGE_NB","SEX_F","AGE_AGGREGATE_YGE65","1990",115.5,,,,"R1:2382"
"TUR","BA:622","EMP_TEMP_SEX_AGE_NB","SEX_T","AGE_10YRBANDS_YGE15","1990",18541.5,,,,"R1:2382"
"TUR","BA:622","EMP_TEMP_SEX_AGE_NB","SEX_T","AGE_10YRBANDS_Y15-24","1990",4645,,,,"R1:2382"
"TUR","BA:622","EMP_TEMP_SEX_AGE_NB","SEX_T","AGE_10YRBANDS_Y25-34","1990",4968,,,,"R1:2382"
"TUR","BA:622","EMP_TEMP_SEX_AGE_NB","SEX_T","AGE_10YRBANDS_Y35-44","1990",4090,,,,"R1:2382"
"TUR","BA:622","EMP_TEMP_SEX_AGE_NB","SEX_T","AGE_10YRBANDS_Y45-54","1990",2629,,,,"R1:2382"
"TUR","BA:622","EMP_TEMP_SEX_AGE_NB","SEX_T","AGE_10YRBANDS_Y55-64","1990",1701,,,,"R1:2382"
"TUR","BA:622","EMP_TEMP_SEX_AGE_NB","SEX_T","AGE_10YRBANDS_YGE65","1990",508.5,,,,"R1:2382"
"TUR","BA:622","EMP_TEMP_SEX_AGE_NB","SEX_M","AGE_10YRBANDS_YGE15","1990",12902,,,,"R1:2382"
"TUR","BA:622","EMP_TEMP_SEX_AGE_NB","SEX_M","AGE_10YRBANDS_Y15-24","1990",2852,,,,"R1:2382"
"TUR","BA:622","EMP_TEMP_SEX_AGE_NB","SEX_M","AGE_10YRBANDS_Y25-34","1990",3635,,,,"R1:2382"
"TUR","BA:622","EMP_TEMP_SEX_AGE_NB","SEX_M","AGE_10YRBANDS_Y35-44","1990",2999,,,,"R1:2382"
"TUR","BA:622","EMP_TEMP_SEX_AGE_NB","SEX_M","AGE_10YRBANDS_Y45-54","1990",1842,,,,"R1:2382"
"TUR","BA:622","EMP_TEMP_SEX_AGE_NB","SEX_M","AGE_10YRBANDS_Y55-64","1990",1181,,,,"R1:2382"
"TUR","BA:622","EMP_TEMP_SEX_AGE_NB","SEX_M","AGE_10YRBANDS_YGE65","1990",393,,,,"R1:2382"
"TUR","BA:622","EMP_TEMP_SEX_AGE_NB","SEX_F","AGE_10YRBANDS_YGE15","1990",5639.5,,,,"R1:2382"
"TUR","BA:622","EMP_TEMP_SEX_AGE_NB","SEX_F","AGE_10YRBANDS_Y15-24","1990",1793,,,,"R1:2382"
"TUR","BA:622","EMP_TEMP_SEX_AGE_NB","SEX_F","AGE_10YRBANDS_Y25-34","1990",1333,,,,"R1:2382"
"TUR","BA:622","EMP_TEMP_SEX_AGE_NB","SEX_F","AGE_10YRBANDS_Y35-44","1990",1091,,,,"R1:2382"
"TUR","BA:622","EMP_TEMP_SEX_AGE_NB","SEX_F","AGE_10YRBANDS_Y45-54","1990",787,,,,"R1:2382"
"TUR","BA:622","EMP_TEMP_SEX_AGE_NB","SEX_F","AGE_10YRBANDS_Y55-64","1990",520,,,,"R1:2382"
"TUR","BA:622","EMP_TEMP_SEX_AGE_NB","SEX_F","AGE_10YRBANDS_YGE65","1990",115.5,,,,"R1:2382"
"TUR","BA:622","EMP_TEMP_SEX_AGE_NB","SEX_T","AGE_5YRBANDS_YGE15","1990",18541.5,,,,"R1:2382"
"TUR","BA:622","EMP_TEMP_SEX_AGE_NB","SEX_T","AGE_5YRBANDS_Y15-19","1990",2502,,,,"R1:2382"
"TUR","BA:622","EMP_TEMP_SEX_AGE_NB","SEX_T","AGE_5YRBANDS_Y20-24","1990",2143,,,,"R1:2382"
"TUR","BA:622","EMP_TEMP_SEX_AGE_NB","SEX_T","AGE_5YRBANDS_Y25-29","1990",2573,,,,"R1:2382"
"TUR","BA:622","EMP_TEMP_SEX_AGE_NB","SEX_T","AGE_5YRBANDS_Y30-34","1990",2395,,,,"R1:2382"
"TUR","BA:622","EMP_TEMP_SEX_AGE_NB","SEX_T","AGE_5YRBANDS_Y35-39","1990",2307,,,,"R1:2382"
"TUR","BA:622","EMP_TEMP_SEX_AGE_NB","SEX_T","AGE_5YRBANDS_Y40-44","1990",1783,,,,"R1:2382"
"TUR","BA:622","EMP_TEMP_SEX_AGE_NB","SEX_T","AGE_5YRBANDS_Y45-49","1990",1402,,,,"R1:2382"
"TUR","BA:622","EMP_TEMP_SEX_AGE_NB","SEX_T","AGE_5YRBANDS_Y50-54","1990",1227,,,,"R1:2382"
"TUR","BA:622","EMP_TEMP_SEX_AGE_NB","SEX_T","AGE_5YRBANDS_Y55-59","1990",1013,,,,"R1:2382"
"TUR","BA:622","EMP_TEMP_SEX_AGE_NB","SEX_T","AGE_5YRBANDS_Y60-64","1990",688,,,,"R1:2382"
"TUR","BA:622","EMP_TEMP_SEX_AGE_NB","SEX_T","AGE_5YRBANDS_YGE65","1990",508.5,,,,"R1:2382"
"TUR","BA:622","EMP_TEMP_SEX_AGE_NB","SEX_M","AGE_5YRBANDS_YGE15","1990",12902,,,,"R1:2382"
"TUR","BA:622","EMP_TEMP_SEX_AGE_NB","SEX_M","AGE_5YRBANDS_Y15-19","1990",1515,,,,"R1:2382"
"TUR","BA:622","EMP_TEMP_SEX_AGE_NB","SEX_M","AGE_5YRBANDS_Y20-24","1990",1337,,,,"R1:2382"
"TUR","BA:622","EMP_TEMP_SEX_AGE_NB","SEX_M","AGE_5YRBANDS_Y25-29","1990",1884,,,,"R1:2382"
"TUR","BA:622","EMP_TEMP_SEX_AGE_NB","SEX_M","AGE_5YRBANDS_Y30-34","1990",1751,,,,"R1:2382"
"TUR","BA:622","EMP_TEMP_SEX_AGE_NB","SEX_M","AGE_5YRBANDS_Y35-39","1990",1691,,,,"R1:2382"
"TUR","BA:622","EMP_TEMP_SEX_AGE_NB","SEX_M","AGE_5YRBANDS_Y40-44","1990",1308,,,,"R1:2382"
"TUR","BA:622","EMP_TEMP_SEX_AGE_NB","SEX_M","AGE_5YRBANDS_Y45-49","1990",1003,,,,"R1:2382"
"TUR","BA:622","EMP_TEMP_SEX_AGE_NB","SEX_M","AGE_5YRBANDS_Y50-54","1990",839,,,,"R1:2382"
"TUR","BA:622","EMP_TEMP_SEX_AGE_NB","SEX_M","AGE_5YRBANDS_Y55-59","1990",688,,,,"R1:2382"
"TUR","BA:622","EMP_TEMP_SEX_AGE_NB","SEX_M","AGE_5YRBANDS_Y60-64","1990",493,,,,"R1:2382"
"TUR","BA:622","EMP_TEMP_SEX_AGE_NB","SEX_M","AGE_5YRBANDS_YGE65","1990",393,,,,"R1:2382"
"TUR","BA:622","EMP_TEMP_SEX_AGE_NB","SEX_F","AGE_5YRBANDS_YGE15","1990",5639.5,,,,"R1:2382"
"TUR","BA:622","EMP_TEMP_SEX_AGE_NB","SEX_F","AGE_5YRBANDS_Y15-19","1990",987,,,,"R1:2382"
"TUR","BA:622","EMP_TEMP_SEX_AGE_NB","SEX_F","AGE_5YRBANDS_Y20-24","1990",806,,,,"R1:2382"
"TUR","BA:622","EMP_TEMP_SEX_AGE_NB","SEX_F","AGE_5YRBANDS_Y25-29","1990",689,,,,"R1:2382"
"TUR","BA:622","EMP_TEMP_SEX_AGE_NB","SEX_F","AGE_5YRBANDS_Y30-34","1990",644,,,,"R1:2382"
"TUR","BA:622","EMP_TEMP_SEX_AGE_NB","SEX_F","AGE_5YRBANDS_Y35-39","1990",616,,,,"R1:2382"
"TUR","BA:622","EMP_TEMP_SEX_AGE_NB","SEX_F","AGE_5YRBANDS_Y40-44","1990",475,,,,"R1:2382"
"TUR","BA:622","EMP_TEMP_SEX_AGE_NB","SEX_F","AGE_5YRBANDS_Y45-49","1990",399,,,,"R1:2382"
"TUR","BA:622","EMP_TEMP_SEX_AGE_NB","SEX_F","AGE_5YRBANDS_Y50-54","1990",388,,,,"R1:2382"
"TUR","BA:622","EMP_TEMP_SEX_AGE_NB","SEX_F","AGE_5YRBANDS_Y55-59","1990",325,,,,"R1:2382"
"TUR","BA:622","EMP_TEMP_SEX_AGE_NB","SEX_F","AGE_5YRBANDS_Y60-64","1990",195,,,,"R1:2382"
"TUR","BA:622","EMP_TEMP_SEX_AGE_NB","SEX_F","AGE_5YRBANDS_YGE65","1990",115.5,,,,"R1:2382"
